case,noise_profile,band_count,spacing_factor,band_position,center_um,fwhm_um
mare_resources,optimistic,4,1.0,1,0.6600000000000003,0.01
mare_resources,optimistic,4,1.0,2,0.9600000000000005,0.01
mare_resources,optimistic,4,1.0,3,2.720000000000002,0.01
mare_resources,optimistic,4,1.0,4,12.840000000000012,0.25258823529411795
mare_resources,optimistic,4,2.0,1,0.6600000000000003,0.01
mare_resources,optimistic,4,2.0,2,0.9600000000000005,0.01
mare_resources,optimistic,4,2.0,3,2.720000000000002,0.01
mare_resources,optimistic,4,2.0,4,12.840000000000012,0.25258823529411795
mare_resources,optimistic,4,4.0,1,0.6600000000000003,0.01
mare_resources,optimistic,4,4.0,2,0.9600000000000005,0.01
mare_resources,optimistic,4,4.0,3,2.720000000000002,0.01
mare_resources,optimistic,4,4.0,4,12.840000000000012,0.25258823529411795
mare_resources,optimistic,5,1.0,1,0.5800000000000002,0.01
mare_resources,optimistic,5,1.0,2,0.6600000000000003,0.01
mare_resources,optimistic,5,1.0,3,0.9600000000000005,0.01
mare_resources,optimistic,5,1.0,4,2.720000000000002,0.01
mare_resources,optimistic,5,1.0,5,12.840000000000012,0.25258823529411795
mare_resources,optimistic,5,2.0,1,0.5800000000000002,0.01
mare_resources,optimistic,5,2.0,2,0.6600000000000003,0.01
mare_resources,optimistic,5,2.0,3,0.9600000000000005,0.01
mare_resources,optimistic,5,2.0,4,2.720000000000002,0.01
mare_resources,optimistic,5,2.0,5,12.840000000000012,0.25258823529411795
mare_resources,optimistic,5,4.0,1,0.5800000000000002,0.01
mare_resources,optimistic,5,4.0,2,0.6600000000000003,0.01
mare_resources,optimistic,5,4.0,3,0.9600000000000005,0.01
mare_resources,optimistic,5,4.0,4,2.720000000000002,0.01
mare_resources,optimistic,5,4.0,5,12.840000000000012,0.25258823529411795
mare_resources,optimistic,6,1.0,1,0.5800000000000002,0.01
mare_resources,optimistic,6,1.0,2,0.6600000000000003,0.01
mare_resources,optimistic,6,1.0,3,0.9600000000000005,0.01
mare_resources,optimistic,6,1.0,4,2.720000000000002,0.01
mare_resources,optimistic,6,1.0,5,12.58000000000001,0.24723529411764733
mare_resources,optimistic,6,1.0,6,12.840000000000012,0.25258823529411795
mare_resources,optimistic,6,2.0,1,0.5800000000000002,0.01
mare_resources,optimistic,6,2.0,2,0.6600000000000003,0.01
mare_resources,optimistic,6,2.0,3,0.9600000000000005,0.01
mare_resources,optimistic,6,2.0,4,2.720000000000002,0.01
mare_resources,optimistic,6,2.0,5,2.780000000000002,0.01
mare_resources,optimistic,6,2.0,6,12.840000000000012,0.25258823529411795
mare_resources,optimistic,6,4.0,1,0.5800000000000002,0.01
mare_resources,optimistic,6,4.0,2,0.6600000000000003,0.01
mare_resources,optimistic,6,4.0,3,0.9600000000000005,0.01
mare_resources,optimistic,6,4.0,4,2.720000000000002,0.01
mare_resources,optimistic,6,4.0,5,2.780000000000002,0.01
mare_resources,optimistic,6,4.0,6,12.840000000000012,0.25258823529411795
mare_resources,optimistic,8,1.0,1,0.5800000000000002,0.01
mare_resources,optimistic,8,1.0,2,0.6000000000000002,0.01
mare_resources,optimistic,8,1.0,3,0.6600000000000003,0.01
mare_resources,optimistic,8,1.0,4,0.9600000000000005,0.01
mare_resources,optimistic,8,1.0,5,2.720000000000002,0.01
mare_resources,optimistic,8,1.0,6,2.780000000000002,0.01
mare_resources,optimistic,8,1.0,7,12.58000000000001,0.24723529411764733
mare_resources,optimistic,8,1.0,8,12.840000000000012,0.25258823529411795
mare_resources,optimistic,8,2.0,1,0.5800000000000002,0.01
mare_resources,optimistic,8,2.0,2,0.6000000000000002,0.01
mare_resources,optimistic,8,2.0,3,0.6600000000000003,0.01
mare_resources,optimistic,8,2.0,4,0.9600000000000005,0.01
mare_resources,optimistic,8,2.0,5,2.720000000000002,0.01
mare_resources,optimistic,8,2.0,6,2.780000000000002,0.01
mare_resources,optimistic,8,2.0,7,12.34000000000001,0.24229411764705905
mare_resources,optimistic,8,2.0,8,12.840000000000012,0.25258823529411795
mare_resources,optimistic,8,4.0,1,0.5800000000000002,0.01
mare_resources,optimistic,8,4.0,2,0.6200000000000002,0.01
mare_resources,optimistic,8,4.0,3,0.6600000000000003,0.01
mare_resources,optimistic,8,4.0,4,0.9600000000000005,0.01
mare_resources,optimistic,8,4.0,5,2.720000000000002,0.01
mare_resources,optimistic,8,4.0,6,2.780000000000002,0.01
mare_resources,optimistic,8,4.0,7,11.86000000000001,0.2324117647058826
mare_resources,optimistic,8,4.0,8,12.840000000000012,0.25258823529411795
mare_resources,optimistic,10,1.0,1,0.5800000000000002,0.01
mare_resources,optimistic,10,1.0,2,0.6000000000000002,0.01
mare_resources,optimistic,10,1.0,3,0.6600000000000003,0.01
mare_resources,optimistic,10,1.0,4,0.9600000000000005,0.01
mare_resources,optimistic,10,1.0,5,2.720000000000002,0.01
mare_resources,optimistic,10,1.0,6,2.760000000000002,0.01
mare_resources,optimistic,10,1.0,7,2.780000000000002,0.01
mare_resources,optimistic,10,1.0,8,12.58000000000001,0.24723529411764733
mare_resources,optimistic,10,1.0,9,12.840000000000012,0.25258823529411795
mare_resources,optimistic,10,1.0,10,13.100000000000012,0.2579411764705885
mare_resources,optimistic,10,2.0,1,0.5800000000000002,0.01
mare_resources,optimistic,10,2.0,2,0.6000000000000002,0.01
mare_resources,optimistic,10,2.0,3,0.6600000000000003,0.01
mare_resources,optimistic,10,2.0,4,0.9600000000000005,0.01
mare_resources,optimistic,10,2.0,5,2.720000000000002,0.01
mare_resources,optimistic,10,2.0,6,2.760000000000002,0.01
mare_resources,optimistic,10,2.0,7,2.780000000000002,0.01
mare_resources,optimistic,10,2.0,8,11.86000000000001,0.2324117647058826
mare_resources,optimistic,10,2.0,9,12.34000000000001,0.24229411764705905
mare_resources,optimistic,10,2.0,10,12.840000000000012,0.25258823529411795
mare_resources,optimistic,10,4.0,1,0.5800000000000002,0.01
mare_resources,optimistic,10,4.0,2,0.6200000000000002,0.01
mare_resources,optimistic,10,4.0,3,0.6600000000000003,0.01
mare_resources,optimistic,10,4.0,4,0.9600000000000005,0.01
mare_resources,optimistic,10,4.0,5,2.720000000000002,0.01
mare_resources,optimistic,10,4.0,6,2.780000000000002,0.01
mare_resources,optimistic,10,4.0,7,2.920000000000002,0.01
mare_resources,optimistic,10,4.0,8,6.140000000000006,0.11464705882352955
mare_resources,optimistic,10,4.0,9,11.86000000000001,0.2324117647058826
mare_resources,optimistic,10,4.0,10,12.840000000000012,0.25258823529411795
mare_resources,optimistic,12,1.0,1,0.5600000000000002,0.01
mare_resources,optimistic,12,1.0,2,0.5800000000000002,0.01
mare_resources,optimistic,12,1.0,3,0.6000000000000002,0.01
mare_resources,optimistic,12,1.0,4,0.6600000000000003,0.01
mare_resources,optimistic,12,1.0,5,0.9600000000000005,0.01
mare_resources,optimistic,12,1.0,6,2.720000000000002,0.01
mare_resources,optimistic,12,1.0,7,2.740000000000002,0.01
mare_resources,optimistic,12,1.0,8,2.760000000000002,0.01
mare_resources,optimistic,12,1.0,9,2.780000000000002,0.01
mare_resources,optimistic,12,1.0,10,12.58000000000001,0.24723529411764733
mare_resources,optimistic,12,1.0,11,12.840000000000012,0.25258823529411795
mare_resources,optimistic,12,1.0,12,13.100000000000012,0.2579411764705885
mare_resources,optimistic,12,2.0,1,0.5800000000000002,0.01
mare_resources,optimistic,12,2.0,2,0.6000000000000002,0.01
mare_resources,optimistic,12,2.0,3,0.6400000000000002,0.01
mare_resources,optimistic,12,2.0,4,0.6600000000000003,0.01
mare_resources,optimistic,12,2.0,5,0.9600000000000005,0.01
mare_resources,optimistic,12,2.0,6,2.720000000000002,0.01
mare_resources,optimistic,12,2.0,7,2.760000000000002,0.01
mare_resources,optimistic,12,2.0,8,2.780000000000002,0.01
mare_resources,optimistic,12,2.0,9,6.140000000000006,0.11464705882352955
mare_resources,optimistic,12,2.0,10,11.86000000000001,0.2324117647058826
mare_resources,optimistic,12,2.0,11,12.34000000000001,0.24229411764705905
mare_resources,optimistic,12,2.0,12,12.840000000000012,0.25258823529411795
mare_resources,optimistic,12,4.0,1,0.5400000000000001,0.01
mare_resources,optimistic,12,4.0,2,0.5800000000000002,0.01
mare_resources,optimistic,12,4.0,3,0.6200000000000002,0.01
mare_resources,optimistic,12,4.0,4,0.6600000000000003,0.01
mare_resources,optimistic,12,4.0,5,0.9600000000000005,0.01
mare_resources,optimistic,12,4.0,6,2.720000000000002,0.01
mare_resources,optimistic,12,4.0,7,2.780000000000002,0.01
mare_resources,optimistic,12,4.0,8,2.920000000000002,0.01
mare_resources,optimistic,12,4.0,9,2.960000000000002,0.01
mare_resources,optimistic,12,4.0,10,6.140000000000006,0.11464705882352955
mare_resources,optimistic,12,4.0,11,11.86000000000001,0.2324117647058826
mare_resources,optimistic,12,4.0,12,12.840000000000012,0.25258823529411795
mare_resources,optimistic,16,1.0,1,0.5600000000000002,0.01
mare_resources,optimistic,16,1.0,2,0.5800000000000002,0.01
mare_resources,optimistic,16,1.0,3,0.6000000000000002,0.01
mare_resources,optimistic,16,1.0,4,0.6200000000000002,0.01
mare_resources,optimistic,16,1.0,5,0.6600000000000003,0.01
mare_resources,optimistic,16,1.0,6,0.9600000000000005,0.01
mare_resources,optimistic,16,1.0,7,0.9800000000000005,0.01
mare_resources,optimistic,16,1.0,8,2.720000000000002,0.01
mare_resources,optimistic,16,1.0,9,2.740000000000002,0.01
mare_resources,optimistic,16,1.0,10,2.760000000000002,0.01
mare_resources,optimistic,16,1.0,11,2.780000000000002,0.01
mare_resources,optimistic,16,1.0,12,2.920000000000002,0.01
mare_resources,optimistic,16,1.0,13,12.320000000000011,0.24188235294117671
mare_resources,optimistic,16,1.0,14,12.58000000000001,0.24723529411764733
mare_resources,optimistic,16,1.0,15,12.840000000000012,0.25258823529411795
mare_resources,optimistic,16,1.0,16,13.100000000000012,0.2579411764705885
mare_resources,optimistic,16,2.0,1,0.5600000000000002,0.01
mare_resources,optimistic,16,2.0,2,0.5800000000000002,0.01
mare_resources,optimistic,16,2.0,3,0.6000000000000002,0.01
mare_resources,optimistic,16,2.0,4,0.6400000000000002,0.01
mare_resources,optimistic,16,2.0,5,0.6600000000000003,0.01
mare_resources,optimistic,16,2.0,6,0.9600000000000005,0.01
mare_resources,optimistic,16,2.0,7,0.9800000000000005,0.01
mare_resources,optimistic,16,2.0,8,2.720000000000002,0.01
mare_resources,optimistic,16,2.0,9,2.740000000000002,0.01
mare_resources,optimistic,16,2.0,10,2.760000000000002,0.01
mare_resources,optimistic,16,2.0,11,2.780000000000002,0.01
mare_resources,optimistic,16,2.0,12,2.920000000000002,0.01
mare_resources,optimistic,16,2.0,13,6.140000000000006,0.11464705882352955
mare_resources,optimistic,16,2.0,14,11.86000000000001,0.2324117647058826
mare_resources,optimistic,16,2.0,15,12.34000000000001,0.24229411764705905
mare_resources,optimistic,16,2.0,16,12.840000000000012,0.25258823529411795
mare_resources,optimistic,16,4.0,1,0.5400000000000001,0.01
mare_resources,optimistic,16,4.0,2,0.5800000000000002,0.01
mare_resources,optimistic,16,4.0,3,0.6200000000000002,0.01
mare_resources,optimistic,16,4.0,4,0.6600000000000003,0.01
mare_resources,optimistic,16,4.0,5,0.7000000000000003,0.01
mare_resources,optimistic,16,4.0,6,0.9600000000000005,0.01
mare_resources,optimistic,16,4.0,7,1.0200000000000005,0.01
mare_resources,optimistic,16,4.0,8,2.720000000000002,0.01
mare_resources,optimistic,16,4.0,9,2.780000000000002,0.01
mare_resources,optimistic,16,4.0,10,2.880000000000002,0.01
mare_resources,optimistic,16,4.0,11,2.920000000000002,0.01
mare_resources,optimistic,16,4.0,12,2.960000000000002,0.01
mare_resources,optimistic,16,4.0,13,6.140000000000006,0.11464705882352955
mare_resources,optimistic,16,4.0,14,9.96000000000001,0.193294117647059
mare_resources,optimistic,16,4.0,15,11.86000000000001,0.2324117647058826
mare_resources,optimistic,16,4.0,16,12.840000000000012,0.25258823529411795
mare_resources,optimistic,20,1.0,1,0.5600000000000002,0.01
mare_resources,optimistic,20,1.0,2,0.5800000000000002,0.01
mare_resources,optimistic,20,1.0,3,0.6000000000000002,0.01
mare_resources,optimistic,20,1.0,4,0.6200000000000002,0.01
mare_resources,optimistic,20,1.0,5,0.6400000000000002,0.01
mare_resources,optimistic,20,1.0,6,0.6600000000000003,0.01
mare_resources,optimistic,20,1.0,7,0.9600000000000005,0.01
mare_resources,optimistic,20,1.0,8,0.9800000000000005,0.01
mare_resources,optimistic,20,1.0,9,2.720000000000002,0.01
mare_resources,optimistic,20,1.0,10,2.740000000000002,0.01
mare_resources,optimistic,20,1.0,11,2.760000000000002,0.01
mare_resources,optimistic,20,1.0,12,2.780000000000002,0.01
mare_resources,optimistic,20,1.0,13,2.920000000000002,0.01
mare_resources,optimistic,20,1.0,14,2.940000000000002,0.01
mare_resources,optimistic,20,1.0,15,6.140000000000006,0.11464705882352955
mare_resources,optimistic,20,1.0,16,12.08000000000001,0.2369411764705885
mare_resources,optimistic,20,1.0,17,12.320000000000011,0.24188235294117671
mare_resources,optimistic,20,1.0,18,12.58000000000001,0.24723529411764733
mare_resources,optimistic,20,1.0,19,12.840000000000012,0.25258823529411795
mare_resources,optimistic,20,1.0,20,13.100000000000012,0.2579411764705885
mare_resources,optimistic,20,2.0,1,0.5400000000000001,0.01
mare_resources,optimistic,20,2.0,2,0.5600000000000002,0.01
mare_resources,optimistic,20,2.0,3,0.5800000000000002,0.01
mare_resources,optimistic,20,2.0,4,0.6000000000000002,0.01
mare_resources,optimistic,20,2.0,5,0.6200000000000002,0.01
mare_resources,optimistic,20,2.0,6,0.6400000000000002,0.01
mare_resources,optimistic,20,2.0,7,0.6600000000000003,0.01
mare_resources,optimistic,20,2.0,8,0.9600000000000005,0.01
mare_resources,optimistic,20,2.0,9,0.9800000000000005,0.01
mare_resources,optimistic,20,2.0,10,2.720000000000002,0.01
mare_resources,optimistic,20,2.0,11,2.740000000000002,0.01
mare_resources,optimistic,20,2.0,12,2.760000000000002,0.01
mare_resources,optimistic,20,2.0,13,2.780000000000002,0.01
mare_resources,optimistic,20,2.0,14,2.920000000000002,0.01
mare_resources,optimistic,20,2.0,15,2.940000000000002,0.01
mare_resources,optimistic,20,2.0,16,6.140000000000006,0.11464705882352955
mare_resources,optimistic,20,2.0,17,11.86000000000001,0.2324117647058826
mare_resources,optimistic,20,2.0,18,12.34000000000001,0.24229411764705905
mare_resources,optimistic,20,2.0,19,12.840000000000012,0.25258823529411795
mare_resources,optimistic,20,2.0,20,13.360000000000012,0.26329411764705907
mare_resources,optimistic,20,4.0,1,0.5000000000000001,0.01
mare_resources,optimistic,20,4.0,2,0.5400000000000001,0.01
mare_resources,optimistic,20,4.0,3,0.5800000000000002,0.01
mare_resources,optimistic,20,4.0,4,0.6200000000000002,0.01
mare_resources,optimistic,20,4.0,5,0.6600000000000003,0.01
mare_resources,optimistic,20,4.0,6,0.7000000000000003,0.01
mare_resources,optimistic,20,4.0,7,0.9200000000000005,0.01
mare_resources,optimistic,20,4.0,8,0.9600000000000005,0.01
mare_resources,optimistic,20,4.0,9,1.0200000000000005,0.01
mare_resources,optimistic,20,4.0,10,2.720000000000002,0.01
mare_resources,optimistic,20,4.0,11,2.780000000000002,0.01
mare_resources,optimistic,20,4.0,12,2.820000000000002,0.01
mare_resources,optimistic,20,4.0,13,2.880000000000002,0.01
mare_resources,optimistic,20,4.0,14,2.920000000000002,0.01
mare_resources,optimistic,20,4.0,15,2.960000000000002,0.01
mare_resources,optimistic,20,4.0,16,6.140000000000006,0.11464705882352955
mare_resources,optimistic,20,4.0,17,9.96000000000001,0.193294117647059
mare_resources,optimistic,20,4.0,18,11.86000000000001,0.2324117647058826
mare_resources,optimistic,20,4.0,19,12.840000000000012,0.25258823529411795
mare_resources,optimistic,20,4.0,20,14.240000000000013,0.28141176470588264
mare_resources,reference,4,1.0,1,0.6600000000000003,0.01
mare_resources,reference,4,1.0,2,0.9600000000000005,0.01
mare_resources,reference,4,1.0,3,2.720000000000002,0.01
mare_resources,reference,4,1.0,4,12.840000000000012,0.25258823529411795
mare_resources,reference,4,2.0,1,0.6600000000000003,0.01
mare_resources,reference,4,2.0,2,0.9600000000000005,0.01
mare_resources,reference,4,2.0,3,2.720000000000002,0.01
mare_resources,reference,4,2.0,4,12.840000000000012,0.25258823529411795
mare_resources,reference,4,4.0,1,0.6600000000000003,0.01
mare_resources,reference,4,4.0,2,0.9600000000000005,0.01
mare_resources,reference,4,4.0,3,2.720000000000002,0.01
mare_resources,reference,4,4.0,4,12.840000000000012,0.25258823529411795
mare_resources,reference,5,1.0,1,0.5800000000000002,0.01
mare_resources,reference,5,1.0,2,0.6600000000000003,0.01
mare_resources,reference,5,1.0,3,0.9600000000000005,0.01
mare_resources,reference,5,1.0,4,2.720000000000002,0.01
mare_resources,reference,5,1.0,5,12.840000000000012,0.25258823529411795
mare_resources,reference,5,2.0,1,0.5800000000000002,0.01
mare_resources,reference,5,2.0,2,0.6600000000000003,0.01
mare_resources,reference,5,2.0,3,0.9600000000000005,0.01
mare_resources,reference,5,2.0,4,2.720000000000002,0.01
mare_resources,reference,5,2.0,5,12.840000000000012,0.25258823529411795
mare_resources,reference,5,4.0,1,0.5800000000000002,0.01
mare_resources,reference,5,4.0,2,0.6600000000000003,0.01
mare_resources,reference,5,4.0,3,0.9600000000000005,0.01
mare_resources,reference,5,4.0,4,2.720000000000002,0.01
mare_resources,reference,5,4.0,5,12.840000000000012,0.25258823529411795
mare_resources,reference,6,1.0,1,0.5800000000000002,0.01
mare_resources,reference,6,1.0,2,0.6600000000000003,0.01
mare_resources,reference,6,1.0,3,0.9600000000000005,0.01
mare_resources,reference,6,1.0,4,2.720000000000002,0.01
mare_resources,reference,6,1.0,5,12.58000000000001,0.24723529411764733
mare_resources,reference,6,1.0,6,12.840000000000012,0.25258823529411795
mare_resources,reference,6,2.0,1,0.5800000000000002,0.01
mare_resources,reference,6,2.0,2,0.6600000000000003,0.01
mare_resources,reference,6,2.0,3,0.9600000000000005,0.01
mare_resources,reference,6,2.0,4,2.720000000000002,0.01
mare_resources,reference,6,2.0,5,2.780000000000002,0.01
mare_resources,reference,6,2.0,6,12.840000000000012,0.25258823529411795
mare_resources,reference,6,4.0,1,0.5800000000000002,0.01
mare_resources,reference,6,4.0,2,0.6600000000000003,0.01
mare_resources,reference,6,4.0,3,0.9600000000000005,0.01
mare_resources,reference,6,4.0,4,2.720000000000002,0.01
mare_resources,reference,6,4.0,5,2.780000000000002,0.01
mare_resources,reference,6,4.0,6,12.840000000000012,0.25258823529411795
mare_resources,reference,8,1.0,1,0.5800000000000002,0.01
mare_resources,reference,8,1.0,2,0.6000000000000002,0.01
mare_resources,reference,8,1.0,3,0.6600000000000003,0.01
mare_resources,reference,8,1.0,4,0.9600000000000005,0.01
mare_resources,reference,8,1.0,5,2.720000000000002,0.01
mare_resources,reference,8,1.0,6,2.780000000000002,0.01
mare_resources,reference,8,1.0,7,12.58000000000001,0.24723529411764733
mare_resources,reference,8,1.0,8,12.840000000000012,0.25258823529411795
mare_resources,reference,8,2.0,1,0.5800000000000002,0.01
mare_resources,reference,8,2.0,2,0.6000000000000002,0.01
mare_resources,reference,8,2.0,3,0.6600000000000003,0.01
mare_resources,reference,8,2.0,4,0.9600000000000005,0.01
mare_resources,reference,8,2.0,5,2.720000000000002,0.01
mare_resources,reference,8,2.0,6,2.780000000000002,0.01
mare_resources,reference,8,2.0,7,12.34000000000001,0.24229411764705905
mare_resources,reference,8,2.0,8,12.840000000000012,0.25258823529411795
mare_resources,reference,8,4.0,1,0.5800000000000002,0.01
mare_resources,reference,8,4.0,2,0.6200000000000002,0.01
mare_resources,reference,8,4.0,3,0.6600000000000003,0.01
mare_resources,reference,8,4.0,4,0.9600000000000005,0.01
mare_resources,reference,8,4.0,5,2.720000000000002,0.01
mare_resources,reference,8,4.0,6,2.780000000000002,0.01
mare_resources,reference,8,4.0,7,11.86000000000001,0.2324117647058826
mare_resources,reference,8,4.0,8,12.840000000000012,0.25258823529411795
mare_resources,reference,10,1.0,1,0.5800000000000002,0.01
mare_resources,reference,10,1.0,2,0.6000000000000002,0.01
mare_resources,reference,10,1.0,3,0.6600000000000003,0.01
mare_resources,reference,10,1.0,4,0.9600000000000005,0.01
mare_resources,reference,10,1.0,5,2.720000000000002,0.01
mare_resources,reference,10,1.0,6,2.760000000000002,0.01
mare_resources,reference,10,1.0,7,2.780000000000002,0.01
mare_resources,reference,10,1.0,8,12.58000000000001,0.24723529411764733
mare_resources,reference,10,1.0,9,12.840000000000012,0.25258823529411795
mare_resources,reference,10,1.0,10,13.100000000000012,0.2579411764705885
mare_resources,reference,10,2.0,1,0.5800000000000002,0.01
mare_resources,reference,10,2.0,2,0.6000000000000002,0.01
mare_resources,reference,10,2.0,3,0.6600000000000003,0.01
mare_resources,reference,10,2.0,4,0.9600000000000005,0.01
mare_resources,reference,10,2.0,5,2.720000000000002,0.01
mare_resources,reference,10,2.0,6,2.760000000000002,0.01
mare_resources,reference,10,2.0,7,2.780000000000002,0.01
mare_resources,reference,10,2.0,8,11.86000000000001,0.2324117647058826
mare_resources,reference,10,2.0,9,12.34000000000001,0.24229411764705905
mare_resources,reference,10,2.0,10,12.840000000000012,0.25258823529411795
mare_resources,reference,10,4.0,1,0.5800000000000002,0.01
mare_resources,reference,10,4.0,2,0.6200000000000002,0.01
mare_resources,reference,10,4.0,3,0.6600000000000003,0.01
mare_resources,reference,10,4.0,4,0.9600000000000005,0.01
mare_resources,reference,10,4.0,5,2.720000000000002,0.01
mare_resources,reference,10,4.0,6,2.780000000000002,0.01
mare_resources,reference,10,4.0,7,2.920000000000002,0.01
mare_resources,reference,10,4.0,8,6.140000000000006,0.11464705882352955
mare_resources,reference,10,4.0,9,11.86000000000001,0.2324117647058826
mare_resources,reference,10,4.0,10,12.840000000000012,0.25258823529411795
mare_resources,reference,12,1.0,1,0.5600000000000002,0.01
mare_resources,reference,12,1.0,2,0.5800000000000002,0.01
mare_resources,reference,12,1.0,3,0.6000000000000002,0.01
mare_resources,reference,12,1.0,4,0.6600000000000003,0.01
mare_resources,reference,12,1.0,5,0.9600000000000005,0.01
mare_resources,reference,12,1.0,6,2.720000000000002,0.01
mare_resources,reference,12,1.0,7,2.740000000000002,0.01
mare_resources,reference,12,1.0,8,2.760000000000002,0.01
mare_resources,reference,12,1.0,9,2.780000000000002,0.01
mare_resources,reference,12,1.0,10,12.58000000000001,0.24723529411764733
mare_resources,reference,12,1.0,11,12.840000000000012,0.25258823529411795
mare_resources,reference,12,1.0,12,13.100000000000012,0.2579411764705885
mare_resources,reference,12,2.0,1,0.5800000000000002,0.01
mare_resources,reference,12,2.0,2,0.6000000000000002,0.01
mare_resources,reference,12,2.0,3,0.6400000000000002,0.01
mare_resources,reference,12,2.0,4,0.6600000000000003,0.01
mare_resources,reference,12,2.0,5,0.9600000000000005,0.01
mare_resources,reference,12,2.0,6,2.720000000000002,0.01
mare_resources,reference,12,2.0,7,2.760000000000002,0.01
mare_resources,reference,12,2.0,8,2.780000000000002,0.01
mare_resources,reference,12,2.0,9,6.140000000000006,0.11464705882352955
mare_resources,reference,12,2.0,10,11.86000000000001,0.2324117647058826
mare_resources,reference,12,2.0,11,12.34000000000001,0.24229411764705905
mare_resources,reference,12,2.0,12,12.840000000000012,0.25258823529411795
mare_resources,reference,12,4.0,1,0.5400000000000001,0.01
mare_resources,reference,12,4.0,2,0.5800000000000002,0.01
mare_resources,reference,12,4.0,3,0.6200000000000002,0.01
mare_resources,reference,12,4.0,4,0.6600000000000003,0.01
mare_resources,reference,12,4.0,5,0.9600000000000005,0.01
mare_resources,reference,12,4.0,6,2.720000000000002,0.01
mare_resources,reference,12,4.0,7,2.780000000000002,0.01
mare_resources,reference,12,4.0,8,2.920000000000002,0.01
mare_resources,reference,12,4.0,9,2.960000000000002,0.01
mare_resources,reference,12,4.0,10,6.140000000000006,0.11464705882352955
mare_resources,reference,12,4.0,11,11.86000000000001,0.2324117647058826
mare_resources,reference,12,4.0,12,12.840000000000012,0.25258823529411795
mare_resources,reference,16,1.0,1,0.5600000000000002,0.01
mare_resources,reference,16,1.0,2,0.5800000000000002,0.01
mare_resources,reference,16,1.0,3,0.6000000000000002,0.01
mare_resources,reference,16,1.0,4,0.6200000000000002,0.01
mare_resources,reference,16,1.0,5,0.6600000000000003,0.01
mare_resources,reference,16,1.0,6,0.9600000000000005,0.01
mare_resources,reference,16,1.0,7,0.9800000000000005,0.01
mare_resources,reference,16,1.0,8,2.720000000000002,0.01
mare_resources,reference,16,1.0,9,2.740000000000002,0.01
mare_resources,reference,16,1.0,10,2.760000000000002,0.01
mare_resources,reference,16,1.0,11,2.780000000000002,0.01
mare_resources,reference,16,1.0,12,2.920000000000002,0.01
mare_resources,reference,16,1.0,13,12.320000000000011,0.24188235294117671
mare_resources,reference,16,1.0,14,12.58000000000001,0.24723529411764733
mare_resources,reference,16,1.0,15,12.840000000000012,0.25258823529411795
mare_resources,reference,16,1.0,16,13.100000000000012,0.2579411764705885
mare_resources,reference,16,2.0,1,0.5600000000000002,0.01
mare_resources,reference,16,2.0,2,0.5800000000000002,0.01
mare_resources,reference,16,2.0,3,0.6000000000000002,0.01
mare_resources,reference,16,2.0,4,0.6400000000000002,0.01
mare_resources,reference,16,2.0,5,0.6600000000000003,0.01
mare_resources,reference,16,2.0,6,0.9600000000000005,0.01
mare_resources,reference,16,2.0,7,0.9800000000000005,0.01
mare_resources,reference,16,2.0,8,2.720000000000002,0.01
mare_resources,reference,16,2.0,9,2.740000000000002,0.01
mare_resources,reference,16,2.0,10,2.760000000000002,0.01
mare_resources,reference,16,2.0,11,2.780000000000002,0.01
mare_resources,reference,16,2.0,12,2.920000000000002,0.01
mare_resources,reference,16,2.0,13,6.140000000000006,0.11464705882352955
mare_resources,reference,16,2.0,14,11.86000000000001,0.2324117647058826
mare_resources,reference,16,2.0,15,12.34000000000001,0.24229411764705905
mare_resources,reference,16,2.0,16,12.840000000000012,0.25258823529411795
mare_resources,reference,16,4.0,1,0.5400000000000001,0.01
mare_resources,reference,16,4.0,2,0.5800000000000002,0.01
mare_resources,reference,16,4.0,3,0.6200000000000002,0.01
mare_resources,reference,16,4.0,4,0.6600000000000003,0.01
mare_resources,reference,16,4.0,5,0.7000000000000003,0.01
mare_resources,reference,16,4.0,6,0.9600000000000005,0.01
mare_resources,reference,16,4.0,7,1.0200000000000005,0.01
mare_resources,reference,16,4.0,8,2.720000000000002,0.01
mare_resources,reference,16,4.0,9,2.780000000000002,0.01
mare_resources,reference,16,4.0,10,2.880000000000002,0.01
mare_resources,reference,16,4.0,11,2.920000000000002,0.01
mare_resources,reference,16,4.0,12,2.960000000000002,0.01
mare_resources,reference,16,4.0,13,6.140000000000006,0.11464705882352955
mare_resources,reference,16,4.0,14,9.96000000000001,0.193294117647059
mare_resources,reference,16,4.0,15,11.86000000000001,0.2324117647058826
mare_resources,reference,16,4.0,16,12.840000000000012,0.25258823529411795
mare_resources,reference,20,1.0,1,0.5600000000000002,0.01
mare_resources,reference,20,1.0,2,0.5800000000000002,0.01
mare_resources,reference,20,1.0,3,0.6000000000000002,0.01
mare_resources,reference,20,1.0,4,0.6200000000000002,0.01
mare_resources,reference,20,1.0,5,0.6400000000000002,0.01
mare_resources,reference,20,1.0,6,0.6600000000000003,0.01
mare_resources,reference,20,1.0,7,0.9600000000000005,0.01
mare_resources,reference,20,1.0,8,0.9800000000000005,0.01
mare_resources,reference,20,1.0,9,2.720000000000002,0.01
mare_resources,reference,20,1.0,10,2.740000000000002,0.01
mare_resources,reference,20,1.0,11,2.760000000000002,0.01
mare_resources,reference,20,1.0,12,2.780000000000002,0.01
mare_resources,reference,20,1.0,13,2.920000000000002,0.01
mare_resources,reference,20,1.0,14,2.940000000000002,0.01
mare_resources,reference,20,1.0,15,6.140000000000006,0.11464705882352955
mare_resources,reference,20,1.0,16,12.08000000000001,0.2369411764705885
mare_resources,reference,20,1.0,17,12.320000000000011,0.24188235294117671
mare_resources,reference,20,1.0,18,12.58000000000001,0.24723529411764733
mare_resources,reference,20,1.0,19,12.840000000000012,0.25258823529411795
mare_resources,reference,20,1.0,20,13.100000000000012,0.2579411764705885
mare_resources,reference,20,2.0,1,0.5400000000000001,0.01
mare_resources,reference,20,2.0,2,0.5600000000000002,0.01
mare_resources,reference,20,2.0,3,0.5800000000000002,0.01
mare_resources,reference,20,2.0,4,0.6000000000000002,0.01
mare_resources,reference,20,2.0,5,0.6200000000000002,0.01
mare_resources,reference,20,2.0,6,0.6400000000000002,0.01
mare_resources,reference,20,2.0,7,0.6600000000000003,0.01
mare_resources,reference,20,2.0,8,0.9600000000000005,0.01
mare_resources,reference,20,2.0,9,0.9800000000000005,0.01
mare_resources,reference,20,2.0,10,2.720000000000002,0.01
mare_resources,reference,20,2.0,11,2.740000000000002,0.01
mare_resources,reference,20,2.0,12,2.760000000000002,0.01
mare_resources,reference,20,2.0,13,2.780000000000002,0.01
mare_resources,reference,20,2.0,14,2.920000000000002,0.01
mare_resources,reference,20,2.0,15,2.940000000000002,0.01
mare_resources,reference,20,2.0,16,6.140000000000006,0.11464705882352955
mare_resources,reference,20,2.0,17,11.86000000000001,0.2324117647058826
mare_resources,reference,20,2.0,18,12.34000000000001,0.24229411764705905
mare_resources,reference,20,2.0,19,12.840000000000012,0.25258823529411795
mare_resources,reference,20,2.0,20,13.360000000000012,0.26329411764705907
mare_resources,reference,20,4.0,1,0.5000000000000001,0.01
mare_resources,reference,20,4.0,2,0.5400000000000001,0.01
mare_resources,reference,20,4.0,3,0.5800000000000002,0.01
mare_resources,reference,20,4.0,4,0.6200000000000002,0.01
mare_resources,reference,20,4.0,5,0.6600000000000003,0.01
mare_resources,reference,20,4.0,6,0.7000000000000003,0.01
mare_resources,reference,20,4.0,7,0.9200000000000005,0.01
mare_resources,reference,20,4.0,8,0.9600000000000005,0.01
mare_resources,reference,20,4.0,9,1.0200000000000005,0.01
mare_resources,reference,20,4.0,10,2.720000000000002,0.01
mare_resources,reference,20,4.0,11,2.780000000000002,0.01
mare_resources,reference,20,4.0,12,2.820000000000002,0.01
mare_resources,reference,20,4.0,13,2.880000000000002,0.01
mare_resources,reference,20,4.0,14,2.920000000000002,0.01
mare_resources,reference,20,4.0,15,2.960000000000002,0.01
mare_resources,reference,20,4.0,16,6.140000000000006,0.11464705882352955
mare_resources,reference,20,4.0,17,9.96000000000001,0.193294117647059
mare_resources,reference,20,4.0,18,11.86000000000001,0.2324117647058826
mare_resources,reference,20,4.0,19,12.840000000000012,0.25258823529411795
mare_resources,reference,20,4.0,20,14.240000000000013,0.28141176470588264
mare_resources,stressed,4,1.0,1,0.6600000000000003,0.01
mare_resources,stressed,4,1.0,2,0.9600000000000005,0.01
mare_resources,stressed,4,1.0,3,2.720000000000002,0.01
mare_resources,stressed,4,1.0,4,12.840000000000012,0.25258823529411795
mare_resources,stressed,4,2.0,1,0.6600000000000003,0.01
mare_resources,stressed,4,2.0,2,0.9600000000000005,0.01
mare_resources,stressed,4,2.0,3,2.720000000000002,0.01
mare_resources,stressed,4,2.0,4,12.840000000000012,0.25258823529411795
mare_resources,stressed,4,4.0,1,0.6600000000000003,0.01
mare_resources,stressed,4,4.0,2,0.9600000000000005,0.01
mare_resources,stressed,4,4.0,3,2.720000000000002,0.01
mare_resources,stressed,4,4.0,4,12.840000000000012,0.25258823529411795
mare_resources,stressed,5,1.0,1,0.5800000000000002,0.01
mare_resources,stressed,5,1.0,2,0.6600000000000003,0.01
mare_resources,stressed,5,1.0,3,0.9600000000000005,0.01
mare_resources,stressed,5,1.0,4,2.720000000000002,0.01
mare_resources,stressed,5,1.0,5,12.840000000000012,0.25258823529411795
mare_resources,stressed,5,2.0,1,0.5800000000000002,0.01
mare_resources,stressed,5,2.0,2,0.6600000000000003,0.01
mare_resources,stressed,5,2.0,3,0.9600000000000005,0.01
mare_resources,stressed,5,2.0,4,2.720000000000002,0.01
mare_resources,stressed,5,2.0,5,12.840000000000012,0.25258823529411795
mare_resources,stressed,5,4.0,1,0.5800000000000002,0.01
mare_resources,stressed,5,4.0,2,0.6600000000000003,0.01
mare_resources,stressed,5,4.0,3,0.9600000000000005,0.01
mare_resources,stressed,5,4.0,4,2.720000000000002,0.01
mare_resources,stressed,5,4.0,5,12.840000000000012,0.25258823529411795
mare_resources,stressed,6,1.0,1,0.5800000000000002,0.01
mare_resources,stressed,6,1.0,2,0.6600000000000003,0.01
mare_resources,stressed,6,1.0,3,0.9600000000000005,0.01
mare_resources,stressed,6,1.0,4,2.720000000000002,0.01
mare_resources,stressed,6,1.0,5,12.58000000000001,0.24723529411764733
mare_resources,stressed,6,1.0,6,12.840000000000012,0.25258823529411795
mare_resources,stressed,6,2.0,1,0.5800000000000002,0.01
mare_resources,stressed,6,2.0,2,0.6600000000000003,0.01
mare_resources,stressed,6,2.0,3,0.9600000000000005,0.01
mare_resources,stressed,6,2.0,4,2.720000000000002,0.01
mare_resources,stressed,6,2.0,5,2.780000000000002,0.01
mare_resources,stressed,6,2.0,6,12.840000000000012,0.25258823529411795
mare_resources,stressed,6,4.0,1,0.5800000000000002,0.01
mare_resources,stressed,6,4.0,2,0.6600000000000003,0.01
mare_resources,stressed,6,4.0,3,0.9600000000000005,0.01
mare_resources,stressed,6,4.0,4,2.720000000000002,0.01
mare_resources,stressed,6,4.0,5,2.780000000000002,0.01
mare_resources,stressed,6,4.0,6,12.840000000000012,0.25258823529411795
mare_resources,stressed,8,1.0,1,0.5800000000000002,0.01
mare_resources,stressed,8,1.0,2,0.6000000000000002,0.01
mare_resources,stressed,8,1.0,3,0.6600000000000003,0.01
mare_resources,stressed,8,1.0,4,0.9600000000000005,0.01
mare_resources,stressed,8,1.0,5,2.720000000000002,0.01
mare_resources,stressed,8,1.0,6,2.780000000000002,0.01
mare_resources,stressed,8,1.0,7,12.58000000000001,0.24723529411764733
mare_resources,stressed,8,1.0,8,12.840000000000012,0.25258823529411795
mare_resources,stressed,8,2.0,1,0.5800000000000002,0.01
mare_resources,stressed,8,2.0,2,0.6000000000000002,0.01
mare_resources,stressed,8,2.0,3,0.6600000000000003,0.01
mare_resources,stressed,8,2.0,4,0.9600000000000005,0.01
mare_resources,stressed,8,2.0,5,2.720000000000002,0.01
mare_resources,stressed,8,2.0,6,2.780000000000002,0.01
mare_resources,stressed,8,2.0,7,12.34000000000001,0.24229411764705905
mare_resources,stressed,8,2.0,8,12.840000000000012,0.25258823529411795
mare_resources,stressed,8,4.0,1,0.5800000000000002,0.01
mare_resources,stressed,8,4.0,2,0.6200000000000002,0.01
mare_resources,stressed,8,4.0,3,0.6600000000000003,0.01
mare_resources,stressed,8,4.0,4,0.9600000000000005,0.01
mare_resources,stressed,8,4.0,5,2.720000000000002,0.01
mare_resources,stressed,8,4.0,6,2.780000000000002,0.01
mare_resources,stressed,8,4.0,7,11.86000000000001,0.2324117647058826
mare_resources,stressed,8,4.0,8,12.840000000000012,0.25258823529411795
mare_resources,stressed,10,1.0,1,0.5800000000000002,0.01
mare_resources,stressed,10,1.0,2,0.6000000000000002,0.01
mare_resources,stressed,10,1.0,3,0.6600000000000003,0.01
mare_resources,stressed,10,1.0,4,0.9600000000000005,0.01
mare_resources,stressed,10,1.0,5,2.720000000000002,0.01
mare_resources,stressed,10,1.0,6,2.760000000000002,0.01
mare_resources,stressed,10,1.0,7,2.780000000000002,0.01
mare_resources,stressed,10,1.0,8,12.58000000000001,0.24723529411764733
mare_resources,stressed,10,1.0,9,12.840000000000012,0.25258823529411795
mare_resources,stressed,10,1.0,10,13.100000000000012,0.2579411764705885
mare_resources,stressed,10,2.0,1,0.5800000000000002,0.01
mare_resources,stressed,10,2.0,2,0.6000000000000002,0.01
mare_resources,stressed,10,2.0,3,0.6600000000000003,0.01
mare_resources,stressed,10,2.0,4,0.9600000000000005,0.01
mare_resources,stressed,10,2.0,5,2.720000000000002,0.01
mare_resources,stressed,10,2.0,6,2.760000000000002,0.01
mare_resources,stressed,10,2.0,7,2.780000000000002,0.01
mare_resources,stressed,10,2.0,8,11.86000000000001,0.2324117647058826
mare_resources,stressed,10,2.0,9,12.34000000000001,0.24229411764705905
mare_resources,stressed,10,2.0,10,12.840000000000012,0.25258823529411795
mare_resources,stressed,10,4.0,1,0.5800000000000002,0.01
mare_resources,stressed,10,4.0,2,0.6200000000000002,0.01
mare_resources,stressed,10,4.0,3,0.6600000000000003,0.01
mare_resources,stressed,10,4.0,4,0.9600000000000005,0.01
mare_resources,stressed,10,4.0,5,2.720000000000002,0.01
mare_resources,stressed,10,4.0,6,2.780000000000002,0.01
mare_resources,stressed,10,4.0,7,2.920000000000002,0.01
mare_resources,stressed,10,4.0,8,6.140000000000006,0.11464705882352955
mare_resources,stressed,10,4.0,9,11.86000000000001,0.2324117647058826
mare_resources,stressed,10,4.0,10,12.840000000000012,0.25258823529411795
mare_resources,stressed,12,1.0,1,0.5600000000000002,0.01
mare_resources,stressed,12,1.0,2,0.5800000000000002,0.01
mare_resources,stressed,12,1.0,3,0.6000000000000002,0.01
mare_resources,stressed,12,1.0,4,0.6600000000000003,0.01
mare_resources,stressed,12,1.0,5,0.9600000000000005,0.01
mare_resources,stressed,12,1.0,6,2.720000000000002,0.01
mare_resources,stressed,12,1.0,7,2.740000000000002,0.01
mare_resources,stressed,12,1.0,8,2.760000000000002,0.01
mare_resources,stressed,12,1.0,9,2.780000000000002,0.01
mare_resources,stressed,12,1.0,10,12.58000000000001,0.24723529411764733
mare_resources,stressed,12,1.0,11,12.840000000000012,0.25258823529411795
mare_resources,stressed,12,1.0,12,13.100000000000012,0.2579411764705885
mare_resources,stressed,12,2.0,1,0.5800000000000002,0.01
mare_resources,stressed,12,2.0,2,0.6000000000000002,0.01
mare_resources,stressed,12,2.0,3,0.6400000000000002,0.01
mare_resources,stressed,12,2.0,4,0.6600000000000003,0.01
mare_resources,stressed,12,2.0,5,0.9600000000000005,0.01
mare_resources,stressed,12,2.0,6,2.720000000000002,0.01
mare_resources,stressed,12,2.0,7,2.760000000000002,0.01
mare_resources,stressed,12,2.0,8,2.780000000000002,0.01
mare_resources,stressed,12,2.0,9,6.140000000000006,0.11464705882352955
mare_resources,stressed,12,2.0,10,11.86000000000001,0.2324117647058826
mare_resources,stressed,12,2.0,11,12.34000000000001,0.24229411764705905
mare_resources,stressed,12,2.0,12,12.840000000000012,0.25258823529411795
mare_resources,stressed,12,4.0,1,0.5400000000000001,0.01
mare_resources,stressed,12,4.0,2,0.5800000000000002,0.01
mare_resources,stressed,12,4.0,3,0.6200000000000002,0.01
mare_resources,stressed,12,4.0,4,0.6600000000000003,0.01
mare_resources,stressed,12,4.0,5,0.9600000000000005,0.01
mare_resources,stressed,12,4.0,6,2.720000000000002,0.01
mare_resources,stressed,12,4.0,7,2.780000000000002,0.01
mare_resources,stressed,12,4.0,8,2.920000000000002,0.01
mare_resources,stressed,12,4.0,9,2.960000000000002,0.01
mare_resources,stressed,12,4.0,10,6.140000000000006,0.11464705882352955
mare_resources,stressed,12,4.0,11,11.86000000000001,0.2324117647058826
mare_resources,stressed,12,4.0,12,12.840000000000012,0.25258823529411795
mare_resources,stressed,16,1.0,1,0.5600000000000002,0.01
mare_resources,stressed,16,1.0,2,0.5800000000000002,0.01
mare_resources,stressed,16,1.0,3,0.6000000000000002,0.01
mare_resources,stressed,16,1.0,4,0.6200000000000002,0.01
mare_resources,stressed,16,1.0,5,0.6600000000000003,0.01
mare_resources,stressed,16,1.0,6,0.9600000000000005,0.01
mare_resources,stressed,16,1.0,7,0.9800000000000005,0.01
mare_resources,stressed,16,1.0,8,2.720000000000002,0.01
mare_resources,stressed,16,1.0,9,2.740000000000002,0.01
mare_resources,stressed,16,1.0,10,2.760000000000002,0.01
mare_resources,stressed,16,1.0,11,2.780000000000002,0.01
mare_resources,stressed,16,1.0,12,2.920000000000002,0.01
mare_resources,stressed,16,1.0,13,12.320000000000011,0.24188235294117671
mare_resources,stressed,16,1.0,14,12.58000000000001,0.24723529411764733
mare_resources,stressed,16,1.0,15,12.840000000000012,0.25258823529411795
mare_resources,stressed,16,1.0,16,13.100000000000012,0.2579411764705885
mare_resources,stressed,16,2.0,1,0.5600000000000002,0.01
mare_resources,stressed,16,2.0,2,0.5800000000000002,0.01
mare_resources,stressed,16,2.0,3,0.6000000000000002,0.01
mare_resources,stressed,16,2.0,4,0.6400000000000002,0.01
mare_resources,stressed,16,2.0,5,0.6600000000000003,0.01
mare_resources,stressed,16,2.0,6,0.9600000000000005,0.01
mare_resources,stressed,16,2.0,7,0.9800000000000005,0.01
mare_resources,stressed,16,2.0,8,2.720000000000002,0.01
mare_resources,stressed,16,2.0,9,2.740000000000002,0.01
mare_resources,stressed,16,2.0,10,2.760000000000002,0.01
mare_resources,stressed,16,2.0,11,2.780000000000002,0.01
mare_resources,stressed,16,2.0,12,2.920000000000002,0.01
mare_resources,stressed,16,2.0,13,6.140000000000006,0.11464705882352955
mare_resources,stressed,16,2.0,14,11.86000000000001,0.2324117647058826
mare_resources,stressed,16,2.0,15,12.34000000000001,0.24229411764705905
mare_resources,stressed,16,2.0,16,12.840000000000012,0.25258823529411795
mare_resources,stressed,16,4.0,1,0.5400000000000001,0.01
mare_resources,stressed,16,4.0,2,0.5800000000000002,0.01
mare_resources,stressed,16,4.0,3,0.6200000000000002,0.01
mare_resources,stressed,16,4.0,4,0.6600000000000003,0.01
mare_resources,stressed,16,4.0,5,0.7000000000000003,0.01
mare_resources,stressed,16,4.0,6,0.9600000000000005,0.01
mare_resources,stressed,16,4.0,7,1.0200000000000005,0.01
mare_resources,stressed,16,4.0,8,2.720000000000002,0.01
mare_resources,stressed,16,4.0,9,2.780000000000002,0.01
mare_resources,stressed,16,4.0,10,2.880000000000002,0.01
mare_resources,stressed,16,4.0,11,2.920000000000002,0.01
mare_resources,stressed,16,4.0,12,2.960000000000002,0.01
mare_resources,stressed,16,4.0,13,6.140000000000006,0.11464705882352955
mare_resources,stressed,16,4.0,14,9.96000000000001,0.193294117647059
mare_resources,stressed,16,4.0,15,11.86000000000001,0.2324117647058826
mare_resources,stressed,16,4.0,16,12.840000000000012,0.25258823529411795
mare_resources,stressed,20,1.0,1,0.5600000000000002,0.01
mare_resources,stressed,20,1.0,2,0.5800000000000002,0.01
mare_resources,stressed,20,1.0,3,0.6000000000000002,0.01
mare_resources,stressed,20,1.0,4,0.6200000000000002,0.01
mare_resources,stressed,20,1.0,5,0.6400000000000002,0.01
mare_resources,stressed,20,1.0,6,0.6600000000000003,0.01
mare_resources,stressed,20,1.0,7,0.9600000000000005,0.01
mare_resources,stressed,20,1.0,8,0.9800000000000005,0.01
mare_resources,stressed,20,1.0,9,2.720000000000002,0.01
mare_resources,stressed,20,1.0,10,2.740000000000002,0.01
mare_resources,stressed,20,1.0,11,2.760000000000002,0.01
mare_resources,stressed,20,1.0,12,2.780000000000002,0.01
mare_resources,stressed,20,1.0,13,2.920000000000002,0.01
mare_resources,stressed,20,1.0,14,2.940000000000002,0.01
mare_resources,stressed,20,1.0,15,6.140000000000006,0.11464705882352955
mare_resources,stressed,20,1.0,16,12.08000000000001,0.2369411764705885
mare_resources,stressed,20,1.0,17,12.320000000000011,0.24188235294117671
mare_resources,stressed,20,1.0,18,12.58000000000001,0.24723529411764733
mare_resources,stressed,20,1.0,19,12.840000000000012,0.25258823529411795
mare_resources,stressed,20,1.0,20,13.100000000000012,0.2579411764705885
mare_resources,stressed,20,2.0,1,0.5400000000000001,0.01
mare_resources,stressed,20,2.0,2,0.5600000000000002,0.01
mare_resources,stressed,20,2.0,3,0.5800000000000002,0.01
mare_resources,stressed,20,2.0,4,0.6000000000000002,0.01
mare_resources,stressed,20,2.0,5,0.6200000000000002,0.01
mare_resources,stressed,20,2.0,6,0.6400000000000002,0.01
mare_resources,stressed,20,2.0,7,0.6600000000000003,0.01
mare_resources,stressed,20,2.0,8,0.9600000000000005,0.01
mare_resources,stressed,20,2.0,9,0.9800000000000005,0.01
mare_resources,stressed,20,2.0,10,2.720000000000002,0.01
mare_resources,stressed,20,2.0,11,2.740000000000002,0.01
mare_resources,stressed,20,2.0,12,2.760000000000002,0.01
mare_resources,stressed,20,2.0,13,2.780000000000002,0.01
mare_resources,stressed,20,2.0,14,2.920000000000002,0.01
mare_resources,stressed,20,2.0,15,2.940000000000002,0.01
mare_resources,stressed,20,2.0,16,6.140000000000006,0.11464705882352955
mare_resources,stressed,20,2.0,17,11.86000000000001,0.2324117647058826
mare_resources,stressed,20,2.0,18,12.34000000000001,0.24229411764705905
mare_resources,stressed,20,2.0,19,12.840000000000012,0.25258823529411795
mare_resources,stressed,20,2.0,20,13.360000000000012,0.26329411764705907
mare_resources,stressed,20,4.0,1,0.5000000000000001,0.01
mare_resources,stressed,20,4.0,2,0.5400000000000001,0.01
mare_resources,stressed,20,4.0,3,0.5800000000000002,0.01
mare_resources,stressed,20,4.0,4,0.6200000000000002,0.01
mare_resources,stressed,20,4.0,5,0.6600000000000003,0.01
mare_resources,stressed,20,4.0,6,0.7000000000000003,0.01
mare_resources,stressed,20,4.0,7,0.9200000000000005,0.01
mare_resources,stressed,20,4.0,8,0.9600000000000005,0.01
mare_resources,stressed,20,4.0,9,1.0200000000000005,0.01
mare_resources,stressed,20,4.0,10,2.720000000000002,0.01
mare_resources,stressed,20,4.0,11,2.780000000000002,0.01
mare_resources,stressed,20,4.0,12,2.820000000000002,0.01
mare_resources,stressed,20,4.0,13,2.880000000000002,0.01
mare_resources,stressed,20,4.0,14,2.920000000000002,0.01
mare_resources,stressed,20,4.0,15,2.960000000000002,0.01
mare_resources,stressed,20,4.0,16,6.140000000000006,0.11464705882352955
mare_resources,stressed,20,4.0,17,9.96000000000001,0.193294117647059
mare_resources,stressed,20,4.0,18,11.86000000000001,0.2324117647058826
mare_resources,stressed,20,4.0,19,12.840000000000012,0.25258823529411795
mare_resources,stressed,20,4.0,20,14.240000000000013,0.28141176470588264
extended_longwave,optimistic,4,1.0,1,1.2200000000000006,0.01
extended_longwave,optimistic,4,1.0,2,2.940000000000002,0.01
extended_longwave,optimistic,4,1.0,3,12.700000000000012,0.24970588235294144
extended_longwave,optimistic,4,1.0,4,14.920000000000014,0.29541176470588265
extended_longwave,optimistic,4,2.0,1,1.2200000000000006,0.01
extended_longwave,optimistic,4,2.0,2,2.940000000000002,0.01
extended_longwave,optimistic,4,2.0,3,12.700000000000012,0.24970588235294144
extended_longwave,optimistic,4,2.0,4,14.920000000000014,0.29541176470588265
extended_longwave,optimistic,4,4.0,1,1.2200000000000006,0.01
extended_longwave,optimistic,4,4.0,2,2.940000000000002,0.01
extended_longwave,optimistic,4,4.0,3,12.700000000000012,0.24970588235294144
extended_longwave,optimistic,4,4.0,4,14.920000000000014,0.29541176470588265
extended_longwave,optimistic,5,1.0,1,1.2200000000000006,0.01
extended_longwave,optimistic,5,1.0,2,2.940000000000002,0.01
extended_longwave,optimistic,5,1.0,3,12.700000000000012,0.24970588235294144
extended_longwave,optimistic,5,1.0,4,14.920000000000014,0.29541176470588265
extended_longwave,optimistic,5,1.0,5,28.100000000000023,0.8430000000000006
extended_longwave,optimistic,5,2.0,1,1.2200000000000006,0.01
extended_longwave,optimistic,5,2.0,2,2.940000000000002,0.01
extended_longwave,optimistic,5,2.0,3,12.700000000000012,0.24970588235294144
extended_longwave,optimistic,5,2.0,4,14.920000000000014,0.29541176470588265
extended_longwave,optimistic,5,2.0,5,28.100000000000023,0.8430000000000006
extended_longwave,optimistic,5,4.0,1,1.2200000000000006,0.01
extended_longwave,optimistic,5,4.0,2,2.940000000000002,0.01
extended_longwave,optimistic,5,4.0,3,12.700000000000012,0.24970588235294144
extended_longwave,optimistic,5,4.0,4,14.920000000000014,0.29541176470588265
extended_longwave,optimistic,5,4.0,5,28.100000000000023,0.8430000000000006
extended_longwave,optimistic,6,1.0,1,1.2200000000000006,0.01
extended_longwave,optimistic,6,1.0,2,2.940000000000002,0.01
extended_longwave,optimistic,6,1.0,3,7.740000000000007,0.1475882352941178
extended_longwave,optimistic,6,1.0,4,12.700000000000012,0.24970588235294144
extended_longwave,optimistic,6,1.0,5,14.920000000000014,0.29541176470588265
extended_longwave,optimistic,6,1.0,6,28.100000000000023,0.8430000000000006
extended_longwave,optimistic,6,2.0,1,1.2200000000000006,0.01
extended_longwave,optimistic,6,2.0,2,2.940000000000002,0.01
extended_longwave,optimistic,6,2.0,3,7.740000000000007,0.1475882352941178
extended_longwave,optimistic,6,2.0,4,12.700000000000012,0.24970588235294144
extended_longwave,optimistic,6,2.0,5,14.920000000000014,0.29541176470588265
extended_longwave,optimistic,6,2.0,6,28.100000000000023,0.8430000000000006
extended_longwave,optimistic,6,4.0,1,1.2200000000000006,0.01
extended_longwave,optimistic,6,4.0,2,2.940000000000002,0.01
extended_longwave,optimistic,6,4.0,3,7.740000000000007,0.1475882352941178
extended_longwave,optimistic,6,4.0,4,12.700000000000012,0.24970588235294144
extended_longwave,optimistic,6,4.0,5,14.920000000000014,0.29541176470588265
extended_longwave,optimistic,6,4.0,6,28.100000000000023,0.8430000000000006
extended_longwave,optimistic,8,1.0,1,0.9600000000000005,0.01
extended_longwave,optimistic,8,1.0,2,1.2200000000000006,0.01
extended_longwave,optimistic,8,1.0,3,2.940000000000002,0.01
extended_longwave,optimistic,8,1.0,4,7.740000000000007,0.1475882352941178
extended_longwave,optimistic,8,1.0,5,8.340000000000007,0.1599411764705884
extended_longwave,optimistic,8,1.0,6,12.700000000000012,0.24970588235294144
extended_longwave,optimistic,8,1.0,7,14.920000000000014,0.29541176470588265
extended_longwave,optimistic,8,1.0,8,28.100000000000023,0.8430000000000006
extended_longwave,optimistic,8,2.0,1,0.9600000000000005,0.01
extended_longwave,optimistic,8,2.0,2,1.2200000000000006,0.01
extended_longwave,optimistic,8,2.0,3,2.940000000000002,0.01
extended_longwave,optimistic,8,2.0,4,7.740000000000007,0.1475882352941178
extended_longwave,optimistic,8,2.0,5,8.340000000000007,0.1599411764705884
extended_longwave,optimistic,8,2.0,6,12.700000000000012,0.24970588235294144
extended_longwave,optimistic,8,2.0,7,14.920000000000014,0.29541176470588265
extended_longwave,optimistic,8,2.0,8,28.100000000000023,0.8430000000000006
extended_longwave,optimistic,8,4.0,1,0.9600000000000005,0.01
extended_longwave,optimistic,8,4.0,2,1.2200000000000006,0.01
extended_longwave,optimistic,8,4.0,3,2.940000000000002,0.01
extended_longwave,optimistic,8,4.0,4,7.740000000000007,0.1475882352941178
extended_longwave,optimistic,8,4.0,5,8.360000000000007,0.16035294117647075
extended_longwave,optimistic,8,4.0,6,12.700000000000012,0.24970588235294144
extended_longwave,optimistic,8,4.0,7,14.920000000000014,0.29541176470588265
extended_longwave,optimistic,8,4.0,8,28.100000000000023,0.8430000000000006
extended_longwave,optimistic,10,1.0,1,0.9600000000000005,0.01
extended_longwave,optimistic,10,1.0,2,1.2200000000000006,0.01
extended_longwave,optimistic,10,1.0,3,2.820000000000002,0.01
extended_longwave,optimistic,10,1.0,4,2.940000000000002,0.01
extended_longwave,optimistic,10,1.0,5,2.960000000000002,0.01
extended_longwave,optimistic,10,1.0,6,7.740000000000007,0.1475882352941178
extended_longwave,optimistic,10,1.0,7,8.340000000000007,0.1599411764705884
extended_longwave,optimistic,10,1.0,8,12.700000000000012,0.24970588235294144
extended_longwave,optimistic,10,1.0,9,14.920000000000014,0.29541176470588265
extended_longwave,optimistic,10,1.0,10,28.100000000000023,0.8430000000000006
extended_longwave,optimistic,10,2.0,1,0.9600000000000005,0.01
extended_longwave,optimistic,10,2.0,2,1.2200000000000006,0.01
extended_longwave,optimistic,10,2.0,3,2.820000000000002,0.01
extended_longwave,optimistic,10,2.0,4,2.940000000000002,0.01
extended_longwave,optimistic,10,2.0,5,2.960000000000002,0.01
extended_longwave,optimistic,10,2.0,6,7.740000000000007,0.1475882352941178
extended_longwave,optimistic,10,2.0,7,8.340000000000007,0.1599411764705884
extended_longwave,optimistic,10,2.0,8,12.700000000000012,0.24970588235294144
extended_longwave,optimistic,10,2.0,9,14.920000000000014,0.29541176470588265
extended_longwave,optimistic,10,2.0,10,28.100000000000023,0.8430000000000006
extended_longwave,optimistic,10,4.0,1,0.9600000000000005,0.01
extended_longwave,optimistic,10,4.0,2,1.2200000000000006,0.01
extended_longwave,optimistic,10,4.0,3,2.820000000000002,0.01
extended_longwave,optimistic,10,4.0,4,2.940000000000002,0.01
extended_longwave,optimistic,10,4.0,5,2.980000000000002,0.01
extended_longwave,optimistic,10,4.0,6,7.740000000000007,0.1475882352941178
extended_longwave,optimistic,10,4.0,7,8.360000000000007,0.16035294117647075
extended_longwave,optimistic,10,4.0,8,12.700000000000012,0.24970588235294144
extended_longwave,optimistic,10,4.0,9,14.920000000000014,0.29541176470588265
extended_longwave,optimistic,10,4.0,10,28.100000000000023,0.8430000000000006
extended_longwave,optimistic,12,1.0,1,0.44000000000000006,0.01
extended_longwave,optimistic,12,1.0,2,0.9600000000000005,0.01
extended_longwave,optimistic,12,1.0,3,1.2200000000000006,0.01
extended_longwave,optimistic,12,1.0,4,1.580000000000001,0.01
extended_longwave,optimistic,12,1.0,5,2.820000000000002,0.01
extended_longwave,optimistic,12,1.0,6,2.940000000000002,0.01
extended_longwave,optimistic,12,1.0,7,2.960000000000002,0.01
extended_longwave,optimistic,12,1.0,8,7.740000000000007,0.1475882352941178
extended_longwave,optimistic,12,1.0,9,8.340000000000007,0.1599411764705884
extended_longwave,optimistic,12,1.0,10,12.700000000000012,0.24970588235294144
extended_longwave,optimistic,12,1.0,11,14.920000000000014,0.29541176470588265
extended_longwave,optimistic,12,1.0,12,28.100000000000023,0.8430000000000006
extended_longwave,optimistic,12,2.0,1,0.44000000000000006,0.01
extended_longwave,optimistic,12,2.0,2,0.9600000000000005,0.01
extended_longwave,optimistic,12,2.0,3,1.2200000000000006,0.01
extended_longwave,optimistic,12,2.0,4,1.580000000000001,0.01
extended_longwave,optimistic,12,2.0,5,2.820000000000002,0.01
extended_longwave,optimistic,12,2.0,6,2.940000000000002,0.01
extended_longwave,optimistic,12,2.0,7,2.960000000000002,0.01
extended_longwave,optimistic,12,2.0,8,7.740000000000007,0.1475882352941178
extended_longwave,optimistic,12,2.0,9,8.340000000000007,0.1599411764705884
extended_longwave,optimistic,12,2.0,10,12.700000000000012,0.24970588235294144
extended_longwave,optimistic,12,2.0,11,14.920000000000014,0.29541176470588265
extended_longwave,optimistic,12,2.0,12,28.100000000000023,0.8430000000000006
extended_longwave,optimistic,12,4.0,1,0.44000000000000006,0.01
extended_longwave,optimistic,12,4.0,2,0.9600000000000005,0.01
extended_longwave,optimistic,12,4.0,3,1.2200000000000006,0.01
extended_longwave,optimistic,12,4.0,4,1.580000000000001,0.01
extended_longwave,optimistic,12,4.0,5,2.820000000000002,0.01
extended_longwave,optimistic,12,4.0,6,2.940000000000002,0.01
extended_longwave,optimistic,12,4.0,7,2.980000000000002,0.01
extended_longwave,optimistic,12,4.0,8,7.740000000000007,0.1475882352941178
extended_longwave,optimistic,12,4.0,9,8.360000000000007,0.16035294117647075
extended_longwave,optimistic,12,4.0,10,12.700000000000012,0.24970588235294144
extended_longwave,optimistic,12,4.0,11,14.920000000000014,0.29541176470588265
extended_longwave,optimistic,12,4.0,12,28.100000000000023,0.8430000000000006
extended_longwave,optimistic,16,1.0,1,0.44000000000000006,0.01
extended_longwave,optimistic,16,1.0,2,0.9600000000000005,0.01
extended_longwave,optimistic,16,1.0,3,0.9800000000000005,0.01
extended_longwave,optimistic,16,1.0,4,1.2200000000000006,0.01
extended_longwave,optimistic,16,1.0,5,1.580000000000001,0.01
extended_longwave,optimistic,16,1.0,6,2.820000000000002,0.01
extended_longwave,optimistic,16,1.0,7,2.940000000000002,0.01
extended_longwave,optimistic,16,1.0,8,2.960000000000002,0.01
extended_longwave,optimistic,16,1.0,9,2.980000000000002,0.01
extended_longwave,optimistic,16,1.0,10,7.740000000000007,0.1475882352941178
extended_longwave,optimistic,16,1.0,11,8.340000000000007,0.1599411764705884
extended_longwave,optimistic,16,1.0,12,12.700000000000012,0.24970588235294144
extended_longwave,optimistic,16,1.0,13,12.960000000000012,0.255058823529412
extended_longwave,optimistic,16,1.0,14,14.920000000000014,0.29541176470588265
extended_longwave,optimistic,16,1.0,15,15.380000000000013,0.3048823529411767
extended_longwave,optimistic,16,1.0,16,28.100000000000023,0.8430000000000006
extended_longwave,optimistic,16,2.0,1,0.44000000000000006,0.01
extended_longwave,optimistic,16,2.0,2,0.9600000000000005,0.01
extended_longwave,optimistic,16,2.0,3,0.9800000000000005,0.01
extended_longwave,optimistic,16,2.0,4,1.2200000000000006,0.01
extended_longwave,optimistic,16,2.0,5,1.580000000000001,0.01
extended_longwave,optimistic,16,2.0,6,2.820000000000002,0.01
extended_longwave,optimistic,16,2.0,7,2.940000000000002,0.01
extended_longwave,optimistic,16,2.0,8,2.960000000000002,0.01
extended_longwave,optimistic,16,2.0,9,2.980000000000002,0.01
extended_longwave,optimistic,16,2.0,10,7.740000000000007,0.1475882352941178
extended_longwave,optimistic,16,2.0,11,8.340000000000007,0.1599411764705884
extended_longwave,optimistic,16,2.0,12,12.12000000000001,0.23776470588235316
extended_longwave,optimistic,16,2.0,13,12.700000000000012,0.24970588235294144
extended_longwave,optimistic,16,2.0,14,14.180000000000012,0.2801764705882356
extended_longwave,optimistic,16,2.0,15,14.920000000000014,0.29541176470588265
extended_longwave,optimistic,16,2.0,16,28.100000000000023,0.8430000000000006
extended_longwave,optimistic,16,4.0,1,0.44000000000000006,0.01
extended_longwave,optimistic,16,4.0,2,0.9600000000000005,0.01
extended_longwave,optimistic,16,4.0,3,1.0200000000000005,0.01
extended_longwave,optimistic,16,4.0,4,1.2200000000000006,0.01
extended_longwave,optimistic,16,4.0,5,1.540000000000001,0.01
extended_longwave,optimistic,16,4.0,6,1.580000000000001,0.01
extended_longwave,optimistic,16,4.0,7,2.820000000000002,0.01
extended_longwave,optimistic,16,4.0,8,2.900000000000002,0.01
extended_longwave,optimistic,16,4.0,9,2.940000000000002,0.01
extended_longwave,optimistic,16,4.0,10,2.980000000000002,0.01
extended_longwave,optimistic,16,4.0,11,7.740000000000007,0.1475882352941178
extended_longwave,optimistic,16,4.0,12,8.360000000000007,0.16035294117647075
extended_longwave,optimistic,16,4.0,13,12.700000000000012,0.24970588235294144
extended_longwave,optimistic,16,4.0,14,13.780000000000012,0.2719411764705885
extended_longwave,optimistic,16,4.0,15,14.920000000000014,0.29541176470588265
extended_longwave,optimistic,16,4.0,16,28.100000000000023,0.8430000000000006
extended_longwave,optimistic,20,1.0,1,0.44000000000000006,0.01
extended_longwave,optimistic,20,1.0,2,0.9600000000000005,0.01
extended_longwave,optimistic,20,1.0,3,0.9800000000000005,0.01
extended_longwave,optimistic,20,1.0,4,1.2200000000000006,0.01
extended_longwave,optimistic,20,1.0,5,1.580000000000001,0.01
extended_longwave,optimistic,20,1.0,6,1.600000000000001,0.01
extended_longwave,optimistic,20,1.0,7,2.820000000000002,0.01
extended_longwave,optimistic,20,1.0,8,2.840000000000002,0.01
extended_longwave,optimistic,20,1.0,9,2.940000000000002,0.01
extended_longwave,optimistic,20,1.0,10,2.960000000000002,0.01
extended_longwave,optimistic,20,1.0,11,2.980000000000002,0.01
extended_longwave,optimistic,20,1.0,12,7.740000000000007,0.1475882352941178
extended_longwave,optimistic,20,1.0,13,8.340000000000007,0.1599411764705884
extended_longwave,optimistic,20,1.0,14,12.44000000000001,0.24435294117647083
extended_longwave,optimistic,20,1.0,15,12.700000000000012,0.24970588235294144
extended_longwave,optimistic,20,1.0,16,12.960000000000012,0.255058823529412
extended_longwave,optimistic,20,1.0,17,14.620000000000013,0.28923529411764737
extended_longwave,optimistic,20,1.0,18,14.920000000000014,0.29541176470588265
extended_longwave,optimistic,20,1.0,19,15.380000000000013,0.3048823529411767
extended_longwave,optimistic,20,1.0,20,28.100000000000023,0.8430000000000006
extended_longwave,optimistic,20,2.0,1,0.44000000000000006,0.01
extended_longwave,optimistic,20,2.0,2,0.9400000000000005,0.01
extended_longwave,optimistic,20,2.0,3,0.9600000000000005,0.01
extended_longwave,optimistic,20,2.0,4,0.9800000000000005,0.01
extended_longwave,optimistic,20,2.0,5,1.2200000000000006,0.01
extended_longwave,optimistic,20,2.0,6,1.540000000000001,0.01
extended_longwave,optimistic,20,2.0,7,1.580000000000001,0.01
extended_longwave,optimistic,20,2.0,8,2.820000000000002,0.01
extended_longwave,optimistic,20,2.0,9,2.840000000000002,0.01
extended_longwave,optimistic,20,2.0,10,2.940000000000002,0.01
extended_longwave,optimistic,20,2.0,11,2.960000000000002,0.01
extended_longwave,optimistic,20,2.0,12,2.980000000000002,0.01
extended_longwave,optimistic,20,2.0,13,7.740000000000007,0.1475882352941178
extended_longwave,optimistic,20,2.0,14,8.340000000000007,0.1599411764705884
extended_longwave,optimistic,20,2.0,15,12.12000000000001,0.23776470588235316
extended_longwave,optimistic,20,2.0,16,12.700000000000012,0.24970588235294144
extended_longwave,optimistic,20,2.0,17,14.180000000000012,0.2801764705882356
extended_longwave,optimistic,20,2.0,18,14.920000000000014,0.29541176470588265
extended_longwave,optimistic,20,2.0,19,15.540000000000013,0.30817647058823555
extended_longwave,optimistic,20,2.0,20,28.100000000000023,0.8430000000000006
extended_longwave,optimistic,20,4.0,1,0.44000000000000006,0.01
extended_longwave,optimistic,20,4.0,2,0.4800000000000001,0.01
extended_longwave,optimistic,20,4.0,3,0.9600000000000005,0.01
extended_longwave,optimistic,20,4.0,4,1.0200000000000005,0.01
extended_longwave,optimistic,20,4.0,5,1.0600000000000005,0.01
extended_longwave,optimistic,20,4.0,6,1.2200000000000006,0.01
extended_longwave,optimistic,20,4.0,7,1.540000000000001,0.01
extended_longwave,optimistic,20,4.0,8,1.580000000000001,0.01
extended_longwave,optimistic,20,4.0,9,2.820000000000002,0.01
extended_longwave,optimistic,20,4.0,10,2.900000000000002,0.01
extended_longwave,optimistic,20,4.0,11,2.940000000000002,0.01
extended_longwave,optimistic,20,4.0,12,2.980000000000002,0.01
extended_longwave,optimistic,20,4.0,13,6.140000000000006,0.11464705882352955
extended_longwave,optimistic,20,4.0,14,7.740000000000007,0.1475882352941178
extended_longwave,optimistic,20,4.0,15,8.360000000000007,0.16035294117647075
extended_longwave,optimistic,20,4.0,16,12.700000000000012,0.24970588235294144
extended_longwave,optimistic,20,4.0,17,13.780000000000012,0.2719411764705885
extended_longwave,optimistic,20,4.0,18,14.920000000000014,0.29541176470588265
extended_longwave,optimistic,20,4.0,19,28.100000000000023,0.8430000000000006
extended_longwave,optimistic,20,4.0,20,33.24000000000003,0.9972000000000009
extended_longwave,reference,4,1.0,1,1.2200000000000006,0.01
extended_longwave,reference,4,1.0,2,2.940000000000002,0.01
extended_longwave,reference,4,1.0,3,12.700000000000012,0.24970588235294144
extended_longwave,reference,4,1.0,4,14.920000000000014,0.29541176470588265
extended_longwave,reference,4,2.0,1,1.2200000000000006,0.01
extended_longwave,reference,4,2.0,2,2.940000000000002,0.01
extended_longwave,reference,4,2.0,3,12.700000000000012,0.24970588235294144
extended_longwave,reference,4,2.0,4,14.920000000000014,0.29541176470588265
extended_longwave,reference,4,4.0,1,1.2200000000000006,0.01
extended_longwave,reference,4,4.0,2,2.940000000000002,0.01
extended_longwave,reference,4,4.0,3,12.700000000000012,0.24970588235294144
extended_longwave,reference,4,4.0,4,14.920000000000014,0.29541176470588265
extended_longwave,reference,5,1.0,1,1.2200000000000006,0.01
extended_longwave,reference,5,1.0,2,2.940000000000002,0.01
extended_longwave,reference,5,1.0,3,12.700000000000012,0.24970588235294144
extended_longwave,reference,5,1.0,4,14.920000000000014,0.29541176470588265
extended_longwave,reference,5,1.0,5,28.100000000000023,0.8430000000000006
extended_longwave,reference,5,2.0,1,1.2200000000000006,0.01
extended_longwave,reference,5,2.0,2,2.940000000000002,0.01
extended_longwave,reference,5,2.0,3,12.700000000000012,0.24970588235294144
extended_longwave,reference,5,2.0,4,14.920000000000014,0.29541176470588265
extended_longwave,reference,5,2.0,5,28.100000000000023,0.8430000000000006
extended_longwave,reference,5,4.0,1,1.2200000000000006,0.01
extended_longwave,reference,5,4.0,2,2.940000000000002,0.01
extended_longwave,reference,5,4.0,3,12.700000000000012,0.24970588235294144
extended_longwave,reference,5,4.0,4,14.920000000000014,0.29541176470588265
extended_longwave,reference,5,4.0,5,28.100000000000023,0.8430000000000006
extended_longwave,reference,6,1.0,1,1.2200000000000006,0.01
extended_longwave,reference,6,1.0,2,2.940000000000002,0.01
extended_longwave,reference,6,1.0,3,7.740000000000007,0.1475882352941178
extended_longwave,reference,6,1.0,4,12.700000000000012,0.24970588235294144
extended_longwave,reference,6,1.0,5,14.920000000000014,0.29541176470588265
extended_longwave,reference,6,1.0,6,28.100000000000023,0.8430000000000006
extended_longwave,reference,6,2.0,1,1.2200000000000006,0.01
extended_longwave,reference,6,2.0,2,2.940000000000002,0.01
extended_longwave,reference,6,2.0,3,7.740000000000007,0.1475882352941178
extended_longwave,reference,6,2.0,4,12.700000000000012,0.24970588235294144
extended_longwave,reference,6,2.0,5,14.920000000000014,0.29541176470588265
extended_longwave,reference,6,2.0,6,28.100000000000023,0.8430000000000006
extended_longwave,reference,6,4.0,1,1.2200000000000006,0.01
extended_longwave,reference,6,4.0,2,2.940000000000002,0.01
extended_longwave,reference,6,4.0,3,7.740000000000007,0.1475882352941178
extended_longwave,reference,6,4.0,4,12.700000000000012,0.24970588235294144
extended_longwave,reference,6,4.0,5,14.920000000000014,0.29541176470588265
extended_longwave,reference,6,4.0,6,28.100000000000023,0.8430000000000006
extended_longwave,reference,8,1.0,1,0.9600000000000005,0.01
extended_longwave,reference,8,1.0,2,1.2200000000000006,0.01
extended_longwave,reference,8,1.0,3,2.940000000000002,0.01
extended_longwave,reference,8,1.0,4,7.740000000000007,0.1475882352941178
extended_longwave,reference,8,1.0,5,8.340000000000007,0.1599411764705884
extended_longwave,reference,8,1.0,6,12.700000000000012,0.24970588235294144
extended_longwave,reference,8,1.0,7,14.920000000000014,0.29541176470588265
extended_longwave,reference,8,1.0,8,28.100000000000023,0.8430000000000006
extended_longwave,reference,8,2.0,1,0.9600000000000005,0.01
extended_longwave,reference,8,2.0,2,1.2200000000000006,0.01
extended_longwave,reference,8,2.0,3,2.940000000000002,0.01
extended_longwave,reference,8,2.0,4,7.740000000000007,0.1475882352941178
extended_longwave,reference,8,2.0,5,8.340000000000007,0.1599411764705884
extended_longwave,reference,8,2.0,6,12.700000000000012,0.24970588235294144
extended_longwave,reference,8,2.0,7,14.920000000000014,0.29541176470588265
extended_longwave,reference,8,2.0,8,28.100000000000023,0.8430000000000006
extended_longwave,reference,8,4.0,1,0.9600000000000005,0.01
extended_longwave,reference,8,4.0,2,1.2200000000000006,0.01
extended_longwave,reference,8,4.0,3,2.940000000000002,0.01
extended_longwave,reference,8,4.0,4,7.740000000000007,0.1475882352941178
extended_longwave,reference,8,4.0,5,8.360000000000007,0.16035294117647075
extended_longwave,reference,8,4.0,6,12.700000000000012,0.24970588235294144
extended_longwave,reference,8,4.0,7,14.920000000000014,0.29541176470588265
extended_longwave,reference,8,4.0,8,28.100000000000023,0.8430000000000006
extended_longwave,reference,10,1.0,1,0.9600000000000005,0.01
extended_longwave,reference,10,1.0,2,1.2200000000000006,0.01
extended_longwave,reference,10,1.0,3,2.820000000000002,0.01
extended_longwave,reference,10,1.0,4,2.940000000000002,0.01
extended_longwave,reference,10,1.0,5,2.960000000000002,0.01
extended_longwave,reference,10,1.0,6,7.740000000000007,0.1475882352941178
extended_longwave,reference,10,1.0,7,8.340000000000007,0.1599411764705884
extended_longwave,reference,10,1.0,8,12.700000000000012,0.24970588235294144
extended_longwave,reference,10,1.0,9,14.920000000000014,0.29541176470588265
extended_longwave,reference,10,1.0,10,28.100000000000023,0.8430000000000006
extended_longwave,reference,10,2.0,1,0.9600000000000005,0.01
extended_longwave,reference,10,2.0,2,1.2200000000000006,0.01
extended_longwave,reference,10,2.0,3,2.820000000000002,0.01
extended_longwave,reference,10,2.0,4,2.940000000000002,0.01
extended_longwave,reference,10,2.0,5,2.960000000000002,0.01
extended_longwave,reference,10,2.0,6,7.740000000000007,0.1475882352941178
extended_longwave,reference,10,2.0,7,8.340000000000007,0.1599411764705884
extended_longwave,reference,10,2.0,8,12.700000000000012,0.24970588235294144
extended_longwave,reference,10,2.0,9,14.920000000000014,0.29541176470588265
extended_longwave,reference,10,2.0,10,28.100000000000023,0.8430000000000006
extended_longwave,reference,10,4.0,1,0.9600000000000005,0.01
extended_longwave,reference,10,4.0,2,1.2200000000000006,0.01
extended_longwave,reference,10,4.0,3,2.820000000000002,0.01
extended_longwave,reference,10,4.0,4,2.940000000000002,0.01
extended_longwave,reference,10,4.0,5,2.980000000000002,0.01
extended_longwave,reference,10,4.0,6,7.740000000000007,0.1475882352941178
extended_longwave,reference,10,4.0,7,8.360000000000007,0.16035294117647075
extended_longwave,reference,10,4.0,8,12.700000000000012,0.24970588235294144
extended_longwave,reference,10,4.0,9,14.920000000000014,0.29541176470588265
extended_longwave,reference,10,4.0,10,28.100000000000023,0.8430000000000006
extended_longwave,reference,12,1.0,1,0.44000000000000006,0.01
extended_longwave,reference,12,1.0,2,0.9600000000000005,0.01
extended_longwave,reference,12,1.0,3,1.2200000000000006,0.01
extended_longwave,reference,12,1.0,4,1.580000000000001,0.01
extended_longwave,reference,12,1.0,5,2.820000000000002,0.01
extended_longwave,reference,12,1.0,6,2.940000000000002,0.01
extended_longwave,reference,12,1.0,7,2.960000000000002,0.01
extended_longwave,reference,12,1.0,8,7.740000000000007,0.1475882352941178
extended_longwave,reference,12,1.0,9,8.340000000000007,0.1599411764705884
extended_longwave,reference,12,1.0,10,12.700000000000012,0.24970588235294144
extended_longwave,reference,12,1.0,11,14.920000000000014,0.29541176470588265
extended_longwave,reference,12,1.0,12,28.100000000000023,0.8430000000000006
extended_longwave,reference,12,2.0,1,0.44000000000000006,0.01
extended_longwave,reference,12,2.0,2,0.9600000000000005,0.01
extended_longwave,reference,12,2.0,3,1.2200000000000006,0.01
extended_longwave,reference,12,2.0,4,1.580000000000001,0.01
extended_longwave,reference,12,2.0,5,2.820000000000002,0.01
extended_longwave,reference,12,2.0,6,2.940000000000002,0.01
extended_longwave,reference,12,2.0,7,2.960000000000002,0.01
extended_longwave,reference,12,2.0,8,7.740000000000007,0.1475882352941178
extended_longwave,reference,12,2.0,9,8.340000000000007,0.1599411764705884
extended_longwave,reference,12,2.0,10,12.700000000000012,0.24970588235294144
extended_longwave,reference,12,2.0,11,14.920000000000014,0.29541176470588265
extended_longwave,reference,12,2.0,12,28.100000000000023,0.8430000000000006
extended_longwave,reference,12,4.0,1,0.44000000000000006,0.01
extended_longwave,reference,12,4.0,2,0.9600000000000005,0.01
extended_longwave,reference,12,4.0,3,1.2200000000000006,0.01
extended_longwave,reference,12,4.0,4,1.580000000000001,0.01
extended_longwave,reference,12,4.0,5,2.820000000000002,0.01
extended_longwave,reference,12,4.0,6,2.940000000000002,0.01
extended_longwave,reference,12,4.0,7,2.980000000000002,0.01
extended_longwave,reference,12,4.0,8,7.740000000000007,0.1475882352941178
extended_longwave,reference,12,4.0,9,8.360000000000007,0.16035294117647075
extended_longwave,reference,12,4.0,10,12.700000000000012,0.24970588235294144
extended_longwave,reference,12,4.0,11,14.920000000000014,0.29541176470588265
extended_longwave,reference,12,4.0,12,28.100000000000023,0.8430000000000006
extended_longwave,reference,16,1.0,1,0.44000000000000006,0.01
extended_longwave,reference,16,1.0,2,0.9600000000000005,0.01
extended_longwave,reference,16,1.0,3,0.9800000000000005,0.01
extended_longwave,reference,16,1.0,4,1.2200000000000006,0.01
extended_longwave,reference,16,1.0,5,1.580000000000001,0.01
extended_longwave,reference,16,1.0,6,2.820000000000002,0.01
extended_longwave,reference,16,1.0,7,2.940000000000002,0.01
extended_longwave,reference,16,1.0,8,2.960000000000002,0.01
extended_longwave,reference,16,1.0,9,2.980000000000002,0.01
extended_longwave,reference,16,1.0,10,7.740000000000007,0.1475882352941178
extended_longwave,reference,16,1.0,11,8.340000000000007,0.1599411764705884
extended_longwave,reference,16,1.0,12,12.700000000000012,0.24970588235294144
extended_longwave,reference,16,1.0,13,12.960000000000012,0.255058823529412
extended_longwave,reference,16,1.0,14,14.920000000000014,0.29541176470588265
extended_longwave,reference,16,1.0,15,15.380000000000013,0.3048823529411767
extended_longwave,reference,16,1.0,16,28.100000000000023,0.8430000000000006
extended_longwave,reference,16,2.0,1,0.44000000000000006,0.01
extended_longwave,reference,16,2.0,2,0.9600000000000005,0.01
extended_longwave,reference,16,2.0,3,0.9800000000000005,0.01
extended_longwave,reference,16,2.0,4,1.2200000000000006,0.01
extended_longwave,reference,16,2.0,5,1.580000000000001,0.01
extended_longwave,reference,16,2.0,6,2.820000000000002,0.01
extended_longwave,reference,16,2.0,7,2.940000000000002,0.01
extended_longwave,reference,16,2.0,8,2.960000000000002,0.01
extended_longwave,reference,16,2.0,9,2.980000000000002,0.01
extended_longwave,reference,16,2.0,10,7.740000000000007,0.1475882352941178
extended_longwave,reference,16,2.0,11,8.340000000000007,0.1599411764705884
extended_longwave,reference,16,2.0,12,12.12000000000001,0.23776470588235316
extended_longwave,reference,16,2.0,13,12.700000000000012,0.24970588235294144
extended_longwave,reference,16,2.0,14,14.180000000000012,0.2801764705882356
extended_longwave,reference,16,2.0,15,14.920000000000014,0.29541176470588265
extended_longwave,reference,16,2.0,16,28.100000000000023,0.8430000000000006
extended_longwave,reference,16,4.0,1,0.44000000000000006,0.01
extended_longwave,reference,16,4.0,2,0.9600000000000005,0.01
extended_longwave,reference,16,4.0,3,1.0200000000000005,0.01
extended_longwave,reference,16,4.0,4,1.2200000000000006,0.01
extended_longwave,reference,16,4.0,5,1.540000000000001,0.01
extended_longwave,reference,16,4.0,6,1.580000000000001,0.01
extended_longwave,reference,16,4.0,7,2.820000000000002,0.01
extended_longwave,reference,16,4.0,8,2.900000000000002,0.01
extended_longwave,reference,16,4.0,9,2.940000000000002,0.01
extended_longwave,reference,16,4.0,10,2.980000000000002,0.01
extended_longwave,reference,16,4.0,11,7.740000000000007,0.1475882352941178
extended_longwave,reference,16,4.0,12,8.360000000000007,0.16035294117647075
extended_longwave,reference,16,4.0,13,12.700000000000012,0.24970588235294144
extended_longwave,reference,16,4.0,14,13.780000000000012,0.2719411764705885
extended_longwave,reference,16,4.0,15,14.920000000000014,0.29541176470588265
extended_longwave,reference,16,4.0,16,28.100000000000023,0.8430000000000006
extended_longwave,reference,20,1.0,1,0.44000000000000006,0.01
extended_longwave,reference,20,1.0,2,0.9600000000000005,0.01
extended_longwave,reference,20,1.0,3,0.9800000000000005,0.01
extended_longwave,reference,20,1.0,4,1.2200000000000006,0.01
extended_longwave,reference,20,1.0,5,1.580000000000001,0.01
extended_longwave,reference,20,1.0,6,1.600000000000001,0.01
extended_longwave,reference,20,1.0,7,2.820000000000002,0.01
extended_longwave,reference,20,1.0,8,2.840000000000002,0.01
extended_longwave,reference,20,1.0,9,2.940000000000002,0.01
extended_longwave,reference,20,1.0,10,2.960000000000002,0.01
extended_longwave,reference,20,1.0,11,2.980000000000002,0.01
extended_longwave,reference,20,1.0,12,7.740000000000007,0.1475882352941178
extended_longwave,reference,20,1.0,13,8.340000000000007,0.1599411764705884
extended_longwave,reference,20,1.0,14,12.44000000000001,0.24435294117647083
extended_longwave,reference,20,1.0,15,12.700000000000012,0.24970588235294144
extended_longwave,reference,20,1.0,16,12.960000000000012,0.255058823529412
extended_longwave,reference,20,1.0,17,14.620000000000013,0.28923529411764737
extended_longwave,reference,20,1.0,18,14.920000000000014,0.29541176470588265
extended_longwave,reference,20,1.0,19,15.380000000000013,0.3048823529411767
extended_longwave,reference,20,1.0,20,28.100000000000023,0.8430000000000006
extended_longwave,reference,20,2.0,1,0.44000000000000006,0.01
extended_longwave,reference,20,2.0,2,0.9400000000000005,0.01
extended_longwave,reference,20,2.0,3,0.9600000000000005,0.01
extended_longwave,reference,20,2.0,4,0.9800000000000005,0.01
extended_longwave,reference,20,2.0,5,1.2200000000000006,0.01
extended_longwave,reference,20,2.0,6,1.540000000000001,0.01
extended_longwave,reference,20,2.0,7,1.580000000000001,0.01
extended_longwave,reference,20,2.0,8,2.820000000000002,0.01
extended_longwave,reference,20,2.0,9,2.840000000000002,0.01
extended_longwave,reference,20,2.0,10,2.940000000000002,0.01
extended_longwave,reference,20,2.0,11,2.960000000000002,0.01
extended_longwave,reference,20,2.0,12,2.980000000000002,0.01
extended_longwave,reference,20,2.0,13,7.740000000000007,0.1475882352941178
extended_longwave,reference,20,2.0,14,8.340000000000007,0.1599411764705884
extended_longwave,reference,20,2.0,15,12.12000000000001,0.23776470588235316
extended_longwave,reference,20,2.0,16,12.700000000000012,0.24970588235294144
extended_longwave,reference,20,2.0,17,14.180000000000012,0.2801764705882356
extended_longwave,reference,20,2.0,18,14.920000000000014,0.29541176470588265
extended_longwave,reference,20,2.0,19,15.540000000000013,0.30817647058823555
extended_longwave,reference,20,2.0,20,28.100000000000023,0.8430000000000006
extended_longwave,reference,20,4.0,1,0.44000000000000006,0.01
extended_longwave,reference,20,4.0,2,0.4800000000000001,0.01
extended_longwave,reference,20,4.0,3,0.9600000000000005,0.01
extended_longwave,reference,20,4.0,4,1.0200000000000005,0.01
extended_longwave,reference,20,4.0,5,1.0600000000000005,0.01
extended_longwave,reference,20,4.0,6,1.2200000000000006,0.01
extended_longwave,reference,20,4.0,7,1.540000000000001,0.01
extended_longwave,reference,20,4.0,8,1.580000000000001,0.01
extended_longwave,reference,20,4.0,9,2.820000000000002,0.01
extended_longwave,reference,20,4.0,10,2.900000000000002,0.01
extended_longwave,reference,20,4.0,11,2.940000000000002,0.01
extended_longwave,reference,20,4.0,12,2.980000000000002,0.01
extended_longwave,reference,20,4.0,13,6.140000000000006,0.11464705882352955
extended_longwave,reference,20,4.0,14,7.740000000000007,0.1475882352941178
extended_longwave,reference,20,4.0,15,8.360000000000007,0.16035294117647075
extended_longwave,reference,20,4.0,16,12.700000000000012,0.24970588235294144
extended_longwave,reference,20,4.0,17,13.780000000000012,0.2719411764705885
extended_longwave,reference,20,4.0,18,14.920000000000014,0.29541176470588265
extended_longwave,reference,20,4.0,19,28.100000000000023,0.8430000000000006
extended_longwave,reference,20,4.0,20,33.24000000000003,0.9972000000000009
extended_longwave,stressed,4,1.0,1,1.2200000000000006,0.01
extended_longwave,stressed,4,1.0,2,2.940000000000002,0.01
extended_longwave,stressed,4,1.0,3,12.700000000000012,0.24970588235294144
extended_longwave,stressed,4,1.0,4,14.920000000000014,0.29541176470588265
extended_longwave,stressed,4,2.0,1,1.2200000000000006,0.01
extended_longwave,stressed,4,2.0,2,2.940000000000002,0.01
extended_longwave,stressed,4,2.0,3,12.700000000000012,0.24970588235294144
extended_longwave,stressed,4,2.0,4,14.920000000000014,0.29541176470588265
extended_longwave,stressed,4,4.0,1,1.2200000000000006,0.01
extended_longwave,stressed,4,4.0,2,2.940000000000002,0.01
extended_longwave,stressed,4,4.0,3,12.700000000000012,0.24970588235294144
extended_longwave,stressed,4,4.0,4,14.920000000000014,0.29541176470588265
extended_longwave,stressed,5,1.0,1,1.2200000000000006,0.01
extended_longwave,stressed,5,1.0,2,2.940000000000002,0.01
extended_longwave,stressed,5,1.0,3,7.800000000000007,0.14882352941176485
extended_longwave,stressed,5,1.0,4,12.700000000000012,0.24970588235294144
extended_longwave,stressed,5,1.0,5,14.920000000000014,0.29541176470588265
extended_longwave,stressed,5,2.0,1,1.2200000000000006,0.01
extended_longwave,stressed,5,2.0,2,2.940000000000002,0.01
extended_longwave,stressed,5,2.0,3,7.800000000000007,0.14882352941176485
extended_longwave,stressed,5,2.0,4,12.700000000000012,0.24970588235294144
extended_longwave,stressed,5,2.0,5,14.920000000000014,0.29541176470588265
extended_longwave,stressed,5,4.0,1,1.2200000000000006,0.01
extended_longwave,stressed,5,4.0,2,2.940000000000002,0.01
extended_longwave,stressed,5,4.0,3,7.800000000000007,0.14882352941176485
extended_longwave,stressed,5,4.0,4,12.700000000000012,0.24970588235294144
extended_longwave,stressed,5,4.0,5,14.920000000000014,0.29541176470588265
extended_longwave,stressed,6,1.0,1,1.2200000000000006,0.01
extended_longwave,stressed,6,1.0,2,2.820000000000002,0.01
extended_longwave,stressed,6,1.0,3,2.940000000000002,0.01
extended_longwave,stressed,6,1.0,4,7.800000000000007,0.14882352941176485
extended_longwave,stressed,6,1.0,5,12.700000000000012,0.24970588235294144
extended_longwave,stressed,6,1.0,6,14.920000000000014,0.29541176470588265
extended_longwave,stressed,6,2.0,1,1.2200000000000006,0.01
extended_longwave,stressed,6,2.0,2,2.820000000000002,0.01
extended_longwave,stressed,6,2.0,3,2.940000000000002,0.01
extended_longwave,stressed,6,2.0,4,7.800000000000007,0.14882352941176485
extended_longwave,stressed,6,2.0,5,12.700000000000012,0.24970588235294144
extended_longwave,stressed,6,2.0,6,14.920000000000014,0.29541176470588265
extended_longwave,stressed,6,4.0,1,1.2200000000000006,0.01
extended_longwave,stressed,6,4.0,2,2.820000000000002,0.01
extended_longwave,stressed,6,4.0,3,2.940000000000002,0.01
extended_longwave,stressed,6,4.0,4,7.800000000000007,0.14882352941176485
extended_longwave,stressed,6,4.0,5,12.700000000000012,0.24970588235294144
extended_longwave,stressed,6,4.0,6,14.920000000000014,0.29541176470588265
extended_longwave,stressed,8,1.0,1,0.9600000000000005,0.01
extended_longwave,stressed,8,1.0,2,1.2200000000000006,0.01
extended_longwave,stressed,8,1.0,3,2.820000000000002,0.01
extended_longwave,stressed,8,1.0,4,2.940000000000002,0.01
extended_longwave,stressed,8,1.0,5,7.800000000000007,0.14882352941176485
extended_longwave,stressed,8,1.0,6,8.340000000000007,0.1599411764705884
extended_longwave,stressed,8,1.0,7,12.700000000000012,0.24970588235294144
extended_longwave,stressed,8,1.0,8,14.920000000000014,0.29541176470588265
extended_longwave,stressed,8,2.0,1,0.9600000000000005,0.01
extended_longwave,stressed,8,2.0,2,1.2200000000000006,0.01
extended_longwave,stressed,8,2.0,3,2.820000000000002,0.01
extended_longwave,stressed,8,2.0,4,2.940000000000002,0.01
extended_longwave,stressed,8,2.0,5,7.800000000000007,0.14882352941176485
extended_longwave,stressed,8,2.0,6,8.340000000000007,0.1599411764705884
extended_longwave,stressed,8,2.0,7,12.700000000000012,0.24970588235294144
extended_longwave,stressed,8,2.0,8,14.920000000000014,0.29541176470588265
extended_longwave,stressed,8,4.0,1,0.9800000000000005,0.01
extended_longwave,stressed,8,4.0,2,1.2200000000000006,0.01
extended_longwave,stressed,8,4.0,3,2.820000000000002,0.01
extended_longwave,stressed,8,4.0,4,2.940000000000002,0.01
extended_longwave,stressed,8,4.0,5,7.800000000000007,0.14882352941176485
extended_longwave,stressed,8,4.0,6,8.440000000000007,0.16200000000000014
extended_longwave,stressed,8,4.0,7,12.700000000000012,0.24970588235294144
extended_longwave,stressed,8,4.0,8,14.920000000000014,0.29541176470588265
extended_longwave,stressed,10,1.0,1,0.9600000000000005,0.01
extended_longwave,stressed,10,1.0,2,1.2200000000000006,0.01
extended_longwave,stressed,10,1.0,3,1.580000000000001,0.01
extended_longwave,stressed,10,1.0,4,2.820000000000002,0.01
extended_longwave,stressed,10,1.0,5,2.940000000000002,0.01
extended_longwave,stressed,10,1.0,6,2.980000000000002,0.01
extended_longwave,stressed,10,1.0,7,7.800000000000007,0.14882352941176485
extended_longwave,stressed,10,1.0,8,8.340000000000007,0.1599411764705884
extended_longwave,stressed,10,1.0,9,12.700000000000012,0.24970588235294144
extended_longwave,stressed,10,1.0,10,14.920000000000014,0.29541176470588265
extended_longwave,stressed,10,2.0,1,0.9600000000000005,0.01
extended_longwave,stressed,10,2.0,2,1.2200000000000006,0.01
extended_longwave,stressed,10,2.0,3,1.580000000000001,0.01
extended_longwave,stressed,10,2.0,4,2.820000000000002,0.01
extended_longwave,stressed,10,2.0,5,2.940000000000002,0.01
extended_longwave,stressed,10,2.0,6,2.980000000000002,0.01
extended_longwave,stressed,10,2.0,7,7.800000000000007,0.14882352941176485
extended_longwave,stressed,10,2.0,8,8.340000000000007,0.1599411764705884
extended_longwave,stressed,10,2.0,9,12.700000000000012,0.24970588235294144
extended_longwave,stressed,10,2.0,10,14.920000000000014,0.29541176470588265
extended_longwave,stressed,10,4.0,1,0.9800000000000005,0.01
extended_longwave,stressed,10,4.0,2,1.2200000000000006,0.01
extended_longwave,stressed,10,4.0,3,1.580000000000001,0.01
extended_longwave,stressed,10,4.0,4,2.820000000000002,0.01
extended_longwave,stressed,10,4.0,5,2.940000000000002,0.01
extended_longwave,stressed,10,4.0,6,2.980000000000002,0.01
extended_longwave,stressed,10,4.0,7,7.800000000000007,0.14882352941176485
extended_longwave,stressed,10,4.0,8,8.440000000000007,0.16200000000000014
extended_longwave,stressed,10,4.0,9,12.700000000000012,0.24970588235294144
extended_longwave,stressed,10,4.0,10,14.920000000000014,0.29541176470588265
extended_longwave,stressed,12,1.0,1,0.9600000000000005,0.01
extended_longwave,stressed,12,1.0,2,1.2200000000000006,0.01
extended_longwave,stressed,12,1.0,3,1.580000000000001,0.01
extended_longwave,stressed,12,1.0,4,2.820000000000002,0.01
extended_longwave,stressed,12,1.0,5,2.940000000000002,0.01
extended_longwave,stressed,12,1.0,6,2.980000000000002,0.01
extended_longwave,stressed,12,1.0,7,7.800000000000007,0.14882352941176485
extended_longwave,stressed,12,1.0,8,8.340000000000007,0.1599411764705884
extended_longwave,stressed,12,1.0,9,12.44000000000001,0.24435294117647083
extended_longwave,stressed,12,1.0,10,12.700000000000012,0.24970588235294144
extended_longwave,stressed,12,1.0,11,14.920000000000014,0.29541176470588265
extended_longwave,stressed,12,1.0,12,15.460000000000013,0.30652941176470616
extended_longwave,stressed,12,2.0,1,0.9600000000000005,0.01
extended_longwave,stressed,12,2.0,2,1.2200000000000006,0.01
extended_longwave,stressed,12,2.0,3,1.580000000000001,0.01
extended_longwave,stressed,12,2.0,4,2.820000000000002,0.01
extended_longwave,stressed,12,2.0,5,2.940000000000002,0.01
extended_longwave,stressed,12,2.0,6,2.980000000000002,0.01
extended_longwave,stressed,12,2.0,7,7.800000000000007,0.14882352941176485
extended_longwave,stressed,12,2.0,8,8.340000000000007,0.1599411764705884
extended_longwave,stressed,12,2.0,9,12.08000000000001,0.2369411764705885
extended_longwave,stressed,12,2.0,10,12.700000000000012,0.24970588235294144
extended_longwave,stressed,12,2.0,11,14.920000000000014,0.29541176470588265
extended_longwave,stressed,12,2.0,12,15.540000000000013,0.30817647058823555
extended_longwave,stressed,12,4.0,1,0.44000000000000006,0.01
extended_longwave,stressed,12,4.0,2,0.9800000000000005,0.01
extended_longwave,stressed,12,4.0,3,1.2200000000000006,0.01
extended_longwave,stressed,12,4.0,4,1.580000000000001,0.01
extended_longwave,stressed,12,4.0,5,1.620000000000001,0.01
extended_longwave,stressed,12,4.0,6,2.820000000000002,0.01
extended_longwave,stressed,12,4.0,7,2.940000000000002,0.01
extended_longwave,stressed,12,4.0,8,2.980000000000002,0.01
extended_longwave,stressed,12,4.0,9,7.800000000000007,0.14882352941176485
extended_longwave,stressed,12,4.0,10,8.440000000000007,0.16200000000000014
extended_longwave,stressed,12,4.0,11,12.700000000000012,0.24970588235294144
extended_longwave,stressed,12,4.0,12,14.920000000000014,0.29541176470588265
extended_longwave,stressed,16,1.0,1,0.9600000000000005,0.01
extended_longwave,stressed,16,1.0,2,0.9800000000000005,0.01
extended_longwave,stressed,16,1.0,3,1.2200000000000006,0.01
extended_longwave,stressed,16,1.0,4,1.560000000000001,0.01
extended_longwave,stressed,16,1.0,5,1.580000000000001,0.01
extended_longwave,stressed,16,1.0,6,2.820000000000002,0.01
extended_longwave,stressed,16,1.0,7,2.940000000000002,0.01
extended_longwave,stressed,16,1.0,8,2.960000000000002,0.01
extended_longwave,stressed,16,1.0,9,2.980000000000002,0.01
extended_longwave,stressed,16,1.0,10,7.640000000000007,0.14552941176470602
extended_longwave,stressed,16,1.0,11,7.800000000000007,0.14882352941176485
extended_longwave,stressed,16,1.0,12,8.340000000000007,0.1599411764705884
extended_longwave,stressed,16,1.0,13,12.44000000000001,0.24435294117647083
extended_longwave,stressed,16,1.0,14,12.700000000000012,0.24970588235294144
extended_longwave,stressed,16,1.0,15,14.920000000000014,0.29541176470588265
extended_longwave,stressed,16,1.0,16,15.460000000000013,0.30652941176470616
extended_longwave,stressed,16,2.0,1,0.9600000000000005,0.01
extended_longwave,stressed,16,2.0,2,0.9800000000000005,0.01
extended_longwave,stressed,16,2.0,3,1.2200000000000006,0.01
extended_longwave,stressed,16,2.0,4,1.540000000000001,0.01
extended_longwave,stressed,16,2.0,5,1.580000000000001,0.01
extended_longwave,stressed,16,2.0,6,2.820000000000002,0.01
extended_longwave,stressed,16,2.0,7,2.940000000000002,0.01
extended_longwave,stressed,16,2.0,8,2.960000000000002,0.01
extended_longwave,stressed,16,2.0,9,2.980000000000002,0.01
extended_longwave,stressed,16,2.0,10,7.800000000000007,0.14882352941176485
extended_longwave,stressed,16,2.0,11,8.340000000000007,0.1599411764705884
extended_longwave,stressed,16,2.0,12,12.08000000000001,0.2369411764705885
extended_longwave,stressed,16,2.0,13,12.700000000000012,0.24970588235294144
extended_longwave,stressed,16,2.0,14,14.180000000000012,0.2801764705882356
extended_longwave,stressed,16,2.0,15,14.920000000000014,0.29541176470588265
extended_longwave,stressed,16,2.0,16,15.540000000000013,0.30817647058823555
extended_longwave,stressed,16,4.0,1,0.44000000000000006,0.01
extended_longwave,stressed,16,4.0,2,0.9400000000000005,0.01
extended_longwave,stressed,16,4.0,3,0.9800000000000005,0.01
extended_longwave,stressed,16,4.0,4,1.2200000000000006,0.01
extended_longwave,stressed,16,4.0,5,1.580000000000001,0.01
extended_longwave,stressed,16,4.0,6,1.620000000000001,0.01
extended_longwave,stressed,16,4.0,7,2.820000000000002,0.01
extended_longwave,stressed,16,4.0,8,2.900000000000002,0.01
extended_longwave,stressed,16,4.0,9,2.940000000000002,0.01
extended_longwave,stressed,16,4.0,10,2.980000000000002,0.01
extended_longwave,stressed,16,4.0,11,6.980000000000006,0.13194117647058837
extended_longwave,stressed,16,4.0,12,7.800000000000007,0.14882352941176485
extended_longwave,stressed,16,4.0,13,8.440000000000007,0.16200000000000014
extended_longwave,stressed,16,4.0,14,12.700000000000012,0.24970588235294144
extended_longwave,stressed,16,4.0,15,13.780000000000012,0.2719411764705885
extended_longwave,stressed,16,4.0,16,14.920000000000014,0.29541176470588265
extended_longwave,stressed,20,1.0,1,0.44000000000000006,0.01
extended_longwave,stressed,20,1.0,2,0.9600000000000005,0.01
extended_longwave,stressed,20,1.0,3,0.9800000000000005,0.01
extended_longwave,stressed,20,1.0,4,1.2200000000000006,0.01
extended_longwave,stressed,20,1.0,5,1.560000000000001,0.01
extended_longwave,stressed,20,1.0,6,1.580000000000001,0.01
extended_longwave,stressed,20,1.0,7,2.820000000000002,0.01
extended_longwave,stressed,20,1.0,8,2.840000000000002,0.01
extended_longwave,stressed,20,1.0,9,2.940000000000002,0.01
extended_longwave,stressed,20,1.0,10,2.960000000000002,0.01
extended_longwave,stressed,20,1.0,11,2.980000000000002,0.01
extended_longwave,stressed,20,1.0,12,7.640000000000007,0.14552941176470602
extended_longwave,stressed,20,1.0,13,7.800000000000007,0.14882352941176485
extended_longwave,stressed,20,1.0,14,8.340000000000007,0.1599411764705884
extended_longwave,stressed,20,1.0,15,12.44000000000001,0.24435294117647083
extended_longwave,stressed,20,1.0,16,12.700000000000012,0.24970588235294144
extended_longwave,stressed,20,1.0,17,12.960000000000012,0.255058823529412
extended_longwave,stressed,20,1.0,18,14.620000000000013,0.28923529411764737
extended_longwave,stressed,20,1.0,19,14.920000000000014,0.29541176470588265
extended_longwave,stressed,20,1.0,20,15.460000000000013,0.30652941176470616
extended_longwave,stressed,20,2.0,1,0.44000000000000006,0.01
extended_longwave,stressed,20,2.0,2,0.9400000000000005,0.01
extended_longwave,stressed,20,2.0,3,0.9600000000000005,0.01
extended_longwave,stressed,20,2.0,4,0.9800000000000005,0.01
extended_longwave,stressed,20,2.0,5,1.2200000000000006,0.01
extended_longwave,stressed,20,2.0,6,1.540000000000001,0.01
extended_longwave,stressed,20,2.0,7,1.580000000000001,0.01
extended_longwave,stressed,20,2.0,8,2.820000000000002,0.01
extended_longwave,stressed,20,2.0,9,2.840000000000002,0.01
extended_longwave,stressed,20,2.0,10,2.940000000000002,0.01
extended_longwave,stressed,20,2.0,11,2.960000000000002,0.01
extended_longwave,stressed,20,2.0,12,2.980000000000002,0.01
extended_longwave,stressed,20,2.0,13,7.500000000000007,0.14264705882352957
extended_longwave,stressed,20,2.0,14,7.800000000000007,0.14882352941176485
extended_longwave,stressed,20,2.0,15,8.340000000000007,0.1599411764705884
extended_longwave,stressed,20,2.0,16,12.08000000000001,0.2369411764705885
extended_longwave,stressed,20,2.0,17,12.700000000000012,0.24970588235294144
extended_longwave,stressed,20,2.0,18,14.180000000000012,0.2801764705882356
extended_longwave,stressed,20,2.0,19,14.920000000000014,0.29541176470588265
extended_longwave,stressed,20,2.0,20,15.540000000000013,0.30817647058823555
extended_longwave,stressed,20,4.0,1,0.44000000000000006,0.01
extended_longwave,stressed,20,4.0,2,0.4800000000000001,0.01
extended_longwave,stressed,20,4.0,3,0.9400000000000005,0.01
extended_longwave,stressed,20,4.0,4,0.9800000000000005,0.01
extended_longwave,stressed,20,4.0,5,1.0400000000000005,0.01
extended_longwave,stressed,20,4.0,6,1.2200000000000006,0.01
extended_longwave,stressed,20,4.0,7,1.540000000000001,0.01
extended_longwave,stressed,20,4.0,8,1.580000000000001,0.01
extended_longwave,stressed,20,4.0,9,1.620000000000001,0.01
extended_longwave,stressed,20,4.0,10,2.820000000000002,0.01
extended_longwave,stressed,20,4.0,11,2.900000000000002,0.01
extended_longwave,stressed,20,4.0,12,2.940000000000002,0.01
extended_longwave,stressed,20,4.0,13,2.980000000000002,0.01
extended_longwave,stressed,20,4.0,14,6.140000000000006,0.11464705882352955
extended_longwave,stressed,20,4.0,15,6.980000000000006,0.13194117647058837
extended_longwave,stressed,20,4.0,16,7.800000000000007,0.14882352941176485
extended_longwave,stressed,20,4.0,17,8.440000000000007,0.16200000000000014
extended_longwave,stressed,20,4.0,18,12.700000000000012,0.24970588235294144
extended_longwave,stressed,20,4.0,19,13.780000000000012,0.2719411764705885
extended_longwave,stressed,20,4.0,20,14.920000000000014,0.29541176470588265
all_priority_groups,optimistic,4,1.0,1,1.3000000000000007,0.01
all_priority_groups,optimistic,4,1.0,2,2.940000000000002,0.01
all_priority_groups,optimistic,4,1.0,3,12.620000000000012,0.24805882352941205
all_priority_groups,optimistic,4,1.0,4,15.460000000000013,0.30652941176470616
all_priority_groups,optimistic,4,2.0,1,1.3000000000000007,0.01
all_priority_groups,optimistic,4,2.0,2,2.940000000000002,0.01
all_priority_groups,optimistic,4,2.0,3,12.620000000000012,0.24805882352941205
all_priority_groups,optimistic,4,2.0,4,15.460000000000013,0.30652941176470616
all_priority_groups,optimistic,4,4.0,1,1.3000000000000007,0.01
all_priority_groups,optimistic,4,4.0,2,2.940000000000002,0.01
all_priority_groups,optimistic,4,4.0,3,12.620000000000012,0.24805882352941205
all_priority_groups,optimistic,4,4.0,4,15.460000000000013,0.30652941176470616
all_priority_groups,optimistic,5,1.0,1,1.3000000000000007,0.01
all_priority_groups,optimistic,5,1.0,2,2.940000000000002,0.01
all_priority_groups,optimistic,5,1.0,3,8.060000000000008,0.15417647058823547
all_priority_groups,optimistic,5,1.0,4,12.620000000000012,0.24805882352941205
all_priority_groups,optimistic,5,1.0,5,15.460000000000013,0.30652941176470616
all_priority_groups,optimistic,5,2.0,1,1.3000000000000007,0.01
all_priority_groups,optimistic,5,2.0,2,2.940000000000002,0.01
all_priority_groups,optimistic,5,2.0,3,8.060000000000008,0.15417647058823547
all_priority_groups,optimistic,5,2.0,4,12.620000000000012,0.24805882352941205
all_priority_groups,optimistic,5,2.0,5,15.460000000000013,0.30652941176470616
all_priority_groups,optimistic,5,4.0,1,1.3000000000000007,0.01
all_priority_groups,optimistic,5,4.0,2,2.940000000000002,0.01
all_priority_groups,optimistic,5,4.0,3,8.060000000000008,0.15417647058823547
all_priority_groups,optimistic,5,4.0,4,12.620000000000012,0.24805882352941205
all_priority_groups,optimistic,5,4.0,5,15.460000000000013,0.30652941176470616
all_priority_groups,optimistic,6,1.0,1,0.5400000000000001,0.01
all_priority_groups,optimistic,6,1.0,2,1.3000000000000007,0.01
all_priority_groups,optimistic,6,1.0,3,2.940000000000002,0.01
all_priority_groups,optimistic,6,1.0,4,8.060000000000008,0.15417647058823547
all_priority_groups,optimistic,6,1.0,5,12.620000000000012,0.24805882352941205
all_priority_groups,optimistic,6,1.0,6,15.460000000000013,0.30652941176470616
all_priority_groups,optimistic,6,2.0,1,0.5400000000000001,0.01
all_priority_groups,optimistic,6,2.0,2,1.3000000000000007,0.01
all_priority_groups,optimistic,6,2.0,3,2.940000000000002,0.01
all_priority_groups,optimistic,6,2.0,4,8.060000000000008,0.15417647058823547
all_priority_groups,optimistic,6,2.0,5,12.620000000000012,0.24805882352941205
all_priority_groups,optimistic,6,2.0,6,15.460000000000013,0.30652941176470616
all_priority_groups,optimistic,6,4.0,1,0.5400000000000001,0.01
all_priority_groups,optimistic,6,4.0,2,1.3000000000000007,0.01
all_priority_groups,optimistic,6,4.0,3,2.940000000000002,0.01
all_priority_groups,optimistic,6,4.0,4,8.060000000000008,0.15417647058823547
all_priority_groups,optimistic,6,4.0,5,12.620000000000012,0.24805882352941205
all_priority_groups,optimistic,6,4.0,6,15.460000000000013,0.30652941176470616
all_priority_groups,optimistic,8,1.0,1,0.5400000000000001,0.01
all_priority_groups,optimistic,8,1.0,2,0.9600000000000005,0.01
all_priority_groups,optimistic,8,1.0,3,1.3000000000000007,0.01
all_priority_groups,optimistic,8,1.0,4,2.940000000000002,0.01
all_priority_groups,optimistic,8,1.0,5,6.140000000000006,0.11464705882352955
all_priority_groups,optimistic,8,1.0,6,8.060000000000008,0.15417647058823547
all_priority_groups,optimistic,8,1.0,7,12.620000000000012,0.24805882352941205
all_priority_groups,optimistic,8,1.0,8,15.460000000000013,0.30652941176470616
all_priority_groups,optimistic,8,2.0,1,0.5400000000000001,0.01
all_priority_groups,optimistic,8,2.0,2,0.9600000000000005,0.01
all_priority_groups,optimistic,8,2.0,3,1.3000000000000007,0.01
all_priority_groups,optimistic,8,2.0,4,2.940000000000002,0.01
all_priority_groups,optimistic,8,2.0,5,6.140000000000006,0.11464705882352955
all_priority_groups,optimistic,8,2.0,6,8.060000000000008,0.15417647058823547
all_priority_groups,optimistic,8,2.0,7,12.620000000000012,0.24805882352941205
all_priority_groups,optimistic,8,2.0,8,15.460000000000013,0.30652941176470616
all_priority_groups,optimistic,8,4.0,1,0.5400000000000001,0.01
all_priority_groups,optimistic,8,4.0,2,0.9600000000000005,0.01
all_priority_groups,optimistic,8,4.0,3,1.3000000000000007,0.01
all_priority_groups,optimistic,8,4.0,4,2.940000000000002,0.01
all_priority_groups,optimistic,8,4.0,5,6.140000000000006,0.11464705882352955
all_priority_groups,optimistic,8,4.0,6,8.060000000000008,0.15417647058823547
all_priority_groups,optimistic,8,4.0,7,12.620000000000012,0.24805882352941205
all_priority_groups,optimistic,8,4.0,8,15.460000000000013,0.30652941176470616
all_priority_groups,optimistic,10,1.0,1,0.5400000000000001,0.01
all_priority_groups,optimistic,10,1.0,2,0.9600000000000005,0.01
all_priority_groups,optimistic,10,1.0,3,1.3000000000000007,0.01
all_priority_groups,optimistic,10,1.0,4,2.940000000000002,0.01
all_priority_groups,optimistic,10,1.0,5,2.960000000000002,0.01
all_priority_groups,optimistic,10,1.0,6,6.140000000000006,0.11464705882352955
all_priority_groups,optimistic,10,1.0,7,8.060000000000008,0.15417647058823547
all_priority_groups,optimistic,10,1.0,8,12.620000000000012,0.24805882352941205
all_priority_groups,optimistic,10,1.0,9,12.880000000000011,0.2534117647058826
all_priority_groups,optimistic,10,1.0,10,15.460000000000013,0.30652941176470616
all_priority_groups,optimistic,10,2.0,1,0.5200000000000001,0.01
all_priority_groups,optimistic,10,2.0,2,0.5400000000000001,0.01
all_priority_groups,optimistic,10,2.0,3,0.9600000000000005,0.01
all_priority_groups,optimistic,10,2.0,4,1.3000000000000007,0.01
all_priority_groups,optimistic,10,2.0,5,2.940000000000002,0.01
all_priority_groups,optimistic,10,2.0,6,2.960000000000002,0.01
all_priority_groups,optimistic,10,2.0,7,6.140000000000006,0.11464705882352955
all_priority_groups,optimistic,10,2.0,8,8.060000000000008,0.15417647058823547
all_priority_groups,optimistic,10,2.0,9,12.620000000000012,0.24805882352941205
all_priority_groups,optimistic,10,2.0,10,15.460000000000013,0.30652941176470616
all_priority_groups,optimistic,10,4.0,1,0.5400000000000001,0.01
all_priority_groups,optimistic,10,4.0,2,0.9200000000000005,0.01
all_priority_groups,optimistic,10,4.0,3,0.9600000000000005,0.01
all_priority_groups,optimistic,10,4.0,4,1.3000000000000007,0.01
all_priority_groups,optimistic,10,4.0,5,2.820000000000002,0.01
all_priority_groups,optimistic,10,4.0,6,2.940000000000002,0.01
all_priority_groups,optimistic,10,4.0,7,6.140000000000006,0.11464705882352955
all_priority_groups,optimistic,10,4.0,8,8.060000000000008,0.15417647058823547
all_priority_groups,optimistic,10,4.0,9,12.620000000000012,0.24805882352941205
all_priority_groups,optimistic,10,4.0,10,15.460000000000013,0.30652941176470616
all_priority_groups,optimistic,12,1.0,1,0.5200000000000001,0.01
all_priority_groups,optimistic,12,1.0,2,0.5400000000000001,0.01
all_priority_groups,optimistic,12,1.0,3,0.9600000000000005,0.01
all_priority_groups,optimistic,12,1.0,4,1.3000000000000007,0.01
all_priority_groups,optimistic,12,1.0,5,2.940000000000002,0.01
all_priority_groups,optimistic,12,1.0,6,2.960000000000002,0.01
all_priority_groups,optimistic,12,1.0,7,6.140000000000006,0.11464705882352955
all_priority_groups,optimistic,12,1.0,8,8.060000000000008,0.15417647058823547
all_priority_groups,optimistic,12,1.0,9,12.620000000000012,0.24805882352941205
all_priority_groups,optimistic,12,1.0,10,12.880000000000011,0.2534117647058826
all_priority_groups,optimistic,12,1.0,11,15.460000000000013,0.30652941176470616
all_priority_groups,optimistic,12,1.0,12,15.880000000000015,0.3151764705882356
all_priority_groups,optimistic,12,2.0,1,0.5200000000000001,0.01
all_priority_groups,optimistic,12,2.0,2,0.5400000000000001,0.01
all_priority_groups,optimistic,12,2.0,3,0.9400000000000005,0.01
all_priority_groups,optimistic,12,2.0,4,0.9600000000000005,0.01
all_priority_groups,optimistic,12,2.0,5,1.3000000000000007,0.01
all_priority_groups,optimistic,12,2.0,6,2.940000000000002,0.01
all_priority_groups,optimistic,12,2.0,7,2.960000000000002,0.01
all_priority_groups,optimistic,12,2.0,8,6.140000000000006,0.11464705882352955
all_priority_groups,optimistic,12,2.0,9,8.060000000000008,0.15417647058823547
all_priority_groups,optimistic,12,2.0,10,12.620000000000012,0.24805882352941205
all_priority_groups,optimistic,12,2.0,11,13.960000000000013,0.27564705882352974
all_priority_groups,optimistic,12,2.0,12,15.460000000000013,0.30652941176470616
all_priority_groups,optimistic,12,4.0,1,0.5400000000000001,0.01
all_priority_groups,optimistic,12,4.0,2,0.5800000000000002,0.01
all_priority_groups,optimistic,12,4.0,3,0.9200000000000005,0.01
all_priority_groups,optimistic,12,4.0,4,0.9600000000000005,0.01
all_priority_groups,optimistic,12,4.0,5,1.3000000000000007,0.01
all_priority_groups,optimistic,12,4.0,6,2.820000000000002,0.01
all_priority_groups,optimistic,12,4.0,7,2.940000000000002,0.01
all_priority_groups,optimistic,12,4.0,8,6.140000000000006,0.11464705882352955
all_priority_groups,optimistic,12,4.0,9,8.060000000000008,0.15417647058823547
all_priority_groups,optimistic,12,4.0,10,12.620000000000012,0.24805882352941205
all_priority_groups,optimistic,12,4.0,11,13.960000000000013,0.27564705882352974
all_priority_groups,optimistic,12,4.0,12,15.460000000000013,0.30652941176470616
all_priority_groups,optimistic,16,1.0,1,0.5200000000000001,0.01
all_priority_groups,optimistic,16,1.0,2,0.5400000000000001,0.01
all_priority_groups,optimistic,16,1.0,3,0.9400000000000005,0.01
all_priority_groups,optimistic,16,1.0,4,0.9600000000000005,0.01
all_priority_groups,optimistic,16,1.0,5,1.3000000000000007,0.01
all_priority_groups,optimistic,16,1.0,6,1.3200000000000007,0.01
all_priority_groups,optimistic,16,1.0,7,2.920000000000002,0.01
all_priority_groups,optimistic,16,1.0,8,2.940000000000002,0.01
all_priority_groups,optimistic,16,1.0,9,2.960000000000002,0.01
all_priority_groups,optimistic,16,1.0,10,6.140000000000006,0.11464705882352955
all_priority_groups,optimistic,16,1.0,11,8.060000000000008,0.15417647058823547
all_priority_groups,optimistic,16,1.0,12,12.620000000000012,0.24805882352941205
all_priority_groups,optimistic,16,1.0,13,12.880000000000011,0.2534117647058826
all_priority_groups,optimistic,16,1.0,14,15.000000000000012,0.29705882352941204
all_priority_groups,optimistic,16,1.0,15,15.460000000000013,0.30652941176470616
all_priority_groups,optimistic,16,1.0,16,15.880000000000015,0.3151764705882356
all_priority_groups,optimistic,16,2.0,1,0.5200000000000001,0.01
all_priority_groups,optimistic,16,2.0,2,0.5400000000000001,0.01
all_priority_groups,optimistic,16,2.0,3,0.5600000000000002,0.01
all_priority_groups,optimistic,16,2.0,4,0.9400000000000005,0.01
all_priority_groups,optimistic,16,2.0,5,0.9600000000000005,0.01
all_priority_groups,optimistic,16,2.0,6,1.3000000000000007,0.01
all_priority_groups,optimistic,16,2.0,7,1.3200000000000007,0.01
all_priority_groups,optimistic,16,2.0,8,2.920000000000002,0.01
all_priority_groups,optimistic,16,2.0,9,2.940000000000002,0.01
all_priority_groups,optimistic,16,2.0,10,2.960000000000002,0.01
all_priority_groups,optimistic,16,2.0,11,6.140000000000006,0.11464705882352955
all_priority_groups,optimistic,16,2.0,12,8.060000000000008,0.15417647058823547
all_priority_groups,optimistic,16,2.0,13,12.620000000000012,0.24805882352941205
all_priority_groups,optimistic,16,2.0,14,13.960000000000013,0.27564705882352974
all_priority_groups,optimistic,16,2.0,15,15.460000000000013,0.30652941176470616
all_priority_groups,optimistic,16,2.0,16,16.100000000000012,0.31970588235294145
all_priority_groups,optimistic,16,4.0,1,0.5000000000000001,0.01
all_priority_groups,optimistic,16,4.0,2,0.5400000000000001,0.01
all_priority_groups,optimistic,16,4.0,3,0.5800000000000002,0.01
all_priority_groups,optimistic,16,4.0,4,0.9200000000000005,0.01
all_priority_groups,optimistic,16,4.0,5,0.9600000000000005,0.01
all_priority_groups,optimistic,16,4.0,6,1.3000000000000007,0.01
all_priority_groups,optimistic,16,4.0,7,1.3400000000000007,0.01
all_priority_groups,optimistic,16,4.0,8,2.720000000000002,0.01
all_priority_groups,optimistic,16,4.0,9,2.820000000000002,0.01
all_priority_groups,optimistic,16,4.0,10,2.940000000000002,0.01
all_priority_groups,optimistic,16,4.0,11,2.980000000000002,0.01
all_priority_groups,optimistic,16,4.0,12,6.140000000000006,0.11464705882352955
all_priority_groups,optimistic,16,4.0,13,8.060000000000008,0.15417647058823547
all_priority_groups,optimistic,16,4.0,14,12.620000000000012,0.24805882352941205
all_priority_groups,optimistic,16,4.0,15,13.960000000000013,0.27564705882352974
all_priority_groups,optimistic,16,4.0,16,15.460000000000013,0.30652941176470616
all_priority_groups,optimistic,20,1.0,1,0.5200000000000001,0.01
all_priority_groups,optimistic,20,1.0,2,0.5400000000000001,0.01
all_priority_groups,optimistic,20,1.0,3,0.5600000000000002,0.01
all_priority_groups,optimistic,20,1.0,4,0.9200000000000005,0.01
all_priority_groups,optimistic,20,1.0,5,0.9400000000000005,0.01
all_priority_groups,optimistic,20,1.0,6,0.9600000000000005,0.01
all_priority_groups,optimistic,20,1.0,7,1.3000000000000007,0.01
all_priority_groups,optimistic,20,1.0,8,1.3200000000000007,0.01
all_priority_groups,optimistic,20,1.0,9,2.920000000000002,0.01
all_priority_groups,optimistic,20,1.0,10,2.940000000000002,0.01
all_priority_groups,optimistic,20,1.0,11,2.960000000000002,0.01
all_priority_groups,optimistic,20,1.0,12,6.140000000000006,0.11464705882352955
all_priority_groups,optimistic,20,1.0,13,8.060000000000008,0.15417647058823547
all_priority_groups,optimistic,20,1.0,14,12.360000000000012,0.24270588235294144
all_priority_groups,optimistic,20,1.0,15,12.620000000000012,0.24805882352941205
all_priority_groups,optimistic,20,1.0,16,12.880000000000011,0.2534117647058826
all_priority_groups,optimistic,20,1.0,17,13.960000000000013,0.27564705882352974
all_priority_groups,optimistic,20,1.0,18,15.000000000000012,0.29705882352941204
all_priority_groups,optimistic,20,1.0,19,15.460000000000013,0.30652941176470616
all_priority_groups,optimistic,20,1.0,20,15.880000000000015,0.3151764705882356
all_priority_groups,optimistic,20,2.0,1,0.5200000000000001,0.01
all_priority_groups,optimistic,20,2.0,2,0.5400000000000001,0.01
all_priority_groups,optimistic,20,2.0,3,0.5600000000000002,0.01
all_priority_groups,optimistic,20,2.0,4,0.9200000000000005,0.01
all_priority_groups,optimistic,20,2.0,5,0.9400000000000005,0.01
all_priority_groups,optimistic,20,2.0,6,0.9600000000000005,0.01
all_priority_groups,optimistic,20,2.0,7,1.3000000000000007,0.01
all_priority_groups,optimistic,20,2.0,8,1.3200000000000007,0.01
all_priority_groups,optimistic,20,2.0,9,2.820000000000002,0.01
all_priority_groups,optimistic,20,2.0,10,2.920000000000002,0.01
all_priority_groups,optimistic,20,2.0,11,2.940000000000002,0.01
all_priority_groups,optimistic,20,2.0,12,2.960000000000002,0.01
all_priority_groups,optimistic,20,2.0,13,6.140000000000006,0.11464705882352955
all_priority_groups,optimistic,20,2.0,14,8.060000000000008,0.15417647058823547
all_priority_groups,optimistic,20,2.0,15,12.12000000000001,0.23776470588235316
all_priority_groups,optimistic,20,2.0,16,12.620000000000012,0.24805882352941205
all_priority_groups,optimistic,20,2.0,17,13.960000000000013,0.27564705882352974
all_priority_groups,optimistic,20,2.0,18,14.840000000000012,0.2937647058823532
all_priority_groups,optimistic,20,2.0,19,15.460000000000013,0.30652941176470616
all_priority_groups,optimistic,20,2.0,20,16.100000000000012,0.31970588235294145
all_priority_groups,optimistic,20,4.0,1,0.5000000000000001,0.01
all_priority_groups,optimistic,20,4.0,2,0.5400000000000001,0.01
all_priority_groups,optimistic,20,4.0,3,0.5800000000000002,0.01
all_priority_groups,optimistic,20,4.0,4,0.8800000000000004,0.01
all_priority_groups,optimistic,20,4.0,5,0.9200000000000005,0.01
all_priority_groups,optimistic,20,4.0,6,0.9600000000000005,0.01
all_priority_groups,optimistic,20,4.0,7,1.2600000000000007,0.01
all_priority_groups,optimistic,20,4.0,8,1.3000000000000007,0.01
all_priority_groups,optimistic,20,4.0,9,1.3400000000000007,0.01
all_priority_groups,optimistic,20,4.0,10,2.720000000000002,0.01
all_priority_groups,optimistic,20,4.0,11,2.820000000000002,0.01
all_priority_groups,optimistic,20,4.0,12,2.900000000000002,0.01
all_priority_groups,optimistic,20,4.0,13,2.940000000000002,0.01
all_priority_groups,optimistic,20,4.0,14,2.980000000000002,0.01
all_priority_groups,optimistic,20,4.0,15,6.140000000000006,0.11464705882352955
all_priority_groups,optimistic,20,4.0,16,7.380000000000006,0.14017647058823543
all_priority_groups,optimistic,20,4.0,17,8.060000000000008,0.15417647058823547
all_priority_groups,optimistic,20,4.0,18,12.620000000000012,0.24805882352941205
all_priority_groups,optimistic,20,4.0,19,13.960000000000013,0.27564705882352974
all_priority_groups,optimistic,20,4.0,20,15.460000000000013,0.30652941176470616
all_priority_groups,reference,4,1.0,1,1.3000000000000007,0.01
all_priority_groups,reference,4,1.0,2,2.940000000000002,0.01
all_priority_groups,reference,4,1.0,3,12.620000000000012,0.24805882352941205
all_priority_groups,reference,4,1.0,4,15.460000000000013,0.30652941176470616
all_priority_groups,reference,4,2.0,1,1.3000000000000007,0.01
all_priority_groups,reference,4,2.0,2,2.940000000000002,0.01
all_priority_groups,reference,4,2.0,3,12.620000000000012,0.24805882352941205
all_priority_groups,reference,4,2.0,4,15.460000000000013,0.30652941176470616
all_priority_groups,reference,4,4.0,1,1.3000000000000007,0.01
all_priority_groups,reference,4,4.0,2,2.940000000000002,0.01
all_priority_groups,reference,4,4.0,3,12.620000000000012,0.24805882352941205
all_priority_groups,reference,4,4.0,4,15.460000000000013,0.30652941176470616
all_priority_groups,reference,5,1.0,1,1.3000000000000007,0.01
all_priority_groups,reference,5,1.0,2,2.940000000000002,0.01
all_priority_groups,reference,5,1.0,3,8.060000000000008,0.15417647058823547
all_priority_groups,reference,5,1.0,4,12.620000000000012,0.24805882352941205
all_priority_groups,reference,5,1.0,5,15.460000000000013,0.30652941176470616
all_priority_groups,reference,5,2.0,1,1.3000000000000007,0.01
all_priority_groups,reference,5,2.0,2,2.940000000000002,0.01
all_priority_groups,reference,5,2.0,3,8.060000000000008,0.15417647058823547
all_priority_groups,reference,5,2.0,4,12.620000000000012,0.24805882352941205
all_priority_groups,reference,5,2.0,5,15.460000000000013,0.30652941176470616
all_priority_groups,reference,5,4.0,1,1.3000000000000007,0.01
all_priority_groups,reference,5,4.0,2,2.940000000000002,0.01
all_priority_groups,reference,5,4.0,3,8.060000000000008,0.15417647058823547
all_priority_groups,reference,5,4.0,4,12.620000000000012,0.24805882352941205
all_priority_groups,reference,5,4.0,5,15.460000000000013,0.30652941176470616
all_priority_groups,reference,6,1.0,1,0.5400000000000001,0.01
all_priority_groups,reference,6,1.0,2,1.3000000000000007,0.01
all_priority_groups,reference,6,1.0,3,2.940000000000002,0.01
all_priority_groups,reference,6,1.0,4,8.060000000000008,0.15417647058823547
all_priority_groups,reference,6,1.0,5,12.620000000000012,0.24805882352941205
all_priority_groups,reference,6,1.0,6,15.460000000000013,0.30652941176470616
all_priority_groups,reference,6,2.0,1,0.5400000000000001,0.01
all_priority_groups,reference,6,2.0,2,1.3000000000000007,0.01
all_priority_groups,reference,6,2.0,3,2.940000000000002,0.01
all_priority_groups,reference,6,2.0,4,8.060000000000008,0.15417647058823547
all_priority_groups,reference,6,2.0,5,12.620000000000012,0.24805882352941205
all_priority_groups,reference,6,2.0,6,15.460000000000013,0.30652941176470616
all_priority_groups,reference,6,4.0,1,0.5400000000000001,0.01
all_priority_groups,reference,6,4.0,2,1.3000000000000007,0.01
all_priority_groups,reference,6,4.0,3,2.940000000000002,0.01
all_priority_groups,reference,6,4.0,4,8.060000000000008,0.15417647058823547
all_priority_groups,reference,6,4.0,5,12.620000000000012,0.24805882352941205
all_priority_groups,reference,6,4.0,6,15.460000000000013,0.30652941176470616
all_priority_groups,reference,8,1.0,1,0.5400000000000001,0.01
all_priority_groups,reference,8,1.0,2,0.9600000000000005,0.01
all_priority_groups,reference,8,1.0,3,1.3000000000000007,0.01
all_priority_groups,reference,8,1.0,4,2.940000000000002,0.01
all_priority_groups,reference,8,1.0,5,6.140000000000006,0.11464705882352955
all_priority_groups,reference,8,1.0,6,8.060000000000008,0.15417647058823547
all_priority_groups,reference,8,1.0,7,12.620000000000012,0.24805882352941205
all_priority_groups,reference,8,1.0,8,15.460000000000013,0.30652941176470616
all_priority_groups,reference,8,2.0,1,0.5400000000000001,0.01
all_priority_groups,reference,8,2.0,2,0.9600000000000005,0.01
all_priority_groups,reference,8,2.0,3,1.3000000000000007,0.01
all_priority_groups,reference,8,2.0,4,2.940000000000002,0.01
all_priority_groups,reference,8,2.0,5,6.140000000000006,0.11464705882352955
all_priority_groups,reference,8,2.0,6,8.060000000000008,0.15417647058823547
all_priority_groups,reference,8,2.0,7,12.620000000000012,0.24805882352941205
all_priority_groups,reference,8,2.0,8,15.460000000000013,0.30652941176470616
all_priority_groups,reference,8,4.0,1,0.5400000000000001,0.01
all_priority_groups,reference,8,4.0,2,0.9600000000000005,0.01
all_priority_groups,reference,8,4.0,3,1.3000000000000007,0.01
all_priority_groups,reference,8,4.0,4,2.940000000000002,0.01
all_priority_groups,reference,8,4.0,5,6.140000000000006,0.11464705882352955
all_priority_groups,reference,8,4.0,6,8.060000000000008,0.15417647058823547
all_priority_groups,reference,8,4.0,7,12.620000000000012,0.24805882352941205
all_priority_groups,reference,8,4.0,8,15.460000000000013,0.30652941176470616
all_priority_groups,reference,10,1.0,1,0.5400000000000001,0.01
all_priority_groups,reference,10,1.0,2,0.9600000000000005,0.01
all_priority_groups,reference,10,1.0,3,1.3000000000000007,0.01
all_priority_groups,reference,10,1.0,4,2.940000000000002,0.01
all_priority_groups,reference,10,1.0,5,2.960000000000002,0.01
all_priority_groups,reference,10,1.0,6,6.140000000000006,0.11464705882352955
all_priority_groups,reference,10,1.0,7,8.060000000000008,0.15417647058823547
all_priority_groups,reference,10,1.0,8,12.620000000000012,0.24805882352941205
all_priority_groups,reference,10,1.0,9,12.880000000000011,0.2534117647058826
all_priority_groups,reference,10,1.0,10,15.460000000000013,0.30652941176470616
all_priority_groups,reference,10,2.0,1,0.5200000000000001,0.01
all_priority_groups,reference,10,2.0,2,0.5400000000000001,0.01
all_priority_groups,reference,10,2.0,3,0.9600000000000005,0.01
all_priority_groups,reference,10,2.0,4,1.3000000000000007,0.01
all_priority_groups,reference,10,2.0,5,2.940000000000002,0.01
all_priority_groups,reference,10,2.0,6,2.960000000000002,0.01
all_priority_groups,reference,10,2.0,7,6.140000000000006,0.11464705882352955
all_priority_groups,reference,10,2.0,8,8.060000000000008,0.15417647058823547
all_priority_groups,reference,10,2.0,9,12.620000000000012,0.24805882352941205
all_priority_groups,reference,10,2.0,10,15.460000000000013,0.30652941176470616
all_priority_groups,reference,10,4.0,1,0.5400000000000001,0.01
all_priority_groups,reference,10,4.0,2,0.9200000000000005,0.01
all_priority_groups,reference,10,4.0,3,0.9600000000000005,0.01
all_priority_groups,reference,10,4.0,4,1.3000000000000007,0.01
all_priority_groups,reference,10,4.0,5,2.820000000000002,0.01
all_priority_groups,reference,10,4.0,6,2.940000000000002,0.01
all_priority_groups,reference,10,4.0,7,6.140000000000006,0.11464705882352955
all_priority_groups,reference,10,4.0,8,8.060000000000008,0.15417647058823547
all_priority_groups,reference,10,4.0,9,12.620000000000012,0.24805882352941205
all_priority_groups,reference,10,4.0,10,15.460000000000013,0.30652941176470616
all_priority_groups,reference,12,1.0,1,0.5200000000000001,0.01
all_priority_groups,reference,12,1.0,2,0.5400000000000001,0.01
all_priority_groups,reference,12,1.0,3,0.9600000000000005,0.01
all_priority_groups,reference,12,1.0,4,1.3000000000000007,0.01
all_priority_groups,reference,12,1.0,5,2.940000000000002,0.01
all_priority_groups,reference,12,1.0,6,2.960000000000002,0.01
all_priority_groups,reference,12,1.0,7,6.140000000000006,0.11464705882352955
all_priority_groups,reference,12,1.0,8,8.060000000000008,0.15417647058823547
all_priority_groups,reference,12,1.0,9,12.620000000000012,0.24805882352941205
all_priority_groups,reference,12,1.0,10,12.880000000000011,0.2534117647058826
all_priority_groups,reference,12,1.0,11,15.460000000000013,0.30652941176470616
all_priority_groups,reference,12,1.0,12,15.880000000000015,0.3151764705882356
all_priority_groups,reference,12,2.0,1,0.5200000000000001,0.01
all_priority_groups,reference,12,2.0,2,0.5400000000000001,0.01
all_priority_groups,reference,12,2.0,3,0.9400000000000005,0.01
all_priority_groups,reference,12,2.0,4,0.9600000000000005,0.01
all_priority_groups,reference,12,2.0,5,1.3000000000000007,0.01
all_priority_groups,reference,12,2.0,6,2.940000000000002,0.01
all_priority_groups,reference,12,2.0,7,2.960000000000002,0.01
all_priority_groups,reference,12,2.0,8,6.140000000000006,0.11464705882352955
all_priority_groups,reference,12,2.0,9,8.060000000000008,0.15417647058823547
all_priority_groups,reference,12,2.0,10,12.620000000000012,0.24805882352941205
all_priority_groups,reference,12,2.0,11,13.960000000000013,0.27564705882352974
all_priority_groups,reference,12,2.0,12,15.460000000000013,0.30652941176470616
all_priority_groups,reference,12,4.0,1,0.5400000000000001,0.01
all_priority_groups,reference,12,4.0,2,0.5800000000000002,0.01
all_priority_groups,reference,12,4.0,3,0.9200000000000005,0.01
all_priority_groups,reference,12,4.0,4,0.9600000000000005,0.01
all_priority_groups,reference,12,4.0,5,1.3000000000000007,0.01
all_priority_groups,reference,12,4.0,6,2.820000000000002,0.01
all_priority_groups,reference,12,4.0,7,2.940000000000002,0.01
all_priority_groups,reference,12,4.0,8,6.140000000000006,0.11464705882352955
all_priority_groups,reference,12,4.0,9,8.060000000000008,0.15417647058823547
all_priority_groups,reference,12,4.0,10,12.620000000000012,0.24805882352941205
all_priority_groups,reference,12,4.0,11,13.960000000000013,0.27564705882352974
all_priority_groups,reference,12,4.0,12,15.460000000000013,0.30652941176470616
all_priority_groups,reference,16,1.0,1,0.5200000000000001,0.01
all_priority_groups,reference,16,1.0,2,0.5400000000000001,0.01
all_priority_groups,reference,16,1.0,3,0.9400000000000005,0.01
all_priority_groups,reference,16,1.0,4,0.9600000000000005,0.01
all_priority_groups,reference,16,1.0,5,1.3000000000000007,0.01
all_priority_groups,reference,16,1.0,6,1.3200000000000007,0.01
all_priority_groups,reference,16,1.0,7,2.920000000000002,0.01
all_priority_groups,reference,16,1.0,8,2.940000000000002,0.01
all_priority_groups,reference,16,1.0,9,2.960000000000002,0.01
all_priority_groups,reference,16,1.0,10,6.140000000000006,0.11464705882352955
all_priority_groups,reference,16,1.0,11,8.060000000000008,0.15417647058823547
all_priority_groups,reference,16,1.0,12,12.620000000000012,0.24805882352941205
all_priority_groups,reference,16,1.0,13,12.880000000000011,0.2534117647058826
all_priority_groups,reference,16,1.0,14,15.000000000000012,0.29705882352941204
all_priority_groups,reference,16,1.0,15,15.460000000000013,0.30652941176470616
all_priority_groups,reference,16,1.0,16,15.880000000000015,0.3151764705882356
all_priority_groups,reference,16,2.0,1,0.5200000000000001,0.01
all_priority_groups,reference,16,2.0,2,0.5400000000000001,0.01
all_priority_groups,reference,16,2.0,3,0.5600000000000002,0.01
all_priority_groups,reference,16,2.0,4,0.9400000000000005,0.01
all_priority_groups,reference,16,2.0,5,0.9600000000000005,0.01
all_priority_groups,reference,16,2.0,6,1.3000000000000007,0.01
all_priority_groups,reference,16,2.0,7,1.3200000000000007,0.01
all_priority_groups,reference,16,2.0,8,2.920000000000002,0.01
all_priority_groups,reference,16,2.0,9,2.940000000000002,0.01
all_priority_groups,reference,16,2.0,10,2.960000000000002,0.01
all_priority_groups,reference,16,2.0,11,6.140000000000006,0.11464705882352955
all_priority_groups,reference,16,2.0,12,8.060000000000008,0.15417647058823547
all_priority_groups,reference,16,2.0,13,12.620000000000012,0.24805882352941205
all_priority_groups,reference,16,2.0,14,13.960000000000013,0.27564705882352974
all_priority_groups,reference,16,2.0,15,15.460000000000013,0.30652941176470616
all_priority_groups,reference,16,2.0,16,16.100000000000012,0.31970588235294145
all_priority_groups,reference,16,4.0,1,0.5000000000000001,0.01
all_priority_groups,reference,16,4.0,2,0.5400000000000001,0.01
all_priority_groups,reference,16,4.0,3,0.5800000000000002,0.01
all_priority_groups,reference,16,4.0,4,0.9200000000000005,0.01
all_priority_groups,reference,16,4.0,5,0.9600000000000005,0.01
all_priority_groups,reference,16,4.0,6,1.3000000000000007,0.01
all_priority_groups,reference,16,4.0,7,1.3400000000000007,0.01
all_priority_groups,reference,16,4.0,8,2.720000000000002,0.01
all_priority_groups,reference,16,4.0,9,2.820000000000002,0.01
all_priority_groups,reference,16,4.0,10,2.940000000000002,0.01
all_priority_groups,reference,16,4.0,11,2.980000000000002,0.01
all_priority_groups,reference,16,4.0,12,6.140000000000006,0.11464705882352955
all_priority_groups,reference,16,4.0,13,8.060000000000008,0.15417647058823547
all_priority_groups,reference,16,4.0,14,12.620000000000012,0.24805882352941205
all_priority_groups,reference,16,4.0,15,13.960000000000013,0.27564705882352974
all_priority_groups,reference,16,4.0,16,15.460000000000013,0.30652941176470616
all_priority_groups,reference,20,1.0,1,0.5200000000000001,0.01
all_priority_groups,reference,20,1.0,2,0.5400000000000001,0.01
all_priority_groups,reference,20,1.0,3,0.5600000000000002,0.01
all_priority_groups,reference,20,1.0,4,0.9200000000000005,0.01
all_priority_groups,reference,20,1.0,5,0.9400000000000005,0.01
all_priority_groups,reference,20,1.0,6,0.9600000000000005,0.01
all_priority_groups,reference,20,1.0,7,1.3000000000000007,0.01
all_priority_groups,reference,20,1.0,8,1.3200000000000007,0.01
all_priority_groups,reference,20,1.0,9,2.920000000000002,0.01
all_priority_groups,reference,20,1.0,10,2.940000000000002,0.01
all_priority_groups,reference,20,1.0,11,2.960000000000002,0.01
all_priority_groups,reference,20,1.0,12,6.140000000000006,0.11464705882352955
all_priority_groups,reference,20,1.0,13,8.060000000000008,0.15417647058823547
all_priority_groups,reference,20,1.0,14,12.360000000000012,0.24270588235294144
all_priority_groups,reference,20,1.0,15,12.620000000000012,0.24805882352941205
all_priority_groups,reference,20,1.0,16,12.880000000000011,0.2534117647058826
all_priority_groups,reference,20,1.0,17,13.960000000000013,0.27564705882352974
all_priority_groups,reference,20,1.0,18,15.000000000000012,0.29705882352941204
all_priority_groups,reference,20,1.0,19,15.460000000000013,0.30652941176470616
all_priority_groups,reference,20,1.0,20,15.880000000000015,0.3151764705882356
all_priority_groups,reference,20,2.0,1,0.5200000000000001,0.01
all_priority_groups,reference,20,2.0,2,0.5400000000000001,0.01
all_priority_groups,reference,20,2.0,3,0.5600000000000002,0.01
all_priority_groups,reference,20,2.0,4,0.9200000000000005,0.01
all_priority_groups,reference,20,2.0,5,0.9400000000000005,0.01
all_priority_groups,reference,20,2.0,6,0.9600000000000005,0.01
all_priority_groups,reference,20,2.0,7,1.3000000000000007,0.01
all_priority_groups,reference,20,2.0,8,1.3200000000000007,0.01
all_priority_groups,reference,20,2.0,9,2.820000000000002,0.01
all_priority_groups,reference,20,2.0,10,2.920000000000002,0.01
all_priority_groups,reference,20,2.0,11,2.940000000000002,0.01
all_priority_groups,reference,20,2.0,12,2.960000000000002,0.01
all_priority_groups,reference,20,2.0,13,6.140000000000006,0.11464705882352955
all_priority_groups,reference,20,2.0,14,8.060000000000008,0.15417647058823547
all_priority_groups,reference,20,2.0,15,12.12000000000001,0.23776470588235316
all_priority_groups,reference,20,2.0,16,12.620000000000012,0.24805882352941205
all_priority_groups,reference,20,2.0,17,13.960000000000013,0.27564705882352974
all_priority_groups,reference,20,2.0,18,14.840000000000012,0.2937647058823532
all_priority_groups,reference,20,2.0,19,15.460000000000013,0.30652941176470616
all_priority_groups,reference,20,2.0,20,16.100000000000012,0.31970588235294145
all_priority_groups,reference,20,4.0,1,0.5000000000000001,0.01
all_priority_groups,reference,20,4.0,2,0.5400000000000001,0.01
all_priority_groups,reference,20,4.0,3,0.5800000000000002,0.01
all_priority_groups,reference,20,4.0,4,0.8800000000000004,0.01
all_priority_groups,reference,20,4.0,5,0.9200000000000005,0.01
all_priority_groups,reference,20,4.0,6,0.9600000000000005,0.01
all_priority_groups,reference,20,4.0,7,1.2600000000000007,0.01
all_priority_groups,reference,20,4.0,8,1.3000000000000007,0.01
all_priority_groups,reference,20,4.0,9,1.3400000000000007,0.01
all_priority_groups,reference,20,4.0,10,2.720000000000002,0.01
all_priority_groups,reference,20,4.0,11,2.820000000000002,0.01
all_priority_groups,reference,20,4.0,12,2.900000000000002,0.01
all_priority_groups,reference,20,4.0,13,2.940000000000002,0.01
all_priority_groups,reference,20,4.0,14,2.980000000000002,0.01
all_priority_groups,reference,20,4.0,15,6.140000000000006,0.11464705882352955
all_priority_groups,reference,20,4.0,16,7.380000000000006,0.14017647058823543
all_priority_groups,reference,20,4.0,17,8.060000000000008,0.15417647058823547
all_priority_groups,reference,20,4.0,18,12.620000000000012,0.24805882352941205
all_priority_groups,reference,20,4.0,19,13.960000000000013,0.27564705882352974
all_priority_groups,reference,20,4.0,20,15.460000000000013,0.30652941176470616
all_priority_groups,stressed,4,1.0,1,1.3000000000000007,0.01
all_priority_groups,stressed,4,1.0,2,2.940000000000002,0.01
all_priority_groups,stressed,4,1.0,3,12.620000000000012,0.24805882352941205
all_priority_groups,stressed,4,1.0,4,15.460000000000013,0.30652941176470616
all_priority_groups,stressed,4,2.0,1,1.3000000000000007,0.01
all_priority_groups,stressed,4,2.0,2,2.940000000000002,0.01
all_priority_groups,stressed,4,2.0,3,12.620000000000012,0.24805882352941205
all_priority_groups,stressed,4,2.0,4,15.460000000000013,0.30652941176470616
all_priority_groups,stressed,4,4.0,1,1.3000000000000007,0.01
all_priority_groups,stressed,4,4.0,2,2.940000000000002,0.01
all_priority_groups,stressed,4,4.0,3,12.620000000000012,0.24805882352941205
all_priority_groups,stressed,4,4.0,4,15.460000000000013,0.30652941176470616
all_priority_groups,stressed,5,1.0,1,1.3000000000000007,0.01
all_priority_groups,stressed,5,1.0,2,2.940000000000002,0.01
all_priority_groups,stressed,5,1.0,3,8.060000000000008,0.15417647058823547
all_priority_groups,stressed,5,1.0,4,12.620000000000012,0.24805882352941205
all_priority_groups,stressed,5,1.0,5,15.460000000000013,0.30652941176470616
all_priority_groups,stressed,5,2.0,1,1.3000000000000007,0.01
all_priority_groups,stressed,5,2.0,2,2.940000000000002,0.01
all_priority_groups,stressed,5,2.0,3,8.060000000000008,0.15417647058823547
all_priority_groups,stressed,5,2.0,4,12.620000000000012,0.24805882352941205
all_priority_groups,stressed,5,2.0,5,15.460000000000013,0.30652941176470616
all_priority_groups,stressed,5,4.0,1,1.3000000000000007,0.01
all_priority_groups,stressed,5,4.0,2,2.940000000000002,0.01
all_priority_groups,stressed,5,4.0,3,8.060000000000008,0.15417647058823547
all_priority_groups,stressed,5,4.0,4,12.620000000000012,0.24805882352941205
all_priority_groups,stressed,5,4.0,5,15.460000000000013,0.30652941176470616
all_priority_groups,stressed,6,1.0,1,0.5400000000000001,0.01
all_priority_groups,stressed,6,1.0,2,1.3000000000000007,0.01
all_priority_groups,stressed,6,1.0,3,2.940000000000002,0.01
all_priority_groups,stressed,6,1.0,4,8.060000000000008,0.15417647058823547
all_priority_groups,stressed,6,1.0,5,12.620000000000012,0.24805882352941205
all_priority_groups,stressed,6,1.0,6,15.460000000000013,0.30652941176470616
all_priority_groups,stressed,6,2.0,1,0.5400000000000001,0.01
all_priority_groups,stressed,6,2.0,2,1.3000000000000007,0.01
all_priority_groups,stressed,6,2.0,3,2.940000000000002,0.01
all_priority_groups,stressed,6,2.0,4,8.060000000000008,0.15417647058823547
all_priority_groups,stressed,6,2.0,5,12.620000000000012,0.24805882352941205
all_priority_groups,stressed,6,2.0,6,15.460000000000013,0.30652941176470616
all_priority_groups,stressed,6,4.0,1,0.5400000000000001,0.01
all_priority_groups,stressed,6,4.0,2,1.3000000000000007,0.01
all_priority_groups,stressed,6,4.0,3,2.940000000000002,0.01
all_priority_groups,stressed,6,4.0,4,8.060000000000008,0.15417647058823547
all_priority_groups,stressed,6,4.0,5,12.620000000000012,0.24805882352941205
all_priority_groups,stressed,6,4.0,6,15.460000000000013,0.30652941176470616
all_priority_groups,stressed,8,1.0,1,0.5400000000000001,0.01
all_priority_groups,stressed,8,1.0,2,0.9600000000000005,0.01
all_priority_groups,stressed,8,1.0,3,1.3000000000000007,0.01
all_priority_groups,stressed,8,1.0,4,2.940000000000002,0.01
all_priority_groups,stressed,8,1.0,5,6.140000000000006,0.11464705882352955
all_priority_groups,stressed,8,1.0,6,8.060000000000008,0.15417647058823547
all_priority_groups,stressed,8,1.0,7,12.620000000000012,0.24805882352941205
all_priority_groups,stressed,8,1.0,8,15.460000000000013,0.30652941176470616
all_priority_groups,stressed,8,2.0,1,0.5400000000000001,0.01
all_priority_groups,stressed,8,2.0,2,0.9600000000000005,0.01
all_priority_groups,stressed,8,2.0,3,1.3000000000000007,0.01
all_priority_groups,stressed,8,2.0,4,2.940000000000002,0.01
all_priority_groups,stressed,8,2.0,5,6.140000000000006,0.11464705882352955
all_priority_groups,stressed,8,2.0,6,8.060000000000008,0.15417647058823547
all_priority_groups,stressed,8,2.0,7,12.620000000000012,0.24805882352941205
all_priority_groups,stressed,8,2.0,8,15.460000000000013,0.30652941176470616
all_priority_groups,stressed,8,4.0,1,0.5400000000000001,0.01
all_priority_groups,stressed,8,4.0,2,0.9600000000000005,0.01
all_priority_groups,stressed,8,4.0,3,1.3000000000000007,0.01
all_priority_groups,stressed,8,4.0,4,2.940000000000002,0.01
all_priority_groups,stressed,8,4.0,5,6.140000000000006,0.11464705882352955
all_priority_groups,stressed,8,4.0,6,8.060000000000008,0.15417647058823547
all_priority_groups,stressed,8,4.0,7,12.620000000000012,0.24805882352941205
all_priority_groups,stressed,8,4.0,8,15.460000000000013,0.30652941176470616
all_priority_groups,stressed,10,1.0,1,0.5400000000000001,0.01
all_priority_groups,stressed,10,1.0,2,0.9600000000000005,0.01
all_priority_groups,stressed,10,1.0,3,1.3000000000000007,0.01
all_priority_groups,stressed,10,1.0,4,2.940000000000002,0.01
all_priority_groups,stressed,10,1.0,5,2.960000000000002,0.01
all_priority_groups,stressed,10,1.0,6,6.140000000000006,0.11464705882352955
all_priority_groups,stressed,10,1.0,7,8.060000000000008,0.15417647058823547
all_priority_groups,stressed,10,1.0,8,12.620000000000012,0.24805882352941205
all_priority_groups,stressed,10,1.0,9,12.880000000000011,0.2534117647058826
all_priority_groups,stressed,10,1.0,10,15.460000000000013,0.30652941176470616
all_priority_groups,stressed,10,2.0,1,0.5200000000000001,0.01
all_priority_groups,stressed,10,2.0,2,0.5400000000000001,0.01
all_priority_groups,stressed,10,2.0,3,0.9600000000000005,0.01
all_priority_groups,stressed,10,2.0,4,1.3000000000000007,0.01
all_priority_groups,stressed,10,2.0,5,2.940000000000002,0.01
all_priority_groups,stressed,10,2.0,6,2.960000000000002,0.01
all_priority_groups,stressed,10,2.0,7,6.140000000000006,0.11464705882352955
all_priority_groups,stressed,10,2.0,8,8.060000000000008,0.15417647058823547
all_priority_groups,stressed,10,2.0,9,12.620000000000012,0.24805882352941205
all_priority_groups,stressed,10,2.0,10,15.460000000000013,0.30652941176470616
all_priority_groups,stressed,10,4.0,1,0.5400000000000001,0.01
all_priority_groups,stressed,10,4.0,2,0.9200000000000005,0.01
all_priority_groups,stressed,10,4.0,3,0.9600000000000005,0.01
all_priority_groups,stressed,10,4.0,4,1.3000000000000007,0.01
all_priority_groups,stressed,10,4.0,5,2.820000000000002,0.01
all_priority_groups,stressed,10,4.0,6,2.940000000000002,0.01
all_priority_groups,stressed,10,4.0,7,6.140000000000006,0.11464705882352955
all_priority_groups,stressed,10,4.0,8,8.060000000000008,0.15417647058823547
all_priority_groups,stressed,10,4.0,9,12.620000000000012,0.24805882352941205
all_priority_groups,stressed,10,4.0,10,15.460000000000013,0.30652941176470616
all_priority_groups,stressed,12,1.0,1,0.5200000000000001,0.01
all_priority_groups,stressed,12,1.0,2,0.5400000000000001,0.01
all_priority_groups,stressed,12,1.0,3,0.9600000000000005,0.01
all_priority_groups,stressed,12,1.0,4,1.3000000000000007,0.01
all_priority_groups,stressed,12,1.0,5,2.940000000000002,0.01
all_priority_groups,stressed,12,1.0,6,2.960000000000002,0.01
all_priority_groups,stressed,12,1.0,7,6.140000000000006,0.11464705882352955
all_priority_groups,stressed,12,1.0,8,8.060000000000008,0.15417647058823547
all_priority_groups,stressed,12,1.0,9,12.620000000000012,0.24805882352941205
all_priority_groups,stressed,12,1.0,10,12.880000000000011,0.2534117647058826
all_priority_groups,stressed,12,1.0,11,15.460000000000013,0.30652941176470616
all_priority_groups,stressed,12,1.0,12,15.880000000000015,0.3151764705882356
all_priority_groups,stressed,12,2.0,1,0.5200000000000001,0.01
all_priority_groups,stressed,12,2.0,2,0.5400000000000001,0.01
all_priority_groups,stressed,12,2.0,3,0.9400000000000005,0.01
all_priority_groups,stressed,12,2.0,4,0.9600000000000005,0.01
all_priority_groups,stressed,12,2.0,5,1.3000000000000007,0.01
all_priority_groups,stressed,12,2.0,6,2.940000000000002,0.01
all_priority_groups,stressed,12,2.0,7,2.960000000000002,0.01
all_priority_groups,stressed,12,2.0,8,6.140000000000006,0.11464705882352955
all_priority_groups,stressed,12,2.0,9,8.060000000000008,0.15417647058823547
all_priority_groups,stressed,12,2.0,10,12.620000000000012,0.24805882352941205
all_priority_groups,stressed,12,2.0,11,13.960000000000013,0.27564705882352974
all_priority_groups,stressed,12,2.0,12,15.460000000000013,0.30652941176470616
all_priority_groups,stressed,12,4.0,1,0.5400000000000001,0.01
all_priority_groups,stressed,12,4.0,2,0.5800000000000002,0.01
all_priority_groups,stressed,12,4.0,3,0.9200000000000005,0.01
all_priority_groups,stressed,12,4.0,4,0.9600000000000005,0.01
all_priority_groups,stressed,12,4.0,5,1.3000000000000007,0.01
all_priority_groups,stressed,12,4.0,6,2.820000000000002,0.01
all_priority_groups,stressed,12,4.0,7,2.940000000000002,0.01
all_priority_groups,stressed,12,4.0,8,6.140000000000006,0.11464705882352955
all_priority_groups,stressed,12,4.0,9,8.060000000000008,0.15417647058823547
all_priority_groups,stressed,12,4.0,10,12.620000000000012,0.24805882352941205
all_priority_groups,stressed,12,4.0,11,13.960000000000013,0.27564705882352974
all_priority_groups,stressed,12,4.0,12,15.460000000000013,0.30652941176470616
all_priority_groups,stressed,16,1.0,1,0.5200000000000001,0.01
all_priority_groups,stressed,16,1.0,2,0.5400000000000001,0.01
all_priority_groups,stressed,16,1.0,3,0.9400000000000005,0.01
all_priority_groups,stressed,16,1.0,4,0.9600000000000005,0.01
all_priority_groups,stressed,16,1.0,5,1.3000000000000007,0.01
all_priority_groups,stressed,16,1.0,6,1.3200000000000007,0.01
all_priority_groups,stressed,16,1.0,7,2.920000000000002,0.01
all_priority_groups,stressed,16,1.0,8,2.940000000000002,0.01
all_priority_groups,stressed,16,1.0,9,2.960000000000002,0.01
all_priority_groups,stressed,16,1.0,10,6.140000000000006,0.11464705882352955
all_priority_groups,stressed,16,1.0,11,8.060000000000008,0.15417647058823547
all_priority_groups,stressed,16,1.0,12,12.620000000000012,0.24805882352941205
all_priority_groups,stressed,16,1.0,13,12.880000000000011,0.2534117647058826
all_priority_groups,stressed,16,1.0,14,15.000000000000012,0.29705882352941204
all_priority_groups,stressed,16,1.0,15,15.460000000000013,0.30652941176470616
all_priority_groups,stressed,16,1.0,16,15.880000000000015,0.3151764705882356
all_priority_groups,stressed,16,2.0,1,0.5200000000000001,0.01
all_priority_groups,stressed,16,2.0,2,0.5400000000000001,0.01
all_priority_groups,stressed,16,2.0,3,0.5600000000000002,0.01
all_priority_groups,stressed,16,2.0,4,0.9400000000000005,0.01
all_priority_groups,stressed,16,2.0,5,0.9600000000000005,0.01
all_priority_groups,stressed,16,2.0,6,1.3000000000000007,0.01
all_priority_groups,stressed,16,2.0,7,1.3200000000000007,0.01
all_priority_groups,stressed,16,2.0,8,2.920000000000002,0.01
all_priority_groups,stressed,16,2.0,9,2.940000000000002,0.01
all_priority_groups,stressed,16,2.0,10,2.960000000000002,0.01
all_priority_groups,stressed,16,2.0,11,6.140000000000006,0.11464705882352955
all_priority_groups,stressed,16,2.0,12,8.060000000000008,0.15417647058823547
all_priority_groups,stressed,16,2.0,13,12.620000000000012,0.24805882352941205
all_priority_groups,stressed,16,2.0,14,13.960000000000013,0.27564705882352974
all_priority_groups,stressed,16,2.0,15,15.460000000000013,0.30652941176470616
all_priority_groups,stressed,16,2.0,16,16.100000000000012,0.31970588235294145
all_priority_groups,stressed,16,4.0,1,0.5000000000000001,0.01
all_priority_groups,stressed,16,4.0,2,0.5400000000000001,0.01
all_priority_groups,stressed,16,4.0,3,0.5800000000000002,0.01
all_priority_groups,stressed,16,4.0,4,0.9200000000000005,0.01
all_priority_groups,stressed,16,4.0,5,0.9600000000000005,0.01
all_priority_groups,stressed,16,4.0,6,1.3000000000000007,0.01
all_priority_groups,stressed,16,4.0,7,1.3400000000000007,0.01
all_priority_groups,stressed,16,4.0,8,2.720000000000002,0.01
all_priority_groups,stressed,16,4.0,9,2.820000000000002,0.01
all_priority_groups,stressed,16,4.0,10,2.940000000000002,0.01
all_priority_groups,stressed,16,4.0,11,2.980000000000002,0.01
all_priority_groups,stressed,16,4.0,12,6.140000000000006,0.11464705882352955
all_priority_groups,stressed,16,4.0,13,8.060000000000008,0.15417647058823547
all_priority_groups,stressed,16,4.0,14,12.620000000000012,0.24805882352941205
all_priority_groups,stressed,16,4.0,15,13.960000000000013,0.27564705882352974
all_priority_groups,stressed,16,4.0,16,15.460000000000013,0.30652941176470616
all_priority_groups,stressed,20,1.0,1,0.5200000000000001,0.01
all_priority_groups,stressed,20,1.0,2,0.5400000000000001,0.01
all_priority_groups,stressed,20,1.0,3,0.5600000000000002,0.01
all_priority_groups,stressed,20,1.0,4,0.9200000000000005,0.01
all_priority_groups,stressed,20,1.0,5,0.9400000000000005,0.01
all_priority_groups,stressed,20,1.0,6,0.9600000000000005,0.01
all_priority_groups,stressed,20,1.0,7,1.3000000000000007,0.01
all_priority_groups,stressed,20,1.0,8,1.3200000000000007,0.01
all_priority_groups,stressed,20,1.0,9,2.920000000000002,0.01
all_priority_groups,stressed,20,1.0,10,2.940000000000002,0.01
all_priority_groups,stressed,20,1.0,11,2.960000000000002,0.01
all_priority_groups,stressed,20,1.0,12,6.140000000000006,0.11464705882352955
all_priority_groups,stressed,20,1.0,13,8.060000000000008,0.15417647058823547
all_priority_groups,stressed,20,1.0,14,12.360000000000012,0.24270588235294144
all_priority_groups,stressed,20,1.0,15,12.620000000000012,0.24805882352941205
all_priority_groups,stressed,20,1.0,16,12.880000000000011,0.2534117647058826
all_priority_groups,stressed,20,1.0,17,13.960000000000013,0.27564705882352974
all_priority_groups,stressed,20,1.0,18,15.000000000000012,0.29705882352941204
all_priority_groups,stressed,20,1.0,19,15.460000000000013,0.30652941176470616
all_priority_groups,stressed,20,1.0,20,15.880000000000015,0.3151764705882356
all_priority_groups,stressed,20,2.0,1,0.5200000000000001,0.01
all_priority_groups,stressed,20,2.0,2,0.5400000000000001,0.01
all_priority_groups,stressed,20,2.0,3,0.5600000000000002,0.01
all_priority_groups,stressed,20,2.0,4,0.9200000000000005,0.01
all_priority_groups,stressed,20,2.0,5,0.9400000000000005,0.01
all_priority_groups,stressed,20,2.0,6,0.9600000000000005,0.01
all_priority_groups,stressed,20,2.0,7,1.3000000000000007,0.01
all_priority_groups,stressed,20,2.0,8,1.3200000000000007,0.01
all_priority_groups,stressed,20,2.0,9,2.820000000000002,0.01
all_priority_groups,stressed,20,2.0,10,2.920000000000002,0.01
all_priority_groups,stressed,20,2.0,11,2.940000000000002,0.01
all_priority_groups,stressed,20,2.0,12,2.960000000000002,0.01
all_priority_groups,stressed,20,2.0,13,6.140000000000006,0.11464705882352955
all_priority_groups,stressed,20,2.0,14,8.060000000000008,0.15417647058823547
all_priority_groups,stressed,20,2.0,15,12.12000000000001,0.23776470588235316
all_priority_groups,stressed,20,2.0,16,12.620000000000012,0.24805882352941205
all_priority_groups,stressed,20,2.0,17,13.960000000000013,0.27564705882352974
all_priority_groups,stressed,20,2.0,18,14.840000000000012,0.2937647058823532
all_priority_groups,stressed,20,2.0,19,15.460000000000013,0.30652941176470616
all_priority_groups,stressed,20,2.0,20,16.100000000000012,0.31970588235294145
all_priority_groups,stressed,20,4.0,1,0.5000000000000001,0.01
all_priority_groups,stressed,20,4.0,2,0.5400000000000001,0.01
all_priority_groups,stressed,20,4.0,3,0.5800000000000002,0.01
all_priority_groups,stressed,20,4.0,4,0.8800000000000004,0.01
all_priority_groups,stressed,20,4.0,5,0.9200000000000005,0.01
all_priority_groups,stressed,20,4.0,6,0.9600000000000005,0.01
all_priority_groups,stressed,20,4.0,7,1.2600000000000007,0.01
all_priority_groups,stressed,20,4.0,8,1.3000000000000007,0.01
all_priority_groups,stressed,20,4.0,9,1.3400000000000007,0.01
all_priority_groups,stressed,20,4.0,10,2.720000000000002,0.01
all_priority_groups,stressed,20,4.0,11,2.820000000000002,0.01
all_priority_groups,stressed,20,4.0,12,2.900000000000002,0.01
all_priority_groups,stressed,20,4.0,13,2.940000000000002,0.01
all_priority_groups,stressed,20,4.0,14,2.980000000000002,0.01
all_priority_groups,stressed,20,4.0,15,6.140000000000006,0.11464705882352955
all_priority_groups,stressed,20,4.0,16,7.380000000000006,0.14017647058823543
all_priority_groups,stressed,20,4.0,17,8.060000000000008,0.15417647058823547
all_priority_groups,stressed,20,4.0,18,12.620000000000012,0.24805882352941205
all_priority_groups,stressed,20,4.0,19,13.960000000000013,0.27564705882352974
all_priority_groups,stressed,20,4.0,20,15.460000000000013,0.30652941176470616
individual_priority_minerals,optimistic,4,1.0,1,0.42000000000000004,0.01
individual_priority_minerals,optimistic,4,1.0,2,2.900000000000002,0.01
individual_priority_minerals,optimistic,4,1.0,3,12.640000000000011,0.2484705882352944
individual_priority_minerals,optimistic,4,1.0,4,15.760000000000014,0.3127058823529415
individual_priority_minerals,optimistic,4,2.0,1,0.42000000000000004,0.01
individual_priority_minerals,optimistic,4,2.0,2,2.900000000000002,0.01
individual_priority_minerals,optimistic,4,2.0,3,12.640000000000011,0.2484705882352944
individual_priority_minerals,optimistic,4,2.0,4,15.760000000000014,0.3127058823529415
individual_priority_minerals,optimistic,4,4.0,1,0.42000000000000004,0.01
individual_priority_minerals,optimistic,4,4.0,2,2.900000000000002,0.01
individual_priority_minerals,optimistic,4,4.0,3,12.640000000000011,0.2484705882352944
individual_priority_minerals,optimistic,4,4.0,4,15.760000000000014,0.3127058823529415
individual_priority_minerals,optimistic,5,1.0,1,0.42000000000000004,0.01
individual_priority_minerals,optimistic,5,1.0,2,2.720000000000002,0.01
individual_priority_minerals,optimistic,5,1.0,3,2.900000000000002,0.01
individual_priority_minerals,optimistic,5,1.0,4,12.640000000000011,0.2484705882352944
individual_priority_minerals,optimistic,5,1.0,5,15.760000000000014,0.3127058823529415
individual_priority_minerals,optimistic,5,2.0,1,0.42000000000000004,0.01
individual_priority_minerals,optimistic,5,2.0,2,2.720000000000002,0.01
individual_priority_minerals,optimistic,5,2.0,3,2.900000000000002,0.01
individual_priority_minerals,optimistic,5,2.0,4,12.640000000000011,0.2484705882352944
individual_priority_minerals,optimistic,5,2.0,5,15.760000000000014,0.3127058823529415
individual_priority_minerals,optimistic,5,4.0,1,0.42000000000000004,0.01
individual_priority_minerals,optimistic,5,4.0,2,2.720000000000002,0.01
individual_priority_minerals,optimistic,5,4.0,3,2.900000000000002,0.01
individual_priority_minerals,optimistic,5,4.0,4,12.640000000000011,0.2484705882352944
individual_priority_minerals,optimistic,5,4.0,5,15.760000000000014,0.3127058823529415
individual_priority_minerals,optimistic,6,1.0,1,0.42000000000000004,0.01
individual_priority_minerals,optimistic,6,1.0,2,2.720000000000002,0.01
individual_priority_minerals,optimistic,6,1.0,3,2.900000000000002,0.01
individual_priority_minerals,optimistic,6,1.0,4,8.400000000000007,0.16117647058823548
individual_priority_minerals,optimistic,6,1.0,5,12.640000000000011,0.2484705882352944
individual_priority_minerals,optimistic,6,1.0,6,15.760000000000014,0.3127058823529415
individual_priority_minerals,optimistic,6,2.0,1,0.42000000000000004,0.01
individual_priority_minerals,optimistic,6,2.0,2,2.720000000000002,0.01
individual_priority_minerals,optimistic,6,2.0,3,2.900000000000002,0.01
individual_priority_minerals,optimistic,6,2.0,4,8.400000000000007,0.16117647058823548
individual_priority_minerals,optimistic,6,2.0,5,12.640000000000011,0.2484705882352944
individual_priority_minerals,optimistic,6,2.0,6,15.760000000000014,0.3127058823529415
individual_priority_minerals,optimistic,6,4.0,1,0.42000000000000004,0.01
individual_priority_minerals,optimistic,6,4.0,2,2.720000000000002,0.01
individual_priority_minerals,optimistic,6,4.0,3,2.900000000000002,0.01
individual_priority_minerals,optimistic,6,4.0,4,8.400000000000007,0.16117647058823548
individual_priority_minerals,optimistic,6,4.0,5,12.640000000000011,0.2484705882352944
individual_priority_minerals,optimistic,6,4.0,6,15.760000000000014,0.3127058823529415
individual_priority_minerals,optimistic,8,1.0,1,0.42000000000000004,0.01
individual_priority_minerals,optimistic,8,1.0,2,1.3200000000000007,0.01
individual_priority_minerals,optimistic,8,1.0,3,2.720000000000002,0.01
individual_priority_minerals,optimistic,8,1.0,4,2.900000000000002,0.01
individual_priority_minerals,optimistic,8,1.0,5,8.400000000000007,0.16117647058823548
individual_priority_minerals,optimistic,8,1.0,6,12.640000000000011,0.2484705882352944
individual_priority_minerals,optimistic,8,1.0,7,15.760000000000014,0.3127058823529415
individual_priority_minerals,optimistic,8,1.0,8,17.820000000000014,0.35511764705882387
individual_priority_minerals,optimistic,8,2.0,1,0.42000000000000004,0.01
individual_priority_minerals,optimistic,8,2.0,2,1.3200000000000007,0.01
individual_priority_minerals,optimistic,8,2.0,3,2.720000000000002,0.01
individual_priority_minerals,optimistic,8,2.0,4,2.900000000000002,0.01
individual_priority_minerals,optimistic,8,2.0,5,8.400000000000007,0.16117647058823548
individual_priority_minerals,optimistic,8,2.0,6,12.640000000000011,0.2484705882352944
individual_priority_minerals,optimistic,8,2.0,7,15.760000000000014,0.3127058823529415
individual_priority_minerals,optimistic,8,2.0,8,17.820000000000014,0.35511764705882387
individual_priority_minerals,optimistic,8,4.0,1,0.42000000000000004,0.01
individual_priority_minerals,optimistic,8,4.0,2,1.3200000000000007,0.01
individual_priority_minerals,optimistic,8,4.0,3,2.720000000000002,0.01
individual_priority_minerals,optimistic,8,4.0,4,2.900000000000002,0.01
individual_priority_minerals,optimistic,8,4.0,5,8.400000000000007,0.16117647058823548
individual_priority_minerals,optimistic,8,4.0,6,12.640000000000011,0.2484705882352944
individual_priority_minerals,optimistic,8,4.0,7,15.760000000000014,0.3127058823529415
individual_priority_minerals,optimistic,8,4.0,8,17.820000000000014,0.35511764705882387
individual_priority_minerals,optimistic,10,1.0,1,0.42000000000000004,0.01
individual_priority_minerals,optimistic,10,1.0,2,0.5200000000000001,0.01
individual_priority_minerals,optimistic,10,1.0,3,1.3200000000000007,0.01
individual_priority_minerals,optimistic,10,1.0,4,2.720000000000002,0.01
individual_priority_minerals,optimistic,10,1.0,5,2.900000000000002,0.01
individual_priority_minerals,optimistic,10,1.0,6,8.400000000000007,0.16117647058823548
individual_priority_minerals,optimistic,10,1.0,7,12.640000000000011,0.2484705882352944
individual_priority_minerals,optimistic,10,1.0,8,14.520000000000012,0.28717647058823553
individual_priority_minerals,optimistic,10,1.0,9,15.760000000000014,0.3127058823529415
individual_priority_minerals,optimistic,10,1.0,10,17.820000000000014,0.35511764705882387
individual_priority_minerals,optimistic,10,2.0,1,0.42000000000000004,0.01
individual_priority_minerals,optimistic,10,2.0,2,0.5200000000000001,0.01
individual_priority_minerals,optimistic,10,2.0,3,1.3200000000000007,0.01
individual_priority_minerals,optimistic,10,2.0,4,2.720000000000002,0.01
individual_priority_minerals,optimistic,10,2.0,5,2.900000000000002,0.01
individual_priority_minerals,optimistic,10,2.0,6,8.400000000000007,0.16117647058823548
individual_priority_minerals,optimistic,10,2.0,7,12.640000000000011,0.2484705882352944
individual_priority_minerals,optimistic,10,2.0,8,14.520000000000012,0.28717647058823553
individual_priority_minerals,optimistic,10,2.0,9,15.760000000000014,0.3127058823529415
individual_priority_minerals,optimistic,10,2.0,10,17.820000000000014,0.35511764705882387
individual_priority_minerals,optimistic,10,4.0,1,0.42000000000000004,0.01
individual_priority_minerals,optimistic,10,4.0,2,0.5200000000000001,0.01
individual_priority_minerals,optimistic,10,4.0,3,1.3200000000000007,0.01
individual_priority_minerals,optimistic,10,4.0,4,2.720000000000002,0.01
individual_priority_minerals,optimistic,10,4.0,5,2.900000000000002,0.01
individual_priority_minerals,optimistic,10,4.0,6,8.400000000000007,0.16117647058823548
individual_priority_minerals,optimistic,10,4.0,7,12.640000000000011,0.2484705882352944
individual_priority_minerals,optimistic,10,4.0,8,14.520000000000012,0.28717647058823553
individual_priority_minerals,optimistic,10,4.0,9,15.760000000000014,0.3127058823529415
individual_priority_minerals,optimistic,10,4.0,10,17.820000000000014,0.35511764705882387
individual_priority_minerals,optimistic,12,1.0,1,0.42000000000000004,0.01
individual_priority_minerals,optimistic,12,1.0,2,0.5200000000000001,0.01
individual_priority_minerals,optimistic,12,1.0,3,1.3200000000000007,0.01
individual_priority_minerals,optimistic,12,1.0,4,2.720000000000002,0.01
individual_priority_minerals,optimistic,12,1.0,5,2.900000000000002,0.01
individual_priority_minerals,optimistic,12,1.0,6,8.100000000000007,0.15500000000000014
individual_priority_minerals,optimistic,12,1.0,7,8.400000000000007,0.16117647058823548
individual_priority_minerals,optimistic,12,1.0,8,11.12000000000001,0.21717647058823553
individual_priority_minerals,optimistic,12,1.0,9,12.640000000000011,0.2484705882352944
individual_priority_minerals,optimistic,12,1.0,10,14.520000000000012,0.28717647058823553
individual_priority_minerals,optimistic,12,1.0,11,15.760000000000014,0.3127058823529415
individual_priority_minerals,optimistic,12,1.0,12,17.820000000000014,0.35511764705882387
individual_priority_minerals,optimistic,12,2.0,1,0.42000000000000004,0.01
individual_priority_minerals,optimistic,12,2.0,2,0.5200000000000001,0.01
individual_priority_minerals,optimistic,12,2.0,3,1.3200000000000007,0.01
individual_priority_minerals,optimistic,12,2.0,4,2.720000000000002,0.01
individual_priority_minerals,optimistic,12,2.0,5,2.900000000000002,0.01
individual_priority_minerals,optimistic,12,2.0,6,8.080000000000007,0.1545882352941178
individual_priority_minerals,optimistic,12,2.0,7,8.400000000000007,0.16117647058823548
individual_priority_minerals,optimistic,12,2.0,8,11.12000000000001,0.21717647058823553
individual_priority_minerals,optimistic,12,2.0,9,12.640000000000011,0.2484705882352944
individual_priority_minerals,optimistic,12,2.0,10,14.520000000000012,0.28717647058823553
individual_priority_minerals,optimistic,12,2.0,11,15.760000000000014,0.3127058823529415
individual_priority_minerals,optimistic,12,2.0,12,17.820000000000014,0.35511764705882387
individual_priority_minerals,optimistic,12,4.0,1,0.42000000000000004,0.01
individual_priority_minerals,optimistic,12,4.0,2,0.5200000000000001,0.01
individual_priority_minerals,optimistic,12,4.0,3,1.3200000000000007,0.01
individual_priority_minerals,optimistic,12,4.0,4,2.720000000000002,0.01
individual_priority_minerals,optimistic,12,4.0,5,2.900000000000002,0.01
individual_priority_minerals,optimistic,12,4.0,6,3.4000000000000026,0.058235294117647114
individual_priority_minerals,optimistic,12,4.0,7,8.400000000000007,0.16117647058823548
individual_priority_minerals,optimistic,12,4.0,8,11.06000000000001,0.21594117647058847
individual_priority_minerals,optimistic,12,4.0,9,12.640000000000011,0.2484705882352944
individual_priority_minerals,optimistic,12,4.0,10,14.520000000000012,0.28717647058823553
individual_priority_minerals,optimistic,12,4.0,11,15.760000000000014,0.3127058823529415
individual_priority_minerals,optimistic,12,4.0,12,17.820000000000014,0.35511764705882387
individual_priority_minerals,optimistic,16,1.0,1,0.42000000000000004,0.01
individual_priority_minerals,optimistic,16,1.0,2,0.5200000000000001,0.01
individual_priority_minerals,optimistic,16,1.0,3,1.0200000000000005,0.01
individual_priority_minerals,optimistic,16,1.0,4,1.3200000000000007,0.01
individual_priority_minerals,optimistic,16,1.0,5,2.720000000000002,0.01
individual_priority_minerals,optimistic,16,1.0,6,2.900000000000002,0.01
individual_priority_minerals,optimistic,16,1.0,7,7.480000000000007,0.1422352941176472
individual_priority_minerals,optimistic,16,1.0,8,8.100000000000007,0.15500000000000014
individual_priority_minerals,optimistic,16,1.0,9,8.400000000000007,0.16117647058823548
individual_priority_minerals,optimistic,16,1.0,10,9.160000000000009,0.17682352941176488
individual_priority_minerals,optimistic,16,1.0,11,11.12000000000001,0.21717647058823553
individual_priority_minerals,optimistic,16,1.0,12,12.640000000000011,0.2484705882352944
individual_priority_minerals,optimistic,16,1.0,13,14.520000000000012,0.28717647058823553
individual_priority_minerals,optimistic,16,1.0,14,15.760000000000014,0.3127058823529415
individual_priority_minerals,optimistic,16,1.0,15,17.820000000000014,0.35511764705882387
individual_priority_minerals,optimistic,16,1.0,16,19.500000000000014,0.3897058823529415
individual_priority_minerals,optimistic,16,2.0,1,0.42000000000000004,0.01
individual_priority_minerals,optimistic,16,2.0,2,0.5200000000000001,0.01
individual_priority_minerals,optimistic,16,2.0,3,1.0200000000000005,0.01
individual_priority_minerals,optimistic,16,2.0,4,1.3200000000000007,0.01
individual_priority_minerals,optimistic,16,2.0,5,2.720000000000002,0.01
individual_priority_minerals,optimistic,16,2.0,6,2.900000000000002,0.01
individual_priority_minerals,optimistic,16,2.0,7,7.460000000000006,0.14182352941176485
individual_priority_minerals,optimistic,16,2.0,8,8.080000000000007,0.1545882352941178
individual_priority_minerals,optimistic,16,2.0,9,8.400000000000007,0.16117647058823548
individual_priority_minerals,optimistic,16,2.0,10,9.160000000000009,0.17682352941176488
individual_priority_minerals,optimistic,16,2.0,11,11.12000000000001,0.21717647058823553
individual_priority_minerals,optimistic,16,2.0,12,12.640000000000011,0.2484705882352944
individual_priority_minerals,optimistic,16,2.0,13,14.520000000000012,0.28717647058823553
individual_priority_minerals,optimistic,16,2.0,14,15.760000000000014,0.3127058823529415
individual_priority_minerals,optimistic,16,2.0,15,17.820000000000014,0.35511764705882387
individual_priority_minerals,optimistic,16,2.0,16,19.500000000000014,0.3897058823529415
individual_priority_minerals,optimistic,16,4.0,1,0.42000000000000004,0.01
individual_priority_minerals,optimistic,16,4.0,2,0.5200000000000001,0.01
individual_priority_minerals,optimistic,16,4.0,3,1.0200000000000005,0.01
individual_priority_minerals,optimistic,16,4.0,4,1.3200000000000007,0.01
individual_priority_minerals,optimistic,16,4.0,5,2.720000000000002,0.01
individual_priority_minerals,optimistic,16,4.0,6,2.900000000000002,0.01
individual_priority_minerals,optimistic,16,4.0,7,3.4000000000000026,0.058235294117647114
individual_priority_minerals,optimistic,16,4.0,8,7.460000000000006,0.14182352941176485
individual_priority_minerals,optimistic,16,4.0,9,8.400000000000007,0.16117647058823548
individual_priority_minerals,optimistic,16,4.0,10,9.160000000000009,0.17682352941176488
individual_priority_minerals,optimistic,16,4.0,11,11.06000000000001,0.21594117647058847
individual_priority_minerals,optimistic,16,4.0,12,12.640000000000011,0.2484705882352944
individual_priority_minerals,optimistic,16,4.0,13,14.520000000000012,0.28717647058823553
individual_priority_minerals,optimistic,16,4.0,14,15.760000000000014,0.3127058823529415
individual_priority_minerals,optimistic,16,4.0,15,17.820000000000014,0.35511764705882387
individual_priority_minerals,optimistic,16,4.0,16,19.500000000000014,0.3897058823529415
individual_priority_minerals,optimistic,20,1.0,1,0.42000000000000004,0.01
individual_priority_minerals,optimistic,20,1.0,2,0.5200000000000001,0.01
individual_priority_minerals,optimistic,20,1.0,3,1.0200000000000005,0.01
individual_priority_minerals,optimistic,20,1.0,4,1.3200000000000007,0.01
individual_priority_minerals,optimistic,20,1.0,5,2.720000000000002,0.01
individual_priority_minerals,optimistic,20,1.0,6,2.820000000000002,0.01
individual_priority_minerals,optimistic,20,1.0,7,2.900000000000002,0.01
individual_priority_minerals,optimistic,20,1.0,8,3.4000000000000026,0.058235294117647114
individual_priority_minerals,optimistic,20,1.0,9,4.660000000000004,0.08417647058823538
individual_priority_minerals,optimistic,20,1.0,10,7.480000000000007,0.1422352941176472
individual_priority_minerals,optimistic,20,1.0,11,8.100000000000007,0.15500000000000014
individual_priority_minerals,optimistic,20,1.0,12,8.400000000000007,0.16117647058823548
individual_priority_minerals,optimistic,20,1.0,13,9.160000000000009,0.17682352941176488
individual_priority_minerals,optimistic,20,1.0,14,11.12000000000001,0.21717647058823553
individual_priority_minerals,optimistic,20,1.0,15,12.24000000000001,0.24023529411764727
individual_priority_minerals,optimistic,20,1.0,16,12.640000000000011,0.2484705882352944
individual_priority_minerals,optimistic,20,1.0,17,14.520000000000012,0.28717647058823553
individual_priority_minerals,optimistic,20,1.0,18,15.760000000000014,0.3127058823529415
individual_priority_minerals,optimistic,20,1.0,19,17.820000000000014,0.35511764705882387
individual_priority_minerals,optimistic,20,1.0,20,19.500000000000014,0.3897058823529415
individual_priority_minerals,optimistic,20,2.0,1,0.42000000000000004,0.01
individual_priority_minerals,optimistic,20,2.0,2,0.5200000000000001,0.01
individual_priority_minerals,optimistic,20,2.0,3,1.0200000000000005,0.01
individual_priority_minerals,optimistic,20,2.0,4,1.3200000000000007,0.01
individual_priority_minerals,optimistic,20,2.0,5,1.7600000000000011,0.01
individual_priority_minerals,optimistic,20,2.0,6,2.720000000000002,0.01
individual_priority_minerals,optimistic,20,2.0,7,2.820000000000002,0.01
individual_priority_minerals,optimistic,20,2.0,8,2.900000000000002,0.01
individual_priority_minerals,optimistic,20,2.0,9,3.4000000000000026,0.058235294117647114
individual_priority_minerals,optimistic,20,2.0,10,4.660000000000004,0.08417647058823538
individual_priority_minerals,optimistic,20,2.0,11,7.460000000000006,0.14182352941176485
individual_priority_minerals,optimistic,20,2.0,12,8.080000000000007,0.1545882352941178
individual_priority_minerals,optimistic,20,2.0,13,8.400000000000007,0.16117647058823548
individual_priority_minerals,optimistic,20,2.0,14,9.160000000000009,0.17682352941176488
individual_priority_minerals,optimistic,20,2.0,15,11.12000000000001,0.21717647058823553
individual_priority_minerals,optimistic,20,2.0,16,12.640000000000011,0.2484705882352944
individual_priority_minerals,optimistic,20,2.0,17,14.520000000000012,0.28717647058823553
individual_priority_minerals,optimistic,20,2.0,18,15.760000000000014,0.3127058823529415
individual_priority_minerals,optimistic,20,2.0,19,17.820000000000014,0.35511764705882387
individual_priority_minerals,optimistic,20,2.0,20,19.500000000000014,0.3897058823529415
individual_priority_minerals,optimistic,20,4.0,1,0.42000000000000004,0.01
individual_priority_minerals,optimistic,20,4.0,2,0.5200000000000001,0.01
individual_priority_minerals,optimistic,20,4.0,3,1.0200000000000005,0.01
individual_priority_minerals,optimistic,20,4.0,4,1.3200000000000007,0.01
individual_priority_minerals,optimistic,20,4.0,5,1.720000000000001,0.01
individual_priority_minerals,optimistic,20,4.0,6,2.720000000000002,0.01
individual_priority_minerals,optimistic,20,4.0,7,2.820000000000002,0.01
individual_priority_minerals,optimistic,20,4.0,8,2.900000000000002,0.01
individual_priority_minerals,optimistic,20,4.0,9,2.980000000000002,0.01
individual_priority_minerals,optimistic,20,4.0,10,3.4000000000000026,0.058235294117647114
individual_priority_minerals,optimistic,20,4.0,11,4.640000000000004,0.08376470588235303
individual_priority_minerals,optimistic,20,4.0,12,7.460000000000006,0.14182352941176485
individual_priority_minerals,optimistic,20,4.0,13,8.400000000000007,0.16117647058823548
individual_priority_minerals,optimistic,20,4.0,14,9.160000000000009,0.17682352941176488
individual_priority_minerals,optimistic,20,4.0,15,11.06000000000001,0.21594117647058847
individual_priority_minerals,optimistic,20,4.0,16,12.640000000000011,0.2484705882352944
individual_priority_minerals,optimistic,20,4.0,17,14.520000000000012,0.28717647058823553
individual_priority_minerals,optimistic,20,4.0,18,15.760000000000014,0.3127058823529415
individual_priority_minerals,optimistic,20,4.0,19,17.820000000000014,0.35511764705882387
individual_priority_minerals,optimistic,20,4.0,20,19.500000000000014,0.3897058823529415
individual_priority_minerals,reference,4,1.0,1,0.42000000000000004,0.01
individual_priority_minerals,reference,4,1.0,2,2.900000000000002,0.01
individual_priority_minerals,reference,4,1.0,3,12.640000000000011,0.2484705882352944
individual_priority_minerals,reference,4,1.0,4,15.760000000000014,0.3127058823529415
individual_priority_minerals,reference,4,2.0,1,0.42000000000000004,0.01
individual_priority_minerals,reference,4,2.0,2,2.900000000000002,0.01
individual_priority_minerals,reference,4,2.0,3,12.640000000000011,0.2484705882352944
individual_priority_minerals,reference,4,2.0,4,15.760000000000014,0.3127058823529415
individual_priority_minerals,reference,4,4.0,1,0.42000000000000004,0.01
individual_priority_minerals,reference,4,4.0,2,2.900000000000002,0.01
individual_priority_minerals,reference,4,4.0,3,12.640000000000011,0.2484705882352944
individual_priority_minerals,reference,4,4.0,4,15.760000000000014,0.3127058823529415
individual_priority_minerals,reference,5,1.0,1,0.42000000000000004,0.01
individual_priority_minerals,reference,5,1.0,2,2.720000000000002,0.01
individual_priority_minerals,reference,5,1.0,3,2.900000000000002,0.01
individual_priority_minerals,reference,5,1.0,4,12.640000000000011,0.2484705882352944
individual_priority_minerals,reference,5,1.0,5,15.760000000000014,0.3127058823529415
individual_priority_minerals,reference,5,2.0,1,0.42000000000000004,0.01
individual_priority_minerals,reference,5,2.0,2,2.720000000000002,0.01
individual_priority_minerals,reference,5,2.0,3,2.900000000000002,0.01
individual_priority_minerals,reference,5,2.0,4,12.640000000000011,0.2484705882352944
individual_priority_minerals,reference,5,2.0,5,15.760000000000014,0.3127058823529415
individual_priority_minerals,reference,5,4.0,1,0.42000000000000004,0.01
individual_priority_minerals,reference,5,4.0,2,2.720000000000002,0.01
individual_priority_minerals,reference,5,4.0,3,2.900000000000002,0.01
individual_priority_minerals,reference,5,4.0,4,12.640000000000011,0.2484705882352944
individual_priority_minerals,reference,5,4.0,5,15.760000000000014,0.3127058823529415
individual_priority_minerals,reference,6,1.0,1,0.42000000000000004,0.01
individual_priority_minerals,reference,6,1.0,2,2.720000000000002,0.01
individual_priority_minerals,reference,6,1.0,3,2.900000000000002,0.01
individual_priority_minerals,reference,6,1.0,4,8.400000000000007,0.16117647058823548
individual_priority_minerals,reference,6,1.0,5,12.640000000000011,0.2484705882352944
individual_priority_minerals,reference,6,1.0,6,15.760000000000014,0.3127058823529415
individual_priority_minerals,reference,6,2.0,1,0.42000000000000004,0.01
individual_priority_minerals,reference,6,2.0,2,2.720000000000002,0.01
individual_priority_minerals,reference,6,2.0,3,2.900000000000002,0.01
individual_priority_minerals,reference,6,2.0,4,8.400000000000007,0.16117647058823548
individual_priority_minerals,reference,6,2.0,5,12.640000000000011,0.2484705882352944
individual_priority_minerals,reference,6,2.0,6,15.760000000000014,0.3127058823529415
individual_priority_minerals,reference,6,4.0,1,0.42000000000000004,0.01
individual_priority_minerals,reference,6,4.0,2,2.720000000000002,0.01
individual_priority_minerals,reference,6,4.0,3,2.900000000000002,0.01
individual_priority_minerals,reference,6,4.0,4,8.400000000000007,0.16117647058823548
individual_priority_minerals,reference,6,4.0,5,12.640000000000011,0.2484705882352944
individual_priority_minerals,reference,6,4.0,6,15.760000000000014,0.3127058823529415
individual_priority_minerals,reference,8,1.0,1,0.42000000000000004,0.01
individual_priority_minerals,reference,8,1.0,2,1.3200000000000007,0.01
individual_priority_minerals,reference,8,1.0,3,2.720000000000002,0.01
individual_priority_minerals,reference,8,1.0,4,2.900000000000002,0.01
individual_priority_minerals,reference,8,1.0,5,8.400000000000007,0.16117647058823548
individual_priority_minerals,reference,8,1.0,6,12.640000000000011,0.2484705882352944
individual_priority_minerals,reference,8,1.0,7,15.760000000000014,0.3127058823529415
individual_priority_minerals,reference,8,1.0,8,17.820000000000014,0.35511764705882387
individual_priority_minerals,reference,8,2.0,1,0.42000000000000004,0.01
individual_priority_minerals,reference,8,2.0,2,1.3200000000000007,0.01
individual_priority_minerals,reference,8,2.0,3,2.720000000000002,0.01
individual_priority_minerals,reference,8,2.0,4,2.900000000000002,0.01
individual_priority_minerals,reference,8,2.0,5,8.400000000000007,0.16117647058823548
individual_priority_minerals,reference,8,2.0,6,12.640000000000011,0.2484705882352944
individual_priority_minerals,reference,8,2.0,7,15.760000000000014,0.3127058823529415
individual_priority_minerals,reference,8,2.0,8,17.820000000000014,0.35511764705882387
individual_priority_minerals,reference,8,4.0,1,0.42000000000000004,0.01
individual_priority_minerals,reference,8,4.0,2,1.3200000000000007,0.01
individual_priority_minerals,reference,8,4.0,3,2.720000000000002,0.01
individual_priority_minerals,reference,8,4.0,4,2.900000000000002,0.01
individual_priority_minerals,reference,8,4.0,5,8.400000000000007,0.16117647058823548
individual_priority_minerals,reference,8,4.0,6,12.640000000000011,0.2484705882352944
individual_priority_minerals,reference,8,4.0,7,15.760000000000014,0.3127058823529415
individual_priority_minerals,reference,8,4.0,8,17.820000000000014,0.35511764705882387
individual_priority_minerals,reference,10,1.0,1,0.42000000000000004,0.01
individual_priority_minerals,reference,10,1.0,2,0.5200000000000001,0.01
individual_priority_minerals,reference,10,1.0,3,1.3200000000000007,0.01
individual_priority_minerals,reference,10,1.0,4,2.720000000000002,0.01
individual_priority_minerals,reference,10,1.0,5,2.900000000000002,0.01
individual_priority_minerals,reference,10,1.0,6,8.400000000000007,0.16117647058823548
individual_priority_minerals,reference,10,1.0,7,12.640000000000011,0.2484705882352944
individual_priority_minerals,reference,10,1.0,8,14.520000000000012,0.28717647058823553
individual_priority_minerals,reference,10,1.0,9,15.760000000000014,0.3127058823529415
individual_priority_minerals,reference,10,1.0,10,17.820000000000014,0.35511764705882387
individual_priority_minerals,reference,10,2.0,1,0.42000000000000004,0.01
individual_priority_minerals,reference,10,2.0,2,0.5200000000000001,0.01
individual_priority_minerals,reference,10,2.0,3,1.3200000000000007,0.01
individual_priority_minerals,reference,10,2.0,4,2.720000000000002,0.01
individual_priority_minerals,reference,10,2.0,5,2.900000000000002,0.01
individual_priority_minerals,reference,10,2.0,6,8.400000000000007,0.16117647058823548
individual_priority_minerals,reference,10,2.0,7,12.640000000000011,0.2484705882352944
individual_priority_minerals,reference,10,2.0,8,14.520000000000012,0.28717647058823553
individual_priority_minerals,reference,10,2.0,9,15.760000000000014,0.3127058823529415
individual_priority_minerals,reference,10,2.0,10,17.820000000000014,0.35511764705882387
individual_priority_minerals,reference,10,4.0,1,0.42000000000000004,0.01
individual_priority_minerals,reference,10,4.0,2,0.5200000000000001,0.01
individual_priority_minerals,reference,10,4.0,3,1.3200000000000007,0.01
individual_priority_minerals,reference,10,4.0,4,2.720000000000002,0.01
individual_priority_minerals,reference,10,4.0,5,2.900000000000002,0.01
individual_priority_minerals,reference,10,4.0,6,8.400000000000007,0.16117647058823548
individual_priority_minerals,reference,10,4.0,7,12.640000000000011,0.2484705882352944
individual_priority_minerals,reference,10,4.0,8,14.520000000000012,0.28717647058823553
individual_priority_minerals,reference,10,4.0,9,15.760000000000014,0.3127058823529415
individual_priority_minerals,reference,10,4.0,10,17.820000000000014,0.35511764705882387
individual_priority_minerals,reference,12,1.0,1,0.42000000000000004,0.01
individual_priority_minerals,reference,12,1.0,2,0.5200000000000001,0.01
individual_priority_minerals,reference,12,1.0,3,1.3200000000000007,0.01
individual_priority_minerals,reference,12,1.0,4,2.720000000000002,0.01
individual_priority_minerals,reference,12,1.0,5,2.900000000000002,0.01
individual_priority_minerals,reference,12,1.0,6,8.100000000000007,0.15500000000000014
individual_priority_minerals,reference,12,1.0,7,8.400000000000007,0.16117647058823548
individual_priority_minerals,reference,12,1.0,8,11.12000000000001,0.21717647058823553
individual_priority_minerals,reference,12,1.0,9,12.640000000000011,0.2484705882352944
individual_priority_minerals,reference,12,1.0,10,14.520000000000012,0.28717647058823553
individual_priority_minerals,reference,12,1.0,11,15.760000000000014,0.3127058823529415
individual_priority_minerals,reference,12,1.0,12,17.820000000000014,0.35511764705882387
individual_priority_minerals,reference,12,2.0,1,0.42000000000000004,0.01
individual_priority_minerals,reference,12,2.0,2,0.5200000000000001,0.01
individual_priority_minerals,reference,12,2.0,3,1.3200000000000007,0.01
individual_priority_minerals,reference,12,2.0,4,2.720000000000002,0.01
individual_priority_minerals,reference,12,2.0,5,2.900000000000002,0.01
individual_priority_minerals,reference,12,2.0,6,8.080000000000007,0.1545882352941178
individual_priority_minerals,reference,12,2.0,7,8.400000000000007,0.16117647058823548
individual_priority_minerals,reference,12,2.0,8,11.12000000000001,0.21717647058823553
individual_priority_minerals,reference,12,2.0,9,12.640000000000011,0.2484705882352944
individual_priority_minerals,reference,12,2.0,10,14.520000000000012,0.28717647058823553
individual_priority_minerals,reference,12,2.0,11,15.760000000000014,0.3127058823529415
individual_priority_minerals,reference,12,2.0,12,17.820000000000014,0.35511764705882387
individual_priority_minerals,reference,12,4.0,1,0.42000000000000004,0.01
individual_priority_minerals,reference,12,4.0,2,0.5200000000000001,0.01
individual_priority_minerals,reference,12,4.0,3,1.3200000000000007,0.01
individual_priority_minerals,reference,12,4.0,4,2.720000000000002,0.01
individual_priority_minerals,reference,12,4.0,5,2.900000000000002,0.01
individual_priority_minerals,reference,12,4.0,6,3.4000000000000026,0.058235294117647114
individual_priority_minerals,reference,12,4.0,7,8.400000000000007,0.16117647058823548
individual_priority_minerals,reference,12,4.0,8,11.06000000000001,0.21594117647058847
individual_priority_minerals,reference,12,4.0,9,12.640000000000011,0.2484705882352944
individual_priority_minerals,reference,12,4.0,10,14.520000000000012,0.28717647058823553
individual_priority_minerals,reference,12,4.0,11,15.760000000000014,0.3127058823529415
individual_priority_minerals,reference,12,4.0,12,17.820000000000014,0.35511764705882387
individual_priority_minerals,reference,16,1.0,1,0.42000000000000004,0.01
individual_priority_minerals,reference,16,1.0,2,0.5200000000000001,0.01
individual_priority_minerals,reference,16,1.0,3,1.0200000000000005,0.01
individual_priority_minerals,reference,16,1.0,4,1.3200000000000007,0.01
individual_priority_minerals,reference,16,1.0,5,2.720000000000002,0.01
individual_priority_minerals,reference,16,1.0,6,2.900000000000002,0.01
individual_priority_minerals,reference,16,1.0,7,7.480000000000007,0.1422352941176472
individual_priority_minerals,reference,16,1.0,8,8.100000000000007,0.15500000000000014
individual_priority_minerals,reference,16,1.0,9,8.400000000000007,0.16117647058823548
individual_priority_minerals,reference,16,1.0,10,9.160000000000009,0.17682352941176488
individual_priority_minerals,reference,16,1.0,11,11.12000000000001,0.21717647058823553
individual_priority_minerals,reference,16,1.0,12,12.640000000000011,0.2484705882352944
individual_priority_minerals,reference,16,1.0,13,14.520000000000012,0.28717647058823553
individual_priority_minerals,reference,16,1.0,14,15.760000000000014,0.3127058823529415
individual_priority_minerals,reference,16,1.0,15,17.820000000000014,0.35511764705882387
individual_priority_minerals,reference,16,1.0,16,19.500000000000014,0.3897058823529415
individual_priority_minerals,reference,16,2.0,1,0.42000000000000004,0.01
individual_priority_minerals,reference,16,2.0,2,0.5200000000000001,0.01
individual_priority_minerals,reference,16,2.0,3,1.0200000000000005,0.01
individual_priority_minerals,reference,16,2.0,4,1.3200000000000007,0.01
individual_priority_minerals,reference,16,2.0,5,2.720000000000002,0.01
individual_priority_minerals,reference,16,2.0,6,2.900000000000002,0.01
individual_priority_minerals,reference,16,2.0,7,7.460000000000006,0.14182352941176485
individual_priority_minerals,reference,16,2.0,8,8.080000000000007,0.1545882352941178
individual_priority_minerals,reference,16,2.0,9,8.400000000000007,0.16117647058823548
individual_priority_minerals,reference,16,2.0,10,9.160000000000009,0.17682352941176488
individual_priority_minerals,reference,16,2.0,11,11.12000000000001,0.21717647058823553
individual_priority_minerals,reference,16,2.0,12,12.640000000000011,0.2484705882352944
individual_priority_minerals,reference,16,2.0,13,14.520000000000012,0.28717647058823553
individual_priority_minerals,reference,16,2.0,14,15.760000000000014,0.3127058823529415
individual_priority_minerals,reference,16,2.0,15,17.820000000000014,0.35511764705882387
individual_priority_minerals,reference,16,2.0,16,19.500000000000014,0.3897058823529415
individual_priority_minerals,reference,16,4.0,1,0.42000000000000004,0.01
individual_priority_minerals,reference,16,4.0,2,0.5200000000000001,0.01
individual_priority_minerals,reference,16,4.0,3,1.0200000000000005,0.01
individual_priority_minerals,reference,16,4.0,4,1.3200000000000007,0.01
individual_priority_minerals,reference,16,4.0,5,2.720000000000002,0.01
individual_priority_minerals,reference,16,4.0,6,2.900000000000002,0.01
individual_priority_minerals,reference,16,4.0,7,3.4000000000000026,0.058235294117647114
individual_priority_minerals,reference,16,4.0,8,7.460000000000006,0.14182352941176485
individual_priority_minerals,reference,16,4.0,9,8.400000000000007,0.16117647058823548
individual_priority_minerals,reference,16,4.0,10,9.160000000000009,0.17682352941176488
individual_priority_minerals,reference,16,4.0,11,11.06000000000001,0.21594117647058847
individual_priority_minerals,reference,16,4.0,12,12.640000000000011,0.2484705882352944
individual_priority_minerals,reference,16,4.0,13,14.520000000000012,0.28717647058823553
individual_priority_minerals,reference,16,4.0,14,15.760000000000014,0.3127058823529415
individual_priority_minerals,reference,16,4.0,15,17.820000000000014,0.35511764705882387
individual_priority_minerals,reference,16,4.0,16,19.500000000000014,0.3897058823529415
individual_priority_minerals,reference,20,1.0,1,0.42000000000000004,0.01
individual_priority_minerals,reference,20,1.0,2,0.5200000000000001,0.01
individual_priority_minerals,reference,20,1.0,3,1.0200000000000005,0.01
individual_priority_minerals,reference,20,1.0,4,1.3200000000000007,0.01
individual_priority_minerals,reference,20,1.0,5,2.720000000000002,0.01
individual_priority_minerals,reference,20,1.0,6,2.820000000000002,0.01
individual_priority_minerals,reference,20,1.0,7,2.900000000000002,0.01
individual_priority_minerals,reference,20,1.0,8,3.4000000000000026,0.058235294117647114
individual_priority_minerals,reference,20,1.0,9,4.660000000000004,0.08417647058823538
individual_priority_minerals,reference,20,1.0,10,7.480000000000007,0.1422352941176472
individual_priority_minerals,reference,20,1.0,11,8.100000000000007,0.15500000000000014
individual_priority_minerals,reference,20,1.0,12,8.400000000000007,0.16117647058823548
individual_priority_minerals,reference,20,1.0,13,9.160000000000009,0.17682352941176488
individual_priority_minerals,reference,20,1.0,14,11.12000000000001,0.21717647058823553
individual_priority_minerals,reference,20,1.0,15,12.24000000000001,0.24023529411764727
individual_priority_minerals,reference,20,1.0,16,12.640000000000011,0.2484705882352944
individual_priority_minerals,reference,20,1.0,17,14.520000000000012,0.28717647058823553
individual_priority_minerals,reference,20,1.0,18,15.760000000000014,0.3127058823529415
individual_priority_minerals,reference,20,1.0,19,17.820000000000014,0.35511764705882387
individual_priority_minerals,reference,20,1.0,20,19.500000000000014,0.3897058823529415
individual_priority_minerals,reference,20,2.0,1,0.42000000000000004,0.01
individual_priority_minerals,reference,20,2.0,2,0.5200000000000001,0.01
individual_priority_minerals,reference,20,2.0,3,1.0200000000000005,0.01
individual_priority_minerals,reference,20,2.0,4,1.3200000000000007,0.01
individual_priority_minerals,reference,20,2.0,5,1.7600000000000011,0.01
individual_priority_minerals,reference,20,2.0,6,2.720000000000002,0.01
individual_priority_minerals,reference,20,2.0,7,2.820000000000002,0.01
individual_priority_minerals,reference,20,2.0,8,2.900000000000002,0.01
individual_priority_minerals,reference,20,2.0,9,3.4000000000000026,0.058235294117647114
individual_priority_minerals,reference,20,2.0,10,4.660000000000004,0.08417647058823538
individual_priority_minerals,reference,20,2.0,11,7.460000000000006,0.14182352941176485
individual_priority_minerals,reference,20,2.0,12,8.080000000000007,0.1545882352941178
individual_priority_minerals,reference,20,2.0,13,8.400000000000007,0.16117647058823548
individual_priority_minerals,reference,20,2.0,14,9.160000000000009,0.17682352941176488
individual_priority_minerals,reference,20,2.0,15,11.12000000000001,0.21717647058823553
individual_priority_minerals,reference,20,2.0,16,12.640000000000011,0.2484705882352944
individual_priority_minerals,reference,20,2.0,17,14.520000000000012,0.28717647058823553
individual_priority_minerals,reference,20,2.0,18,15.760000000000014,0.3127058823529415
individual_priority_minerals,reference,20,2.0,19,17.820000000000014,0.35511764705882387
individual_priority_minerals,reference,20,2.0,20,19.500000000000014,0.3897058823529415
individual_priority_minerals,reference,20,4.0,1,0.42000000000000004,0.01
individual_priority_minerals,reference,20,4.0,2,0.5200000000000001,0.01
individual_priority_minerals,reference,20,4.0,3,1.0200000000000005,0.01
individual_priority_minerals,reference,20,4.0,4,1.3200000000000007,0.01
individual_priority_minerals,reference,20,4.0,5,1.720000000000001,0.01
individual_priority_minerals,reference,20,4.0,6,2.720000000000002,0.01
individual_priority_minerals,reference,20,4.0,7,2.820000000000002,0.01
individual_priority_minerals,reference,20,4.0,8,2.900000000000002,0.01
individual_priority_minerals,reference,20,4.0,9,2.980000000000002,0.01
individual_priority_minerals,reference,20,4.0,10,3.4000000000000026,0.058235294117647114
individual_priority_minerals,reference,20,4.0,11,4.640000000000004,0.08376470588235303
individual_priority_minerals,reference,20,4.0,12,7.460000000000006,0.14182352941176485
individual_priority_minerals,reference,20,4.0,13,8.400000000000007,0.16117647058823548
individual_priority_minerals,reference,20,4.0,14,9.160000000000009,0.17682352941176488
individual_priority_minerals,reference,20,4.0,15,11.06000000000001,0.21594117647058847
individual_priority_minerals,reference,20,4.0,16,12.640000000000011,0.2484705882352944
individual_priority_minerals,reference,20,4.0,17,14.520000000000012,0.28717647058823553
individual_priority_minerals,reference,20,4.0,18,15.760000000000014,0.3127058823529415
individual_priority_minerals,reference,20,4.0,19,17.820000000000014,0.35511764705882387
individual_priority_minerals,reference,20,4.0,20,19.500000000000014,0.3897058823529415
individual_priority_minerals,stressed,4,1.0,1,0.42000000000000004,0.01
individual_priority_minerals,stressed,4,1.0,2,2.900000000000002,0.01
individual_priority_minerals,stressed,4,1.0,3,12.640000000000011,0.2484705882352944
individual_priority_minerals,stressed,4,1.0,4,15.760000000000014,0.3127058823529415
individual_priority_minerals,stressed,4,2.0,1,0.42000000000000004,0.01
individual_priority_minerals,stressed,4,2.0,2,2.900000000000002,0.01
individual_priority_minerals,stressed,4,2.0,3,12.640000000000011,0.2484705882352944
individual_priority_minerals,stressed,4,2.0,4,15.760000000000014,0.3127058823529415
individual_priority_minerals,stressed,4,4.0,1,0.42000000000000004,0.01
individual_priority_minerals,stressed,4,4.0,2,2.900000000000002,0.01
individual_priority_minerals,stressed,4,4.0,3,12.640000000000011,0.2484705882352944
individual_priority_minerals,stressed,4,4.0,4,15.760000000000014,0.3127058823529415
individual_priority_minerals,stressed,5,1.0,1,0.42000000000000004,0.01
individual_priority_minerals,stressed,5,1.0,2,2.720000000000002,0.01
individual_priority_minerals,stressed,5,1.0,3,2.900000000000002,0.01
individual_priority_minerals,stressed,5,1.0,4,12.640000000000011,0.2484705882352944
individual_priority_minerals,stressed,5,1.0,5,15.760000000000014,0.3127058823529415
individual_priority_minerals,stressed,5,2.0,1,0.42000000000000004,0.01
individual_priority_minerals,stressed,5,2.0,2,2.720000000000002,0.01
individual_priority_minerals,stressed,5,2.0,3,2.900000000000002,0.01
individual_priority_minerals,stressed,5,2.0,4,12.640000000000011,0.2484705882352944
individual_priority_minerals,stressed,5,2.0,5,15.760000000000014,0.3127058823529415
individual_priority_minerals,stressed,5,4.0,1,0.42000000000000004,0.01
individual_priority_minerals,stressed,5,4.0,2,2.720000000000002,0.01
individual_priority_minerals,stressed,5,4.0,3,2.900000000000002,0.01
individual_priority_minerals,stressed,5,4.0,4,12.640000000000011,0.2484705882352944
individual_priority_minerals,stressed,5,4.0,5,15.760000000000014,0.3127058823529415
individual_priority_minerals,stressed,6,1.0,1,0.42000000000000004,0.01
individual_priority_minerals,stressed,6,1.0,2,2.720000000000002,0.01
individual_priority_minerals,stressed,6,1.0,3,2.900000000000002,0.01
individual_priority_minerals,stressed,6,1.0,4,8.400000000000007,0.16117647058823548
individual_priority_minerals,stressed,6,1.0,5,12.640000000000011,0.2484705882352944
individual_priority_minerals,stressed,6,1.0,6,15.760000000000014,0.3127058823529415
individual_priority_minerals,stressed,6,2.0,1,0.42000000000000004,0.01
individual_priority_minerals,stressed,6,2.0,2,2.720000000000002,0.01
individual_priority_minerals,stressed,6,2.0,3,2.900000000000002,0.01
individual_priority_minerals,stressed,6,2.0,4,8.400000000000007,0.16117647058823548
individual_priority_minerals,stressed,6,2.0,5,12.640000000000011,0.2484705882352944
individual_priority_minerals,stressed,6,2.0,6,15.760000000000014,0.3127058823529415
individual_priority_minerals,stressed,6,4.0,1,0.42000000000000004,0.01
individual_priority_minerals,stressed,6,4.0,2,2.720000000000002,0.01
individual_priority_minerals,stressed,6,4.0,3,2.900000000000002,0.01
individual_priority_minerals,stressed,6,4.0,4,8.400000000000007,0.16117647058823548
individual_priority_minerals,stressed,6,4.0,5,12.640000000000011,0.2484705882352944
individual_priority_minerals,stressed,6,4.0,6,15.760000000000014,0.3127058823529415
individual_priority_minerals,stressed,8,1.0,1,0.42000000000000004,0.01
individual_priority_minerals,stressed,8,1.0,2,1.3200000000000007,0.01
individual_priority_minerals,stressed,8,1.0,3,2.720000000000002,0.01
individual_priority_minerals,stressed,8,1.0,4,2.900000000000002,0.01
individual_priority_minerals,stressed,8,1.0,5,8.400000000000007,0.16117647058823548
individual_priority_minerals,stressed,8,1.0,6,12.640000000000011,0.2484705882352944
individual_priority_minerals,stressed,8,1.0,7,15.760000000000014,0.3127058823529415
individual_priority_minerals,stressed,8,1.0,8,17.820000000000014,0.35511764705882387
individual_priority_minerals,stressed,8,2.0,1,0.42000000000000004,0.01
individual_priority_minerals,stressed,8,2.0,2,1.3200000000000007,0.01
individual_priority_minerals,stressed,8,2.0,3,2.720000000000002,0.01
individual_priority_minerals,stressed,8,2.0,4,2.900000000000002,0.01
individual_priority_minerals,stressed,8,2.0,5,8.400000000000007,0.16117647058823548
individual_priority_minerals,stressed,8,2.0,6,12.640000000000011,0.2484705882352944
individual_priority_minerals,stressed,8,2.0,7,15.760000000000014,0.3127058823529415
individual_priority_minerals,stressed,8,2.0,8,17.820000000000014,0.35511764705882387
individual_priority_minerals,stressed,8,4.0,1,0.42000000000000004,0.01
individual_priority_minerals,stressed,8,4.0,2,1.3200000000000007,0.01
individual_priority_minerals,stressed,8,4.0,3,2.720000000000002,0.01
individual_priority_minerals,stressed,8,4.0,4,2.900000000000002,0.01
individual_priority_minerals,stressed,8,4.0,5,8.400000000000007,0.16117647058823548
individual_priority_minerals,stressed,8,4.0,6,12.640000000000011,0.2484705882352944
individual_priority_minerals,stressed,8,4.0,7,15.760000000000014,0.3127058823529415
individual_priority_minerals,stressed,8,4.0,8,17.820000000000014,0.35511764705882387
individual_priority_minerals,stressed,10,1.0,1,0.42000000000000004,0.01
individual_priority_minerals,stressed,10,1.0,2,0.5200000000000001,0.01
individual_priority_minerals,stressed,10,1.0,3,1.3200000000000007,0.01
individual_priority_minerals,stressed,10,1.0,4,2.720000000000002,0.01
individual_priority_minerals,stressed,10,1.0,5,2.900000000000002,0.01
individual_priority_minerals,stressed,10,1.0,6,8.400000000000007,0.16117647058823548
individual_priority_minerals,stressed,10,1.0,7,12.640000000000011,0.2484705882352944
individual_priority_minerals,stressed,10,1.0,8,14.520000000000012,0.28717647058823553
individual_priority_minerals,stressed,10,1.0,9,15.760000000000014,0.3127058823529415
individual_priority_minerals,stressed,10,1.0,10,17.820000000000014,0.35511764705882387
individual_priority_minerals,stressed,10,2.0,1,0.42000000000000004,0.01
individual_priority_minerals,stressed,10,2.0,2,0.5200000000000001,0.01
individual_priority_minerals,stressed,10,2.0,3,1.3200000000000007,0.01
individual_priority_minerals,stressed,10,2.0,4,2.720000000000002,0.01
individual_priority_minerals,stressed,10,2.0,5,2.900000000000002,0.01
individual_priority_minerals,stressed,10,2.0,6,8.400000000000007,0.16117647058823548
individual_priority_minerals,stressed,10,2.0,7,12.640000000000011,0.2484705882352944
individual_priority_minerals,stressed,10,2.0,8,14.520000000000012,0.28717647058823553
individual_priority_minerals,stressed,10,2.0,9,15.760000000000014,0.3127058823529415
individual_priority_minerals,stressed,10,2.0,10,17.820000000000014,0.35511764705882387
individual_priority_minerals,stressed,10,4.0,1,0.42000000000000004,0.01
individual_priority_minerals,stressed,10,4.0,2,0.5200000000000001,0.01
individual_priority_minerals,stressed,10,4.0,3,1.3200000000000007,0.01
individual_priority_minerals,stressed,10,4.0,4,2.720000000000002,0.01
individual_priority_minerals,stressed,10,4.0,5,2.900000000000002,0.01
individual_priority_minerals,stressed,10,4.0,6,8.400000000000007,0.16117647058823548
individual_priority_minerals,stressed,10,4.0,7,12.640000000000011,0.2484705882352944
individual_priority_minerals,stressed,10,4.0,8,14.520000000000012,0.28717647058823553
individual_priority_minerals,stressed,10,4.0,9,15.760000000000014,0.3127058823529415
individual_priority_minerals,stressed,10,4.0,10,17.820000000000014,0.35511764705882387
individual_priority_minerals,stressed,12,1.0,1,0.42000000000000004,0.01
individual_priority_minerals,stressed,12,1.0,2,0.5200000000000001,0.01
individual_priority_minerals,stressed,12,1.0,3,1.3200000000000007,0.01
individual_priority_minerals,stressed,12,1.0,4,2.720000000000002,0.01
individual_priority_minerals,stressed,12,1.0,5,2.900000000000002,0.01
individual_priority_minerals,stressed,12,1.0,6,8.100000000000007,0.15500000000000014
individual_priority_minerals,stressed,12,1.0,7,8.400000000000007,0.16117647058823548
individual_priority_minerals,stressed,12,1.0,8,11.12000000000001,0.21717647058823553
individual_priority_minerals,stressed,12,1.0,9,12.640000000000011,0.2484705882352944
individual_priority_minerals,stressed,12,1.0,10,14.520000000000012,0.28717647058823553
individual_priority_minerals,stressed,12,1.0,11,15.760000000000014,0.3127058823529415
individual_priority_minerals,stressed,12,1.0,12,17.820000000000014,0.35511764705882387
individual_priority_minerals,stressed,12,2.0,1,0.42000000000000004,0.01
individual_priority_minerals,stressed,12,2.0,2,0.5200000000000001,0.01
individual_priority_minerals,stressed,12,2.0,3,1.3200000000000007,0.01
individual_priority_minerals,stressed,12,2.0,4,2.720000000000002,0.01
individual_priority_minerals,stressed,12,2.0,5,2.900000000000002,0.01
individual_priority_minerals,stressed,12,2.0,6,8.080000000000007,0.1545882352941178
individual_priority_minerals,stressed,12,2.0,7,8.400000000000007,0.16117647058823548
individual_priority_minerals,stressed,12,2.0,8,11.12000000000001,0.21717647058823553
individual_priority_minerals,stressed,12,2.0,9,12.640000000000011,0.2484705882352944
individual_priority_minerals,stressed,12,2.0,10,14.520000000000012,0.28717647058823553
individual_priority_minerals,stressed,12,2.0,11,15.760000000000014,0.3127058823529415
individual_priority_minerals,stressed,12,2.0,12,17.820000000000014,0.35511764705882387
individual_priority_minerals,stressed,12,4.0,1,0.42000000000000004,0.01
individual_priority_minerals,stressed,12,4.0,2,0.5200000000000001,0.01
individual_priority_minerals,stressed,12,4.0,3,1.3200000000000007,0.01
individual_priority_minerals,stressed,12,4.0,4,2.720000000000002,0.01
individual_priority_minerals,stressed,12,4.0,5,2.900000000000002,0.01
individual_priority_minerals,stressed,12,4.0,6,3.4000000000000026,0.058235294117647114
individual_priority_minerals,stressed,12,4.0,7,8.400000000000007,0.16117647058823548
individual_priority_minerals,stressed,12,4.0,8,11.06000000000001,0.21594117647058847
individual_priority_minerals,stressed,12,4.0,9,12.640000000000011,0.2484705882352944
individual_priority_minerals,stressed,12,4.0,10,14.520000000000012,0.28717647058823553
individual_priority_minerals,stressed,12,4.0,11,15.760000000000014,0.3127058823529415
individual_priority_minerals,stressed,12,4.0,12,17.820000000000014,0.35511764705882387
individual_priority_minerals,stressed,16,1.0,1,0.42000000000000004,0.01
individual_priority_minerals,stressed,16,1.0,2,0.5200000000000001,0.01
individual_priority_minerals,stressed,16,1.0,3,1.0200000000000005,0.01
individual_priority_minerals,stressed,16,1.0,4,1.3200000000000007,0.01
individual_priority_minerals,stressed,16,1.0,5,2.720000000000002,0.01
individual_priority_minerals,stressed,16,1.0,6,2.900000000000002,0.01
individual_priority_minerals,stressed,16,1.0,7,7.480000000000007,0.1422352941176472
individual_priority_minerals,stressed,16,1.0,8,8.100000000000007,0.15500000000000014
individual_priority_minerals,stressed,16,1.0,9,8.400000000000007,0.16117647058823548
individual_priority_minerals,stressed,16,1.0,10,9.160000000000009,0.17682352941176488
individual_priority_minerals,stressed,16,1.0,11,11.12000000000001,0.21717647058823553
individual_priority_minerals,stressed,16,1.0,12,12.640000000000011,0.2484705882352944
individual_priority_minerals,stressed,16,1.0,13,14.520000000000012,0.28717647058823553
individual_priority_minerals,stressed,16,1.0,14,15.760000000000014,0.3127058823529415
individual_priority_minerals,stressed,16,1.0,15,17.820000000000014,0.35511764705882387
individual_priority_minerals,stressed,16,1.0,16,19.500000000000014,0.3897058823529415
individual_priority_minerals,stressed,16,2.0,1,0.42000000000000004,0.01
individual_priority_minerals,stressed,16,2.0,2,0.5200000000000001,0.01
individual_priority_minerals,stressed,16,2.0,3,1.0200000000000005,0.01
individual_priority_minerals,stressed,16,2.0,4,1.3200000000000007,0.01
individual_priority_minerals,stressed,16,2.0,5,2.720000000000002,0.01
individual_priority_minerals,stressed,16,2.0,6,2.900000000000002,0.01
individual_priority_minerals,stressed,16,2.0,7,7.460000000000006,0.14182352941176485
individual_priority_minerals,stressed,16,2.0,8,8.080000000000007,0.1545882352941178
individual_priority_minerals,stressed,16,2.0,9,8.400000000000007,0.16117647058823548
individual_priority_minerals,stressed,16,2.0,10,9.160000000000009,0.17682352941176488
individual_priority_minerals,stressed,16,2.0,11,11.12000000000001,0.21717647058823553
individual_priority_minerals,stressed,16,2.0,12,12.640000000000011,0.2484705882352944
individual_priority_minerals,stressed,16,2.0,13,14.520000000000012,0.28717647058823553
individual_priority_minerals,stressed,16,2.0,14,15.760000000000014,0.3127058823529415
individual_priority_minerals,stressed,16,2.0,15,17.820000000000014,0.35511764705882387
individual_priority_minerals,stressed,16,2.0,16,19.500000000000014,0.3897058823529415
individual_priority_minerals,stressed,16,4.0,1,0.42000000000000004,0.01
individual_priority_minerals,stressed,16,4.0,2,0.5200000000000001,0.01
individual_priority_minerals,stressed,16,4.0,3,1.0200000000000005,0.01
individual_priority_minerals,stressed,16,4.0,4,1.3200000000000007,0.01
individual_priority_minerals,stressed,16,4.0,5,2.720000000000002,0.01
individual_priority_minerals,stressed,16,4.0,6,2.900000000000002,0.01
individual_priority_minerals,stressed,16,4.0,7,3.4000000000000026,0.058235294117647114
individual_priority_minerals,stressed,16,4.0,8,7.460000000000006,0.14182352941176485
individual_priority_minerals,stressed,16,4.0,9,8.400000000000007,0.16117647058823548
individual_priority_minerals,stressed,16,4.0,10,9.160000000000009,0.17682352941176488
individual_priority_minerals,stressed,16,4.0,11,11.06000000000001,0.21594117647058847
individual_priority_minerals,stressed,16,4.0,12,12.640000000000011,0.2484705882352944
individual_priority_minerals,stressed,16,4.0,13,14.520000000000012,0.28717647058823553
individual_priority_minerals,stressed,16,4.0,14,15.760000000000014,0.3127058823529415
individual_priority_minerals,stressed,16,4.0,15,17.820000000000014,0.35511764705882387
individual_priority_minerals,stressed,16,4.0,16,19.500000000000014,0.3897058823529415
individual_priority_minerals,stressed,20,1.0,1,0.42000000000000004,0.01
individual_priority_minerals,stressed,20,1.0,2,0.5200000000000001,0.01
individual_priority_minerals,stressed,20,1.0,3,1.0200000000000005,0.01
individual_priority_minerals,stressed,20,1.0,4,1.3200000000000007,0.01
individual_priority_minerals,stressed,20,1.0,5,2.720000000000002,0.01
individual_priority_minerals,stressed,20,1.0,6,2.820000000000002,0.01
individual_priority_minerals,stressed,20,1.0,7,2.900000000000002,0.01
individual_priority_minerals,stressed,20,1.0,8,3.4000000000000026,0.058235294117647114
individual_priority_minerals,stressed,20,1.0,9,4.660000000000004,0.08417647058823538
individual_priority_minerals,stressed,20,1.0,10,7.480000000000007,0.1422352941176472
individual_priority_minerals,stressed,20,1.0,11,8.100000000000007,0.15500000000000014
individual_priority_minerals,stressed,20,1.0,12,8.400000000000007,0.16117647058823548
individual_priority_minerals,stressed,20,1.0,13,9.160000000000009,0.17682352941176488
individual_priority_minerals,stressed,20,1.0,14,11.12000000000001,0.21717647058823553
individual_priority_minerals,stressed,20,1.0,15,12.24000000000001,0.24023529411764727
individual_priority_minerals,stressed,20,1.0,16,12.640000000000011,0.2484705882352944
individual_priority_minerals,stressed,20,1.0,17,14.520000000000012,0.28717647058823553
individual_priority_minerals,stressed,20,1.0,18,15.760000000000014,0.3127058823529415
individual_priority_minerals,stressed,20,1.0,19,17.820000000000014,0.35511764705882387
individual_priority_minerals,stressed,20,1.0,20,19.500000000000014,0.3897058823529415
individual_priority_minerals,stressed,20,2.0,1,0.42000000000000004,0.01
individual_priority_minerals,stressed,20,2.0,2,0.5200000000000001,0.01
individual_priority_minerals,stressed,20,2.0,3,1.0200000000000005,0.01
individual_priority_minerals,stressed,20,2.0,4,1.3200000000000007,0.01
individual_priority_minerals,stressed,20,2.0,5,1.7600000000000011,0.01
individual_priority_minerals,stressed,20,2.0,6,2.720000000000002,0.01
individual_priority_minerals,stressed,20,2.0,7,2.820000000000002,0.01
individual_priority_minerals,stressed,20,2.0,8,2.900000000000002,0.01
individual_priority_minerals,stressed,20,2.0,9,3.4000000000000026,0.058235294117647114
individual_priority_minerals,stressed,20,2.0,10,4.660000000000004,0.08417647058823538
individual_priority_minerals,stressed,20,2.0,11,7.460000000000006,0.14182352941176485
individual_priority_minerals,stressed,20,2.0,12,8.080000000000007,0.1545882352941178
individual_priority_minerals,stressed,20,2.0,13,8.400000000000007,0.16117647058823548
individual_priority_minerals,stressed,20,2.0,14,9.160000000000009,0.17682352941176488
individual_priority_minerals,stressed,20,2.0,15,11.12000000000001,0.21717647058823553
individual_priority_minerals,stressed,20,2.0,16,12.640000000000011,0.2484705882352944
individual_priority_minerals,stressed,20,2.0,17,14.520000000000012,0.28717647058823553
individual_priority_minerals,stressed,20,2.0,18,15.760000000000014,0.3127058823529415
individual_priority_minerals,stressed,20,2.0,19,17.820000000000014,0.35511764705882387
individual_priority_minerals,stressed,20,2.0,20,19.500000000000014,0.3897058823529415
individual_priority_minerals,stressed,20,4.0,1,0.42000000000000004,0.01
individual_priority_minerals,stressed,20,4.0,2,0.5200000000000001,0.01
individual_priority_minerals,stressed,20,4.0,3,1.0200000000000005,0.01
individual_priority_minerals,stressed,20,4.0,4,1.3200000000000007,0.01
individual_priority_minerals,stressed,20,4.0,5,1.720000000000001,0.01
individual_priority_minerals,stressed,20,4.0,6,2.720000000000002,0.01
individual_priority_minerals,stressed,20,4.0,7,2.820000000000002,0.01
individual_priority_minerals,stressed,20,4.0,8,2.900000000000002,0.01
individual_priority_minerals,stressed,20,4.0,9,2.980000000000002,0.01
individual_priority_minerals,stressed,20,4.0,10,3.4000000000000026,0.058235294117647114
individual_priority_minerals,stressed,20,4.0,11,4.640000000000004,0.08376470588235303
individual_priority_minerals,stressed,20,4.0,12,7.460000000000006,0.14182352941176485
individual_priority_minerals,stressed,20,4.0,13,8.400000000000007,0.16117647058823548
individual_priority_minerals,stressed,20,4.0,14,9.160000000000009,0.17682352941176488
individual_priority_minerals,stressed,20,4.0,15,11.06000000000001,0.21594117647058847
individual_priority_minerals,stressed,20,4.0,16,12.640000000000011,0.2484705882352944
individual_priority_minerals,stressed,20,4.0,17,14.520000000000012,0.28717647058823553
individual_priority_minerals,stressed,20,4.0,18,15.760000000000014,0.3127058823529415
individual_priority_minerals,stressed,20,4.0,19,17.820000000000014,0.35511764705882387
individual_priority_minerals,stressed,20,4.0,20,19.500000000000014,0.3897058823529415
