Brown University Keck/NASA Relab Spectrum CK-JFM-029/BKR1CK029
Wavelength(micron)	Reflectance	Standard Deviation
0.3	.186010	.007036
0.305	.230798	.006021
0.31	.284989	.005757
0.315	.340965	.005185
0.32	.391601	.004746
0.325	.434703	.004664
0.33	.471811	.004750
0.335	.499789	.005109
0.34	.520762	.004992
0.345	.538794	.005006
0.35	.548527	.004748
0.355	.561611	.004451
0.36	.569733	.003916
0.365	.577877	.004407
0.37	.583144	.003881
0.375	.589585	.003570
0.38	.590840	.004479
0.385	.590570	.004197
0.39	.598715	.003980
0.395	.612315	.004043
0.4	.619298	.004803
0.405	.624958	.004253
0.41	.628905	.003869
0.415	.631344	.003918
0.42	.631925	.003909
0.425	.636773	.004111
0.43	.641864	.004193
0.435	.647282	.004172
0.44	.650929	.004325
0.445	.654761	.003476
0.45	.658668	.003951
0.455	.661367	.004343
0.46	.667624	.003966
0.465	.672631	.003982
0.47	.675136	.003716
0.475	.678333	.003855
0.48	.680213	.004492
0.485	.682782	.004116
0.49	.686365	.004125
0.495	.689772	.004080
0.5	.692126	.004087
0.505	.695642	.003936
0.51	.698486	.004430
0.515	.701497	.003884
0.52	.704727	.004279
0.525	.708475	.003858
0.53	.709207	.004490
0.535	.713955	.004203
0.54	.716308	.004079
0.545	.720180	.004530
0.55	.722766	.004649
0.555	.728022	.004812
0.56	.733052	.004585
0.565	.739064	.004681
0.57	.743168	.004730
0.575	.750086	.004695
0.58	.754650	.004702
0.585	.758642	.004951
0.59	.762762	.005259
0.595	.766156	.005194
0.6	.769289	.004584
0.605	.771710	.004389
0.61	.773895	.004470
0.615	.776352	.004945
0.62	.777623	.004429
0.625	.780118	.004991
0.63	.780252	.005255
0.635	.781538	.005083
0.64	.783333	.005207
0.645	.784594	.005339
0.65	.785844	.005420
0.655	.787367	.004961
0.66	.788231	.004910
0.665	.791420	.004544
0.67	.791656	.005038
0.675	.793714	.005280
0.68	.795786	.004908
0.685	.797010	.004791
0.69	.797150	.004814
0.695	.799402	.004573
0.7	.800147	.004827
0.705	.801173	.005300
0.71	.802021	.005359
0.715	.803360	.005107
0.72	.806509	.005797
0.725	.806400	.004853
0.73	.806672	.005436
0.735	.808169	.005582
0.74	.809401	.005303
0.745	.809659	.005935
0.75	.809987	.005415
0.755	.810693	.005483
0.76	.812257	.004688
0.765	.812431	.005271
0.77	.813995	.005672
0.775	.814085	.005975
0.78	.814442	.006166
0.785	.814921	.005424
0.79	.816197	.005642
0.795	.814773	.006111
0.8	.815815	.006400
0.805	.815841	.006356
0.81	.814335	.005967
0.815	.814761	.006188
0.82	.814532	.006085
0.825	.813346	.006459
0.83	.813714	.006569
0.835	.814557	.006171
0.84	.814419	.005949
0.845	.813054	.006474
0.85	.812852	.006592
0.855	.811582	.006483
0.86	.811633	.007249
0.865	.812622	.006807
0.87	.810216	.007008
0.875	.810629	.006621
0.88	.810196	.006539
0.885	.810336	.006491
0.89	.810347	.006099
0.895	.809371	.006046
0.9	.808503	.005919
0.905	.808851	.005879
0.91	.808975	.005705
0.915	.808774	.005864
0.92	.808915	.005374
0.925	.808816	.005582
0.93	.809420	.005823
0.935	.810325	.005938
0.94	.810039	.006211
0.945	.809029	.005997
0.95	.808652	.005893
0.955	.809324	.006021
0.96	.809553	.005659
0.965	.808493	.005793
0.97	.809064	.006038
0.975	.808180	.005797
0.98	.808736	.005410
0.985	.808264	.005869
0.99	.807137	.006066
0.995	.805963	.005907
1	.805772	.005726
1.005	.804990	.005895
1.01	.805093	.004989
1.015	.803122	.005300
1.02	.802450	.005541
1.025	.801542	.005190
1.03	.801040	.005715
1.035	.800094	.005421
1.04	.798297	.005714
1.045	.796744	.005246
1.05	.795405	.005304
1.055	.794764	.005335
1.06	.791978	.005143
1.065	.791073	.005399
1.07	.790304	.005431
1.075	.788033	.005107
1.08	.787260	.005044
1.085	.786449	.005434
1.09	.783406	.005376
1.095	.782714	.005283
1.1	.781082	.005589
1.105	.781221	.005643
1.11	.778241	.005631
1.115	.777316	.005405
1.12	.776421	.005126
1.125	.774156	.005362
1.13	.773601	.005458
1.135	.771753	.005481
1.14	.770414	.005092
1.145	.769342	.005148
1.15	.767529	.005119
1.155	.767007	.004999
1.16	.765930	.005272
1.165	.764040	.005215
1.17	.763148	.004907
1.175	.761513	.005034
1.18	.760596	.004787
1.185	.760068	.005016
1.19	.759205	.004975
1.195	.758134	.004955
1.2	.756879	.004847
1.205	.756172	.004692
1.21	.755751	.005013
1.215	.755343	.004751
1.22	.754365	.004606
1.225	.753918	.004923
1.23	.753575	.004850
1.235	.752917	.004702
1.24	.752303	.004906
1.245	.752041	.004928
1.25	.752001	.004809
1.255	.751371	.004913
1.26	.751469	.004708
1.265	.751240	.004859
1.27	.750819	.004620
1.275	.751145	.004854
1.28	.751085	.004837
1.285	.751022	.004963
1.29	.751744	.004927
1.295	.751900	.005099
1.3	.751796	.004933
1.305	.753019	.004840
1.31	.753319	.004900
1.315	.753703	.005119
1.32	.753739	.005041
1.325	.754182	.005136
1.33	.754585	.004876
1.335	.754979	.004814
1.34	.755484	.004990
1.345	.755758	.005110
1.35	.756571	.005131
1.355	.756827	.005152
1.36	.757254	.005178
1.365	.757945	.005228
1.37	.758372	.005190
1.375	.758254	.005230
1.38	.758407	.005217
1.385	.758799	.005224
1.39	.758874	.005203
1.395	.758404	.005180
1.4	.757950	.005210
1.405	.757385	.005210
1.41	.756911	.005246
1.415	.756466	.005208
1.42	.755710	.005451
1.425	.756575	.005025
1.43	.757177	.004682
1.435	.757734	.004820
1.44	.758013	.005244
1.445	.758675	.005543
1.45	.759454	.005150
1.455	.761209	.004966
1.46	.762566	.005246
1.465	.763774	.005007
1.47	.765321	.005451
1.475	.767346	.005081
1.48	.768056	.005080
1.485	.768637	.005360
1.49	.771077	.005471
1.495	.772230	.005390
1.5	.774152	.005437
1.505	.775781	.005458
1.51	.777809	.005483
1.515	.779224	.005511
1.52	.780347	.005545
1.525	.781744	.005483
1.53	.783261	.005679
1.535	.784438	.005522
1.54	.785265	.005318
1.545	.786682	.005512
1.55	.786628	.005316
1.555	.788352	.005544
1.56	.788461	.005471
1.565	.789753	.005362
1.57	.790756	.005148
1.575	.791150	.005299
1.58	.792310	.005241
1.585	.793151	.005307
1.59	.793531	.005644
1.595	.794151	.005345
1.6	.794934	.005291
1.605	.796057	.005395
1.61	.796253	.005376
1.615	.797441	.005369
1.62	.797275	.005375
1.625	.798684	.005316
1.63	.799332	.005584
1.635	.798943	.005857
1.64	.801075	.006109
1.645	.800888	.005467
1.65	.802437	.005593
1.655	.803819	.005723
1.66	.804770	.005160
1.665	.805725	.005943
1.67	.805562	.005770
1.675	.807189	.005798
1.68	.807137	.005807
1.685	.808619	.005475
1.69	.808907	.005936
1.695	.809510	.005601
1.7	.809964	.005792
1.705	.810971	.005611
1.71	.811051	.005982
1.715	.811141	.005767
1.72	.811460	.005804
1.725	.810923	.005693
1.73	.810698	.006022
1.735	.810444	.005788
1.74	.809710	.005707
1.745	.809571	.005789
1.75	.809425	.005774
1.755	.808991	.005768
1.76	.809639	.005547
1.765	.809834	.005597
1.77	.810383	.006031
1.775	.811345	.005968
1.78	.811485	.005959
1.785	.812466	.006027
1.79	.812575	.005690
1.795	.813257	.005764
1.8	.813286	.005851
1.805	.813750	.005955
1.81	.813542	.005888
1.815	.813822	.005782
1.82	.813362	.006142
1.825	.813569	.005707
1.83	.813331	.005954
1.835	.813376	.005930
1.84	.812953	.006011
1.845	.812797	.006048
1.85	.811966	.006051
1.855	.811823	.006024
1.86	.810586	.006045
1.865	.808248	.006054
1.87	.805112	.006053
1.875	.801368	.006025
1.88	.795850	.006012
1.885	.788786	.005913
1.89	.780632	.005812
1.895	.769662	.005717
1.9	.757540	.005663
1.905	.744842	.005517
1.91	.732167	.005474
1.915	.720474	.005344
1.92	.709411	.005423
1.925	.700288	.005000
1.93	.691129	.005367
1.935	.681718	.005051
1.94	.675899	.004951
1.945	.676628	.004948
1.95	.677816	.005052
1.955	.681054	.005054
1.96	.685229	.005040
1.965	.688693	.005077
1.97	.692015	.005163
1.975	.695015	.005167
1.98	.698213	.005537
1.985	.702919	.005381
1.99	.708083	.005338
1.995	.713971	.005326
2	.719666	.005703
2.005	.725326	.005815
2.01	.730411	.005484
2.015	.734760	.005495
2.02	.739001	.005583
2.025	.742839	.005657
2.03	.746359	.005691
2.035	.749173	.005647
2.04	.751659	.005660
2.045	.753878	.005510
2.05	.755172	.005670
2.055	.757299	.005734
2.06	.759081	.005621
2.065	.761428	.005705
2.07	.763168	.005836
2.075	.765629	.005901
2.08	.766668	.005815
2.085	.769227	.006304
2.09	.770624	.005719
2.095	.772679	.005868
2.1	.773670	.005963
2.105	.776044	.005973
2.11	.777309	.006138
2.115	.778971	.006047
2.12	.780397	.006212
2.125	.781001	.006093
2.13	.783448	.006298
2.135	.784433	.006001
2.14	.786336	.006205
2.145	.786780	.006595
2.15	.788097	.006375
2.155	.788588	.006096
2.16	.789238	.006206
2.165	.789484	.006087
2.17	.789377	.006435
2.175	.789821	.006099
2.18	.790588	.006373
2.185	.791871	.006270
2.19	.792226	.006431
2.195	.793120	.006254
2.2	.793722	.006460
2.205	.793840	.006294
2.21	.793236	.006455
2.215	.794217	.006695
2.22	.794510	.006708
2.225	.794616	.006619
2.23	.795128	.006286
2.235	.795903	.006432
2.24	.795682	.006298
2.245	.797828	.005983
2.25	.797698	.006630
2.255	.797835	.006388
2.26	.798206	.006317
2.265	.798986	.006415
2.27	.798565	.006643
2.275	.798727	.006315
2.28	.798192	.006580
2.285	.797861	.006334
2.29	.796340	.006274
2.295	.794678	.006245
2.3	.792861	.006251
2.305	.793738	.006353
2.31	.792575	.006379
2.315	.790056	.006773
2.32	.788089	.006764
2.325	.786597	.006657
2.33	.785677	.006404
2.335	.785237	.006427
2.34	.782643	.006543
2.345	.781603	.006313
2.35	.778832	.006445
2.355	.776605	.006480
2.36	.773763	.006427
2.365	.770028	.006354
2.37	.766325	.006092
2.375	.762515	.006242
2.38	.757124	.006275
2.385	.752834	.006484
2.39	.747672	.006137
2.395	.742200	.005920
2.4	.736539	.006233
2.405	.731048	.006130
2.41	.726325	.005870
2.415	.721275	.005809
2.42	.716140	.005991
2.425	.712420	.005936
2.43	.709617	.005618
2.435	.707746	.005776
2.44	.705680	.006116
2.445	.703997	.006109
2.45	.702516	.005944
2.455	.700176	.005783
2.46	.699013	.005624
2.465	.697950	.005890
2.47	.695812	.005675
2.475	.694290	.005732
2.48	.695338	.005722
2.485	.694623	.005582
2.49	.694768	.005682
2.495	.693800	.005663
2.5	.694717	.005609
2.505	.693185	.005922
2.51	.693823	.005699
2.515	.694027	.005795
2.52011	.692711	.000000
2.52073	.692701	.000000
2.52134	.692628	.000000
2.52195	.692819	.000000
2.52257	.692817	.000000
2.52318	.692761	.000000
2.52379	.692777	.000000
2.52441	.692732	.000000
2.52502	.692771	.000000
2.52564	.692837	.000000
2.52625	.692659	.000000
2.52687	.692562	.000000
2.52749	.692690	.000000
2.5281	.692763	.000000
2.52872	.692841	.000000
2.52933	.692881	.000000
2.52995	.692879	.000000
2.53057	.692788	.000000
2.53119	.692725	.000000
2.5318	.692649	.000000
2.53242	.692680	.000000
2.53304	.692715	.000000
2.53366	.692815	.000000
2.53428	.692837	.000000
2.5349	.692866	.000000
2.53552	.692792	.000000
2.53614	.692551	.000000
2.53676	.692590	.000000
2.53738	.692806	.000000
2.538	.692941	.000000
2.53862	.692810	.000000
2.53925	.692713	.000000
2.53987	.692860	.000000
2.54049	.692831	.000000
2.54111	.692721	.000000
2.54173	.692700	.000000
2.54236	.692628	.000000
2.54298	.692458	.000000
2.5436	.692514	.000000
2.54423	.692732	.000000
2.54485	.692673	.000000
2.54548	.692638	.000000
2.5461	.692707	.000000
2.54673	.692636	.000000
2.54735	.692479	.000000
2.54798	.692275	.000000
2.54861	.692254	.000000
2.54923	.692315	.000000
2.54986	.692311	.000000
2.55049	.692223	.000000
2.55111	.692182	.000000
2.55174	.692294	.000000
2.55237	.692265	.000000
2.553	.692167	.000000
2.55363	.692252	.000000
2.55426	.692298	.000000
2.55489	.692431	.000000
2.55551	.692501	.000000
2.55614	.692367	.000000
2.55678	.692145	.000000
2.55741	.692012	.000000
2.55804	.692144	.000000
2.55867	.692267	.000000
2.5593	.692171	.000000
2.55993	.692045	.000000
2.56056	.691726	.000000
2.5612	.691234	.000000
2.56183	.691402	.000000
2.56246	.691408	.000000
2.5631	.691182	.000000
2.56373	.691441	.000000
2.56436	.691138	.000000
2.565	.691282	.000000
2.56563	.691551	.000000
2.56627	.691603	.000000
2.5669	.691603	.000000
2.56754	.691750	.000000
2.56817	.691835	.000000
2.56881	.691732	.000000
2.56945	.691049	.000000
2.57008	.690823	.000000
2.57072	.691394	.000000
2.57136	.691732	.000000
2.572	.691676	.000000
2.57263	.691215	.000000
2.57327	.690109	.000000
2.57391	.690051	.000000
2.57455	.690755	.000000
2.57519	.690923	.000000
2.57583	.691001	.000000
2.57647	.690802	.000000
2.57711	.690471	.000000
2.57775	.690800	.000000
2.57839	.691120	.000000
2.57903	.690833	.000000
2.57967	.690701	.000000
2.58032	.690670	.000000
2.58096	.690325	.000000
2.5816	.690178	.000000
2.58224	.690383	.000000
2.58289	.690477	.000000
2.58353	.689840	.000000
2.58417	.689164	.000000
2.58482	.689761	.000000
2.58546	.690516	.000000
2.58611	.690307	.000000
2.58675	.689500	.000000
2.5874	.689195	.000000
2.58804	.689740	.000000
2.58869	.689813	.000000
2.58934	.689379	.000000
2.58998	.689371	.000000
2.59063	.689410	.000000
2.59128	.689278	.000000
2.59192	.689166	.000000
2.59257	.688956	.000000
2.59322	.688921	.000000
2.59387	.687904	.000000
2.59452	.685708	.000000
2.59517	.686214	.000000
2.59582	.686834	.000000
2.59647	.687365	.000000
2.59712	.688307	.000000
2.59777	.688346	.000000
2.59842	.688261	.000000
2.59907	.688077	.000000
2.59972	.687880	.000000
2.60037	.687653	.000000
2.60103	.687473	.000000
2.60168	.687203	.000000
2.60233	.687154	.000000
2.60299	.686741	.000000
2.60364	.686483	.000000
2.60429	.686434	.000000
2.60495	.685739	.000000
2.6056	.684639	.000000
2.60626	.685347	.000000
2.60691	.685745	.000000
2.60757	.685390	.000000
2.60822	.685660	.000000
2.60888	.685745	.000000
2.60954	.685175	.000000
2.61019	.684915	.000000
2.61085	.685050	.000000
2.61151	.684895	.000000
2.61216	.684544	.000000
2.61282	.684289	.000000
2.61348	.684098	.000000
2.61414	.683955	.000000
2.6148	.683727	.000000
2.61546	.683561	.000000
2.61612	.682944	.000000
2.61678	.681990	.000000
2.61744	.681855	.000000
2.6181	.682407	.000000
2.61876	.682525	.000000
2.61942	.682138	.000000
2.62008	.680941	.000000
2.62075	.680488	.000000
2.62141	.681349	.000000
2.62207	.681466	.000000
2.62274	.681204	.000000
2.6234	.680901	.000000
2.62406	.680681	.000000
2.62473	.680488	.000000
2.62539	.680258	.000000
2.62606	.679516	.000000
2.62672	.678497	.000000
2.62739	.678723	.000000
2.62805	.679175	.000000
2.62872	.679018	.000000
2.62939	.678379	.000000
2.63005	.677167	.000000
2.63072	.676311	.000000
2.63139	.676995	.000000
2.63206	.677385	.000000
2.63272	.677182	.000000
2.63339	.676744	.000000
2.63406	.676327	.000000
2.63473	.676178	.000000
2.6354	.676118	.000000
2.63607	.675848	.000000
2.63674	.675489	.000000
2.63741	.675122	.000000
2.63808	.674803	.000000
2.63875	.674522	.000000
2.63943	.674296	.000000
2.6401	.673962	.000000
2.64077	.673583	.000000
2.64144	.673267	.000000
2.64212	.672886	.000000
2.64279	.672645	.000000
2.64346	.672382	.000000
2.64414	.671956	.000000
2.64481	.671583	.000000
2.64549	.670888	.000000
2.64616	.670535	.000000
2.64684	.670546	.000000
2.64751	.670243	.000000
2.64819	.669876	.000000
2.64886	.669542	.000000
2.64954	.668994	.000000
2.65022	.668544	.000000
2.6509	.668158	.000000
2.65157	.667710	.000000
2.65225	.666860	.000000
2.65293	.666270	.000000
2.65361	.666167	.000000
2.65429	.665856	.000000
2.65497	.665161	.000000
2.65565	.664437	.000000
2.65633	.664101	.000000
2.65701	.663767	.000000
2.65769	.663271	.000000
2.65837	.662740	.000000
2.65905	.661949	.000000
2.65974	.660947	.000000
2.66042	.660572	.000000
2.6611	.660516	.000000
2.66178	.659887	.000000
2.66247	.659278	.000000
2.66315	.658888	.000000
2.66383	.658002	.000000
2.66452	.656247	.000000
2.6652	.654942	.000000
2.66589	.655371	.000000
2.66657	.654592	.000000
2.66726	.653366	.000000
2.66795	.653677	.000000
2.66863	.653585	.000000
2.66932	.652911	.000000
2.67001	.650665	.000000
2.6707	.648682	.000000
2.67138	.649553	.000000
2.67207	.649827	.000000
2.67276	.648924	.000000
2.67345	.648005	.000000
2.67414	.647080	.000000
2.67483	.645939	.000000
2.67552	.644668	.000000
2.67621	.643220	.000000
2.6769	.642149	.000000
2.67759	.641251	.000000
2.67828	.640407	.000000
2.67897	.638868	.000000
2.67967	.637610	.000000
2.68036	.637096	.000000
2.68105	.635994	.000000
2.68175	.634816	.000000
2.68244	.633551	.000000
2.68313	.631960	.000000
2.68383	.630611	.000000
2.68452	.629410	.000000
2.68522	.628141	.000000
2.68591	.626761	.000000
2.68661	.625216	.000000
2.68731	.623876	.000000
2.688	.622565	.000000
2.6887	.621052	.000000
2.6894	.619542	.000000
2.69009	.618225	.000000
2.69079	.616675	.000000
2.69149	.615134	.000000
2.69219	.613527	.000000
2.69289	.611620	.000000
2.69359	.609291	.000000
2.69429	.607704	.000000
2.69499	.606198	.000000
2.69569	.604206	.000000
2.69639	.602640	.000000
2.69709	.600989	.000000
2.69779	.599099	.000000
2.6985	.596962	.000000
2.6992	.594815	.000000
2.6999	.592662	.000000
2.7006	.590401	.000000
2.70131	.587962	.000000
2.70201	.585744	.000000
2.70272	.583427	.000000
2.70342	.580803	.000000
2.70412	.578297	.000000
2.70483	.575664	.000000
2.70554	.572686	.000000
2.70624	.569640	.000000
2.70695	.566740	.000000
2.70766	.563718	.000000
2.70836	.560355	.000000
2.70907	.556680	.000000
2.70978	.553439	.000000
2.71049	.549952	.000000
2.71119	.545884	.000000
2.7119	.542976	.000000
2.71261	.540130	.000000
2.71332	.536774	.000000
2.71403	.533525	.000000
2.71474	.530332	.000000
2.71545	.527098	.000000
2.71617	.523871	.000000
2.71688	.520608	.000000
2.71759	.517531	.000000
2.7183	.514855	.000000
2.71902	.512074	.000000
2.71973	.508871	.000000
2.72044	.505543	.000000
2.72116	.502890	.000000
2.72187	.500648	.000000
2.72258	.498356	.000000
2.7233	.495567	.000000
2.72401	.492232	.000000
2.72473	.489761	.000000
2.72545	.487500	.000000
2.72616	.485065	.000000
2.72688	.482822	.000000
2.7276	.480260	.000000
2.72831	.477707	.000000
2.72903	.475101	.000000
2.72975	.472446	.000000
2.73047	.469747	.000000
2.73119	.467188	.000000
2.73191	.464478	.000000
2.73263	.461848	.000000
2.73335	.459157	.000000
2.73407	.456423	.000000
2.73479	.453387	.000000
2.73551	.450804	.000000
2.73623	.448516	.000000
2.73696	.445813	.000000
2.73768	.443137	.000000
2.7384	.440274	.000000
2.73913	.437293	.000000
2.73985	.434410	.000000
2.74057	.431908	.000000
2.7413	.429691	.000000
2.74202	.427017	.000000
2.74275	.424643	.000000
2.74347	.422245	.000000
2.7442	.419601	.000000
2.74493	.416892	.000000
2.74565	.414272	.000000
2.74638	.411874	.000000
2.74711	.409519	.000000
2.74784	.406911	.000000
2.74856	.404412	.000000
2.74929	.402010	.000000
2.75002	.399578	.000000
2.75075	.397126	.000000
2.75148	.394631	.000000
2.75221	.392304	.000000
2.75294	.390248	.000000
2.75367	.388126	.000000
2.7544	.385611	.000000
2.75514	.382846	.000000
2.75587	.380762	.000000
2.7566	.379185	.000000
2.75733	.377555	.000000
2.75807	.375721	.000000
2.7588	.373864	.000000
2.75954	.372001	.000000
2.76027	.370209	.000000
2.761	.368344	.000000
2.76174	.366510	.000000
2.76248	.364689	.000000
2.76321	.363141	.000000
2.76395	.361590	.000000
2.76469	.359995	.000000
2.76542	.358630	.000000
2.76616	.357045	.000000
2.7669	.355499	.000000
2.76764	.354110	.000000
2.76838	.352666	.000000
2.76911	.351317	.000000
2.76985	.349880	.000000
2.77059	.348374	.000000
2.77133	.347129	.000000
2.77208	.345980	.000000
2.77282	.344804	.000000
2.77356	.343727	.000000
2.7743	.342478	.000000
2.77504	.341259	.000000
2.77579	.340029	.000000
2.77653	.338838	.000000
2.77727	.337662	.000000
2.77802	.336589	.000000
2.77876	.335517	.000000
2.77951	.334407	.000000
2.78025	.333235	.000000
2.781	.332046	.000000
2.78174	.330845	.000000
2.78249	.329766	.000000
2.78324	.328646	.000000
2.78398	.327673	.000000
2.78473	.326568	.000000
2.78548	.325535	.000000
2.78623	.324473	.000000
2.78698	.323448	.000000
2.78773	.322386	.000000
2.78848	.321292	.000000
2.78923	.320344	.000000
2.78998	.319340	.000000
2.79073	.318328	.000000
2.79148	.317252	.000000
2.79223	.316231	.000000
2.79298	.315273	.000000
2.79373	.314389	.000000
2.79449	.313572	.000000
2.79524	.312650	.000000
2.79599	.311746	.000000
2.79675	.310839	.000000
2.7975	.309900	.000000
2.79826	.309068	.000000
2.79901	.308114	.000000
2.79977	.307216	.000000
2.80052	.306257	.000000
2.80128	.305396	.000000
2.80204	.304589	.000000
2.8028	.303664	.000000
2.80355	.302803	.000000
2.80431	.301971	.000000
2.80507	.301355	.000000
2.80583	.300727	.000000
2.80659	.299997	.000000
2.80735	.299289	.000000
2.80811	.298540	.000000
2.80887	.297773	.000000
2.80963	.297026	.000000
2.81039	.296341	.000000
2.81115	.295781	.000000
2.81192	.295172	.000000
2.81268	.294315	.000000
2.81344	.293527	.000000
2.81421	.292836	.000000
2.81497	.292249	.000000
2.81573	.291734	.000000
2.8165	.291008	.000000
2.81726	.290460	.000000
2.81803	.289940	.000000
2.8188	.289255	.000000
2.81956	.288521	.000000
2.82033	.287739	.000000
2.8211	.287046	.000000
2.82186	.286411	.000000
2.82263	.285720	.000000
2.8234	.285113	.000000
2.82417	.284573	.000000
2.82494	.283959	.000000
2.82571	.283343	.000000
2.82648	.283003	.000000
2.82725	.282580	.000000
2.82802	.282194	.000000
2.82879	.282018	.000000
2.82956	.281740	.000000
2.83034	.281539	.000000
2.83111	.281406	.000000
2.83188	.281269	.000000
2.83266	.281128	.000000
2.83343	.281014	.000000
2.8342	.281088	.000000
2.83498	.281204	.000000
2.83575	.281352	.000000
2.83653	.281379	.000000
2.83731	.281290	.000000
2.83808	.281433	.000000
2.83886	.281675	.000000
2.83964	.281783	.000000
2.84041	.281860	.000000
2.84119	.281939	.000000
2.84197	.282115	.000000
2.84275	.282236	.000000
2.84353	.282279	.000000
2.84431	.282254	.000000
2.84509	.282229	.000000
2.84587	.282381	.000000
2.84665	.282451	.000000
2.84743	.282453	.000000
2.84822	.282416	.000000
2.849	.282319	.000000
2.84978	.282329	.000000
2.85057	.282412	.000000
2.85135	.282451	.000000
2.85213	.282318	.000000
2.85292	.282190	.000000
2.8537	.282128	.000000
2.85449	.282049	.000000
2.85527	.281887	.000000
2.85606	.281704	.000000
2.85685	.281653	.000000
2.85764	.281588	.000000
2.85842	.281505	.000000
2.85921	.281321	.000000
2.86	.281072	.000000
2.86079	.280925	.000000
2.86158	.280796	.000000
2.86237	.280628	.000000
2.86316	.280300	.000000
2.86395	.279968	.000000
2.86474	.279788	.000000
2.86553	.279711	.000000
2.86632	.279414	.000000
2.86712	.279134	.000000
2.86791	.278846	.000000
2.8687	.278647	.000000
2.8695	.278609	.000000
2.87029	.278439	.000000
2.87109	.278222	.000000
2.87188	.277883	.000000
2.87268	.277666	.000000
2.87347	.277524	.000000
2.87427	.277361	.000000
2.87507	.277139	.000000
2.87586	.276855	.000000
2.87666	.276635	.000000
2.87746	.276657	.000000
2.87826	.276622	.000000
2.87906	.276120	.000000
2.87986	.275823	.000000
2.88066	.275763	.000000
2.88146	.275554	.000000
2.88226	.275446	.000000
2.88306	.275407	.000000
2.88386	.275226	.000000
2.88466	.275197	.000000
2.88547	.275147	.000000
2.88627	.275015	.000000
2.88707	.274867	.000000
2.88788	.274784	.000000
2.88868	.274714	.000000
2.88949	.274732	.000000
2.89029	.274707	.000000
2.8911	.274612	.000000
2.8919	.274357	.000000
2.89271	.274152	.000000
2.89352	.274054	.000000
2.89433	.274087	.000000
2.89513	.273988	.000000
2.89594	.273820	.000000
2.89675	.273809	.000000
2.89756	.273703	.000000
2.89837	.273569	.000000
2.89918	.273459	.000000
2.89999	.273413	.000000
2.9008	.273272	.000000
2.90161	.273170	.000000
2.90243	.273181	.000000
2.90324	.273089	.000000
2.90405	.272847	.000000
2.90487	.272673	.000000
2.90568	.272517	.000000
2.90649	.272224	.000000
2.90731	.272065	.000000
2.90812	.271961	.000000
2.90894	.271868	.000000
2.90976	.271724	.000000
2.91057	.271465	.000000
2.91139	.271256	.000000
2.91221	.271148	.000000
2.91303	.270988	.000000
2.91384	.270822	.000000
2.91466	.270723	.000000
2.91548	.270451	.000000
2.9163	.270219	.000000
2.91712	.270003	.000000
2.91794	.269679	.000000
2.91877	.269521	.000000
2.91959	.269244	.000000
2.92041	.268881	.000000
2.92123	.268648	.000000
2.92205	.268540	.000000
2.92288	.268372	.000000
2.9237	.267991	.000000
2.92453	.267584	.000000
2.92535	.267385	.000000
2.92618	.267219	.000000
2.927	.266883	.000000
2.92783	.266536	.000000
2.92866	.266346	.000000
2.92949	.266165	.000000
2.93031	.266012	.000000
2.93114	.265742	.000000
2.93197	.265321	.000000
2.9328	.264956	.000000
2.93363	.264740	.000000
2.93446	.264584	.000000
2.93529	.264306	.000000
2.93612	.264058	.000000
2.93695	.263850	.000000
2.93778	.263663	.000000
2.93862	.263358	.000000
2.93945	.263114	.000000
2.94028	.262962	.000000
2.94112	.262798	.000000
2.94195	.262672	.000000
2.94279	.262508	.000000
2.94362	.262246	.000000
2.94446	.262097	.000000
2.94529	.262089	.000000
2.94613	.262087	.000000
2.94697	.261919	.000000
2.94781	.261834	.000000
2.94864	.261823	.000000
2.94948	.261857	.000000
2.95032	.261908	.000000
2.95116	.261911	.000000
2.952	.261939	.000000
2.95284	.261927	.000000
2.95368	.261958	.000000
2.95452	.261987	.000000
2.95537	.262027	.000000
2.95621	.262240	.000000
2.95705	.262290	.000000
2.9579	.262257	.000000
2.95874	.262471	.000000
2.95958	.262655	.000000
2.96043	.262688	.000000
2.96128	.262734	.000000
2.96212	.262935	.000000
2.96297	.263134	.000000
2.96381	.263323	.000000
2.96466	.263410	.000000
2.96551	.263470	.000000
2.96636	.263645	.000000
2.96721	.263788	.000000
2.96806	.263993	.000000
2.96891	.264238	.000000
2.96976	.264406	.000000
2.97061	.264537	.000000
2.97146	.264672	.000000
2.97231	.264916	.000000
2.97316	.265174	.000000
2.97401	.265337	.000000
2.97487	.265483	.000000
2.97572	.265719	.000000
2.97658	.265906	.000000
2.97743	.266053	.000000
2.97829	.266312	.000000
2.97914	.266617	.000000
2.98	.266930	.000000
2.98085	.267123	.000000
2.98171	.267277	.000000
2.98257	.267538	.000000
2.98343	.267868	.000000
2.98428	.268169	.000000
2.98514	.268393	.000000
2.986	.268658	.000000
2.98686	.268943	.000000
2.98772	.269221	.000000
2.98859	.269524	.000000
2.98945	.269845	.000000
2.99031	.270158	.000000
2.99117	.270424	.000000
2.99203	.270675	.000000
2.9929	.270949	.000000
2.99376	.271287	.000000
2.99463	.271486	.000000
2.99549	.271629	.000000
2.99636	.271874	.000000
2.99722	.272156	.000000
2.99809	.272434	.000000
2.99896	.272672	.000000
2.99983	.272863	.000000
3.00069	.273129	.000000
3.00156	.273301	.000000
3.00243	.273452	.000000
3.0033	.273670	.000000
3.00417	.273878	.000000
3.00504	.274071	.000000
3.00591	.274098	.000000
3.00678	.274210	.000000
3.00766	.274301	.000000
3.00853	.274407	.000000
3.0094	.274496	.000000
3.01028	.274616	.000000
3.01115	.274720	.000000
3.01202	.274795	.000000
3.0129	.274811	.000000
3.01377	.274809	.000000
3.01465	.274857	.000000
3.01553	.274853	.000000
3.0164	.274819	.000000
3.01728	.274708	.000000
3.01816	.274569	.000000
3.01904	.274513	.000000
3.01992	.274496	.000000
3.0208	.274539	.000000
3.02168	.274548	.000000
3.02256	.274448	.000000
3.02344	.274178	.000000
3.02432	.273983	.000000
3.0252	.273894	.000000
3.02609	.273809	.000000
3.02697	.273614	.000000
3.02785	.273463	.000000
3.02874	.273347	.000000
3.02962	.273170	.000000
3.03051	.272932	.000000
3.03139	.272729	.000000
3.03228	.272563	.000000
3.03317	.272424	.000000
3.03406	.272239	.000000
3.03494	.271973	.000000
3.03583	.271720	.000000
3.03672	.271567	.000000
3.03761	.271488	.000000
3.0385	.271366	.000000
3.03939	.271171	.000000
3.04028	.270947	.000000
3.04117	.270772	.000000
3.04207	.270627	.000000
3.04296	.270426	.000000
3.04385	.270136	.000000
3.04475	.269913	.000000
3.04564	.269793	.000000
3.04654	.269704	.000000
3.04743	.269673	.000000
3.04833	.269706	.000000
3.04922	.269600	.000000
3.05012	.269486	.000000
3.05102	.269368	.000000
3.05192	.269277	.000000
3.05281	.269370	.000000
3.05371	.269434	.000000
3.05461	.269322	.000000
3.05551	.269254	.000000
3.05641	.269380	.000000
3.05731	.269606	.000000
3.05822	.269706	.000000
3.05912	.269716	.000000
3.06002	.269723	.000000
3.06092	.269926	.000000
3.06183	.270165	.000000
3.06273	.270256	.000000
3.06364	.270349	.000000
3.06454	.270594	.000000
3.06545	.270861	.000000
3.06635	.271015	.000000
3.06726	.271251	.000000
3.06817	.271438	.000000
3.06908	.271573	.000000
3.06999	.271818	.000000
3.0709	.272141	.000000
3.0718	.272401	.000000
3.07271	.272689	.000000
3.07363	.272992	.000000
3.07454	.273199	.000000
3.07545	.273473	.000000
3.07636	.273869	.000000
3.07727	.274235	.000000
3.07819	.274579	.000000
3.0791	.274959	.000000
3.08002	.275253	.000000
3.08093	.275519	.000000
3.08185	.275770	.000000
3.08276	.276077	.000000
3.08368	.276408	.000000
3.0846	.276742	.000000
3.08552	.277105	.000000
3.08643	.277473	.000000
3.08735	.277832	.000000
3.08827	.278209	.000000
3.08919	.278514	.000000
3.09011	.278916	.000000
3.09103	.279327	.000000
3.09196	.279688	.000000
3.09288	.280055	.000000
3.0938	.280404	.000000
3.09472	.280657	.000000
3.09565	.281022	.000000
3.09657	.281400	.000000
3.0975	.281734	.000000
3.09842	.282090	.000000
3.09935	.282410	.000000
3.10028	.282688	.000000
3.1012	.283007	.000000
3.10213	.283401	.000000
3.10306	.283769	.000000
3.10399	.284102	.000000
3.10492	.284484	.000000
3.10585	.284802	.000000
3.10678	.285171	.000000
3.10771	.285646	.000000
3.10864	.285996	.000000
3.10957	.286314	.000000
3.1105	.286681	.000000
3.11144	.287021	.000000
3.11237	.287295	.000000
3.11331	.287606	.000000
3.11424	.288015	.000000
3.11518	.288426	.000000
3.11611	.288820	.000000
3.11705	.289266	.000000
3.11799	.289579	.000000
3.11893	.289778	.000000
3.11986	.290118	.000000
3.1208	.290589	.000000
3.12174	.291075	.000000
3.12268	.291519	.000000
3.12362	.291921	.000000
3.12456	.292328	.000000
3.12551	.292728	.000000
3.12645	.293118	.000000
3.12739	.293520	.000000
3.12833	.294024	.000000
3.12928	.294570	.000000
3.13022	.295155	.000000
3.13117	.295715	.000000
3.13211	.296151	.000000
3.13306	.296649	.000000
3.13401	.297244	.000000
3.13495	.297860	.000000
3.1359	.298526	.000000
3.13685	.299109	.000000
3.1378	.299640	.000000
3.13875	.300144	.000000
3.1397	.300760	.000000
3.14065	.301389	.000000
3.1416	.301918	.000000
3.14256	.302500	.000000
3.14351	.303154	.000000
3.14446	.303878	.000000
3.14541	.304602	.000000
3.14637	.305292	.000000
3.14732	.305780	.000000
3.14828	.306351	.000000
3.14924	.307077	.000000
3.15019	.307873	.000000
3.15115	.308624	.000000
3.15211	.309195	.000000
3.15307	.309779	.000000
3.15402	.310348	.000000
3.15498	.310962	.000000
3.15594	.311640	.000000
3.15691	.312271	.000000
3.15787	.312958	.000000
3.15883	.313671	.000000
3.15979	.314277	.000000
3.16075	.314936	.000000
3.16172	.315623	.000000
3.16268	.316293	.000000
3.16365	.316901	.000000
3.16461	.317525	.000000
3.16558	.318278	.000000
3.16655	.318870	.000000
3.16751	.319361	.000000
3.16848	.319975	.000000
3.16945	.320581	.000000
3.17042	.321297	.000000
3.17139	.321998	.000000
3.17236	.322547	.000000
3.17333	.323265	.000000
3.1743	.323935	.000000
3.17527	.324456	.000000
3.17625	.325049	.000000
3.17722	.325732	.000000
3.17819	.326375	.000000
3.17917	.327016	.000000
3.18014	.327646	.000000
3.18112	.328292	.000000
3.18209	.328970	.000000
3.18307	.329576	.000000
3.18405	.330115	.000000
3.18503	.330704	.000000
3.186	.331395	.000000
3.18698	.332067	.000000
3.18796	.332691	.000000
3.18894	.333334	.000000
3.18992	.334002	.000000
3.19091	.334573	.000000
3.19189	.335139	.000000
3.19287	.335714	.000000
3.19385	.336330	.000000
3.19484	.336998	.000000
3.19582	.337597	.000000
3.19681	.338178	.000000
3.19779	.338821	.000000
3.19878	.339406	.000000
3.19977	.339970	.000000
3.20075	.340566	.000000
3.20174	.341215	.000000
3.20273	.341810	.000000
3.20372	.342441	.000000
3.20471	.343068	.000000
3.2057	.343704	.000000
3.20669	.344437	.000000
3.20769	.345119	.000000
3.20868	.345646	.000000
3.20967	.346036	.000000
3.21067	.346594	.000000
3.21166	.347241	.000000
3.21266	.347928	.000000
3.21365	.348666	.000000
3.21465	.349357	.000000
3.21564	.349888	.000000
3.21664	.350427	.000000
3.21764	.351085	.000000
3.21864	.351730	.000000
3.21964	.352305	.000000
3.22064	.352842	.000000
3.22164	.353421	.000000
3.22264	.354060	.000000
3.22364	.354728	.000000
3.22464	.355360	.000000
3.22565	.355987	.000000
3.22665	.356618	.000000
3.22765	.357242	.000000
3.22866	.357852	.000000
3.22967	.358412	.000000
3.23067	.359011	.000000
3.23168	.359667	.000000
3.23269	.360300	.000000
3.23369	.360932	.000000
3.2347	.361523	.000000
3.23571	.362142	.000000
3.23672	.362766	.000000
3.23773	.363349	.000000
3.23874	.363938	.000000
3.23976	.364637	.000000
3.24077	.365328	.000000
3.24178	.365948	.000000
3.24279	.366570	.000000
3.24381	.367182	.000000
3.24482	.367769	.000000
3.24584	.368446	.000000
3.24686	.368985	.000000
3.24787	.369489	.000000
3.24889	.370192	.000000
3.24991	.370867	.000000
3.25093	.371450	.000000
3.25195	.372062	.000000
3.25297	.372731	.000000
3.25399	.373354	.000000
3.25501	.373980	.000000
3.25603	.374625	.000000
3.25705	.375295	.000000
3.25808	.375922	.000000
3.2591	.376553	.000000
3.26013	.377206	.000000
3.26115	.377772	.000000
3.26218	.378326	.000000
3.2632	.378924	.000000
3.26423	.379602	.000000
3.26526	.380175	.000000
3.26629	.380726	.000000
3.26732	.381353	.000000
3.26835	.382021	.000000
3.26938	.382670	.000000
3.27041	.383328	.000000
3.27144	.384002	.000000
3.27247	.384645	.000000
3.27351	.385224	.000000
3.27454	.385750	.000000
3.27557	.386360	.000000
3.27661	.387018	.000000
3.27764	.387734	.000000
3.27868	.388373	.000000
3.27972	.388870	.000000
3.28076	.389553	.000000
3.28179	.390240	.000000
3.28283	.390806	.000000
3.28387	.391409	.000000
3.28491	.392100	.000000
3.28595	.392797	.000000
3.28699	.393436	.000000
3.28804	.394056	.000000
3.28908	.394756	.000000
3.29012	.395417	.000000
3.29117	.396015	.000000
3.29221	.396604	.000000
3.29326	.397220	.000000
3.2943	.397927	.000000
3.29535	.398680	.000000
3.2964	.399352	.000000
3.29745	.399985	.000000
3.2985	.400630	.000000
3.29955	.401261	.000000
3.3006	.401877	.000000
3.30165	.402674	.000000
3.3027	.403460	.000000
3.30375	.404144	.000000
3.3048	.404835	.000000
3.30586	.405538	.000000
3.30691	.406244	.000000
3.30797	.406914	.000000
3.30902	.407660	.000000
3.31008	.408444	.000000
3.31114	.409168	.000000
3.31219	.409870	.000000
3.31325	.410650	.000000
3.31431	.411438	.000000
3.31537	.412118	.000000
3.31643	.412836	.000000
3.31749	.413585	.000000
3.31855	.414307	.000000
3.31961	.415097	.000000
3.32068	.415883	.000000
3.32174	.416616	.000000
3.32281	.417364	.000000
3.32387	.418049	.000000
3.32494	.418773	.000000
3.326	.419638	.000000
3.32707	.420459	.000000
3.32814	.421136	.000000
3.32921	.421791	.000000
3.33028	.422592	.000000
3.33135	.423486	.000000
3.33242	.424254	.000000
3.33349	.424982	.000000
3.33456	.425726	.000000
3.33563	.426500	.000000
3.33671	.427278	.000000
3.33778	.428035	.000000
3.33885	.428738	.000000
3.33993	.429599	.000000
3.34101	.430284	.000000
3.34208	.430825	.000000
3.34316	.431499	.000000
3.34424	.432277	.000000
3.34532	.433016	.000000
3.3464	.433752	.000000
3.34748	.434468	.000000
3.34856	.435188	.000000
3.34964	.435920	.000000
3.35072	.436642	.000000
3.35181	.437490	.000000
3.35289	.438341	.000000
3.35397	.439113	.000000
3.35506	.439866	.000000
3.35615	.440650	.000000
3.35723	.441405	.000000
3.35832	.442214	.000000
3.35941	.443031	.000000
3.3605	.443809	.000000
3.36158	.444556	.000000
3.36267	.445330	.000000
3.36377	.446120	.000000
3.36486	.446885	.000000
3.36595	.447672	.000000
3.36704	.448427	.000000
3.36814	.449149	.000000
3.36923	.449943	.000000
3.37033	.450783	.000000
3.37142	.451538	.000000
3.37252	.452239	.000000
3.37361	.452997	.000000
3.37471	.453820	.000000
3.37581	.454666	.000000
3.37691	.455478	.000000
3.37801	.456309	.000000
3.37911	.457052	.000000
3.38021	.457830	.000000
3.38131	.458697	.000000
3.38242	.459518	.000000
3.38352	.460249	.000000
3.38463	.461010	.000000
3.38573	.461846	.000000
3.38684	.462692	.000000
3.38794	.463479	.000000
3.38905	.464184	.000000
3.39016	.464984	.000000
3.39127	.465845	.000000
3.39238	.466623	.000000
3.39349	.467306	.000000
3.3946	.468063	.000000
3.39571	.468812	.000000
3.39682	.469528	.000000
3.39793	.470214	.000000
3.39905	.470919	.000000
3.40016	.471760	.000000
3.40128	.472620	.000000
3.4024	.473309	.000000
3.40351	.473969	.000000
3.40463	.474674	.000000
3.40575	.475417	.000000
3.40687	.476107	.000000
3.40799	.476873	.000000
3.40911	.477717	.000000
3.41023	.478443	.000000
3.41135	.479119	.000000
3.41247	.479858	.000000
3.41359	.480623	.000000
3.41472	.481466	.000000
3.41584	.482295	.000000
3.41697	.483067	.000000
3.4181	.483758	.000000
3.41922	.484552	.000000
3.42035	.485359	.000000
3.42148	.486220	.000000
3.42261	.487081	.000000
3.42374	.487871	.000000
3.42487	.488624	.000000
3.426	.489398	.000000
3.42713	.490245	.000000
3.42827	.491085	.000000
3.4294	.491887	.000000
3.43053	.492715	.000000
3.43167	.493454	.000000
3.43281	.494182	.000000
3.43394	.495026	.000000
3.43508	.495920	.000000
3.43622	.496698	.000000
3.43736	.497428	.000000
3.4385	.498223	.000000
3.43964	.499059	.000000
3.44078	.499779	.000000
3.44192	.500536	.000000
3.44306	.501368	.000000
3.44421	.502179	.000000
3.44535	.502955	.000000
3.4465	.503714	.000000
3.44764	.504452	.000000
3.44879	.505216	.000000
3.44994	.506016	.000000
3.45109	.506802	.000000
3.45223	.507622	.000000
3.45338	.508427	.000000
3.45453	.509234	.000000
3.45569	.509925	.000000
3.45684	.510597	.000000
3.45799	.511374	.000000
3.45914	.512132	.000000
3.4603	.512856	.000000
3.46145	.513521	.000000
3.46261	.514223	.000000
3.46377	.514951	.000000
3.46492	.515662	.000000
3.46608	.516399	.000000
3.46724	.517031	.000000
3.4684	.517591	.000000
3.46956	.518133	.000000
3.47072	.518751	.000000
3.47188	.519521	.000000
3.47305	.520245	.000000
3.47421	.520823	.000000
3.47537	.521475	.000000
3.47654	.522182	.000000
3.47771	.522919	.000000
3.47887	.523626	.000000
3.48004	.524329	.000000
3.48121	.525053	.000000
3.48238	.525775	.000000
3.48355	.526487	.000000
3.48472	.527242	.000000
3.48589	.528044	.000000
3.48706	.528791	.000000
3.48823	.529505	.000000
3.48941	.530181	.000000
3.49058	.530936	.000000
3.49176	.531664	.000000
3.49293	.532401	.000000
3.49411	.533203	.000000
3.49529	.533973	.000000
3.49647	.534641	.000000
3.49765	.535351	.000000
3.49883	.536037	.000000
3.50001	.536734	.000000
3.50119	.537497	.000000
3.50237	.538333	.000000
3.50356	.539126	.000000
3.50474	.539914	.000000
3.50593	.540744	.000000
3.50711	.541447	.000000
3.5083	.542198	.000000
3.50949	.543073	.000000
3.51067	.543928	.000000
3.51186	.544681	.000000
3.51305	.545424	.000000
3.51424	.546285	.000000
3.51543	.547116	.000000
3.51663	.547880	.000000
3.51782	.548627	.000000
3.51901	.549471	.000000
3.52021	.550305	.000000
3.5214	.551064	.000000
3.5226	.551900	.000000
3.5238	.552778	.000000
3.52499	.553574	.000000
3.52619	.554365	.000000
3.52739	.555167	.000000
3.52859	.555956	.000000
3.52979	.556756	.000000
3.53099	.557501	.000000
3.5322	.558271	.000000
3.5334	.559049	.000000
3.53461	.559810	.000000
3.53581	.560586	.000000
3.53702	.561370	.000000
3.53822	.562171	.000000
3.53943	.562884	.000000
3.54064	.563629	.000000
3.54185	.564365	.000000
3.54306	.565046	.000000
3.54427	.565743	.000000
3.54548	.566421	.000000
3.54669	.567182	.000000
3.54791	.567923	.000000
3.54912	.568639	.000000
3.55034	.569412	.000000
3.55155	.570099	.000000
3.55277	.570729	.000000
3.55399	.571410	.000000
3.55521	.572076	.000000
3.55643	.572708	.000000
3.55765	.573495	.000000
3.55887	.574266	.000000
3.56009	.574882	.000000
3.56131	.575552	.000000
3.56254	.576158	.000000
3.56376	.576797	.000000
3.56499	.577502	.000000
3.56621	.578210	.000000
3.56744	.578830	.000000
3.56867	.579463	.000000
3.56989	.580079	.000000
3.57112	.580751	.000000
3.57235	.581454	.000000
3.57359	.582087	.000000
3.57482	.582720	.000000
3.57605	.583412	.000000
3.57728	.584045	.000000
3.57852	.584682	.000000
3.57975	.585290	.000000
3.58099	.585925	.000000
3.58223	.586588	.000000
3.58346	.587198	.000000
3.5847	.587858	.000000
3.58594	.588480	.000000
3.58718	.589123	.000000
3.58842	.589746	.000000
3.58967	.590322	.000000
3.59091	.590899	.000000
3.59215	.591500	.000000
3.5934	.592181	.000000
3.59464	.592787	.000000
3.59589	.593343	.000000
3.59714	.594037	.000000
3.59839	.594660	.000000
3.59964	.595230	.000000
3.60089	.595848	.000000
3.60214	.596394	.000000
3.60339	.596958	.000000
3.60464	.597547	.000000
3.60589	.598105	.000000
3.60715	.598678	.000000
3.6084	.599240	.000000
3.60966	.599833	.000000
3.61092	.600445	.000000
3.61217	.601043	.000000
3.61343	.601609	.000000
3.61469	.602113	.000000
3.61595	.602665	.000000
3.61722	.603275	.000000
3.61848	.603825	.000000
3.61974	.604306	.000000
3.621	.604827	.000000
3.62227	.605391	.000000
3.62353	.605947	.000000
3.6248	.606457	.000000
3.62607	.606973	.000000
3.62734	.607503	.000000
3.62861	.608067	.000000
3.62988	.608608	.000000
3.63115	.609150	.000000
3.63242	.609724	.000000
3.63369	.610251	.000000
3.63497	.610768	.000000
3.63624	.611340	.000000
3.63752	.611909	.000000
3.63879	.612317	.000000
3.64007	.612755	.000000
3.64135	.613294	.000000
3.64263	.613803	.000000
3.64391	.614305	.000000
3.64519	.614844	.000000
3.64647	.615412	.000000
3.64775	.615896	.000000
3.64904	.616398	.000000
3.65032	.616935	.000000
3.65161	.617418	.000000
3.65289	.617841	.000000
3.65418	.618374	.000000
3.65547	.618986	.000000
3.65676	.619472	.000000
3.65805	.619899	.000000
3.65934	.620355	.000000
3.66063	.620814	.000000
3.66192	.621314	.000000
3.66322	.621832	.000000
3.66451	.622372	.000000
3.66581	.622878	.000000
3.6671	.623326	.000000
3.6684	.623760	.000000
3.6697	.624216	.000000
3.671	.624710	.000000
3.6723	.625195	.000000
3.6736	.625691	.000000
3.6749	.626191	.000000
3.6762	.626635	.000000
3.67751	.627058	.000000
3.67881	.627510	.000000
3.68012	.628035	.000000
3.68142	.628485	.000000
3.68273	.628923	.000000
3.68404	.629313	.000000
3.68535	.629694	.000000
3.68666	.630194	.000000
3.68797	.630746	.000000
3.68928	.631188	.000000
3.6906	.631595	.000000
3.69191	.632053	.000000
3.69322	.632485	.000000
3.69454	.632850	.000000
3.69586	.633246	.000000
3.69717	.633684	.000000
3.69849	.634188	.000000
3.69981	.634629	.000000
3.70113	.635026	.000000
3.70245	.635511	.000000
3.70378	.636023	.000000
3.7051	.636445	.000000
3.70642	.636739	.000000
3.70775	.637125	.000000
3.70908	.637575	.000000
3.7104	.637967	.000000
3.71173	.638368	.000000
3.71306	.638836	.000000
3.71439	.639241	.000000
3.71572	.639621	.000000
3.71705	.640029	.000000
3.71839	.640488	.000000
3.71972	.640934	.000000
3.72105	.641274	.000000
3.72239	.641587	.000000
3.72373	.642010	.000000
3.72506	.642465	.000000
3.7264	.642819	.000000
3.72774	.643145	.000000
3.72908	.643550	.000000
3.73043	.643939	.000000
3.73177	.644286	.000000
3.73311	.644616	.000000
3.73446	.645016	.000000
3.7358	.645487	.000000
3.73715	.645836	.000000
3.7385	.646101	.000000
3.73984	.646460	.000000
3.74119	.646800	.000000
3.74254	.647138	.000000
3.74389	.647532	.000000
3.74525	.648022	.000000
3.7466	.648487	.000000
3.74795	.648792	.000000
3.74931	.649043	.000000
3.75067	.649447	.000000
3.75202	.649839	.000000
3.75338	.650231	.000000
3.75474	.650638	.000000
3.7561	.650899	.000000
3.75746	.651171	.000000
3.75882	.651636	.000000
3.76019	.652081	.000000
3.76155	.652494	.000000
3.76291	.652862	.000000
3.76428	.653237	.000000
3.76565	.653588	.000000
3.76701	.653959	.000000
3.76838	.654293	.000000
3.76975	.654598	.000000
3.77112	.654957	.000000
3.7725	.655324	.000000
3.77387	.655606	.000000
3.77524	.655936	.000000
3.77662	.656284	.000000
3.77799	.656579	.000000
3.77937	.656936	.000000
3.78075	.657239	.000000
3.78213	.657564	.000000
3.78351	.657936	.000000
3.78489	.658276	.000000
3.78627	.658633	.000000
3.78766	.658896	.000000
3.78904	.659051	.000000
3.79042	.659263	.000000
3.79181	.659583	.000000
3.7932	.659887	.000000
3.79459	.660126	.000000
3.79597	.660408	.000000
3.79736	.660661	.000000
3.79876	.660840	.000000
3.80015	.661035	.000000
3.80154	.661226	.000000
3.80293	.661483	.000000
3.80433	.661831	.000000
3.80573	.662128	.000000
3.80712	.662290	.000000
3.80852	.662379	.000000
3.80992	.662582	.000000
3.81132	.662806	.000000
3.81272	.662889	.000000
3.81412	.663111	.000000
3.81553	.663352	.000000
3.81693	.663518	.000000
3.81834	.663651	.000000
3.81974	.663875	.000000
3.82115	.664121	.000000
3.82256	.664267	.000000
3.82397	.664410	.000000
3.82538	.664586	.000000
3.82679	.664733	.000000
3.82821	.664868	.000000
3.82962	.665044	.000000
3.83103	.665221	.000000
3.83245	.665356	.000000
3.83387	.665505	.000000
3.83528	.665640	.000000
3.8367	.665739	.000000
3.83812	.665872	.000000
3.83954	.666021	.000000
3.84097	.666131	.000000
3.84239	.666239	.000000
3.84381	.666412	.000000
3.84524	.666561	.000000
3.84667	.666716	.000000
3.84809	.666893	.000000
3.84952	.667017	.000000
3.85095	.667160	.000000
3.85238	.667335	.000000
3.85381	.667561	.000000
3.85525	.667791	.000000
3.85668	.667924	.000000
3.85812	.668032	.000000
3.85955	.668086	.000000
3.86099	.668223	.000000
3.86243	.668388	.000000
3.86387	.668484	.000000
3.86531	.668658	.000000
3.86675	.668814	.000000
3.86819	.668924	.000000
3.86963	.669115	.000000
3.87108	.669264	.000000
3.87252	.669341	.000000
3.87397	.669467	.000000
3.87542	.669592	.000000
3.87687	.669795	.000000
3.87832	.669888	.000000
3.87977	.669930	.000000
3.88122	.670048	.000000
3.88267	.670166	.000000
3.88413	.670259	.000000
3.88558	.670332	.000000
3.88704	.670444	.000000
3.8885	.670550	.000000
3.88996	.670627	.000000
3.89142	.670724	.000000
3.89288	.670770	.000000
3.89434	.670830	.000000
3.8958	.670900	.000000
3.89727	.670981	.000000
3.89873	.671066	.000000
3.9002	.671135	.000000
3.90167	.671205	.000000
3.90313	.671257	.000000
3.9046	.671286	.000000
3.90607	.671342	.000000
3.90755	.671413	.000000
3.90902	.671454	.000000
3.91049	.671529	.000000
3.91197	.671568	.000000
3.91344	.671523	.000000
3.91492	.671562	.000000
3.9164	.671560	.000000
3.91788	.671581	.000000
3.91936	.671589	.000000
3.92084	.671564	.000000
3.92233	.671604	.000000
3.92381	.671664	.000000
3.9253	.671676	.000000
3.92678	.671618	.000000
3.92827	.671554	.000000
3.92976	.671494	.000000
3.93125	.671512	.000000
3.93274	.671529	.000000
3.93423	.671488	.000000
3.93573	.671506	.000000
3.93722	.671457	.000000
3.93872	.671347	.000000
3.94021	.671205	.000000
3.94171	.671015	.000000
3.94321	.670774	.000000
3.94471	.670477	.000000
3.94621	.670170	.000000
3.94771	.669917	.000000
3.94922	.669614	.000000
3.95072	.669274	.000000
3.95223	.668955	.000000
3.95373	.668673	.000000
3.95524	.668339	.000000
3.95675	.668028	.000000
3.95826	.667741	.000000
3.95977	.667442	.000000
3.96128	.667196	.000000
3.9628	.667019	.000000
3.96431	.666731	.000000
3.96583	.666495	.000000
3.96735	.666314	.000000
3.96886	.666165	.000000
3.97038	.665968	.000000
3.97191	.665764	.000000
3.97343	.665617	.000000
3.97495	.665519	.000000
3.97647	.665408	.000000
3.978	.665306	.000000
3.97953	.665163	.000000
3.98105	.665045	.000000
3.98258	.664962	.000000
3.98411	.664943	.000000
3.98564	.664878	.000000
3.98718	.664912	.000000
3.98871	.664974	.000000
3.99025	.664995	.000000
3.99178	.665069	.000000
3.99332	.665206	.000000
3.99486	.665310	.000000
3.9964	.665397	.000000
3.99794	.665547	.000000
3.99948	.665735	.000000
4.00102	.665878	.000000
4.00257	.665978	.000000
4.00411	.666115	.000000
4.00566	.666244	.000000
4.00721	.666376	.000000
4.00876	.666559	.000000
4.01031	.666721	.000000
4.01186	.666829	.000000
4.01341	.666826	.000000
4.01497	.666824	.000000
4.01652	.666829	.000000
4.01808	.666828	.000000
4.01964	.666739	.000000
4.02119	.666677	.000000
4.02275	.666594	.000000
4.02431	.666445	.000000
4.02588	.666306	.000000
4.02744	.666146	.000000
4.02901	.665978	.000000
4.03057	.665824	.000000
4.03214	.665625	.000000
4.03371	.665497	.000000
4.03528	.665376	.000000
4.03685	.665239	.000000
4.03842	.665071	.000000
4.03999	.664897	.000000
4.04157	.664717	.000000
4.04314	.664551	.000000
4.04472	.664387	.000000
4.0463	.664113	.000000
4.04788	.663808	.000000
4.04946	.663532	.000000
4.05104	.663275	.000000
4.05262	.663024	.000000
4.05421	.662727	.000000
4.0558	.662468	.000000
4.05738	.662205	.000000
4.05897	.661898	.000000
4.06056	.661570	.000000
4.06215	.661207	.000000
4.06374	.660856	.000000
4.06534	.660558	.000000
4.06693	.660230	.000000
4.06853	.659919	.000000
4.07012	.659502	.000000
4.07172	.659083	.000000
4.07332	.658736	.000000
4.07492	.658365	.000000
4.07652	.657987	.000000
4.07813	.657684	.000000
4.07973	.657355	.000000
4.08134	.656853	.000000
4.08294	.656367	.000000
4.08455	.655944	.000000
4.08616	.655477	.000000
4.08777	.655065	.000000
4.08938	.654689	.000000
4.091	.654202	.000000
4.09261	.653726	.000000
4.09423	.653318	.000000
4.09584	.652861	.000000
4.09746	.652357	.000000
4.09908	.651882	.000000
4.1007	.651499	.000000
4.10233	.651073	.000000
4.10395	.650569	.000000
4.10557	.650109	.000000
4.1072	.649644	.000000
4.10883	.649167	.000000
4.11046	.648700	.000000
4.11209	.648211	.000000
4.11372	.647719	.000000
4.11535	.647308	.000000
4.11698	.646900	.000000
4.11862	.646377	.000000
4.12026	.645860	.000000
4.12189	.645390	.000000
4.12353	.644840	.000000
4.12517	.644325	.000000
4.12681	.643906	.000000
4.12846	.643450	.000000
4.1301	.642886	.000000
4.13175	.642355	.000000
4.1334	.641855	.000000
4.13504	.641415	.000000
4.13669	.640992	.000000
4.13834	.640467	.000000
4.14	.639898	.000000
4.14165	.639324	.000000
4.1433	.638801	.000000
4.14496	.638359	.000000
4.14662	.637820	.000000
4.14828	.637264	.000000
4.14994	.636785	.000000
4.1516	.636198	.000000
4.15326	.635586	.000000
4.15493	.635032	.000000
4.15659	.634563	.000000
4.15826	.634038	.000000
4.15993	.633462	.000000
4.1616	.632875	.000000
4.16327	.632329	.000000
4.16494	.631769	.000000
4.16661	.631196	.000000
4.16829	.630578	.000000
4.16996	.630022	.000000
4.17164	.629388	.000000
4.17332	.628778	.000000
4.175	.628207	.000000
4.17668	.627608	.000000
4.17836	.626936	.000000
4.18005	.626297	.000000
4.18173	.625761	.000000
4.18342	.625216	.000000
4.18511	.624614	.000000
4.1868	.624019	.000000
4.18849	.623413	.000000
4.19018	.622859	.000000
4.19188	.622216	.000000
4.19357	.621588	.000000
4.19527	.620953	.000000
4.19697	.620345	.000000
4.19867	.619756	.000000
4.20037	.619142	.000000
4.20207	.618534	.000000
4.20377	.617955	.000000
4.20548	.617283	.000000
4.20718	.616543	.000000
4.20889	.615885	.000000
4.2106	.615284	.000000
4.21231	.614616	.000000
4.21402	.613904	.000000
4.21574	.613222	.000000
4.21745	.612574	.000000
4.21917	.611880	.000000
4.22088	.611201	.000000
4.2226	.610517	.000000
4.22432	.609743	.000000
4.22604	.608982	.000000
4.22777	.608231	.000000
4.22949	.607401	.000000
4.23122	.606621	.000000
4.23294	.605847	.000000
4.23467	.605111	.000000
4.2364	.604314	.000000
4.23813	.603482	.000000
4.23987	.602565	.000000
4.2416	.601590	.000000
4.24334	.600701	.000000
4.24507	.599809	.000000
4.24681	.598873	.000000
4.24855	.597975	.000000
4.25029	.597000	.000000
4.25204	.596099	.000000
4.25378	.595154	.000000
4.25553	.594081	.000000
4.25727	.593019	.000000
4.25902	.592042	.000000
4.26077	.591009	.000000
4.26252	.589955	.000000
4.26428	.588924	.000000
4.26603	.587918	.000000
4.26779	.586825	.000000
4.26954	.585723	.000000
4.2713	.584616	.000000
4.27306	.583460	.000000
4.27482	.582267	.000000
4.27659	.581151	.000000
4.27835	.579929	.000000
4.28012	.578697	.000000
4.28188	.577504	.000000
4.28365	.576341	.000000
4.28543	.575028	.000000
4.2872	.573685	.000000
4.28897	.572374	.000000
4.29075	.571088	.000000
4.29252	.569827	.000000
4.2943	.568518	.000000
4.29608	.567172	.000000
4.29786	.565861	.000000
4.29964	.564521	.000000
4.30142	.563177	.000000
4.30321	.561876	.000000
4.305	.560555	.000000
4.30678	.559192	.000000
4.30857	.557845	.000000
4.31036	.556567	.000000
4.31216	.555269	.000000
4.31395	.553873	.000000
4.31575	.552535	.000000
4.31754	.551299	.000000
4.31934	.550014	.000000
4.32114	.548687	.000000
4.32294	.547450	.000000
4.32474	.546222	.000000
4.32655	.544988	.000000
4.32835	.543760	.000000
4.33016	.542567	.000000
4.33197	.541431	.000000
4.33378	.540259	.000000
4.33559	.539134	.000000
4.33741	.538008	.000000
4.33922	.536908	.000000
4.34104	.535867	.000000
4.34286	.534863	.000000
4.34468	.533878	.000000
4.3465	.532876	.000000
4.34832	.531938	.000000
4.35014	.531050	.000000
4.35197	.530169	.000000
4.3538	.529273	.000000
4.35563	.528416	.000000
4.35746	.527656	.000000
4.35929	.526883	.000000
4.36112	.526130	.000000
4.36296	.525410	.000000
4.36479	.524713	.000000
4.36663	.524118	.000000
4.36847	.523568	.000000
4.37031	.522950	.000000
4.37215	.522300	.000000
4.374	.521769	.000000
4.37584	.521292	.000000
4.37769	.520767	.000000
4.37954	.520286	.000000
4.38139	.519867	.000000
4.38324	.519423	.000000
4.3851	.519002	.000000
4.38695	.518643	.000000
4.38881	.518307	.000000
4.39067	.517979	.000000
4.39253	.517633	.000000
4.39439	.517314	.000000
4.39625	.517077	.000000
4.39812	.516857	.000000
4.39998	.516619	.000000
4.40185	.516397	.000000
4.40372	.516218	.000000
4.40559	.516050	.000000
4.40746	.515891	.000000
4.40934	.515745	.000000
4.41121	.515556	.000000
4.41309	.515376	.000000
4.41497	.515264	.000000
4.41685	.515183	.000000
4.41873	.515135	.000000
4.42061	.515048	.000000
4.4225	.514971	.000000
4.42439	.514916	.000000
4.42627	.514839	.000000
4.42817	.514770	.000000
4.43006	.514665	.000000
4.43195	.514617	.000000
4.43385	.514611	.000000
4.43574	.514613	.000000
4.43764	.514625	.000000
4.43954	.514552	.000000
4.44144	.514434	.000000
4.44334	.514395	.000000
4.44525	.514430	.000000
4.44716	.514447	.000000
4.44906	.514413	.000000
4.45098	.514403	.000000
4.45289	.514368	.000000
4.4548	.514287	.000000
4.45671	.514262	.000000
4.45863	.514266	.000000
4.46055	.514324	.000000
4.46247	.514333	.000000
4.46439	.514264	.000000
4.46631	.514140	.000000
4.46824	.514104	.000000
4.47016	.514077	.000000
4.47209	.514009	.000000
4.47402	.513918	.000000
4.47595	.513822	.000000
4.47788	.513748	.000000
4.47982	.513681	.000000
4.48175	.513617	.000000
4.48369	.513517	.000000
4.48563	.513362	.000000
4.48757	.513185	.000000
4.48952	.512963	.000000
4.49146	.512717	.000000
4.49341	.512478	.000000
4.49535	.512302	.000000
4.4973	.512163	.000000
4.49925	.511908	.000000
4.50121	.511640	.000000
4.50316	.511381	.000000
4.50512	.511123	.000000
4.50708	.510862	.000000
4.50904	.510545	.000000
4.511	.510215	.000000
4.51296	.509904	.000000
4.51493	.509520	.000000
4.51689	.509107	.000000
4.51886	.508728	.000000
4.52083	.508375	.000000
4.5228	.508082	.000000
4.52478	.507589	.000000
4.52675	.507074	.000000
4.52873	.506713	.000000
4.53071	.506323	.000000
4.53269	.505819	.000000
4.53467	.505338	.000000
4.53665	.504861	.000000
4.53864	.504307	.000000
4.54063	.503768	.000000
4.54262	.503280	.000000
4.54461	.502768	.000000
4.5466	.502203	.000000
4.5486	.501621	.000000
4.55059	.501092	.000000
4.55259	.500521	.000000
4.55459	.499953	.000000
4.55659	.499366	.000000
4.55859	.498739	.000000
4.5606	.498132	.000000
4.5626	.497513	.000000
4.56461	.496837	.000000
4.56662	.496159	.000000
4.56863	.495536	.000000
4.57065	.494939	.000000
4.57266	.494306	.000000
4.57468	.493655	.000000
4.5767	.492927	.000000
4.57872	.492232	.000000
4.58074	.491591	.000000
4.58277	.490975	.000000
4.58479	.490394	.000000
4.58682	.489757	.000000
4.58885	.489041	.000000
4.59088	.488384	.000000
4.59292	.487764	.000000
4.59495	.487135	.000000
4.59699	.486455	.000000
4.59903	.485801	.000000
4.60107	.485204	.000000
4.60311	.484664	.000000
4.60515	.484079	.000000
4.6072	.483490	.000000
4.60925	.482866	.000000
4.6113	.482298	.000000
4.61335	.481781	.000000
4.6154	.481300	.000000
4.61746	.480783	.000000
4.61951	.480231	.000000
4.62157	.479690	.000000
4.62363	.479140	.000000
4.6257	.478566	.000000
4.62776	.478082	.000000
4.62983	.477624	.000000
4.6319	.477112	.000000
4.63397	.476553	.000000
4.63604	.476006	.000000
4.63811	.475541	.000000
4.64019	.475070	.000000
4.64227	.474527	.000000
4.64434	.473961	.000000
4.64643	.473417	.000000
4.64851	.472940	.000000
4.65059	.472502	.000000
4.65268	.472019	.000000
4.65477	.471498	.000000
4.65686	.470992	.000000
4.65895	.470490	.000000
4.66104	.470015	.000000
4.66314	.469563	.000000
4.66524	.469088	.000000
4.66734	.468586	.000000
4.66944	.468028	.000000
4.67154	.467521	.000000
4.67365	.467059	.000000
4.67576	.466534	.000000
4.67787	.466074	.000000
4.67998	.465588	.000000
4.68209	.465063	.000000
4.68421	.464543	.000000
4.68632	.464034	.000000
4.68844	.463535	.000000
4.69056	.463053	.000000
4.69268	.462549	.000000
4.69481	.462087	.000000
4.69693	.461597	.000000
4.69906	.461016	.000000
4.70119	.460471	.000000
4.70333	.459944	.000000
4.70546	.459435	.000000
4.7076	.458948	.000000
4.70973	.458442	.000000
4.71187	.457871	.000000
4.71402	.457274	.000000
4.71616	.456784	.000000
4.71831	.456237	.000000
4.72045	.455749	.000000
4.7226	.455231	.000000
4.72476	.454625	.000000
4.72691	.454059	.000000
4.72906	.453542	.000000
4.73122	.453069	.000000
4.73338	.452600	.000000
4.73555	.451984	.000000
4.73771	.451366	.000000
4.73988	.450827	.000000
4.74204	.450310	.000000
4.74421	.449771	.000000
4.74638	.449227	.000000
4.74856	.448686	.000000
4.75073	.448095	.000000
4.75291	.447616	.000000
4.75509	.447101	.000000
4.75727	.446495	.000000
4.75945	.445952	.000000
4.76164	.445429	.000000
4.76383	.444923	.000000
4.76602	.444438	.000000
4.76821	.443925	.000000
4.7704	.443373	.000000
4.7726	.442832	.000000
4.77479	.442353	.000000
4.77699	.441888	.000000
4.7792	.441363	.000000
4.7814	.440814	.000000
4.7836	.440278	.000000
4.78581	.439824	.000000
4.78802	.439305	.000000
4.79023	.438785	.000000
4.79245	.438289	.000000
4.79466	.437760	.000000
4.79688	.437272	.000000
4.7991	.436775	.000000
4.80132	.436217	.000000
4.80355	.435725	.000000
4.80577	.435269	.000000
4.808	.434794	.000000
4.81023	.434337	.000000
4.81246	.433881	.000000
4.8147	.433327	.000000
4.81694	.432860	.000000
4.81917	.432429	.000000
4.82141	.431935	.000000
4.82366	.431462	.000000
4.8259	.431037	.000000
4.82815	.430566	.000000
4.8304	.430081	.000000
4.83265	.429605	.000000
4.8349	.429203	.000000
4.83716	.428840	.000000
4.83942	.428483	.000000
4.84168	.428029	.000000
4.84394	.427506	.000000
4.8462	.427050	.000000
4.84847	.426668	.000000
4.85074	.426282	.000000
4.85301	.425884	.000000
4.85528	.425463	.000000
4.85755	.425073	.000000
4.85983	.424689	.000000
4.86211	.424241	.000000
4.86439	.423764	.000000
4.86667	.423351	.000000
4.86896	.422959	.000000
4.87124	.422579	.000000
4.87353	.422225	.000000
4.87582	.421833	.000000
4.87812	.421393	.000000
4.88042	.420990	.000000
4.88271	.420547	.000000
4.88501	.420144	.000000
4.88731	.419735	.000000
4.88962	.419250	.000000
4.89192	.418763	.000000
4.89423	.418317	.000000
4.89654	.417908	.000000
4.89886	.417566	.000000
4.90117	.417107	.000000
4.90349	.416524	.000000
4.90581	.415973	.000000
4.90813	.415531	.000000
4.91046	.415097	.000000
4.91278	.414666	.000000
4.91511	.414143	.000000
4.91744	.413589	.000000
4.91977	.413091	.000000
4.92211	.412616	.000000
4.92444	.412095	.000000
4.92678	.411641	.000000
4.92913	.411135	.000000
4.93147	.410567	.000000
4.93381	.409971	.000000
4.93616	.409397	.000000
4.93851	.408789	.000000
4.94087	.408189	.000000
4.94322	.407613	.000000
4.94558	.407044	.000000
4.94794	.406422	.000000
4.9503	.405796	.000000
4.95267	.405159	.000000
4.95503	.404493	.000000
4.9574	.403783	.000000
4.95977	.403126	.000000
4.96214	.402489	.000000
4.96452	.401869	.000000
4.9669	.401190	.000000
4.96928	.400485	.000000
4.97166	.399863	.000000
4.97404	.399203	.000000
4.97643	.398485	.000000
4.97882	.397809	.000000
4.98121	.397133	.000000
4.98361	.396419	.000000
4.986	.395695	.000000
4.9884	.395040	.000000
4.9908	.394332	.000000
4.9932	.393668	.000000
4.99561	.393036	.000000
4.99801	.392331	.000000
5.00042	.391578	.000000
5.00284	.390849	.000000
5.00525	.390101	.000000
5.00767	.389416	.000000
5.01009	.388709	.000000
5.01251	.387968	.000000
5.01493	.387213	.000000
5.01736	.386510	.000000
5.01979	.385780	.000000
5.02222	.385064	.000000
5.02465	.384361	.000000
5.02709	.383597	.000000
5.02952	.382892	.000000
5.03197	.382205	.000000
5.03441	.381473	.000000
5.03685	.380726	.000000
5.0393	.379963	.000000
5.04175	.379243	.000000
5.0442	.378527	.000000
5.04666	.377754	.000000
5.04911	.376986	.000000
5.05157	.376248	.000000
5.05404	.375596	.000000
5.0565	.374878	.000000
5.05897	.374069	.000000
5.06144	.373321	.000000
5.06391	.372530	.000000
5.06638	.371790	.000000
5.06886	.371026	.000000
5.07133	.370165	.000000
5.07382	.369344	.000000
5.0763	.368552	.000000
5.07878	.367714	.000000
5.08127	.366934	.000000
5.08376	.366174	.000000
5.08626	.365371	.000000
5.08875	.364506	.000000
5.09125	.363660	.000000
5.09375	.362816	.000000
5.09626	.361942	.000000
5.09876	.361067	.000000
5.10127	.360252	.000000
5.10378	.359350	.000000
5.10629	.358433	.000000
5.10881	.357624	.000000
5.11132	.356802	.000000
5.11385	.355894	.000000
5.11637	.354979	.000000
5.11889	.354085	.000000
5.12142	.353182	.000000
5.12395	.352268	.000000
5.12649	.351293	.000000
5.12902	.350309	.000000
5.13156	.349357	.000000
5.1341	.348440	.000000
5.13664	.347575	.000000
5.13919	.346642	.000000
5.14173	.345714	.000000
5.14429	.344702	.000000
5.14684	.343748	.000000
5.14939	.342848	.000000
5.15195	.341891	.000000
5.15451	.340941	.000000
5.15707	.340041	.000000
5.15964	.339109	.000000
5.16221	.338112	.000000
5.16478	.337174	.000000
5.16735	.336282	.000000
5.16993	.335324	.000000
5.17251	.334386	.000000
5.17509	.333552	.000000
5.17767	.332718	.000000
5.18026	.331791	.000000
5.18285	.330882	.000000
5.18544	.330026	.000000
5.18803	.329146	.000000
5.19063	.328271	.000000
5.19323	.327462	.000000
5.19583	.326578	.000000
5.19843	.325609	.000000
5.20104	.324692	.000000
5.20365	.323902	.000000
5.20627	.323062	.000000
5.20888	.322178	.000000
5.2115	.321259	.000000
5.21412	.320349	.000000
5.21674	.319531	.000000
5.21936	.318726	.000000
5.22199	.317915	.000000
5.22462	.317129	.000000
5.22726	.316291	.000000
5.22989	.315385	.000000
5.23253	.314520	.000000
5.23517	.313754	.000000
5.23782	.312962	.000000
5.24046	.312140	.000000
5.24311	.311342	.000000
5.24576	.310543	.000000
5.24842	.309715	.000000
5.25108	.308993	.000000
5.25374	.308197	.000000
5.2564	.307377	.000000
5.25907	.306572	.000000
5.26173	.305832	.000000
5.2644	.305098	.000000
5.26708	.304363	.000000
5.26975	.303598	.000000
5.27243	.302859	.000000
5.27512	.302090	.000000
5.2778	.301316	.000000
5.28049	.300683	.000000
5.28318	.299999	.000000
5.28587	.299242	.000000
5.28857	.298480	.000000
5.29127	.297663	.000000
5.29397	.296953	.000000
5.29667	.296292	.000000
5.29938	.295591	.000000
5.30208	.294883	.000000
5.3048	.294230	.000000
5.30751	.293572	.000000
5.31023	.292805	.000000
5.31295	.292037	.000000
5.31567	.291334	.000000
5.3184	.290639	.000000
5.32113	.289948	.000000
5.32386	.289261	.000000
5.32659	.288531	.000000
5.32933	.287764	.000000
5.33207	.287086	.000000
5.33481	.286347	.000000
5.33756	.285557	.000000
5.34031	.284800	.000000
5.34306	.284076	.000000
5.34581	.283335	.000000
5.34857	.282399	.000000
5.35133	.281599	.000000
5.35409	.280964	.000000
5.35686	.280269	.000000
5.35963	.279506	.000000
5.3624	.278670	.000000
5.36517	.277881	.000000
5.36795	.277141	.000000
5.37073	.276323	.000000
5.37351	.275514	.000000
5.3763	.274757	.000000
5.37909	.273957	.000000
5.38188	.273172	.000000
5.38467	.272395	.000000
5.38747	.271660	.000000
5.39027	.270930	.000000
5.39307	.270111	.000000
5.39588	.269279	.000000
5.39869	.268474	.000000
5.4015	.267690	.000000
5.40431	.266984	.000000
5.40713	.266256	.000000
5.40995	.265476	.000000
5.41277	.264752	.000000
5.4156	.264076	.000000
5.41843	.263294	.000000
5.42126	.262300	.000000
5.4241	.261618	.000000
5.42694	.261197	.000000
5.42978	.260587	.000000
5.43262	.259987	.000000
5.43547	.259407	.000000
5.43832	.258807	.000000
5.44117	.258162	.000000
5.44403	.257550	.000000
5.44689	.257027	.000000
5.44975	.256527	.000000
5.45262	.255953	.000000
5.45549	.255389	.000000
5.45836	.254914	.000000
5.46123	.254412	.000000
5.46411	.253829	.000000
5.46699	.253428	.000000
5.46987	.253134	.000000
5.47276	.252835	.000000
5.47565	.252422	.000000
5.47854	.251966	.000000
5.48143	.251657	.000000
5.48433	.251401	.000000
5.48723	.251107	.000000
5.49014	.250833	.000000
5.49305	.250597	.000000
5.49596	.250375	.000000
5.49887	.250084	.000000
5.50179	.249756	.000000
5.50471	.249503	.000000
5.50763	.249290	.000000
5.51056	.249006	.000000
5.51349	.248777	.000000
5.51642	.248491	.000000
5.51936	.248238	.000000
5.5223	.248020	.000000
5.52524	.247807	.000000
5.52818	.247583	.000000
5.53113	.247348	.000000
5.53409	.247097	.000000
5.53704	.246863	.000000
5.54	.246545	.000000
5.54296	.246189	.000000
5.54592	.245755	.000000
5.54889	.245332	.000000
5.55186	.244990	.000000
5.55483	.244600	.000000
5.55781	.244110	.000000
5.56079	.243720	.000000
5.56377	.243382	.000000
5.56676	.243050	.000000
5.56975	.242666	.000000
5.57274	.242307	.000000
5.57574	.241830	.000000
5.57874	.241293	.000000
5.58174	.241036	.000000
5.58475	.240805	.000000
5.58776	.240546	.000000
5.59077	.240264	.000000
5.59378	.239918	.000000
5.5968	.239519	.000000
5.59982	.239104	.000000
5.60285	.238661	.000000
5.60588	.238291	.000000
5.60891	.237891	.000000
5.61194	.237428	.000000
5.61498	.236953	.000000
5.61802	.236522	.000000
5.62107	.236099	.000000
5.62412	.235638	.000000
5.62717	.235205	.000000
5.63023	.234709	.000000
5.63328	.234286	.000000
5.63635	.233856	.000000
5.63941	.233087	.000000
5.64248	.232385	.000000
5.64555	.232072	.000000
5.64862	.231720	.000000
5.6517	.231315	.000000
5.65478	.230765	.000000
5.65787	.230367	.000000
5.66096	.230019	.000000
5.66405	.229529	.000000
5.66714	.229070	.000000
5.67024	.228602	.000000
5.67334	.227986	.000000
5.67645	.227369	.000000
5.67956	.227007	.000000
5.68267	.226573	.000000
5.68579	.226005	.000000
5.68891	.225459	.000000
5.69203	.224862	.000000
5.69515	.224360	.000000
5.69828	.223856	.000000
5.70141	.223380	.000000
5.70455	.222864	.000000
5.70769	.222105	.000000
5.71083	.221375	.000000
5.71398	.221005	.000000
5.71713	.220483	.000000
5.72028	.219852	.000000
5.72344	.219294	.000000
5.7266	.218777	.000000
5.72977	.218151	.000000
5.73293	.217531	.000000
5.7361	.216910	.000000
5.73928	.216296	.000000
5.74245	.215649	.000000
5.74564	.214846	.000000
5.74882	.214102	.000000
5.75201	.213591	.000000
5.7552	.213023	.000000
5.7584	.212413	.000000
5.76159	.211594	.000000
5.7648	.210474	.000000
5.768	.209621	.000000
5.77121	.209225	.000000
5.77443	.208810	.000000
5.77765	.208092	.000000
5.78087	.207298	.000000
5.78409	.206630	.000000
5.78732	.205864	.000000
5.79055	.205028	.000000
5.79378	.204219	.000000
5.79702	.203393	.000000
5.80026	.202533	.000000
5.80351	.201719	.000000
5.80676	.200884	.000000
5.81001	.199989	.000000
5.81327	.199062	.000000
5.81653	.197992	.000000
5.81979	.196793	.000000
5.82306	.195693	.000000
5.82633	.194982	.000000
5.82961	.194092	.000000
5.83289	.193055	.000000
5.83617	.192119	.000000
5.83945	.191126	.000000
5.84274	.190121	.000000
5.84604	.188968	.000000
5.84933	.187813	.000000
5.85264	.186620	.000000
5.85594	.185406	.000000
5.85925	.184120	.000000
5.86256	.182894	.000000
5.86588	.181647	.000000
5.8692	.180310	.000000
5.87252	.178957	.000000
5.87585	.177493	.000000
5.87918	.175665	.000000
5.88252	.173925	.000000
5.88585	.172740	.000000
5.8892	.171302	.000000
5.89254	.169467	.000000
5.89589	.167278	.000000
5.89925	.165488	.000000
5.9026	.163965	.000000
5.90596	.162082	.000000
5.90933	.160134	.000000
5.9127	.158035	.000000
5.91607	.155908	.000000
5.91945	.153786	.000000
5.92283	.151732	.000000
5.92621	.149772	.000000
5.9296	.147913	.000000
5.93299	.145854	.000000
5.93639	.143949	.000000
5.93979	.142698	.000000
5.94319	.141616	.000000
5.9466	.140636	.000000
5.95001	.139753	.000000
5.95343	.139008	.000000
5.95685	.138479	.000000
5.96027	.138185	.000000
5.9637	.137963	.000000
5.96713	.137612	.000000
5.97056	.137521	.000000
5.974	.137724	.000000
5.97745	.137811	.000000
5.98089	.137815	.000000
5.98434	.137848	.000000
5.9878	.137811	.000000
5.99126	.137699	.000000
5.99472	.137722	.000000
5.99819	.137678	.000000
6.00166	.137465	.000000
6.00514	.137189	.000000
6.00862	.136925	.000000
6.0121	.136637	.000000
6.01559	.136523	.000000
6.01908	.136672	.000000
6.02257	.136739	.000000
6.02607	.136815	.000000
6.02957	.137021	.000000
6.03308	.137261	.000000
6.03659	.137485	.000000
6.04011	.137631	.000000
6.04363	.137558	.000000
6.04715	.137214	.000000
6.05068	.136998	.000000
6.05421	.137353	.000000
6.05775	.137585	.000000
6.06129	.137529	.000000
6.06484	.137380	.000000
6.06838	.137131	.000000
6.07194	.136932	.000000
6.0755	.136805	.000000
6.07906	.137114	.000000
6.08262	.137471	.000000
6.08619	.137687	.000000
6.08977	.138000	.000000
6.09334	.138406	.000000
6.09692	.138786	.000000
6.10051	.139187	.000000
6.1041	.139529	.000000
6.1077	.139821	.000000
6.11129	.139962	.000000
6.1149	.140072	.000000
6.11851	.140574	.000000
6.12212	.141000	.000000
6.12573	.141246	.000000
6.12936	.141448	.000000
6.13298	.141657	.000000
6.13661	.141748	.000000
6.14024	.141798	.000000
6.14388	.141835	.000000
6.14752	.141943	.000000
6.15117	.142024	.000000
6.15482	.141956	.000000
6.15847	.141780	.000000
6.16213	.141780	.000000
6.1658	.141856	.000000
6.16947	.141815	.000000
6.17314	.141726	.000000
6.17681	.141605	.000000
6.18049	.141423	.000000
6.18418	.140989	.000000
6.18787	.140838	.000000
6.19156	.140902	.000000
6.19526	.140711	.000000
6.19897	.140479	.000000
6.20267	.140309	.000000
6.20639	.140201	.000000
6.2101	.139987	.000000
6.21382	.139738	.000000
6.21755	.139620	.000000
6.22128	.139527	.000000
6.22501	.139444	.000000
6.22875	.139386	.000000
6.23249	.139348	.000000
6.23624	.139375	.000000
6.23999	.139400	.000000
6.24375	.139462	.000000
6.24751	.139589	.000000
6.25128	.139744	.000000
6.25505	.139950	.000000
6.25882	.140207	.000000
6.2626	.140475	.000000
6.26638	.140682	.000000
6.27017	.140964	.000000
6.27397	.141348	.000000
6.27777	.141684	.000000
6.28157	.141993	.000000
6.28538	.142310	.000000
6.28919	.142698	.000000
6.293	.143076	.000000
6.29682	.143464	.000000
6.30065	.143920	.000000
6.30448	.144306	.000000
6.30831	.144698	.000000
6.31215	.145121	.000000
6.316	.145598	.000000
6.31984	.146044	.000000
6.3237	.146447	.000000
6.32756	.146831	.000000
6.33142	.147235	.000000
6.33529	.147642	.000000
6.33916	.147959	.000000
6.34304	.148003	.000000
6.34692	.148355	.000000
6.35081	.148980	.000000
6.3547	.149326	.000000
6.3586	.149619	.000000
6.3625	.149930	.000000
6.3664	.150173	.000000
6.37031	.150243	.000000
6.37423	.150542	.000000
6.37815	.150926	.000000
6.38207	.151137	.000000
6.386	.151286	.000000
6.38994	.151475	.000000
6.39387	.151635	.000000
6.39782	.151803	.000000
6.40177	.151950	.000000
6.40572	.151867	.000000
6.40968	.151567	.000000
6.41365	.151612	.000000
6.41762	.151681	.000000
6.42159	.152017	.000000
6.42557	.152349	.000000
6.42955	.152359	.000000
6.43354	.152199	.000000
6.43753	.152365	.000000
6.44153	.152533	.000000
6.44553	.152504	.000000
6.44954	.152380	.000000
6.45355	.152394	.000000
6.45757	.152494	.000000
6.4616	.152434	.000000
6.46562	.152255	.000000
6.46966	.152025	.000000
6.4737	.151878	.000000
6.47774	.151880	.000000
6.48179	.151693	.000000
6.48584	.151511	.000000
6.4899	.151394	.000000
6.49397	.151104	.000000
6.49804	.151019	.000000
6.50211	.151301	.000000
6.50619	.151398	.000000
6.51027	.151233	.000000
6.51436	.151044	.000000
6.51846	.150840	.000000
6.52256	.150731	.000000
6.52666	.150691	.000000
6.53077	.150596	.000000
6.53488	.150511	.000000
6.539	.150334	.000000
6.54313	.150104	.000000
6.54726	.149936	.000000
6.5514	.149700	.000000
6.55554	.149461	.000000
6.55969	.149382	.000000
6.56384	.149183	.000000
6.568	.148917	.000000
6.57216	.148594	.000000
6.57632	.148357	.000000
6.5805	.148347	.000000
6.58468	.148192	.000000
6.58886	.147913	.000000
6.59305	.147671	.000000
6.59724	.147524	.000000
6.60144	.147360	.000000
6.60565	.147082	.000000
6.60986	.146771	.000000
6.61407	.146547	.000000
6.61829	.146378	.000000
6.62252	.146177	.000000
6.62675	.145932	.000000
6.63099	.145619	.000000
6.63523	.145215	.000000
6.63948	.144982	.000000
6.64373	.144953	.000000
6.64799	.145067	.000000
6.65225	.144999	.000000
6.65652	.144792	.000000
6.6608	.144570	.000000
6.66508	.144400	.000000
6.66937	.144204	.000000
6.67366	.143970	.000000
6.67796	.143817	.000000
6.68226	.143588	.000000
6.68657	.143505	.000000
6.69088	.143522	.000000
6.6952	.143397	.000000
6.69953	.143275	.000000
6.70385	.143068	.000000
6.70819	.142825	.000000
6.71253	.142671	.000000
6.71688	.142580	.000000
6.72123	.142470	.000000
6.72559	.142308	.000000
6.72996	.142205	.000000
6.73433	.142103	.000000
6.7387	.142006	.000000
6.74308	.141902	.000000
6.74747	.141692	.000000
6.75186	.141448	.000000
6.75626	.141242	.000000
6.76067	.141107	.000000
6.76507	.140946	.000000
6.76949	.140767	.000000
6.77391	.140473	.000000
6.77834	.140294	.000000
6.78277	.140085	.000000
6.78721	.139817	.000000
6.79166	.139622	.000000
6.79611	.139448	.000000
6.80056	.139371	.000000
6.80503	.139257	.000000
6.80949	.139112	.000000
6.81397	.138973	.000000
6.81845	.138794	.000000
6.82293	.138560	.000000
6.82743	.138359	.000000
6.83193	.138245	.000000
6.83643	.138083	.000000
6.84094	.137863	.000000
6.84545	.137620	.000000
6.84998	.137411	.000000
6.8545	.137197	.000000
6.85903	.136849	.000000
6.86357	.136378	.000000
6.86812	.136237	.000000
6.87267	.136289	.000000
6.87723	.136191	.000000
6.88179	.135990	.000000
6.88636	.135733	.000000
6.89094	.135535	.000000
6.89552	.135368	.000000
6.90011	.135117	.000000
6.9047	.134801	.000000
6.9093	.134596	.000000
6.91391	.134403	.000000
6.91852	.134137	.000000
6.92314	.133826	.000000
6.92776	.133596	.000000
6.9324	.133353	.000000
6.93703	.133001	.000000
6.94168	.132656	.000000
6.94632	.132314	.000000
6.95098	.131961	.000000
6.95564	.131492	.000000
6.96031	.130924	.000000
6.96498	.130694	.000000
6.96966	.130518	.000000
6.97435	.130152	.000000
6.97904	.129721	.000000
6.98374	.129362	.000000
6.98845	.128953	.000000
6.99316	.128476	.000000
6.99788	.128111	.000000
7.00261	.127798	.000000
7.00734	.127389	.000000
7.01208	.126920	.000000
7.01682	.126485	.000000
7.02157	.126045	.000000
7.02633	.125595	.000000
7.03109	.125184	.000000
7.03586	.124773	.000000
7.04064	.124232	.000000
7.04542	.123713	.000000
7.05021	.123425	.000000
7.05501	.122992	.000000
7.05981	.122595	.000000
7.06462	.122216	.000000
7.06943	.121699	.000000
7.07425	.121203	.000000
7.07908	.120728	.000000
7.08392	.120222	.000000
7.08876	.119764	.000000
7.09361	.119349	.000000
7.09847	.118920	.000000
7.10333	.118442	.000000
7.1082	.117955	.000000
7.11307	.117349	.000000
7.11795	.116793	.000000
7.12284	.116360	.000000
7.12773	.115839	.000000
7.13264	.115244	.000000
7.13755	.114694	.000000
7.14246	.114094	.000000
7.14738	.113530	.000000
7.15231	.113018	.000000
7.15725	.112472	.000000
7.16219	.111950	.000000
7.16714	.111381	.000000
7.1721	.110732	.000000
7.17706	.110197	.000000
7.18203	.109701	.000000
7.18701	.109201	.000000
7.192	.108631	.000000
7.19699	.108072	.000000
7.20199	.107440	.000000
7.20699	.106780	.000000
7.212	.106301	.000000
7.21702	.105722	.000000
7.22205	.105052	.000000
7.22708	.104421	.000000
7.23212	.103814	.000000
7.23716	.103173	.000000
7.24222	.102519	.000000
7.24728	.101895	.000000
7.25235	.101324	.000000
7.25742	.100700	.000000
7.2625	.100069	.000000
7.26759	.099455	.000000
7.27269	.098781	.000000
7.27779	.098113	.000000
7.2829	.097435	.000000
7.28802	.096869	.000000
7.29315	.096217	.000000
7.29828	.095497	.000000
7.30342	.094823	.000000
7.30857	.094180	.000000
7.31372	.093550	.000000
7.31888	.092909	.000000
7.32405	.092249	.000000
7.32923	.091546	.000000
7.33441	.090768	.000000
7.3396	.090058	.000000
7.3448	.089349	.000000
7.35	.088662	.000000
7.35522	.087947	.000000
7.36044	.087198	.000000
7.36566	.086494	.000000
7.3709	.085856	.000000
7.37614	.085152	.000000
7.38139	.084356	.000000
7.38665	.083650	.000000
7.39191	.082956	.000000
7.39719	.082163	.000000
7.40247	.081385	.000000
7.40776	.080649	.000000
7.41305	.079856	.000000
7.41835	.079047	.000000
7.42366	.078296	.000000
7.42898	.077591	.000000
7.43431	.076923	.000000
7.43964	.076178	.000000
7.44498	.075342	.000000
7.45033	.074552	.000000
7.45568	.073795	.000000
7.46105	.073025	.000000
7.46642	.072220	.000000
7.4718	.071440	.000000
7.47718	.070685	.000000
7.48258	.069953	.000000
7.48798	.069213	.000000
7.49339	.068457	.000000
7.49881	.067626	.000000
7.50424	.066788	.000000
7.50967	.066041	.000000
7.51511	.065280	.000000
7.52056	.064419	.000000
7.52602	.063606	.000000
7.53148	.062855	.000000
7.53696	.062118	.000000
7.54244	.061299	.000000
7.54793	.060513	.000000
7.55342	.059741	.000000
7.55893	.058959	.000000
7.56444	.058171	.000000
7.56997	.057326	.000000
7.5755	.056519	.000000
7.58103	.055725	.000000
7.58658	.054932	.000000
7.59213	.054132	.000000
7.5977	.053327	.000000
7.60327	.052520	.000000
7.60885	.051740	.000000
7.61443	.050972	.000000
7.62003	.050180	.000000
7.62563	.049327	.000000
7.63124	.048498	.000000
7.63686	.047697	.000000
7.64248	.046880	.000000
7.64812	.046010	.000000
7.65376	.045189	.000000
7.65942	.044376	.000000
7.66508	.043529	.000000
7.67075	.042693	.000000
7.67643	.041880	.000000
7.68211	.041024	.000000
7.68781	.040231	.000000
7.69351	.039432	.000000
7.69922	.038605	.000000
7.70494	.037725	.000000
7.71067	.036889	.000000
7.71641	.036082	.000000
7.72216	.035288	.000000
7.72791	.034472	.000000
7.73367	.033583	.000000
7.73944	.032697	.000000
7.74522	.031929	.000000
7.75101	.031195	.000000
7.75681	.030479	.000000
7.76261	.029793	.000000
7.76843	.029015	.000000
7.77425	.028187	.000000
7.78008	.027498	.000000
7.78592	.026826	.000000
7.79177	.026040	.000000
7.79763	.025324	.000000
7.8035	.024603	.000000
7.80938	.023843	.000000
7.81526	.023213	.000000
7.82116	.022518	.000000
7.82706	.021848	.000000
7.83297	.021250	.000000
7.83889	.020638	.000000
7.84482	.020030	.000000
7.85076	.019375	.000000
7.85671	.018740	.000000
7.86266	.018164	.000000
7.86863	.017674	.000000
7.8746	.017243	.000000
7.88059	.016825	.000000
7.88658	.016253	.000000
7.89258	.015618	.000000
7.89859	.015124	.000000
7.90461	.014678	.000000
7.91064	.014195	.000000
7.91668	.013757	.000000
7.92273	.013455	.000000
7.92879	.013017	.000000
7.93485	.012615	.000000
7.94092	.012422	.000000
7.94701	.012177	.000000
7.9531	.011839	.000000
7.95921	.011550	.000000
7.96532	.011310	.000000
7.97144	.011140	.000000
7.97757	.010959	.000000
7.98372	.010721	.000000
7.98987	.010565	.000000
7.99603	.010434	.000000
8.0022	.010316	.000000
8.00838	.010239	.000000
8.01456	.010235	.000000
8.02076	.010308	.000000
8.02697	.010378	.000000
8.03319	.010492	.000000
8.03942	.010677	.000000
8.04565	.010897	.000000
8.0519	.011144	.000000
8.05816	.011449	.000000
8.06442	.011720	.000000
8.0707	.012094	.000000
8.07698	.012590	.000000
8.08328	.013216	.000000
8.08958	.013870	.000000
8.0959	.014593	.000000
8.10223	.015328	.000000
8.10856	.016178	.000000
8.1149	.017228	.000000
8.12126	.018242	.000000
8.12762	.019381	.000000
8.134	.020615	.000000
8.14039	.021829	.000000
8.14678	.023136	.000000
8.15318	.024600	.000000
8.1596	.026248	.000000
8.16602	.027959	.000000
8.17246	.029745	.000000
8.1789	.031575	.000000
8.18535	.033446	.000000
8.19182	.035423	.000000
8.1983	.037565	.000000
8.20478	.039638	.000000
8.21128	.041754	.000000
8.21778	.043936	.000000
8.2243	.046149	.000000
8.23083	.048327	.000000
8.23737	.050458	.000000
8.24392	.052678	.000000
8.25047	.054905	.000000
8.25704	.056974	.000000
8.26362	.058917	.000000
8.27021	.060799	.000000
8.27682	.062684	.000000
8.28343	.064429	.000000
8.29005	.065977	.000000
8.29668	.067290	.000000
8.30332	.068408	.000000
8.30997	.069520	.000000
8.31663	.070586	.000000
8.32331	.071424	.000000
8.33	.072131	.000000
8.33669	.072716	.000000
8.3434	.073195	.000000
8.35012	.073619	.000000
8.35684	.074069	.000000
8.36359	.074438	.000000
8.37034	.074757	.000000
8.3771	.075100	.000000
8.38387	.075384	.000000
8.39065	.075585	.000000
8.39745	.075811	.000000
8.40425	.076122	.000000
8.41106	.076344	.000000
8.41789	.076546	.000000
8.42473	.076778	.000000
8.43158	.076952	.000000
8.43844	.077160	.000000
8.44531	.077319	.000000
8.45219	.077527	.000000
8.45909	.077738	.000000
8.46599	.077867	.000000
8.47291	.077950	.000000
8.47984	.078137	.000000
8.48678	.078278	.000000
8.49373	.078342	.000000
8.50069	.078475	.000000
8.50767	.078550	.000000
8.51465	.078579	.000000
8.52165	.078730	.000000
8.52866	.078896	.000000
8.53568	.079031	.000000
8.54271	.079126	.000000
8.54975	.079230	.000000
8.5568	.079402	.000000
8.56386	.079583	.000000
8.57094	.079802	.000000
8.57803	.079966	.000000
8.58513	.079970	.000000
8.59225	.080002	.000000
8.59937	.080153	.000000
8.60651	.080323	.000000
8.61366	.080470	.000000
8.62082	.080638	.000000
8.62799	.080669	.000000
8.63517	.080697	.000000
8.64237	.080817	.000000
8.64958	.080902	.000000
8.6568	.081001	.000000
8.66403	.081132	.000000
8.67128	.081155	.000000
8.67853	.081128	.000000
8.6858	.081111	.000000
8.69308	.081115	.000000
8.70037	.081180	.000000
8.70767	.081296	.000000
8.71499	.081188	.000000
8.72232	.081132	.000000
8.72966	.081230	.000000
8.73702	.081313	.000000
8.74438	.081323	.000000
8.75176	.081371	.000000
8.75916	.081396	.000000
8.76656	.081377	.000000
8.77398	.081379	.000000
8.78141	.081460	.000000
8.78885	.081470	.000000
8.7963	.081452	.000000
8.80377	.081452	.000000
8.81125	.081468	.000000
8.81875	.081543	.000000
8.82625	.081589	.000000
8.83377	.081530	.000000
8.8413	.081537	.000000
8.84884	.081589	.000000
8.8564	.081566	.000000
8.86396	.081574	.000000
8.87155	.081412	.000000
8.87914	.081192	.000000
8.88675	.081099	.000000
8.89437	.080960	.000000
8.90201	.080761	.000000
8.90965	.080562	.000000
8.91732	.080315	.000000
8.92499	.079960	.000000
8.93268	.079583	.000000
8.94038	.079195	.000000
8.94809	.078776	.000000
8.95582	.078321	.000000
8.96356	.077965	.000000
8.97131	.077570	.000000
8.97908	.077056	.000000
8.98686	.076496	.000000
8.99465	.075913	.000000
9.00246	.075264	.000000
9.01028	.074674	.000000
9.01812	.074172	.000000
9.02597	.073621	.000000
9.03383	.073112	.000000
9.04171	.072687	.000000
9.0496	.072137	.000000
9.0575	.071496	.000000
9.06542	.070880	.000000
9.07335	.070237	.000000
9.0813	.069638	.000000
9.08925	.069132	.000000
9.09723	.068530	.000000
9.10521	.067848	.000000
9.11322	.067190	.000000
9.12123	.066622	.000000
9.12926	.066030	.000000
9.1373	.065485	.000000
9.14536	.064983	.000000
9.15343	.064435	.000000
9.16151	.063937	.000000
9.16961	.063508	.000000
9.17773	.063122	.000000
9.18586	.062782	.000000
9.194	.062541	.000000
9.20216	.062344	.000000
9.21033	.062160	.000000
9.21852	.062037	.000000
9.22672	.062027	.000000
9.23494	.062025	.000000
9.24317	.061967	.000000
9.25142	.061927	.000000
9.25968	.062035	.000000
9.26795	.062274	.000000
9.27624	.062548	.000000
9.28455	.062699	.000000
9.29287	.062786	.000000
9.3012	.063006	.000000
9.30954	.063450	.000000
9.31791	.063861	.000000
9.32629	.064166	.000000
9.33468	.064437	.000000
9.34309	.064722	.000000
9.35152	.065132	.000000
9.35996	.065433	.000000
9.36842	.065717	.000000
9.37689	.066101	.000000
9.38537	.066555	.000000
9.39387	.066846	.000000
9.40239	.067105	.000000
9.41092	.067568	.000000
9.41947	.067970	.000000
9.42804	.068290	.000000
9.43661	.068750	.000000
9.44521	.069227	.000000
9.45382	.069632	.000000
9.46244	.070005	.000000
9.47108	.070505	.000000
9.47974	.071100	.000000
9.48841	.071627	.000000
9.4971	.072189	.000000
9.5058	.072779	.000000
9.51452	.073322	.000000
9.52326	.073849	.000000
9.53201	.074506	.000000
9.54078	.075150	.000000
9.54957	.075745	.000000
9.55837	.076365	.000000
9.56719	.077097	.000000
9.57602	.077931	.000000
9.58488	.078672	.000000
9.59374	.079356	.000000
9.60263	.080002	.000000
9.61152	.080649	.000000
9.62043	.081423	.000000
9.62937	.082277	.000000
9.63831	.083090	.000000
9.64728	.083856	.000000
9.65626	.084625	.000000
9.66526	.085310	.000000
9.67428	.085845	.000000
9.68331	.086434	.000000
9.69236	.087086	.000000
9.70143	.087712	.000000
9.71051	.088254	.000000
9.71962	.088758	.000000
9.72873	.089224	.000000
9.73787	.089610	.000000
9.74702	.089924	.000000
9.75619	.090355	.000000
9.76538	.090809	.000000
9.77458	.091104	.000000
9.7838	.091365	.000000
9.79304	.091647	.000000
9.80229	.091846	.000000
9.81157	.092025	.000000
9.82086	.092365	.000000
9.83017	.092628	.000000
9.83949	.092711	.000000
9.84884	.092850	.000000
9.8582	.093037	.000000
9.86758	.093265	.000000
9.87698	.093491	.000000
9.8864	.093549	.000000
9.89583	.093720	.000000
9.90528	.093784	.000000
9.91475	.093755	.000000
9.92424	.093838	.000000
9.93375	.093871	.000000
9.94327	.093757	.000000
9.95281	.093576	.000000
9.96238	.093616	.000000
9.97195	.093732	.000000
9.98155	.093825	.000000
9.99117	.093881	.000000
10.0008	.093838	.000000
10.01045	.093786	.000000
10.02012	.093850	.000000
10.02981	.093881	.000000
10.03952	.093757	.000000
10.04925	.093608	.000000
10.059	.093456	.000000
10.06877	.093311	.000000
10.07855	.093242	.000000
10.08835	.093178	.000000
10.09818	.093099	.000000
10.10802	.092969	.000000
10.11788	.092826	.000000
10.12776	.092828	.000000
10.13767	.092738	.000000
10.14758	.092523	.000000
10.15752	.092454	.000000
10.16748	.092350	.000000
10.17746	.092122	.000000
10.18746	.091838	.000000
10.19747	.091662	.000000
10.2075	.091629	.000000
10.21756	.091656	.000000
10.22764	.091780	.000000
10.23773	.091838	.000000
10.24785	.091890	.000000
10.25799	.092195	.000000
10.26814	.092479	.000000
10.27832	.092678	.000000
10.28852	.092975	.000000
10.29874	.093342	.000000
10.30897	.093819	.000000
10.31923	.094392	.000000
10.32951	.094923	.000000
10.33981	.095371	.000000
10.35012	.095800	.000000
10.36046	.096352	.000000
10.37082	.096871	.000000
10.3812	.097285	.000000
10.3916	.097624	.000000
10.40203	.097906	.000000
10.41247	.098242	.000000
10.42294	.098704	.000000
10.43342	.099061	.000000
10.44393	.099358	.000000
10.45446	.099706	.000000
10.46501	.100001	.000000
10.47558	.100244	.000000
10.48617	.100490	.000000
10.49679	.100677	.000000
10.50742	.100993	.000000
10.51808	.101256	.000000
10.52876	.101453	.000000
10.53946	.101600	.000000
10.55018	.101855	.000000
10.56092	.102248	.000000
10.57168	.102501	.000000
10.58247	.102660	.000000
10.59328	.102772	.000000
10.60411	.102893	.000000
10.61496	.102953	.000000
10.62584	.102959	.000000
10.63674	.103005	.000000
10.64766	.102996	.000000
10.6586	.102913	.000000
10.66957	.102969	.000000
10.68056	.103061	.000000
10.69157	.103123	.000000
10.7026	.102913	.000000
10.71366	.102691	.000000
10.72474	.102563	.000000
10.73584	.102393	.000000
10.74697	.102113	.000000
10.75812	.101889	.000000
10.76929	.101858	.000000
10.78048	.101913	.000000
10.7917	.101770	.000000
10.80293	.101478	.000000
10.8142	.101295	.000000
10.82549	.100997	.000000
10.8368	.100582	.000000
10.84813	.100269	.000000
10.85949	.099818	.000000
10.87088	.099350	.000000
10.88229	.098908	.000000
10.89372	.098300	.000000
10.90517	.097769	.000000
10.91665	.097161	.000000
10.92816	.096379	.000000
10.93968	.095695	.000000
10.95124	.095027	.000000
10.9628	.094340	.000000
10.9744	.093697	.000000
10.98603	.092996	.000000
10.99768	.092338	.000000
11.00935	.091728	.000000
11.02105	.091239	.000000
11.03278	.090645	.000000
11.04453	.090031	.000000
11.05631	.089498	.000000
11.06811	.088903	.000000
11.07993	.088405	.000000
11.09178	.087855	.000000
11.10366	.087250	.000000
11.11556	.086665	.000000
11.12749	.086156	.000000
11.13944	.085675	.000000
11.15142	.085123	.000000
11.16342	.084418	.000000
11.17545	.083713	.000000
11.18751	.083233	.000000
11.19959	.082777	.000000
11.21169	.082190	.000000
11.22382	.081790	.000000
11.23598	.081310	.000000
11.24817	.080667	.000000
11.26038	.080222	.000000
11.27262	.079908	.000000
11.28489	.079539	.000000
11.29718	.079093	.000000
11.3095	.078670	.000000
11.32185	.078516	.000000
11.33422	.078319	.000000
11.34662	.078079	.000000
11.35905	.077875	.000000
11.37151	.077672	.000000
11.38399	.077490	.000000
11.3965	.077411	.000000
11.40904	.077195	.000000
11.42161	.076890	.000000
11.4342	.076693	.000000
11.44682	.076548	.000000
11.45947	.076475	.000000
11.47213	.076465	.000000
11.48484	.076405	.000000
11.49757	.076293	.000000
11.51033	.076207	.000000
11.52312	.076158	.000000
11.53594	.075927	.000000
11.54878	.075820	.000000
11.56166	.075805	.000000
11.57457	.075614	.000000
11.5875	.075450	.000000
11.60046	.075473	.000000
11.61345	.075573	.000000
11.62647	.075504	.000000
11.63952	.075336	.000000
11.6526	.075214	.000000
11.66571	.075131	.000000
11.67885	.075137	.000000
11.69201	.075413	.000000
11.70521	.075539	.000000
11.71844	.075535	.000000
11.73169	.075461	.000000
11.74497	.075488	.000000
11.75829	.075504	.000000
11.77163	.075637	.000000
11.78501	.075876	.000000
11.79842	.076205	.000000
11.81185	.076523	.000000
11.82532	.076780	.000000
11.83883	.077307	.000000
11.85236	.077724	.000000
11.86592	.077840	.000000
11.87951	.078066	.000000
11.89313	.078523	.000000
11.90679	.079056	.000000
11.92047	.079425	.000000
11.93418	.079819	.000000
11.94793	.080226	.000000
11.96171	.080632	.000000
11.97552	.081140	.000000
11.98937	.081618	.000000
12.00324	.081985	.000000
12.01715	.082435	.000000
12.0311	.082893	.000000
12.04507	.083350	.000000
12.05908	.083735	.000000
12.07311	.084113	.000000
12.08719	.084488	.000000
12.10129	.084717	.000000
12.11543	.084843	.000000
12.1296	.085071	.000000
12.1438	.085084	.000000
12.15804	.084959	.000000
12.17231	.084829	.000000
12.18661	.084532	.000000
12.20095	.084225	.000000
12.21532	.083821	.000000
12.22972	.083229	.000000
12.24416	.082551	.000000
12.25863	.081771	.000000
12.27314	.080877	.000000
12.28768	.079919	.000000
12.30225	.078883	.000000
12.31686	.077676	.000000
12.33151	.076332	.000000
12.34619	.074915	.000000
12.36091	.073351	.000000
12.37566	.071617	.000000
12.39045	.069939	.000000
12.40527	.068375	.000000
12.42012	.066686	.000000
12.43502	.064898	.000000
12.44995	.063298	.000000
12.46491	.061643	.000000
12.47991	.060143	.000000
12.49495	.058728	.000000
12.51002	.057374	.000000
12.52513	.055870	.000000
12.54026	.054491	.000000
12.55545	.053235	.000000
12.57066	.052045	.000000
12.58592	.050956	.000000
12.60121	.049786	.000000
12.61654	.048776	.000000
12.63191	.047828	.000000
12.64732	.046894	.000000
12.66276	.045931	.000000
12.67824	.044944	.000000
12.69376	.044089	.000000
12.70932	.043438	.000000
12.72491	.043029	.000000
12.74054	.042608	.000000
12.75622	.042065	.000000
12.77193	.041596	.000000
12.78768	.041258	.000000
12.80346	.040812	.000000
12.81929	.040505	.000000
12.83515	.040246	.000000
12.85106	.039982	.000000
12.86699	.039918	.000000
12.88298	.039878	.000000
12.899	.039563	.000000
12.91506	.039399	.000000
12.93117	.039408	.000000
12.94731	.039264	.000000
12.96349	.039140	.000000
12.97972	.039142	.000000
12.99599	.039036	.000000
13.0123	.038984	.000000
13.02864	.039076	.000000
13.04503	.039053	.000000
13.06146	.038947	.000000
13.07793	.038891	.000000
13.09443	.038779	.000000
13.11099	.038710	.000000
13.12758	.038796	.000000
13.14422	.038920	.000000
13.1609	.038928	.000000
13.17762	.038806	.000000
13.19439	.038930	.000000
13.2112	.039105	.000000
13.22805	.039047	.000000
13.24495	.039011	.000000
13.26188	.039045	.000000
13.27886	.039127	.000000
13.29589	.039165	.000000
13.31296	.039154	.000000
13.33007	.039007	.000000
13.34723	.038922	.000000
13.36443	.038984	.000000
13.38167	.038901	.000000
13.39896	.038829	.000000
13.41629	.038650	.000000
13.43367	.038542	.000000
13.45109	.038364	.000000
13.46855	.038231	.000000
13.48607	.038306	.000000
13.50363	.038395	.000000
13.52123	.038379	.000000
13.53889	.038192	.000000
13.55658	.038196	.000000
13.57433	.038244	.000000
13.59213	.038134	.000000
13.60996	.038153	.000000
13.62785	.038229	.000000
13.64578	.038356	.000000
13.66375	.038507	.000000
13.68178	.038557	.000000
13.69986	.038445	.000000
13.71798	.038412	.000000
13.73615	.038472	.000000
13.75437	.038435	.000000
13.77264	.038418	.000000
13.79095	.038410	.000000
13.80931	.038542	.000000
13.82771	.038543	.000000
13.84617	.038489	.000000
13.86468	.038331	.000000
13.88324	.038161	.000000
13.90185	.037845	.000000
13.92051	.037534	.000000
13.93922	.037381	.000000
13.95799	.037190	.000000
13.9768	.036980	.000000
13.99567	.036725	.000000
14.01458	.036433	.000000
14.03354	.036151	.000000
14.05256	.036001	.000000
14.07162	.035829	.000000
14.09073	.035391	.000000
14.1099	.035041	.000000
14.12913	.034968	.000000
14.1484	.034900	.000000
14.16773	.034585	.000000
14.18711	.034062	.000000
14.20654	.033915	.000000
14.22604	.033890	.000000
14.24558	.033593	.000000
14.26517	.033292	.000000
14.28482	.033107	.000000
14.30453	.033051	.000000
14.32428	.032836	.000000
14.34409	.032626	.000000
14.36397	.032485	.000000
14.38389	.032222	.000000
14.40387	.031977	.000000
14.4239	.031753	.000000
14.44399	.031560	.000000
14.46413	.031662	.000000
14.48434	.031616	.000000
14.50458	.031570	.000000
14.52489	.031570	.000000
14.54527	.031633	.000000
14.56569	.031716	.000000
14.58618	.031616	.000000
14.60672	.031770	.000000
14.62733	.031929	.000000
14.64799	.031660	.000000
14.66871	.031409	.000000
14.68949	.031545	.000000
14.71032	.031606	.000000
14.73122	.031436	.000000
14.75217	.031355	.000000
14.77319	.031230	.000000
14.79427	.031077	.000000
14.8154	.031087	.000000
14.8366	.031137	.000000
14.85785	.031324	.000000
14.87917	.031346	.000000
14.90055	.031245	.000000
14.92199	.031338	.000000
14.94347	.031641	.000000
14.96504	.031761	.000000
14.98666	.031599	.000000
15.00835	.031506	.000000
15.0301	.031707	.000000
15.05192	.032104	.000000
15.07379	.032195	.000000
15.09574	.032340	.000000
15.11775	.032682	.000000
15.13982	.033087	.000000
15.16195	.033705	.000000
15.18415	.034251	.000000
15.20641	.034987	.000000
15.22874	.035906	.000000
15.25115	.036968	.000000
15.27361	.038345	.000000
15.29613	.039910	.000000
15.31873	.041482	.000000
15.34139	.043303	.000000
15.36412	.045214	.000000
15.38691	.047276	.000000
15.40976	.049464	.000000
15.43269	.051590	.000000
15.45569	.053319	.000000
15.47876	.055134	.000000
15.50189	.057038	.000000
15.5251	.058944	.000000
15.54838	.060774	.000000
15.57173	.062415	.000000
15.59515	.063883	.000000
15.61863	.065024	.000000
15.64219	.066097	.000000
15.66582	.067111	.000000
15.68952	.068111	.000000
15.71329	.068953	.000000
15.73712	.069542	.000000
15.76103	.070225	.000000
15.78502	.070995	.000000
15.80908	.071534	.000000
15.83322	.071747	.000000
15.85743	.072021	.000000
15.88171	.072353	.000000
15.90608	.072567	.000000
15.93051	.072608	.000000
15.95502	.072604	.000000
15.9796	.072378	.000000
16.00426	.072075	.000000
16.029	.071658	.000000
16.05381	.070855	.000000
16.07871	.070142	.000000
16.10368	.069650	.000000
16.12872	.068771	.000000
16.15384	.067933	.000000
16.17904	.067771	.000000
16.20432	.067526	.000000
16.22968	.067248	.000000
16.2551	.067418	.000000
16.28062	.067814	.000000
16.30622	.067933	.000000
16.3319	.068202	.000000
16.35766	.068891	.000000
16.3835	.069710	.000000
16.40942	.070569	.000000
16.43544	.071540	.000000
16.46152	.072434	.000000
16.4877	.073289	.000000
16.51395	.074079	.000000
16.54029	.074955	.000000
16.56671	.075666	.000000
16.59321	.076214	.000000
16.61981	.077124	.000000
16.64649	.077772	.000000
16.67325	.078396	.000000
16.7001	.079012	.000000
16.72704	.079518	.000000
16.75406	.079933	.000000
16.78117	.080275	.000000
16.80835	.080682	.000000
16.83564	.081012	.000000
16.86301	.081319	.000000
16.89047	.081286	.000000
16.91803	.080892	.000000
16.94567	.080757	.000000
16.9734	.080487	.000000
17.00124	.080141	.000000
17.02916	.079487	.000000
17.05716	.078717	.000000
17.08527	.077960	.000000
17.11346	.077274	.000000
17.14174	.076695	.000000
17.17012	.075985	.000000
17.19861	.075197	.000000
17.22718	.074394	.000000
17.25584	.074077	.000000
17.2846	.074013	.000000
17.31346	.073424	.000000
17.34241	.072996	.000000
17.37146	.073222	.000000
17.40058	.073486	.000000
17.42983	.073355	.000000
17.45917	.073316	.000000
17.48861	.073187	.000000
17.51815	.072521	.000000
17.54779	.071847	.000000
17.57753	.071635	.000000
17.60739	.071084	.000000
17.63733	.070202	.000000
17.66738	.069142	.000000
17.69753	.068157	.000000
17.72778	.067250	.000000
17.75813	.066060	.000000
17.78859	.064680	.000000
17.81914	.063643	.000000
17.84981	.063066	.000000
17.88058	.062521	.000000
17.91146	.062070	.000000
17.94245	.061319	.000000
17.97355	.060973	.000000
18.00475	.061069	.000000
18.03607	.061069	.000000
18.06749	.061788	.000000
18.09903	.062350	.000000
18.13067	.062664	.000000
18.16242	.063776	.000000
18.19428	.065190	.000000
18.22626	.066605	.000000
18.25836	.068287	.000000
18.29056	.070268	.000000
18.32287	.071955	.000000
18.3553	.073185	.000000
18.38785	.074652	.000000
18.42051	.076008	.000000
18.45328	.076919	.000000
18.48615	.077587	.000000
18.51917	.077724	.000000
18.55229	.077201	.000000
18.58554	.076282	.000000
18.61891	.075295	.000000
18.65239	.074096	.000000
18.686	.072391	.000000
18.71974	.070885	.000000
18.75359	.069854	.000000
18.78757	.068959	.000000
18.82166	.067458	.000000
18.85588	.065925	.000000
18.89023	.064966	.000000
18.9247	.064089	.000000
18.95931	.063334	.000000
18.99403	.062396	.000000
19.02888	.061106	.000000
19.06386	.060392	.000000
19.09897	.059992	.000000
19.13421	.059513	.000000
19.16957	.059247	.000000
19.20505	.059034	.000000
19.24068	.058679	.000000
19.27644	.058117	.000000
19.31234	.057685	.000000
19.34837	.057428	.000000
19.38453	.057129	.000000
19.42083	.056380	.000000
19.45728	.056293	.000000
19.49385	.056360	.000000
19.53056	.055714	.000000
19.56741	.054706	.000000
19.6044	.054192	.000000
19.64153	.054406	.000000
19.6788	.054267	.000000
19.71622	.053557	.000000
19.75378	.052761	.000000
19.79147	.052003	.000000
19.82932	.051786	.000000
19.8673	.051369	.000000
19.90544	.050524	.000000
19.94372	.049784	.000000
19.98215	.049053	.000000
20.02073	.048421	.000000
20.05945	.047554	.000000
20.09833	.046707	.000000
20.13736	.045739	.000000
20.17653	.045120	.000000
20.21587	.044274	.000000
20.25536	.043260	.000000
20.29499	.042612	.000000
20.33479	.042276	.000000
20.37474	.041318	.000000
20.41485	.041111	.000000
20.45512	.041335	.000000
20.49554	.041245	.000000
20.53609	.041579	.000000
20.57684	.042422	.000000
20.61775	.042836	.000000
20.65882	.042892	.000000
20.70005	.043388	.000000
20.74146	.043745	.000000
20.78302	.043807	.000000
20.82476	.043515	.000000
20.86666	.042951	.000000
20.90873	.043295	.000000
20.95097	.043202	.000000
20.99338	.043214	.000000
21.03597	.043226	.000000
21.07872	.043038	.000000
21.12166	.043083	.000000
21.16477	.043446	.000000
21.20805	.043768	.000000
21.25151	.043392	.000000
21.29515	.043998	.000000
21.33897	.044872	.000000
21.38296	.044927	.000000
21.42715	.044621	.000000
21.47152	.044467	.000000
21.51606	.044444	.000000
21.56079	.043965	.000000
21.60571	.043417	.000000
21.65082	.043200	.000000
21.69612	.042847	.000000
21.74161	.041959	.000000
21.78729	.041679	.000000
21.83315	.041694	.000000
21.87921	.040752	.000000
21.92547	.039293	.000000
21.97193	.038959	.000000
22.01858	.038715	.000000
22.06543	.038292	.000000
22.11248	.038233	.000000
22.15973	.037995	.000000
22.20718	.037796	.000000
22.25484	.037964	.000000
22.3027	.037677	.000000
22.35076	.037744	.000000
22.399	.037846	.000000
22.44748	.037302	.000000
22.49617	.037655	.000000
22.54508	.040138	.000000
22.5942	.041331	.000000
22.64353	.041239	.000000
22.69308	.042575	.000000
22.74285	.043556	.000000
22.79284	.043841	.000000
22.84304	.044921	.000000
22.89347	.045846	.000000
22.94412	.046295	.000000
22.99499	.047423	.000000
23.0461	.048736	.000000
23.09743	.049479	.000000
23.14899	.049778	.000000
23.20078	.049999	.000000
23.2528	.050389	.000000
23.30505	.051089	.000000
23.35754	.052634	.000000
23.41027	.053621	.000000
23.46324	.053406	.000000
23.51645	.053318	.000000
23.56989	.052835	.000000
23.62358	.052702	.000000
23.67752	.053082	.000000
23.7317	.051815	.000000
23.78613	.050074	.000000
23.84082	.049564	.000000
23.89576	.050335	.000000
23.95095	.050006	.000000
24.00639	.049350	.000000
24.06209	.048064	.000000
24.11805	.048128	.000000
24.17427	.048375	.000000
24.23076	.047703	.000000
24.28751	.045884	.000000
24.34452	.044720	.000000
24.4018	.044052	.000000
24.45936	.043330	.000000
24.51718	.042864	.000000
24.57528	.042797	.000000
24.63366	.041909	.000000
24.69231	.040656	.000000
24.75125	.040266	.000000
24.81046	.041223	.000000
24.86996	.040814	.000000
24.92974	.039627	.000000
24.98982	.038462	.000000
