Brown University Keck/NASA Relab Spectrum KY-S1S-001/BKR0KY001
Wavelength(micron)	Reflectance	Standard Deviation
0.3	.376329	.003742
0.305	.418640	.003736
0.31	.457331	.004398
0.315	.494179	.003857
0.32	.519714	.005218
0.325	.544871	.003926
0.33	.561051	.005077
0.335	.579808	.003840
0.34	.592976	.004271
0.345	.606375	.004376
0.35	.614025	.004370
0.355	.624222	.004333
0.36	.632737	.004338
0.365	.642091	.004331
0.37	.649088	.004463
0.375	.657050	.004417
0.38	.663052	.004454
0.385	.670963	.004416
0.39	.677265	.004482
0.395	.684984	.004473
0.4	.690956	.004826
0.405	.696202	.005074
0.41	.699966	.005300
0.415	.704053	.005465
0.42	.706726	.005754
0.425	.713863	.004883
0.43	.718160	.005233
0.435	.725063	.004764
0.44	.729619	.004971
0.445	.735930	.004665
0.45	.740059	.004859
0.455	.745651	.004540
0.46	.749140	.004713
0.465	.754006	.004529
0.47	.756591	.004693
0.475	.760659	.004530
0.48	.762889	.004559
0.485	.766709	.004341
0.49	.769174	.004324
0.495	.773118	.004160
0.5	.775421	.004157
0.505	.779187	.004087
0.51	.781257	.004061
0.515	.784820	.004021
0.52	.786532	.004117
0.525	.790110	.004138
0.53	.791859	.004263
0.535	.795143	.004337
0.54	.796852	.004416
0.545	.799992	.004386
0.55	.801514	.004500
0.555	.804637	.004443
0.56	.806493	.004558
0.565	.810023	.004503
0.57	.811930	.004554
0.575	.815317	.004458
0.58	.817118	.004466
0.585	.820113	.004412
0.59	.821600	.004428
0.595	.824242	.004389
0.6	.825365	.004372
0.605	.827711	.004368
0.61	.828598	.004360
0.615	.830665	.004372
0.62	.831307	.004404
0.625	.833384	.004505
0.63	.834007	.004563
0.635	.835765	.004613
0.64	.836398	.004616
0.645	.838070	.004718
0.65	.838775	.004705
0.655	.840613	.004794
0.66	.841281	.004885
0.665	.843218	.004976
0.67	.844097	.005046
0.675	.846087	.005111
0.68	.846675	.005109
0.685	.848422	.005040
0.69	.848814	.005014
0.695	.850202	.004886
0.7	.850320	.004848
0.705	.851695	.004765
0.71	.852044	.004778
0.715	.853236	.004804
0.72	.853544	.004924
0.725	.854791	.004960
0.73	.854795	.005027
0.735	.855943	.005098
0.74	.856088	.005157
0.745	.857252	.005155
0.75	.857361	.005344
0.755	.858665	.005361
0.76	.858385	.005296
0.765	.859174	.005351
0.77	.859109	.005324
0.775	.859839	.005105
0.78	.859319	.005171
0.785	.860384	.005183
0.79	.860175	.005133
0.795	.860833	.005184
0.8	.860574	.005306
0.805	.861148	.005228
0.81	.860989	.005326
0.815	.861373	.005282
0.82	.860955	.005267
0.825	.861492	.005249
0.83	.861210	.005314
0.835	.861728	.005279
0.84	.861341	.005330
0.845	.861980	.005397
0.85	.861664	.005421
0.855	.862228	.005356
0.86	.861212	.005281
0.865	.861948	.005289
0.87	.862016	.005728
0.875	.862516	.005714
0.88	.861825	.005815
0.885	.863045	.005973
0.89	.863111	.007495
0.895	.862973	.008071
0.89815	.863462	.000000
0.89831	.862935	.000000
0.89846	.862630	.000000
0.89862	.861888	.000000
0.89878	.861573	.000000
0.89893	.862041	.000000
0.89909	.861356	.000000
0.89924	.861307	.000000
0.8994	.862108	.000000
0.89956	.862433	.000000
0.89971	.862084	.000000
0.89987	.862154	.000000
0.90002	.862358	.000000
0.90018	.861034	.000000
0.90034	.860741	.000000
0.90049	.862176	.000000
0.90065	.862545	.000000
0.90081	.862105	.000000
0.90096	.861738	.000000
0.90112	.860702	.000000
0.90128	.859891	.000000
0.90143	.860581	.000000
0.90159	.861672	.000000
0.90175	.862029	.000000
0.9019	.861230	.000000
0.90206	.860191	.000000
0.90222	.861230	.000000
0.90237	.862358	.000000
0.90253	.862084	.000000
0.90269	.860700	.000000
0.90284	.860406	.000000
0.903	.861269	.000000
0.90316	.861761	.000000
0.90332	.861500	.000000
0.90347	.861468	.000000
0.90363	.861626	.000000
0.90379	.860918	.000000
0.90395	.860924	.000000
0.9041	.861227	.000000
0.90426	.860620	.000000
0.90442	.860110	.000000
0.90458	.860214	.000000
0.90474	.860221	.000000
0.90489	.860202	.000000
0.90505	.860055	.000000
0.90521	.860377	.000000
0.90537	.860317	.000000
0.90553	.860608	.000000
0.90568	.861092	.000000
0.90584	.861027	.000000
0.906	.860193	.000000
0.90616	.859932	.000000
0.90632	.860330	.000000
0.90648	.861030	.000000
0.90663	.861901	.000000
0.90679	.861257	.000000
0.90695	.860361	.000000
0.90711	.860464	.000000
0.90727	.860952	.000000
0.90743	.861122	.000000
0.90759	.860560	.000000
0.90774	.860509	.000000
0.9079	.860860	.000000
0.90806	.861294	.000000
0.90822	.861333	.000000
0.90838	.861491	.000000
0.90854	.861903	.000000
0.9087	.861688	.000000
0.90886	.861491	.000000
0.90902	.861417	.000000
0.90918	.861284	.000000
0.90934	.860808	.000000
0.9095	.860557	.000000
0.90966	.860232	.000000
0.90982	.860565	.000000
0.90998	.861495	.000000
0.91013	.861076	.000000
0.91029	.860191	.000000
0.91045	.860558	.000000
0.91061	.861007	.000000
0.91077	.860457	.000000
0.91093	.860372	.000000
0.91109	.860745	.000000
0.91125	.860519	.000000
0.91141	.860541	.000000
0.91158	.860251	.000000
0.91174	.859943	.000000
0.9119	.859285	.000000
0.91206	.859648	.000000
0.91222	.860558	.000000
0.91238	.860557	.000000
0.91254	.860393	.000000
0.9127	.859922	.000000
0.91286	.858916	.000000
0.91302	.858882	.000000
0.91318	.858976	.000000
0.91334	.859331	.000000
0.9135	.859721	.000000
0.91366	.859625	.000000
0.91382	.859680	.000000
0.91399	.859354	.000000
0.91415	.858996	.000000
0.91431	.859028	.000000
0.91447	.859131	.000000
0.91463	.859280	.000000
0.91479	.859462	.000000
0.91495	.859844	.000000
0.91511	.860404	.000000
0.91528	.860487	.000000
0.91544	.860330	.000000
0.9156	.859959	.000000
0.91576	.859915	.000000
0.91592	.860005	.000000
0.91608	.860095	.000000
0.91625	.859877	.000000
0.91641	.859735	.000000
0.91657	.859771	.000000
0.91673	.859104	.000000
0.91689	.858726	.000000
0.91706	.859242	.000000
0.91722	.859620	.000000
0.91738	.859805	.000000
0.91754	.859097	.000000
0.91771	.858646	.000000
0.91787	.858506	.000000
0.91803	.858795	.000000
0.91819	.859395	.000000
0.91836	.860218	.000000
0.91852	.860205	.000000
0.91868	.859627	.000000
0.91884	.859230	.000000
0.91901	.859203	.000000
0.91917	.858918	.000000
0.91933	.859193	.000000
0.9195	.859218	.000000
0.91966	.858902	.000000
0.91982	.858531	.000000
0.91999	.858671	.000000
0.92015	.858703	.000000
0.92031	.858221	.000000
0.92048	.858873	.000000
0.92064	.859061	.000000
0.9208	.859015	.000000
0.92097	.858943	.000000
0.92113	.858865	.000000
0.92129	.859202	.000000
0.92146	.859718	.000000
0.92162	.860003	.000000
0.92179	.859496	.000000
0.92195	.858435	.000000
0.92211	.858476	.000000
0.92228	.858503	.000000
0.92244	.858682	.000000
0.92261	.858866	.000000
0.92277	.858407	.000000
0.92293	.858664	.000000
0.9231	.859097	.000000
0.92326	.859358	.000000
0.92343	.858998	.000000
0.92359	.858987	.000000
0.92376	.858570	.000000
0.92392	.858249	.000000
0.92409	.858403	.000000
0.92425	.858682	.000000
0.92441	.858583	.000000
0.92458	.858270	.000000
0.92474	.858067	.000000
0.92491	.858278	.000000
0.92507	.858292	.000000
0.92524	.858029	.000000
0.9254	.858059	.000000
0.92557	.857857	.000000
0.92574	.858519	.000000
0.9259	.859306	.000000
0.92607	.859333	.000000
0.92623	.858943	.000000
0.9264	.857831	.000000
0.92656	.857029	.000000
0.92673	.857389	.000000
0.92689	.857980	.000000
0.92706	.858141	.000000
0.92723	.858237	.000000
0.92739	.858233	.000000
0.92756	.857918	.000000
0.92772	.858168	.000000
0.92789	.858588	.000000
0.92805	.858295	.000000
0.92822	.857928	.000000
0.92839	.858434	.000000
0.92855	.858522	.000000
0.92872	.858340	.000000
0.92889	.858678	.000000
0.92905	.858228	.000000
0.92922	.857403	.000000
0.92939	.857366	.000000
0.92955	.858043	.000000
0.92972	.858363	.000000
0.92989	.858359	.000000
0.93005	.857446	.000000
0.93022	.857350	.000000
0.93039	.858347	.000000
0.93055	.858536	.000000
0.93072	.858129	.000000
0.93089	.858139	.000000
0.93105	.858230	.000000
0.93122	.858111	.000000
0.93139	.857678	.000000
0.93156	.857730	.000000
0.93172	.857918	.000000
0.93189	.858100	.000000
0.93206	.857880	.000000
0.93223	.857646	.000000
0.93239	.857864	.000000
0.93256	.857678	.000000
0.93273	.857939	.000000
0.9329	.858638	.000000
0.93307	.858746	.000000
0.93323	.858662	.000000
0.9334	.858237	.000000
0.93357	.857785	.000000
0.93374	.858201	.000000
0.93391	.858636	.000000
0.93407	.858336	.000000
0.93424	.857930	.000000
0.93441	.857918	.000000
0.93458	.857976	.000000
0.93475	.857439	.000000
0.93492	.857114	.000000
0.93508	.857096	.000000
0.93525	.857393	.000000
0.93542	.857293	.000000
0.93559	.857506	.000000
0.93576	.857549	.000000
0.93593	.857630	.000000
0.9361	.857689	.000000
0.93627	.857291	.000000
0.93644	.857006	.000000
0.93661	.856829	.000000
0.93677	.856593	.000000
0.93694	.857082	.000000
0.93711	.857577	.000000
0.93728	.857511	.000000
0.93745	.857309	.000000
0.93762	.857655	.000000
0.93779	.857368	.000000
0.93796	.856898	.000000
0.93813	.857299	.000000
0.9383	.857517	.000000
0.93847	.857465	.000000
0.93864	.857322	.000000
0.93881	.856846	.000000
0.93898	.856571	.000000
0.93915	.856412	.000000
0.93932	.856366	.000000
0.93949	.856524	.000000
0.93966	.857001	.000000
0.93983	.857174	.000000
0.94	.857458	.000000
0.94017	.857361	.000000
0.94034	.856584	.000000
0.94051	.856355	.000000
0.94068	.856098	.000000
0.94085	.855889	.000000
0.94102	.855919	.000000
0.9412	.855871	.000000
0.94137	.856112	.000000
0.94154	.856919	.000000
0.94171	.856767	.000000
0.94188	.856112	.000000
0.94205	.855889	.000000
0.94222	.856467	.000000
0.94239	.856972	.000000
0.94256	.856078	.000000
0.94274	.855777	.000000
0.94291	.856265	.000000
0.94308	.856461	.000000
0.94325	.856321	.000000
0.94342	.856751	.000000
0.94359	.856926	.000000
0.94377	.856845	.000000
0.94394	.855791	.000000
0.94411	.855211	.000000
0.94428	.855983	.000000
0.94445	.856153	.000000
0.94463	.855970	.000000
0.9448	.856039	.000000
0.94497	.856121	.000000
0.94514	.856254	.000000
0.94531	.856531	.000000
0.94549	.856383	.000000
0.94566	.856082	.000000
0.94583	.856424	.000000
0.946	.856460	.000000
0.94618	.856529	.000000
0.94635	.856431	.000000
0.94652	.856082	.000000
0.94669	.856249	.000000
0.94687	.856323	.000000
0.94704	.856178	.000000
0.94721	.856339	.000000
0.94739	.856524	.000000
0.94756	.856022	.000000
0.94773	.856233	.000000
0.94791	.856540	.000000
0.94808	.856435	.000000
0.94825	.856178	.000000
0.94843	.855745	.000000
0.9486	.855603	.000000
0.94877	.855871	.000000
0.94895	.855873	.000000
0.94912	.855607	.000000
0.94929	.855644	.000000
0.94947	.855867	.000000
0.94964	.856543	.000000
0.94982	.856043	.000000
0.94999	.855527	.000000
0.95016	.855869	.000000
0.95034	.856130	.000000
0.95051	.856346	.000000
0.95069	.856242	.000000
0.95086	.855974	.000000
0.95104	.856249	.000000
0.95121	.856371	.000000
0.95139	.855694	.000000
0.95156	.855438	.000000
0.95173	.855919	.000000
0.95191	.856406	.000000
0.95208	.856247	.000000
0.95226	.855644	.000000
0.95243	.855853	.000000
0.95261	.855933	.000000
0.95278	.855429	.000000
0.95296	.855685	.000000
0.95313	.856277	.000000
0.95331	.856015	.000000
0.95348	.856142	.000000
0.95366	.855873	.000000
0.95384	.855399	.000000
0.95401	.855855	.000000
0.95419	.856328	.000000
0.95436	.855642	.000000
0.95454	.855247	.000000
0.95471	.855431	.000000
0.95489	.855729	.000000
0.95507	.855603	.000000
0.95524	.855605	.000000
0.95542	.855518	.000000
0.95559	.855030	.000000
0.95577	.855025	.000000
0.95595	.855412	.000000
0.95612	.855644	.000000
0.9563	.855772	.000000
0.95647	.855532	.000000
0.95665	.855236	.000000
0.95683	.855220	.000000
0.957	.855514	.000000
0.95718	.854979	.000000
0.95736	.855181	.000000
0.95753	.855548	.000000
0.95771	.855506	.000000
0.95789	.855658	.000000
0.95807	.855699	.000000
0.95824	.855360	.000000
0.95842	.855344	.000000
0.9586	.855380	.000000
0.95877	.855491	.000000
0.95895	.855553	.000000
0.95913	.855353	.000000
0.95931	.855133	.000000
0.95948	.855326	.000000
0.95966	.855706	.000000
0.95984	.855422	.000000
0.96002	.854759	.000000
0.96019	.854947	.000000
0.96037	.855282	.000000
0.96055	.855277	.000000
0.96073	.855337	.000000
0.96091	.855220	.000000
0.96108	.854711	.000000
0.96126	.854571	.000000
0.96144	.854986	.000000
0.96162	.855014	.000000
0.9618	.855525	.000000
0.96198	.855536	.000000
0.96215	.855355	.000000
0.96233	.855371	.000000
0.96251	.855156	.000000
0.96269	.854573	.000000
0.96287	.854780	.000000
0.96305	.855069	.000000
0.96323	.855165	.000000
0.96341	.855149	.000000
0.96359	.854702	.000000
0.96376	.854626	.000000
0.96394	.855117	.000000
0.96412	.855277	.000000
0.9643	.855216	.000000
0.96448	.855197	.000000
0.96466	.854848	.000000
0.96484	.854830	.000000
0.96502	.854628	.000000
0.9652	.854401	.000000
0.96538	.855004	.000000
0.96556	.855197	.000000
0.96574	.854722	.000000
0.96592	.854778	.000000
0.9661	.855041	.000000
0.96628	.854982	.000000
0.96646	.854897	.000000
0.96664	.854567	.000000
0.96682	.854229	.000000
0.967	.854303	.000000
0.96718	.854376	.000000
0.96736	.854516	.000000
0.96754	.854757	.000000
0.96772	.854594	.000000
0.9679	.854610	.000000
0.96808	.855282	.000000
0.96826	.855016	.000000
0.96844	.854839	.000000
0.96863	.854801	.000000
0.96881	.854849	.000000
0.96899	.854534	.000000
0.96917	.854073	.000000
0.96935	.854658	.000000
0.96953	.855165	.000000
0.96971	.854970	.000000
0.96989	.854968	.000000
0.97008	.854713	.000000
0.97026	.854427	.000000
0.97044	.854585	.000000
0.97062	.854958	.000000
0.9708	.854819	.000000
0.97098	.854746	.000000
0.97117	.854881	.000000
0.97135	.854709	.000000
0.97153	.854466	.000000
0.97171	.854103	.000000
0.97189	.853815	.000000
0.97208	.854262	.000000
0.97226	.854734	.000000
0.97244	.854507	.000000
0.97262	.854101	.000000
0.97281	.854142	.000000
0.97299	.854349	.000000
0.97317	.854211	.000000
0.97335	.853980	.000000
0.97354	.854076	.000000
0.97372	.854392	.000000
0.9739	.854654	.000000
0.97409	.854716	.000000
0.97427	.854154	.000000
0.97445	.854087	.000000
0.97463	.854459	.000000
0.97482	.854250	.000000
0.975	.854278	.000000
0.97518	.854585	.000000
0.97537	.854385	.000000
0.97555	.854454	.000000
0.97573	.854408	.000000
0.97592	.854491	.000000
0.9761	.854644	.000000
0.97629	.854495	.000000
0.97647	.853881	.000000
0.97665	.853799	.000000
0.97684	.854422	.000000
0.97702	.854743	.000000
0.97721	.854276	.000000
0.97739	.853853	.000000
0.97757	.854002	.000000
0.97776	.854058	.000000
0.97794	.853842	.000000
0.97813	.854055	.000000
0.97831	.853915	.000000
0.9785	.853812	.000000
0.97868	.854028	.000000
0.97887	.853925	.000000
0.97905	.853776	.000000
0.97924	.853920	.000000
0.97942	.853741	.000000
0.97961	.853668	.000000
0.97979	.854007	.000000
0.97998	.854475	.000000
0.98016	.854282	.000000
0.98035	.853991	.000000
0.98053	.853948	.000000
0.98072	.853984	.000000
0.9809	.853906	.000000
0.98109	.854012	.000000
0.98127	.854000	.000000
0.98146	.854016	.000000
0.98165	.854175	.000000
0.98183	.854143	.000000
0.98202	.853782	.000000
0.9822	.853789	.000000
0.98239	.854147	.000000
0.98258	.854310	.000000
0.98276	.854030	.000000
0.98295	.853764	.000000
0.98314	.853773	.000000
0.98332	.853831	.000000
0.98351	.853611	.000000
0.9837	.853503	.000000
0.98388	.853812	.000000
0.98407	.853916	.000000
0.98426	.854195	.000000
0.98444	.853941	.000000
0.98463	.853721	.000000
0.98482	.853384	.000000
0.985	.852874	.000000
0.98519	.853214	.000000
0.98538	.853517	.000000
0.98557	.853876	.000000
0.98575	.853762	.000000
0.98594	.853296	.000000
0.98613	.853363	.000000
0.98632	.853796	.000000
0.9865	.853814	.000000
0.98669	.853551	.000000
0.98688	.853461	.000000
0.98707	.853368	.000000
0.98725	.853411	.000000
0.98744	.853439	.000000
0.98763	.853744	.000000
0.98782	.853670	.000000
0.98801	.853400	.000000
0.98819	.853544	.000000
0.98838	.853478	.000000
0.98857	.853296	.000000
0.98876	.853562	.000000
0.98895	.853718	.000000
0.98914	.853610	.000000
0.98933	.853528	.000000
0.98952	.853161	.000000
0.9897	.853122	.000000
0.98989	.853576	.000000
0.99008	.853922	.000000
0.99027	.853948	.000000
0.99046	.853581	.000000
0.99065	.853452	.000000
0.99084	.853581	.000000
0.99103	.853844	.000000
0.99122	.853984	.000000
0.99141	.853961	.000000
0.9916	.853794	.000000
0.99179	.853368	.000000
0.99198	.853262	.000000
0.99217	.853374	.000000
0.99236	.853253	.000000
0.99255	.852941	.000000
0.99274	.852929	.000000
0.99293	.853110	.000000
0.99312	.853363	.000000
0.99331	.853601	.000000
0.9935	.853698	.000000
0.99369	.853556	.000000
0.99388	.853501	.000000
0.99407	.853053	.000000
0.99426	.852833	.000000
0.99445	.852955	.000000
0.99464	.853086	.000000
0.99483	.853345	.000000
0.99502	.853579	.000000
0.99521	.853491	.000000
0.9954	.853402	.000000
0.9956	.853200	.000000
0.99579	.852875	.000000
0.99598	.853221	.000000
0.99617	.853450	.000000
0.99636	.853301	.000000
0.99655	.852780	.000000
0.99674	.852734	.000000
0.99694	.852998	.000000
0.99713	.853186	.000000
0.99732	.853110	.000000
0.99751	.853067	.000000
0.9977	.853258	.000000
0.99789	.852883	.000000
0.99809	.852654	.000000
0.99828	.853149	.000000
0.99847	.853377	.000000
0.99866	.853368	.000000
0.99886	.853429	.000000
0.99905	.853211	.000000
0.99924	.853258	.000000
0.99943	.853273	.000000
0.99963	.852875	.000000
0.99982	.852886	.000000
1.00001	.853225	.000000
1.0002	.852897	.000000
1.0004	.852898	.000000
1.00059	.853164	.000000
1.00078	.853365	.000000
1.00098	.853553	.000000
1.00117	.853445	.000000
1.00136	.853335	.000000
1.00156	.853198	.000000
1.00175	.853296	.000000
1.00194	.853415	.000000
1.00214	.853457	.000000
1.00233	.853459	.000000
1.00253	.853308	.000000
1.00272	.853053	.000000
1.00291	.853067	.000000
1.00311	.853031	.000000
1.0033	.852893	.000000
1.0035	.852755	.000000
1.00369	.852923	.000000
1.00388	.852854	.000000
1.00408	.852812	.000000
1.00427	.852964	.000000
1.00447	.852982	.000000
1.00466	.852796	.000000
1.00486	.852913	.000000
1.00505	.853076	.000000
1.00525	.853042	.000000
1.00544	.852893	.000000
1.00564	.852870	.000000
1.00583	.853095	.000000
1.00603	.853200	.000000
1.00622	.853319	.000000
1.00642	.853363	.000000
1.00661	.853388	.000000
1.00681	.853462	.000000
1.007	.853425	.000000
1.0072	.853085	.000000
1.0074	.853003	.000000
1.00759	.853097	.000000
1.00779	.853120	.000000
1.00798	.853255	.000000
1.00818	.853090	.000000
1.00837	.853244	.000000
1.00857	.853117	.000000
1.00877	.853225	.000000
1.00896	.853461	.000000
1.00916	.853230	.000000
1.00936	.853195	.000000
1.00955	.853349	.000000
1.00975	.853058	.000000
1.00995	.852758	.000000
1.01014	.852833	.000000
1.01034	.852980	.000000
1.01054	.853017	.000000
1.01073	.852902	.000000
1.01093	.852884	.000000
1.01113	.852668	.000000
1.01133	.852883	.000000
1.01152	.853074	.000000
1.01172	.852982	.000000
1.01192	.852973	.000000
1.01211	.852922	.000000
1.01231	.852767	.000000
1.01251	.852670	.000000
1.01271	.852870	.000000
1.01291	.852957	.000000
1.0131	.853145	.000000
1.0133	.853542	.000000
1.0135	.853409	.000000
1.0137	.852987	.000000
1.0139	.853076	.000000
1.01409	.853086	.000000
1.01429	.852964	.000000
1.01449	.852749	.000000
1.01469	.852670	.000000
1.01489	.852812	.000000
1.01509	.852645	.000000
1.01529	.852801	.000000
1.01548	.853308	.000000
1.01568	.853344	.000000
1.01588	.853157	.000000
1.01608	.853024	.000000
1.01628	.852828	.000000
1.01648	.852792	.000000
1.01668	.852765	.000000
1.01688	.852696	.000000
1.01708	.853063	.000000
1.01728	.853180	.000000
1.01748	.852895	.000000
1.01768	.853081	.000000
1.01788	.853070	.000000
1.01808	.853124	.000000
1.01828	.853164	.000000
1.01848	.852767	.000000
1.01868	.852806	.000000
1.01888	.852987	.000000
1.01908	.852897	.000000
1.01928	.853065	.000000
1.01948	.853219	.000000
1.01968	.853209	.000000
1.01988	.853159	.000000
1.02008	.853189	.000000
1.02028	.853200	.000000
1.02048	.853241	.000000
1.02068	.853145	.000000
1.02088	.852801	.000000
1.02108	.852757	.000000
1.02129	.853055	.000000
1.02149	.853124	.000000
1.02169	.852875	.000000
1.02189	.853042	.000000
1.02209	.853149	.000000
1.02229	.853058	.000000
1.02249	.852998	.000000
1.0227	.853271	.000000
1.0229	.853443	.000000
1.0231	.853239	.000000
1.0233	.853113	.000000
1.0235	.852937	.000000
1.02371	.853035	.000000
1.02391	.852913	.000000
1.02411	.852973	.000000
1.02431	.853023	.000000
1.02451	.852953	.000000
1.02472	.852955	.000000
1.02492	.852900	.000000
1.02512	.853058	.000000
1.02532	.852978	.000000
1.02553	.852941	.000000
1.02573	.853040	.000000
1.02593	.853269	.000000
1.02614	.853244	.000000
1.02634	.852907	.000000
1.02654	.852969	.000000
1.02675	.853141	.000000
1.02695	.853099	.000000
1.02715	.853003	.000000
1.02736	.852888	.000000
1.02756	.852787	.000000
1.02776	.852968	.000000
1.02797	.853037	.000000
1.02817	.852975	.000000
1.02838	.853008	.000000
1.02858	.852888	.000000
1.02878	.852934	.000000
1.02899	.853184	.000000
1.02919	.853342	.000000
1.0294	.853255	.000000
1.0296	.853092	.000000
1.02981	.853127	.000000
1.03001	.852984	.000000
1.03021	.852836	.000000
1.03042	.852838	.000000
1.03062	.852840	.000000
1.03083	.852732	.000000
1.03103	.853072	.000000
1.03124	.853223	.000000
1.03144	.853214	.000000
1.03165	.853258	.000000
1.03185	.853358	.000000
1.03206	.853404	.000000
1.03227	.853154	.000000
1.03247	.852771	.000000
1.03268	.852927	.000000
1.03288	.853406	.000000
1.03309	.853361	.000000
1.03329	.853188	.000000
1.0335	.853207	.000000
1.03371	.853322	.000000
1.03391	.853255	.000000
1.03412	.853046	.000000
1.03432	.853150	.000000
1.03453	.853347	.000000
1.03474	.853322	.000000
1.03494	.853418	.000000
1.03515	.853693	.000000
1.03536	.854049	.000000
1.03556	.854085	.000000
1.03577	.853833	.000000
1.03598	.853526	.000000
1.03619	.853473	.000000
1.03639	.853480	.000000
1.0366	.853352	.000000
1.03681	.853407	.000000
1.03701	.853610	.000000
1.03722	.853493	.000000
1.03743	.853397	.000000
1.03764	.853425	.000000
1.03784	.853358	.000000
1.03805	.853429	.000000
1.03826	.853872	.000000
1.03847	.853897	.000000
1.03868	.853496	.000000
1.03888	.853246	.000000
1.03909	.853454	.000000
1.0393	.853494	.000000
1.03951	.853425	.000000
1.03972	.853374	.000000
1.03993	.853434	.000000
1.04013	.853443	.000000
1.04034	.853287	.000000
1.04055	.853337	.000000
1.04076	.853548	.000000
1.04097	.853571	.000000
1.04118	.853510	.000000
1.04139	.853587	.000000
1.0416	.853610	.000000
1.04181	.853700	.000000
1.04202	.853782	.000000
1.04223	.853567	.000000
1.04244	.853319	.000000
1.04264	.853225	.000000
1.04285	.853436	.000000
1.04306	.853574	.000000
1.04327	.853455	.000000
1.04348	.853450	.000000
1.04369	.853753	.000000
1.0439	.853757	.000000
1.04411	.853611	.000000
1.04432	.853548	.000000
1.04454	.853487	.000000
1.04475	.853619	.000000
1.04496	.853739	.000000
1.04517	.853665	.000000
1.04538	.853817	.000000
1.04559	.854009	.000000
1.0458	.854188	.000000
1.04601	.854261	.000000
1.04622	.853948	.000000
1.04643	.853775	.000000
1.04664	.853670	.000000
1.04686	.853828	.000000
1.04707	.854037	.000000
1.04728	.854074	.000000
1.04749	.854049	.000000
1.0477	.853947	.000000
1.04791	.853888	.000000
1.04812	.853858	.000000
1.04834	.853869	.000000
1.04855	.853849	.000000
1.04876	.853837	.000000
1.04897	.853842	.000000
1.04919	.853885	.000000
1.0494	.854012	.000000
1.04961	.853975	.000000
1.04982	.853867	.000000
1.05004	.853995	.000000
1.05025	.853886	.000000
1.05046	.853631	.000000
1.05067	.853358	.000000
1.05089	.853537	.000000
1.0511	.854010	.000000
1.05131	.854269	.000000
1.05153	.854135	.000000
1.05174	.854191	.000000
1.05195	.854035	.000000
1.05217	.853803	.000000
1.05238	.853993	.000000
1.05259	.854188	.000000
1.05281	.853860	.000000
1.05302	.853647	.000000
1.05323	.853634	.000000
1.05345	.853950	.000000
1.05366	.854333	.000000
1.05388	.854241	.000000
1.05409	.853867	.000000
1.05431	.853748	.000000
1.05452	.853955	.000000
1.05473	.854120	.000000
1.05495	.854154	.000000
1.05516	.853989	.000000
1.05538	.853876	.000000
1.05559	.853785	.000000
1.05581	.853725	.000000
1.05602	.853932	.000000
1.05624	.854300	.000000
1.05645	.854374	.000000
1.05667	.854305	.000000
1.05688	.854268	.000000
1.0571	.854117	.000000
1.05732	.853989	.000000
1.05753	.853874	.000000
1.05775	.853927	.000000
1.05796	.854154	.000000
1.05818	.854351	.000000
1.05839	.854608	.000000
1.05861	.854502	.000000
1.05883	.854259	.000000
1.05904	.854266	.000000
1.05926	.854557	.000000
1.05948	.854589	.000000
1.05969	.854386	.000000
1.05991	.854042	.000000
1.06013	.854055	.000000
1.06034	.854319	.000000
1.06056	.854374	.000000
1.06078	.854213	.000000
1.06099	.854097	.000000
1.06121	.854312	.000000
1.06143	.854606	.000000
1.06165	.854651	.000000
1.06186	.854651	.000000
1.06208	.854652	.000000
1.0623	.854512	.000000
1.06252	.854597	.000000
1.06273	.854777	.000000
1.06295	.854731	.000000
1.06317	.854683	.000000
1.06339	.854597	.000000
1.06361	.854321	.000000
1.06382	.854319	.000000
1.06404	.854532	.000000
1.06426	.854535	.000000
1.06448	.854578	.000000
1.0647	.854578	.000000
1.06492	.854564	.000000
1.06514	.854546	.000000
1.06535	.854583	.000000
1.06557	.854691	.000000
1.06579	.854706	.000000
1.06601	.854796	.000000
1.06623	.854695	.000000
1.06645	.854651	.000000
1.06667	.854810	.000000
1.06689	.854832	.000000
1.06711	.854910	.000000
1.06733	.854982	.000000
1.06755	.854936	.000000
1.06777	.854672	.000000
1.06799	.854523	.000000
1.06821	.854755	.000000
1.06843	.854801	.000000
1.06865	.854805	.000000
1.06887	.854869	.000000
1.06909	.854881	.000000
1.06931	.854881	.000000
1.06953	.855105	.000000
1.06975	.855417	.000000
1.06997	.855365	.000000
1.07019	.855167	.000000
1.07041	.855016	.000000
1.07063	.854991	.000000
1.07085	.855085	.000000
1.07108	.855206	.000000
1.0713	.855170	.000000
1.07152	.855004	.000000
1.07174	.855016	.000000
1.07196	.855101	.000000
1.07218	.855286	.000000
1.07241	.855360	.000000
1.07263	.855321	.000000
1.07285	.855215	.000000
1.07307	.855083	.000000
1.07329	.855067	.000000
1.07352	.855138	.000000
1.07374	.855248	.000000
1.07396	.855163	.000000
1.07418	.854927	.000000
1.07441	.855021	.000000
1.07463	.855176	.000000
1.07485	.855114	.000000
1.07507	.855147	.000000
1.0753	.855231	.000000
1.07552	.855183	.000000
1.07574	.855209	.000000
1.07597	.855415	.000000
1.07619	.855557	.000000
1.07641	.855341	.000000
1.07664	.855147	.000000
1.07686	.855101	.000000
1.07708	.854991	.000000
1.07731	.855282	.000000
1.07753	.855413	.000000
1.07776	.855186	.000000
1.07798	.855250	.000000
1.0782	.855454	.000000
1.07843	.855364	.000000
1.07865	.855309	.000000
1.07888	.855227	.000000
1.0791	.855199	.000000
1.07933	.855305	.000000
1.07955	.855334	.000000
1.07978	.855360	.000000
1.08	.855426	.000000
1.08023	.855433	.000000
1.08045	.855381	.000000
1.08068	.855199	.000000
1.0809	.855186	.000000
1.08113	.855076	.000000
1.08135	.855140	.000000
1.08158	.855479	.000000
1.0818	.855631	.000000
1.08203	.855465	.000000
1.08225	.855422	.000000
1.08248	.855670	.000000
1.08271	.855917	.000000
1.08293	.855991	.000000
1.08316	.855720	.000000
1.08339	.855506	.000000
1.08361	.855679	.000000
1.08384	.855775	.000000
1.08406	.855818	.000000
1.08429	.855935	.000000
1.08452	.855929	.000000
1.08475	.855890	.000000
1.08497	.855807	.000000
1.0852	.855663	.000000
1.08543	.855798	.000000
1.08565	.855850	.000000
1.08588	.855665	.000000
1.08611	.855678	.000000
1.08634	.855887	.000000
1.08656	.856031	.000000
1.08679	.855835	.000000
1.08702	.855658	.000000
1.08725	.855683	.000000
1.08748	.855764	.000000
1.0877	.855803	.000000
1.08793	.855773	.000000
1.08816	.855717	.000000
1.08839	.855715	.000000
1.08862	.855924	.000000
1.08885	.855897	.000000
1.08907	.855670	.000000
1.0893	.855679	.000000
1.08953	.855566	.000000
1.08976	.855520	.000000
1.08999	.855720	.000000
1.09022	.855706	.000000
1.09045	.855724	.000000
1.09068	.855780	.000000
1.09091	.855864	.000000
1.09114	.856077	.000000
1.09137	.856023	.000000
1.0916	.856114	.000000
1.09183	.856050	.000000
1.09206	.855867	.000000
1.09229	.856148	.000000
1.09252	.856093	.000000
1.09275	.855913	.000000
1.09298	.856022	.000000
1.09321	.856000	.000000
1.09344	.855968	.000000
1.09367	.855988	.000000
1.0939	.855913	.000000
1.09413	.856016	.000000
1.09436	.855913	.000000
1.09459	.855731	.000000
1.09482	.855711	.000000
1.09505	.855858	.000000
1.09529	.855935	.000000
1.09552	.855782	.000000
1.09575	.855878	.000000
1.09598	.855922	.000000
1.09621	.855924	.000000
1.09644	.855965	.000000
1.09668	.856085	.000000
1.09691	.856135	.000000
1.09714	.856068	.000000
1.09737	.856224	.000000
1.0976	.856297	.000000
1.09784	.856190	.000000
1.09807	.856190	.000000
1.0983	.856375	.000000
1.09854	.856304	.000000
1.09877	.856160	.000000
1.099	.856034	.000000
1.09923	.856151	.000000
1.09947	.856330	.000000
1.0997	.856343	.000000
1.09993	.856341	.000000
1.10017	.856250	.000000
1.1004	.856075	.000000
1.10063	.856093	.000000
1.10087	.856421	.000000
1.1011	.856687	.000000
1.10134	.856520	.000000
1.10157	.856421	.000000
1.1018	.856451	.000000
1.10204	.856465	.000000
1.10227	.856575	.000000
1.10251	.856589	.000000
1.10274	.856582	.000000
1.10298	.856568	.000000
1.10321	.856422	.000000
1.10344	.856426	.000000
1.10368	.856641	.000000
1.10391	.856520	.000000
1.10415	.856456	.000000
1.10439	.856619	.000000
1.10462	.856664	.000000
1.10486	.856543	.000000
1.10509	.856431	.000000
1.10533	.856497	.000000
1.10556	.856447	.000000
1.1058	.856378	.000000
1.10603	.856618	.000000
1.10627	.856731	.000000
1.10651	.856694	.000000
1.10674	.856657	.000000
1.10698	.856616	.000000
1.10722	.856499	.000000
1.10745	.856391	.000000
1.10769	.856453	.000000
1.10792	.856476	.000000
1.10816	.856555	.000000
1.1084	.856782	.000000
1.10864	.856749	.000000
1.10887	.856626	.000000
1.10911	.856532	.000000
1.10935	.856594	.000000
1.10958	.856692	.000000
1.10982	.856651	.000000
1.11006	.856587	.000000
1.1103	.856424	.000000
1.11054	.856323	.000000
1.11077	.856545	.000000
1.11101	.856642	.000000
1.11125	.856634	.000000
1.11149	.856727	.000000
1.11173	.856814	.000000
1.11196	.856612	.000000
1.1122	.856548	.000000
1.11244	.856681	.000000
1.11268	.856770	.000000
1.11292	.856752	.000000
1.11316	.856845	.000000
1.1134	.856759	.000000
1.11364	.856472	.000000
1.11388	.856359	.000000
1.11411	.856664	.000000
1.11435	.856846	.000000
1.11459	.856772	.000000
1.11483	.856664	.000000
1.11507	.856701	.000000
1.11531	.856853	.000000
1.11555	.856848	.000000
1.11579	.856850	.000000
1.11603	.856960	.000000
1.11627	.856889	.000000
1.11651	.856892	.000000
1.11675	.857027	.000000
1.11699	.857072	.000000
1.11724	.857022	.000000
1.11748	.857002	.000000
1.11772	.856974	.000000
1.11796	.856861	.000000
1.1182	.856802	.000000
1.11844	.856905	.000000
1.11868	.856995	.000000
1.11892	.856994	.000000
1.11916	.856866	.000000
1.11941	.856731	.000000
1.11965	.856720	.000000
1.11989	.856853	.000000
1.12013	.857059	.000000
1.12037	.857109	.000000
1.12062	.856969	.000000
1.12086	.856871	.000000
1.1211	.856758	.000000
1.12134	.856772	.000000
1.12159	.856843	.000000
1.12183	.856955	.000000
1.12207	.857056	.000000
1.12231	.856978	.000000
1.12256	.856869	.000000
1.1228	.856800	.000000
1.12304	.856814	.000000
1.12329	.856855	.000000
1.12353	.857015	.000000
1.12377	.857190	.000000
1.12402	.857194	.000000
1.12426	.857088	.000000
1.12451	.857118	.000000
1.12475	.857002	.000000
1.12499	.856827	.000000
1.12524	.856908	.000000
1.12548	.857210	.000000
1.12573	.857213	.000000
1.12597	.857123	.000000
1.12621	.857008	.000000
1.12646	.857121	.000000
1.1267	.857215	.000000
1.12695	.857192	.000000
1.12719	.857208	.000000
1.12744	.857040	.000000
1.12768	.856969	.000000
1.12793	.856807	.000000
1.12818	.856857	.000000
1.12842	.857116	.000000
1.12867	.857260	.000000
1.12891	.857197	.000000
1.12916	.857158	.000000
1.1294	.857263	.000000
1.12965	.857398	.000000
1.1299	.857260	.000000
1.13014	.857134	.000000
1.13039	.857119	.000000
1.13064	.857217	.000000
1.13088	.857144	.000000
1.13113	.857130	.000000
1.13138	.857162	.000000
1.13162	.857403	.000000
1.13187	.857455	.000000
1.13212	.857260	.000000
1.13236	.857205	.000000
1.13261	.857268	.000000
1.13286	.857345	.000000
1.13311	.857382	.000000
1.13335	.857423	.000000
1.1336	.857336	.000000
1.13385	.857224	.000000
1.1341	.857210	.000000
1.13435	.857125	.000000
1.13459	.857050	.000000
1.13484	.857150	.000000
1.13509	.857394	.000000
1.13534	.857520	.000000
1.13559	.857566	.000000
1.13584	.857591	.000000
1.13609	.857462	.000000
1.13633	.857394	.000000
1.13658	.857396	.000000
1.13683	.857487	.000000
1.13708	.857490	.000000
1.13733	.857279	.000000
1.13758	.857267	.000000
1.13783	.857437	.000000
1.13808	.857483	.000000
1.13833	.857527	.000000
1.13858	.857515	.000000
1.13883	.857423	.000000
1.13908	.857416	.000000
1.13933	.857430	.000000
1.13958	.857437	.000000
1.13983	.857476	.000000
1.14008	.857419	.000000
1.14033	.857338	.000000
1.14058	.857467	.000000
1.14084	.857410	.000000
1.14109	.857410	.000000
1.14134	.857439	.000000
1.14159	.857302	.000000
1.14184	.857405	.000000
1.14209	.857529	.000000
1.14234	.857433	.000000
1.1426	.857458	.000000
1.14285	.857469	.000000
1.1431	.857375	.000000
1.14335	.857432	.000000
1.1436	.857522	.000000
1.14386	.857572	.000000
1.14411	.857597	.000000
1.14436	.857479	.000000
1.14461	.857426	.000000
1.14487	.857382	.000000
1.14512	.857529	.000000
1.14537	.857582	.000000
1.14562	.857531	.000000
1.14588	.857451	.000000
1.14613	.857543	.000000
1.14638	.857563	.000000
1.14664	.857442	.000000
1.14689	.857540	.000000
1.14715	.857634	.000000
1.1474	.857614	.000000
1.14765	.857699	.000000
1.14791	.857550	.000000
1.14816	.857407	.000000
1.14842	.857627	.000000
1.14867	.857728	.000000
1.14893	.857637	.000000
1.14918	.857710	.000000
1.14943	.857719	.000000
1.14969	.857652	.000000
1.14994	.857616	.000000
1.1502	.857673	.000000
1.15045	.857738	.000000
1.15071	.857664	.000000
1.15097	.857573	.000000
1.15122	.857605	.000000
1.15148	.857435	.000000
1.15173	.857435	.000000
1.15199	.857605	.000000
1.15224	.857655	.000000
1.1525	.857689	.000000
1.15276	.857683	.000000
1.15301	.857800	.000000
1.15327	.857838	.000000
1.15353	.857751	.000000
1.15378	.857753	.000000
1.15404	.857800	.000000
1.1543	.857699	.000000
1.15455	.857554	.000000
1.15481	.857593	.000000
1.15507	.857630	.000000
1.15533	.857758	.000000
1.15558	.857797	.000000
1.15584	.857721	.000000
1.1561	.857714	.000000
1.15636	.857636	.000000
1.15661	.857581	.000000
1.15687	.857448	.000000
1.15713	.857371	.000000
1.15739	.857440	.000000
1.15765	.857460	.000000
1.15791	.857483	.000000
1.15816	.857513	.000000
1.15842	.857611	.000000
1.15868	.857644	.000000
1.15894	.857609	.000000
1.1592	.857591	.000000
1.15946	.857474	.000000
1.15972	.857492	.000000
1.15998	.857593	.000000
1.16024	.857793	.000000
1.1605	.857864	.000000
1.16076	.857705	.000000
1.16102	.857632	.000000
1.16128	.857627	.000000
1.16154	.857731	.000000
1.1618	.857745	.000000
1.16206	.857701	.000000
1.16232	.857669	.000000
1.16258	.857549	.000000
1.16284	.857559	.000000
1.1631	.857593	.000000
1.16336	.857667	.000000
1.16362	.857593	.000000
1.16388	.857547	.000000
1.16415	.857721	.000000
1.16441	.857813	.000000
1.16467	.857678	.000000
1.16493	.857593	.000000
1.16519	.857621	.000000
1.16545	.857687	.000000
1.16572	.857863	.000000
1.16598	.858051	.000000
1.16624	.858045	.000000
1.1665	.857886	.000000
1.16676	.857671	.000000
1.16703	.857517	.000000
1.16729	.857579	.000000
1.16755	.857689	.000000
1.16782	.857664	.000000
1.16808	.857621	.000000
1.16834	.857588	.000000
1.16861	.857694	.000000
1.16887	.857772	.000000
1.16913	.857754	.000000
1.1694	.857701	.000000
1.16966	.857662	.000000
1.16992	.857699	.000000
1.17019	.857795	.000000
1.17045	.857836	.000000
1.17072	.857820	.000000
1.17098	.857776	.000000
1.17125	.857786	.000000
1.17151	.857797	.000000
1.17178	.857827	.000000
1.17204	.857834	.000000
1.1723	.857783	.000000
1.17257	.857698	.000000
1.17284	.857607	.000000
1.1731	.857717	.000000
1.17337	.857838	.000000
1.17363	.857818	.000000
1.1739	.857912	.000000
1.17416	.857948	.000000
1.17443	.857965	.000000
1.1747	.857985	.000000
1.17496	.857839	.000000
1.17523	.857808	.000000
1.17549	.857855	.000000
1.17576	.857818	.000000
1.17603	.857848	.000000
1.17629	.857949	.000000
1.17656	.858015	.000000
1.17683	.857923	.000000
1.1771	.857988	.000000
1.17736	.858134	.000000
1.17763	.858189	.000000
1.1779	.858217	.000000
1.17817	.858029	.000000
1.17843	.857847	.000000
1.1787	.857969	.000000
1.17897	.858166	.000000
1.17924	.858217	.000000
1.17951	.858123	.000000
1.17977	.858093	.000000
1.18004	.858106	.000000
1.18031	.858095	.000000
1.18058	.858038	.000000
1.18085	.857973	.000000
1.18112	.857962	.000000
1.18139	.858022	.000000
1.18166	.858120	.000000
1.18193	.858152	.000000
1.18219	.858168	.000000
1.18246	.858111	.000000
1.18273	.857944	.000000
1.183	.857873	.000000
1.18327	.858026	.000000
1.18354	.858168	.000000
1.18381	.858006	.000000
1.18408	.857933	.000000
1.18436	.858189	.000000
1.18463	.858269	.000000
1.1849	.858215	.000000
1.18517	.858153	.000000
1.18544	.858024	.000000
1.18571	.857969	.000000
1.18598	.857997	.000000
1.18625	.858020	.000000
1.18652	.858132	.000000
1.1868	.858290	.000000
1.18707	.858308	.000000
1.18734	.858348	.000000
1.18761	.858253	.000000
1.18788	.858067	.000000
1.18816	.857988	.000000
1.18843	.858022	.000000
1.1887	.858175	.000000
1.18897	.858286	.000000
1.18925	.858201	.000000
1.18952	.858113	.000000
1.18979	.858118	.000000
1.19006	.858146	.000000
1.19034	.858065	.000000
1.19061	.858024	.000000
1.19088	.858024	.000000
1.19116	.858054	.000000
1.19143	.858301	.000000
1.19171	.858407	.000000
1.19198	.858324	.000000
1.19225	.858361	.000000
1.19253	.858322	.000000
1.1928	.858201	.000000
1.19308	.858090	.000000
1.19335	.858084	.000000
1.19363	.858141	.000000
1.1939	.858285	.000000
1.19418	.858262	.000000
1.19445	.858116	.000000
1.19473	.858184	.000000
1.195	.858226	.000000
1.19528	.858182	.000000
1.19555	.858153	.000000
1.19583	.858196	.000000
1.1961	.858267	.000000
1.19638	.858127	.000000
1.19666	.858061	.000000
1.19693	.858201	.000000
1.19721	.858191	.000000
1.19749	.858148	.000000
1.19776	.858166	.000000
1.19804	.858125	.000000
1.19832	.858111	.000000
1.19859	.858187	.000000
1.19887	.858223	.000000
1.19915	.858171	.000000
1.19942	.858178	.000000
1.1997	.858308	.000000
1.19998	.858345	.000000
1.20026	.858334	.000000
1.20054	.858301	.000000
1.20081	.858402	.000000
1.20109	.858478	.000000
1.20137	.858416	.000000
1.20165	.858379	.000000
1.20193	.858302	.000000
1.20221	.858263	.000000
1.20248	.858249	.000000
1.20276	.858304	.000000
1.20304	.858405	.000000
1.20332	.858391	.000000
1.2036	.858260	.000000
1.20388	.858283	.000000
1.20416	.858301	.000000
1.20444	.858239	.000000
1.20472	.858228	.000000
1.205	.858270	.000000
1.20528	.858350	.000000
1.20556	.858391	.000000
1.20584	.858350	.000000
1.20612	.858357	.000000
1.2064	.858402	.000000
1.20668	.858428	.000000
1.20696	.858398	.000000
1.20724	.858354	.000000
1.20753	.858386	.000000
1.20781	.858301	.000000
1.20809	.858258	.000000
1.20837	.858338	.000000
1.20865	.858384	.000000
1.20893	.858302	.000000
1.20921	.858350	.000000
1.2095	.858613	.000000
1.20978	.858602	.000000
1.21006	.858490	.000000
1.21034	.858471	.000000
1.21063	.858480	.000000
1.21091	.858515	.000000
1.21119	.858531	.000000
1.21148	.858489	.000000
1.21176	.858380	.000000
1.21204	.858341	.000000
1.21233	.858311	.000000
1.21261	.858398	.000000
1.21289	.858616	.000000
1.21318	.858675	.000000
1.21346	.858639	.000000
1.21374	.858615	.000000
1.21403	.858583	.000000
1.21431	.858625	.000000
1.2146	.858623	.000000
1.21488	.858544	.000000
1.21517	.858361	.000000
1.21545	.858402	.000000
1.21574	.858521	.000000
1.21602	.858563	.000000
1.21631	.858549	.000000
1.21659	.858556	.000000
1.21688	.858634	.000000
1.21716	.858574	.000000
1.21745	.858464	.000000
1.21774	.858549	.000000
1.21802	.858670	.000000
1.21831	.858712	.000000
1.21859	.858716	.000000
1.21888	.858806	.000000
1.21917	.858776	.000000
1.21945	.858661	.000000
1.21974	.858563	.000000
1.22003	.858611	.000000
1.22031	.858654	.000000
1.2206	.858657	.000000
1.22089	.858615	.000000
1.22118	.858577	.000000
1.22146	.858561	.000000
1.22175	.858544	.000000
1.22204	.858579	.000000
1.22233	.858678	.000000
1.22262	.858611	.000000
1.2229	.858497	.000000
1.22319	.858529	.000000
1.22348	.858517	.000000
1.22377	.858478	.000000
1.22406	.858529	.000000
1.22435	.858497	.000000
1.22464	.858460	.000000
1.22493	.858607	.000000
1.22522	.858719	.000000
1.22551	.858625	.000000
1.2258	.858506	.000000
1.22609	.858496	.000000
1.22638	.858513	.000000
1.22667	.858579	.000000
1.22696	.858709	.000000
1.22725	.858744	.000000
1.22754	.858604	.000000
1.22783	.858558	.000000
1.22812	.858625	.000000
1.22841	.858662	.000000
1.2287	.858572	.000000
1.22899	.858576	.000000
1.22928	.858574	.000000
1.22958	.858563	.000000
1.22987	.858662	.000000
1.23016	.858696	.000000
1.23045	.858577	.000000
1.23074	.858480	.000000
1.23103	.858496	.000000
1.23133	.858602	.000000
1.23162	.858673	.000000
1.23191	.858652	.000000
1.23221	.858696	.000000
1.2325	.858739	.000000
1.23279	.858684	.000000
1.23308	.858714	.000000
1.23338	.858694	.000000
1.23367	.858616	.000000
1.23396	.858661	.000000
1.23426	.858696	.000000
1.23455	.858684	.000000
1.23485	.858664	.000000
1.23514	.858661	.000000
1.23543	.858657	.000000
1.23573	.858671	.000000
1.23602	.858576	.000000
1.23632	.858547	.000000
1.23661	.858682	.000000
1.23691	.858762	.000000
1.2372	.858778	.000000
1.2375	.858769	.000000
1.23779	.858776	.000000
1.23809	.858696	.000000
1.23839	.858529	.000000
1.23868	.858506	.000000
1.23898	.858630	.000000
1.23927	.858710	.000000
1.23957	.858696	.000000
1.23987	.858668	.000000
1.24016	.858691	.000000
1.24046	.858730	.000000
1.24076	.858646	.000000
1.24105	.858615	.000000
1.24135	.858776	.000000
1.24165	.858849	.000000
1.24195	.858781	.000000
1.24224	.858717	.000000
1.24254	.858755	.000000
1.24284	.858735	.000000
1.24314	.858643	.000000
1.24343	.858703	.000000
1.24373	.858714	.000000
1.24403	.858868	.000000
1.24433	.858937	.000000
1.24463	.858861	.000000
1.24493	.858758	.000000
1.24523	.858749	.000000
1.24553	.858849	.000000
1.24582	.858877	.000000
1.24612	.858824	.000000
1.24642	.858857	.000000
1.24672	.858966	.000000
1.24702	.858886	.000000
1.24732	.858783	.000000
1.24762	.858820	.000000
1.24792	.858875	.000000
1.24822	.858918	.000000
1.24852	.858881	.000000
1.24883	.858829	.000000
1.24913	.858843	.000000
1.24943	.858815	.000000
1.24973	.858818	.000000
1.25003	.858856	.000000
1.25033	.858822	.000000
1.25063	.858834	.000000
1.25093	.858877	.000000
1.25124	.858891	.000000
1.25154	.858879	.000000
1.25184	.858758	.000000
1.25214	.858709	.000000
1.25245	.858859	.000000
1.25275	.858983	.000000
1.25305	.858969	.000000
1.25335	.858882	.000000
1.25366	.858833	.000000
1.25396	.858909	.000000
1.25426	.858912	.000000
1.25457	.858902	.000000
1.25487	.858902	.000000
1.25517	.858852	.000000
1.25548	.858870	.000000
1.25578	.858907	.000000
1.25609	.858966	.000000
1.25639	.859026	.000000
1.2567	.858962	.000000
1.257	.858957	.000000
1.25731	.858962	.000000
1.25761	.858856	.000000
1.25792	.858921	.000000
1.25822	.859054	.000000
1.25853	.859070	.000000
1.25883	.858925	.000000
1.25914	.858879	.000000
1.25944	.858872	.000000
1.25975	.858850	.000000
1.26005	.858891	.000000
1.26036	.858866	.000000
1.26067	.858838	.000000
1.26097	.858998	.000000
1.26128	.859099	.000000
1.26159	.859189	.000000
1.2619	.859116	.000000
1.2622	.858991	.000000
1.26251	.858920	.000000
1.26282	.859026	.000000
1.26312	.859077	.000000
1.26343	.859037	.000000
1.26374	.858973	.000000
1.26405	.858937	.000000
1.26436	.858898	.000000
1.26467	.858991	.000000
1.26497	.859081	.000000
1.26528	.859001	.000000
1.26559	.858975	.000000
1.2659	.858960	.000000
1.26621	.859038	.000000
1.26652	.859164	.000000
1.26683	.859257	.000000
1.26714	.859294	.000000
1.26745	.859210	.000000
1.26776	.859122	.000000
1.26807	.859054	.000000
1.26838	.859111	.000000
1.26869	.859232	.000000
1.269	.859274	.000000
1.26931	.859148	.000000
1.26962	.859155	.000000
1.26993	.859281	.000000
1.27024	.859269	.000000
1.27055	.859221	.000000
1.27086	.859214	.000000
1.27118	.859219	.000000
1.27149	.859306	.000000
1.2718	.859301	.000000
1.27211	.859170	.000000
1.27242	.859083	.000000
1.27274	.859100	.000000
1.27305	.859232	.000000
1.27336	.859230	.000000
1.27367	.859155	.000000
1.27399	.859090	.000000
1.2743	.859116	.000000
1.27461	.859218	.000000
1.27493	.859205	.000000
1.27524	.859081	.000000
1.27555	.859124	.000000
1.27587	.859210	.000000
1.27618	.859349	.000000
1.2765	.859338	.000000
1.27681	.859290	.000000
1.27713	.859356	.000000
1.27744	.859338	.000000
1.27776	.859216	.000000
1.27807	.859218	.000000
1.27839	.859342	.000000
1.2787	.859319	.000000
1.27902	.859194	.000000
1.27933	.859111	.000000
1.27965	.859163	.000000
1.27996	.859258	.000000
1.28028	.859297	.000000
1.2806	.859413	.000000
1.28091	.859402	.000000
1.28123	.859202	.000000
1.28155	.859194	.000000
1.28186	.859214	.000000
1.28218	.859138	.000000
1.2825	.859228	.000000
1.28281	.859327	.000000
1.28313	.859317	.000000
1.28345	.859335	.000000
1.28377	.859388	.000000
1.28408	.859421	.000000
1.2844	.859411	.000000
1.28472	.859374	.000000
1.28504	.859382	.000000
1.28536	.859304	.000000
1.28568	.859175	.000000
1.286	.859196	.000000
1.28631	.859280	.000000
1.28663	.859333	.000000
1.28695	.859432	.000000
1.28727	.859347	.000000
1.28759	.859264	.000000
1.28791	.859406	.000000
1.28823	.859432	.000000
1.28855	.859395	.000000
1.28887	.859379	.000000
1.28919	.859312	.000000
1.28951	.859331	.000000
1.28983	.859280	.000000
1.29016	.859267	.000000
1.29048	.859352	.000000
1.2908	.859457	.000000
1.29112	.859335	.000000
1.29144	.859354	.000000
1.29176	.859359	.000000
1.29208	.859225	.000000
1.29241	.859299	.000000
1.29273	.859439	.000000
1.29305	.859531	.000000
1.29337	.859569	.000000
1.2937	.859519	.000000
1.29402	.859500	.000000
1.29434	.859469	.000000
1.29467	.859384	.000000
1.29499	.859382	.000000
1.29531	.859363	.000000
1.29564	.859366	.000000
1.29596	.859379	.000000
1.29628	.859345	.000000
1.29661	.859384	.000000
1.29693	.859471	.000000
1.29726	.859460	.000000
1.29758	.859473	.000000
1.29791	.859386	.000000
1.29823	.859404	.000000
1.29856	.859546	.000000
1.29888	.859531	.000000
1.29921	.859480	.000000
1.29953	.859563	.000000
1.29986	.859631	.000000
1.30018	.859579	.000000
1.30051	.859531	.000000
1.30084	.859485	.000000
1.30116	.859414	.000000
1.30149	.859411	.000000
1.30182	.859466	.000000
1.30214	.859624	.000000
1.30247	.859638	.000000
1.3028	.859608	.000000
1.30313	.859524	.000000
1.30345	.859551	.000000
1.30378	.859594	.000000
1.30411	.859601	.000000
1.30444	.859643	.000000
1.30477	.859609	.000000
1.30509	.859546	.000000
1.30542	.859531	.000000
1.30575	.859611	.000000
1.30608	.859709	.000000
1.30641	.859714	.000000
1.30674	.859728	.000000
1.30707	.859684	.000000
1.3074	.859618	.000000
1.30773	.859562	.000000
1.30806	.859551	.000000
1.30839	.859627	.000000
1.30872	.859746	.000000
1.30905	.859769	.000000
1.30938	.859766	.000000
1.30971	.859767	.000000
1.31004	.859727	.000000
1.31037	.859652	.000000
1.3107	.859606	.000000
1.31103	.859606	.000000
1.31137	.859570	.000000
1.3117	.859668	.000000
1.31203	.859742	.000000
1.31236	.859686	.000000
1.31269	.859608	.000000
1.31303	.859647	.000000
1.31336	.859688	.000000
1.31369	.859542	.000000
1.31402	.859512	.000000
1.31436	.859466	.000000
1.31469	.859484	.000000
1.31502	.859482	.000000
1.31536	.859586	.000000
1.31569	.859734	.000000
1.31603	.859785	.000000
1.31636	.859741	.000000
1.31669	.859785	.000000
1.31703	.859881	.000000
1.31736	.859860	.000000
1.3177	.859755	.000000
1.31803	.859691	.000000
1.31837	.859716	.000000
1.3187	.859773	.000000
1.31904	.859721	.000000
1.31937	.859746	.000000
1.31971	.859824	.000000
1.32005	.859831	.000000
1.32038	.859805	.000000
1.32072	.859806	.000000
1.32106	.859758	.000000
1.32139	.859774	.000000
1.32173	.859766	.000000
1.32207	.859663	.000000
1.3224	.859695	.000000
1.32274	.859776	.000000
1.32308	.859742	.000000
1.32342	.859703	.000000
1.32375	.859769	.000000
1.32409	.859792	.000000
1.32443	.859783	.000000
1.32477	.859771	.000000
1.32511	.859776	.000000
1.32545	.859781	.000000
1.32578	.859821	.000000
1.32612	.859863	.000000
1.32646	.859815	.000000
1.3268	.859799	.000000
1.32714	.859817	.000000
1.32748	.859822	.000000
1.32782	.859819	.000000
1.32816	.859718	.000000
1.3285	.859734	.000000
1.32884	.859831	.000000
1.32918	.859875	.000000
1.32952	.859822	.000000
1.32986	.859778	.000000
1.33021	.859806	.000000
1.33055	.859849	.000000
1.33089	.859803	.000000
1.33123	.859785	.000000
1.33157	.859831	.000000
1.33191	.859774	.000000
1.33226	.859762	.000000
1.3326	.859819	.000000
1.33294	.859868	.000000
1.33328	.859854	.000000
1.33363	.859741	.000000
1.33397	.859785	.000000
1.33431	.859891	.000000
1.33466	.859923	.000000
1.335	.859851	.000000
1.33535	.859826	.000000
1.33569	.859845	.000000
1.33603	.859826	.000000
1.33638	.859954	.000000
1.33672	.859973	.000000
1.33707	.859781	.000000
1.33741	.859744	.000000
1.33776	.859838	.000000
1.3381	.859865	.000000
1.33845	.859847	.000000
1.33879	.859792	.000000
1.33914	.859762	.000000
1.33948	.859787	.000000
1.33983	.859790	.000000
1.34018	.859836	.000000
1.34052	.859920	.000000
1.34087	.859969	.000000
1.34122	.860023	.000000
1.34156	.859964	.000000
1.34191	.859858	.000000
1.34226	.859794	.000000
1.34261	.859858	.000000
1.34295	.859806	.000000
1.3433	.859771	.000000
1.34365	.859792	.000000
1.344	.859881	.000000
1.34435	.859845	.000000
1.3447	.859801	.000000
1.34504	.859778	.000000
1.34539	.859766	.000000
1.34574	.859868	.000000
1.34609	.859875	.000000
1.34644	.859810	.000000
1.34679	.859842	.000000
1.34714	.859945	.000000
1.34749	.859934	.000000
1.34784	.859805	.000000
1.34819	.859766	.000000
1.34854	.859836	.000000
1.34889	.859849	.000000
1.34925	.859771	.000000
1.3496	.859803	.000000
1.34995	.859867	.000000
1.3503	.859781	.000000
1.35065	.859766	.000000
1.351	.859778	.000000
1.35135	.859757	.000000
1.35171	.859773	.000000
1.35206	.859764	.000000
1.35241	.859719	.000000
1.35277	.859734	.000000
1.35312	.859737	.000000
1.35347	.859657	.000000
1.35383	.859652	.000000
1.35418	.859664	.000000
1.35453	.859624	.000000
1.35489	.859716	.000000
1.35524	.859771	.000000
1.35559	.859719	.000000
1.35595	.859757	.000000
1.3563	.859707	.000000
1.35666	.859645	.000000
1.35701	.859656	.000000
1.35737	.859721	.000000
1.35772	.859790	.000000
1.35808	.859751	.000000
1.35844	.859652	.000000
1.35879	.859672	.000000
1.35915	.859741	.000000
1.3595	.859709	.000000
1.35986	.859673	.000000
1.36022	.859620	.000000
1.36057	.859617	.000000
1.36093	.859629	.000000
1.36129	.859679	.000000
1.36165	.859725	.000000
1.362	.859712	.000000
1.36236	.859599	.000000
1.36272	.859537	.000000
1.36308	.859586	.000000
1.36344	.859586	.000000
1.3638	.859519	.000000
1.36415	.859507	.000000
1.36451	.859496	.000000
1.36487	.859528	.000000
1.36523	.859503	.000000
1.36559	.859368	.000000
1.36595	.859260	.000000
1.36631	.859244	.000000
1.36667	.859306	.000000
1.36703	.859304	.000000
1.36739	.859228	.000000
1.36775	.859177	.000000
1.36811	.859145	.000000
1.36848	.859097	.000000
1.36884	.859021	.000000
1.3692	.859014	.000000
1.36956	.859008	.000000
1.36992	.859014	.000000
1.37028	.859058	.000000
1.37065	.859049	.000000
1.37101	.859022	.000000
1.37137	.859065	.000000
1.37173	.858953	.000000
1.3721	.858838	.000000
1.37246	.858834	.000000
1.37282	.858889	.000000
1.37319	.858948	.000000
1.37355	.858911	.000000
1.37391	.858834	.000000
1.37428	.858771	.000000
1.37464	.858756	.000000
1.37501	.858817	.000000
1.37537	.858863	.000000
1.37574	.858849	.000000
1.3761	.858788	.000000
1.37647	.858719	.000000
1.37683	.858748	.000000
1.3772	.858771	.000000
1.37757	.858703	.000000
1.37793	.858616	.000000
1.3783	.858618	.000000
1.37866	.858636	.000000
1.37903	.858668	.000000
1.3794	.858584	.000000
1.37976	.858535	.000000
1.38013	.858510	.000000
1.3805	.858421	.000000
1.38087	.858379	.000000
1.38124	.858434	.000000
1.3816	.858510	.000000
1.38197	.858535	.000000
1.38234	.858471	.000000
1.38271	.858386	.000000
1.38308	.858419	.000000
1.38345	.858292	.000000
1.38382	.858148	.000000
1.38419	.858230	.000000
1.38455	.858260	.000000
1.38492	.858215	.000000
1.38529	.858111	.000000
1.38566	.858091	.000000
1.38604	.858107	.000000
1.38641	.858196	.000000
1.38678	.858233	.000000
1.38715	.858192	.000000
1.38752	.858148	.000000
1.38789	.858120	.000000
1.38826	.858012	.000000
1.38863	.857907	.000000
1.38901	.857910	.000000
1.38938	.857871	.000000
1.38975	.857838	.000000
1.39012	.857855	.000000
1.3905	.857813	.000000
1.39087	.857809	.000000
1.39124	.857756	.000000
1.39162	.857776	.000000
1.39199	.857790	.000000
1.39236	.857800	.000000
1.39274	.857763	.000000
1.39311	.857722	.000000
1.39349	.857724	.000000
1.39386	.857650	.000000
1.39423	.857559	.000000
1.39461	.857597	.000000
1.39499	.857620	.000000
1.39536	.857566	.000000
1.39574	.857483	.000000
1.39611	.857448	.000000
1.39649	.857423	.000000
1.39686	.857391	.000000
1.39724	.857403	.000000
1.39762	.857401	.000000
1.39799	.857323	.000000
1.39837	.857318	.000000
1.39875	.857231	.000000
1.39913	.857128	.000000
1.3995	.857178	.000000
1.39988	.857192	.000000
1.40026	.857050	.000000
1.40064	.857006	.000000
1.40102	.857008	.000000
1.4014	.856978	.000000
1.40177	.856965	.000000
1.40215	.856905	.000000
1.40253	.856816	.000000
1.40291	.856809	.000000
1.40329	.856806	.000000
1.40367	.856758	.000000
1.40405	.856678	.000000
1.40443	.856658	.000000
1.40481	.856649	.000000
1.40519	.856648	.000000
1.40557	.856616	.000000
1.40596	.856522	.000000
1.40634	.856461	.000000
1.40672	.856371	.000000
1.4071	.856343	.000000
1.40748	.856327	.000000
1.40786	.856302	.000000
1.40825	.856222	.000000
1.40863	.856148	.000000
1.40901	.856178	.000000
1.40939	.856135	.000000
1.40978	.856089	.000000
1.41016	.856140	.000000
1.41055	.856121	.000000
1.41093	.856046	.000000
1.41131	.856114	.000000
1.4117	.856062	.000000
1.41208	.855949	.000000
1.41247	.855976	.000000
1.41285	.855988	.000000
1.41324	.855940	.000000
1.41362	.855942	.000000
1.41401	.856004	.000000
1.41439	.855995	.000000
1.41478	.855942	.000000
1.41517	.855949	.000000
1.41555	.855954	.000000
1.41594	.855961	.000000
1.41632	.855960	.000000
1.41671	.855935	.000000
1.4171	.856036	.000000
1.41749	.856119	.000000
1.41787	.856151	.000000
1.41826	.856165	.000000
1.41865	.856164	.000000
1.41904	.856178	.000000
1.41943	.856203	.000000
1.41982	.856220	.000000
1.4202	.856268	.000000
1.42059	.856289	.000000
1.42098	.856385	.000000
1.42137	.856469	.000000
1.42176	.856486	.000000
1.42215	.856385	.000000
1.42254	.856376	.000000
1.42293	.856479	.000000
1.42332	.856495	.000000
1.42371	.856476	.000000
1.42411	.856470	.000000
1.4245	.856564	.000000
1.42489	.856618	.000000
1.42528	.856596	.000000
1.42567	.856717	.000000
1.42606	.856836	.000000
1.42646	.856880	.000000
1.42685	.856830	.000000
1.42724	.856845	.000000
1.42763	.856924	.000000
1.42803	.856986	.000000
1.42842	.857070	.000000
1.42881	.857102	.000000
1.42921	.857107	.000000
1.4296	.857121	.000000
1.43	.857222	.000000
1.43039	.857318	.000000
1.43079	.857373	.000000
1.43118	.857378	.000000
1.43158	.857380	.000000
1.43197	.857387	.000000
1.43237	.857495	.000000
1.43276	.857589	.000000
1.43316	.857694	.000000
1.43356	.857815	.000000
1.43395	.857873	.000000
1.43435	.857864	.000000
1.43475	.857848	.000000
1.43514	.857852	.000000
1.43554	.857765	.000000
1.43594	.857859	.000000
1.43634	.857981	.000000
1.43673	.858017	.000000
1.43713	.858036	.000000
1.43753	.858051	.000000
1.43793	.858079	.000000
1.43833	.858104	.000000
1.43873	.858233	.000000
1.43913	.858292	.000000
1.43953	.858308	.000000
1.43993	.858336	.000000
1.44033	.858395	.000000
1.44073	.858380	.000000
1.44113	.858294	.000000
1.44153	.858302	.000000
1.44193	.858476	.000000
1.44233	.858556	.000000
1.44273	.858567	.000000
1.44313	.858687	.000000
1.44353	.858691	.000000
1.44394	.858724	.000000
1.44434	.858767	.000000
1.44474	.858762	.000000
1.44514	.858806	.000000
1.44555	.858831	.000000
1.44595	.858803	.000000
1.44635	.858810	.000000
1.44676	.858810	.000000
1.44716	.858806	.000000
1.44756	.858925	.000000
1.44797	.859045	.000000
1.44837	.859044	.000000
1.44878	.859053	.000000
1.44918	.859095	.000000
1.44959	.859125	.000000
1.44999	.859152	.000000
1.4504	.859150	.000000
1.4508	.859116	.000000
1.45121	.859122	.000000
1.45162	.859143	.000000
1.45202	.859269	.000000
1.45243	.859333	.000000
1.45284	.859315	.000000
1.45324	.859274	.000000
1.45365	.859274	.000000
1.45406	.859340	.000000
1.45447	.859338	.000000
1.45488	.859370	.000000
1.45528	.859382	.000000
1.45569	.859331	.000000
1.4561	.859386	.000000
1.45651	.859356	.000000
1.45692	.859315	.000000
1.45733	.859384	.000000
1.45774	.859455	.000000
1.45815	.859492	.000000
1.45856	.859505	.000000
1.45897	.859455	.000000
1.45938	.859466	.000000
1.45979	.859539	.000000
1.4602	.859585	.000000
1.46061	.859549	.000000
1.46102	.859476	.000000
1.46144	.859411	.000000
1.46185	.859406	.000000
1.46226	.859452	.000000
1.46267	.859514	.000000
1.46309	.859560	.000000
1.4635	.859599	.000000
1.46391	.859546	.000000
1.46433	.859539	.000000
1.46474	.859576	.000000
1.46515	.859648	.000000
1.46557	.859714	.000000
1.46598	.859650	.000000
1.4664	.859629	.000000
1.46681	.859645	.000000
1.46723	.859670	.000000
1.46764	.859725	.000000
1.46806	.859716	.000000
1.46847	.859721	.000000
1.46889	.859695	.000000
1.46931	.859640	.000000
1.46972	.859711	.000000
1.47014	.859907	.000000
1.47056	.859858	.000000
1.47097	.859774	.000000
1.47139	.859849	.000000
1.47181	.859899	.000000
1.47223	.859906	.000000
1.47264	.859959	.000000
1.47306	.860065	.000000
1.47348	.860138	.000000
1.4739	.860150	.000000
1.47432	.860138	.000000
1.47474	.860117	.000000
1.47516	.860122	.000000
1.47558	.860095	.000000
1.476	.860104	.000000
1.47642	.860149	.000000
1.47684	.860106	.000000
1.47726	.860145	.000000
1.47768	.860173	.000000
1.4781	.860198	.000000
1.47852	.860246	.000000
1.47894	.860287	.000000
1.47937	.860283	.000000
1.47979	.860250	.000000
1.48021	.860244	.000000
1.48063	.860276	.000000
1.48106	.860349	.000000
1.48148	.860434	.000000
1.4819	.860489	.000000
1.48233	.860463	.000000
1.48275	.860390	.000000
1.48318	.860376	.000000
1.4836	.860372	.000000
1.48402	.860397	.000000
1.48445	.860471	.000000
1.48487	.860493	.000000
1.4853	.860487	.000000
1.48573	.860502	.000000
1.48615	.860574	.000000
1.48658	.860578	.000000
1.487	.860585	.000000
1.48743	.860663	.000000
1.48786	.860666	.000000
1.48828	.860681	.000000
1.48871	.860737	.000000
1.48914	.860741	.000000
1.48957	.860739	.000000
1.49	.860668	.000000
1.49042	.860627	.000000
1.49085	.860704	.000000
1.49128	.860727	.000000
1.49171	.860711	.000000
1.49214	.860714	.000000
1.49257	.860764	.000000
1.493	.860837	.000000
1.49343	.860872	.000000
1.49386	.860821	.000000
1.49429	.860869	.000000
1.49472	.860886	.000000
1.49515	.860860	.000000
1.49558	.860863	.000000
1.49601	.860883	.000000
1.49645	.860904	.000000
1.49688	.860927	.000000
1.49731	.860915	.000000
1.49774	.860913	.000000
1.49818	.860968	.000000
1.49861	.861037	.000000
1.49904	.861078	.000000
1.49948	.861069	.000000
1.49991	.861051	.000000
1.50034	.861042	.000000
1.50078	.861113	.000000
1.50121	.861179	.000000
1.50165	.861158	.000000
1.50208	.861135	.000000
1.50252	.861181	.000000
1.50295	.861216	.000000
1.50339	.861232	.000000
1.50382	.861202	.000000
1.50426	.861133	.000000
1.5047	.861174	.000000
1.50513	.861264	.000000
1.50557	.861298	.000000
1.50601	.861282	.000000
1.50645	.861294	.000000
1.50688	.861348	.000000
1.50732	.861362	.000000
1.50776	.861355	.000000
1.5082	.861355	.000000
1.50864	.861335	.000000
1.50908	.861408	.000000
1.50952	.861456	.000000
1.50996	.861387	.000000
1.5104	.861305	.000000
1.51084	.861335	.000000
1.51128	.861452	.000000
1.51172	.861587	.000000
1.51216	.861569	.000000
1.5126	.861481	.000000
1.51304	.861559	.000000
1.51348	.861599	.000000
1.51392	.861504	.000000
1.51437	.861479	.000000
1.51481	.861514	.000000
1.51525	.861594	.000000
1.51569	.861610	.000000
1.51614	.861562	.000000
1.51658	.861569	.000000
1.51702	.861569	.000000
1.51747	.861578	.000000
1.51791	.861534	.000000
1.51836	.861562	.000000
1.5188	.861677	.000000
1.51925	.861748	.000000
1.51969	.861757	.000000
1.52014	.861729	.000000
1.52058	.861695	.000000
1.52103	.861702	.000000
1.52148	.861709	.000000
1.52192	.861745	.000000
1.52237	.861739	.000000
1.52282	.861747	.000000
1.52326	.861784	.000000
1.52371	.861750	.000000
1.52416	.861775	.000000
1.52461	.861791	.000000
1.52506	.861731	.000000
1.52551	.861747	.000000
1.52595	.861888	.000000
1.5264	.861929	.000000
1.52685	.861846	.000000
1.5273	.861798	.000000
1.52775	.861771	.000000
1.5282	.861771	.000000
1.52865	.861846	.000000
1.5291	.861867	.000000
1.52956	.861911	.000000
1.53001	.861975	.000000
1.53046	.861929	.000000
1.53091	.861936	.000000
1.53136	.862043	.000000
1.53182	.861984	.000000
1.53227	.861988	.000000
1.53272	.862036	.000000
1.53317	.861975	.000000
1.53363	.861991	.000000
1.53408	.862029	.000000
1.53454	.862053	.000000
1.53499	.862046	.000000
1.53544	.861982	.000000
1.5359	.861990	.000000
1.53635	.862045	.000000
1.53681	.862057	.000000
1.53727	.862057	.000000
1.53772	.862115	.000000
1.53818	.862064	.000000
1.53863	.861951	.000000
1.53909	.862004	.000000
1.53955	.862119	.000000
1.54	.862133	.000000
1.54046	.862115	.000000
1.54092	.862108	.000000
1.54138	.862149	.000000
1.54184	.862163	.000000
1.5423	.862108	.000000
1.54275	.862176	.000000
1.54321	.862199	.000000
1.54367	.862114	.000000
1.54413	.862121	.000000
1.54459	.862217	.000000
1.54505	.862197	.000000
1.54551	.862165	.000000
1.54597	.862133	.000000
1.54644	.862178	.000000
1.5469	.862183	.000000
1.54736	.862167	.000000
1.54782	.862162	.000000
1.54828	.862151	.000000
1.54875	.862197	.000000
1.54921	.862199	.000000
1.54967	.862181	.000000
1.55013	.862193	.000000
1.5506	.862197	.000000
1.55106	.862179	.000000
1.55153	.862259	.000000
1.55199	.862341	.000000
1.55245	.862319	.000000
1.55292	.862270	.000000
1.55339	.862277	.000000
1.55385	.862266	.000000
1.55432	.862248	.000000
1.55478	.862263	.000000
1.55525	.862295	.000000
1.55572	.862289	.000000
1.55618	.862298	.000000
1.55665	.862339	.000000
1.55712	.862353	.000000
1.55759	.862399	.000000
1.55805	.862403	.000000
1.55852	.862330	.000000
1.55899	.862323	.000000
1.55946	.862291	.000000
1.55993	.862263	.000000
1.5604	.862280	.000000
1.56087	.862357	.000000
1.56134	.862396	.000000
1.56181	.862440	.000000
1.56228	.862428	.000000
1.56275	.862435	.000000
1.56322	.862447	.000000
1.56369	.862491	.000000
1.56416	.862483	.000000
1.56464	.862413	.000000
1.56511	.862385	.000000
1.56558	.862380	.000000
1.56605	.862438	.000000
1.56653	.862477	.000000
1.567	.862413	.000000
1.56747	.862396	.000000
1.56795	.862474	.000000
1.56842	.862495	.000000
1.5689	.862413	.000000
1.56937	.862486	.000000
1.56985	.862578	.000000
1.57032	.862561	.000000
1.5708	.862511	.000000
1.57127	.862543	.000000
1.57175	.862571	.000000
1.57223	.862561	.000000
1.5727	.862534	.000000
1.57318	.862577	.000000
1.57366	.862662	.000000
1.57414	.862642	.000000
1.57461	.862562	.000000
1.57509	.862520	.000000
1.57557	.862539	.000000
1.57605	.862573	.000000
1.57653	.862571	.000000
1.57701	.862600	.000000
1.57749	.862596	.000000
1.57797	.862639	.000000
1.57845	.862646	.000000
1.57893	.862596	.000000
1.57941	.862534	.000000
1.57989	.862538	.000000
1.58037	.862578	.000000
1.58086	.862633	.000000
1.58134	.862649	.000000
1.58182	.862672	.000000
1.5823	.862603	.000000
1.58279	.862538	.000000
1.58327	.862610	.000000
1.58375	.862681	.000000
1.58424	.862669	.000000
1.58472	.862649	.000000
1.58521	.862658	.000000
1.58569	.862731	.000000
1.58618	.862729	.000000
1.58666	.862701	.000000
1.58715	.862695	.000000
1.58763	.862640	.000000
1.58812	.862708	.000000
1.58861	.862734	.000000
1.58909	.862692	.000000
1.58958	.862708	.000000
1.59007	.862632	.000000
1.59055	.862584	.000000
1.59104	.862596	.000000
1.59153	.862651	.000000
1.59202	.862722	.000000
1.59251	.862779	.000000
1.593	.862830	.000000
1.59349	.862825	.000000
1.59398	.862789	.000000
1.59447	.862754	.000000
1.59496	.862694	.000000
1.59545	.862656	.000000
1.59594	.862708	.000000
1.59643	.862756	.000000
1.59692	.862763	.000000
1.59742	.862752	.000000
1.59791	.862740	.000000
1.5984	.862768	.000000
1.59889	.862738	.000000
1.59939	.862718	.000000
1.59988	.862756	.000000
1.60037	.862789	.000000
1.60087	.862804	.000000
1.60136	.862898	.000000
1.60186	.862984	.000000
1.60235	.862940	.000000
1.60285	.862800	.000000
1.60334	.862702	.000000
1.60384	.862756	.000000
1.60434	.862791	.000000
1.60483	.862765	.000000
1.60533	.862791	.000000
1.60583	.862809	.000000
1.60632	.862809	.000000
1.60682	.862816	.000000
1.60732	.862853	.000000
1.60782	.862878	.000000
1.60832	.862839	.000000
1.60882	.862844	.000000
1.60932	.862905	.000000
1.60981	.862883	.000000
1.61031	.862887	.000000
1.61082	.862954	.000000
1.61132	.862984	.000000
1.61182	.862929	.000000
1.61232	.862933	.000000
1.61282	.862992	.000000
1.61332	.862984	.000000
1.61382	.862935	.000000
1.61433	.862882	.000000
1.61483	.862898	.000000
1.61533	.862899	.000000
1.61584	.862901	.000000
1.61634	.862953	.000000
1.61684	.862967	.000000
1.61735	.862963	.000000
1.61785	.862967	.000000
1.61836	.863011	.000000
1.61886	.863055	.000000
1.61937	.863096	.000000
1.61987	.863029	.000000
1.62038	.862956	.000000
1.62089	.862940	.000000
1.62139	.862921	.000000
1.6219	.862924	.000000
1.62241	.863009	.000000
1.62292	.863025	.000000
1.62342	.863009	.000000
1.62393	.863032	.000000
1.62444	.863050	.000000
1.62495	.863032	.000000
1.62546	.862979	.000000
1.62597	.862954	.000000
1.62648	.863052	.000000
1.62699	.863103	.000000
1.6275	.863100	.000000
1.62801	.863041	.000000
1.62852	.863011	.000000
1.62904	.863063	.000000
1.62955	.863080	.000000
1.63006	.862995	.000000
1.63057	.862949	.000000
1.63109	.863020	.000000
1.6316	.863031	.000000
1.63211	.862979	.000000
1.63263	.862960	.000000
1.63314	.863016	.000000
1.63365	.863004	.000000
1.63417	.863016	.000000
1.63468	.863063	.000000
1.6352	.863082	.000000
1.63572	.863116	.000000
1.63623	.863130	.000000
1.63675	.863075	.000000
1.63727	.863070	.000000
1.63778	.863130	.000000
1.6383	.863093	.000000
1.63882	.863064	.000000
1.63934	.863054	.000000
1.63985	.863048	.000000
1.64037	.863158	.000000
1.64089	.863165	.000000
1.64141	.863064	.000000
1.64193	.862995	.000000
1.64245	.863041	.000000
1.64297	.863078	.000000
1.64349	.863045	.000000
1.64401	.863048	.000000
1.64454	.863080	.000000
1.64506	.863084	.000000
1.64558	.863063	.000000
1.6461	.862999	.000000
1.64663	.863032	.000000
1.64715	.863036	.000000
1.64767	.863008	.000000
1.6482	.862977	.000000
1.64872	.863036	.000000
1.64924	.863132	.000000
1.64977	.863121	.000000
1.65029	.863047	.000000
1.65082	.863022	.000000
1.65135	.862992	.000000
1.65187	.863032	.000000
1.6524	.863103	.000000
1.65292	.863070	.000000
1.65345	.863064	.000000
1.65398	.863109	.000000
1.65451	.863123	.000000
1.65504	.863087	.000000
1.65556	.863057	.000000
1.65609	.863047	.000000
1.65662	.863077	.000000
1.65715	.863078	.000000
1.65768	.863103	.000000
1.65821	.863119	.000000
1.65874	.863059	.000000
1.65927	.863004	.000000
1.6598	.863018	.000000
1.66034	.863022	.000000
1.66087	.863087	.000000
1.6614	.863105	.000000
1.66193	.863063	.000000
1.66246	.863070	.000000
1.663	.863078	.000000
1.66353	.863052	.000000
1.66407	.863057	.000000
1.6646	.863057	.000000
1.66513	.863064	.000000
1.66567	.863116	.000000
1.6662	.863126	.000000
1.66674	.863096	.000000
1.66728	.863105	.000000
1.66781	.863105	.000000
1.66835	.863096	.000000
1.66889	.863133	.000000
1.66942	.863103	.000000
1.66996	.863082	.000000
1.6705	.863109	.000000
1.67104	.863087	.000000
1.67158	.863059	.000000
1.67212	.863080	.000000
1.67265	.863096	.000000
1.67319	.863117	.000000
1.67373	.863125	.000000
1.67428	.863139	.000000
1.67482	.863141	.000000
1.67536	.863059	.000000
1.6759	.863023	.000000
1.67644	.863050	.000000
1.67698	.863107	.000000
1.67753	.863164	.000000
1.67807	.863142	.000000
1.67861	.863132	.000000
1.67916	.863153	.000000
1.6797	.863160	.000000
1.68024	.863100	.000000
1.68079	.863070	.000000
1.68133	.863041	.000000
1.68188	.863071	.000000
1.68242	.863133	.000000
1.68297	.863148	.000000
1.68352	.863132	.000000
1.68406	.863137	.000000
1.68461	.863132	.000000
1.68516	.863077	.000000
1.68571	.863050	.000000
1.68625	.863031	.000000
1.6868	.863057	.000000
1.68735	.863123	.000000
1.6879	.863123	.000000
1.68845	.863100	.000000
1.689	.863063	.000000
1.68955	.863086	.000000
1.6901	.863158	.000000
1.69065	.863227	.000000
1.6912	.863178	.000000
1.69176	.863117	.000000
1.69231	.863091	.000000
1.69286	.863070	.000000
1.69341	.863098	.000000
1.69397	.863075	.000000
1.69452	.863009	.000000
1.69508	.862974	.000000
1.69563	.862929	.000000
1.69618	.862951	.000000
1.69674	.863013	.000000
1.69729	.863032	.000000
1.69785	.862999	.000000
1.69841	.862988	.000000
1.69896	.863018	.000000
1.69952	.863013	.000000
1.70008	.863016	.000000
1.70064	.862993	.000000
1.70119	.862990	.000000
1.70175	.862981	.000000
1.70231	.862912	.000000
1.70287	.862906	.000000
1.70343	.862974	.000000
1.70399	.862931	.000000
1.70455	.862898	.000000
1.70511	.862931	.000000
1.70567	.862969	.000000
1.70623	.862929	.000000
1.70679	.862906	.000000
1.70736	.862901	.000000
1.70792	.862836	.000000
1.70848	.862816	.000000
1.70904	.862860	.000000
1.70961	.862812	.000000
1.71017	.862809	.000000
1.71074	.862830	.000000
1.7113	.862860	.000000
1.71187	.862779	.000000
1.71243	.862720	.000000
1.713	.862749	.000000
1.71356	.862779	.000000
1.71413	.862781	.000000
1.7147	.862805	.000000
1.71526	.862836	.000000
1.71583	.862807	.000000
1.7164	.862729	.000000
1.71697	.862695	.000000
1.71754	.862676	.000000
1.7181	.862672	.000000
1.71867	.862711	.000000
1.71924	.862768	.000000
1.71981	.862782	.000000
1.72039	.862756	.000000
1.72096	.862766	.000000
1.72153	.862786	.000000
1.7221	.862750	.000000
1.72267	.862669	.000000
1.72324	.862649	.000000
1.72382	.862687	.000000
1.72439	.862681	.000000
1.72496	.862683	.000000
1.72554	.862653	.000000
1.72611	.862596	.000000
1.72669	.862624	.000000
1.72726	.862710	.000000
1.72784	.862718	.000000
1.72841	.862692	.000000
1.72899	.862731	.000000
1.72957	.862713	.000000
1.73014	.862740	.000000
1.73072	.862745	.000000
1.7313	.862718	.000000
1.73188	.862694	.000000
1.73246	.862672	.000000
1.73304	.862679	.000000
1.73362	.862687	.000000
1.7342	.862665	.000000
1.73478	.862674	.000000
1.73536	.862656	.000000
1.73594	.862630	.000000
1.73652	.862646	.000000
1.7371	.862676	.000000
1.73768	.862617	.000000
1.73827	.862632	.000000
1.73885	.862658	.000000
1.73943	.862649	.000000
1.74002	.862646	.000000
1.7406	.862635	.000000
1.74118	.862624	.000000
1.74177	.862621	.000000
1.74235	.862653	.000000
1.74294	.862710	.000000
1.74353	.862731	.000000
1.74411	.862690	.000000
1.7447	.862598	.000000
1.74529	.862538	.000000
1.74588	.862571	.000000
1.74646	.862578	.000000
1.74705	.862575	.000000
1.74764	.862610	.000000
1.74823	.862628	.000000
1.74882	.862607	.000000
1.74941	.862610	.000000
1.75	.862585	.000000
1.75059	.862639	.000000
1.75118	.862667	.000000
1.75177	.862571	.000000
1.75237	.862573	.000000
1.75296	.862619	.000000
1.75355	.862594	.000000
1.75414	.862536	.000000
1.75474	.862506	.000000
1.75533	.862507	.000000
1.75593	.862539	.000000
1.75652	.862536	.000000
1.75712	.862477	.000000
1.75771	.862454	.000000
1.75831	.862465	.000000
1.75891	.862445	.000000
1.7595	.862493	.000000
1.7601	.862538	.000000
1.7607	.862509	.000000
1.7613	.862486	.000000
1.76189	.862481	.000000
1.76249	.862511	.000000
1.76309	.862545	.000000
1.76369	.862507	.000000
1.76429	.862438	.000000
1.76489	.862405	.000000
1.76549	.862392	.000000
1.76609	.862366	.000000
1.7667	.862350	.000000
1.7673	.862401	.000000
1.7679	.862426	.000000
1.7685	.862381	.000000
1.76911	.862399	.000000
1.76971	.862401	.000000
1.77032	.862321	.000000
1.77092	.862323	.000000
1.77153	.862342	.000000
1.77213	.862390	.000000
1.77274	.862403	.000000
1.77334	.862369	.000000
1.77395	.862339	.000000
1.77456	.862360	.000000
1.77516	.862330	.000000
1.77577	.862325	.000000
1.77638	.862344	.000000
1.77699	.862295	.000000
1.7776	.862241	.000000
1.77821	.862287	.000000
1.77882	.862307	.000000
1.77943	.862291	.000000
1.78004	.862314	.000000
1.78065	.862323	.000000
1.78126	.862303	.000000
1.78188	.862266	.000000
1.78249	.862233	.000000
1.7831	.862195	.000000
1.78371	.862204	.000000
1.78433	.862231	.000000
1.78494	.862231	.000000
1.78556	.862248	.000000
1.78617	.862280	.000000
1.78679	.862273	.000000
1.7874	.862254	.000000
1.78802	.862204	.000000
1.78864	.862186	.000000
1.78925	.862190	.000000
1.78987	.862133	.000000
1.79049	.862082	.000000
1.79111	.862098	.000000
1.79173	.862094	.000000
1.79235	.862114	.000000
1.79297	.862139	.000000
1.79359	.862114	.000000
1.79421	.862098	.000000
1.79483	.862110	.000000
1.79545	.862154	.000000
1.79607	.862193	.000000
1.79669	.862224	.000000
1.79732	.862217	.000000
1.79794	.862139	.000000
1.79856	.862092	.000000
1.79919	.862105	.000000
1.79981	.862107	.000000
1.80044	.862112	.000000
1.80106	.862140	.000000
1.80169	.862146	.000000
1.80232	.862121	.000000
1.80294	.862151	.000000
1.80357	.862117	.000000
1.8042	.862066	.000000
1.80483	.862078	.000000
1.80545	.862105	.000000
1.80608	.862066	.000000
1.80671	.862066	.000000
1.80734	.862037	.000000
1.80797	.862011	.000000
1.8086	.862057	.000000
1.80923	.862064	.000000
1.80987	.861986	.000000
1.8105	.861958	.000000
1.81113	.862016	.000000
1.81176	.862096	.000000
1.8124	.862084	.000000
1.81303	.862053	.000000
1.81366	.862087	.000000
1.8143	.862080	.000000
1.81493	.862027	.000000
1.81557	.862002	.000000
1.81621	.862011	.000000
1.81684	.861966	.000000
1.81748	.861951	.000000
1.81812	.862004	.000000
1.81875	.862029	.000000
1.81939	.861984	.000000
1.82003	.861929	.000000
1.82067	.861942	.000000
1.82131	.861917	.000000
1.82195	.861885	.000000
1.82259	.861862	.000000
1.82323	.861853	.000000
1.82387	.861892	.000000
1.82451	.861940	.000000
1.82516	.861968	.000000
1.8258	.861959	.000000
1.82644	.861885	.000000
1.82709	.861853	.000000
1.82773	.861888	.000000
1.82837	.861901	.000000
1.82902	.861887	.000000
1.82966	.861853	.000000
1.83031	.861773	.000000
1.83096	.861750	.000000
1.8316	.861789	.000000
1.83225	.861778	.000000
1.8329	.861747	.000000
1.83355	.861715	.000000
1.8342	.861708	.000000
1.83484	.861718	.000000
1.83549	.861702	.000000
1.83614	.861688	.000000
1.83679	.861585	.000000
1.83745	.861571	.000000
1.8381	.861663	.000000
1.83875	.861653	.000000
1.8394	.861543	.000000
1.84005	.861559	.000000
1.84071	.861621	.000000
1.84136	.861578	.000000
1.84201	.861553	.000000
1.84267	.861582	.000000
1.84332	.861550	.000000
1.84398	.861512	.000000
1.84464	.861544	.000000
1.84529	.861592	.000000
1.84595	.861606	.000000
1.84661	.861557	.000000
1.84727	.861520	.000000
1.84792	.861566	.000000
1.84858	.861521	.000000
1.84924	.861505	.000000
1.8499	.861493	.000000
1.85056	.861470	.000000
1.85122	.861438	.000000
1.85188	.861422	.000000
1.85255	.861427	.000000
1.85321	.861452	.000000
1.85387	.861450	.000000
1.85453	.861422	.000000
1.8552	.861387	.000000
1.85586	.861367	.000000
1.85653	.861337	.000000
1.85719	.861369	.000000
1.85786	.861356	.000000
1.85852	.861317	.000000
1.85919	.861277	.000000
1.85986	.861232	.000000
1.86052	.861243	.000000
1.86119	.861278	.000000
1.86186	.861204	.000000
1.86253	.861105	.000000
1.8632	.861071	.000000
1.86387	.861000	.000000
1.86454	.860975	.000000
1.86521	.861009	.000000
1.86588	.860979	.000000
1.86655	.860893	.000000
1.86722	.860840	.000000
1.8679	.860817	.000000
1.86857	.860753	.000000
1.86924	.860684	.000000
1.86992	.860663	.000000
1.87059	.860636	.000000
1.87127	.860601	.000000
1.87194	.860470	.000000
1.87262	.860367	.000000
1.8733	.860370	.000000
1.87397	.860282	.000000
1.87465	.860149	.000000
1.87533	.860039	.000000
1.87601	.859897	.000000
1.87669	.859810	.000000
1.87736	.859767	.000000
1.87804	.859735	.000000
1.87873	.859648	.000000
1.87941	.859521	.000000
1.88009	.859340	.000000
1.88077	.859171	.000000
1.88145	.859026	.000000
1.88214	.858936	.000000
1.88282	.858829	.000000
1.8835	.858678	.000000
1.88419	.858503	.000000
1.88487	.858325	.000000
1.88556	.858145	.000000
1.88624	.858015	.000000
1.88693	.857859	.000000
1.88762	.857678	.000000
1.8883	.857495	.000000
1.88899	.857245	.000000
1.88968	.856928	.000000
1.89037	.856637	.000000
1.89106	.856312	.000000
1.89175	.855974	.000000
1.89244	.855608	.000000
1.89313	.855250	.000000
1.89382	.854917	.000000
1.89451	.854527	.000000
1.89521	.854041	.000000
1.8959	.853578	.000000
1.89659	.853189	.000000
1.89729	.852787	.000000
1.89798	.852382	.000000
1.89868	.851992	.000000
1.89937	.851536	.000000
1.90007	.851121	.000000
1.90077	.850786	.000000
1.90146	.850403	.000000
1.90216	.849922	.000000
1.90286	.849431	.000000
1.90356	.848917	.000000
1.90426	.848390	.000000
1.90496	.847895	.000000
1.90566	.847328	.000000
1.90636	.846741	.000000
1.90706	.846216	.000000
1.90776	.845730	.000000
1.90846	.845285	.000000
1.90916	.844926	.000000
1.90987	.844630	.000000
1.91057	.844426	.000000
1.91128	.844304	.000000
1.91198	.844329	.000000
1.91269	.844348	.000000
1.91339	.844402	.000000
1.9141	.844483	.000000
1.9148	.844561	.000000
1.91551	.844692	.000000
1.91622	.844802	.000000
1.91693	.844946	.000000
1.91764	.845116	.000000
1.91835	.845276	.000000
1.91906	.845492	.000000
1.91977	.845657	.000000
1.92048	.845755	.000000
1.92119	.845886	.000000
1.9219	.846014	.000000
1.92261	.846152	.000000
1.92333	.846320	.000000
1.92404	.846489	.000000
1.92476	.846666	.000000
1.92547	.846767	.000000
1.92619	.846902	.000000
1.9269	.847096	.000000
1.92762	.847257	.000000
1.92834	.847395	.000000
1.92905	.847548	.000000
1.92977	.847718	.000000
1.93049	.847886	.000000
1.93121	.848014	.000000
1.93193	.848126	.000000
1.93265	.848294	.000000
1.93337	.848413	.000000
1.93409	.848520	.000000
1.93481	.848658	.000000
1.93553	.848825	.000000
1.93626	.848912	.000000
1.93698	.849077	.000000
1.9377	.849321	.000000
1.93843	.849460	.000000
1.93915	.849545	.000000
1.93988	.849669	.000000
1.94061	.849795	.000000
1.94133	.849905	.000000
1.94206	.850002	.000000
1.94279	.850126	.000000
1.94351	.850275	.000000
1.94424	.850408	.000000
1.94497	.850511	.000000
1.9457	.850635	.000000
1.94643	.850776	.000000
1.94716	.850841	.000000
1.9479	.850923	.000000
1.94863	.851061	.000000
1.94936	.851205	.000000
1.95009	.851263	.000000
1.95083	.851297	.000000
1.95156	.851430	.000000
1.9523	.851536	.000000
1.95303	.851600	.000000
1.95377	.851662	.000000
1.9545	.851755	.000000
1.95524	.851865	.000000
1.95598	.851941	.000000
1.95672	.851980	.000000
1.95746	.852028	.000000
1.9582	.852052	.000000
1.95894	.852081	.000000
1.95968	.852171	.000000
1.96042	.852239	.000000
1.96116	.852317	.000000
1.9619	.852397	.000000
1.96264	.852423	.000000
1.96339	.852508	.000000
1.96413	.852597	.000000
1.96487	.852647	.000000
1.96562	.852661	.000000
1.96636	.852714	.000000
1.96711	.852838	.000000
1.96786	.852911	.000000
1.9686	.852945	.000000
1.96935	.853049	.000000
1.9701	.853120	.000000
1.97085	.853106	.000000
1.9716	.853152	.000000
1.97235	.853225	.000000
1.9731	.853308	.000000
1.97385	.853306	.000000
1.9746	.853321	.000000
1.97535	.853416	.000000
1.97611	.853459	.000000
1.97686	.853503	.000000
1.97761	.853494	.000000
1.97837	.853489	.000000
1.97912	.853592	.000000
1.97988	.853656	.000000
1.98064	.853640	.000000
1.98139	.853682	.000000
1.98215	.853741	.000000
1.98291	.853776	.000000
1.98367	.853837	.000000
1.98443	.853833	.000000
1.98519	.853844	.000000
1.98595	.853901	.000000
1.98671	.853886	.000000
1.98747	.853877	.000000
1.98823	.853964	.000000
1.98899	.854090	.000000
1.98976	.854124	.000000
1.99052	.854097	.000000
1.99129	.854088	.000000
1.99205	.854103	.000000
1.99282	.854172	.000000
1.99358	.854246	.000000
1.99435	.854276	.000000
1.99512	.854285	.000000
1.99589	.854358	.000000
1.99665	.854415	.000000
1.99742	.854477	.000000
1.99819	.854495	.000000
1.99896	.854479	.000000
1.99973	.854509	.000000
2.00051	.854516	.000000
2.00128	.854543	.000000
2.00205	.854519	.000000
2.00282	.854518	.000000
2.0036	.854617	.000000
2.00437	.854683	.000000
2.00515	.854674	.000000
2.00592	.854745	.000000
2.0067	.854871	.000000
2.00748	.854910	.000000
2.00825	.854862	.000000
2.00903	.854858	.000000
2.00981	.854924	.000000
2.01059	.854943	.000000
2.01137	.855002	.000000
2.01215	.855009	.000000
2.01293	.855076	.000000
2.01371	.855137	.000000
2.0145	.855099	.000000
2.01528	.855036	.000000
2.01606	.855087	.000000
2.01685	.855216	.000000
2.01763	.855224	.000000
2.01842	.855208	.000000
2.0192	.855266	.000000
2.01999	.855334	.000000
2.02078	.855342	.000000
2.02157	.855312	.000000
2.02235	.855303	.000000
2.02314	.855380	.000000
2.02393	.855470	.000000
2.02472	.855488	.000000
2.02552	.855440	.000000
2.02631	.855449	.000000
2.0271	.855459	.000000
2.02789	.855468	.000000
2.02869	.855522	.000000
2.02948	.855546	.000000
2.03027	.855600	.000000
2.03107	.855655	.000000
2.03187	.855626	.000000
2.03266	.855635	.000000
2.03346	.855635	.000000
2.03426	.855646	.000000
2.03506	.855685	.000000
2.03585	.855756	.000000
2.03665	.855782	.000000
2.03745	.855807	.000000
2.03826	.855809	.000000
2.03906	.855768	.000000
2.03986	.855734	.000000
2.04066	.855770	.000000
2.04147	.855782	.000000
2.04227	.855733	.000000
2.04307	.855713	.000000
2.04388	.855773	.000000
2.04469	.855779	.000000
2.04549	.855757	.000000
2.0463	.855740	.000000
2.04711	.855779	.000000
2.04792	.855795	.000000
2.04873	.855741	.000000
2.04954	.855777	.000000
2.05035	.855821	.000000
2.05116	.855782	.000000
2.05197	.855766	.000000
2.05278	.855816	.000000
2.05359	.855798	.000000
2.05441	.855793	.000000
2.05522	.855807	.000000
2.05604	.855832	.000000
2.05685	.855816	.000000
2.05767	.855800	.000000
2.05849	.855777	.000000
2.0593	.855756	.000000
2.06012	.855814	.000000
2.06094	.855858	.000000
2.06176	.855784	.000000
2.06258	.855775	.000000
2.0634	.855846	.000000
2.06422	.855851	.000000
2.06505	.855784	.000000
2.06587	.855715	.000000
2.06669	.855733	.000000
2.06752	.855855	.000000
2.06834	.855885	.000000
2.06917	.855809	.000000
2.06999	.855789	.000000
2.07082	.855713	.000000
2.07165	.855692	.000000
2.07247	.855757	.000000
2.0733	.855747	.000000
2.07413	.855697	.000000
2.07496	.855608	.000000
2.07579	.855621	.000000
2.07662	.855688	.000000
2.07746	.855692	.000000
2.07829	.855663	.000000
2.07912	.855651	.000000
2.07996	.855614	.000000
2.08079	.855585	.000000
2.08163	.855573	.000000
2.08246	.855589	.000000
2.0833	.855573	.000000
2.08414	.855564	.000000
2.08498	.855584	.000000
2.08581	.855550	.000000
2.08665	.855516	.000000
2.08749	.855498	.000000
2.08833	.855488	.000000
2.08918	.855491	.000000
2.09002	.855479	.000000
2.09086	.855429	.000000
2.0917	.855385	.000000
2.09255	.855390	.000000
2.09339	.855383	.000000
2.09424	.855380	.000000
2.09508	.855353	.000000
2.09593	.855319	.000000
2.09678	.855273	.000000
2.09763	.855229	.000000
2.09848	.855257	.000000
2.09933	.855247	.000000
2.10018	.855215	.000000
2.10103	.855197	.000000
2.10188	.855199	.000000
2.10273	.855179	.000000
2.10359	.855158	.000000
2.10444	.855176	.000000
2.10529	.855200	.000000
2.10615	.855215	.000000
2.107	.855213	.000000
2.10786	.855142	.000000
2.10872	.855052	.000000
2.10958	.855004	.000000
2.11044	.854977	.000000
2.11129	.854993	.000000
2.11215	.855037	.000000
2.11302	.855034	.000000
2.11388	.854982	.000000
2.11474	.855013	.000000
2.1156	.855050	.000000
2.11647	.854973	.000000
2.11733	.854927	.000000
2.1182	.854993	.000000
2.11906	.854989	.000000
2.11993	.854910	.000000
2.12079	.854911	.000000
2.12166	.854940	.000000
2.12253	.854901	.000000
2.1234	.854878	.000000
2.12427	.854810	.000000
2.12514	.854862	.000000
2.12601	.854911	.000000
2.12688	.854897	.000000
2.12776	.854904	.000000
2.12863	.854848	.000000
2.1295	.854770	.000000
2.13038	.854787	.000000
2.13126	.854752	.000000
2.13213	.854688	.000000
2.13301	.854647	.000000
2.13389	.854645	.000000
2.13477	.854637	.000000
2.13564	.854562	.000000
2.13652	.854473	.000000
2.13741	.854440	.000000
2.13829	.854404	.000000
2.13917	.854399	.000000
2.14005	.854378	.000000
2.14094	.854317	.000000
2.14182	.854246	.000000
2.14271	.854191	.000000
2.14359	.854188	.000000
2.14448	.854167	.000000
2.14537	.854051	.000000
2.14625	.853964	.000000
2.14714	.853936	.000000
2.14803	.853883	.000000
2.14892	.853796	.000000
2.14981	.853693	.000000
2.15071	.853592	.000000
2.1516	.853516	.000000
2.15249	.853418	.000000
2.15339	.853347	.000000
2.15428	.853228	.000000
2.15518	.853055	.000000
2.15607	.853000	.000000
2.15697	.852941	.000000
2.15787	.852803	.000000
2.15876	.852677	.000000
2.15966	.852629	.000000
2.16056	.852508	.000000
2.16146	.852347	.000000
2.16237	.852249	.000000
2.16327	.852154	.000000
2.16417	.852056	.000000
2.16507	.851934	.000000
2.16598	.851771	.000000
2.16688	.851641	.000000
2.16779	.851545	.000000
2.1687	.851405	.000000
2.1696	.851270	.000000
2.17051	.851182	.000000
2.17142	.851134	.000000
2.17233	.851081	.000000
2.17324	.850953	.000000
2.17415	.850767	.000000
2.17507	.850563	.000000
2.17598	.850368	.000000
2.17689	.850258	.000000
2.17781	.850169	.000000
2.17872	.850016	.000000
2.17964	.849912	.000000
2.18055	.849789	.000000
2.18147	.849625	.000000
2.18239	.849468	.000000
2.18331	.849323	.000000
2.18423	.849199	.000000
2.18515	.849082	.000000
2.18607	.848926	.000000
2.18699	.848818	.000000
2.18792	.848784	.000000
2.18884	.848729	.000000
2.18976	.848555	.000000
2.19069	.848378	.000000
2.19161	.848227	.000000
2.19254	.848064	.000000
2.19347	.847957	.000000
2.1944	.847876	.000000
2.19533	.847723	.000000
2.19626	.847560	.000000
2.19719	.847443	.000000
2.19812	.847326	.000000
2.19905	.847152	.000000
2.19998	.847056	.000000
2.20092	.846980	.000000
2.20185	.846837	.000000
2.20279	.846691	.000000
2.20372	.846611	.000000
2.20466	.846533	.000000
2.2056	.846436	.000000
2.20654	.846379	.000000
2.20748	.846297	.000000
2.20842	.846296	.000000
2.20936	.846377	.000000
2.2103	.846427	.000000
2.21124	.846516	.000000
2.21219	.846599	.000000
2.21313	.846656	.000000
2.21408	.846767	.000000
2.21502	.846932	.000000
2.21597	.847044	.000000
2.21692	.847074	.000000
2.21786	.847088	.000000
2.21881	.847131	.000000
2.21976	.847252	.000000
2.22071	.847308	.000000
2.22167	.847370	.000000
2.22262	.847440	.000000
2.22357	.847440	.000000
2.22453	.847456	.000000
2.22548	.847477	.000000
2.22644	.847496	.000000
2.22739	.847580	.000000
2.22835	.847610	.000000
2.22931	.847628	.000000
2.23027	.847684	.000000
2.23123	.847752	.000000
2.23219	.847757	.000000
2.23315	.847741	.000000
2.23411	.847750	.000000
2.23507	.847748	.000000
2.23604	.847745	.000000
2.237	.847773	.000000
2.23797	.847824	.000000
2.23893	.847856	.000000
2.2399	.847842	.000000
2.24087	.847869	.000000
2.24184	.847890	.000000
2.24281	.847977	.000000
2.24378	.848032	.000000
2.24475	.848012	.000000
2.24572	.848002	.000000
2.2467	.848009	.000000
2.24767	.848039	.000000
2.24864	.848108	.000000
2.24962	.848098	.000000
2.2506	.848108	.000000
2.25157	.848119	.000000
2.25255	.848124	.000000
2.25353	.848168	.000000
2.25451	.848220	.000000
2.25549	.848255	.000000
2.25647	.848284	.000000
2.25746	.848243	.000000
2.25844	.848227	.000000
2.25942	.848243	.000000
2.26041	.848264	.000000
2.26139	.848293	.000000
2.26238	.848312	.000000
2.26337	.848332	.000000
2.26436	.848302	.000000
2.26535	.848307	.000000
2.26634	.848383	.000000
2.26733	.848381	.000000
2.26832	.848401	.000000
2.26931	.848403	.000000
2.27031	.848351	.000000
2.2713	.848387	.000000
2.2723	.848422	.000000
2.27329	.848381	.000000
2.27429	.848360	.000000
2.27529	.848403	.000000
2.27629	.848419	.000000
2.27729	.848385	.000000
2.27829	.848310	.000000
2.27929	.848271	.000000
2.28029	.848270	.000000
2.28129	.848252	.000000
2.2823	.848268	.000000
2.2833	.848255	.000000
2.28431	.848243	.000000
2.28532	.848275	.000000
2.28632	.848286	.000000
2.28733	.848209	.000000
2.28834	.848145	.000000
2.28935	.848114	.000000
2.29036	.848066	.000000
2.29138	.848101	.000000
2.29239	.848167	.000000
2.2934	.848105	.000000
2.29442	.848050	.000000
2.29543	.848020	.000000
2.29645	.848002	.000000
2.29747	.848000	.000000
2.29849	.848018	.000000
2.29951	.848032	.000000
2.30053	.847943	.000000
2.30155	.847787	.000000
2.30257	.847762	.000000
2.30359	.847793	.000000
2.30462	.847830	.000000
2.30564	.847796	.000000
2.30667	.847734	.000000
2.30769	.847718	.000000
2.30872	.847741	.000000
2.30975	.847725	.000000
2.31078	.847718	.000000
2.31181	.847658	.000000
2.31284	.847592	.000000
2.31387	.847574	.000000
2.31491	.847587	.000000
2.31594	.847565	.000000
2.31698	.847544	.000000
2.31801	.847590	.000000
2.31905	.847599	.000000
2.32009	.847534	.000000
2.32112	.847519	.000000
2.32216	.847551	.000000
2.3232	.847487	.000000
2.32425	.847388	.000000
2.32529	.847328	.000000
2.32633	.847282	.000000
2.32738	.847257	.000000
2.32842	.847197	.000000
2.32947	.847152	.000000
2.33051	.847122	.000000
2.33156	.847074	.000000
2.33261	.847044	.000000
2.33366	.846986	.000000
2.33471	.846938	.000000
2.33576	.846938	.000000
2.33682	.846895	.000000
2.33787	.846822	.000000
2.33893	.846753	.000000
2.33998	.846702	.000000
2.34104	.846641	.000000
2.34209	.846547	.000000
2.34315	.846452	.000000
2.34421	.846329	.000000
2.34527	.846258	.000000
2.34633	.846234	.000000
2.3474	.846145	.000000
2.34846	.846008	.000000
2.34952	.845882	.000000
2.35059	.845870	.000000
2.35166	.845810	.000000
2.35272	.845689	.000000
2.35379	.845616	.000000
2.35486	.845565	.000000
2.35593	.845487	.000000
2.357	.845448	.000000
2.35807	.845420	.000000
2.35915	.845326	.000000
2.36022	.845212	.000000
2.36129	.845102	.000000
2.36237	.845017	.000000
2.36345	.844966	.000000
2.36452	.844872	.000000
2.3656	.844762	.000000
2.36668	.844653	.000000
2.36776	.844549	.000000
2.36885	.844441	.000000
2.36993	.844325	.000000
2.37101	.844203	.000000
2.3721	.844070	.000000
2.37318	.843930	.000000
2.37427	.843818	.000000
2.37536	.843653	.000000
2.37645	.843453	.000000
2.37754	.843362	.000000
2.37863	.843261	.000000
2.37972	.843057	.000000
2.38081	.842951	.000000
2.38191	.842867	.000000
2.383	.842690	.000000
2.3841	.842506	.000000
2.38519	.842344	.000000
2.38629	.842238	.000000
2.38739	.842130	.000000
2.38849	.841935	.000000
2.38959	.841791	.000000
2.39069	.841708	.000000
2.39179	.841575	.000000
2.3929	.841452	.000000
2.394	.841332	.000000
2.39511	.841174	.000000
2.39622	.841011	.000000
2.39732	.840842	.000000
2.39843	.840718	.000000
2.39954	.840565	.000000
2.40065	.840448	.000000
2.40177	.840310	.000000
2.40288	.840134	.000000
2.40399	.840000	.000000
2.40511	.839845	.000000
2.40622	.839679	.000000
2.40734	.839537	.000000
2.40846	.839384	.000000
2.40958	.839189	.000000
2.4107	.839030	.000000
2.41182	.838879	.000000
2.41294	.838700	.000000
2.41407	.838533	.000000
2.41519	.838363	.000000
2.41632	.838182	.000000
2.41744	.837973	.000000
2.41857	.837758	.000000
2.4197	.837531	.000000
2.42083	.837348	.000000
2.42196	.837196	.000000
2.42309	.836979	.000000
2.42423	.836777	.000000
2.42536	.836550	.000000
2.42649	.836332	.000000
2.42763	.836109	.000000
2.42877	.835889	.000000
2.42991	.835667	.000000
2.43105	.835468	.000000
2.43219	.835289	.000000
2.43333	.835167	.000000
2.43447	.834954	.000000
2.43561	.834731	.000000
2.43676	.834528	.000000
2.4379	.834333	.000000
2.43905	.834129	.000000
2.4402	.833906	.000000
2.44135	.833688	.000000
2.4425	.833496	.000000
2.44365	.833310	.000000
2.4448	.833101	.000000
2.44595	.832879	.000000
2.44711	.832696	.000000
2.44826	.832514	.000000
2.44942	.832336	.000000
2.45058	.832147	.000000
2.45174	.831996	.000000
2.4529	.831815	.000000
2.45406	.831533	.000000
2.45522	.831340	.000000
2.45638	.831201	.000000
2.45755	.831040	.000000
2.45871	.830781	.000000
2.45988	.830584	.000000
2.46105	.830433	.000000
2.46221	.830279	.000000
2.46338	.830056	.000000
2.46455	.829873	.000000
2.46573	.829711	.000000
2.4669	.829545	.000000
2.46807	.829309	.000000
2.46925	.829085	.000000
2.47043	.828931	.000000
2.4716	.828748	.000000
2.47278	.828543	.000000
2.47396	.828365	.000000
2.47514	.828140	.000000
2.47632	.827963	.000000
2.47751	.827855	.000000
2.47869	.827725	.000000
2.47988	.827535	.000000
2.48106	.827353	.000000
2.48225	.827175	.000000
2.48344	.827033	.000000
2.48463	.826865	.000000
2.48582	.826693	.000000
2.48701	.826544	.000000
2.48821	.826361	.000000
2.4894	.826198	.000000
2.4906	.826097	.000000
2.49179	.825998	.000000
2.49299	.825881	.000000
2.49419	.825707	.000000
2.49539	.825533	.000000
2.49659	.825396	.000000
2.49779	.825326	.000000
2.499	.825210	.000000
2.5002	.825061	.000000
2.50141	.824981	.000000
2.50262	.824912	.000000
2.50383	.824785	.000000
2.50503	.824719	.000000
2.50625	.824613	.000000
2.50746	.824442	.000000
2.50867	.824334	.000000
2.50989	.824270	.000000
2.5111	.824102	.000000
2.51232	.823974	.000000
2.51353	.823889	.000000
2.51475	.823797	.000000
2.51597	.823683	.000000
2.51719	.823637	.000000
2.51842	.823531	.000000
2.51964	.823417	.000000
2.52087	.823274	.000000
2.52209	.823146	.000000
2.52332	.823018	.000000
2.52455	.822894	.000000
2.52578	.822809	.000000
2.52701	.822706	.000000
2.52824	.822578	.000000
2.52947	.822445	.000000
2.53071	.822358	.000000
2.53194	.822261	.000000
2.53318	.822140	.000000
2.53442	.821997	.000000
2.53566	.821826	.000000
2.5369	.821734	.000000
2.53814	.821697	.000000
2.53938	.821606	.000000
2.54063	.821498	.000000
2.54187	.821342	.000000
2.54312	.821227	.000000
2.54437	.821163	.000000
2.54562	.821117	.000000
2.54687	.821050	.000000
2.54812	.820934	.000000
2.54937	.820853	.000000
2.55063	.820792	.000000
2.55188	.820745	.000000
2.55314	.820729	.000000
2.55439	.820707	.000000
2.55565	.820569	.000000
2.55691	.820480	.000000
2.55817	.820386	.000000
2.55944	.820338	.000000
2.5607	.820251	.000000
2.56197	.820191	.000000
2.56323	.820087	.000000
2.5645	.819991	.000000
2.56577	.819964	.000000
2.56704	.819946	.000000
2.56831	.819844	.000000
2.56958	.819703	.000000
2.57086	.819620	.000000
2.57213	.819547	.000000
2.57341	.819473	.000000
2.57469	.819436	.000000
2.57597	.819273	.000000
2.57725	.819203	.000000
2.57853	.819148	.000000
2.57981	.818999	.000000
2.5811	.818858	.000000
2.58238	.818794	.000000
2.58367	.818652	.000000
2.58496	.818549	.000000
2.58624	.818375	.000000
2.58754	.818290	.000000
2.58883	.818189	.000000
2.59012	.818059	.000000
2.59141	.817841	.000000
2.59271	.817577	.000000
2.59401	.817336	.000000
2.59531	.817332	.000000
2.5966	.817327	.000000
2.59791	.817121	.000000
2.59921	.816912	.000000
2.60051	.816772	.000000
2.60182	.816575	.000000
2.60312	.816282	.000000
2.60443	.815984	.000000
2.60574	.815858	.000000
2.60705	.815761	.000000
2.60836	.815491	.000000
2.60967	.815270	.000000
2.61099	.815080	.000000
2.6123	.814888	.000000
2.61362	.814658	.000000
2.61494	.814465	.000000
2.61626	.814195	.000000
2.61758	.813966	.000000
2.6189	.813661	.000000
2.62022	.813280	.000000
2.62155	.813095	.000000
2.62287	.812822	.000000
2.6242	.812450	.000000
2.62553	.812065	.000000
2.62686	.811781	.000000
2.62819	.811510	.000000
2.62952	.811043	.000000
2.63086	.810620	.000000
2.63219	.810228	.000000
2.63353	.809750	.000000
2.63487	.809332	.000000
2.63621	.808841	.000000
2.63755	.808332	.000000
2.63889	.807706	.000000
2.64023	.807078	.000000
2.64158	.806517	.000000
2.64293	.805916	.000000
2.64427	.805272	.000000
2.64562	.804559	.000000
2.64697	.803825	.000000
2.64832	.803059	.000000
2.64968	.802128	.000000
2.65103	.801082	.000000
2.65239	.800103	.000000
2.65375	.799161	.000000
2.6551	.797964	.000000
2.65646	.796658	.000000
2.65783	.795240	.000000
2.65919	.793619	.000000
2.66055	.791957	.000000
2.66192	.790197	.000000
2.66329	.788184	.000000
2.66466	.786005	.000000
2.66603	.783703	.000000
2.6674	.781021	.000000
2.66877	.777499	.000000
2.67014	.773097	.000000
2.67152	.768585	.000000
2.6729	.764414	.000000
2.67427	.760782	.000000
2.67565	.757680	.000000
2.67704	.754855	.000000
2.67842	.751960	.000000
2.6798	.748697	.000000
2.68119	.744960	.000000
2.68258	.740670	.000000
2.68396	.735749	.000000
2.68535	.730111	.000000
2.68675	.723777	.000000
2.68814	.716532	.000000
2.68953	.708367	.000000
2.69093	.699265	.000000
2.69233	.689107	.000000
2.69372	.677779	.000000
2.69512	.665647	.000000
2.69653	.652895	.000000
2.69793	.640049	.000000
2.69933	.627690	.000000
2.70074	.616564	.000000
2.70215	.607179	.000000
2.70356	.600051	.000000
2.70497	.595156	.000000
2.70638	.592051	.000000
2.70779	.590077	.000000
2.70921	.588743	.000000
2.71062	.587300	.000000
2.71204	.585544	.000000
2.71346	.583433	.000000
2.71488	.580869	.000000
2.7163	.577861	.000000
2.71772	.574493	.000000
2.71915	.570756	.000000
2.72058	.566769	.000000
2.722	.562600	.000000
2.72343	.558381	.000000
2.72486	.554310	.000000
2.7263	.550327	.000000
2.72773	.546418	.000000
2.72917	.542591	.000000
2.7306	.538810	.000000
2.73204	.535131	.000000
2.73348	.531480	.000000
2.73493	.527833	.000000
2.73637	.524160	.000000
2.73781	.520470	.000000
2.73926	.516772	.000000
2.74071	.513076	.000000
2.74216	.509305	.000000
2.74361	.505492	.000000
2.74506	.501605	.000000
2.74651	.497632	.000000
2.74797	.493759	.000000
2.74943	.490041	.000000
2.75089	.486459	.000000
2.75234	.483174	.000000
2.75381	.480149	.000000
2.75527	.477430	.000000
2.75673	.475055	.000000
2.7582	.473090	.000000
2.75967	.471632	.000000
2.76114	.470848	.000000
2.76261	.470891	.000000
2.76408	.471512	.000000
2.76556	.472226	.000000
2.76703	.472947	.000000
2.76851	.473645	.000000
2.76999	.474113	.000000
2.77147	.474410	.000000
2.77295	.474475	.000000
2.77443	.474356	.000000
2.77592	.474238	.000000
2.77741	.474069	.000000
2.77889	.473965	.000000
2.78038	.473881	.000000
2.78188	.473762	.000000
2.78337	.473690	.000000
2.78486	.473656	.000000
2.78636	.473613	.000000
2.78786	.473604	.000000
2.78936	.473544	.000000
2.79086	.473390	.000000
2.79236	.473218	.000000
2.79387	.473138	.000000
2.79537	.473007	.000000
2.79688	.472748	.000000
2.79839	.472445	.000000
2.7999	.472148	.000000
2.80141	.471845	.000000
2.80293	.471483	.000000
2.80444	.471051	.000000
2.80596	.470639	.000000
2.80748	.470199	.000000
2.809	.469813	.000000
2.81052	.469483	.000000
2.81205	.469194	.000000
2.81357	.469008	.000000
2.8151	.468830	.000000
2.81663	.468488	.000000
2.81816	.468270	.000000
2.81969	.468192	.000000
2.82123	.468043	.000000
2.82276	.467865	.000000
2.8243	.467702	.000000
2.82584	.467505	.000000
2.82738	.467353	.000000
2.82892	.467236	.000000
2.83047	.467067	.000000
2.83201	.466886	.000000
2.83356	.466760	.000000
2.83511	.466690	.000000
2.83666	.466661	.000000
2.83821	.466507	.000000
2.83977	.466365	.000000
2.84132	.466193	.000000
2.84288	.465957	.000000
2.84444	.465750	.000000
2.846	.465531	.000000
2.84757	.465391	.000000
2.84913	.465349	.000000
2.8507	.465198	.000000
2.85226	.464946	.000000
2.85383	.464719	.000000
2.8554	.464618	.000000
2.85698	.464515	.000000
2.85855	.464352	.000000
2.86013	.464180	.000000
2.86171	.464001	.000000
2.86329	.463852	.000000
2.86487	.463675	.000000
2.86645	.463506	.000000
2.86804	.463405	.000000
2.86963	.463355	.000000
2.87122	.463222	.000000
2.87281	.463045	.000000
2.8744	.463006	.000000
2.87599	.462926	.000000
2.87759	.462713	.000000
2.87919	.462593	.000000
2.88079	.462571	.000000
2.88239	.462524	.000000
2.88399	.462426	.000000
2.8856	.462277	.000000
2.8872	.462195	.000000
2.88881	.462082	.000000
2.89042	.461967	.000000
2.89203	.461908	.000000
2.89365	.461823	.000000
2.89526	.461720	.000000
2.89688	.461665	.000000
2.8985	.461555	.000000
2.90012	.461463	.000000
2.90174	.461399	.000000
2.90337	.461367	.000000
2.90499	.461268	.000000
2.90662	.461200	.000000
2.90825	.461147	.000000
2.90988	.461119	.000000
2.91152	.461091	.000000
2.91315	.461075	.000000
2.91479	.461053	.000000
2.91643	.461064	.000000
2.91807	.461128	.000000
2.91972	.461160	.000000
2.92136	.461229	.000000
2.92301	.461261	.000000
2.92466	.461294	.000000
2.92631	.461371	.000000
2.92796	.461387	.000000
2.92961	.461447	.000000
2.93127	.461518	.000000
2.93293	.461564	.000000
2.93459	.461642	.000000
2.93625	.461741	.000000
2.93791	.461793	.000000
2.93958	.461931	.000000
2.94124	.462015	.000000
2.94291	.462084	.000000
2.94459	.462185	.000000
2.94626	.462323	.000000
2.94793	.462456	.000000
2.94961	.462605	.000000
2.95129	.462747	.000000
2.95297	.462946	.000000
2.95465	.463174	.000000
2.95634	.463355	.000000
2.95802	.463490	.000000
2.95971	.463699	.000000
2.9614	.464006	.000000
2.96309	.464242	.000000
2.96479	.464481	.000000
2.96648	.464767	.000000
2.96818	.465012	.000000
2.96988	.465221	.000000
2.97158	.465512	.000000
2.97329	.465805	.000000
2.97499	.466037	.000000
2.9767	.466244	.000000
2.97841	.466555	.000000
2.98012	.466879	.000000
2.98184	.467207	.000000
2.98355	.467514	.000000
2.98527	.467809	.000000
2.98699	.468156	.000000
2.98871	.468559	.000000
2.99043	.468837	.000000
2.99216	.469153	.000000
2.99389	.469556	.000000
2.99562	.469923	.000000
2.99735	.470336	.000000
2.99908	.470714	.000000
3.00082	.471116	.000000
3.00255	.471478	.000000
3.00429	.471833	.000000
3.00604	.472198	.000000
3.00778	.472567	.000000
3.00953	.472947	.000000
3.01127	.473326	.000000
3.01302	.473667	.000000
3.01477	.474014	.000000
3.01653	.474385	.000000
3.01828	.474669	.000000
3.02004	.475041	.000000
3.0218	.475452	.000000
3.02356	.475788	.000000
3.02533	.476073	.000000
3.02709	.476368	.000000
3.02886	.476680	.000000
3.03063	.477026	.000000
3.03241	.477329	.000000
3.03418	.477581	.000000
3.03596	.477834	.000000
3.03773	.478129	.000000
3.03952	.478420	.000000
3.0413	.478632	.000000
3.04308	.478952	.000000
3.04487	.479219	.000000
3.04666	.479429	.000000
3.04845	.479707	.000000
3.05024	.479996	.000000
3.05204	.480305	.000000
3.05383	.480589	.000000
3.05563	.480851	.000000
3.05744	.481096	.000000
3.05924	.481335	.000000
3.06105	.481600	.000000
3.06285	.481841	.000000
3.06466	.482101	.000000
3.06648	.482399	.000000
3.06829	.482687	.000000
3.07011	.482947	.000000
3.07193	.483219	.000000
3.07375	.483455	.000000
3.07557	.483683	.000000
3.0774	.483933	.000000
3.07922	.484334	.000000
3.08105	.484728	.000000
3.08288	.485088	.000000
3.08472	.485452	.000000
3.08655	.485801	.000000
3.08839	.486232	.000000
3.09023	.486638	.000000
3.09208	.487032	.000000
3.09392	.487440	.000000
3.09577	.487883	.000000
3.09762	.488371	.000000
3.09947	.488867	.000000
3.10132	.489371	.000000
3.10318	.489850	.000000
3.10504	.490350	.000000
3.1069	.490957	.000000
3.10876	.491501	.000000
3.11062	.492058	.000000
3.11249	.492656	.000000
3.11436	.493232	.000000
3.11623	.493872	.000000
3.11811	.494552	.000000
3.11998	.495185	.000000
3.12186	.495862	.000000
3.12374	.496527	.000000
3.12562	.497182	.000000
3.12751	.497822	.000000
3.1294	.498503	.000000
3.13129	.499170	.000000
3.13318	.499883	.000000
3.13507	.500605	.000000
3.13697	.501279	.000000
3.13887	.502006	.000000
3.14077	.502696	.000000
3.14267	.503385	.000000
3.14458	.504118	.000000
3.14649	.504905	.000000
3.1484	.505730	.000000
3.15031	.506516	.000000
3.15223	.507200	.000000
3.15414	.507904	.000000
3.15606	.508647	.000000
3.15798	.509424	.000000
3.15991	.510251	.000000
3.16184	.511084	.000000
3.16376	.511881	.000000
3.1657	.512672	.000000
3.16763	.513425	.000000
3.16957	.514254	.000000
3.1715	.515101	.000000
3.17345	.515930	.000000
3.17539	.516726	.000000
3.17733	.517575	.000000
3.17928	.518318	.000000
3.18123	.519124	.000000
3.18319	.519963	.000000
3.18514	.520748	.000000
3.1871	.521545	.000000
3.18906	.522406	.000000
3.19102	.523267	.000000
3.19299	.524027	.000000
3.19495	.524833	.000000
3.19692	.525712	.000000
3.1989	.526576	.000000
3.20087	.527351	.000000
3.20285	.528163	.000000
3.20483	.529057	.000000
3.20681	.529958	.000000
3.20879	.530813	.000000
3.21078	.531592	.000000
3.21277	.532372	.000000
3.21476	.533225	.000000
3.21676	.534082	.000000
3.21875	.535011	.000000
3.22075	.535899	.000000
3.22275	.536697	.000000
3.22476	.537457	.000000
3.22676	.538219	.000000
3.22877	.539083	.000000
3.23078	.539945	.000000
3.2328	.540757	.000000
3.23481	.541543	.000000
3.23683	.542328	.000000
3.23886	.543096	.000000
3.24088	.543969	.000000
3.24291	.544850	.000000
3.24494	.545687	.000000
3.24697	.546523	.000000
3.249	.547349	.000000
3.25104	.548124	.000000
3.25308	.548974	.000000
3.25512	.549892	.000000
3.25717	.550733	.000000
3.25921	.551547	.000000
3.26126	.552365	.000000
3.26332	.553117	.000000
3.26537	.553934	.000000
3.26743	.554770	.000000
3.26949	.555596	.000000
3.27155	.556400	.000000
3.27362	.557270	.000000
3.27568	.558068	.000000
3.27776	.558845	.000000
3.27983	.559693	.000000
3.2819	.560608	.000000
3.28398	.561383	.000000
3.28606	.562101	.000000
3.28815	.562965	.000000
3.29023	.563822	.000000
3.29232	.564618	.000000
3.29441	.565469	.000000
3.29651	.566344	.000000
3.2986	.567216	.000000
3.3007	.568036	.000000
3.30281	.568866	.000000
3.30491	.569703	.000000
3.30702	.570442	.000000
3.30913	.571194	.000000
3.31124	.571953	.000000
3.31336	.572712	.000000
3.31548	.573510	.000000
3.3176	.574278	.000000
3.31972	.575087	.000000
3.32185	.575873	.000000
3.32398	.576683	.000000
3.32611	.577506	.000000
3.32825	.578169	.000000
3.33038	.578804	.000000
3.33252	.579489	.000000
3.33467	.580204	.000000
3.33681	.580917	.000000
3.33896	.581562	.000000
3.34111	.582100	.000000
3.34327	.582671	.000000
3.34542	.583274	.000000
3.34758	.583793	.000000
3.34975	.584315	.000000
3.35191	.584790	.000000
3.35408	.585246	.000000
3.35625	.585696	.000000
3.35842	.586019	.000000
3.3606	.586296	.000000
3.36278	.586734	.000000
3.36496	.587103	.000000
3.36715	.587363	.000000
3.36933	.587674	.000000
3.37153	.588112	.000000
3.37372	.588623	.000000
3.37592	.589149	.000000
3.37811	.589806	.000000
3.38032	.590641	.000000
3.38252	.591471	.000000
3.38473	.592237	.000000
3.38694	.592891	.000000
3.38915	.593549	.000000
3.39137	.594147	.000000
3.39359	.594651	.000000
3.39581	.595105	.000000
3.39804	.595412	.000000
3.40027	.595662	.000000
3.4025	.595901	.000000
3.40473	.596144	.000000
3.40697	.596479	.000000
3.40921	.596836	.000000
3.41145	.597109	.000000
3.4137	.597572	.000000
3.41595	.598354	.000000
3.4182	.599342	.000000
3.42045	.600463	.000000
3.42271	.601779	.000000
3.42497	.603235	.000000
3.42723	.604639	.000000
3.4295	.605858	.000000
3.43177	.607032	.000000
3.43404	.608103	.000000
3.43632	.609135	.000000
3.4386	.610064	.000000
3.44088	.611012	.000000
3.44316	.611918	.000000
3.44545	.612725	.000000
3.44774	.613693	.000000
3.45004	.614667	.000000
3.45233	.615527	.000000
3.45463	.616360	.000000
3.45694	.617141	.000000
3.45924	.617969	.000000
3.46155	.618698	.000000
3.46386	.619363	.000000
3.46618	.620014	.000000
3.4685	.620681	.000000
3.47082	.621213	.000000
3.47315	.621846	.000000
3.47547	.622536	.000000
3.4778	.623256	.000000
3.48014	.624040	.000000
3.48247	.624797	.000000
3.48481	.625464	.000000
3.48716	.626156	.000000
3.4895	.626830	.000000
3.49185	.627252	.000000
3.49421	.627631	.000000
3.49656	.628126	.000000
3.49892	.628756	.000000
3.50129	.629630	.000000
3.50365	.630754	.000000
3.50602	.632037	.000000
3.50839	.633305	.000000
3.51077	.634587	.000000
3.51315	.635781	.000000
3.51553	.636871	.000000
3.51791	.638031	.000000
3.5203	.639260	.000000
3.52269	.640333	.000000
3.52509	.641328	.000000
3.52749	.642458	.000000
3.52989	.643460	.000000
3.53229	.644356	.000000
3.5347	.645301	.000000
3.53711	.646196	.000000
3.53953	.647096	.000000
3.54194	.647883	.000000
3.54436	.648615	.000000
3.54679	.649474	.000000
3.54922	.650288	.000000
3.55165	.651004	.000000
3.55408	.651818	.000000
3.55652	.652638	.000000
3.55896	.653473	.000000
3.5614	.654266	.000000
3.56385	.655014	.000000
3.5663	.655702	.000000
3.56876	.656407	.000000
3.57121	.657153	.000000
3.57367	.657935	.000000
3.57614	.658643	.000000
3.57861	.659340	.000000
3.58108	.660048	.000000
3.58355	.660789	.000000
3.58603	.661461	.000000
3.58851	.662002	.000000
3.591	.662619	.000000
3.59349	.663320	.000000
3.59598	.663917	.000000
3.59848	.664575	.000000
3.60097	.665301	.000000
3.60348	.666005	.000000
3.60598	.666798	.000000
3.60849	.667449	.000000
3.611	.668028	.000000
3.61352	.668633	.000000
3.61604	.669238	.000000
3.61856	.669889	.000000
3.62109	.670410	.000000
3.62362	.671047	.000000
3.62615	.671787	.000000
3.62869	.672459	.000000
3.63123	.673088	.000000
3.63378	.673659	.000000
3.63633	.674317	.000000
3.63888	.674956	.000000
3.64143	.675559	.000000
3.64399	.676156	.000000
3.64655	.676781	.000000
3.64912	.677437	.000000
3.65169	.677974	.000000
3.65426	.678489	.000000
3.65684	.679026	.000000
3.65942	.679578	.000000
3.66201	.680241	.000000
3.66459	.680895	.000000
3.66719	.681286	.000000
3.66978	.681729	.000000
3.67238	.682435	.000000
3.67498	.683095	.000000
3.67759	.683604	.000000
3.6802	.684159	.000000
3.68281	.684726	.000000
3.68543	.685274	.000000
3.68805	.685817	.000000
3.69068	.686399	.000000
3.69331	.686918	.000000
3.69594	.687310	.000000
3.69857	.687832	.000000
3.70121	.688435	.000000
3.70386	.688945	.000000
3.7065	.689511	.000000
3.70916	.690080	.000000
3.71181	.690666	.000000
3.71447	.691185	.000000
3.71713	.691547	.000000
3.7198	.691902	.000000
3.72247	.692430	.000000
3.72514	.692849	.000000
3.72782	.693298	.000000
3.7305	.693924	.000000
3.73319	.694523	.000000
3.73588	.694864	.000000
3.73857	.695252	.000000
3.74127	.695779	.000000
3.74397	.696321	.000000
3.74668	.696754	.000000
3.74939	.697203	.000000
3.7521	.697643	.000000
3.75482	.698084	.000000
3.75754	.698547	.000000
3.76026	.698978	.000000
3.76299	.699457	.000000
3.76572	.699879	.000000
3.76846	.700315	.000000
3.7712	.700812	.000000
3.77394	.701223	.000000
3.77669	.701541	.000000
3.77945	.701874	.000000
3.7822	.702201	.000000
3.78496	.702479	.000000
3.78773	.702837	.000000
3.7905	.703290	.000000
3.79327	.703586	.000000
3.79605	.703864	.000000
3.79883	.704244	.000000
3.80161	.704517	.000000
3.8044	.704714	.000000
3.80719	.704934	.000000
3.80999	.705189	.000000
3.81279	.705554	.000000
3.8156	.705822	.000000
3.81841	.706000	.000000
3.82122	.706109	.000000
3.82404	.706225	.000000
3.82686	.706562	.000000
3.82969	.706929	.000000
3.83252	.707108	.000000
3.83535	.707245	.000000
3.83819	.707505	.000000
3.84104	.707658	.000000
3.84388	.707732	.000000
3.84673	.707853	.000000
3.84959	.708096	.000000
3.85245	.708323	.000000
3.85531	.708451	.000000
3.85818	.708539	.000000
3.86106	.708520	.000000
3.86393	.708592	.000000
3.86681	.708702	.000000
3.8697	.708695	.000000
3.87259	.708763	.000000
3.87548	.708866	.000000
3.87838	.708949	.000000
3.88128	.709022	.000000
3.88419	.708917	.000000
3.8871	.708832	.000000
3.89002	.708857	.000000
3.89294	.708889	.000000
3.89587	.708846	.000000
3.89879	.708827	.000000
3.90174	.708819	.000000
3.90468	.708842	.000000
3.90762	.708841	.000000
3.91057	.708871	.000000
3.91352	.708857	.000000
3.91648	.708807	.000000
3.91944	.708768	.000000
3.9224	.708713	.000000
3.92537	.708635	.000000
3.92835	.708601	.000000
3.93132	.708552	.000000
3.93431	.708516	.000000
3.93729	.708449	.000000
3.94029	.708380	.000000
3.94328	.708284	.000000
3.94628	.708222	.000000
3.94929	.708177	.000000
3.9523	.708089	.000000
3.95531	.708016	.000000
3.95833	.707917	.000000
3.96136	.707805	.000000
3.96439	.707702	.000000
3.96742	.707528	.000000
3.97046	.707376	.000000
3.9735	.707245	.000000
3.97655	.707119	.000000
3.9796	.706991	.000000
3.98265	.706854	.000000
3.98572	.706659	.000000
3.98878	.706503	.000000
3.99185	.706374	.000000
3.99493	.706212	.000000
3.99801	.706031	.000000
4.00109	.705886	.000000
4.00418	.705753	.000000
4.00728	.705570	.000000
4.01038	.705363	.000000
4.01348	.705182	.000000
4.01659	.704989	.000000
4.0197	.704840	.000000
4.02282	.704678	.000000
4.02594	.704474	.000000
4.02907	.704270	.000000
4.03221	.704097	.000000
4.03534	.703905	.000000
4.03848	.703715	.000000
4.04163	.703479	.000000
4.04478	.703226	.000000
4.04794	.703001	.000000
4.0511	.702811	.000000
4.05427	.702623	.000000
4.05744	.702417	.000000
4.06062	.702186	.000000
4.0638	.701983	.000000
4.06699	.701779	.000000
4.07018	.701592	.000000
4.07338	.701365	.000000
4.07658	.701207	.000000
4.07979	.701009	.000000
4.083	.700777	.000000
4.08622	.700594	.000000
4.08944	.700431	.000000
4.09267	.700195	.000000
4.0959	.699918	.000000
4.09914	.699665	.000000
4.10238	.699439	.000000
4.10563	.699223	.000000
4.10889	.699030	.000000
4.11214	.698795	.000000
4.11541	.698597	.000000
4.11868	.698382	.000000
4.12195	.698161	.000000
4.12523	.697932	.000000
4.12852	.697746	.000000
4.1318	.697545	.000000
4.1351	.697320	.000000
4.1384	.697098	.000000
4.1417	.696901	.000000
4.14501	.696687	.000000
4.14833	.696495	.000000
4.15165	.696282	.000000
4.15498	.696057	.000000
4.15831	.695846	.000000
4.16165	.695671	.000000
4.16499	.695513	.000000
4.16834	.695330	.000000
4.17169	.695066	.000000
4.17505	.694897	.000000
4.17842	.694736	.000000
4.18178	.694537	.000000
4.18516	.694353	.000000
4.18854	.694158	.000000
4.19193	.693950	.000000
4.19532	.693803	.000000
4.19872	.693615	.000000
4.20212	.693393	.000000
4.20553	.693177	.000000
4.20894	.692955	.000000
4.21236	.692744	.000000
4.21578	.692505	.000000
4.21921	.692186	.000000
4.22265	.691856	.000000
4.22609	.691473	.000000
4.22954	.691045	.000000
4.23299	.690623	.000000
4.23645	.690205	.000000
4.23991	.689749	.000000
4.24338	.689233	.000000
4.24686	.688688	.000000
4.25034	.688151	.000000
4.25382	.687514	.000000
4.25732	.686767	.000000
4.26081	.685971	.000000
4.26432	.685106	.000000
4.26783	.684157	.000000
4.27134	.683215	.000000
4.27487	.682252	.000000
4.27839	.681268	.000000
4.28193	.680142	.000000
4.28546	.678948	.000000
4.28901	.677717	.000000
4.29256	.676486	.000000
4.29612	.675202	.000000
4.29968	.673876	.000000
4.30325	.672562	.000000
4.30682	.671297	.000000
4.3104	.670091	.000000
4.31399	.669034	.000000
4.31758	.667986	.000000
4.32118	.666996	.000000
4.32478	.666058	.000000
4.32839	.665139	.000000
4.33201	.664277	.000000
4.33563	.663462	.000000
4.33926	.662617	.000000
4.34289	.661819	.000000
4.34653	.660986	.000000
4.35018	.660122	.000000
4.35383	.659296	.000000
4.35749	.658503	.000000
4.36115	.657705	.000000
4.36482	.656905	.000000
4.3685	.656066	.000000
4.37218	.655273	.000000
4.37587	.654504	.000000
4.37957	.653725	.000000
4.38327	.652984	.000000
4.38698	.652329	.000000
4.39069	.651717	.000000
4.39442	.651146	.000000
4.39814	.650623	.000000
4.40188	.650203	.000000
4.40562	.649862	.000000
4.40936	.649594	.000000
4.41312	.649385	.000000
4.41687	.649275	.000000
4.42064	.649259	.000000
4.42441	.649284	.000000
4.42819	.649367	.000000
4.43198	.649474	.000000
4.43577	.649538	.000000
4.43956	.649639	.000000
4.44337	.649736	.000000
4.44718	.649830	.000000
4.451	.649866	.000000
4.45482	.649889	.000000
4.45865	.649859	.000000
4.46249	.649804	.000000
4.46633	.649706	.000000
4.47018	.649582	.000000
4.47404	.649373	.000000
4.4779	.649087	.000000
4.48177	.648727	.000000
4.48565	.648341	.000000
4.48953	.647865	.000000
4.49342	.647342	.000000
4.49732	.646746	.000000
4.50122	.646125	.000000
4.50513	.645482	.000000
4.50905	.644779	.000000
4.51298	.644029	.000000
4.51691	.643224	.000000
4.52084	.642296	.000000
4.52479	.641374	.000000
4.52874	.640402	.000000
4.5327	.639425	.000000
4.53667	.638430	.000000
4.54064	.637371	.000000
4.54462	.636258	.000000
4.5486	.635130	.000000
4.5526	.633888	.000000
4.5566	.632650	.000000
4.56061	.631388	.000000
4.56462	.630103	.000000
4.56864	.628805	.000000
4.57267	.627417	.000000
4.57671	.625948	.000000
4.58075	.624453	.000000
4.5848	.622832	.000000
4.58886	.621151	.000000
4.59292	.619402	.000000
4.59699	.617559	.000000
4.60107	.615605	.000000
4.60516	.613620	.000000
4.60925	.611570	.000000
4.61335	.609398	.000000
4.61746	.607117	.000000
4.62158	.604955	.000000
4.6257	.602772	.000000
4.62983	.600558	.000000
4.63397	.598389	.000000
4.63811	.596327	.000000
4.64226	.594512	.000000
4.64642	.592939	.000000
4.65059	.591526	.000000
4.65476	.590327	.000000
4.65895	.589339	.000000
4.66314	.588490	.000000
4.66733	.587679	.000000
4.67154	.586940	.000000
4.67575	.586180	.000000
4.67997	.585370	.000000
4.6842	.584450	.000000
4.68843	.583472	.000000
4.69268	.582460	.000000
4.69693	.581385	.000000
4.70118	.580205	.000000
4.70545	.578999	.000000
4.70972	.577742	.000000
4.71401	.576430	.000000
4.71829	.575050	.000000
4.72259	.573652	.000000
4.7269	.572244	.000000
4.73121	.570831	.000000
4.73553	.569407	.000000
4.73986	.568025	.000000
4.7442	.566642	.000000
4.74854	.565354	.000000
4.75289	.564082	.000000
4.75725	.562860	.000000
4.76162	.561724	.000000
4.766	.560716	.000000
4.77038	.559835	.000000
4.77478	.559118	.000000
4.77918	.558487	.000000
4.78358	.557882	.000000
4.788	.557276	.000000
4.79243	.556703	.000000
4.79686	.556043	.000000
4.8013	.555332	.000000
4.80575	.554525	.000000
4.81021	.553656	.000000
4.81468	.552721	.000000
4.81915	.551700	.000000
4.82363	.550625	.000000
4.82812	.549566	.000000
4.83262	.548404	.000000
4.83713	.547188	.000000
4.84165	.545906	.000000
4.84617	.544570	.000000
4.85071	.543197	.000000
4.85525	.541793	.000000
4.8598	.540330	.000000
4.86436	.538849	.000000
4.86892	.537299	.000000
4.8735	.535793	.000000
4.87808	.534239	.000000
4.88268	.532649	.000000
4.88728	.531058	.000000
4.89189	.529462	.000000
4.89651	.527855	.000000
4.90114	.526234	.000000
4.90577	.524560	.000000
4.91042	.522940	.000000
4.91508	.521364	.000000
4.91974	.519812	.000000
4.92441	.518292	.000000
4.92909	.516800	.000000
4.93378	.515344	.000000
4.93848	.513922	.000000
4.94319	.512475	.000000
4.94791	.511123	.000000
4.95263	.509683	.000000
4.95737	.508186	.000000
4.96211	.506711	.000000
4.96686	.505187	.000000
4.97162	.503600	.000000
4.97639	.501954	.000000
4.98117	.500213	.000000
4.98596	.498439	.000000
4.99076	.496593	.000000
4.99557	.494709	.000000
5.00039	.492735	.000000
5.00521	.490710	.000000
5.01005	.488640	.000000
5.0149	.486588	.000000
5.01975	.484522	.000000
5.02461	.482454	.000000
5.02949	.480376	.000000
5.03437	.478340	.000000
5.03926	.476371	.000000
5.04417	.474528	.000000
5.04908	.472776	.000000
5.054	.471114	.000000
5.05893	.469525	.000000
5.06387	.468060	.000000
5.06882	.466670	.000000
5.07378	.465375	.000000
5.07875	.464137	.000000
5.08373	.462864	.000000
5.08872	.461619	.000000
5.09372	.460425	.000000
5.09872	.459166	.000000
5.10374	.457817	.000000
5.10877	.456346	.000000
5.11381	.454738	.000000
5.11885	.452966	.000000
5.12391	.451065	.000000
5.12898	.449043	.000000
5.13406	.446972	.000000
5.13915	.444854	.000000
5.14425	.442733	.000000
5.14935	.440594	.000000
5.15447	.438423	.000000
5.1596	.436267	.000000
5.16474	.434213	.000000
5.16989	.432230	.000000
5.17505	.430325	.000000
5.18022	.428456	.000000
5.1854	.426679	.000000
5.19059	.424939	.000000
5.19579	.423215	.000000
5.201	.421566	.000000
5.20623	.419968	.000000
5.21146	.418370	.000000
5.2167	.416802	.000000
5.22195	.415217	.000000
5.22722	.413635	.000000
5.23249	.411980	.000000
5.23778	.410272	.000000
5.24307	.408522	.000000
5.24838	.406659	.000000
5.2537	.404685	.000000
5.25903	.402568	.000000
5.26437	.400316	.000000
5.26971	.398051	.000000
5.27507	.395722	.000000
5.28045	.393401	.000000
5.28583	.391084	.000000
5.29122	.388860	.000000
5.29663	.386739	.000000
5.30204	.384716	.000000
5.30747	.382859	.000000
5.31291	.381122	.000000
5.31836	.379558	.000000
5.32382	.378177	.000000
5.32929	.376797	.000000
5.33477	.375406	.000000
5.34027	.373977	.000000
5.34577	.372445	.000000
5.35129	.370790	.000000
5.35682	.368960	.000000
5.36236	.367012	.000000
5.36791	.364996	.000000
5.37347	.362882	.000000
5.37904	.360759	.000000
5.38463	.358618	.000000
5.39023	.356474	.000000
5.39584	.354380	.000000
5.40146	.352386	.000000
5.40709	.350458	.000000
5.41273	.348678	.000000
5.41839	.347090	.000000
5.42406	.345668	.000000
5.42974	.344297	.000000
5.43543	.343130	.000000
5.44113	.342210	.000000
5.44684	.341442	.000000
5.45257	.340810	.000000
5.45831	.340374	.000000
5.46406	.340124	.000000
5.46983	.340039	.000000
5.4756	.340096	.000000
5.48139	.340326	.000000
5.48719	.340619	.000000
5.493	.341020	.000000
5.49883	.341456	.000000
5.50467	.341896	.000000
5.51052	.342364	.000000
5.51638	.342958	.000000
5.52225	.343589	.000000
5.52814	.344270	.000000
5.53404	.344943	.000000
5.53995	.345562	.000000
5.54588	.346115	.000000
5.55182	.346635	.000000
5.55777	.347000	.000000
5.56373	.347207	.000000
5.56971	.347314	.000000
5.5757	.347365	.000000
5.5817	.347206	.000000
5.58771	.346870	.000000
5.59374	.346438	.000000
5.59978	.345973	.000000
5.60583	.345382	.000000
5.6119	.344684	.000000
5.61798	.343864	.000000
5.62407	.342882	.000000
5.63018	.341749	.000000
5.6363	.340594	.000000
5.64243	.339392	.000000
5.64858	.338014	.000000
5.65474	.336536	.000000
5.66091	.335149	.000000
5.6671	.333736	.000000
5.6733	.332457	.000000
5.67951	.331175	.000000
5.68574	.329871	.000000
5.69198	.328603	.000000
5.69823	.327381	.000000
5.7045	.326062	.000000
5.71079	.324749	.000000
5.71708	.323299	.000000
5.72339	.321768	.000000
5.72972	.320209	.000000
5.73606	.318576	.000000
5.74241	.316841	.000000
5.74877	.315071	.000000
5.75515	.313165	.000000
5.76155	.311232	.000000
5.76796	.309254	.000000
5.77438	.306982	.000000
5.78082	.304588	.000000
5.78727	.302250	.000000
5.79374	.299837	.000000
5.80021	.297384	.000000
5.80671	.294814	.000000
5.81322	.292209	.000000
5.81974	.289634	.000000
5.82628	.287009	.000000
5.83284	.284166	.000000
5.8394	.281321	.000000
5.84599	.278480	.000000
5.85259	.275635	.000000
5.8592	.272794	.000000
5.86583	.270036	.000000
5.87247	.267266	.000000
5.87913	.264629	.000000
5.8858	.261906	.000000
5.89249	.259154	.000000
5.89919	.256439	.000000
5.90591	.253615	.000000
5.91265	.250833	.000000
5.9194	.248068	.000000
5.92616	.245276	.000000
5.93294	.242554	.000000
5.93974	.239713	.000000
5.94655	.236758	.000000
5.95338	.233785	.000000
5.96022	.230845	.000000
5.96708	.227940	.000000
5.97395	.225063	.000000
5.98084	.222222	.000000
5.98775	.219518	.000000
5.99467	.216870	.000000
6.00161	.214334	.000000
6.00856	.211991	.000000
6.01553	.209847	.000000
6.02252	.207803	.000000
6.02952	.205945	.000000
6.03654	.204304	.000000
6.04358	.202944	.000000
6.05063	.201761	.000000
6.0577	.200537	.000000
6.06478	.199400	.000000
6.07188	.198491	.000000
6.079	.197576	.000000
6.08614	.196641	.000000
6.09329	.195728	.000000
6.10046	.194835	.000000
6.10764	.194025	.000000
6.11484	.193342	.000000
6.12206	.192684	.000000
6.1293	.192182	.000000
6.13655	.191914	.000000
6.14383	.191943	.000000
6.15111	.192131	.000000
6.15842	.192539	.000000
6.16574	.193149	.000000
6.17308	.193934	.000000
6.18044	.194919	.000000
6.18781	.195970	.000000
6.19521	.196875	.000000
6.20262	.197732	.000000
6.21005	.198546	.000000
6.21749	.199241	.000000
6.22495	.199824	.000000
6.23243	.200362	.000000
6.23993	.200800	.000000
6.24745	.201133	.000000
6.25499	.201350	.000000
6.26254	.201449	.000000
6.27012	.201390	.000000
6.27771	.201217	.000000
6.28532	.201004	.000000
6.29294	.200764	.000000
6.30059	.200472	.000000
6.30826	.200239	.000000
6.31594	.200067	.000000
6.32364	.199924	.000000
6.33136	.199894	.000000
6.3391	.200023	.000000
6.34686	.200300	.000000
6.35464	.200583	.000000
6.36244	.200938	.000000
6.37025	.201451	.000000
6.37809	.201922	.000000
6.38594	.202359	.000000
6.39382	.202775	.000000
6.40171	.203073	.000000
6.40962	.203370	.000000
6.41756	.203506	.000000
6.42551	.203265	.000000
6.43348	.202830	.000000
6.44147	.202290	.000000
6.44948	.201635	.000000
6.45751	.200881	.000000
6.46556	.200106	.000000
6.47364	.199324	.000000
6.48173	.198586	.000000
6.48984	.197973	.000000
6.49797	.197356	.000000
6.50613	.196650	.000000
6.5143	.196027	.000000
6.52249	.195524	.000000
6.53071	.194935	.000000
6.53894	.194342	.000000
6.5472	.193697	.000000
6.55548	.192979	.000000
6.56378	.192234	.000000
6.57209	.191437	.000000
6.58043	.190577	.000000
6.5888	.189643	.000000
6.59718	.188722	.000000
6.60558	.187795	.000000
6.61401	.186950	.000000
6.62246	.186177	.000000
6.63092	.185533	.000000
6.63941	.184980	.000000
6.64793	.184381	.000000
6.65646	.183834	.000000
6.66502	.183378	.000000
6.67359	.182987	.000000
6.68219	.182694	.000000
6.69082	.182394	.000000
6.69946	.182027	.000000
6.70812	.181639	.000000
6.71681	.181188	.000000
6.72552	.180543	.000000
6.73426	.179794	.000000
6.74302	.178980	.000000
6.7518	.178054	.000000
6.7606	.177068	.000000
6.76943	.176054	.000000
6.77828	.174937	.000000
6.78715	.173805	.000000
6.79604	.172647	.000000
6.80496	.171478	.000000
6.8139	.170373	.000000
6.82287	.169378	.000000
6.83186	.168424	.000000
6.84087	.167532	.000000
6.84991	.166780	.000000
6.85897	.166170	.000000
6.86805	.165549	.000000
6.87716	.164799	.000000
6.88629	.164081	.000000
6.89545	.163449	.000000
6.90463	.162807	.000000
6.91384	.162082	.000000
6.92307	.161270	.000000
6.93232	.160475	.000000
6.94161	.159622	.000000
6.95091	.158689	.000000
6.96024	.157705	.000000
6.9696	.156710	.000000
6.97898	.155657	.000000
6.98838	.154585	.000000
6.99781	.153512	.000000
7.00727	.152464	.000000
7.01675	.151393	.000000
7.02626	.150325	.000000
7.03579	.149259	.000000
7.04535	.148270	.000000
7.05494	.147236	.000000
7.06455	.146198	.000000
7.07418	.145216	.000000
7.08385	.144242	.000000
7.09354	.143226	.000000
7.10325	.142252	.000000
7.113	.141303	.000000
7.12277	.140310	.000000
7.13257	.139269	.000000
7.14239	.138182	.000000
7.15224	.137001	.000000
7.16212	.135758	.000000
7.17202	.134415	.000000
7.18196	.132996	.000000
7.19192	.131496	.000000
7.20191	.129958	.000000
7.21193	.128419	.000000
7.22197	.126826	.000000
7.23204	.125244	.000000
7.24215	.123700	.000000
7.25227	.122148	.000000
7.26243	.120651	.000000
7.27262	.119156	.000000
7.28283	.117620	.000000
7.29307	.116041	.000000
7.30334	.114490	.000000
7.31364	.112957	.000000
7.32397	.111402	.000000
7.33433	.109793	.000000
7.34472	.108155	.000000
7.35514	.106450	.000000
7.36559	.104757	.000000
7.37606	.103015	.000000
7.38657	.101252	.000000
7.39711	.099503	.000000
7.40767	.097787	.000000
7.41827	.096047	.000000
7.4289	.094332	.000000
7.43956	.092627	.000000
7.45024	.090925	.000000
7.46096	.089169	.000000
7.47171	.087427	.000000
7.4825	.085704	.000000
7.49331	.084028	.000000
7.50416	.082371	.000000
7.51503	.080720	.000000
7.52594	.079023	.000000
7.53688	.077327	.000000
7.54785	.075644	.000000
7.55885	.074004	.000000
7.56988	.072383	.000000
7.58095	.070746	.000000
7.59205	.069082	.000000
7.60318	.067475	.000000
7.61435	.065872	.000000
7.62554	.064228	.000000
7.63677	.062536	.000000
7.64804	.060899	.000000
7.65933	.059244	.000000
7.67066	.057551	.000000
7.68203	.055786	.000000
7.69342	.054032	.000000
7.70485	.052292	.000000
7.71632	.050544	.000000
7.72782	.048768	.000000
7.73936	.047048	.000000
7.75093	.045321	.000000
7.76253	.043637	.000000
7.77417	.041921	.000000
7.78584	.040266	.000000
7.79755	.038647	.000000
7.80929	.037029	.000000
7.82107	.035476	.000000
7.83288	.033942	.000000
7.84473	.032411	.000000
7.85662	.030937	.000000
7.86854	.029471	.000000
7.8805	.028045	.000000
7.89249	.026615	.000000
7.90452	.025276	.000000
7.91659	.023989	.000000
7.92869	.022772	.000000
7.94084	.021589	.000000
7.95301	.020474	.000000
7.96523	.019409	.000000
7.97748	.018429	.000000
7.98978	.017478	.000000
8.00211	.016620	.000000
8.01448	.015806	.000000
8.02688	.015094	.000000
8.03933	.014463	.000000
8.05181	.013915	.000000
8.06433	.013410	.000000
8.07689	.013066	.000000
8.08949	.012862	.000000
8.10213	.012798	.000000
8.11481	.012840	.000000
8.12753	.013051	.000000
8.14029	.013484	.000000
8.15309	.014188	.000000
8.16593	.015110	.000000
8.17881	.016361	.000000
8.19173	.018023	.000000
8.20469	.020131	.000000
8.21769	.022689	.000000
8.23073	.025828	.000000
8.24382	.029584	.000000
8.25695	.034023	.000000
8.27012	.039103	.000000
8.28332	.044797	.000000
8.29658	.051093	.000000
8.30987	.057971	.000000
8.32321	.065180	.000000
8.33659	.072599	.000000
8.35002	.080051	.000000
8.36348	.087337	.000000
8.37699	.094296	.000000
8.39055	.100990	.000000
8.40415	.107545	.000000
8.41779	.114044	.000000
8.43148	.120289	.000000
8.44521	.125851	.000000
8.45898	.130334	.000000
8.47281	.133692	.000000
8.48668	.135978	.000000
8.50059	.137340	.000000
8.51455	.137964	.000000
8.52855	.138014	.000000
8.5426	.137372	.000000
8.5567	.136088	.000000
8.57084	.134229	.000000
8.58503	.131796	.000000
8.59927	.129009	.000000
8.61355	.126108	.000000
8.62788	.123251	.000000
8.64226	.120695	.000000
8.65669	.118526	.000000
8.67116	.116738	.000000
8.68569	.115149	.000000
8.70026	.113571	.000000
8.71488	.111828	.000000
8.72955	.109921	.000000
8.74427	.107844	.000000
8.75904	.105755	.000000
8.77386	.103542	.000000
8.78873	.101240	.000000
8.80366	.098840	.000000
8.81863	.096407	.000000
8.83365	.094147	.000000
8.84872	.092087	.000000
8.86385	.090180	.000000
8.87903	.088435	.000000
8.89426	.086828	.000000
8.90954	.085351	.000000
8.92488	.084068	.000000
8.94027	.083066	.000000
8.95571	.082394	.000000
8.9712	.082045	.000000
8.98675	.081981	.000000
9.00235	.082071	.000000
9.018	.082070	.000000
9.03371	.081882	.000000
9.04948	.081376	.000000
9.0653	.080513	.000000
9.08118	.079271	.000000
9.0971	.077647	.000000
9.11309	.075685	.000000
9.12914	.073443	.000000
9.14524	.070943	.000000
9.16139	.068467	.000000
9.17761	.066165	.000000
9.19388	.064267	.000000
9.21021	.063013	.000000
9.2266	.062329	.000000
9.24304	.061816	.000000
9.25955	.061186	.000000
9.27611	.060337	.000000
9.29273	.059525	.000000
9.30942	.058970	.000000
9.32617	.058652	.000000
9.34297	.058466	.000000
9.35983	.058494	.000000
9.37676	.058741	.000000
9.39375	.059351	.000000
9.41079	.060456	.000000
9.42791	.062109	.000000
9.44508	.064212	.000000
9.46231	.066805	.000000
9.47961	.070011	.000000
9.49697	.073865	.000000
9.5144	.078209	.000000
9.53188	.082815	.000000
9.54944	.087357	.000000
9.56705	.091601	.000000
9.58474	.095275	.000000
9.60249	.098232	.000000
9.6203	.100440	.000000
9.63818	.102016	.000000
9.65613	.103073	.000000
9.67415	.103715	.000000
9.69223	.104008	.000000
9.71038	.103992	.000000
9.7286	.103620	.000000
9.74689	.103065	.000000
9.76524	.102362	.000000
9.78367	.101266	.000000
9.80216	.099590	.000000
9.82072	.097693	.000000
9.83936	.095848	.000000
9.85806	.094254	.000000
9.87684	.092879	.000000
9.89569	.091636	.000000
9.91461	.090639	.000000
9.9336	.090148	.000000
9.95267	.090162	.000000
9.97181	.090641	.000000
9.99103	.091251	.000000
10.01031	.091748	.000000
10.02968	.092363	.000000
10.04911	.093395	.000000
10.06863	.094887	.000000
10.08822	.096854	.000000
10.10788	.098806	.000000
10.12763	.100243	.000000
10.14745	.101116	.000000
10.16734	.101617	.000000
10.18732	.102036	.000000
10.20737	.102795	.000000
10.2275	.104217	.000000
10.24771	.106448	.000000
10.268	.109251	.000000
10.28838	.112143	.000000
10.30883	.114474	.000000
10.32937	.116128	.000000
10.34998	.117639	.000000
10.37069	.119784	.000000
10.39147	.122866	.000000
10.41234	.126271	.000000
10.43329	.129066	.000000
10.45432	.131028	.000000
10.47544	.132503	.000000
10.49665	.133729	.000000
10.51794	.134702	.000000
10.53932	.135185	.000000
10.56079	.135071	.000000
10.58234	.134885	.000000
10.60398	.134873	.000000
10.62571	.134733	.000000
10.64753	.134287	.000000
10.66944	.133692	.000000
10.69144	.133300	.000000
10.71353	.133353	.000000
10.73571	.133362	.000000
10.75799	.132743	.000000
10.78035	.131420	.000000
10.80281	.129825	.000000
10.82536	.128266	.000000
10.848	.126624	.000000
10.87075	.124984	.000000
10.89358	.123719	.000000
10.91652	.123146	.000000
10.93955	.123128	.000000
10.96268	.122948	.000000
10.98591	.122437	.000000
11.00923	.121759	.000000
11.03266	.121179	.000000
11.05618	.120539	.000000
11.0798	.119548	.000000
11.10353	.118329	.000000
11.12736	.117175	.000000
11.15129	.116100	.000000
11.17532	.115041	.000000
11.19946	.114032	.000000
11.2237	.113012	.000000
11.24805	.112044	.000000
11.2725	.111400	.000000
11.29706	.110966	.000000
11.32172	.110648	.000000
11.34649	.110671	.000000
11.37138	.110881	.000000
11.39637	.111029	.000000
11.42147	.111210	.000000
11.44668	.111503	.000000
11.47201	.111796	.000000
11.49745	.111909	.000000
11.523	.111964	.000000
11.54866	.112209	.000000
11.57444	.112819	.000000
11.60033	.113736	.000000
11.62634	.114913	.000000
11.65247	.116082	.000000
11.67872	.117059	.000000
11.70508	.117900	.000000
11.73157	.118695	.000000
11.75817	.119402	.000000
11.78489	.120067	.000000
11.81174	.120598	.000000
11.8387	.121043	.000000
11.86579	.121530	.000000
11.893	.122025	.000000
11.92034	.122414	.000000
11.94781	.122667	.000000
11.9754	.122832	.000000
12.00312	.123112	.000000
12.03097	.123308	.000000
12.05896	.123393	.000000
12.08707	.123315	.000000
12.11531	.123061	.000000
12.14368	.122630	.000000
12.17219	.122020	.000000
12.20083	.121174	.000000
12.2296	.120241	.000000
12.25852	.119083	.000000
12.28757	.117717	.000000
12.31676	.116089	.000000
12.34608	.114209	.000000
12.37555	.112115	.000000
12.40515	.109760	.000000
12.4349	.107037	.000000
12.46478	.104013	.000000
12.49482	.100752	.000000
12.525	.097494	.000000
12.55533	.094156	.000000
12.5858	.090662	.000000
12.61642	.086991	.000000
12.6472	.083160	.000000
12.67813	.078884	.000000
12.7092	.074218	.000000
12.74043	.069398	.000000
12.77181	.064817	.000000
12.80334	.060899	.000000
12.83503	.058058	.000000
12.86688	.056540	.000000
12.8989	.056480	.000000
12.93106	.057201	.000000
12.96339	.058111	.000000
12.99588	.058743	.000000
13.02853	.058971	.000000
13.06135	.059237	.000000
13.09433	.060259	.000000
13.12749	.062277	.000000
13.16081	.064473	.000000
13.1943	.066018	.000000
13.22796	.066748	.000000
13.26179	.066778	.000000
13.29579	.066339	.000000
13.32997	.065796	.000000
13.36432	.065257	.000000
13.39885	.064485	.000000
13.43356	.063261	.000000
13.46846	.061619	.000000
13.50353	.059927	.000000
13.53879	.058556	.000000
13.57423	.057957	.000000
13.60986	.058166	.000000
13.64568	.059078	.000000
13.68169	.060419	.000000
13.71788	.061940	.000000
13.75427	.063198	.000000
13.79085	.063861	.000000
13.82763	.063864	.000000
13.8646	.063662	.000000
13.90177	.063253	.000000
13.93915	.062520	.000000
13.97672	.061511	.000000
14.01449	.060154	.000000
14.05247	.058523	.000000
14.09066	.056753	.000000
14.12904	.054754	.000000
14.16764	.052821	.000000
14.20646	.051228	.000000
14.24549	.050230	.000000
14.28473	.049843	.000000
14.3242	.049855	.000000
14.36388	.049744	.000000
14.40378	.049318	.000000
14.4439	.049244	.000000
14.48425	.049765	.000000
14.52482	.050597	.000000
14.56562	.051223	.000000
14.60665	.051272	.000000
14.64792	.051139	.000000
14.68942	.050909	.000000
14.73115	.050762	.000000
14.77312	.050565	.000000
14.81533	.050403	.000000
14.85778	.050794	.000000
14.90048	.052136	.000000
14.94342	.053848	.000000
14.98659	.055389	.000000
15.03003	.056611	.000000
15.07372	.057331	.000000
15.11767	.057398	.000000
15.16187	.056987	.000000
15.20634	.056673	.000000
15.25106	.057052	.000000
15.29606	.058097	.000000
15.34131	.060172	.000000
15.38684	.063490	.000000
15.43263	.067812	.000000
15.4787	.073152	.000000
15.52504	.079271	.000000
15.57167	.085579	.000000
15.61858	.092095	.000000
15.66576	.098225	.000000
15.71324	.103574	.000000
15.761	.108293	.000000
15.80905	.112580	.000000
15.8574	.116538	.000000
15.90604	.119604	.000000
15.95496	.121307	.000000
16.00421	.121598	.000000
16.05376	.119743	.000000
16.10362	.115955	.000000
16.15378	.110811	.000000
16.20426	.105423	.000000
16.25506	.100686	.000000
16.30619	.097946	.000000
16.35763	.097863	.000000
16.40939	.099856	.000000
16.46149	.103043	.000000
16.51391	.106379	.000000
16.56667	.108586	.000000
16.61977	.109013	.000000
16.67322	.107722	.000000
16.72701	.106269	.000000
16.78114	.107114	.000000
16.83563	.110870	.000000
16.89046	.116527	.000000
16.94566	.122323	.000000
17.00122	.126445	.000000
17.05716	.128563	.000000
17.11345	.129183	.000000
17.17012	.128204	.000000
17.22716	.126051	.000000
17.28459	.123288	.000000
17.3424	.120473	.000000
17.4006	.118631	.000000
17.45916	.118196	.000000
17.51815	.118652	.000000
17.57753	.119237	.000000
17.63732	.119427	.000000
17.69752	.119110	.000000
17.75813	.117792	.000000
17.81915	.115336	.000000
17.88061	.112526	.000000
17.94248	.110070	.000000
18.00478	.108784	.000000
18.06752	.108715	.000000
18.13069	.109162	.000000
18.19431	.110531	.000000
18.25837	.113450	.000000
18.3229	.117294	.000000
18.38788	.121603	.000000
18.45331	.124783	.000000
18.51922	.126417	.000000
18.5856	.126342	.000000
18.65245	.124168	.000000
18.71979	.121121	.000000
18.78759	.118469	.000000
18.85591	.115655	.000000
18.92473	.112853	.000000
18.99405	.110645	.000000
19.06388	.109369	.000000
19.13423	.107759	.000000
19.2051	.106243	.000000
19.27651	.105363	.000000
19.34844	.104200	.000000
19.4209	.102392	.000000
19.49392	.100851	.000000
19.56748	.100326	.000000
19.6416	.100660	.000000
19.71628	.100261	.000000
19.79152	.098471	.000000
19.86735	.096256	.000000
19.94376	.093640	.000000
20.02076	.090095	.000000
20.09836	.086484	.000000
20.17656	.083455	.000000
20.25538	.080798	.000000
20.33483	.079133	.000000
20.41489	.079791	.000000
20.49558	.083944	.000000
20.57691	.089813	.000000
20.65889	.093633	.000000
20.74153	.094878	.000000
20.82483	.094373	.000000
20.90878	.093041	.000000
20.99343	.091194	.000000
21.07877	.090668	.000000
21.16481	.091932	.000000
21.25155	.094518	.000000
21.339	.097118	.000000
21.42718	.098404	.000000
21.51611	.097136	.000000
21.60576	.093849	.000000
21.69616	.090551	.000000
21.78732	.087811	.000000
21.87925	.086074	.000000
21.97196	.084350	.000000
22.06546	.082859	.000000
22.15973	.080498	.000000
22.25484	.077820	.000000
22.35076	.075499	.000000
22.44752	.072482	.000000
22.54512	.070201	.000000
22.64357	.069598	.000000
22.74288	.070875	.000000
22.8431	.074495	.000000
22.94417	.080876	.000000
23.04615	.086542	.000000
23.14903	.092867	.000000
23.25284	.099134	.000000
23.35758	.104031	.000000
23.46327	.107087	.000000
23.5699	.108997	.000000
23.67752	.110050	.000000
23.78613	.111145	.000000
23.89575	.113138	.000000
24.00638	.117902	.000000
24.11803	.120919	.000000
24.23073	.123409	.000000
24.34452	.125704	.000000
24.45936	.128282	.000000
24.57528	.132420	.000000
24.6923	.135988	.000000
24.81045	.136815	.000000
24.92973	.136237	.000000
25.05016	.137467	.000000
