Brown University Keck/NASA Relab Spectrum KW-JFM-003-C/BKR0KW003C
Wavelength(micron)	Reflectance	Standard Deviation
0.3	.210454	.004096
0.305	.233939	.003511
0.31	.281005	.002813
0.315	.342199	.003869
0.32	.412029	.002893
0.325	.478789	.005874
0.33	.543659	.003342
0.335	.590672	.005609
0.34	.633056	.003805
0.345	.662159	.003753
0.35	.685180	.003910
0.355	.702581	.004939
0.36	.716280	.006485
0.365	.724751	.010223
0.37	.735757	.004519
0.375	.737826	.007952
0.38	.743035	.004267
0.385	.736579	.004459
0.39	.727919	.004357
0.395	.736208	.005340
0.4	.759789	.004892
0.405	.772036	.007249
0.41	.782271	.004924
0.415	.785243	.007283
0.42	.788605	.004856
0.425	.782117	.007706
0.43	.787444	.005071
0.435	.792120	.005831
0.44	.798480	.004757
0.445	.798943	.005919
0.45	.801315	.004205
0.455	.800369	.006475
0.46	.805500	.004484
0.465	.808949	.004992
0.47	.814791	.005017
0.475	.818127	.005615
0.48	.823160	.004931
0.485	.824508	.005573
0.49	.828179	.004756
0.495	.828983	.005655
0.5	.832939	.004782
0.505	.833984	.005367
0.51	.837354	.004660
0.515	.837832	.005021
0.52	.840972	.004708
0.525	.842342	.004950
0.53	.845570	.004814
0.535	.846887	.005110
0.54	.850323	.004885
0.545	.851565	.004994
0.55	.854351	.004835
0.555	.855142	.004846
0.56	.857653	.005036
0.565	.858517	.004831
0.57	.861080	.005010
0.575	.862065	.004869
0.58	.864166	.004992
0.585	.865072	.004875
0.59	.867206	.004851
0.595	.867949	.004986
0.6	.869785	.004919
0.605	.870419	.004849
0.61	.872045	.004841
0.615	.873129	.004909
0.62	.874215	.004954
0.625	.874596	.004830
0.63	.876046	.005086
0.635	.876717	.004909
0.64	.877636	.005025
0.645	.878396	.004982
0.65	.879489	.004933
0.655	.880562	.005205
0.66	.881284	.005214
0.665	.882740	.005598
0.67	.883228	.005135
0.675	.882932	.005092
0.68	.884017	.004863
0.685	.883360	.004766
0.69	.884806	.004986
0.695	.884933	.004860
0.7	.886202	.005046
0.705	.886562	.004982
0.71	.887810	.005027
0.715	.889207	.004958
0.72	.889657	.005276
0.725	.890897	.005050
0.73	.891124	.005039
0.735	.892522	.005403
0.74	.892117	.005134
0.745	.892494	.005133
0.75	.893337	.005130
0.755	.893460	.005253
0.76	.894472	.004936
0.765	.894230	.005256
0.77	.894603	.005098
0.775	.895346	.005097
0.78	.895094	.005048
0.785	.896185	.005144
0.79	.896105	.004948
0.795	.897061	.005452
0.8	.896389	.005204
0.805	.897894	.006089
0.81	.897222	.005183
0.815	.897718	.005784
0.82	.897665	.005304
0.825	.897965	.005662
0.83	.897844	.005623
0.835	.897977	.005545
0.84	.898519	.005045
0.845	.897931	.004954
0.85	.898245	.005034
0.855	.897646	.004981
0.86	.897250	.005193
0.865	.897796	.005360
0.87	.897175	.005088
0.875	.896239	.004918
0.88	.895308	.005162
0.885	.896356	.007434
0.89	.894152	.005254
0.895	.896757	.015410
0.89909	.893531	.000000
0.89924	.893655	.000000
0.8994	.893006	.000000
0.89956	.893226	.000000
0.89971	.893571	.000000
0.89987	.893282	.000000
0.90002	.893276	.000000
0.90018	.892944	.000000
0.90034	.892709	.000000
0.90049	.892584	.000000
0.90065	.892116	.000000
0.90081	.892693	.000000
0.90096	.892784	.000000
0.90112	.892419	.000000
0.90128	.892985	.000000
0.90143	.892815	.000000
0.90159	.892190	.000000
0.90175	.891667	.000000
0.9019	.891160	.000000
0.90206	.890911	.000000
0.90222	.891187	.000000
0.90237	.892011	.000000
0.90253	.892532	.000000
0.90269	.892258	.000000
0.90284	.892009	.000000
0.903	.892182	.000000
0.90316	.893086	.000000
0.90332	.893091	.000000
0.90347	.892794	.000000
0.90363	.892100	.000000
0.90379	.891385	.000000
0.90395	.891877	.000000
0.9041	.891867	.000000
0.90426	.891842	.000000
0.90442	.892378	.000000
0.90458	.892332	.000000
0.90474	.891817	.000000
0.90489	.891208	.000000
0.90505	.891084	.000000
0.90521	.891288	.000000
0.90537	.891280	.000000
0.90553	.890930	.000000
0.90568	.890623	.000000
0.90584	.891092	.000000
0.906	.891696	.000000
0.90616	.891999	.000000
0.90632	.891628	.000000
0.90648	.891459	.000000
0.90663	.891364	.000000
0.90679	.891171	.000000
0.90695	.890930	.000000
0.90711	.890423	.000000
0.90727	.890796	.000000
0.90743	.891587	.000000
0.90759	.891910	.000000
0.90774	.892094	.000000
0.9079	.892639	.000000
0.90806	.892108	.000000
0.90822	.891121	.000000
0.90838	.891107	.000000
0.90854	.891373	.000000
0.9087	.891319	.000000
0.90886	.891008	.000000
0.90902	.890219	.000000
0.90918	.890474	.000000
0.90934	.890998	.000000
0.9095	.891945	.000000
0.90966	.891653	.000000
0.90982	.890472	.000000
0.90998	.890192	.000000
0.91013	.890594	.000000
0.91029	.890757	.000000
0.91045	.890907	.000000
0.91061	.890853	.000000
0.91077	.890489	.000000
0.91093	.890501	.000000
0.91109	.889788	.000000
0.91125	.889471	.000000
0.91141	.890421	.000000
0.91158	.890540	.000000
0.91174	.890392	.000000
0.9119	.890466	.000000
0.91206	.890487	.000000
0.91222	.891210	.000000
0.91238	.891286	.000000
0.91254	.890946	.000000
0.9127	.890755	.000000
0.91286	.890153	.000000
0.91302	.889685	.000000
0.91318	.890373	.000000
0.91334	.890790	.000000
0.9135	.890429	.000000
0.91366	.889550	.000000
0.91382	.889735	.000000
0.91399	.890565	.000000
0.91415	.890106	.000000
0.91431	.889346	.000000
0.91447	.890126	.000000
0.91463	.890512	.000000
0.91479	.890201	.000000
0.91495	.889854	.000000
0.91511	.890376	.000000
0.91528	.890376	.000000
0.91544	.889815	.000000
0.9156	.889500	.000000
0.91576	.889844	.000000
0.91592	.890709	.000000
0.91608	.890771	.000000
0.91625	.889927	.000000
0.91641	.889671	.000000
0.91657	.890021	.000000
0.91673	.889578	.000000
0.91689	.889004	.000000
0.91706	.889218	.000000
0.91722	.888697	.000000
0.91738	.888915	.000000
0.91754	.889144	.000000
0.91771	.889543	.000000
0.91787	.889997	.000000
0.91803	.888734	.000000
0.91819	.888207	.000000
0.91836	.889613	.000000
0.91852	.889966	.000000
0.91868	.889578	.000000
0.91884	.889754	.000000
0.91901	.889865	.000000
0.91917	.889204	.000000
0.91933	.889356	.000000
0.9195	.889753	.000000
0.91966	.889461	.000000
0.91982	.888089	.000000
0.91999	.887292	.000000
0.92015	.888011	.000000
0.92031	.888639	.000000
0.92048	.889772	.000000
0.92064	.890680	.000000
0.9208	.889653	.000000
0.92097	.888493	.000000
0.92113	.888182	.000000
0.92129	.888761	.000000
0.92146	.888684	.000000
0.92162	.888068	.000000
0.92179	.888581	.000000
0.92195	.888771	.000000
0.92211	.888880	.000000
0.92228	.888563	.000000
0.92244	.888734	.000000
0.92261	.889004	.000000
0.92277	.888777	.000000
0.92293	.888769	.000000
0.9231	.888392	.000000
0.92326	.889121	.000000
0.92343	.889375	.000000
0.92359	.889002	.000000
0.92376	.888824	.000000
0.92392	.888375	.000000
0.92409	.888079	.000000
0.92425	.888064	.000000
0.92441	.888884	.000000
0.92458	.889548	.000000
0.92474	.888641	.000000
0.92491	.887834	.000000
0.92507	.887908	.000000
0.92524	.888324	.000000
0.9254	.888264	.000000
0.92557	.888546	.000000
0.92574	.888816	.000000
0.9259	.888165	.000000
0.92607	.887599	.000000
0.92623	.887465	.000000
0.9264	.887930	.000000
0.92656	.888099	.000000
0.92673	.887846	.000000
0.92689	.888089	.000000
0.92706	.888478	.000000
0.92723	.888003	.000000
0.92739	.887846	.000000
0.92756	.888398	.000000
0.92772	.888425	.000000
0.92789	.888734	.000000
0.92805	.888316	.000000
0.92822	.888377	.000000
0.92839	.888551	.000000
0.92855	.887922	.000000
0.92872	.887607	.000000
0.92889	.888079	.000000
0.92905	.888579	.000000
0.92922	.887992	.000000
0.92939	.886857	.000000
0.92955	.886723	.000000
0.92972	.887562	.000000
0.92989	.887681	.000000
0.93005	.887706	.000000
0.93022	.887518	.000000
0.93039	.887360	.000000
0.93055	.887679	.000000
0.93072	.887611	.000000
0.93089	.887642	.000000
0.93105	.888077	.000000
0.93122	.887937	.000000
0.93139	.887304	.000000
0.93156	.886923	.000000
0.93172	.886314	.000000
0.93189	.886585	.000000
0.93206	.887444	.000000
0.93223	.887601	.000000
0.93239	.887558	.000000
0.93256	.887391	.000000
0.93273	.887148	.000000
0.9329	.886870	.000000
0.93307	.887420	.000000
0.93323	.887613	.000000
0.9334	.886971	.000000
0.93357	.887104	.000000
0.93374	.887247	.000000
0.93391	.887278	.000000
0.93407	.887720	.000000
0.93424	.887994	.000000
0.93441	.887654	.000000
0.93458	.887047	.000000
0.93475	.887257	.000000
0.93492	.886629	.000000
0.93508	.886159	.000000
0.93525	.886625	.000000
0.93542	.887104	.000000
0.93559	.887290	.000000
0.93576	.887267	.000000
0.93593	.887022	.000000
0.9361	.886480	.000000
0.93627	.885916	.000000
0.93644	.886270	.000000
0.93661	.886956	.000000
0.93677	.886507	.000000
0.93694	.886554	.000000
0.93711	.887045	.000000
0.93728	.886777	.000000
0.93745	.886585	.000000
0.93762	.887129	.000000
0.93779	.887113	.000000
0.93796	.886435	.000000
0.93813	.886658	.000000
0.9383	.887001	.000000
0.93847	.886377	.000000
0.93864	.886060	.000000
0.93881	.886132	.000000
0.93898	.886157	.000000
0.93915	.886221	.000000
0.93932	.886266	.000000
0.93949	.886414	.000000
0.93966	.886126	.000000
0.93983	.886243	.000000
0.94	.886309	.000000
0.94017	.886015	.000000
0.94034	.885780	.000000
0.94051	.886231	.000000
0.94068	.886482	.000000
0.94085	.886011	.000000
0.94102	.886254	.000000
0.9412	.886612	.000000
0.94137	.886291	.000000
0.94154	.885924	.000000
0.94171	.885465	.000000
0.94188	.885374	.000000
0.94205	.885873	.000000
0.94222	.886565	.000000
0.94239	.886666	.000000
0.94256	.886130	.000000
0.94274	.885937	.000000
0.94291	.885520	.000000
0.94308	.885685	.000000
0.94325	.885836	.000000
0.94342	.885417	.000000
0.94359	.885603	.000000
0.94377	.885809	.000000
0.94394	.885518	.000000
0.94411	.885522	.000000
0.94428	.885885	.000000
0.94445	.885792	.000000
0.94463	.885768	.000000
0.9448	.885535	.000000
0.94497	.885329	.000000
0.94514	.884991	.000000
0.94531	.884861	.000000
0.94549	.884608	.000000
0.94566	.884911	.000000
0.94583	.885354	.000000
0.946	.885238	.000000
0.94618	.885590	.000000
0.94635	.885829	.000000
0.94652	.885354	.000000
0.94669	.884896	.000000
0.94687	.884633	.000000
0.94704	.884375	.000000
0.94721	.884773	.000000
0.94739	.885018	.000000
0.94756	.885121	.000000
0.94773	.884997	.000000
0.94791	.884991	.000000
0.94808	.884773	.000000
0.94825	.884538	.000000
0.94843	.885257	.000000
0.9486	.885698	.000000
0.94877	.885967	.000000
0.94895	.886198	.000000
0.94912	.885191	.000000
0.94929	.884766	.000000
0.94947	.884837	.000000
0.94964	.884810	.000000
0.94982	.885080	.000000
0.94999	.885273	.000000
0.95016	.885150	.000000
0.95034	.884921	.000000
0.95051	.884293	.000000
0.95069	.883667	.000000
0.95086	.884087	.000000
0.95104	.884445	.000000
0.95121	.884977	.000000
0.95139	.885012	.000000
0.95156	.884229	.000000
0.95173	.884122	.000000
0.95191	.884227	.000000
0.95208	.884536	.000000
0.95226	.884118	.000000
0.95243	.883922	.000000
0.95261	.884159	.000000
0.95278	.884317	.000000
0.95296	.884795	.000000
0.95313	.884791	.000000
0.95331	.884252	.000000
0.95348	.884264	.000000
0.95366	.884221	.000000
0.95384	.884493	.000000
0.95401	.884270	.000000
0.95419	.883450	.000000
0.95436	.883170	.000000
0.95454	.883529	.000000
0.95471	.883815	.000000
0.95489	.883537	.000000
0.95507	.883607	.000000
0.95524	.884563	.000000
0.95542	.884670	.000000
0.95559	.884439	.000000
0.95577	.884216	.000000
0.95595	.883584	.000000
0.95612	.883557	.000000
0.9563	.884107	.000000
0.95647	.883957	.000000
0.95665	.883632	.000000
0.95683	.883139	.000000
0.957	.883238	.000000
0.95718	.883662	.000000
0.95736	.883704	.000000
0.95753	.883700	.000000
0.95771	.883994	.000000
0.95789	.883518	.000000
0.95807	.883174	.000000
0.95824	.883275	.000000
0.95842	.883158	.000000
0.9586	.883751	.000000
0.95877	.883751	.000000
0.95895	.884058	.000000
0.95913	.884324	.000000
0.95931	.883456	.000000
0.95948	.883014	.000000
0.95966	.882941	.000000
0.95984	.883228	.000000
0.96002	.883376	.000000
0.96019	.882830	.000000
0.96037	.882593	.000000
0.96055	.882703	.000000
0.96073	.883230	.000000
0.96091	.883769	.000000
0.96108	.883285	.000000
0.96126	.882921	.000000
0.96144	.883250	.000000
0.96162	.883378	.000000
0.9618	.882927	.000000
0.96198	.883298	.000000
0.96215	.883473	.000000
0.96233	.883009	.000000
0.96251	.882496	.000000
0.96269	.882251	.000000
0.96287	.882733	.000000
0.96305	.883032	.000000
0.96323	.882911	.000000
0.96341	.882531	.000000
0.96359	.882472	.000000
0.96376	.882499	.000000
0.96394	.882367	.000000
0.96412	.882602	.000000
0.9643	.882309	.000000
0.96448	.881947	.000000
0.96466	.881998	.000000
0.96484	.882439	.000000
0.96502	.882707	.000000
0.9652	.882290	.000000
0.96538	.882348	.000000
0.96556	.882459	.000000
0.96574	.881934	.000000
0.96592	.881574	.000000
0.9661	.881944	.000000
0.96628	.881854	.000000
0.96646	.881652	.000000
0.96664	.882047	.000000
0.96682	.882301	.000000
0.967	.881724	.000000
0.96718	.881656	.000000
0.96736	.881852	.000000
0.96754	.881916	.000000
0.96772	.881769	.000000
0.9679	.881666	.000000
0.96808	.881605	.000000
0.96826	.881298	.000000
0.96844	.881401	.000000
0.96863	.881520	.000000
0.96881	.881491	.000000
0.96899	.881388	.000000
0.96917	.881697	.000000
0.96935	.881615	.000000
0.96953	.881403	.000000
0.96971	.881170	.000000
0.96989	.880867	.000000
0.97008	.880999	.000000
0.97026	.881294	.000000
0.97044	.881104	.000000
0.97062	.881339	.000000
0.9708	.881351	.000000
0.97098	.881335	.000000
0.97117	.881959	.000000
0.97135	.882089	.000000
0.97153	.881392	.000000
0.97171	.881234	.000000
0.97189	.881473	.000000
0.97208	.881524	.000000
0.97226	.881619	.000000
0.97244	.881147	.000000
0.97262	.880980	.000000
0.97281	.881403	.000000
0.97299	.881396	.000000
0.97317	.880912	.000000
0.97335	.880933	.000000
0.97354	.881063	.000000
0.97372	.880978	.000000
0.9739	.881209	.000000
0.97409	.880952	.000000
0.97427	.880838	.000000
0.97445	.881287	.000000
0.97463	.881283	.000000
0.97482	.880503	.000000
0.975	.880723	.000000
0.97518	.880923	.000000
0.97537	.880515	.000000
0.97555	.880414	.000000
0.97573	.880496	.000000
0.97592	.880575	.000000
0.9761	.880478	.000000
0.97629	.880515	.000000
0.97647	.880812	.000000
0.97665	.880457	.000000
0.97684	.880428	.000000
0.97702	.880682	.000000
0.97721	.880467	.000000
0.97739	.880478	.000000
0.97757	.880645	.000000
0.97776	.880694	.000000
0.97794	.880513	.000000
0.97813	.880093	.000000
0.97831	.879749	.000000
0.9785	.879777	.000000
0.97868	.879893	.000000
0.97887	.880447	.000000
0.97905	.880610	.000000
0.97924	.880371	.000000
0.97942	.880480	.000000
0.97961	.880562	.000000
0.97979	.880451	.000000
0.97998	.880389	.000000
0.98016	.880062	.000000
0.98035	.879775	.000000
0.98053	.879911	.000000
0.98072	.879782	.000000
0.9809	.879534	.000000
0.98109	.879372	.000000
0.98127	.879899	.000000
0.98146	.880062	.000000
0.98165	.880091	.000000
0.98183	.879864	.000000
0.98202	.879483	.000000
0.9822	.879563	.000000
0.98239	.879843	.000000
0.98258	.879644	.000000
0.98276	.879761	.000000
0.98295	.879872	.000000
0.98314	.879767	.000000
0.98332	.879617	.000000
0.98351	.879462	.000000
0.9837	.879456	.000000
0.98388	.879335	.000000
0.98407	.879065	.000000
0.98426	.879054	.000000
0.98444	.879131	.000000
0.98463	.879048	.000000
0.98482	.878743	.000000
0.985	.878554	.000000
0.98519	.879026	.000000
0.98538	.879335	.000000
0.98557	.878935	.000000
0.98575	.878723	.000000
0.98594	.878908	.000000
0.98613	.879232	.000000
0.98632	.879349	.000000
0.9865	.878739	.000000
0.98669	.878675	.000000
0.98688	.879026	.000000
0.98707	.878943	.000000
0.98725	.878511	.000000
0.98744	.878027	.000000
0.98763	.878140	.000000
0.98782	.878348	.000000
0.98801	.878502	.000000
0.98819	.878737	.000000
0.98838	.878620	.000000
0.98857	.878430	.000000
0.98876	.878247	.000000
0.98895	.878558	.000000
0.98914	.878865	.000000
0.98933	.878488	.000000
0.98952	.878282	.000000
0.9897	.878272	.000000
0.98989	.878270	.000000
0.99008	.878228	.000000
0.99027	.878261	.000000
0.99046	.878404	.000000
0.99065	.878618	.000000
0.99084	.878315	.000000
0.99103	.878232	.000000
0.99122	.878336	.000000
0.99141	.878078	.000000
0.9916	.878006	.000000
0.99179	.877650	.000000
0.99198	.877404	.000000
0.99217	.877549	.000000
0.99236	.877629	.000000
0.99255	.877544	.000000
0.99274	.877666	.000000
0.99293	.877650	.000000
0.99312	.877588	.000000
0.99331	.877664	.000000
0.9935	.877707	.000000
0.99369	.877619	.000000
0.99388	.877530	.000000
0.99407	.877650	.000000
0.99426	.877264	.000000
0.99445	.877258	.000000
0.99464	.877341	.000000
0.99483	.877188	.000000
0.99502	.877394	.000000
0.99521	.877681	.000000
0.9954	.877625	.000000
0.9956	.877268	.000000
0.99579	.877098	.000000
0.99598	.877530	.000000
0.99617	.877466	.000000
0.99636	.877475	.000000
0.99655	.877495	.000000
0.99674	.877170	.000000
0.99694	.877054	.000000
0.99713	.877112	.000000
0.99732	.877262	.000000
0.99751	.877652	.000000
0.9977	.877304	.000000
0.99789	.876904	.000000
0.99809	.876879	.000000
0.99828	.877178	.000000
0.99847	.877077	.000000
0.99866	.876743	.000000
0.99886	.876828	.000000
0.99905	.876846	.000000
0.99924	.876877	.000000
0.99943	.876953	.000000
0.99963	.876836	.000000
0.99982	.876537	.000000
1.00001	.876694	.000000
1.0002	.876885	.000000
1.0004	.876857	.000000
1.00059	.876545	.000000
1.00078	.876587	.000000
1.00098	.876745	.000000
1.00117	.876589	.000000
1.00136	.876488	.000000
1.00156	.876428	.000000
1.00175	.876234	.000000
1.00194	.876197	.000000
1.00214	.876560	.000000
1.00233	.876698	.000000
1.00253	.876801	.000000
1.00272	.876436	.000000
1.00291	.875950	.000000
1.00311	.875835	.000000
1.0033	.875938	.000000
1.0035	.875928	.000000
1.00369	.875818	.000000
1.00388	.875860	.000000
1.00408	.876059	.000000
1.00427	.876010	.000000
1.00447	.876037	.000000
1.00466	.875757	.000000
1.00486	.876098	.000000
1.00505	.876327	.000000
1.00525	.876331	.000000
1.00544	.875917	.000000
1.00564	.875513	.000000
1.00583	.875581	.000000
1.00603	.875759	.000000
1.00622	.875775	.000000
1.00642	.875699	.000000
1.00661	.875699	.000000
1.00681	.875602	.000000
1.007	.875231	.000000
1.0072	.875036	.000000
1.0074	.875143	.000000
1.00759	.875388	.000000
1.00779	.875524	.000000
1.00798	.875635	.000000
1.00818	.875544	.000000
1.00837	.875342	.000000
1.00857	.875110	.000000
1.00877	.875289	.000000
1.00896	.875394	.000000
1.00916	.875104	.000000
1.00936	.875322	.000000
1.00955	.875448	.000000
1.00975	.875221	.000000
1.00995	.875343	.000000
1.01014	.875342	.000000
1.01034	.875036	.000000
1.01054	.874797	.000000
1.01073	.874994	.000000
1.01093	.875493	.000000
1.01113	.875342	.000000
1.01133	.874999	.000000
1.01152	.874877	.000000
1.01172	.874776	.000000
1.01192	.874813	.000000
1.01211	.874792	.000000
1.01231	.874609	.000000
1.01251	.874655	.000000
1.01271	.874683	.000000
1.01291	.874479	.000000
1.0131	.874467	.000000
1.0133	.874516	.000000
1.0135	.874554	.000000
1.0137	.874552	.000000
1.0139	.874599	.000000
1.01409	.874547	.000000
1.01429	.874636	.000000
1.01449	.874714	.000000
1.01469	.874593	.000000
1.01489	.874654	.000000
1.01509	.874710	.000000
1.01529	.874646	.000000
1.01548	.874418	.000000
1.01568	.874109	.000000
1.01588	.874243	.000000
1.01608	.874753	.000000
1.01628	.874496	.000000
1.01648	.874205	.000000
1.01668	.874245	.000000
1.01688	.874325	.000000
1.01708	.874401	.000000
1.01728	.874424	.000000
1.01748	.874393	.000000
1.01768	.874166	.000000
1.01788	.873967	.000000
1.01808	.873967	.000000
1.01828	.873983	.000000
1.01848	.873989	.000000
1.01868	.874045	.000000
1.01888	.874236	.000000
1.01908	.874391	.000000
1.01928	.874276	.000000
1.01948	.874315	.000000
1.01968	.874067	.000000
1.01988	.873754	.000000
1.02008	.873408	.000000
1.02028	.873592	.000000
1.02048	.873975	.000000
1.02068	.873602	.000000
1.02088	.873182	.000000
1.02108	.873509	.000000
1.02129	.873658	.000000
1.02149	.873777	.000000
1.02169	.873680	.000000
1.02189	.873377	.000000
1.02209	.873530	.000000
1.02229	.873721	.000000
1.02249	.873548	.000000
1.0227	.873384	.000000
1.0229	.873206	.000000
1.0231	.873243	.000000
1.0233	.873377	.000000
1.0235	.873359	.000000
1.02371	.873178	.000000
1.02391	.873007	.000000
1.02411	.873103	.000000
1.02431	.873042	.000000
1.02451	.872904	.000000
1.02472	.872675	.000000
1.02492	.872586	.000000
1.02512	.872650	.000000
1.02532	.872739	.000000
1.02553	.872984	.000000
1.02573	.873258	.000000
1.02593	.873037	.000000
1.02614	.872788	.000000
1.02634	.872634	.000000
1.02654	.872539	.000000
1.02675	.872766	.000000
1.02695	.872784	.000000
1.02715	.872831	.000000
1.02736	.873035	.000000
1.02756	.872893	.000000
1.02776	.872520	.000000
1.02797	.872358	.000000
1.02817	.872360	.000000
1.02838	.872333	.000000
1.02858	.872364	.000000
1.02878	.872368	.000000
1.02899	.872345	.000000
1.02919	.872156	.000000
1.0294	.871981	.000000
1.0296	.871717	.000000
1.02981	.872076	.000000
1.03001	.872199	.000000
1.03021	.872257	.000000
1.03042	.872185	.000000
1.03062	.872010	.000000
1.03083	.872005	.000000
1.03103	.871812	.000000
1.03124	.871639	.000000
1.03144	.871678	.000000
1.03165	.872032	.000000
1.03185	.872183	.000000
1.03206	.872051	.000000
1.03227	.871837	.000000
1.03247	.871466	.000000
1.03268	.871387	.000000
1.03288	.871328	.000000
1.03309	.871431	.000000
1.03329	.871880	.000000
1.0335	.871674	.000000
1.03371	.871410	.000000
1.03391	.871326	.000000
1.03412	.871379	.000000
1.03432	.871470	.000000
1.03453	.871717	.000000
1.03474	.871894	.000000
1.03494	.871783	.000000
1.03515	.871478	.000000
1.03536	.871649	.000000
1.03556	.871915	.000000
1.03577	.871662	.000000
1.03598	.871305	.000000
1.03619	.871159	.000000
1.03639	.871317	.000000
1.0366	.871480	.000000
1.03681	.871476	.000000
1.03701	.871352	.000000
1.03722	.871202	.000000
1.03743	.871379	.000000
1.03764	.871532	.000000
1.03784	.871540	.000000
1.03805	.871346	.000000
1.03826	.871002	.000000
1.03847	.870862	.000000
1.03868	.870980	.000000
1.03888	.871004	.000000
1.03909	.870796	.000000
1.0393	.870774	.000000
1.03951	.870819	.000000
1.03972	.870794	.000000
1.03993	.870798	.000000
1.04013	.870943	.000000
1.04034	.870961	.000000
1.04055	.870850	.000000
1.04076	.870720	.000000
1.04097	.870759	.000000
1.04118	.870858	.000000
1.04139	.870873	.000000
1.0416	.870864	.000000
1.04181	.870807	.000000
1.04202	.870704	.000000
1.04223	.870734	.000000
1.04244	.870906	.000000
1.04264	.870720	.000000
1.04285	.870922	.000000
1.04306	.870780	.000000
1.04327	.870444	.000000
1.04348	.870185	.000000
1.04369	.870168	.000000
1.0439	.870343	.000000
1.04411	.870438	.000000
1.04432	.870378	.000000
1.04454	.870300	.000000
1.04475	.870236	.000000
1.04496	.870232	.000000
1.04517	.870166	.000000
1.04538	.870269	.000000
1.04559	.870384	.000000
1.0458	.870152	.000000
1.04601	.869678	.000000
1.04622	.869494	.000000
1.04643	.869727	.000000
1.04664	.870003	.000000
1.04686	.869921	.000000
1.04707	.869731	.000000
1.04728	.869760	.000000
1.04749	.869583	.000000
1.0477	.869262	.000000
1.04791	.869303	.000000
1.04812	.869484	.000000
1.04834	.869645	.000000
1.04855	.869628	.000000
1.04876	.869501	.000000
1.04897	.869464	.000000
1.04919	.869457	.000000
1.0494	.869492	.000000
1.04961	.869577	.000000
1.04982	.869599	.000000
1.05004	.869429	.000000
1.05025	.869391	.000000
1.05046	.869647	.000000
1.05067	.869632	.000000
1.05089	.869521	.000000
1.0511	.869480	.000000
1.05131	.869361	.000000
1.05153	.869253	.000000
1.05174	.869291	.000000
1.05195	.869278	.000000
1.05217	.869342	.000000
1.05238	.869418	.000000
1.05259	.869486	.000000
1.05281	.869416	.000000
1.05302	.869243	.000000
1.05323	.869043	.000000
1.05345	.868980	.000000
1.05366	.869087	.000000
1.05388	.869167	.000000
1.05409	.869025	.000000
1.05431	.869138	.000000
1.05452	.869167	.000000
1.05473	.869052	.000000
1.05495	.869159	.000000
1.05516	.868866	.000000
1.05538	.868557	.000000
1.05559	.868644	.000000
1.05581	.868773	.000000
1.05602	.868759	.000000
1.05624	.868893	.000000
1.05645	.869012	.000000
1.05667	.868761	.000000
1.05688	.868532	.000000
1.0571	.868654	.000000
1.05732	.868458	.000000
1.05753	.868246	.000000
1.05775	.868314	.000000
1.05796	.868205	.000000
1.05818	.868462	.000000
1.05839	.868753	.000000
1.05861	.868716	.000000
1.05883	.868331	.000000
1.05904	.868186	.000000
1.05926	.868359	.000000
1.05948	.868088	.000000
1.05969	.867842	.000000
1.05991	.867985	.000000
1.06013	.867884	.000000
1.06034	.867894	.000000
1.06056	.867857	.000000
1.06078	.867805	.000000
1.06099	.867797	.000000
1.06121	.867978	.000000
1.06143	.868331	.000000
1.06165	.868256	.000000
1.06186	.867950	.000000
1.06208	.867616	.000000
1.0623	.867717	.000000
1.06252	.867960	.000000
1.06273	.867847	.000000
1.06295	.867719	.000000
1.06317	.867721	.000000
1.06339	.867822	.000000
1.06361	.867785	.000000
1.06382	.867758	.000000
1.06404	.867702	.000000
1.06426	.867661	.000000
1.06448	.867671	.000000
1.0647	.867527	.000000
1.06492	.867521	.000000
1.06514	.867560	.000000
1.06535	.867432	.000000
1.06557	.867365	.000000
1.06579	.867472	.000000
1.06601	.867408	.000000
1.06623	.867354	.000000
1.06645	.867616	.000000
1.06667	.867583	.000000
1.06689	.867305	.000000
1.06711	.867227	.000000
1.06733	.867319	.000000
1.06755	.867099	.000000
1.06777	.867080	.000000
1.06799	.867268	.000000
1.06821	.867422	.000000
1.06843	.867194	.000000
1.06865	.866909	.000000
1.06887	.867043	.000000
1.06909	.867126	.000000
1.06931	.867035	.000000
1.06953	.866880	.000000
1.06975	.866765	.000000
1.06997	.866744	.000000
1.07019	.866928	.000000
1.07041	.866843	.000000
1.07063	.866835	.000000
1.07085	.866800	.000000
1.07108	.866716	.000000
1.0713	.866854	.000000
1.07152	.866777	.000000
1.07174	.866782	.000000
1.07196	.866926	.000000
1.07218	.866848	.000000
1.07241	.866677	.000000
1.07263	.866658	.000000
1.07285	.866759	.000000
1.07307	.866547	.000000
1.07329	.866378	.000000
1.07352	.866345	.000000
1.07374	.866372	.000000
1.07396	.866372	.000000
1.07418	.866378	.000000
1.07441	.866431	.000000
1.07463	.866297	.000000
1.07485	.866314	.000000
1.07507	.866370	.000000
1.0753	.866197	.000000
1.07552	.866050	.000000
1.07574	.866071	.000000
1.07597	.866118	.000000
1.07619	.865966	.000000
1.07641	.865834	.000000
1.07664	.865836	.000000
1.07686	.865927	.000000
1.07708	.866184	.000000
1.07731	.866248	.000000
1.07753	.866089	.000000
1.07776	.866151	.000000
1.07798	.866184	.000000
1.0782	.865993	.000000
1.07843	.865851	.000000
1.07865	.866050	.000000
1.07888	.866217	.000000
1.0791	.866205	.000000
1.07933	.865986	.000000
1.07955	.865838	.000000
1.07978	.865824	.000000
1.08	.865984	.000000
1.08023	.865929	.000000
1.08045	.865614	.000000
1.08068	.865822	.000000
1.0809	.865851	.000000
1.08113	.865795	.000000
1.08135	.865859	.000000
1.08158	.865737	.000000
1.0818	.865443	.000000
1.08203	.865439	.000000
1.08225	.865663	.000000
1.08248	.865723	.000000
1.08271	.865655	.000000
1.08293	.865612	.000000
1.08316	.865371	.000000
1.08339	.865167	.000000
1.08361	.865173	.000000
1.08384	.865282	.000000
1.08406	.865210	.000000
1.08429	.865210	.000000
1.08452	.865228	.000000
1.08475	.865288	.000000
1.08497	.865356	.000000
1.0852	.865272	.000000
1.08543	.865193	.000000
1.08565	.865189	.000000
1.08588	.865066	.000000
1.08611	.865163	.000000
1.08634	.865327	.000000
1.08656	.865274	.000000
1.08679	.865142	.000000
1.08702	.864994	.000000
1.08725	.864808	.000000
1.08748	.864798	.000000
1.0877	.864942	.000000
1.08793	.864985	.000000
1.08816	.864786	.000000
1.08839	.864615	.000000
1.08862	.864705	.000000
1.08885	.864662	.000000
1.08907	.864468	.000000
1.0893	.864409	.000000
1.08953	.864442	.000000
1.08976	.864355	.000000
1.08999	.864355	.000000
1.09022	.864610	.000000
1.09045	.864689	.000000
1.09068	.864277	.000000
1.09091	.864075	.000000
1.09114	.864260	.000000
1.09137	.864361	.000000
1.0916	.864448	.000000
1.09183	.864499	.000000
1.09206	.864302	.000000
1.09229	.864147	.000000
1.09252	.864330	.000000
1.09275	.864279	.000000
1.09298	.864287	.000000
1.09321	.864306	.000000
1.09344	.864106	.000000
1.09367	.863966	.000000
1.0939	.863908	.000000
1.09413	.863953	.000000
1.09436	.864077	.000000
1.09459	.863972	.000000
1.09482	.863925	.000000
1.09505	.863795	.000000
1.09529	.863490	.000000
1.09552	.863430	.000000
1.09575	.863741	.000000
1.09598	.863811	.000000
1.09621	.863801	.000000
1.09644	.863830	.000000
1.09668	.863871	.000000
1.09691	.863760	.000000
1.09714	.863791	.000000
1.09737	.863986	.000000
1.0976	.863850	.000000
1.09784	.863609	.000000
1.09807	.863533	.000000
1.0983	.863498	.000000
1.09854	.863368	.000000
1.09877	.863515	.000000
1.099	.863683	.000000
1.09923	.863622	.000000
1.09947	.863646	.000000
1.0997	.863523	.000000
1.09993	.863164	.000000
1.10017	.863119	.000000
1.1004	.863154	.000000
1.10063	.863226	.000000
1.10087	.863274	.000000
1.1011	.863228	.000000
1.10134	.863109	.000000
1.10157	.862998	.000000
1.1018	.863045	.000000
1.10204	.863129	.000000
1.10227	.863171	.000000
1.10251	.863092	.000000
1.10274	.862895	.000000
1.10298	.862981	.000000
1.10321	.862998	.000000
1.10344	.863014	.000000
1.10368	.863068	.000000
1.10391	.862781	.000000
1.10415	.862549	.000000
1.10439	.862705	.000000
1.10462	.862761	.000000
1.10486	.862726	.000000
1.10509	.862730	.000000
1.10533	.862631	.000000
1.10556	.862631	.000000
1.1058	.862687	.000000
1.10603	.862569	.000000
1.10627	.862524	.000000
1.10651	.862382	.000000
1.10674	.862445	.000000
1.10698	.862678	.000000
1.10722	.862526	.000000
1.10745	.862419	.000000
1.10769	.862458	.000000
1.10792	.862520	.000000
1.10816	.862540	.000000
1.1084	.862322	.000000
1.10864	.862029	.000000
1.10887	.861949	.000000
1.10911	.861928	.000000
1.10935	.862066	.000000
1.10958	.862106	.000000
1.10982	.862046	.000000
1.11006	.861955	.000000
1.1103	.861935	.000000
1.11054	.861994	.000000
1.11077	.862151	.000000
1.11101	.862277	.000000
1.11125	.862200	.000000
1.11149	.862036	.000000
1.11173	.861957	.000000
1.11196	.861999	.000000
1.1122	.861959	.000000
1.11244	.861908	.000000
1.11268	.861895	.000000
1.11292	.861836	.000000
1.11316	.861741	.000000
1.1134	.861646	.000000
1.11364	.861692	.000000
1.11388	.861755	.000000
1.11411	.861706	.000000
1.11435	.861655	.000000
1.11459	.861704	.000000
1.11483	.861758	.000000
1.11507	.861780	.000000
1.11531	.861626	.000000
1.11555	.861407	.000000
1.11579	.861313	.000000
1.11603	.861240	.000000
1.11627	.861199	.000000
1.11651	.861240	.000000
1.11675	.861397	.000000
1.11699	.861428	.000000
1.11724	.861372	.000000
1.11748	.861311	.000000
1.11772	.861488	.000000
1.11796	.861500	.000000
1.1182	.861179	.000000
1.11844	.861107	.000000
1.11868	.861105	.000000
1.11892	.861119	.000000
1.11916	.861117	.000000
1.11941	.861185	.000000
1.11965	.861152	.000000
1.11989	.861154	.000000
1.12013	.861049	.000000
1.12037	.861004	.000000
1.12062	.860929	.000000
1.12086	.860962	.000000
1.1211	.860981	.000000
1.12134	.860824	.000000
1.12159	.860695	.000000
1.12183	.860750	.000000
1.12207	.860666	.000000
1.12231	.860721	.000000
1.12256	.860721	.000000
1.1228	.860629	.000000
1.12304	.860641	.000000
1.12329	.860585	.000000
1.12353	.860540	.000000
1.12377	.860699	.000000
1.12402	.860719	.000000
1.12426	.860505	.000000
1.12451	.860406	.000000
1.12475	.860340	.000000
1.12499	.860274	.000000
1.12524	.860320	.000000
1.12548	.860398	.000000
1.12573	.860550	.000000
1.12597	.860416	.000000
1.12621	.860178	.000000
1.12646	.860221	.000000
1.1267	.860367	.000000
1.12695	.860278	.000000
1.12719	.860114	.000000
1.12744	.860178	.000000
1.12768	.860237	.000000
1.12793	.860252	.000000
1.12818	.860390	.000000
1.12842	.860256	.000000
1.12867	.859961	.000000
1.12891	.859881	.000000
1.12916	.859961	.000000
1.1294	.859928	.000000
1.12965	.859850	.000000
1.1299	.859924	.000000
1.13014	.860023	.000000
1.13039	.860101	.000000
1.13064	.860046	.000000
1.13088	.859984	.000000
1.13113	.859772	.000000
1.13138	.859599	.000000
1.13162	.859434	.000000
1.13187	.859521	.000000
1.13212	.859786	.000000
1.13236	.859926	.000000
1.13261	.859850	.000000
1.13286	.859774	.000000
1.13311	.859696	.000000
1.13335	.859778	.000000
1.1336	.859757	.000000
1.13385	.859527	.000000
1.1341	.859362	.000000
1.13435	.859312	.000000
1.13459	.859409	.000000
1.13484	.859411	.000000
1.13509	.859203	.000000
1.13534	.859137	.000000
1.13559	.859370	.000000
1.13584	.859304	.000000
1.13609	.859030	.000000
1.13633	.859191	.000000
1.13658	.859199	.000000
1.13683	.859158	.000000
1.13708	.859119	.000000
1.13733	.859240	.000000
1.13758	.859323	.000000
1.13783	.859117	.000000
1.13808	.859022	.000000
1.13833	.859071	.000000
1.13858	.858874	.000000
1.13883	.858721	.000000
1.13908	.858935	.000000
1.13933	.859084	.000000
1.13958	.858853	.000000
1.13983	.858536	.000000
1.14008	.858423	.000000
1.14033	.858468	.000000
1.14058	.858583	.000000
1.14084	.858824	.000000
1.14109	.858804	.000000
1.14134	.858668	.000000
1.14159	.858802	.000000
1.14184	.858962	.000000
1.14209	.858773	.000000
1.14234	.858470	.000000
1.1426	.858552	.000000
1.14285	.858672	.000000
1.1431	.858573	.000000
1.14335	.858711	.000000
1.1436	.858767	.000000
1.14386	.858482	.000000
1.14411	.858303	.000000
1.14436	.858377	.000000
1.14461	.858449	.000000
1.14487	.858386	.000000
1.14512	.858227	.000000
1.14537	.858025	.000000
1.14562	.857973	.000000
1.14588	.858083	.000000
1.14613	.858192	.000000
1.14638	.858186	.000000
1.14664	.858146	.000000
1.14689	.858023	.000000
1.14715	.857813	.000000
1.1474	.857854	.000000
1.14765	.858122	.000000
1.14791	.858332	.000000
1.14816	.858266	.000000
1.14842	.858048	.000000
1.14867	.857924	.000000
1.14893	.857912	.000000
1.14918	.857957	.000000
1.14943	.858017	.000000
1.14969	.857829	.000000
1.14994	.857630	.000000
1.1502	.857576	.000000
1.15045	.857687	.000000
1.15071	.857718	.000000
1.15097	.857819	.000000
1.15122	.857800	.000000
1.15148	.857704	.000000
1.15173	.857833	.000000
1.15199	.857856	.000000
1.15224	.857745	.000000
1.1525	.857578	.000000
1.15276	.857494	.000000
1.15301	.857535	.000000
1.15327	.857553	.000000
1.15353	.857601	.000000
1.15378	.857652	.000000
1.15404	.857574	.000000
1.1543	.857366	.000000
1.15455	.857378	.000000
1.15481	.857576	.000000
1.15507	.857446	.000000
1.15533	.857263	.000000
1.15558	.857411	.000000
1.15584	.857428	.000000
1.1561	.857288	.000000
1.15636	.857220	.000000
1.15661	.857166	.000000
1.15687	.857133	.000000
1.15713	.857119	.000000
1.15739	.857168	.000000
1.15765	.857251	.000000
1.15791	.857257	.000000
1.15816	.857271	.000000
1.15842	.857294	.000000
1.15868	.857195	.000000
1.15894	.857077	.000000
1.1592	.857045	.000000
1.15946	.857063	.000000
1.15972	.857102	.000000
1.15998	.856927	.000000
1.16024	.856806	.000000
1.1605	.856915	.000000
1.16076	.857003	.000000
1.16102	.857073	.000000
1.16128	.857028	.000000
1.16154	.856911	.000000
1.1618	.856795	.000000
1.16206	.856783	.000000
1.16232	.856822	.000000
1.16258	.856690	.000000
1.16284	.856701	.000000
1.1631	.856808	.000000
1.16336	.856744	.000000
1.16362	.856838	.000000
1.16388	.856789	.000000
1.16415	.856709	.000000
1.16441	.856628	.000000
1.16467	.856604	.000000
1.16493	.856482	.000000
1.16519	.856400	.000000
1.16545	.856484	.000000
1.16572	.856618	.000000
1.16598	.856665	.000000
1.16624	.856534	.000000
1.1665	.856414	.000000
1.16676	.856262	.000000
1.16703	.856186	.000000
1.16729	.856309	.000000
1.16755	.856381	.000000
1.16782	.856284	.000000
1.16808	.856256	.000000
1.16834	.856126	.000000
1.16861	.856200	.000000
1.16887	.856373	.000000
1.16913	.856225	.000000
1.1694	.856054	.000000
1.16966	.855802	.000000
1.16992	.855897	.000000
1.17019	.856120	.000000
1.17045	.856151	.000000
1.17072	.856033	.000000
1.17098	.855967	.000000
1.17125	.856021	.000000
1.17151	.856058	.000000
1.17178	.856146	.000000
1.17204	.856066	.000000
1.1723	.855874	.000000
1.17257	.855864	.000000
1.17284	.856027	.000000
1.1731	.856047	.000000
1.17337	.855996	.000000
1.17363	.855940	.000000
1.1739	.855664	.000000
1.17416	.855633	.000000
1.17443	.855774	.000000
1.1747	.855644	.000000
1.17496	.855662	.000000
1.17523	.855852	.000000
1.17549	.855856	.000000
1.17576	.855751	.000000
1.17603	.855716	.000000
1.17629	.855714	.000000
1.17656	.855615	.000000
1.17683	.855683	.000000
1.1771	.855759	.000000
1.17736	.855749	.000000
1.17763	.855671	.000000
1.1779	.855617	.000000
1.17817	.855708	.000000
1.17843	.855654	.000000
1.1787	.855530	.000000
1.17897	.855504	.000000
1.17924	.855289	.000000
1.17951	.855201	.000000
1.17977	.855318	.000000
1.18004	.855339	.000000
1.18031	.855333	.000000
1.18058	.855382	.000000
1.18085	.855263	.000000
1.18112	.855368	.000000
1.18139	.855337	.000000
1.18166	.855285	.000000
1.18193	.855234	.000000
1.18219	.855135	.000000
1.18246	.855069	.000000
1.18273	.855129	.000000
1.183	.855083	.000000
1.18327	.855221	.000000
1.18354	.855403	.000000
1.18381	.855302	.000000
1.18408	.855077	.000000
1.18436	.855015	.000000
1.18463	.855119	.000000
1.1849	.855158	.000000
1.18517	.855118	.000000
1.18544	.855100	.000000
1.18571	.855147	.000000
1.18598	.855292	.000000
1.18625	.855238	.000000
1.18652	.855100	.000000
1.1868	.855119	.000000
1.18707	.855065	.000000
1.18734	.855125	.000000
1.18761	.855203	.000000
1.18788	.855090	.000000
1.18816	.854939	.000000
1.18843	.854976	.000000
1.1887	.854931	.000000
1.18897	.854824	.000000
1.18925	.854855	.000000
1.18952	.854756	.000000
1.18979	.854752	.000000
1.19006	.854906	.000000
1.19034	.855055	.000000
1.19061	.854964	.000000
1.19088	.854698	.000000
1.19116	.854657	.000000
1.19143	.854680	.000000
1.19171	.854626	.000000
1.19198	.854575	.000000
1.19225	.854777	.000000
1.19253	.854991	.000000
1.1928	.854894	.000000
1.19308	.854810	.000000
1.19335	.854676	.000000
1.19363	.854626	.000000
1.1939	.854583	.000000
1.19418	.854674	.000000
1.19445	.854665	.000000
1.19473	.854500	.000000
1.195	.854503	.000000
1.19528	.854618	.000000
1.19555	.854447	.000000
1.19583	.854224	.000000
1.1961	.854299	.000000
1.19638	.854550	.000000
1.19666	.854536	.000000
1.19693	.854447	.000000
1.19721	.854463	.000000
1.19749	.854484	.000000
1.19776	.854521	.000000
1.19804	.854531	.000000
1.19832	.854466	.000000
1.19859	.854470	.000000
1.19887	.854424	.000000
1.19915	.854420	.000000
1.19942	.854309	.000000
1.1997	.854189	.000000
1.19998	.854076	.000000
1.20026	.854049	.000000
1.20054	.854257	.000000
1.20081	.854224	.000000
1.20109	.854134	.000000
1.20137	.854216	.000000
1.20165	.854253	.000000
1.20193	.854224	.000000
1.20221	.854111	.000000
1.20248	.854033	.000000
1.20276	.854128	.000000
1.20304	.854136	.000000
1.20332	.854173	.000000
1.2036	.854152	.000000
1.20388	.854148	.000000
1.20416	.854154	.000000
1.20444	.854066	.000000
1.20472	.854060	.000000
1.205	.854089	.000000
1.20528	.854084	.000000
1.20556	.854010	.000000
1.20584	.853903	.000000
1.20612	.853981	.000000
1.2064	.854000	.000000
1.20668	.853920	.000000
1.20696	.853899	.000000
1.20724	.853852	.000000
1.20753	.853808	.000000
1.20781	.853854	.000000
1.20809	.853885	.000000
1.20837	.853893	.000000
1.20865	.853874	.000000
1.20893	.853899	.000000
1.20921	.853878	.000000
1.2095	.853825	.000000
1.20978	.853916	.000000
1.21006	.853839	.000000
1.21034	.853773	.000000
1.21063	.853819	.000000
1.21091	.853940	.000000
1.21119	.853835	.000000
1.21148	.853602	.000000
1.21176	.853582	.000000
1.21204	.853662	.000000
1.21233	.853763	.000000
1.21261	.853792	.000000
1.21289	.853765	.000000
1.21318	.853730	.000000
1.21346	.853747	.000000
1.21374	.853697	.000000
1.21403	.853755	.000000
1.21431	.853685	.000000
1.2146	.853545	.000000
1.21488	.853541	.000000
1.21517	.853545	.000000
1.21545	.853679	.000000
1.21574	.853670	.000000
1.21602	.853654	.000000
1.21631	.853631	.000000
1.21659	.853633	.000000
1.21688	.853561	.000000
1.21716	.853442	.000000
1.21745	.853473	.000000
1.21774	.853514	.000000
1.21802	.853516	.000000
1.21831	.853545	.000000
1.21859	.853471	.000000
1.21888	.853532	.000000
1.21917	.853635	.000000
1.21945	.853668	.000000
1.21974	.853600	.000000
1.22003	.853468	.000000
1.22031	.853458	.000000
1.2206	.853499	.000000
1.22089	.853594	.000000
1.22118	.853604	.000000
1.22146	.853481	.000000
1.22175	.853314	.000000
1.22204	.853298	.000000
1.22233	.853405	.000000
1.22262	.853415	.000000
1.2229	.853333	.000000
1.22319	.853203	.000000
1.22348	.853190	.000000
1.22377	.853337	.000000
1.22406	.853458	.000000
1.22435	.853436	.000000
1.22464	.853394	.000000
1.22493	.853368	.000000
1.22522	.853326	.000000
1.22551	.853335	.000000
1.2258	.853353	.000000
1.22609	.853409	.000000
1.22638	.853349	.000000
1.22667	.853306	.000000
1.22696	.853407	.000000
1.22725	.853347	.000000
1.22754	.853155	.000000
1.22783	.853160	.000000
1.22812	.853137	.000000
1.22841	.853228	.000000
1.2287	.853392	.000000
1.22899	.853341	.000000
1.22928	.853221	.000000
1.22958	.853106	.000000
1.22987	.853065	.000000
1.23016	.853114	.000000
1.23045	.853168	.000000
1.23074	.853164	.000000
1.23103	.853122	.000000
1.23133	.853211	.000000
1.23162	.853289	.000000
1.23191	.853279	.000000
1.23221	.853242	.000000
1.2325	.853240	.000000
1.23279	.853281	.000000
1.23308	.853192	.000000
1.23338	.853071	.000000
1.23367	.853213	.000000
1.23396	.853289	.000000
1.23426	.853199	.000000
1.23455	.853190	.000000
1.23485	.853219	.000000
1.23514	.853085	.000000
1.23543	.852978	.000000
1.23573	.852972	.000000
1.23602	.853057	.000000
1.23632	.853159	.000000
1.23661	.853122	.000000
1.23691	.853106	.000000
1.2372	.853106	.000000
1.2375	.853104	.000000
1.23779	.853050	.000000
1.23809	.853085	.000000
1.23839	.852978	.000000
1.23868	.852951	.000000
1.23898	.853001	.000000
1.23927	.853028	.000000
1.23957	.853059	.000000
1.23987	.853118	.000000
1.24016	.853110	.000000
1.24046	.852999	.000000
1.24076	.853021	.000000
1.24105	.853022	.000000
1.24135	.852890	.000000
1.24165	.852859	.000000
1.24195	.852991	.000000
1.24224	.853022	.000000
1.24254	.853011	.000000
1.24284	.853108	.000000
1.24314	.853127	.000000
1.24343	.853057	.000000
1.24373	.853087	.000000
1.24403	.853112	.000000
1.24433	.852987	.000000
1.24463	.852999	.000000
1.24493	.853079	.000000
1.24523	.853092	.000000
1.24553	.853067	.000000
1.24582	.853116	.000000
1.24612	.853075	.000000
1.24642	.853015	.000000
1.24672	.852962	.000000
1.24702	.853005	.000000
1.24732	.853065	.000000
1.24762	.853061	.000000
1.24792	.853065	.000000
1.24822	.853048	.000000
1.24852	.853032	.000000
1.24883	.853050	.000000
1.24913	.853048	.000000
1.24943	.852916	.000000
1.24973	.852877	.000000
1.25003	.852844	.000000
1.25033	.852834	.000000
1.25063	.852910	.000000
1.25093	.852941	.000000
1.25124	.852906	.000000
1.25154	.852931	.000000
1.25184	.852987	.000000
1.25214	.852954	.000000
1.25245	.852954	.000000
1.25275	.852933	.000000
1.25305	.852931	.000000
1.25335	.852949	.000000
1.25366	.852855	.000000
1.25396	.852902	.000000
1.25426	.853015	.000000
1.25457	.852943	.000000
1.25487	.852921	.000000
1.25517	.852921	.000000
1.25548	.852828	.000000
1.25578	.852828	.000000
1.25609	.852813	.000000
1.25639	.852849	.000000
1.2567	.853001	.000000
1.257	.852954	.000000
1.25731	.852859	.000000
1.25761	.852898	.000000
1.25792	.853022	.000000
1.25822	.853009	.000000
1.25853	.852976	.000000
1.25883	.852989	.000000
1.25914	.852875	.000000
1.25944	.852898	.000000
1.25975	.852908	.000000
1.26005	.852904	.000000
1.26036	.852921	.000000
1.26067	.852861	.000000
1.26097	.852828	.000000
1.26128	.852778	.000000
1.26159	.852739	.000000
1.2619	.852783	.000000
1.2622	.852923	.000000
1.26251	.852980	.000000
1.26282	.852826	.000000
1.26312	.852875	.000000
1.26343	.852937	.000000
1.26374	.852964	.000000
1.26405	.852951	.000000
1.26436	.852855	.000000
1.26467	.852746	.000000
1.26497	.852766	.000000
1.26528	.852943	.000000
1.26559	.853032	.000000
1.2659	.852976	.000000
1.26621	.852875	.000000
1.26652	.852803	.000000
1.26683	.852851	.000000
1.26714	.852929	.000000
1.26745	.852978	.000000
1.26776	.852906	.000000
1.26807	.852865	.000000
1.26838	.852960	.000000
1.26869	.853007	.000000
1.269	.853013	.000000
1.26931	.852991	.000000
1.26962	.853022	.000000
1.26993	.853036	.000000
1.27024	.852908	.000000
1.27055	.852879	.000000
1.27086	.853003	.000000
1.27118	.853079	.000000
1.27149	.853042	.000000
1.2718	.852914	.000000
1.27211	.852875	.000000
1.27242	.853030	.000000
1.27274	.853032	.000000
1.27305	.853019	.000000
1.27336	.853009	.000000
1.27367	.852927	.000000
1.27399	.852927	.000000
1.2743	.853054	.000000
1.27461	.853077	.000000
1.27493	.852991	.000000
1.27524	.852970	.000000
1.27555	.853067	.000000
1.27587	.853174	.000000
1.27618	.853090	.000000
1.2765	.853015	.000000
1.27681	.853083	.000000
1.27713	.853125	.000000
1.27744	.853079	.000000
1.27776	.853036	.000000
1.27807	.853090	.000000
1.27839	.853195	.000000
1.2787	.853252	.000000
1.27902	.853252	.000000
1.27933	.853176	.000000
1.27965	.853176	.000000
1.27996	.853131	.000000
1.28028	.853127	.000000
1.2806	.853133	.000000
1.28091	.853065	.000000
1.28123	.853059	.000000
1.28155	.853011	.000000
1.28186	.853061	.000000
1.28218	.853102	.000000
1.2825	.853102	.000000
1.28281	.853242	.000000
1.28313	.853320	.000000
1.28345	.853162	.000000
1.28377	.853075	.000000
1.28408	.853112	.000000
1.2844	.853151	.000000
1.28472	.853147	.000000
1.28504	.853090	.000000
1.28536	.853159	.000000
1.28568	.853227	.000000
1.286	.853227	.000000
1.28631	.853209	.000000
1.28663	.853238	.000000
1.28695	.853300	.000000
1.28727	.853407	.000000
1.28759	.853409	.000000
1.28791	.853273	.000000
1.28823	.853312	.000000
1.28855	.853341	.000000
1.28887	.853333	.000000
1.28919	.853396	.000000
1.28951	.853316	.000000
1.28983	.853263	.000000
1.29016	.853287	.000000
1.29048	.853260	.000000
1.2908	.853349	.000000
1.29112	.853407	.000000
1.29144	.853351	.000000
1.29176	.853351	.000000
1.29208	.853328	.000000
1.29241	.853349	.000000
1.29273	.853452	.000000
1.29305	.853512	.000000
1.29337	.853399	.000000
1.2937	.853339	.000000
1.29402	.853353	.000000
1.29434	.853407	.000000
1.29467	.853423	.000000
1.29499	.853366	.000000
1.29531	.853450	.000000
1.29564	.853504	.000000
1.29596	.853469	.000000
1.29628	.853469	.000000
1.29661	.853376	.000000
1.29693	.853304	.000000
1.29726	.853322	.000000
1.29758	.853359	.000000
1.29791	.853423	.000000
1.29823	.853483	.000000
1.29856	.853522	.000000
1.29888	.853485	.000000
1.29921	.853481	.000000
1.29953	.853644	.000000
1.29986	.853679	.000000
1.30018	.853563	.000000
1.30051	.853499	.000000
1.30084	.853436	.000000
1.30116	.853464	.000000
1.30149	.853584	.000000
1.30182	.853652	.000000
1.30214	.853644	.000000
1.30247	.853594	.000000
1.3028	.853518	.000000
1.30313	.853635	.000000
1.30345	.853831	.000000
1.30378	.853753	.000000
1.30411	.853596	.000000
1.30444	.853615	.000000
1.30477	.853652	.000000
1.30509	.853631	.000000
1.30542	.853689	.000000
1.30575	.853709	.000000
1.30608	.853609	.000000
1.30641	.853712	.000000
1.30674	.853831	.000000
1.30707	.853749	.000000
1.3074	.853705	.000000
1.30773	.853652	.000000
1.30806	.853674	.000000
1.30839	.853780	.000000
1.30872	.853784	.000000
1.30905	.853854	.000000
1.30938	.853948	.000000
1.30971	.854010	.000000
1.31004	.853998	.000000
1.31037	.853955	.000000
1.3107	.853953	.000000
1.31103	.853981	.000000
1.31137	.853889	.000000
1.3117	.853833	.000000
1.31203	.853813	.000000
1.31236	.853846	.000000
1.31269	.853942	.000000
1.31303	.853924	.000000
1.31336	.853852	.000000
1.31369	.853965	.000000
1.31402	.853983	.000000
1.31436	.853913	.000000
1.31469	.853957	.000000
1.31502	.854014	.000000
1.31536	.854119	.000000
1.31569	.854134	.000000
1.31603	.854087	.000000
1.31636	.854058	.000000
1.31669	.854045	.000000
1.31703	.854064	.000000
1.31736	.854198	.000000
1.3177	.854208	.000000
1.31803	.854194	.000000
1.31837	.854222	.000000
1.3187	.854150	.000000
1.31904	.854107	.000000
1.31937	.854140	.000000
1.31971	.854113	.000000
1.32005	.854187	.000000
1.32038	.854266	.000000
1.32072	.854229	.000000
1.32106	.854171	.000000
1.32139	.854218	.000000
1.32173	.854274	.000000
1.32207	.854332	.000000
1.3224	.854371	.000000
1.32274	.854383	.000000
1.32308	.854373	.000000
1.32342	.854311	.000000
1.32375	.854311	.000000
1.32409	.854350	.000000
1.32443	.854459	.000000
1.32477	.854560	.000000
1.32511	.854492	.000000
1.32545	.854418	.000000
1.32578	.854391	.000000
1.32612	.854294	.000000
1.32646	.854328	.000000
1.3268	.854484	.000000
1.32714	.854509	.000000
1.32748	.854459	.000000
1.32782	.854408	.000000
1.32816	.854408	.000000
1.3285	.854447	.000000
1.32884	.854509	.000000
1.32918	.854564	.000000
1.32952	.854515	.000000
1.32986	.854441	.000000
1.33021	.854529	.000000
1.33055	.854597	.000000
1.33089	.854612	.000000
1.33123	.854645	.000000
1.33157	.854639	.000000
1.33191	.854758	.000000
1.33226	.854715	.000000
1.3326	.854713	.000000
1.33294	.854764	.000000
1.33328	.854744	.000000
1.33363	.854744	.000000
1.33397	.854770	.000000
1.33431	.854762	.000000
1.33466	.854744	.000000
1.335	.854684	.000000
1.33535	.854676	.000000
1.33569	.854713	.000000
1.33603	.854863	.000000
1.33638	.854919	.000000
1.33672	.854919	.000000
1.33707	.854966	.000000
1.33741	.854882	.000000
1.33776	.854933	.000000
1.3381	.855013	.000000
1.33845	.854915	.000000
1.33879	.854830	.000000
1.33914	.854972	.000000
1.33948	.855096	.000000
1.33983	.854935	.000000
1.34018	.854960	.000000
1.34052	.855151	.000000
1.34087	.855197	.000000
1.34122	.855176	.000000
1.34156	.855096	.000000
1.34191	.855154	.000000
1.34226	.855174	.000000
1.34261	.855112	.000000
1.34295	.855065	.000000
1.3433	.855083	.000000
1.34365	.855081	.000000
1.344	.855034	.000000
1.34435	.855106	.000000
1.3447	.855174	.000000
1.34504	.855248	.000000
1.34539	.855211	.000000
1.34574	.855123	.000000
1.34609	.855184	.000000
1.34644	.855355	.000000
1.34679	.855421	.000000
1.34714	.855411	.000000
1.34749	.855368	.000000
1.34784	.855430	.000000
1.34819	.855555	.000000
1.34854	.855524	.000000
1.34889	.855475	.000000
1.34925	.855526	.000000
1.3496	.855489	.000000
1.34995	.855520	.000000
1.3503	.855502	.000000
1.35065	.855463	.000000
1.351	.855566	.000000
1.35135	.855594	.000000
1.35171	.855617	.000000
1.35206	.855625	.000000
1.35241	.855720	.000000
1.35277	.855800	.000000
1.35312	.855753	.000000
1.35347	.855749	.000000
1.35383	.855736	.000000
1.35418	.855790	.000000
1.35453	.855627	.000000
1.35489	.855532	.000000
1.35524	.855588	.000000
1.35559	.855584	.000000
1.35595	.855648	.000000
1.3563	.855823	.000000
1.35666	.855912	.000000
1.35701	.855885	.000000
1.35737	.855971	.000000
1.35772	.856008	.000000
1.35808	.855910	.000000
1.35844	.855914	.000000
1.35879	.856021	.000000
1.35915	.855973	.000000
1.3595	.855809	.000000
1.35986	.855879	.000000
1.36022	.856008	.000000
1.36057	.856000	.000000
1.36093	.856050	.000000
1.36129	.856050	.000000
1.36165	.855967	.000000
1.362	.855934	.000000
1.36236	.855854	.000000
1.36272	.856010	.000000
1.36308	.856085	.000000
1.36344	.856013	.000000
1.3638	.856010	.000000
1.36415	.855990	.000000
1.36451	.855955	.000000
1.36487	.856029	.000000
1.36523	.856142	.000000
1.36559	.856324	.000000
1.36595	.856412	.000000
1.36631	.856342	.000000
1.36667	.856367	.000000
1.36703	.856348	.000000
1.36739	.856289	.000000
1.36775	.856243	.000000
1.36811	.856278	.000000
1.36848	.856225	.000000
1.36884	.856270	.000000
1.3692	.856387	.000000
1.36956	.856317	.000000
1.36992	.856218	.000000
1.37028	.856311	.000000
1.37065	.856328	.000000
1.37101	.856377	.000000
1.37137	.856523	.000000
1.37173	.856542	.000000
1.3721	.856449	.000000
1.37246	.856451	.000000
1.37282	.856579	.000000
1.37319	.856612	.000000
1.37355	.856659	.000000
1.37391	.856707	.000000
1.37428	.856705	.000000
1.37464	.856744	.000000
1.37501	.856752	.000000
1.37537	.856845	.000000
1.37574	.856822	.000000
1.3761	.856729	.000000
1.37647	.856736	.000000
1.37683	.856766	.000000
1.3772	.856898	.000000
1.37757	.856921	.000000
1.37793	.856830	.000000
1.3783	.856804	.000000
1.37866	.856863	.000000
1.37903	.856946	.000000
1.3794	.857080	.000000
1.37976	.857053	.000000
1.38013	.856968	.000000
1.3805	.856824	.000000
1.38087	.856869	.000000
1.38124	.857094	.000000
1.3816	.857170	.000000
1.38197	.857069	.000000
1.38234	.856917	.000000
1.38271	.856843	.000000
1.38308	.856995	.000000
1.38345	.857127	.000000
1.38382	.857119	.000000
1.38419	.857180	.000000
1.38455	.857203	.000000
1.38492	.857193	.000000
1.38529	.857325	.000000
1.38566	.857405	.000000
1.38604	.857475	.000000
1.38641	.857492	.000000
1.38678	.857463	.000000
1.38715	.857582	.000000
1.38752	.857492	.000000
1.38789	.857364	.000000
1.38826	.857393	.000000
1.38863	.857531	.000000
1.38901	.857648	.000000
1.38938	.857644	.000000
1.38975	.857561	.000000
1.39012	.857578	.000000
1.3905	.857687	.000000
1.39087	.857774	.000000
1.39124	.857802	.000000
1.39162	.857854	.000000
1.39199	.857815	.000000
1.39236	.857743	.000000
1.39274	.857829	.000000
1.39311	.857918	.000000
1.39349	.857887	.000000
1.39386	.857963	.000000
1.39423	.858009	.000000
1.39461	.857934	.000000
1.39499	.857936	.000000
1.39536	.857994	.000000
1.39574	.858081	.000000
1.39611	.857961	.000000
1.39649	.857879	.000000
1.39686	.858157	.000000
1.39724	.858303	.000000
1.39762	.858311	.000000
1.39799	.858215	.000000
1.39837	.858196	.000000
1.39875	.858299	.000000
1.39913	.858270	.000000
1.3995	.858180	.000000
1.39988	.858200	.000000
1.40026	.858196	.000000
1.40064	.858227	.000000
1.40102	.858373	.000000
1.4014	.858402	.000000
1.40177	.858439	.000000
1.40215	.858550	.000000
1.40253	.858532	.000000
1.40291	.858499	.000000
1.40329	.858579	.000000
1.40367	.858746	.000000
1.40405	.858777	.000000
1.40443	.858674	.000000
1.40481	.858495	.000000
1.40519	.858585	.000000
1.40557	.858740	.000000
1.40596	.858847	.000000
1.40634	.858847	.000000
1.40672	.858828	.000000
1.4071	.858800	.000000
1.40748	.858758	.000000
1.40786	.858799	.000000
1.40825	.858966	.000000
1.40863	.859030	.000000
1.40901	.859022	.000000
1.40939	.858956	.000000
1.40978	.858948	.000000
1.41016	.859057	.000000
1.41055	.859073	.000000
1.41093	.859144	.000000
1.41131	.859249	.000000
1.4117	.859207	.000000
1.41208	.859226	.000000
1.41247	.859345	.000000
1.41285	.859331	.000000
1.41324	.859247	.000000
1.41362	.859255	.000000
1.41401	.859255	.000000
1.41439	.859323	.000000
1.41478	.859382	.000000
1.41517	.859399	.000000
1.41555	.859525	.000000
1.41594	.859599	.000000
1.41632	.859586	.000000
1.41671	.859628	.000000
1.4171	.859691	.000000
1.41749	.859724	.000000
1.41787	.859797	.000000
1.41826	.859782	.000000
1.41865	.859799	.000000
1.41904	.859881	.000000
1.41943	.859955	.000000
1.41982	.859949	.000000
1.4202	.859912	.000000
1.42059	.859941	.000000
1.42098	.860058	.000000
1.42137	.860112	.000000
1.42176	.860038	.000000
1.42215	.860056	.000000
1.42254	.860147	.000000
1.42293	.860184	.000000
1.42332	.860237	.000000
1.42371	.860293	.000000
1.42411	.860355	.000000
1.4245	.860408	.000000
1.42489	.860470	.000000
1.42528	.860587	.000000
1.42567	.860622	.000000
1.42606	.860553	.000000
1.42646	.860546	.000000
1.42685	.860592	.000000
1.42724	.860622	.000000
1.42763	.860616	.000000
1.42803	.860656	.000000
1.42842	.860645	.000000
1.42881	.860678	.000000
1.42921	.860781	.000000
1.4296	.860783	.000000
1.43	.860793	.000000
1.43039	.860919	.000000
1.43079	.861000	.000000
1.43118	.861055	.000000
1.43158	.861123	.000000
1.43197	.861127	.000000
1.43237	.861121	.000000
1.43276	.861189	.000000
1.43316	.861181	.000000
1.43356	.861150	.000000
1.43395	.861181	.000000
1.43435	.861240	.000000
1.43475	.861261	.000000
1.43514	.861296	.000000
1.43554	.861407	.000000
1.43594	.861545	.000000
1.43634	.861663	.000000
1.43673	.861690	.000000
1.43713	.861646	.000000
1.43753	.861626	.000000
1.43793	.861640	.000000
1.43833	.861650	.000000
1.43873	.861700	.000000
1.43913	.861797	.000000
1.43953	.861782	.000000
1.43993	.861823	.000000
1.44033	.861873	.000000
1.44073	.861846	.000000
1.44113	.861846	.000000
1.44153	.861902	.000000
1.44193	.861953	.000000
1.44233	.862007	.000000
1.44273	.862169	.000000
1.44313	.862157	.000000
1.44353	.862091	.000000
1.44394	.862141	.000000
1.44434	.862209	.000000
1.44474	.862233	.000000
1.44514	.862264	.000000
1.44555	.862312	.000000
1.44595	.862413	.000000
1.44635	.862509	.000000
1.44676	.862534	.000000
1.44716	.862584	.000000
1.44756	.862633	.000000
1.44797	.862621	.000000
1.44837	.862584	.000000
1.44878	.862652	.000000
1.44918	.862711	.000000
1.44959	.862674	.000000
1.44999	.862697	.000000
1.4504	.862779	.000000
1.4508	.862800	.000000
1.45121	.862845	.000000
1.45162	.863002	.000000
1.45202	.862993	.000000
1.45243	.862934	.000000
1.45284	.863014	.000000
1.45324	.863051	.000000
1.45365	.863061	.000000
1.45406	.863125	.000000
1.45447	.863164	.000000
1.45488	.863228	.000000
1.45528	.863302	.000000
1.45569	.863377	.000000
1.4561	.863405	.000000
1.45651	.863467	.000000
1.45692	.863461	.000000
1.45733	.863418	.000000
1.45774	.863405	.000000
1.45815	.863459	.000000
1.45856	.863552	.000000
1.45897	.863622	.000000
1.45938	.863721	.000000
1.45979	.863822	.000000
1.4602	.863842	.000000
1.46061	.863828	.000000
1.46102	.863848	.000000
1.46144	.863877	.000000
1.46185	.863943	.000000
1.46226	.863976	.000000
1.46267	.863947	.000000
1.46309	.863966	.000000
1.4635	.864044	.000000
1.46391	.864151	.000000
1.46433	.864260	.000000
1.46474	.864266	.000000
1.46515	.864199	.000000
1.46557	.864194	.000000
1.46598	.864217	.000000
1.4664	.864301	.000000
1.46681	.864446	.000000
1.46723	.864485	.000000
1.46764	.864460	.000000
1.46806	.864493	.000000
1.46847	.864592	.000000
1.46889	.864707	.000000
1.46931	.864757	.000000
1.46972	.864753	.000000
1.47014	.864749	.000000
1.47056	.864835	.000000
1.47097	.864814	.000000
1.47139	.864816	.000000
1.47181	.864856	.000000
1.47223	.864905	.000000
1.47264	.864979	.000000
1.47306	.865024	.000000
1.47348	.865051	.000000
1.4739	.865115	.000000
1.47432	.865175	.000000
1.47474	.865162	.000000
1.47516	.865165	.000000
1.47558	.865333	.000000
1.476	.865414	.000000
1.47642	.865436	.000000
1.47684	.865469	.000000
1.47726	.865515	.000000
1.47768	.865502	.000000
1.4781	.865513	.000000
1.47852	.865593	.000000
1.47894	.865614	.000000
1.47937	.865675	.000000
1.47979	.865754	.000000
1.48021	.865735	.000000
1.48063	.865721	.000000
1.48106	.865737	.000000
1.48148	.865748	.000000
1.4819	.865780	.000000
1.48233	.865857	.000000
1.48275	.865939	.000000
1.48318	.865976	.000000
1.4836	.865989	.000000
1.48402	.865993	.000000
1.48445	.866057	.000000
1.48487	.866110	.000000
1.4853	.866108	.000000
1.48573	.866155	.000000
1.48615	.866217	.000000
1.48658	.866269	.000000
1.487	.866302	.000000
1.48743	.866351	.000000
1.48786	.866431	.000000
1.48828	.866495	.000000
1.48871	.866518	.000000
1.48914	.866473	.000000
1.48957	.866491	.000000
1.49	.866598	.000000
1.49042	.866658	.000000
1.49085	.866726	.000000
1.49128	.866699	.000000
1.49171	.866734	.000000
1.49214	.866837	.000000
1.49257	.866862	.000000
1.493	.866891	.000000
1.49343	.866930	.000000
1.49386	.866981	.000000
1.49429	.867043	.000000
1.49472	.867049	.000000
1.49515	.867006	.000000
1.49558	.866988	.000000
1.49601	.867091	.000000
1.49645	.867183	.000000
1.49688	.867255	.000000
1.49731	.867319	.000000
1.49774	.867317	.000000
1.49818	.867334	.000000
1.49861	.867389	.000000
1.49904	.867451	.000000
1.49948	.867470	.000000
1.49991	.867428	.000000
1.50034	.867428	.000000
1.50078	.867498	.000000
1.50121	.867538	.000000
1.50165	.867610	.000000
1.50208	.867686	.000000
1.50252	.867783	.000000
1.50295	.867828	.000000
1.50339	.867853	.000000
1.50382	.867921	.000000
1.50426	.867925	.000000
1.5047	.867884	.000000
1.50513	.867964	.000000
1.50557	.868020	.000000
1.50601	.868026	.000000
1.50645	.868071	.000000
1.50688	.868151	.000000
1.50732	.868213	.000000
1.50776	.868267	.000000
1.5082	.868257	.000000
1.50864	.868228	.000000
1.50908	.868308	.000000
1.50952	.868407	.000000
1.50996	.868458	.000000
1.5104	.868491	.000000
1.51084	.868547	.000000
1.51128	.868590	.000000
1.51172	.868574	.000000
1.51216	.868530	.000000
1.5126	.868574	.000000
1.51304	.868633	.000000
1.51348	.868656	.000000
1.51392	.868714	.000000
1.51437	.868695	.000000
1.51481	.868710	.000000
1.51525	.868755	.000000
1.51569	.868846	.000000
1.51614	.868930	.000000
1.51658	.868951	.000000
1.51702	.868996	.000000
1.51747	.869050	.000000
1.51791	.869155	.000000
1.51836	.869208	.000000
1.5188	.869241	.000000
1.51925	.869266	.000000
1.51969	.869280	.000000
1.52014	.869330	.000000
1.52058	.869326	.000000
1.52103	.869303	.000000
1.52148	.869330	.000000
1.52192	.869484	.000000
1.52237	.869571	.000000
1.52282	.869571	.000000
1.52326	.869620	.000000
1.52371	.869674	.000000
1.52416	.869651	.000000
1.52461	.869668	.000000
1.52506	.869663	.000000
1.52551	.869616	.000000
1.52595	.869676	.000000
1.5264	.869692	.000000
1.52685	.869758	.000000
1.5273	.869937	.000000
1.52775	.869974	.000000
1.5282	.869966	.000000
1.52865	.870005	.000000
1.5291	.870030	.000000
1.52956	.870145	.000000
1.53001	.870195	.000000
1.53046	.870197	.000000
1.53091	.870178	.000000
1.53136	.870191	.000000
1.53182	.870255	.000000
1.53227	.870261	.000000
1.53272	.870217	.000000
1.53317	.870182	.000000
1.53363	.870252	.000000
1.53408	.870351	.000000
1.53454	.870393	.000000
1.53499	.870384	.000000
1.53544	.870487	.000000
1.5359	.870576	.000000
1.53635	.870603	.000000
1.53681	.870615	.000000
1.53727	.870621	.000000
1.53772	.870638	.000000
1.53818	.870638	.000000
1.53863	.870636	.000000
1.53909	.870693	.000000
1.53955	.870745	.000000
1.54	.870732	.000000
1.54046	.870780	.000000
1.54092	.870889	.000000
1.54138	.870959	.000000
1.54184	.870943	.000000
1.5423	.870901	.000000
1.54275	.870949	.000000
1.54321	.871046	.000000
1.54367	.871011	.000000
1.54413	.871015	.000000
1.54459	.871035	.000000
1.54505	.871056	.000000
1.54551	.871097	.000000
1.54597	.871027	.000000
1.54644	.871058	.000000
1.5469	.871161	.000000
1.54736	.871179	.000000
1.54782	.871241	.000000
1.54828	.871278	.000000
1.54875	.871249	.000000
1.54921	.871239	.000000
1.54967	.871299	.000000
1.55013	.871431	.000000
1.5506	.871460	.000000
1.55106	.871445	.000000
1.55153	.871505	.000000
1.55199	.871528	.000000
1.55245	.871548	.000000
1.55292	.871631	.000000
1.55339	.871711	.000000
1.55385	.871736	.000000
1.55432	.871746	.000000
1.55478	.871806	.000000
1.55525	.871818	.000000
1.55572	.871802	.000000
1.55618	.871810	.000000
1.55665	.871907	.000000
1.55712	.872053	.000000
1.55759	.872032	.000000
1.55805	.872008	.000000
1.55852	.872059	.000000
1.55899	.872024	.000000
1.55946	.871970	.000000
1.55993	.872069	.000000
1.5604	.872127	.000000
1.56087	.872133	.000000
1.56134	.872214	.000000
1.56181	.872234	.000000
1.56228	.872244	.000000
1.56275	.872314	.000000
1.56322	.872341	.000000
1.56369	.872331	.000000
1.56416	.872341	.000000
1.56464	.872358	.000000
1.56511	.872376	.000000
1.56558	.872417	.000000
1.56605	.872471	.000000
1.56653	.872461	.000000
1.567	.872419	.000000
1.56747	.872446	.000000
1.56795	.872566	.000000
1.56842	.872607	.000000
1.5689	.872609	.000000
1.56937	.872656	.000000
1.56985	.872663	.000000
1.57032	.872673	.000000
1.5708	.872683	.000000
1.57127	.872766	.000000
1.57175	.872823	.000000
1.57223	.872801	.000000
1.5727	.872784	.000000
1.57318	.872819	.000000
1.57366	.872937	.000000
1.57414	.872955	.000000
1.57461	.872951	.000000
1.57509	.873062	.000000
1.57557	.873149	.000000
1.57605	.873089	.000000
1.57653	.873033	.000000
1.57701	.873159	.000000
1.57749	.873204	.000000
1.57797	.873116	.000000
1.57845	.873099	.000000
1.57893	.873138	.000000
1.57941	.873147	.000000
1.57989	.873147	.000000
1.58037	.873196	.000000
1.58086	.873272	.000000
1.58134	.873353	.000000
1.58182	.873421	.000000
1.5823	.873390	.000000
1.58279	.873355	.000000
1.58327	.873379	.000000
1.58375	.873351	.000000
1.58424	.873404	.000000
1.58472	.873419	.000000
1.58521	.873489	.000000
1.58569	.873567	.000000
1.58618	.873534	.000000
1.58666	.873520	.000000
1.58715	.873561	.000000
1.58763	.873684	.000000
1.58812	.873662	.000000
1.58861	.873585	.000000
1.58909	.873631	.000000
1.58958	.873674	.000000
1.59007	.873686	.000000
1.59055	.873736	.000000
1.59104	.873783	.000000
1.59153	.873732	.000000
1.59202	.873752	.000000
1.59251	.873878	.000000
1.593	.873921	.000000
1.59349	.873849	.000000
1.59398	.873839	.000000
1.59447	.873890	.000000
1.59496	.873944	.000000
1.59545	.873966	.000000
1.59594	.873983	.000000
1.59643	.874004	.000000
1.59692	.874024	.000000
1.59742	.874072	.000000
1.59791	.874094	.000000
1.5984	.874133	.000000
1.59889	.874166	.000000
1.59939	.874172	.000000
1.59988	.874162	.000000
1.60037	.874100	.000000
1.60087	.874181	.000000
1.60136	.874306	.000000
1.60186	.874288	.000000
1.60235	.874243	.000000
1.60285	.874265	.000000
1.60334	.874306	.000000
1.60384	.874387	.000000
1.60434	.874457	.000000
1.60483	.874479	.000000
1.60533	.874438	.000000
1.60583	.874368	.000000
1.60632	.874420	.000000
1.60682	.874490	.000000
1.60732	.874521	.000000
1.60782	.874615	.000000
1.60832	.874595	.000000
1.60882	.874512	.000000
1.60932	.874568	.000000
1.60981	.874632	.000000
1.61031	.874681	.000000
1.61082	.874692	.000000
1.61132	.874784	.000000
1.61182	.874840	.000000
1.61232	.874792	.000000
1.61282	.874792	.000000
1.61332	.874832	.000000
1.61382	.874941	.000000
1.61433	.874947	.000000
1.61483	.874949	.000000
1.61533	.874984	.000000
1.61584	.874964	.000000
1.61634	.875013	.000000
1.61684	.875038	.000000
1.61735	.875015	.000000
1.61785	.874998	.000000
1.61836	.875050	.000000
1.61886	.875060	.000000
1.61937	.875089	.000000
1.61987	.875114	.000000
1.62038	.875116	.000000
1.62089	.875132	.000000
1.62139	.875204	.000000
1.6219	.875254	.000000
1.62241	.875217	.000000
1.62292	.875196	.000000
1.62342	.875248	.000000
1.62393	.875330	.000000
1.62444	.875433	.000000
1.62495	.875441	.000000
1.62546	.875429	.000000
1.62597	.875464	.000000
1.62648	.875435	.000000
1.62699	.875429	.000000
1.6275	.875425	.000000
1.62801	.875495	.000000
1.62852	.875524	.000000
1.62904	.875483	.000000
1.62955	.875474	.000000
1.63006	.875551	.000000
1.63057	.875594	.000000
1.63109	.875586	.000000
1.6316	.875571	.000000
1.63211	.875555	.000000
1.63263	.875627	.000000
1.63314	.875697	.000000
1.63365	.875804	.000000
1.63417	.875827	.000000
1.63468	.875752	.000000
1.6352	.875794	.000000
1.63572	.875804	.000000
1.63623	.875787	.000000
1.63675	.875878	.000000
1.63727	.875950	.000000
1.63778	.875870	.000000
1.6383	.875886	.000000
1.63882	.875942	.000000
1.63934	.875958	.000000
1.63985	.875973	.000000
1.64037	.876006	.000000
1.64089	.875998	.000000
1.64141	.876057	.000000
1.64193	.876049	.000000
1.64245	.875944	.000000
1.64297	.875967	.000000
1.64349	.876022	.000000
1.64401	.875998	.000000
1.64454	.875983	.000000
1.64506	.875958	.000000
1.64558	.876033	.000000
1.6461	.876152	.000000
1.64663	.876224	.000000
1.64715	.876218	.000000
1.64767	.876158	.000000
1.6482	.876191	.000000
1.64872	.876272	.000000
1.64924	.876269	.000000
1.64977	.876241	.000000
1.65029	.876272	.000000
1.65082	.876280	.000000
1.65135	.876325	.000000
1.65187	.876366	.000000
1.6524	.876387	.000000
1.65292	.876420	.000000
1.65345	.876463	.000000
1.65398	.876372	.000000
1.65451	.876311	.000000
1.65504	.876399	.000000
1.65556	.876480	.000000
1.65609	.876546	.000000
1.65662	.876566	.000000
1.65715	.876634	.000000
1.65768	.876609	.000000
1.65821	.876535	.000000
1.65874	.876585	.000000
1.65927	.876651	.000000
1.6598	.876634	.000000
1.66034	.876677	.000000
1.66087	.876721	.000000
1.6614	.876684	.000000
1.66193	.876698	.000000
1.66246	.876704	.000000
1.663	.876700	.000000
1.66353	.876725	.000000
1.66407	.876787	.000000
1.6646	.876859	.000000
1.66513	.876865	.000000
1.66567	.876875	.000000
1.6662	.876949	.000000
1.66674	.876980	.000000
1.66728	.876990	.000000
1.66781	.876953	.000000
1.66835	.876955	.000000
1.66889	.876951	.000000
1.66942	.876957	.000000
1.66996	.877028	.000000
1.6705	.877069	.000000
1.67104	.877021	.000000
1.67158	.877003	.000000
1.67212	.877038	.000000
1.67265	.877091	.000000
1.67319	.877126	.000000
1.67373	.877188	.000000
1.67428	.877258	.000000
1.67482	.877266	.000000
1.67536	.877256	.000000
1.6759	.877285	.000000
1.67644	.877324	.000000
1.67698	.877291	.000000
1.67753	.877225	.000000
1.67807	.877271	.000000
1.67861	.877369	.000000
1.67916	.877386	.000000
1.6797	.877388	.000000
1.68024	.877382	.000000
1.68079	.877363	.000000
1.68133	.877429	.000000
1.68188	.877481	.000000
1.68242	.877470	.000000
1.68297	.877429	.000000
1.68352	.877448	.000000
1.68406	.877503	.000000
1.68461	.877629	.000000
1.68516	.877648	.000000
1.68571	.877596	.000000
1.68625	.877598	.000000
1.6868	.877588	.000000
1.68735	.877602	.000000
1.6879	.877631	.000000
1.68845	.877631	.000000
1.689	.877643	.000000
1.68955	.877676	.000000
1.6901	.877701	.000000
1.69065	.877732	.000000
1.6912	.877701	.000000
1.69176	.877633	.000000
1.69231	.877596	.000000
1.69286	.877662	.000000
1.69341	.877734	.000000
1.69397	.877783	.000000
1.69452	.877808	.000000
1.69508	.877771	.000000
1.69563	.877833	.000000
1.69618	.877897	.000000
1.69674	.877897	.000000
1.69729	.877971	.000000
1.69785	.877989	.000000
1.69841	.877917	.000000
1.69896	.877853	.000000
1.69952	.877775	.000000
1.70008	.877785	.000000
1.70064	.877814	.000000
1.70119	.877893	.000000
1.70175	.877940	.000000
1.70231	.877952	.000000
1.70287	.877989	.000000
1.70343	.878002	.000000
1.70399	.878025	.000000
1.70455	.878082	.000000
1.70511	.878128	.000000
1.70567	.878070	.000000
1.70623	.878012	.000000
1.70679	.878051	.000000
1.70736	.878136	.000000
1.70792	.878101	.000000
1.70848	.878020	.000000
1.70904	.878090	.000000
1.70961	.878132	.000000
1.71017	.878064	.000000
1.71074	.878128	.000000
1.7113	.878179	.000000
1.71187	.878173	.000000
1.71243	.878132	.000000
1.713	.878099	.000000
1.71356	.878107	.000000
1.71413	.878163	.000000
1.7147	.878163	.000000
1.71526	.878210	.000000
1.71583	.878222	.000000
1.7164	.878193	.000000
1.71697	.878226	.000000
1.71754	.878243	.000000
1.7181	.878309	.000000
1.71867	.878362	.000000
1.71924	.878352	.000000
1.71981	.878383	.000000
1.72039	.878401	.000000
1.72096	.878383	.000000
1.72153	.878360	.000000
1.7221	.878335	.000000
1.72267	.878333	.000000
1.72324	.878391	.000000
1.72382	.878449	.000000
1.72439	.878515	.000000
1.72496	.878556	.000000
1.72554	.878527	.000000
1.72611	.878434	.000000
1.72669	.878416	.000000
1.72726	.878471	.000000
1.72784	.878502	.000000
1.72841	.878581	.000000
1.72899	.878587	.000000
1.72957	.878537	.000000
1.73014	.878537	.000000
1.73072	.878574	.000000
1.7313	.878630	.000000
1.73188	.878655	.000000
1.73246	.878628	.000000
1.73304	.878673	.000000
1.73362	.878752	.000000
1.7342	.878785	.000000
1.73478	.878813	.000000
1.73536	.878867	.000000
1.73594	.878892	.000000
1.73652	.878958	.000000
1.7371	.879007	.000000
1.73768	.879085	.000000
1.73827	.879124	.000000
1.73885	.879106	.000000
1.73943	.879131	.000000
1.74002	.879172	.000000
1.7406	.879244	.000000
1.74118	.879250	.000000
1.74177	.879302	.000000
1.74235	.879349	.000000
1.74294	.879345	.000000
1.74353	.879368	.000000
1.74411	.879396	.000000
1.7447	.879421	.000000
1.74529	.879417	.000000
1.74588	.879464	.000000
1.74646	.879518	.000000
1.74705	.879510	.000000
1.74764	.879485	.000000
1.74823	.879501	.000000
1.74882	.879621	.000000
1.74941	.879685	.000000
1.75	.879656	.000000
1.75059	.879617	.000000
1.75118	.879607	.000000
1.75177	.879615	.000000
1.75237	.879662	.000000
1.75296	.879705	.000000
1.75355	.879699	.000000
1.75414	.879676	.000000
1.75474	.879699	.000000
1.75533	.879722	.000000
1.75593	.879709	.000000
1.75652	.879755	.000000
1.75712	.879823	.000000
1.75771	.879812	.000000
1.75831	.879808	.000000
1.75891	.879847	.000000
1.7595	.879870	.000000
1.7601	.879878	.000000
1.7607	.879883	.000000
1.7613	.879866	.000000
1.76189	.879843	.000000
1.76249	.879883	.000000
1.76309	.879932	.000000
1.76369	.879895	.000000
1.76429	.879870	.000000
1.76489	.879911	.000000
1.76549	.879955	.000000
1.76609	.879973	.000000
1.7667	.880023	.000000
1.7673	.880047	.000000
1.7679	.880060	.000000
1.7685	.880091	.000000
1.76911	.880103	.000000
1.76971	.880173	.000000
1.77032	.880247	.000000
1.77092	.880231	.000000
1.77153	.880202	.000000
1.77213	.880214	.000000
1.77274	.880268	.000000
1.77334	.880340	.000000
1.77395	.880397	.000000
1.77456	.880426	.000000
1.77516	.880412	.000000
1.77577	.880430	.000000
1.77638	.880463	.000000
1.77699	.880511	.000000
1.7776	.880482	.000000
1.77821	.880414	.000000
1.77882	.880400	.000000
1.77943	.880426	.000000
1.78004	.880474	.000000
1.78065	.880529	.000000
1.78126	.880583	.000000
1.78188	.880628	.000000
1.78249	.880606	.000000
1.7831	.880581	.000000
1.78371	.880626	.000000
1.78433	.880653	.000000
1.78494	.880692	.000000
1.78556	.880700	.000000
1.78617	.880651	.000000
1.78679	.880698	.000000
1.7874	.880807	.000000
1.78802	.880803	.000000
1.78864	.880742	.000000
1.78925	.880756	.000000
1.78987	.880830	.000000
1.79049	.880915	.000000
1.79111	.880939	.000000
1.79173	.880917	.000000
1.79235	.880952	.000000
1.79297	.880931	.000000
1.79359	.880859	.000000
1.79421	.880879	.000000
1.79483	.880987	.000000
1.79545	.880997	.000000
1.79607	.880937	.000000
1.79669	.880929	.000000
1.79732	.880896	.000000
1.79794	.880954	.000000
1.79856	.880980	.000000
1.79919	.880949	.000000
1.79981	.880976	.000000
1.80044	.881038	.000000
1.80106	.881065	.000000
1.80169	.881083	.000000
1.80232	.881094	.000000
1.80294	.881042	.000000
1.80357	.881032	.000000
1.8042	.881131	.000000
1.80483	.881178	.000000
1.80545	.881172	.000000
1.80608	.881116	.000000
1.80671	.881088	.000000
1.80734	.881116	.000000
1.80797	.881143	.000000
1.8086	.881232	.000000
1.80923	.881261	.000000
1.80987	.881197	.000000
1.8105	.881178	.000000
1.81113	.881230	.000000
1.81176	.881184	.000000
1.8124	.881190	.000000
1.81303	.881240	.000000
1.81366	.881205	.000000
1.8143	.881160	.000000
1.81493	.881221	.000000
1.81557	.881312	.000000
1.81621	.881281	.000000
1.81684	.881293	.000000
1.81748	.881294	.000000
1.81812	.881269	.000000
1.81875	.881347	.000000
1.81939	.881370	.000000
1.82003	.881339	.000000
1.82067	.881337	.000000
1.82131	.881361	.000000
1.82195	.881345	.000000
1.82259	.881353	.000000
1.82323	.881384	.000000
1.82387	.881376	.000000
1.82451	.881403	.000000
1.82516	.881396	.000000
1.8258	.881397	.000000
1.82644	.881399	.000000
1.82709	.881386	.000000
1.82773	.881376	.000000
1.82837	.881394	.000000
1.82902	.881444	.000000
1.82966	.881452	.000000
1.83031	.881450	.000000
1.83096	.881479	.000000
1.8316	.881458	.000000
1.83225	.881462	.000000
1.8329	.881456	.000000
1.83355	.881450	.000000
1.8342	.881516	.000000
1.83484	.881506	.000000
1.83549	.881462	.000000
1.83614	.881481	.000000
1.83679	.881489	.000000
1.83745	.881510	.000000
1.8381	.881567	.000000
1.83875	.881582	.000000
1.8394	.881533	.000000
1.84005	.881526	.000000
1.84071	.881551	.000000
1.84136	.881629	.000000
1.84201	.881638	.000000
1.84267	.881588	.000000
1.84332	.881603	.000000
1.84398	.881640	.000000
1.84464	.881644	.000000
1.84529	.881607	.000000
1.84595	.881652	.000000
1.84661	.881677	.000000
1.84727	.881654	.000000
1.84792	.881600	.000000
1.84858	.881654	.000000
1.84924	.881720	.000000
1.8499	.881722	.000000
1.85056	.881778	.000000
1.85122	.881798	.000000
1.85188	.881734	.000000
1.85255	.881671	.000000
1.85321	.881695	.000000
1.85387	.881761	.000000
1.85453	.881819	.000000
1.8552	.881794	.000000
1.85586	.881800	.000000
1.85653	.881827	.000000
1.85719	.881856	.000000
1.85786	.881848	.000000
1.85852	.881813	.000000
1.85919	.881751	.000000
1.85986	.881802	.000000
1.86052	.881858	.000000
1.86119	.881852	.000000
1.86186	.881774	.000000
1.86253	.881806	.000000
1.8632	.881909	.000000
1.86387	.881926	.000000
1.86454	.881901	.000000
1.86521	.881909	.000000
1.86588	.881944	.000000
1.86655	.881856	.000000
1.86722	.881738	.000000
1.8679	.881794	.000000
1.86857	.881862	.000000
1.86924	.881858	.000000
1.86992	.881819	.000000
1.87059	.881769	.000000
1.87127	.881809	.000000
1.87194	.881786	.000000
1.87262	.881767	.000000
1.8733	.881788	.000000
1.87397	.881774	.000000
1.87465	.881786	.000000
1.87533	.881794	.000000
1.87601	.881790	.000000
1.87669	.881806	.000000
1.87736	.881837	.000000
1.87804	.881757	.000000
1.87873	.881712	.000000
1.87941	.881740	.000000
1.88009	.881720	.000000
1.88077	.881681	.000000
1.88145	.881687	.000000
1.88214	.881691	.000000
1.88282	.881635	.000000
1.8835	.881592	.000000
1.88419	.881555	.000000
1.88487	.881429	.000000
1.88556	.881411	.000000
1.88624	.881413	.000000
1.88693	.881392	.000000
1.88762	.881429	.000000
1.8883	.881419	.000000
1.88899	.881349	.000000
1.88968	.881271	.000000
1.89037	.881269	.000000
1.89106	.881254	.000000
1.89175	.881151	.000000
1.89244	.881118	.000000
1.89313	.881102	.000000
1.89382	.881108	.000000
1.89451	.881129	.000000
1.89521	.881069	.000000
1.8959	.881048	.000000
1.89659	.881034	.000000
1.89729	.880974	.000000
1.89798	.880896	.000000
1.89868	.880758	.000000
1.89937	.880700	.000000
1.90007	.880673	.000000
1.90077	.880643	.000000
1.90146	.880649	.000000
1.90216	.880620	.000000
1.90286	.880593	.000000
1.90356	.880566	.000000
1.90426	.880519	.000000
1.90496	.880470	.000000
1.90566	.880500	.000000
1.90636	.880517	.000000
1.90706	.880428	.000000
1.90776	.880348	.000000
1.90846	.880329	.000000
1.90916	.880348	.000000
1.90987	.880336	.000000
1.91057	.880303	.000000
1.91128	.880237	.000000
1.91198	.880257	.000000
1.91269	.880301	.000000
1.91339	.880264	.000000
1.9141	.880245	.000000
1.9148	.880202	.000000
1.91551	.880159	.000000
1.91622	.880101	.000000
1.91693	.880043	.000000
1.91764	.880053	.000000
1.91835	.880107	.000000
1.91906	.880095	.000000
1.91977	.880055	.000000
1.92048	.880033	.000000
1.92119	.880045	.000000
1.9219	.880080	.000000
1.92261	.880082	.000000
1.92333	.879990	.000000
1.92404	.879986	.000000
1.92476	.880027	.000000
1.92547	.880014	.000000
1.92619	.880020	.000000
1.9269	.880078	.000000
1.92762	.880107	.000000
1.92834	.880093	.000000
1.92905	.880093	.000000
1.92977	.880035	.000000
1.93049	.880053	.000000
1.93121	.880138	.000000
1.93193	.880158	.000000
1.93265	.880142	.000000
1.93337	.880134	.000000
1.93409	.880132	.000000
1.93481	.880185	.000000
1.93553	.880163	.000000
1.93626	.880097	.000000
1.93698	.880033	.000000
1.9377	.880068	.000000
1.93843	.880156	.000000
1.93915	.880167	.000000
1.93988	.880126	.000000
1.94061	.880134	.000000
1.94133	.880150	.000000
1.94206	.880210	.000000
1.94279	.880274	.000000
1.94351	.880264	.000000
1.94424	.880243	.000000
1.94497	.880208	.000000
1.9457	.880222	.000000
1.94643	.880212	.000000
1.94716	.880196	.000000
1.9479	.880161	.000000
1.94863	.880126	.000000
1.94936	.880171	.000000
1.95009	.880218	.000000
1.95083	.880202	.000000
1.95156	.880152	.000000
1.9523	.880177	.000000
1.95303	.880218	.000000
1.95377	.880179	.000000
1.9545	.880179	.000000
1.95524	.880183	.000000
1.95598	.880134	.000000
1.95672	.880148	.000000
1.95746	.880202	.000000
1.9582	.880185	.000000
1.95894	.880196	.000000
1.95968	.880229	.000000
1.96042	.880210	.000000
1.96116	.880208	.000000
1.9619	.880247	.000000
1.96264	.880191	.000000
1.96339	.880105	.000000
1.96413	.880121	.000000
1.96487	.880191	.000000
1.96562	.880206	.000000
1.96636	.880169	.000000
1.96711	.880194	.000000
1.96786	.880255	.000000
1.9686	.880210	.000000
1.96935	.880206	.000000
1.9701	.880202	.000000
1.97085	.880214	.000000
1.9716	.880212	.000000
1.97235	.880208	.000000
1.9731	.880227	.000000
1.97385	.880206	.000000
1.9746	.880154	.000000
1.97535	.880140	.000000
1.97611	.880119	.000000
1.97686	.880165	.000000
1.97761	.880237	.000000
1.97837	.880177	.000000
1.97912	.880088	.000000
1.97988	.880113	.000000
1.98064	.880194	.000000
1.98139	.880154	.000000
1.98215	.880105	.000000
1.98291	.880070	.000000
1.98367	.880039	.000000
1.98443	.880016	.000000
1.98519	.880064	.000000
1.98595	.880119	.000000
1.98671	.880134	.000000
1.98747	.880128	.000000
1.98823	.880105	.000000
1.98899	.880109	.000000
1.98976	.880091	.000000
1.99052	.880086	.000000
1.99129	.880146	.000000
1.99205	.880163	.000000
1.99282	.880068	.000000
1.99358	.880016	.000000
1.99435	.880037	.000000
1.99512	.880066	.000000
1.99589	.880058	.000000
1.99665	.880023	.000000
1.99742	.880049	.000000
1.99819	.880027	.000000
1.99896	.880053	.000000
1.99973	.880037	.000000
2.00051	.880023	.000000
2.00128	.880066	.000000
2.00205	.880072	.000000
2.00282	.880023	.000000
2.0036	.880033	.000000
2.00437	.880033	.000000
2.00515	.880039	.000000
2.00592	.880051	.000000
2.0067	.879998	.000000
2.00748	.880004	.000000
2.00825	.880010	.000000
2.00903	.880016	.000000
2.00981	.880045	.000000
2.01059	.880037	.000000
2.01137	.880033	.000000
2.01215	.880014	.000000
2.01293	.879953	.000000
2.01371	.879942	.000000
2.0145	.879985	.000000
2.01528	.880006	.000000
2.01606	.879990	.000000
2.01685	.879981	.000000
2.01763	.880002	.000000
2.01842	.879985	.000000
2.0192	.879985	.000000
2.01999	.880043	.000000
2.02078	.880047	.000000
2.02157	.880055	.000000
2.02235	.880029	.000000
2.02314	.880023	.000000
2.02393	.880033	.000000
2.02472	.880035	.000000
2.02552	.880016	.000000
2.02631	.879992	.000000
2.0271	.880004	.000000
2.02789	.880002	.000000
2.02869	.880033	.000000
2.02948	.880012	.000000
2.03027	.880006	.000000
2.03107	.879955	.000000
2.03187	.879901	.000000
2.03266	.879880	.000000
2.03346	.879880	.000000
2.03426	.879913	.000000
2.03506	.879985	.000000
2.03585	.879985	.000000
2.03665	.879985	.000000
2.03745	.879963	.000000
2.03826	.879967	.000000
2.03906	.879917	.000000
2.03986	.879885	.000000
2.04066	.879911	.000000
2.04147	.879918	.000000
2.04227	.879930	.000000
2.04307	.879893	.000000
2.04388	.879856	.000000
2.04469	.879885	.000000
2.04549	.879835	.000000
2.0463	.879788	.000000
2.04711	.879788	.000000
2.04792	.879782	.000000
2.04873	.879761	.000000
2.04954	.879790	.000000
2.05035	.879819	.000000
2.05116	.879814	.000000
2.05197	.879767	.000000
2.05278	.879777	.000000
2.05359	.879827	.000000
2.05441	.879806	.000000
2.05522	.879745	.000000
2.05604	.879745	.000000
2.05685	.879738	.000000
2.05767	.879711	.000000
2.05849	.879695	.000000
2.0593	.879691	.000000
2.06012	.879670	.000000
2.06094	.879666	.000000
2.06176	.879699	.000000
2.06258	.879724	.000000
2.0634	.879747	.000000
2.06422	.879701	.000000
2.06505	.879693	.000000
2.06587	.879656	.000000
2.06669	.879594	.000000
2.06752	.879650	.000000
2.06834	.879674	.000000
2.06917	.879642	.000000
2.06999	.879580	.000000
2.07082	.879512	.000000
2.07165	.879534	.000000
2.07247	.879539	.000000
2.0733	.879553	.000000
2.07413	.879578	.000000
2.07496	.879534	.000000
2.07579	.879495	.000000
2.07662	.879464	.000000
2.07746	.879491	.000000
2.07829	.879512	.000000
2.07912	.879493	.000000
2.07996	.879448	.000000
2.08079	.879400	.000000
2.08163	.879380	.000000
2.08246	.879386	.000000
2.0833	.879353	.000000
2.08414	.879263	.000000
2.08498	.879232	.000000
2.08581	.879275	.000000
2.08665	.879297	.000000
2.08749	.879279	.000000
2.08833	.879254	.000000
2.08918	.879207	.000000
2.09002	.879201	.000000
2.09086	.879186	.000000
2.0917	.879188	.000000
2.09255	.879182	.000000
2.09339	.879164	.000000
2.09424	.879188	.000000
2.09508	.879221	.000000
2.09593	.879258	.000000
2.09678	.879217	.000000
2.09763	.879143	.000000
2.09848	.879112	.000000
2.09933	.879108	.000000
2.10018	.879112	.000000
2.10103	.879124	.000000
2.10188	.879089	.000000
2.10273	.879065	.000000
2.10359	.879056	.000000
2.10444	.879032	.000000
2.10529	.879003	.000000
2.10615	.878958	.000000
2.107	.878989	.000000
2.10786	.878993	.000000
2.10872	.878986	.000000
2.10958	.878997	.000000
2.11044	.878958	.000000
2.11129	.878997	.000000
2.11215	.878999	.000000
2.11302	.878960	.000000
2.11388	.878918	.000000
2.11474	.878931	.000000
2.1156	.878995	.000000
2.11647	.878976	.000000
2.11733	.878945	.000000
2.1182	.878993	.000000
2.11906	.879024	.000000
2.11993	.878980	.000000
2.12079	.878898	.000000
2.12166	.878848	.000000
2.12253	.878822	.000000
2.1234	.878795	.000000
2.12427	.878758	.000000
2.12514	.878696	.000000
2.12601	.878682	.000000
2.12688	.878708	.000000
2.12776	.878708	.000000
2.12863	.878712	.000000
2.1295	.878698	.000000
2.13038	.878700	.000000
2.13126	.878713	.000000
2.13213	.878747	.000000
2.13301	.878727	.000000
2.13389	.878665	.000000
2.13477	.878665	.000000
2.13564	.878638	.000000
2.13652	.878605	.000000
2.13741	.878601	.000000
2.13829	.878576	.000000
2.13917	.878556	.000000
2.14005	.878576	.000000
2.14094	.878581	.000000
2.14182	.878581	.000000
2.14271	.878579	.000000
2.14359	.878537	.000000
2.14448	.878469	.000000
2.14537	.878459	.000000
2.14625	.878463	.000000
2.14714	.878513	.000000
2.14803	.878612	.000000
2.14892	.878577	.000000
2.14981	.878502	.000000
2.15071	.878476	.000000
2.1516	.878412	.000000
2.15249	.878391	.000000
2.15339	.878387	.000000
2.15428	.878401	.000000
2.15518	.878451	.000000
2.15607	.878447	.000000
2.15697	.878389	.000000
2.15787	.878344	.000000
2.15876	.878261	.000000
2.15966	.878218	.000000
2.16056	.878282	.000000
2.16146	.878261	.000000
2.16237	.878202	.000000
2.16327	.878142	.000000
2.16417	.878158	.000000
2.16507	.878125	.000000
2.16598	.878064	.000000
2.16688	.878053	.000000
2.16779	.878053	.000000
2.1687	.878027	.000000
2.1696	.878035	.000000
2.17051	.878018	.000000
2.17142	.877940	.000000
2.17233	.877872	.000000
2.17324	.877917	.000000
2.17415	.877938	.000000
2.17507	.877919	.000000
2.17598	.877909	.000000
2.17689	.877860	.000000
2.17781	.877816	.000000
2.17872	.877785	.000000
2.17964	.877732	.000000
2.18055	.877697	.000000
2.18147	.877709	.000000
2.18239	.877713	.000000
2.18331	.877678	.000000
2.18423	.877658	.000000
2.18515	.877660	.000000
2.18607	.877650	.000000
2.18699	.877656	.000000
2.18792	.877617	.000000
2.18884	.877512	.000000
2.18976	.877468	.000000
2.19069	.877528	.000000
2.19161	.877530	.000000
2.19254	.877487	.000000
2.19347	.877475	.000000
2.1944	.877423	.000000
2.19533	.877446	.000000
2.19626	.877512	.000000
2.19719	.877542	.000000
2.19812	.877505	.000000
2.19905	.877503	.000000
2.19998	.877452	.000000
2.20092	.877433	.000000
2.20185	.877487	.000000
2.20279	.877464	.000000
2.20372	.877460	.000000
2.20466	.877406	.000000
2.2056	.877337	.000000
2.20654	.877326	.000000
2.20748	.877392	.000000
2.20842	.877462	.000000
2.20936	.877439	.000000
2.2103	.877388	.000000
2.21124	.877382	.000000
2.21219	.877349	.000000
2.21313	.877320	.000000
2.21408	.877326	.000000
2.21502	.877303	.000000
2.21597	.877287	.000000
2.21692	.877316	.000000
2.21786	.877355	.000000
2.21881	.877322	.000000
2.21976	.877279	.000000
2.22071	.877291	.000000
2.22167	.877308	.000000
2.22262	.877310	.000000
2.22357	.877289	.000000
2.22453	.877236	.000000
2.22548	.877196	.000000
2.22644	.877194	.000000
2.22739	.877207	.000000
2.22835	.877201	.000000
2.22931	.877207	.000000
2.23027	.877225	.000000
2.23123	.877260	.000000
2.23219	.877242	.000000
2.23315	.877213	.000000
2.23411	.877229	.000000
2.23507	.877196	.000000
2.23604	.877209	.000000
2.237	.877174	.000000
2.23797	.877114	.000000
2.23893	.877120	.000000
2.2399	.877145	.000000
2.24087	.877168	.000000
2.24184	.877200	.000000
2.24281	.877223	.000000
2.24378	.877194	.000000
2.24475	.877135	.000000
2.24572	.877077	.000000
2.2467	.877058	.000000
2.24767	.877130	.000000
2.24864	.877207	.000000
2.24962	.877178	.000000
2.2506	.877149	.000000
2.25157	.877149	.000000
2.25255	.877168	.000000
2.25353	.877203	.000000
2.25451	.877196	.000000
2.25549	.877184	.000000
2.25647	.877155	.000000
2.25746	.877149	.000000
2.25844	.877141	.000000
2.25942	.877097	.000000
2.26041	.877095	.000000
2.26139	.877071	.000000
2.26238	.877077	.000000
2.26337	.877081	.000000
2.26436	.877056	.000000
2.26535	.877003	.000000
2.26634	.876990	.000000
2.26733	.876972	.000000
2.26832	.876997	.000000
2.26931	.877005	.000000
2.27031	.877023	.000000
2.2713	.877042	.000000
2.2723	.877040	.000000
2.27329	.876990	.000000
2.27429	.876943	.000000
2.27529	.876902	.000000
2.27629	.876904	.000000
2.27729	.876951	.000000
2.27829	.876968	.000000
2.27929	.876922	.000000
2.28029	.876836	.000000
2.28129	.876842	.000000
2.2823	.876929	.000000
2.2833	.876945	.000000
2.28431	.876867	.000000
2.28532	.876824	.000000
2.28632	.876850	.000000
2.28733	.876842	.000000
2.28834	.876824	.000000
2.28935	.876801	.000000
2.29036	.876774	.000000
2.29138	.876782	.000000
2.29239	.876791	.000000
2.2934	.876733	.000000
2.29442	.876622	.000000
2.29543	.876583	.000000
2.29645	.876585	.000000
2.29747	.876545	.000000
2.29849	.876552	.000000
2.29951	.876455	.000000
2.30053	.876247	.000000
2.30155	.876117	.000000
2.30257	.876033	.000000
2.30359	.875913	.000000
2.30462	.875783	.000000
2.30564	.875682	.000000
2.30667	.875633	.000000
2.30769	.875542	.000000
2.30872	.875415	.000000
2.30975	.875314	.000000
2.31078	.875200	.000000
2.31181	.875025	.000000
2.31284	.874863	.000000
2.31387	.874848	.000000
2.31491	.875062	.000000
2.31594	.875351	.000000
2.31698	.875755	.000000
2.31801	.876158	.000000
2.31905	.876461	.000000
2.32009	.876653	.000000
2.32112	.876805	.000000
2.32216	.876925	.000000
2.3232	.876968	.000000
2.32425	.877007	.000000
2.32529	.877077	.000000
2.32633	.877102	.000000
2.32738	.877112	.000000
2.32842	.877108	.000000
2.32947	.877135	.000000
2.33051	.877165	.000000
2.33156	.877120	.000000
2.33261	.877085	.000000
2.33366	.877102	.000000
2.33471	.877075	.000000
2.33576	.877073	.000000
2.33682	.877046	.000000
2.33787	.877019	.000000
2.33893	.876964	.000000
2.33998	.876937	.000000
2.34104	.876945	.000000
2.34209	.876898	.000000
2.34315	.876879	.000000
2.34421	.876819	.000000
2.34527	.876698	.000000
2.34633	.876646	.000000
2.3474	.876537	.000000
2.34846	.876344	.000000
2.34952	.876179	.000000
2.35059	.876146	.000000
2.35166	.876088	.000000
2.35272	.876066	.000000
2.35379	.876208	.000000
2.35486	.876465	.000000
2.35593	.876648	.000000
2.357	.876753	.000000
2.35807	.876822	.000000
2.35915	.876896	.000000
2.36022	.876951	.000000
2.36129	.876990	.000000
2.36237	.877030	.000000
2.36345	.877015	.000000
2.36452	.876920	.000000
2.3656	.876834	.000000
2.36668	.876803	.000000
2.36776	.876780	.000000
2.36885	.876782	.000000
2.36993	.876778	.000000
2.37101	.876727	.000000
2.3721	.876768	.000000
2.37318	.876791	.000000
2.37427	.876754	.000000
2.37536	.876698	.000000
2.37645	.876683	.000000
2.37754	.876688	.000000
2.37863	.876683	.000000
2.37972	.876607	.000000
2.38081	.876515	.000000
2.38191	.876430	.000000
2.383	.876366	.000000
2.3841	.876327	.000000
2.38519	.876306	.000000
2.38629	.876364	.000000
2.38739	.876335	.000000
2.38849	.876286	.000000
2.38959	.876280	.000000
2.39069	.876296	.000000
2.39179	.876267	.000000
2.3929	.876206	.000000
2.394	.876169	.000000
2.39511	.876152	.000000
2.39622	.876129	.000000
2.39732	.876125	.000000
2.39843	.876121	.000000
2.39954	.876125	.000000
2.40065	.876201	.000000
2.40177	.876191	.000000
2.40288	.876117	.000000
2.40399	.876158	.000000
2.40511	.876228	.000000
2.40622	.876181	.000000
2.40734	.876129	.000000
2.40846	.876096	.000000
2.40958	.876061	.000000
2.4107	.876030	.000000
2.41182	.876055	.000000
2.41294	.876033	.000000
2.41407	.875973	.000000
2.41519	.876014	.000000
2.41632	.876063	.000000
2.41744	.876006	.000000
2.41857	.875985	.000000
2.4197	.875956	.000000
2.42083	.875923	.000000
2.42196	.875886	.000000
2.42309	.875903	.000000
2.42423	.875911	.000000
2.42536	.875878	.000000
2.42649	.875888	.000000
2.42763	.875934	.000000
2.42877	.875909	.000000
2.42991	.875860	.000000
2.43105	.875779	.000000
2.43219	.875686	.000000
2.43333	.875616	.000000
2.43447	.875618	.000000
2.43561	.875575	.000000
2.43676	.875549	.000000
2.4379	.875546	.000000
2.43905	.875530	.000000
2.4402	.875561	.000000
2.44135	.875577	.000000
2.4425	.875536	.000000
2.44365	.875493	.000000
2.4448	.875466	.000000
2.44595	.875460	.000000
2.44711	.875505	.000000
2.44826	.875553	.000000
2.44942	.875588	.000000
2.45058	.875534	.000000
2.45174	.875462	.000000
2.4529	.875489	.000000
2.45406	.875526	.000000
2.45522	.875472	.000000
2.45638	.875373	.000000
2.45755	.875326	.000000
2.45871	.875351	.000000
2.45988	.875355	.000000
2.46105	.875307	.000000
2.46221	.875270	.000000
2.46338	.875303	.000000
2.46455	.875289	.000000
2.46573	.875266	.000000
2.4669	.875262	.000000
2.46807	.875248	.000000
2.46925	.875239	.000000
2.47043	.875188	.000000
2.4716	.875124	.000000
2.47278	.875101	.000000
2.47396	.875060	.000000
2.47514	.875025	.000000
2.47632	.874986	.000000
2.47751	.874978	.000000
2.47869	.874986	.000000
2.47988	.874916	.000000
2.48106	.874852	.000000
2.48225	.874844	.000000
2.48344	.874937	.000000
2.48463	.874949	.000000
2.48582	.874840	.000000
2.48701	.874770	.000000
2.48821	.874828	.000000
2.4894	.874793	.000000
2.4906	.874782	.000000
2.49179	.874780	.000000
2.49299	.874723	.000000
2.49419	.874681	.000000
2.49539	.874630	.000000
2.49659	.874638	.000000
2.49779	.874671	.000000
2.499	.874619	.000000
2.5002	.874552	.000000
2.50141	.874504	.000000
2.50262	.874508	.000000
2.50383	.874529	.000000
2.50503	.874566	.000000
2.50625	.874568	.000000
2.50746	.874514	.000000
2.50867	.874459	.000000
2.50989	.874434	.000000
2.5111	.874306	.000000
2.51232	.874220	.000000
2.51353	.874296	.000000
2.51475	.874356	.000000
2.51597	.874360	.000000
2.51719	.874345	.000000
2.51842	.874350	.000000
2.51964	.874391	.000000
2.52087	.874393	.000000
2.52209	.874391	.000000
2.52332	.874387	.000000
2.52455	.874424	.000000
2.52578	.874422	.000000
2.52701	.874422	.000000
2.52824	.874362	.000000
2.52947	.874333	.000000
2.53071	.874397	.000000
2.53194	.874483	.000000
2.53318	.874496	.000000
2.53442	.874399	.000000
2.53566	.874385	.000000
2.5369	.874395	.000000
2.53814	.874360	.000000
2.53938	.874426	.000000
2.54063	.874430	.000000
2.54187	.874467	.000000
2.54312	.874533	.000000
2.54437	.874451	.000000
2.54562	.874409	.000000
2.54687	.874463	.000000
2.54812	.874492	.000000
2.54937	.874422	.000000
2.55063	.874413	.000000
2.55188	.874380	.000000
2.55314	.874329	.000000
2.55439	.874378	.000000
2.55565	.874399	.000000
2.55691	.874364	.000000
2.55817	.874339	.000000
2.55944	.874354	.000000
2.5607	.874426	.000000
2.56197	.874554	.000000
2.56323	.874568	.000000
2.5645	.874523	.000000
2.56577	.874370	.000000
2.56704	.874290	.000000
2.56831	.874306	.000000
2.56958	.874323	.000000
2.57086	.874350	.000000
2.57213	.874278	.000000
2.57341	.874183	.000000
2.57469	.874173	.000000
2.57597	.874238	.000000
2.57725	.874276	.000000
2.57853	.874078	.000000
2.57981	.874041	.000000
2.5811	.874251	.000000
2.58238	.874146	.000000
2.58367	.873993	.000000
2.58496	.874072	.000000
2.58624	.874018	.000000
2.58754	.874140	.000000
2.58883	.874129	.000000
2.59012	.873989	.000000
2.59141	.873919	.000000
2.59271	.873796	.000000
2.59401	.873173	.000000
2.59531	.873252	.000000
2.5966	.873402	.000000
2.59791	.873746	.000000
2.59921	.873878	.000000
2.60051	.873932	.000000
2.60182	.874010	.000000
2.60312	.873997	.000000
2.60443	.873725	.000000
2.60574	.873384	.000000
2.60705	.873561	.000000
2.60836	.873701	.000000
2.60967	.873721	.000000
2.61099	.873573	.000000
2.6123	.873526	.000000
2.61362	.873600	.000000
2.61494	.873451	.000000
2.61626	.873458	.000000
2.61758	.873575	.000000
2.6189	.873235	.000000
2.62022	.872799	.000000
2.62155	.872708	.000000
2.62287	.872873	.000000
2.6242	.872897	.000000
2.62553	.872797	.000000
2.62686	.872770	.000000
2.62819	.872749	.000000
2.62952	.872531	.000000
2.63086	.872405	.000000
2.63219	.872417	.000000
2.63353	.872595	.000000
2.63487	.872446	.000000
2.63621	.872201	.000000
2.63755	.872156	.000000
2.63889	.872071	.000000
2.64023	.871944	.000000
2.64158	.871870	.000000
2.64293	.871736	.000000
2.64427	.871530	.000000
2.64562	.871466	.000000
2.64697	.871215	.000000
2.64832	.870930	.000000
2.64968	.870724	.000000
2.65103	.870426	.000000
2.65239	.870215	.000000
2.65375	.869838	.000000
2.6551	.869406	.000000
2.65646	.868992	.000000
2.65783	.868394	.000000
2.65919	.867873	.000000
2.66055	.867272	.000000
2.66192	.866403	.000000
2.66329	.865298	.000000
2.66466	.863976	.000000
2.66603	.862872	.000000
2.6674	.861657	.000000
2.66877	.860221	.000000
2.67014	.858433	.000000
2.67152	.857063	.000000
2.6729	.856033	.000000
2.67427	.854649	.000000
2.67565	.853289	.000000
2.67704	.852358	.000000
2.67842	.851176	.000000
2.6798	.849833	.000000
2.68119	.848665	.000000
2.68258	.847480	.000000
2.68396	.846446	.000000
2.68535	.845359	.000000
2.68675	.844240	.000000
2.68814	.842940	.000000
2.68953	.841715	.000000
2.69093	.840363	.000000
2.69233	.839027	.000000
2.69372	.837830	.000000
2.69512	.836701	.000000
2.69653	.835171	.000000
2.69793	.833588	.000000
2.69933	.832006	.000000
2.70074	.830530	.000000
2.70215	.828855	.000000
2.70356	.827102	.000000
2.70497	.825448	.000000
2.70638	.823808	.000000
2.70779	.822253	.000000
2.70921	.820803	.000000
2.71062	.818918	.000000
2.71204	.817134	.000000
2.71346	.815754	.000000
2.71488	.814149	.000000
2.7163	.812573	.000000
2.71772	.811251	.000000
2.71915	.809651	.000000
2.72058	.807999	.000000
2.722	.806280	.000000
2.72343	.804560	.000000
2.72486	.803055	.000000
2.7263	.801627	.000000
2.72773	.800214	.000000
2.72917	.798861	.000000
2.7306	.797396	.000000
2.73204	.795831	.000000
2.73348	.794094	.000000
2.73493	.792572	.000000
2.73637	.791015	.000000
2.73781	.789540	.000000
2.73926	.788164	.000000
2.74071	.786456	.000000
2.74216	.784641	.000000
2.74361	.782726	.000000
2.74506	.780835	.000000
2.74651	.779137	.000000
2.74797	.777430	.000000
2.74943	.775776	.000000
2.75089	.774076	.000000
2.75234	.772307	.000000
2.75381	.770484	.000000
2.75527	.768813	.000000
2.75673	.767060	.000000
2.7582	.765258	.000000
2.75967	.763451	.000000
2.76114	.761727	.000000
2.76261	.760125	.000000
2.76408	.758538	.000000
2.76556	.756855	.000000
2.76703	.755238	.000000
2.76851	.753609	.000000
2.76999	.752013	.000000
2.77147	.750666	.000000
2.77295	.749236	.000000
2.77443	.747693	.000000
2.77592	.746342	.000000
2.77741	.744988	.000000
2.77889	.743594	.000000
2.78038	.742294	.000000
2.78188	.741066	.000000
2.78337	.739734	.000000
2.78486	.738343	.000000
2.78636	.737144	.000000
2.78786	.736141	.000000
2.78936	.734730	.000000
2.79086	.733414	.000000
2.79236	.732289	.000000
2.79387	.731204	.000000
2.79537	.730098	.000000
2.79688	.729028	.000000
2.79839	.727980	.000000
2.7999	.726989	.000000
2.80141	.725943	.000000
2.80293	.725082	.000000
2.80444	.723998	.000000
2.80596	.722820	.000000
2.80748	.721870	.000000
2.809	.720985	.000000
2.81052	.720014	.000000
2.81205	.719054	.000000
2.81357	.718088	.000000
2.8151	.717231	.000000
2.81663	.716389	.000000
2.81816	.715516	.000000
2.81969	.714667	.000000
2.82123	.713779	.000000
2.82276	.712869	.000000
2.8243	.711975	.000000
2.82584	.711182	.000000
2.82738	.710475	.000000
2.82892	.709624	.000000
2.83047	.708813	.000000
2.83201	.708061	.000000
2.83356	.707272	.000000
2.83511	.706512	.000000
2.83666	.705710	.000000
2.83821	.704872	.000000
2.83977	.704044	.000000
2.84132	.703234	.000000
2.84288	.702437	.000000
2.84444	.701591	.000000
2.846	.700814	.000000
2.84757	.700169	.000000
2.84913	.699483	.000000
2.8507	.698622	.000000
2.85226	.697807	.000000
2.85383	.697203	.000000
2.8554	.696503	.000000
2.85698	.695743	.000000
2.85855	.695009	.000000
2.86013	.694354	.000000
2.86171	.693685	.000000
2.86329	.692925	.000000
2.86487	.692229	.000000
2.86645	.691516	.000000
2.86804	.690912	.000000
2.86963	.690313	.000000
2.87122	.689643	.000000
2.87281	.688941	.000000
2.8744	.688319	.000000
2.87599	.687647	.000000
2.87759	.687099	.000000
2.87919	.686576	.000000
2.88079	.685989	.000000
2.88239	.685441	.000000
2.88399	.684914	.000000
2.8856	.684360	.000000
2.8872	.683906	.000000
2.88881	.683429	.000000
2.89042	.682858	.000000
2.89203	.682296	.000000
2.89365	.681807	.000000
2.89526	.681352	.000000
2.89688	.680926	.000000
2.8985	.680510	.000000
2.90012	.680063	.000000
2.90174	.679640	.000000
2.90337	.679245	.000000
2.90499	.678850	.000000
2.90662	.678493	.000000
2.90825	.678164	.000000
2.90988	.677797	.000000
2.91152	.677305	.000000
2.91315	.676893	.000000
2.91479	.676563	.000000
2.91643	.676188	.000000
2.91807	.675795	.000000
2.91972	.675428	.000000
2.92136	.675168	.000000
2.92301	.674886	.000000
2.92466	.674569	.000000
2.92631	.674287	.000000
2.92796	.674050	.000000
2.92961	.673815	.000000
2.93127	.673510	.000000
2.93293	.673170	.000000
2.93459	.672865	.000000
2.93625	.672625	.000000
2.93791	.672441	.000000
2.93958	.672262	.000000
2.94124	.672050	.000000
2.94291	.671761	.000000
2.94459	.671578	.000000
2.94626	.671399	.000000
2.94793	.671152	.000000
2.94961	.670974	.000000
2.95129	.670742	.000000
2.95297	.670563	.000000
2.95465	.670424	.000000
2.95634	.670219	.000000
2.95802	.670105	.000000
2.95971	.670004	.000000
2.9614	.669862	.000000
2.96309	.669753	.000000
2.96479	.669543	.000000
2.96648	.669382	.000000
2.96818	.669318	.000000
2.96988	.669250	.000000
2.97158	.669252	.000000
2.97329	.669166	.000000
2.97499	.668983	.000000
2.9767	.668935	.000000
2.97841	.668968	.000000
2.98012	.668925	.000000
2.98184	.668805	.000000
2.98355	.668674	.000000
2.98527	.668641	.000000
2.98699	.668667	.000000
2.98871	.668618	.000000
2.99043	.668589	.000000
2.99216	.668583	.000000
2.99389	.668569	.000000
2.99562	.668595	.000000
2.99735	.668577	.000000
2.99908	.668529	.000000
3.00082	.668534	.000000
3.00255	.668612	.000000
3.00429	.668678	.000000
3.00604	.668661	.000000
3.00778	.668612	.000000
3.00953	.668571	.000000
3.01127	.668519	.000000
3.01302	.668548	.000000
3.01477	.668626	.000000
3.01653	.668713	.000000
3.01828	.668731	.000000
3.02004	.668562	.000000
3.0218	.668464	.000000
3.02356	.668546	.000000
3.02533	.668577	.000000
3.02709	.668616	.000000
3.02886	.668663	.000000
3.03063	.668630	.000000
3.03241	.668552	.000000
3.03418	.668492	.000000
3.03596	.668498	.000000
3.03773	.668455	.000000
3.03952	.668371	.000000
3.0413	.668373	.000000
3.04308	.668393	.000000
3.04487	.668360	.000000
3.04666	.668361	.000000
3.04845	.668389	.000000
3.05024	.668416	.000000
3.05204	.668402	.000000
3.05383	.668424	.000000
3.05563	.668428	.000000
3.05744	.668369	.000000
3.05924	.668381	.000000
3.06105	.668457	.000000
3.06285	.668439	.000000
3.06466	.668482	.000000
3.06648	.668521	.000000
3.06829	.668451	.000000
3.07011	.668476	.000000
3.07193	.668521	.000000
3.07375	.668517	.000000
3.07557	.668517	.000000
3.0774	.668562	.000000
3.07922	.668653	.000000
3.08105	.668727	.000000
3.08288	.668797	.000000
3.08472	.668834	.000000
3.08655	.668917	.000000
3.08839	.668925	.000000
3.09023	.668935	.000000
3.09208	.669065	.000000
3.09392	.669166	.000000
3.09577	.669257	.000000
3.09762	.669432	.000000
3.09947	.669568	.000000
3.10132	.669662	.000000
3.10318	.669782	.000000
3.10504	.669949	.000000
3.1069	.670163	.000000
3.10876	.670338	.000000
3.11062	.670457	.000000
3.11249	.670643	.000000
3.11436	.670892	.000000
3.11623	.671075	.000000
3.11811	.671226	.000000
3.11998	.671547	.000000
3.12186	.671840	.000000
3.12374	.672052	.000000
3.12562	.672346	.000000
3.12751	.672705	.000000
3.1294	.672997	.000000
3.13129	.673226	.000000
3.13318	.673640	.000000
3.13507	.674015	.000000
3.13697	.674307	.000000
3.13887	.674610	.000000
3.14077	.674936	.000000
3.14267	.675232	.000000
3.14458	.675634	.000000
3.14649	.676027	.000000
3.1484	.676421	.000000
3.15031	.676878	.000000
3.15223	.677302	.000000
3.15414	.677655	.000000
3.15606	.678032	.000000
3.15798	.678522	.000000
3.15991	.678893	.000000
3.16184	.679336	.000000
3.16376	.679840	.000000
3.1657	.680322	.000000
3.16763	.680734	.000000
3.16957	.681192	.000000
3.1715	.681667	.000000
3.17345	.682149	.000000
3.17539	.682699	.000000
3.17733	.683202	.000000
3.17928	.683653	.000000
3.18123	.684145	.000000
3.18319	.684615	.000000
3.18514	.685091	.000000
3.1871	.685633	.000000
3.18906	.686230	.000000
3.19102	.686792	.000000
3.19299	.687264	.000000
3.19495	.687756	.000000
3.19692	.688339	.000000
3.1989	.688898	.000000
3.20087	.689400	.000000
3.20285	.689917	.000000
3.20483	.690508	.000000
3.20681	.691120	.000000
3.20879	.691635	.000000
3.21078	.692105	.000000
3.21277	.692665	.000000
3.21476	.693263	.000000
3.21676	.693854	.000000
3.21875	.694385	.000000
3.22075	.694968	.000000
3.22275	.695539	.000000
3.22476	.696118	.000000
3.22676	.696700	.000000
3.22877	.697226	.000000
3.23078	.697722	.000000
3.2328	.698287	.000000
3.23481	.698896	.000000
3.23683	.699547	.000000
3.23886	.700231	.000000
3.24088	.700849	.000000
3.24291	.701428	.000000
3.24494	.701978	.000000
3.24697	.702540	.000000
3.249	.703179	.000000
3.25104	.703795	.000000
3.25308	.704483	.000000
3.25512	.705039	.000000
3.25717	.705577	.000000
3.25921	.706182	.000000
3.26126	.706790	.000000
3.26332	.707395	.000000
3.26537	.707985	.000000
3.26743	.708557	.000000
3.26949	.709155	.000000
3.27155	.709754	.000000
3.27362	.710376	.000000
3.27568	.710947	.000000
3.27776	.711453	.000000
3.27983	.712049	.000000
3.2819	.712745	.000000
3.28398	.713377	.000000
3.28606	.713894	.000000
3.28815	.714473	.000000
3.29023	.715058	.000000
3.29232	.715561	.000000
3.29441	.716117	.000000
3.29651	.716679	.000000
3.2986	.717159	.000000
3.3007	.717662	.000000
3.30281	.718179	.000000
3.30491	.718801	.000000
3.30702	.719438	.000000
3.30913	.719905	.000000
3.31124	.720451	.000000
3.31336	.720987	.000000
3.31548	.721464	.000000
3.3176	.721932	.000000
3.31972	.722361	.000000
3.32185	.722919	.000000
3.32398	.723506	.000000
3.32611	.723953	.000000
3.32825	.724350	.000000
3.33038	.724732	.000000
3.33252	.725098	.000000
3.33467	.725463	.000000
3.33681	.725817	.000000
3.33896	.726178	.000000
3.34111	.726513	.000000
3.34327	.726738	.000000
3.34542	.726882	.000000
3.34758	.726907	.000000
3.34975	.726905	.000000
3.35191	.726853	.000000
3.35408	.726738	.000000
3.35625	.726528	.000000
3.35842	.726155	.000000
3.3606	.725716	.000000
3.36278	.724907	.000000
3.36496	.723691	.000000
3.36715	.722206	.000000
3.36933	.720579	.000000
3.37153	.719061	.000000
3.37372	.717713	.000000
3.37592	.716550	.000000
3.37811	.715674	.000000
3.38032	.715314	.000000
3.38252	.715497	.000000
3.38473	.716218	.000000
3.38694	.717378	.000000
3.38915	.718504	.000000
3.39137	.719108	.000000
3.39359	.718859	.000000
3.39581	.717596	.000000
3.39804	.715503	.000000
3.40027	.712669	.000000
3.4025	.709311	.000000
3.40473	.705717	.000000
3.40697	.701727	.000000
3.40921	.697286	.000000
3.41145	.692587	.000000
3.4137	.687944	.000000
3.41595	.683567	.000000
3.4182	.679700	.000000
3.42045	.676454	.000000
3.42271	.673823	.000000
3.42497	.671869	.000000
3.42723	.671597	.000000
3.4295	.675685	.000000
3.43177	.685225	.000000
3.43404	.696494	.000000
3.43632	.705426	.000000
3.4386	.711464	.000000
3.44088	.715637	.000000
3.44316	.718721	.000000
3.44545	.721079	.000000
3.44774	.723090	.000000
3.45004	.725024	.000000
3.45233	.726898	.000000
3.45463	.728643	.000000
3.45694	.730312	.000000
3.45924	.731921	.000000
3.46155	.733533	.000000
3.46386	.734979	.000000
3.46618	.736267	.000000
3.4685	.737355	.000000
3.47082	.738113	.000000
3.47315	.738578	.000000
3.47547	.738755	.000000
3.4778	.738817	.000000
3.48014	.738856	.000000
3.48247	.738959	.000000
3.48481	.739033	.000000
3.48716	.738572	.000000
3.4895	.737179	.000000
3.49185	.734724	.000000
3.49421	.731292	.000000
3.49656	.727216	.000000
3.49892	.722981	.000000
3.50129	.718851	.000000
3.50365	.714479	.000000
3.50602	.709505	.000000
3.50839	.705698	.000000
3.51077	.708638	.000000
3.51315	.719800	.000000
3.51553	.732118	.000000
3.51791	.740900	.000000
3.5203	.746828	.000000
3.52269	.751016	.000000
3.52509	.754013	.000000
3.52749	.756435	.000000
3.52989	.758380	.000000
3.53229	.759886	.000000
3.5347	.761183	.000000
3.53711	.762341	.000000
3.53953	.763427	.000000
3.54194	.764506	.000000
3.54436	.765433	.000000
3.54679	.766251	.000000
3.54922	.767095	.000000
3.55165	.767890	.000000
3.55408	.768636	.000000
3.55652	.769322	.000000
3.55896	.769973	.000000
3.5614	.770583	.000000
3.56385	.771157	.000000
3.5663	.771782	.000000
3.56876	.772366	.000000
3.57121	.772875	.000000
3.57367	.773370	.000000
3.57614	.773819	.000000
3.57861	.774358	.000000
3.58108	.774857	.000000
3.58355	.775341	.000000
3.58603	.775817	.000000
3.58851	.776212	.000000
3.591	.776703	.000000
3.59349	.777092	.000000
3.59598	.777582	.000000
3.59848	.778149	.000000
3.60099	.778602	.000000
3.60349	.778995	.000000
3.60599	.779405	.000000
3.6085	.779821	.000000
3.61102	.780272	.000000
3.61353	.780596	.000000
3.61605	.780967	.000000
3.61858	.781368	.000000
3.6211	.781770	.000000
3.62363	.782106	.000000
3.62617	.782450	.000000
3.62871	.782787	.000000
3.63125	.783121	.000000
3.63379	.783373	.000000
3.63634	.783739	.000000
3.63889	.784096	.000000
3.64145	.784400	.000000
3.644	.784660	.000000
3.64657	.784996	.000000
3.64913	.785268	.000000
3.6517	.785568	.000000
3.65428	.785815	.000000
3.65685	.786061	.000000
3.65943	.786331	.000000
3.66202	.786652	.000000
3.66461	.786911	.000000
3.6672	.787260	.000000
3.66979	.787618	.000000
3.67239	.787974	.000000
3.675	.788283	.000000
3.6776	.788662	.000000
3.68021	.789015	.000000
3.68283	.789371	.000000
3.68544	.789651	.000000
3.68806	.789981	.000000
3.69069	.790331	.000000
3.69332	.790751	.000000
3.69595	.791095	.000000
3.69859	.791420	.000000
3.70123	.791746	.000000
3.70387	.792109	.000000
3.70652	.792422	.000000
3.70917	.792761	.000000
3.71183	.793038	.000000
3.71448	.793382	.000000
3.71715	.793726	.000000
3.71981	.794065	.000000
3.72248	.794364	.000000
3.72516	.794659	.000000
3.72783	.794885	.000000
3.73052	.795207	.000000
3.7332	.795516	.000000
3.73589	.795796	.000000
3.73859	.796031	.000000
3.74128	.796340	.000000
3.74398	.796585	.000000
3.74669	.796883	.000000
3.7494	.797139	.000000
3.75211	.797384	.000000
3.75483	.797588	.000000
3.75755	.797843	.000000
3.76027	.798039	.000000
3.763	.798226	.000000
3.76574	.798420	.000000
3.76847	.798661	.000000
3.77121	.798828	.000000
3.77396	.799022	.000000
3.77671	.799141	.000000
3.77946	.799260	.000000
3.78222	.799316	.000000
3.78498	.799398	.000000
3.78774	.799491	.000000
3.79051	.799631	.000000
3.79328	.799689	.000000
3.79606	.799788	.000000
3.79884	.799850	.000000
3.80163	.799953	.000000
3.80441	.799996	.000000
3.80721	.800070	.000000
3.81001	.800082	.000000
3.81281	.800121	.000000
3.81561	.800134	.000000
3.81842	.800173	.000000
3.82124	.800132	.000000
3.82405	.800157	.000000
3.82688	.800117	.000000
3.8297	.800109	.000000
3.83253	.800072	.000000
3.83537	.800047	.000000
3.83821	.799957	.000000
3.84105	.799899	.000000
3.8439	.799749	.000000
3.84675	.799670	.000000
3.8496	.799584	.000000
3.85246	.799530	.000000
3.85533	.799427	.000000
3.8582	.799328	.000000
3.86107	.799229	.000000
3.86395	.799147	.000000
3.86683	.798927	.000000
3.86971	.798760	.000000
3.8726	.798626	.000000
3.8755	.798525	.000000
3.8784	.798381	.000000
3.8813	.798257	.000000
3.88421	.798078	.000000
3.88712	.797909	.000000
3.89003	.797681	.000000
3.89295	.797557	.000000
3.89588	.797378	.000000
3.89881	.797242	.000000
3.90174	.797025	.000000
3.90468	.796842	.000000
3.90762	.796646	.000000
3.91057	.796508	.000000
3.91352	.796269	.000000
3.91648	.796035	.000000
3.91944	.795812	.000000
3.9224	.795614	.000000
3.92537	.795386	.000000
3.92835	.795213	.000000
3.93132	.794986	.000000
3.93431	.794795	.000000
3.93729	.794549	.000000
3.94029	.794339	.000000
3.94328	.794072	.000000
3.94628	.793828	.000000
3.94929	.793532	.000000
3.9523	.793278	.000000
3.95531	.792970	.000000
3.95833	.792726	.000000
3.96136	.792446	.000000
3.96439	.792201	.000000
3.96742	.791886	.000000
3.97046	.791579	.000000
3.9735	.791190	.000000
3.97655	.790885	.000000
3.9796	.790572	.000000
3.98265	.790265	.000000
3.98571	.789803	.000000
3.98878	.789447	.000000
3.99185	.789093	.000000
3.99493	.788743	.000000
3.99801	.788355	.000000
4.00109	.788011	.000000
4.00418	.787568	.000000
4.00728	.787165	.000000
4.01038	.786707	.000000
4.01348	.786306	.000000
4.01659	.785865	.000000
4.0197	.785439	.000000
4.02282	.784989	.000000
4.02594	.784594	.000000
4.02907	.784149	.000000
4.0322	.783733	.000000
4.03534	.783280	.000000
4.03849	.782921	.000000
4.04163	.782534	.000000
4.04479	.782126	.000000
4.04794	.781690	.000000
4.05111	.781311	.000000
4.05427	.780944	.000000
4.05745	.780604	.000000
4.06062	.780217	.000000
4.0638	.779887	.000000
4.06699	.779496	.000000
4.07018	.779143	.000000
4.07338	.778791	.000000
4.07658	.778377	.000000
4.07979	.777912	.000000
4.083	.777576	.000000
4.08622	.777139	.000000
4.08944	.776705	.000000
4.09267	.776270	.000000
4.0959	.775885	.000000
4.09914	.775463	.000000
4.10238	.775059	.000000
4.10563	.774637	.000000
4.10889	.774251	.000000
4.11214	.773780	.000000
4.11541	.773363	.000000
4.11868	.772888	.000000
4.12195	.772461	.000000
4.12523	.772004	.000000
4.12851	.771567	.000000
4.1318	.771095	.000000
4.1351	.770684	.000000
4.1384	.770234	.000000
4.1417	.769804	.000000
4.14502	.769345	.000000
4.14833	.768904	.000000
4.15165	.768422	.000000
4.15498	.767964	.000000
4.15831	.767452	.000000
4.16165	.767007	.000000
4.16499	.766461	.000000
4.16834	.765956	.000000
4.17169	.765408	.000000
4.17505	.764871	.000000
4.17841	.764251	.000000
4.18178	.763637	.000000
4.18516	.762994	.000000
4.18854	.762417	.000000
4.19193	.761764	.000000
4.19532	.761190	.000000
4.19871	.760495	.000000
4.20212	.759828	.000000
4.20552	.759171	.000000
4.20894	.758508	.000000
4.21236	.757820	.000000
4.21578	.757237	.000000
4.21921	.756555	.000000
4.22265	.755861	.000000
4.22609	.754995	.000000
4.22954	.754075	.000000
4.23299	.753004	.000000
4.23645	.751784	.000000
4.23991	.750381	.000000
4.24338	.748898	.000000
4.24686	.747108	.000000
4.25034	.745164	.000000
4.25383	.743048	.000000
4.25732	.741013	.000000
4.26082	.739134	.000000
4.26432	.737270	.000000
4.26783	.735255	.000000
4.27134	.733119	.000000
4.27486	.730716	.000000
4.27839	.728227	.000000
4.28192	.725533	.000000
4.28546	.722738	.000000
4.28901	.719779	.000000
4.29256	.716733	.000000
4.29612	.713606	.000000
4.29968	.710590	.000000
4.30325	.707511	.000000
4.30682	.704489	.000000
4.3104	.701502	.000000
4.31399	.698695	.000000
4.31758	.695988	.000000
4.32118	.693458	.000000
4.32478	.691011	.000000
4.32839	.688735	.000000
4.33201	.686525	.000000
4.33563	.684463	.000000
4.33926	.682450	.000000
4.34289	.680578	.000000
4.34653	.678736	.000000
4.35018	.676967	.000000
4.35383	.675179	.000000
4.35749	.673508	.000000
4.36115	.671899	.000000
4.36482	.670402	.000000
4.3685	.668888	.000000
4.37218	.667444	.000000
4.37587	.666025	.000000
4.37957	.664787	.000000
4.38327	.663577	.000000
4.38698	.662428	.000000
4.39069	.661342	.000000
4.39441	.660481	.000000
4.39814	.659688	.000000
4.40188	.659054	.000000
4.40562	.658535	.000000
4.40936	.658162	.000000
4.41311	.657872	.000000
4.41687	.657777	.000000
4.42064	.657746	.000000
4.42441	.657870	.000000
4.42819	.657973	.000000
4.43197	.658133	.000000
4.43577	.658306	.000000
4.43956	.658531	.000000
4.44337	.658634	.000000
4.44718	.658749	.000000
4.451	.658778	.000000
4.45482	.658813	.000000
4.45865	.658689	.000000
4.46249	.658543	.000000
4.46633	.658255	.000000
4.47018	.657886	.000000
4.47404	.657427	.000000
4.4779	.656961	.000000
4.48177	.656269	.000000
4.48565	.655534	.000000
4.48953	.654631	.000000
4.49342	.653639	.000000
4.49732	.652520	.000000
4.50122	.651362	.000000
4.50513	.650091	.000000
4.50905	.648730	.000000
4.51297	.647212	.000000
4.51691	.645679	.000000
4.52084	.644039	.000000
4.52479	.642352	.000000
4.52874	.640521	.000000
4.5327	.638655	.000000
4.53667	.636690	.000000
4.54064	.634688	.000000
4.54462	.632543	.000000
4.5486	.630407	.000000
4.5526	.628121	.000000
4.5566	.625758	.000000
4.56061	.623305	.000000
4.56462	.620878	.000000
4.56864	.618311	.000000
4.57267	.615704	.000000
4.57671	.613007	.000000
4.58075	.610272	.000000
4.5848	.607382	.000000
4.58886	.604492	.000000
4.59292	.601488	.000000
4.59699	.598423	.000000
4.60107	.595197	.000000
4.60516	.591947	.000000
4.60925	.588599	.000000
4.61335	.585201	.000000
4.61746	.581709	.000000
4.62157	.578290	.000000
4.6257	.574877	.000000
4.62983	.571605	.000000
4.63396	.568400	.000000
4.63811	.565411	.000000
4.64226	.562589	.000000
4.64642	.560039	.000000
4.65059	.557709	.000000
4.65476	.555649	.000000
4.65895	.553655	.000000
4.66314	.551808	.000000
4.66733	.550040	.000000
4.67154	.548355	.000000
4.67575	.546609	.000000
4.67997	.544854	.000000
4.6842	.542942	.000000
4.68843	.541012	.000000
4.69268	.539026	.000000
4.69693	.537084	.000000
4.70119	.535051	.000000
4.70545	.533026	.000000
4.70972	.530970	.000000
4.71401	.528984	.000000
4.7183	.526959	.000000
4.72259	.524990	.000000
4.7269	.522992	.000000
4.73121	.521099	.000000
4.73553	.519202	.000000
4.73986	.517447	.000000
4.74419	.515692	.000000
4.74854	.514013	.000000
4.75289	.512367	.000000
4.75725	.510900	.000000
4.76162	.509465	.000000
4.766	.508126	.000000
4.77038	.506877	.000000
4.77477	.505745	.000000
4.77917	.504620	.000000
4.78358	.503582	.000000
4.788	.502519	.000000
4.79243	.501476	.000000
4.79686	.500333	.000000
4.8013	.499173	.000000
4.80575	.497933	.000000
4.81021	.496689	.000000
4.81467	.495307	.000000
4.81915	.493900	.000000
4.82363	.492400	.000000
4.82812	.490930	.000000
4.83262	.489350	.000000
4.83713	.487770	.000000
4.84165	.486116	.000000
4.84617	.484408	.000000
4.85071	.482622	.000000
4.85525	.480919	.000000
4.8598	.479172	.000000
4.86436	.477369	.000000
4.86892	.475495	.000000
4.8735	.473691	.000000
4.87809	.471839	.000000
4.88268	.470022	.000000
4.88728	.468158	.000000
4.89189	.466293	.000000
4.89651	.464322	.000000
4.90114	.462373	.000000
4.90577	.460380	.000000
4.91042	.458392	.000000
4.91507	.456412	.000000
4.91974	.454476	.000000
4.92441	.452492	.000000
4.92909	.450539	.000000
4.93378	.448568	.000000
4.93848	.446675	.000000
4.94319	.444718	.000000
4.9479	.442776	.000000
4.95263	.440806	.000000
4.95736	.438899	.000000
4.96211	.436901	.000000
4.96686	.434915	.000000
4.97162	.432886	.000000
4.97639	.430837	.000000
4.98117	.428682	.000000
4.98596	.426568	.000000
4.99076	.424391	.000000
4.99557	.422203	.000000
5.00039	.419905	.000000
5.00522	.417631	.000000
5.01005	.415324	.000000
5.0149	.413043	.000000
5.01975	.410724	.000000
5.02462	.408481	.000000
5.02949	.406264	.000000
5.03437	.404079	.000000
5.03926	.401957	.000000
5.04417	.399971	.000000
5.04908	.397996	.000000
5.054	.396138	.000000
5.05893	.394284	.000000
5.06387	.392586	.000000
5.06882	.390934	.000000
5.07378	.389356	.000000
5.07875	.387770	.000000
5.08373	.386240	.000000
5.08872	.384643	.000000
5.09371	.383031	.000000
5.09872	.381377	.000000
5.10374	.379700	.000000
5.10877	.377858	.000000
5.11381	.375922	.000000
5.11886	.373864	.000000
5.12391	.371775	.000000
5.12898	.369551	.000000
5.13406	.367303	.000000
5.13915	.364992	.000000
5.14425	.362714	.000000
5.14936	.360376	.000000
5.15447	.358050	.000000
5.1596	.355725	.000000
5.16474	.353545	.000000
5.16989	.351370	.000000
5.17505	.349263	.000000
5.18022	.347188	.000000
5.1854	.345188	.000000
5.19059	.343178	.000000
5.19579	.341233	.000000
5.201	.339289	.000000
5.20622	.337400	.000000
5.21146	.335515	.000000
5.2167	.333639	.000000
5.22195	.331745	.000000
5.22722	.329887	.000000
5.23249	.327943	.000000
5.23778	.325961	.000000
5.24307	.323891	.000000
5.24838	.321819	.000000
5.2537	.319662	.000000
5.25903	.317491	.000000
5.26437	.315279	.000000
5.26971	.313023	.000000
5.27508	.310724	.000000
5.28045	.308467	.000000
5.28583	.306225	.000000
5.29122	.304120	.000000
5.29663	.302075	.000000
5.30204	.300174	.000000
5.30747	.298379	.000000
5.31291	.296744	.000000
5.31836	.295131	.000000
5.32382	.293633	.000000
5.32929	.292204	.000000
5.33477	.290768	.000000
5.34027	.289258	.000000
5.34577	.287680	.000000
5.35129	.285917	.000000
5.35682	.284102	.000000
5.36235	.282147	.000000
5.36791	.280057	.000000
5.37347	.277875	.000000
5.37904	.275673	.000000
5.38463	.273448	.000000
5.39023	.271286	.000000
5.39583	.269189	.000000
5.40146	.267238	.000000
5.40709	.265429	.000000
5.41273	.263825	.000000
5.41839	.262397	.000000
5.42406	.261186	.000000
5.42974	.260117	.000000
5.43543	.259287	.000000
5.44113	.258609	.000000
5.44685	.258096	.000000
5.45257	.257785	.000000
5.45831	.257678	.000000
5.46406	.257684	.000000
5.46983	.257834	.000000
5.4756	.258073	.000000
5.48139	.258455	.000000
5.48719	.258918	.000000
5.49301	.259489	.000000
5.49883	.260090	.000000
5.50467	.260762	.000000
5.51052	.261454	.000000
5.51638	.262249	.000000
5.52225	.263114	.000000
5.52814	.264037	.000000
5.53404	.264910	.000000
5.53995	.265800	.000000
5.54588	.266657	.000000
5.55181	.267506	.000000
5.55777	.268204	.000000
5.56373	.268803	.000000
5.5697	.269250	.000000
5.57569	.269652	.000000
5.5817	.269928	.000000
5.58771	.270031	.000000
5.59374	.269910	.000000
5.59978	.269755	.000000
5.60583	.269444	.000000
5.6119	.268972	.000000
5.61798	.268309	.000000
5.62407	.267561	.000000
5.63018	.266628	.000000
5.6363	.265641	.000000
5.64243	.264525	.000000
5.64858	.263336	.000000
5.65474	.262047	.000000
5.66091	.260801	.000000
5.6671	.259513	.000000
5.6733	.258298	.000000
5.67951	.257000	.000000
5.68574	.255764	.000000
5.69198	.254473	.000000
5.69824	.253233	.000000
5.7045	.251896	.000000
5.71079	.250532	.000000
5.71708	.249033	.000000
5.72339	.247572	.000000
5.72972	.245988	.000000
5.73605	.244338	.000000
5.74241	.242620	.000000
5.74877	.240898	.000000
5.75515	.239034	.000000
5.76155	.237176	.000000
5.76796	.235130	.000000
5.77438	.233110	.000000
5.78082	.231023	.000000
5.78727	.228850	.000000
5.79373	.226617	.000000
5.80022	.224413	.000000
5.80671	.222116	.000000
5.81322	.219895	.000000
5.81974	.217656	.000000
5.82628	.215425	.000000
5.83284	.213120	.000000
5.8394	.210863	.000000
5.84599	.208583	.000000
5.85259	.206354	.000000
5.8592	.204102	.000000
5.86583	.201894	.000000
5.87247	.199669	.000000
5.87913	.197494	.000000
5.8858	.195263	.000000
5.89249	.193187	.000000
5.8992	.190962	.000000
5.90591	.188779	.000000
5.91265	.186659	.000000
5.9194	.184574	.000000
5.92616	.182442	.000000
5.93294	.180413	.000000
5.93974	.178314	.000000
5.94655	.176211	.000000
5.95338	.174090	.000000
5.96022	.172036	.000000
5.96708	.170032	.000000
5.97395	.168091	.000000
5.98084	.166176	.000000
5.98775	.164398	.000000
5.99467	.162630	.000000
6.00161	.160983	.000000
6.00856	.159456	.000000
6.01553	.158107	.000000
6.02252	.156879	.000000
6.02952	.155870	.000000
6.03654	.154984	.000000
6.04358	.154274	.000000
6.05063	.153744	.000000
6.0577	.153351	.000000
6.06478	.152974	.000000
6.07189	.152729	.000000
6.079	.152492	.000000
6.08614	.152327	.000000
6.09329	.152123	.000000
6.10046	.151950	.000000
6.10764	.151703	.000000
6.11485	.151453	.000000
6.12206	.151103	.000000
6.1293	.150741	.000000
6.13655	.150364	.000000
6.14383	.150057	.000000
6.15111	.149701	.000000
6.15842	.149416	.000000
6.16574	.149198	.000000
6.17308	.149017	.000000
6.18044	.148934	.000000
6.18781	.148998	.000000
6.19521	.148986	.000000
6.20262	.149031	.000000
6.21004	.149091	.000000
6.21749	.149151	.000000
6.22495	.149237	.000000
6.23244	.149342	.000000
6.23994	.149389	.000000
6.24745	.149425	.000000
6.25499	.149381	.000000
6.26254	.149280	.000000
6.27012	.149151	.000000
6.27771	.148982	.000000
6.28532	.148743	.000000
6.29295	.148502	.000000
6.30059	.148304	.000000
6.30826	.148180	.000000
6.31594	.148065	.000000
6.32364	.148048	.000000
6.33136	.148137	.000000
6.3391	.148347	.000000
6.34686	.148753	.000000
6.35464	.149218	.000000
6.36244	.149707	.000000
6.37025	.150360	.000000
6.37809	.151000	.000000
6.38594	.151548	.000000
6.39382	.152069	.000000
6.40171	.152483	.000000
6.40962	.152865	.000000
6.41755	.153180	.000000
6.42551	.153171	.000000
6.43348	.153011	.000000
6.44147	.152708	.000000
6.44948	.152288	.000000
6.45751	.151762	.000000
6.46556	.151177	.000000
6.47364	.150613	.000000
6.48173	.150049	.000000
6.48984	.149536	.000000
6.49798	.149097	.000000
6.50613	.148704	.000000
6.5143	.148382	.000000
6.5225	.148094	.000000
6.53071	.147801	.000000
6.53895	.147466	.000000
6.5472	.147070	.000000
6.55548	.146672	.000000
6.56378	.146252	.000000
6.57209	.145735	.000000
6.58044	.145161	.000000
6.5888	.144602	.000000
6.59718	.144048	.000000
6.60558	.143500	.000000
6.61401	.142977	.000000
6.62245	.142524	.000000
6.63092	.142163	.000000
6.63941	.141786	.000000
6.64792	.141541	.000000
6.65646	.141412	.000000
6.66501	.141339	.000000
6.6736	.141304	.000000
6.68219	.141339	.000000
6.69082	.141319	.000000
6.69946	.141271	.000000
6.70813	.141203	.000000
6.71682	.141138	.000000
6.72553	.140934	.000000
6.73426	.140623	.000000
6.74302	.140254	.000000
6.7518	.139832	.000000
6.7606	.139317	.000000
6.76943	.138779	.000000
6.77828	.138188	.000000
6.78715	.137613	.000000
6.79604	.136987	.000000
6.80496	.136412	.000000
6.8139	.135903	.000000
6.82287	.135533	.000000
6.83186	.135263	.000000
6.84087	.135061	.000000
6.84991	.134843	.000000
6.85897	.134692	.000000
6.86805	.134622	.000000
6.87716	.134529	.000000
6.88629	.134383	.000000
6.89545	.134282	.000000
6.90463	.134155	.000000
6.91384	.133977	.000000
6.92307	.133714	.000000
6.93233	.133423	.000000
6.94161	.133083	.000000
6.95091	.132675	.000000
6.96024	.132226	.000000
6.9696	.131734	.000000
6.97898	.131164	.000000
6.98838	.130568	.000000
6.99781	.129926	.000000
7.00727	.129258	.000000
7.01675	.128529	.000000
7.02626	.127789	.000000
7.03579	.127044	.000000
7.04535	.126350	.000000
7.05493	.125608	.000000
7.06455	.124869	.000000
7.07418	.124106	.000000
7.08385	.123375	.000000
7.09354	.122632	.000000
7.10325	.121929	.000000
7.113	.121237	.000000
7.12277	.120485	.000000
7.13256	.119676	.000000
7.14239	.118868	.000000
7.15224	.117951	.000000
7.16212	.116991	.000000
7.17202	.115916	.000000
7.18196	.114792	.000000
7.19192	.113665	.000000
7.20191	.112520	.000000
7.21193	.111333	.000000
7.22197	.110130	.000000
7.23204	.108884	.000000
7.24214	.107685	.000000
7.25227	.106513	.000000
7.26243	.105386	.000000
7.27261	.104228	.000000
7.28283	.103056	.000000
7.29307	.101860	.000000
7.30334	.100683	.000000
7.31364	.099449	.000000
7.32397	.098158	.000000
7.33433	.096821	.000000
7.34472	.095523	.000000
7.35514	.094154	.000000
7.36558	.092777	.000000
7.37606	.091334	.000000
7.38657	.089885	.000000
7.39711	.088431	.000000
7.40768	.086979	.000000
7.41827	.085512	.000000
7.4289	.084101	.000000
7.43956	.082665	.000000
7.45025	.081246	.000000
7.46097	.079813	.000000
7.47172	.078418	.000000
7.4825	.077046	.000000
7.49331	.075713	.000000
7.50416	.074315	.000000
7.51503	.072933	.000000
7.52594	.071573	.000000
7.53688	.070259	.000000
7.54785	.068903	.000000
7.55885	.067558	.000000
7.56988	.066168	.000000
7.58095	.064812	.000000
7.59205	.063473	.000000
7.60318	.062120	.000000
7.61435	.060711	.000000
7.62554	.059278	.000000
7.63677	.057776	.000000
7.64804	.056262	.000000
7.65933	.054696	.000000
7.67066	.053164	.000000
7.68203	.051491	.000000
7.69342	.049818	.000000
7.70485	.048101	.000000
7.71632	.046389	.000000
7.72782	.044665	.000000
7.73936	.042986	.000000
7.75093	.041274	.000000
7.76253	.039630	.000000
7.77417	.037970	.000000
7.78584	.036345	.000000
7.79755	.034719	.000000
7.80929	.033092	.000000
7.82107	.031428	.000000
7.83288	.029831	.000000
7.84473	.028231	.000000
7.85662	.026723	.000000
7.86854	.025190	.000000
7.8805	.023709	.000000
7.89249	.022261	.000000
7.90452	.020893	.000000
7.91659	.019485	.000000
7.9287	.018228	.000000
7.94084	.017066	.000000
7.95302	.015904	.000000
7.96523	.014728	.000000
7.97748	.013729	.000000
7.98977	.012790	.000000
8.0021	.011968	.000000
8.01447	.011154	.000000
8.02688	.010454	.000000
8.03932	.009785	.000000
8.05181	.009274	.000000
8.06433	.008856	.000000
8.07689	.008561	.000000
8.08949	.008318	.000000
8.10213	.008285	.000000
8.11481	.008415	.000000
8.12753	.008800	.000000
8.14029	.009340	.000000
8.15309	.010149	.000000
8.16593	.011220	.000000
8.17881	.012631	.000000
8.19173	.014360	.000000
8.20469	.016475	.000000
8.21769	.018957	.000000
8.23073	.021878	.000000
8.24382	.025122	.000000
8.25695	.028756	.000000
8.27012	.032705	.000000
8.28332	.036983	.000000
8.29658	.041427	.000000
8.30987	.046045	.000000
8.32321	.050659	.000000
8.33659	.055119	.000000
8.35002	.059226	.000000
8.36348	.063022	.000000
8.37699	.066397	.000000
8.39055	.069406	.000000
8.40415	.072018	.000000
8.41779	.074171	.000000
8.43148	.075736	.000000
8.44521	.076583	.000000
8.45898	.076692	.000000
8.47281	.076269	.000000
8.48668	.075511	.000000
8.50059	.074710	.000000
8.51455	.074022	.000000
8.52855	.073563	.000000
8.5426	.073270	.000000
8.5567	.073112	.000000
8.57084	.073036	.000000
8.58503	.073035	.000000
8.59927	.072976	.000000
8.61355	.072875	.000000
8.62788	.072685	.000000
8.64226	.072450	.000000
8.65669	.072203	.000000
8.67116	.071938	.000000
8.68569	.071585	.000000
8.70026	.071235	.000000
8.71488	.070864	.000000
8.72955	.070438	.000000
8.74427	.069940	.000000
8.75904	.069501	.000000
8.77386	.069017	.000000
8.78873	.068465	.000000
8.80366	.067941	.000000
8.81863	.067558	.000000
8.83365	.067264	.000000
8.84872	.067051	.000000
8.86385	.066932	.000000
8.87903	.066942	.000000
8.89426	.066837	.000000
8.90954	.066596	.000000
8.92488	.066178	.000000
8.94027	.065643	.000000
8.95571	.064961	.000000
8.9712	.064209	.000000
8.98675	.063455	.000000
9.00235	.062629	.000000
9.018	.061667	.000000
9.03371	.060604	.000000
9.04948	.059290	.000000
9.0653	.057879	.000000
9.08118	.056348	.000000
9.0971	.054684	.000000
9.11309	.052820	.000000
9.12914	.050929	.000000
9.14524	.049042	.000000
9.16139	.047229	.000000
9.17761	.045550	.000000
9.19388	.044129	.000000
9.21021	.042916	.000000
9.2266	.042009	.000000
9.24304	.041369	.000000
9.25955	.040856	.000000
9.27611	.040407	.000000
9.29273	.040180	.000000
9.30942	.040182	.000000
9.32617	.040456	.000000
9.34297	.040903	.000000
9.35983	.041497	.000000
9.37676	.042244	.000000
9.39375	.043198	.000000
9.41079	.044347	.000000
9.42791	.045831	.000000
9.44508	.047588	.000000
9.46231	.049577	.000000
9.47961	.051771	.000000
9.49697	.054161	.000000
9.5144	.056711	.000000
9.53188	.059296	.000000
9.54944	.061725	.000000
9.56705	.063912	.000000
9.58474	.065776	.000000
9.60249	.067433	.000000
9.6203	.068697	.000000
9.63818	.069659	.000000
9.65613	.070370	.000000
9.67415	.070700	.000000
9.69223	.070644	.000000
9.71038	.070327	.000000
9.7286	.069746	.000000
9.74689	.069021	.000000
9.76524	.068250	.000000
9.78367	.067336	.000000
9.80216	.066279	.000000
9.82072	.065381	.000000
9.83936	.064561	.000000
9.85806	.063900	.000000
9.87684	.063525	.000000
9.89569	.063336	.000000
9.91461	.063265	.000000
9.9336	.063552	.000000
9.95267	.064108	.000000
9.97181	.064924	.000000
9.99103	.065863	.000000
10.01031	.066897	.000000
10.02968	.068034	.000000
10.04911	.069355	.000000
10.06863	.070821	.000000
10.08822	.072158	.000000
10.10788	.073225	.000000
10.12763	.073962	.000000
10.14745	.074274	.000000
10.16734	.074339	.000000
10.18732	.074366	.000000
10.20737	.074688	.000000
10.2275	.075493	.000000
10.24771	.076978	.000000
10.268	.079077	.000000
10.28838	.081743	.000000
10.30883	.084606	.000000
10.32937	.087306	.000000
10.34998	.089776	.000000
10.37069	.092059	.000000
10.39147	.094118	.000000
10.41234	.095902	.000000
10.43329	.097179	.000000
10.45432	.097874	.000000
10.47544	.098152	.000000
10.49665	.098323	.000000
10.51794	.098354	.000000
10.53932	.098308	.000000
10.56079	.098306	.000000
10.58234	.098360	.000000
10.60398	.098488	.000000
10.62571	.098691	.000000
10.64753	.098743	.000000
10.66944	.098753	.000000
10.69144	.098920	.000000
10.71353	.099382	.000000
10.73571	.099942	.000000
10.75799	.100207	.000000
10.78035	.100000	.000000
10.80281	.099553	.000000
10.82536	.098906	.000000
10.848	.098008	.000000
10.87075	.096858	.000000
10.89358	.095746	.000000
10.91652	.094780	.000000
10.93955	.093978	.000000
10.96268	.093233	.000000
10.98591	.092499	.000000
11.00923	.091842	.000000
11.03266	.091307	.000000
11.05618	.090695	.000000
11.0798	.089838	.000000
11.10353	.088798	.000000
11.12736	.087811	.000000
11.15129	.086806	.000000
11.17532	.085829	.000000
11.19946	.084816	.000000
11.2237	.083916	.000000
11.24805	.083183	.000000
11.2725	.082528	.000000
11.29706	.081965	.000000
11.32172	.081456	.000000
11.34649	.080964	.000000
11.37138	.080636	.000000
11.39637	.080321	.000000
11.42147	.080045	.000000
11.44668	.079804	.000000
11.47201	.079526	.000000
11.49745	.079153	.000000
11.523	.078933	.000000
11.54866	.078813	.000000
11.57444	.078731	.000000
11.60033	.078711	.000000
11.62634	.078776	.000000
11.65247	.078795	.000000
11.67872	.078828	.000000
11.70508	.078785	.000000
11.73157	.078678	.000000
11.75817	.078535	.000000
11.78489	.078482	.000000
11.81174	.078356	.000000
11.8387	.078224	.000000
11.86579	.078154	.000000
11.893	.078206	.000000
11.92034	.078235	.000000
11.94781	.078344	.000000
11.9754	.078478	.000000
12.00312	.078607	.000000
12.03097	.078764	.000000
12.05896	.078952	.000000
12.08707	.079085	.000000
12.11531	.079203	.000000
12.14368	.079205	.000000
12.17219	.079001	.000000
12.20083	.078657	.000000
12.2296	.078298	.000000
12.25852	.077681	.000000
12.28757	.076861	.000000
12.31676	.076039	.000000
12.34608	.075128	.000000
12.37555	.073810	.000000
12.40515	.072162	.000000
12.4349	.070220	.000000
12.46478	.068067	.000000
12.49482	.065739	.000000
12.525	.063276	.000000
12.55533	.060738	.000000
12.5858	.058243	.000000
12.61642	.055708	.000000
12.6472	.053046	.000000
12.67813	.050125	.000000
12.7092	.047019	.000000
12.74043	.043810	.000000
12.77181	.040817	.000000
12.80334	.038366	.000000
12.83503	.036716	.000000
12.86688	.035795	.000000
12.8989	.035745	.000000
12.93106	.036256	.000000
12.96339	.036858	.000000
12.99588	.037350	.000000
13.02853	.037675	.000000
13.06135	.038137	.000000
13.09433	.039117	.000000
13.12749	.040524	.000000
13.16081	.041999	.000000
13.1943	.042961	.000000
13.22796	.043219	.000000
13.26179	.042866	.000000
13.29579	.042244	.000000
13.32997	.041431	.000000
13.36432	.040537	.000000
13.39885	.039566	.000000
13.43356	.038619	.000000
13.46846	.037537	.000000
13.50353	.036699	.000000
13.53879	.036252	.000000
13.57423	.036032	.000000
13.60986	.036079	.000000
13.64568	.036658	.000000
13.68169	.037651	.000000
13.71788	.038755	.000000
13.75427	.039525	.000000
13.79085	.039914	.000000
13.82763	.039968	.000000
13.8646	.039758	.000000
13.90177	.039274	.000000
13.93915	.038658	.000000
13.97672	.037828	.000000
14.01449	.036800	.000000
14.05247	.035644	.000000
14.09066	.034462	.000000
14.12904	.033242	.000000
14.16764	.032114	.000000
14.20646	.031166	.000000
14.24549	.030385	.000000
14.28473	.029813	.000000
14.3242	.029531	.000000
14.36388	.029141	.000000
14.40378	.028814	.000000
14.4439	.028791	.000000
14.48425	.029286	.000000
14.52482	.029957	.000000
14.56562	.030396	.000000
14.60665	.030435	.000000
14.64792	.030258	.000000
14.68942	.029765	.000000
14.73115	.029182	.000000
14.77312	.028828	.000000
14.81533	.028937	.000000
14.85778	.029380	.000000
14.90048	.030480	.000000
14.94342	.032040	.000000
14.98659	.033477	.000000
15.03003	.034462	.000000
15.07372	.035119	.000000
15.11767	.035587	.000000
15.16187	.035916	.000000
15.20634	.036726	.000000
15.25106	.038670	.000000
15.29606	.041892	.000000
15.34131	.046898	.000000
15.38684	.053191	.000000
15.43263	.060021	.000000
15.4787	.066462	.000000
15.52504	.071900	.000000
15.57167	.075713	.000000
15.61858	.077681	.000000
15.66576	.078937	.000000
15.71324	.079843	.000000
15.761	.079759	.000000
15.80905	.079499	.000000
15.8574	.079287	.000000
15.90604	.078991	.000000
15.95496	.078367	.000000
16.00421	.077279	.000000
16.05376	.075536	.000000
16.10362	.073623	.000000
16.15378	.071268	.000000
16.20426	.069087	.000000
16.25506	.067593	.000000
16.30619	.066788	.000000
16.35763	.067027	.000000
16.40939	.068189	.000000
16.46149	.069389	.000000
16.51391	.070570	.000000
16.56667	.071554	.000000
16.61977	.072251	.000000
16.67322	.073145	.000000
16.72701	.074716	.000000
16.78114	.076828	.000000
16.83563	.079864	.000000
16.89046	.082954	.000000
16.94566	.085115	.000000
17.00122	.086071	.000000
17.05716	.085539	.000000
17.11345	.083864	.000000
17.17012	.081706	.000000
17.22716	.079001	.000000
17.28459	.075748	.000000
17.3424	.072838	.000000
17.4006	.070842	.000000
17.45916	.070059	.000000
17.51815	.070893	.000000
17.57753	.071880	.000000
17.63732	.072245	.000000
17.69752	.072337	.000000
17.75813	.071870	.000000
17.81915	.070730	.000000
17.88061	.069235	.000000
17.94248	.067437	.000000
18.00478	.067154	.000000
18.06752	.068314	.000000
18.13069	.070422	.000000
18.19431	.073390	.000000
18.25837	.076910	.000000
18.3229	.080224	.000000
18.38788	.082933	.000000
18.45331	.084182	.000000
18.51922	.084544	.000000
18.5856	.083681	.000000
18.65245	.081561	.000000
18.71979	.078698	.000000
18.78759	.076074	.000000
18.85591	.073678	.000000
18.92473	.071571	.000000
18.99405	.069581	.000000
19.06392	.068018	.000000
19.13427	.066497	.000000
19.20514	.065334	.000000
19.27653	.064302	.000000
19.34846	.063712	.000000
19.42093	.062293	.000000
19.49394	.061681	.000000
19.5675	.060965	.000000
19.64162	.060643	.000000
19.7163	.060062	.000000
19.79156	.059008	.000000
19.86738	.056390	.000000
19.9438	.054115	.000000
20.0208	.052674	.000000
20.0984	.049666	.000000
20.17661	.047221	.000000
20.25542	.045328	.000000
20.33486	.045099	.000000
20.41491	.046626	.000000
20.49561	.048960	.000000
20.57694	.050875	.000000
20.65892	.052958	.000000
20.74155	.053773	.000000
20.82485	.053236	.000000
20.90882	.052243	.000000
20.99347	.050803	.000000
21.07881	.050822	.000000
21.16485	.051110	.000000
21.25159	.051866	.000000
21.33905	.051567	.000000
21.42722	.052138	.000000
21.51613	.050844	.000000
21.60579	.049726	.000000
21.69619	.048793	.000000
21.78735	.048053	.000000
21.87928	.046416	.000000
21.97199	.045007	.000000
22.06548	.043869	.000000
22.15978	.043006	.000000
22.25489	.041832	.000000
22.35081	.040460	.000000
22.44757	.038866	.000000
22.54517	.037943	.000000
22.64362	.038716	.000000
22.74294	.042005	.000000
22.84313	.046603	.000000
22.9442	.053137	.000000
23.04617	.060866	.000000
23.14906	.068438	.000000
23.25287	.074733	.000000
23.35761	.077814	.000000
23.4633	.078933	.000000
23.56995	.078952	.000000
23.67758	.077889	.000000
23.78619	.075886	.000000
23.8958	.074589	.000000
24.00643	.072691	.000000
24.11809	.071110	.000000
24.23079	.069680	.000000
24.3445	.067461	.000000
24.45933	.066267	.000000
24.57525	.065873	.000000
24.69227	.066079	.000000
24.81042	.066438	.000000
24.9297	.066757	.000000
25.05013	.068261	.000000
25.17173	.071058	.000000
25.29452	.073505	.000000
25.41852	.076403	.000000
25.54373	.078848	.000000
25.67018	.080915	.000000
25.7979	.083279	.000000
25.92689	.086482	.000000
26.05717	.089088	.000000
26.18878	.091041	.000000
26.32171	.091610	.000000
26.45601	.090821	.000000
26.59168	.089183	.000000
26.72875	.086979	.000000
26.86724	.084503	.000000
27.00717	.082556	.000000
27.14857	.081222	.000000
27.29146	.079757	.000000
27.43586	.077411	.000000
27.58179	.075003	.000000
27.72929	.073064	.000000
27.87837	.072267	.000000
28.02907	.073151	.000000
28.1814	.075608	.000000
28.33539	.077394	.000000
28.49108	.078173	.000000
28.64849	.078441	.000000
28.80765	.078507	.000000
28.96859	.077996	.000000
29.13133	.076986	.000000
29.29592	.075231	.000000
29.46237	.073870	.000000
29.63073	.072207	.000000
29.80102	.070646	.000000
29.97328	.068568	.000000
30.14754	.066355	.000000
30.32384	.064903	.000000
30.50222	.064497	.000000
30.68271	.062598	.000000
30.86534	.062441	.000000
31.05016	.063333	.000000
31.23721	.063235	.000000
31.42653	.063257	.000000
31.61815	.063445	.000000
31.81213	.062703	.000000
32.0085	.062662	.000000
32.20731	.065603	.000000
32.40861	.069600	.000000
32.61244	.072650	.000000
32.81884	.075717	.000000
33.02788	.076554	.000000
33.2396	.075108	.000000
33.45405	.072893	.000000
33.67128	.071210	.000000
33.89136	.070628	.000000
34.11432	.068057	.000000
34.34025	.065970	.000000
34.56918	.064996	.000000
34.80119	.062843	.000000
35.03633	.061170	.000000
35.27468	.060872	.000000
35.51629	.061632	.000000
35.76123	.061203	.000000
36.00957	.059652	.000000
36.26138	.057972	.000000
36.51674	.056968	.000000
36.77573	.056359	.000000
37.03841	.055366	.000000
37.30488	.053495	.000000
37.5752	.051631	.000000
37.84947	.048375	.000000
38.12777	.045931	.000000
38.4102	.044319	.000000
38.69684	.044500	.000000
38.9878	.044628	.000000
39.28316	.044158	.000000
39.58303	.046500	.000000
39.88752	.052766	.000000
40.19672	.059885	.000000
40.51076	.067315	.000000
40.82974	.074873	.000000
41.15379	.078113	.000000
41.48302	.080601	.000000
41.81756	.085825	.000000
42.15754	.086621	.000000
42.50309	.086126	.000000
42.85436	.087947	.000000
43.21148	.085500	.000000
43.5746	.081806	.000000
43.94388	.081988	.000000
44.31946	.080824	.000000
44.70153	.081059	.000000
45.09024	.079609	.000000
45.48577	.074459	.000000
45.88829	.072469	.000000
46.29801	.074663	.000000
46.71511	.077510	.000000
47.13979	.076752	.000000
47.57227	.079075	.000000
48.01275	.084241	.000000
48.46147	.081807	.000000
48.91865	.083994	.000000
49.38455	.085492	.000000
49.8594	.078226	.000000
50.34347	.073312	.000000
50.83703	.073219	.000000
51.34037	.074828	.000000
51.85377	.077370	.000000
52.37755	.078307	.000000
52.91202	.077940	.000000
53.4575	.076848	.000000
54.01435	.075338	.000000
54.58292	.074469	.000000
55.16359	.071830	.000000
55.75675	.070049	.000000
56.3628	.073441	.000000
56.98217	.075355	.000000
57.61531	.077011	.000000
58.26267	.080249	.000000
58.92474	.080014	.000000
59.60204	.083893	.000000
60.29509	.088262	.000000
61.00445	.085350	.000000
61.73069	.087045	.000000
62.47443	.090264	.000000
63.23631	.088038	.000000
64.01701	.087269	.000000
64.81722	.091815	.000000
65.6377	.097420	.000000
66.4792	.098450	.000000
67.34256	.091871	.000000
68.22865	.097392	.000000
69.13838	.103349	.000000
70.07267	.113034	.000000
71.03257	.130817	.000000
72.01913	.121876	.000000
73.03348	.108377	.000000
74.07682	.116172	.000000
75.1504	.135259	.000000
76.25555	.145095	.000000
77.39369	.134645	.000000
78.56632	.124401	.000000
79.77503	.112841	.000000
81.02152	.100632	.000000
82.30759	.098045	.000000
83.63513	.091544	.000000
85.0062	.089896	.000000
86.42296	.099375	.000000
87.88776	.113228	.000000
89.40305	.126415	.000000
90.97155	.102457	.000000
92.59603	.090829	.000000
94.27959	.092514	.000000
96.02551	.091136	.000000
97.83731	.091136	.000000
99.7188	.106983	.000000
