Brown University Keck/NASA Relab Spectrum CK-JFM-062/BKR1CK062
Wavelength(micron)	Reflectance	Standard Deviation
0.32	.662257	.010584
0.325	.686385	.010104
0.33	.702765	.009320
0.335	.722532	.009165
0.34	.737370	.009501
0.345	.750387	.009654
0.35	.755264	.009894
0.355	.765355	.007849
0.36	.769331	.013742
0.365	.778473	.009490
0.37	.784676	.009129
0.375	.791369	.007667
0.38	.794406	.008330
0.385	.801399	.007399
0.39	.805638	.007981
0.395	.811729	.008264
0.4	.818661	.004488
0.405	.823177	.004213
0.41	.826311	.004178
0.415	.828658	.004023
0.42	.831391	.005166
0.425	.832823	.000579
0.43	.835496	.000566
0.435	.837962	.000497
0.44	.840209	.000495
0.445	.841831	.000472
0.45	.843833	.000476
0.455	.845448	.000457
0.46	.847446	.000468
0.465	.849404	.000455
0.47	.851202	.000450
0.475	.852975	.000435
0.48	.854606	.000444
0.485	.856209	.000432
0.49	.857745	.000428
0.495	.859278	.000435
0.5	.860750	.000433
0.505	.862060	.000411
0.51	.863409	.000411
0.515	.864642	.000405
0.52	.865759	.000396
0.525	.866765	.000383
0.53	.867697	.000386
0.535	.868490	.000380
0.54	.869436	.000376
0.545	.870048	.000374
0.55	.870790	.000367
0.555	.871341	.000377
0.56	.871799	.000387
0.565	.872344	.000372
0.57	.872952	.000363
0.575	.873527	.000379
0.58	.874380	.000387
0.585	.875136	.000363
0.59	.875974	.000385
0.595	.875904	.000380
0.6	.876855	.000384
0.605	.877112	.000392
0.61	.877365	.000385
0.615	.877719	.000393
0.62	.877967	.000381
0.625	.878876	.000385
0.63	.878689	.000389
0.635	.879748	.000385
0.64	.879914	.000390
0.645	.880797	.000389
0.65	.880891	.000391
0.655	.881963	.000394
0.66	.882118	.000425
0.665	.882935	.000399
0.67	.883357	.000425
0.675	.883956	.000411
0.68	.885086	.000393
0.685	.885057	.000400
0.69	.885271	.000405
0.695	.885686	.000402
0.7	.886127	.000404
0.705	.886419	.000405
0.71	.886427	.000413
0.715	.886827	.000412
0.72	.886861	.000407
0.725	.886900	.000412
0.73	.886981	.000421
0.735	.887192	.000422
0.74	.887159	.000432
0.745	.887480	.000446
0.75	.887657	.000441
0.755	.887741	.000449
0.76	.887815	.000452
0.765	.888082	.000451
0.77	.888302	.000454
0.775	.888602	.000446
0.78	.888758	.000472
0.785	.889224	.000469
0.79	.889048	.000473
0.795	.889293	.000474
0.8	.889159	.000479
0.805	.889350	.000461
0.81	.889451	.000458
0.815	.889582	.000447
0.82	.889480	.000436
0.825	.889813	.000423
0.83	.890886	.004093
0.835	.890807	.003899
0.84	.890481	.003758
0.845	.890449	.003606
0.85	.890163	.003550
0.855	.889892	.003385
0.86	.889997	.003383
0.865	.889459	.006005
0.87	.889382	.005925
0.875	.889503	.005481
0.88	.889022	.005607
0.885	.889236	.005094
0.89	.889122	.004947
0.895	.889031	.004510
0.9	.888594	.004446
0.905	.888903	.003956
0.91	.888302	.003954
0.915	.888026	.003766
0.92	.887735	.003853
0.925	.887753	.003897
0.93	.887307	.004099
0.935	.887355	.004365
0.94	.887022	.004614
0.945	.887202	.004553
0.95	.886860	.004623
0.955	.886731	.004280
0.96	.886418	.004337
0.965	.886307	.004002
0.97	.885716	.004093
0.975	.885540	.004014
0.98	.885095	.004263
0.985	.884880	.004140
0.99	.884616	.004359
0.995	.884418	.004209
1	.884053	.004126
1.005	.883892	.003844
1.01	.883617	.003863
1.015	.883568	.003618
1.02	.883078	.003678
1.025	.882816	.003571
1.03	.881972	.003801
1.035	.882119	.003347
1.04	.881636	.003734
1.045	.881912	.003496
1.05	.881272	.004189
1.055	.881836	.003407
1.06	.880616	.004070
1.065	.880968	.003312
1.07	.880379	.003226
1.075	.880272	.003136
1.08	.880039	.003505
1.085	.879998	.003610
1.09	.879830	.003820
1.095	.879814	.003993
1.1	.879740	.004005
1.105	.879797	.003834
1.11	.879603	.003810
1.115	.879629	.003678
1.12	.879470	.003624
1.125	.879081	.003565
1.13	.878805	.003632
1.135	.878759	.003540
1.14	.878577	.003606
1.145	.878408	.003567
1.15	.878323	.003586
1.155	.878286	.003552
1.16	.877992	.003666
1.165	.877860	.003550
1.17	.877819	.003615
1.175	.877804	.003559
1.18	.877595	.003480
1.185	.877335	.003367
1.19	.876916	.003261
1.195	.876737	.003167
1.2	.877194	.003287
1.205	.877280	.003527
1.21	.877217	.003265
1.215	.877176	.003331
1.22	.876799	.003489
1.225	.876927	.003450
1.23	.876466	.003443
1.235	.876512	.003486
1.24	.876914	.003461
1.245	.876552	.003172
1.25	.876472	.003242
1.255	.876224	.003475
1.26	.875816	.003132
1.265	.875928	.003203
1.27	.876035	.002831
1.275	.876416	.003238
1.28	.876454	.003184
1.285	.876731	.003469
1.29	.877245	.003427
1.295	.876732	.003302
1.3	.877857	.003283
1.305	.877566	.003449
1.31	.877930	.003508
1.315	.878114	.003538
1.32	.878587	.003593
1.325	.878556	.003564
1.33	.878613	.003569
1.335	.878568	.003589
1.34	.878832	.003626
1.345	.879005	.003699
1.35	.879325	.003612
1.355	.879326	.003662
1.36	.879605	.003863
1.365	.879685	.003858
1.37	.880208	.004598
1.375	.879617	.004401
1.38	.879763	.004710
1.385	.880346	.004656
1.39	.880726	.004695
1.395	.880231	.004030
1.4	.880326	.004142
1.405	.880397	.003798
1.41	.880749	.003857
1.415	.881075	.003832
1.42	.881772	.003753
1.425	.882392	.003654
1.43	.883093	.003320
1.435	.883386	.003308
1.44	.883924	.003455
1.445	.883130	.003555
1.45	.884313	.003524
1.455	.884467	.003454
1.46	.884092	.003611
1.465	.885225	.003685
1.47	.885985	.003890
1.475	.886302	.003723
1.48	.886338	.003499
1.485	.886278	.003462
1.49	.887247	.003447
1.495	.887918	.003861
1.5	.887541	.003722
1.505	.888110	.003666
1.51	.888074	.003825
1.515	.888561	.003647
1.52	.888950	.003670
1.525	.889618	.003529
1.53	.889758	.003543
1.535	.890133	.003508
1.54	.890112	.003759
1.545	.890568	.003717
1.55	.890829	.003669
1.555	.890914	.004054
1.56	.890916	.003874
1.565	.892373	.003894
1.57	.892464	.003786
1.575	.892118	.003707
1.58	.892950	.003797
1.585	.893239	.003631
1.59	.893119	.003765
1.595	.893629	.003535
1.6	.893988	.003696
1.605	.893639	.003699
1.61	.894424	.003948
1.615	.893773	.003963
1.62	.894619	.003854
1.625	.894437	.004054
1.63	.894419	.003781
1.635	.895114	.003867
1.64	.895540	.003826
1.645	.896233	.003842
1.65	.896702	.003735
1.655	.897803	.003763
1.66	.897844	.003696
1.665	.898131	.003748
1.67	.898304	.003839
1.675	.899248	.004145
1.68	.900189	.003573
1.685	.900469	.003913
1.69	.900864	.003991
1.695	.900924	.004033
1.7	.901006	.003879
1.705	.900915	.003456
1.71	.901400	.003905
1.715	.901428	.003713
1.72	.901455	.003625
1.725	.901737	.003844
1.73	.901105	.003715
1.735	.900829	.003910
1.74	.901506	.003843
1.745	.900413	.003959
1.75	.900901	.004015
1.755	.899758	.003768
1.76	.900310	.003957
1.765	.900600	.004038
1.77	.900321	.004056
1.775	.900637	.003813
1.78	.900539	.003786
1.785	.900929	.003602
1.79	.900860	.003495
1.795	.901000	.003555
1.8	.901297	.003945
1.805	.901066	.003715
1.81	.900922	.003815
1.815	.901031	.003819
1.82	.901190	.003947
1.825	.901364	.003908
1.83	.901134	.003988
1.835	.901078	.003903
1.84	.900713	.003900
1.845	.900442	.003804
1.85	.900003	.003905
1.855	.900385	.003828
1.86	.900489	.004999
1.865	.899855	.004966
1.87	.898807	.005946
1.875	.898310	.005924
1.88	.897475	.005961
1.885	.896560	.004839
1.89	.896626	.005361
1.895	.896277	.004413
1.9	.895525	.004652
1.905	.894812	.004630
1.91	.893749	.004651
1.915	.892977	.004147
1.92	.892670	.004074
1.925	.892574	.003794
1.93	.892082	.003601
1.935	.892426	.003747
1.94	.891762	.003743
1.945	.891731	.003798
1.95	.891362	.003937
1.955	.891262	.003865
1.96	.891572	.003854
1.965	.891641	.003862
1.97	.892154	.003832
1.975	.891755	.003957
1.98	.892097	.003951
1.985	.892214	.004039
1.99	.892437	.003854
1.995	.892675	.004253
2	.892967	.003875
2.005	.892722	.004042
2.01	.892842	.003995
2.015	.893519	.003745
2.02	.892922	.003930
2.025	.893227	.003902
2.03	.893468	.003847
2.035	.893114	.003918
2.04	.893255	.003787
2.045	.892911	.003980
2.05	.892837	.003928
2.055	.892104	.003870
2.06	.891591	.004003
2.065	.891057	.004161
2.07	.891363	.003997
2.075	.891436	.004231
2.08	.891291	.004214
2.085	.891174	.004150
2.09	.890915	.004244
2.095	.890339	.004192
2.1	.889885	.004384
2.105	.890616	.004111
2.11	.890783	.004260
2.115	.890976	.004255
2.12	.891583	.004163
2.125	.890980	.004200
2.13	.891728	.004413
2.135	.891635	.004349
2.14	.892825	.004320
2.145	.892770	.004475
2.15	.892436	.004489
2.155	.892166	.004208
2.16	.892362	.004339
2.165	.892079	.004197
2.17	.891862	.004437
2.175	.891124	.004431
2.18	.890893	.004103
2.185	.891468	.004375
2.19	.891674	.004432
2.195	.891421	.003928
2.2	.891754	.005423
2.205	.890133	.004192
2.21	.889249	.004466
2.215	.889743	.004479
2.22	.889000	.004430
2.225	.888438	.004360
2.23	.888394	.004346
2.235	.888723	.004443
2.24	.888165	.004520
2.245	.889347	.004393
2.25	.888644	.004373
2.255	.888777	.004460
2.26	.888985	.004354
2.265	.889218	.003940
2.27	.888709	.004324
2.275	.889180	.004270
2.28	.888542	.004227
2.285	.889466	.004204
2.29	.888976	.004185
2.295	.888226	.004507
2.3	.888139	.004446
2.305	.890127	.004642
2.31	.889678	.004458
2.315	.889635	.004164
2.32	.890146	.004251
2.325	.889965	.004431
2.33	.888775	.004779
2.335	.890187	.004610
2.34	.888947	.004583
2.345	.888953	.004739
2.35	.889501	.004299
2.355	.888580	.004471
2.36	.888871	.004428
2.365	.888842	.004298
2.37	.888784	.004402
2.375	.889028	.004537
2.38	.888801	.004589
2.385	.888567	.004401
2.39	.888859	.004629
2.395	.888797	.004635
2.4	.887920	.004399
2.405	.888044	.004266
2.41	.887697	.004352
2.415	.887960	.004609
2.42	.887187	.004621
2.425	.886971	.004532
2.43	.886747	.004630
2.435	.886691	.004689
2.44	.886567	.004607
2.445	.885793	.004684
2.45	.884933	.004564
2.455	.885504	.004575
2.46	.885777	.004749
2.465	.885431	.004552
2.47	.884665	.004954
2.475	.884599	.004987
2.48	.885346	.004924
2.485	.883804	.004414
2.49	.884543	.004902
2.495	.883532	.004808
2.5	.884716	.004889
2.50029	.884477	.000000
2.50059	.884535	.000000
2.50089	.884363	.000000
2.50119	.884396	.000000
2.50149	.884779	.000000
2.50179	.885091	.000000
2.5021	.885322	.000000
2.5024	.885282	.000000
2.5027	.884908	.000000
2.503	.884783	.000000
2.5033	.884719	.000000
2.50361	.884733	.000000
2.50391	.884733	.000000
2.50421	.884605	.000000
2.50451	.884493	.000000
2.50482	.884154	.000000
2.50512	.884135	.000000
2.50542	.884598	.000000
2.50572	.884508	.000000
2.50603	.884484	.000000
2.50633	.884348	.000000
2.50663	.884434	.000000
2.50694	.884633	.000000
2.50724	.884779	.000000
2.50754	.884711	.000000
2.50785	.885005	.000000
2.50815	.885995	.000000
2.50845	.886006	.000000
2.50876	.885335	.000000
2.50906	.884702	.000000
2.50936	.884334	.000000
2.50967	.884299	.000000
2.50997	.884440	.000000
2.51027	.884695	.000000
2.51058	.884482	.000000
2.51088	.884420	.000000
2.51119	.884609	.000000
2.51149	.884711	.000000
2.51179	.884578	.000000
2.5121	.884622	.000000
2.5124	.884416	.000000
2.51271	.884053	.000000
2.51301	.884146	.000000
2.51332	.884361	.000000
2.51362	.884444	.000000
2.51393	.884981	.000000
2.51423	.884662	.000000
2.51453	.884433	.000000
2.51484	.884864	.000000
2.51514	.884677	.000000
2.51545	.884328	.000000
2.51575	.884552	.000000
2.51606	.884759	.000000
2.51637	.884726	.000000
2.51667	.884328	.000000
2.51698	.884396	.000000
2.51728	.884510	.000000
2.51759	.884240	.000000
2.51789	.884312	.000000
2.5182	.884363	.000000
2.5185	.884689	.000000
2.51881	.884891	.000000
2.51912	.884704	.000000
2.51942	.884409	.000000
2.51973	.884383	.000000
2.52003	.884460	.000000
2.52034	.884334	.000000
2.52065	.884484	.000000
2.52095	.884583	.000000
2.52126	.884414	.000000
2.52157	.884451	.000000
2.52187	.884697	.000000
2.52218	.884816	.000000
2.52249	.884818	.000000
2.52279	.884563	.000000
2.5231	.884148	.000000
2.52341	.884400	.000000
2.52371	.884932	.000000
2.52402	.885018	.000000
2.52433	.884876	.000000
2.52464	.884843	.000000
2.52494	.884658	.000000
2.52525	.884799	.000000
2.52556	.884904	.000000
2.52587	.884651	.000000
2.52617	.884783	.000000
2.52648	.884873	.000000
2.52679	.884752	.000000
2.5271	.884836	.000000
2.52741	.884640	.000000
2.52771	.884442	.000000
2.52802	.884719	.000000
2.52833	.884865	.000000
2.52864	.884865	.000000
2.52895	.884932	.000000
2.52925	.884827	.000000
2.52956	.884585	.000000
2.52987	.884440	.000000
2.53018	.884678	.000000
2.53049	.885240	.000000
2.5308	.885388	.000000
2.53111	.884821	.000000
2.53142	.884392	.000000
2.53172	.884653	.000000
2.53203	.884627	.000000
2.53234	.884566	.000000
2.53265	.884981	.000000
2.53296	.885023	.000000
2.53327	.885201	.000000
2.53358	.884807	.000000
2.53389	.884493	.000000
2.5342	.884570	.000000
2.53451	.884469	.000000
2.53482	.884660	.000000
2.53513	.884913	.000000
2.53544	.884948	.000000
2.53575	.884412	.000000
2.53606	.884200	.000000
2.53637	.884590	.000000
2.53668	.884878	.000000
2.53699	.884965	.000000
2.5373	.884656	.000000
2.53761	.884431	.000000
2.53792	.884702	.000000
2.53823	.884869	.000000
2.53854	.884807	.000000
2.53885	.884827	.000000
2.53916	.884609	.000000
2.53947	.884361	.000000
2.53979	.884418	.000000
2.5401	.884473	.000000
2.54041	.884644	.000000
2.54072	.884651	.000000
2.54103	.884860	.000000
2.54134	.885106	.000000
2.54165	.885012	.000000
2.54196	.884827	.000000
2.54228	.884842	.000000
2.54259	.884464	.000000
2.5429	.884302	.000000
2.54321	.884565	.000000
2.54352	.884693	.000000
2.54384	.885353	.000000
2.54415	.885493	.000000
2.54446	.885065	.000000
2.54477	.884950	.000000
2.54508	.885093	.000000
2.5454	.885251	.000000
2.54571	.885113	.000000
2.54602	.884946	.000000
2.54633	.884897	.000000
2.54665	.884865	.000000
2.54696	.884627	.000000
2.54727	.884323	.000000
2.54758	.884566	.000000
2.5479	.884568	.000000
2.54821	.884504	.000000
2.54852	.884873	.000000
2.54884	.885227	.000000
2.54915	.884884	.000000
2.54946	.884763	.000000
2.54978	.885324	.000000
2.55009	.885231	.000000
2.55041	.885007	.000000
2.55072	.884664	.000000
2.55103	.884699	.000000
2.55135	.885141	.000000
2.55166	.884994	.000000
2.55197	.884838	.000000
2.55229	.884636	.000000
2.5526	.884280	.000000
2.55292	.884412	.000000
2.55323	.884966	.000000
2.55355	.884849	.000000
2.55386	.884412	.000000
2.55417	.884589	.000000
2.55449	.884601	.000000
2.5548	.884614	.000000
2.55512	.885069	.000000
2.55543	.885254	.000000
2.55575	.884618	.000000
2.55606	.884055	.000000
2.55638	.884315	.000000
2.55669	.884748	.000000
2.55701	.884574	.000000
2.55732	.884544	.000000
2.55764	.884733	.000000
2.55795	.884939	.000000
2.55827	.884926	.000000
2.55859	.885034	.000000
2.5589	.885297	.000000
2.55922	.884864	.000000
2.55953	.884566	.000000
2.55985	.884801	.000000
2.56016	.884891	.000000
2.56048	.884578	.000000
2.5608	.884511	.000000
2.56111	.884544	.000000
2.56143	.884763	.000000
2.56175	.884917	.000000
2.56206	.884732	.000000
2.56238	.884345	.000000
2.5627	.884644	.000000
2.56301	.885240	.000000
2.56333	.885632	.000000
2.56365	.885372	.000000
2.56396	.885185	.000000
2.56428	.884941	.000000
2.5646	.884693	.000000
2.56491	.884612	.000000
2.56523	.884882	.000000
2.56555	.884924	.000000
2.56587	.884488	.000000
2.56618	.884365	.000000
2.5665	.884796	.000000
2.56682	.884941	.000000
2.56714	.885051	.000000
2.56745	.885164	.000000
2.56777	.884939	.000000
2.56809	.884965	.000000
2.56841	.885166	.000000
2.56873	.885676	.000000
2.56904	.885737	.000000
2.56936	.884865	.000000
2.56968	.884323	.000000
2.57	.884585	.000000
2.57032	.884702	.000000
2.57064	.885106	.000000
2.57096	.885256	.000000
2.57127	.884743	.000000
2.57159	.884467	.000000
2.57191	.884266	.000000
2.57223	.884673	.000000
2.57255	.885018	.000000
2.57287	.884655	.000000
2.57319	.884091	.000000
2.57351	.884293	.000000
2.57383	.884688	.000000
2.57415	.884886	.000000
2.57447	.884823	.000000
2.57479	.884337	.000000
2.5751	.883998	.000000
2.57542	.884416	.000000
2.57574	.884895	.000000
2.57606	.884636	.000000
2.57638	.884533	.000000
2.5767	.884378	.000000
2.57703	.884044	.000000
2.57735	.883970	.000000
2.57767	.883972	.000000
2.57799	.884352	.000000
2.57831	.884504	.000000
2.57863	.884787	.000000
2.57895	.885152	.000000
2.57927	.884669	.000000
2.57959	.884447	.000000
2.57991	.884185	.000000
2.58023	.884497	.000000
2.58055	.884510	.000000
2.58087	.883627	.000000
2.58119	.883770	.000000
2.58152	.884620	.000000
2.58184	.884902	.000000
2.58216	.884616	.000000
2.58248	.884845	.000000
2.5828	.885091	.000000
2.58312	.885108	.000000
2.58345	.885010	.000000
2.58377	.884673	.000000
2.58409	.884625	.000000
2.58441	.884231	.000000
2.58473	.884378	.000000
2.58506	.884761	.000000
2.58538	.884574	.000000
2.5857	.884533	.000000
2.58602	.884755	.000000
2.58635	.884633	.000000
2.58667	.884827	.000000
2.58699	.884722	.000000
2.58731	.884396	.000000
2.58764	.884440	.000000
2.58796	.884264	.000000
2.58828	.884002	.000000
2.5886	.884013	.000000
2.58893	.883958	.000000
2.58925	.884003	.000000
2.58957	.884600	.000000
2.5899	.884511	.000000
2.59022	.884367	.000000
2.59054	.884511	.000000
2.59087	.884579	.000000
2.59119	.884323	.000000
2.59152	.884310	.000000
2.59184	.884719	.000000
2.59216	.884840	.000000
2.59249	.885062	.000000
2.59281	.885119	.000000
2.59314	.884543	.000000
2.59346	.884458	.000000
2.59378	.884820	.000000
2.59411	.884187	.000000
2.59443	.883306	.000000
2.59476	.884110	.000000
2.59508	.885036	.000000
2.59541	.884750	.000000
2.59573	.883536	.000000
2.59606	.883558	.000000
2.59638	.884212	.000000
2.59671	.884293	.000000
2.59703	.884634	.000000
2.59736	.884680	.000000
2.59768	.884796	.000000
2.59801	.884854	.000000
2.59833	.884882	.000000
2.59866	.884798	.000000
2.59899	.884820	.000000
2.59931	.884957	.000000
2.59964	.885207	.000000
2.59996	.884825	.000000
2.60029	.884590	.000000
2.60061	.884256	.000000
2.60094	.884139	.000000
2.60127	.884245	.000000
2.60159	.884394	.000000
2.60192	.884574	.000000
2.60225	.884664	.000000
2.60257	.884801	.000000
2.6029	.884625	.000000
2.60323	.884422	.000000
2.60355	.884438	.000000
2.60388	.884148	.000000
2.60421	.883991	.000000
2.60453	.884112	.000000
2.60486	.884370	.000000
2.60519	.883974	.000000
2.60552	.883501	.000000
2.60584	.884774	.000000
2.60617	.885150	.000000
2.6065	.884779	.000000
2.60683	.884768	.000000
2.60715	.884069	.000000
2.60748	.883277	.000000
2.60781	.883873	.000000
2.60814	.884266	.000000
2.60847	.884328	.000000
2.60879	.884458	.000000
2.60912	.884139	.000000
2.60945	.883947	.000000
2.60978	.883921	.000000
2.61011	.884557	.000000
2.61044	.884785	.000000
2.61076	.884108	.000000
2.61109	.883471	.000000
2.61142	.883427	.000000
2.61175	.883915	.000000
2.61208	.884183	.000000
2.61241	.883974	.000000
2.61274	.883829	.000000
2.61307	.883798	.000000
2.6134	.884095	.000000
2.61373	.884288	.000000
2.61405	.884057	.000000
2.61438	.883901	.000000
2.61471	.884211	.000000
2.61504	.884104	.000000
2.61537	.883803	.000000
2.6157	.883792	.000000
2.61603	.883580	.000000
2.61636	.883106	.000000
2.61669	.883255	.000000
2.61702	.883349	.000000
2.61735	.883912	.000000
2.61768	.884205	.000000
2.61801	.884031	.000000
2.61834	.884064	.000000
2.61868	.883765	.000000
2.61901	.883649	.000000
2.61934	.883789	.000000
2.61967	.883616	.000000
2.62	.882826	.000000
2.62033	.882136	.000000
2.62066	.883238	.000000
2.62099	.884383	.000000
2.62132	.883879	.000000
2.62165	.883468	.000000
2.62199	.883750	.000000
2.62232	.883904	.000000
2.62265	.884053	.000000
2.62298	.884075	.000000
2.62331	.883941	.000000
2.62364	.883642	.000000
2.62398	.883292	.000000
2.62431	.883270	.000000
2.62464	.883382	.000000
2.62497	.883732	.000000
2.6253	.883576	.000000
2.62564	.883070	.000000
2.62597	.883226	.000000
2.6263	.883183	.000000
2.62664	.883240	.000000
2.62697	.884040	.000000
2.6273	.883737	.000000
2.62763	.883064	.000000
2.62797	.883156	.000000
2.6283	.883282	.000000
2.62863	.883347	.000000
2.62897	.883455	.000000
2.6293	.882982	.000000
2.62963	.882932	.000000
2.62997	.883226	.000000
2.6303	.882595	.000000
2.63063	.882571	.000000
2.63097	.883356	.000000
2.6313	.883675	.000000
2.63163	.883235	.000000
2.63197	.883156	.000000
2.6323	.883501	.000000
2.63264	.883270	.000000
2.63297	.882875	.000000
2.6333	.882906	.000000
2.63364	.882793	.000000
2.63397	.882518	.000000
2.63431	.882562	.000000
2.63464	.882635	.000000
2.63498	.882596	.000000
2.63531	.882563	.000000
2.63565	.882670	.000000
2.63598	.883099	.000000
2.63632	.883334	.000000
2.63665	.882967	.000000
2.63699	.882725	.000000
2.63732	.882879	.000000
2.63766	.882888	.000000
2.63799	.882802	.000000
2.63833	.882508	.000000
2.63867	.882521	.000000
2.639	.882376	.000000
2.63934	.882109	.000000
2.63967	.882653	.000000
2.64001	.883103	.000000
2.64035	.882784	.000000
2.64068	.882732	.000000
2.64102	.882752	.000000
2.64135	.882409	.000000
2.64169	.882510	.000000
2.64203	.882308	.000000
2.64236	.881964	.000000
2.6427	.881943	.000000
2.64304	.882426	.000000
2.64337	.882651	.000000
2.64371	.882182	.000000
2.64405	.881835	.000000
2.64439	.882103	.000000
2.64472	.882266	.000000
2.64506	.882215	.000000
2.6454	.881652	.000000
2.64574	.881312	.000000
2.64607	.881478	.000000
2.64641	.881749	.000000
2.64675	.882000	.000000
2.64709	.881932	.000000
2.64742	.881969	.000000
2.64776	.881989	.000000
2.6481	.881912	.000000
2.64844	.881921	.000000
2.64878	.881731	.000000
2.64911	.881393	.000000
2.64945	.881122	.000000
2.64979	.881096	.000000
2.65013	.880854	.000000
2.65047	.881109	.000000
2.65081	.881573	.000000
2.65115	.881364	.000000
2.65149	.881248	.000000
2.65182	.881536	.000000
2.65216	.881166	.000000
2.6525	.880797	.000000
2.65284	.880995	.000000
2.65318	.880927	.000000
2.65352	.880962	.000000
2.65386	.880843	.000000
2.6542	.880859	.000000
2.65454	.880793	.000000
2.65488	.880760	.000000
2.65522	.880979	.000000
2.65556	.881013	.000000
2.6559	.880841	.000000
2.65624	.880711	.000000
2.65658	.880670	.000000
2.65692	.880403	.000000
2.65726	.880243	.000000
2.6576	.880694	.000000
2.65794	.880788	.000000
2.65828	.880689	.000000
2.65862	.880672	.000000
2.65896	.880423	.000000
2.6593	.879939	.000000
2.65965	.879704	.000000
2.65999	.880122	.000000
2.66033	.879849	.000000
2.66067	.879458	.000000
2.66101	.879882	.000000
2.66135	.880118	.000000
2.66169	.879724	.000000
2.66204	.880061	.000000
2.66238	.880199	.000000
2.66272	.879823	.000000
2.66306	.879451	.000000
2.6634	.879297	.000000
2.66374	.879275	.000000
2.66409	.879188	.000000
2.66443	.878732	.000000
2.66477	.877521	.000000
2.66511	.877813	.000000
2.66546	.879361	.000000
2.6658	.879790	.000000
2.66614	.879247	.000000
2.66649	.878227	.000000
2.66683	.877105	.000000
2.66717	.877442	.000000
2.66751	.878655	.000000
2.66786	.879243	.000000
2.6682	.878900	.000000
2.66854	.878469	.000000
2.66889	.878666	.000000
2.66923	.878458	.000000
2.66957	.877625	.000000
2.66992	.876560	.000000
2.67026	.875806	.000000
2.67061	.876507	.000000
2.67095	.877906	.000000
2.67129	.878240	.000000
2.67164	.877915	.000000
2.67198	.877506	.000000
2.67233	.877016	.000000
2.67267	.876413	.000000
2.67302	.876433	.000000
2.67336	.877055	.000000
2.6737	.877138	.000000
2.67405	.876701	.000000
2.67439	.876338	.000000
2.67474	.876219	.000000
2.67508	.876145	.000000
2.67543	.875490	.000000
2.67577	.875098	.000000
2.67612	.875012	.000000
2.67646	.875153	.000000
2.67681	.874702	.000000
2.67716	.874619	.000000
2.6775	.874621	.000000
2.67785	.874404	.000000
2.67819	.874201	.000000
2.67854	.874030	.000000
2.67888	.873632	.000000
2.67923	.872616	.000000
2.67958	.872557	.000000
2.67992	.872954	.000000
2.68027	.873212	.000000
2.68062	.873091	.000000
2.68096	.872183	.000000
2.68131	.871996	.000000
2.68166	.871558	.000000
2.682	.871092	.000000
2.68235	.870906	.000000
2.6827	.870894	.000000
2.68304	.870945	.000000
2.68339	.870523	.000000
2.68374	.870387	.000000
2.68409	.870681	.000000
2.68443	.870290	.000000
2.68478	.869736	.000000
2.68513	.869547	.000000
2.68548	.869419	.000000
2.68582	.869450	.000000
2.68617	.869096	.000000
2.68652	.868439	.000000
2.68687	.868294	.000000
2.68721	.867911	.000000
2.68756	.867869	.000000
2.68791	.867678	.000000
2.68826	.867265	.000000
2.68861	.866809	.000000
2.68896	.866370	.000000
2.68931	.865822	.000000
2.68965	.865341	.000000
2.69	.865844	.000000
2.69035	.866031	.000000
2.6907	.865684	.000000
2.69105	.865160	.000000
2.6914	.864690	.000000
2.69175	.864576	.000000
2.6921	.864380	.000000
2.69245	.863822	.000000
2.6928	.863257	.000000
2.69315	.862854	.000000
2.6935	.862289	.000000
2.69385	.861902	.000000
2.6942	.862063	.000000
2.69455	.861777	.000000
2.6949	.861326	.000000
2.69525	.860908	.000000
2.6956	.860176	.000000
2.69595	.859699	.000000
2.6963	.859996	.000000
2.69665	.860053	.000000
2.697	.859448	.000000
2.69735	.859059	.000000
2.6977	.858828	.000000
2.69805	.858039	.000000
2.6984	.857296	.000000
2.69875	.857188	.000000
2.69911	.856865	.000000
2.69946	.856248	.000000
2.69981	.855762	.000000
2.70016	.855329	.000000
2.70051	.855454	.000000
2.70086	.855152	.000000
2.70122	.854234	.000000
2.70157	.853310	.000000
2.70192	.852928	.000000
2.70227	.853070	.000000
2.70262	.853092	.000000
2.70298	.852639	.000000
2.70333	.852334	.000000
2.70368	.851602	.000000
2.70403	.850148	.000000
2.70439	.849975	.000000
2.70474	.850237	.000000
2.70509	.849825	.000000
2.70544	.849252	.000000
2.7058	.849040	.000000
2.70615	.848662	.000000
2.7065	.847765	.000000
2.70686	.847099	.000000
2.70721	.847295	.000000
2.70756	.847090	.000000
2.70792	.846424	.000000
2.70827	.845953	.000000
2.70862	.845426	.000000
2.70898	.844357	.000000
2.70933	.843581	.000000
2.70969	.843570	.000000
2.71004	.843384	.000000
2.71039	.842420	.000000
2.71075	.840938	.000000
2.7111	.840325	.000000
2.71146	.841288	.000000
2.71181	.841565	.000000
2.71217	.841090	.000000
2.71252	.839960	.000000
2.71288	.839045	.000000
2.71323	.838562	.000000
2.71359	.838483	.000000
2.71394	.838098	.000000
2.7143	.837069	.000000
2.71465	.836192	.000000
2.71501	.836080	.000000
2.71536	.835783	.000000
2.71572	.835609	.000000
2.71607	.834982	.000000
2.71643	.834319	.000000
2.71678	.834195	.000000
2.71714	.833993	.000000
2.7175	.833463	.000000
2.71785	.832751	.000000
2.71821	.831883	.000000
2.71857	.831485	.000000
2.71892	.831164	.000000
2.71928	.830931	.000000
2.71963	.830403	.000000
2.71999	.829337	.000000
2.72035	.829095	.000000
2.7207	.829035	.000000
2.72106	.827890	.000000
2.72142	.827611	.000000
2.72178	.827309	.000000
2.72213	.826806	.000000
2.72249	.825986	.000000
2.72285	.825317	.000000
2.72321	.825014	.000000
2.72356	.824607	.000000
2.72392	.823213	.000000
2.72428	.822642	.000000
2.72464	.822820	.000000
2.72499	.822473	.000000
2.72535	.821809	.000000
2.72571	.821087	.000000
2.72607	.820566	.000000
2.72643	.820243	.000000
2.72679	.819984	.000000
2.72714	.819427	.000000
2.7275	.818502	.000000
2.72786	.817479	.000000
2.72822	.817020	.000000
2.72858	.816844	.000000
2.72894	.816917	.000000
2.7293	.816389	.000000
2.72966	.815321	.000000
2.73002	.814465	.000000
2.73038	.813788	.000000
2.73074	.813331	.000000
2.7311	.812937	.000000
2.73146	.812097	.000000
2.73182	.811352	.000000
2.73218	.810826	.000000
2.73253	.810022	.000000
2.7329	.809699	.000000
2.73326	.809065	.000000
2.73362	.808384	.000000
2.73398	.808021	.000000
2.73434	.807395	.000000
2.7347	.806438	.000000
2.73506	.806000	.000000
2.73542	.805899	.000000
2.73578	.805081	.000000
2.73614	.804411	.000000
2.7365	.803916	.000000
2.73686	.803309	.000000
2.73722	.802221	.000000
2.73758	.801507	.000000
2.73795	.801181	.000000
2.73831	.800414	.000000
2.73867	.799856	.000000
2.73903	.799084	.000000
2.73939	.798239	.000000
2.73975	.797246	.000000
2.74012	.795993	.000000
2.74048	.796072	.000000
2.74084	.796258	.000000
2.7412	.795109	.000000
2.74157	.793856	.000000
2.74193	.793308	.000000
2.74229	.792638	.000000
2.74265	.792116	.000000
2.74302	.791918	.000000
2.74338	.791222	.000000
2.74374	.789986	.000000
2.7441	.789276	.000000
2.74447	.788790	.000000
2.74483	.787845	.000000
2.74519	.787180	.000000
2.74556	.786642	.000000
2.74592	.785965	.000000
2.74628	.785512	.000000
2.74665	.785059	.000000
2.74701	.784300	.000000
2.74738	.783186	.000000
2.74774	.782480	.000000
2.7481	.781965	.000000
2.74847	.781031	.000000
2.74883	.780459	.000000
2.7492	.779894	.000000
2.74956	.779224	.000000
2.74993	.778782	.000000
2.75029	.778303	.000000
2.75066	.777184	.000000
2.75102	.776383	.000000
2.75139	.775469	.000000
2.75175	.774681	.000000
2.75212	.774194	.000000
2.75248	.773584	.000000
2.75285	.772942	.000000
2.75321	.772380	.000000
2.75358	.771599	.000000
2.75394	.770812	.000000
2.75431	.770012	.000000
2.75467	.768983	.000000
2.75504	.768363	.000000
2.75541	.768493	.000000
2.75577	.767754	.000000
2.75614	.767077	.000000
2.7565	.766610	.000000
2.75687	.765542	.000000
2.75724	.764579	.000000
2.7576	.764253	.000000
2.75797	.764020	.000000
2.75834	.763574	.000000
2.7587	.762644	.000000
2.75907	.761675	.000000
2.75944	.761019	.000000
2.75981	.760588	.000000
2.76017	.760070	.000000
2.76054	.759096	.000000
2.76091	.758718	.000000
2.76128	.758392	.000000
2.76164	.757535	.000000
2.76201	.756721	.000000
2.76238	.755919	.000000
2.76275	.755811	.000000
2.76312	.755850	.000000
2.76348	.755055	.000000
2.76385	.754400	.000000
2.76422	.753377	.000000
2.76459	.752513	.000000
2.76496	.751981	.000000
2.76533	.751766	.000000
2.7657	.751420	.000000
2.76606	.750653	.000000
2.76643	.749888	.000000
2.7668	.749083	.000000
2.76717	.748485	.000000
2.76754	.748063	.000000
2.76791	.747458	.000000
2.76828	.746988	.000000
2.76865	.746537	.000000
2.76902	.745985	.000000
2.76939	.745324	.000000
2.76976	.744726	.000000
2.77013	.744490	.000000
2.7705	.743943	.000000
2.77087	.743712	.000000
2.77124	.743252	.000000
2.77161	.742382	.000000
2.77198	.741524	.000000
2.77235	.741003	.000000
2.77272	.740636	.000000
2.77309	.740348	.000000
2.77346	.739645	.000000
2.77383	.738811	.000000
2.7742	.738193	.000000
2.77458	.737963	.000000
2.77495	.737721	.000000
2.77532	.737508	.000000
2.77569	.737164	.000000
2.77606	.736375	.000000
2.77643	.735614	.000000
2.7768	.734997	.000000
2.77718	.735008	.000000
2.77755	.734713	.000000
2.77792	.734122	.000000
2.77829	.733849	.000000
2.77866	.733480	.000000
2.77904	.732857	.000000
2.77941	.732022	.000000
2.77978	.731613	.000000
2.78015	.731426	.000000
2.78053	.730828	.000000
2.7809	.730094	.000000
2.78127	.729610	.000000
2.78165	.729447	.000000
2.78202	.729203	.000000
2.78239	.728827	.000000
2.78277	.727944	.000000
2.78314	.727291	.000000
2.78351	.727245	.000000
2.78389	.727016	.000000
2.78426	.726510	.000000
2.78463	.726097	.000000
2.78501	.725532	.000000
2.78538	.725114	.000000
2.78576	.724896	.000000
2.78613	.724461	.000000
2.7865	.724050	.000000
2.78688	.723709	.000000
2.78725	.723485	.000000
2.78763	.722937	.000000
2.788	.722403	.000000
2.78838	.722350	.000000
2.78875	.722221	.000000
2.78913	.721854	.000000
2.7895	.721374	.000000
2.78988	.720901	.000000
2.79025	.720326	.000000
2.79063	.719905	.000000
2.791	.719706	.000000
2.79138	.719545	.000000
2.79176	.719316	.000000
2.79213	.718881	.000000
2.79251	.718254	.000000
2.79288	.717857	.000000
2.79326	.717613	.000000
2.79364	.717395	.000000
2.79401	.716900	.000000
2.79439	.716458	.000000
2.79476	.716559	.000000
2.79514	.716491	.000000
2.79552	.715744	.000000
2.7959	.715150	.000000
2.79627	.714838	.000000
2.79665	.714526	.000000
2.79703	.714183	.000000
2.7974	.714191	.000000
2.79778	.713897	.000000
2.79816	.713263	.000000
2.79854	.713070	.000000
2.79891	.712767	.000000
2.79929	.712296	.000000
2.79967	.712078	.000000
2.80005	.712035	.000000
2.80043	.711700	.000000
2.8008	.711212	.000000
2.80118	.711102	.000000
2.80156	.711041	.000000
2.80194	.710700	.000000
2.80232	.710463	.000000
2.8027	.709979	.000000
2.80308	.709944	.000000
2.80345	.709730	.000000
2.80383	.708990	.000000
2.80421	.708680	.000000
2.80459	.708655	.000000
2.80497	.708591	.000000
2.80535	.707927	.000000
2.80573	.707554	.000000
2.80611	.707853	.000000
2.80649	.707780	.000000
2.80687	.707070	.000000
2.80725	.706523	.000000
2.80763	.706564	.000000
2.80801	.706402	.000000
2.80839	.705912	.000000
2.80877	.705575	.000000
2.80915	.705458	.000000
2.80953	.705098	.000000
2.80991	.704975	.000000
2.81029	.704915	.000000
2.81067	.704394	.000000
2.81105	.703744	.000000
2.81144	.703458	.000000
2.81182	.703249	.000000
2.8122	.703216	.000000
2.81258	.703122	.000000
2.81296	.702776	.000000
2.81334	.702413	.000000
2.81372	.702416	.000000
2.81411	.702411	.000000
2.81449	.702279	.000000
2.81487	.701816	.000000
2.81525	.701246	.000000
2.81563	.701125	.000000
2.81602	.701176	.000000
2.8164	.701081	.000000
2.81678	.700826	.000000
2.81716	.700580	.000000
2.81755	.700246	.000000
2.81793	.700013	.000000
2.81831	.699978	.000000
2.8187	.699755	.000000
2.81908	.699318	.000000
2.81946	.699094	.000000
2.81984	.698927	.000000
2.82023	.698572	.000000
2.82061	.698403	.000000
2.821	.698269	.000000
2.82138	.697939	.000000
2.82176	.697808	.000000
2.82215	.698063	.000000
2.82253	.697814	.000000
2.82292	.697251	.000000
2.8233	.696770	.000000
2.82368	.696616	.000000
2.82407	.696805	.000000
2.82445	.696928	.000000
2.82484	.696770	.000000
2.82522	.696427	.000000
2.82561	.695948	.000000
2.82599	.695470	.000000
2.82638	.695528	.000000
2.82676	.695310	.000000
2.82715	.695176	.000000
2.82753	.695090	.000000
2.82792	.695136	.000000
2.8283	.695220	.000000
2.82869	.694628	.000000
2.82908	.694072	.000000
2.82946	.694098	.000000
2.82985	.694079	.000000
2.83023	.693709	.000000
2.83062	.693487	.000000
2.83101	.693228	.000000
2.83139	.692946	.000000
2.83178	.692860	.000000
2.83217	.692449	.000000
2.83255	.692162	.000000
2.83294	.691908	.000000
2.83333	.692019	.000000
2.83372	.691983	.000000
2.8341	.692012	.000000
2.83449	.691952	.000000
2.83488	.691649	.000000
2.83527	.691346	.000000
2.83565	.691251	.000000
2.83604	.691091	.000000
2.83643	.690715	.000000
2.83682	.690664	.000000
2.8372	.690669	.000000
2.83759	.690411	.000000
2.83798	.690049	.000000
2.83837	.690060	.000000
2.83876	.690000	.000000
2.83915	.689800	.000000
2.83954	.689332	.000000
2.83992	.688921	.000000
2.84031	.688874	.000000
2.8407	.688852	.000000
2.84109	.688786	.000000
2.84148	.688331	.000000
2.84187	.688017	.000000
2.84226	.687903	.000000
2.84265	.687900	.000000
2.84304	.687716	.000000
2.84343	.687415	.000000
2.84382	.687483	.000000
2.84421	.687727	.000000
2.8446	.687500	.000000
2.84499	.686911	.000000
2.84538	.686694	.000000
2.84577	.686782	.000000
2.84616	.686682	.000000
2.84655	.686265	.000000
2.84694	.685992	.000000
2.84733	.685869	.000000
2.84772	.686040	.000000
2.84811	.686324	.000000
2.84851	.686084	.000000
2.8489	.685542	.000000
2.84929	.685060	.000000
2.84968	.685088	.000000
2.85007	.685187	.000000
2.85046	.684897	.000000
2.85085	.684680	.000000
2.85125	.684856	.000000
2.85164	.684932	.000000
2.85203	.684376	.000000
2.85242	.683965	.000000
2.85282	.683860	.000000
2.85321	.683939	.000000
2.8536	.683895	.000000
2.85399	.683582	.000000
2.85439	.683407	.000000
2.85478	.683503	.000000
2.85517	.683338	.000000
2.85556	.683272	.000000
2.85596	.682844	.000000
2.85635	.682417	.000000
2.85674	.682356	.000000
2.85714	.682398	.000000
2.85753	.682243	.000000
2.85793	.682033	.000000
2.85832	.681806	.000000
2.85871	.681580	.000000
2.85911	.681643	.000000
2.8595	.681850	.000000
2.8599	.681654	.000000
2.86029	.681283	.000000
2.86069	.681291	.000000
2.86108	.681498	.000000
2.86147	.681276	.000000
2.86187	.680770	.000000
2.86226	.680461	.000000
2.86266	.680212	.000000
2.86305	.680118	.000000
2.86345	.679966	.000000
2.86385	.680073	.000000
2.86424	.680234	.000000
2.86464	.680162	.000000
2.86503	.680005	.000000
2.86543	.679634	.000000
2.86582	.679526	.000000
2.86622	.679537	.000000
2.86662	.679535	.000000
2.86701	.679179	.000000
2.86741	.678825	.000000
2.86781	.678752	.000000
2.8682	.678930	.000000
2.8686	.679012	.000000
2.869	.678743	.000000
2.86939	.678655	.000000
2.86979	.678638	.000000
2.87019	.678447	.000000
2.87058	.678110	.000000
2.87098	.677765	.000000
2.87138	.677679	.000000
2.87178	.677582	.000000
2.87218	.677517	.000000
2.87257	.677475	.000000
2.87297	.677356	.000000
2.87337	.677259	.000000
2.87377	.676947	.000000
2.87417	.676844	.000000
2.87456	.676732	.000000
2.87496	.676521	.000000
2.87536	.676620	.000000
2.87576	.676908	.000000
2.87616	.676507	.000000
2.87656	.675991	.000000
2.87696	.675929	.000000
2.87736	.676132	.000000
2.87775	.675692	.000000
2.87815	.675296	.000000
2.87855	.675419	.000000
2.87895	.675527	.000000
2.87935	.675362	.000000
2.87975	.675094	.000000
2.88015	.675026	.000000
2.88055	.675120	.000000
2.88095	.675047	.000000
2.88135	.674795	.000000
2.88175	.674674	.000000
2.88215	.674858	.000000
2.88255	.674766	.000000
2.88295	.674612	.000000
2.88336	.674256	.000000
2.88376	.674030	.000000
2.88416	.674184	.000000
2.88456	.674384	.000000
2.88496	.674181	.000000
2.88536	.673827	.000000
2.88576	.673770	.000000
2.88616	.673735	.000000
2.88657	.673647	.000000
2.88697	.673320	.000000
2.88737	.672992	.000000
2.88777	.673262	.000000
2.88817	.673300	.000000
2.88858	.673005	.000000
2.88898	.672765	.000000
2.88938	.672844	.000000
2.88978	.672908	.000000
2.89019	.672858	.000000
2.89059	.672574	.000000
2.89099	.672231	.000000
2.8914	.672477	.000000
2.8918	.672561	.000000
2.8922	.672612	.000000
2.8926	.672561	.000000
2.89301	.672451	.000000
2.89341	.672383	.000000
2.89382	.672235	.000000
2.89422	.671892	.000000
2.89462	.671725	.000000
2.89503	.671649	.000000
2.89543	.671459	.000000
2.89584	.671143	.000000
2.89624	.671075	.000000
2.89665	.671156	.000000
2.89705	.671466	.000000
2.89745	.671811	.000000
2.89786	.671545	.000000
2.89826	.671283	.000000
2.89867	.671306	.000000
2.89907	.671169	.000000
2.89948	.671121	.000000
2.89989	.670938	.000000
2.90029	.670763	.000000
2.9007	.670675	.000000
2.9011	.670736	.000000
2.90151	.670659	.000000
2.90191	.670378	.000000
2.90232	.670052	.000000
2.90273	.670013	.000000
2.90313	.670129	.000000
2.90354	.669905	.000000
2.90395	.669955	.000000
2.90435	.670255	.000000
2.90476	.669797	.000000
2.90517	.669602	.000000
2.90557	.669879	.000000
2.90598	.669736	.000000
2.90639	.669512	.000000
2.9068	.669432	.000000
2.9072	.669582	.000000
2.90761	.669733	.000000
2.90802	.669470	.000000
2.90843	.668938	.000000
2.90883	.669197	.000000
2.90924	.669278	.000000
2.90965	.668678	.000000
2.91006	.668419	.000000
2.91047	.668641	.000000
2.91088	.668781	.000000
2.91128	.668597	.000000
2.91169	.668669	.000000
2.9121	.668663	.000000
2.91251	.668560	.000000
2.91292	.668472	.000000
2.91333	.668524	.000000
2.91374	.668482	.000000
2.91415	.668529	.000000
2.91456	.668485	.000000
2.91497	.668342	.000000
2.91538	.668276	.000000
2.91579	.667983	.000000
2.9162	.667825	.000000
2.91661	.667774	.000000
2.91702	.667728	.000000
2.91743	.667649	.000000
2.91784	.667920	.000000
2.91825	.668038	.000000
2.91866	.667799	.000000
2.91907	.667590	.000000
2.91948	.667618	.000000
2.91989	.667579	.000000
2.9203	.667693	.000000
2.92071	.667673	.000000
2.92112	.667429	.000000
2.92154	.667256	.000000
2.92195	.667234	.000000
2.92236	.667469	.000000
2.92277	.667464	.000000
2.92318	.667247	.000000
2.9236	.667099	.000000
2.92401	.667220	.000000
2.92442	.667181	.000000
2.92483	.666783	.000000
2.92524	.666789	.000000
2.92566	.667089	.000000
2.92607	.666880	.000000
2.92648	.666807	.000000
2.9269	.666880	.000000
2.92731	.666825	.000000
2.92772	.666607	.000000
2.92814	.666424	.000000
2.92855	.666523	.000000
2.92896	.666548	.000000
2.92938	.666363	.000000
2.92979	.666273	.000000
2.9302	.666156	.000000
2.93062	.666242	.000000
2.93103	.666394	.000000
2.93145	.666502	.000000
2.93186	.666671	.000000
2.93228	.666501	.000000
2.93269	.666214	.000000
2.93311	.666167	.000000
2.93352	.666222	.000000
2.93394	.665954	.000000
2.93435	.665994	.000000
2.93477	.666064	.000000
2.93518	.665807	.000000
2.9356	.665319	.000000
2.93601	.665503	.000000
2.93643	.665677	.000000
2.93684	.665567	.000000
2.93726	.665438	.000000
2.93768	.665345	.000000
2.93809	.665286	.000000
2.93851	.665516	.000000
2.93892	.665684	.000000
2.93934	.665624	.000000
2.93976	.665572	.000000
2.94017	.665605	.000000
2.94059	.665648	.000000
2.94101	.665492	.000000
2.94143	.665330	.000000
2.94184	.665180	.000000
2.94226	.664949	.000000
2.94268	.665123	.000000
2.9431	.665316	.000000
2.94351	.665184	.000000
2.94393	.665064	.000000
2.94435	.665097	.000000
2.94477	.665448	.000000
2.94519	.665602	.000000
2.9456	.665259	.000000
2.94602	.665222	.000000
2.94644	.665369	.000000
2.94686	.665451	.000000
2.94728	.665470	.000000
2.9477	.665310	.000000
2.94812	.665057	.000000
2.94853	.664863	.000000
2.94895	.664941	.000000
2.94937	.664809	.000000
2.94979	.664674	.000000
2.95021	.664707	.000000
2.95063	.664690	.000000
2.95105	.664653	.000000
2.95147	.664602	.000000
2.95189	.664771	.000000
2.95231	.664725	.000000
2.95273	.664661	.000000
2.95315	.664556	.000000
2.95357	.664620	.000000
2.95399	.664716	.000000
2.95442	.664606	.000000
2.95484	.664490	.000000
2.95526	.664490	.000000
2.95568	.664679	.000000
2.9561	.664534	.000000
2.95652	.664261	.000000
2.95694	.664514	.000000
2.95736	.664569	.000000
2.95779	.664342	.000000
2.95821	.664180	.000000
2.95863	.664208	.000000
2.95905	.664435	.000000
2.95947	.664453	.000000
2.9599	.664274	.000000
2.96032	.664094	.000000
2.96074	.664287	.000000
2.96116	.664499	.000000
2.96159	.664571	.000000
2.96201	.664648	.000000
2.96243	.664298	.000000
2.96286	.664055	.000000
2.96328	.664077	.000000
2.9637	.664364	.000000
2.96413	.664547	.000000
2.96455	.664435	.000000
2.96497	.664475	.000000
2.9654	.664409	.000000
2.96582	.664424	.000000
2.96625	.664575	.000000
2.96667	.664639	.000000
2.9671	.664655	.000000
2.96752	.664259	.000000
2.96794	.664035	.000000
2.96837	.664202	.000000
2.96879	.664272	.000000
2.96922	.664237	.000000
2.96964	.664298	.000000
2.97007	.664534	.000000
2.9705	.664644	.000000
2.97092	.664430	.000000
2.97135	.664149	.000000
2.97177	.664134	.000000
2.9722	.664261	.000000
2.97262	.664087	.000000
2.97305	.664085	.000000
2.97348	.664244	.000000
2.9739	.664268	.000000
2.97433	.664459	.000000
2.97476	.664472	.000000
2.97518	.664285	.000000
2.97561	.664241	.000000
2.97604	.664347	.000000
2.97646	.664505	.000000
2.97689	.664474	.000000
2.97732	.664288	.000000
2.97775	.664167	.000000
2.97817	.664061	.000000
2.9786	.664406	.000000
2.97903	.664802	.000000
2.97946	.664802	.000000
2.97989	.664853	.000000
2.98031	.664774	.000000
2.98074	.664602	.000000
2.98117	.664697	.000000
2.9816	.664531	.000000
2.98203	.664446	.000000
2.98246	.664575	.000000
2.98289	.664540	.000000
2.98331	.664505	.000000
2.98374	.664433	.000000
2.98417	.664378	.000000
2.9846	.664329	.000000
2.98503	.664646	.000000
2.98546	.664976	.000000
2.98589	.664874	.000000
2.98632	.664562	.000000
2.98675	.664545	.000000
2.98718	.664941	.000000
2.98761	.665004	.000000
2.98804	.664877	.000000
2.98847	.664844	.000000
2.9889	.664864	.000000
2.98933	.664980	.000000
2.98977	.665013	.000000
2.9902	.665130	.000000
2.99063	.665095	.000000
2.99106	.664842	.000000
2.99149	.664681	.000000
2.99192	.664848	.000000
2.99235	.664907	.000000
2.99279	.665072	.000000
2.99322	.665444	.000000
2.99365	.665781	.000000
2.99408	.665415	.000000
2.99451	.665180	.000000
2.99495	.665295	.000000
2.99538	.665464	.000000
2.99581	.665541	.000000
2.99624	.665457	.000000
2.99668	.665374	.000000
2.99711	.665404	.000000
2.99754	.665415	.000000
2.99798	.665369	.000000
2.99841	.665400	.000000
2.99884	.665416	.000000
2.99928	.665453	.000000
2.99971	.665477	.000000
3.00015	.665627	.000000
3.00058	.666057	.000000
3.00101	.666047	.000000
3.00145	.665794	.000000
3.00188	.665585	.000000
3.00232	.665804	.000000
3.00275	.666167	.000000
3.00319	.665985	.000000
3.00362	.665897	.000000
3.00406	.666088	.000000
3.00449	.666002	.000000
3.00493	.665862	.000000
3.00536	.665974	.000000
3.0058	.666002	.000000
3.00623	.666218	.000000
3.00667	.666229	.000000
3.00711	.665974	.000000
3.00754	.665899	.000000
3.00798	.665928	.000000
3.00841	.665987	.000000
3.00885	.666229	.000000
3.00929	.666449	.000000
3.00972	.666541	.000000
3.01016	.666609	.000000
3.0106	.666682	.000000
3.01103	.666699	.000000
3.01147	.666937	.000000
3.01191	.666833	.000000
3.01235	.666728	.000000
3.01278	.666724	.000000
3.01322	.666669	.000000
3.01366	.666853	.000000
3.0141	.667141	.000000
3.01454	.667229	.000000
3.01497	.666988	.000000
3.01541	.666750	.000000
3.01585	.666794	.000000
3.01629	.666908	.000000
3.01673	.666847	.000000
3.01717	.666768	.000000
3.01761	.667159	.000000
3.01805	.667632	.000000
3.01849	.667586	.000000
3.01892	.667311	.000000
3.01936	.666977	.000000
3.0198	.667198	.000000
3.02024	.667482	.000000
3.02068	.667287	.000000
3.02112	.667460	.000000
3.02156	.667869	.000000
3.022	.667651	.000000
3.02244	.667342	.000000
3.02289	.667621	.000000
3.02333	.668073	.000000
3.02377	.668126	.000000
3.02421	.667845	.000000
3.02465	.667763	.000000
3.02509	.667706	.000000
3.02553	.667513	.000000
3.02597	.667454	.000000
3.02641	.667553	.000000
3.02686	.667799	.000000
3.0273	.667829	.000000
3.02774	.667808	.000000
3.02818	.667818	.000000
3.02862	.667849	.000000
3.02907	.668153	.000000
3.02951	.668373	.000000
3.02995	.668139	.000000
3.03039	.668135	.000000
3.03084	.668320	.000000
3.03128	.668320	.000000
3.03172	.668197	.000000
3.03217	.668166	.000000
3.03261	.668515	.000000
3.03305	.668643	.000000
3.0335	.668511	.000000
3.03394	.668399	.000000
3.03438	.668403	.000000
3.03483	.668516	.000000
3.03527	.668674	.000000
3.03572	.668911	.000000
3.03616	.668779	.000000
3.03661	.668658	.000000
3.03705	.668619	.000000
3.03749	.668337	.000000
3.03794	.668276	.000000
3.03839	.668372	.000000
3.03883	.668384	.000000
3.03928	.668386	.000000
3.03972	.668441	.000000
3.04017	.668790	.000000
3.04061	.668764	.000000
3.04106	.668836	.000000
3.0415	.668995	.000000
3.04195	.669171	.000000
3.0424	.669125	.000000
3.04284	.669157	.000000
3.04329	.669522	.000000
3.04374	.669373	.000000
3.04418	.669058	.000000
3.04463	.669261	.000000
3.04508	.669393	.000000
3.04552	.669265	.000000
3.04597	.669364	.000000
3.04642	.669318	.000000
3.04687	.669377	.000000
3.04731	.669217	.000000
3.04776	.669241	.000000
3.04821	.669307	.000000
3.04866	.669206	.000000
3.04911	.669215	.000000
3.04955	.669302	.000000
3.05	.669303	.000000
3.05045	.669393	.000000
3.0509	.669511	.000000
3.05135	.669511	.000000
3.0518	.669568	.000000
3.05225	.669764	.000000
3.0527	.669661	.000000
3.05315	.669390	.000000
3.05359	.669302	.000000
3.05404	.669412	.000000
3.05449	.669659	.000000
3.05494	.669914	.000000
3.05539	.670101	.000000
3.05584	.670246	.000000
3.05629	.670186	.000000
3.05675	.670094	.000000
3.0572	.669938	.000000
3.05765	.669744	.000000
3.0581	.669564	.000000
3.05855	.669523	.000000
3.059	.669670	.000000
3.05945	.669674	.000000
3.0599	.669815	.000000
3.06035	.669967	.000000
3.06081	.669964	.000000
3.06126	.669920	.000000
3.06171	.670015	.000000
3.06216	.670065	.000000
3.06261	.669938	.000000
3.06307	.670065	.000000
3.06352	.670615	.000000
3.06397	.670681	.000000
3.06442	.670250	.000000
3.06488	.670039	.000000
3.06533	.670114	.000000
3.06578	.670327	.000000
3.06624	.670382	.000000
3.06669	.670228	.000000
3.06714	.670178	.000000
3.0676	.670395	.000000
3.06805	.670721	.000000
3.0685	.670822	.000000
3.06896	.670723	.000000
3.06941	.670564	.000000
3.06987	.670580	.000000
3.07032	.670710	.000000
3.07078	.670710	.000000
3.07123	.670705	.000000
3.07169	.670741	.000000
3.07214	.670769	.000000
3.0726	.670686	.000000
3.07305	.670749	.000000
3.07351	.670864	.000000
3.07396	.670921	.000000
3.07442	.670982	.000000
3.07487	.670969	.000000
3.07533	.670930	.000000
3.07579	.671024	.000000
3.07624	.671143	.000000
3.0767	.671281	.000000
3.07716	.671283	.000000
3.07761	.671475	.000000
3.07807	.671666	.000000
3.07853	.671416	.000000
3.07898	.671306	.000000
3.07944	.671468	.000000
3.0799	.671721	.000000
3.08035	.671726	.000000
3.08081	.671666	.000000
3.08127	.671758	.000000
3.08173	.671715	.000000
3.08219	.671679	.000000
3.08264	.671571	.000000
3.0831	.671873	.000000
3.08356	.671969	.000000
3.08402	.671782	.000000
3.08448	.671826	.000000
3.08494	.671750	.000000
3.0854	.671481	.000000
3.08585	.671589	.000000
3.08631	.671807	.000000
3.08677	.672007	.000000
3.08723	.672132	.000000
3.08769	.672104	.000000
3.08815	.672277	.000000
3.08861	.672328	.000000
3.08907	.672350	.000000
3.08953	.672636	.000000
3.08999	.672794	.000000
3.09045	.672537	.000000
3.09091	.672534	.000000
3.09137	.672497	.000000
3.09183	.672491	.000000
3.0923	.672772	.000000
3.09276	.672862	.000000
3.09322	.672818	.000000
3.09368	.672922	.000000
3.09414	.673042	.000000
3.0946	.673260	.000000
3.09506	.673381	.000000
3.09553	.673326	.000000
3.09599	.673431	.000000
3.09645	.673350	.000000
3.09691	.673007	.000000
3.09738	.673148	.000000
3.09784	.673392	.000000
3.0983	.673475	.000000
3.09876	.673638	.000000
3.09923	.673596	.000000
3.09969	.673434	.000000
3.10015	.673456	.000000
3.10062	.673904	.000000
3.10108	.674032	.000000
3.10155	.673955	.000000
3.10201	.674397	.000000
3.10247	.674458	.000000
3.10294	.674238	.000000
3.1034	.674203	.000000
3.10387	.674142	.000000
3.10433	.674307	.000000
3.1048	.674502	.000000
3.10526	.674544	.000000
3.10573	.674559	.000000
3.10619	.674524	.000000
3.10666	.674603	.000000
3.10712	.674639	.000000
3.10759	.674672	.000000
3.10805	.674826	.000000
3.10852	.674975	.000000
3.10898	.674872	.000000
3.10945	.675037	.000000
3.10992	.675201	.000000
3.11038	.675456	.000000
3.11085	.675467	.000000
3.11132	.675379	.000000
3.11178	.675523	.000000
3.11225	.675478	.000000
3.11272	.675362	.000000
3.11318	.675760	.000000
3.11365	.676041	.000000
3.11412	.676094	.000000
3.11459	.676151	.000000
3.11506	.676158	.000000
3.11552	.676303	.000000
3.11599	.676420	.000000
3.11646	.676382	.000000
3.11693	.676485	.000000
3.1174	.676633	.000000
3.11786	.676664	.000000
3.11833	.676754	.000000
3.1188	.676778	.000000
3.11927	.676696	.000000
3.11974	.676815	.000000
3.12021	.677064	.000000
3.12068	.677149	.000000
3.12115	.677107	.000000
3.12162	.677283	.000000
3.12209	.677451	.000000
3.12256	.677272	.000000
3.12303	.677193	.000000
3.1235	.677422	.000000
3.12397	.677484	.000000
3.12444	.677512	.000000
3.12491	.677899	.000000
3.12538	.677908	.000000
3.12585	.677921	.000000
3.12632	.678048	.000000
3.1268	.678136	.000000
3.12727	.678169	.000000
3.12774	.678363	.000000
3.12821	.678671	.000000
3.12868	.679038	.000000
3.12915	.679034	.000000
3.12963	.678866	.000000
3.1301	.678800	.000000
3.13057	.678858	.000000
3.13104	.679148	.000000
3.13152	.679199	.000000
3.13199	.679284	.000000
3.13246	.679346	.000000
3.13294	.679328	.000000
3.13341	.679546	.000000
3.13388	.679640	.000000
3.13436	.679752	.000000
3.13483	.679974	.000000
3.1353	.680203	.000000
3.13578	.680073	.000000
3.13625	.680085	.000000
3.13673	.680181	.000000
3.1372	.680414	.000000
3.13768	.680450	.000000
3.13815	.680663	.000000
3.13863	.680779	.000000
3.1391	.680722	.000000
3.13958	.680718	.000000
3.14005	.680647	.000000
3.14053	.680826	.000000
3.141	.680966	.000000
3.14148	.681085	.000000
3.14196	.681276	.000000
3.14243	.681489	.000000
3.14291	.681698	.000000
3.14338	.681753	.000000
3.14386	.681861	.000000
3.14434	.681898	.000000
3.14481	.682094	.000000
3.14529	.682424	.000000
3.14577	.682408	.000000
3.14624	.682444	.000000
3.14672	.682507	.000000
3.1472	.682442	.000000
3.14768	.682512	.000000
3.14816	.682798	.000000
3.14863	.682951	.000000
3.14911	.683053	.000000
3.14959	.683237	.000000
3.15007	.683288	.000000
3.15055	.683081	.000000
3.15102	.683253	.000000
3.1515	.683550	.000000
3.15198	.683626	.000000
3.15246	.683686	.000000
3.15294	.683903	.000000
3.15342	.683980	.000000
3.1539	.683939	.000000
3.15438	.684242	.000000
3.15486	.684337	.000000
3.15534	.684508	.000000
3.15582	.684612	.000000
3.1563	.684598	.000000
3.15678	.684680	.000000
3.15726	.684811	.000000
3.15774	.684774	.000000
3.15822	.684794	.000000
3.1587	.685152	.000000
3.15918	.685337	.000000
3.15967	.685311	.000000
3.16015	.685577	.000000
3.16063	.685790	.000000
3.16111	.685950	.000000
3.16159	.686030	.000000
3.16207	.686168	.000000
3.16256	.686362	.000000
3.16304	.686296	.000000
3.16352	.686344	.000000
3.164	.686564	.000000
3.16449	.686616	.000000
3.16497	.686795	.000000
3.16545	.686636	.000000
3.16594	.686326	.000000
3.16642	.686623	.000000
3.1669	.687072	.000000
3.16739	.687364	.000000
3.16787	.687329	.000000
3.16835	.687417	.000000
3.16884	.687745	.000000
3.16932	.687687	.000000
3.16981	.687804	.000000
3.17029	.687995	.000000
3.17078	.688241	.000000
3.17126	.688476	.000000
3.17175	.688288	.000000
3.17223	.688360	.000000
3.17272	.688732	.000000
3.1732	.688837	.000000
3.17369	.688868	.000000
3.17417	.688938	.000000
3.17466	.688952	.000000
3.17515	.689165	.000000
3.17563	.689347	.000000
3.17612	.689506	.000000
3.1766	.689638	.000000
3.17709	.689633	.000000
3.17758	.689921	.000000
3.17806	.690224	.000000
3.17855	.690224	.000000
3.17904	.690325	.000000
3.17953	.690783	.000000
3.18001	.690840	.000000
3.1805	.690679	.000000
3.18099	.690926	.000000
3.18148	.691262	.000000
3.18197	.691599	.000000
3.18245	.691410	.000000
3.18294	.691047	.000000
3.18343	.691170	.000000
3.18392	.691227	.000000
3.18441	.691418	.000000
3.1849	.691722	.000000
3.18539	.691819	.000000
3.18588	.691807	.000000
3.18637	.691880	.000000
3.18686	.692069	.000000
3.18735	.692372	.000000
3.18784	.692693	.000000
3.18833	.693148	.000000
3.18882	.693397	.000000
3.18931	.693505	.000000
3.1898	.693303	.000000
3.19029	.693078	.000000
3.19078	.693375	.000000
3.19127	.693434	.000000
3.19176	.693758	.000000
3.19225	.694079	.000000
3.19274	.694138	.000000
3.19323	.694186	.000000
3.19373	.694123	.000000
3.19422	.694101	.000000
3.19471	.694210	.000000
3.1952	.694575	.000000
3.19569	.694699	.000000
3.19619	.694767	.000000
3.19668	.694855	.000000
3.19717	.695222	.000000
3.19767	.695457	.000000
3.19816	.695582	.000000
3.19865	.695404	.000000
3.19915	.695284	.000000
3.19964	.695651	.000000
3.20013	.695908	.000000
3.20063	.696002	.000000
3.20112	.696159	.000000
3.20161	.696203	.000000
3.20211	.696249	.000000
3.2026	.696468	.000000
3.2031	.696730	.000000
3.20359	.696785	.000000
3.20409	.696856	.000000
3.20458	.696895	.000000
3.20508	.696701	.000000
3.20557	.696961	.000000
3.20607	.697293	.000000
3.20656	.697469	.000000
3.20706	.697581	.000000
3.20756	.697867	.000000
3.20805	.698027	.000000
3.20855	.698107	.000000
3.20905	.698284	.000000
3.20954	.698315	.000000
3.21004	.698218	.000000
3.21054	.698348	.000000
3.21103	.698518	.000000
3.21153	.698649	.000000
3.21203	.698880	.000000
3.21252	.699006	.000000
3.21302	.699140	.000000
3.21352	.699289	.000000
3.21402	.699544	.000000
3.21452	.699832	.000000
3.21501	.700065	.000000
3.21551	.700199	.000000
3.21601	.700446	.000000
3.21651	.700620	.000000
3.21701	.700459	.000000
3.21751	.700404	.000000
3.21801	.700512	.000000
3.21851	.700745	.000000
3.21901	.700839	.000000
3.21951	.700921	.000000
3.22001	.701314	.000000
3.22051	.701402	.000000
3.22101	.701495	.000000
3.22151	.701532	.000000
3.22201	.701534	.000000
3.22251	.701888	.000000
3.22301	.702218	.000000
3.22351	.702130	.000000
3.22401	.702141	.000000
3.22451	.702266	.000000
3.22501	.702370	.000000
3.22551	.702576	.000000
3.22602	.702882	.000000
3.22652	.703137	.000000
3.22702	.703018	.000000
3.22752	.702934	.000000
3.22803	.703106	.000000
3.22853	.703115	.000000
3.22903	.703387	.000000
3.22953	.703541	.000000
3.23004	.703684	.000000
3.23054	.703812	.000000
3.23104	.703994	.000000
3.23155	.704384	.000000
3.23205	.704579	.000000
3.23255	.704529	.000000
3.23306	.704408	.000000
3.23356	.704434	.000000
3.23407	.704704	.000000
3.23457	.705089	.000000
3.23508	.705428	.000000
3.23558	.705415	.000000
3.23608	.705423	.000000
3.23659	.705456	.000000
3.23709	.705613	.000000
3.2376	.705782	.000000
3.23811	.705857	.000000
3.23861	.706103	.000000
3.23912	.706479	.000000
3.23962	.706415	.000000
3.24013	.706140	.000000
3.24064	.706199	.000000
3.24114	.706318	.000000
3.24165	.706687	.000000
3.24216	.707074	.000000
3.24266	.707009	.000000
3.24317	.707050	.000000
3.24368	.707387	.000000
3.24418	.707336	.000000
3.24469	.707488	.000000
3.2452	.707829	.000000
3.24571	.707895	.000000
3.24622	.708022	.000000
3.24672	.708163	.000000
3.24723	.708251	.000000
3.24774	.708376	.000000
3.24825	.708446	.000000
3.24876	.708457	.000000
3.24927	.708495	.000000
3.24978	.708424	.000000
3.25029	.708686	.000000
3.25079	.709122	.000000
3.2513	.709271	.000000
3.25181	.709245	.000000
3.25232	.709313	.000000
3.25283	.709515	.000000
3.25334	.709693	.000000
3.25385	.709959	.000000
3.25437	.710032	.000000
3.25488	.710058	.000000
3.25539	.710069	.000000
3.2559	.710133	.000000
3.25641	.710386	.000000
3.25692	.710451	.000000
3.25743	.710645	.000000
3.25794	.710739	.000000
3.25846	.710816	.000000
3.25897	.711019	.000000
3.25948	.711225	.000000
3.25999	.711320	.000000
3.2605	.711525	.000000
3.26102	.711665	.000000
3.26153	.711610	.000000
3.26204	.711768	.000000
3.26256	.712087	.000000
3.26307	.712518	.000000
3.26358	.712905	.000000
3.2641	.712947	.000000
3.26461	.712921	.000000
3.26512	.713052	.000000
3.26564	.713182	.000000
3.26615	.713061	.000000
3.26667	.713228	.000000
3.26718	.713686	.000000
3.2677	.714088	.000000
3.26821	.714205	.000000
3.26873	.714264	.000000
3.26924	.714339	.000000
3.26976	.714409	.000000
3.27027	.714638	.000000
3.27079	.714928	.000000
3.2713	.715056	.000000
3.27182	.715137	.000000
3.27234	.715190	.000000
3.27285	.715253	.000000
3.27337	.715374	.000000
3.27389	.715554	.000000
3.2744	.715643	.000000
3.27492	.715926	.000000
3.27544	.716058	.000000
3.27596	.716019	.000000
3.27647	.716394	.000000
3.27699	.716768	.000000
3.27751	.716729	.000000
3.27803	.716720	.000000
3.27855	.716955	.000000
3.27906	.717142	.000000
3.27958	.717331	.000000
3.2801	.717571	.000000
3.28062	.717821	.000000
3.28114	.717923	.000000
3.28166	.717775	.000000
3.28218	.717951	.000000
3.2827	.718254	.000000
3.28322	.718525	.000000
3.28374	.718587	.000000
3.28426	.718435	.000000
3.28478	.718545	.000000
3.2853	.718835	.000000
3.28582	.719127	.000000
3.28634	.719382	.000000
3.28686	.719360	.000000
3.28738	.719565	.000000
3.2879	.719835	.000000
3.28842	.720077	.000000
3.28894	.720292	.000000
3.28947	.720154	.000000
3.28999	.720064	.000000
3.29051	.720240	.000000
3.29103	.720567	.000000
3.29155	.720913	.000000
3.29208	.720943	.000000
3.2926	.720990	.000000
3.29312	.721225	.000000
3.29365	.721236	.000000
3.29417	.721251	.000000
3.29469	.721401	.000000
3.29521	.721651	.000000
3.29574	.721772	.000000
3.29626	.721922	.000000
3.29679	.722142	.000000
3.29731	.722240	.000000
3.29783	.722430	.000000
3.29836	.722579	.000000
3.29888	.722617	.000000
3.29941	.722814	.000000
3.29993	.723126	.000000
3.30046	.723364	.000000
3.30098	.723311	.000000
3.30151	.723148	.000000
3.30204	.723214	.000000
3.30256	.723454	.000000
3.30309	.723593	.000000
3.30361	.723580	.000000
3.30414	.723694	.000000
3.30467	.724089	.000000
3.30519	.724404	.000000
3.30572	.724496	.000000
3.30625	.724588	.000000
3.30677	.724483	.000000
3.3073	.724564	.000000
3.30783	.724887	.000000
3.30836	.725151	.000000
3.30888	.725255	.000000
3.30941	.725237	.000000
3.30994	.725407	.000000
3.31047	.725690	.000000
3.311	.725772	.000000
3.31153	.725815	.000000
3.31205	.725763	.000000
3.31258	.725712	.000000
3.31311	.725983	.000000
3.31364	.726187	.000000
3.31417	.726405	.000000
3.3147	.726686	.000000
3.31523	.726666	.000000
3.31576	.726624	.000000
3.31629	.726976	.000000
3.31682	.727101	.000000
3.31735	.727176	.000000
3.31788	.727045	.000000
3.31841	.727121	.000000
3.31894	.727394	.000000
3.31948	.727566	.000000
3.32001	.727843	.000000
3.32054	.727977	.000000
3.32107	.727922	.000000
3.3216	.727955	.000000
3.32213	.727922	.000000
3.32267	.728190	.000000
3.3232	.728654	.000000
3.32373	.728667	.000000
3.32427	.728636	.000000
3.3248	.728628	.000000
3.32533	.728720	.000000
3.32586	.728983	.000000
3.3264	.729140	.000000
3.32693	.728935	.000000
3.32747	.728915	.000000
3.328	.729157	.000000
3.32853	.729408	.000000
3.32907	.729483	.000000
3.3296	.729379	.000000
3.33014	.729419	.000000
3.33067	.729417	.000000
3.33121	.729419	.000000
3.33174	.729430	.000000
3.33228	.729571	.000000
3.33281	.729751	.000000
3.33335	.729856	.000000
3.33388	.729892	.000000
3.33442	.730035	.000000
3.33496	.730039	.000000
3.33549	.730070	.000000
3.33603	.730268	.000000
3.33657	.730331	.000000
3.3371	.730329	.000000
3.33764	.730402	.000000
3.33818	.730305	.000000
3.33871	.730094	.000000
3.33925	.730421	.000000
3.33979	.730709	.000000
3.34033	.730481	.000000
3.34087	.730362	.000000
3.3414	.730329	.000000
3.34194	.730211	.000000
3.34248	.730175	.000000
3.34302	.730417	.000000
3.34356	.730507	.000000
3.3441	.730311	.000000
3.34464	.730182	.000000
3.34518	.730162	.000000
3.34572	.730355	.000000
3.34626	.730439	.000000
3.3468	.730417	.000000
3.34734	.730373	.000000
3.34788	.730501	.000000
3.34842	.730446	.000000
3.34896	.730206	.000000
3.3495	.729764	.000000
3.35004	.729676	.000000
3.35058	.729826	.000000
3.35112	.729784	.000000
3.35166	.729718	.000000
3.35221	.729452	.000000
3.35275	.729274	.000000
3.35329	.729293	.000000
3.35383	.729223	.000000
3.35437	.729094	.000000
3.35492	.728790	.000000
3.35546	.728473	.000000
3.356	.728333	.000000
3.35655	.728067	.000000
3.35709	.727856	.000000
3.35763	.727743	.000000
3.35818	.727583	.000000
3.35872	.727256	.000000
3.35926	.726780	.000000
3.35981	.726220	.000000
3.36035	.725717	.000000
3.3609	.725360	.000000
3.36144	.725022	.000000
3.36199	.724782	.000000
3.36253	.724145	.000000
3.36308	.723414	.000000
3.36362	.723019	.000000
3.36417	.722465	.000000
3.36471	.721543	.000000
3.36526	.720934	.000000
3.36581	.720356	.000000
3.36635	.719563	.000000
3.3669	.718896	.000000
3.36745	.718193	.000000
3.36799	.717305	.000000
3.36854	.716806	.000000
3.36909	.716405	.000000
3.36963	.716102	.000000
3.37018	.715887	.000000
3.37073	.715588	.000000
3.37128	.715266	.000000
3.37183	.714928	.000000
3.37237	.714684	.000000
3.37292	.714532	.000000
3.37347	.714268	.000000
3.37402	.714271	.000000
3.37457	.714381	.000000
3.37512	.714438	.000000
3.37567	.714655	.000000
3.37622	.714686	.000000
3.37677	.714778	.000000
3.37732	.715179	.000000
3.37787	.715669	.000000
3.37842	.716060	.000000
3.37897	.716728	.000000
3.37952	.717292	.000000
3.38007	.717931	.000000
3.38062	.718479	.000000
3.38117	.719237	.000000
3.38172	.720145	.000000
3.38227	.720774	.000000
3.38283	.721537	.000000
3.38338	.722377	.000000
3.38393	.722968	.000000
3.38448	.723513	.000000
3.38503	.724164	.000000
3.38559	.724853	.000000
3.38614	.725341	.000000
3.38669	.725611	.000000
3.38725	.726112	.000000
3.3878	.726646	.000000
3.38835	.726748	.000000
3.38891	.726862	.000000
3.38946	.727236	.000000
3.39001	.727526	.000000
3.39057	.727750	.000000
3.39112	.727805	.000000
3.39168	.727583	.000000
3.39223	.727590	.000000
3.39279	.727519	.000000
3.39334	.727388	.000000
3.3939	.727344	.000000
3.39445	.727088	.000000
3.39501	.726671	.000000
3.39556	.726580	.000000
3.39612	.726609	.000000
3.39668	.726370	.000000
3.39723	.726070	.000000
3.39779	.725684	.000000
3.39835	.725266	.000000
3.3989	.724894	.000000
3.39946	.724804	.000000
3.40002	.724665	.000000
3.40058	.724158	.000000
3.40113	.723674	.000000
3.40169	.723393	.000000
3.40225	.723237	.000000
3.40281	.723058	.000000
3.40337	.722860	.000000
3.40392	.722665	.000000
3.40448	.722478	.000000
3.40504	.722186	.000000
3.4056	.721842	.000000
3.40616	.721654	.000000
3.40672	.721541	.000000
3.40728	.721341	.000000
3.40784	.721139	.000000
3.4084	.721227	.000000
3.40896	.721130	.000000
3.40952	.720746	.000000
3.41008	.720598	.000000
3.41064	.720706	.000000
3.4112	.720728	.000000
3.41176	.720521	.000000
3.41232	.720402	.000000
3.41289	.720671	.000000
3.41345	.720712	.000000
3.41401	.720673	.000000
3.41457	.720858	.000000
3.41513	.720814	.000000
3.4157	.721020	.000000
3.41626	.721377	.000000
3.41682	.721647	.000000
3.41739	.722130	.000000
3.41795	.722375	.000000
3.41851	.722612	.000000
3.41908	.723223	.000000
3.41964	.723746	.000000
3.4202	.724189	.000000
3.42077	.724864	.000000
3.42133	.725574	.000000
3.4219	.726081	.000000
3.42246	.726688	.000000
3.42303	.727385	.000000
3.42359	.727957	.000000
3.42416	.728713	.000000
3.42472	.729252	.000000
3.42529	.729665	.000000
3.42585	.730281	.000000
3.42642	.731241	.000000
3.42699	.732055	.000000
3.42755	.732532	.000000
3.42812	.733025	.000000
3.42869	.733590	.000000
3.42925	.734210	.000000
3.42982	.734717	.000000
3.43039	.735283	.000000
3.43095	.735779	.000000
3.43152	.736213	.000000
3.43209	.736518	.000000
3.43266	.736765	.000000
3.43323	.737114	.000000
3.43379	.737646	.000000
3.43436	.738013	.000000
3.43493	.738330	.000000
3.4355	.738824	.000000
3.43607	.739163	.000000
3.43664	.739438	.000000
3.43721	.739974	.000000
3.43778	.740507	.000000
3.43835	.740504	.000000
3.43892	.740706	.000000
3.43949	.741023	.000000
3.44006	.741364	.000000
3.44063	.741757	.000000
3.4412	.741969	.000000
3.44177	.742259	.000000
3.44234	.742600	.000000
3.44291	.742920	.000000
3.44349	.743165	.000000
3.44406	.743363	.000000
3.44463	.743769	.000000
3.4452	.744297	.000000
3.44577	.744387	.000000
3.44635	.744380	.000000
3.44692	.744666	.000000
3.44749	.744974	.000000
3.44807	.745271	.000000
3.44864	.745576	.000000
3.44921	.745660	.000000
3.44979	.745937	.000000
3.45036	.746518	.000000
3.45094	.746966	.000000
3.45151	.747127	.000000
3.45208	.747404	.000000
3.45266	.747718	.000000
3.45323	.747957	.000000
3.45381	.748193	.000000
3.45438	.748320	.000000
3.45496	.748841	.000000
3.45553	.749231	.000000
3.45611	.749433	.000000
3.45669	.749851	.000000
3.45726	.750292	.000000
3.45784	.750508	.000000
3.45842	.750530	.000000
3.45899	.750558	.000000
3.45957	.750741	.000000
3.46015	.750915	.000000
3.46072	.751051	.000000
3.4613	.751403	.000000
3.46188	.751522	.000000
3.46246	.751444	.000000
3.46304	.751462	.000000
3.46361	.751715	.000000
3.46419	.751895	.000000
3.46477	.751689	.000000
3.46535	.751577	.000000
3.46593	.751442	.000000
3.46651	.751293	.000000
3.46709	.751339	.000000
3.46767	.751326	.000000
3.46825	.751198	.000000
3.46883	.751002	.000000
3.46941	.750943	.000000
3.46999	.750802	.000000
3.47057	.750763	.000000
3.47115	.751060	.000000
3.47173	.751165	.000000
3.47231	.751280	.000000
3.4729	.751411	.000000
3.47348	.751570	.000000
3.47406	.751644	.000000
3.47464	.751935	.000000
3.47522	.752014	.000000
3.47581	.752115	.000000
3.47639	.752583	.000000
3.47697	.752839	.000000
3.47755	.752856	.000000
3.47814	.753043	.000000
3.47872	.752995	.000000
3.4793	.753010	.000000
3.47989	.753357	.000000
3.48047	.753520	.000000
3.48106	.753496	.000000
3.48164	.753738	.000000
3.48222	.754015	.000000
3.48281	.754006	.000000
3.48339	.753847	.000000
3.48398	.753826	.000000
3.48457	.753793	.000000
3.48515	.753806	.000000
3.48574	.753744	.000000
3.48632	.753603	.000000
3.48691	.753331	.000000
3.48749	.753274	.000000
3.48808	.753412	.000000
3.48867	.753302	.000000
3.48926	.753197	.000000
3.48984	.753148	.000000
3.49043	.752856	.000000
3.49102	.752751	.000000
3.4916	.752757	.000000
3.49219	.752746	.000000
3.49278	.752806	.000000
3.49337	.752880	.000000
3.49396	.752907	.000000
3.49455	.752992	.000000
3.49514	.753116	.000000
3.49572	.753049	.000000
3.49631	.753087	.000000
3.4969	.753107	.000000
3.49749	.753144	.000000
3.49808	.753181	.000000
3.49867	.753148	.000000
3.49926	.753199	.000000
3.49985	.753566	.000000
3.50044	.753788	.000000
3.50104	.754045	.000000
3.50163	.754382	.000000
3.50222	.754909	.000000
3.50281	.755486	.000000
3.5034	.755809	.000000
3.50399	.756382	.000000
3.50459	.757042	.000000
3.50518	.757554	.000000
3.50577	.757908	.000000
3.50636	.758414	.000000
3.50696	.759032	.000000
3.50755	.759764	.000000
3.50814	.760527	.000000
3.50874	.761140	.000000
3.50933	.761626	.000000
3.50992	.762013	.000000
3.51052	.762627	.000000
3.51111	.763297	.000000
3.51171	.763963	.000000
3.5123	.764797	.000000
3.5129	.765370	.000000
3.51349	.765947	.000000
3.51409	.766505	.000000
3.51468	.766932	.000000
3.51528	.767468	.000000
3.51587	.767969	.000000
3.51647	.768277	.000000
3.51707	.768638	.000000
3.51766	.769102	.000000
3.51826	.769697	.000000
3.51886	.770326	.000000
3.51945	.770750	.000000
3.52005	.770729	.000000
3.52065	.770863	.000000
3.52125	.771326	.000000
3.52184	.771729	.000000
3.52244	.771966	.000000
3.52304	.772122	.000000
3.52364	.772287	.000000
3.52424	.772802	.000000
3.52484	.773301	.000000
3.52544	.773485	.000000
3.52604	.773685	.000000
3.52664	.773998	.000000
3.52724	.774255	.000000
3.52784	.774431	.000000
3.52844	.774646	.000000
3.52904	.774998	.000000
3.52964	.775455	.000000
3.53024	.775605	.000000
3.53084	.775528	.000000
3.53144	.775724	.000000
3.53204	.775886	.000000
3.53264	.775988	.000000
3.53324	.776031	.000000
3.53385	.776313	.000000
3.53445	.776695	.000000
3.53505	.776973	.000000
3.53565	.777192	.000000
3.53626	.777302	.000000
3.53686	.777399	.000000
3.53746	.777592	.000000
3.53807	.777951	.000000
3.53867	.778243	.000000
3.53927	.778270	.000000
3.53988	.778256	.000000
3.54048	.778450	.000000
3.54109	.778712	.000000
3.54169	.778764	.000000
3.5423	.778964	.000000
3.5429	.779235	.000000
3.54351	.779439	.000000
3.54411	.779420	.000000
3.54472	.779492	.000000
3.54532	.779765	.000000
3.54593	.780079	.000000
3.54654	.780174	.000000
3.54714	.780347	.000000
3.54775	.780527	.000000
3.54836	.780477	.000000
3.54896	.780748	.000000
3.54957	.781251	.000000
3.55018	.781392	.000000
3.55079	.781381	.000000
3.5514	.781456	.000000
3.552	.781557	.000000
3.55261	.781678	.000000
3.55322	.781943	.000000
3.55383	.782165	.000000
3.55444	.782262	.000000
3.55505	.782383	.000000
3.55566	.782596	.000000
3.55627	.782920	.000000
3.55688	.783084	.000000
3.55749	.783223	.000000
3.5581	.783526	.000000
3.55871	.783559	.000000
3.55932	.783533	.000000
3.55993	.783573	.000000
3.56054	.783731	.000000
3.56115	.783962	.000000
3.56176	.784188	.000000
3.56238	.784182	.000000
3.56299	.784351	.000000
3.5636	.784709	.000000
3.56421	.784797	.000000
3.56482	.784788	.000000
3.56544	.785015	.000000
3.56605	.785131	.000000
3.56666	.785156	.000000
3.56728	.785235	.000000
3.56789	.785257	.000000
3.5685	.785525	.000000
3.56912	.785804	.000000
3.56973	.785987	.000000
3.57035	.786011	.000000
3.57096	.786171	.000000
3.57158	.786405	.000000
3.57219	.786471	.000000
3.57281	.786695	.000000
3.57342	.786952	.000000
3.57404	.787071	.000000
3.57466	.787284	.000000
3.57527	.787257	.000000
3.57589	.787235	.000000
3.5765	.787253	.000000
3.57712	.787378	.000000
3.57774	.787715	.000000
3.57836	.787789	.000000
3.57897	.788020	.000000
3.57959	.788227	.000000
3.58021	.788177	.000000
3.58083	.788275	.000000
3.58145	.788610	.000000
3.58206	.789010	.000000
3.58268	.789049	.000000
3.5833	.788887	.000000
3.58392	.789065	.000000
3.58454	.789291	.000000
3.58516	.789456	.000000
3.58578	.789458	.000000
3.5864	.789322	.000000
3.58702	.789619	.000000
3.58764	.789903	.000000
3.58826	.789971	.000000
3.58888	.790127	.000000
3.58951	.790269	.000000
3.59013	.790201	.000000
3.59075	.790291	.000000
3.59137	.790575	.000000
3.59199	.790810	.000000
3.59261	.791004	.000000
3.59324	.791198	.000000
3.59386	.791120	.000000
3.59448	.791187	.000000
3.5951	.791375	.000000
3.59573	.791565	.000000
3.59635	.791765	.000000
3.59698	.791868	.000000
3.5976	.792037	.000000
3.59822	.792000	.000000
3.59885	.791995	.000000
3.59947	.792416	.000000
3.6001	.792536	.000000
3.60072	.792328	.000000
3.60135	.792387	.000000
3.60197	.792637	.000000
3.6026	.793051	.000000
3.60322	.793110	.000000
3.60385	.793128	.000000
3.60448	.793143	.000000
3.6051	.793086	.000000
3.60573	.793275	.000000
3.60636	.793457	.000000
3.60698	.793756	.000000
3.60761	.793930	.000000
3.60824	.793968	.000000
3.60887	.794183	.000000
3.6095	.794271	.000000
3.61012	.794256	.000000
3.61075	.794381	.000000
3.61138	.794363	.000000
3.61201	.794443	.000000
3.61264	.794825	.000000
3.61327	.794996	.000000
3.6139	.794896	.000000
3.61453	.795016	.000000
3.61516	.795282	.000000
3.61579	.795516	.000000
3.61642	.795579	.000000
3.61705	.795432	.000000
3.61768	.795366	.000000
3.61831	.795687	.000000
3.61894	.796052	.000000
3.61957	.796270	.000000
3.62021	.796191	.000000
3.62084	.796074	.000000
3.62147	.796168	.000000
3.6221	.796413	.000000
3.62274	.796615	.000000
3.62337	.796865	.000000
3.624	.797094	.000000
3.62464	.797057	.000000
3.62527	.796876	.000000
3.6259	.796967	.000000
3.62654	.797142	.000000
3.62717	.797224	.000000
3.62781	.797274	.000000
3.62844	.797395	.000000
3.62908	.797562	.000000
3.62971	.797806	.000000
3.63035	.797901	.000000
3.63098	.797941	.000000
3.63162	.798000	.000000
3.63225	.798229	.000000
3.63289	.798512	.000000
3.63353	.798525	.000000
3.63416	.798506	.000000
3.6348	.798411	.000000
3.63544	.798431	.000000
3.63607	.798774	.000000
3.63671	.799057	.000000
3.63735	.799136	.000000
3.63799	.799198	.000000
3.63863	.799169	.000000
3.63926	.799233	.000000
3.6399	.799484	.000000
3.64054	.799629	.000000
3.64118	.799658	.000000
3.64182	.799710	.000000
3.64246	.799860	.000000
3.6431	.799996	.000000
3.64374	.800080	.000000
3.64438	.800141	.000000
3.64502	.800262	.000000
3.64566	.800434	.000000
3.6463	.800596	.000000
3.64694	.800691	.000000
3.64759	.800766	.000000
3.64823	.800873	.000000
3.64887	.801052	.000000
3.64951	.801106	.000000
3.65015	.801131	.000000
3.6508	.801071	.000000
3.65144	.801018	.000000
3.65208	.801379	.000000
3.65273	.801540	.000000
3.65337	.801509	.000000
3.65401	.801496	.000000
3.65466	.801471	.000000
3.6553	.801566	.000000
3.65594	.801810	.000000
3.65659	.801924	.000000
3.65723	.802010	.000000
3.65788	.802269	.000000
3.65852	.802459	.000000
3.65917	.802390	.000000
3.65982	.802386	.000000
3.66046	.802639	.000000
3.66111	.802934	.000000
3.66175	.803057	.000000
3.6624	.803153	.000000
3.66305	.803037	.000000
3.66369	.802995	.000000
3.66434	.803199	.000000
3.66499	.803309	.000000
3.66564	.803426	.000000
3.66629	.803490	.000000
3.66693	.803492	.000000
3.66758	.803725	.000000
3.66823	.804002	.000000
3.66888	.804072	.000000
3.66953	.804185	.000000
3.67018	.804367	.000000
3.67083	.804433	.000000
3.67148	.804596	.000000
3.67213	.804721	.000000
3.67278	.804857	.000000
3.67343	.804734	.000000
3.67408	.804664	.000000
3.67473	.804690	.000000
3.67538	.804787	.000000
3.67603	.804967	.000000
3.67668	.805159	.000000
3.67734	.805354	.000000
3.67799	.805376	.000000
3.67864	.805554	.000000
3.67929	.805774	.000000
3.67995	.805842	.000000
3.6806	.805933	.000000
3.68125	.806152	.000000
3.68191	.806205	.000000
3.68256	.805998	.000000
3.68321	.806113	.000000
3.68387	.806247	.000000
3.68452	.806431	.000000
3.68518	.806627	.000000
3.68583	.806867	.000000
3.68649	.806948	.000000
3.68714	.806830	.000000
3.6878	.806865	.000000
3.68845	.807012	.000000
3.68911	.807238	.000000
3.68977	.807274	.000000
3.69042	.807239	.000000
3.69108	.807460	.000000
3.69174	.807634	.000000
3.69239	.807760	.000000
3.69305	.807825	.000000
3.69371	.807992	.000000
3.69437	.807870	.000000
3.69503	.807962	.000000
3.69568	.808217	.000000
3.69634	.808340	.000000
3.697	.808446	.000000
3.69766	.808540	.000000
3.69832	.808778	.000000
3.69898	.809054	.000000
3.69964	.809127	.000000
3.7003	.809222	.000000
3.70096	.809279	.000000
3.70162	.809369	.000000
3.70228	.809393	.000000
3.70294	.809369	.000000
3.70361	.809472	.000000
3.70427	.809637	.000000
3.70493	.809703	.000000
3.70559	.809602	.000000
3.70625	.809756	.000000
3.70692	.810125	.000000
3.70758	.810097	.000000
3.70824	.809927	.000000
3.7089	.810062	.000000
3.70957	.810365	.000000
3.71023	.810461	.000000
3.71089	.810483	.000000
3.71156	.810530	.000000
3.71222	.810495	.000000
3.71289	.810646	.000000
3.71355	.810811	.000000
3.71422	.810780	.000000
3.71488	.810906	.000000
3.71555	.811205	.000000
3.71621	.811343	.000000
3.71688	.811345	.000000
3.71755	.811343	.000000
3.71821	.811444	.000000
3.71888	.811541	.000000
3.71955	.811528	.000000
3.72021	.811798	.000000
3.72088	.811952	.000000
3.72155	.811955	.000000
3.72222	.811913	.000000
3.72288	.811897	.000000
3.72355	.812003	.000000
3.72422	.812192	.000000
3.72489	.812341	.000000
3.72556	.812530	.000000
3.72623	.812504	.000000
3.7269	.812559	.000000
3.72757	.812588	.000000
3.72824	.812621	.000000
3.72891	.812698	.000000
3.72958	.812900	.000000
3.73025	.812975	.000000
3.73092	.813025	.000000
3.73159	.813071	.000000
3.73226	.813129	.000000
3.73294	.813280	.000000
3.73361	.813489	.000000
3.73428	.813505	.000000
3.73495	.813520	.000000
3.73563	.813507	.000000
3.7363	.813617	.000000
3.73697	.813891	.000000
3.73765	.814052	.000000
3.73832	.814096	.000000
3.73899	.813962	.000000
3.73967	.813957	.000000
3.74034	.814087	.000000
3.74102	.814193	.000000
3.74169	.814278	.000000
3.74237	.814338	.000000
3.74304	.814375	.000000
3.74372	.814643	.000000
3.74439	.814742	.000000
3.74507	.814632	.000000
3.74575	.814714	.000000
3.74642	.815028	.000000
3.7471	.815111	.000000
3.74778	.815206	.000000
3.74845	.815287	.000000
3.74913	.815202	.000000
3.74981	.815204	.000000
3.75049	.815386	.000000
3.75117	.815600	.000000
3.75184	.815677	.000000
3.75252	.815727	.000000
3.7532	.815815	.000000
3.75388	.815826	.000000
3.75456	.815916	.000000
3.75524	.816266	.000000
3.75592	.816439	.000000
3.7566	.816290	.000000
3.75728	.816226	.000000
3.75796	.816257	.000000
3.75864	.816327	.000000
3.75932	.816525	.000000
3.76001	.816587	.000000
3.76069	.816538	.000000
3.76137	.816714	.000000
3.76205	.816864	.000000
3.76274	.816928	.000000
3.76342	.816925	.000000
3.7641	.816842	.000000
3.76479	.817205	.000000
3.76547	.817447	.000000
3.76615	.817447	.000000
3.76684	.817418	.000000
3.76752	.817457	.000000
3.76821	.817501	.000000
3.76889	.817455	.000000
3.76958	.817524	.000000
3.77026	.817649	.000000
3.77095	.817801	.000000
3.77163	.817794	.000000
3.77232	.817655	.000000
3.773	.817704	.000000
3.77369	.817899	.000000
3.77438	.818084	.000000
3.77506	.818251	.000000
3.77575	.818361	.000000
3.77644	.818321	.000000
3.77713	.818266	.000000
3.77782	.818337	.000000
3.7785	.818339	.000000
3.77919	.818409	.000000
3.77988	.818753	.000000
3.78057	.819014	.000000
3.78126	.819040	.000000
3.78195	.819118	.000000
3.78264	.819052	.000000
3.78333	.818761	.000000
3.78402	.818702	.000000
3.78471	.819001	.000000
3.7854	.819201	.000000
3.78609	.819258	.000000
3.78678	.819263	.000000
3.78747	.819260	.000000
3.78817	.819406	.000000
3.78886	.819517	.000000
3.78955	.819535	.000000
3.79024	.819632	.000000
3.79094	.819715	.000000
3.79163	.819594	.000000
3.79232	.819599	.000000
3.79302	.819744	.000000
3.79371	.819849	.000000
3.7944	.819887	.000000
3.7951	.819981	.000000
3.79579	.820023	.000000
3.79649	.819966	.000000
3.79718	.819905	.000000
3.79788	.819986	.000000
3.79857	.820160	.000000
3.79927	.820281	.000000
3.79996	.820186	.000000
3.80066	.820111	.000000
3.80136	.820228	.000000
3.80205	.820458	.000000
3.80275	.820547	.000000
3.80345	.820698	.000000
3.80415	.820657	.000000
3.80484	.820547	.000000
3.80554	.820626	.000000
3.80624	.820784	.000000
3.80694	.820885	.000000
3.80764	.820956	.000000
3.80834	.820901	.000000
3.80904	.820889	.000000
3.80974	.820887	.000000
3.81044	.820846	.000000
3.81114	.820958	.000000
3.81184	.821188	.000000
3.81254	.821112	.000000
3.81324	.821089	.000000
3.81394	.821268	.000000
3.81464	.821309	.000000
3.81534	.821391	.000000
3.81605	.821358	.000000
3.81675	.821422	.000000
3.81745	.821432	.000000
3.81815	.821318	.000000
3.81886	.821316	.000000
3.81956	.821395	.000000
3.82026	.821573	.000000
3.82097	.821626	.000000
3.82167	.821683	.000000
3.82238	.821789	.000000
3.82308	.821743	.000000
3.82379	.821751	.000000
3.82449	.821712	.000000
3.8252	.821731	.000000
3.8259	.821925	.000000
3.82661	.822059	.000000
3.82732	.822063	.000000
3.82802	.822011	.000000
3.82873	.821897	.000000
3.82944	.821936	.000000
3.83014	.822026	.000000
3.83085	.822055	.000000
3.83156	.822218	.000000
3.83227	.822341	.000000
3.83297	.822286	.000000
3.83368	.822306	.000000
3.83439	.822248	.000000
3.8351	.822231	.000000
3.83581	.822237	.000000
3.83652	.822281	.000000
3.83723	.822462	.000000
3.83794	.822547	.000000
3.83865	.822565	.000000
3.83936	.822710	.000000
3.84007	.822666	.000000
3.84078	.822618	.000000
3.84149	.822659	.000000
3.84221	.822633	.000000
3.84292	.822683	.000000
3.84363	.822846	.000000
3.84434	.822915	.000000
3.84505	.822816	.000000
3.84577	.822827	.000000
3.84648	.822857	.000000
3.84719	.822688	.000000
3.84791	.822668	.000000
3.84862	.822864	.000000
3.84934	.823104	.000000
3.85005	.823024	.000000
3.85077	.822767	.000000
3.85148	.822840	.000000
3.8522	.823009	.000000
3.85291	.822903	.000000
3.85363	.822851	.000000
3.85434	.822771	.000000
3.85506	.822785	.000000
3.85578	.823013	.000000
3.85649	.823114	.000000
3.85721	.822950	.000000
3.85793	.822860	.000000
3.85865	.822842	.000000
3.85936	.822974	.000000
3.86008	.823086	.000000
3.8608	.823172	.000000
3.86152	.823172	.000000
3.86224	.823152	.000000
3.86296	.823297	.000000
3.86368	.823356	.000000
3.8644	.823398	.000000
3.86512	.823455	.000000
3.86584	.823398	.000000
3.86656	.823306	.000000
3.86728	.823424	.000000
3.868	.823563	.000000
3.86872	.823453	.000000
3.86945	.823279	.000000
3.87017	.823268	.000000
3.87089	.823523	.000000
3.87161	.823602	.000000
3.87234	.823530	.000000
3.87306	.823449	.000000
3.87378	.823413	.000000
3.87451	.823247	.000000
3.87523	.823123	.000000
3.87595	.823104	.000000
3.87668	.823062	.000000
3.8774	.823161	.000000
3.87813	.823279	.000000
3.87885	.823247	.000000
3.87958	.823225	.000000
3.8803	.823330	.000000
3.88103	.823424	.000000
3.88176	.823490	.000000
3.88248	.823565	.000000
3.88321	.823598	.000000
3.88394	.823589	.000000
3.88467	.823539	.000000
3.88539	.823455	.000000
3.88612	.823290	.000000
3.88685	.823312	.000000
3.88758	.823546	.000000
3.88831	.823574	.000000
3.88904	.823367	.000000
3.88977	.823303	.000000
3.8905	.823299	.000000
3.89123	.823347	.000000
3.89196	.823418	.000000
3.89269	.823396	.000000
3.89342	.823288	.000000
3.89415	.823451	.000000
3.89488	.823462	.000000
3.89561	.823508	.000000
3.89634	.823464	.000000
3.89708	.823277	.000000
3.89781	.823367	.000000
3.89854	.823446	.000000
3.89927	.823367	.000000
3.90001	.823381	.000000
3.90074	.823303	.000000
3.90147	.823207	.000000
3.90221	.823292	.000000
3.90294	.823391	.000000
3.90368	.823479	.000000
3.90441	.823323	.000000
3.90515	.823165	.000000
3.90588	.823104	.000000
3.90662	.823154	.000000
3.90735	.823281	.000000
3.90809	.823530	.000000
3.90883	.823532	.000000
3.90956	.823328	.000000
3.9103	.823343	.000000
3.91104	.823229	.000000
3.91178	.823082	.000000
3.91251	.823066	.000000
3.91325	.822959	.000000
3.91399	.822893	.000000
3.91473	.823057	.000000
3.91547	.823167	.000000
3.91621	.823060	.000000
3.91695	.822943	.000000
3.91769	.822849	.000000
3.91843	.822840	.000000
3.91917	.822958	.000000
3.91991	.822917	.000000
3.92065	.822877	.000000
3.92139	.822859	.000000
3.92213	.822714	.000000
3.92288	.822831	.000000
3.92362	.822844	.000000
3.92436	.822706	.000000
3.9251	.822906	.000000
3.92585	.823042	.000000
3.92659	.823007	.000000
3.92733	.822870	.000000
3.92808	.822752	.000000
3.92882	.822683	.000000
3.92956	.822611	.000000
3.93031	.822831	.000000
3.93105	.822921	.000000
3.9318	.822807	.000000
3.93254	.822741	.000000
3.93329	.822736	.000000
3.93404	.822717	.000000
3.93478	.822620	.000000
3.93553	.822532	.000000
3.93628	.822594	.000000
3.93702	.822659	.000000
3.93777	.822690	.000000
3.93852	.822789	.000000
3.93927	.822692	.000000
3.94002	.822594	.000000
3.94076	.822578	.000000
3.94151	.822688	.000000
3.94226	.822677	.000000
3.94301	.822494	.000000
3.94376	.822530	.000000
3.94451	.822600	.000000
3.94526	.822391	.000000
3.94601	.822387	.000000
3.94676	.822373	.000000
3.94751	.822316	.000000
3.94827	.822140	.000000
3.94902	.822097	.000000
3.94977	.822143	.000000
3.95052	.822266	.000000
3.95128	.822228	.000000
3.95203	.822281	.000000
3.95278	.822202	.000000
3.95354	.821991	.000000
3.95429	.821870	.000000
3.95504	.821830	.000000
3.9558	.821709	.000000
3.95655	.821826	.000000
3.95731	.822050	.000000
3.95806	.822048	.000000
3.95882	.821881	.000000
3.95958	.821709	.000000
3.96033	.821677	.000000
3.96109	.821738	.000000
3.96184	.821820	.000000
3.9626	.821820	.000000
3.96336	.821731	.000000
3.96412	.821534	.000000
3.96487	.821551	.000000
3.96563	.821399	.000000
3.96639	.821428	.000000
3.96715	.821606	.000000
3.96791	.821498	.000000
3.96867	.821424	.000000
3.96943	.821373	.000000
3.97019	.821254	.000000
3.97095	.821136	.000000
3.97171	.821197	.000000
3.97247	.821070	.000000
3.97323	.821028	.000000
3.97399	.821085	.000000
3.97475	.820914	.000000
3.97551	.820788	.000000
3.97628	.820786	.000000
3.97704	.820711	.000000
3.9778	.820745	.000000
3.97856	.820795	.000000
3.97933	.820577	.000000
3.98009	.820571	.000000
3.98086	.820810	.000000
3.98162	.820725	.000000
3.98238	.820612	.000000
3.98315	.820489	.000000
3.98391	.820342	.000000
3.98468	.820390	.000000
3.98545	.820296	.000000
3.98621	.820116	.000000
3.98698	.820206	.000000
3.98774	.820175	.000000
3.98851	.820008	.000000
3.98928	.820078	.000000
3.99005	.820267	.000000
3.99081	.820080	.000000
3.99158	.819891	.000000
3.99235	.819935	.000000
3.99312	.820004	.000000
3.99389	.819838	.000000
3.99466	.819693	.000000
3.99543	.819586	.000000
3.9962	.819584	.000000
3.99697	.819638	.000000
3.99774	.819742	.000000
3.99851	.819731	.000000
3.99928	.819568	.000000
4.00005	.819412	.000000
4.00082	.819291	.000000
4.00159	.819405	.000000
4.00237	.819320	.000000
4.00314	.819014	.000000
4.00391	.818869	.000000
4.00468	.818869	.000000
4.00546	.818818	.000000
4.00623	.818840	.000000
4.00701	.818908	.000000
4.00778	.818882	.000000
4.00855	.818838	.000000
4.00933	.818662	.000000
4.0101	.818680	.000000
4.01088	.818726	.000000
4.01166	.818651	.000000
4.01243	.818695	.000000
4.01321	.818676	.000000
4.01399	.818601	.000000
4.01476	.818667	.000000
4.01554	.818436	.000000
4.01632	.818031	.000000
4.01709	.817952	.000000
4.01787	.817952	.000000
4.01865	.817946	.000000
4.01943	.817921	.000000
4.02021	.817956	.000000
4.02099	.817989	.000000
4.02177	.817834	.000000
4.02255	.817699	.000000
4.02333	.817686	.000000
4.02411	.817458	.000000
4.02489	.817286	.000000
4.02567	.817403	.000000
4.02646	.817548	.000000
4.02724	.817433	.000000
4.02802	.817431	.000000
4.0288	.817409	.000000
4.02958	.817224	.000000
4.03037	.817134	.000000
4.03115	.817092	.000000
4.03193	.817075	.000000
4.03272	.817196	.000000
4.0335	.817018	.000000
4.03429	.816844	.000000
4.03507	.816807	.000000
4.03586	.816626	.000000
4.03664	.816578	.000000
4.03743	.816660	.000000
4.03822	.816727	.000000
4.039	.816719	.000000
4.03979	.816607	.000000
4.04058	.816536	.000000
4.04136	.816453	.000000
4.04215	.816279	.000000
4.04294	.816248	.000000
4.04373	.816191	.000000
4.04452	.816004	.000000
4.0453	.815984	.000000
4.04609	.816039	.000000
4.04688	.816015	.000000
4.04767	.815908	.000000
4.04846	.815954	.000000
4.04925	.816072	.000000
4.05004	.815971	.000000
4.05083	.815666	.000000
4.05163	.815457	.000000
4.05242	.815454	.000000
4.05321	.815476	.000000
4.054	.815516	.000000
4.05479	.815580	.000000
4.05559	.815543	.000000
4.05638	.815314	.000000
4.05717	.815232	.000000
4.05797	.815244	.000000
4.05876	.815142	.000000
4.05956	.814997	.000000
4.06035	.814999	.000000
4.06115	.815002	.000000
4.06194	.814945	.000000
4.06274	.814986	.000000
4.06353	.814955	.000000
4.06433	.814812	.000000
4.06513	.814912	.000000
4.06592	.815054	.000000
4.06672	.814859	.000000
4.06752	.814546	.000000
4.06832	.814311	.000000
4.06911	.814358	.000000
4.06991	.814507	.000000
4.07071	.814564	.000000
4.07151	.814579	.000000
4.07231	.814472	.000000
4.07311	.814410	.000000
4.07391	.814291	.000000
4.07471	.814098	.000000
4.07551	.814083	.000000
4.07631	.814036	.000000
4.07711	.813893	.000000
4.07792	.813770	.000000
4.07872	.813810	.000000
4.07952	.813819	.000000
4.08032	.813579	.000000
4.08113	.813616	.000000
4.08193	.813775	.000000
4.08273	.813933	.000000
4.08354	.813948	.000000
4.08434	.813709	.000000
4.08514	.813601	.000000
4.08595	.813671	.000000
4.08675	.813529	.000000
4.08756	.813322	.000000
4.08837	.813333	.000000
4.08917	.813489	.000000
4.08998	.813425	.000000
4.09079	.813296	.000000
4.09159	.813181	.000000
4.0924	.812983	.000000
4.09321	.812961	.000000
4.09402	.813051	.000000
4.09483	.812985	.000000
4.09563	.812759	.000000
4.09644	.812605	.000000
4.09725	.812691	.000000
4.09806	.812873	.000000
4.09887	.812825	.000000
4.09968	.812651	.000000
4.10049	.812634	.000000
4.1013	.812587	.000000
4.10211	.812445	.000000
4.10293	.812370	.000000
4.10374	.812361	.000000
4.10455	.812289	.000000
4.10536	.812170	.000000
4.10618	.812218	.000000
4.10699	.812126	.000000
4.1078	.811946	.000000
4.10862	.811913	.000000
4.10943	.811856	.000000
4.11024	.811658	.000000
4.11106	.811634	.000000
4.11187	.811688	.000000
4.11269	.811638	.000000
4.1135	.811578	.000000
4.11432	.811578	.000000
4.11514	.811576	.000000
4.11595	.811537	.000000
4.11677	.811491	.000000
4.11759	.811537	.000000
4.11841	.811458	.000000
4.11922	.811257	.000000
4.12004	.811200	.000000
4.12086	.811057	.000000
4.12168	.810860	.000000
4.1225	.810925	.000000
4.12332	.811000	.000000
4.12414	.810992	.000000
4.12496	.810897	.000000
4.12578	.810958	.000000
4.1266	.810886	.000000
4.12742	.810752	.000000
4.12824	.810686	.000000
4.12906	.810662	.000000
4.12989	.810818	.000000
4.13071	.810747	.000000
4.13153	.810477	.000000
4.13236	.810389	.000000
4.13318	.810470	.000000
4.134	.810488	.000000
4.13483	.810330	.000000
4.13565	.810306	.000000
4.13648	.810345	.000000
4.1373	.810314	.000000
4.13813	.810108	.000000
4.13895	.809835	.000000
4.13978	.809696	.000000
4.14061	.809784	.000000
4.14143	.809725	.000000
4.14226	.809433	.000000
4.14309	.809479	.000000
4.14392	.809670	.000000
4.14474	.809679	.000000
4.14557	.809538	.000000
4.1464	.809534	.000000
4.14723	.809536	.000000
4.14806	.809479	.000000
4.14889	.809312	.000000
4.14972	.809268	.000000
4.15055	.809219	.000000
4.15138	.809099	.000000
4.15221	.809026	.000000
4.15304	.808905	.000000
4.15388	.808922	.000000
4.15471	.808999	.000000
4.15554	.808879	.000000
4.15637	.808727	.000000
4.15721	.808766	.000000
4.15804	.808758	.000000
4.15887	.808690	.000000
4.15971	.808601	.000000
4.16054	.808615	.000000
4.16138	.808502	.000000
4.16221	.808410	.000000
4.16305	.808379	.000000
4.16388	.808362	.000000
4.16472	.808153	.000000
4.16556	.808036	.000000
4.16639	.808070	.000000
4.16723	.807955	.000000
4.16807	.808017	.000000
4.16891	.808059	.000000
4.16974	.807948	.000000
4.17058	.807863	.000000
4.17142	.807786	.000000
4.17226	.807735	.000000
4.1731	.807759	.000000
4.17394	.807812	.000000
4.17478	.807687	.000000
4.17562	.807487	.000000
4.17646	.807344	.000000
4.1773	.807265	.000000
4.17814	.807206	.000000
4.17899	.807190	.000000
4.17983	.807069	.000000
4.18067	.807018	.000000
4.18151	.806950	.000000
4.18236	.806779	.000000
4.1832	.806709	.000000
4.18404	.806794	.000000
4.18489	.806812	.000000
4.18573	.806785	.000000
4.18658	.806777	.000000
4.18742	.806555	.000000
4.18827	.806421	.000000
4.18912	.806324	.000000
4.18996	.806240	.000000
4.19081	.806381	.000000
4.19166	.806256	.000000
4.1925	.805957	.000000
4.19335	.806053	.000000
4.1942	.806051	.000000
4.19505	.805822	.000000
4.1959	.805818	.000000
4.19675	.805864	.000000
4.19759	.805701	.000000
4.19844	.805625	.000000
4.19929	.805631	.000000
4.20014	.805435	.000000
4.201	.805211	.000000
4.20185	.805302	.000000
4.2027	.805323	.000000
4.20355	.805350	.000000
4.2044	.805345	.000000
4.20525	.805119	.000000
4.20611	.804965	.000000
4.20696	.804963	.000000
4.20781	.804932	.000000
4.20867	.804807	.000000
4.20952	.804749	.000000
4.21038	.804580	.000000
4.21123	.804429	.000000
4.21209	.804492	.000000
4.21294	.804374	.000000
4.2138	.804226	.000000
4.21465	.804341	.000000
4.21551	.804303	.000000
4.21637	.803960	.000000
4.21723	.803822	.000000
4.21808	.803741	.000000
4.21894	.803732	.000000
4.2198	.803631	.000000
4.22066	.803615	.000000
4.22152	.803760	.000000
4.22238	.803828	.000000
4.22324	.803763	.000000
4.2241	.803617	.000000
4.22496	.803318	.000000
4.22582	.803309	.000000
4.22668	.803057	.000000
4.22754	.802929	.000000
4.2284	.803037	.000000
4.22927	.802808	.000000
4.23013	.802751	.000000
4.23099	.802604	.000000
4.23185	.802382	.000000
4.23272	.802624	.000000
4.23358	.802428	.000000
4.23445	.802217	.000000
4.23531	.802081	.000000
4.23618	.801711	.000000
4.23704	.801634	.000000
4.23791	.801560	.000000
4.23877	.801227	.000000
4.23964	.801210	.000000
4.24051	.801146	.000000
4.24137	.800761	.000000
4.24224	.800797	.000000
4.24311	.800572	.000000
4.24398	.800152	.000000
4.24485	.800007	.000000
4.24572	.799827	.000000
4.24659	.799678	.000000
4.24746	.799585	.000000
4.24833	.799337	.000000
4.2492	.799152	.000000
4.25007	.799191	.000000
4.25094	.799086	.000000
4.25181	.798919	.000000
4.25268	.798644	.000000
4.25355	.798358	.000000
4.25443	.798222	.000000
4.2553	.797859	.000000
4.25617	.797639	.000000
4.25705	.797536	.000000
4.25792	.797250	.000000
4.25879	.797046	.000000
4.25967	.797063	.000000
4.26054	.796995	.000000
4.26142	.796553	.000000
4.2623	.796234	.000000
4.26317	.796239	.000000
4.26405	.796034	.000000
4.26493	.795718	.000000
4.2658	.795601	.000000
4.26668	.795333	.000000
4.26756	.794770	.000000
4.26844	.794502	.000000
4.26931	.794476	.000000
4.27019	.794179	.000000
4.27107	.794115	.000000
4.27195	.794273	.000000
4.27283	.793875	.000000
4.27371	.793268	.000000
4.27459	.793077	.000000
4.27548	.792842	.000000
4.27636	.792435	.000000
4.27724	.792108	.000000
4.27812	.791918	.000000
4.279	.791589	.000000
4.27989	.791263	.000000
4.28077	.791219	.000000
4.28165	.790986	.000000
4.28254	.790307	.000000
4.28342	.789749	.000000
4.28431	.789538	.000000
4.28519	.789373	.000000
4.28608	.788964	.000000
4.28696	.788726	.000000
4.28785	.788630	.000000
4.28874	.788221	.000000
4.28962	.787697	.000000
4.29051	.787392	.000000
4.2914	.787071	.000000
4.29229	.786627	.000000
4.29318	.786231	.000000
4.29406	.786015	.000000
4.29495	.785782	.000000
4.29584	.785318	.000000
4.29673	.784850	.000000
4.29762	.784588	.000000
4.29852	.784467	.000000
4.29941	.784010	.000000
4.3003	.783476	.000000
4.30119	.783271	.000000
4.30208	.783087	.000000
4.30297	.782621	.000000
4.30387	.782093	.000000
4.30476	.781798	.000000
4.30565	.781601	.000000
4.30655	.781240	.000000
4.30744	.780831	.000000
4.30834	.780457	.000000
4.30923	.780046	.000000
4.31013	.779674	.000000
4.31102	.779406	.000000
4.31192	.779184	.000000
4.31282	.778672	.000000
4.31371	.778015	.000000
4.31461	.777845	.000000
4.31551	.777639	.000000
4.31641	.777307	.000000
4.31731	.777133	.000000
4.31821	.776924	.000000
4.3191	.776484	.000000
4.32	.776154	.000000
4.3209	.775768	.000000
4.3218	.775546	.000000
4.32271	.775310	.000000
4.32361	.774996	.000000
4.32451	.774835	.000000
4.32541	.774725	.000000
4.32631	.774363	.000000
4.32722	.773936	.000000
4.32812	.773664	.000000
4.32902	.773437	.000000
4.32993	.773105	.000000
4.33083	.772903	.000000
4.33174	.772479	.000000
4.33264	.772136	.000000
4.33355	.771990	.000000
4.33445	.771770	.000000
4.33536	.771465	.000000
4.33626	.771283	.000000
4.33717	.771238	.000000
4.33808	.771063	.000000
4.33899	.770640	.000000
4.33989	.770386	.000000
4.3408	.770108	.000000
4.34171	.769655	.000000
4.34262	.769462	.000000
4.34353	.769334	.000000
4.34444	.769229	.000000
4.34535	.769115	.000000
4.34626	.768787	.000000
4.34717	.768570	.000000
4.34808	.768349	.000000
4.34899	.767912	.000000
4.34991	.767600	.000000
4.35082	.767332	.000000
4.35173	.767131	.000000
4.35265	.767066	.000000
4.35356	.766975	.000000
4.35447	.766753	.000000
4.35539	.766692	.000000
4.3563	.766511	.000000
4.35722	.766072	.000000
4.35813	.765905	.000000
4.35905	.765834	.000000
4.35996	.765619	.000000
4.36088	.765393	.000000
4.3618	.765128	.000000
4.36272	.764924	.000000
4.36363	.764766	.000000
4.36455	.764544	.000000
4.36547	.764337	.000000
4.36639	.764243	.000000
4.36731	.764111	.000000
4.36823	.763785	.000000
4.36915	.763589	.000000
4.37007	.763550	.000000
4.37099	.763376	.000000
4.37191	.762840	.000000
4.37283	.762552	.000000
4.37376	.762690	.000000
4.37468	.762591	.000000
4.3756	.762361	.000000
4.37653	.762099	.000000
4.37745	.761996	.000000
4.37837	.761954	.000000
4.3793	.761820	.000000
4.38022	.761576	.000000
4.38115	.761340	.000000
4.38207	.761246	.000000
4.383	.761189	.000000
4.38393	.761006	.000000
4.38485	.760830	.000000
4.38578	.760687	.000000
4.38671	.760542	.000000
4.38764	.760476	.000000
4.38856	.760323	.000000
4.38949	.760179	.000000
4.39042	.759714	.000000
4.39135	.759421	.000000
4.39228	.759500	.000000
4.39321	.759524	.000000
4.39414	.759504	.000000
4.39508	.759498	.000000
4.39601	.759287	.000000
4.39694	.759120	.000000
4.39787	.759023	.000000
4.3988	.758906	.000000
4.39974	.758808	.000000
4.40067	.758845	.000000
4.4016	.758858	.000000
4.40254	.758724	.000000
4.40347	.758542	.000000
4.40441	.758509	.000000
4.40534	.758630	.000000
4.40628	.758596	.000000
4.40722	.758341	.000000
4.40816	.758144	.000000
4.40909	.758236	.000000
4.41003	.758407	.000000
4.41097	.758339	.000000
4.41191	.758185	.000000
4.41284	.758242	.000000
4.41378	.758337	.000000
4.41472	.758295	.000000
4.41566	.758225	.000000
4.4166	.758124	.000000
4.41754	.758075	.000000
4.41849	.758093	.000000
4.41943	.758040	.000000
4.42037	.758038	.000000
4.42131	.758091	.000000
4.42225	.758161	.000000
4.4232	.758084	.000000
4.42414	.758065	.000000
4.42508	.758142	.000000
4.42603	.758315	.000000
4.42697	.758280	.000000
4.42792	.758194	.000000
4.42886	.758313	.000000
4.42981	.758322	.000000
4.43076	.758320	.000000
4.4317	.758320	.000000
4.43265	.758385	.000000
4.4336	.758462	.000000
4.43455	.758539	.000000
4.4355	.758438	.000000
4.43644	.758330	.000000
4.43739	.758322	.000000
4.43834	.758451	.000000
4.43929	.758528	.000000
4.44024	.758410	.000000
4.44119	.758317	.000000
4.44215	.758454	.000000
4.4431	.758429	.000000
4.44405	.758407	.000000
4.445	.758489	.000000
4.44595	.758462	.000000
4.44691	.758344	.000000
4.44786	.758588	.000000
4.44881	.758588	.000000
4.44977	.758500	.000000
4.45072	.758583	.000000
4.45168	.758640	.000000
4.45264	.758506	.000000
4.45359	.758522	.000000
4.45455	.758539	.000000
4.45551	.758441	.000000
4.45646	.758374	.000000
4.45742	.758579	.000000
4.45838	.758656	.000000
4.45934	.758522	.000000
4.4603	.758344	.000000
4.46126	.758337	.000000
4.46222	.758430	.000000
4.46318	.758324	.000000
4.46414	.758238	.000000
4.4651	.758188	.000000
4.46606	.758238	.000000
4.46702	.758326	.000000
4.46798	.758359	.000000
4.46895	.758161	.000000
4.46991	.757873	.000000
4.47087	.757733	.000000
4.47184	.757735	.000000
4.4728	.757680	.000000
4.47377	.757801	.000000
4.47473	.757832	.000000
4.4757	.757781	.000000
4.47666	.757658	.000000
4.47763	.757532	.000000
4.4786	.757427	.000000
4.47956	.757238	.000000
4.48053	.757145	.000000
4.4815	.757099	.000000
4.48247	.757044	.000000
4.48344	.757082	.000000
4.48441	.757212	.000000
4.48538	.757102	.000000
4.48635	.756589	.000000
4.48732	.756360	.000000
4.48829	.756303	.000000
4.48926	.756260	.000000
4.49023	.756141	.000000
4.4912	.756051	.000000
4.49218	.755840	.000000
4.49315	.755644	.000000
4.49413	.755602	.000000
4.4951	.755380	.000000
4.49607	.755138	.000000
4.49705	.755143	.000000
4.49802	.755088	.000000
4.499	.754947	.000000
4.49998	.754736	.000000
4.50095	.754597	.000000
4.50193	.754290	.000000
4.50291	.754135	.000000
4.50389	.753958	.000000
4.50486	.753729	.000000
4.50584	.753747	.000000
4.50682	.753615	.000000
4.5078	.753307	.000000
4.50878	.752977	.000000
4.50976	.752722	.000000
4.51074	.752711	.000000
4.51172	.752537	.000000
4.51271	.752363	.000000
4.51369	.752104	.000000
4.51467	.751671	.000000
4.51565	.751513	.000000
4.51664	.751436	.000000
4.51762	.751260	.000000
4.5186	.751139	.000000
4.51959	.750882	.000000
4.52057	.750501	.000000
4.52156	.750260	.000000
4.52255	.749993	.000000
4.52353	.749820	.000000
4.52452	.749752	.000000
4.52551	.749618	.000000
4.52649	.749219	.000000
4.52748	.748888	.000000
4.52847	.748652	.000000
4.52946	.748256	.000000
4.53045	.747947	.000000
4.53144	.747621	.000000
4.53243	.747342	.000000
4.53342	.747091	.000000
4.53441	.746836	.000000
4.5354	.746704	.000000
4.5364	.746630	.000000
4.53739	.746262	.000000
4.53838	.745834	.000000
4.53937	.745568	.000000
4.54037	.745244	.000000
4.54136	.744866	.000000
4.54236	.744559	.000000
4.54335	.744343	.000000
4.54435	.744161	.000000
4.54534	.744016	.000000
4.54634	.743655	.000000
4.54734	.743237	.000000
4.54833	.742855	.000000
4.54933	.742615	.000000
4.55033	.742322	.000000
4.55133	.741824	.000000
4.55233	.741491	.000000
4.55333	.741379	.000000
4.55433	.740981	.000000
4.55533	.740432	.000000
4.55633	.740219	.000000
4.55733	.739964	.000000
4.55833	.739462	.000000
4.55933	.739124	.000000
4.56033	.738820	.000000
4.56134	.738383	.000000
4.56234	.738016	.000000
4.56334	.737695	.000000
4.56435	.737369	.000000
4.56535	.736877	.000000
4.56636	.736477	.000000
4.56736	.736300	.000000
4.56837	.735953	.000000
4.56938	.735549	.000000
4.57038	.735291	.000000
4.57139	.734944	.000000
4.5724	.734498	.000000
4.57341	.734111	.000000
4.57442	.733765	.000000
4.57543	.733333	.000000
4.57644	.732906	.000000
4.57745	.732510	.000000
4.57846	.732037	.000000
4.57947	.731699	.000000
4.58048	.731371	.000000
4.58149	.730949	.000000
4.5825	.730428	.000000
4.58352	.729892	.000000
4.58453	.729491	.000000
4.58554	.729116	.000000
4.58656	.728682	.000000
4.58757	.728150	.000000
4.58859	.727722	.000000
4.5896	.727418	.000000
4.59062	.727055	.000000
4.59164	.726712	.000000
4.59265	.726326	.000000
4.59367	.725760	.000000
4.59469	.725174	.000000
4.5957	.724685	.000000
4.59672	.724224	.000000
4.59774	.723856	.000000
4.59876	.723483	.000000
4.59978	.722905	.000000
4.6008	.722331	.000000
4.60182	.721779	.000000
4.60284	.721328	.000000
4.60387	.720906	.000000
4.60489	.720354	.000000
4.60591	.719692	.000000
4.60693	.719138	.000000
4.60796	.718626	.000000
4.60898	.718059	.000000
4.61001	.717569	.000000
4.61103	.717129	.000000
4.61206	.716656	.000000
4.61308	.716251	.000000
4.61411	.715781	.000000
4.61514	.715346	.000000
4.61616	.714765	.000000
4.61719	.714117	.000000
4.61822	.713578	.000000
4.61925	.713052	.000000
4.62028	.712483	.000000
4.62131	.711890	.000000
4.62234	.711329	.000000
4.62337	.710726	.000000
4.6244	.710267	.000000
4.62543	.709928	.000000
4.62646	.709368	.000000
4.62749	.708728	.000000
4.62853	.708194	.000000
4.62956	.707593	.000000
4.63059	.707019	.000000
4.63163	.706631	.000000
4.63266	.706182	.000000
4.6337	.705793	.000000
4.63473	.705439	.000000
4.63577	.704762	.000000
4.6368	.704225	.000000
4.63784	.703880	.000000
4.63888	.703357	.000000
4.63992	.702761	.000000
4.64095	.702429	.000000
4.64199	.702159	.000000
4.64303	.701628	.000000
4.64407	.701116	.000000
4.64511	.700703	.000000
4.64615	.700430	.000000
4.64719	.700087	.000000
4.64823	.699703	.000000
4.64928	.699259	.000000
4.65032	.698777	.000000
4.65136	.698639	.000000
4.65241	.698329	.000000
4.65345	.698023	.000000
4.65449	.697607	.000000
4.65554	.697179	.000000
4.65658	.696864	.000000
4.65763	.696376	.000000
4.65868	.695965	.000000
4.65972	.695965	.000000
4.66077	.695783	.000000
4.66182	.695384	.000000
4.66287	.695114	.000000
4.66391	.694912	.000000
4.66496	.694606	.000000
4.66601	.694140	.000000
4.66706	.693977	.000000
4.66811	.693729	.000000
4.66916	.693292	.000000
4.67022	.692977	.000000
4.67127	.692605	.000000
4.67232	.692295	.000000
4.67337	.691887	.000000
4.67443	.691585	.000000
4.67548	.691372	.000000
4.67654	.691130	.000000
4.67759	.690933	.000000
4.67865	.690594	.000000
4.6797	.690224	.000000
4.68076	.689954	.000000
4.68181	.689833	.000000
4.68287	.689622	.000000
4.68393	.689235	.000000
4.68499	.688874	.000000
4.68605	.688498	.000000
4.68711	.688065	.000000
4.68816	.687692	.000000
4.68922	.687302	.000000
4.69028	.686940	.000000
4.69135	.686694	.000000
4.69241	.686337	.000000
4.69347	.685889	.000000
4.69453	.685464	.000000
4.69559	.685188	.000000
4.69666	.685049	.000000
4.69772	.684763	.000000
4.69879	.684394	.000000
4.69985	.683912	.000000
4.70092	.683440	.000000
4.70198	.683130	.000000
4.70305	.682870	.000000
4.70412	.682580	.000000
4.70518	.682331	.000000
4.70625	.681940	.000000
4.70732	.681472	.000000
4.70839	.681100	.000000
4.70946	.680878	.000000
4.71053	.680630	.000000
4.7116	.680172	.000000
4.71267	.679770	.000000
4.71374	.679449	.000000
4.71481	.679132	.000000
4.71588	.678724	.000000
4.71695	.678258	.000000
4.71803	.677882	.000000
4.7191	.677532	.000000
4.72017	.677349	.000000
4.72125	.677077	.000000
4.72232	.676556	.000000
4.7234	.676204	.000000
4.72448	.675879	.000000
4.72555	.675612	.000000
4.72663	.675355	.000000
4.72771	.674918	.000000
4.72878	.674612	.000000
4.72986	.674328	.000000
4.73094	.673933	.000000
4.73202	.673647	.000000
4.7331	.673295	.000000
4.73418	.672790	.000000
4.73526	.672357	.000000
4.73634	.672062	.000000
4.73743	.671758	.000000
4.73851	.671503	.000000
4.73959	.671191	.000000
4.74067	.670974	.000000
4.74176	.670721	.000000
4.74284	.670331	.000000
4.74393	.669861	.000000
4.74501	.669582	.000000
4.7461	.669450	.000000
4.74718	.669239	.000000
4.74827	.668946	.000000
4.74936	.668612	.000000
4.75045	.668223	.000000
4.75154	.667810	.000000
4.75262	.667467	.000000
4.75371	.667201	.000000
4.7548	.666833	.000000
4.75589	.666682	.000000
4.75698	.666453	.000000
4.75808	.666152	.000000
4.75917	.666007	.000000
4.76026	.665826	.000000
4.76135	.665514	.000000
4.76245	.665150	.000000
4.76354	.664806	.000000
4.76463	.664558	.000000
4.76573	.664391	.000000
4.76682	.664345	.000000
4.76792	.664076	.000000
4.76902	.663839	.000000
4.77011	.663650	.000000
4.77121	.663358	.000000
4.77231	.663015	.000000
4.77341	.662713	.000000
4.77451	.662729	.000000
4.77561	.662564	.000000
4.77671	.662164	.000000
4.77781	.661900	.000000
4.77891	.661786	.000000
4.78001	.661669	.000000
4.78111	.661289	.000000
4.78221	.660990	.000000
4.78332	.660838	.000000
4.78442	.660783	.000000
4.78552	.660587	.000000
4.78663	.660323	.000000
4.78773	.660291	.000000
4.78884	.660159	.000000
4.78995	.659827	.000000
4.79105	.659598	.000000
4.79216	.659516	.000000
4.79327	.659413	.000000
4.79438	.659158	.000000
4.79548	.658721	.000000
4.79659	.658450	.000000
4.7977	.658283	.000000
4.79881	.658032	.000000
4.79992	.657925	.000000
4.80103	.657542	.000000
4.80215	.657140	.000000
4.80326	.656881	.000000
4.80437	.656773	.000000
4.80548	.656615	.000000
4.8066	.656261	.000000
4.80771	.655984	.000000
4.80883	.655761	.000000
4.80994	.655511	.000000
4.81106	.655229	.000000
4.81217	.655100	.000000
4.81329	.654970	.000000
4.81441	.654570	.000000
4.81553	.654174	.000000
4.81664	.653917	.000000
4.81776	.653686	.000000
4.81888	.653574	.000000
4.82	.653257	.000000
4.82112	.652851	.000000
4.82224	.652483	.000000
4.82337	.652246	.000000
4.82449	.651966	.000000
4.82561	.651679	.000000
4.82673	.651375	.000000
4.82786	.651076	.000000
4.82898	.650711	.000000
4.83011	.650430	.000000
4.83123	.650201	.000000
4.83236	.649950	.000000
4.83348	.649790	.000000
4.83461	.649352	.000000
4.83574	.648779	.000000
4.83686	.648451	.000000
4.83799	.648277	.000000
4.83912	.647954	.000000
4.84025	.647571	.000000
4.84138	.647248	.000000
4.84251	.646890	.000000
4.84364	.646730	.000000
4.84477	.646580	.000000
4.84591	.646189	.000000
4.84704	.645738	.000000
4.84817	.645362	.000000
4.8493	.645230	.000000
4.85044	.644894	.000000
4.85157	.644449	.000000
4.85271	.644137	.000000
4.85384	.643764	.000000
4.85498	.643572	.000000
4.85612	.643260	.000000
4.85725	.642713	.000000
4.85839	.642299	.000000
4.85953	.641950	.000000
4.86067	.641580	.000000
4.86181	.641180	.000000
4.86295	.641013	.000000
4.86409	.640679	.000000
4.86523	.640153	.000000
4.86637	.639804	.000000
4.86751	.639637	.000000
4.86866	.639309	.000000
4.8698	.638905	.000000
4.87094	.638604	.000000
4.87209	.638238	.000000
4.87323	.637682	.000000
4.87438	.637355	.000000
4.87552	.637018	.000000
4.87667	.636697	.000000
4.87782	.636356	.000000
4.87897	.636115	.000000
4.88012	.635699	.000000
4.88126	.635178	.000000
4.88241	.634965	.000000
4.88356	.634738	.000000
4.88471	.634164	.000000
4.88586	.633522	.000000
4.88702	.633237	.000000
4.88817	.632995	.000000
4.88932	.632603	.000000
4.89047	.632111	.000000
4.89163	.631770	.000000
4.89278	.631583	.000000
4.89393	.631141	.000000
4.89509	.630702	.000000
4.89624	.630400	.000000
4.8974	.630047	.000000
4.89856	.629636	.000000
4.89971	.629216	.000000
4.90087	.628796	.000000
4.90203	.628461	.000000
4.90319	.628061	.000000
4.90435	.627630	.000000
4.90551	.627386	.000000
4.90667	.627133	.000000
4.90783	.626661	.000000
4.90899	.626071	.000000
4.91015	.625651	.000000
4.91132	.625383	.000000
4.91248	.625058	.000000
4.91365	.624669	.000000
4.91481	.624330	.000000
4.91597	.623948	.000000
4.91714	.623503	.000000
4.91831	.623110	.000000
4.91947	.622609	.000000
4.92064	.622061	.000000
4.92181	.621740	.000000
4.92298	.621382	.000000
4.92414	.620968	.000000
4.92531	.620619	.000000
4.92648	.620322	.000000
4.92765	.619924	.000000
4.92883	.619608	.000000
4.93	.619271	.000000
4.93117	.618816	.000000
4.93234	.618425	.000000
4.93352	.618038	.000000
4.93469	.617493	.000000
4.93586	.616875	.000000
4.93704	.616606	.000000
4.93821	.616354	.000000
4.93939	.615841	.000000
4.94057	.615439	.000000
4.94174	.615074	.000000
4.94292	.614652	.000000
4.9441	.614324	.000000
4.94528	.613983	.000000
4.94646	.613740	.000000
4.94764	.613394	.000000
4.94882	.612831	.000000
4.95	.612322	.000000
4.95118	.611945	.000000
4.95236	.611517	.000000
4.95355	.611149	.000000
4.95473	.610758	.000000
4.95591	.610363	.000000
4.9571	.609969	.000000
4.95828	.609578	.000000
4.95947	.609067	.000000
4.96066	.608590	.000000
4.96184	.608368	.000000
4.96303	.608074	.000000
4.96422	.607678	.000000
4.96541	.607148	.000000
4.9666	.606638	.000000
4.96779	.606212	.000000
4.96898	.605785	.000000
4.97017	.605363	.000000
4.97136	.604943	.000000
4.97255	.604602	.000000
4.97374	.604239	.000000
4.97494	.603912	.000000
4.97613	.603476	.000000
4.97732	.603076	.000000
4.97852	.602691	.000000
4.97971	.602215	.000000
4.98091	.601711	.000000
4.98211	.601234	.000000
4.9833	.600783	.000000
4.9845	.600324	.000000
4.9857	.599735	.000000
4.9869	.599233	.000000
4.9881	.598906	.000000
4.9893	.598398	.000000
4.9905	.597936	.000000
4.9917	.597529	.000000
4.9929	.597006	.000000
4.9941	.596606	.000000
4.99531	.596146	.000000
4.99651	.595759	.000000
4.99772	.595346	.000000
4.99892	.594829	.000000
5.00013	.594434	.000000
5.00133	.594027	.000000
5.00254	.593724	.000000
5.00374	.593193	.000000
5.00495	.592560	.000000
5.00616	.592169	.000000
5.00737	.591714	.000000
5.00858	.591155	.000000
5.00979	.590604	.000000
5.011	.589986	.000000
5.01221	.589445	.000000
5.01342	.588975	.000000
5.01463	.588671	.000000
5.01585	.588269	.000000
5.01706	.587702	.000000
5.01827	.587088	.000000
5.01949	.586371	.000000
5.0207	.585870	.000000
5.02192	.585516	.000000
5.02313	.585235	.000000
5.02435	.584817	.000000
5.02557	.584261	.000000
5.02679	.583669	.000000
5.02801	.583223	.000000
5.02923	.582755	.000000
5.03044	.582330	.000000
5.03167	.581935	.000000
5.03289	.581523	.000000
5.03411	.581015	.000000
5.03533	.580569	.000000
5.03655	.580121	.000000
5.03778	.579637	.000000
5.039	.579136	.000000
5.04023	.578619	.000000
5.04145	.578243	.000000
5.04268	.577977	.000000
5.0439	.577544	.000000
5.04513	.577120	.000000
5.04636	.576783	.000000
5.04758	.576288	.000000
5.04881	.575693	.000000
5.05004	.575339	.000000
5.05127	.574958	.000000
5.0525	.574490	.000000
5.05374	.573907	.000000
5.05497	.573571	.000000
5.0562	.573252	.000000
5.05743	.572964	.000000
5.05867	.572584	.000000
5.0599	.572063	.000000
5.06113	.571583	.000000
5.06237	.571269	.000000
5.06361	.570952	.000000
5.06484	.570535	.000000
5.06608	.570328	.000000
5.06732	.570036	.000000
5.06856	.569576	.000000
5.06979	.569029	.000000
5.07103	.568596	.000000
5.07227	.568400	.000000
5.07352	.567943	.000000
5.07476	.567505	.000000
5.076	.567195	.000000
5.07724	.566856	.000000
5.07848	.566588	.000000
5.07973	.566369	.000000
5.08097	.566054	.000000
5.08222	.565564	.000000
5.08346	.565131	.000000
5.08471	.564792	.000000
5.08596	.564487	.000000
5.08721	.564126	.000000
5.08845	.563724	.000000
5.0897	.563332	.000000
5.09095	.563007	.000000
5.0922	.562633	.000000
5.09345	.562185	.000000
5.0947	.561786	.000000
5.09596	.561375	.000000
5.09721	.561026	.000000
5.09846	.560639	.000000
5.09972	.560399	.000000
5.10097	.560083	.000000
5.10223	.559507	.000000
5.10348	.558876	.000000
5.10474	.558623	.000000
5.10599	.558376	.000000
5.10725	.557955	.000000
5.10851	.557556	.000000
5.10977	.557202	.000000
5.11103	.556771	.000000
5.11229	.556242	.000000
5.11355	.555844	.000000
5.11481	.555452	.000000
5.11607	.554856	.000000
5.11733	.554318	.000000
5.1186	.553984	.000000
5.11986	.553520	.000000
5.12112	.552977	.000000
5.12239	.552535	.000000
5.12365	.552044	.000000
5.12492	.551475	.000000
5.12619	.550879	.000000
5.12745	.550317	.000000
5.12872	.549793	.000000
5.12999	.549305	.000000
5.13126	.548967	.000000
5.13253	.548470	.000000
5.1338	.547825	.000000
5.13507	.547355	.000000
5.13634	.546962	.000000
5.13762	.546432	.000000
5.13889	.545816	.000000
5.14016	.545255	.000000
5.14144	.544693	.000000
5.14271	.544105	.000000
5.14399	.543584	.000000
5.14526	.543063	.000000
5.14654	.542538	.000000
5.14782	.542028	.000000
5.14909	.541538	.000000
5.15037	.541170	.000000
5.15165	.540665	.000000
5.15293	.540117	.000000
5.15421	.539556	.000000
5.1555	.538904	.000000
5.15678	.538427	.000000
5.15806	.537967	.000000
5.15934	.537556	.000000
5.16063	.537134	.000000
5.16191	.536578	.000000
5.1632	.536100	.000000
5.16448	.535641	.000000
5.16577	.535006	.000000
5.16705	.534297	.000000
5.16834	.533891	.000000
5.16963	.533550	.000000
5.17092	.532992	.000000
5.17221	.532508	.000000
5.1735	.532130	.000000
5.17479	.531595	.000000
5.17608	.531094	.000000
5.17737	.530525	.000000
5.17867	.529979	.000000
5.17996	.529568	.000000
5.18125	.529205	.000000
5.18255	.528722	.000000
5.18384	.528139	.000000
5.18514	.527515	.000000
5.18644	.527003	.000000
5.18773	.526627	.000000
5.18903	.526310	.000000
5.19033	.525806	.000000
5.19163	.525303	.000000
5.19293	.524894	.000000
5.19423	.524483	.000000
5.19553	.523997	.000000
5.19683	.523458	.000000
5.19814	.523058	.000000
5.19944	.522717	.000000
5.20074	.522260	.000000
5.20205	.521838	.000000
5.20335	.521368	.000000
5.20466	.520706	.000000
5.20596	.520145	.000000
5.20727	.519962	.000000
5.20858	.519585	.000000
5.20989	.518962	.000000
5.2112	.518503	.000000
5.21251	.517958	.000000
5.21382	.517575	.000000
5.21513	.517357	.000000
5.21644	.516834	.000000
5.21776	.516209	.000000
5.21907	.515765	.000000
5.22038	.515418	.000000
5.2217	.515033	.000000
5.22301	.514499	.000000
5.22433	.514105	.000000
5.22564	.513686	.000000
5.22696	.513178	.000000
5.22828	.512782	.000000
5.2296	.512356	.000000
5.23092	.511861	.000000
5.23223	.511432	.000000
5.23356	.510902	.000000
5.23488	.510374	.000000
5.2362	.509919	.000000
5.23752	.509517	.000000
5.23884	.508992	.000000
5.24017	.508435	.000000
5.24149	.507875	.000000
5.24282	.507404	.000000
5.24414	.506964	.000000
5.24547	.506494	.000000
5.24679	.505979	.000000
5.24812	.505426	.000000
5.24945	.504979	.000000
5.25078	.504430	.000000
5.25211	.503851	.000000
5.25344	.503346	.000000
5.25477	.502919	.000000
5.2561	.502464	.000000
5.25744	.501752	.000000
5.25877	.501153	.000000
5.2601	.500613	.000000
5.26144	.499947	.000000
5.26277	.499415	.000000
5.26411	.498940	.000000
5.26544	.498408	.000000
5.26678	.497838	.000000
5.26812	.497403	.000000
5.26946	.496827	.000000
5.2708	.496160	.000000
5.27214	.495543	.000000
5.27348	.494872	.000000
5.27482	.494375	.000000
5.27616	.493971	.000000
5.2775	.493373	.000000
5.27885	.492812	.000000
5.28019	.492258	.000000
5.28153	.491651	.000000
5.28288	.491146	.000000
5.28423	.490704	.000000
5.28557	.490049	.000000
5.28692	.489505	.000000
5.28827	.489031	.000000
5.28962	.488525	.000000
5.29097	.487925	.000000
5.29232	.487469	.000000
5.29367	.486962	.000000
5.29502	.486403	.000000
5.29637	.485922	.000000
5.29772	.485561	.000000
5.29908	.485095	.000000
5.30043	.484517	.000000
5.30179	.484007	.000000
5.30314	.483719	.000000
5.3045	.483433	.000000
5.30586	.482905	.000000
5.30721	.482349	.000000
5.30857	.481931	.000000
5.30993	.481382	.000000
5.31129	.480850	.000000
5.31265	.480348	.000000
5.31401	.479977	.000000
5.31538	.479730	.000000
5.31674	.479348	.000000
5.3181	.478860	.000000
5.31946	.478473	.000000
5.32083	.478268	.000000
5.3222	.477965	.000000
5.32356	.477433	.000000
5.32493	.476914	.000000
5.3263	.476630	.000000
5.32766	.476331	.000000
5.32903	.476015	.000000
5.3304	.475694	.000000
5.33178	.475252	.000000
5.33315	.474801	.000000
5.33452	.474407	.000000
5.33589	.474102	.000000
5.33726	.473968	.000000
5.33864	.473612	.000000
5.34001	.473097	.000000
5.34139	.472741	.000000
5.34276	.472293	.000000
5.34414	.471686	.000000
5.34552	.471121	.000000
5.3469	.470626	.000000
5.34827	.470272	.000000
5.34965	.469923	.000000
5.35103	.469401	.000000
5.35242	.468777	.000000
5.3538	.468236	.000000
5.35518	.467752	.000000
5.35656	.467267	.000000
5.35795	.466822	.000000
5.35933	.466515	.000000
5.36072	.465947	.000000
5.3621	.465268	.000000
5.36349	.464831	.000000
5.36488	.464305	.000000
5.36626	.463612	.000000
5.36765	.463056	.000000
5.36904	.462693	.000000
5.37043	.462219	.000000
5.37182	.461522	.000000
5.37322	.460860	.000000
5.37461	.460229	.000000
5.376	.459771	.000000
5.3774	.459307	.000000
5.37879	.458738	.000000
5.38019	.458276	.000000
5.38158	.457674	.000000
5.38298	.456808	.000000
5.38438	.456102	.000000
5.38577	.455587	.000000
5.38717	.455049	.000000
5.38857	.454510	.000000
5.38997	.454018	.000000
5.39137	.453363	.000000
5.39278	.452723	.000000
5.39418	.452290	.000000
5.39558	.451639	.000000
5.39699	.451023	.000000
5.39839	.450443	.000000
5.3998	.449937	.000000
5.4012	.449440	.000000
5.40261	.448932	.000000
5.40402	.448429	.000000
5.40543	.448048	.000000
5.40683	.447694	.000000
5.40825	.447154	.000000
5.40966	.446503	.000000
5.41107	.446067	.000000
5.41248	.445773	.000000
5.41389	.445441	.000000
5.41531	.444986	.000000
5.41672	.444652	.000000
5.41813	.444296	.000000
5.41955	.443788	.000000
5.42097	.443198	.000000
5.42238	.442959	.000000
5.4238	.442869	.000000
5.42522	.442468	.000000
5.42664	.442114	.000000
5.42806	.441826	.000000
5.42948	.441611	.000000
5.4309	.441264	.000000
5.43233	.440932	.000000
5.43375	.440725	.000000
5.43517	.440543	.000000
5.4366	.440259	.000000
5.43802	.440039	.000000
5.43945	.439797	.000000
5.44088	.439661	.000000
5.44231	.439522	.000000
5.44373	.439327	.000000
5.44516	.439181	.000000
5.44659	.439069	.000000
5.44802	.438962	.000000
5.44946	.438819	.000000
5.45089	.438792	.000000
5.45232	.438726	.000000
5.45375	.438553	.000000
5.45519	.438405	.000000
5.45662	.438318	.000000
5.45806	.438150	.000000
5.4595	.438062	.000000
5.46094	.438201	.000000
5.46238	.438122	.000000
5.46381	.437970	.000000
5.46525	.438107	.000000
5.46669	.438162	.000000
5.46814	.438159	.000000
5.46958	.438146	.000000
5.47102	.438104	.000000
5.47246	.438084	.000000
5.47391	.438041	.000000
5.47535	.438161	.000000
5.4768	.438221	.000000
5.47825	.438162	.000000
5.47969	.438203	.000000
5.48114	.438395	.000000
5.48259	.438579	.000000
5.48404	.438628	.000000
5.48549	.438555	.000000
5.48694	.438583	.000000
5.4884	.438746	.000000
5.48985	.438812	.000000
5.4913	.438907	.000000
5.49276	.438959	.000000
5.49421	.439078	.000000
5.49567	.439382	.000000
5.49712	.439580	.000000
5.49858	.439766	.000000
5.50004	.439881	.000000
5.5015	.439817	.000000
5.50296	.439881	.000000
5.50442	.440004	.000000
5.50588	.440074	.000000
5.50734	.440303	.000000
5.5088	.440463	.000000
5.51027	.440424	.000000
5.51173	.440505	.000000
5.5132	.440663	.000000
5.51466	.440811	.000000
5.51613	.440989	.000000
5.5176	.441253	.000000
5.51907	.441295	.000000
5.52053	.441384	.000000
5.522	.441668	.000000
5.52348	.441934	.000000
5.52495	.442176	.000000
5.52642	.442367	.000000
5.52789	.442486	.000000
5.52937	.442462	.000000
5.53084	.442581	.000000
5.53232	.442743	.000000
5.53379	.443029	.000000
5.53527	.443366	.000000
5.53675	.443598	.000000
5.53823	.443607	.000000
5.5397	.443719	.000000
5.54118	.443941	.000000
5.54267	.444076	.000000
5.54415	.444278	.000000
5.54563	.444370	.000000
5.54711	.444467	.000000
5.5486	.444696	.000000
5.55008	.444823	.000000
5.55157	.445032	.000000
5.55305	.445215	.000000
5.55454	.445135	.000000
5.55603	.445223	.000000
5.55752	.445313	.000000
5.55901	.445454	.000000
5.5605	.445663	.000000
5.56199	.445841	.000000
5.56348	.445973	.000000
5.56497	.446083	.000000
5.56647	.446180	.000000
5.56796	.446158	.000000
5.56946	.446057	.000000
5.57095	.446052	.000000
5.57245	.446162	.000000
5.57395	.446400	.000000
5.57545	.446455	.000000
5.57695	.446281	.000000
5.57845	.446351	.000000
5.57995	.446608	.000000
5.58145	.446595	.000000
5.58295	.446404	.000000
5.58445	.446303	.000000
5.58596	.446263	.000000
5.58746	.446283	.000000
5.58897	.446252	.000000
5.59048	.446151	.000000
5.59199	.446127	.000000
5.59349	.446006	.000000
5.595	.445769	.000000
5.59651	.445683	.000000
5.59802	.445639	.000000
5.59953	.445456	.000000
5.60105	.445406	.000000
5.60256	.445397	.000000
5.60407	.445215	.000000
5.60559	.445017	.000000
5.6071	.445032	.000000
5.60862	.444911	.000000
5.61014	.444632	.000000
5.61165	.444337	.000000
5.61317	.444095	.000000
5.61469	.443825	.000000
5.61621	.443577	.000000
5.61773	.443438	.000000
5.61926	.443227	.000000
5.62078	.442919	.000000
5.6223	.442724	.000000
5.62383	.442605	.000000
5.62535	.442328	.000000
5.62688	.442016	.000000
5.62841	.441690	.000000
5.62994	.441341	.000000
5.63146	.441055	.000000
5.63299	.440859	.000000
5.63452	.440681	.000000
5.63605	.440288	.000000
5.63759	.440004	.000000
5.63912	.439450	.000000
5.64065	.438968	.000000
5.64219	.438896	.000000
5.64372	.438410	.000000
5.64526	.437952	.000000
5.6468	.437838	.000000
5.64833	.437453	.000000
5.64987	.436989	.000000
5.65141	.436550	.000000
5.65295	.436104	.000000
5.65449	.435525	.000000
5.65604	.435358	.000000
5.65758	.435200	.000000
5.65912	.434769	.000000
5.66067	.434263	.000000
5.66221	.433867	.000000
5.66376	.433536	.000000
5.66531	.433096	.000000
5.66685	.432729	.000000
5.6684	.432482	.000000
5.66995	.432069	.000000
5.6715	.431638	.000000
5.67305	.431251	.000000
5.67461	.430779	.000000
5.67616	.430592	.000000
5.67771	.430306	.000000
5.67927	.429688	.000000
5.68082	.429239	.000000
5.68238	.428960	.000000
5.68394	.428664	.000000
5.6855	.428178	.000000
5.68705	.427782	.000000
5.68861	.427580	.000000
5.69018	.427168	.000000
5.69174	.426700	.000000
5.6933	.426383	.000000
5.69486	.425887	.000000
5.69643	.425476	.000000
5.69799	.425198	.000000
5.69956	.424827	.000000
5.70112	.424341	.000000
5.70269	.423881	.000000
5.70426	.423470	.000000
5.70583	.423009	.000000
5.7074	.422531	.000000
5.70897	.422043	.000000
5.71054	.421729	.000000
5.71212	.421404	.000000
5.71369	.420814	.000000
5.71526	.420304	.000000
5.71684	.419746	.000000
5.71842	.419352	.000000
5.71999	.418944	.000000
5.72157	.418455	.000000
5.72315	.417987	.000000
5.72473	.417505	.000000
5.72631	.416985	.000000
5.72789	.416606	.000000
5.72948	.416283	.000000
5.73106	.415584	.000000
5.73265	.414847	.000000
5.73423	.414428	.000000
5.73582	.413907	.000000
5.7374	.413337	.000000
5.73899	.412878	.000000
5.74058	.412389	.000000
5.74217	.411811	.000000
5.74376	.411288	.000000
5.74535	.410639	.000000
5.74694	.409890	.000000
5.74853	.409426	.000000
5.75013	.408905	.000000
5.75172	.408236	.000000
5.75332	.407741	.000000
5.75492	.407100	.000000
5.75651	.406370	.000000
5.75811	.405809	.000000
5.75971	.405266	.000000
5.76131	.404525	.000000
5.76291	.403632	.000000
5.76451	.402810	.000000
5.76611	.402346	.000000
5.76772	.401410	.000000
5.76932	.400565	.000000
5.77093	.399871	.000000
5.77253	.399178	.000000
5.77414	.398497	.000000
5.77575	.397646	.000000
5.77736	.396946	.000000
5.77897	.396173	.000000
5.78058	.395397	.000000
5.78219	.394563	.000000
5.7838	.393664	.000000
5.78542	.392815	.000000
5.78703	.392008	.000000
5.78865	.391153	.000000
5.79026	.390419	.000000
5.79188	.389750	.000000
5.7935	.388904	.000000
5.79512	.387912	.000000
5.79674	.387224	.000000
5.79836	.386536	.000000
5.79998	.385666	.000000
5.8016	.384865	.000000
5.80322	.384069	.000000
5.80485	.383155	.000000
5.80647	.382244	.000000
5.8081	.381415	.000000
5.80973	.380732	.000000
5.81135	.380088	.000000
5.81298	.379320	.000000
5.81461	.378386	.000000
5.81624	.377396	.000000
5.81788	.376522	.000000
5.81951	.375809	.000000
5.82114	.375035	.000000
5.82277	.374419	.000000
5.82441	.374008	.000000
5.82605	.373123	.000000
5.82768	.372311	.000000
5.82932	.371555	.000000
5.83096	.370869	.000000
5.8326	.370176	.000000
5.83424	.369470	.000000
5.83588	.368873	.000000
5.83753	.368417	.000000
5.83917	.367883	.000000
5.84081	.367305	.000000
5.84246	.366687	.000000
5.8441	.366010	.000000
5.84575	.365364	.000000
5.8474	.364931	.000000
5.84905	.364563	.000000
5.8507	.364047	.000000
5.85235	.363429	.000000
5.854	.362905	.000000
5.85566	.362376	.000000
5.85731	.361954	.000000
5.85896	.361399	.000000
5.86062	.360786	.000000
5.86228	.360241	.000000
5.86393	.359691	.000000
5.86559	.359146	.000000
5.86725	.358484	.000000
5.86891	.357675	.000000
5.87057	.357075	.000000
5.87223	.356589	.000000
5.8739	.355909	.000000
5.87557	.355322	.000000
5.87723	.354634	.000000
5.8789	.353918	.000000
5.88056	.353553	.000000
5.88223	.353095	.000000
5.8839	.352502	.000000
5.88557	.351706	.000000
5.88724	.350894	.000000
5.88891	.350156	.000000
5.89058	.349615	.000000
5.89226	.349039	.000000
5.89393	.348305	.000000
5.89561	.347544	.000000
5.89728	.347056	.000000
5.89896	.346411	.000000
5.90064	.345774	.000000
5.90232	.345148	.000000
5.904	.344360	.000000
5.90568	.343606	.000000
5.90736	.343085	.000000
5.90905	.342551	.000000
5.91073	.341872	.000000
5.91242	.341091	.000000
5.9141	.340410	.000000
5.91579	.339901	.000000
5.91748	.339288	.000000
5.91917	.338486	.000000
5.92085	.337657	.000000
5.92255	.336947	.000000
5.92424	.336285	.000000
5.92593	.335757	.000000
5.92762	.335069	.000000
5.92932	.334359	.000000
5.93101	.333723	.000000
5.93271	.332923	.000000
5.93441	.332187	.000000
5.93611	.331971	.000000
5.93781	.331261	.000000
5.93951	.330349	.000000
5.94121	.329852	.000000
5.94291	.329280	.000000
5.94461	.328418	.000000
5.94632	.327600	.000000
5.94802	.326971	.000000
5.94973	.326351	.000000
5.95144	.325631	.000000
5.95315	.324988	.000000
5.95485	.324322	.000000
5.95656	.323777	.000000
5.95828	.323078	.000000
5.95999	.322183	.000000
5.9617	.321451	.000000
5.96342	.320919	.000000
5.96513	.320176	.000000
5.96685	.319391	.000000
5.96856	.318790	.000000
5.97028	.318347	.000000
5.972	.317685	.000000
5.97372	.316946	.000000
5.97544	.316273	.000000
5.97717	.315557	.000000
5.97889	.314873	.000000
5.98061	.314138	.000000
5.98234	.313406	.000000
5.98406	.312885	.000000
5.98579	.312338	.000000
5.98752	.311716	.000000
5.98925	.310975	.000000
5.99098	.310443	.000000
5.99271	.309904	.000000
5.99444	.309269	.000000
5.99617	.308719	.000000
5.99791	.308136	.000000
5.99964	.307525	.000000
6.00138	.306977	.000000
6.00312	.306333	.000000
6.00485	.305658	.000000
6.00659	.305225	.000000
6.00833	.304695	.000000
6.01008	.304122	.000000
6.01182	.303479	.000000
6.01356	.302954	.000000
6.0153	.302787	.000000
6.01705	.302361	.000000
6.0188	.301708	.000000
6.02054	.301292	.000000
6.02229	.300956	.000000
6.02404	.300467	.000000
6.02579	.299935	.000000
6.02754	.299507	.000000
6.0293	.299161	.000000
6.03105	.298865	.000000
6.03281	.298548	.000000
6.03456	.298062	.000000
6.03632	.297662	.000000
6.03808	.297343	.000000
6.03983	.296912	.000000
6.04159	.296549	.000000
6.04335	.296174	.000000
6.04511	.295985	.000000
6.04688	.295765	.000000
6.04864	.295545	.000000
6.05041	.295360	.000000
6.05217	.295173	.000000
6.05394	.295143	.000000
6.05571	.294883	.000000
6.05747	.294584	.000000
6.05924	.294463	.000000
6.06101	.294355	.000000
6.06279	.294041	.000000
6.06456	.293775	.000000
6.06633	.293515	.000000
6.06811	.293344	.000000
6.06988	.293267	.000000
6.07166	.293309	.000000
6.07344	.293135	.000000
6.07522	.293005	.000000
6.077	.292966	.000000
6.07878	.292808	.000000
6.08056	.292614	.000000
6.08234	.292480	.000000
6.08413	.292484	.000000
6.08591	.292390	.000000
6.0877	.292034	.000000
6.08949	.291715	.000000
6.09128	.291658	.000000
6.09307	.291759	.000000
6.09486	.291684	.000000
6.09665	.291486	.000000
6.09844	.291352	.000000
6.10023	.291170	.000000
6.10203	.290987	.000000
6.10383	.290849	.000000
6.10562	.290701	.000000
6.10742	.290527	.000000
6.10922	.290429	.000000
6.11102	.290283	.000000
6.11282	.290059	.000000
6.11462	.290020	.000000
6.11643	.289940	.000000
6.11823	.289818	.000000
6.12004	.289520	.000000
6.12184	.289222	.000000
6.12365	.289246	.000000
6.12546	.289208	.000000
6.12727	.289028	.000000
6.12908	.288861	.000000
6.13089	.288500	.000000
6.1327	.288114	.000000
6.13452	.288083	.000000
6.13633	.288081	.000000
6.13815	.287826	.000000
6.13997	.287623	.000000
6.14178	.287551	.000000
6.1436	.287373	.000000
6.14542	.287150	.000000
6.14725	.286913	.000000
6.14907	.286610	.000000
6.15089	.286517	.000000
6.15272	.286377	.000000
6.15454	.286132	.000000
6.15637	.285886	.000000
6.1582	.285970	.000000
6.16003	.286100	.000000
6.16186	.285754	.000000
6.16369	.285381	.000000
6.16552	.285258	.000000
6.16735	.285174	.000000
6.16919	.285147	.000000
6.17102	.284970	.000000
6.17286	.284767	.000000
6.1747	.284618	.000000
6.17654	.284519	.000000
6.17838	.284457	.000000
6.18022	.284239	.000000
6.18206	.284180	.000000
6.1839	.284141	.000000
6.18575	.284206	.000000
6.18759	.284316	.000000
6.18944	.284028	.000000
6.19129	.283796	.000000
6.19314	.283740	.000000
6.19499	.283828	.000000
6.19684	.283784	.000000
6.19869	.283641	.000000
6.20055	.283606	.000000
6.2024	.283560	.000000
6.20426	.283332	.000000
6.20611	.283252	.000000
6.20797	.283129	.000000
6.20983	.283059	.000000
6.21169	.283074	.000000
6.21355	.282971	.000000
6.21541	.282881	.000000
6.21728	.282877	.000000
6.21914	.282701	.000000
6.22101	.282562	.000000
6.22287	.282544	.000000
6.22474	.282522	.000000
6.22661	.282547	.000000
6.22848	.282514	.000000
6.23035	.282259	.000000
6.23222	.282224	.000000
6.2341	.282329	.000000
6.23597	.282149	.000000
6.23785	.281946	.000000
6.23972	.281839	.000000
6.2416	.281806	.000000
6.24348	.281845	.000000
6.24536	.281885	.000000
6.24724	.281674	.000000
6.24912	.281487	.000000
6.25101	.281408	.000000
6.25289	.281350	.000000
6.25478	.281236	.000000
6.25666	.281217	.000000
6.25855	.281120	.000000
6.26044	.280818	.000000
6.26233	.280647	.000000
6.26422	.280504	.000000
6.26612	.280420	.000000
6.26801	.280396	.000000
6.2699	.280199	.000000
6.2718	.279913	.000000
6.2737	.279875	.000000
6.2756	.279699	.000000
6.27749	.279469	.000000
6.2794	.279224	.000000
6.2813	.279018	.000000
6.2832	.279018	.000000
6.2851	.278928	.000000
6.28701	.278693	.000000
6.28892	.278504	.000000
6.29082	.278420	.000000
6.29273	.278246	.000000
6.29464	.278106	.000000
6.29655	.278202	.000000
6.29847	.278279	.000000
6.30038	.278235	.000000
6.30229	.278125	.000000
6.30421	.278077	.000000
6.30613	.277879	.000000
6.30804	.277580	.000000
6.30996	.277386	.000000
6.31188	.277219	.000000
6.3138	.277136	.000000
6.31573	.277209	.000000
6.31765	.277158	.000000
6.31958	.277173	.000000
6.3215	.277090	.000000
6.32343	.276868	.000000
6.32536	.276817	.000000
6.32729	.276863	.000000
6.32922	.276843	.000000
6.33115	.276947	.000000
6.33308	.276980	.000000
6.33502	.276920	.000000
6.33695	.276843	.000000
6.33889	.276714	.000000
6.34083	.276595	.000000
6.34277	.276544	.000000
6.34471	.276804	.000000
6.34665	.277059	.000000
6.34859	.277015	.000000
6.35054	.277186	.000000
6.35248	.277285	.000000
6.35443	.277140	.000000
6.35638	.277098	.000000
6.35833	.277345	.000000
6.36027	.277367	.000000
6.36223	.277475	.000000
6.36418	.277608	.000000
6.36614	.277532	.000000
6.36809	.277608	.000000
6.37005	.277835	.000000
6.372	.277796	.000000
6.37396	.277842	.000000
6.37592	.277993	.000000
6.37788	.278059	.000000
6.37984	.278114	.000000
6.38181	.278299	.000000
6.38377	.278350	.000000
6.38574	.278405	.000000
6.3877	.278514	.000000
6.38967	.278714	.000000
6.39164	.278882	.000000
6.39361	.278895	.000000
6.39558	.278897	.000000
6.39756	.279071	.000000
6.39953	.279135	.000000
6.40151	.279192	.000000
6.40348	.279277	.000000
6.40546	.279121	.000000
6.40744	.278849	.000000
6.40942	.279112	.000000
6.4114	.279506	.000000
6.41338	.279396	.000000
6.41537	.279025	.000000
6.41735	.279005	.000000
6.41934	.279368	.000000
6.42133	.279645	.000000
6.42331	.279418	.000000
6.4253	.279222	.000000
6.4273	.279174	.000000
6.42929	.279145	.000000
6.43128	.279016	.000000
6.43328	.278943	.000000
6.43527	.278945	.000000
6.43727	.278794	.000000
6.43927	.278635	.000000
6.44127	.278560	.000000
6.44327	.278305	.000000
6.44527	.278033	.000000
6.44728	.277903	.000000
6.44928	.277897	.000000
6.45129	.277795	.000000
6.45329	.277549	.000000
6.4553	.277351	.000000
6.45731	.277250	.000000
6.45932	.277160	.000000
6.46134	.276956	.000000
6.46335	.276652	.000000
6.46536	.276404	.000000
6.46738	.276311	.000000
6.4694	.276155	.000000
6.47142	.275968	.000000
6.47344	.275804	.000000
6.47546	.275513	.000000
6.47748	.275238	.000000
6.4795	.275087	.000000
6.48153	.274812	.000000
6.48355	.274471	.000000
6.48558	.274445	.000000
6.48761	.274421	.000000
6.48964	.274185	.000000
6.49167	.273994	.000000
6.49371	.273851	.000000
6.49574	.273456	.000000
6.49777	.273295	.000000
6.49981	.273339	.000000
6.50185	.273161	.000000
6.50389	.273062	.000000
6.50593	.272956	.000000
6.50797	.272763	.000000
6.51001	.272541	.000000
6.51206	.272449	.000000
6.5141	.272415	.000000
6.51615	.272231	.000000
6.5182	.271943	.000000
6.52025	.271774	.000000
6.5223	.271615	.000000
6.52435	.271512	.000000
6.5264	.271437	.000000
6.52846	.271329	.000000
6.53051	.271052	.000000
6.53257	.270804	.000000
6.53463	.270555	.000000
6.53669	.270357	.000000
6.53875	.270245	.000000
6.54081	.270070	.000000
6.54288	.269980	.000000
6.54494	.269806	.000000
6.54701	.269526	.000000
6.54907	.269313	.000000
6.55114	.269107	.000000
6.55321	.268915	.000000
6.55528	.268662	.000000
6.55736	.268550	.000000
6.55943	.268368	.000000
6.56151	.268120	.000000
6.56358	.268021	.000000
6.56566	.267860	.000000
6.56774	.267664	.000000
6.56982	.267330	.000000
6.5719	.266825	.000000
6.57399	.266770	.000000
6.57607	.266569	.000000
6.57816	.266244	.000000
6.58024	.266002	.000000
6.58233	.265842	.000000
6.58442	.265679	.000000
6.58651	.265422	.000000
6.5886	.265175	.000000
6.5907	.264958	.000000
6.59279	.264707	.000000
6.59489	.264452	.000000
6.59699	.264179	.000000
6.59909	.263793	.000000
6.60119	.263559	.000000
6.60329	.263388	.000000
6.60539	.263162	.000000
6.6075	.262929	.000000
6.6096	.262636	.000000
6.61171	.262414	.000000
6.61382	.262353	.000000
6.61593	.262124	.000000
6.61804	.261814	.000000
6.62015	.261495	.000000
6.62226	.261242	.000000
6.62438	.261128	.000000
6.6265	.260948	.000000
6.62861	.260802	.000000
6.63073	.260668	.000000
6.63285	.260431	.000000
6.63498	.260139	.000000
6.6371	.259796	.000000
6.63922	.259406	.000000
6.64135	.259268	.000000
6.64348	.259349	.000000
6.64561	.259230	.000000
6.64774	.259098	.000000
6.64987	.258925	.000000
6.652	.258822	.000000
6.65413	.258826	.000000
6.65627	.258723	.000000
6.65841	.258316	.000000
6.66055	.257891	.000000
6.66269	.257892	.000000
6.66483	.258028	.000000
6.66697	.257957	.000000
6.66911	.257790	.000000
6.67126	.257654	.000000
6.6734	.257608	.000000
6.67555	.257428	.000000
6.6777	.257238	.000000
6.67985	.257179	.000000
6.682	.257041	.000000
6.68416	.257045	.000000
6.68631	.256964	.000000
6.68847	.256695	.000000
6.69063	.256542	.000000
6.69279	.256456	.000000
6.69495	.256297	.000000
6.69711	.256232	.000000
6.69927	.256214	.000000
6.70144	.256249	.000000
6.7036	.256056	.000000
6.70577	.255889	.000000
6.70794	.255700	.000000
6.71011	.255510	.000000
6.71228	.255400	.000000
6.71445	.255332	.000000
6.71663	.255075	.000000
6.7188	.254921	.000000
6.72098	.254895	.000000
6.72316	.254785	.000000
6.72534	.254693	.000000
6.72752	.254435	.000000
6.72971	.254092	.000000
6.73189	.254015	.000000
6.73408	.253888	.000000
6.73627	.253532	.000000
6.73846	.253490	.000000
6.74065	.253428	.000000
6.74284	.253158	.000000
6.74503	.252839	.000000
6.74722	.252562	.000000
6.74942	.252426	.000000
6.75162	.252162	.000000
6.75382	.251742	.000000
6.75602	.251487	.000000
6.75822	.251228	.000000
6.76042	.250915	.000000
6.76263	.250561	.000000
6.76483	.250432	.000000
6.76704	.250265	.000000
6.76925	.249858	.000000
6.77146	.249504	.000000
6.77367	.249326	.000000
6.77588	.249190	.000000
6.7781	.248770	.000000
6.78031	.248156	.000000
6.78253	.247875	.000000
6.78475	.247718	.000000
6.78697	.247444	.000000
6.78919	.247286	.000000
6.79141	.246923	.000000
6.79364	.246367	.000000
6.79586	.245993	.000000
6.79809	.245746	.000000
6.80032	.245410	.000000
6.80255	.245126	.000000
6.80478	.244667	.000000
6.80702	.244208	.000000
6.80925	.244034	.000000
6.81149	.243884	.000000
6.81373	.243544	.000000
6.81596	.243403	.000000
6.81821	.243464	.000000
6.82045	.243271	.000000
6.82269	.242745	.000000
6.82494	.242336	.000000
6.82718	.242295	.000000
6.82943	.242073	.000000
6.83168	.241692	.000000
6.83393	.241536	.000000
6.83619	.241336	.000000
6.83844	.240973	.000000
6.84069	.240597	.000000
6.84295	.240331	.000000
6.84521	.240193	.000000
6.84747	.240032	.000000
6.84973	.239850	.000000
6.852	.239689	.000000
6.85426	.239481	.000000
6.85652	.239326	.000000
6.85879	.239247	.000000
6.86106	.238894	.000000
6.86333	.238529	.000000
6.8656	.238462	.000000
6.86788	.238282	.000000
6.87015	.238240	.000000
6.87243	.238214	.000000
6.87471	.238076	.000000
6.87699	.237759	.000000
6.87927	.237411	.000000
6.88155	.237269	.000000
6.88383	.237135	.000000
6.88612	.236987	.000000
6.88841	.236908	.000000
6.8907	.236934	.000000
6.89299	.236842	.000000
6.89528	.236598	.000000
6.89757	.236255	.000000
6.89987	.235974	.000000
6.90216	.235743	.000000
6.90446	.235655	.000000
6.90676	.235558	.000000
6.90906	.235310	.000000
6.91136	.235154	.000000
6.91367	.235004	.000000
6.91597	.234811	.000000
6.91828	.234731	.000000
6.92059	.234600	.000000
6.9229	.234364	.000000
6.92521	.234076	.000000
6.92752	.233702	.000000
6.92984	.233538	.000000
6.93215	.233483	.000000
6.93447	.233126	.000000
6.9368	.232843	.000000
6.93912	.232623	.000000
6.94144	.232436	.000000
6.94376	.232322	.000000
6.94609	.232078	.000000
6.94842	.231765	.000000
6.95074	.231515	.000000
6.95307	.231064	.000000
6.95541	.230691	.000000
6.95774	.230580	.000000
6.96007	.230240	.000000
6.96241	.229831	.000000
6.96475	.229538	.000000
6.96709	.229268	.000000
6.96943	.228982	.000000
6.97177	.228659	.000000
6.97412	.228362	.000000
6.97646	.228215	.000000
6.97881	.227927	.000000
6.98116	.227553	.000000
6.98351	.227201	.000000
6.98586	.226709	.000000
6.98822	.226285	.000000
6.99057	.226126	.000000
6.99293	.225906	.000000
6.99529	.225497	.000000
6.99765	.225156	.000000
7.00001	.224877	.000000
7.00237	.224462	.000000
7.00474	.224042	.000000
7.0071	.223807	.000000
7.00947	.223462	.000000
7.01184	.222965	.000000
7.01421	.222538	.000000
7.01659	.222019	.000000
7.01896	.221604	.000000
7.02134	.221415	.000000
7.02372	.221120	.000000
7.0261	.220750	.000000
7.02848	.220370	.000000
7.03086	.220115	.000000
7.03324	.219823	.000000
7.03563	.219163	.000000
7.03802	.218803	.000000
7.04041	.218548	.000000
7.0428	.218013	.000000
7.04519	.217525	.000000
7.04758	.217374	.000000
7.04998	.217134	.000000
7.05238	.216694	.000000
7.05478	.216199	.000000
7.05718	.215824	.000000
7.05958	.215531	.000000
7.06198	.215159	.000000
7.06439	.214773	.000000
7.06679	.214278	.000000
7.0692	.213713	.000000
7.07161	.213321	.000000
7.07403	.212954	.000000
7.07644	.212624	.000000
7.07885	.212457	.000000
7.08127	.212117	.000000
7.08369	.211736	.000000
7.08611	.211396	.000000
7.08853	.210848	.000000
7.09096	.210560	.000000
7.09338	.210391	.000000
7.09581	.209918	.000000
7.09824	.209580	.000000
7.10067	.209270	.000000
7.1031	.208832	.000000
7.10553	.208528	.000000
7.10797	.208192	.000000
7.1104	.208010	.000000
7.11284	.207867	.000000
7.11528	.207297	.000000
7.11773	.206834	.000000
7.12017	.206565	.000000
7.12261	.206216	.000000
7.12506	.205972	.000000
7.12751	.205661	.000000
7.12996	.205237	.000000
7.13241	.204798	.000000
7.13487	.204386	.000000
7.13732	.204098	.000000
7.13978	.203678	.000000
7.14224	.203256	.000000
7.1447	.203034	.000000
7.14716	.202768	.000000
7.14962	.202320	.000000
7.15209	.201974	.000000
7.15456	.201566	.000000
7.15703	.201091	.000000
7.1595	.200640	.000000
7.16197	.200275	.000000
7.16445	.199879	.000000
7.16692	.199512	.000000
7.1694	.199140	.000000
7.17188	.198754	.000000
7.17436	.198406	.000000
7.17684	.197812	.000000
7.17933	.197170	.000000
7.18181	.196801	.000000
7.1843	.196405	.000000
7.18679	.195920	.000000
7.18928	.195583	.000000
7.19178	.195288	.000000
7.19427	.194877	.000000
7.19677	.194189	.000000
7.19926	.193688	.000000
7.20176	.193374	.000000
7.20427	.192837	.000000
7.20677	.192230	.000000
7.20927	.191711	.000000
7.21178	.191204	.000000
7.21429	.190803	.000000
7.2168	.190405	.000000
7.21931	.189808	.000000
7.22183	.189330	.000000
7.22434	.188877	.000000
7.22686	.188453	.000000
7.22938	.188104	.000000
7.2319	.187616	.000000
7.23442	.187094	.000000
7.23695	.186672	.000000
7.23947	.186243	.000000
7.242	.185731	.000000
7.24453	.185243	.000000
7.24706	.184828	.000000
7.24959	.184480	.000000
7.25213	.184019	.000000
7.25467	.183420	.000000
7.2572	.182961	.000000
7.25974	.182567	.000000
7.26229	.182145	.000000
7.26483	.181794	.000000
7.26738	.181429	.000000
7.26992	.180864	.000000
7.27247	.180232	.000000
7.27502	.179755	.000000
7.27758	.179371	.000000
7.28014	.178907	.000000
7.28269	.178370	.000000
7.28525	.177926	.000000
7.28781	.177376	.000000
7.29037	.176763	.000000
7.29294	.176302	.000000
7.2955	.176068	.000000
7.29807	.175578	.000000
7.30064	.174969	.000000
7.30321	.174409	.000000
7.30578	.173867	.000000
7.30835	.173417	.000000
7.31093	.172931	.000000
7.31351	.172348	.000000
7.31609	.171737	.000000
7.31867	.171372	.000000
7.32125	.170935	.000000
7.32384	.170345	.000000
7.32643	.169644	.000000
7.32901	.169084	.000000
7.3316	.168648	.000000
7.3342	.167986	.000000
7.33679	.167360	.000000
7.33939	.166898	.000000
7.34199	.166522	.000000
7.34459	.165867	.000000
7.34719	.165313	.000000
7.3498	.164866	.000000
7.3524	.164216	.000000
7.35501	.163593	.000000
7.35762	.162993	.000000
7.36023	.162468	.000000
7.36284	.161947	.000000
7.36546	.161269	.000000
7.36807	.160584	.000000
7.37069	.159882	.000000
7.37331	.159451	.000000
7.37593	.159097	.000000
7.37856	.158407	.000000
7.38118	.157571	.000000
7.38381	.156989	.000000
7.38644	.156494	.000000
7.38907	.155922	.000000
7.39171	.155355	.000000
7.39434	.154738	.000000
7.39698	.153849	.000000
7.39962	.153117	.000000
7.40226	.152618	.000000
7.4049	.152121	.000000
7.40755	.151493	.000000
7.41019	.150826	.000000
7.41284	.150255	.000000
7.41549	.149766	.000000
7.41814	.149235	.000000
7.4208	.148487	.000000
7.42346	.147634	.000000
7.42612	.146899	.000000
7.42878	.146306	.000000
7.43144	.145827	.000000
7.4341	.145433	.000000
7.43677	.144846	.000000
7.43944	.144261	.000000
7.4421	.143578	.000000
7.44478	.142859	.000000
7.44745	.142172	.000000
7.45012	.141579	.000000
7.4528	.140928	.000000
7.45548	.140306	.000000
7.45816	.139862	.000000
7.46084	.139255	.000000
7.46353	.138560	.000000
7.46622	.137956	.000000
7.4689	.137395	.000000
7.47159	.136815	.000000
7.47429	.136184	.000000
7.47698	.135531	.000000
7.47968	.134985	.000000
7.48238	.134379	.000000
7.48508	.133765	.000000
7.48778	.133026	.000000
7.49048	.132329	.000000
7.49319	.131808	.000000
7.4959	.131206	.000000
7.49861	.130588	.000000
7.50132	.130161	.000000
7.50403	.129537	.000000
7.50675	.128744	.000000
7.50947	.128049	.000000
7.51219	.127259	.000000
7.51491	.126598	.000000
7.51764	.126087	.000000
7.52036	.125428	.000000
7.52309	.124903	.000000
7.52582	.124382	.000000
7.52855	.123860	.000000
7.53129	.123322	.000000
7.53402	.122605	.000000
7.53676	.121895	.000000
7.5395	.121015	.000000
7.54224	.120296	.000000
7.54499	.119815	.000000
7.54773	.119261	.000000
7.55048	.118650	.000000
7.55323	.118008	.000000
7.55598	.117418	.000000
7.55873	.116856	.000000
7.56149	.116148	.000000
7.56425	.115521	.000000
7.56701	.114956	.000000
7.56977	.114384	.000000
7.57253	.113815	.000000
7.5753	.113144	.000000
7.57807	.112694	.000000
7.58084	.112028	.000000
7.58361	.111317	.000000
7.58638	.110748	.000000
7.58916	.110042	.000000
7.59194	.109336	.000000
7.59472	.108756	.000000
7.5975	.108176	.000000
7.60029	.107549	.000000
7.60307	.107032	.000000
7.60586	.106404	.000000
7.60865	.105735	.000000
7.61144	.105181	.000000
7.61424	.104566	.000000
7.61703	.103858	.000000
7.61983	.103211	.000000
7.62263	.102477	.000000
7.62544	.101879	.000000
7.62824	.101349	.000000
7.63105	.100885	.000000
7.63386	.100276	.000000
7.63667	.099548	.000000
7.63948	.098893	.000000
7.64229	.098273	.000000
7.64511	.097691	.000000
7.64793	.096938	.000000
7.65075	.096176	.000000
7.65357	.095540	.000000
7.6564	.094747	.000000
7.65923	.093878	.000000
7.66206	.093342	.000000
7.66489	.092814	.000000
7.66772	.092100	.000000
7.67056	.091512	.000000
7.6734	.090837	.000000
7.67624	.090052	.000000
7.67908	.089272	.000000
7.68193	.088678	.000000
7.68477	.088069	.000000
7.68762	.087339	.000000
7.69047	.086548	.000000
7.69332	.085904	.000000
7.69618	.085183	.000000
7.69904	.084400	.000000
7.7019	.083809	.000000
7.70476	.082912	.000000
7.70762	.082102	.000000
7.71049	.081592	.000000
7.71335	.081010	.000000
7.71622	.080222	.000000
7.71909	.079521	.000000
7.72197	.078881	.000000
7.72484	.078218	.000000
7.72772	.077507	.000000
7.7306	.076837	.000000
7.73348	.076289	.000000
7.73637	.075412	.000000
7.73926	.074603	.000000
7.74215	.073869	.000000
7.74504	.073086	.000000
7.74793	.072398	.000000
7.75083	.071826	.000000
7.75373	.071061	.000000
7.75663	.070333	.000000
7.75953	.069726	.000000
7.76244	.069096	.000000
7.76534	.068515	.000000
7.76825	.067781	.000000
7.77116	.066965	.000000
7.77407	.066184	.000000
7.77699	.065477	.000000
7.77991	.064841	.000000
7.78283	.064181	.000000
7.78575	.063439	.000000
7.78867	.062841	.000000
7.7916	.062343	.000000
7.79452	.061534	.000000
7.79745	.060695	.000000
7.80039	.060013	.000000
7.80332	.059252	.000000
7.80626	.058544	.000000
7.8092	.058085	.000000
7.81214	.057509	.000000
7.81508	.056748	.000000
7.81803	.056121	.000000
7.82098	.055486	.000000
7.82393	.054690	.000000
7.82688	.054081	.000000
7.82983	.053666	.000000
7.83279	.053109	.000000
7.83576	.052195	.000000
7.83872	.051489	.000000
7.84168	.050909	.000000
7.84465	.050060	.000000
7.84762	.049330	.000000
7.85059	.048890	.000000
7.85356	.048354	.000000
7.85653	.047664	.000000
7.85951	.047083	.000000
7.86249	.046501	.000000
7.86547	.045955	.000000
7.86846	.045412	.000000
7.87144	.044752	.000000
7.87443	.043937	.000000
7.87742	.043299	.000000
7.88041	.042725	.000000
7.88341	.042051	.000000
7.88641	.041488	.000000
7.88941	.041068	.000000
7.89241	.040634	.000000
7.89541	.040083	.000000
7.89842	.039421	.000000
7.90143	.038788	.000000
7.90444	.038099	.000000
7.90745	.037447	.000000
7.91047	.036925	.000000
7.91349	.036512	.000000
7.91651	.036185	.000000
7.91954	.035554	.000000
7.92256	.034876	.000000
7.92559	.034314	.000000
7.92862	.033845	.000000
7.93165	.033326	.000000
7.93469	.032829	.000000
7.93772	.032267	.000000
7.94076	.031770	.000000
7.9438	.031414	.000000
7.94685	.030921	.000000
7.94989	.030268	.000000
7.95294	.029767	.000000
7.95599	.029630	.000000
7.95905	.029364	.000000
7.9621	.028929	.000000
7.96516	.028324	.000000
7.96822	.027729	.000000
7.97128	.027304	.000000
7.97435	.026869	.000000
7.97741	.026511	.000000
7.98048	.026280	.000000
7.98355	.025798	.000000
7.98663	.025310	.000000
7.9897	.024959	.000000
7.99278	.024486	.000000
7.99587	.024022	.000000
7.99895	.023741	.000000
8.00204	.023455	.000000
8.00513	.023164	.000000
8.00822	.022832	.000000
8.01131	.022476	.000000
8.01441	.022072	.000000
8.01751	.021795	.000000
8.02061	.021531	.000000
8.02371	.021333	.000000
8.02682	.021195	.000000
8.02992	.020832	.000000
8.03303	.020326	.000000
8.03615	.020141	.000000
8.03926	.020007	.000000
8.04238	.019748	.000000
8.0455	.019568	.000000
8.04862	.019242	.000000
8.05174	.018985	.000000
8.05487	.018879	.000000
8.058	.018569	.000000
8.06113	.018259	.000000
8.06427	.018211	.000000
8.0674	.018007	.000000
8.07054	.017782	.000000
8.07369	.017573	.000000
8.07683	.017428	.000000
8.07998	.017334	.000000
8.08313	.017336	.000000
8.08628	.017375	.000000
8.08944	.017439	.000000
8.09259	.017292	.000000
8.09575	.017035	.000000
8.09891	.016830	.000000
8.10207	.016771	.000000
8.10524	.016881	.000000
8.10841	.016854	.000000
8.11158	.016731	.000000
8.11475	.016628	.000000
8.11793	.016646	.000000
8.12111	.016725	.000000
8.12429	.016855	.000000
8.12748	.016977	.000000
8.13066	.016942	.000000
8.13385	.016971	.000000
8.13704	.017261	.000000
8.14024	.017420	.000000
8.14343	.017508	.000000
8.14663	.017784	.000000
8.14983	.017914	.000000
8.15304	.017831	.000000
8.15624	.017895	.000000
8.15945	.018081	.000000
8.16266	.018433	.000000
8.16588	.018717	.000000
8.16909	.019031	.000000
8.17231	.019211	.000000
8.17553	.019330	.000000
8.17876	.019741	.000000
8.18198	.020221	.000000
8.18521	.020651	.000000
8.18844	.020746	.000000
8.19168	.021170	.000000
8.19491	.021672	.000000
8.19815	.022021	.000000
8.20139	.022545	.000000
8.20464	.022977	.000000
8.20789	.023593	.000000
8.21113	.024009	.000000
8.21439	.024503	.000000
8.21764	.025185	.000000
8.22091	.025623	.000000
8.22417	.026064	.000000
8.22743	.026722	.000000
8.23069	.027544	.000000
8.23396	.028080	.000000
8.23723	.028507	.000000
8.2405	.029268	.000000
8.24378	.030136	.000000
8.24706	.030877	.000000
8.25034	.031589	.000000
8.25362	.032368	.000000
8.25691	.033315	.000000
8.2602	.034089	.000000
8.26349	.034771	.000000
8.26678	.035653	.000000
8.27008	.036459	.000000
8.27337	.037189	.000000
8.27668	.037952	.000000
8.27998	.038673	.000000
8.28329	.039412	.000000
8.2866	.040360	.000000
8.28991	.041395	.000000
8.29322	.042272	.000000
8.29654	.043132	.000000
8.29986	.044025	.000000
8.30318	.044715	.000000
8.30651	.045346	.000000
8.30984	.046305	.000000
8.31317	.047254	.000000
8.31651	.048281	.000000
8.31984	.049185	.000000
8.32318	.049844	.000000
8.32652	.050555	.000000
8.32987	.051485	.000000
8.33322	.052175	.000000
8.33656	.052727	.000000
8.33992	.053351	.000000
8.34327	.054173	.000000
8.34663	.055048	.000000
8.34999	.055589	.000000
8.35335	.056062	.000000
8.35672	.056631	.000000
8.36008	.057333	.000000
8.36346	.057933	.000000
8.36683	.058254	.000000
8.37021	.058753	.000000
8.37359	.059281	.000000
8.37697	.059542	.000000
8.38035	.059978	.000000
8.38374	.060464	.000000
8.38713	.060611	.000000
8.39052	.061071	.000000
8.39392	.061480	.000000
8.39732	.061719	.000000
8.40072	.062319	.000000
8.40412	.062689	.000000
8.40754	.062775	.000000
8.41095	.062909	.000000
8.41436	.063285	.000000
8.41777	.063575	.000000
8.42119	.063716	.000000
8.42461	.063847	.000000
8.42804	.063834	.000000
8.43146	.063753	.000000
8.43489	.063702	.000000
8.43832	.063709	.000000
8.44176	.063682	.000000
8.44519	.063419	.000000
8.44863	.063276	.000000
8.45208	.063280	.000000
8.45552	.063091	.000000
8.45897	.062871	.000000
8.46242	.062676	.000000
8.46588	.062497	.000000
8.46933	.062203	.000000
8.47279	.061746	.000000
8.47626	.061455	.000000
8.47972	.061101	.000000
8.48319	.060728	.000000
8.48666	.060380	.000000
8.49014	.060207	.000000
8.49361	.059954	.000000
8.49709	.059705	.000000
8.50058	.059400	.000000
8.50407	.059002	.000000
8.50755	.058703	.000000
8.51105	.058654	.000000
8.51454	.058465	.000000
8.51804	.058028	.000000
8.52154	.057860	.000000
8.52504	.057638	.000000
8.52854	.057405	.000000
8.53205	.057183	.000000
8.53556	.056838	.000000
8.53908	.056755	.000000
8.5426	.056618	.000000
8.54612	.056278	.000000
8.54964	.056462	.000000
8.55316	.056443	.000000
8.55669	.056132	.000000
8.56022	.056155	.000000
8.56376	.056011	.000000
8.5673	.055873	.000000
8.57084	.055798	.000000
8.57438	.055589	.000000
8.57792	.055594	.000000
8.58147	.055431	.000000
8.58503	.055134	.000000
8.58858	.055134	.000000
8.59214	.055060	.000000
8.5957	.054892	.000000
8.59927	.054693	.000000
8.60284	.054732	.000000
8.60641	.054734	.000000
8.60998	.054644	.000000
8.61356	.054527	.000000
8.61714	.054407	.000000
8.62072	.054134	.000000
8.6243	.053800	.000000
8.62789	.053490	.000000
8.63148	.053435	.000000
8.63507	.053435	.000000
8.63867	.053387	.000000
8.64227	.053180	.000000
8.64587	.052835	.000000
8.64948	.052635	.000000
8.65309	.052547	.000000
8.6567	.052419	.000000
8.66031	.052454	.000000
8.66393	.052516	.000000
8.66755	.052366	.000000
8.67117	.052250	.000000
8.6748	.052050	.000000
8.67843	.051995	.000000
8.68206	.051871	.000000
8.6857	.051755	.000000
8.68934	.051852	.000000
8.69298	.051700	.000000
8.69663	.051478	.000000
8.70027	.051304	.000000
8.70393	.051216	.000000
8.70759	.051153	.000000
8.71124	.050920	.000000
8.7149	.050708	.000000
8.71857	.050717	.000000
8.72224	.050748	.000000
8.72591	.050731	.000000
8.72958	.050687	.000000
8.73325	.050464	.000000
8.73693	.050124	.000000
8.74061	.049989	.000000
8.7443	.049954	.000000
8.74799	.049658	.000000
8.75168	.049552	.000000
8.75537	.049612	.000000
8.75907	.049609	.000000
8.76277	.049444	.000000
8.76647	.049495	.000000
8.77018	.049389	.000000
8.77389	.049222	.000000
8.7776	.049084	.000000
8.78132	.048831	.000000
8.78504	.048837	.000000
8.78876	.048871	.000000
8.79249	.048571	.000000
8.79622	.048217	.000000
8.79995	.048167	.000000
8.80369	.048154	.000000
8.80743	.048182	.000000
8.81117	.048064	.000000
8.81492	.047923	.000000
8.81867	.047804	.000000
8.82242	.047653	.000000
8.82617	.047424	.000000
8.82993	.047147	.000000
8.83369	.046989	.000000
8.83745	.046911	.000000
8.84122	.046971	.000000
8.84499	.046857	.000000
8.84876	.046456	.000000
8.85254	.046366	.000000
8.85632	.046382	.000000
8.8601	.046437	.000000
8.86389	.046412	.000000
8.86768	.046223	.000000
8.87147	.046023	.000000
8.87527	.045885	.000000
8.87907	.045902	.000000
8.88287	.045997	.000000
8.88668	.045737	.000000
8.89049	.045571	.000000
8.8943	.045472	.000000
8.89812	.045298	.000000
8.90193	.045372	.000000
8.90576	.045361	.000000
8.90958	.045060	.000000
8.91342	.044898	.000000
8.91725	.045113	.000000
8.92109	.044810	.000000
8.92493	.044385	.000000
8.92877	.044410	.000000
8.93261	.044513	.000000
8.93646	.044381	.000000
8.94031	.044102	.000000
8.94417	.044047	.000000
8.94803	.044014	.000000
8.95189	.043699	.000000
8.95576	.043512	.000000
8.95963	.043732	.000000
8.9635	.043741	.000000
8.96737	.043418	.000000
8.97125	.043290	.000000
8.97513	.043462	.000000
8.97902	.043229	.000000
8.98291	.043042	.000000
8.9868	.042958	.000000
8.9907	.042712	.000000
8.99459	.042783	.000000
8.9985	.042682	.000000
9.0024	.042521	.000000
9.00631	.042455	.000000
9.01022	.042332	.000000
9.01414	.042151	.000000
9.01806	.042119	.000000
9.02199	.042147	.000000
9.02592	.041769	.000000
9.02984	.041336	.000000
9.03378	.041156	.000000
9.03771	.041048	.000000
9.04166	.041055	.000000
9.0456	.040832	.000000
9.04954	.040597	.000000
9.05349	.040373	.000000
9.05745	.040136	.000000
9.06141	.039942	.000000
9.06537	.039746	.000000
9.06933	.039749	.000000
9.0733	.039456	.000000
9.07727	.039078	.000000
9.08124	.038955	.000000
9.08522	.038955	.000000
9.0892	.038816	.000000
9.09319	.038471	.000000
9.09718	.038278	.000000
9.10117	.037946	.000000
9.10516	.037398	.000000
9.10916	.036879	.000000
9.11316	.036679	.000000
9.11717	.036486	.000000
9.12118	.036165	.000000
9.12519	.036002	.000000
9.12921	.035864	.000000
9.13323	.035622	.000000
9.13725	.035481	.000000
9.14128	.035230	.000000
9.14531	.035013	.000000
9.14935	.034678	.000000
9.15338	.034190	.000000
9.15742	.033823	.000000
9.16148	.033555	.000000
9.16553	.033287	.000000
9.16958	.032977	.000000
9.17363	.032641	.000000
9.17769	.032614	.000000
9.18176	.032652	.000000
9.18582	.032163	.000000
9.18989	.031961	.000000
9.19397	.031719	.000000
9.19804	.031367	.000000
9.20213	.031205	.000000
9.20621	.031394	.000000
9.2103	.031490	.000000
9.21439	.031264	.000000
9.21848	.031158	.000000
9.22258	.031161	.000000
9.22669	.031172	.000000
9.23079	.031224	.000000
9.2349	.031134	.000000
9.23902	.030991	.000000
9.24313	.030831	.000000
9.24725	.030655	.000000
9.25138	.030785	.000000
9.25551	.030954	.000000
9.25964	.030787	.000000
9.26378	.030569	.000000
9.26792	.030574	.000000
9.27206	.030807	.000000
9.27621	.030947	.000000
9.28036	.031031	.000000
9.28452	.030664	.000000
9.28868	.030473	.000000
9.29284	.030495	.000000
9.297	.030560	.000000
9.30117	.030653	.000000
9.30535	.030785	.000000
9.30952	.030875	.000000
9.3137	.030807	.000000
9.31789	.030415	.000000
9.32208	.030442	.000000
9.32627	.030626	.000000
9.33046	.030969	.000000
9.33466	.031036	.000000
9.33887	.031172	.000000
9.34307	.031159	.000000
9.34728	.031189	.000000
9.3515	.031420	.000000
9.35572	.031310	.000000
9.35994	.031381	.000000
9.36416	.031535	.000000
9.36839	.031636	.000000
9.37263	.031992	.000000
9.37686	.032075	.000000
9.38111	.031987	.000000
9.38535	.032078	.000000
9.3896	.032418	.000000
9.39386	.032618	.000000
9.39812	.032590	.000000
9.40238	.032733	.000000
9.40664	.033254	.000000
9.41091	.033621	.000000
9.41518	.033641	.000000
9.41946	.033416	.000000
9.42374	.033498	.000000
9.42802	.033949	.000000
9.43231	.034226	.000000
9.4366	.034670	.000000
9.4409	.035147	.000000
9.4452	.035268	.000000
9.4495	.035191	.000000
9.45381	.035543	.000000
9.45812	.035879	.000000
9.46243	.036261	.000000
9.46675	.036604	.000000
9.47108	.036849	.000000
9.4754	.037264	.000000
9.47973	.037748	.000000
9.48407	.038005	.000000
9.48841	.038214	.000000
9.49275	.038548	.000000
9.4971	.038913	.000000
9.50145	.039122	.000000
9.5058	.039298	.000000
9.51016	.039918	.000000
9.51453	.040336	.000000
9.5189	.040654	.000000
9.52327	.041239	.000000
9.52764	.041466	.000000
9.53202	.041708	.000000
9.53641	.042165	.000000
9.54079	.042521	.000000
9.54518	.043191	.000000
9.54958	.043888	.000000
9.55398	.043941	.000000
9.55838	.043759	.000000
9.56279	.044012	.000000
9.5672	.044533	.000000
9.57161	.044742	.000000
9.57603	.044920	.000000
9.58045	.045313	.000000
9.58488	.045806	.000000
9.58931	.045916	.000000
9.59375	.046078	.000000
9.59819	.046215	.000000
9.60263	.046283	.000000
9.60708	.046634	.000000
9.61153	.047021	.000000
9.61599	.047052	.000000
9.62045	.047204	.000000
9.62491	.047094	.000000
9.62938	.046911	.000000
9.63386	.046997	.000000
9.63834	.047340	.000000
9.64282	.047527	.000000
9.64731	.047819	.000000
9.6518	.048024	.000000
9.65629	.047769	.000000
9.66079	.047608	.000000
9.66529	.047747	.000000
9.66979	.047863	.000000
9.67431	.047679	.000000
9.67882	.047716	.000000
9.68334	.047837	.000000
9.68786	.047773	.000000
9.69239	.047916	.000000
9.69692	.047998	.000000
9.70146	.048000	.000000
9.706	.048138	.000000
9.71054	.047932	.000000
9.71509	.047600	.000000
9.71964	.047464	.000000
9.7242	.047608	.000000
9.72876	.047690	.000000
9.73333	.047237	.000000
9.7379	.047032	.000000
9.74247	.047061	.000000
9.74705	.047068	.000000
9.75163	.047109	.000000
9.75622	.046837	.000000
9.76081	.046494	.000000
9.76541	.046527	.000000
9.77001	.046604	.000000
9.77461	.046479	.000000
9.77922	.046360	.000000
9.78383	.046223	.000000
9.78845	.045957	.000000
9.79307	.045762	.000000
9.7977	.045672	.000000
9.80233	.045605	.000000
9.80696	.045597	.000000
9.8116	.045636	.000000
9.81625	.045443	.000000
9.8209	.045007	.000000
9.82555	.044803	.000000
9.83021	.044680	.000000
9.83487	.044669	.000000
9.83953	.044495	.000000
9.8442	.044080	.000000
9.84888	.044137	.000000
9.85356	.044425	.000000
9.85824	.044405	.000000
9.86293	.044421	.000000
9.86762	.044489	.000000
9.87232	.044436	.000000
9.87702	.044377	.000000
9.88172	.044544	.000000
9.88643	.044412	.000000
9.89115	.044267	.000000
9.89587	.044157	.000000
9.90059	.043877	.000000
9.90532	.044012	.000000
9.91005	.044209	.000000
9.91479	.044137	.000000
9.91953	.044045	.000000
9.92428	.043972	.000000
9.92902	.043750	.000000
9.93378	.043669	.000000
9.93854	.043915	.000000
9.9433	.044091	.000000
9.94807	.044199	.000000
9.95284	.044387	.000000
9.95762	.044482	.000000
9.96241	.044697	.000000
9.96719	.044559	.000000
9.97198	.044636	.000000
9.97678	.044926	.000000
9.98158	.044840	.000000
9.98639	.044920	.000000
9.9912	.045168	.000000
9.99601	.045331	.000000
10.00083	.045379	.000000
10.00566	.045526	.000000
10.01049	.045599	.000000
10.01532	.045663	.000000
10.02016	.046076	.000000
10.025	.046285	.000000
10.02985	.046234	.000000
10.0347	.046333	.000000
10.03956	.046661	.000000
10.04442	.047041	.000000
10.04929	.047215	.000000
10.05416	.047327	.000000
10.05904	.047604	.000000
10.06392	.048020	.000000
10.0688	.048286	.000000
10.07369	.048314	.000000
10.07859	.048569	.000000
10.08349	.048860	.000000
10.08839	.048893	.000000
10.0933	.049172	.000000
10.09821	.049539	.000000
10.10313	.049726	.000000
10.10805	.049944	.000000
10.11298	.050240	.000000
10.11791	.050379	.000000
10.12285	.050607	.000000
10.12779	.050680	.000000
10.13274	.050768	.000000
10.13769	.050808	.000000
10.14265	.050665	.000000
10.14761	.050935	.000000
10.15258	.051454	.000000
10.15755	.051636	.000000
10.16253	.051630	.000000
10.16751	.051428	.000000
10.1725	.051447	.000000
10.17749	.051623	.000000
10.18249	.051538	.000000
10.18749	.051621	.000000
10.19249	.051667	.000000
10.1975	.051913	.000000
10.20252	.051823	.000000
10.20754	.051663	.000000
10.21257	.051753	.000000
10.2176	.052113	.000000
10.22264	.052432	.000000
10.22768	.052777	.000000
10.23272	.052967	.000000
10.23778	.052720	.000000
10.24283	.052562	.000000
10.24789	.052912	.000000
10.25296	.053499	.000000
10.25803	.053850	.000000
10.2631	.054169	.000000
10.26818	.054705	.000000
10.27326	.055147	.000000
10.27835	.055372	.000000
10.28345	.055831	.000000
10.28855	.056168	.000000
10.29366	.056256	.000000
10.29877	.056748	.000000
10.30388	.057122	.000000
10.309	.057452	.000000
10.31413	.057887	.000000
10.31926	.058509	.000000
10.3244	.058918	.000000
10.32954	.059088	.000000
10.33469	.059543	.000000
10.33984	.059923	.000000
10.345	.060097	.000000
10.35016	.060763	.000000
10.35533	.061249	.000000
10.3605	.061290	.000000
10.36568	.061347	.000000
10.37086	.061620	.000000
10.37605	.062110	.000000
10.38124	.062372	.000000
10.38644	.062519	.000000
10.39165	.063027	.000000
10.39685	.063362	.000000
10.40207	.063584	.000000
10.40729	.064045	.000000
10.41251	.064423	.000000
10.41774	.064670	.000000
10.42298	.064734	.000000
10.42822	.064909	.000000
10.43346	.065127	.000000
10.43872	.065510	.000000
10.44397	.065929	.000000
10.44923	.066127	.000000
10.4545	.066349	.000000
10.45977	.066246	.000000
10.46505	.066059	.000000
10.47033	.066365	.000000
10.47562	.066585	.000000
10.48092	.066615	.000000
10.48621	.066640	.000000
10.49151	.067161	.000000
10.49682	.067387	.000000
10.50213	.067211	.000000
10.50745	.067251	.000000
10.51278	.067559	.000000
10.51811	.067616	.000000
10.52345	.067693	.000000
10.52879	.067917	.000000
10.53414	.067967	.000000
10.53949	.068069	.000000
10.54485	.067888	.000000
10.55021	.067734	.000000
10.55558	.067858	.000000
10.56096	.068000	.000000
10.56634	.068223	.000000
10.57172	.068300	.000000
10.57711	.068267	.000000
10.58251	.068293	.000000
10.58791	.068416	.000000
10.59332	.068546	.000000
10.59873	.068532	.000000
10.60415	.068544	.000000
10.60958	.068577	.000000
10.61501	.068653	.000000
10.62044	.068748	.000000
10.62588	.068875	.000000
10.63133	.068941	.000000
10.63678	.069096	.000000
10.64224	.069117	.000000
10.64771	.069150	.000000
10.65317	.069118	.000000
10.65865	.068904	.000000
10.66413	.068810	.000000
10.66961	.068869	.000000
10.6751	.068926	.000000
10.68059	.069036	.000000
10.68609	.069687	.000000
10.6916	.069748	.000000
10.69712	.069386	.000000
10.70264	.069509	.000000
10.70816	.069953	.000000
10.71369	.069949	.000000
10.71923	.070085	.000000
10.72477	.070661	.000000
10.73032	.070898	.000000
10.73588	.070900	.000000
10.74144	.070892	.000000
10.747	.070920	.000000
10.75257	.071316	.000000
10.75815	.071619	.000000
10.76373	.071804	.000000
10.76932	.072112	.000000
10.77492	.072140	.000000
10.78052	.071679	.000000
10.78612	.071664	.000000
10.79174	.071927	.000000
10.79736	.071993	.000000
10.80298	.072272	.000000
10.80861	.072389	.000000
10.81424	.072035	.000000
10.81988	.072259	.000000
10.82553	.072429	.000000
10.83118	.072195	.000000
10.83685	.071947	.000000
10.84251	.072024	.000000
10.84818	.072114	.000000
10.85386	.071874	.000000
10.85954	.071910	.000000
10.86523	.072107	.000000
10.87092	.071881	.000000
10.87663	.071831	.000000
10.88233	.071971	.000000
10.88805	.071562	.000000
10.89376	.071310	.000000
10.89949	.071281	.000000
10.90522	.071292	.000000
10.91096	.071450	.000000
10.91669	.071349	.000000
10.92244	.070878	.000000
10.92819	.070619	.000000
10.93395	.070533	.000000
10.93972	.070476	.000000
10.94549	.070505	.000000
10.95127	.070558	.000000
10.95706	.070896	.000000
10.96285	.070922	.000000
10.96865	.070707	.000000
10.97445	.070597	.000000
10.98026	.070456	.000000
10.98608	.070369	.000000
10.9919	.070472	.000000
10.99773	.070646	.000000
11.00356	.070502	.000000
11.0094	.070327	.000000
11.01525	.070502	.000000
11.0211	.070443	.000000
11.02696	.070481	.000000
11.03283	.070621	.000000
11.0387	.070536	.000000
11.04458	.070601	.000000
11.05046	.070903	.000000
11.05635	.070929	.000000
11.06225	.070815	.000000
11.06815	.071112	.000000
11.07406	.071446	.000000
11.07998	.071646	.000000
11.0859	.071874	.000000
11.09183	.071842	.000000
11.09776	.071982	.000000
11.10371	.072101	.000000
11.10965	.071897	.000000
11.11561	.072031	.000000
11.12156	.072268	.000000
11.12752	.071936	.000000
11.1335	.071142	.000000
11.13947	.071254	.000000
11.14546	.071877	.000000
11.15145	.072396	.000000
11.15745	.072448	.000000
11.16346	.072264	.000000
11.16947	.072310	.000000
11.17549	.072182	.000000
11.18151	.072382	.000000
11.18754	.072672	.000000
11.19358	.072662	.000000
11.19963	.073026	.000000
11.20568	.073299	.000000
11.21174	.073805	.000000
11.2178	.074154	.000000
11.22387	.074099	.000000
11.22995	.074201	.000000
11.23603	.074554	.000000
11.24212	.075122	.000000
11.24822	.075106	.000000
11.25432	.075152	.000000
11.26043	.075621	.000000
11.26655	.076135	.000000
11.27267	.076498	.000000
11.2788	.076997	.000000
11.28494	.077661	.000000
11.29108	.077975	.000000
11.29723	.078055	.000000
11.30339	.078455	.000000
11.30955	.079084	.000000
11.31572	.079750	.000000
11.3219	.080168	.000000
11.32808	.080533	.000000
11.33427	.080919	.000000
11.34047	.081449	.000000
11.34667	.082054	.000000
11.35288	.082663	.000000
11.3591	.083353	.000000
11.36533	.083826	.000000
11.37156	.084255	.000000
11.37779	.084921	.000000
11.38403	.085693	.000000
11.39028	.086099	.000000
11.39654	.086544	.000000
11.4028	.086988	.000000
11.40908	.087480	.000000
11.41536	.088093	.000000
11.42164	.088318	.000000
11.42794	.088359	.000000
11.43424	.089056	.000000
11.44054	.089806	.000000
11.44686	.090424	.000000
11.45318	.090910	.000000
11.45951	.091453	.000000
11.46584	.091789	.000000
11.47218	.092488	.000000
11.47853	.093372	.000000
11.48489	.093775	.000000
11.49125	.094124	.000000
11.49762	.094606	.000000
11.504	.095182	.000000
11.51038	.095877	.000000
11.51678	.096349	.000000
11.52317	.096848	.000000
11.52958	.097499	.000000
11.53599	.098020	.000000
11.54241	.098471	.000000
11.54884	.099036	.000000
11.55527	.099577	.000000
11.56171	.100421	.000000
11.56816	.100808	.000000
11.57462	.100922	.000000
11.58108	.101232	.000000
11.58755	.101890	.000000
11.59403	.102767	.000000
11.6005	.103679	.000000
11.60699	.104370	.000000
11.61349	.104759	.000000
11.62	.105425	.000000
11.62651	.106355	.000000
11.63303	.106920	.000000
11.63956	.107523	.000000
11.6461	.108749	.000000
11.65264	.109556	.000000
11.65919	.109448	.000000
11.66575	.109646	.000000
11.67231	.110477	.000000
11.67889	.111399	.000000
11.68546	.112260	.000000
11.69205	.112687	.000000
11.69865	.113175	.000000
11.70525	.113696	.000000
11.71186	.114547	.000000
11.71848	.115237	.000000
11.7251	.115565	.000000
11.73173	.115820	.000000
11.73838	.116291	.000000
11.74502	.116711	.000000
11.75168	.117128	.000000
11.75834	.117970	.000000
11.76501	.118852	.000000
11.77168	.119364	.000000
11.77837	.119971	.000000
11.78506	.120736	.000000
11.79176	.120934	.000000
11.79847	.120582	.000000
11.80519	.120776	.000000
11.81191	.121833	.000000
11.81864	.122568	.000000
11.82538	.122998	.000000
11.83213	.123607	.000000
11.83888	.124397	.000000
11.84564	.124650	.000000
11.85241	.125021	.000000
11.85919	.125912	.000000
11.86597	.125953	.000000
11.87276	.125837	.000000
11.87955	.126818	.000000
11.88636	.127532	.000000
11.89317	.127679	.000000
11.9	.128673	.000000
11.90683	.129557	.000000
11.91367	.129823	.000000
11.92051	.130467	.000000
11.92737	.131017	.000000
11.93423	.131395	.000000
11.9411	.132079	.000000
11.94798	.133086	.000000
11.95487	.133556	.000000
11.96176	.133895	.000000
11.96867	.134427	.000000
11.97558	.134919	.000000
11.9825	.135874	.000000
11.98942	.136592	.000000
11.99636	.137250	.000000
12.0033	.138088	.000000
12.01025	.138806	.000000
12.01721	.138541	.000000
12.02418	.139130	.000000
12.03115	.140348	.000000
12.03813	.140748	.000000
12.04513	.141254	.000000
12.05212	.141599	.000000
12.05913	.142256	.000000
12.06615	.142997	.000000
12.07317	.143555	.000000
12.0802	.144622	.000000
12.08724	.145400	.000000
12.09429	.145222	.000000
12.10135	.144861	.000000
12.10841	.145626	.000000
12.11548	.146822	.000000
12.12255	.147832	.000000
12.12964	.148326	.000000
12.13674	.148254	.000000
12.14385	.148592	.000000
12.15096	.149184	.000000
12.15808	.149723	.000000
12.16521	.150325	.000000
12.17236	.149991	.000000
12.1795	.149901	.000000
12.18666	.150450	.000000
12.19382	.150905	.000000
12.201	.150993	.000000
12.20818	.150982	.000000
12.21537	.151013	.000000
12.22257	.150798	.000000
12.22977	.150565	.000000
12.23699	.150749	.000000
12.24421	.150985	.000000
12.25145	.150872	.000000
12.25869	.150563	.000000
12.26594	.150362	.000000
12.2732	.150404	.000000
12.28046	.150206	.000000
12.28774	.150112	.000000
12.29502	.150173	.000000
12.30231	.150065	.000000
12.30962	.149676	.000000
12.31692	.149190	.000000
12.32425	.148749	.000000
12.33157	.148256	.000000
12.33891	.147944	.000000
12.34625	.147434	.000000
12.35361	.146836	.000000
12.36097	.146357	.000000
12.36834	.145631	.000000
12.37572	.145040	.000000
12.38311	.144587	.000000
12.39051	.143991	.000000
12.39791	.143285	.000000
12.40533	.142874	.000000
12.41275	.142117	.000000
12.42018	.141016	.000000
12.42761	.139725	.000000
12.43506	.139017	.000000
12.44252	.138507	.000000
12.44999	.137226	.000000
12.45747	.136254	.000000
12.46496	.135465	.000000
12.47245	.133912	.000000
12.47996	.132274	.000000
12.48747	.131373	.000000
12.49499	.130368	.000000
12.50253	.128922	.000000
12.51007	.127525	.000000
12.51762	.126501	.000000
12.52517	.125360	.000000
12.53275	.123832	.000000
12.54032	.122102	.000000
12.54791	.120529	.000000
12.5555	.119201	.000000
12.56311	.118050	.000000
12.57072	.116664	.000000
12.57835	.115433	.000000
12.58598	.114143	.000000
12.59362	.112788	.000000
12.60128	.111572	.000000
12.60894	.110236	.000000
12.6166	.108994	.000000
12.62428	.107593	.000000
12.63197	.105808	.000000
12.63967	.104229	.000000
12.64738	.102758	.000000
12.6551	.100903	.000000
12.66282	.099120	.000000
12.67056	.097492	.000000
12.6783	.095797	.000000
12.68606	.093537	.000000
12.69381	.091396	.000000
12.70158	.089949	.000000
12.70936	.088160	.000000
12.71716	.085739	.000000
12.72496	.083490	.000000
12.73277	.081197	.000000
12.74059	.079110	.000000
12.74842	.077356	.000000
12.75626	.075454	.000000
12.76411	.073442	.000000
12.77197	.071011	.000000
12.77984	.068436	.000000
12.78772	.066525	.000000
12.79561	.064663	.000000
12.80351	.062605	.000000
12.81142	.060706	.000000
12.81934	.059288	.000000
12.82727	.057975	.000000
12.8352	.056660	.000000
12.84315	.055324	.000000
12.85111	.053835	.000000
12.85908	.052490	.000000
12.86706	.051482	.000000
12.87504	.050500	.000000
12.88304	.049845	.000000
12.89105	.049170	.000000
12.89906	.048721	.000000
12.90709	.048345	.000000
12.91513	.047756	.000000
12.92318	.047079	.000000
12.93123	.046839	.000000
12.9393	.046929	.000000
12.94738	.046740	.000000
12.95546	.046689	.000000
12.96356	.046560	.000000
12.97167	.046270	.000000
12.97979	.046298	.000000
12.98792	.046368	.000000
12.99605	.046052	.000000
13.0042	.045715	.000000
13.01236	.045304	.000000
13.02053	.045045	.000000
13.02869	.044643	.000000
13.03688	.044295	.000000
13.04508	.044121	.000000
13.05329	.044071	.000000
13.06151	.044099	.000000
13.06974	.043770	.000000
13.07798	.043235	.000000
13.08624	.043038	.000000
13.0945	.043207	.000000
13.10277	.043299	.000000
13.11105	.043295	.000000
13.11934	.043057	.000000
13.12765	.042824	.000000
13.13596	.042486	.000000
13.14429	.042589	.000000
13.15262	.042936	.000000
13.16097	.042917	.000000
13.16933	.042934	.000000
13.17769	.043431	.000000
13.18607	.043838	.000000
13.19446	.043392	.000000
13.20286	.043288	.000000
13.21127	.043746	.000000
13.21969	.043556	.000000
13.22812	.043187	.000000
13.23656	.043009	.000000
13.24501	.042846	.000000
13.25348	.043616	.000000
13.26195	.044612	.000000
13.27044	.044607	.000000
13.27893	.044489	.000000
13.28744	.044597	.000000
13.29596	.044768	.000000
13.30449	.045333	.000000
13.31303	.045788	.000000
13.32156	.045676	.000000
13.33012	.045505	.000000
13.3387	.045979	.000000
13.34728	.046584	.000000
13.35587	.046766	.000000
13.36448	.046986	.000000
13.3731	.046923	.000000
13.38173	.046859	.000000
13.39037	.047151	.000000
13.39902	.047498	.000000
13.40768	.047252	.000000
13.41635	.047004	.000000
13.42503	.047061	.000000
13.43373	.047077	.000000
13.44244	.046533	.000000
13.45115	.046120	.000000
13.45988	.045821	.000000
13.46862	.046081	.000000
13.47738	.046054	.000000
13.48614	.045621	.000000
13.49491	.044880	.000000
13.5037	.044552	.000000
13.5125	.044309	.000000
13.52131	.043763	.000000
13.53013	.043389	.000000
13.53896	.042811	.000000
13.5478	.042317	.000000
13.55666	.041789	.000000
13.56553	.041376	.000000
13.5744	.041017	.000000
13.58329	.040404	.000000
13.59219	.040287	.000000
13.60111	.040725	.000000
13.61003	.040582	.000000
13.61897	.039711	.000000
13.6279	.039770	.000000
13.63686	.040346	.000000
13.64583	.039970	.000000
13.65482	.039529	.000000
13.66381	.039691	.000000
13.67282	.040092	.000000
13.68184	.040441	.000000
13.69087	.040498	.000000
13.69991	.040307	.000000
13.70897	.040545	.000000
13.71804	.040529	.000000
13.72711	.040777	.000000
13.73621	.041442	.000000
13.74531	.041943	.000000
13.75443	.041800	.000000
13.76355	.042151	.000000
13.77269	.042306	.000000
13.78184	.042187	.000000
13.79101	.042477	.000000
13.80018	.042490	.000000
13.80937	.042497	.000000
13.81857	.043115	.000000
13.82779	.044022	.000000
13.83701	.044816	.000000
13.84625	.045630	.000000
13.8555	.045606	.000000
13.86476	.045575	.000000
13.87403	.045900	.000000
13.88332	.046230	.000000
13.89262	.046417	.000000
13.90193	.047404	.000000
13.91126	.048228	.000000
13.92059	.048084	.000000
13.92994	.048079	.000000
13.9393	.048925	.000000
13.94868	.049064	.000000
13.95807	.048629	.000000
13.96747	.049068	.000000
13.97688	.049530	.000000
13.9863	.049016	.000000
13.99574	.049268	.000000
14.00519	.049576	.000000
14.01464	.049414	.000000
14.02411	.048921	.000000
14.0336	.048596	.000000
14.0431	.048675	.000000
14.05262	.048417	.000000
14.06214	.048292	.000000
14.07168	.048130	.000000
14.08124	.047712	.000000
14.09081	.047285	.000000
14.10039	.046894	.000000
14.10998	.046461	.000000
14.11958	.045324	.000000
14.1292	.044264	.000000
14.13883	.043996	.000000
14.14848	.043471	.000000
14.15814	.043299	.000000
14.16781	.043156	.000000
14.17749	.042057	.000000
14.18719	.041312	.000000
14.1969	.040716	.000000
14.20663	.040004	.000000
14.21637	.039630	.000000
14.22612	.039065	.000000
14.23588	.038574	.000000
14.24566	.038099	.000000
14.25545	.038045	.000000
14.26525	.037321	.000000
14.27507	.036501	.000000
14.2849	.036572	.000000
14.29475	.036490	.000000
14.30461	.035494	.000000
14.31448	.035305	.000000
14.32437	.035140	.000000
14.33426	.034663	.000000
14.34418	.034289	.000000
14.35409	.033916	.000000
14.36403	.033779	.000000
14.37398	.033559	.000000
14.38395	.033610	.000000
14.39393	.033427	.000000
14.40393	.032790	.000000
14.41394	.032674	.000000
14.42396	.032818	.000000
14.434	.033133	.000000
14.44405	.033036	.000000
14.45412	.032887	.000000
14.4642	.032599	.000000
14.47429	.031798	.000000
14.4844	.031075	.000000
14.49452	.031018	.000000
14.50466	.031251	.000000
14.51481	.031110	.000000
14.52497	.030677	.000000
14.53515	.030732	.000000
14.54535	.031290	.000000
14.55555	.031192	.000000
14.56578	.030235	.000000
14.57601	.029681	.000000
14.58626	.029934	.000000
14.59653	.030180	.000000
14.60681	.030184	.000000
14.6171	.030182	.000000
14.62741	.029890	.000000
14.63774	.029402	.000000
14.64807	.029002	.000000
14.65843	.029167	.000000
14.66879	.029349	.000000
14.67917	.029184	.000000
14.68957	.028670	.000000
14.69998	.028619	.000000
14.71041	.028549	.000000
14.72085	.028595	.000000
14.73131	.028423	.000000
14.74178	.028375	.000000
14.75226	.028634	.000000
14.76276	.028716	.000000
14.77327	.028219	.000000
14.78379	.027803	.000000
14.79433	.027542	.000000
14.80489	.028063	.000000
14.81547	.028006	.000000
14.82606	.027577	.000000
14.83666	.027357	.000000
14.84728	.027564	.000000
14.85792	.027781	.000000
14.86857	.028164	.000000
14.87924	.028639	.000000
14.88992	.028753	.000000
14.90062	.029189	.000000
14.91133	.030053	.000000
14.92205	.030539	.000000
14.9328	.030767	.000000
14.94356	.030321	.000000
14.95433	.029866	.000000
14.96512	.029941	.000000
14.97593	.030435	.000000
14.98675	.031950	.000000
14.99759	.032528	.000000
15.00844	.031884	.000000
15.01931	.031743	.000000
15.03019	.032630	.000000
15.04109	.033212	.000000
15.05201	.033825	.000000
15.06294	.035044	.000000
15.07388	.035696	.000000
15.08485	.035499	.000000
15.09583	.035949	.000000
15.10683	.036875	.000000
15.11784	.037260	.000000
15.12886	.037526	.000000
15.13991	.037594	.000000
15.15096	.038143	.000000
15.16202	.038867	.000000
15.17311	.039272	.000000
15.18422	.039617	.000000
15.19534	.040146	.000000
15.20648	.040645	.000000
15.21764	.041624	.000000
15.22881	.042084	.000000
15.24001	.042347	.000000
15.25121	.043339	.000000
15.26243	.044603	.000000
15.27367	.045757	.000000
15.28493	.046171	.000000
15.2962	.046296	.000000
15.30749	.046351	.000000
15.3188	.047199	.000000
15.33012	.048151	.000000
15.34146	.048859	.000000
15.35281	.049790	.000000
15.36419	.050605	.000000
15.37558	.051318	.000000
15.38698	.051826	.000000
15.39841	.051803	.000000
15.40985	.052045	.000000
15.42131	.052476	.000000
15.43278	.052613	.000000
15.44427	.052624	.000000
15.45578	.053729	.000000
15.46731	.054963	.000000
15.47885	.055568	.000000
15.49041	.055585	.000000
15.50199	.055919	.000000
15.51358	.056559	.000000
15.5252	.056524	.000000
15.53683	.056337	.000000
15.54847	.056275	.000000
15.56014	.056456	.000000
15.57182	.056665	.000000
15.58352	.056300	.000000
15.59524	.056291	.000000
15.60697	.056590	.000000
15.61872	.056212	.000000
15.63049	.056385	.000000
15.64226	.056675	.000000
15.65407	.056799	.000000
15.66589	.056845	.000000
15.67773	.056425	.000000
15.68959	.056467	.000000
15.70147	.056708	.000000
15.71336	.056885	.000000
15.72528	.055864	.000000
15.73721	.055143	.000000
15.74916	.054970	.000000
15.76113	.055103	.000000
15.77311	.055433	.000000
15.78512	.055380	.000000
15.79714	.055424	.000000
15.80918	.055752	.000000
15.82124	.055319	.000000
15.83332	.055323	.000000
15.84542	.055620	.000000
15.85753	.054987	.000000
15.86966	.054655	.000000
15.88181	.055002	.000000
15.89399	.054114	.000000
15.90618	.053582	.000000
15.91838	.054002	.000000
15.93061	.054815	.000000
15.94285	.055108	.000000
15.95512	.055466	.000000
15.9674	.055900	.000000
15.97971	.055108	.000000
15.99203	.054422	.000000
16.00437	.054213	.000000
16.01673	.054028	.000000
16.0291	.054829	.000000
16.0415	.054800	.000000
16.05392	.054453	.000000
16.06633	.054360	.000000
16.07878	.053976	.000000
16.09126	.053802	.000000
16.10375	.053622	.000000
16.11626	.053250	.000000
16.1288	.052659	.000000
16.14135	.052190	.000000
16.15392	.051711	.000000
16.16651	.051623	.000000
16.17912	.051630	.000000
16.19175	.050900	.000000
16.2044	.050141	.000000
16.21707	.050442	.000000
16.22976	.050597	.000000
16.24248	.050594	.000000
16.25521	.050183	.000000
16.26795	.050240	.000000
16.28072	.050788	.000000
16.29351	.050447	.000000
16.30632	.049363	.000000
16.31915	.049253	.000000
16.33201	.049746	.000000
16.34488	.050418	.000000
16.35777	.050731	.000000
16.37068	.050176	.000000
16.38361	.049611	.000000
16.39656	.049944	.000000
16.40953	.049858	.000000
16.42253	.049367	.000000
16.43554	.049699	.000000
16.44857	.050542	.000000
16.46163	.050607	.000000
16.4747	.051142	.000000
16.4878	.051096	.000000
16.50092	.050900	.000000
16.51406	.051971	.000000
16.52722	.051621	.000000
16.5404	.050700	.000000
16.5536	.051217	.000000
16.56682	.051938	.000000
16.58006	.052967	.000000
16.59332	.052778	.000000
16.60659	.052782	.000000
16.61989	.053648	.000000
16.63322	.054185	.000000
16.64657	.053800	.000000
16.65994	.054303	.000000
16.67333	.055073	.000000
16.68675	.054624	.000000
16.70019	.054244	.000000
16.71364	.054251	.000000
16.72712	.054026	.000000
16.74062	.053899	.000000
16.75414	.053954	.000000
16.76769	.055312	.000000
16.78125	.056682	.000000
16.79485	.057258	.000000
16.80846	.057306	.000000
16.82209	.057680	.000000
16.83574	.058226	.000000
16.84942	.058555	.000000
16.86312	.059609	.000000
16.87684	.060802	.000000
16.89059	.061235	.000000
16.90435	.060371	.000000
16.91814	.060794	.000000
16.93195	.062522	.000000
16.94579	.062922	.000000
16.95964	.062399	.000000
16.97352	.062306	.000000
16.98743	.062381	.000000
17.00135	.062526	.000000
17.0153	.062686	.000000
17.02927	.063379	.000000
17.04326	.064015	.000000
17.05728	.063520	.000000
17.07131	.062548	.000000
17.08535	.063023	.000000
17.09944	.063683	.000000
17.11354	.063311	.000000
17.12768	.062838	.000000
17.14183	.062429	.000000
17.15601	.062432	.000000
17.17021	.062933	.000000
17.18444	.062262	.000000
17.19869	.060692	.000000
17.21296	.060213	.000000
17.22726	.060446	.000000
17.24158	.060417	.000000
17.25592	.060780	.000000
17.27029	.060763	.000000
17.28469	.060118	.000000
17.29911	.058887	.000000
17.31354	.058575	.000000
17.32801	.058689	.000000
17.3425	.058028	.000000
17.35701	.057328	.000000
17.37155	.056620	.000000
17.38611	.056456	.000000
17.4007	.056453	.000000
17.41531	.055735	.000000
17.42994	.054596	.000000
17.4446	.054305	.000000
17.45929	.054859	.000000
17.47399	.055321	.000000
17.48873	.054468	.000000
17.50349	.054244	.000000
17.51828	.054829	.000000
17.53308	.055088	.000000
17.54792	.054901	.000000
17.56278	.055209	.000000
17.57766	.056662	.000000
17.59257	.056963	.000000
17.60751	.055673	.000000
17.62247	.055792	.000000
17.63745	.055822	.000000
17.65246	.055783	.000000
17.6675	.057373	.000000
17.68256	.058111	.000000
17.69762	.058456	.000000
17.71273	.058245	.000000
17.72787	.058324	.000000
17.74304	.058628	.000000
17.75823	.058114	.000000
17.77345	.057696	.000000
17.78869	.057450	.000000
17.80396	.058391	.000000
17.81926	.058285	.000000
17.83458	.058777	.000000
17.84993	.059628	.000000
17.8653	.059068	.000000
17.8807	.057883	.000000
17.89613	.057021	.000000
17.91159	.057522	.000000
17.92707	.057810	.000000
17.94258	.058157	.000000
17.95811	.058911	.000000
17.97367	.060426	.000000
17.98926	.060959	.000000
18.00488	.060235	.000000
18.02053	.060081	.000000
18.0362	.060332	.000000
18.05189	.059753	.000000
18.06762	.059841	.000000
18.08337	.060752	.000000
18.09915	.061136	.000000
18.11496	.060837	.000000
18.1308	.061139	.000000
18.14666	.060778	.000000
18.16255	.060440	.000000
18.17847	.061220	.000000
18.19441	.061070	.000000
18.21039	.061020	.000000
18.22639	.062216	.000000
18.24239	.062737	.000000
18.25845	.063469	.000000
18.27454	.064705	.000000
18.29065	.064142	.000000
18.30679	.063687	.000000
18.32297	.064393	.000000
18.33917	.063715	.000000
18.3554	.062616	.000000
18.37166	.063168	.000000
18.38795	.063401	.000000
18.40426	.063142	.000000
18.42061	.064439	.000000
18.43698	.065334	.000000
18.45338	.066442	.000000
18.46982	.067115	.000000
18.48629	.067145	.000000
18.50278	.066411	.000000
18.51929	.066028	.000000
18.53585	.065639	.000000
18.55242	.065910	.000000
18.56903	.066426	.000000
18.58568	.067218	.000000
18.60235	.067464	.000000
18.61904	.068203	.000000
18.63577	.068247	.000000
18.65253	.068229	.000000
18.66932	.068654	.000000
18.68614	.068816	.000000
18.703	.067943	.000000
18.71988	.067537	.000000
18.73679	.067524	.000000
18.75373	.068423	.000000
18.7707	.068456	.000000
18.7877	.068282	.000000
18.80473	.069507	.000000
18.8218	.069817	.000000
18.8389	.068887	.000000
18.85603	.068110	.000000
18.87318	.068988	.000000
18.89037	.069896	.000000
18.90759	.069904	.000000
18.92484	.069164	.000000
18.9421	.070072	.000000
18.95941	.071094	.000000
18.97676	.071848	.000000
18.99413	.071687	.000000
19.01154	.069852	.000000
19.02898	.069755	.000000
19.04646	.071428	.000000
19.06397	.072382	.000000
19.08151	.072483	.000000
19.09908	.071998	.000000
19.11668	.072815	.000000
19.13432	.073284	.000000
19.15198	.072174	.000000
19.16969	.072030	.000000
19.18742	.073145	.000000
19.20519	.073169	.000000
19.22299	.072613	.000000
19.24082	.071868	.000000
19.25869	.071687	.000000
19.27658	.073018	.000000
19.29452	.074337	.000000
19.31249	.075128	.000000
19.33049	.074814	.000000
19.34852	.074154	.000000
19.36658	.074139	.000000
19.38468	.074748	.000000
19.40282	.074832	.000000
19.42098	.075753	.000000
19.43919	.076498	.000000
19.45742	.076432	.000000
19.4757	.076481	.000000
19.494	.075375	.000000
19.51234	.074405	.000000
19.53071	.075588	.000000
19.54912	.077230	.000000
19.56753	.077642	.000000
19.58601	.077842	.000000
19.60452	.077742	.000000
19.62307	.076892	.000000
19.64165	.076949	.000000
19.66027	.077696	.000000
19.67892	.080368	.000000
19.69762	.082990	.000000
19.71634	.083215	.000000
19.7351	.082026	.000000
19.75389	.080917	.000000
19.77272	.081089	.000000
19.79159	.082058	.000000
19.81049	.081764	.000000
19.82944	.082283	.000000
19.84841	.082755	.000000
19.86743	.082691	.000000
19.88647	.082839	.000000
19.90556	.081454	.000000
19.92468	.079767	.000000
19.94384	.079657	.000000
19.96304	.078721	.000000
19.98227	.076525	.000000
20.00154	.075373	.000000
20.02085	.075115	.000000
20.04019	.075278	.000000
20.05957	.073732	.000000
20.07899	.071259	.000000
20.09846	.069896	.000000
20.11795	.068023	.000000
20.13748	.066369	.000000
20.15705	.066536	.000000
20.17666	.065622	.000000
20.1963	.063845	.000000
20.21599	.062253	.000000
20.23568	.059545	.000000
20.25544	.057782	.000000
20.27524	.056698	.000000
20.29508	.055603	.000000
20.31495	.054556	.000000
20.33487	.052586	.000000
20.35483	.052883	.000000
20.37483	.053133	.000000
20.39486	.051893	.000000
20.41494	.051025	.000000
20.43505	.050502	.000000
20.4552	.050133	.000000
20.47539	.049647	.000000
20.49563	.048409	.000000
20.51591	.049380	.000000
20.53622	.050456	.000000
20.55657	.049888	.000000
20.57696	.048873	.000000
20.5974	.047510	.000000
20.61787	.046955	.000000
20.63839	.048218	.000000
20.65895	.049968	.000000
20.67955	.050495	.000000
20.70019	.051496	.000000
20.72087	.052380	.000000
20.74159	.052285	.000000
20.76235	.052026	.000000
20.78315	.051661	.000000
20.804	.053107	.000000
20.82489	.054749	.000000
20.84582	.055075	.000000
20.86679	.054789	.000000
20.88781	.055939	.000000
20.90886	.056161	.000000
20.92996	.054552	.000000
20.95111	.054943	.000000
20.97229	.054697	.000000
20.99352	.052580	.000000
21.01479	.052461	.000000
21.0361	.053329	.000000
21.05746	.054791	.000000
21.07886	.056243	.000000
21.10027	.056102	.000000
21.12175	.053881	.000000
21.14328	.051610	.000000
21.16486	.052089	.000000
21.18647	.053769	.000000
21.20814	.053675	.000000
21.22985	.051893	.000000
21.25161	.051790	.000000
21.2734	.053184	.000000
21.29524	.053309	.000000
21.31713	.055247	.000000
21.33906	.056429	.000000
21.36104	.056759	.000000
21.38306	.057161	.000000
21.40513	.054959	.000000
21.42724	.053268	.000000
21.4494	.055435	.000000
21.47161	.056904	.000000
21.49386	.058048	.000000
21.51615	.059026	.000000
21.53849	.057188	.000000
21.56089	.057621	.000000
21.58333	.059147	.000000
21.60581	.057364	.000000
21.62834	.057953	.000000
21.65092	.059230	.000000
21.67354	.057898	.000000
21.69621	.057970	.000000
21.71894	.059074	.000000
21.7417	.058362	.000000
21.76452	.058151	.000000
21.78738	.059483	.000000
21.81029	.059547	.000000
21.83324	.058764	.000000
21.85625	.058966	.000000
21.87927	.057775	.000000
21.90237	.056563	.000000
21.92552	.057606	.000000
21.94872	.058771	.000000
21.97197	.056275	.000000
21.99527	.054422	.000000
22.01862	.054031	.000000
22.04203	.054926	.000000
22.06548	.056181	.000000
22.08898	.057423	.000000
22.11253	.058766	.000000
22.13613	.058531	.000000
22.15978	.055251	.000000
22.18347	.054470	.000000
22.20723	.056326	.000000
22.23104	.057441	.000000
22.25489	.058034	.000000
22.27879	.058237	.000000
22.30275	.055244	.000000
22.32675	.052925	.000000
22.35081	.054110	.000000
22.37493	.056060	.000000
22.3991	.054431	.000000
22.42331	.051104	.000000
22.44758	.049645	.000000
22.4719	.050612	.000000
22.49627	.050913	.000000
22.5207	.050269	.000000
22.54518	.051329	.000000
22.56972	.052714	.000000
22.5943	.050104	.000000
22.61894	.049589	.000000
22.64363	.050627	.000000
22.66838	.047501	.000000
22.69318	.044731	.000000
22.71804	.044227	.000000
22.74296	.047353	.000000
22.76792	.046711	.000000
22.79294	.045206	.000000
22.81801	.044597	.000000
22.84314	.043710	.000000
22.86833	.046357	.000000
22.89353	.047635	.000000
22.91882	.046406	.000000
22.94418	.047470	.000000
22.96958	.048855	.000000
22.99505	.051900	.000000
23.02057	.052114	.000000
23.04615	.053121	.000000
23.07179	.054453	.000000
23.09748	.053468	.000000
23.12323	.054305	.000000
23.14904	.054211	.000000
23.17491	.055211	.000000
23.20083	.056051	.000000
23.22681	.059334	.000000
23.25286	.062928	.000000
23.27895	.060563	.000000
23.30511	.055240	.000000
23.33132	.052032	.000000
23.3576	.054270	.000000
23.38393	.058261	.000000
23.41032	.061336	.000000
23.43679	.064564	.000000
23.4633	.067123	.000000
23.48987	.064558	.000000
23.5165	.061721	.000000
23.54319	.063010	.000000
23.56995	.065811	.000000
23.59676	.065255	.000000
23.62365	.059844	.000000
23.65058	.055778	.000000
23.67758	.052834	.000000
23.70464	.052162	.000000
23.73176	.052382	.000000
23.75895	.052206	.000000
23.78619	.052003	.000000
23.81345	.053244	.000000
23.84082	.055501	.000000
23.86826	.056469	.000000
23.89576	.053855	.000000
23.92332	.052457	.000000
23.95094	.057263	.000000
23.97863	.061618	.000000
24.00639	.059635	.000000
24.03421	.059199	.000000
24.06209	.063504	.000000
24.09004	.059655	.000000
24.11805	.051216	.000000
24.14613	.052272	.000000
24.17427	.058026	.000000
24.20249	.055911	.000000
24.23076	.050568	.000000
24.2591	.055170	.000000
24.28751	.058010	.000000
24.31598	.051715	.000000
24.34452	.053811	.000000
24.37312	.061337	.000000
24.40181	.057029	.000000
24.43055	.055336	.000000
24.45936	.060439	.000000
24.48824	.062928	.000000
24.51718	.063003	.000000
24.5462	.061827	.000000
24.57528	.061180	.000000
24.60444	.065072	.000000
24.63366	.066593	.000000
24.66295	.062838	.000000
24.69231	.054983	.000000
24.72174	.055893	.000000
24.75124	.064083	.000000
24.78081	.057935	.000000
24.81047	.048508	.000000
24.84018	.047888	.000000
24.86996	.048528	.000000
24.89982	.050509	.000000
24.92975	.054750	.000000
24.95975	.051439	.000000
24.98982	.050803	.000000
