Brown University Keck/NASA Relab Spectrum CK-JFM-003/BKR1CK003
Wavelength(micron)	Reflectance	Standard Deviation
0.3	.189235	.008130
0.305	.239654	.007300
0.31	.303238	.006450
0.315	.367597	.006570
0.32	.436007	.006674
0.325	.498371	.006605
0.33	.553194	.006781
0.335	.602109	.006999
0.34	.645618	.007958
0.345	.676726	.008831
0.35	.701957	.007893
0.355	.717632	.012091
0.36	.741622	.006762
0.365	.752222	.012906
0.37	.757013	.006652
0.375	.752886	.007987
0.38	.750491	.008249
0.385	.748261	.011423
0.39	.765869	.007817
0.395	.779573	.008578
0.4	.796985	.006574
0.405	.802343	.008348
0.41	.809076	.006008
0.415	.807810	.006361
0.42	.806502	.005885
0.425	.808785	.006879
0.43	.810666	.005831
0.435	.817463	.005012
0.44	.818817	.004519
0.445	.819630	.005001
0.45	.821913	.003675
0.455	.826784	.003934
0.46	.829254	.004261
0.465	.836356	.004486
0.47	.842134	.003725
0.475	.843983	.004325
0.48	.845915	.004185
0.485	.847393	.004913
0.49	.850595	.004435
0.495	.852025	.004698
0.5	.853313	.004626
0.505	.854880	.004833
0.51	.856579	.004492
0.515	.858246	.004762
0.52	.860909	.004303
0.525	.862544	.003741
0.53	.864463	.004313
0.535	.865834	.004092
0.54	.866099	.004015
0.545	.863506	.004120
0.55	.869878	.004475
0.555	.869432	.003918
0.56	.871007	.003946
0.565	.869053	.004356
0.57	.871605	.004465
0.575	.872469	.004458
0.58	.872858	.004158
0.585	.873736	.004345
0.59	.874988	.004096
0.595	.874382	.004119
0.6	.877062	.003970
0.605	.879082	.004796
0.61	.877400	.004496
0.615	.878885	.004700
0.62	.878424	.004268
0.625	.880157	.004480
0.63	.879254	.004197
0.635	.880854	.004317
0.64	.880808	.004630
0.645	.882658	.004298
0.65	.883399	.004145
0.655	.881598	.004694
0.66	.884169	.004338
0.665	.885519	.004609
0.67	.888177	.005019
0.675	.890035	.005206
0.68	.888735	.004950
0.685	.892284	.004763
0.69	.892044	.004923
0.695	.892162	.005333
0.7	.890734	.004499
0.705	.891998	.005854
0.71	.892480	.004939
0.715	.892237	.005346
0.72	.890636	.005186
0.725	.892623	.005415
0.73	.891876	.004971
0.735	.893138	.004911
0.74	.892468	.005555
0.745	.893179	.005798
0.75	.892253	.005213
0.755	.892902	.006903
0.76	.892640	.005455
0.765	.893290	.005075
0.77	.892184	.006047
0.775	.892958	.006072
0.78	.890664	.005473
0.785	.892393	.006573
0.79	.892311	.006035
0.795	.891378	.006375
0.8	.891683	.006756
0.805	.889812	.006684
0.81	.890900	.006289
0.815	.890932	.006293
0.82	.889641	.006620
0.825	.888778	.006360
0.83	.889157	.006786
0.835	.888155	.006793
0.84	.890193	.006646
0.845	.887984	.007241
0.85	.885688	.006848
0.855	.884260	.006897
0.86	.883771	.006701
0.865	.883237	.006715
0.87	.882539	.006634
0.875	.882015	.006919
0.88	.881436	.006221
0.885	.879404	.007083
0.89	.878964	.004459
0.895	.877123	.004931
0.9	.874643	.004141
0.905	.875155	.004481
0.91	.873762	.003963
0.915	.871827	.004685
0.92	.870055	.004213
0.925	.868359	.004590
0.93	.866907	.003652
0.935	.865779	.004104
0.94	.863601	.004073
0.945	.861944	.005075
0.95	.861186	.003878
0.955	.858164	.005311
0.96	.856328	.003863
0.965	.854406	.004923
0.97	.852977	.003402
0.975	.849843	.004812
0.98	.848400	.003335
0.985	.847053	.003643
0.99	.844627	.003669
0.995	.841471	.004879
1	.840140	.003548
1.005	.836730	.004274
1.01	.835191	.003033
1.015	.832358	.003834
1.02	.831491	.002832
1.025	.828289	.003880
1.03	.826709	.003041
1.035	.824112	.003862
1.04	.821997	.003087
1.045	.820105	.003811
1.05	.817417	.003188
1.055	.815491	.003469
1.06	.813157	.003061
1.065	.810406	.003094
1.07	.808748	.003150
1.075	.806321	.003120
1.08	.804450	.002932
1.085	.802787	.003158
1.09	.800269	.003333
1.095	.798440	.003525
1.1	.796638	.003004
1.105	.794406	.003246
1.11	.793124	.003075
1.115	.791381	.003031
1.12	.789795	.002864
1.125	.787889	.003112
1.13	.785906	.002691
1.135	.783953	.002636
1.14	.783053	.002615
1.145	.781074	.002844
1.15	.779992	.002947
1.155	.778142	.002775
1.16	.777071	.002674
1.165	.775416	.002847
1.17	.774503	.002806
1.175	.772546	.003046
1.18	.772263	.002858
1.185	.770953	.002904
1.19	.770032	.002603
1.195	.768310	.003007
1.2	.767955	.002671
1.205	.766783	.002855
1.21	.766187	.002659
1.215	.765286	.002859
1.22	.764662	.002721
1.225	.763984	.002898
1.23	.763438	.002438
1.235	.763117	.002711
1.24	.762636	.002538
1.245	.762137	.002749
1.25	.761629	.002522
1.255	.761425	.002612
1.26	.761256	.002542
1.265	.761193	.002551
1.27	.761618	.002650
1.275	.760885	.002484
1.28	.761142	.002623
1.285	.761469	.002584
1.29	.761709	.002496
1.295	.761459	.002756
1.3	.762253	.002537
1.305	.762603	.002870
1.31	.763428	.002670
1.315	.763958	.002957
1.32	.763709	.003002
1.325	.764669	.002857
1.33	.765490	.002835
1.335	.766126	.002868
1.34	.766723	.002816
1.345	.767576	.002938
1.35	.768522	.002717
1.355	.770341	.004144
1.36	.770273	.003250
1.365	.771016	.003549
1.37	.771788	.003348
1.375	.771901	.003539
1.38	.773025	.003421
1.385	.774706	.003689
1.39	.776030	.003422
1.395	.776764	.003367
1.4	.778040	.003109
1.405	.779066	.003086
1.41	.780085	.002756
1.415	.781301	.002753
1.42	.782498	.002663
1.425	.784189	.002858
1.43	.785931	.002752
1.435	.787290	.002928
1.44	.789111	.002724
1.445	.790196	.002918
1.45	.791490	.002813
1.455	.792299	.003071
1.46	.794529	.003213
1.465	.795919	.003025
1.47	.797236	.002952
1.475	.798446	.002996
1.48	.800180	.003004
1.485	.800763	.002825
1.49	.802313	.002893
1.495	.803211	.003014
1.5	.804791	.003109
1.505	.806276	.002774
1.51	.806752	.002930
1.515	.808063	.003000
1.52	.809815	.003072
1.525	.811603	.002964
1.53	.812186	.002857
1.535	.813889	.002768
1.54	.814856	.002815
1.545	.816038	.002755
1.55	.817245	.002863
1.555	.818372	.003095
1.56	.819588	.002900
1.565	.820373	.002901
1.57	.821017	.003042
1.575	.821977	.002684
1.58	.822833	.002907
1.585	.823791	.002809
1.59	.825159	.002975
1.595	.825446	.002780
1.6	.826163	.003019
1.605	.827071	.003073
1.61	.827247	.003097
1.615	.828321	.002968
1.62	.828634	.002905
1.625	.829261	.003022
1.63	.829751	.002963
1.635	.830464	.003019
1.64	.830951	.002956
1.645	.832162	.003003
1.65	.833096	.002874
1.655	.833695	.003053
1.66	.834685	.002857
1.665	.834899	.002908
1.67	.835744	.002853
1.675	.837189	.003156
1.68	.837352	.003196
1.685	.838116	.003032
1.69	.838261	.002918
1.695	.839054	.003115
1.7	.839535	.002934
1.705	.838935	.003112
1.71	.839028	.003075
1.715	.839156	.002782
1.72	.839690	.003030
1.725	.840143	.002949
1.73	.840005	.002875
1.735	.839277	.002886
1.74	.839183	.003035
1.745	.839924	.003002
1.75	.840021	.003026
1.755	.840040	.003070
1.76	.840210	.002756
1.765	.840317	.002867
1.77	.840604	.003231
1.775	.841024	.003210
1.78	.840700	.003167
1.785	.841134	.002993
1.79	.841249	.002783
1.795	.841652	.003054
1.8	.841844	.003064
1.805	.841443	.003017
1.81	.841704	.002654
1.815	.842372	.003251
1.82	.841835	.002845
1.825	.841897	.002683
1.83	.841476	.002697
1.835	.841781	.003062
1.84	.841549	.003056
1.845	.841645	.003099
1.85	.841062	.002858
1.855	.841846	.002833
1.86	.841931	.002691
1.865	.840985	.002823
1.87	.840085	.002714
1.875	.839775	.002717
1.88	.838939	.002665
1.885	.838180	.002649
1.89	.838852	.002499
1.895	.838450	.002566
1.9	.837983	.002556
1.905	.837372	.002604
1.91	.836751	.002619
1.915	.836059	.002828
1.92	.836549	.002593
1.925	.835642	.003607
1.93	.835817	.002742
1.935	.836093	.002664
1.94	.836050	.002678
1.945	.835358	.002755
1.95	.836063	.002570
1.955	.836031	.002589
1.96	.835869	.002515
1.965	.835993	.002558
1.97	.835760	.002716
1.975	.836175	.002498
1.98	.836153	.002594
1.985	.836566	.002737
1.99	.836590	.002540
1.995	.836877	.002612
2	.837193	.002611
2.005	.836870	.002438
2.01	.836857	.002719
2.015	.836644	.002727
2.02	.836995	.002597
2.025	.836693	.002701
2.03	.836901	.002757
2.035	.836926	.002701
2.04	.836735	.002945
2.045	.836548	.002774
2.05	.836440	.002887
2.055	.836192	.002783
2.06	.835591	.002842
2.065	.835215	.002957
2.07	.835401	.002958
2.075	.835246	.003052
2.08	.835071	.003171
2.085	.834980	.002896
2.09	.835056	.003131
2.095	.834825	.003212
2.1	.834145	.003222
2.105	.834618	.003232
2.11	.835257	.003055
2.115	.834320	.003169
2.12	.835090	.003228
2.125	.835246	.003134
2.13	.836068	.002946
2.135	.835988	.003376
2.14	.836521	.002944
2.145	.836726	.003289
2.15	.836949	.003241
2.155	.837341	.003338
2.16	.837294	.003082
2.165	.837288	.003160
2.17	.836920	.003095
2.175	.836944	.002963
2.18	.836793	.003008
2.185	.837660	.003339
2.19	.837328	.003236
2.195	.838708	.003880
2.2	.838467	.003151
2.205	.838274	.004022
2.21	.836544	.003191
2.215	.837273	.003209
2.22	.836558	.003330
2.225	.836194	.003395
2.23	.836657	.003462
2.235	.837443	.003255
2.24	.836566	.003168
2.245	.838045	.003209
2.25	.837127	.002965
2.255	.837502	.003291
2.26	.837908	.003190
2.265	.837981	.003073
2.27	.837794	.003045
2.275	.838243	.003094
2.28	.838349	.003124
2.285	.839193	.003322
2.29	.839270	.003029
2.295	.838563	.002969
2.3	.838223	.003075
2.305	.839895	.003068
2.31	.839930	.003125
2.315	.839593	.003006
2.32	.839989	.003378
2.325	.839842	.003142
2.33	.839632	.003163
2.335	.841010	.003211
2.34	.840145	.003266
2.345	.840178	.003344
2.35	.840046	.003547
2.355	.840243	.003267
2.36	.840956	.003149
2.365	.840856	.003282
2.37	.840873	.003313
2.375	.841261	.003378
2.38	.841132	.003345
2.385	.841461	.003153
2.39	.841263	.003556
2.395	.841615	.003309
2.4	.841517	.003489
2.405	.842022	.003236
2.41	.842065	.003403
2.415	.842892	.003443
2.42	.841994	.003447
2.425	.841383	.003287
2.43	.842041	.003322
2.435	.842202	.003173
2.44	.842037	.003573
2.445	.842457	.003566
2.45	.841777	.003489
2.455	.842090	.003476
2.46	.842459	.003513
2.465	.843078	.003464
2.47	.842340	.003517
2.475	.841480	.003718
2.48	.842702	.003571
2.485	.842059	.003623
2.49	.842714	.003430
2.495	.842028	.003737
2.5	.843061	.003472
2.505	.842229	.003998
2.51	.842452	.003793
2.515	.843440	.004041
2.52011	.842677	.000000
2.52073	.842633	.000000
2.52134	.842573	.000000
2.52195	.842528	.000000
2.52257	.842554	.000000
2.52318	.842603	.000000
2.52379	.842746	.000000
2.52441	.842839	.000000
2.52502	.842722	.000000
2.52564	.842707	.000000
2.52625	.842831	.000000
2.52687	.842820	.000000
2.52749	.842652	.000000
2.5281	.842733	.000000
2.52872	.843106	.000000
2.52933	.843202	.000000
2.52995	.843001	.000000
2.53057	.843044	.000000
2.53119	.843170	.000000
2.53181	.843276	.000000
2.53242	.843244	.000000
2.53304	.843312	.000000
2.53366	.843408	.000000
2.53428	.843340	.000000
2.5349	.843248	.000000
2.53552	.843413	.000000
2.53614	.843393	.000000
2.53676	.843464	.000000
2.53738	.843617	.000000
2.538	.843598	.000000
2.53862	.843764	.000000
2.53924	.843762	.000000
2.53987	.843615	.000000
2.54049	.843702	.000000
2.54111	.843935	.000000
2.54173	.843999	.000000
2.54236	.843901	.000000
2.54298	.843790	.000000
2.5436	.843858	.000000
2.54423	.843830	.000000
2.54485	.843779	.000000
2.54548	.843849	.000000
2.5461	.843918	.000000
2.54673	.843892	.000000
2.54735	.843832	.000000
2.54798	.843894	.000000
2.54861	.843913	.000000
2.54923	.844141	.000000
2.54986	.844295	.000000
2.55049	.844322	.000000
2.55111	.844303	.000000
2.55174	.844367	.000000
2.55237	.844337	.000000
2.553	.844248	.000000
2.55363	.844420	.000000
2.55426	.844480	.000000
2.55489	.844546	.000000
2.55552	.844638	.000000
2.55615	.844627	.000000
2.55678	.844559	.000000
2.55741	.844640	.000000
2.55804	.844823	.000000
2.55867	.844902	.000000
2.5593	.844819	.000000
2.55993	.844819	.000000
2.56056	.844693	.000000
2.5612	.844376	.000000
2.56183	.844369	.000000
2.56246	.844544	.000000
2.56309	.844527	.000000
2.56373	.844738	.000000
2.56436	.844725	.000000
2.565	.844830	.000000
2.56563	.844985	.000000
2.56627	.845109	.000000
2.5669	.845241	.000000
2.56754	.845303	.000000
2.56817	.845339	.000000
2.56881	.845501	.000000
2.56945	.845211	.000000
2.57008	.845081	.000000
2.57072	.845396	.000000
2.57136	.845612	.000000
2.572	.845592	.000000
2.57263	.845516	.000000
2.57327	.844928	.000000
2.57391	.844827	.000000
2.57455	.845362	.000000
2.57519	.845548	.000000
2.57583	.845663	.000000
2.57647	.845720	.000000
2.57711	.845554	.000000
2.57775	.845733	.000000
2.57839	.845916	.000000
2.57903	.845957	.000000
2.57967	.846091	.000000
2.58032	.846072	.000000
2.58096	.845865	.000000
2.5816	.845820	.000000
2.58224	.846040	.000000
2.58289	.846149	.000000
2.58353	.845705	.000000
2.58417	.845458	.000000
2.58482	.846072	.000000
2.58546	.846334	.000000
2.58611	.846294	.000000
2.58675	.846102	.000000
2.5874	.845870	.000000
2.58804	.846080	.000000
2.58869	.846266	.000000
2.58934	.846196	.000000
2.58998	.846159	.000000
2.59063	.846262	.000000
2.59128	.846596	.000000
2.59192	.846754	.000000
2.59257	.846502	.000000
2.59322	.846560	.000000
2.59387	.846095	.000000
2.59452	.844727	.000000
2.59517	.845079	.000000
2.59582	.845505	.000000
2.59647	.845778	.000000
2.59712	.846645	.000000
2.59777	.846980	.000000
2.59842	.847080	.000000
2.59907	.847039	.000000
2.59972	.847067	.000000
2.60037	.847123	.000000
2.60103	.847159	.000000
2.60168	.847044	.000000
2.60233	.846993	.000000
2.60299	.846799	.000000
2.60364	.846743	.000000
2.60429	.846967	.000000
2.60495	.846860	.000000
2.6056	.846189	.000000
2.60626	.846505	.000000
2.60691	.847133	.000000
2.60757	.847065	.000000
2.60822	.847225	.000000
2.60888	.847472	.000000
2.60954	.847353	.000000
2.61019	.847361	.000000
2.61085	.847453	.000000
2.61151	.847572	.000000
2.61217	.847681	.000000
2.61282	.847549	.000000
2.61348	.847397	.000000
2.61414	.847414	.000000
2.6148	.847515	.000000
2.61546	.847664	.000000
2.61612	.847380	.000000
2.61678	.846698	.000000
2.61744	.846779	.000000
2.6181	.847485	.000000
2.61876	.847670	.000000
2.61942	.847613	.000000
2.62008	.847071	.000000
2.62075	.846701	.000000
2.62141	.847423	.000000
2.62207	.847847	.000000
2.62274	.847902	.000000
2.6234	.848056	.000000
2.62406	.848133	.000000
2.62473	.848088	.000000
2.62539	.847986	.000000
2.62606	.847647	.000000
2.62672	.847186	.000000
2.62739	.847517	.000000
2.62805	.848013	.000000
2.62872	.848009	.000000
2.62939	.847881	.000000
2.63005	.847457	.000000
2.63072	.846988	.000000
2.63139	.847604	.000000
2.63206	.848361	.000000
2.63272	.848523	.000000
2.63339	.848188	.000000
2.63406	.848020	.000000
2.63473	.848258	.000000
2.6354	.848435	.000000
2.63607	.848439	.000000
2.63674	.848235	.000000
2.63741	.848186	.000000
2.63808	.848312	.000000
2.63875	.848280	.000000
2.63943	.848284	.000000
2.6401	.848390	.000000
2.64077	.848459	.000000
2.64144	.848516	.000000
2.64212	.848442	.000000
2.64279	.848448	.000000
2.64346	.848414	.000000
2.64414	.848403	.000000
2.64481	.848606	.000000
2.64549	.848516	.000000
2.64616	.848376	.000000
2.64684	.848486	.000000
2.64751	.848407	.000000
2.64819	.848307	.000000
2.64886	.848427	.000000
2.64954	.848486	.000000
2.65022	.848527	.000000
2.6509	.848467	.000000
2.65157	.848346	.000000
2.65225	.848162	.000000
2.65293	.848271	.000000
2.65361	.848599	.000000
2.65429	.848565	.000000
2.65497	.848265	.000000
2.65565	.848062	.000000
2.65633	.848128	.000000
2.65701	.848158	.000000
2.65769	.848135	.000000
2.65837	.848133	.000000
2.65905	.848092	.000000
2.65973	.847949	.000000
2.66042	.847930	.000000
2.6611	.848103	.000000
2.66178	.847981	.000000
2.66247	.847915	.000000
2.66315	.847875	.000000
2.66383	.847713	.000000
2.66452	.847069	.000000
2.6652	.846370	.000000
2.66589	.846929	.000000
2.66657	.846950	.000000
2.66726	.846600	.000000
2.66795	.847449	.000000
2.66863	.848160	.000000
2.66932	.848275	.000000
2.67001	.847137	.000000
2.6707	.845831	.000000
2.67138	.846807	.000000
2.67207	.847630	.000000
2.67276	.847404	.000000
2.67345	.847001	.000000
2.67414	.846669	.000000
2.67483	.846436	.000000
2.67552	.846147	.000000
2.67621	.845350	.000000
2.6769	.844653	.000000
2.67759	.844425	.000000
2.67828	.844288	.000000
2.67897	.843717	.000000
2.67967	.843195	.000000
2.68036	.843135	.000000
2.68105	.842929	.000000
2.68175	.842601	.000000
2.68244	.842496	.000000
2.68313	.842191	.000000
2.68383	.841846	.000000
2.68452	.841578	.000000
2.68522	.841565	.000000
2.68591	.841414	.000000
2.68661	.841107	.000000
2.68731	.841113	.000000
2.688	.840900	.000000
2.6887	.840578	.000000
2.6894	.840580	.000000
2.69009	.840702	.000000
2.69079	.840615	.000000
2.69149	.840478	.000000
2.69219	.840176	.000000
2.69289	.839781	.000000
2.69359	.839268	.000000
2.69429	.839189	.000000
2.69499	.839229	.000000
2.69569	.838818	.000000
2.69639	.838752	.000000
2.69709	.838944	.000000
2.69779	.838831	.000000
2.6985	.838490	.000000
2.6992	.838245	.000000
2.6999	.837923	.000000
2.7006	.837772	.000000
2.70131	.837604	.000000
2.70201	.837393	.000000
2.70272	.837265	.000000
2.70342	.836947	.000000
2.70413	.836653	.000000
2.70483	.836408	.000000
2.70554	.836133	.000000
2.70624	.835952	.000000
2.70695	.835643	.000000
2.70766	.835396	.000000
2.70836	.834906	.000000
2.70907	.834177	.000000
2.70978	.833712	.000000
2.71049	.833043	.000000
2.71119	.832031	.000000
2.7119	.832037	.000000
2.71261	.832199	.000000
2.71332	.831824	.000000
2.71403	.831415	.000000
2.71474	.831098	.000000
2.71545	.830661	.000000
2.71617	.830198	.000000
2.71688	.829725	.000000
2.71759	.829436	.000000
2.7183	.829346	.000000
2.71901	.829395	.000000
2.71973	.828845	.000000
2.72044	.827889	.000000
2.72116	.827692	.000000
2.72187	.827944	.000000
2.72258	.828057	.000000
2.7233	.827820	.000000
2.72401	.826991	.000000
2.72473	.826930	.000000
2.72545	.827179	.000000
2.72616	.827226	.000000
2.72688	.827266	.000000
2.7276	.827145	.000000
2.72832	.826959	.000000
2.72903	.826787	.000000
2.72975	.826358	.000000
2.73047	.825798	.000000
2.73119	.825408	.000000
2.73191	.824954	.000000
2.73263	.824694	.000000
2.73335	.824208	.000000
2.73407	.823411	.000000
2.73479	.822599	.000000
2.73551	.822199	.000000
2.73623	.822028	.000000
2.73696	.821668	.000000
2.73768	.821221	.000000
2.7384	.820490	.000000
2.73913	.819591	.000000
2.73985	.818453	.000000
2.74057	.817773	.000000
2.7413	.817639	.000000
2.74202	.817170	.000000
2.74275	.816765	.000000
2.74347	.816271	.000000
2.7442	.815567	.000000
2.74493	.814998	.000000
2.74565	.814523	.000000
2.74638	.813752	.000000
2.74711	.812857	.000000
2.74783	.812256	.000000
2.74856	.811776	.000000
2.74929	.811031	.000000
2.75002	.810293	.000000
2.75075	.809631	.000000
2.75148	.808797	.000000
2.75221	.808083	.000000
2.75294	.807431	.000000
2.75367	.806543	.000000
2.7544	.805460	.000000
2.75514	.804184	.000000
2.75587	.803267	.000000
2.7566	.802869	.000000
2.75733	.802709	.000000
2.75807	.802162	.000000
2.7588	.801203	.000000
2.75954	.800299	.000000
2.76027	.799645	.000000
2.761	.798878	.000000
2.76174	.797836	.000000
2.76248	.796860	.000000
2.76321	.796235	.000000
2.76395	.795532	.000000
2.76469	.794765	.000000
2.76542	.794145	.000000
2.76616	.793371	.000000
2.7669	.792553	.000000
2.76764	.791720	.000000
2.76838	.790857	.000000
2.76911	.790279	.000000
2.76985	.789570	.000000
2.77059	.788736	.000000
2.77134	.788231	.000000
2.77208	.787564	.000000
2.77282	.786753	.000000
2.77356	.786271	.000000
2.7743	.785760	.000000
2.77504	.785214	.000000
2.77579	.784519	.000000
2.77653	.783733	.000000
2.77727	.783100	.000000
2.77802	.782627	.000000
2.77876	.782022	.000000
2.77951	.781468	.000000
2.78025	.780895	.000000
2.781	.780157	.000000
2.78174	.779509	.000000
2.78249	.779039	.000000
2.78324	.778421	.000000
2.78398	.777939	.000000
2.78473	.777470	.000000
2.78548	.776942	.000000
2.78623	.776305	.000000
2.78698	.775701	.000000
2.78773	.775275	.000000
2.78848	.774600	.000000
2.78923	.774193	.000000
2.78998	.773854	.000000
2.79073	.773430	.000000
2.79148	.772970	.000000
2.79223	.772501	.000000
2.79298	.772034	.000000
2.79373	.771559	.000000
2.79449	.771086	.000000
2.79524	.770753	.000000
2.79599	.770423	.000000
2.79675	.769982	.000000
2.7975	.769419	.000000
2.79826	.769023	.000000
2.79901	.768586	.000000
2.79977	.768173	.000000
2.80052	.767825	.000000
2.80128	.767484	.000000
2.80204	.767028	.000000
2.8028	.766549	.000000
2.80355	.766012	.000000
2.80431	.765539	.000000
2.80507	.765285	.000000
2.80583	.764989	.000000
2.80659	.764789	.000000
2.80735	.764512	.000000
2.80811	.764158	.000000
2.80887	.763655	.000000
2.80963	.763306	.000000
2.81039	.763035	.000000
2.81115	.762705	.000000
2.81192	.762426	.000000
2.81268	.762070	.000000
2.81344	.761784	.000000
2.81421	.761509	.000000
2.81497	.761055	.000000
2.81573	.760815	.000000
2.8165	.760781	.000000
2.81726	.760474	.000000
2.81803	.759896	.000000
2.8188	.759517	.000000
2.81956	.759282	.000000
2.82033	.759016	.000000
2.8211	.758726	.000000
2.82186	.758534	.000000
2.82263	.758400	.000000
2.8234	.758179	.000000
2.82417	.757902	.000000
2.82494	.757593	.000000
2.82571	.757301	.000000
2.82648	.757071	.000000
2.82725	.756800	.000000
2.82802	.756459	.000000
2.82879	.756116	.000000
2.82956	.755832	.000000
2.83034	.755575	.000000
2.83111	.755317	.000000
2.83188	.755084	.000000
2.83266	.755003	.000000
2.83343	.754786	.000000
2.8342	.754447	.000000
2.83498	.754270	.000000
2.83575	.753934	.000000
2.83653	.753527	.000000
2.83731	.753239	.000000
2.83808	.752962	.000000
2.83886	.752642	.000000
2.83964	.752451	.000000
2.84041	.752417	.000000
2.84119	.752186	.000000
2.84197	.751811	.000000
2.84275	.751513	.000000
2.84353	.751264	.000000
2.84431	.751004	.000000
2.84509	.750569	.000000
2.84587	.750260	.000000
2.84665	.749908	.000000
2.84743	.749680	.000000
2.84822	.749459	.000000
2.849	.749212	.000000
2.84978	.748943	.000000
2.85056	.748721	.000000
2.85135	.748596	.000000
2.85213	.748304	.000000
2.85292	.747865	.000000
2.8537	.747494	.000000
2.85449	.747260	.000000
2.85527	.747038	.000000
2.85606	.746627	.000000
2.85685	.746426	.000000
2.85763	.746299	.000000
2.85842	.746019	.000000
2.85921	.745678	.000000
2.86	.745233	.000000
2.86079	.744909	.000000
2.86158	.744572	.000000
2.86237	.744383	.000000
2.86316	.744268	.000000
2.86395	.743963	.000000
2.86474	.743594	.000000
2.86553	.743328	.000000
2.86632	.743064	.000000
2.86712	.742746	.000000
2.86791	.742405	.000000
2.8687	.742203	.000000
2.8695	.741973	.000000
2.87029	.741606	.000000
2.87109	.741176	.000000
2.87188	.740986	.000000
2.87268	.740865	.000000
2.87347	.740583	.000000
2.87427	.740289	.000000
2.87507	.740004	.000000
2.87586	.739665	.000000
2.87666	.739394	.000000
2.87746	.739098	.000000
2.87826	.738934	.000000
2.87906	.738680	.000000
2.87986	.738325	.000000
2.88066	.738050	.000000
2.88146	.737828	.000000
2.88226	.737523	.000000
2.88306	.737223	.000000
2.88386	.736954	.000000
2.88466	.736737	.000000
2.88547	.736643	.000000
2.88627	.736343	.000000
2.88707	.735963	.000000
2.88788	.735763	.000000
2.88868	.735548	.000000
2.88949	.735215	.000000
2.89029	.735062	.000000
2.8911	.734874	.000000
2.8919	.734510	.000000
2.89271	.734250	.000000
2.89352	.734088	.000000
2.89432	.733935	.000000
2.89513	.733609	.000000
2.89594	.733200	.000000
2.89675	.733087	.000000
2.89756	.732876	.000000
2.89837	.732486	.000000
2.89918	.732322	.000000
2.89999	.732115	.000000
2.9008	.731733	.000000
2.90161	.731478	.000000
2.90243	.731335	.000000
2.90324	.731160	.000000
2.90405	.730932	.000000
2.90487	.730659	.000000
2.90568	.730395	.000000
2.90649	.730129	.000000
2.90731	.729952	.000000
2.90812	.729888	.000000
2.90894	.729652	.000000
2.90976	.729328	.000000
2.91057	.729027	.000000
2.91139	.728765	.000000
2.91221	.728654	.000000
2.91303	.728531	.000000
2.91384	.728405	.000000
2.91466	.728160	.000000
2.91548	.727819	.000000
2.9163	.727680	.000000
2.91712	.727612	.000000
2.91794	.727474	.000000
2.91877	.727220	.000000
2.91959	.727084	.000000
2.92041	.726979	.000000
2.92123	.726734	.000000
2.92206	.726453	.000000
2.92288	.726276	.000000
2.9237	.726101	.000000
2.92453	.725910	.000000
2.92535	.725803	.000000
2.92618	.725566	.000000
2.927	.725315	.000000
2.92783	.725177	.000000
2.92866	.725136	.000000
2.92948	.724914	.000000
2.93031	.724708	.000000
2.93114	.724578	.000000
2.93197	.724544	.000000
2.9328	.724371	.000000
2.93363	.724009	.000000
2.93446	.723887	.000000
2.93529	.723851	.000000
2.93612	.723774	.000000
2.93695	.723723	.000000
2.93778	.723540	.000000
2.93862	.723350	.000000
2.93945	.723154	.000000
2.94028	.722903	.000000
2.94112	.722696	.000000
2.94195	.722617	.000000
2.94279	.722609	.000000
2.94362	.722494	.000000
2.94446	.722336	.000000
2.94529	.722266	.000000
2.94613	.722144	.000000
2.94697	.722121	.000000
2.94781	.722110	.000000
2.94864	.721940	.000000
2.94948	.721739	.000000
2.95032	.721609	.000000
2.95116	.721597	.000000
2.952	.721530	.000000
2.95284	.721396	.000000
2.95368	.721292	.000000
2.95453	.721239	.000000
2.95537	.721247	.000000
2.95621	.721209	.000000
2.95705	.721064	.000000
2.9579	.720921	.000000
2.95874	.720832	.000000
2.95958	.720883	.000000
2.96043	.720853	.000000
2.96127	.720744	.000000
2.96212	.720716	.000000
2.96297	.720610	.000000
2.96381	.720503	.000000
2.96466	.720397	.000000
2.96551	.720427	.000000
2.96636	.720341	.000000
2.96721	.720239	.000000
2.96806	.720252	.000000
2.96891	.720260	.000000
2.96976	.720271	.000000
2.97061	.720258	.000000
2.97146	.720199	.000000
2.97231	.720196	.000000
2.97316	.720248	.000000
2.97401	.720231	.000000
2.97487	.720186	.000000
2.97572	.720152	.000000
2.97658	.720109	.000000
2.97743	.720086	.000000
2.97829	.720062	.000000
2.97914	.720056	.000000
2.98	.720118	.000000
2.98085	.720252	.000000
2.98171	.720186	.000000
2.98257	.720128	.000000
2.98343	.720143	.000000
2.98429	.720092	.000000
2.98514	.720098	.000000
2.986	.720179	.000000
2.98686	.720147	.000000
2.98772	.720081	.000000
2.98859	.720147	.000000
2.98945	.720245	.000000
2.99031	.720271	.000000
2.99117	.720243	.000000
2.99203	.720175	.000000
2.9929	.720199	.000000
2.99376	.720335	.000000
2.99463	.720341	.000000
2.99549	.720326	.000000
2.99636	.720309	.000000
2.99722	.720378	.000000
2.99809	.720397	.000000
2.99896	.720437	.000000
2.99982	.720559	.000000
3.00069	.720563	.000000
3.00156	.720501	.000000
3.00243	.720659	.000000
3.0033	.720834	.000000
3.00417	.720887	.000000
3.00504	.720895	.000000
3.00591	.720938	.000000
3.00678	.720932	.000000
3.00766	.720923	.000000
3.00853	.721000	.000000
3.0094	.720964	.000000
3.01027	.720930	.000000
3.01115	.721002	.000000
3.01202	.721053	.000000
3.0129	.721126	.000000
3.01378	.721147	.000000
3.01465	.721185	.000000
3.01553	.721190	.000000
3.0164	.721155	.000000
3.01728	.721247	.000000
3.01816	.721288	.000000
3.01904	.721294	.000000
3.01992	.721334	.000000
3.0208	.721437	.000000
3.02168	.721530	.000000
3.02256	.721582	.000000
3.02344	.721677	.000000
3.02432	.721697	.000000
3.0252	.721597	.000000
3.02609	.721594	.000000
3.02697	.721692	.000000
3.02785	.721735	.000000
3.02874	.721739	.000000
3.02962	.721803	.000000
3.03051	.721916	.000000
3.0314	.721895	.000000
3.03228	.721869	.000000
3.03317	.721927	.000000
3.03406	.722023	.000000
3.03494	.722097	.000000
3.03583	.722074	.000000
3.03672	.722093	.000000
3.03761	.722180	.000000
3.0385	.722236	.000000
3.03939	.722246	.000000
3.04028	.722313	.000000
3.04117	.722370	.000000
3.04207	.722304	.000000
3.04296	.722264	.000000
3.04385	.722347	.000000
3.04475	.722404	.000000
3.04564	.722398	.000000
3.04654	.722287	.000000
3.04743	.722325	.000000
3.04833	.722485	.000000
3.04922	.722568	.000000
3.05012	.722560	.000000
3.05102	.722504	.000000
3.05191	.722500	.000000
3.05281	.722551	.000000
3.05371	.722643	.000000
3.05461	.722709	.000000
3.05551	.722743	.000000
3.05641	.722745	.000000
3.05731	.722724	.000000
3.05822	.722732	.000000
3.05912	.722754	.000000
3.06002	.722739	.000000
3.06092	.722730	.000000
3.06183	.722918	.000000
3.06273	.722954	.000000
3.06364	.723016	.000000
3.06454	.723043	.000000
3.06545	.723063	.000000
3.06635	.723033	.000000
3.06726	.723039	.000000
3.06817	.723054	.000000
3.06908	.722986	.000000
3.06999	.723171	.000000
3.0709	.723316	.000000
3.0718	.723352	.000000
3.07272	.723389	.000000
3.07363	.723380	.000000
3.07454	.723378	.000000
3.07545	.723444	.000000
3.07636	.723378	.000000
3.07727	.723438	.000000
3.07819	.723600	.000000
3.0791	.723593	.000000
3.08002	.723497	.000000
3.08093	.723610	.000000
3.08185	.723730	.000000
3.08276	.723857	.000000
3.08368	.723924	.000000
3.0846	.723857	.000000
3.08552	.723924	.000000
3.08643	.723975	.000000
3.08735	.723885	.000000
3.08827	.723894	.000000
3.08919	.724011	.000000
3.09011	.724169	.000000
3.09103	.724362	.000000
3.09196	.724343	.000000
3.09288	.724284	.000000
3.0938	.724294	.000000
3.09472	.724439	.000000
3.09565	.724550	.000000
3.09657	.724563	.000000
3.0975	.724657	.000000
3.09842	.724716	.000000
3.09935	.724761	.000000
3.10028	.725015	.000000
3.1012	.725145	.000000
3.10213	.725191	.000000
3.10306	.725268	.000000
3.10399	.725236	.000000
3.10492	.725304	.000000
3.10585	.725422	.000000
3.10678	.725609	.000000
3.10771	.725741	.000000
3.10864	.725867	.000000
3.10957	.725993	.000000
3.1105	.726050	.000000
3.11144	.726121	.000000
3.11237	.726210	.000000
3.11331	.726257	.000000
3.11424	.726357	.000000
3.11518	.726498	.000000
3.11611	.726596	.000000
3.11705	.726751	.000000
3.11799	.726756	.000000
3.11893	.726734	.000000
3.11986	.726911	.000000
3.1208	.727067	.000000
3.12174	.727177	.000000
3.12268	.727267	.000000
3.12362	.727363	.000000
3.12456	.727489	.000000
3.12551	.727644	.000000
3.12645	.727778	.000000
3.12739	.727992	.000000
3.12833	.728049	.000000
3.12928	.727992	.000000
3.13022	.728196	.000000
3.13117	.728462	.000000
3.13211	.728592	.000000
3.13306	.728614	.000000
3.13401	.728761	.000000
3.13495	.728861	.000000
3.1359	.728889	.000000
3.13685	.729134	.000000
3.1378	.729306	.000000
3.13875	.729332	.000000
3.1397	.729513	.000000
3.14065	.729728	.000000
3.1416	.729848	.000000
3.14256	.729961	.000000
3.14351	.730140	.000000
3.14446	.730261	.000000
3.14542	.730257	.000000
3.14637	.730361	.000000
3.14732	.730515	.000000
3.14828	.730696	.000000
3.14924	.730830	.000000
3.15019	.730992	.000000
3.15115	.731275	.000000
3.15211	.731484	.000000
3.15307	.731591	.000000
3.15403	.731670	.000000
3.15498	.731731	.000000
3.15595	.731972	.000000
3.15691	.732273	.000000
3.15787	.732509	.000000
3.15883	.732609	.000000
3.15979	.732637	.000000
3.16075	.732848	.000000
3.16172	.732986	.000000
3.16268	.733116	.000000
3.16365	.733298	.000000
3.16461	.733440	.000000
3.16558	.733511	.000000
3.16655	.733724	.000000
3.16751	.733975	.000000
3.16848	.734124	.000000
3.16945	.734182	.000000
3.17042	.734276	.000000
3.17139	.734476	.000000
3.17236	.734664	.000000
3.17333	.734945	.000000
3.1743	.735115	.000000
3.17527	.735228	.000000
3.17624	.735397	.000000
3.17722	.735563	.000000
3.17819	.735767	.000000
3.17917	.736012	.000000
3.18014	.736142	.000000
3.18112	.736309	.000000
3.18209	.736509	.000000
3.18307	.736667	.000000
3.18405	.736829	.000000
3.18503	.737057	.000000
3.186	.737244	.000000
3.18698	.737349	.000000
3.18796	.737525	.000000
3.18894	.737715	.000000
3.18992	.737900	.000000
3.19091	.738101	.000000
3.19189	.738288	.000000
3.19287	.738512	.000000
3.19385	.738616	.000000
3.19484	.738757	.000000
3.19582	.738987	.000000
3.19681	.739215	.000000
3.19779	.739413	.000000
3.19878	.739652	.000000
3.19977	.739891	.000000
3.20076	.740093	.000000
3.20174	.740232	.000000
3.20273	.740343	.000000
3.20372	.740524	.000000
3.20471	.740762	.000000
3.2057	.740950	.000000
3.20669	.741146	.000000
3.20769	.741336	.000000
3.20868	.741457	.000000
3.20967	.741613	.000000
3.21067	.741828	.000000
3.21166	.742111	.000000
3.21265	.742390	.000000
3.21365	.742625	.000000
3.21465	.742840	.000000
3.21564	.742993	.000000
3.21664	.743051	.000000
3.21764	.743170	.000000
3.21864	.743354	.000000
3.21964	.743569	.000000
3.22064	.743782	.000000
3.22164	.744050	.000000
3.22264	.744323	.000000
3.22364	.744500	.000000
3.22464	.744675	.000000
3.22565	.744824	.000000
3.22665	.745007	.000000
3.22766	.745278	.000000
3.22866	.745474	.000000
3.22967	.745619	.000000
3.23067	.745794	.000000
3.23168	.746000	.000000
3.23269	.746252	.000000
3.23369	.746495	.000000
3.2347	.746695	.000000
3.23571	.746827	.000000
3.23672	.747034	.000000
3.23773	.747255	.000000
3.23874	.747439	.000000
3.23976	.747671	.000000
3.24077	.747918	.000000
3.24178	.748086	.000000
3.24279	.748167	.000000
3.24381	.748440	.000000
3.24482	.748666	.000000
3.24584	.748758	.000000
3.24686	.748996	.000000
3.24787	.749203	.000000
3.24889	.749295	.000000
3.24991	.749461	.000000
3.25093	.749746	.000000
3.25195	.749960	.000000
3.25297	.750136	.000000
3.25399	.750384	.000000
3.25501	.750558	.000000
3.25603	.750663	.000000
3.25705	.750846	.000000
3.25808	.751138	.000000
3.2591	.751436	.000000
3.26013	.751607	.000000
3.26115	.751762	.000000
3.26218	.751924	.000000
3.2632	.752150	.000000
3.26423	.752434	.000000
3.26526	.752593	.000000
3.26629	.752766	.000000
3.26732	.753041	.000000
3.26835	.753275	.000000
3.26938	.753388	.000000
3.27041	.753486	.000000
3.27144	.753736	.000000
3.27247	.754047	.000000
3.27351	.754247	.000000
3.27454	.754343	.000000
3.27557	.754592	.000000
3.27661	.754835	.000000
3.27764	.755031	.000000
3.27868	.755255	.000000
3.27972	.755494	.000000
3.28076	.755658	.000000
3.28179	.755903	.000000
3.28283	.756097	.000000
3.28387	.756231	.000000
3.28491	.756427	.000000
3.28595	.756685	.000000
3.28699	.756970	.000000
3.28804	.757083	.000000
3.28908	.757120	.000000
3.29012	.757397	.000000
3.29117	.757616	.000000
3.29221	.757761	.000000
3.29326	.758125	.000000
3.2943	.758353	.000000
3.29535	.758456	.000000
3.2964	.758615	.000000
3.29745	.758873	.000000
3.2985	.759133	.000000
3.29955	.759359	.000000
3.3006	.759540	.000000
3.30165	.759653	.000000
3.3027	.759830	.000000
3.30375	.760135	.000000
3.3048	.760356	.000000
3.30586	.760510	.000000
3.30691	.760721	.000000
3.30797	.760934	.000000
3.30902	.761160	.000000
3.31008	.761347	.000000
3.31113	.761511	.000000
3.31219	.761801	.000000
3.31325	.761991	.000000
3.31431	.762195	.000000
3.31537	.762417	.000000
3.31643	.762609	.000000
3.31749	.762833	.000000
3.31855	.762997	.000000
3.31962	.763048	.000000
3.32068	.763197	.000000
3.32174	.763436	.000000
3.32281	.763630	.000000
3.32387	.763804	.000000
3.32494	.764077	.000000
3.326	.764331	.000000
3.32707	.764569	.000000
3.32814	.764748	.000000
3.32921	.764917	.000000
3.33028	.765021	.000000
3.33135	.765198	.000000
3.33242	.765339	.000000
3.33349	.765469	.000000
3.33456	.765714	.000000
3.33563	.765905	.000000
3.33671	.766001	.000000
3.33778	.766116	.000000
3.33885	.766319	.000000
3.33993	.766551	.000000
3.34101	.766641	.000000
3.34208	.766741	.000000
3.34316	.766864	.000000
3.34424	.767060	.000000
3.34532	.767201	.000000
3.3464	.767291	.000000
3.34748	.767308	.000000
3.34856	.767397	.000000
3.34964	.767589	.000000
3.35072	.767710	.000000
3.35181	.767853	.000000
3.35289	.767979	.000000
3.35397	.768053	.000000
3.35506	.768173	.000000
3.35614	.768258	.000000
3.35723	.768384	.000000
3.35832	.768460	.000000
3.35941	.768550	.000000
3.36049	.768708	.000000
3.36158	.768723	.000000
3.36268	.768676	.000000
3.36377	.768676	.000000
3.36486	.768669	.000000
3.36595	.768740	.000000
3.36704	.768708	.000000
3.36814	.768678	.000000
3.36923	.768780	.000000
3.37033	.768801	.000000
3.37142	.768812	.000000
3.37252	.768970	.000000
3.37361	.769078	.000000
3.37471	.769155	.000000
3.37581	.769311	.000000
3.37691	.769558	.000000
3.37801	.769818	.000000
3.37911	.770084	.000000
3.38021	.770438	.000000
3.38132	.770711	.000000
3.38242	.770898	.000000
3.38352	.771163	.000000
3.38463	.771446	.000000
3.38573	.771685	.000000
3.38684	.771847	.000000
3.38794	.772019	.000000
3.38905	.772190	.000000
3.39016	.772377	.000000
3.39127	.772505	.000000
3.39238	.772693	.000000
3.39349	.772780	.000000
3.3946	.772797	.000000
3.39571	.772820	.000000
3.39682	.772869	.000000
3.39793	.772899	.000000
3.39905	.772886	.000000
3.40016	.772788	.000000
3.40128	.772729	.000000
3.40239	.772814	.000000
3.40351	.772869	.000000
3.40463	.772823	.000000
3.40575	.772812	.000000
3.40687	.772850	.000000
3.40799	.772797	.000000
3.40911	.772801	.000000
3.41023	.772942	.000000
3.41135	.773019	.000000
3.41247	.773031	.000000
3.41359	.773204	.000000
3.41472	.773379	.000000
3.41584	.773526	.000000
3.41697	.773696	.000000
3.4181	.773892	.000000
3.41922	.774139	.000000
3.42035	.774504	.000000
3.42148	.774877	.000000
3.42261	.775256	.000000
3.42374	.775629	.000000
3.42487	.776000	.000000
3.426	.776394	.000000
3.42713	.776735	.000000
3.42827	.777078	.000000
3.4294	.777364	.000000
3.43053	.777700	.000000
3.43167	.778050	.000000
3.43281	.778361	.000000
3.43394	.778740	.000000
3.43508	.779119	.000000
3.43622	.779403	.000000
3.43736	.779674	.000000
3.4385	.779904	.000000
3.43964	.780185	.000000
3.44078	.780439	.000000
3.44192	.780626	.000000
3.44306	.780888	.000000
3.44421	.781289	.000000
3.44535	.781521	.000000
3.4465	.781721	.000000
3.44764	.782035	.000000
3.44879	.782324	.000000
3.44994	.782450	.000000
3.45108	.782631	.000000
3.45223	.782885	.000000
3.45338	.783175	.000000
3.45453	.783460	.000000
3.45569	.783675	.000000
3.45684	.783831	.000000
3.45799	.783997	.000000
3.45914	.784195	.000000
3.4603	.784351	.000000
3.46145	.784472	.000000
3.46261	.784666	.000000
3.46377	.784803	.000000
3.46492	.784986	.000000
3.46608	.785125	.000000
3.46724	.785180	.000000
3.4684	.785265	.000000
3.46956	.785329	.000000
3.47072	.785434	.000000
3.47188	.785644	.000000
3.47305	.785817	.000000
3.47421	.785907	.000000
3.47537	.786109	.000000
3.47654	.786369	.000000
3.47771	.786537	.000000
3.47887	.786652	.000000
3.48004	.786829	.000000
3.48121	.787000	.000000
3.48238	.787098	.000000
3.48355	.787270	.000000
3.48472	.787490	.000000
3.48589	.787558	.000000
3.48706	.787667	.000000
3.48823	.787769	.000000
3.48941	.787856	.000000
3.49058	.787888	.000000
3.49176	.787927	.000000
3.49293	.787989	.000000
3.49411	.788012	.000000
3.49529	.787978	.000000
3.49647	.787965	.000000
3.49765	.788018	.000000
3.49883	.788112	.000000
3.50001	.788304	.000000
3.50119	.788434	.000000
3.50237	.788615	.000000
3.50356	.788971	.000000
3.50474	.789212	.000000
3.50592	.789446	.000000
3.50711	.789787	.000000
3.5083	.790218	.000000
3.50948	.790674	.000000
3.51067	.791008	.000000
3.51186	.791281	.000000
3.51305	.791556	.000000
3.51424	.791882	.000000
3.51543	.792302	.000000
3.51662	.792713	.000000
3.51782	.793082	.000000
3.51901	.793348	.000000
3.52021	.793606	.000000
3.5214	.793840	.000000
3.5226	.794032	.000000
3.5238	.794330	.000000
3.52499	.794656	.000000
3.52619	.794918	.000000
3.52739	.795140	.000000
3.52859	.795279	.000000
3.52979	.795470	.000000
3.531	.795724	.000000
3.5322	.795928	.000000
3.5334	.796235	.000000
3.53461	.796549	.000000
3.53581	.796642	.000000
3.53702	.796708	.000000
3.53822	.796932	.000000
3.53943	.797150	.000000
3.54064	.797350	.000000
3.54185	.797544	.000000
3.54306	.797684	.000000
3.54427	.797870	.000000
3.54548	.798034	.000000
3.5467	.798170	.000000
3.54791	.798358	.000000
3.54912	.798545	.000000
3.55034	.798788	.000000
3.55155	.799016	.000000
3.55277	.799097	.000000
3.55399	.799234	.000000
3.55521	.799381	.000000
3.55643	.799543	.000000
3.55765	.799734	.000000
3.55887	.799875	.000000
3.56009	.800014	.000000
3.56131	.800186	.000000
3.56253	.800273	.000000
3.56376	.800378	.000000
3.56498	.800529	.000000
3.56621	.800629	.000000
3.56744	.800808	.000000
3.56866	.800960	.000000
3.56989	.801073	.000000
3.57112	.801260	.000000
3.57235	.801441	.000000
3.57359	.801518	.000000
3.57482	.801571	.000000
3.57605	.801731	.000000
3.57728	.801884	.000000
3.57852	.801968	.000000
3.57975	.802098	.000000
3.58099	.802270	.000000
3.58223	.802381	.000000
3.58346	.802409	.000000
3.5847	.802539	.000000
3.58594	.802692	.000000
3.58718	.802803	.000000
3.58842	.802888	.000000
3.58967	.803018	.000000
3.59091	.803101	.000000
3.59215	.803182	.000000
3.5934	.803325	.000000
3.59464	.803427	.000000
3.59589	.803436	.000000
3.59714	.803583	.000000
3.59839	.803749	.000000
3.59964	.803773	.000000
3.60089	.803813	.000000
3.60214	.803924	.000000
3.60339	.804041	.000000
3.60464	.804099	.000000
3.60589	.804220	.000000
3.60715	.804382	.000000
3.6084	.804480	.000000
3.60966	.804510	.000000
3.61092	.804495	.000000
3.61217	.804614	.000000
3.61343	.804672	.000000
3.61469	.804627	.000000
3.61595	.804783	.000000
3.61721	.805019	.000000
3.61848	.805141	.000000
3.61974	.805258	.000000
3.621	.805239	.000000
3.62227	.805266	.000000
3.62353	.805317	.000000
3.6248	.805377	.000000
3.62607	.805439	.000000
3.62734	.805492	.000000
3.62861	.805629	.000000
3.62988	.805759	.000000
3.63115	.805752	.000000
3.63242	.805784	.000000
3.63369	.805889	.000000
3.63497	.806004	.000000
3.63624	.806104	.000000
3.63752	.806097	.000000
3.63879	.806106	.000000
3.64007	.806159	.000000
3.64135	.806144	.000000
3.64263	.806219	.000000
3.64391	.806345	.000000
3.64519	.806417	.000000
3.64647	.806496	.000000
3.64775	.806590	.000000
3.64904	.806675	.000000
3.65032	.806760	.000000
3.65161	.806811	.000000
3.65289	.806809	.000000
3.65418	.806811	.000000
3.65547	.806865	.000000
3.65676	.806852	.000000
3.65805	.806933	.000000
3.65934	.807054	.000000
3.66063	.807082	.000000
3.66192	.807063	.000000
3.66322	.807122	.000000
3.66451	.807199	.000000
3.66581	.807235	.000000
3.6671	.807235	.000000
3.6684	.807250	.000000
3.6697	.807316	.000000
3.671	.807399	.000000
3.6723	.807433	.000000
3.6736	.807408	.000000
3.6749	.807448	.000000
3.6762	.807546	.000000
3.67751	.807634	.000000
3.67881	.807647	.000000
3.68012	.807685	.000000
3.68142	.807655	.000000
3.68273	.807608	.000000
3.68404	.807691	.000000
3.68535	.807702	.000000
3.68666	.807734	.000000
3.68797	.807834	.000000
3.68928	.807868	.000000
3.6906	.807875	.000000
3.69191	.807934	.000000
3.69322	.808007	.000000
3.69454	.808043	.000000
3.69586	.808056	.000000
3.69718	.807990	.000000
3.69849	.807951	.000000
3.69981	.807964	.000000
3.70113	.808064	.000000
3.70246	.808152	.000000
3.70378	.808184	.000000
3.7051	.808179	.000000
3.70643	.808158	.000000
3.70775	.808171	.000000
3.70908	.808190	.000000
3.7104	.808199	.000000
3.71173	.808139	.000000
3.71306	.808145	.000000
3.71439	.808179	.000000
3.71572	.808154	.000000
3.71705	.808130	.000000
3.71839	.808181	.000000
3.71972	.808147	.000000
3.72106	.808141	.000000
3.72239	.808145	.000000
3.72373	.808043	.000000
3.72507	.807990	.000000
3.7264	.807981	.000000
3.72774	.807945	.000000
3.72908	.807872	.000000
3.73043	.807794	.000000
3.73177	.807796	.000000
3.73311	.807845	.000000
3.73446	.807809	.000000
3.7358	.807711	.000000
3.73715	.807659	.000000
3.73849	.807655	.000000
3.73984	.807715	.000000
3.74119	.807747	.000000
3.74254	.807706	.000000
3.74389	.807632	.000000
3.74525	.807578	.000000
3.7466	.807532	.000000
3.74795	.807440	.000000
3.74931	.807374	.000000
3.75067	.807370	.000000
3.75202	.807355	.000000
3.75338	.807267	.000000
3.75474	.807120	.000000
3.7561	.806992	.000000
3.75746	.806873	.000000
3.75882	.806867	.000000
3.76019	.806856	.000000
3.76155	.806837	.000000
3.76291	.806771	.000000
3.76428	.806696	.000000
3.76565	.806641	.000000
3.76702	.806562	.000000
3.76838	.806447	.000000
3.76975	.806328	.000000
3.77113	.806240	.000000
3.7725	.806155	.000000
3.77387	.806006	.000000
3.77524	.805918	.000000
3.77662	.805876	.000000
3.77799	.805822	.000000
3.77937	.805695	.000000
3.78075	.805516	.000000
3.78213	.805426	.000000
3.78351	.805454	.000000
3.78489	.805426	.000000
3.78627	.805307	.000000
3.78765	.805173	.000000
3.78904	.805066	.000000
3.79042	.804887	.000000
3.79181	.804717	.000000
3.7932	.804633	.000000
3.79458	.804576	.000000
3.79597	.804386	.000000
3.79736	.804273	.000000
3.79875	.804267	.000000
3.80015	.804162	.000000
3.80154	.804018	.000000
3.80293	.803862	.000000
3.80433	.803698	.000000
3.80573	.803572	.000000
3.80712	.803453	.000000
3.80852	.803261	.000000
3.80992	.803163	.000000
3.81132	.803033	.000000
3.81272	.802882	.000000
3.81413	.802801	.000000
3.81553	.802635	.000000
3.81693	.802539	.000000
3.81834	.802460	.000000
3.81974	.802296	.000000
3.82115	.802174	.000000
3.82256	.801989	.000000
3.82397	.801757	.000000
3.82538	.801586	.000000
3.82679	.801482	.000000
3.82821	.801386	.000000
3.82962	.801307	.000000
3.83103	.801190	.000000
3.83245	.801032	.000000
3.83387	.800864	.000000
3.83528	.800653	.000000
3.8367	.800510	.000000
3.83812	.800363	.000000
3.83955	.800193	.000000
3.84097	.800035	.000000
3.84239	.799856	.000000
3.84381	.799730	.000000
3.84524	.799630	.000000
3.84667	.799464	.000000
3.84809	.799310	.000000
3.84952	.799227	.000000
3.85095	.799097	.000000
3.85238	.798880	.000000
3.85381	.798694	.000000
3.85525	.798554	.000000
3.85668	.798398	.000000
3.85812	.798339	.000000
3.85955	.798196	.000000
3.86099	.797968	.000000
3.86243	.797787	.000000
3.86387	.797550	.000000
3.86531	.797343	.000000
3.86675	.797158	.000000
3.86819	.797022	.000000
3.86963	.796875	.000000
3.87108	.796700	.000000
3.87252	.796621	.000000
3.87397	.796491	.000000
3.87542	.796223	.000000
3.87687	.795997	.000000
3.87832	.795833	.000000
3.87977	.795696	.000000
3.88122	.795530	.000000
3.88268	.795398	.000000
3.88413	.795238	.000000
3.88558	.795065	.000000
3.88704	.794816	.000000
3.8885	.794663	.000000
3.88996	.794496	.000000
3.89142	.794324	.000000
3.89288	.794213	.000000
3.89434	.794049	.000000
3.8958	.793825	.000000
3.89727	.793629	.000000
3.89873	.793469	.000000
3.9002	.793341	.000000
3.90167	.793182	.000000
3.90313	.792977	.000000
3.9046	.792730	.000000
3.90607	.792602	.000000
3.90755	.792485	.000000
3.90902	.792210	.000000
3.91049	.791939	.000000
3.91197	.791797	.000000
3.91345	.791705	.000000
3.91492	.791541	.000000
3.9164	.791326	.000000
3.91788	.791144	.000000
3.91936	.790970	.000000
3.92084	.790759	.000000
3.92233	.790576	.000000
3.92381	.790420	.000000
3.9253	.790226	.000000
3.92678	.790077	.000000
3.92827	.789955	.000000
3.92976	.789772	.000000
3.93125	.789551	.000000
3.93274	.789301	.000000
3.93423	.789080	.000000
3.93573	.788924	.000000
3.93722	.788732	.000000
3.93871	.788566	.000000
3.94021	.788387	.000000
3.94171	.788155	.000000
3.94321	.787954	.000000
3.94471	.787720	.000000
3.94621	.787481	.000000
3.94771	.787268	.000000
3.94922	.787045	.000000
3.95072	.786863	.000000
3.95223	.786676	.000000
3.95373	.786488	.000000
3.95524	.786301	.000000
3.95675	.786132	.000000
3.95826	.785947	.000000
3.95977	.785674	.000000
3.96128	.785406	.000000
3.9628	.785265	.000000
3.96431	.785101	.000000
3.96583	.784916	.000000
3.96735	.784707	.000000
3.96887	.784481	.000000
3.97039	.784289	.000000
3.97191	.784074	.000000
3.97343	.783897	.000000
3.97495	.783742	.000000
3.97648	.783524	.000000
3.978	.783317	.000000
3.97953	.783049	.000000
3.98105	.782825	.000000
3.98258	.782731	.000000
3.98411	.782559	.000000
3.98565	.782337	.000000
3.98718	.782201	.000000
3.98871	.782071	.000000
3.99025	.781819	.000000
3.99178	.781572	.000000
3.99332	.781438	.000000
3.99486	.781208	.000000
3.9964	.780963	.000000
3.99794	.780867	.000000
3.99948	.780824	.000000
4.00102	.780677	.000000
4.00257	.780417	.000000
4.00411	.780176	.000000
4.00566	.779938	.000000
4.00721	.779761	.000000
4.00876	.779639	.000000
4.01031	.779469	.000000
4.01186	.779254	.000000
4.01341	.779036	.000000
4.01497	.778836	.000000
4.01652	.778606	.000000
4.01808	.778480	.000000
4.01964	.778333	.000000
4.02119	.778035	.000000
4.02275	.777800	.000000
4.02432	.777579	.000000
4.02588	.777334	.000000
4.02744	.777133	.000000
4.02901	.776954	.000000
4.03057	.776675	.000000
4.03214	.776413	.000000
4.03371	.776181	.000000
4.03528	.776015	.000000
4.03685	.775859	.000000
4.03842	.775516	.000000
4.03999	.775233	.000000
4.04157	.775077	.000000
4.04314	.774866	.000000
4.04472	.774617	.000000
4.0463	.774380	.000000
4.04788	.774139	.000000
4.04946	.773879	.000000
4.05104	.773641	.000000
4.05262	.773413	.000000
4.05421	.773151	.000000
4.05579	.772974	.000000
4.05738	.772793	.000000
4.05897	.772565	.000000
4.06056	.772322	.000000
4.06215	.772045	.000000
4.06374	.771749	.000000
4.06533	.771567	.000000
4.06693	.771329	.000000
4.06852	.771096	.000000
4.07012	.770836	.000000
4.07172	.770538	.000000
4.07332	.770323	.000000
4.07492	.770076	.000000
4.07652	.769739	.000000
4.07812	.769443	.000000
4.07973	.769225	.000000
4.08133	.769004	.000000
4.08294	.768714	.000000
4.08455	.768522	.000000
4.08616	.768307	.000000
4.08777	.768085	.000000
4.08938	.767804	.000000
4.091	.767474	.000000
4.09261	.767156	.000000
4.09423	.766935	.000000
4.09584	.766715	.000000
4.09746	.766468	.000000
4.09908	.766185	.000000
4.1007	.765933	.000000
4.10233	.765654	.000000
4.10395	.765356	.000000
4.10557	.765081	.000000
4.1072	.764846	.000000
4.10883	.764610	.000000
4.11046	.764292	.000000
4.11209	.763934	.000000
4.11372	.763666	.000000
4.11535	.763412	.000000
4.11698	.763103	.000000
4.11862	.762813	.000000
4.12026	.762594	.000000
4.12189	.762287	.000000
4.12353	.761946	.000000
4.12517	.761616	.000000
4.12681	.761298	.000000
4.12846	.760917	.000000
4.1301	.760576	.000000
4.13175	.760278	.000000
4.13339	.759900	.000000
4.13504	.759515	.000000
4.13669	.759240	.000000
4.13834	.758950	.000000
4.14	.758645	.000000
4.14165	.758285	.000000
4.1433	.757880	.000000
4.14496	.757475	.000000
4.14662	.757060	.000000
4.14828	.756634	.000000
4.14994	.756231	.000000
4.1516	.755860	.000000
4.15326	.755485	.000000
4.15493	.755087	.000000
4.15659	.754677	.000000
4.15826	.754136	.000000
4.15993	.753620	.000000
4.1616	.753147	.000000
4.16327	.752683	.000000
4.16494	.752180	.000000
4.16661	.751662	.000000
4.16829	.751140	.000000
4.16996	.750586	.000000
4.17164	.750072	.000000
4.17332	.749599	.000000
4.175	.749041	.000000
4.17668	.748519	.000000
4.17836	.747973	.000000
4.18005	.747294	.000000
4.18173	.746723	.000000
4.18342	.746247	.000000
4.18511	.745708	.000000
4.1868	.745099	.000000
4.18849	.744425	.000000
4.19018	.743848	.000000
4.19188	.743211	.000000
4.19357	.742514	.000000
4.19527	.741845	.000000
4.19697	.741210	.000000
4.19867	.740558	.000000
4.20037	.739940	.000000
4.20207	.739320	.000000
4.20377	.738621	.000000
4.20548	.737873	.000000
4.20718	.737231	.000000
4.20889	.736532	.000000
4.2106	.735778	.000000
4.21231	.735056	.000000
4.21402	.734363	.000000
4.21573	.733519	.000000
4.21745	.732729	.000000
4.21917	.732047	.000000
4.22088	.731252	.000000
4.2226	.730372	.000000
4.22432	.729564	.000000
4.22604	.728769	.000000
4.22777	.727953	.000000
4.22949	.727099	.000000
4.23122	.726229	.000000
4.23294	.725324	.000000
4.23467	.724518	.000000
4.2364	.723710	.000000
4.23814	.722792	.000000
4.23987	.721754	.000000
4.2416	.720785	.000000
4.24334	.719851	.000000
4.24508	.718869	.000000
4.24681	.717921	.000000
4.24855	.716951	.000000
4.25029	.715907	.000000
4.25204	.714886	.000000
4.25378	.713914	.000000
4.25553	.712924	.000000
4.25727	.711899	.000000
4.25902	.710940	.000000
4.26077	.709966	.000000
4.26252	.708937	.000000
4.26428	.707892	.000000
4.26603	.706842	.000000
4.26779	.705685	.000000
4.26954	.704585	.000000
4.2713	.703573	.000000
4.27306	.702461	.000000
4.27482	.701342	.000000
4.27659	.700349	.000000
4.27835	.699251	.000000
4.28012	.698197	.000000
4.28188	.697123	.000000
4.28365	.696042	.000000
4.28542	.694834	.000000
4.2872	.693636	.000000
4.28897	.692579	.000000
4.29074	.691574	.000000
4.29252	.690500	.000000
4.2943	.689317	.000000
4.29608	.688190	.000000
4.29786	.687030	.000000
4.29964	.685848	.000000
4.30142	.684708	.000000
4.30321	.683555	.000000
4.30499	.682398	.000000
4.30678	.681241	.000000
4.30857	.680128	.000000
4.31036	.678954	.000000
4.31216	.677861	.000000
4.31395	.676829	.000000
4.31575	.675709	.000000
4.31754	.674449	.000000
4.31934	.673254	.000000
4.32114	.672141	.000000
4.32294	.671029	.000000
4.32474	.669963	.000000
4.32655	.668872	.000000
4.32835	.667762	.000000
4.33016	.666631	.000000
4.33197	.665497	.000000
4.33378	.664383	.000000
4.33559	.663270	.000000
4.33741	.662209	.000000
4.33922	.661133	.000000
4.34104	.660052	.000000
4.34286	.658893	.000000
4.34468	.657777	.000000
4.3465	.656739	.000000
4.34832	.655605	.000000
4.35014	.654382	.000000
4.35197	.653329	.000000
4.3538	.652274	.000000
4.35563	.651137	.000000
4.35746	.650009	.000000
4.35929	.648952	.000000
4.36112	.647885	.000000
4.36296	.646847	.000000
4.36479	.645788	.000000
4.36663	.644705	.000000
4.36847	.643610	.000000
4.37031	.642493	.000000
4.37215	.641385	.000000
4.374	.640337	.000000
4.37584	.639286	.000000
4.37769	.638253	.000000
4.37954	.637219	.000000
4.38139	.636167	.000000
4.38324	.635044	.000000
4.3851	.633965	.000000
4.38695	.632868	.000000
4.38881	.631730	.000000
4.39067	.630586	.000000
4.39253	.629578	.000000
4.39439	.628580	.000000
4.39625	.627560	.000000
4.39812	.626456	.000000
4.39998	.625382	.000000
4.40185	.624306	.000000
4.40372	.623225	.000000
4.40559	.622136	.000000
4.40746	.621073	.000000
4.40934	.619990	.000000
4.41121	.618906	.000000
4.41309	.617817	.000000
4.41497	.616724	.000000
4.41685	.615645	.000000
4.41873	.614638	.000000
4.42062	.613564	.000000
4.4225	.612432	.000000
4.42439	.611330	.000000
4.42628	.610250	.000000
4.42817	.609148	.000000
4.43006	.608087	.000000
4.43195	.606996	.000000
4.43385	.605837	.000000
4.43574	.604654	.000000
4.43764	.603561	.000000
4.43954	.602493	.000000
4.44144	.601372	.000000
4.44334	.600228	.000000
4.44525	.599077	.000000
4.44716	.597942	.000000
4.44906	.596842	.000000
4.45097	.595736	.000000
4.45288	.594624	.000000
4.4548	.593428	.000000
4.45671	.592237	.000000
4.45863	.591073	.000000
4.46055	.590008	.000000
4.46247	.588857	.000000
4.46439	.587664	.000000
4.46631	.586439	.000000
4.46823	.585211	.000000
4.47016	.584037	.000000
4.47209	.582859	.000000
4.47402	.581693	.000000
4.47595	.580440	.000000
4.47788	.579193	.000000
4.47982	.578030	.000000
4.48175	.576877	.000000
4.48369	.575662	.000000
4.48563	.574394	.000000
4.48757	.573146	.000000
4.48952	.571850	.000000
4.49146	.570665	.000000
4.49341	.569421	.000000
4.49535	.568176	.000000
4.4973	.566928	.000000
4.49926	.565613	.000000
4.50121	.564347	.000000
4.50316	.563130	.000000
4.50512	.561852	.000000
4.50708	.560543	.000000
4.50904	.559260	.000000
4.511	.557967	.000000
4.51296	.556629	.000000
4.51493	.555318	.000000
4.51689	.554012	.000000
4.51886	.552674	.000000
4.52083	.551348	.000000
4.5228	.550031	.000000
4.52478	.548608	.000000
4.52675	.547276	.000000
4.52873	.546036	.000000
4.53071	.544736	.000000
4.53269	.543366	.000000
4.53467	.541946	.000000
4.53665	.540580	.000000
4.53864	.539281	.000000
4.54063	.537915	.000000
4.54262	.536517	.000000
4.54461	.535127	.000000
4.5466	.533717	.000000
4.54859	.532304	.000000
4.55059	.530972	.000000
4.55259	.529638	.000000
4.55459	.528225	.000000
4.55659	.526778	.000000
4.55859	.525331	.000000
4.5606	.523912	.000000
4.5626	.522599	.000000
4.56461	.521216	.000000
4.56662	.519808	.000000
4.56863	.518448	.000000
4.57065	.517010	.000000
4.57266	.515495	.000000
4.57468	.514133	.000000
4.5767	.512761	.000000
4.57872	.511316	.000000
4.58074	.509888	.000000
4.58277	.508507	.000000
4.58479	.507110	.000000
4.58682	.505690	.000000
4.58885	.504205	.000000
4.59088	.502769	.000000
4.59292	.501365	.000000
4.59495	.500054	.000000
4.59699	.498682	.000000
4.59903	.497260	.000000
4.60107	.495903	.000000
4.60311	.494503	.000000
4.60516	.493022	.000000
4.6072	.491645	.000000
4.60925	.490277	.000000
4.6113	.488898	.000000
4.61335	.487533	.000000
4.6154	.486162	.000000
4.61746	.484743	.000000
4.61952	.483422	.000000
4.62157	.482165	.000000
4.62363	.480801	.000000
4.6257	.479397	.000000
4.62776	.478163	.000000
4.62983	.476910	.000000
4.6319	.475569	.000000
4.63397	.474216	.000000
4.63604	.472908	.000000
4.63811	.471668	.000000
4.64019	.470404	.000000
4.64226	.469110	.000000
4.64434	.467813	.000000
4.64642	.466515	.000000
4.64851	.465317	.000000
4.65059	.464147	.000000
4.65268	.462873	.000000
4.65477	.461531	.000000
4.65686	.460305	.000000
4.65895	.459131	.000000
4.66105	.457995	.000000
4.66314	.456838	.000000
4.66524	.455626	.000000
4.66734	.454375	.000000
4.66944	.453190	.000000
4.67154	.452120	.000000
4.67365	.451027	.000000
4.67576	.449789	.000000
4.67787	.448600	.000000
4.67998	.447460	.000000
4.68209	.446390	.000000
4.68421	.445344	.000000
4.68632	.444274	.000000
4.68844	.443145	.000000
4.69056	.441992	.000000
4.69268	.440897	.000000
4.69481	.439993	.000000
4.69694	.439032	.000000
4.69906	.438026	.000000
4.70119	.436950	.000000
4.70333	.435917	.000000
4.70546	.434932	.000000
4.7076	.433969	.000000
4.70973	.432972	.000000
4.71188	.431972	.000000
4.71402	.431007	.000000
4.71616	.430103	.000000
4.71831	.429208	.000000
4.72045	.428356	.000000
4.7226	.427465	.000000
4.72476	.426545	.000000
4.72691	.425660	.000000
4.72907	.424836	.000000
4.73122	.423958	.000000
4.73338	.423029	.000000
4.73554	.422125	.000000
4.73771	.421307	.000000
4.73987	.420544	.000000
4.74204	.419740	.000000
4.74421	.418897	.000000
4.74638	.418106	.000000
4.74856	.417341	.000000
4.75073	.416546	.000000
4.75291	.415751	.000000
4.75509	.414986	.000000
4.75727	.414194	.000000
4.75945	.413409	.000000
4.76164	.412708	.000000
4.76383	.412058	.000000
4.76602	.411338	.000000
4.76821	.410562	.000000
4.7704	.409844	.000000
4.7726	.409135	.000000
4.77479	.408444	.000000
4.77699	.407894	.000000
4.7792	.407240	.000000
4.7814	.406582	.000000
4.78361	.405876	.000000
4.78581	.405224	.000000
4.78802	.404557	.000000
4.79023	.403873	.000000
4.79245	.403209	.000000
4.79466	.402552	.000000
4.79688	.401981	.000000
4.7991	.401391	.000000
4.80132	.400752	.000000
4.80355	.400116	.000000
4.80577	.399471	.000000
4.808	.398906	.000000
4.81023	.398335	.000000
4.81247	.397730	.000000
4.8147	.397078	.000000
4.81694	.396507	.000000
4.81917	.395929	.000000
4.82142	.395352	.000000
4.82366	.394764	.000000
4.8259	.394252	.000000
4.82815	.393647	.000000
4.8304	.393063	.000000
4.83265	.392507	.000000
4.8349	.391993	.000000
4.83716	.391467	.000000
4.83942	.390866	.000000
4.84168	.390257	.000000
4.84394	.389754	.000000
4.8462	.389257	.000000
4.84847	.388731	.000000
4.85073	.388185	.000000
4.853	.387646	.000000
4.85528	.387071	.000000
4.85755	.386583	.000000
4.85983	.386059	.000000
4.86211	.385513	.000000
4.86439	.384980	.000000
4.86667	.384439	.000000
4.86896	.383964	.000000
4.87124	.383476	.000000
4.87353	.382913	.000000
4.87583	.382402	.000000
4.87812	.381852	.000000
4.88042	.381330	.000000
4.88271	.380831	.000000
4.88501	.380299	.000000
4.88731	.379721	.000000
4.88962	.379201	.000000
4.89192	.378662	.000000
4.89423	.378074	.000000
4.89655	.377535	.000000
4.89886	.377015	.000000
4.90117	.376444	.000000
4.90349	.375866	.000000
4.90581	.375284	.000000
4.90813	.374756	.000000
4.91046	.374155	.000000
4.91278	.373563	.000000
4.91511	.373017	.000000
4.91744	.372508	.000000
4.91977	.371964	.000000
4.92211	.371385	.000000
4.92444	.370752	.000000
4.92678	.370125	.000000
4.92913	.369529	.000000
4.93147	.368947	.000000
4.93381	.368374	.000000
4.93616	.367798	.000000
4.93852	.367131	.000000
4.94087	.366482	.000000
4.94322	.365868	.000000
4.94558	.365222	.000000
4.94794	.364523	.000000
4.9503	.363873	.000000
4.95266	.363230	.000000
4.95503	.362563	.000000
4.9574	.361840	.000000
4.95977	.361114	.000000
4.96214	.360387	.000000
4.96452	.359718	.000000
4.9669	.358991	.000000
4.96928	.358120	.000000
4.97166	.357286	.000000
4.97404	.356585	.000000
4.97643	.355831	.000000
4.97882	.354994	.000000
4.98121	.354158	.000000
4.9836	.353383	.000000
4.986	.352507	.000000
4.9884	.351582	.000000
4.9908	.350721	.000000
4.9932	.349813	.000000
4.99561	.348914	.000000
4.99801	.348010	.000000
5.00042	.347152	.000000
5.00284	.346244	.000000
5.00525	.345200	.000000
5.00767	.344181	.000000
5.01009	.343205	.000000
5.01251	.342225	.000000
5.01493	.341206	.000000
5.01736	.340171	.000000
5.01979	.339158	.000000
5.02222	.338089	.000000
5.02465	.337000	.000000
5.02709	.335915	.000000
5.02952	.334841	.000000
5.03196	.333761	.000000
5.03441	.332644	.000000
5.03685	.331527	.000000
5.0393	.330402	.000000
5.04175	.329303	.000000
5.0442	.328222	.000000
5.04666	.327150	.000000
5.04911	.325949	.000000
5.05157	.324762	.000000
5.05403	.323534	.000000
5.0565	.322345	.000000
5.05897	.321197	.000000
5.06143	.320057	.000000
5.06391	.318818	.000000
5.06638	.317649	.000000
5.06886	.316534	.000000
5.07134	.315347	.000000
5.07382	.314098	.000000
5.0763	.312835	.000000
5.07879	.311550	.000000
5.08127	.310324	.000000
5.08376	.309065	.000000
5.08626	.307825	.000000
5.08875	.306568	.000000
5.09125	.305349	.000000
5.09375	.304117	.000000
5.09626	.302849	.000000
5.09876	.301558	.000000
5.10127	.300339	.000000
5.10378	.299062	.000000
5.10629	.297801	.000000
5.10881	.296537	.000000
5.11132	.295297	.000000
5.11385	.294059	.000000
5.11637	.292748	.000000
5.11889	.291517	.000000
5.12142	.290266	.000000
5.12395	.288987	.000000
5.12649	.287766	.000000
5.12902	.286562	.000000
5.13156	.285350	.000000
5.1341	.284050	.000000
5.13664	.282756	.000000
5.13919	.281476	.000000
5.14173	.280284	.000000
5.14429	.279061	.000000
5.14684	.277781	.000000
5.1494	.276579	.000000
5.15195	.275362	.000000
5.15451	.274147	.000000
5.15708	.272984	.000000
5.15964	.271716	.000000
5.16221	.270448	.000000
5.16478	.269261	.000000
5.16735	.268157	.000000
5.16993	.266994	.000000
5.17251	.265796	.000000
5.17509	.264660	.000000
5.17767	.263533	.000000
5.18026	.262378	.000000
5.18285	.261185	.000000
5.18544	.259951	.000000
5.18803	.258813	.000000
5.19063	.257771	.000000
5.19323	.256722	.000000
5.19583	.255606	.000000
5.19844	.254470	.000000
5.20104	.253321	.000000
5.20365	.252211	.000000
5.20626	.251169	.000000
5.20888	.250163	.000000
5.2115	.249126	.000000
5.21412	.248054	.000000
5.21674	.247018	.000000
5.21936	.246019	.000000
5.22199	.245034	.000000
5.22463	.244116	.000000
5.22726	.243138	.000000
5.22989	.242132	.000000
5.23253	.241145	.000000
5.23517	.240144	.000000
5.23782	.239227	.000000
5.24046	.238326	.000000
5.24311	.237363	.000000
5.24577	.236417	.000000
5.24842	.235492	.000000
5.25108	.234610	.000000
5.25374	.233702	.000000
5.2564	.232830	.000000
5.25906	.231965	.000000
5.26173	.231059	.000000
5.2644	.230175	.000000
5.26708	.229323	.000000
5.26976	.228496	.000000
5.27243	.227675	.000000
5.27512	.226725	.000000
5.2778	.225885	.000000
5.28049	.225150	.000000
5.28318	.224358	.000000
5.28587	.223526	.000000
5.28857	.222787	.000000
5.29126	.221971	.000000
5.29396	.221125	.000000
5.29667	.220339	.000000
5.29938	.219556	.000000
5.30209	.218779	.000000
5.3048	.218005	.000000
5.30751	.217185	.000000
5.31023	.216366	.000000
5.31295	.215636	.000000
5.31567	.214824	.000000
5.3184	.214018	.000000
5.32113	.213283	.000000
5.32386	.212497	.000000
5.32659	.211725	.000000
5.32933	.210937	.000000
5.33207	.210123	.000000
5.33481	.209313	.000000
5.33756	.208525	.000000
5.34031	.207774	.000000
5.34306	.207105	.000000
5.34581	.206336	.000000
5.34857	.205492	.000000
5.35133	.204742	.000000
5.35409	.204024	.000000
5.35686	.203199	.000000
5.35963	.202513	.000000
5.3624	.201793	.000000
5.36517	.200964	.000000
5.36795	.200205	.000000
5.37073	.199489	.000000
5.37351	.198748	.000000
5.3763	.198006	.000000
5.37909	.197311	.000000
5.38188	.196634	.000000
5.38467	.195856	.000000
5.38747	.195078	.000000
5.39027	.194339	.000000
5.39307	.193595	.000000
5.39588	.192894	.000000
5.39869	.192259	.000000
5.4015	.191511	.000000
5.40431	.190782	.000000
5.40713	.190113	.000000
5.40995	.189446	.000000
5.41278	.188754	.000000
5.4156	.188125	.000000
5.41843	.187503	.000000
5.42126	.186761	.000000
5.4241	.186030	.000000
5.42694	.185455	.000000
5.42978	.184858	.000000
5.43262	.184259	.000000
5.43547	.183656	.000000
5.43832	.183015	.000000
5.44117	.182361	.000000
5.44403	.181783	.000000
5.44689	.181187	.000000
5.44975	.180579	.000000
5.45262	.180002	.000000
5.45549	.179433	.000000
5.45836	.178842	.000000
5.46123	.178310	.000000
5.46411	.177760	.000000
5.46699	.177187	.000000
5.46987	.176677	.000000
5.47276	.176132	.000000
5.47565	.175525	.000000
5.47854	.174962	.000000
5.48143	.174476	.000000
5.48433	.173997	.000000
5.48723	.173498	.000000
5.49014	.173038	.000000
5.49305	.172509	.000000
5.49596	.171930	.000000
5.49887	.171380	.000000
5.50179	.170892	.000000
5.50471	.170361	.000000
5.50763	.169850	.000000
5.51056	.169304	.000000
5.51349	.168748	.000000
5.51642	.168256	.000000
5.51936	.167779	.000000
5.5223	.167235	.000000
5.52524	.166766	.000000
5.52818	.166225	.000000
5.53113	.165622	.000000
5.53408	.165111	.000000
5.53704	.164608	.000000
5.54	.164062	.000000
5.54296	.163619	.000000
5.54592	.163157	.000000
5.54889	.162658	.000000
5.55186	.162132	.000000
5.55483	.161603	.000000
5.55781	.161079	.000000
5.56079	.160610	.000000
5.56377	.160105	.000000
5.56676	.159540	.000000
5.56975	.159018	.000000
5.57274	.158520	.000000
5.57574	.157955	.000000
5.57874	.157469	.000000
5.58174	.157013	.000000
5.58475	.156555	.000000
5.58775	.156067	.000000
5.59077	.155619	.000000
5.59378	.155217	.000000
5.5968	.154778	.000000
5.59982	.154258	.000000
5.60285	.153727	.000000
5.60588	.153258	.000000
5.60891	.152845	.000000
5.61194	.152448	.000000
5.61498	.152007	.000000
5.61802	.151541	.000000
5.62107	.151093	.000000
5.62412	.150654	.000000
5.62717	.150294	.000000
5.63023	.149853	.000000
5.63328	.149386	.000000
5.63635	.149060	.000000
5.63941	.148606	.000000
5.64248	.148127	.000000
5.64555	.147799	.000000
5.64862	.147415	.000000
5.6517	.146989	.000000
5.65478	.146539	.000000
5.65787	.146215	.000000
5.66096	.145945	.000000
5.66405	.145632	.000000
5.66714	.145235	.000000
5.67024	.144886	.000000
5.67334	.144543	.000000
5.67645	.144140	.000000
5.67956	.143773	.000000
5.68267	.143368	.000000
5.68579	.142993	.000000
5.68891	.142650	.000000
5.69203	.142258	.000000
5.69515	.142000	.000000
5.69828	.141617	.000000
5.70142	.141184	.000000
5.70455	.140845	.000000
5.70769	.140436	.000000
5.71083	.140027	.000000
5.71398	.139735	.000000
5.71713	.139362	.000000
5.72028	.138968	.000000
5.72344	.138610	.000000
5.7266	.138273	.000000
5.72976	.137911	.000000
5.73293	.137611	.000000
5.7361	.137225	.000000
5.73928	.136816	.000000
5.74245	.136436	.000000
5.74564	.135980	.000000
5.74882	.135512	.000000
5.75201	.135171	.000000
5.7552	.134825	.000000
5.7584	.134497	.000000
5.76159	.134099	.000000
5.7648	.133549	.000000
5.768	.133127	.000000
5.77121	.132899	.000000
5.77443	.132533	.000000
5.77764	.132109	.000000
5.78086	.131721	.000000
5.78409	.131352	.000000
5.78732	.130907	.000000
5.79055	.130455	.000000
5.79378	.130027	.000000
5.79702	.129585	.000000
5.80026	.129151	.000000
5.80351	.128799	.000000
5.80676	.128411	.000000
5.81001	.127996	.000000
5.81327	.127589	.000000
5.81653	.127086	.000000
5.81979	.126498	.000000
5.82306	.125982	.000000
5.82633	.125635	.000000
5.82961	.125211	.000000
5.83288	.124738	.000000
5.83617	.124296	.000000
5.83945	.123879	.000000
5.84274	.123534	.000000
5.84604	.123137	.000000
5.84934	.122683	.000000
5.85264	.122174	.000000
5.85594	.121744	.000000
5.85925	.121264	.000000
5.86256	.120874	.000000
5.86588	.120456	.000000
5.8692	.119988	.000000
5.87252	.119576	.000000
5.87585	.119108	.000000
5.87918	.118551	.000000
5.88251	.118055	.000000
5.88585	.117831	.000000
5.88919	.117535	.000000
5.89254	.117094	.000000
5.89589	.116565	.000000
5.89924	.116203	.000000
5.9026	.116005	.000000
5.90596	.115677	.000000
5.90933	.115329	.000000
5.9127	.115003	.000000
5.91607	.114673	.000000
5.91945	.114338	.000000
5.92283	.114034	.000000
5.92621	.113746	.000000
5.9296	.113441	.000000
5.93299	.112992	.000000
5.93639	.112591	.000000
5.93979	.112444	.000000
5.94319	.112284	.000000
5.9466	.112050	.000000
5.95001	.111760	.000000
5.95343	.111538	.000000
5.95685	.111340	.000000
5.96027	.111099	.000000
5.9637	.110857	.000000
5.96713	.110584	.000000
5.97056	.110347	.000000
5.974	.110185	.000000
5.97745	.109972	.000000
5.98089	.109719	.000000
5.98435	.109544	.000000
5.9878	.109352	.000000
5.99126	.109064	.000000
5.99472	.108945	.000000
5.99819	.108856	.000000
6.00166	.108681	.000000
6.00514	.108538	.000000
6.00861	.108400	.000000
6.0121	.108233	.000000
6.01558	.108059	.000000
6.01908	.107907	.000000
6.02257	.107764	.000000
6.02607	.107613	.000000
6.02957	.107460	.000000
6.03308	.107291	.000000
6.03659	.107166	.000000
6.04011	.107059	.000000
6.04363	.106899	.000000
6.04715	.106639	.000000
6.05068	.106392	.000000
6.05421	.106443	.000000
6.05775	.106465	.000000
6.06129	.106360	.000000
6.06484	.106275	.000000
6.06839	.106126	.000000
6.07194	.105972	.000000
6.0755	.105817	.000000
6.07906	.105732	.000000
6.08262	.105691	.000000
6.08619	.105623	.000000
6.08976	.105521	.000000
6.09334	.105388	.000000
6.09692	.105190	.000000
6.10051	.105048	.000000
6.1041	.104864	.000000
6.1077	.104773	.000000
6.1113	.104643	.000000
6.1149	.104476	.000000
6.11851	.104487	.000000
6.12212	.104436	.000000
6.12573	.104351	.000000
6.12935	.104291	.000000
6.13298	.104214	.000000
6.13661	.104008	.000000
6.14024	.103795	.000000
6.14388	.103775	.000000
6.14752	.103728	.000000
6.15117	.103547	.000000
6.15482	.103486	.000000
6.15847	.103424	.000000
6.16213	.103260	.000000
6.16579	.103174	.000000
6.16946	.103172	.000000
6.17313	.103066	.000000
6.17681	.102878	.000000
6.18049	.102778	.000000
6.18418	.102650	.000000
6.18787	.102582	.000000
6.19156	.102586	.000000
6.19526	.102478	.000000
6.19897	.102356	.000000
6.20267	.102309	.000000
6.20638	.102218	.000000
6.2101	.102109	.000000
6.21382	.102062	.000000
6.21754	.102009	.000000
6.22127	.101947	.000000
6.22501	.101838	.000000
6.22875	.101713	.000000
6.23249	.101623	.000000
6.23624	.101608	.000000
6.23999	.101557	.000000
6.24375	.101440	.000000
6.24751	.101357	.000000
6.25128	.101335	.000000
6.25505	.101312	.000000
6.25882	.101376	.000000
6.2626	.101416	.000000
6.26639	.101318	.000000
6.27017	.101237	.000000
6.27397	.101278	.000000
6.27777	.101212	.000000
6.28157	.101107	.000000
6.28538	.101092	.000000
6.28918	.101116	.000000
6.293	.101120	.000000
6.29682	.101124	.000000
6.30065	.101150	.000000
6.30448	.101190	.000000
6.30831	.101165	.000000
6.31215	.101131	.000000
6.316	.101120	.000000
6.31985	.101141	.000000
6.3237	.101163	.000000
6.32756	.101144	.000000
6.33142	.101133	.000000
6.33529	.101195	.000000
6.33916	.101293	.000000
6.34304	.101195	.000000
6.34692	.101180	.000000
6.35081	.101335	.000000
6.3547	.101367	.000000
6.3586	.101410	.000000
6.3625	.101427	.000000
6.3664	.101478	.000000
6.37031	.101472	.000000
6.37423	.101553	.000000
6.37815	.101647	.000000
6.38207	.101676	.000000
6.386	.101670	.000000
6.38994	.101693	.000000
6.39387	.101659	.000000
6.39782	.101655	.000000
6.40177	.101702	.000000
6.40572	.101593	.000000
6.40968	.101478	.000000
6.41365	.101557	.000000
6.41762	.101574	.000000
6.42159	.101696	.000000
6.42557	.101794	.000000
6.42955	.101802	.000000
6.43354	.101762	.000000
6.43753	.101806	.000000
6.44153	.101892	.000000
6.44554	.101851	.000000
6.44954	.101766	.000000
6.45356	.101740	.000000
6.45757	.101779	.000000
6.4616	.101794	.000000
6.46563	.101768	.000000
6.46966	.101666	.000000
6.4737	.101689	.000000
6.47774	.101755	.000000
6.48179	.101623	.000000
6.48584	.101531	.000000
6.4899	.101540	.000000
6.49397	.101376	.000000
6.49804	.101254	.000000
6.50211	.101365	.000000
6.50619	.101410	.000000
6.51027	.101314	.000000
6.51436	.101176	.000000
6.51845	.101073	.000000
6.52255	.101056	.000000
6.52666	.101107	.000000
6.53077	.101120	.000000
6.53488	.101063	.000000
6.53901	.100926	.000000
6.54313	.100783	.000000
6.54726	.100677	.000000
6.5514	.100607	.000000
6.55554	.100502	.000000
6.55969	.100445	.000000
6.56384	.100425	.000000
6.568	.100351	.000000
6.57216	.100212	.000000
6.57633	.100127	.000000
6.5805	.100067	.000000
6.58468	.099931	.000000
6.58886	.099754	.000000
6.59305	.099656	.000000
6.59724	.099573	.000000
6.60144	.099477	.000000
6.60564	.099381	.000000
6.60985	.099243	.000000
6.61407	.099126	.000000
6.61829	.099092	.000000
6.62252	.099034	.000000
6.62675	.098938	.000000
6.63099	.098795	.000000
6.63523	.098580	.000000
6.63948	.098425	.000000
6.64373	.098448	.000000
6.64799	.098495	.000000
6.65225	.098444	.000000
6.65652	.098403	.000000
6.6608	.098361	.000000
6.66508	.098235	.000000
6.66937	.098107	.000000
6.67366	.098003	.000000
6.67796	.097958	.000000
6.68226	.097841	.000000
6.68656	.097734	.000000
6.69088	.097677	.000000
6.6952	.097570	.000000
6.69952	.097504	.000000
6.70385	.097461	.000000
6.70819	.097351	.000000
6.71253	.097265	.000000
6.71688	.097212	.000000
6.72123	.097146	.000000
6.72559	.097042	.000000
6.72996	.097003	.000000
6.73433	.096905	.000000
6.7387	.096769	.000000
6.74308	.096643	.000000
6.74747	.096592	.000000
6.75187	.096475	.000000
6.75626	.096353	.000000
6.76067	.096283	.000000
6.76508	.096157	.000000
6.76949	.095968	.000000
6.77392	.095799	.000000
6.77834	.095722	.000000
6.78277	.095663	.000000
6.78721	.095458	.000000
6.79166	.095258	.000000
6.79611	.095124	.000000
6.80056	.095000	.000000
6.80503	.094802	.000000
6.8095	.094640	.000000
6.81397	.094576	.000000
6.81845	.094403	.000000
6.82294	.094173	.000000
6.82743	.094056	.000000
6.83193	.093986	.000000
6.83643	.093864	.000000
6.84094	.093679	.000000
6.84545	.093408	.000000
6.84997	.093127	.000000
6.8545	.092946	.000000
6.85903	.092711	.000000
6.86357	.092379	.000000
6.86812	.092185	.000000
6.87267	.092164	.000000
6.87723	.092076	.000000
6.88179	.091833	.000000
6.88636	.091522	.000000
6.89094	.091380	.000000
6.89552	.091194	.000000
6.90011	.090938	.000000
6.9047	.090702	.000000
6.9093	.090497	.000000
6.91391	.090293	.000000
6.91852	.090014	.000000
6.92314	.089747	.000000
6.92776	.089477	.000000
6.93239	.089168	.000000
6.93703	.088931	.000000
6.94167	.088658	.000000
6.94632	.088354	.000000
6.95098	.088057	.000000
6.95564	.087763	.000000
6.96031	.087444	.000000
6.96498	.087156	.000000
6.96966	.086877	.000000
6.97435	.086532	.000000
6.97904	.086114	.000000
6.98374	.085833	.000000
6.98845	.085577	.000000
6.99316	.085257	.000000
6.99788	.084942	.000000
7.00261	.084584	.000000
7.00734	.084224	.000000
7.01208	.083902	.000000
7.01682	.083591	.000000
7.02157	.083241	.000000
7.02633	.082877	.000000
7.03109	.082536	.000000
7.03586	.082165	.000000
7.04064	.081746	.000000
7.04542	.081304	.000000
7.05021	.081010	.000000
7.055	.080733	.000000
7.05981	.080382	.000000
7.06462	.079987	.000000
7.06943	.079595	.000000
7.07426	.079242	.000000
7.07908	.078822	.000000
7.08392	.078387	.000000
7.08876	.077972	.000000
7.09361	.077565	.000000
7.09847	.077232	.000000
7.10333	.076844	.000000
7.1082	.076461	.000000
7.11307	.076011	.000000
7.11796	.075540	.000000
7.12284	.075165	.000000
7.12774	.074794	.000000
7.13264	.074360	.000000
7.13755	.073910	.000000
7.14246	.073471	.000000
7.14739	.073051	.000000
7.15231	.072627	.000000
7.15725	.072224	.000000
7.16219	.071732	.000000
7.16714	.071259	.000000
7.1721	.070846	.000000
7.17707	.070426	.000000
7.18204	.070004	.000000
7.18701	.069522	.000000
7.192	.069026	.000000
7.19699	.068621	.000000
7.20199	.068197	.000000
7.20699	.067692	.000000
7.212	.067208	.000000
7.21702	.066750	.000000
7.22204	.066294	.000000
7.22708	.065725	.000000
7.23212	.065143	.000000
7.23716	.064672	.000000
7.24222	.064261	.000000
7.24728	.063779	.000000
7.25235	.063279	.000000
7.25742	.062752	.000000
7.2625	.062228	.000000
7.26759	.061715	.000000
7.27269	.061227	.000000
7.2778	.060747	.000000
7.28291	.060202	.000000
7.28802	.059645	.000000
7.29315	.059072	.000000
7.29828	.058623	.000000
7.30342	.058126	.000000
7.30857	.057600	.000000
7.31372	.056995	.000000
7.31888	.056400	.000000
7.32405	.055931	.000000
7.32923	.055420	.000000
7.33441	.054815	.000000
7.3396	.054333	.000000
7.3448	.053879	.000000
7.35	.053361	.000000
7.35522	.052760	.000000
7.36044	.052149	.000000
7.36566	.051586	.000000
7.3709	.051079	.000000
7.37614	.050548	.000000
7.38139	.049969	.000000
7.38665	.049372	.000000
7.39192	.048844	.000000
7.39719	.048307	.000000
7.40247	.047750	.000000
7.40776	.047149	.000000
7.41305	.046587	.000000
7.41835	.046031	.000000
7.42366	.045472	.000000
7.42898	.044903	.000000
7.4343	.044375	.000000
7.43964	.043844	.000000
7.44498	.043316	.000000
7.45033	.042717	.000000
7.45568	.042133	.000000
7.46105	.041594	.000000
7.46642	.040951	.000000
7.4718	.040313	.000000
7.47719	.039810	.000000
7.48258	.039303	.000000
7.48798	.038730	.000000
7.49339	.038129	.000000
7.49881	.037639	.000000
7.50423	.037108	.000000
7.50967	.036561	.000000
7.51511	.036011	.000000
7.52056	.035397	.000000
7.52602	.034756	.000000
7.53148	.034161	.000000
7.53696	.033560	.000000
7.54244	.032928	.000000
7.54793	.032373	.000000
7.55343	.031856	.000000
7.55893	.031259	.000000
7.56444	.030735	.000000
7.56997	.030151	.000000
7.5755	.029488	.000000
7.58103	.028932	.000000
7.58658	.028380	.000000
7.59213	.027728	.000000
7.5977	.027142	.000000
7.60327	.026631	.000000
7.60884	.026072	.000000
7.61443	.025456	.000000
7.62002	.024823	.000000
7.62563	.024274	.000000
7.63124	.023726	.000000
7.63686	.023149	.000000
7.64248	.022577	.000000
7.64812	.022006	.000000
7.65376	.021450	.000000
7.65942	.020866	.000000
7.66508	.020366	.000000
7.67075	.019860	.000000
7.67643	.019262	.000000
7.68211	.018625	.000000
7.68781	.018126	.000000
7.69351	.017627	.000000
7.69922	.017095	.000000
7.70494	.016566	.000000
7.71067	.016038	.000000
7.71641	.015556	.000000
7.72215	.015040	.000000
7.72791	.014497	.000000
7.73367	.014009	.000000
7.73944	.013587	.000000
7.74522	.013161	.000000
7.75101	.012654	.000000
7.75681	.012198	.000000
7.76261	.011720	.000000
7.76843	.011200	.000000
7.77425	.010753	.000000
7.78008	.010393	.000000
7.78592	.010024	.000000
7.79177	.009679	.000000
7.79763	.009302	.000000
7.8035	.008816	.000000
7.80938	.008417	.000000
7.81526	.008130	.000000
7.82116	.007791	.000000
7.82706	.007446	.000000
7.83297	.007154	.000000
7.83889	.006819	.000000
7.84482	.006489	.000000
7.85076	.006199	.000000
7.85671	.005969	.000000
7.86266	.005777	.000000
7.86863	.005555	.000000
7.8746	.005306	.000000
7.88059	.005065	.000000
7.88658	.004880	.000000
7.89258	.004622	.000000
7.89859	.004319	.000000
7.90461	.004187	.000000
7.91064	.004119	.000000
7.91668	.004034	.000000
7.92273	.003863	.000000
7.92879	.003714	.000000
7.93485	.003646	.000000
7.94092	.003544	.000000
7.94701	.003542	.000000
7.9531	.003520	.000000
7.95921	.003465	.000000
7.96532	.003437	.000000
7.97144	.003522	.000000
7.97757	.003693	.000000
7.98372	.003810	.000000
7.98987	.003895	.000000
7.99603	.003981	.000000
8.0022	.004123	.000000
8.00838	.004354	.000000
8.01456	.004643	.000000
8.02076	.005044	.000000
8.02697	.005457	.000000
8.03319	.005845	.000000
8.03942	.006314	.000000
8.04565	.006853	.000000
8.0519	.007429	.000000
8.05816	.008115	.000000
8.06442	.008901	.000000
8.0707	.009743	.000000
8.07698	.010661	.000000
8.08328	.011622	.000000
8.08958	.012660	.000000
8.0959	.013806	.000000
8.10223	.015068	.000000
8.10856	.016421	.000000
8.1149	.017787	.000000
8.12126	.019221	.000000
8.12762	.020813	.000000
8.134	.022541	.000000
8.14039	.024295	.000000
8.14678	.026187	.000000
8.15318	.028250	.000000
8.1596	.030296	.000000
8.16602	.032401	.000000
8.17246	.034662	.000000
8.1789	.036932	.000000
8.18535	.039239	.000000
8.19182	.041722	.000000
8.1983	.044285	.000000
8.20478	.046855	.000000
8.21128	.049476	.000000
8.21778	.052027	.000000
8.2243	.054604	.000000
8.23083	.057280	.000000
8.23737	.059914	.000000
8.24392	.062492	.000000
8.25047	.065030	.000000
8.25704	.067438	.000000
8.26362	.069729	.000000
8.27021	.071928	.000000
8.27682	.074149	.000000
8.28343	.076218	.000000
8.29005	.077957	.000000
8.29668	.079438	.000000
8.30332	.080932	.000000
8.30997	.082389	.000000
8.31663	.083631	.000000
8.32331	.084614	.000000
8.33	.085443	.000000
8.33669	.086180	.000000
8.3434	.086758	.000000
8.35012	.087241	.000000
8.35684	.087653	.000000
8.36359	.088117	.000000
8.37034	.088530	.000000
8.3771	.088822	.000000
8.38387	.089021	.000000
8.39065	.089093	.000000
8.39745	.089159	.000000
8.40425	.089193	.000000
8.41106	.089342	.000000
8.41789	.089549	.000000
8.42473	.089756	.000000
8.43158	.089822	.000000
8.43844	.089790	.000000
8.44531	.089826	.000000
8.45219	.089896	.000000
8.45909	.089969	.000000
8.46599	.090071	.000000
8.47291	.089999	.000000
8.47984	.089962	.000000
8.48678	.090105	.000000
8.49373	.090171	.000000
8.50069	.090127	.000000
8.50767	.090186	.000000
8.51465	.090286	.000000
8.52165	.090446	.000000
8.52866	.090602	.000000
8.53568	.090704	.000000
8.54271	.090749	.000000
8.54975	.090759	.000000
8.5568	.090885	.000000
8.56386	.091066	.000000
8.57094	.091107	.000000
8.57803	.091179	.000000
8.58513	.091303	.000000
8.59225	.091305	.000000
8.59937	.091309	.000000
8.60651	.091456	.000000
8.61366	.091573	.000000
8.62082	.091616	.000000
8.62799	.091701	.000000
8.63517	.091806	.000000
8.64237	.091821	.000000
8.64958	.091887	.000000
8.6568	.091951	.000000
8.66403	.091985	.000000
8.67128	.091970	.000000
8.67853	.091998	.000000
8.6858	.092089	.000000
8.69308	.092093	.000000
8.70037	.092047	.000000
8.70767	.091968	.000000
8.71499	.091914	.000000
8.72232	.091961	.000000
8.72966	.091959	.000000
8.73702	.091848	.000000
8.74438	.091686	.000000
8.75176	.091563	.000000
8.75916	.091416	.000000
8.76656	.091328	.000000
8.77398	.091265	.000000
8.78141	.091109	.000000
8.78885	.090834	.000000
8.7963	.090506	.000000
8.80377	.090299	.000000
8.81125	.090180	.000000
8.81875	.089980	.000000
8.82625	.089668	.000000
8.83377	.089381	.000000
8.8413	.089121	.000000
8.84884	.088790	.000000
8.8564	.088484	.000000
8.86396	.088079	.000000
8.87155	.087661	.000000
8.87914	.087318	.000000
8.88675	.086883	.000000
8.89437	.086449	.000000
8.90201	.086048	.000000
8.90965	.085596	.000000
8.91732	.085083	.000000
8.92499	.084578	.000000
8.93268	.084034	.000000
8.94038	.083461	.000000
8.94809	.082932	.000000
8.95582	.082489	.000000
8.96356	.081980	.000000
8.97131	.081283	.000000
8.97908	.080701	.000000
8.98686	.080326	.000000
8.99465	.079851	.000000
9.00246	.079340	.000000
9.01028	.078779	.000000
9.01812	.078176	.000000
9.02597	.077675	.000000
9.03383	.077143	.000000
9.04171	.076689	.000000
9.0496	.076286	.000000
9.0575	.075709	.000000
9.06542	.075144	.000000
9.07335	.074733	.000000
9.0813	.074223	.000000
9.08925	.073752	.000000
9.09723	.073309	.000000
9.10521	.072957	.000000
9.11322	.072559	.000000
9.12123	.072152	.000000
9.12926	.071792	.000000
9.1373	.071425	.000000
9.14536	.071006	.000000
9.15343	.070748	.000000
9.16151	.070449	.000000
9.16961	.070106	.000000
9.17773	.069921	.000000
9.18586	.069774	.000000
9.194	.069582	.000000
9.20216	.069301	.000000
9.21033	.069094	.000000
9.21852	.069090	.000000
9.22672	.069000	.000000
9.23494	.068821	.000000
9.24317	.068809	.000000
9.25142	.068849	.000000
9.25968	.068855	.000000
9.26795	.068813	.000000
9.27624	.068783	.000000
9.28455	.068894	.000000
9.29287	.069098	.000000
9.3012	.069254	.000000
9.30954	.069314	.000000
9.31791	.069392	.000000
9.32629	.069552	.000000
9.33468	.069727	.000000
9.34309	.070032	.000000
9.35152	.070351	.000000
9.35996	.070630	.000000
9.36842	.070888	.000000
9.37689	.071153	.000000
9.38537	.071447	.000000
9.39387	.071751	.000000
9.40239	.072062	.000000
9.41092	.072391	.000000
9.41947	.072751	.000000
9.42804	.073200	.000000
9.43661	.073708	.000000
9.44521	.074021	.000000
9.45382	.074343	.000000
9.46244	.074794	.000000
9.47108	.075210	.000000
9.47974	.075621	.000000
9.48841	.076116	.000000
9.4971	.076670	.000000
9.5058	.077051	.000000
9.51452	.077347	.000000
9.52326	.077754	.000000
9.53201	.078325	.000000
9.54078	.078843	.000000
9.54957	.079252	.000000
9.55837	.079787	.000000
9.56719	.080345	.000000
9.57602	.080780	.000000
9.58488	.081270	.000000
9.59374	.081739	.000000
9.60263	.082246	.000000
9.61152	.082856	.000000
9.62043	.083435	.000000
9.62937	.083968	.000000
9.63831	.084554	.000000
9.64728	.085129	.000000
9.65626	.085590	.000000
9.66526	.086206	.000000
9.67428	.086898	.000000
9.68331	.087542	.000000
9.69236	.088164	.000000
9.70143	.088654	.000000
9.71051	.089134	.000000
9.71962	.089724	.000000
9.72873	.090502	.000000
9.73787	.091241	.000000
9.74702	.091789	.000000
9.75619	.092315	.000000
9.76538	.093018	.000000
9.77458	.093830	.000000
9.7838	.094465	.000000
9.79304	.094906	.000000
9.80229	.095484	.000000
9.81157	.096106	.000000
9.82086	.096643	.000000
9.83017	.097157	.000000
9.83949	.097713	.000000
9.84884	.098324	.000000
9.8582	.098996	.000000
9.86758	.099554	.000000
9.87698	.100046	.000000
9.8864	.100526	.000000
9.89583	.100922	.000000
9.90528	.101257	.000000
9.91475	.101629	.000000
9.92424	.101992	.000000
9.93375	.102324	.000000
9.94327	.102693	.000000
9.95281	.102963	.000000
9.96238	.103089	.000000
9.97195	.103194	.000000
9.98155	.103319	.000000
9.99117	.103394	.000000
10.0008	.103505	.000000
10.01045	.103556	.000000
10.02012	.103552	.000000
10.02981	.103511	.000000
10.03952	.103462	.000000
10.04925	.103479	.000000
10.059	.103422	.000000
10.06877	.103264	.000000
10.07855	.103113	.000000
10.08835	.102974	.000000
10.09818	.102846	.000000
10.10802	.102723	.000000
10.11788	.102392	.000000
10.12776	.102062	.000000
10.13767	.101906	.000000
10.14758	.101683	.000000
10.15752	.101376	.000000
10.16748	.101171	.000000
10.17746	.101061	.000000
10.18746	.100786	.000000
10.19747	.100406	.000000
10.2075	.100234	.000000
10.21756	.099978	.000000
10.22764	.099703	.000000
10.23773	.099516	.000000
10.24785	.099394	.000000
10.25799	.099256	.000000
10.26814	.099106	.000000
10.27832	.098985	.000000
10.28852	.098964	.000000
10.29874	.099002	.000000
10.30897	.098964	.000000
10.31923	.099002	.000000
10.32951	.099092	.000000
10.33981	.099155	.000000
10.35012	.099158	.000000
10.36046	.099266	.000000
10.37082	.099545	.000000
10.3812	.099692	.000000
10.3916	.099780	.000000
10.40203	.099812	.000000
10.41247	.099912	.000000
10.42294	.100129	.000000
10.43342	.100340	.000000
10.44393	.100419	.000000
10.45446	.100457	.000000
10.46501	.100428	.000000
10.47558	.100428	.000000
10.48617	.100489	.000000
10.49679	.100494	.000000
10.50742	.100434	.000000
10.51808	.100330	.000000
10.52876	.100217	.000000
10.53946	.100238	.000000
10.55018	.100255	.000000
10.56092	.100114	.000000
10.57168	.100027	.000000
10.58247	.099955	.000000
10.59328	.099818	.000000
10.60411	.099573	.000000
10.61496	.099290	.000000
10.62584	.099060	.000000
10.63674	.098780	.000000
10.64766	.098412	.000000
10.6586	.098062	.000000
10.66957	.097809	.000000
10.68056	.097709	.000000
10.69157	.097444	.000000
10.7026	.097033	.000000
10.71366	.096564	.000000
10.72474	.096144	.000000
10.73584	.095880	.000000
10.74697	.095673	.000000
10.75812	.095392	.000000
10.76929	.094996	.000000
10.78048	.094599	.000000
10.7917	.094156	.000000
10.80293	.093728	.000000
10.8142	.093349	.000000
10.82549	.092986	.000000
10.8368	.092554	.000000
10.84813	.091966	.000000
10.85949	.091405	.000000
10.87088	.090836	.000000
10.88229	.090363	.000000
10.89372	.089916	.000000
10.90517	.089449	.000000
10.91665	.088763	.000000
10.92816	.087968	.000000
10.93968	.087435	.000000
10.95124	.086909	.000000
10.9628	.086197	.000000
10.9744	.085517	.000000
10.98603	.084989	.000000
10.99768	.084318	.000000
11.00935	.083425	.000000
11.02105	.082700	.000000
11.03278	.082172	.000000
11.04453	.081451	.000000
11.05631	.080659	.000000
11.06811	.079960	.000000
11.07993	.079229	.000000
11.09178	.078391	.000000
11.10366	.077582	.000000
11.11556	.076742	.000000
11.12749	.076041	.000000
11.13944	.075321	.000000
11.15142	.074477	.000000
11.16342	.073610	.000000
11.17545	.072787	.000000
11.18751	.072131	.000000
11.19959	.071406	.000000
11.21169	.070441	.000000
11.22382	.069582	.000000
11.23598	.068896	.000000
11.24817	.068297	.000000
11.26038	.067549	.000000
11.27262	.066748	.000000
11.28489	.065972	.000000
11.29718	.065337	.000000
11.3095	.064681	.000000
11.32185	.064165	.000000
11.33422	.063447	.000000
11.34662	.062537	.000000
11.35905	.061896	.000000
11.37151	.061316	.000000
11.38399	.060707	.000000
11.3965	.060251	.000000
11.40904	.059799	.000000
11.42161	.059330	.000000
11.4342	.058876	.000000
11.44682	.058416	.000000
11.45947	.057921	.000000
11.47213	.057399	.000000
11.48484	.057005	.000000
11.49757	.056536	.000000
11.51033	.056061	.000000
11.52312	.055669	.000000
11.53594	.055422	.000000
11.54878	.055277	.000000
11.56166	.055036	.000000
11.57457	.054687	.000000
11.5875	.054412	.000000
11.60046	.054231	.000000
11.61345	.054032	.000000
11.62647	.053907	.000000
11.63952	.053798	.000000
11.6526	.053451	.000000
11.66571	.053184	.000000
11.67885	.053146	.000000
11.69201	.053129	.000000
11.70521	.053007	.000000
11.71844	.052920	.000000
11.73169	.052837	.000000
11.74497	.052628	.000000
11.75829	.052605	.000000
11.77163	.052600	.000000
11.78501	.052511	.000000
11.79842	.052649	.000000
11.81185	.052681	.000000
11.82532	.052390	.000000
11.83883	.052070	.000000
11.85236	.052027	.000000
11.86592	.052053	.000000
11.87951	.052168	.000000
11.89313	.052057	.000000
11.90679	.051989	.000000
11.92047	.052040	.000000
11.93418	.051974	.000000
11.94793	.051891	.000000
11.96171	.051840	.000000
11.97552	.051821	.000000
11.98937	.051972	.000000
12.00324	.051991	.000000
12.01715	.051870	.000000
12.0311	.051748	.000000
12.04507	.051712	.000000
12.05908	.051665	.000000
12.07311	.051659	.000000
12.08719	.051656	.000000
12.10129	.051714	.000000
12.11543	.051799	.000000
12.1296	.051701	.000000
12.1438	.051486	.000000
12.15804	.051211	.000000
12.17231	.050958	.000000
12.18661	.050866	.000000
12.20095	.050627	.000000
12.21532	.050116	.000000
12.22972	.049442	.000000
12.24416	.048810	.000000
12.25863	.048226	.000000
12.27314	.047441	.000000
12.28768	.046821	.000000
12.30225	.046073	.000000
12.31686	.045074	.000000
12.33151	.044026	.000000
12.34619	.043141	.000000
12.36091	.042253	.000000
12.37566	.041317	.000000
12.39045	.040411	.000000
12.40527	.039653	.000000
12.42012	.038950	.000000
12.43502	.038185	.000000
12.44995	.037294	.000000
12.46491	.036755	.000000
12.47991	.036175	.000000
12.49495	.035662	.000000
12.51002	.035310	.000000
12.52513	.034718	.000000
12.54026	.034033	.000000
12.55545	.033635	.000000
12.57066	.033484	.000000
12.58592	.033356	.000000
12.60121	.033051	.000000
12.61654	.032785	.000000
12.63191	.032561	.000000
12.64732	.032207	.000000
12.66276	.031905	.000000
12.67824	.032003	.000000
12.69376	.031958	.000000
12.70932	.032082	.000000
12.72491	.032188	.000000
12.74054	.032003	.000000
12.75622	.031843	.000000
12.77193	.031877	.000000
12.78768	.031877	.000000
12.80346	.031881	.000000
12.81929	.032035	.000000
12.83515	.032039	.000000
12.85106	.032148	.000000
12.86699	.032378	.000000
12.88298	.032565	.000000
12.899	.032680	.000000
12.91506	.032657	.000000
12.93117	.032493	.000000
12.94731	.032467	.000000
12.96349	.032491	.000000
12.97972	.032495	.000000
12.99599	.032619	.000000
13.0123	.032896	.000000
13.02864	.032968	.000000
13.04503	.032868	.000000
13.06146	.032827	.000000
13.07793	.032934	.000000
13.09443	.032817	.000000
13.11099	.032808	.000000
13.12758	.032966	.000000
13.14422	.033117	.000000
13.1609	.033132	.000000
13.17762	.033060	.000000
13.19439	.032921	.000000
13.2112	.032893	.000000
13.22805	.032983	.000000
13.24495	.033053	.000000
13.26188	.033019	.000000
13.27886	.033019	.000000
13.29589	.033092	.000000
13.31296	.033219	.000000
13.33007	.033158	.000000
13.34723	.033222	.000000
13.36443	.033420	.000000
13.38167	.033582	.000000
13.39896	.033707	.000000
13.41629	.033742	.000000
13.43367	.033750	.000000
13.45109	.033652	.000000
13.46855	.033644	.000000
13.48607	.033693	.000000
13.50363	.033639	.000000
13.52123	.033648	.000000
13.53889	.033729	.000000
13.55658	.033722	.000000
13.57433	.033622	.000000
13.59213	.033808	.000000
13.60996	.033955	.000000
13.62785	.033658	.000000
13.64578	.033422	.000000
13.66375	.033509	.000000
13.68178	.033479	.000000
13.69986	.033224	.000000
13.71798	.033177	.000000
13.73615	.033136	.000000
13.75437	.033147	.000000
13.77264	.033115	.000000
13.79095	.032774	.000000
13.80931	.032431	.000000
13.82771	.032286	.000000
13.84617	.032058	.000000
13.86468	.031900	.000000
13.88324	.031890	.000000
13.90185	.031858	.000000
13.92051	.031653	.000000
13.93922	.031206	.000000
13.95799	.031088	.000000
13.9768	.031127	.000000
13.99567	.030969	.000000
14.01458	.030752	.000000
14.03354	.030756	.000000
14.05256	.030726	.000000
14.07162	.030630	.000000
14.09073	.030545	.000000
14.1099	.030309	.000000
14.12913	.030012	.000000
14.1484	.029846	.000000
14.16773	.029804	.000000
14.18711	.030098	.000000
14.20654	.030159	.000000
14.22604	.029804	.000000
14.24558	.029612	.000000
14.26517	.029650	.000000
14.28482	.029514	.000000
14.30453	.029134	.000000
14.32428	.028806	.000000
14.34409	.028687	.000000
14.36397	.028740	.000000
14.38389	.028774	.000000
14.40387	.028504	.000000
14.4239	.028491	.000000
14.44399	.028399	.000000
14.46413	.028167	.000000
14.48434	.028135	.000000
14.50458	.028071	.000000
14.52489	.027920	.000000
14.54527	.027826	.000000
14.56569	.027841	.000000
14.58618	.028039	.000000
14.60672	.028237	.000000
14.62733	.028212	.000000
14.64799	.028133	.000000
14.66871	.027945	.000000
14.68949	.027681	.000000
14.71032	.027483	.000000
14.73122	.027624	.000000
14.75217	.027728	.000000
14.77319	.027549	.000000
14.79427	.027266	.000000
14.8154	.027108	.000000
14.8366	.026912	.000000
14.85785	.026680	.000000
14.87917	.026746	.000000
14.90055	.026833	.000000
14.92199	.026671	.000000
14.94347	.026390	.000000
14.96504	.026172	.000000
14.98666	.025915	.000000
15.00835	.025755	.000000
15.0301	.025557	.000000
15.05192	.025459	.000000
15.07379	.025588	.000000
15.09574	.025772	.000000
15.11775	.025848	.000000
15.13982	.026113	.000000
15.16195	.026635	.000000
15.18415	.027257	.000000
15.20641	.027866	.000000
15.22874	.028582	.000000
15.25115	.029733	.000000
15.27361	.030901	.000000
15.29613	.032542	.000000
15.31873	.034279	.000000
15.34139	.035904	.000000
15.36412	.037850	.000000
15.38691	.039996	.000000
15.40976	.042261	.000000
15.43269	.044288	.000000
15.45569	.046327	.000000
15.47876	.048697	.000000
15.50189	.050653	.000000
15.5251	.052262	.000000
15.54838	.053998	.000000
15.57173	.055776	.000000
15.59515	.057510	.000000
15.61863	.058934	.000000
15.64219	.060208	.000000
15.66582	.061116	.000000
15.68952	.061977	.000000
15.71329	.062793	.000000
15.73712	.063611	.000000
15.76103	.064353	.000000
15.78502	.064794	.000000
15.80908	.065205	.000000
15.83322	.065499	.000000
15.85743	.065908	.000000
15.88171	.066450	.000000
15.90608	.066874	.000000
15.93051	.067210	.000000
15.95502	.067628	.000000
15.9796	.068265	.000000
16.00426	.068851	.000000
16.029	.069224	.000000
16.05381	.069848	.000000
16.07871	.070807	.000000
16.10368	.071941	.000000
16.12872	.072774	.000000
16.15384	.073556	.000000
16.17904	.074863	.000000
16.20432	.076120	.000000
16.22968	.077004	.000000
16.2551	.077914	.000000
16.28062	.079101	.000000
16.30622	.080625	.000000
16.3319	.081701	.000000
16.35766	.082340	.000000
16.3835	.083097	.000000
16.40942	.083723	.000000
16.43544	.084160	.000000
16.46152	.084919	.000000
16.4877	.085617	.000000
16.51395	.086018	.000000
16.54029	.086010	.000000
16.56671	.085980	.000000
16.59321	.085963	.000000
16.61981	.085571	.000000
16.64649	.085547	.000000
16.67325	.085494	.000000
16.7001	.084750	.000000
16.72704	.084281	.000000
16.75406	.084166	.000000
16.78117	.083764	.000000
16.80835	.083188	.000000
16.83564	.082634	.000000
16.86301	.082023	.000000
16.89047	.081709	.000000
16.91803	.081413	.000000
16.94567	.080893	.000000
16.9734	.080471	.000000
17.00124	.079781	.000000
17.02916	.079037	.000000
17.05716	.078479	.000000
17.08527	.078200	.000000
17.11346	.078257	.000000
17.14174	.078121	.000000
17.17012	.077673	.000000
17.19861	.077528	.000000
17.22718	.077332	.000000
17.25584	.077200	.000000
17.2846	.077217	.000000
17.31346	.077288	.000000
17.34241	.077034	.000000
17.37146	.076646	.000000
17.40058	.076009	.000000
17.42983	.075135	.000000
17.45917	.074272	.000000
17.48861	.073543	.000000
17.51815	.072785	.000000
17.54779	.071758	.000000
17.57753	.070445	.000000
17.60739	.069000	.000000
17.63733	.068007	.000000
17.66738	.067099	.000000
17.69753	.066256	.000000
17.72778	.064623	.000000
17.75813	.062844	.000000
17.78859	.061533	.000000
17.81914	.060592	.000000
17.84981	.060080	.000000
17.88058	.059228	.000000
17.91146	.058126	.000000
17.94245	.057517	.000000
17.97355	.057289	.000000
18.00475	.057429	.000000
18.03607	.057794	.000000
18.06749	.058260	.000000
18.09903	.058650	.000000
18.13067	.059304	.000000
18.16242	.060788	.000000
18.19428	.062629	.000000
18.22626	.064182	.000000
18.25836	.065699	.000000
18.29056	.067534	.000000
18.32287	.069256	.000000
18.3553	.070697	.000000
18.38785	.072080	.000000
18.42051	.073335	.000000
18.45328	.074196	.000000
18.48615	.074255	.000000
18.51917	.073610	.000000
18.55229	.072531	.000000
18.58554	.071596	.000000
18.61891	.070628	.000000
18.65239	.069100	.000000
18.686	.067545	.000000
18.71974	.065252	.000000
18.75359	.063289	.000000
18.78757	.062392	.000000
18.82166	.061178	.000000
18.85588	.059726	.000000
18.89023	.058109	.000000
18.9247	.056790	.000000
18.95931	.055854	.000000
18.99403	.054849	.000000
19.02888	.054322	.000000
19.06386	.053432	.000000
19.09897	.052483	.000000
19.13421	.051505	.000000
19.16957	.050589	.000000
19.20505	.050084	.000000
19.24068	.049611	.000000
19.27644	.048767	.000000
19.31234	.047893	.000000
19.34837	.047533	.000000
19.38453	.047179	.000000
19.42083	.045649	.000000
19.45728	.044697	.000000
19.49385	.044435	.000000
19.53056	.044070	.000000
19.56741	.043552	.000000
19.6044	.043135	.000000
19.64153	.042862	.000000
19.6788	.042764	.000000
19.71622	.042155	.000000
19.75378	.041279	.000000
19.79147	.040650	.000000
19.82932	.039894	.000000
19.8673	.039574	.000000
19.90544	.038986	.000000
19.94372	.038204	.000000
19.98215	.037963	.000000
20.02073	.037049	.000000
20.05945	.035451	.000000
20.09833	.034992	.000000
20.13736	.035399	.000000
20.17653	.034884	.000000
20.21587	.034091	.000000
20.25536	.033575	.000000
20.29499	.032910	.000000
20.33479	.032363	.000000
20.37474	.032354	.000000
20.41485	.032214	.000000
20.45512	.032020	.000000
20.49554	.031670	.000000
20.53609	.031340	.000000
20.57684	.031506	.000000
20.61775	.032235	.000000
20.65882	.032989	.000000
20.70005	.033236	.000000
20.74146	.034012	.000000
20.78302	.033955	.000000
20.82476	.033959	.000000
20.86666	.034458	.000000
20.90873	.034999	.000000
20.95097	.035474	.000000
20.99338	.036211	.000000
21.03597	.036878	.000000
21.07872	.036759	.000000
21.12166	.036482	.000000
21.16477	.036966	.000000
21.20805	.037569	.000000
21.25151	.037462	.000000
21.29515	.037430	.000000
21.33897	.037264	.000000
21.38296	.037884	.000000
21.42715	.038498	.000000
21.47152	.038677	.000000
21.51606	.038259	.000000
21.56079	.037013	.000000
21.60571	.036237	.000000
21.65082	.036633	.000000
21.69612	.037375	.000000
21.74161	.036851	.000000
21.78729	.036007	.000000
21.83315	.035333	.000000
21.87921	.035129	.000000
21.92547	.034737	.000000
21.97193	.034453	.000000
22.01858	.035459	.000000
22.06543	.035549	.000000
22.11248	.035301	.000000
22.15973	.036005	.000000
22.20718	.036759	.000000
22.25484	.037360	.000000
22.3027	.039384	.000000
22.35076	.040134	.000000
22.399	.039727	.000000
22.44748	.040375	.000000
22.49617	.041884	.000000
22.54508	.043380	.000000
22.5942	.045023	.000000
22.64353	.046227	.000000
22.69308	.046382	.000000
22.74285	.045852	.000000
22.79284	.045325	.000000
22.84304	.046448	.000000
22.89347	.047614	.000000
22.94412	.048027	.000000
22.99499	.048062	.000000
23.0461	.049178	.000000
23.09743	.050120	.000000
23.14899	.049575	.000000
23.20078	.049025	.000000
23.2528	.048795	.000000
23.30505	.048669	.000000
23.35754	.048905	.000000
23.41027	.048984	.000000
23.46324	.048773	.000000
23.51645	.048558	.000000
23.56989	.048362	.000000
23.62358	.048245	.000000
23.67752	.047733	.000000
23.7317	.046508	.000000
23.78613	.045430	.000000
23.84082	.046033	.000000
23.89576	.046894	.000000
23.95095	.045391	.000000
24.00639	.043388	.000000
24.06209	.045125	.000000
24.11805	.048200	.000000
24.17427	.047201	.000000
24.23076	.045223	.000000
24.28751	.043503	.000000
24.34452	.043032	.000000
24.4018	.043721	.000000
24.45936	.045057	.000000
24.51718	.045330	.000000
24.57528	.042197	.000000
24.63366	.041456	.000000
24.69231	.041852	.000000
24.75125	.041615	.000000
24.81046	.040765	.000000
24.86996	.040164	.000000
24.92974	.041961	.000000
24.98982	.042700	.000000
