Brown University Keck/NASA Relab Spectrum CK-JFM-065/BKR1CK065
Wavelength(micron)	Reflectance	Standard Deviation
0.32	.538805	.009248
0.325	.555402	.008482
0.33	.564580	.007083
0.335	.576340	.007508
0.34	.587864	.007811
0.345	.596275	.007677
0.35	.600529	.006863
0.355	.605212	.009204
0.36	.610854	.005289
0.365	.616903	.009744
0.37	.624550	.005256
0.375	.629888	.007291
0.38	.635179	.006186
0.385	.640915	.006294
0.39	.646631	.005892
0.395	.651083	.006662
0.4	.657190	.004409
0.405	.661212	.005340
0.41	.665010	.004072
0.415	.667236	.004925
0.42	.671966	.003588
0.425	.672896	.003551
0.43	.675887	.002985
0.435	.678316	.002946
0.44	.680966	.002470
0.445	.682960	.002808
0.45	.685197	.002480
0.455	.686809	.002754
0.46	.689082	.002754
0.465	.690978	.003018
0.47	.693096	.002775
0.475	.694883	.003401
0.48	.697618	.002545
0.485	.699163	.002891
0.49	.701602	.002349
0.495	.703509	.002805
0.5	.705827	.002309
0.505	.707032	.003026
0.51	.709055	.002597
0.515	.711059	.002639
0.52	.712047	.002282
0.525	.713671	.002433
0.53	.715504	.002180
0.535	.716126	.002310
0.54	.717673	.002461
0.545	.718483	.002018
0.55	.719598	.002163
0.555	.721555	.002356
0.56	.721356	.002311
0.565	.722893	.002339
0.57	.724629	.002245
0.575	.725070	.002433
0.58	.726672	.002156
0.585	.727778	.002201
0.59	.728831	.002254
0.595	.730083	.002382
0.6	.730555	.002308
0.605	.732175	.002301
0.61	.731971	.002248
0.615	.733371	.002264
0.62	.733736	.002118
0.625	.735676	.002529
0.63	.735264	.002212
0.635	.737237	.002348
0.64	.736835	.002407
0.645	.738373	.002254
0.65	.739203	.002353
0.655	.740414	.002362
0.66	.741366	.002371
0.665	.742296	.002429
0.67	.743069	.002430
0.675	.744318	.002445
0.68	.744989	.002432
0.685	.745916	.002408
0.69	.746550	.002372
0.695	.747380	.002379
0.7	.747818	.002367
0.705	.748391	.002427
0.71	.748851	.002482
0.715	.749582	.002721
0.72	.749641	.002461
0.725	.750527	.003058
0.73	.750481	.002472
0.735	.750818	.002812
0.74	.750948	.002698
0.745	.751505	.002819
0.75	.751577	.002729
0.755	.751625	.002717
0.76	.751566	.002607
0.765	.751820	.002748
0.77	.751852	.002644
0.775	.752229	.002867
0.78	.752429	.002833
0.785	.752858	.003044
0.79	.752743	.002934
0.795	.752982	.003085
0.8	.752730	.002892
0.805	.752468	.002936
0.81	.752422	.002763
0.815	.752422	.002745
0.82	.751942	.002572
0.825	.752087	.002548
0.83	.752328	.004642
0.835	.752629	.004519
0.84	.752395	.004413
0.845	.752583	.004355
0.85	.752337	.004254
0.855	.752003	.004160
0.86	.751841	.003969
0.865	.751612	.005251
0.87	.751430	.004822
0.875	.751036	.004885
0.88	.750938	.004473
0.885	.750656	.004334
0.89	.750487	.003897
0.895	.750552	.003725
0.9	.749685	.003155
0.905	.748244	.003602
0.91	.748659	.003180
0.915	.748575	.003393
0.92	.748101	.003001
0.925	.747350	.003349
0.93	.747332	.002875
0.935	.747174	.003766
0.94	.746888	.003518
0.945	.746702	.003986
0.95	.746477	.003077
0.955	.746123	.004003
0.96	.746470	.002903
0.965	.745382	.003385
0.97	.745134	.003122
0.975	.744784	.003222
0.98	.744707	.003157
0.985	.744291	.003309
0.99	.744242	.003259
0.995	.743796	.003402
1	.743436	.003292
1.005	.742861	.003273
1.01	.742695	.003112
1.015	.742535	.003066
1.02	.742275	.002913
1.025	.741777	.002949
1.03	.741771	.002791
1.035	.741412	.002803
1.04	.741108	.002740
1.045	.740990	.002742
1.05	.741008	.002652
1.055	.740925	.002691
1.06	.740837	.002611
1.065	.740688	.002602
1.07	.740738	.002505
1.075	.740720	.002574
1.08	.740814	.002566
1.085	.740834	.002699
1.09	.741130	.002735
1.095	.741160	.002928
1.1	.741121	.002912
1.105	.741183	.002902
1.11	.741300	.002750
1.115	.741357	.002852
1.12	.741179	.002659
1.125	.741026	.002918
1.13	.740902	.002645
1.135	.741295	.002649
1.14	.741731	.002661
1.145	.741482	.002499
1.15	.741673	.002601
1.155	.741205	.002652
1.16	.742084	.002497
1.165	.741219	.002822
1.17	.741399	.002424
1.175	.741634	.002539
1.18	.742165	.002538
1.185	.741925	.002414
1.19	.741737	.002301
1.195	.741601	.002483
1.2	.742050	.002424
1.205	.741770	.002594
1.21	.742725	.002261
1.215	.742465	.002392
1.22	.742256	.002335
1.225	.742001	.002486
1.23	.742478	.002236
1.235	.742135	.002592
1.24	.742939	.002270
1.245	.742477	.002434
1.25	.742761	.002180
1.255	.742476	.002616
1.26	.742834	.002231
1.265	.742746	.002400
1.27	.742769	.002181
1.275	.743079	.002403
1.28	.743708	.002318
1.285	.743286	.002302
1.29	.744104	.002269
1.295	.743748	.002422
1.3	.744047	.002232
1.305	.745004	.002726
1.31	.744469	.002704
1.315	.744855	.002875
1.32	.745241	.002616
1.325	.745424	.002451
1.33	.746228	.002593
1.335	.745705	.002518
1.34	.746272	.002573
1.345	.746333	.002664
1.35	.746334	.002622
1.355	.746904	.003080
1.36	.747050	.003119
1.365	.747232	.003325
1.37	.747226	.003065
1.375	.746712	.003320
1.38	.747153	.003268
1.385	.747829	.003457
1.39	.748276	.003272
1.395	.748313	.003319
1.4	.748702	.003009
1.405	.748643	.002973
1.41	.748829	.002761
1.415	.748982	.002775
1.42	.749276	.002658
1.425	.749728	.002647
1.43	.750435	.002589
1.435	.750684	.002504
1.44	.751088	.002459
1.445	.750889	.002584
1.45	.751548	.002519
1.455	.751824	.002650
1.46	.751674	.002658
1.465	.752161	.002791
1.47	.752440	.002844
1.475	.753041	.002757
1.48	.753347	.002628
1.485	.752995	.002524
1.49	.753304	.002620
1.495	.753875	.002774
1.5	.754229	.002529
1.505	.754735	.002543
1.51	.754964	.002708
1.515	.754963	.002631
1.52	.755179	.002635
1.525	.755309	.002520
1.53	.755643	.002588
1.535	.755945	.002422
1.54	.756576	.002721
1.545	.756026	.002573
1.55	.756879	.002580
1.555	.756760	.002649
1.56	.757087	.002683
1.565	.757773	.002677
1.57	.757868	.002561
1.575	.757671	.002613
1.58	.757765	.002721
1.585	.759302	.002597
1.59	.758677	.002803
1.595	.758909	.002659
1.6	.758395	.002760
1.605	.759297	.002571
1.61	.759025	.002772
1.615	.759237	.002720
1.62	.760185	.002733
1.625	.759974	.002826
1.63	.759847	.002644
1.635	.759955	.002612
1.64	.759677	.002690
1.645	.760342	.002628
1.65	.760956	.002548
1.655	.761904	.002758
1.66	.761806	.002633
1.665	.762442	.002587
1.67	.762253	.002798
1.675	.763451	.002843
1.68	.763895	.002655
1.685	.764265	.002806
1.69	.764855	.002883
1.695	.765122	.002913
1.7	.764829	.002908
1.705	.764943	.002695
1.71	.765131	.002913
1.715	.764738	.002785
1.72	.764772	.002757
1.725	.764948	.002839
1.73	.764908	.002738
1.735	.765133	.002792
1.74	.765289	.002852
1.745	.764264	.002796
1.75	.764273	.002943
1.755	.764526	.002674
1.76	.764561	.002787
1.765	.764222	.002735
1.77	.763774	.002813
1.775	.764699	.002751
1.78	.764213	.002667
1.785	.764455	.002638
1.79	.764341	.002583
1.795	.764883	.002688
1.8	.764609	.002648
1.805	.764641	.002531
1.81	.764413	.002506
1.815	.764547	.002501
1.82	.764482	.002500
1.825	.764819	.002713
1.83	.764537	.002726
1.835	.764529	.002831
1.84	.764276	.002845
1.845	.764209	.002876
1.85	.763808	.002700
1.855	.764252	.002736
1.86	.764101	.002669
1.865	.763364	.002793
1.87	.762855	.002796
1.875	.762448	.002839
1.88	.761728	.002795
1.885	.761896	.002756
1.89	.761451	.002687
1.895	.761138	.002626
1.9	.760826	.002577
1.905	.760520	.002567
1.91	.759800	.002586
1.915	.759447	.002733
1.92	.759086	.002696
1.925	.758959	.003238
1.93	.759068	.002535
1.935	.759176	.002509
1.94	.759181	.002490
1.945	.759040	.002655
1.95	.759319	.002511
1.955	.759246	.002667
1.96	.759440	.002586
1.965	.759504	.002585
1.97	.759830	.002666
1.975	.759900	.002792
1.98	.760017	.002631
1.985	.760496	.002666
1.99	.760884	.002475
1.995	.761233	.002812
2	.761358	.002519
2.005	.761440	.002892
2.01	.761378	.002716
2.015	.762018	.002711
2.02	.762018	.002858
2.025	.762325	.002783
2.03	.762685	.002683
2.035	.762296	.002653
2.04	.762485	.002631
2.045	.762455	.002733
2.05	.762276	.002617
2.055	.762426	.002698
2.06	.762065	.002741
2.065	.761764	.002751
2.07	.761691	.002738
2.075	.761906	.002900
2.08	.761725	.002837
2.085	.762230	.002840
2.09	.762179	.003014
2.095	.761434	.002760
2.1	.761433	.002872
2.105	.762166	.002967
2.11	.762356	.003037
2.115	.763293	.003077
2.12	.762991	.002916
2.125	.763163	.002740
2.13	.763580	.002821
2.135	.764076	.002734
2.14	.765074	.002804
2.145	.764966	.002720
2.15	.765326	.002663
2.155	.765722	.002714
2.16	.765310	.002725
2.165	.765566	.002660
2.17	.765097	.002742
2.175	.765205	.002763
2.18	.765256	.002711
2.185	.766255	.003189
2.19	.765825	.002675
2.195	.766929	.003171
2.2	.765958	.002837
2.205	.766184	.003751
2.21	.764511	.002653
2.215	.765467	.002964
2.22	.764979	.002786
2.225	.765036	.002746
2.23	.765147	.002718
2.235	.765569	.002848
2.24	.765442	.002885
2.245	.766749	.002927
2.25	.765650	.002803
2.255	.766536	.002846
2.26	.766836	.002807
2.265	.767205	.002576
2.27	.767189	.002660
2.275	.767357	.002765
2.28	.767318	.002850
2.285	.767620	.002748
2.29	.768013	.002542
2.295	.767831	.002663
2.3	.767578	.002727
2.305	.769339	.002770
2.31	.769271	.002630
2.315	.769096	.002724
2.32	.769153	.002755
2.325	.769277	.002618
2.33	.768561	.002895
2.335	.770245	.002627
2.34	.769090	.002732
2.345	.769194	.002891
2.35	.769632	.002552
2.355	.769716	.002630
2.36	.770077	.002573
2.365	.770148	.002656
2.37	.769983	.002804
2.375	.770278	.002828
2.38	.770489	.002701
2.385	.770634	.002562
2.39	.770808	.002773
2.395	.770565	.002874
2.4	.770162	.002663
2.405	.770295	.002658
2.41	.770567	.002679
2.415	.771176	.002871
2.42	.771152	.002926
2.425	.771238	.002844
2.43	.771206	.002747
2.435	.771521	.003049
2.44	.771458	.002888
2.445	.771411	.003125
2.45	.770370	.002910
2.455	.771487	.002890
2.46	.771245	.002978
2.465	.771704	.002940
2.47	.770855	.002884
2.475	.770777	.002890
2.48	.771676	.002891
2.485	.770980	.002808
2.49	.771238	.002742
2.495	.770668	.002827
2.5	.771820	.002701
2.50029	.771760	.000000
2.50059	.771926	.000000
2.50089	.771769	.000000
2.50119	.771900	.000000
2.50149	.772156	.000000
2.50179	.772189	.000000
2.5021	.772175	.000000
2.5024	.772255	.000000
2.5027	.771863	.000000
2.503	.771762	.000000
2.5033	.771781	.000000
2.50361	.771582	.000000
2.50391	.771698	.000000
2.50421	.771810	.000000
2.50451	.771697	.000000
2.50482	.771291	.000000
2.50512	.771495	.000000
2.50542	.771585	.000000
2.50572	.771370	.000000
2.50603	.771582	.000000
2.50633	.771744	.000000
2.50663	.771877	.000000
2.50694	.772083	.000000
2.50724	.772052	.000000
2.50754	.772055	.000000
2.50785	.772156	.000000
2.50815	.772564	.000000
2.50845	.772511	.000000
2.50876	.771861	.000000
2.50906	.771453	.000000
2.50936	.771472	.000000
2.50967	.771737	.000000
2.50997	.771907	.000000
2.51027	.772216	.000000
2.51058	.772357	.000000
2.51088	.772315	.000000
2.51119	.772548	.000000
2.51149	.772287	.000000
2.51179	.771783	.000000
2.5121	.771903	.000000
2.5124	.772105	.000000
2.51271	.772235	.000000
2.51301	.772235	.000000
2.51332	.772050	.000000
2.51362	.771917	.000000
2.51392	.771819	.000000
2.51423	.772189	.000000
2.51453	.772272	.000000
2.51484	.771924	.000000
2.51514	.771822	.000000
2.51545	.772454	.000000
2.51576	.772739	.000000
2.51606	.772184	.000000
2.51637	.771785	.000000
2.51667	.771621	.000000
2.51698	.771909	.000000
2.51728	.771999	.000000
2.51759	.771955	.000000
2.51789	.772076	.000000
2.5182	.772129	.000000
2.5185	.771856	.000000
2.51881	.771806	.000000
2.51912	.772152	.000000
2.51942	.772348	.000000
2.51973	.772278	.000000
2.52003	.772205	.000000
2.52034	.772152	.000000
2.52065	.772543	.000000
2.52095	.772430	.000000
2.52126	.771877	.000000
2.52157	.771732	.000000
2.52187	.772105	.000000
2.52218	.772477	.000000
2.52249	.773035	.000000
2.52279	.772700	.000000
2.5231	.771916	.000000
2.52341	.772142	.000000
2.52371	.772836	.000000
2.52402	.772663	.000000
2.52433	.772112	.000000
2.52464	.772036	.000000
2.52494	.771910	.000000
2.52525	.771965	.000000
2.52556	.772108	.000000
2.52587	.772142	.000000
2.52617	.772424	.000000
2.52648	.772619	.000000
2.52679	.772195	.000000
2.5271	.772304	.000000
2.52741	.772246	.000000
2.52771	.772149	.000000
2.52802	.772398	.000000
2.52833	.772318	.000000
2.52864	.772417	.000000
2.52895	.772664	.000000
2.52925	.772786	.000000
2.52956	.772583	.000000
2.52987	.772166	.000000
2.53018	.772232	.000000
2.53049	.772451	.000000
2.5308	.772449	.000000
2.53111	.772596	.000000
2.53142	.772467	.000000
2.53172	.772228	.000000
2.53203	.772581	.000000
2.53234	.772756	.000000
2.53265	.773014	.000000
2.53296	.772680	.000000
2.53327	.772553	.000000
2.53358	.772723	.000000
2.53389	.772866	.000000
2.5342	.772779	.000000
2.53451	.772129	.000000
2.53482	.772193	.000000
2.53513	.772583	.000000
2.53544	.772350	.000000
2.53575	.771972	.000000
2.53606	.772011	.000000
2.53637	.772557	.000000
2.53668	.772587	.000000
2.53699	.772301	.000000
2.5373	.772306	.000000
2.53761	.772435	.000000
2.53792	.772460	.000000
2.53823	.772742	.000000
2.53854	.772641	.000000
2.53885	.772453	.000000
2.53916	.772527	.000000
2.53947	.772325	.000000
2.53979	.772594	.000000
2.5401	.773044	.000000
2.54041	.772850	.000000
2.54072	.772797	.000000
2.54103	.772942	.000000
2.54134	.772634	.000000
2.54165	.772539	.000000
2.54196	.772712	.000000
2.54228	.772571	.000000
2.54259	.772082	.000000
2.5429	.772163	.000000
2.54321	.772603	.000000
2.54352	.772807	.000000
2.54384	.773152	.000000
2.54415	.773238	.000000
2.54446	.773109	.000000
2.54477	.772825	.000000
2.54508	.772493	.000000
2.5454	.772513	.000000
2.54571	.772675	.000000
2.54602	.772823	.000000
2.54633	.772610	.000000
2.54665	.772518	.000000
2.54696	.772634	.000000
2.54727	.772659	.000000
2.54759	.772652	.000000
2.5479	.772560	.000000
2.54821	.772737	.000000
2.54852	.772832	.000000
2.54884	.772726	.000000
2.54915	.772779	.000000
2.54946	.772693	.000000
2.54978	.772583	.000000
2.55009	.772702	.000000
2.5504	.772841	.000000
2.55072	.772223	.000000
2.55103	.771958	.000000
2.55135	.772922	.000000
2.55166	.773072	.000000
2.55197	.772807	.000000
2.55229	.772793	.000000
2.5526	.772458	.000000
2.55292	.772514	.000000
2.55323	.772682	.000000
2.55355	.772663	.000000
2.55386	.772603	.000000
2.55417	.772714	.000000
2.55449	.772963	.000000
2.5548	.773060	.000000
2.55512	.773191	.000000
2.55543	.773237	.000000
2.55575	.772979	.000000
2.55606	.772486	.000000
2.55638	.772739	.000000
2.55669	.773030	.000000
2.55701	.773005	.000000
2.55732	.772790	.000000
2.55764	.772641	.000000
2.55795	.772534	.000000
2.55827	.772763	.000000
2.55859	.773157	.000000
2.5589	.773141	.000000
2.55922	.772645	.000000
2.55953	.772352	.000000
2.55985	.772700	.000000
2.56016	.773254	.000000
2.56048	.773157	.000000
2.5608	.773023	.000000
2.56111	.772384	.000000
2.56143	.772292	.000000
2.56175	.772774	.000000
2.56206	.772843	.000000
2.56238	.772569	.000000
2.5627	.772716	.000000
2.56301	.772777	.000000
2.56333	.772770	.000000
2.56365	.773033	.000000
2.56396	.773083	.000000
2.56428	.772758	.000000
2.5646	.772599	.000000
2.56491	.772853	.000000
2.56523	.772952	.000000
2.56555	.772857	.000000
2.56587	.772721	.000000
2.56618	.773092	.000000
2.5665	.773116	.000000
2.56682	.772966	.000000
2.56714	.773081	.000000
2.56745	.772797	.000000
2.56777	.772438	.000000
2.56809	.772966	.000000
2.56841	.773687	.000000
2.56873	.774130	.000000
2.56904	.773830	.000000
2.56936	.772998	.000000
2.56968	.772470	.000000
2.57	.773014	.000000
2.57032	.773584	.000000
2.57064	.773720	.000000
2.57096	.773565	.000000
2.57127	.773018	.000000
2.57159	.772737	.000000
2.57191	.772663	.000000
2.57223	.773005	.000000
2.57255	.773079	.000000
2.57287	.772682	.000000
2.57319	.772412	.000000
2.57351	.772866	.000000
2.57383	.773348	.000000
2.57415	.773192	.000000
2.57447	.772998	.000000
2.57479	.772820	.000000
2.57511	.772859	.000000
2.57543	.772837	.000000
2.57575	.773049	.000000
2.57606	.772966	.000000
2.57639	.772654	.000000
2.57671	.772498	.000000
2.57703	.772724	.000000
2.57735	.773111	.000000
2.57767	.773217	.000000
2.57799	.773083	.000000
2.57831	.773048	.000000
2.57863	.773358	.000000
2.57895	.773666	.000000
2.57927	.773284	.000000
2.57959	.773196	.000000
2.57991	.773454	.000000
2.58023	.773503	.000000
2.58055	.772947	.000000
2.58087	.772650	.000000
2.58119	.772698	.000000
2.58152	.773129	.000000
2.58184	.773427	.000000
2.58216	.773111	.000000
2.58248	.773044	.000000
2.5828	.772896	.000000
2.58312	.772613	.000000
2.58345	.772597	.000000
2.58377	.772620	.000000
2.58409	.772716	.000000
2.58441	.773111	.000000
2.58473	.773766	.000000
2.58506	.773277	.000000
2.58538	.773295	.000000
2.5857	.773620	.000000
2.58602	.773652	.000000
2.58634	.773547	.000000
2.58667	.773494	.000000
2.58699	.772862	.000000
2.58731	.772590	.000000
2.58764	.772931	.000000
2.58796	.773293	.000000
2.58828	.773440	.000000
2.5886	.773081	.000000
2.58893	.772868	.000000
2.58925	.772679	.000000
2.58957	.772795	.000000
2.5899	.772830	.000000
2.59022	.773065	.000000
2.59054	.773607	.000000
2.59087	.773632	.000000
2.59119	.773168	.000000
2.59152	.772661	.000000
2.59184	.772693	.000000
2.59216	.772878	.000000
2.59249	.773109	.000000
2.59281	.773321	.000000
2.59314	.773664	.000000
2.59346	.773980	.000000
2.59378	.773865	.000000
2.59411	.772965	.000000
2.59443	.771827	.000000
2.59476	.772385	.000000
2.59508	.773516	.000000
2.59541	.773482	.000000
2.59573	.772709	.000000
2.59606	.772407	.000000
2.59638	.772915	.000000
2.59671	.773577	.000000
2.59703	.773874	.000000
2.59736	.773350	.000000
2.59768	.773251	.000000
2.59801	.773623	.000000
2.59833	.773989	.000000
2.59866	.773447	.000000
2.59899	.772931	.000000
2.59931	.772915	.000000
2.59964	.773426	.000000
2.59996	.773570	.000000
2.60029	.773371	.000000
2.60062	.772996	.000000
2.60094	.772968	.000000
2.60127	.772920	.000000
2.60159	.772806	.000000
2.60192	.773420	.000000
2.60225	.773920	.000000
2.60257	.773745	.000000
2.6029	.773201	.000000
2.60323	.773092	.000000
2.60355	.773367	.000000
2.60388	.773390	.000000
2.60421	.773666	.000000
2.60453	.773768	.000000
2.60486	.773381	.000000
2.60519	.772671	.000000
2.60552	.772234	.000000
2.60584	.773256	.000000
2.60617	.773584	.000000
2.6065	.773344	.000000
2.60683	.773632	.000000
2.60715	.773290	.000000
2.60748	.772659	.000000
2.60781	.773072	.000000
2.60814	.773523	.000000
2.60847	.773825	.000000
2.60879	.773728	.000000
2.60912	.773268	.000000
2.60945	.773120	.000000
2.60978	.773194	.000000
2.61011	.773689	.000000
2.61044	.773645	.000000
2.61076	.773736	.000000
2.61109	.773426	.000000
2.61142	.772836	.000000
2.61175	.772928	.000000
2.61208	.773337	.000000
2.61241	.773397	.000000
2.61274	.773053	.000000
2.61307	.772680	.000000
2.6134	.773101	.000000
2.61372	.773378	.000000
2.61405	.773115	.000000
2.61438	.773265	.000000
2.61471	.773281	.000000
2.61504	.773138	.000000
2.61537	.773076	.000000
2.6157	.773263	.000000
2.61603	.773118	.000000
2.61636	.772472	.000000
2.61669	.772845	.000000
2.61702	.772795	.000000
2.61735	.772733	.000000
2.61768	.772995	.000000
2.61801	.772860	.000000
2.61834	.773007	.000000
2.61868	.773000	.000000
2.61901	.772839	.000000
2.61934	.773434	.000000
2.61967	.773433	.000000
2.62	.772391	.000000
2.62033	.771529	.000000
2.62066	.772412	.000000
2.62099	.773553	.000000
2.62132	.773526	.000000
2.62165	.773482	.000000
2.62199	.773729	.000000
2.62232	.773450	.000000
2.62265	.773404	.000000
2.62298	.773470	.000000
2.62331	.773267	.000000
2.62364	.773169	.000000
2.62398	.773516	.000000
2.62431	.773332	.000000
2.62464	.772926	.000000
2.62497	.772968	.000000
2.6253	.773233	.000000
2.62564	.773244	.000000
2.62597	.773138	.000000
2.6263	.773048	.000000
2.62663	.772763	.000000
2.62697	.772816	.000000
2.6273	.772800	.000000
2.62763	.772989	.000000
2.62797	.773320	.000000
2.6283	.772947	.000000
2.62863	.772288	.000000
2.62897	.772392	.000000
2.6293	.772906	.000000
2.62963	.772961	.000000
2.62997	.772883	.000000
2.6303	.772274	.000000
2.63063	.772129	.000000
2.63097	.772919	.000000
2.6313	.772989	.000000
2.63163	.772629	.000000
2.63197	.772792	.000000
2.6323	.773268	.000000
2.63264	.773196	.000000
2.63297	.772919	.000000
2.63331	.772896	.000000
2.63364	.772709	.000000
2.63397	.772550	.000000
2.63431	.772880	.000000
2.63464	.772758	.000000
2.63498	.772836	.000000
2.63531	.772906	.000000
2.63565	.772703	.000000
2.63598	.772859	.000000
2.63632	.772991	.000000
2.63665	.772986	.000000
2.63699	.773064	.000000
2.63732	.772883	.000000
2.63766	.772633	.000000
2.63799	.772763	.000000
2.63833	.772414	.000000
2.63867	.772419	.000000
2.639	.772800	.000000
2.63934	.772767	.000000
2.63967	.772878	.000000
2.64001	.772634	.000000
2.64035	.772608	.000000
2.64068	.772905	.000000
2.64102	.773049	.000000
2.64135	.772929	.000000
2.64169	.773078	.000000
2.64203	.773150	.000000
2.64236	.772896	.000000
2.6427	.772269	.000000
2.64304	.772147	.000000
2.64337	.772391	.000000
2.64371	.772634	.000000
2.64405	.772749	.000000
2.64439	.772650	.000000
2.64472	.772013	.000000
2.64506	.772189	.000000
2.6454	.772324	.000000
2.64573	.772142	.000000
2.64607	.772454	.000000
2.64641	.772862	.000000
2.64675	.772675	.000000
2.64709	.772115	.000000
2.64742	.771951	.000000
2.64776	.772202	.000000
2.6481	.772325	.000000
2.64844	.772246	.000000
2.64878	.771949	.000000
2.64911	.771554	.000000
2.64945	.771721	.000000
2.64979	.771912	.000000
2.65013	.772082	.000000
2.65047	.772362	.000000
2.65081	.772027	.000000
2.65115	.771457	.000000
2.65149	.771344	.000000
2.65182	.771592	.000000
2.65216	.771509	.000000
2.6525	.771541	.000000
2.65284	.771522	.000000
2.65318	.771495	.000000
2.65352	.771630	.000000
2.65386	.771596	.000000
2.6542	.771534	.000000
2.65454	.771216	.000000
2.65488	.771266	.000000
2.65522	.771492	.000000
2.65556	.771395	.000000
2.6559	.771110	.000000
2.65624	.771261	.000000
2.65658	.771123	.000000
2.65692	.770987	.000000
2.65726	.771278	.000000
2.6576	.771229	.000000
2.65794	.771004	.000000
2.65828	.770895	.000000
2.65862	.770808	.000000
2.65896	.770536	.000000
2.6593	.770141	.000000
2.65965	.769978	.000000
2.65999	.769904	.000000
2.66033	.769675	.000000
2.66067	.769752	.000000
2.66101	.769867	.000000
2.66135	.769763	.000000
2.66169	.769601	.000000
2.66204	.769622	.000000
2.66238	.769646	.000000
2.66272	.769526	.000000
2.66306	.769210	.000000
2.6634	.768755	.000000
2.66375	.768617	.000000
2.66409	.768391	.000000
2.66443	.768248	.000000
2.66477	.767480	.000000
2.66511	.767423	.000000
2.66546	.768543	.000000
2.6658	.768841	.000000
2.66614	.768822	.000000
2.66649	.768186	.000000
2.66683	.766915	.000000
2.66717	.766962	.000000
2.66751	.767806	.000000
2.66786	.767852	.000000
2.6682	.767704	.000000
2.66854	.767614	.000000
2.66889	.767826	.000000
2.66923	.767745	.000000
2.66957	.767091	.000000
2.66992	.765947	.000000
2.67026	.764425	.000000
2.67061	.764402	.000000
2.67095	.765413	.000000
2.67129	.765956	.000000
2.67164	.766070	.000000
2.67198	.765693	.000000
2.67233	.765186	.000000
2.67267	.764548	.000000
2.67301	.764193	.000000
2.67336	.763877	.000000
2.6737	.763480	.000000
2.67405	.763074	.000000
2.67439	.762768	.000000
2.67474	.762445	.000000
2.67508	.762060	.000000
2.67543	.761899	.000000
2.67577	.761189	.000000
2.67612	.760472	.000000
2.67646	.760630	.000000
2.67681	.760476	.000000
2.67716	.760446	.000000
2.6775	.760474	.000000
2.67785	.760481	.000000
2.67819	.760416	.000000
2.67854	.760393	.000000
2.67888	.760061	.000000
2.67923	.759070	.000000
2.67958	.759215	.000000
2.67992	.759906	.000000
2.68027	.759906	.000000
2.68062	.759780	.000000
2.68096	.759436	.000000
2.68131	.759143	.000000
2.68166	.758613	.000000
2.682	.758258	.000000
2.68235	.758306	.000000
2.6827	.758034	.000000
2.68304	.757808	.000000
2.68339	.757597	.000000
2.68374	.757696	.000000
2.68408	.757728	.000000
2.68443	.757449	.000000
2.68478	.757103	.000000
2.68513	.756999	.000000
2.68548	.756930	.000000
2.68582	.756722	.000000
2.68617	.756268	.000000
2.68652	.755586	.000000
2.68687	.755701	.000000
2.68721	.755690	.000000
2.68756	.755434	.000000
2.68791	.754968	.000000
2.68826	.754512	.000000
2.68861	.754659	.000000
2.68896	.754659	.000000
2.68931	.754580	.000000
2.68965	.754488	.000000
2.69	.754521	.000000
2.69035	.754203	.000000
2.6907	.753979	.000000
2.69105	.753636	.000000
2.6914	.753070	.000000
2.69175	.753103	.000000
2.6921	.753315	.000000
2.69245	.752849	.000000
2.6928	.752605	.000000
2.69315	.752104	.000000
2.6935	.751491	.000000
2.69385	.751620	.000000
2.6942	.752072	.000000
2.69455	.751989	.000000
2.6949	.751569	.000000
2.69525	.751380	.000000
2.6956	.751184	.000000
2.69595	.750664	.000000
2.6963	.750610	.000000
2.69665	.750892	.000000
2.697	.750528	.000000
2.69735	.750075	.000000
2.6977	.749811	.000000
2.69805	.749824	.000000
2.6984	.749501	.000000
2.69875	.749306	.000000
2.69911	.748879	.000000
2.69946	.748344	.000000
2.69981	.748197	.000000
2.70016	.747971	.000000
2.70051	.747731	.000000
2.70086	.747505	.000000
2.70122	.746763	.000000
2.70157	.746107	.000000
2.70192	.745978	.000000
2.70227	.746239	.000000
2.70262	.746336	.000000
2.70298	.746043	.000000
2.70333	.745488	.000000
2.70368	.745418	.000000
2.70403	.745252	.000000
2.70439	.745082	.000000
2.70474	.744750	.000000
2.70509	.744385	.000000
2.70544	.744394	.000000
2.7058	.744178	.000000
2.70615	.743647	.000000
2.7065	.743242	.000000
2.70686	.742947	.000000
2.70721	.742727	.000000
2.70756	.742677	.000000
2.70792	.742545	.000000
2.70827	.742585	.000000
2.70862	.742471	.000000
2.70898	.742214	.000000
2.70933	.741955	.000000
2.70969	.741520	.000000
2.71004	.740869	.000000
2.71039	.740215	.000000
2.71075	.739154	.000000
2.7111	.738732	.000000
2.71146	.739387	.000000
2.71181	.739537	.000000
2.71217	.739149	.000000
2.71252	.738421	.000000
2.71288	.738271	.000000
2.71323	.738395	.000000
2.71359	.738229	.000000
2.71394	.737803	.000000
2.7143	.737291	.000000
2.71465	.736848	.000000
2.71501	.736512	.000000
2.71536	.736048	.000000
2.71572	.736030	.000000
2.71607	.735742	.000000
2.71643	.735386	.000000
2.71678	.734822	.000000
2.71714	.734195	.000000
2.7175	.733969	.000000
2.71785	.734086	.000000
2.71821	.734179	.000000
2.71857	.733563	.000000
2.71892	.733074	.000000
2.71928	.733404	.000000
2.71963	.733302	.000000
2.71999	.731942	.000000
2.72035	.731239	.000000
2.7207	.731350	.000000
2.72106	.730750	.000000
2.72142	.730755	.000000
2.72178	.730697	.000000
2.72213	.730109	.000000
2.72249	.729426	.000000
2.72285	.728943	.000000
2.72321	.728544	.000000
2.72356	.728419	.000000
2.72392	.727607	.000000
2.72428	.726996	.000000
2.72464	.727031	.000000
2.72499	.726515	.000000
2.72535	.725832	.000000
2.72571	.725579	.000000
2.72607	.725447	.000000
2.72643	.724843	.000000
2.72679	.724809	.000000
2.72715	.724928	.000000
2.7275	.724244	.000000
2.72786	.723533	.000000
2.72822	.723300	.000000
2.72858	.722941	.000000
2.72894	.722561	.000000
2.7293	.721929	.000000
2.72966	.721237	.000000
2.73002	.720946	.000000
2.73038	.720700	.000000
2.73074	.720562	.000000
2.7311	.719946	.000000
2.73146	.719393	.000000
2.73181	.719074	.000000
2.73217	.718450	.000000
2.73253	.717986	.000000
2.73289	.717573	.000000
2.73326	.717055	.000000
2.73362	.716674	.000000
2.73398	.715992	.000000
2.73434	.715582	.000000
2.7347	.714747	.000000
2.73506	.713982	.000000
2.73542	.713719	.000000
2.73578	.713606	.000000
2.73614	.713405	.000000
2.7365	.713031	.000000
2.73686	.712285	.000000
2.73722	.711425	.000000
2.73758	.710807	.000000
2.73795	.710297	.000000
2.73831	.709760	.000000
2.73867	.709356	.000000
2.73903	.708699	.000000
2.73939	.708042	.000000
2.73975	.707155	.000000
2.74012	.705953	.000000
2.74048	.706144	.000000
2.74084	.706428	.000000
2.7412	.705580	.000000
2.74157	.704671	.000000
2.74193	.704492	.000000
2.74229	.704026	.000000
2.74265	.703458	.000000
2.74302	.702954	.000000
2.74338	.702373	.000000
2.74374	.702001	.000000
2.7441	.701436	.000000
2.74447	.700697	.000000
2.74483	.700055	.000000
2.74519	.699329	.000000
2.74556	.698349	.000000
2.74592	.697950	.000000
2.74628	.697874	.000000
2.74665	.697317	.000000
2.74701	.696719	.000000
2.74738	.696279	.000000
2.74774	.695830	.000000
2.7481	.695101	.000000
2.74847	.694432	.000000
2.74883	.694073	.000000
2.7492	.693439	.000000
2.74956	.692908	.000000
2.74993	.692518	.000000
2.75029	.691739	.000000
2.75066	.690884	.000000
2.75102	.690646	.000000
2.75139	.690277	.000000
2.75175	.689544	.000000
2.75212	.689247	.000000
2.75248	.688615	.000000
2.75285	.687773	.000000
2.75321	.687151	.000000
2.75358	.686766	.000000
2.75394	.686406	.000000
2.75431	.685865	.000000
2.75467	.684922	.000000
2.75504	.684045	.000000
2.75541	.684214	.000000
2.75577	.683695	.000000
2.75614	.682934	.000000
2.7565	.682881	.000000
2.75687	.682388	.000000
2.75724	.680977	.000000
2.7576	.680018	.000000
2.75797	.680031	.000000
2.75834	.680036	.000000
2.75871	.679573	.000000
2.75907	.678934	.000000
2.75944	.678291	.000000
2.75981	.677631	.000000
2.76017	.677376	.000000
2.76054	.676848	.000000
2.76091	.676040	.000000
2.76128	.675400	.000000
2.76164	.674982	.000000
2.76201	.674473	.000000
2.76238	.673576	.000000
2.76275	.673543	.000000
2.76312	.673513	.000000
2.76348	.672684	.000000
2.76385	.672397	.000000
2.76422	.672059	.000000
2.76459	.671674	.000000
2.76496	.670994	.000000
2.76533	.670140	.000000
2.7657	.669734	.000000
2.76606	.669500	.000000
2.76643	.668918	.000000
2.7668	.668639	.000000
2.76717	.668446	.000000
2.76754	.667982	.000000
2.76791	.667491	.000000
2.76828	.667191	.000000
2.76865	.666737	.000000
2.76902	.666355	.000000
2.76939	.665889	.000000
2.76976	.665502	.000000
2.77013	.664987	.000000
2.7705	.664211	.000000
2.77087	.664187	.000000
2.77124	.663945	.000000
2.77161	.663300	.000000
2.77198	.662922	.000000
2.77235	.662691	.000000
2.77272	.662488	.000000
2.77309	.661831	.000000
2.77346	.660660	.000000
2.77383	.660289	.000000
2.7742	.660531	.000000
2.77457	.660399	.000000
2.77495	.659970	.000000
2.77532	.659685	.000000
2.77569	.659101	.000000
2.77606	.658299	.000000
2.77643	.657817	.000000
2.7768	.657421	.000000
2.77718	.657294	.000000
2.77755	.657042	.000000
2.77792	.656740	.000000
2.77829	.656431	.000000
2.77866	.656090	.000000
2.77904	.655445	.000000
2.77941	.654773	.000000
2.77978	.654788	.000000
2.78015	.654700	.000000
2.78053	.654437	.000000
2.7809	.653937	.000000
2.78127	.653344	.000000
2.78165	.653047	.000000
2.78202	.652731	.000000
2.78239	.652138	.000000
2.78277	.651520	.000000
2.78314	.651423	.000000
2.78351	.651329	.000000
2.78389	.650909	.000000
2.78426	.650665	.000000
2.78463	.650464	.000000
2.78501	.650183	.000000
2.78538	.649987	.000000
2.78576	.649831	.000000
2.78613	.649307	.000000
2.7865	.648699	.000000
2.78688	.648286	.000000
2.78725	.648083	.000000
2.78763	.648131	.000000
2.788	.647481	.000000
2.78838	.646896	.000000
2.78875	.646858	.000000
2.78913	.646759	.000000
2.7895	.646708	.000000
2.78988	.646337	.000000
2.79025	.645763	.000000
2.79063	.645586	.000000
2.791	.645206	.000000
2.79138	.644882	.000000
2.79176	.644479	.000000
2.79213	.644346	.000000
2.79251	.643983	.000000
2.79288	.643614	.000000
2.79326	.643569	.000000
2.79364	.643209	.000000
2.79401	.642890	.000000
2.79439	.642725	.000000
2.79477	.642778	.000000
2.79514	.642512	.000000
2.79552	.642015	.000000
2.7959	.641809	.000000
2.79627	.641576	.000000
2.79665	.641226	.000000
2.79703	.640850	.000000
2.7974	.640536	.000000
2.79778	.640338	.000000
2.79816	.640295	.000000
2.79854	.640144	.000000
2.79891	.639660	.000000
2.79929	.639095	.000000
2.79967	.638911	.000000
2.80005	.638710	.000000
2.80043	.638602	.000000
2.8008	.638445	.000000
2.80118	.638023	.000000
2.80156	.637606	.000000
2.80194	.637419	.000000
2.80232	.637442	.000000
2.8027	.637539	.000000
2.80308	.637297	.000000
2.80345	.636811	.000000
2.80383	.636497	.000000
2.80421	.636386	.000000
2.80459	.636183	.000000
2.80497	.635914	.000000
2.80535	.635660	.000000
2.80573	.635466	.000000
2.80611	.635144	.000000
2.80649	.634946	.000000
2.80687	.634840	.000000
2.80725	.634584	.000000
2.80763	.634706	.000000
2.80801	.634704	.000000
2.80839	.633903	.000000
2.80877	.633534	.000000
2.80915	.633643	.000000
2.80953	.633590	.000000
2.80991	.633488	.000000
2.81029	.633279	.000000
2.81067	.632970	.000000
2.81105	.632584	.000000
2.81144	.632393	.000000
2.81182	.632207	.000000
2.8122	.632177	.000000
2.81258	.632038	.000000
2.81296	.631750	.000000
2.81334	.631499	.000000
2.81372	.631257	.000000
2.81411	.631109	.000000
2.81449	.631033	.000000
2.81487	.630925	.000000
2.81525	.630523	.000000
2.81563	.630426	.000000
2.81602	.630466	.000000
2.8164	.630101	.000000
2.81678	.629682	.000000
2.81716	.629532	.000000
2.81755	.629649	.000000
2.81793	.629359	.000000
2.81831	.628974	.000000
2.8187	.628857	.000000
2.81908	.628721	.000000
2.81946	.628395	.000000
2.81984	.627987	.000000
2.82023	.627800	.000000
2.82061	.627747	.000000
2.821	.627909	.000000
2.82138	.627701	.000000
2.82176	.627687	.000000
2.82215	.627777	.000000
2.82253	.627420	.000000
2.82292	.627245	.000000
2.8233	.627303	.000000
2.82368	.627047	.000000
2.82407	.626588	.000000
2.82445	.626419	.000000
2.82484	.626479	.000000
2.82522	.626284	.000000
2.82561	.625945	.000000
2.82599	.625748	.000000
2.82638	.625760	.000000
2.82676	.625839	.000000
2.82715	.625557	.000000
2.82753	.625379	.000000
2.82792	.625329	.000000
2.82831	.625174	.000000
2.82869	.624700	.000000
2.82908	.624575	.000000
2.82946	.624693	.000000
2.82985	.624492	.000000
2.83024	.624268	.000000
2.83062	.624333	.000000
2.83101	.624245	.000000
2.83139	.623923	.000000
2.83178	.623644	.000000
2.83217	.623420	.000000
2.83255	.623191	.000000
2.83294	.623118	.000000
2.83333	.623457	.000000
2.83372	.623122	.000000
2.8341	.622470	.000000
2.83449	.622371	.000000
2.83488	.622276	.000000
2.83527	.622105	.000000
2.83565	.621997	.000000
2.83604	.621633	.000000
2.83643	.621559	.000000
2.83682	.621432	.000000
2.8372	.621275	.000000
2.83759	.621264	.000000
2.83798	.621564	.000000
2.83837	.621486	.000000
2.83876	.621011	.000000
2.83915	.620717	.000000
2.83954	.620423	.000000
2.83992	.620268	.000000
2.84031	.620372	.000000
2.8407	.620468	.000000
2.84109	.620256	.000000
2.84148	.620031	.000000
2.84187	.619871	.000000
2.84226	.619563	.000000
2.84265	.619507	.000000
2.84304	.619849	.000000
2.84343	.619735	.000000
2.84382	.619173	.000000
2.84421	.618975	.000000
2.8446	.619083	.000000
2.84499	.619018	.000000
2.84538	.618714	.000000
2.84577	.618774	.000000
2.84616	.618790	.000000
2.84655	.618287	.000000
2.84694	.617767	.000000
2.84733	.617774	.000000
2.84772	.617937	.000000
2.84811	.617827	.000000
2.84851	.617713	.000000
2.8489	.617292	.000000
2.84929	.617056	.000000
2.84968	.617169	.000000
2.85007	.617178	.000000
2.85046	.617061	.000000
2.85085	.616771	.000000
2.85125	.616653	.000000
2.85164	.616438	.000000
2.85203	.616311	.000000
2.85242	.616298	.000000
2.85282	.616314	.000000
2.85321	.616485	.000000
2.8536	.616441	.000000
2.85399	.616030	.000000
2.85439	.615597	.000000
2.85478	.615406	.000000
2.85517	.615413	.000000
2.85556	.615438	.000000
2.85596	.615237	.000000
2.85635	.615267	.000000
2.85674	.615389	.000000
2.85714	.615443	.000000
2.85753	.615253	.000000
2.85793	.614965	.000000
2.85832	.615013	.000000
2.85871	.614993	.000000
2.85911	.614755	.000000
2.8595	.614592	.000000
2.8599	.614500	.000000
2.86029	.614228	.000000
2.86069	.613939	.000000
2.86108	.613738	.000000
2.86148	.613702	.000000
2.86187	.613612	.000000
2.86227	.613370	.000000
2.86266	.613462	.000000
2.86306	.613430	.000000
2.86345	.613391	.000000
2.86385	.613324	.000000
2.86424	.613006	.000000
2.86464	.612618	.000000
2.86503	.612632	.000000
2.86543	.612620	.000000
2.86582	.612480	.000000
2.86622	.612406	.000000
2.86662	.612284	.000000
2.86701	.612425	.000000
2.86741	.612579	.000000
2.86781	.612162	.000000
2.8682	.611657	.000000
2.8686	.611708	.000000
2.869	.611822	.000000
2.86939	.611905	.000000
2.86979	.611800	.000000
2.87019	.611550	.000000
2.87058	.611233	.000000
2.87098	.611064	.000000
2.87138	.611163	.000000
2.87178	.611283	.000000
2.87217	.610857	.000000
2.87257	.610441	.000000
2.87297	.610638	.000000
2.87337	.610944	.000000
2.87377	.610741	.000000
2.87417	.610677	.000000
2.87456	.610656	.000000
2.87496	.610331	.000000
2.87536	.610114	.000000
2.87576	.610089	.000000
2.87616	.609994	.000000
2.87656	.610109	.000000
2.87696	.609987	.000000
2.87735	.609883	.000000
2.87775	.609872	.000000
2.87815	.609697	.000000
2.87855	.609430	.000000
2.87895	.609187	.000000
2.87935	.608948	.000000
2.87975	.609111	.000000
2.88015	.609197	.000000
2.88055	.609164	.000000
2.88095	.608874	.000000
2.88135	.608729	.000000
2.88175	.608583	.000000
2.88215	.608468	.000000
2.88255	.608505	.000000
2.88295	.608450	.000000
2.88336	.608230	.000000
2.88376	.608078	.000000
2.88416	.608095	.000000
2.88456	.608092	.000000
2.88496	.608078	.000000
2.88536	.608060	.000000
2.88576	.607982	.000000
2.88616	.607866	.000000
2.88657	.607873	.000000
2.88697	.607917	.000000
2.88737	.608027	.000000
2.88777	.608032	.000000
2.88817	.607989	.000000
2.88858	.607808	.000000
2.88898	.607384	.000000
2.88938	.607057	.000000
2.88978	.606852	.000000
2.89019	.607022	.000000
2.89059	.607011	.000000
2.89099	.606843	.000000
2.8914	.606707	.000000
2.8918	.606582	.000000
2.8922	.606665	.000000
2.8926	.606729	.000000
2.89301	.606564	.000000
2.89341	.606517	.000000
2.89382	.606661	.000000
2.89422	.606683	.000000
2.89462	.606340	.000000
2.89503	.605967	.000000
2.89543	.606149	.000000
2.89584	.606319	.000000
2.89624	.605748	.000000
2.89664	.605369	.000000
2.89705	.605674	.000000
2.89746	.606130	.000000
2.89786	.606148	.000000
2.89826	.605784	.000000
2.89867	.605552	.000000
2.89908	.605537	.000000
2.89948	.605432	.000000
2.89989	.605367	.000000
2.90029	.605160	.000000
2.9007	.605224	.000000
2.9011	.605457	.000000
2.90151	.605443	.000000
2.90191	.605102	.000000
2.90232	.604943	.000000
2.90273	.605060	.000000
2.90313	.604948	.000000
2.90354	.604770	.000000
2.90395	.604664	.000000
2.90435	.604765	.000000
2.90476	.604752	.000000
2.90517	.604518	.000000
2.90557	.604454	.000000
2.90598	.604521	.000000
2.90639	.604648	.000000
2.9068	.604518	.000000
2.9072	.604286	.000000
2.90761	.604272	.000000
2.90802	.604590	.000000
2.90843	.604322	.000000
2.90883	.603885	.000000
2.90924	.603719	.000000
2.90965	.603675	.000000
2.91006	.603836	.000000
2.91047	.604115	.000000
2.91088	.604002	.000000
2.91128	.603771	.000000
2.91169	.604032	.000000
2.9121	.603873	.000000
2.91251	.603587	.000000
2.91292	.603140	.000000
2.91333	.602900	.000000
2.91374	.603151	.000000
2.91415	.603643	.000000
2.91456	.603931	.000000
2.91497	.603704	.000000
2.91538	.603347	.000000
2.91579	.603115	.000000
2.9162	.602925	.000000
2.91661	.602888	.000000
2.91702	.603055	.000000
2.91743	.603121	.000000
2.91784	.602941	.000000
2.91825	.602665	.000000
2.91866	.602591	.000000
2.91907	.602644	.000000
2.91948	.602686	.000000
2.91989	.602725	.000000
2.9203	.602595	.000000
2.92071	.602635	.000000
2.92112	.602655	.000000
2.92154	.602520	.000000
2.92195	.602421	.000000
2.92236	.602531	.000000
2.92277	.602686	.000000
2.92318	.602593	.000000
2.9236	.602300	.000000
2.92401	.602255	.000000
2.92442	.602314	.000000
2.92483	.602513	.000000
2.92524	.602388	.000000
2.92566	.602100	.000000
2.92607	.601842	.000000
2.92648	.602014	.000000
2.9269	.602097	.000000
2.92731	.602142	.000000
2.92772	.602326	.000000
2.92814	.602342	.000000
2.92855	.602132	.000000
2.92896	.601908	.000000
2.92938	.601609	.000000
2.92979	.601606	.000000
2.9302	.601567	.000000
2.93062	.601690	.000000
2.93103	.601833	.000000
2.93145	.601671	.000000
2.93186	.601586	.000000
2.93228	.601609	.000000
2.93269	.601604	.000000
2.9331	.601473	.000000
2.93352	.601459	.000000
2.93394	.601381	.000000
2.93435	.601441	.000000
2.93477	.601464	.000000
2.93518	.601357	.000000
2.9356	.601261	.000000
2.93601	.601159	.000000
2.93643	.601212	.000000
2.93684	.601176	.000000
2.93726	.601138	.000000
2.93768	.601191	.000000
2.93809	.601288	.000000
2.93851	.601275	.000000
2.93892	.601237	.000000
2.93934	.601101	.000000
2.93976	.601353	.000000
2.94017	.601346	.000000
2.94059	.601155	.000000
2.94101	.600862	.000000
2.94143	.600927	.000000
2.94184	.601348	.000000
2.94226	.601240	.000000
2.94268	.601143	.000000
2.9431	.601021	.000000
2.94351	.600957	.000000
2.94393	.600975	.000000
2.94435	.601122	.000000
2.94477	.601072	.000000
2.94519	.600922	.000000
2.9456	.601019	.000000
2.94602	.601116	.000000
2.94644	.600942	.000000
2.94686	.601023	.000000
2.94728	.601169	.000000
2.9477	.600929	.000000
2.94812	.600670	.000000
2.94853	.600581	.000000
2.94895	.600754	.000000
2.94937	.600933	.000000
2.94979	.600905	.000000
2.95021	.600795	.000000
2.95063	.600712	.000000
2.95105	.600929	.000000
2.95147	.601014	.000000
2.95189	.600744	.000000
2.95231	.600620	.000000
2.95273	.600714	.000000
2.95315	.600546	.000000
2.95357	.600444	.000000
2.95399	.600633	.000000
2.95442	.600767	.000000
2.95484	.600839	.000000
2.95526	.601071	.000000
2.95568	.601007	.000000
2.9561	.600806	.000000
2.95652	.600728	.000000
2.95694	.600758	.000000
2.95736	.600671	.000000
2.95779	.600527	.000000
2.95821	.600581	.000000
2.95863	.600550	.000000
2.95905	.600641	.000000
2.95947	.600825	.000000
2.9599	.600950	.000000
2.96032	.600731	.000000
2.96074	.600539	.000000
2.96116	.600625	.000000
2.96159	.600839	.000000
2.96201	.600950	.000000
2.96243	.600857	.000000
2.96286	.600544	.000000
2.96328	.600498	.000000
2.9637	.600737	.000000
2.96413	.600853	.000000
2.96455	.600739	.000000
2.96497	.600708	.000000
2.9654	.600710	.000000
2.96582	.600751	.000000
2.96625	.600975	.000000
2.96667	.601063	.000000
2.96709	.601016	.000000
2.96752	.600777	.000000
2.96794	.600548	.000000
2.96837	.600528	.000000
2.96879	.600781	.000000
2.96922	.600834	.000000
2.96964	.601086	.000000
2.97007	.601191	.000000
2.97049	.601055	.000000
2.97092	.600996	.000000
2.97135	.601123	.000000
2.97177	.601123	.000000
2.9722	.600949	.000000
2.97262	.600733	.000000
2.97305	.600569	.000000
2.97348	.600657	.000000
2.9739	.600931	.000000
2.97433	.601136	.000000
2.97476	.601085	.000000
2.97518	.601074	.000000
2.97561	.601154	.000000
2.97604	.601042	.000000
2.97646	.601037	.000000
2.97689	.601099	.000000
2.97732	.601242	.000000
2.97775	.601369	.000000
2.97817	.601242	.000000
2.9786	.601199	.000000
2.97903	.601176	.000000
2.97946	.601235	.000000
2.97989	.601627	.000000
2.98031	.601682	.000000
2.98074	.601330	.000000
2.98117	.601161	.000000
2.9816	.601360	.000000
2.98203	.601613	.000000
2.98246	.601581	.000000
2.98289	.601454	.000000
2.98331	.601618	.000000
2.98374	.601825	.000000
2.98417	.601825	.000000
2.9846	.601600	.000000
2.98503	.601475	.000000
2.98546	.601475	.000000
2.98589	.601579	.000000
2.98632	.601574	.000000
2.98675	.601593	.000000
2.98718	.601814	.000000
2.98761	.601720	.000000
2.98804	.601625	.000000
2.98847	.601858	.000000
2.9889	.601890	.000000
2.98933	.601975	.000000
2.98977	.602056	.000000
2.9902	.601959	.000000
2.99063	.602044	.000000
2.99106	.602044	.000000
2.99149	.601950	.000000
2.99192	.601964	.000000
2.99235	.602243	.000000
2.99279	.602365	.000000
2.99322	.602398	.000000
2.99365	.602610	.000000
2.99408	.602919	.000000
2.99451	.602776	.000000
2.99495	.602722	.000000
2.99538	.602941	.000000
2.99581	.602791	.000000
2.99624	.602630	.000000
2.99668	.602462	.000000
2.99711	.602499	.000000
2.99754	.602699	.000000
2.99798	.602761	.000000
2.99841	.602681	.000000
2.99884	.602743	.000000
2.99928	.603117	.000000
2.99971	.603225	.000000
3.00015	.603061	.000000
3.00058	.603267	.000000
3.00101	.603191	.000000
3.00145	.602995	.000000
3.00188	.603123	.000000
3.00232	.603274	.000000
3.00275	.603107	.000000
3.00319	.603179	.000000
3.00362	.603398	.000000
3.00406	.603543	.000000
3.00449	.603426	.000000
3.00493	.603311	.000000
3.00536	.603446	.000000
3.0058	.603555	.000000
3.00623	.603458	.000000
3.00667	.603523	.000000
3.00711	.603612	.000000
3.00754	.603605	.000000
3.00798	.603718	.000000
3.00841	.603735	.000000
3.00885	.603832	.000000
3.00929	.603998	.000000
3.00972	.604166	.000000
3.01016	.604081	.000000
3.0106	.604253	.000000
3.01104	.604113	.000000
3.01147	.603838	.000000
3.01191	.603868	.000000
3.01235	.604159	.000000
3.01279	.604154	.000000
3.01322	.604073	.000000
3.01366	.604359	.000000
3.0141	.604571	.000000
3.01454	.604368	.000000
3.01498	.604194	.000000
3.01541	.604087	.000000
3.01585	.604203	.000000
3.01629	.604389	.000000
3.01673	.604532	.000000
3.01717	.604574	.000000
3.01761	.604726	.000000
3.01805	.604950	.000000
3.01849	.604689	.000000
3.01892	.604383	.000000
3.01936	.604401	.000000
3.0198	.604731	.000000
3.02024	.605049	.000000
3.02068	.605173	.000000
3.02112	.605194	.000000
3.02156	.605318	.000000
3.022	.605383	.000000
3.02244	.605282	.000000
3.02289	.605307	.000000
3.02333	.605258	.000000
3.02377	.605293	.000000
3.02421	.605203	.000000
3.02465	.605300	.000000
3.02509	.605473	.000000
3.02553	.605517	.000000
3.02597	.605415	.000000
3.02641	.605307	.000000
3.02686	.605611	.000000
3.0273	.605807	.000000
3.02774	.605554	.000000
3.02818	.605155	.000000
3.02862	.605295	.000000
3.02907	.605718	.000000
3.02951	.606063	.000000
3.02995	.605888	.000000
3.03039	.605754	.000000
3.03084	.605828	.000000
3.03128	.605671	.000000
3.03172	.605593	.000000
3.03217	.605796	.000000
3.03261	.606172	.000000
3.03305	.606010	.000000
3.0335	.605810	.000000
3.03394	.606006	.000000
3.03438	.606202	.000000
3.03483	.606158	.000000
3.03527	.606057	.000000
3.03572	.606165	.000000
3.03616	.606375	.000000
3.03661	.606582	.000000
3.03705	.606471	.000000
3.03749	.606206	.000000
3.03794	.606031	.000000
3.03838	.605959	.000000
3.03883	.605876	.000000
3.03928	.606100	.000000
3.03972	.606488	.000000
3.04017	.606503	.000000
3.04061	.606377	.000000
3.04106	.606306	.000000
3.0415	.606388	.000000
3.04195	.606697	.000000
3.0424	.606750	.000000
3.04284	.606702	.000000
3.04329	.606829	.000000
3.04374	.606990	.000000
3.04418	.607110	.000000
3.04463	.607202	.000000
3.04508	.607064	.000000
3.04552	.606847	.000000
3.04597	.606718	.000000
3.04642	.606769	.000000
3.04687	.606990	.000000
3.04731	.606857	.000000
3.04776	.606741	.000000
3.04821	.606903	.000000
3.04866	.607034	.000000
3.04911	.607031	.000000
3.04955	.607029	.000000
3.05	.607087	.000000
3.05045	.607230	.000000
3.0509	.607218	.000000
3.05135	.606993	.000000
3.0518	.606983	.000000
3.05225	.607244	.000000
3.0527	.607350	.000000
3.05315	.607186	.000000
3.0536	.607092	.000000
3.05405	.607331	.000000
3.0545	.607631	.000000
3.05495	.607629	.000000
3.0554	.607504	.000000
3.05585	.607631	.000000
3.0563	.607876	.000000
3.05675	.607875	.000000
3.0572	.607603	.000000
3.05765	.607463	.000000
3.0581	.607532	.000000
3.05855	.607650	.000000
3.059	.607571	.000000
3.05945	.607500	.000000
3.0599	.607506	.000000
3.06035	.607827	.000000
3.06081	.608101	.000000
3.06126	.608113	.000000
3.06171	.608134	.000000
3.06216	.608060	.000000
3.06261	.608057	.000000
3.06307	.607944	.000000
3.06352	.608030	.000000
3.06397	.608090	.000000
3.06442	.608034	.000000
3.06488	.608150	.000000
3.06533	.608300	.000000
3.06578	.608286	.000000
3.06624	.608097	.000000
3.06669	.607977	.000000
3.06714	.608150	.000000
3.0676	.608178	.000000
3.06805	.608217	.000000
3.0685	.608556	.000000
3.06896	.608549	.000000
3.06941	.608433	.000000
3.06987	.608514	.000000
3.07032	.608362	.000000
3.07078	.608549	.000000
3.07123	.608747	.000000
3.07169	.608844	.000000
3.07214	.608864	.000000
3.0726	.608622	.000000
3.07305	.608788	.000000
3.07351	.608931	.000000
3.07396	.609035	.000000
3.07442	.609010	.000000
3.07487	.608826	.000000
3.07533	.608662	.000000
3.07579	.608772	.000000
3.07624	.608885	.000000
3.0767	.608927	.000000
3.07716	.609091	.000000
3.07761	.609303	.000000
3.07807	.609406	.000000
3.07853	.609233	.000000
3.07898	.609026	.000000
3.07944	.609081	.000000
3.0799	.609266	.000000
3.08035	.609317	.000000
3.08081	.609296	.000000
3.08127	.609482	.000000
3.08173	.609446	.000000
3.08219	.609369	.000000
3.08264	.609469	.000000
3.0831	.609725	.000000
3.08356	.609717	.000000
3.08402	.609937	.000000
3.08448	.610116	.000000
3.08494	.610204	.000000
3.0854	.609994	.000000
3.08585	.609717	.000000
3.08631	.609849	.000000
3.08677	.609826	.000000
3.08723	.609861	.000000
3.08769	.610043	.000000
3.08815	.610472	.000000
3.08861	.610472	.000000
3.08907	.610236	.000000
3.08953	.610333	.000000
3.08999	.610513	.000000
3.09045	.610564	.000000
3.09091	.610515	.000000
3.09137	.610322	.000000
3.09184	.610345	.000000
3.0923	.610441	.000000
3.09276	.610508	.000000
3.09322	.610693	.000000
3.09368	.610711	.000000
3.09414	.610547	.000000
3.0946	.610778	.000000
3.09507	.611076	.000000
3.09553	.611131	.000000
3.09599	.611083	.000000
3.09645	.611113	.000000
3.09691	.610940	.000000
3.09738	.611096	.000000
3.09784	.611449	.000000
3.0983	.611472	.000000
3.09876	.611422	.000000
3.09923	.611647	.000000
3.09969	.611820	.000000
3.10015	.611739	.000000
3.10062	.611841	.000000
3.10108	.611945	.000000
3.10155	.611781	.000000
3.10201	.611675	.000000
3.10247	.611763	.000000
3.10294	.612101	.000000
3.1034	.612312	.000000
3.10387	.612350	.000000
3.10433	.612371	.000000
3.1048	.612258	.000000
3.10526	.612191	.000000
3.10573	.612277	.000000
3.10619	.612381	.000000
3.10666	.612494	.000000
3.10712	.612823	.000000
3.10759	.613134	.000000
3.10805	.612976	.000000
3.10852	.613243	.000000
3.10898	.613340	.000000
3.10945	.613088	.000000
3.10992	.613028	.000000
3.11038	.613204	.000000
3.11085	.613388	.000000
3.11132	.613425	.000000
3.11178	.613466	.000000
3.11225	.613384	.000000
3.11272	.613429	.000000
3.11318	.613863	.000000
3.11365	.614135	.000000
3.11412	.613992	.000000
3.11459	.613932	.000000
3.11505	.613981	.000000
3.11552	.614054	.000000
3.11599	.614361	.000000
3.11646	.614645	.000000
3.11693	.614654	.000000
3.1174	.614485	.000000
3.11786	.614624	.000000
3.11833	.614548	.000000
3.1188	.614545	.000000
3.11927	.614831	.000000
3.11974	.615154	.000000
3.12021	.615138	.000000
3.12068	.615069	.000000
3.12115	.614921	.000000
3.12162	.614875	.000000
3.12209	.615115	.000000
3.12256	.615288	.000000
3.12303	.615269	.000000
3.1235	.615085	.000000
3.12397	.615163	.000000
3.12444	.615466	.000000
3.12491	.615804	.000000
3.12538	.615963	.000000
3.12585	.616033	.000000
3.12632	.615993	.000000
3.1268	.616081	.000000
3.12727	.616277	.000000
3.12774	.616499	.000000
3.12821	.616496	.000000
3.12868	.616602	.000000
3.12915	.616895	.000000
3.12963	.616830	.000000
3.1301	.616839	.000000
3.13057	.616966	.000000
3.13104	.617035	.000000
3.13152	.617171	.000000
3.13199	.617389	.000000
3.13246	.617354	.000000
3.13294	.617405	.000000
3.13341	.617432	.000000
3.13388	.617404	.000000
3.13436	.617435	.000000
3.13483	.617683	.000000
3.13531	.618112	.000000
3.13578	.618002	.000000
3.13625	.617972	.000000
3.13673	.618188	.000000
3.1372	.618405	.000000
3.13768	.618732	.000000
3.13815	.618825	.000000
3.13863	.618746	.000000
3.1391	.618816	.000000
3.13958	.618762	.000000
3.14005	.618693	.000000
3.14053	.618861	.000000
3.141	.618996	.000000
3.14148	.619408	.000000
3.14195	.619487	.000000
3.14243	.619279	.000000
3.14291	.619404	.000000
3.14338	.619925	.000000
3.14386	.620084	.000000
3.14434	.619812	.000000
3.14481	.619786	.000000
3.14529	.620000	.000000
3.14577	.620203	.000000
3.14624	.620369	.000000
3.14672	.620639	.000000
3.1472	.620586	.000000
3.14768	.620360	.000000
3.14816	.620379	.000000
3.14863	.620708	.000000
3.14911	.621123	.000000
3.14959	.621333	.000000
3.15007	.621116	.000000
3.15055	.620973	.000000
3.15102	.621110	.000000
3.1515	.621342	.000000
3.15198	.621444	.000000
3.15246	.621571	.000000
3.15294	.621735	.000000
3.15342	.621944	.000000
3.1539	.622064	.000000
3.15438	.622248	.000000
3.15486	.622474	.000000
3.15534	.622656	.000000
3.15582	.622650	.000000
3.1563	.622606	.000000
3.15678	.622816	.000000
3.15726	.623007	.000000
3.15774	.622910	.000000
3.15822	.622781	.000000
3.1587	.623069	.000000
3.15918	.623346	.000000
3.15967	.623528	.000000
3.16015	.623708	.000000
3.16063	.623796	.000000
3.16111	.623946	.000000
3.16159	.623946	.000000
3.16207	.623946	.000000
3.16256	.624097	.000000
3.16304	.624181	.000000
3.16352	.624307	.000000
3.164	.624453	.000000
3.16449	.624656	.000000
3.16497	.624805	.000000
3.16545	.624845	.000000
3.16594	.624900	.000000
3.16642	.624877	.000000
3.1669	.625168	.000000
3.16739	.625299	.000000
3.16787	.625241	.000000
3.16835	.625336	.000000
3.16884	.625400	.000000
3.16932	.625661	.000000
3.16981	.625900	.000000
3.17029	.626066	.000000
3.17078	.626394	.000000
3.17126	.626546	.000000
3.17175	.626654	.000000
3.17223	.626659	.000000
3.17272	.626530	.000000
3.1732	.626387	.000000
3.17369	.626519	.000000
3.17417	.626650	.000000
3.17466	.626850	.000000
3.17515	.627077	.000000
3.17563	.627478	.000000
3.17612	.627607	.000000
3.1766	.627492	.000000
3.17709	.627598	.000000
3.17758	.627835	.000000
3.17807	.627731	.000000
3.17855	.627697	.000000
3.17904	.627890	.000000
3.17953	.628165	.000000
3.18001	.628398	.000000
3.1805	.628621	.000000
3.18099	.628872	.000000
3.18148	.628944	.000000
3.18197	.628955	.000000
3.18245	.628960	.000000
3.18294	.628882	.000000
3.18343	.628916	.000000
3.18392	.629121	.000000
3.18441	.629400	.000000
3.1849	.629647	.000000
3.18539	.629892	.000000
3.18588	.629751	.000000
3.18637	.629739	.000000
3.18686	.630021	.000000
3.18735	.630051	.000000
3.18784	.630125	.000000
3.18833	.630420	.000000
3.18882	.630569	.000000
3.18931	.630629	.000000
3.1898	.630862	.000000
3.19029	.630954	.000000
3.19078	.630862	.000000
3.19127	.630918	.000000
3.19176	.631226	.000000
3.19225	.631706	.000000
3.19274	.631801	.000000
3.19323	.631757	.000000
3.19373	.631798	.000000
3.19422	.631971	.000000
3.19471	.632114	.000000
3.1952	.632130	.000000
3.19569	.632241	.000000
3.19619	.632384	.000000
3.19668	.632577	.000000
3.19717	.632785	.000000
3.19767	.633078	.000000
3.19816	.633235	.000000
3.19865	.633170	.000000
3.19915	.633177	.000000
3.19964	.633219	.000000
3.20013	.633251	.000000
3.20063	.633362	.000000
3.20112	.633686	.000000
3.20161	.634044	.000000
3.20211	.634168	.000000
3.2026	.634173	.000000
3.2031	.634297	.000000
3.20359	.634425	.000000
3.20409	.634547	.000000
3.20458	.634602	.000000
3.20508	.634454	.000000
3.20557	.634510	.000000
3.20607	.634789	.000000
3.20656	.635206	.000000
3.20706	.635248	.000000
3.20756	.635151	.000000
3.20805	.635358	.000000
3.20855	.635545	.000000
3.20904	.635577	.000000
3.20954	.636018	.000000
3.21004	.636331	.000000
3.21054	.635988	.000000
3.21103	.635861	.000000
3.21153	.636200	.000000
3.21203	.636389	.000000
3.21252	.636469	.000000
3.21302	.636677	.000000
3.21352	.637034	.000000
3.21402	.637035	.000000
3.21452	.636945	.000000
3.21501	.637242	.000000
3.21551	.637461	.000000
3.21601	.637721	.000000
3.21651	.637887	.000000
3.21701	.637948	.000000
3.21751	.637818	.000000
3.21801	.637865	.000000
3.21851	.638155	.000000
3.21901	.638261	.000000
3.21951	.638282	.000000
3.22001	.638482	.000000
3.22051	.638789	.000000
3.22101	.638884	.000000
3.22151	.638734	.000000
3.22201	.638879	.000000
3.22251	.639321	.000000
3.22301	.639619	.000000
3.22351	.639630	.000000
3.22401	.639697	.000000
3.22451	.639732	.000000
3.22501	.639771	.000000
3.22552	.639917	.000000
3.22602	.640214	.000000
3.22652	.640361	.000000
3.22702	.640405	.000000
3.22752	.640460	.000000
3.22803	.640710	.000000
3.22853	.640974	.000000
3.22903	.641000	.000000
3.22953	.640913	.000000
3.23004	.641226	.000000
3.23054	.641516	.000000
3.23104	.641436	.000000
3.23155	.641410	.000000
3.23205	.641781	.000000
3.23255	.642031	.000000
3.23306	.641948	.000000
3.23356	.641962	.000000
3.23407	.642090	.000000
3.23457	.642219	.000000
3.23508	.642506	.000000
3.23558	.642671	.000000
3.23608	.642791	.000000
3.23659	.642810	.000000
3.23709	.642794	.000000
3.2376	.642882	.000000
3.23811	.643077	.000000
3.23861	.643326	.000000
3.23912	.643555	.000000
3.23962	.643845	.000000
3.24013	.644106	.000000
3.24064	.644112	.000000
3.24114	.643940	.000000
3.24165	.644007	.000000
3.24216	.644067	.000000
3.24266	.644136	.000000
3.24317	.644285	.000000
3.24368	.644422	.000000
3.24418	.644553	.000000
3.24469	.644857	.000000
3.2452	.645157	.000000
3.24571	.645176	.000000
3.24622	.645288	.000000
3.24672	.645464	.000000
3.24723	.645600	.000000
3.24774	.645719	.000000
3.24825	.645855	.000000
3.24876	.645941	.000000
3.24927	.646038	.000000
3.24978	.646036	.000000
3.25029	.646107	.000000
3.25079	.646376	.000000
3.2513	.646642	.000000
3.25181	.646930	.000000
3.25232	.647032	.000000
3.25283	.647218	.000000
3.25334	.647186	.000000
3.25385	.647126	.000000
3.25437	.647349	.000000
3.25488	.647675	.000000
3.25539	.647726	.000000
3.2559	.647619	.000000
3.25641	.647725	.000000
3.25692	.648035	.000000
3.25743	.648449	.000000
3.25794	.648526	.000000
3.25846	.648514	.000000
3.25897	.648678	.000000
3.25948	.648857	.000000
3.25999	.648927	.000000
3.2605	.648820	.000000
3.26102	.648874	.000000
3.26153	.649070	.000000
3.26204	.649385	.000000
3.26256	.649741	.000000
3.26307	.649819	.000000
3.26358	.649823	.000000
3.2641	.649891	.000000
3.26461	.650027	.000000
3.26512	.650204	.000000
3.26564	.650354	.000000
3.26615	.650379	.000000
3.26667	.650550	.000000
3.26718	.650654	.000000
3.2677	.650774	.000000
3.26821	.650896	.000000
3.26873	.651325	.000000
3.26924	.651592	.000000
3.26976	.651587	.000000
3.27027	.651603	.000000
3.27079	.651834	.000000
3.27131	.652058	.000000
3.27182	.652124	.000000
3.27234	.652320	.000000
3.27285	.652390	.000000
3.27337	.652290	.000000
3.27389	.652353	.000000
3.2744	.652500	.000000
3.27492	.652795	.000000
3.27544	.652885	.000000
3.27596	.652971	.000000
3.27647	.653201	.000000
3.27699	.653266	.000000
3.27751	.653310	.000000
3.27803	.653492	.000000
3.27855	.653831	.000000
3.27906	.654052	.000000
3.27958	.654094	.000000
3.2801	.654066	.000000
3.28062	.654131	.000000
3.28114	.654349	.000000
3.28166	.654506	.000000
3.28218	.654721	.000000
3.2827	.654997	.000000
3.28322	.655274	.000000
3.28374	.655256	.000000
3.28426	.655041	.000000
3.28478	.655281	.000000
3.2853	.655719	.000000
3.28582	.655873	.000000
3.28634	.655935	.000000
3.28686	.656076	.000000
3.28738	.656039	.000000
3.2879	.655959	.000000
3.28842	.656125	.000000
3.28894	.656397	.000000
3.28947	.656671	.000000
3.28999	.656800	.000000
3.29051	.656731	.000000
3.29103	.656750	.000000
3.29155	.657051	.000000
3.29208	.657293	.000000
3.2926	.657218	.000000
3.29312	.657245	.000000
3.29364	.657522	.000000
3.29417	.657707	.000000
3.29469	.657752	.000000
3.29521	.657822	.000000
3.29574	.657999	.000000
3.29626	.658209	.000000
3.29679	.658472	.000000
3.29731	.658536	.000000
3.29783	.658712	.000000
3.29836	.658848	.000000
3.29888	.658760	.000000
3.29941	.659002	.000000
3.29993	.659313	.000000
3.30046	.659320	.000000
3.30098	.659480	.000000
3.30151	.659774	.000000
3.30203	.659913	.000000
3.30256	.659966	.000000
3.30309	.659791	.000000
3.30361	.659850	.000000
3.30414	.660102	.000000
3.30467	.660445	.000000
3.30519	.660690	.000000
3.30572	.660911	.000000
3.30625	.660886	.000000
3.30677	.660967	.000000
3.3073	.661197	.000000
3.30783	.661315	.000000
3.30836	.661379	.000000
3.30888	.661492	.000000
3.30941	.661663	.000000
3.30994	.661727	.000000
3.31047	.661992	.000000
3.311	.662136	.000000
3.31153	.662140	.000000
3.31205	.662031	.000000
3.31258	.661849	.000000
3.31311	.662064	.000000
3.31364	.662396	.000000
3.31417	.662611	.000000
3.3147	.662762	.000000
3.31523	.662825	.000000
3.31576	.662786	.000000
3.31629	.662977	.000000
3.31682	.663184	.000000
3.31735	.663298	.000000
3.31788	.663420	.000000
3.31841	.663588	.000000
3.31895	.663675	.000000
3.31948	.663768	.000000
3.32001	.663844	.000000
3.32054	.663992	.000000
3.32107	.664234	.000000
3.3216	.664354	.000000
3.32214	.664395	.000000
3.32267	.664621	.000000
3.3232	.664904	.000000
3.32373	.664955	.000000
3.32427	.664997	.000000
3.3248	.665160	.000000
3.32533	.665375	.000000
3.32586	.665580	.000000
3.3264	.665702	.000000
3.32693	.665619	.000000
3.32747	.665663	.000000
3.328	.666004	.000000
3.32853	.666191	.000000
3.32907	.666180	.000000
3.3296	.666244	.000000
3.33014	.666359	.000000
3.33067	.666331	.000000
3.33121	.666389	.000000
3.33174	.666686	.000000
3.33228	.666906	.000000
3.33281	.666862	.000000
3.33335	.666926	.000000
3.33388	.667030	.000000
3.33442	.667053	.000000
3.33496	.667233	.000000
3.33549	.667288	.000000
3.33603	.667268	.000000
3.33657	.667318	.000000
3.3371	.667549	.000000
3.33764	.667560	.000000
3.33818	.667593	.000000
3.33871	.667830	.000000
3.33925	.668095	.000000
3.33979	.668300	.000000
3.34033	.668538	.000000
3.34087	.668614	.000000
3.3414	.668557	.000000
3.34194	.668353	.000000
3.34248	.668204	.000000
3.34302	.668489	.000000
3.34356	.668660	.000000
3.3441	.668527	.000000
3.34464	.668676	.000000
3.34518	.668942	.000000
3.34572	.669168	.000000
3.34626	.669225	.000000
3.3468	.669066	.000000
3.34734	.669098	.000000
3.34788	.669516	.000000
3.34842	.669594	.000000
3.34896	.669460	.000000
3.3495	.669426	.000000
3.35004	.669633	.000000
3.35058	.669765	.000000
3.35112	.669571	.000000
3.35166	.669666	.000000
3.35221	.670103	.000000
3.35275	.670313	.000000
3.35329	.670262	.000000
3.35383	.670034	.000000
3.35437	.670064	.000000
3.35492	.670401	.000000
3.35546	.670512	.000000
3.356	.670519	.000000
3.35655	.670327	.000000
3.35709	.670389	.000000
3.35763	.670666	.000000
3.35818	.671017	.000000
3.35872	.670959	.000000
3.35926	.670788	.000000
3.35981	.670715	.000000
3.36035	.670636	.000000
3.3609	.670752	.000000
3.36144	.670906	.000000
3.36199	.671102	.000000
3.36253	.671021	.000000
3.36308	.670908	.000000
3.36362	.671176	.000000
3.36417	.671166	.000000
3.36471	.671049	.000000
3.36526	.671212	.000000
3.36581	.671175	.000000
3.36635	.671035	.000000
3.3669	.670797	.000000
3.36745	.670652	.000000
3.36799	.670565	.000000
3.36854	.670749	.000000
3.36909	.670908	.000000
3.36964	.671031	.000000
3.37018	.671107	.000000
3.37073	.671106	.000000
3.37128	.671092	.000000
3.37183	.671233	.000000
3.37237	.671517	.000000
3.37292	.671584	.000000
3.37347	.671667	.000000
3.37402	.671817	.000000
3.37457	.671969	.000000
3.37512	.672093	.000000
3.37567	.672188	.000000
3.37622	.672361	.000000
3.37677	.672342	.000000
3.37732	.672351	.000000
3.37787	.672575	.000000
3.37842	.672730	.000000
3.37897	.672887	.000000
3.37952	.672935	.000000
3.38007	.673066	.000000
3.38062	.673225	.000000
3.38117	.673424	.000000
3.38172	.673717	.000000
3.38227	.673838	.000000
3.38283	.674058	.000000
3.38338	.674275	.000000
3.38393	.674424	.000000
3.38448	.674666	.000000
3.38503	.674618	.000000
3.38559	.674897	.000000
3.38614	.675058	.000000
3.38669	.674973	.000000
3.38725	.675068	.000000
3.3878	.675233	.000000
3.38835	.675381	.000000
3.38891	.675443	.000000
3.38946	.675487	.000000
3.39001	.675522	.000000
3.39057	.675764	.000000
3.39112	.675914	.000000
3.39168	.675886	.000000
3.39223	.675893	.000000
3.39279	.675877	.000000
3.39334	.675907	.000000
3.3939	.676017	.000000
3.39445	.675943	.000000
3.39501	.675904	.000000
3.39556	.676022	.000000
3.39612	.676193	.000000
3.39668	.676131	.000000
3.39723	.676119	.000000
3.39779	.676075	.000000
3.39835	.676082	.000000
3.3989	.676077	.000000
3.39946	.676094	.000000
3.40002	.676020	.000000
3.40057	.675831	.000000
3.40113	.675905	.000000
3.40169	.676050	.000000
3.40225	.676128	.000000
3.40281	.676124	.000000
3.40337	.675870	.000000
3.40392	.675849	.000000
3.40448	.675888	.000000
3.40504	.675976	.000000
3.4056	.676123	.000000
3.40616	.676003	.000000
3.40672	.676006	.000000
3.40728	.676253	.000000
3.40784	.676273	.000000
3.4084	.676193	.000000
3.40896	.676213	.000000
3.40952	.676123	.000000
3.41008	.676195	.000000
3.41064	.676250	.000000
3.4112	.676130	.000000
3.41176	.676038	.000000
3.41232	.676103	.000000
3.41289	.676363	.000000
3.41345	.676562	.000000
3.41401	.676576	.000000
3.41457	.676554	.000000
3.41514	.676534	.000000
3.4157	.676562	.000000
3.41626	.676732	.000000
3.41682	.677034	.000000
3.41739	.677295	.000000
3.41795	.677459	.000000
3.41851	.677707	.000000
3.41908	.677804	.000000
3.41964	.677887	.000000
3.4202	.677926	.000000
3.42077	.677836	.000000
3.42133	.678402	.000000
3.4219	.679006	.000000
3.42246	.679068	.000000
3.42303	.679338	.000000
3.42359	.679685	.000000
3.42416	.679875	.000000
3.42472	.680135	.000000
3.42529	.680329	.000000
3.42585	.680643	.000000
3.42642	.681120	.000000
3.42699	.681468	.000000
3.42755	.681435	.000000
3.42812	.681367	.000000
3.42869	.681749	.000000
3.42925	.682348	.000000
3.42982	.682641	.000000
3.43039	.682879	.000000
3.43095	.683038	.000000
3.43152	.683236	.000000
3.43209	.683483	.000000
3.43266	.683896	.000000
3.43323	.684175	.000000
3.43379	.684460	.000000
3.43436	.684627	.000000
3.43493	.684730	.000000
3.4355	.684825	.000000
3.43607	.685069	.000000
3.43664	.685459	.000000
3.43721	.685510	.000000
3.43778	.685720	.000000
3.43835	.686130	.000000
3.43892	.686319	.000000
3.43949	.686407	.000000
3.44006	.686554	.000000
3.44063	.686757	.000000
3.4412	.686817	.000000
3.44177	.686888	.000000
3.44234	.687117	.000000
3.44291	.687322	.000000
3.44349	.687449	.000000
3.44406	.687702	.000000
3.44463	.688142	.000000
3.4452	.688329	.000000
3.44577	.688442	.000000
3.44635	.688470	.000000
3.44692	.688527	.000000
3.44749	.688638	.000000
3.44807	.688689	.000000
3.44864	.688970	.000000
3.44921	.689226	.000000
3.44979	.689235	.000000
3.45036	.689402	.000000
3.45094	.689620	.000000
3.45151	.689581	.000000
3.45208	.689553	.000000
3.45266	.689930	.000000
3.45323	.690314	.000000
3.45381	.690457	.000000
3.45438	.690564	.000000
3.45496	.690702	.000000
3.45553	.690884	.000000
3.45611	.691306	.000000
3.45669	.691412	.000000
3.45726	.691500	.000000
3.45784	.691712	.000000
3.45842	.691885	.000000
3.45899	.692009	.000000
3.45957	.692039	.000000
3.46015	.692140	.000000
3.46072	.692254	.000000
3.4613	.692406	.000000
3.46188	.692376	.000000
3.46246	.692352	.000000
3.46304	.692588	.000000
3.46361	.692807	.000000
3.46419	.693129	.000000
3.46477	.693194	.000000
3.46535	.693111	.000000
3.46593	.693203	.000000
3.46651	.693254	.000000
3.46709	.693514	.000000
3.46767	.693669	.000000
3.46825	.693770	.000000
3.46883	.693823	.000000
3.46941	.693916	.000000
3.46999	.693969	.000000
3.47057	.693874	.000000
3.47115	.694186	.000000
3.47173	.694262	.000000
3.47231	.694356	.000000
3.4729	.694593	.000000
3.47348	.694721	.000000
3.47406	.694787	.000000
3.47464	.694827	.000000
3.47522	.694753	.000000
3.47581	.694776	.000000
3.47639	.695152	.000000
3.47697	.695398	.000000
3.47755	.695375	.000000
3.47814	.695495	.000000
3.47872	.695514	.000000
3.4793	.695581	.000000
3.47989	.695672	.000000
3.48047	.695696	.000000
3.48106	.695883	.000000
3.48164	.696072	.000000
3.48222	.696145	.000000
3.48281	.696247	.000000
3.48339	.696283	.000000
3.48398	.696286	.000000
3.48456	.696583	.000000
3.48515	.696867	.000000
3.48574	.696678	.000000
3.48632	.696653	.000000
3.48691	.696922	.000000
3.48749	.696895	.000000
3.48808	.696938	.000000
3.48867	.697104	.000000
3.48925	.697015	.000000
3.48984	.696994	.000000
3.49043	.697052	.000000
3.49102	.697160	.000000
3.4916	.697144	.000000
3.49219	.697056	.000000
3.49278	.697082	.000000
3.49337	.697127	.000000
3.49396	.697038	.000000
3.49455	.697065	.000000
3.49514	.697206	.000000
3.49572	.697282	.000000
3.49631	.697243	.000000
3.4969	.697116	.000000
3.49749	.697183	.000000
3.49808	.697423	.000000
3.49867	.697423	.000000
3.49926	.697400	.000000
3.49985	.697462	.000000
3.50044	.697605	.000000
3.50104	.697814	.000000
3.50163	.698018	.000000
3.50222	.698061	.000000
3.50281	.698331	.000000
3.5034	.698511	.000000
3.50399	.698781	.000000
3.50458	.699117	.000000
3.50518	.699394	.000000
3.50577	.699620	.000000
3.50636	.699701	.000000
3.50696	.699929	.000000
3.50755	.700319	.000000
3.50814	.700711	.000000
3.50874	.700794	.000000
3.50933	.700786	.000000
3.50992	.701042	.000000
3.51052	.701375	.000000
3.51111	.701653	.000000
3.51171	.702022	.000000
3.5123	.702523	.000000
3.5129	.702670	.000000
3.51349	.702760	.000000
3.51409	.703083	.000000
3.51468	.703604	.000000
3.51528	.703987	.000000
3.51587	.704143	.000000
3.51647	.704240	.000000
3.51707	.704409	.000000
3.51766	.704660	.000000
3.51826	.704955	.000000
3.51886	.705174	.000000
3.51945	.705683	.000000
3.52005	.706018	.000000
3.52065	.705946	.000000
3.52125	.705937	.000000
3.52184	.706119	.000000
3.52244	.706419	.000000
3.52304	.706567	.000000
3.52364	.706809	.000000
3.52424	.707053	.000000
3.52484	.707309	.000000
3.52544	.707362	.000000
3.52604	.707327	.000000
3.52664	.707607	.000000
3.52724	.707902	.000000
3.52784	.708102	.000000
3.52844	.708162	.000000
3.52904	.708407	.000000
3.52964	.708655	.000000
3.53024	.708861	.000000
3.53084	.709024	.000000
3.53144	.709052	.000000
3.53204	.708923	.000000
3.53264	.708976	.000000
3.53324	.709259	.000000
3.53385	.709495	.000000
3.53445	.709679	.000000
3.53505	.709889	.000000
3.53565	.710154	.000000
3.53626	.710207	.000000
3.53686	.710106	.000000
3.53746	.710223	.000000
3.53807	.710514	.000000
3.53867	.710807	.000000
3.53927	.710894	.000000
3.53988	.710926	.000000
3.54048	.710927	.000000
3.54109	.711026	.000000
3.54169	.711316	.000000
3.5423	.711558	.000000
3.5429	.711576	.000000
3.54351	.711650	.000000
3.54411	.711636	.000000
3.54472	.711681	.000000
3.54532	.711770	.000000
3.54593	.712119	.000000
3.54654	.712497	.000000
3.54714	.712490	.000000
3.54775	.712653	.000000
3.54836	.712909	.000000
3.54896	.712902	.000000
3.54957	.712884	.000000
3.55018	.712955	.000000
3.55079	.713110	.000000
3.5514	.713213	.000000
3.552	.713290	.000000
3.55261	.713527	.000000
3.55322	.713931	.000000
3.55383	.714095	.000000
3.55444	.714168	.000000
3.55505	.714046	.000000
3.55566	.714039	.000000
3.55627	.714170	.000000
3.55688	.714330	.000000
3.55749	.714353	.000000
3.5581	.714503	.000000
3.55871	.714678	.000000
3.55932	.714841	.000000
3.55993	.714973	.000000
3.56054	.715083	.000000
3.56115	.715058	.000000
3.56176	.715122	.000000
3.56238	.715416	.000000
3.56299	.715687	.000000
3.5636	.715722	.000000
3.56421	.715734	.000000
3.56482	.715904	.000000
3.56544	.716109	.000000
3.56605	.716054	.000000
3.56666	.716093	.000000
3.56728	.716259	.000000
3.56789	.716345	.000000
3.5685	.716548	.000000
3.56912	.716750	.000000
3.56973	.716997	.000000
3.57035	.717082	.000000
3.57096	.716942	.000000
3.57158	.717015	.000000
3.57219	.717214	.000000
3.57281	.717603	.000000
3.57342	.717825	.000000
3.57404	.717838	.000000
3.57466	.717873	.000000
3.57527	.717873	.000000
3.57589	.718049	.000000
3.57651	.717979	.000000
3.57712	.717875	.000000
3.57774	.718051	.000000
3.57836	.718230	.000000
3.57897	.718554	.000000
3.57959	.718766	.000000
3.58021	.718770	.000000
3.58083	.718872	.000000
3.58145	.718895	.000000
3.58206	.718925	.000000
3.58268	.719116	.000000
3.5833	.719118	.000000
3.58392	.719273	.000000
3.58454	.719411	.000000
3.58516	.719552	.000000
3.58578	.719690	.000000
3.5864	.719849	.000000
3.58702	.719895	.000000
3.58764	.720137	.000000
3.58826	.720204	.000000
3.58888	.720280	.000000
3.5895	.720370	.000000
3.59013	.720433	.000000
3.59075	.720509	.000000
3.59137	.720610	.000000
3.59199	.720767	.000000
3.59261	.721016	.000000
3.59324	.721251	.000000
3.59386	.721152	.000000
3.59448	.721226	.000000
3.5951	.721332	.000000
3.59573	.721433	.000000
3.59635	.721555	.000000
3.59698	.721588	.000000
3.5976	.721770	.000000
3.59822	.721719	.000000
3.59885	.721788	.000000
3.59947	.722078	.000000
3.6001	.722231	.000000
3.60072	.722279	.000000
3.60135	.722159	.000000
3.60197	.722194	.000000
3.6026	.722487	.000000
3.60322	.722577	.000000
3.60385	.722618	.000000
3.60448	.722561	.000000
3.6051	.722574	.000000
3.60573	.722846	.000000
3.60636	.723024	.000000
3.60698	.723174	.000000
3.60761	.723345	.000000
3.60824	.723322	.000000
3.60887	.723420	.000000
3.6095	.723665	.000000
3.61012	.723865	.000000
3.61075	.723769	.000000
3.61138	.723568	.000000
3.61201	.723603	.000000
3.61264	.723877	.000000
3.61327	.724101	.000000
3.6139	.724183	.000000
3.61453	.724306	.000000
3.61516	.724329	.000000
3.61579	.724514	.000000
3.61642	.724640	.000000
3.61705	.724548	.000000
3.61768	.724672	.000000
3.61831	.725055	.000000
3.61894	.725231	.000000
3.61957	.725463	.000000
3.62021	.725436	.000000
3.62084	.725161	.000000
3.62147	.725175	.000000
3.6221	.725427	.000000
3.62274	.725828	.000000
3.62337	.725899	.000000
3.624	.725745	.000000
3.62464	.725795	.000000
3.62527	.725883	.000000
3.6259	.726046	.000000
3.62654	.726247	.000000
3.62717	.726446	.000000
3.62781	.726385	.000000
3.62844	.726275	.000000
3.62907	.726540	.000000
3.62971	.726846	.000000
3.63035	.726929	.000000
3.63098	.726824	.000000
3.63162	.726918	.000000
3.63225	.727075	.000000
3.63289	.727095	.000000
3.63353	.727095	.000000
3.63416	.727049	.000000
3.6348	.727096	.000000
3.63544	.727190	.000000
3.63607	.727358	.000000
3.63671	.727630	.000000
3.63735	.727771	.000000
3.63799	.727774	.000000
3.63863	.727928	.000000
3.63926	.727974	.000000
3.6399	.727972	.000000
3.64054	.728131	.000000
3.64118	.728348	.000000
3.64182	.728532	.000000
3.64246	.728664	.000000
3.6431	.728815	.000000
3.64374	.728977	.000000
3.64438	.729016	.000000
3.64502	.729154	.000000
3.64566	.729028	.000000
3.6463	.728896	.000000
3.64694	.729099	.000000
3.64759	.729263	.000000
3.64823	.729364	.000000
3.64887	.729526	.000000
3.64951	.729574	.000000
3.65015	.729537	.000000
3.6508	.729641	.000000
3.65144	.729821	.000000
3.65208	.729999	.000000
3.65273	.730111	.000000
3.65337	.730222	.000000
3.65401	.730250	.000000
3.65466	.730077	.000000
3.6553	.730102	.000000
3.65594	.730499	.000000
3.65659	.730635	.000000
3.65723	.730540	.000000
3.65788	.730639	.000000
3.65852	.730844	.000000
3.65917	.730900	.000000
3.65982	.731064	.000000
3.66046	.731218	.000000
3.66111	.731237	.000000
3.66175	.731153	.000000
3.6624	.731327	.000000
3.66305	.731511	.000000
3.66369	.731520	.000000
3.66434	.731598	.000000
3.66499	.731785	.000000
3.66564	.731877	.000000
3.66628	.731769	.000000
3.66693	.731727	.000000
3.66758	.731924	.000000
3.66823	.732039	.000000
3.66888	.732187	.000000
3.66953	.732341	.000000
3.67018	.732399	.000000
3.67083	.732461	.000000
3.67148	.732629	.000000
3.67213	.732726	.000000
3.67278	.732776	.000000
3.67343	.733003	.000000
3.67408	.733019	.000000
3.67473	.732866	.000000
3.67538	.732859	.000000
3.67603	.732977	.000000
3.67668	.733171	.000000
3.67734	.733318	.000000
3.67799	.733477	.000000
3.67864	.733717	.000000
3.67929	.733710	.000000
3.67995	.733826	.000000
3.6806	.733824	.000000
3.68125	.733943	.000000
3.68191	.733964	.000000
3.68256	.733832	.000000
3.68321	.734112	.000000
3.68387	.734285	.000000
3.68452	.734300	.000000
3.68518	.734337	.000000
3.68583	.734541	.000000
3.68649	.734660	.000000
3.68714	.734571	.000000
3.6878	.734723	.000000
3.68846	.734916	.000000
3.68911	.734911	.000000
3.68977	.734881	.000000
3.69042	.734764	.000000
3.69108	.734819	.000000
3.69174	.735145	.000000
3.6924	.735304	.000000
3.69305	.735497	.000000
3.69371	.735792	.000000
3.69437	.735809	.000000
3.69503	.735636	.000000
3.69569	.735566	.000000
3.69634	.735737	.000000
3.697	.736030	.000000
3.69766	.736097	.000000
3.69832	.736014	.000000
3.69898	.735917	.000000
3.69964	.736126	.000000
3.7003	.736281	.000000
3.70096	.736325	.000000
3.70162	.736320	.000000
3.70228	.736556	.000000
3.70294	.736876	.000000
3.7036	.736837	.000000
3.70427	.736906	.000000
3.70493	.736947	.000000
3.70559	.736966	.000000
3.70625	.736993	.000000
3.70691	.737240	.000000
3.70758	.737392	.000000
3.70824	.737422	.000000
3.7089	.737528	.000000
3.70957	.737717	.000000
3.71023	.737743	.000000
3.71089	.737741	.000000
3.71156	.737750	.000000
3.71222	.737706	.000000
3.71289	.737900	.000000
3.71355	.737918	.000000
3.71422	.737766	.000000
3.71488	.737914	.000000
3.71555	.738186	.000000
3.71621	.738370	.000000
3.71688	.738554	.000000
3.71755	.738600	.000000
3.71821	.738411	.000000
3.71888	.738331	.000000
3.71955	.738584	.000000
3.72021	.738811	.000000
3.72088	.738893	.000000
3.72155	.738916	.000000
3.72222	.738981	.000000
3.72288	.739004	.000000
3.72355	.739094	.000000
3.72422	.739122	.000000
3.72489	.739168	.000000
3.72556	.739264	.000000
3.72623	.739389	.000000
3.7269	.739440	.000000
3.72757	.739421	.000000
3.72824	.739525	.000000
3.72891	.739601	.000000
3.72958	.739792	.000000
3.73025	.739984	.000000
3.73092	.740058	.000000
3.73159	.740035	.000000
3.73226	.740034	.000000
3.73294	.740118	.000000
3.73361	.740182	.000000
3.73428	.740263	.000000
3.73495	.740408	.000000
3.73563	.740463	.000000
3.7363	.740570	.000000
3.73697	.740669	.000000
3.73765	.740713	.000000
3.73832	.740802	.000000
3.73899	.740777	.000000
3.73967	.740775	.000000
3.74034	.740973	.000000
3.74102	.740996	.000000
3.74169	.741003	.000000
3.74237	.741135	.000000
3.74304	.741211	.000000
3.74372	.741464	.000000
3.74439	.741676	.000000
3.74507	.741697	.000000
3.74575	.741651	.000000
3.74642	.741727	.000000
3.7471	.741822	.000000
3.74778	.741868	.000000
3.74845	.741837	.000000
3.74913	.741912	.000000
3.74981	.742047	.000000
3.75049	.742193	.000000
3.75117	.742299	.000000
3.75185	.742343	.000000
3.75252	.742456	.000000
3.7532	.742448	.000000
3.75388	.742416	.000000
3.75456	.742490	.000000
3.75524	.742700	.000000
3.75592	.742705	.000000
3.7566	.742635	.000000
3.75728	.742855	.000000
3.75796	.742995	.000000
3.75864	.742961	.000000
3.75933	.743020	.000000
3.76001	.743078	.000000
3.76069	.743187	.000000
3.76137	.743408	.000000
3.76205	.743470	.000000
3.76274	.743454	.000000
3.76342	.743405	.000000
3.7641	.743348	.000000
3.76479	.743521	.000000
3.76547	.743611	.000000
3.76615	.743726	.000000
3.76684	.743779	.000000
3.76752	.743820	.000000
3.76821	.743813	.000000
3.76889	.743816	.000000
3.76958	.743883	.000000
3.77026	.743987	.000000
3.77095	.744025	.000000
3.77163	.744106	.000000
3.77232	.744180	.000000
3.773	.744067	.000000
3.77369	.743970	.000000
3.77438	.744157	.000000
3.77506	.744496	.000000
3.77575	.744478	.000000
3.77644	.744417	.000000
3.77713	.744468	.000000
3.77781	.744409	.000000
3.7785	.744330	.000000
3.77919	.744397	.000000
3.77988	.744696	.000000
3.78057	.744851	.000000
3.78126	.744680	.000000
3.78195	.744646	.000000
3.78264	.744655	.000000
3.78333	.744768	.000000
3.78402	.744920	.000000
3.78471	.744990	.000000
3.7854	.745081	.000000
3.78609	.745105	.000000
3.78678	.745102	.000000
3.78747	.745211	.000000
3.78817	.745255	.000000
3.78886	.745289	.000000
3.78955	.745496	.000000
3.79024	.745533	.000000
3.79094	.745501	.000000
3.79163	.745654	.000000
3.79232	.745750	.000000
3.79302	.745736	.000000
3.79371	.745792	.000000
3.7944	.745985	.000000
3.7951	.745972	.000000
3.79579	.745780	.000000
3.79649	.745662	.000000
3.79718	.745692	.000000
3.79788	.745790	.000000
3.79857	.745875	.000000
3.79927	.746055	.000000
3.79996	.746105	.000000
3.80066	.746013	.000000
3.80136	.746073	.000000
3.80205	.746168	.000000
3.80275	.746211	.000000
3.80345	.746301	.000000
3.80415	.746273	.000000
3.80484	.746357	.000000
3.80554	.746251	.000000
3.80624	.746214	.000000
3.80694	.746370	.000000
3.80764	.746393	.000000
3.80834	.746430	.000000
3.80904	.746453	.000000
3.80974	.746594	.000000
3.81044	.746652	.000000
3.81114	.746633	.000000
3.81184	.746774	.000000
3.81254	.746831	.000000
3.81324	.746792	.000000
3.81394	.746783	.000000
3.81464	.746703	.000000
3.81535	.746666	.000000
3.81605	.746843	.000000
3.81675	.747023	.000000
3.81745	.747104	.000000
3.81816	.747157	.000000
3.81886	.747095	.000000
3.81956	.747104	.000000
3.82026	.747235	.000000
3.82097	.747376	.000000
3.82167	.747348	.000000
3.82238	.747436	.000000
3.82308	.747468	.000000
3.82379	.747459	.000000
3.82449	.747320	.000000
3.8252	.747265	.000000
3.8259	.747429	.000000
3.82661	.747562	.000000
3.82731	.747606	.000000
3.82802	.747652	.000000
3.82873	.747669	.000000
3.82944	.747613	.000000
3.83014	.747655	.000000
3.83085	.747825	.000000
3.83156	.748037	.000000
3.83227	.747977	.000000
3.83297	.747793	.000000
3.83368	.747805	.000000
3.83439	.747894	.000000
3.8351	.748054	.000000
3.83581	.748079	.000000
3.83652	.747994	.000000
3.83723	.747977	.000000
3.83794	.748016	.000000
3.83865	.748194	.000000
3.83936	.748116	.000000
3.84007	.747964	.000000
3.84078	.747830	.000000
3.84149	.747940	.000000
3.8422	.748072	.000000
3.84292	.748201	.000000
3.84363	.748178	.000000
3.84434	.748263	.000000
3.84505	.748325	.000000
3.84577	.748363	.000000
3.84648	.748425	.000000
3.84719	.748409	.000000
3.84791	.748455	.000000
3.84862	.748619	.000000
3.84934	.748727	.000000
3.85005	.748383	.000000
3.85077	.748076	.000000
3.85148	.748231	.000000
3.8522	.748510	.000000
3.85291	.748535	.000000
3.85363	.748425	.000000
3.85434	.748443	.000000
3.85506	.748595	.000000
3.85578	.748704	.000000
3.85649	.748801	.000000
3.85721	.748823	.000000
3.85793	.748731	.000000
3.85865	.748554	.000000
3.85936	.748558	.000000
3.86008	.748743	.000000
3.8608	.749013	.000000
3.86152	.749027	.000000
3.86224	.748842	.000000
3.86296	.748842	.000000
3.86368	.748879	.000000
3.8644	.748800	.000000
3.86512	.748761	.000000
3.86584	.748868	.000000
3.86656	.748879	.000000
3.86728	.748976	.000000
3.868	.749056	.000000
3.86872	.749020	.000000
3.86944	.748891	.000000
3.87017	.748877	.000000
3.87089	.749022	.000000
3.87161	.749119	.000000
3.87233	.749188	.000000
3.87306	.749135	.000000
3.87378	.748953	.000000
3.87451	.748999	.000000
3.87523	.748987	.000000
3.87595	.748856	.000000
3.87668	.748895	.000000
3.8774	.748909	.000000
3.87813	.748877	.000000
3.87885	.748937	.000000
3.87958	.749031	.000000
3.88031	.749008	.000000
3.88103	.749197	.000000
3.88176	.749308	.000000
3.88249	.749093	.000000
3.88321	.748960	.000000
3.88394	.749075	.000000
3.88467	.749322	.000000
3.88539	.749299	.000000
3.88612	.749142	.000000
3.88685	.749135	.000000
3.88758	.749280	.000000
3.88831	.749352	.000000
3.88904	.749192	.000000
3.88977	.749012	.000000
3.8905	.749001	.000000
3.89123	.749195	.000000
3.89196	.749188	.000000
3.89269	.749015	.000000
3.89342	.748861	.000000
3.89415	.749013	.000000
3.89488	.749070	.000000
3.89561	.749142	.000000
3.89634	.749162	.000000
3.89708	.749095	.000000
3.89781	.749204	.000000
3.89854	.749246	.000000
3.89927	.749209	.000000
3.90001	.749167	.000000
3.90074	.749091	.000000
3.90147	.749034	.000000
3.90221	.749040	.000000
3.90294	.749072	.000000
3.90368	.749075	.000000
3.90441	.749243	.000000
3.90515	.749121	.000000
3.90588	.748706	.000000
3.90662	.748672	.000000
3.90735	.748861	.000000
3.90809	.749022	.000000
3.90883	.749049	.000000
3.90956	.749082	.000000
3.9103	.749238	.000000
3.91104	.749107	.000000
3.91178	.748877	.000000
3.91251	.748853	.000000
3.91325	.748826	.000000
3.91399	.748962	.000000
3.91473	.749280	.000000
3.91547	.749160	.000000
3.91621	.748854	.000000
3.91695	.748833	.000000
3.91769	.748953	.000000
3.91843	.748983	.000000
3.91917	.749015	.000000
3.91991	.748913	.000000
3.92065	.748846	.000000
3.92139	.748621	.000000
3.92213	.748570	.000000
3.92288	.748782	.000000
3.92362	.748835	.000000
3.92436	.748807	.000000
3.9251	.748872	.000000
3.92585	.748757	.000000
3.92659	.748678	.000000
3.92733	.748658	.000000
3.92808	.748655	.000000
3.92882	.748519	.000000
3.92956	.748588	.000000
3.93031	.748812	.000000
3.93105	.748754	.000000
3.9318	.748597	.000000
3.93254	.748614	.000000
3.93329	.748664	.000000
3.93404	.748748	.000000
3.93478	.748840	.000000
3.93553	.748637	.000000
3.93628	.748362	.000000
3.93702	.748422	.000000
3.93777	.748598	.000000
3.93852	.748702	.000000
3.93927	.748641	.000000
3.94002	.748671	.000000
3.94077	.748680	.000000
3.94151	.748618	.000000
3.94226	.748496	.000000
3.94301	.748413	.000000
3.94376	.748540	.000000
3.94451	.748630	.000000
3.94526	.748501	.000000
3.94601	.748506	.000000
3.94677	.748503	.000000
3.94752	.748321	.000000
3.94827	.748159	.000000
3.94902	.748153	.000000
3.94977	.748231	.000000
3.95052	.748199	.000000
3.95128	.748208	.000000
3.95203	.748370	.000000
3.95278	.748291	.000000
3.95354	.748102	.000000
3.95429	.747971	.000000
3.95504	.747871	.000000
3.9558	.747789	.000000
3.95655	.747989	.000000
3.95731	.747996	.000000
3.95806	.747797	.000000
3.95882	.747858	.000000
3.95957	.747931	.000000
3.96033	.747897	.000000
3.96109	.747860	.000000
3.96184	.747777	.000000
3.9626	.747735	.000000
3.96336	.747616	.000000
3.96412	.747546	.000000
3.96487	.747678	.000000
3.96563	.747682	.000000
3.96639	.747676	.000000
3.96715	.747533	.000000
3.96791	.747484	.000000
3.96867	.747525	.000000
3.96943	.747401	.000000
3.97019	.747505	.000000
3.97095	.747479	.000000
3.97171	.747337	.000000
3.97247	.747320	.000000
3.97323	.747323	.000000
3.97399	.747410	.000000
3.97475	.747357	.000000
3.97551	.747277	.000000
3.97628	.747175	.000000
3.97704	.746933	.000000
3.9778	.746880	.000000
3.97856	.747094	.000000
3.97933	.747014	.000000
3.98009	.746891	.000000
3.98086	.746915	.000000
3.98162	.746993	.000000
3.98238	.747083	.000000
3.98315	.746903	.000000
3.98391	.746624	.000000
3.98468	.746668	.000000
3.98545	.746742	.000000
3.98621	.746686	.000000
3.98698	.746705	.000000
3.98774	.746620	.000000
3.98851	.746470	.000000
3.98928	.746476	.000000
3.99005	.746693	.000000
3.99081	.746772	.000000
3.99158	.746686	.000000
3.99235	.746511	.000000
3.99312	.746331	.000000
3.99389	.746267	.000000
3.99466	.746294	.000000
3.99543	.746345	.000000
3.9962	.746462	.000000
3.99697	.746361	.000000
3.99774	.746230	.000000
3.99851	.746338	.000000
3.99928	.746315	.000000
4.00005	.746124	.000000
4.00082	.746152	.000000
4.00159	.746243	.000000
4.00237	.746147	.000000
4.00314	.746020	.000000
4.00391	.745902	.000000
4.00468	.745983	.000000
4.00546	.746130	.000000
4.00623	.746043	.000000
4.00701	.745833	.000000
4.00778	.745820	.000000
4.00855	.745845	.000000
4.00933	.745907	.000000
4.01011	.746036	.000000
4.01088	.746034	.000000
4.01166	.745893	.000000
4.01243	.745918	.000000
4.01321	.745926	.000000
4.01399	.745928	.000000
4.01476	.745964	.000000
4.01554	.745861	.000000
4.01632	.745621	.000000
4.0171	.745642	.000000
4.01787	.745769	.000000
4.01865	.745739	.000000
4.01943	.745587	.000000
4.02021	.745570	.000000
4.02099	.745414	.000000
4.02177	.745326	.000000
4.02255	.745496	.000000
4.02333	.745637	.000000
4.02411	.745621	.000000
4.02489	.745609	.000000
4.02567	.745503	.000000
4.02646	.745328	.000000
4.02724	.745248	.000000
4.02802	.745271	.000000
4.0288	.745248	.000000
4.02958	.745247	.000000
4.03037	.745282	.000000
4.03115	.745252	.000000
4.03193	.745179	.000000
4.03272	.745188	.000000
4.0335	.745241	.000000
4.03429	.745239	.000000
4.03507	.745066	.000000
4.03586	.745005	.000000
4.03664	.745070	.000000
4.03743	.745197	.000000
4.03821	.745331	.000000
4.039	.745351	.000000
4.03979	.745241	.000000
4.04057	.745218	.000000
4.04136	.745077	.000000
4.04215	.744936	.000000
4.04294	.744927	.000000
4.04373	.744939	.000000
4.04451	.744879	.000000
4.0453	.744823	.000000
4.04609	.744900	.000000
4.04688	.744860	.000000
4.04767	.744574	.000000
4.04846	.744696	.000000
4.04925	.744927	.000000
4.05004	.744727	.000000
4.05083	.744440	.000000
4.05163	.744302	.000000
4.05242	.744325	.000000
4.05321	.744574	.000000
4.054	.744572	.000000
4.05479	.744500	.000000
4.05559	.744424	.000000
4.05638	.744424	.000000
4.05717	.744420	.000000
4.05797	.744279	.000000
4.05876	.744316	.000000
4.05956	.744259	.000000
4.06035	.744092	.000000
4.06115	.744086	.000000
4.06194	.744111	.000000
4.06274	.744104	.000000
4.06353	.744189	.000000
4.06433	.744206	.000000
4.06513	.744182	.000000
4.06592	.744079	.000000
4.06672	.743975	.000000
4.06752	.743943	.000000
4.06832	.743943	.000000
4.06911	.743811	.000000
4.06991	.743839	.000000
4.07071	.743855	.000000
4.07151	.743770	.000000
4.07231	.743887	.000000
4.07311	.743964	.000000
4.07391	.743904	.000000
4.07471	.743876	.000000
4.07551	.743742	.000000
4.07631	.743627	.000000
4.07711	.743715	.000000
4.07792	.743610	.000000
4.07872	.743493	.000000
4.07952	.743516	.000000
4.08032	.743410	.000000
4.08113	.743311	.000000
4.08193	.743502	.000000
4.08273	.743685	.000000
4.08354	.743475	.000000
4.08434	.743149	.000000
4.08515	.743203	.000000
4.08595	.743362	.000000
4.08676	.743380	.000000
4.08756	.743131	.000000
4.08837	.743039	.000000
4.08917	.743191	.000000
4.08998	.743297	.000000
4.09079	.743205	.000000
4.09159	.743104	.000000
4.0924	.742931	.000000
4.09321	.742845	.000000
4.09402	.742857	.000000
4.09482	.742764	.000000
4.09563	.742621	.000000
4.09644	.742561	.000000
4.09725	.742615	.000000
4.09806	.742626	.000000
4.09887	.742675	.000000
4.09968	.742585	.000000
4.10049	.742578	.000000
4.1013	.742578	.000000
4.10211	.742456	.000000
4.10293	.742442	.000000
4.10374	.742370	.000000
4.10455	.742253	.000000
4.10536	.742271	.000000
4.10618	.742220	.000000
4.10699	.742140	.000000
4.1078	.742312	.000000
4.10862	.742294	.000000
4.10943	.742084	.000000
4.11024	.741951	.000000
4.11106	.742006	.000000
4.11187	.741944	.000000
4.11269	.741775	.000000
4.1135	.741762	.000000
4.11432	.741810	.000000
4.11514	.741890	.000000
4.11595	.741976	.000000
4.11677	.741912	.000000
4.11759	.741937	.000000
4.11841	.741856	.000000
4.11922	.741632	.000000
4.12004	.741566	.000000
4.12086	.741455	.000000
4.12168	.741363	.000000
4.1225	.741464	.000000
4.12332	.741489	.000000
4.12414	.741443	.000000
4.12496	.741416	.000000
4.12578	.741377	.000000
4.1266	.741307	.000000
4.12742	.741264	.000000
4.12824	.741321	.000000
4.12906	.741256	.000000
4.12989	.741190	.000000
4.13071	.741067	.000000
4.13153	.740998	.000000
4.13236	.740962	.000000
4.13318	.741028	.000000
4.134	.740987	.000000
4.13483	.740821	.000000
4.13565	.740892	.000000
4.13648	.740936	.000000
4.1373	.740812	.000000
4.13813	.740825	.000000
4.13895	.740818	.000000
4.13978	.740816	.000000
4.14061	.740758	.000000
4.14143	.740622	.000000
4.14226	.740521	.000000
4.14309	.740489	.000000
4.14392	.740586	.000000
4.14474	.740625	.000000
4.14557	.740579	.000000
4.1464	.740450	.000000
4.14723	.740302	.000000
4.14806	.740252	.000000
4.14889	.740357	.000000
4.14972	.740307	.000000
4.15055	.740203	.000000
4.15138	.740159	.000000
4.15221	.740148	.000000
4.15304	.740159	.000000
4.15388	.740143	.000000
4.15471	.740037	.000000
4.15554	.740007	.000000
4.15637	.740026	.000000
4.15721	.740064	.000000
4.15804	.740021	.000000
4.15887	.739869	.000000
4.15971	.739751	.000000
4.16054	.739898	.000000
4.16138	.739857	.000000
4.16221	.739677	.000000
4.16305	.739671	.000000
4.16388	.739481	.000000
4.16472	.739340	.000000
4.16556	.739488	.000000
4.16639	.739557	.000000
4.16723	.739281	.000000
4.16807	.739008	.000000
4.16891	.739105	.000000
4.16974	.739186	.000000
4.17058	.739113	.000000
4.17142	.739119	.000000
4.17226	.739087	.000000
4.1731	.739046	.000000
4.17394	.738951	.000000
4.17478	.738923	.000000
4.17562	.738882	.000000
4.17646	.738856	.000000
4.1773	.738713	.000000
4.17814	.738568	.000000
4.17899	.738617	.000000
4.17983	.738702	.000000
4.18067	.738571	.000000
4.18151	.738407	.000000
4.18236	.738416	.000000
4.1832	.738414	.000000
4.18404	.738283	.000000
4.18489	.738381	.000000
4.18573	.738601	.000000
4.18658	.738502	.000000
4.18742	.738285	.000000
4.18827	.738130	.000000
4.18912	.737868	.000000
4.18996	.737826	.000000
4.19081	.737846	.000000
4.19166	.737849	.000000
4.1925	.737856	.000000
4.19335	.737759	.000000
4.1942	.737635	.000000
4.19505	.737650	.000000
4.1959	.737667	.000000
4.19674	.737628	.000000
4.19759	.737499	.000000
4.19844	.737436	.000000
4.19929	.737425	.000000
4.20014	.737370	.000000
4.201	.737252	.000000
4.20185	.737222	.000000
4.2027	.737167	.000000
4.20355	.737243	.000000
4.2044	.737330	.000000
4.20525	.737250	.000000
4.20611	.737067	.000000
4.20696	.736938	.000000
4.20781	.736906	.000000
4.20867	.736842	.000000
4.20952	.736749	.000000
4.21038	.736579	.000000
4.21123	.736436	.000000
4.21209	.736459	.000000
4.21294	.736537	.000000
4.2138	.736502	.000000
4.21465	.736307	.000000
4.21551	.736299	.000000
4.21637	.736217	.000000
4.21723	.736175	.000000
4.21808	.736048	.000000
4.21894	.735945	.000000
4.2198	.735917	.000000
4.22066	.736025	.000000
4.22152	.736078	.000000
4.22238	.735854	.000000
4.22324	.735852	.000000
4.2241	.735831	.000000
4.22496	.735573	.000000
4.22582	.735562	.000000
4.22668	.735520	.000000
4.22754	.735507	.000000
4.2284	.735357	.000000
4.22927	.735138	.000000
4.23013	.735218	.000000
4.23099	.735207	.000000
4.23186	.735038	.000000
4.23272	.735122	.000000
4.23358	.734836	.000000
4.23445	.734609	.000000
4.23531	.734713	.000000
4.23618	.734534	.000000
4.23704	.734285	.000000
4.23791	.734291	.000000
4.23877	.734156	.000000
4.23964	.734093	.000000
4.24051	.734013	.000000
4.24138	.733823	.000000
4.24224	.733793	.000000
4.24311	.733689	.000000
4.24398	.733508	.000000
4.24485	.733387	.000000
4.24572	.733168	.000000
4.24659	.732957	.000000
4.24746	.733005	.000000
4.24833	.733083	.000000
4.2492	.732813	.000000
4.25007	.732482	.000000
4.25094	.732327	.000000
4.25181	.732230	.000000
4.25268	.732154	.000000
4.25355	.732159	.000000
4.25443	.732064	.000000
4.2553	.731750	.000000
4.25617	.731522	.000000
4.25705	.731407	.000000
4.25792	.731357	.000000
4.25879	.731070	.000000
4.25967	.731054	.000000
4.26054	.731230	.000000
4.26142	.731001	.000000
4.26229	.730596	.000000
4.26317	.730381	.000000
4.26405	.730279	.000000
4.26492	.730114	.000000
4.2658	.729932	.000000
4.26668	.729666	.000000
4.26756	.729383	.000000
4.26844	.729305	.000000
4.26931	.729427	.000000
4.27019	.729491	.000000
4.27107	.729343	.000000
4.27195	.729129	.000000
4.27283	.728611	.000000
4.27371	.728174	.000000
4.27459	.728232	.000000
4.27548	.728239	.000000
4.27636	.727960	.000000
4.27724	.727594	.000000
4.27812	.727457	.000000
4.279	.727280	.000000
4.27989	.726978	.000000
4.28077	.726766	.000000
4.28165	.726473	.000000
4.28254	.726204	.000000
4.28342	.726037	.000000
4.28431	.725830	.000000
4.28519	.725648	.000000
4.28608	.725281	.000000
4.28696	.725048	.000000
4.28785	.725039	.000000
4.28874	.724949	.000000
4.28962	.724555	.000000
4.29051	.724234	.000000
4.2914	.723999	.000000
4.29229	.723614	.000000
4.29318	.723254	.000000
4.29406	.723176	.000000
4.29495	.723164	.000000
4.29584	.722957	.000000
4.29673	.722577	.000000
4.29762	.722291	.000000
4.29851	.722028	.000000
4.29941	.721684	.000000
4.3003	.721424	.000000
4.30119	.721161	.000000
4.30208	.721037	.000000
4.30297	.720935	.000000
4.30387	.720582	.000000
4.30476	.720372	.000000
4.30565	.720160	.000000
4.30655	.719784	.000000
4.30744	.719406	.000000
4.30834	.719213	.000000
4.30923	.719017	.000000
4.31013	.718750	.000000
4.31102	.718408	.000000
4.31192	.718219	.000000
4.31282	.718134	.000000
4.31371	.717839	.000000
4.31461	.717507	.000000
4.31551	.717257	.000000
4.31641	.716972	.000000
4.31731	.716690	.000000
4.31821	.716520	.000000
4.31911	.716294	.000000
4.32001	.715969	.000000
4.32091	.715688	.000000
4.32181	.715567	.000000
4.32271	.715309	.000000
4.32361	.715076	.000000
4.32451	.714867	.000000
4.32541	.714627	.000000
4.32631	.714549	.000000
4.32722	.714523	.000000
4.32812	.714359	.000000
4.32902	.714007	.000000
4.32993	.713744	.000000
4.33083	.713477	.000000
4.33174	.713191	.000000
4.33264	.712965	.000000
4.33355	.712806	.000000
4.33445	.712732	.000000
4.33536	.712596	.000000
4.33626	.712483	.000000
4.33717	.712356	.000000
4.33808	.712118	.000000
4.33899	.711932	.000000
4.33989	.711616	.000000
4.3408	.711376	.000000
4.34171	.711185	.000000
4.34262	.710963	.000000
4.34353	.710883	.000000
4.34444	.710733	.000000
4.34535	.710542	.000000
4.34626	.710357	.000000
4.34717	.710145	.000000
4.34808	.710014	.000000
4.34899	.709704	.000000
4.34991	.709439	.000000
4.35082	.709365	.000000
4.35173	.709352	.000000
4.35264	.709220	.000000
4.35356	.708964	.000000
4.35447	.708782	.000000
4.35539	.708676	.000000
4.3563	.708467	.000000
4.35722	.708279	.000000
4.35813	.708257	.000000
4.35905	.708234	.000000
4.35996	.707931	.000000
4.36088	.707477	.000000
4.3618	.707353	.000000
4.36272	.707311	.000000
4.36363	.707185	.000000
4.36455	.707041	.000000
4.36547	.706947	.000000
4.36639	.706859	.000000
4.36731	.706735	.000000
4.36823	.706617	.000000
4.36915	.706488	.000000
4.37007	.706313	.000000
4.37099	.706126	.000000
4.37191	.705879	.000000
4.37283	.705866	.000000
4.37376	.705969	.000000
4.37468	.705794	.000000
4.3756	.705635	.000000
4.37653	.705442	.000000
4.37745	.705239	.000000
4.37837	.705211	.000000
4.3793	.705103	.000000
4.38022	.704863	.000000
4.38115	.704552	.000000
4.38207	.704385	.000000
4.383	.704416	.000000
4.38393	.704242	.000000
4.38485	.704127	.000000
4.38578	.704226	.000000
4.38671	.704224	.000000
4.38764	.704063	.000000
4.38856	.703724	.000000
4.38949	.703525	.000000
4.39042	.703480	.000000
4.39135	.703438	.000000
4.39228	.703426	.000000
4.39321	.703258	.000000
4.39414	.702839	.000000
4.39507	.702744	.000000
4.39601	.702864	.000000
4.39694	.702790	.000000
4.39787	.702665	.000000
4.39881	.702675	.000000
4.39974	.702670	.000000
4.40067	.702617	.000000
4.40161	.702622	.000000
4.40254	.702552	.000000
4.40348	.702363	.000000
4.40441	.702356	.000000
4.40535	.702454	.000000
4.40628	.702391	.000000
4.40722	.702239	.000000
4.40815	.702147	.000000
4.40909	.702138	.000000
4.41003	.702017	.000000
4.41097	.701946	.000000
4.41191	.701969	.000000
4.41284	.701939	.000000
4.41378	.701889	.000000
4.41472	.701838	.000000
4.41566	.701964	.000000
4.4166	.701820	.000000
4.41754	.701591	.000000
4.41849	.701653	.000000
4.41943	.701757	.000000
4.42037	.701563	.000000
4.42131	.701510	.000000
4.42225	.701725	.000000
4.4232	.701785	.000000
4.42414	.701799	.000000
4.42508	.701886	.000000
4.42603	.701866	.000000
4.42697	.701835	.000000
4.42792	.701859	.000000
4.42886	.701762	.000000
4.42981	.701704	.000000
4.43076	.701722	.000000
4.4317	.701524	.000000
4.43265	.701517	.000000
4.4336	.701695	.000000
4.43455	.701709	.000000
4.43549	.701699	.000000
4.43644	.701677	.000000
4.43739	.701707	.000000
4.43834	.701769	.000000
4.43929	.701720	.000000
4.44024	.701589	.000000
4.44119	.701527	.000000
4.44215	.701575	.000000
4.4431	.701670	.000000
4.44405	.701727	.000000
4.445	.701676	.000000
4.44595	.701591	.000000
4.44691	.701480	.000000
4.44786	.701577	.000000
4.44881	.701653	.000000
4.44977	.701644	.000000
4.45072	.701647	.000000
4.45168	.701697	.000000
4.45264	.701725	.000000
4.45359	.701783	.000000
4.45455	.701792	.000000
4.4555	.701628	.000000
4.45646	.701473	.000000
4.45742	.701391	.000000
4.45838	.701439	.000000
4.45934	.701526	.000000
4.4603	.701379	.000000
4.46126	.701292	.000000
4.46222	.701112	.000000
4.46318	.700989	.000000
4.46414	.701160	.000000
4.4651	.701365	.000000
4.46606	.701428	.000000
4.46702	.701317	.000000
4.46798	.701199	.000000
4.46895	.700978	.000000
4.46991	.700835	.000000
4.47087	.700770	.000000
4.47184	.700704	.000000
4.4728	.700763	.000000
4.47377	.700749	.000000
4.47473	.700618	.000000
4.4757	.700512	.000000
4.47666	.700378	.000000
4.47763	.700401	.000000
4.4786	.700491	.000000
4.47956	.700353	.000000
4.48053	.700210	.000000
4.4815	.700171	.000000
4.48247	.700187	.000000
4.48344	.700116	.000000
4.48441	.700146	.000000
4.48538	.699959	.000000
4.48635	.699541	.000000
4.48732	.699357	.000000
4.48829	.699361	.000000
4.48926	.699352	.000000
4.49023	.699179	.000000
4.49121	.699069	.000000
4.49218	.698953	.000000
4.49315	.698794	.000000
4.49413	.698780	.000000
4.4951	.698658	.000000
4.49607	.698539	.000000
4.49705	.698585	.000000
4.49802	.698525	.000000
4.499	.698405	.000000
4.49998	.698140	.000000
4.50095	.698077	.000000
4.50193	.697900	.000000
4.50291	.697586	.000000
4.50389	.697437	.000000
4.50486	.697381	.000000
4.50584	.697155	.000000
4.50682	.696922	.000000
4.5078	.696872	.000000
4.50878	.696878	.000000
4.50976	.696641	.000000
4.51074	.696323	.000000
4.51172	.696109	.000000
4.51271	.696028	.000000
4.51369	.695928	.000000
4.51467	.695822	.000000
4.51565	.695663	.000000
4.51664	.695440	.000000
4.51762	.695274	.000000
4.5186	.695193	.000000
4.51959	.694978	.000000
4.52057	.694626	.000000
4.52156	.694487	.000000
4.52255	.694414	.000000
4.52353	.694264	.000000
4.52452	.693976	.000000
4.52551	.693688	.000000
4.52649	.693499	.000000
4.52748	.693261	.000000
4.52847	.693167	.000000
4.52946	.693132	.000000
4.53045	.692917	.000000
4.53144	.692576	.000000
4.53243	.692435	.000000
4.53342	.692148	.000000
4.53441	.691818	.000000
4.5354	.691582	.000000
4.53639	.691477	.000000
4.53739	.691191	.000000
4.53838	.690856	.000000
4.53937	.690833	.000000
4.54037	.690741	.000000
4.54136	.690375	.000000
4.54236	.689983	.000000
4.54335	.689655	.000000
4.54435	.689489	.000000
4.54534	.689381	.000000
4.54634	.689129	.000000
4.54734	.688880	.000000
4.54833	.688551	.000000
4.54933	.688159	.000000
4.55033	.687961	.000000
4.55133	.687711	.000000
4.55233	.687412	.000000
4.55333	.687252	.000000
4.55433	.687107	.000000
4.55533	.686757	.000000
4.55633	.686413	.000000
4.55733	.686229	.000000
4.55833	.685915	.000000
4.55933	.685690	.000000
4.56033	.685459	.000000
4.56134	.685170	.000000
4.56234	.684963	.000000
4.56334	.684679	.000000
4.56435	.684223	.000000
4.56535	.683790	.000000
4.56636	.683517	.000000
4.56736	.683287	.000000
4.56837	.683086	.000000
4.56938	.682941	.000000
4.57038	.682680	.000000
4.57139	.682282	.000000
4.5724	.681812	.000000
4.57341	.681390	.000000
4.57442	.680952	.000000
4.57543	.680645	.000000
4.57644	.680403	.000000
4.57745	.680119	.000000
4.57846	.679723	.000000
4.57947	.679351	.000000
4.58048	.679070	.000000
4.58149	.678895	.000000
4.5825	.678623	.000000
4.58352	.678092	.000000
4.58453	.677675	.000000
4.58554	.677421	.000000
4.58656	.677138	.000000
4.58757	.676825	.000000
4.58859	.676462	.000000
4.5896	.676186	.000000
4.59062	.675715	.000000
4.59163	.675377	.000000
4.59265	.675038	.000000
4.59367	.674535	.000000
4.59469	.674159	.000000
4.5957	.673970	.000000
4.59672	.673590	.000000
4.59774	.673071	.000000
4.59876	.672646	.000000
4.59978	.672264	.000000
4.6008	.671953	.000000
4.60182	.671653	.000000
4.60284	.671261	.000000
4.60387	.670800	.000000
4.60489	.670352	.000000
4.60591	.669995	.000000
4.60693	.669679	.000000
4.60796	.669271	.000000
4.60898	.668743	.000000
4.61001	.668220	.000000
4.61103	.667736	.000000
4.61206	.667288	.000000
4.61308	.666862	.000000
4.61411	.666493	.000000
4.61514	.666200	.000000
4.61616	.665781	.000000
4.61719	.665154	.000000
4.61822	.664602	.000000
4.61925	.664342	.000000
4.62028	.663938	.000000
4.62131	.663472	.000000
4.62234	.663212	.000000
4.62337	.662786	.000000
4.6244	.662355	.000000
4.62543	.662050	.000000
4.62646	.661649	.000000
4.62749	.661038	.000000
4.62852	.660604	.000000
4.62956	.660164	.000000
4.63059	.659729	.000000
4.63163	.659311	.000000
4.63266	.658850	.000000
4.6337	.658368	.000000
4.63473	.658054	.000000
4.63577	.657775	.000000
4.6368	.657345	.000000
4.63784	.656948	.000000
4.63888	.656648	.000000
4.63992	.656252	.000000
4.64095	.655730	.000000
4.64199	.655258	.000000
4.64303	.654993	.000000
4.64407	.654649	.000000
4.64511	.654252	.000000
4.64615	.653925	.000000
4.64719	.653602	.000000
4.64823	.653353	.000000
4.64928	.653084	.000000
4.65032	.652646	.000000
4.65136	.652353	.000000
4.65241	.652208	.000000
4.65345	.651929	.000000
4.65449	.651546	.000000
4.65554	.651338	.000000
4.65658	.651025	.000000
4.65763	.650511	.000000
4.65868	.650269	.000000
4.65972	.650133	.000000
4.66077	.649886	.000000
4.66182	.649642	.000000
4.66287	.649374	.000000
4.66392	.649070	.000000
4.66497	.648828	.000000
4.66601	.648583	.000000
4.66706	.648507	.000000
4.66812	.648385	.000000
4.66917	.648023	.000000
4.67022	.647765	.000000
4.67127	.647523	.000000
4.67232	.647170	.000000
4.67338	.646764	.000000
4.67443	.646506	.000000
4.67548	.646255	.000000
4.67654	.645825	.000000
4.67759	.645570	.000000
4.67865	.645493	.000000
4.6797	.645141	.000000
4.68076	.644897	.000000
4.68181	.644799	.000000
4.68287	.644463	.000000
4.68393	.644067	.000000
4.68499	.643688	.000000
4.68605	.643456	.000000
4.6871	.643229	.000000
4.68816	.643015	.000000
4.68922	.642724	.000000
4.69028	.642436	.000000
4.69135	.642173	.000000
4.69241	.641878	.000000
4.69347	.641533	.000000
4.69453	.641122	.000000
4.69559	.640926	.000000
4.69666	.640705	.000000
4.69772	.640304	.000000
4.69879	.639986	.000000
4.69985	.639702	.000000
4.70092	.639427	.000000
4.70198	.639024	.000000
4.70305	.638770	.000000
4.70411	.638535	.000000
4.70518	.638189	.000000
4.70625	.637871	.000000
4.70732	.637622	.000000
4.70839	.637429	.000000
4.70946	.637228	.000000
4.71053	.636947	.000000
4.7116	.636682	.000000
4.71267	.636324	.000000
4.71374	.635957	.000000
4.71481	.635663	.000000
4.71588	.635289	.000000
4.71695	.634885	.000000
4.71803	.634643	.000000
4.7191	.634228	.000000
4.72017	.633827	.000000
4.72125	.633634	.000000
4.72232	.633371	.000000
4.7234	.633092	.000000
4.72447	.632893	.000000
4.72555	.632628	.000000
4.72663	.632253	.000000
4.72771	.631877	.000000
4.72878	.631685	.000000
4.72986	.631577	.000000
4.73094	.631324	.000000
4.73202	.631070	.000000
4.7331	.630719	.000000
4.73418	.630300	.000000
4.73526	.630097	.000000
4.73634	.629912	.000000
4.73743	.629497	.000000
4.73851	.629195	.000000
4.73959	.628942	.000000
4.74067	.628633	.000000
4.74176	.628229	.000000
4.74284	.628031	.000000
4.74393	.627775	.000000
4.74501	.627448	.000000
4.7461	.627153	.000000
4.74718	.626931	.000000
4.74827	.626728	.000000
4.74936	.626597	.000000
4.75045	.626405	.000000
4.75153	.626083	.000000
4.75262	.625668	.000000
4.75371	.625497	.000000
4.7548	.625451	.000000
4.75589	.625237	.000000
4.75698	.624817	.000000
4.75808	.624473	.000000
4.75917	.624340	.000000
4.76026	.624185	.000000
4.76135	.623957	.000000
4.76245	.623660	.000000
4.76354	.623293	.000000
4.76464	.622998	.000000
4.76573	.622956	.000000
4.76683	.622965	.000000
4.76792	.622763	.000000
4.76902	.622523	.000000
4.77012	.622348	.000000
4.77121	.622096	.000000
4.77231	.621737	.000000
4.77341	.621439	.000000
4.77451	.621365	.000000
4.77561	.621289	.000000
4.77671	.620964	.000000
4.77781	.620637	.000000
4.77891	.620524	.000000
4.78001	.620353	.000000
4.78111	.620243	.000000
4.78221	.620038	.000000
4.78332	.619804	.000000
4.78442	.619646	.000000
4.78552	.619411	.000000
4.78663	.619099	.000000
4.78773	.618945	.000000
4.78884	.618830	.000000
4.78995	.618617	.000000
4.79105	.618415	.000000
4.79216	.618329	.000000
4.79327	.618218	.000000
4.79437	.617976	.000000
4.79548	.617771	.000000
4.79659	.617464	.000000
4.7977	.617121	.000000
4.79881	.616833	.000000
4.79992	.616775	.000000
4.80103	.616704	.000000
4.80215	.616446	.000000
4.80326	.616134	.000000
4.80437	.615961	.000000
4.80548	.615906	.000000
4.8066	.615472	.000000
4.80771	.615096	.000000
4.80883	.615067	.000000
4.80994	.614889	.000000
4.81106	.614571	.000000
4.81217	.614269	.000000
4.81329	.614108	.000000
4.81441	.613896	.000000
4.81553	.613603	.000000
4.81664	.613346	.000000
4.81776	.613068	.000000
4.81888	.613022	.000000
4.82	.612759	.000000
4.82112	.612491	.000000
4.82224	.612236	.000000
4.82336	.611880	.000000
4.82449	.611613	.000000
4.82561	.611440	.000000
4.82673	.611262	.000000
4.82786	.611036	.000000
4.82898	.610718	.000000
4.8301	.610379	.000000
4.83123	.610128	.000000
4.83236	.609780	.000000
4.83348	.609531	.000000
4.83461	.609388	.000000
4.83574	.609151	.000000
4.83686	.608867	.000000
4.83799	.608586	.000000
4.83912	.608072	.000000
4.84025	.607502	.000000
4.84138	.607283	.000000
4.84251	.607145	.000000
4.84364	.606956	.000000
4.84477	.606741	.000000
4.84591	.606395	.000000
4.84704	.606045	.000000
4.84817	.605869	.000000
4.8493	.605637	.000000
4.85044	.605319	.000000
4.85157	.605102	.000000
4.85271	.604844	.000000
4.85384	.604562	.000000
4.85498	.604235	.000000
4.85612	.603719	.000000
4.85725	.603299	.000000
4.85839	.603149	.000000
4.85953	.602935	.000000
4.86067	.602533	.000000
4.86181	.602181	.000000
4.86295	.601945	.000000
4.86409	.601648	.000000
4.86523	.601284	.000000
4.86637	.600988	.000000
4.86752	.600576	.000000
4.86866	.600158	.000000
4.8698	.599940	.000000
4.87095	.599737	.000000
4.87209	.599449	.000000
4.87324	.599223	.000000
4.87438	.598964	.000000
4.87553	.598577	.000000
4.87667	.598266	.000000
4.87782	.597925	.000000
4.87897	.597600	.000000
4.88011	.597272	.000000
4.88126	.596914	.000000
4.88241	.596583	.000000
4.88356	.596315	.000000
4.88471	.595990	.000000
4.88586	.595534	.000000
4.88701	.595193	.000000
4.88817	.594967	.000000
4.88932	.594614	.000000
4.89047	.594250	.000000
4.89163	.593945	.000000
4.89278	.593703	.000000
4.89393	.593345	.000000
4.89509	.592965	.000000
4.89624	.592495	.000000
4.8974	.592115	.000000
4.89856	.591806	.000000
4.89971	.591451	.000000
4.90087	.591162	.000000
4.90203	.590874	.000000
4.90319	.590574	.000000
4.90435	.590231	.000000
4.90551	.589813	.000000
4.90667	.589520	.000000
4.90783	.589279	.000000
4.90899	.588824	.000000
4.91015	.588354	.000000
4.91132	.588084	.000000
4.91248	.587752	.000000
4.91364	.587395	.000000
4.91481	.587017	.000000
4.91597	.586611	.000000
4.91714	.586178	.000000
4.91831	.585972	.000000
4.91947	.585634	.000000
4.92064	.585317	.000000
4.92181	.585078	.000000
4.92298	.584667	.000000
4.92414	.584201	.000000
4.92531	.583761	.000000
4.92648	.583491	.000000
4.92765	.583219	.000000
4.92883	.582888	.000000
4.93	.582447	.000000
4.93117	.582041	.000000
4.93234	.581659	.000000
4.93352	.581389	.000000
4.93469	.581191	.000000
4.93586	.580681	.000000
4.93704	.580206	.000000
4.93821	.579971	.000000
4.93939	.579726	.000000
4.94057	.579289	.000000
4.94174	.578899	.000000
4.94292	.578629	.000000
4.9441	.578332	.000000
4.94528	.577944	.000000
4.94646	.577635	.000000
4.94764	.577137	.000000
4.94882	.576725	.000000
4.95	.576422	.000000
4.95118	.576010	.000000
4.95236	.575620	.000000
4.95355	.575318	.000000
4.95473	.575035	.000000
4.95591	.574629	.000000
4.9571	.574331	.000000
4.95828	.573939	.000000
4.95947	.573465	.000000
4.96066	.573080	.000000
4.96184	.572685	.000000
4.96303	.572362	.000000
4.96422	.572169	.000000
4.96541	.571883	.000000
4.9666	.571403	.000000
4.96779	.570944	.000000
4.96898	.570638	.000000
4.97017	.570352	.000000
4.97136	.569914	.000000
4.97255	.569370	.000000
4.97374	.568922	.000000
4.97494	.568653	.000000
4.97613	.568346	.000000
4.97733	.567998	.000000
4.97852	.567634	.000000
4.97972	.567242	.000000
4.98091	.566845	.000000
4.98211	.566449	.000000
4.98331	.566031	.000000
4.9845	.565598	.000000
4.9857	.565151	.000000
4.9869	.564638	.000000
4.9881	.564168	.000000
4.9893	.563809	.000000
4.9905	.563393	.000000
4.9917	.563135	.000000
4.9929	.562771	.000000
4.9941	.562317	.000000
4.99531	.561851	.000000
4.99651	.561459	.000000
4.99772	.561017	.000000
4.99892	.560519	.000000
5.00013	.560182	.000000
5.00133	.559885	.000000
5.00254	.559465	.000000
5.00374	.558971	.000000
5.00495	.558605	.000000
5.00616	.558259	.000000
5.00737	.557717	.000000
5.00858	.557237	.000000
5.00979	.556822	.000000
5.011	.556348	.000000
5.01221	.555972	.000000
5.01342	.555691	.000000
5.01463	.555377	.000000
5.01585	.554872	.000000
5.01706	.554240	.000000
5.01827	.553809	.000000
5.01949	.553359	.000000
5.0207	.553009	.000000
5.02192	.552537	.000000
5.02313	.552015	.000000
5.02435	.551554	.000000
5.02557	.551215	.000000
5.02679	.550846	.000000
5.02801	.550468	.000000
5.02922	.549919	.000000
5.03044	.549496	.000000
5.03167	.549237	.000000
5.03289	.548921	.000000
5.03411	.548449	.000000
5.03533	.547990	.000000
5.03655	.547713	.000000
5.03778	.547388	.000000
5.039	.546867	.000000
5.04022	.546417	.000000
5.04145	.546129	.000000
5.04268	.545659	.000000
5.0439	.545264	.000000
5.04513	.545117	.000000
5.04636	.544656	.000000
5.04758	.544068	.000000
5.04881	.543664	.000000
5.05004	.543445	.000000
5.05127	.543113	.000000
5.0525	.542581	.000000
5.05373	.542161	.000000
5.05497	.541896	.000000
5.0562	.541582	.000000
5.05743	.541149	.000000
5.05867	.540905	.000000
5.0599	.540561	.000000
5.06113	.540125	.000000
5.06237	.539819	.000000
5.06361	.539362	.000000
5.06484	.538913	.000000
5.06608	.538592	.000000
5.06732	.538253	.000000
5.06856	.537931	.000000
5.06979	.537636	.000000
5.07103	.537382	.000000
5.07227	.537138	.000000
5.07352	.536789	.000000
5.07476	.536227	.000000
5.076	.535825	.000000
5.07724	.535644	.000000
5.07849	.535314	.000000
5.07973	.534860	.000000
5.08098	.534611	.000000
5.08222	.534290	.000000
5.08347	.533969	.000000
5.08471	.533863	.000000
5.08596	.533495	.000000
5.08721	.533011	.000000
5.08846	.532708	.000000
5.0897	.532408	.000000
5.09095	.532040	.000000
5.0922	.531588	.000000
5.09345	.531265	.000000
5.09471	.531039	.000000
5.09596	.530666	.000000
5.09721	.530414	.000000
5.09846	.530105	.000000
5.09972	.529741	.000000
5.10097	.529292	.000000
5.10223	.528741	.000000
5.10348	.528455	.000000
5.10474	.528261	.000000
5.10599	.527874	.000000
5.10725	.527528	.000000
5.10851	.527025	.000000
5.10977	.526550	.000000
5.11103	.526163	.000000
5.11229	.525792	.000000
5.11355	.525526	.000000
5.11481	.525067	.000000
5.11607	.524431	.000000
5.11733	.524092	.000000
5.1186	.523774	.000000
5.11986	.523486	.000000
5.12112	.523136	.000000
5.12239	.522617	.000000
5.12365	.522123	.000000
5.12492	.521699	.000000
5.12619	.521233	.000000
5.12745	.520864	.000000
5.12872	.520489	.000000
5.12999	.519827	.000000
5.13126	.519363	.000000
5.13253	.518960	.000000
5.1338	.518458	.000000
5.13507	.518089	.000000
5.13634	.517749	.000000
5.13761	.517265	.000000
5.13889	.516871	.000000
5.14016	.516308	.000000
5.14144	.515686	.000000
5.14271	.515184	.000000
5.14399	.514685	.000000
5.14526	.514187	.000000
5.14654	.513678	.000000
5.14782	.513237	.000000
5.14909	.512645	.000000
5.15037	.512276	.000000
5.15165	.511992	.000000
5.15293	.511555	.000000
5.15421	.511094	.000000
5.15549	.510579	.000000
5.15678	.509993	.000000
5.15806	.509427	.000000
5.15934	.508982	.000000
5.16063	.508666	.000000
5.16191	.508197	.000000
5.1632	.507702	.000000
5.16448	.507236	.000000
5.16577	.506812	.000000
5.16705	.506279	.000000
5.16834	.505793	.000000
5.16963	.505461	.000000
5.17092	.504983	.000000
5.17221	.504458	.000000
5.1735	.503953	.000000
5.17479	.503499	.000000
5.17608	.503169	.000000
5.17737	.502761	.000000
5.17867	.502169	.000000
5.17996	.501903	.000000
5.18125	.501686	.000000
5.18255	.501117	.000000
5.18384	.500511	.000000
5.18514	.500033	.000000
5.18644	.499619	.000000
5.18773	.499160	.000000
5.18903	.498731	.000000
5.19033	.498277	.000000
5.19163	.497762	.000000
5.19293	.497363	.000000
5.19423	.497089	.000000
5.19553	.496674	.000000
5.19684	.496292	.000000
5.19814	.495823	.000000
5.19944	.495339	.000000
5.20075	.494996	.000000
5.20205	.494721	.000000
5.20335	.494465	.000000
5.20466	.494078	.000000
5.20597	.493612	.000000
5.20727	.493101	.000000
5.20858	.492480	.000000
5.20989	.492070	.000000
5.2112	.491719	.000000
5.21251	.491242	.000000
5.21382	.490839	.000000
5.21513	.490513	.000000
5.21644	.490103	.000000
5.21775	.489730	.000000
5.21907	.489382	.000000
5.22038	.488842	.000000
5.2217	.488355	.000000
5.22301	.488005	.000000
5.22433	.487606	.000000
5.22564	.487023	.000000
5.22696	.486560	.000000
5.22828	.486479	.000000
5.2296	.486016	.000000
5.23091	.485342	.000000
5.23223	.484987	.000000
5.23355	.484605	.000000
5.23488	.484007	.000000
5.2362	.483447	.000000
5.23752	.483073	.000000
5.23884	.482700	.000000
5.24017	.482363	.000000
5.24149	.482018	.000000
5.24282	.481474	.000000
5.24414	.481026	.000000
5.24547	.480521	.000000
5.24679	.479839	.000000
5.24812	.479377	.000000
5.24945	.479059	.000000
5.25078	.478550	.000000
5.25211	.478066	.000000
5.25344	.477701	.000000
5.25477	.477079	.000000
5.2561	.476623	.000000
5.25744	.476258	.000000
5.25877	.475808	.000000
5.2601	.475271	.000000
5.26144	.474649	.000000
5.26277	.474105	.000000
5.26411	.473639	.000000
5.26544	.473162	.000000
5.26678	.472539	.000000
5.26812	.471983	.000000
5.26946	.471435	.000000
5.2708	.471024	.000000
5.27214	.470679	.000000
5.27348	.470123	.000000
5.27482	.469479	.000000
5.27616	.469078	.000000
5.2775	.468581	.000000
5.27885	.467910	.000000
5.28019	.467458	.000000
5.28153	.467063	.000000
5.28288	.466593	.000000
5.28423	.466076	.000000
5.28557	.465486	.000000
5.28692	.465009	.000000
5.28827	.464695	.000000
5.28962	.464290	.000000
5.29097	.463654	.000000
5.29232	.463089	.000000
5.29367	.462540	.000000
5.29502	.462201	.000000
5.29637	.461908	.000000
5.29772	.461371	.000000
5.29908	.460885	.000000
5.30043	.460448	.000000
5.30179	.459969	.000000
5.30314	.459609	.000000
5.3045	.459194	.000000
5.30586	.458671	.000000
5.30721	.458261	.000000
5.30857	.457862	.000000
5.30993	.457484	.000000
5.31129	.457090	.000000
5.31265	.456668	.000000
5.31402	.456328	.000000
5.31538	.456017	.000000
5.31674	.455724	.000000
5.3181	.455381	.000000
5.31947	.454872	.000000
5.32083	.454502	.000000
5.3222	.454382	.000000
5.32356	.454231	.000000
5.32493	.453725	.000000
5.3263	.453158	.000000
5.32767	.452849	.000000
5.32904	.452617	.000000
5.3304	.452239	.000000
5.33177	.451876	.000000
5.33315	.451591	.000000
5.33452	.451254	.000000
5.33589	.450924	.000000
5.33726	.450675	.000000
5.33864	.450249	.000000
5.34001	.449651	.000000
5.34139	.449267	.000000
5.34276	.448960	.000000
5.34414	.448409	.000000
5.34552	.447922	.000000
5.3469	.447563	.000000
5.34827	.447056	.000000
5.34965	.446606	.000000
5.35103	.446350	.000000
5.35242	.445926	.000000
5.3538	.445591	.000000
5.35518	.445155	.000000
5.35656	.444655	.000000
5.35795	.444282	.000000
5.35933	.443793	.000000
5.36072	.443230	.000000
5.3621	.442758	.000000
5.36349	.442317	.000000
5.36488	.441820	.000000
5.36626	.441190	.000000
5.36765	.440607	.000000
5.36904	.440258	.000000
5.37043	.439839	.000000
5.37182	.439255	.000000
5.37322	.438705	.000000
5.37461	.438287	.000000
5.376	.437757	.000000
5.3774	.437271	.000000
5.37879	.436749	.000000
5.38019	.436120	.000000
5.38158	.435627	.000000
5.38298	.435161	.000000
5.38438	.434575	.000000
5.38577	.434006	.000000
5.38717	.433505	.000000
5.38857	.433023	.000000
5.38997	.432475	.000000
5.39137	.431970	.000000
5.39278	.431435	.000000
5.39418	.430939	.000000
5.39558	.430511	.000000
5.39699	.430084	.000000
5.39839	.429623	.000000
5.3998	.429201	.000000
5.4012	.428694	.000000
5.40261	.428195	.000000
5.40402	.427785	.000000
5.40543	.427271	.000000
5.40683	.426757	.000000
5.40824	.426346	.000000
5.40965	.425955	.000000
5.41107	.425579	.000000
5.41248	.425118	.000000
5.41389	.424604	.000000
5.41531	.424094	.000000
5.41672	.423879	.000000
5.41813	.423679	.000000
5.41955	.423271	.000000
5.42097	.422805	.000000
5.42238	.422524	.000000
5.4238	.422390	.000000
5.42522	.422037	.000000
5.42664	.421563	.000000
5.42806	.421141	.000000
5.42948	.420991	.000000
5.4309	.420799	.000000
5.43233	.420440	.000000
5.43375	.420161	.000000
5.43518	.419946	.000000
5.4366	.419891	.000000
5.43803	.419737	.000000
5.43945	.419457	.000000
5.44088	.419227	.000000
5.44231	.418998	.000000
5.44374	.418794	.000000
5.44517	.418786	.000000
5.4466	.418653	.000000
5.44803	.418434	.000000
5.44946	.418344	.000000
5.45089	.418312	.000000
5.45232	.418187	.000000
5.45376	.418042	.000000
5.45519	.417906	.000000
5.45663	.417813	.000000
5.45806	.417737	.000000
5.4595	.417632	.000000
5.46094	.417569	.000000
5.46238	.417491	.000000
5.46381	.417343	.000000
5.46525	.417348	.000000
5.46669	.417329	.000000
5.46814	.417308	.000000
5.46958	.417290	.000000
5.47102	.417318	.000000
5.47246	.417412	.000000
5.47391	.417357	.000000
5.47535	.417380	.000000
5.4768	.417466	.000000
5.47825	.417288	.000000
5.47969	.417191	.000000
5.48114	.417173	.000000
5.48259	.417244	.000000
5.48404	.417346	.000000
5.48549	.417481	.000000
5.48694	.417571	.000000
5.48839	.417548	.000000
5.48985	.417587	.000000
5.4913	.417632	.000000
5.49276	.417613	.000000
5.49421	.417784	.000000
5.49567	.417903	.000000
5.49712	.417908	.000000
5.49858	.418074	.000000
5.50004	.418192	.000000
5.5015	.418106	.000000
5.50296	.418265	.000000
5.50442	.418464	.000000
5.50588	.418395	.000000
5.50734	.418471	.000000
5.5088	.418597	.000000
5.51027	.418620	.000000
5.51173	.418759	.000000
5.5132	.418828	.000000
5.51466	.418959	.000000
5.51613	.419038	.000000
5.5176	.419035	.000000
5.51907	.419181	.000000
5.52053	.419282	.000000
5.522	.419289	.000000
5.52347	.419413	.000000
5.52495	.419670	.000000
5.52642	.419964	.000000
5.52789	.419971	.000000
5.52937	.420055	.000000
5.53084	.420149	.000000
5.53231	.420156	.000000
5.53379	.420410	.000000
5.53527	.420537	.000000
5.53675	.420575	.000000
5.53822	.420746	.000000
5.5397	.420940	.000000
5.54118	.421021	.000000
5.54266	.421125	.000000
5.54415	.421205	.000000
5.54563	.421295	.000000
5.54711	.421401	.000000
5.5486	.421563	.000000
5.55008	.421638	.000000
5.55157	.421578	.000000
5.55305	.421694	.000000
5.55454	.421821	.000000
5.55603	.421737	.000000
5.55752	.421740	.000000
5.55901	.421855	.000000
5.5605	.421963	.000000
5.56199	.422021	.000000
5.56348	.422130	.000000
5.56498	.422196	.000000
5.56647	.422150	.000000
5.56796	.422127	.000000
5.56946	.422127	.000000
5.57096	.422224	.000000
5.57245	.422333	.000000
5.57395	.422418	.000000
5.57545	.422261	.000000
5.57695	.422012	.000000
5.57845	.422118	.000000
5.57995	.422249	.000000
5.58145	.422100	.000000
5.58295	.422028	.000000
5.58446	.422035	.000000
5.58596	.422012	.000000
5.58747	.422035	.000000
5.58897	.422192	.000000
5.59048	.422086	.000000
5.59198	.421864	.000000
5.59349	.421606	.000000
5.595	.421535	.000000
5.59651	.421488	.000000
5.59802	.421427	.000000
5.59953	.421332	.000000
5.60105	.421180	.000000
5.60256	.420995	.000000
5.60407	.420792	.000000
5.60559	.420666	.000000
5.6071	.420507	.000000
5.60862	.420366	.000000
5.61014	.420269	.000000
5.61165	.420121	.000000
5.61317	.419847	.000000
5.61469	.419430	.000000
5.61621	.419321	.000000
5.61773	.419197	.000000
5.61926	.418920	.000000
5.62078	.418690	.000000
5.6223	.418448	.000000
5.62383	.418097	.000000
5.62535	.417993	.000000
5.62688	.417850	.000000
5.62841	.417546	.000000
5.62993	.417267	.000000
5.63146	.416912	.000000
5.63299	.416562	.000000
5.63452	.416379	.000000
5.63605	.416003	.000000
5.63759	.415695	.000000
5.63912	.415294	.000000
5.64065	.414869	.000000
5.64219	.414800	.000000
5.64372	.414456	.000000
5.64526	.413956	.000000
5.6468	.413737	.000000
5.64833	.413426	.000000
5.64987	.412949	.000000
5.65141	.412562	.000000
5.65295	.412291	.000000
5.65449	.411872	.000000
5.65604	.411574	.000000
5.65758	.411369	.000000
5.65912	.411153	.000000
5.66067	.410865	.000000
5.66221	.410473	.000000
5.66376	.410124	.000000
5.66531	.409799	.000000
5.66685	.409497	.000000
5.6684	.409087	.000000
5.66995	.408616	.000000
5.6715	.408190	.000000
5.67305	.407768	.000000
5.67461	.407424	.000000
5.67616	.407180	.000000
5.67771	.406975	.000000
5.67927	.406730	.000000
5.68082	.406454	.000000
5.68238	.406108	.000000
5.68394	.405682	.000000
5.6855	.405209	.000000
5.68705	.404994	.000000
5.68861	.404761	.000000
5.69018	.404263	.000000
5.69174	.403796	.000000
5.6933	.403588	.000000
5.69486	.403454	.000000
5.69643	.403147	.000000
5.69799	.402733	.000000
5.69956	.402475	.000000
5.70112	.402087	.000000
5.70269	.401711	.000000
5.70426	.401305	.000000
5.70583	.400934	.000000
5.7074	.400512	.000000
5.70897	.399885	.000000
5.71055	.399574	.000000
5.71212	.399465	.000000
5.71369	.399094	.000000
5.71527	.398631	.000000
5.71684	.398198	.000000
5.71842	.397741	.000000
5.72	.397298	.000000
5.72157	.396823	.000000
5.72315	.396404	.000000
5.72473	.396099	.000000
5.72631	.395802	.000000
5.72789	.395323	.000000
5.72948	.394935	.000000
5.73106	.394587	.000000
5.73264	.394193	.000000
5.73423	.393621	.000000
5.73581	.393063	.000000
5.7374	.392607	.000000
5.73899	.392067	.000000
5.74058	.391702	.000000
5.74217	.391239	.000000
5.74376	.390628	.000000
5.74535	.390033	.000000
5.74694	.389575	.000000
5.74853	.389069	.000000
5.75013	.388571	.000000
5.75172	.388099	.000000
5.75332	.387636	.000000
5.75491	.387186	.000000
5.75651	.386568	.000000
5.75811	.386008	.000000
5.75971	.385519	.000000
5.76131	.384754	.000000
5.76291	.383944	.000000
5.76451	.383184	.000000
5.76611	.382669	.000000
5.76772	.381955	.000000
5.76932	.381387	.000000
5.77093	.381018	.000000
5.77253	.380380	.000000
5.77414	.379670	.000000
5.77575	.378948	.000000
5.77736	.378295	.000000
5.77897	.377611	.000000
5.78058	.376907	.000000
5.78219	.376137	.000000
5.7838	.375453	.000000
5.78542	.374787	.000000
5.78703	.374118	.000000
5.78865	.373470	.000000
5.79026	.372795	.000000
5.79188	.372068	.000000
5.7935	.371240	.000000
5.79512	.370357	.000000
5.79674	.369765	.000000
5.79836	.369188	.000000
5.79998	.368345	.000000
5.8016	.367450	.000000
5.80322	.366894	.000000
5.80485	.366586	.000000
5.80647	.365949	.000000
5.8081	.365068	.000000
5.80973	.364337	.000000
5.81135	.363752	.000000
5.81298	.363049	.000000
5.81461	.362392	.000000
5.81624	.361631	.000000
5.81787	.360842	.000000
5.81951	.360192	.000000
5.82114	.359427	.000000
5.82277	.358890	.000000
5.82441	.358430	.000000
5.82605	.357635	.000000
5.82768	.357003	.000000
5.82932	.356478	.000000
5.83096	.356031	.000000
5.8326	.355572	.000000
5.83424	.354947	.000000
5.83588	.354409	.000000
5.83752	.353939	.000000
5.83917	.353291	.000000
5.84081	.352664	.000000
5.84246	.352141	.000000
5.8441	.351624	.000000
5.84575	.351157	.000000
5.8474	.350707	.000000
5.84905	.350149	.000000
5.8507	.349782	.000000
5.85235	.349462	.000000
5.85401	.348839	.000000
5.85566	.348279	.000000
5.85731	.347818	.000000
5.85897	.347324	.000000
5.86062	.346831	.000000
5.86228	.346206	.000000
5.86394	.345526	.000000
5.86559	.344906	.000000
5.86725	.344426	.000000
5.86891	.343924	.000000
5.87058	.343410	.000000
5.87224	.342896	.000000
5.8739	.342308	.000000
5.87556	.341659	.000000
5.87723	.340917	.000000
5.8789	.340205	.000000
5.88056	.339598	.000000
5.88223	.338994	.000000
5.8839	.338524	.000000
5.88557	.338060	.000000
5.88724	.337468	.000000
5.88891	.336643	.000000
5.89058	.335917	.000000
5.89226	.335271	.000000
5.89393	.334431	.000000
5.89561	.333516	.000000
5.89728	.333122	.000000
5.89896	.332712	.000000
5.90064	.331997	.000000
5.90232	.331301	.000000
5.904	.330697	.000000
5.90568	.330062	.000000
5.90736	.329505	.000000
5.90905	.328933	.000000
5.91073	.328160	.000000
5.91241	.327485	.000000
5.9141	.326913	.000000
5.91579	.326328	.000000
5.91748	.325689	.000000
5.91916	.324902	.000000
5.92085	.324119	.000000
5.92254	.323362	.000000
5.92424	.322726	.000000
5.92593	.322092	.000000
5.92762	.321557	.000000
5.92932	.320934	.000000
5.93101	.320183	.000000
5.93271	.319395	.000000
5.93441	.318491	.000000
5.93611	.318044	.000000
5.93781	.317538	.000000
5.93951	.316729	.000000
5.94121	.316128	.000000
5.94291	.315662	.000000
5.94461	.314883	.000000
5.94632	.313999	.000000
5.94802	.313352	.000000
5.94973	.312831	.000000
5.95144	.312162	.000000
5.95315	.311420	.000000
5.95485	.310702	.000000
5.95656	.310160	.000000
5.95828	.309542	.000000
5.95999	.308717	.000000
5.9617	.308056	.000000
5.96342	.307537	.000000
5.96513	.306810	.000000
5.96685	.306107	.000000
5.96856	.305390	.000000
5.97028	.304816	.000000
5.972	.304256	.000000
5.97372	.303585	.000000
5.97544	.302794	.000000
5.97716	.302082	.000000
5.97889	.301522	.000000
5.98061	.300931	.000000
5.98234	.300359	.000000
5.98406	.299854	.000000
5.98579	.299142	.000000
5.98752	.298508	.000000
5.98925	.297955	.000000
5.99098	.297394	.000000
5.99271	.296776	.000000
5.99444	.296334	.000000
5.99617	.295856	.000000
5.99791	.295103	.000000
5.99965	.294552	.000000
6.00138	.294098	.000000
6.00312	.293461	.000000
6.00486	.292728	.000000
6.0066	.292235	.000000
6.00834	.291946	.000000
6.01008	.291487	.000000
6.01182	.290985	.000000
6.01356	.290489	.000000
6.01531	.289982	.000000
6.01705	.289629	.000000
6.0188	.289101	.000000
6.02055	.288573	.000000
6.02229	.288140	.000000
6.02404	.287812	.000000
6.02579	.287407	.000000
6.02755	.287015	.000000
6.0293	.286629	.000000
6.03105	.286351	.000000
6.0328	.286026	.000000
6.03456	.285620	.000000
6.03632	.285143	.000000
6.03807	.284712	.000000
6.03983	.284416	.000000
6.04159	.284398	.000000
6.04335	.284087	.000000
6.04511	.283718	.000000
6.04688	.283392	.000000
6.04864	.283021	.000000
6.0504	.282705	.000000
6.05217	.282652	.000000
6.05394	.282689	.000000
6.0557	.282404	.000000
6.05747	.282175	.000000
6.05924	.282016	.000000
6.06101	.281845	.000000
6.06279	.281569	.000000
6.06456	.281407	.000000
6.06633	.281191	.000000
6.06811	.281038	.000000
6.06988	.280905	.000000
6.07166	.280799	.000000
6.07344	.280654	.000000
6.07522	.280499	.000000
6.077	.280487	.000000
6.07878	.280340	.000000
6.08056	.280215	.000000
6.08234	.280066	.000000
6.08413	.279943	.000000
6.08591	.279891	.000000
6.0877	.279796	.000000
6.08949	.279602	.000000
6.09128	.279371	.000000
6.09307	.279411	.000000
6.09486	.279311	.000000
6.09665	.279129	.000000
6.09844	.279012	.000000
6.10023	.278950	.000000
6.10203	.278671	.000000
6.10382	.278533	.000000
6.10562	.278456	.000000
6.10742	.278210	.000000
6.10922	.278014	.000000
6.11102	.277995	.000000
6.11282	.277847	.000000
6.11462	.277896	.000000
6.11643	.277884	.000000
6.11823	.277677	.000000
6.12004	.277578	.000000
6.12184	.277483	.000000
6.12365	.277315	.000000
6.12546	.277105	.000000
6.12727	.277036	.000000
6.12908	.276955	.000000
6.13089	.276828	.000000
6.1327	.276762	.000000
6.13452	.276688	.000000
6.13633	.276538	.000000
6.13815	.276443	.000000
6.13997	.276386	.000000
6.14178	.276035	.000000
6.1436	.275915	.000000
6.14542	.275980	.000000
6.14725	.275743	.000000
6.14907	.275471	.000000
6.15089	.275528	.000000
6.15272	.275524	.000000
6.15454	.275440	.000000
6.15637	.275323	.000000
6.1582	.275178	.000000
6.16003	.274988	.000000
6.16186	.274839	.000000
6.16369	.274910	.000000
6.16552	.274903	.000000
6.16736	.274701	.000000
6.16919	.274511	.000000
6.17103	.274481	.000000
6.17286	.274486	.000000
6.1747	.274502	.000000
6.17654	.274433	.000000
6.17838	.274345	.000000
6.18022	.274309	.000000
6.18206	.274239	.000000
6.18391	.274099	.000000
6.18575	.274138	.000000
6.1876	.274071	.000000
6.18944	.273912	.000000
6.19129	.274018	.000000
6.19314	.274082	.000000
6.19499	.274122	.000000
6.19684	.274078	.000000
6.19869	.273884	.000000
6.20055	.273725	.000000
6.2024	.273735	.000000
6.20426	.273813	.000000
6.20611	.273787	.000000
6.20797	.273647	.000000
6.20983	.273529	.000000
6.21169	.273538	.000000
6.21355	.273554	.000000
6.21541	.273555	.000000
6.21727	.273557	.000000
6.21914	.273469	.000000
6.221	.273444	.000000
6.22287	.273465	.000000
6.22474	.273448	.000000
6.22661	.273451	.000000
6.22848	.273513	.000000
6.23035	.273379	.000000
6.23222	.273275	.000000
6.23409	.273289	.000000
6.23597	.273218	.000000
6.23784	.273218	.000000
6.23972	.273213	.000000
6.2416	.273066	.000000
6.24348	.272907	.000000
6.24536	.272769	.000000
6.24724	.272754	.000000
6.24912	.272725	.000000
6.25101	.272694	.000000
6.25289	.272686	.000000
6.25478	.272704	.000000
6.25666	.272598	.000000
6.25855	.272452	.000000
6.26044	.272430	.000000
6.26233	.272284	.000000
6.26422	.272257	.000000
6.26611	.272203	.000000
6.26801	.271966	.000000
6.2699	.271835	.000000
6.2718	.271689	.000000
6.2737	.271509	.000000
6.27559	.271371	.000000
6.27749	.271223	.000000
6.2794	.271037	.000000
6.2813	.270912	.000000
6.2832	.270813	.000000
6.2851	.270580	.000000
6.28701	.270387	.000000
6.28892	.270375	.000000
6.29082	.270333	.000000
6.29273	.270343	.000000
6.29464	.270144	.000000
6.29655	.270108	.000000
6.29846	.270159	.000000
6.30038	.269948	.000000
6.30229	.269766	.000000
6.30421	.269642	.000000
6.30613	.269455	.000000
6.30804	.269407	.000000
6.30996	.269437	.000000
6.31188	.269190	.000000
6.3138	.269038	.000000
6.31573	.269066	.000000
6.31765	.269001	.000000
6.31958	.268913	.000000
6.3215	.268987	.000000
6.32343	.268877	.000000
6.32536	.268660	.000000
6.32729	.268528	.000000
6.32922	.268477	.000000
6.33115	.268547	.000000
6.33308	.268567	.000000
6.33502	.268480	.000000
6.33695	.268469	.000000
6.33889	.268413	.000000
6.34083	.268307	.000000
6.34277	.268236	.000000
6.34471	.268250	.000000
6.34665	.268485	.000000
6.3486	.268556	.000000
6.35054	.268434	.000000
6.35249	.268365	.000000
6.35443	.268614	.000000
6.35638	.268717	.000000
6.35833	.268706	.000000
6.36028	.268695	.000000
6.36223	.268724	.000000
6.36418	.268807	.000000
6.36614	.268681	.000000
6.36809	.268611	.000000
6.37005	.268533	.000000
6.372	.268579	.000000
6.37396	.268681	.000000
6.37592	.268794	.000000
6.37788	.268929	.000000
6.37984	.268953	.000000
6.38181	.268846	.000000
6.38377	.268946	.000000
6.38574	.269086	.000000
6.3877	.269001	.000000
6.38967	.268796	.000000
6.39164	.268828	.000000
6.39361	.268895	.000000
6.39558	.268794	.000000
6.39756	.268690	.000000
6.39953	.268538	.000000
6.4015	.268443	.000000
6.40348	.268425	.000000
6.40546	.268325	.000000
6.40744	.267943	.000000
6.40942	.267827	.000000
6.4114	.267878	.000000
6.41338	.267592	.000000
6.41537	.267274	.000000
6.41735	.267382	.000000
6.41934	.267380	.000000
6.42132	.267290	.000000
6.42331	.267200	.000000
6.4253	.266958	.000000
6.42729	.266751	.000000
6.42929	.266474	.000000
6.43128	.266228	.000000
6.43328	.266055	.000000
6.43527	.265911	.000000
6.43727	.265699	.000000
6.43927	.265515	.000000
6.44127	.265153	.000000
6.44327	.264817	.000000
6.44527	.264600	.000000
6.44728	.264302	.000000
6.44928	.264018	.000000
6.45129	.263698	.000000
6.45329	.263389	.000000
6.4553	.263080	.000000
6.45731	.262746	.000000
6.45932	.262502	.000000
6.46134	.262192	.000000
6.46335	.261780	.000000
6.46536	.261362	.000000
6.46738	.260971	.000000
6.4694	.260600	.000000
6.47142	.260304	.000000
6.47344	.260039	.000000
6.47546	.259640	.000000
6.47748	.259370	.000000
6.4795	.259152	.000000
6.48153	.258626	.000000
6.48355	.258160	.000000
6.48558	.257948	.000000
6.48761	.257856	.000000
6.48964	.257630	.000000
6.49167	.257199	.000000
6.4937	.256862	.000000
6.49574	.256534	.000000
6.49777	.256369	.000000
6.49981	.256080	.000000
6.50185	.255857	.000000
6.50389	.255705	.000000
6.50593	.255483	.000000
6.50797	.255283	.000000
6.51001	.255153	.000000
6.51206	.255027	.000000
6.5141	.254812	.000000
6.51615	.254501	.000000
6.5182	.254171	.000000
6.52025	.254010	.000000
6.5223	.254040	.000000
6.52435	.253786	.000000
6.5264	.253473	.000000
6.52846	.253351	.000000
6.53051	.253224	.000000
6.53257	.253139	.000000
6.53463	.252936	.000000
6.53669	.252684	.000000
6.53875	.252488	.000000
6.54081	.252352	.000000
6.54288	.252105	.000000
6.54494	.251983	.000000
6.54701	.251935	.000000
6.54907	.251841	.000000
6.55114	.251599	.000000
6.55321	.251275	.000000
6.55528	.250974	.000000
6.55736	.250842	.000000
6.55943	.250616	.000000
6.56151	.250510	.000000
6.56358	.250206	.000000
6.56566	.249826	.000000
6.56774	.249705	.000000
6.56982	.249660	.000000
6.5719	.249277	.000000
6.57398	.249057	.000000
6.57607	.248933	.000000
6.57815	.248576	.000000
6.58024	.248265	.000000
6.58233	.248008	.000000
6.58442	.247782	.000000
6.58651	.247736	.000000
6.5886	.247587	.000000
6.5907	.247280	.000000
6.59279	.246976	.000000
6.59489	.246782	.000000
6.59699	.246586	.000000
6.59908	.246386	.000000
6.60119	.246247	.000000
6.60329	.246012	.000000
6.60539	.245578	.000000
6.6075	.245240	.000000
6.6096	.244974	.000000
6.61171	.244813	.000000
6.61382	.244772	.000000
6.61593	.244527	.000000
6.61804	.244218	.000000
6.62015	.243992	.000000
6.62226	.243723	.000000
6.62438	.243384	.000000
6.6265	.243208	.000000
6.62861	.243116	.000000
6.63073	.242835	.000000
6.63285	.242507	.000000
6.63498	.242141	.000000
6.6371	.241958	.000000
6.63922	.241848	.000000
6.64135	.241746	.000000
6.64348	.241428	.000000
6.6456	.241119	.000000
6.64774	.240916	.000000
6.64987	.240909	.000000
6.652	.240889	.000000
6.65413	.240916	.000000
6.65627	.240638	.000000
6.65841	.240096	.000000
6.66054	.239745	.000000
6.66268	.239773	.000000
6.66483	.239791	.000000
6.66697	.239538	.000000
6.66911	.239335	.000000
6.67126	.239169	.000000
6.6734	.238904	.000000
6.67555	.238694	.000000
6.6777	.238498	.000000
6.67985	.238396	.000000
6.682	.238166	.000000
6.68416	.237928	.000000
6.68631	.237726	.000000
6.68847	.237550	.000000
6.69063	.237336	.000000
6.69279	.237258	.000000
6.69495	.237103	.000000
6.69711	.236783	.000000
6.69927	.236563	.000000
6.70144	.236425	.000000
6.7036	.236340	.000000
6.70577	.236132	.000000
6.70794	.235856	.000000
6.71011	.235447	.000000
6.71228	.235083	.000000
6.71446	.234934	.000000
6.71663	.234689	.000000
6.71881	.234396	.000000
6.72099	.234104	.000000
6.72316	.233771	.000000
6.72534	.233583	.000000
6.72753	.233470	.000000
6.72971	.233216	.000000
6.73189	.232879	.000000
6.73408	.232512	.000000
6.73627	.232079	.000000
6.73846	.231927	.000000
6.74065	.231696	.000000
6.74284	.231321	.000000
6.74503	.231010	.000000
6.74722	.230680	.000000
6.74942	.230313	.000000
6.75162	.230067	.000000
6.75382	.229651	.000000
6.75602	.229193	.000000
6.75822	.228872	.000000
6.76042	.228450	.000000
6.76262	.228031	.000000
6.76483	.227818	.000000
6.76704	.227590	.000000
6.76925	.227261	.000000
6.77146	.226813	.000000
6.77367	.226403	.000000
6.77588	.226163	.000000
6.7781	.225799	.000000
6.78031	.225473	.000000
6.78253	.225155	.000000
6.78475	.224669	.000000
6.78697	.224365	.000000
6.78919	.224009	.000000
6.79141	.223583	.000000
6.79364	.223267	.000000
6.79586	.222974	.000000
6.79809	.222575	.000000
6.80032	.222322	.000000
6.80255	.222036	.000000
6.80478	.221672	.000000
6.80702	.221296	.000000
6.80925	.220867	.000000
6.81149	.220606	.000000
6.81373	.220475	.000000
6.81596	.220265	.000000
6.8182	.220018	.000000
6.82045	.219906	.000000
6.82269	.219758	.000000
6.82494	.219354	.000000
6.82718	.219133	.000000
6.82943	.218974	.000000
6.83168	.218817	.000000
6.83393	.218693	.000000
6.83618	.218645	.000000
6.83844	.218534	.000000
6.84069	.218462	.000000
6.84295	.218278	.000000
6.84521	.218054	.000000
6.84747	.218022	.000000
6.84973	.217920	.000000
6.85199	.217787	.000000
6.85426	.217515	.000000
6.85652	.217249	.000000
6.85879	.217167	.000000
6.86106	.217081	.000000
6.86333	.216948	.000000
6.8656	.216959	.000000
6.86788	.217033	.000000
6.87015	.216959	.000000
6.87243	.216842	.000000
6.87471	.216682	.000000
6.87699	.216491	.000000
6.87927	.216381	.000000
6.88155	.216272	.000000
6.88383	.216115	.000000
6.88612	.216028	.000000
6.88841	.215919	.000000
6.8907	.215811	.000000
6.89299	.215707	.000000
6.89528	.215364	.000000
6.89757	.215016	.000000
6.89987	.215057	.000000
6.90216	.214965	.000000
6.90446	.214750	.000000
6.90676	.214510	.000000
6.90906	.214367	.000000
6.91137	.214386	.000000
6.91367	.214277	.000000
6.91598	.214001	.000000
6.91828	.213934	.000000
6.92059	.213831	.000000
6.9229	.213565	.000000
6.92521	.213307	.000000
6.92753	.213100	.000000
6.92984	.213028	.000000
6.93216	.212913	.000000
6.93448	.212740	.000000
6.93679	.212382	.000000
6.93912	.212172	.000000
6.94144	.212184	.000000
6.94376	.212090	.000000
6.94609	.211855	.000000
6.94842	.211640	.000000
6.95074	.211425	.000000
6.95307	.211366	.000000
6.95541	.211184	.000000
6.95774	.210711	.000000
6.96007	.210381	.000000
6.96241	.210247	.000000
6.96475	.210160	.000000
6.96709	.210047	.000000
6.96943	.209920	.000000
6.97177	.209791	.000000
6.97412	.209560	.000000
6.97646	.209309	.000000
6.97881	.209115	.000000
6.98116	.209116	.000000
6.98351	.208901	.000000
6.98586	.208723	.000000
6.98822	.208671	.000000
6.99057	.208366	.000000
6.99293	.207972	.000000
6.99529	.207847	.000000
6.99765	.207863	.000000
7.00001	.207633	.000000
7.00237	.207183	.000000
7.00474	.206930	.000000
7.0071	.206831	.000000
7.00947	.206669	.000000
7.01184	.206457	.000000
7.01421	.206263	.000000
7.01659	.205989	.000000
7.01896	.205542	.000000
7.02134	.205341	.000000
7.02372	.205233	.000000
7.02609	.204891	.000000
7.02848	.204657	.000000
7.03086	.204375	.000000
7.03324	.204034	.000000
7.03563	.203679	.000000
7.03802	.203377	.000000
7.04041	.203132	.000000
7.0428	.202858	.000000
7.04519	.202563	.000000
7.04758	.202316	.000000
7.04998	.202000	.000000
7.05238	.201733	.000000
7.05477	.201458	.000000
7.05718	.201205	.000000
7.05958	.200907	.000000
7.06198	.200606	.000000
7.06439	.200463	.000000
7.06679	.200379	.000000
7.0692	.200027	.000000
7.07161	.199700	.000000
7.07403	.199457	.000000
7.07644	.199068	.000000
7.07885	.198802	.000000
7.08127	.198652	.000000
7.08369	.198491	.000000
7.08611	.198196	.000000
7.08853	.197866	.000000
7.09096	.197754	.000000
7.09338	.197585	.000000
7.09581	.197128	.000000
7.09824	.196762	.000000
7.10067	.196705	.000000
7.1031	.196511	.000000
7.10553	.196204	.000000
7.10797	.195997	.000000
7.1104	.195860	.000000
7.11284	.195549	.000000
7.11528	.195203	.000000
7.11772	.195042	.000000
7.12017	.194758	.000000
7.12261	.194410	.000000
7.12507	.194124	.000000
7.12751	.193975	.000000
7.12996	.193642	.000000
7.13242	.193181	.000000
7.13487	.192907	.000000
7.13733	.192810	.000000
7.13978	.192462	.000000
7.14224	.191966	.000000
7.1447	.191618	.000000
7.14716	.191330	.000000
7.14963	.191016	.000000
7.15209	.190797	.000000
7.15456	.190525	.000000
7.15703	.190113	.000000
7.1595	.189693	.000000
7.16197	.189372	.000000
7.16445	.189006	.000000
7.16692	.188535	.000000
7.1694	.188068	.000000
7.17188	.187629	.000000
7.17436	.187282	.000000
7.17684	.186830	.000000
7.17933	.186438	.000000
7.18181	.186181	.000000
7.1843	.185810	.000000
7.18679	.185283	.000000
7.18928	.184791	.000000
7.19177	.184266	.000000
7.19427	.183814	.000000
7.19677	.183436	.000000
7.19926	.182974	.000000
7.20176	.182472	.000000
7.20427	.182092	.000000
7.20677	.181697	.000000
7.20927	.181208	.000000
7.21178	.180717	.000000
7.21429	.180164	.000000
7.2168	.179617	.000000
7.21931	.179263	.000000
7.22183	.178926	.000000
7.22434	.178636	.000000
7.22686	.178153	.000000
7.22938	.177476	.000000
7.2319	.177008	.000000
7.23442	.176630	.000000
7.23694	.176207	.000000
7.23947	.175601	.000000
7.242	.175147	.000000
7.24453	.174827	.000000
7.24706	.174455	.000000
7.24959	.173928	.000000
7.25213	.173261	.000000
7.25466	.172869	.000000
7.2572	.172517	.000000
7.25974	.172055	.000000
7.26229	.171723	.000000
7.26483	.171380	.000000
7.26738	.170849	.000000
7.26993	.170423	.000000
7.27248	.170010	.000000
7.27503	.169464	.000000
7.27758	.168938	.000000
7.28013	.168401	.000000
7.28269	.168032	.000000
7.28525	.167571	.000000
7.28781	.166872	.000000
7.29037	.166342	.000000
7.29293	.165959	.000000
7.2955	.165553	.000000
7.29807	.165228	.000000
7.30063	.164776	.000000
7.30321	.164248	.000000
7.30578	.163810	.000000
7.30835	.163227	.000000
7.31093	.162642	.000000
7.31351	.162208	.000000
7.31609	.161802	.000000
7.31867	.161138	.000000
7.32125	.160617	.000000
7.32384	.160287	.000000
7.32642	.159838	.000000
7.32901	.159259	.000000
7.3316	.158747	.000000
7.3342	.158130	.000000
7.33679	.157671	.000000
7.33939	.157299	.000000
7.34199	.156739	.000000
7.34459	.156052	.000000
7.34719	.155593	.000000
7.34979	.155225	.000000
7.3524	.154599	.000000
7.35501	.153852	.000000
7.35762	.153205	.000000
7.36023	.152910	.000000
7.36284	.152490	.000000
7.36546	.152013	.000000
7.36807	.151273	.000000
7.37069	.150383	.000000
7.37331	.149866	.000000
7.37593	.149354	.000000
7.37856	.148824	.000000
7.38118	.148156	.000000
7.38381	.147637	.000000
7.38644	.147125	.000000
7.38907	.146436	.000000
7.3917	.145949	.000000
7.39434	.145375	.000000
7.39698	.144736	.000000
7.39962	.144158	.000000
7.40226	.143535	.000000
7.4049	.142903	.000000
7.40754	.142359	.000000
7.4102	.141820	.000000
7.41284	.141222	.000000
7.41549	.140662	.000000
7.41815	.140166	.000000
7.4208	.139555	.000000
7.42346	.138876	.000000
7.42612	.138170	.000000
7.42877	.137713	.000000
7.43144	.137330	.000000
7.4341	.136683	.000000
7.43677	.135954	.000000
7.43943	.135369	.000000
7.4421	.134746	.000000
7.44477	.134094	.000000
7.44745	.133535	.000000
7.45012	.133130	.000000
7.4528	.132736	.000000
7.45548	.132122	.000000
7.45816	.131387	.000000
7.46084	.130580	.000000
7.46353	.130072	.000000
7.46621	.129752	.000000
7.4689	.129194	.000000
7.47159	.128555	.000000
7.47429	.128078	.000000
7.47698	.127447	.000000
7.47968	.126755	.000000
7.48238	.126218	.000000
7.48508	.125637	.000000
7.48778	.124987	.000000
7.49049	.124318	.000000
7.49319	.123836	.000000
7.4959	.123396	.000000
7.49861	.122900	.000000
7.50132	.122141	.000000
7.50404	.121413	.000000
7.50675	.120779	.000000
7.50947	.120279	.000000
7.51219	.119843	.000000
7.51491	.119372	.000000
7.51764	.118752	.000000
7.52036	.118111	.000000
7.52309	.117447	.000000
7.52582	.116836	.000000
7.52855	.116433	.000000
7.53129	.115886	.000000
7.53402	.115255	.000000
7.53676	.114575	.000000
7.5395	.113975	.000000
7.54224	.113419	.000000
7.54498	.112898	.000000
7.54773	.112451	.000000
7.55048	.111941	.000000
7.55323	.111277	.000000
7.55598	.110627	.000000
7.55873	.109938	.000000
7.56149	.109324	.000000
7.56425	.108683	.000000
7.56701	.108310	.000000
7.56977	.107810	.000000
7.57254	.107157	.000000
7.5753	.106482	.000000
7.57807	.105783	.000000
7.58084	.105200	.000000
7.58361	.104662	.000000
7.58639	.104077	.000000
7.58916	.103554	.000000
7.59194	.103040	.000000
7.59472	.102507	.000000
7.5975	.102039	.000000
7.60029	.101479	.000000
7.60307	.100867	.000000
7.60586	.100215	.000000
7.60865	.099609	.000000
7.61144	.099092	.000000
7.61424	.098454	.000000
7.61703	.097817	.000000
7.61983	.097289	.000000
7.62263	.096702	.000000
7.62543	.095991	.000000
7.62824	.095357	.000000
7.63105	.094981	.000000
7.63385	.094326	.000000
7.63667	.093628	.000000
7.63948	.093082	.000000
7.6423	.092371	.000000
7.64512	.091806	.000000
7.64794	.091187	.000000
7.65076	.090361	.000000
7.65358	.089750	.000000
7.65641	.089254	.000000
7.65923	.088666	.000000
7.66206	.088138	.000000
7.66489	.087599	.000000
7.66773	.086962	.000000
7.67056	.086262	.000000
7.6734	.085634	.000000
7.67624	.085069	.000000
7.67908	.084394	.000000
7.68193	.083610	.000000
7.68477	.082822	.000000
7.68762	.082225	.000000
7.69047	.081708	.000000
7.69332	.081097	.000000
7.69618	.080438	.000000
7.69904	.079675	.000000
7.70189	.079043	.000000
7.70476	.078420	.000000
7.70762	.077639	.000000
7.71048	.077030	.000000
7.71335	.076468	.000000
7.71622	.075695	.000000
7.7191	.074830	.000000
7.72197	.074215	.000000
7.72485	.073827	.000000
7.72773	.073223	.000000
7.73061	.072534	.000000
7.73349	.071773	.000000
7.73638	.071035	.000000
7.73926	.070462	.000000
7.74215	.069871	.000000
7.74504	.069175	.000000
7.74794	.068513	.000000
7.75083	.067752	.000000
7.75373	.067157	.000000
7.75663	.066574	.000000
7.75953	.065924	.000000
7.76243	.065394	.000000
7.76534	.064810	.000000
7.76825	.064075	.000000
7.77116	.063448	.000000
7.77407	.062767	.000000
7.77699	.062044	.000000
7.7799	.061534	.000000
7.78282	.060895	.000000
7.78574	.060158	.000000
7.78867	.059549	.000000
7.79159	.058954	.000000
7.79452	.058364	.000000
7.79745	.057647	.000000
7.80039	.056925	.000000
7.80333	.056339	.000000
7.80626	.055934	.000000
7.8092	.055380	.000000
7.81214	.054656	.000000
7.81509	.053976	.000000
7.81803	.053457	.000000
7.82098	.052978	.000000
7.82393	.052282	.000000
7.82688	.051465	.000000
7.82984	.050938	.000000
7.8328	.050458	.000000
7.83576	.049683	.000000
7.83872	.048938	.000000
7.84168	.048591	.000000
7.84465	.048180	.000000
7.84761	.047512	.000000
7.85058	.046614	.000000
7.85356	.045920	.000000
7.85653	.045478	.000000
7.85951	.045058	.000000
7.86249	.044749	.000000
7.86547	.044231	.000000
7.86845	.043475	.000000
7.87144	.042944	.000000
7.87443	.042458	.000000
7.87742	.041918	.000000
7.88041	.041217	.000000
7.88341	.040553	.000000
7.8864	.040000	.000000
7.8894	.039635	.000000
7.89241	.039191	.000000
7.89541	.038536	.000000
7.89842	.037923	.000000
7.90143	.037374	.000000
7.90444	.036761	.000000
7.90746	.036262	.000000
7.91047	.035946	.000000
7.91349	.035543	.000000
7.91651	.034925	.000000
7.91954	.034430	.000000
7.92256	.033977	.000000
7.92559	.033473	.000000
7.92862	.032981	.000000
7.93165	.032571	.000000
7.93468	.032191	.000000
7.93772	.031730	.000000
7.94076	.031204	.000000
7.9438	.030883	.000000
7.94684	.030620	.000000
7.94989	.030190	.000000
7.95294	.029616	.000000
7.95599	.029094	.000000
7.95904	.028677	.000000
7.9621	.028207	.000000
7.96516	.027835	.000000
7.96822	.027596	.000000
7.97128	.027285	.000000
7.97434	.026803	.000000
7.97741	.026300	.000000
7.98048	.025934	.000000
7.98355	.025625	.000000
7.98663	.025207	.000000
7.98971	.024914	.000000
7.99279	.024644	.000000
7.99587	.024121	.000000
7.99895	.023692	.000000
8.00204	.023340	.000000
8.00513	.022982	.000000
8.00822	.022768	.000000
8.01131	.022489	.000000
8.01441	.022147	.000000
8.01751	.021843	.000000
8.02061	.021631	.000000
8.02371	.021541	.000000
8.02681	.021336	.000000
8.02992	.020999	.000000
8.03303	.020573	.000000
8.03614	.020195	.000000
8.03926	.019936	.000000
8.04238	.019759	.000000
8.0455	.019699	.000000
8.04862	.019515	.000000
8.05174	.019144	.000000
8.05487	.018984	.000000
8.058	.018865	.000000
8.06113	.018691	.000000
8.06427	.018569	.000000
8.0674	.018334	.000000
8.07054	.018244	.000000
8.07368	.018115	.000000
8.07683	.017822	.000000
8.07998	.017640	.000000
8.08313	.017516	.000000
8.08628	.017435	.000000
8.08943	.017444	.000000
8.09259	.017458	.000000
8.09575	.017227	.000000
8.09891	.016937	.000000
8.10207	.016778	.000000
8.10524	.016743	.000000
8.10841	.016907	.000000
8.11158	.016988	.000000
8.11475	.017002	.000000
8.11793	.017340	.000000
8.12111	.017479	.000000
8.12429	.017145	.000000
8.12748	.016994	.000000
8.13066	.016884	.000000
8.13385	.016746	.000000
8.13704	.016829	.000000
8.14024	.016981	.000000
8.14343	.017144	.000000
8.14663	.017255	.000000
8.14983	.017393	.000000
8.15304	.017848	.000000
8.15624	.017931	.000000
8.15945	.017945	.000000
8.16266	.018239	.000000
8.16588	.018509	.000000
8.16909	.018678	.000000
8.17231	.018627	.000000
8.17553	.018855	.000000
8.17876	.019284	.000000
8.18198	.019771	.000000
8.18521	.020080	.000000
8.18844	.020257	.000000
8.19168	.020571	.000000
8.19491	.020965	.000000
8.19815	.021354	.000000
8.20139	.021627	.000000
8.20464	.021901	.000000
8.20789	.022477	.000000
8.21113	.023014	.000000
8.21439	.023340	.000000
8.21764	.023759	.000000
8.22091	.024128	.000000
8.22417	.024615	.000000
8.22743	.025244	.000000
8.23069	.026007	.000000
8.23396	.026648	.000000
8.23723	.027132	.000000
8.2405	.027624	.000000
8.24378	.028273	.000000
8.24706	.028857	.000000
8.25034	.029498	.000000
8.25362	.030224	.000000
8.25691	.030890	.000000
8.2602	.031508	.000000
8.26349	.032124	.000000
8.26678	.032788	.000000
8.27008	.033597	.000000
8.27337	.034392	.000000
8.27668	.035133	.000000
8.27998	.035944	.000000
8.28329	.036733	.000000
8.2866	.037620	.000000
8.28991	.038400	.000000
8.29322	.038909	.000000
8.29654	.039629	.000000
8.29986	.040556	.000000
8.30318	.041349	.000000
8.30651	.042215	.000000
8.30984	.043066	.000000
8.31317	.043906	.000000
8.31651	.044802	.000000
8.31984	.045462	.000000
8.32318	.046119	.000000
8.32652	.046716	.000000
8.32987	.047553	.000000
8.33322	.048454	.000000
8.33656	.049084	.000000
8.33992	.049706	.000000
8.34327	.050636	.000000
8.34663	.051295	.000000
8.34999	.051745	.000000
8.35335	.052418	.000000
8.35672	.053079	.000000
8.36008	.053601	.000000
8.36346	.054221	.000000
8.36683	.054811	.000000
8.37021	.055284	.000000
8.37359	.055888	.000000
8.37697	.056353	.000000
8.38035	.056702	.000000
8.38374	.057248	.000000
8.38713	.057857	.000000
8.39052	.058445	.000000
8.39392	.059007	.000000
8.39732	.059213	.000000
8.40072	.059362	.000000
8.40412	.059802	.000000
8.40754	.060296	.000000
8.41095	.060681	.000000
8.41436	.061115	.000000
8.41777	.061373	.000000
8.42119	.061437	.000000
8.42461	.061587	.000000
8.42804	.062025	.000000
8.43146	.062344	.000000
8.43489	.062166	.000000
8.43832	.062057	.000000
8.44176	.062325	.000000
8.44519	.062551	.000000
8.44863	.062532	.000000
8.45208	.062424	.000000
8.45552	.062267	.000000
8.45897	.062272	.000000
8.46242	.062357	.000000
8.46588	.062306	.000000
8.46933	.062103	.000000
8.47279	.061774	.000000
8.47626	.061552	.000000
8.47972	.061502	.000000
8.48319	.061396	.000000
8.48666	.061149	.000000
8.49014	.060840	.000000
8.49361	.060596	.000000
8.49709	.060383	.000000
8.50058	.060043	.000000
8.50407	.059757	.000000
8.50755	.059628	.000000
8.51105	.059425	.000000
8.51454	.059274	.000000
8.51804	.059171	.000000
8.52154	.059023	.000000
8.52504	.058954	.000000
8.52854	.058970	.000000
8.53205	.058821	.000000
8.53556	.058530	.000000
8.53908	.058323	.000000
8.5426	.058046	.000000
8.54612	.057730	.000000
8.54964	.057546	.000000
8.55316	.057582	.000000
8.55669	.057557	.000000
8.56022	.057645	.000000
8.56376	.057682	.000000
8.5673	.057481	.000000
8.57084	.057428	.000000
8.57438	.057368	.000000
8.57792	.057262	.000000
8.58147	.057047	.000000
8.58503	.056879	.000000
8.58858	.056768	.000000
8.59214	.056681	.000000
8.5957	.056559	.000000
8.59927	.056501	.000000
8.60284	.056270	.000000
8.60641	.055871	.000000
8.60998	.055775	.000000
8.61356	.056051	.000000
8.61714	.055973	.000000
8.62072	.055623	.000000
8.6243	.055450	.000000
8.62789	.055343	.000000
8.63148	.055058	.000000
8.63507	.054818	.000000
8.63867	.054898	.000000
8.64227	.055005	.000000
8.64587	.054906	.000000
8.64948	.054776	.000000
8.65309	.054486	.000000
8.6567	.054143	.000000
8.66031	.054128	.000000
8.66393	.054050	.000000
8.66755	.053806	.000000
8.67117	.053732	.000000
8.6748	.053688	.000000
8.67843	.053571	.000000
8.68206	.053389	.000000
8.6857	.053091	.000000
8.68934	.053052	.000000
8.69298	.053045	.000000
8.69663	.052840	.000000
8.70027	.052605	.000000
8.70393	.052558	.000000
8.70759	.052457	.000000
8.71124	.052328	.000000
8.7149	.052291	.000000
8.71857	.052263	.000000
8.72224	.052152	.000000
8.72591	.052226	.000000
8.72958	.052220	.000000
8.73325	.052194	.000000
8.73693	.051947	.000000
8.74061	.051758	.000000
8.7443	.051525	.000000
8.74799	.051217	.000000
8.75168	.051170	.000000
8.75537	.051103	.000000
8.75907	.051035	.000000
8.76277	.050880	.000000
8.76647	.050564	.000000
8.77018	.050228	.000000
8.77389	.050294	.000000
8.7776	.050366	.000000
8.78132	.050195	.000000
8.78504	.049969	.000000
8.78876	.049769	.000000
8.79249	.049651	.000000
8.79622	.049785	.000000
8.79995	.049720	.000000
8.80369	.049370	.000000
8.80743	.049211	.000000
8.81117	.049199	.000000
8.81492	.049322	.000000
8.81867	.049063	.000000
8.82242	.048763	.000000
8.82617	.048779	.000000
8.82993	.048736	.000000
8.83369	.048261	.000000
8.83745	.047936	.000000
8.84122	.048102	.000000
8.84499	.048139	.000000
8.84876	.047957	.000000
8.85254	.047804	.000000
8.85632	.047846	.000000
8.8601	.047761	.000000
8.86389	.047525	.000000
8.86768	.047262	.000000
8.87147	.047253	.000000
8.87527	.047242	.000000
8.87907	.047135	.000000
8.88287	.046825	.000000
8.88668	.046589	.000000
8.89049	.046670	.000000
8.8943	.046797	.000000
8.89812	.046523	.000000
8.90193	.046365	.000000
8.90576	.046402	.000000
8.90958	.046409	.000000
8.91342	.046373	.000000
8.91725	.046121	.000000
8.92109	.045921	.000000
8.92493	.045904	.000000
8.92877	.045752	.000000
8.93261	.045734	.000000
8.93646	.045607	.000000
8.94031	.045386	.000000
8.94417	.045261	.000000
8.94803	.045208	.000000
8.95189	.045171	.000000
8.95576	.045005	.000000
8.95963	.044911	.000000
8.9635	.044895	.000000
8.96737	.044763	.000000
8.97125	.044782	.000000
8.97513	.044738	.000000
8.97902	.044134	.000000
8.98291	.043981	.000000
8.9868	.044247	.000000
8.9907	.044339	.000000
8.99459	.044044	.000000
8.9985	.043899	.000000
9.0024	.043933	.000000
9.00631	.043705	.000000
9.01022	.043401	.000000
9.01414	.043334	.000000
9.01806	.043322	.000000
9.02199	.042923	.000000
9.02592	.042555	.000000
9.02984	.042720	.000000
9.03378	.042898	.000000
9.03771	.042624	.000000
9.04166	.042398	.000000
9.0456	.042301	.000000
9.04954	.042356	.000000
9.05349	.042239	.000000
9.05745	.042029	.000000
9.06141	.041971	.000000
9.06537	.041817	.000000
9.06933	.041491	.000000
9.0733	.041081	.000000
9.07727	.040812	.000000
9.08124	.040696	.000000
9.08522	.040443	.000000
9.0892	.040129	.000000
9.09319	.039919	.000000
9.09718	.039737	.000000
9.10117	.039393	.000000
9.10516	.039066	.000000
9.10916	.039029	.000000
9.11316	.038865	.000000
9.11717	.038642	.000000
9.12118	.038556	.000000
9.12519	.038029	.000000
9.12921	.037530	.000000
9.13323	.037235	.000000
9.13725	.037115	.000000
9.14128	.037180	.000000
9.14531	.036995	.000000
9.14935	.036613	.000000
9.15338	.036327	.000000
9.15742	.036191	.000000
9.16148	.036082	.000000
9.16553	.035866	.000000
9.16958	.035587	.000000
9.17363	.035229	.000000
9.17769	.034822	.000000
9.18176	.034596	.000000
9.18582	.034321	.000000
9.18989	.034303	.000000
9.19397	.034245	.000000
9.19804	.034127	.000000
9.20213	.034019	.000000
9.20621	.033726	.000000
9.2103	.033424	.000000
9.21439	.033164	.000000
9.21848	.033392	.000000
9.22258	.033826	.000000
9.22669	.033627	.000000
9.23079	.033325	.000000
9.2349	.033235	.000000
9.23902	.033290	.000000
9.24313	.033713	.000000
9.24725	.033768	.000000
9.25138	.033210	.000000
9.25551	.033064	.000000
9.25964	.033279	.000000
9.26378	.033272	.000000
9.26792	.033357	.000000
9.27206	.033493	.000000
9.27621	.033242	.000000
9.28036	.033134	.000000
9.28452	.033270	.000000
9.28868	.033316	.000000
9.29284	.033208	.000000
9.297	.033275	.000000
9.30117	.033334	.000000
9.30535	.033350	.000000
9.30952	.033427	.000000
9.3137	.033325	.000000
9.31789	.033320	.000000
9.32208	.033396	.000000
9.32627	.033468	.000000
9.33046	.033424	.000000
9.33466	.033323	.000000
9.33887	.033394	.000000
9.34307	.033643	.000000
9.34728	.033943	.000000
9.3515	.034148	.000000
9.35572	.034173	.000000
9.35994	.034134	.000000
9.36416	.034160	.000000
9.36839	.034321	.000000
9.37263	.034309	.000000
9.37686	.034098	.000000
9.38111	.034402	.000000
9.38535	.034925	.000000
9.3896	.035142	.000000
9.39386	.035096	.000000
9.39812	.035070	.000000
9.40238	.035218	.000000
9.40664	.035529	.000000
9.41091	.035760	.000000
9.41518	.036043	.000000
9.41946	.036440	.000000
9.42374	.036429	.000000
9.42802	.036311	.000000
9.43231	.036663	.000000
9.4366	.037161	.000000
9.4409	.037344	.000000
9.4452	.037275	.000000
9.4495	.037494	.000000
9.45381	.037991	.000000
9.45812	.038361	.000000
9.46243	.038778	.000000
9.46675	.039066	.000000
9.47108	.039391	.000000
9.4754	.039555	.000000
9.47973	.039695	.000000
9.48407	.039919	.000000
9.48841	.040424	.000000
9.49275	.041109	.000000
9.4971	.041630	.000000
9.50145	.041745	.000000
9.5058	.041884	.000000
9.51016	.042049	.000000
9.51453	.042633	.000000
9.5189	.043265	.000000
9.52327	.043730	.000000
9.52764	.044141	.000000
9.53202	.044532	.000000
9.53641	.044793	.000000
9.54079	.044818	.000000
9.54518	.045227	.000000
9.54958	.045890	.000000
9.55398	.046149	.000000
9.55838	.046368	.000000
9.56279	.046753	.000000
9.5672	.046938	.000000
9.57161	.046974	.000000
9.57603	.047140	.000000
9.58045	.047539	.000000
9.58488	.047979	.000000
9.58931	.048233	.000000
9.59375	.048254	.000000
9.59819	.048551	.000000
9.60263	.048779	.000000
9.60708	.048777	.000000
9.61153	.048957	.000000
9.61599	.049381	.000000
9.62045	.049321	.000000
9.62491	.049383	.000000
9.62938	.049711	.000000
9.63386	.050054	.000000
9.63834	.050160	.000000
9.64282	.050161	.000000
9.64731	.050267	.000000
9.6518	.050492	.000000
9.65629	.050769	.000000
9.66079	.050703	.000000
9.66529	.050516	.000000
9.66979	.050613	.000000
9.67431	.050873	.000000
9.67882	.050742	.000000
9.68334	.050772	.000000
9.68786	.050972	.000000
9.69239	.050901	.000000
9.69692	.050620	.000000
9.70146	.050559	.000000
9.706	.050665	.000000
9.71054	.050663	.000000
9.71509	.050658	.000000
9.71964	.050474	.000000
9.7242	.050241	.000000
9.72876	.050324	.000000
9.73333	.050352	.000000
9.7379	.050100	.000000
9.74247	.050175	.000000
9.74705	.050101	.000000
9.75163	.050009	.000000
9.75622	.049999	.000000
9.76081	.050022	.000000
9.76541	.049911	.000000
9.77001	.049646	.000000
9.77461	.049600	.000000
9.77922	.049653	.000000
9.78383	.049393	.000000
9.78845	.049017	.000000
9.79307	.048939	.000000
9.7977	.049077	.000000
9.80233	.048943	.000000
9.80696	.048681	.000000
9.8116	.048484	.000000
9.81625	.048431	.000000
9.8209	.048369	.000000
9.82555	.048247	.000000
9.83021	.048044	.000000
9.83487	.047975	.000000
9.83953	.048153	.000000
9.8442	.048263	.000000
9.84888	.047915	.000000
9.85356	.047721	.000000
9.85824	.047772	.000000
9.86293	.047678	.000000
9.86762	.047376	.000000
9.87232	.047202	.000000
9.87702	.047352	.000000
9.88172	.047315	.000000
9.88643	.047198	.000000
9.89115	.047029	.000000
9.89587	.047205	.000000
9.90059	.047186	.000000
9.90532	.046949	.000000
9.91005	.046880	.000000
9.91479	.047186	.000000
9.91953	.047179	.000000
9.92428	.047039	.000000
9.92902	.047212	.000000
9.93378	.047260	.000000
9.93854	.047288	.000000
9.9433	.047505	.000000
9.94807	.047657	.000000
9.95284	.047502	.000000
9.95762	.047627	.000000
9.96241	.047786	.000000
9.96719	.047929	.000000
9.97198	.048039	.000000
9.97678	.048049	.000000
9.98158	.048236	.000000
9.98639	.048390	.000000
9.9912	.048143	.000000
9.99601	.048295	.000000
10.00083	.048750	.000000
10.00566	.048867	.000000
10.01049	.048869	.000000
10.01532	.048900	.000000
10.02016	.048964	.000000
10.025	.049227	.000000
10.02985	.049511	.000000
10.0347	.049632	.000000
10.03956	.049847	.000000
10.04442	.050001	.000000
10.04929	.050248	.000000
10.05416	.050430	.000000
10.05904	.050446	.000000
10.06392	.050774	.000000
10.0688	.051131	.000000
10.07369	.051352	.000000
10.07859	.051530	.000000
10.08349	.051841	.000000
10.08839	.052102	.000000
10.0933	.052136	.000000
10.09821	.052268	.000000
10.10313	.052766	.000000
10.10805	.052983	.000000
10.11298	.053142	.000000
10.11791	.053261	.000000
10.12285	.053319	.000000
10.12779	.053508	.000000
10.13274	.053861	.000000
10.13769	.053893	.000000
10.14265	.053702	.000000
10.14761	.053842	.000000
10.15258	.054255	.000000
10.15755	.054532	.000000
10.16253	.054553	.000000
10.16751	.054276	.000000
10.1725	.054235	.000000
10.17749	.054647	.000000
10.18249	.054739	.000000
10.18749	.054596	.000000
10.19249	.054405	.000000
10.1975	.054498	.000000
10.20252	.054606	.000000
10.20754	.054506	.000000
10.21257	.054823	.000000
10.2176	.055208	.000000
10.22264	.055187	.000000
10.22768	.055168	.000000
10.23272	.055470	.000000
10.23778	.055818	.000000
10.24283	.056121	.000000
10.24789	.056218	.000000
10.25296	.056489	.000000
10.25803	.056826	.000000
10.2631	.057056	.000000
10.26818	.057569	.000000
10.27326	.058140	.000000
10.27835	.058519	.000000
10.28345	.058862	.000000
10.28855	.059302	.000000
10.29366	.060114	.000000
10.29877	.060474	.000000
10.30388	.060730	.000000
10.309	.060926	.000000
10.31413	.060843	.000000
10.31926	.061502	.000000
10.3244	.062129	.000000
10.32954	.062254	.000000
10.33469	.062567	.000000
10.33984	.062982	.000000
10.345	.063130	.000000
10.35016	.063280	.000000
10.35533	.063694	.000000
10.3605	.064033	.000000
10.36568	.064020	.000000
10.37086	.064368	.000000
10.37605	.064910	.000000
10.38124	.065403	.000000
10.38644	.065823	.000000
10.39165	.065852	.000000
10.39685	.065641	.000000
10.40207	.065896	.000000
10.40729	.066316	.000000
10.41251	.066876	.000000
10.41774	.067268	.000000
10.42298	.067321	.000000
10.42822	.067462	.000000
10.43346	.067651	.000000
10.43872	.068184	.000000
10.44397	.068418	.000000
10.44923	.068615	.000000
10.4545	.068923	.000000
10.45977	.069027	.000000
10.46505	.069232	.000000
10.47033	.069375	.000000
10.47562	.069405	.000000
10.48092	.069449	.000000
10.48621	.069431	.000000
10.49151	.069562	.000000
10.49682	.069601	.000000
10.50213	.069657	.000000
10.50745	.069899	.000000
10.51278	.070132	.000000
10.51811	.070040	.000000
10.52345	.069881	.000000
10.52879	.070033	.000000
10.53414	.070095	.000000
10.53949	.070028	.000000
10.54485	.070402	.000000
10.55021	.070779	.000000
10.55558	.070877	.000000
10.56096	.070706	.000000
10.56634	.070810	.000000
10.57172	.070994	.000000
10.57711	.070655	.000000
10.58251	.070644	.000000
10.58791	.070823	.000000
10.59332	.070803	.000000
10.59873	.071012	.000000
10.60415	.071284	.000000
10.60958	.071462	.000000
10.61501	.071308	.000000
10.62044	.071003	.000000
10.62588	.071370	.000000
10.63133	.071626	.000000
10.63678	.071307	.000000
10.64224	.071413	.000000
10.64771	.071824	.000000
10.65317	.071889	.000000
10.65865	.071843	.000000
10.66413	.071739	.000000
10.66961	.071545	.000000
10.6751	.071451	.000000
10.68059	.071607	.000000
10.68609	.071596	.000000
10.6916	.071649	.000000
10.69712	.071780	.000000
10.70264	.072034	.000000
10.70816	.072191	.000000
10.71369	.072403	.000000
10.71923	.072250	.000000
10.72477	.072285	.000000
10.73032	.072619	.000000
10.73588	.072907	.000000
10.74144	.073260	.000000
10.747	.073417	.000000
10.75257	.073449	.000000
10.75815	.073436	.000000
10.76373	.073443	.000000
10.76932	.073694	.000000
10.77492	.073616	.000000
10.78052	.073749	.000000
10.78612	.074079	.000000
10.79174	.073883	.000000
10.79736	.073913	.000000
10.80298	.073948	.000000
10.80861	.073853	.000000
10.81424	.073744	.000000
10.81988	.073797	.000000
10.82553	.073871	.000000
10.83118	.073791	.000000
10.83685	.073892	.000000
10.84251	.074058	.000000
10.84818	.073894	.000000
10.85386	.073722	.000000
10.85954	.073850	.000000
10.86523	.074171	.000000
10.87092	.073894	.000000
10.87663	.073488	.000000
10.88233	.073332	.000000
10.88805	.073396	.000000
10.89376	.073313	.000000
10.89949	.073320	.000000
10.90522	.073364	.000000
10.91096	.072884	.000000
10.91669	.072377	.000000
10.92244	.072499	.000000
10.92819	.072380	.000000
10.93395	.072182	.000000
10.93972	.072057	.000000
10.94549	.071999	.000000
10.95127	.072062	.000000
10.95706	.072170	.000000
10.96285	.072368	.000000
10.96865	.072297	.000000
10.97445	.071737	.000000
10.98026	.071541	.000000
10.98608	.071893	.000000
10.9919	.072054	.000000
10.99773	.072145	.000000
11.00356	.072504	.000000
11.0094	.072587	.000000
11.01525	.072682	.000000
11.0211	.072790	.000000
11.02696	.072576	.000000
11.03283	.072303	.000000
11.0387	.072606	.000000
11.04458	.073053	.000000
11.05046	.072960	.000000
11.05635	.073057	.000000
11.06225	.073209	.000000
11.06815	.073392	.000000
11.07406	.073440	.000000
11.07998	.072951	.000000
11.0859	.072855	.000000
11.09183	.072944	.000000
11.09776	.073037	.000000
11.10371	.073424	.000000
11.10965	.073749	.000000
11.11561	.073616	.000000
11.12156	.073477	.000000
11.12752	.073488	.000000
11.1335	.073964	.000000
11.13947	.074554	.000000
11.14546	.074514	.000000
11.15145	.074432	.000000
11.15745	.074220	.000000
11.16346	.074383	.000000
11.16947	.074699	.000000
11.17549	.074639	.000000
11.18151	.074556	.000000
11.18754	.074658	.000000
11.19358	.074973	.000000
11.19963	.075386	.000000
11.20568	.075792	.000000
11.21174	.076355	.000000
11.2178	.076513	.000000
11.22387	.076350	.000000
11.22995	.076926	.000000
11.23603	.077343	.000000
11.24212	.077277	.000000
11.24822	.077878	.000000
11.25432	.078496	.000000
11.26043	.078582	.000000
11.26655	.078739	.000000
11.27267	.079011	.000000
11.2788	.079347	.000000
11.28494	.080154	.000000
11.29108	.080910	.000000
11.29723	.081152	.000000
11.30339	.081791	.000000
11.30955	.082248	.000000
11.31572	.082707	.000000
11.3219	.083280	.000000
11.32808	.083815	.000000
11.33427	.084304	.000000
11.34047	.084848	.000000
11.34667	.085144	.000000
11.35288	.085434	.000000
11.3591	.086188	.000000
11.36533	.086926	.000000
11.37156	.087212	.000000
11.37779	.087483	.000000
11.38403	.087986	.000000
11.39028	.088288	.000000
11.39654	.088634	.000000
11.4028	.089068	.000000
11.40908	.089692	.000000
11.41536	.090165	.000000
11.42164	.090873	.000000
11.42794	.091475	.000000
11.43424	.091744	.000000
11.44054	.092274	.000000
11.44686	.092883	.000000
11.45318	.093331	.000000
11.45951	.093866	.000000
11.46584	.094649	.000000
11.47218	.095334	.000000
11.47853	.095579	.000000
11.48489	.095897	.000000
11.49125	.096551	.000000
11.49762	.097259	.000000
11.504	.097510	.000000
11.51038	.097593	.000000
11.51678	.097884	.000000
11.52317	.098163	.000000
11.52958	.098338	.000000
11.53599	.098800	.000000
11.54241	.099911	.000000
11.54884	.100861	.000000
11.55527	.101320	.000000
11.56171	.101451	.000000
11.56816	.101342	.000000
11.57462	.101753	.000000
11.58108	.102385	.000000
11.58755	.102855	.000000
11.59403	.103268	.000000
11.6005	.103593	.000000
11.60699	.104254	.000000
11.61349	.105006	.000000
11.62	.105650	.000000
11.62651	.105861	.000000
11.63303	.106419	.000000
11.63956	.107303	.000000
11.6461	.107485	.000000
11.65264	.107625	.000000
11.65919	.108063	.000000
11.66575	.108838	.000000
11.67231	.109610	.000000
11.67889	.110420	.000000
11.68546	.110959	.000000
11.69205	.111195	.000000
11.69865	.111351	.000000
11.70525	.111702	.000000
11.71186	.112621	.000000
11.71848	.113278	.000000
11.7251	.113648	.000000
11.73173	.113846	.000000
11.73838	.114012	.000000
11.74502	.114461	.000000
11.75168	.115450	.000000
11.75834	.115836	.000000
11.76501	.115949	.000000
11.77168	.116161	.000000
11.77837	.116244	.000000
11.78506	.116702	.000000
11.79176	.117392	.000000
11.79847	.117576	.000000
11.80519	.117721	.000000
11.81191	.117857	.000000
11.81864	.118519	.000000
11.82538	.119264	.000000
11.83213	.119465	.000000
11.83888	.120108	.000000
11.84564	.120716	.000000
11.85241	.120776	.000000
11.85919	.120915	.000000
11.86597	.121231	.000000
11.87276	.121832	.000000
11.87955	.122439	.000000
11.88636	.123043	.000000
11.89317	.123352	.000000
11.9	.123402	.000000
11.90683	.123974	.000000
11.91367	.124323	.000000
11.92051	.124763	.000000
11.92737	.125325	.000000
11.93423	.125694	.000000
11.9411	.126103	.000000
11.94798	.126549	.000000
11.95487	.126873	.000000
11.96176	.127751	.000000
11.96867	.128611	.000000
11.97558	.128774	.000000
11.9825	.129093	.000000
11.98942	.129921	.000000
11.99636	.130540	.000000
12.0033	.130940	.000000
12.01025	.131294	.000000
12.01721	.131730	.000000
12.02418	.132104	.000000
12.03115	.132436	.000000
12.03813	.133008	.000000
12.04513	.133340	.000000
12.05212	.133764	.000000
12.05913	.134437	.000000
12.06615	.135142	.000000
12.07317	.135712	.000000
12.0802	.136228	.000000
12.08724	.136556	.000000
12.09429	.136771	.000000
12.10135	.137231	.000000
12.10841	.137714	.000000
12.11548	.138258	.000000
12.12255	.138746	.000000
12.12964	.138808	.000000
12.13674	.138767	.000000
12.14385	.139291	.000000
12.15096	.139719	.000000
12.15808	.139770	.000000
12.16521	.140012	.000000
12.17236	.139869	.000000
12.1795	.139901	.000000
12.18666	.140416	.000000
12.19382	.140785	.000000
12.201	.141054	.000000
12.20818	.140720	.000000
12.21537	.140351	.000000
12.22257	.140367	.000000
12.22977	.140515	.000000
12.23699	.140531	.000000
12.24421	.140536	.000000
12.25145	.140685	.000000
12.25869	.140704	.000000
12.26594	.140506	.000000
12.2732	.139973	.000000
12.28046	.139366	.000000
12.28774	.139242	.000000
12.29502	.139080	.000000
12.30231	.138758	.000000
12.30962	.138629	.000000
12.31692	.138324	.000000
12.32425	.137778	.000000
12.33157	.137068	.000000
12.33891	.136830	.000000
12.34625	.136259	.000000
12.35361	.135348	.000000
12.36097	.134617	.000000
12.36834	.134017	.000000
12.37572	.133759	.000000
12.38311	.133425	.000000
12.39051	.132696	.000000
12.39791	.131961	.000000
12.40533	.131315	.000000
12.41275	.130469	.000000
12.42018	.129628	.000000
12.42761	.128880	.000000
12.43506	.127806	.000000
12.44252	.126988	.000000
12.44999	.126174	.000000
12.45747	.125070	.000000
12.46496	.123755	.000000
12.47245	.122443	.000000
12.47996	.121572	.000000
12.48747	.120426	.000000
12.49499	.119087	.000000
12.50253	.118171	.000000
12.51007	.117422	.000000
12.51762	.116221	.000000
12.52517	.114743	.000000
12.53275	.113657	.000000
12.54032	.112428	.000000
12.54791	.111135	.000000
12.5555	.109740	.000000
12.56311	.108492	.000000
12.57072	.107579	.000000
12.57835	.106544	.000000
12.58598	.105071	.000000
12.59362	.103431	.000000
12.60128	.101938	.000000
12.60894	.100739	.000000
12.6166	.099637	.000000
12.62428	.098451	.000000
12.63197	.097133	.000000
12.63967	.095367	.000000
12.64738	.093610	.000000
12.6551	.092427	.000000
12.66282	.091124	.000000
12.67056	.090073	.000000
12.6783	.088443	.000000
12.68606	.086635	.000000
12.69381	.085323	.000000
12.70158	.083718	.000000
12.70936	.081685	.000000
12.71716	.079838	.000000
12.72496	.078236	.000000
12.73277	.076048	.000000
12.74059	.073682	.000000
12.74842	.072235	.000000
12.75626	.070584	.000000
12.76411	.068433	.000000
12.77197	.066632	.000000
12.77984	.064930	.000000
12.78772	.063176	.000000
12.79561	.061622	.000000
12.80351	.060128	.000000
12.81142	.058352	.000000
12.81934	.057056	.000000
12.82727	.056045	.000000
12.8352	.054550	.000000
12.84315	.053261	.000000
12.85111	.052235	.000000
12.85908	.051097	.000000
12.86706	.049955	.000000
12.87504	.048895	.000000
12.88304	.048305	.000000
12.89105	.047857	.000000
12.89906	.047710	.000000
12.90709	.047422	.000000
12.91513	.047027	.000000
12.92318	.046665	.000000
12.93123	.046543	.000000
12.9393	.046204	.000000
12.94738	.045678	.000000
12.95546	.045646	.000000
12.96356	.045909	.000000
12.97167	.045393	.000000
12.97979	.044796	.000000
12.98792	.044999	.000000
12.99605	.045441	.000000
13.0042	.045118	.000000
13.01236	.044625	.000000
13.02053	.044028	.000000
13.02869	.043663	.000000
13.03688	.043603	.000000
13.04508	.043251	.000000
13.05329	.043195	.000000
13.06151	.043504	.000000
13.06974	.043313	.000000
13.07798	.042654	.000000
13.08624	.042672	.000000
13.0945	.042833	.000000
13.10277	.042381	.000000
13.11105	.042125	.000000
13.11934	.041697	.000000
13.12765	.041833	.000000
13.13596	.042308	.000000
13.14429	.042661	.000000
13.15262	.042988	.000000
13.16097	.042852	.000000
13.16933	.042942	.000000
13.17769	.043179	.000000
13.18607	.042976	.000000
13.19446	.042647	.000000
13.20286	.042873	.000000
13.21127	.042806	.000000
13.21969	.042646	.000000
13.22812	.043221	.000000
13.23656	.043620	.000000
13.24501	.043850	.000000
13.25348	.044162	.000000
13.26195	.044466	.000000
13.27044	.045088	.000000
13.27893	.045497	.000000
13.28744	.045467	.000000
13.29596	.045407	.000000
13.30449	.045469	.000000
13.31303	.045745	.000000
13.32156	.045891	.000000
13.33012	.045916	.000000
13.3387	.046047	.000000
13.34728	.046174	.000000
13.35587	.046216	.000000
13.36448	.046603	.000000
13.3731	.046859	.000000
13.38173	.046575	.000000
13.39037	.046508	.000000
13.39902	.046388	.000000
13.40768	.046446	.000000
13.41635	.046870	.000000
13.42503	.047200	.000000
13.43373	.047237	.000000
13.44244	.046803	.000000
13.45115	.046059	.000000
13.45988	.045340	.000000
13.46862	.045425	.000000
13.47738	.045681	.000000
13.48614	.045045	.000000
13.49491	.044604	.000000
13.5037	.044286	.000000
13.5125	.043456	.000000
13.52131	.043112	.000000
13.53013	.043113	.000000
13.53896	.042534	.000000
13.5478	.042040	.000000
13.55666	.041994	.000000
13.56553	.041385	.000000
13.5744	.041088	.000000
13.58329	.041270	.000000
13.59219	.041104	.000000
13.60111	.040890	.000000
13.61003	.040521	.000000
13.61897	.039931	.000000
13.6279	.039938	.000000
13.63686	.039852	.000000
13.64583	.040002	.000000
13.65482	.040184	.000000
13.66381	.040166	.000000
13.67282	.040392	.000000
13.68184	.040419	.000000
13.69087	.040369	.000000
13.69991	.040330	.000000
13.70897	.040417	.000000
13.71804	.040579	.000000
13.72711	.040779	.000000
13.73621	.041429	.000000
13.74531	.042188	.000000
13.75443	.042190	.000000
13.76355	.042086	.000000
13.77269	.042388	.000000
13.78184	.041787	.000000
13.79101	.042222	.000000
13.80018	.043518	.000000
13.80937	.043885	.000000
13.81857	.043986	.000000
13.82779	.044138	.000000
13.83701	.044489	.000000
13.84625	.045028	.000000
13.8555	.045143	.000000
13.86476	.045010	.000000
13.87403	.045453	.000000
13.88332	.045847	.000000
13.89262	.045681	.000000
13.90193	.046011	.000000
13.91126	.046709	.000000
13.92059	.047083	.000000
13.92994	.047285	.000000
13.9393	.047406	.000000
13.94868	.047687	.000000
13.95807	.047528	.000000
13.96747	.047440	.000000
13.97688	.047675	.000000
13.9863	.047463	.000000
13.99574	.046983	.000000
14.00519	.046855	.000000
14.01464	.046946	.000000
14.02411	.046562	.000000
14.0336	.046013	.000000
14.0431	.046179	.000000
14.05262	.046195	.000000
14.06214	.045505	.000000
14.07168	.045127	.000000
14.08124	.044781	.000000
14.09081	.044378	.000000
14.10039	.043963	.000000
14.10998	.044012	.000000
14.11958	.043860	.000000
14.1292	.043370	.000000
14.13883	.042598	.000000
14.14848	.041715	.000000
14.15814	.041501	.000000
14.16781	.041441	.000000
14.17749	.040977	.000000
14.18719	.040463	.000000
14.1969	.039954	.000000
14.20663	.038949	.000000
14.21637	.038287	.000000
14.22612	.038289	.000000
14.23588	.037950	.000000
14.24566	.037457	.000000
14.25545	.036846	.000000
14.26525	.036092	.000000
14.27507	.035905	.000000
14.2849	.035916	.000000
14.29475	.035739	.000000
14.30461	.035109	.000000
14.31448	.035326	.000000
14.32437	.035276	.000000
14.33426	.034543	.000000
14.34418	.033805	.000000
14.35409	.033417	.000000
14.36403	.033666	.000000
14.37398	.033251	.000000
14.38395	.033039	.000000
14.39393	.032986	.000000
14.40393	.032714	.000000
14.41394	.032800	.000000
14.42396	.032608	.000000
14.434	.032232	.000000
14.44405	.032129	.000000
14.45412	.032249	.000000
14.4642	.032287	.000000
14.47429	.031923	.000000
14.4844	.031550	.000000
14.49452	.031485	.000000
14.50466	.031670	.000000
14.51481	.031903	.000000
14.52497	.031688	.000000
14.53515	.030877	.000000
14.54535	.030554	.000000
14.55555	.030452	.000000
14.56578	.030510	.000000
14.57601	.030830	.000000
14.58626	.030943	.000000
14.59653	.030826	.000000
14.60681	.031040	.000000
14.6171	.031416	.000000
14.62741	.031462	.000000
14.63774	.030838	.000000
14.64807	.030162	.000000
14.65843	.029978	.000000
14.66879	.030259	.000000
14.67917	.029768	.000000
14.68957	.029857	.000000
14.69998	.030302	.000000
14.71041	.029991	.000000
14.72085	.029207	.000000
14.73131	.028965	.000000
14.74178	.029099	.000000
14.75226	.028698	.000000
14.76276	.028760	.000000
14.77327	.029065	.000000
14.78379	.028961	.000000
14.79433	.028956	.000000
14.80489	.029050	.000000
14.81547	.029108	.000000
14.82606	.028977	.000000
14.83666	.029221	.000000
14.84728	.029770	.000000
14.85792	.030061	.000000
14.86857	.030058	.000000
14.87924	.029733	.000000
14.88992	.029708	.000000
14.90062	.029827	.000000
14.91133	.030270	.000000
14.92205	.030708	.000000
14.9328	.031223	.000000
14.94356	.031573	.000000
14.95433	.031199	.000000
14.96512	.031704	.000000
14.97593	.032447	.000000
14.98675	.032532	.000000
14.99759	.032988	.000000
15.00844	.033433	.000000
15.01931	.033569	.000000
15.03019	.033770	.000000
15.04109	.034224	.000000
15.05201	.034663	.000000
15.06294	.035289	.000000
15.07388	.035642	.000000
15.08485	.036036	.000000
15.09583	.036281	.000000
15.10683	.036165	.000000
15.11784	.036565	.000000
15.12886	.037334	.000000
15.13991	.038134	.000000
15.15096	.038794	.000000
15.16202	.039114	.000000
15.17311	.039419	.000000
15.18422	.039167	.000000
15.19534	.039193	.000000
15.20648	.040436	.000000
15.21764	.040841	.000000
15.22881	.040876	.000000
15.24001	.040876	.000000
15.25121	.041964	.000000
15.26243	.043144	.000000
15.27367	.043624	.000000
15.28493	.044500	.000000
15.2962	.045203	.000000
15.30749	.045256	.000000
15.3188	.045642	.000000
15.33012	.045582	.000000
15.34146	.045918	.000000
15.35281	.046479	.000000
15.36419	.047020	.000000
15.37558	.047846	.000000
15.38698	.047972	.000000
15.39841	.048570	.000000
15.40985	.049066	.000000
15.42131	.049690	.000000
15.43278	.050530	.000000
15.44427	.050656	.000000
15.45578	.050774	.000000
15.46731	.051669	.000000
15.47885	.052122	.000000
15.49041	.052111	.000000
15.50199	.052796	.000000
15.51358	.053239	.000000
15.5252	.053681	.000000
15.53683	.053910	.000000
15.54847	.054370	.000000
15.56014	.054454	.000000
15.57182	.054115	.000000
15.58352	.054094	.000000
15.59524	.054963	.000000
15.60697	.055473	.000000
15.61872	.055122	.000000
15.63049	.055551	.000000
15.64226	.056045	.000000
15.65407	.055609	.000000
15.66589	.055161	.000000
15.67773	.055263	.000000
15.68959	.055507	.000000
15.70147	.055830	.000000
15.71336	.056014	.000000
15.72528	.056118	.000000
15.73721	.056427	.000000
15.74916	.057269	.000000
15.76113	.057444	.000000
15.77311	.057078	.000000
15.78512	.056988	.000000
15.79714	.057260	.000000
15.80918	.057078	.000000
15.82124	.056575	.000000
15.83332	.056821	.000000
15.84542	.057110	.000000
15.85753	.057225	.000000
15.86966	.057024	.000000
15.88181	.057569	.000000
15.89399	.058355	.000000
15.90618	.058848	.000000
15.91838	.058587	.000000
15.93061	.057935	.000000
15.94285	.057621	.000000
15.95512	.057769	.000000
15.9674	.058927	.000000
15.97971	.058703	.000000
15.99203	.057993	.000000
16.00437	.057841	.000000
16.01673	.057933	.000000
16.0291	.058521	.000000
16.0415	.058751	.000000
16.05392	.057949	.000000
16.06633	.057594	.000000
16.07878	.057382	.000000
16.09126	.056837	.000000
16.10375	.056944	.000000
16.11626	.056847	.000000
16.1288	.056580	.000000
16.14135	.056284	.000000
16.15392	.055699	.000000
16.16651	.054917	.000000
16.17912	.054558	.000000
16.19175	.054285	.000000
16.2044	.053729	.000000
16.21707	.053377	.000000
16.22976	.053262	.000000
16.24248	.053268	.000000
16.25521	.053379	.000000
16.26795	.052899	.000000
16.28072	.052658	.000000
16.29351	.053215	.000000
16.30632	.053135	.000000
16.31915	.052556	.000000
16.33201	.052480	.000000
16.34488	.052282	.000000
16.35777	.052346	.000000
16.37068	.053107	.000000
16.38361	.053375	.000000
16.39656	.052718	.000000
16.40953	.053026	.000000
16.42253	.053753	.000000
16.43554	.054235	.000000
16.44857	.054548	.000000
16.46163	.054456	.000000
16.4747	.054490	.000000
16.4878	.054458	.000000
16.50092	.054769	.000000
16.51406	.054995	.000000
16.52722	.055390	.000000
16.5404	.055302	.000000
16.5536	.055729	.000000
16.56682	.055765	.000000
16.58006	.056045	.000000
16.59332	.056586	.000000
16.60659	.056141	.000000
16.61989	.056098	.000000
16.63322	.056935	.000000
16.64657	.057107	.000000
16.65994	.057190	.000000
16.67333	.057566	.000000
16.68675	.057391	.000000
16.70019	.056731	.000000
16.71364	.056842	.000000
16.72712	.057347	.000000
16.74062	.057105	.000000
16.75414	.057825	.000000
16.76769	.058959	.000000
16.78125	.059146	.000000
16.79485	.059736	.000000
16.80846	.059992	.000000
16.82209	.059990	.000000
16.83574	.061121	.000000
16.84942	.061845	.000000
16.86312	.062290	.000000
16.87684	.063270	.000000
16.89059	.063208	.000000
16.90435	.062678	.000000
16.91814	.063635	.000000
16.93195	.064725	.000000
16.94579	.065000	.000000
16.95964	.064707	.000000
16.97352	.064753	.000000
16.98743	.065219	.000000
17.00135	.065514	.000000
17.0153	.066397	.000000
17.02927	.066867	.000000
17.04326	.066931	.000000
17.05728	.066924	.000000
17.07131	.066034	.000000
17.08535	.065555	.000000
17.09944	.065860	.000000
17.11354	.065596	.000000
17.12768	.066111	.000000
17.14183	.066908	.000000
17.15601	.066750	.000000
17.17021	.066154	.000000
17.18444	.065513	.000000
17.19869	.064985	.000000
17.21296	.064845	.000000
17.22726	.064398	.000000
17.24158	.064110	.000000
17.25592	.063584	.000000
17.27029	.062945	.000000
17.28469	.062355	.000000
17.29911	.061963	.000000
17.31354	.062147	.000000
17.32801	.061444	.000000
17.3425	.061470	.000000
17.35701	.061735	.000000
17.37155	.060686	.000000
17.38611	.060082	.000000
17.4007	.059659	.000000
17.41531	.059429	.000000
17.42994	.059752	.000000
17.4446	.059968	.000000
17.45929	.059371	.000000
17.47399	.058622	.000000
17.48873	.058912	.000000
17.50349	.059334	.000000
17.51828	.058816	.000000
17.53308	.058587	.000000
17.54792	.059081	.000000
17.56278	.058638	.000000
17.57766	.058797	.000000
17.59257	.060315	.000000
17.60751	.061098	.000000
17.62247	.060303	.000000
17.63745	.061117	.000000
17.65246	.061924	.000000
17.6675	.061156	.000000
17.68256	.060789	.000000
17.69762	.060903	.000000
17.71273	.061857	.000000
17.72787	.061513	.000000
17.74304	.060679	.000000
17.75823	.061511	.000000
17.77345	.062567	.000000
17.78869	.063439	.000000
17.80396	.063685	.000000
17.81926	.063761	.000000
17.83458	.063522	.000000
17.84993	.062862	.000000
17.8653	.063287	.000000
17.8807	.063023	.000000
17.89613	.062611	.000000
17.91159	.062848	.000000
17.92707	.062463	.000000
17.94258	.062731	.000000
17.95811	.064091	.000000
17.97367	.064608	.000000
17.98926	.064031	.000000
18.00488	.063229	.000000
18.02053	.063125	.000000
18.0362	.063768	.000000
18.05189	.063340	.000000
18.06762	.063865	.000000
18.08337	.064057	.000000
18.09915	.063669	.000000
18.11496	.063623	.000000
18.1308	.063618	.000000
18.14666	.063162	.000000
18.16255	.063229	.000000
18.17847	.064709	.000000
18.19441	.065020	.000000
18.21039	.064872	.000000
18.22639	.065675	.000000
18.24239	.064562	.000000
18.25845	.063678	.000000
18.27454	.064764	.000000
18.29065	.065283	.000000
18.30679	.065783	.000000
18.32297	.066265	.000000
18.33917	.066397	.000000
18.3554	.065322	.000000
18.37166	.065767	.000000
18.38795	.067008	.000000
18.40426	.067688	.000000
18.42061	.068139	.000000
18.43698	.067928	.000000
18.45338	.068075	.000000
18.46982	.069509	.000000
18.48629	.070171	.000000
18.50278	.070065	.000000
18.51929	.070429	.000000
18.53585	.070381	.000000
18.55242	.070521	.000000
18.56903	.070574	.000000
18.58568	.070383	.000000
18.60235	.070480	.000000
18.61904	.069488	.000000
18.63577	.069594	.000000
18.65253	.072184	.000000
18.66932	.071167	.000000
18.68614	.070429	.000000
18.703	.071789	.000000
18.71988	.072198	.000000
18.73679	.071801	.000000
18.75373	.071716	.000000
18.7707	.070930	.000000
18.7877	.071197	.000000
18.80473	.071612	.000000
18.8218	.070786	.000000
18.8389	.070088	.000000
18.85603	.070436	.000000
18.87318	.071178	.000000
18.89037	.070696	.000000
18.90759	.071202	.000000
18.92484	.072380	.000000
18.9421	.073053	.000000
18.95941	.072550	.000000
18.97676	.071427	.000000
18.99413	.071972	.000000
19.01154	.072022	.000000
19.02898	.071829	.000000
19.04646	.072790	.000000
19.06397	.072799	.000000
19.08151	.072541	.000000
19.09908	.073247	.000000
19.11668	.073581	.000000
19.13432	.072982	.000000
19.15198	.072622	.000000
19.16969	.071843	.000000
19.18742	.071658	.000000
19.20519	.073012	.000000
19.22299	.073062	.000000
19.24082	.073233	.000000
19.25869	.073316	.000000
19.27658	.073505	.000000
19.29452	.073569	.000000
19.31249	.073413	.000000
19.33049	.074035	.000000
19.34852	.075068	.000000
19.36658	.074702	.000000
19.38468	.073510	.000000
19.40282	.073465	.000000
19.42098	.073595	.000000
19.43919	.072843	.000000
19.45742	.073210	.000000
19.4757	.074674	.000000
19.494	.074176	.000000
19.51234	.073842	.000000
19.53071	.075363	.000000
19.54912	.076507	.000000
19.56753	.075478	.000000
19.58601	.073482	.000000
19.60452	.073316	.000000
19.62307	.073820	.000000
19.64165	.074943	.000000
19.66027	.075642	.000000
19.67892	.076391	.000000
19.69762	.077645	.000000
19.71634	.077954	.000000
19.7351	.078132	.000000
19.75389	.077855	.000000
19.77272	.078429	.000000
19.79159	.079184	.000000
19.81049	.079455	.000000
19.82944	.079615	.000000
19.84841	.078337	.000000
19.86743	.077192	.000000
19.88647	.076382	.000000
19.90556	.075464	.000000
19.92468	.073941	.000000
19.94384	.073226	.000000
19.96304	.073290	.000000
19.98227	.072832	.000000
20.00154	.072899	.000000
20.02085	.071683	.000000
20.04019	.071151	.000000
20.05957	.070567	.000000
20.07899	.069401	.000000
20.09846	.067527	.000000
20.11795	.066267	.000000
20.13748	.064225	.000000
20.15705	.062625	.000000
20.17666	.060990	.000000
20.1963	.059093	.000000
20.21599	.058664	.000000
20.23568	.057938	.000000
20.25544	.055906	.000000
20.27524	.055932	.000000
20.29508	.056648	.000000
20.31495	.054654	.000000
20.33487	.053082	.000000
20.35483	.052568	.000000
20.37483	.052787	.000000
20.39486	.054170	.000000
20.41494	.052559	.000000
20.43505	.050257	.000000
20.4552	.048690	.000000
20.47539	.047885	.000000
20.49563	.049490	.000000
20.51591	.051163	.000000
20.53622	.051043	.000000
20.55657	.051973	.000000
20.57696	.053375	.000000
20.5974	.053026	.000000
20.61787	.051646	.000000
20.63839	.050714	.000000
20.65895	.053992	.000000
20.67955	.054659	.000000
20.70019	.054338	.000000
20.72087	.053889	.000000
20.74159	.052929	.000000
20.76235	.052966	.000000
20.78315	.054613	.000000
20.804	.055441	.000000
20.82489	.054972	.000000
20.84582	.054219	.000000
20.86679	.054089	.000000
20.88781	.055846	.000000
20.90886	.058468	.000000
20.92996	.058131	.000000
20.95111	.054470	.000000
20.97229	.052807	.000000
20.99352	.055381	.000000
21.01479	.056955	.000000
21.0361	.056741	.000000
21.05746	.056084	.000000
21.07886	.058279	.000000
21.10027	.058680	.000000
21.12175	.055978	.000000
21.14328	.055770	.000000
21.16486	.055885	.000000
21.18647	.053361	.000000
21.20814	.054221	.000000
21.22985	.057098	.000000
21.25161	.056294	.000000
21.2734	.055014	.000000
21.29524	.054853	.000000
21.31713	.054763	.000000
21.33906	.053538	.000000
21.36104	.053225	.000000
21.38306	.056141	.000000
21.40513	.059122	.000000
21.42724	.058512	.000000
21.4494	.056482	.000000
21.47161	.055795	.000000
21.49386	.057485	.000000
21.51615	.057645	.000000
21.53849	.055715	.000000
21.56089	.057306	.000000
21.58333	.060462	.000000
21.60581	.061857	.000000
21.62834	.061167	.000000
21.65092	.060513	.000000
21.67354	.058039	.000000
21.69621	.056921	.000000
21.71894	.057642	.000000
21.7417	.058267	.000000
21.76452	.059067	.000000
21.78738	.059044	.000000
21.81029	.058654	.000000
21.83324	.058597	.000000
21.85625	.059371	.000000
21.87927	.059039	.000000
21.90237	.058629	.000000
21.92552	.057753	.000000
21.94872	.056909	.000000
21.97197	.056450	.000000
21.99527	.056033	.000000
22.01862	.053856	.000000
22.04203	.052902	.000000
22.06548	.056178	.000000
22.08898	.059221	.000000
22.11253	.056882	.000000
22.13613	.053289	.000000
22.15978	.052612	.000000
22.18347	.054106	.000000
22.20723	.056044	.000000
22.23104	.054262	.000000
22.25489	.052937	.000000
22.27879	.054435	.000000
22.30275	.054175	.000000
22.32675	.052780	.000000
22.35081	.053437	.000000
22.37493	.052222	.000000
22.3991	.051295	.000000
22.42331	.054442	.000000
22.44758	.055305	.000000
22.4719	.052040	.000000
22.49627	.051050	.000000
22.5207	.051668	.000000
22.54518	.052326	.000000
22.56972	.052669	.000000
22.5943	.052535	.000000
22.61894	.050069	.000000
22.64363	.047793	.000000
22.66838	.046667	.000000
22.69318	.047067	.000000
22.71804	.045146	.000000
22.74296	.045079	.000000
22.76792	.046833	.000000
22.79294	.048049	.000000
22.81801	.047643	.000000
22.84314	.047746	.000000
22.86833	.052099	.000000
22.89353	.055623	.000000
22.91882	.055802	.000000
22.94418	.053771	.000000
22.96958	.049916	.000000
22.99505	.046453	.000000
23.02057	.046068	.000000
23.04615	.049969	.000000
23.07179	.054520	.000000
23.09748	.057320	.000000
23.12323	.056600	.000000
23.14904	.057059	.000000
23.17491	.061234	.000000
23.20083	.061686	.000000
23.22681	.060967	.000000
23.25286	.063180	.000000
23.27895	.061866	.000000
23.30511	.056478	.000000
23.33132	.055378	.000000
23.3576	.061183	.000000
23.38393	.064695	.000000
23.41032	.063295	.000000
23.43679	.062348	.000000
23.4633	.065417	.000000
23.48987	.065732	.000000
23.5165	.063510	.000000
23.54319	.066648	.000000
23.56995	.068840	.000000
23.59676	.064340	.000000
23.62365	.061112	.000000
23.65058	.065841	.000000
23.67758	.068940	.000000
23.70464	.069240	.000000
23.73176	.065341	.000000
23.75895	.059289	.000000
23.78619	.054788	.000000
23.81345	.059425	.000000
23.84082	.066441	.000000
23.86826	.071820	.000000
23.89576	.073699	.000000
23.92332	.068458	.000000
23.95094	.070505	.000000
23.97863	.073058	.000000
24.00639	.067137	.000000
24.03421	.063021	.000000
24.06209	.059318	.000000
24.09004	.054407	.000000
24.11805	.058059	.000000
24.14613	.063651	.000000
24.17427	.066503	.000000
24.20249	.059870	.000000
24.23076	.055526	.000000
24.2591	.062569	.000000
24.28751	.064321	.000000
24.31598	.059671	.000000
24.34452	.064057	.000000
24.37312	.067284	.000000
24.40181	.064529	.000000
24.43055	.062548	.000000
24.45936	.055569	.000000
24.48824	.057760	.000000
24.51718	.067485	.000000
24.5462	.069968	.000000
24.57528	.070189	.000000
24.60444	.071444	.000000
24.63366	.071206	.000000
24.66295	.069816	.000000
24.69231	.062265	.000000
24.72174	.059726	.000000
24.75124	.062480	.000000
24.78081	.063858	.000000
24.81047	.063487	.000000
24.84018	.067515	.000000
24.86996	.065696	.000000
24.89982	.058092	.000000
24.92975	.065624	.000000
24.95975	.069157	.000000
24.98982	.062323	.000000
