Brown University Keck/NASA Relab Spectrum KW-JFM-003-A/BKR0KW003A
Wavelength(micron)	Reflectance	Standard Deviation
0.3	.291896	.004376
0.305	.338524	.003631
0.31	.400369	.005350
0.315	.467614	.003632
0.32	.526442	.005755
0.325	.581557	.004055
0.33	.619840	.007728
0.335	.652968	.004349
0.34	.674718	.004736
0.345	.693271	.004297
0.35	.707848	.004646
0.355	.718646	.005210
0.36	.728235	.006697
0.365	.739025	.005443
0.37	.742163	.009614
0.375	.752973	.004558
0.38	.754792	.006033
0.385	.757205	.004701
0.39	.757673	.004921
0.395	.763294	.005713
0.4	.773522	.006784
0.405	.783832	.005545
0.41	.786662	.007266
0.415	.793490	.005158
0.42	.794454	.006707
0.425	.797560	.004918
0.43	.799441	.005539
0.435	.806692	.005224
0.44	.808265	.005853
0.445	.813474	.005249
0.45	.814258	.006163
0.455	.818059	.005080
0.46	.819716	.006545
0.465	.824853	.005246
0.47	.826903	.005632
0.475	.831771	.005175
0.48	.833475	.005787
0.485	.837225	.005123
0.49	.838694	.006068
0.495	.841666	.004984
0.5	.844380	.005759
0.505	.846873	.005010
0.51	.848958	.005523
0.515	.850858	.004749
0.52	.852204	.005026
0.525	.854827	.004989
0.53	.855010	.004967
0.535	.859557	.004883
0.54	.861313	.005240
0.545	.862765	.005073
0.55	.864621	.004889
0.555	.866408	.005082
0.56	.867898	.005064
0.565	.870330	.004996
0.57	.872138	.005107
0.575	.874681	.005062
0.58	.876738	.005134
0.585	.878458	.005152
0.59	.880403	.005212
0.595	.882237	.005348
0.6	.884468	.005256
0.605	.885311	.005034
0.61	.887583	.005078
0.615	.888476	.005071
0.62	.890013	.005178
0.625	.890891	.004864
0.63	.892510	.004997
0.635	.893440	.004973
0.64	.894571	.005043
0.645	.895053	.004975
0.65	.896733	.005267
0.655	.896769	.005080
0.66	.898922	.005411
0.665	.898843	.005204
0.67	.901003	.005808
0.675	.900822	.005201
0.68	.901768	.004918
0.685	.902568	.005159
0.69	.903459	.005115
0.695	.904388	.005128
0.7	.905457	.005153
0.705	.905434	.005145
0.71	.906890	.005131
0.715	.907343	.005235
0.72	.908390	.005307
0.725	.907805	.005354
0.73	.909249	.005135
0.735	.908335	.005418
0.74	.909709	.005527
0.745	.910443	.005140
0.75	.911755	.005225
0.755	.911503	.005291
0.76	.908423	.004942
0.765	.912595	.004769
0.77	.913324	.005358
0.775	.912501	.005127
0.78	.914123	.005061
0.785	.913174	.005040
0.79	.915488	.005165
0.795	.914144	.004909
0.8	.915838	.005677
0.805	.915010	.005016
0.81	.916542	.005884
0.815	.915155	.005123
0.82	.917095	.005452
0.825	.915780	.005352
0.83	.916965	.005799
0.835	.916587	.005471
0.84	.914300	.004950
0.845	.918801	.005138
0.85	.917523	.004957
0.855	.917478	.004842
0.86	.917341	.005173
0.865	.917931	.005123
0.87	.918104	.004965
0.875	.917292	.004635
0.88	.918789	.005669
0.885	.917703	.005179
0.89	.915493	.005310
0.895	.916726	.004698
0.89909	.916483	.000000
0.89924	.916630	.000000
0.8994	.916620	.000000
0.89956	.917157	.000000
0.89971	.916842	.000000
0.89987	.915736	.000000
0.90002	.915933	.000000
0.90018	.916357	.000000
0.90034	.916325	.000000
0.90049	.916233	.000000
0.90065	.915455	.000000
0.90081	.915220	.000000
0.90096	.915386	.000000
0.90112	.915634	.000000
0.90128	.915875	.000000
0.90143	.915081	.000000
0.90159	.914840	.000000
0.90175	.915570	.000000
0.9019	.916135	.000000
0.90206	.916274	.000000
0.90222	.916312	.000000
0.90237	.915570	.000000
0.90253	.914494	.000000
0.90269	.914627	.000000
0.90284	.915058	.000000
0.903	.914906	.000000
0.90316	.915373	.000000
0.90332	.915783	.000000
0.90347	.916107	.000000
0.90363	.915871	.000000
0.90379	.915777	.000000
0.90395	.915324	.000000
0.9041	.914384	.000000
0.90426	.914413	.000000
0.90442	.914970	.000000
0.90458	.914819	.000000
0.90474	.914571	.000000
0.90489	.914475	.000000
0.90505	.914544	.000000
0.90521	.914704	.000000
0.90537	.914279	.000000
0.90553	.914149	.000000
0.90568	.914398	.000000
0.90584	.914471	.000000
0.906	.914595	.000000
0.90616	.915105	.000000
0.90632	.915561	.000000
0.90648	.916172	.000000
0.90663	.916993	.000000
0.90679	.916778	.000000
0.90695	.915252	.000000
0.90711	.914245	.000000
0.90727	.914799	.000000
0.90743	.915171	.000000
0.90759	.915278	.000000
0.90774	.915365	.000000
0.9079	.915228	.000000
0.90806	.914407	.000000
0.90822	.914087	.000000
0.90838	.914672	.000000
0.90854	.914789	.000000
0.9087	.915051	.000000
0.90886	.914975	.000000
0.90902	.914177	.000000
0.90918	.914814	.000000
0.90934	.915928	.000000
0.9095	.915892	.000000
0.90966	.915512	.000000
0.90982	.914898	.000000
0.90998	.913914	.000000
0.91013	.913696	.000000
0.91029	.914456	.000000
0.91045	.914582	.000000
0.91061	.913965	.000000
0.91077	.913276	.000000
0.91093	.913334	.000000
0.91109	.913635	.000000
0.91125	.913586	.000000
0.91141	.913590	.000000
0.91158	.913978	.000000
0.91174	.913931	.000000
0.9119	.914561	.000000
0.91206	.915506	.000000
0.91222	.915755	.000000
0.91238	.914684	.000000
0.91254	.913972	.000000
0.9127	.914159	.000000
0.91286	.913709	.000000
0.91302	.913466	.000000
0.91318	.914539	.000000
0.91334	.914853	.000000
0.9135	.913974	.000000
0.91366	.913729	.000000
0.91382	.914196	.000000
0.91399	.914565	.000000
0.91415	.913976	.000000
0.91431	.913483	.000000
0.91447	.913684	.000000
0.91463	.913562	.000000
0.91479	.913605	.000000
0.91495	.913246	.000000
0.91511	.913876	.000000
0.91528	.913472	.000000
0.91544	.913171	.000000
0.9156	.913797	.000000
0.91576	.914023	.000000
0.91592	.914215	.000000
0.91608	.913978	.000000
0.91625	.912980	.000000
0.91641	.912875	.000000
0.91657	.913329	.000000
0.91673	.913573	.000000
0.91689	.913274	.000000
0.91706	.913255	.000000
0.91722	.912933	.000000
0.91738	.912642	.000000
0.91754	.913225	.000000
0.91771	.913718	.000000
0.91787	.913091	.000000
0.91803	.912745	.000000
0.91819	.912564	.000000
0.91836	.912924	.000000
0.91852	.913436	.000000
0.91868	.913240	.000000
0.91884	.913306	.000000
0.91901	.913133	.000000
0.91917	.912429	.000000
0.91933	.912619	.000000
0.9195	.912832	.000000
0.91966	.912324	.000000
0.91982	.912591	.000000
0.91999	.912702	.000000
0.92015	.912453	.000000
0.92031	.912209	.000000
0.92048	.912563	.000000
0.92064	.913202	.000000
0.9208	.913033	.000000
0.92097	.912508	.000000
0.92113	.912606	.000000
0.92129	.912723	.000000
0.92146	.912478	.000000
0.92162	.912800	.000000
0.92179	.913415	.000000
0.92195	.913248	.000000
0.92211	.912948	.000000
0.92228	.912239	.000000
0.92244	.912438	.000000
0.92261	.912600	.000000
0.92277	.912506	.000000
0.92293	.913005	.000000
0.9231	.912811	.000000
0.92326	.912532	.000000
0.92343	.912372	.000000
0.92359	.912723	.000000
0.92376	.912890	.000000
0.92392	.912542	.000000
0.92409	.912130	.000000
0.92425	.912197	.000000
0.92441	.912634	.000000
0.92458	.912847	.000000
0.92474	.912734	.000000
0.92491	.912126	.000000
0.92507	.911663	.000000
0.92524	.911546	.000000
0.9254	.911949	.000000
0.92557	.912222	.000000
0.92574	.912580	.000000
0.9259	.912619	.000000
0.92607	.911761	.000000
0.92623	.911567	.000000
0.9264	.912165	.000000
0.92656	.912058	.000000
0.92673	.911541	.000000
0.92689	.912002	.000000
0.92706	.912508	.000000
0.92723	.912640	.000000
0.92739	.912820	.000000
0.92756	.912516	.000000
0.92772	.911810	.000000
0.92789	.911798	.000000
0.92805	.911548	.000000
0.92822	.911827	.000000
0.92839	.911949	.000000
0.92855	.911610	.000000
0.92872	.912026	.000000
0.92889	.912726	.000000
0.92905	.912542	.000000
0.92922	.912508	.000000
0.92939	.912079	.000000
0.92955	.911599	.000000
0.92972	.912083	.000000
0.92989	.911716	.000000
0.93005	.911633	.000000
0.93022	.912632	.000000
0.93039	.912794	.000000
0.93055	.912403	.000000
0.93072	.912277	.000000
0.93089	.911981	.000000
0.93105	.912053	.000000
0.93122	.912506	.000000
0.93139	.912019	.000000
0.93156	.911287	.000000
0.93172	.911053	.000000
0.93189	.911377	.000000
0.93206	.911213	.000000
0.93223	.910927	.000000
0.93239	.911655	.000000
0.93256	.911652	.000000
0.93273	.911311	.000000
0.9329	.911369	.000000
0.93307	.911394	.000000
0.93323	.911373	.000000
0.9334	.911580	.000000
0.93357	.911838	.000000
0.93374	.911782	.000000
0.93391	.912141	.000000
0.93407	.911936	.000000
0.93424	.911736	.000000
0.93441	.911759	.000000
0.93458	.910938	.000000
0.93475	.910848	.000000
0.93492	.911098	.000000
0.93508	.910820	.000000
0.93525	.910974	.000000
0.93542	.910980	.000000
0.93559	.911145	.000000
0.93576	.911524	.000000
0.93593	.911396	.000000
0.9361	.911206	.000000
0.93627	.910754	.000000
0.93644	.910765	.000000
0.93661	.911108	.000000
0.93677	.911132	.000000
0.93694	.911215	.000000
0.93711	.911746	.000000
0.93728	.911270	.000000
0.93745	.910485	.000000
0.93762	.910987	.000000
0.93779	.911226	.000000
0.93796	.910904	.000000
0.93813	.910940	.000000
0.9383	.910910	.000000
0.93847	.911215	.000000
0.93864	.911226	.000000
0.93881	.911181	.000000
0.93898	.911384	.000000
0.93915	.911255	.000000
0.93932	.910788	.000000
0.93949	.910404	.000000
0.93966	.910180	.000000
0.93983	.910771	.000000
0.94	.911136	.000000
0.94017	.911196	.000000
0.94034	.910521	.000000
0.94051	.910088	.000000
0.94068	.911093	.000000
0.94085	.911334	.000000
0.94102	.910906	.000000
0.9412	.910784	.000000
0.94137	.910479	.000000
0.94154	.910468	.000000
0.94171	.910421	.000000
0.94188	.910808	.000000
0.94205	.910714	.000000
0.94222	.910487	.000000
0.94239	.910935	.000000
0.94256	.911174	.000000
0.94274	.910630	.000000
0.94291	.910202	.000000
0.94308	.910436	.000000
0.94325	.910423	.000000
0.94342	.910534	.000000
0.94359	.910839	.000000
0.94377	.910315	.000000
0.94394	.909963	.000000
0.94411	.909741	.000000
0.94428	.909736	.000000
0.94445	.910302	.000000
0.94463	.910963	.000000
0.9448	.910807	.000000
0.94497	.910584	.000000
0.94514	.910703	.000000
0.94531	.910722	.000000
0.94549	.910285	.000000
0.94566	.910027	.000000
0.94583	.910451	.000000
0.946	.910662	.000000
0.94618	.910970	.000000
0.94635	.911271	.000000
0.94652	.910605	.000000
0.94669	.910106	.000000
0.94687	.909905	.000000
0.94704	.909534	.000000
0.94721	.909547	.000000
0.94739	.910172	.000000
0.94756	.910402	.000000
0.94773	.909965	.000000
0.94791	.910159	.000000
0.94808	.910169	.000000
0.94825	.910007	.000000
0.94843	.910543	.000000
0.9486	.911096	.000000
0.94877	.910718	.000000
0.94895	.910012	.000000
0.94912	.909826	.000000
0.94929	.910298	.000000
0.94947	.910633	.000000
0.94964	.910528	.000000
0.94982	.909898	.000000
0.94999	.909683	.000000
0.95016	.909950	.000000
0.95034	.910451	.000000
0.95051	.910031	.000000
0.95069	.909930	.000000
0.95086	.909992	.000000
0.95104	.909745	.000000
0.95121	.910022	.000000
0.95139	.909871	.000000
0.95156	.909660	.000000
0.95173	.910076	.000000
0.95191	.909534	.000000
0.95208	.909559	.000000
0.95226	.909566	.000000
0.95243	.909493	.000000
0.95261	.910067	.000000
0.95278	.909939	.000000
0.95296	.909549	.000000
0.95313	.909971	.000000
0.95331	.910187	.000000
0.95348	.909930	.000000
0.95366	.909581	.000000
0.95384	.909628	.000000
0.95401	.909884	.000000
0.95419	.909679	.000000
0.95436	.909307	.000000
0.95454	.909126	.000000
0.95471	.909308	.000000
0.95489	.909563	.000000
0.95507	.909549	.000000
0.95524	.909416	.000000
0.95542	.909403	.000000
0.95559	.909453	.000000
0.95577	.910056	.000000
0.95595	.910167	.000000
0.95612	.909837	.000000
0.9563	.909572	.000000
0.95647	.909357	.000000
0.95665	.909323	.000000
0.95683	.908996	.000000
0.957	.909122	.000000
0.95718	.909194	.000000
0.95736	.909218	.000000
0.95753	.909579	.000000
0.95771	.909899	.000000
0.95789	.909945	.000000
0.95807	.909805	.000000
0.95824	.909668	.000000
0.95842	.909722	.000000
0.9586	.910003	.000000
0.95877	.910112	.000000
0.95895	.909770	.000000
0.95913	.909950	.000000
0.95931	.909745	.000000
0.95948	.909083	.000000
0.95966	.908955	.000000
0.95984	.909128	.000000
0.96002	.909212	.000000
0.96019	.909284	.000000
0.96037	.909284	.000000
0.96055	.909404	.000000
0.96073	.909282	.000000
0.96091	.909307	.000000
0.96108	.909378	.000000
0.96126	.909116	.000000
0.96144	.909301	.000000
0.96162	.909850	.000000
0.9618	.909555	.000000
0.96198	.908904	.000000
0.96215	.909120	.000000
0.96233	.909465	.000000
0.96251	.909446	.000000
0.96269	.909372	.000000
0.96287	.909510	.000000
0.96305	.909574	.000000
0.96323	.909325	.000000
0.96341	.909572	.000000
0.96359	.909374	.000000
0.96376	.909022	.000000
0.96394	.908872	.000000
0.96412	.909002	.000000
0.9643	.908828	.000000
0.96448	.908879	.000000
0.96466	.909037	.000000
0.96484	.909647	.000000
0.96502	.909980	.000000
0.9652	.909803	.000000
0.96538	.909672	.000000
0.96556	.909785	.000000
0.96574	.909369	.000000
0.96592	.909141	.000000
0.9661	.909122	.000000
0.96628	.909418	.000000
0.96646	.909559	.000000
0.96664	.909224	.000000
0.96682	.909440	.000000
0.967	.909512	.000000
0.96718	.909152	.000000
0.96736	.909071	.000000
0.96754	.909261	.000000
0.96772	.909192	.000000
0.9679	.909318	.000000
0.96808	.909101	.000000
0.96826	.908565	.000000
0.96844	.908667	.000000
0.96863	.908509	.000000
0.96881	.908469	.000000
0.96899	.908889	.000000
0.96917	.909175	.000000
0.96935	.909124	.000000
0.96953	.909019	.000000
0.96971	.909203	.000000
0.96989	.909229	.000000
0.97008	.908740	.000000
0.97026	.908525	.000000
0.97044	.908874	.000000
0.97062	.909032	.000000
0.9708	.908446	.000000
0.97098	.908326	.000000
0.97117	.908981	.000000
0.97135	.908964	.000000
0.97153	.908441	.000000
0.97171	.908305	.000000
0.97189	.908734	.000000
0.97208	.909184	.000000
0.97226	.909147	.000000
0.97244	.908714	.000000
0.97262	.908819	.000000
0.97281	.909060	.000000
0.97299	.908845	.000000
0.97317	.908729	.000000
0.97335	.908669	.000000
0.97354	.908529	.000000
0.97372	.908962	.000000
0.9739	.909209	.000000
0.97409	.909205	.000000
0.97427	.909120	.000000
0.97445	.908650	.000000
0.97463	.908364	.000000
0.97482	.908674	.000000
0.975	.908815	.000000
0.97518	.908860	.000000
0.97537	.908727	.000000
0.97555	.908687	.000000
0.97573	.908815	.000000
0.97592	.908727	.000000
0.9761	.908505	.000000
0.97629	.908298	.000000
0.97647	.908142	.000000
0.97665	.908260	.000000
0.97684	.908465	.000000
0.97702	.908599	.000000
0.97721	.908781	.000000
0.97739	.908836	.000000
0.97757	.908158	.000000
0.97776	.908162	.000000
0.97794	.908702	.000000
0.97813	.908797	.000000
0.97831	.908665	.000000
0.9785	.908454	.000000
0.97868	.908256	.000000
0.97887	.908379	.000000
0.97905	.908422	.000000
0.97924	.908253	.000000
0.97942	.908262	.000000
0.97961	.908507	.000000
0.97979	.908704	.000000
0.97998	.908970	.000000
0.98016	.908561	.000000
0.98035	.907855	.000000
0.98053	.908209	.000000
0.98072	.908670	.000000
0.9809	.908266	.000000
0.98109	.908192	.000000
0.98127	.908637	.000000
0.98146	.908821	.000000
0.98165	.908672	.000000
0.98183	.908160	.000000
0.98202	.908125	.000000
0.9822	.908126	.000000
0.98239	.908000	.000000
0.98258	.908292	.000000
0.98276	.908704	.000000
0.98295	.909060	.000000
0.98314	.908962	.000000
0.98332	.908443	.000000
0.98351	.908258	.000000
0.9837	.908145	.000000
0.98388	.908027	.000000
0.98407	.908194	.000000
0.98426	.908104	.000000
0.98444	.907923	.000000
0.98463	.908049	.000000
0.98482	.907923	.000000
0.985	.907727	.000000
0.98519	.907863	.000000
0.98538	.908230	.000000
0.98557	.907810	.000000
0.98575	.907500	.000000
0.98594	.907727	.000000
0.98613	.908036	.000000
0.98632	.908085	.000000
0.9865	.907982	.000000
0.98669	.907950	.000000
0.98688	.908134	.000000
0.98707	.908358	.000000
0.98725	.907933	.000000
0.98744	.907515	.000000
0.98763	.907812	.000000
0.98782	.907927	.000000
0.98801	.907596	.000000
0.98819	.907362	.000000
0.98838	.907464	.000000
0.98857	.907690	.000000
0.98876	.907767	.000000
0.98895	.907699	.000000
0.98914	.907940	.000000
0.98933	.908036	.000000
0.98952	.908094	.000000
0.9897	.908074	.000000
0.98989	.908059	.000000
0.99008	.908230	.000000
0.99027	.908234	.000000
0.99046	.908243	.000000
0.99065	.907801	.000000
0.99084	.907643	.000000
0.99103	.907818	.000000
0.99122	.907543	.000000
0.99141	.907771	.000000
0.9916	.908446	.000000
0.99179	.908514	.000000
0.99198	.907921	.000000
0.99217	.907782	.000000
0.99236	.907820	.000000
0.99255	.907669	.000000
0.99274	.907633	.000000
0.99293	.907594	.000000
0.99312	.907440	.000000
0.99331	.907598	.000000
0.9935	.907846	.000000
0.99369	.908040	.000000
0.99388	.907835	.000000
0.99407	.907626	.000000
0.99426	.907867	.000000
0.99445	.907891	.000000
0.99464	.907680	.000000
0.99483	.907899	.000000
0.99502	.908143	.000000
0.99521	.908074	.000000
0.9954	.907857	.000000
0.9956	.907423	.000000
0.99579	.907477	.000000
0.99598	.908059	.000000
0.99617	.907756	.000000
0.99636	.907494	.000000
0.99655	.907428	.000000
0.99674	.907383	.000000
0.99694	.907726	.000000
0.99713	.907795	.000000
0.99732	.907807	.000000
0.99751	.907752	.000000
0.9977	.907276	.000000
0.99789	.907170	.000000
0.99809	.907296	.000000
0.99828	.907611	.000000
0.99847	.907773	.000000
0.99866	.907686	.000000
0.99886	.907754	.000000
0.99905	.907727	.000000
0.99924	.907344	.000000
0.99943	.907033	.000000
0.99963	.907206	.000000
0.99982	.907432	.000000
1.00001	.907880	.000000
1.0002	.907829	.000000
1.0004	.907985	.000000
1.00059	.907793	.000000
1.00078	.907567	.000000
1.00098	.907663	.000000
1.00117	.907383	.000000
1.00136	.907217	.000000
1.00156	.907605	.000000
1.00175	.907624	.000000
1.00194	.907342	.000000
1.00214	.907396	.000000
1.00233	.907259	.000000
1.00253	.907027	.000000
1.00272	.906943	.000000
1.00291	.907093	.000000
1.00311	.907266	.000000
1.0033	.907408	.000000
1.0035	.907460	.000000
1.00369	.907426	.000000
1.00388	.907419	.000000
1.00408	.907214	.000000
1.00427	.907046	.000000
1.00447	.906999	.000000
1.00466	.906807	.000000
1.00486	.906737	.000000
1.00505	.906881	.000000
1.00525	.907248	.000000
1.00544	.907157	.000000
1.00564	.906719	.000000
1.00583	.906988	.000000
1.00603	.907170	.000000
1.00622	.906711	.000000
1.00642	.906754	.000000
1.00661	.907059	.000000
1.00681	.907067	.000000
1.007	.907140	.000000
1.0072	.906984	.000000
1.0074	.906952	.000000
1.00759	.906939	.000000
1.00779	.907027	.000000
1.00798	.907110	.000000
1.00818	.906948	.000000
1.00837	.906790	.000000
1.00857	.906865	.000000
1.00877	.907067	.000000
1.00896	.906867	.000000
1.00916	.906594	.000000
1.00936	.906800	.000000
1.00955	.907251	.000000
1.00975	.907131	.000000
1.00995	.906783	.000000
1.01014	.906675	.000000
1.01034	.906495	.000000
1.01054	.906406	.000000
1.01073	.906606	.000000
1.01093	.906916	.000000
1.01113	.907012	.000000
1.01133	.906969	.000000
1.01152	.906798	.000000
1.01172	.906822	.000000
1.01192	.906856	.000000
1.01211	.906813	.000000
1.01231	.906525	.000000
1.01251	.906634	.000000
1.01271	.906745	.000000
1.01291	.906705	.000000
1.0131	.906617	.000000
1.0133	.906570	.000000
1.0135	.906745	.000000
1.0137	.906781	.000000
1.0139	.906854	.000000
1.01409	.907065	.000000
1.01429	.906785	.000000
1.01449	.906431	.000000
1.01469	.906130	.000000
1.01489	.906512	.000000
1.01509	.906707	.000000
1.01529	.906702	.000000
1.01548	.906594	.000000
1.01568	.906455	.000000
1.01588	.906655	.000000
1.01608	.906995	.000000
1.01628	.906984	.000000
1.01648	.906982	.000000
1.01668	.907016	.000000
1.01688	.906711	.000000
1.01708	.906391	.000000
1.01728	.906587	.000000
1.01748	.906828	.000000
1.01768	.906489	.000000
1.01788	.906269	.000000
1.01808	.906399	.000000
1.01828	.906273	.000000
1.01848	.906325	.000000
1.01868	.906463	.000000
1.01888	.906568	.000000
1.01908	.906615	.000000
1.01928	.906619	.000000
1.01948	.906514	.000000
1.01968	.906474	.000000
1.01988	.906546	.000000
1.02008	.906259	.000000
1.02028	.905968	.000000
1.02048	.905951	.000000
1.02068	.906020	.000000
1.02088	.906088	.000000
1.02108	.906314	.000000
1.02129	.906297	.000000
1.02149	.906064	.000000
1.02169	.906299	.000000
1.02189	.906502	.000000
1.02209	.906568	.000000
1.02229	.906515	.000000
1.02249	.906235	.000000
1.0227	.906126	.000000
1.0229	.906489	.000000
1.0231	.906483	.000000
1.0233	.906263	.000000
1.0235	.906370	.000000
1.02371	.906544	.000000
1.02391	.906263	.000000
1.02411	.906086	.000000
1.02431	.906222	.000000
1.02451	.906222	.000000
1.02472	.906007	.000000
1.02492	.905657	.000000
1.02512	.905497	.000000
1.02532	.905800	.000000
1.02553	.906299	.000000
1.02573	.906359	.000000
1.02593	.906242	.000000
1.02614	.906133	.000000
1.02634	.906242	.000000
1.02654	.906352	.000000
1.02675	.906359	.000000
1.02695	.906323	.000000
1.02715	.906288	.000000
1.02736	.906028	.000000
1.02756	.905817	.000000
1.02776	.905988	.000000
1.02797	.906276	.000000
1.02817	.906320	.000000
1.02838	.906141	.000000
1.02858	.905898	.000000
1.02878	.905919	.000000
1.02899	.906003	.000000
1.02919	.905960	.000000
1.0294	.905842	.000000
1.0296	.905672	.000000
1.02981	.905748	.000000
1.03001	.906051	.000000
1.03021	.906248	.000000
1.03042	.906045	.000000
1.03062	.906173	.000000
1.03083	.906372	.000000
1.03103	.906237	.000000
1.03124	.906086	.000000
1.03144	.905928	.000000
1.03165	.905849	.000000
1.03185	.905648	.000000
1.03206	.905693	.000000
1.03227	.905569	.000000
1.03247	.905347	.000000
1.03268	.905396	.000000
1.03288	.905382	.000000
1.03309	.905405	.000000
1.03329	.905576	.000000
1.0335	.905936	.000000
1.03371	.905930	.000000
1.03391	.905687	.000000
1.03412	.905702	.000000
1.03432	.905661	.000000
1.03453	.905725	.000000
1.03474	.905781	.000000
1.03494	.905811	.000000
1.03515	.905855	.000000
1.03536	.905932	.000000
1.03556	.905860	.000000
1.03577	.905830	.000000
1.03598	.905589	.000000
1.03619	.905458	.000000
1.03639	.905652	.000000
1.0366	.905693	.000000
1.03681	.905522	.000000
1.03701	.905401	.000000
1.03722	.905367	.000000
1.03743	.905699	.000000
1.03764	.905721	.000000
1.03784	.905719	.000000
1.03805	.905557	.000000
1.03826	.905305	.000000
1.03847	.905678	.000000
1.03868	.905810	.000000
1.03888	.905514	.000000
1.03909	.905309	.000000
1.0393	.905251	.000000
1.03951	.905356	.000000
1.03972	.905488	.000000
1.03993	.905516	.000000
1.04013	.905604	.000000
1.04034	.905614	.000000
1.04055	.905424	.000000
1.04076	.905335	.000000
1.04097	.905412	.000000
1.04118	.905571	.000000
1.04139	.905763	.000000
1.0416	.905789	.000000
1.04181	.905774	.000000
1.04202	.905539	.000000
1.04223	.905347	.000000
1.04244	.905254	.000000
1.04264	.905025	.000000
1.04285	.905121	.000000
1.04306	.905529	.000000
1.04327	.905458	.000000
1.04348	.905006	.000000
1.04369	.905051	.000000
1.0439	.905222	.000000
1.04411	.905322	.000000
1.04432	.905512	.000000
1.04454	.905608	.000000
1.04475	.905328	.000000
1.04496	.905136	.000000
1.04517	.905281	.000000
1.04538	.905640	.000000
1.04559	.905827	.000000
1.0458	.905618	.000000
1.04601	.905343	.000000
1.04622	.905254	.000000
1.04643	.905317	.000000
1.04664	.905328	.000000
1.04686	.905264	.000000
1.04707	.905012	.000000
1.04728	.904844	.000000
1.04749	.904872	.000000
1.0477	.905027	.000000
1.04791	.905217	.000000
1.04812	.905322	.000000
1.04834	.905181	.000000
1.04855	.905106	.000000
1.04876	.905017	.000000
1.04897	.904997	.000000
1.04919	.905241	.000000
1.0494	.905273	.000000
1.04961	.905253	.000000
1.04982	.905151	.000000
1.05004	.905236	.000000
1.05025	.905309	.000000
1.05046	.905190	.000000
1.05067	.905164	.000000
1.05089	.905100	.000000
1.0511	.904997	.000000
1.05131	.904808	.000000
1.05153	.904765	.000000
1.05174	.905064	.000000
1.05195	.905245	.000000
1.05217	.905168	.000000
1.05238	.904987	.000000
1.05259	.905113	.000000
1.05281	.905173	.000000
1.05302	.905061	.000000
1.05323	.904985	.000000
1.05345	.905038	.000000
1.05366	.905062	.000000
1.05388	.905047	.000000
1.05409	.904970	.000000
1.05431	.904957	.000000
1.05452	.904904	.000000
1.05473	.904838	.000000
1.05495	.905219	.000000
1.05516	.905196	.000000
1.05538	.904931	.000000
1.05559	.905061	.000000
1.05581	.905245	.000000
1.05602	.905205	.000000
1.05624	.905093	.000000
1.05645	.904978	.000000
1.05667	.904637	.000000
1.05688	.904471	.000000
1.0571	.904671	.000000
1.05732	.904773	.000000
1.05753	.904509	.000000
1.05775	.904338	.000000
1.05796	.904466	.000000
1.05818	.904684	.000000
1.05839	.904878	.000000
1.05861	.904750	.000000
1.05883	.904816	.000000
1.05904	.904780	.000000
1.05926	.904823	.000000
1.05948	.904682	.000000
1.05969	.904601	.000000
1.05991	.904712	.000000
1.06013	.904758	.000000
1.06034	.904754	.000000
1.06056	.904581	.000000
1.06078	.904483	.000000
1.06099	.904594	.000000
1.06121	.904707	.000000
1.06143	.904727	.000000
1.06165	.904799	.000000
1.06186	.904835	.000000
1.06208	.904590	.000000
1.0623	.904522	.000000
1.06252	.904586	.000000
1.06273	.904654	.000000
1.06295	.904682	.000000
1.06317	.905021	.000000
1.06339	.905079	.000000
1.06361	.904710	.000000
1.06382	.904215	.000000
1.06404	.904138	.000000
1.06426	.904411	.000000
1.06448	.904524	.000000
1.0647	.904430	.000000
1.06492	.904485	.000000
1.06514	.904381	.000000
1.06535	.904257	.000000
1.06557	.904287	.000000
1.06579	.904494	.000000
1.06601	.904720	.000000
1.06623	.904703	.000000
1.06645	.904759	.000000
1.06667	.904603	.000000
1.06689	.904170	.000000
1.06711	.903956	.000000
1.06733	.904242	.000000
1.06755	.904402	.000000
1.06777	.904266	.000000
1.06799	.904208	.000000
1.06821	.904306	.000000
1.06843	.904285	.000000
1.06865	.904180	.000000
1.06887	.904127	.000000
1.06909	.904178	.000000
1.06931	.904296	.000000
1.06953	.904187	.000000
1.06975	.903973	.000000
1.06997	.904129	.000000
1.07019	.904157	.000000
1.07041	.904125	.000000
1.07063	.904319	.000000
1.07085	.904439	.000000
1.07108	.904357	.000000
1.0713	.904541	.000000
1.07152	.904468	.000000
1.07174	.904247	.000000
1.07196	.904283	.000000
1.07218	.904168	.000000
1.07241	.904119	.000000
1.07263	.903992	.000000
1.07285	.903816	.000000
1.07307	.904031	.000000
1.07329	.904127	.000000
1.07352	.904074	.000000
1.07374	.904272	.000000
1.07396	.904430	.000000
1.07418	.904347	.000000
1.07441	.904279	.000000
1.07463	.904210	.000000
1.07485	.904246	.000000
1.07507	.904336	.000000
1.0753	.904323	.000000
1.07552	.904289	.000000
1.07574	.904283	.000000
1.07597	.904210	.000000
1.07619	.904157	.000000
1.07641	.903901	.000000
1.07664	.903792	.000000
1.07686	.904059	.000000
1.07708	.904274	.000000
1.07731	.904296	.000000
1.07753	.904151	.000000
1.07776	.903969	.000000
1.07798	.904037	.000000
1.0782	.904151	.000000
1.07843	.904310	.000000
1.07865	.904253	.000000
1.07888	.904023	.000000
1.0791	.904069	.000000
1.07933	.904259	.000000
1.07955	.904212	.000000
1.07978	.904148	.000000
1.08	.904069	.000000
1.08023	.904131	.000000
1.08045	.904014	.000000
1.08068	.903905	.000000
1.0809	.903918	.000000
1.08113	.903958	.000000
1.08135	.904082	.000000
1.08158	.904225	.000000
1.0818	.904199	.000000
1.08203	.904084	.000000
1.08225	.904123	.000000
1.08248	.904206	.000000
1.08271	.904044	.000000
1.08293	.903888	.000000
1.08316	.903845	.000000
1.08339	.903745	.000000
1.08361	.903801	.000000
1.08384	.903922	.000000
1.08406	.903707	.000000
1.08429	.903751	.000000
1.08452	.903865	.000000
1.08475	.903807	.000000
1.08497	.903860	.000000
1.0852	.903912	.000000
1.08543	.903730	.000000
1.08565	.903711	.000000
1.08588	.903816	.000000
1.08611	.903884	.000000
1.08634	.903879	.000000
1.08656	.903670	.000000
1.08679	.903647	.000000
1.08702	.903833	.000000
1.08725	.903880	.000000
1.08748	.903875	.000000
1.0877	.903826	.000000
1.08793	.903734	.000000
1.08816	.903632	.000000
1.08839	.903602	.000000
1.08862	.903677	.000000
1.08885	.903668	.000000
1.08907	.903666	.000000
1.0893	.903828	.000000
1.08953	.903943	.000000
1.08976	.903683	.000000
1.08999	.903451	.000000
1.09022	.903594	.000000
1.09045	.903611	.000000
1.09068	.903577	.000000
1.09091	.903841	.000000
1.09114	.903847	.000000
1.09137	.903466	.000000
1.0916	.903419	.000000
1.09183	.903621	.000000
1.09206	.903600	.000000
1.09229	.903365	.000000
1.09252	.903305	.000000
1.09275	.903297	.000000
1.09298	.903440	.000000
1.09321	.903617	.000000
1.09344	.903527	.000000
1.09367	.903438	.000000
1.0939	.903406	.000000
1.09413	.903367	.000000
1.09436	.903370	.000000
1.09459	.903476	.000000
1.09482	.903476	.000000
1.09505	.903404	.000000
1.09529	.903133	.000000
1.09552	.903099	.000000
1.09575	.903129	.000000
1.09598	.903310	.000000
1.09621	.903513	.000000
1.09644	.903459	.000000
1.09668	.903472	.000000
1.09691	.903544	.000000
1.09714	.903355	.000000
1.09737	.903146	.000000
1.0976	.903160	.000000
1.09784	.903321	.000000
1.09807	.903414	.000000
1.0983	.903267	.000000
1.09854	.903224	.000000
1.09877	.903500	.000000
1.099	.903583	.000000
1.09923	.903256	.000000
1.09947	.903161	.000000
1.0997	.903297	.000000
1.09993	.903293	.000000
1.10017	.903448	.000000
1.1004	.903301	.000000
1.10063	.903197	.000000
1.10087	.903374	.000000
1.1011	.903180	.000000
1.10134	.903067	.000000
1.10157	.902979	.000000
1.1018	.902919	.000000
1.10204	.902998	.000000
1.10227	.903094	.000000
1.10251	.903173	.000000
1.10274	.902939	.000000
1.10298	.902857	.000000
1.10321	.902992	.000000
1.10344	.903064	.000000
1.10368	.902994	.000000
1.10391	.903062	.000000
1.10415	.903030	.000000
1.10439	.902872	.000000
1.10462	.902983	.000000
1.10486	.903131	.000000
1.10509	.903169	.000000
1.10533	.903218	.000000
1.10556	.903015	.000000
1.1058	.902883	.000000
1.10603	.902977	.000000
1.10627	.902902	.000000
1.10651	.902708	.000000
1.10674	.902682	.000000
1.10698	.902730	.000000
1.10722	.902832	.000000
1.10745	.902973	.000000
1.10769	.903060	.000000
1.10792	.902953	.000000
1.10816	.902921	.000000
1.1084	.902938	.000000
1.10864	.902866	.000000
1.10887	.902653	.000000
1.10911	.902587	.000000
1.10935	.902723	.000000
1.10958	.902853	.000000
1.10982	.902793	.000000
1.11006	.902640	.000000
1.1103	.902793	.000000
1.11054	.902998	.000000
1.11077	.902936	.000000
1.11101	.902727	.000000
1.11125	.902616	.000000
1.11149	.902608	.000000
1.11173	.902772	.000000
1.11196	.903005	.000000
1.1122	.903013	.000000
1.11244	.902890	.000000
1.11268	.902712	.000000
1.11292	.902753	.000000
1.11316	.902779	.000000
1.1134	.902618	.000000
1.11364	.902721	.000000
1.11388	.902821	.000000
1.11411	.902732	.000000
1.11435	.902689	.000000
1.11459	.902874	.000000
1.11483	.902840	.000000
1.11507	.902606	.000000
1.11531	.902508	.000000
1.11555	.902610	.000000
1.11579	.902791	.000000
1.11603	.902685	.000000
1.11627	.902593	.000000
1.11651	.902704	.000000
1.11675	.902710	.000000
1.11699	.902702	.000000
1.11724	.902715	.000000
1.11748	.902753	.000000
1.11772	.902734	.000000
1.11796	.902627	.000000
1.1182	.902533	.000000
1.11844	.902546	.000000
1.11868	.902505	.000000
1.11892	.902597	.000000
1.11916	.902668	.000000
1.11941	.902668	.000000
1.11965	.902603	.000000
1.11989	.902610	.000000
1.12013	.902667	.000000
1.12037	.902525	.000000
1.12062	.902407	.000000
1.12086	.902527	.000000
1.1211	.902667	.000000
1.12134	.902635	.000000
1.12159	.902386	.000000
1.12183	.902283	.000000
1.12207	.902352	.000000
1.12231	.902527	.000000
1.12256	.902555	.000000
1.1228	.902458	.000000
1.12304	.902537	.000000
1.12329	.902616	.000000
1.12353	.902714	.000000
1.12377	.902633	.000000
1.12402	.902271	.000000
1.12426	.902181	.000000
1.12451	.902394	.000000
1.12475	.902467	.000000
1.12499	.902309	.000000
1.12524	.902279	.000000
1.12548	.902375	.000000
1.12573	.902499	.000000
1.12597	.902258	.000000
1.12621	.902220	.000000
1.12646	.902412	.000000
1.1267	.902401	.000000
1.12695	.902401	.000000
1.12719	.902345	.000000
1.12744	.902422	.000000
1.12768	.902606	.000000
1.12793	.902593	.000000
1.12818	.902465	.000000
1.12842	.902452	.000000
1.12867	.902439	.000000
1.12891	.902443	.000000
1.12916	.902301	.000000
1.1294	.902220	.000000
1.12965	.902102	.000000
1.1299	.902092	.000000
1.13014	.902224	.000000
1.13039	.902177	.000000
1.13064	.902079	.000000
1.13088	.901932	.000000
1.13113	.902002	.000000
1.13138	.902149	.000000
1.13162	.902284	.000000
1.13187	.902326	.000000
1.13212	.902228	.000000
1.13236	.902079	.000000
1.13261	.902068	.000000
1.13286	.902124	.000000
1.13311	.902188	.000000
1.13335	.902151	.000000
1.1336	.902111	.000000
1.13385	.902192	.000000
1.1341	.902202	.000000
1.13435	.902266	.000000
1.13459	.902194	.000000
1.13484	.902091	.000000
1.13509	.902057	.000000
1.13534	.902158	.000000
1.13559	.902098	.000000
1.13584	.902204	.000000
1.13609	.902307	.000000
1.13633	.902172	.000000
1.13658	.902013	.000000
1.13683	.901859	.000000
1.13708	.901878	.000000
1.13733	.901989	.000000
1.13758	.901929	.000000
1.13783	.901782	.000000
1.13808	.901853	.000000
1.13833	.901885	.000000
1.13858	.901867	.000000
1.13883	.901946	.000000
1.13908	.901985	.000000
1.13933	.901985	.000000
1.13958	.901885	.000000
1.13983	.901782	.000000
1.14008	.901699	.000000
1.14033	.901761	.000000
1.14058	.901929	.000000
1.14084	.901940	.000000
1.14109	.901842	.000000
1.14134	.901891	.000000
1.14159	.902000	.000000
1.14184	.902064	.000000
1.14209	.901995	.000000
1.14234	.901949	.000000
1.1426	.901942	.000000
1.14285	.901859	.000000
1.1431	.901818	.000000
1.14335	.901816	.000000
1.1436	.901712	.000000
1.14386	.901569	.000000
1.14411	.901586	.000000
1.14436	.901518	.000000
1.14461	.901748	.000000
1.14487	.902019	.000000
1.14512	.902081	.000000
1.14537	.901784	.000000
1.14562	.901564	.000000
1.14588	.901806	.000000
1.14613	.901916	.000000
1.14638	.901842	.000000
1.14664	.901742	.000000
1.14689	.901549	.000000
1.14715	.901550	.000000
1.1474	.901579	.000000
1.14765	.901629	.000000
1.14791	.901739	.000000
1.14816	.901663	.000000
1.14842	.901428	.000000
1.14867	.901517	.000000
1.14893	.901596	.000000
1.14918	.901549	.000000
1.14943	.901560	.000000
1.14969	.901609	.000000
1.14994	.901633	.000000
1.1502	.901565	.000000
1.15045	.901567	.000000
1.15071	.901697	.000000
1.15097	.901737	.000000
1.15122	.901590	.000000
1.15148	.901426	.000000
1.15173	.901456	.000000
1.15199	.901626	.000000
1.15224	.901759	.000000
1.1525	.901718	.000000
1.15276	.901496	.000000
1.15301	.901451	.000000
1.15327	.901588	.000000
1.15353	.901530	.000000
1.15378	.901513	.000000
1.15404	.901597	.000000
1.1543	.901421	.000000
1.15455	.901364	.000000
1.15481	.901678	.000000
1.15507	.901703	.000000
1.15533	.901535	.000000
1.15558	.901436	.000000
1.15584	.901454	.000000
1.1561	.901390	.000000
1.15636	.901336	.000000
1.15661	.901407	.000000
1.15687	.901428	.000000
1.15713	.901332	.000000
1.15739	.901372	.000000
1.15765	.901479	.000000
1.15791	.901390	.000000
1.15816	.901261	.000000
1.15842	.901270	.000000
1.15868	.901458	.000000
1.15894	.901507	.000000
1.1592	.901422	.000000
1.15946	.901366	.000000
1.15972	.901351	.000000
1.15998	.901326	.000000
1.16024	.901451	.000000
1.1605	.901515	.000000
1.16076	.901422	.000000
1.16102	.901456	.000000
1.16128	.901436	.000000
1.16154	.901432	.000000
1.1618	.901405	.000000
1.16206	.901360	.000000
1.16232	.901287	.000000
1.16258	.901274	.000000
1.16284	.901287	.000000
1.1631	.901191	.000000
1.16336	.901172	.000000
1.16362	.901157	.000000
1.16388	.901067	.000000
1.16415	.901037	.000000
1.16441	.901078	.000000
1.16467	.901197	.000000
1.16493	.901300	.000000
1.16519	.901302	.000000
1.16545	.901191	.000000
1.16572	.901104	.000000
1.16598	.901229	.000000
1.16624	.901272	.000000
1.1665	.901193	.000000
1.16676	.901219	.000000
1.16703	.901140	.000000
1.16729	.901118	.000000
1.16755	.901151	.000000
1.16782	.901210	.000000
1.16808	.901215	.000000
1.16834	.901144	.000000
1.16861	.901136	.000000
1.16887	.901183	.000000
1.16913	.901246	.000000
1.1694	.901206	.000000
1.16966	.901067	.000000
1.16992	.901025	.000000
1.17019	.901020	.000000
1.17045	.901131	.000000
1.17072	.901133	.000000
1.17098	.901121	.000000
1.17125	.901089	.000000
1.17151	.901161	.000000
1.17178	.901131	.000000
1.17204	.901048	.000000
1.1723	.901035	.000000
1.17257	.901025	.000000
1.17284	.901048	.000000
1.1731	.900965	.000000
1.17337	.901089	.000000
1.17363	.901296	.000000
1.1739	.901234	.000000
1.17416	.901061	.000000
1.17443	.900965	.000000
1.1747	.901108	.000000
1.17496	.901178	.000000
1.17523	.901134	.000000
1.17549	.901040	.000000
1.17576	.900971	.000000
1.17603	.901110	.000000
1.17629	.901253	.000000
1.17656	.901097	.000000
1.17683	.900935	.000000
1.1771	.900880	.000000
1.17736	.901025	.000000
1.17763	.901108	.000000
1.1779	.901138	.000000
1.17817	.901125	.000000
1.17843	.901008	.000000
1.1787	.900867	.000000
1.17897	.900950	.000000
1.17924	.901097	.000000
1.17951	.900920	.000000
1.17977	.900824	.000000
1.18004	.900903	.000000
1.18031	.900931	.000000
1.18058	.900760	.000000
1.18085	.900703	.000000
1.18112	.900886	.000000
1.18139	.900935	.000000
1.18166	.900986	.000000
1.18193	.900950	.000000
1.18219	.900798	.000000
1.18246	.900713	.000000
1.18273	.900743	.000000
1.183	.900743	.000000
1.18327	.900830	.000000
1.18354	.900903	.000000
1.18381	.900850	.000000
1.18408	.900769	.000000
1.18436	.900939	.000000
1.18463	.901244	.000000
1.1849	.901349	.000000
1.18517	.901084	.000000
1.18544	.900926	.000000
1.18571	.900926	.000000
1.18598	.900929	.000000
1.18625	.900862	.000000
1.18652	.900717	.000000
1.1868	.900700	.000000
1.18707	.900771	.000000
1.18734	.900807	.000000
1.18761	.900863	.000000
1.18788	.900807	.000000
1.18816	.900694	.000000
1.18843	.900666	.000000
1.1887	.900728	.000000
1.18897	.900779	.000000
1.18925	.900888	.000000
1.18952	.900920	.000000
1.18979	.900922	.000000
1.19006	.900875	.000000
1.19034	.900905	.000000
1.19061	.900916	.000000
1.19088	.900696	.000000
1.19116	.900647	.000000
1.19143	.900683	.000000
1.19171	.900587	.000000
1.19198	.900557	.000000
1.19225	.900707	.000000
1.19253	.900909	.000000
1.1928	.900991	.000000
1.19308	.900914	.000000
1.19335	.900743	.000000
1.19363	.900670	.000000
1.1939	.900662	.000000
1.19418	.900771	.000000
1.19445	.900726	.000000
1.19473	.900690	.000000
1.195	.900681	.000000
1.19528	.900707	.000000
1.19555	.900734	.000000
1.19583	.900671	.000000
1.1961	.900632	.000000
1.19638	.900752	.000000
1.19666	.900741	.000000
1.19693	.900760	.000000
1.19721	.900749	.000000
1.19749	.900690	.000000
1.19776	.900715	.000000
1.19804	.900696	.000000
1.19832	.900687	.000000
1.19859	.900679	.000000
1.19887	.900717	.000000
1.19915	.900767	.000000
1.19942	.900683	.000000
1.1997	.900551	.000000
1.19998	.900506	.000000
1.20026	.900562	.000000
1.20054	.900594	.000000
1.20081	.900713	.000000
1.20109	.900739	.000000
1.20137	.900777	.000000
1.20165	.900790	.000000
1.20193	.900636	.000000
1.20221	.900636	.000000
1.20248	.900638	.000000
1.20276	.900641	.000000
1.20304	.900696	.000000
1.20332	.900766	.000000
1.2036	.900799	.000000
1.20388	.900909	.000000
1.20416	.900982	.000000
1.20444	.900916	.000000
1.20472	.900767	.000000
1.205	.900566	.000000
1.20528	.900478	.000000
1.20556	.900498	.000000
1.20584	.900470	.000000
1.20612	.900498	.000000
1.2064	.900521	.000000
1.20668	.900419	.000000
1.20696	.900361	.000000
1.20724	.900393	.000000
1.20753	.900594	.000000
1.20781	.900741	.000000
1.20809	.900613	.000000
1.20837	.900698	.000000
1.20865	.900847	.000000
1.20893	.900781	.000000
1.20921	.900634	.000000
1.2095	.900628	.000000
1.20978	.900703	.000000
1.21006	.900719	.000000
1.21034	.900732	.000000
1.21063	.900749	.000000
1.21091	.900745	.000000
1.21119	.900572	.000000
1.21148	.900384	.000000
1.21176	.900451	.000000
1.21204	.900639	.000000
1.21233	.900690	.000000
1.21261	.900560	.000000
1.21289	.900555	.000000
1.21318	.900632	.000000
1.21346	.900636	.000000
1.21374	.900611	.000000
1.21403	.900510	.000000
1.21431	.900449	.000000
1.2146	.900446	.000000
1.21488	.900536	.000000
1.21517	.900649	.000000
1.21545	.900719	.000000
1.21574	.900692	.000000
1.21602	.900570	.000000
1.21631	.900530	.000000
1.21659	.900613	.000000
1.21688	.900687	.000000
1.21716	.900628	.000000
1.21745	.900538	.000000
1.21774	.900598	.000000
1.21802	.900626	.000000
1.21831	.900530	.000000
1.21859	.900487	.000000
1.21888	.900495	.000000
1.21917	.900594	.000000
1.21945	.900735	.000000
1.21974	.900724	.000000
1.22003	.900532	.000000
1.22031	.900408	.000000
1.2206	.900440	.000000
1.22089	.900611	.000000
1.22118	.900671	.000000
1.22146	.900607	.000000
1.22175	.900602	.000000
1.22204	.900589	.000000
1.22233	.900724	.000000
1.22262	.900690	.000000
1.2229	.900528	.000000
1.22319	.900510	.000000
1.22348	.900564	.000000
1.22377	.900639	.000000
1.22406	.900581	.000000
1.22435	.900525	.000000
1.22464	.900583	.000000
1.22493	.900649	.000000
1.22522	.900719	.000000
1.22551	.900649	.000000
1.2258	.900568	.000000
1.22609	.900483	.000000
1.22638	.900478	.000000
1.22667	.900696	.000000
1.22696	.900775	.000000
1.22725	.900587	.000000
1.22754	.900549	.000000
1.22783	.900555	.000000
1.22812	.900551	.000000
1.22841	.900639	.000000
1.2287	.900690	.000000
1.22899	.900756	.000000
1.22928	.900719	.000000
1.22958	.900607	.000000
1.22987	.900656	.000000
1.23016	.900735	.000000
1.23045	.900709	.000000
1.23074	.900500	.000000
1.23103	.900365	.000000
1.23133	.900559	.000000
1.23162	.900707	.000000
1.23191	.900722	.000000
1.23221	.900749	.000000
1.2325	.900762	.000000
1.23279	.900692	.000000
1.23308	.900534	.000000
1.23338	.900464	.000000
1.23367	.900662	.000000
1.23396	.900837	.000000
1.23426	.900758	.000000
1.23455	.900621	.000000
1.23485	.900730	.000000
1.23514	.900771	.000000
1.23543	.900664	.000000
1.23573	.900602	.000000
1.23602	.900553	.000000
1.23632	.900647	.000000
1.23661	.900754	.000000
1.23691	.900779	.000000
1.2372	.900726	.000000
1.2375	.900566	.000000
1.23779	.900545	.000000
1.23809	.900653	.000000
1.23839	.900739	.000000
1.23868	.900869	.000000
1.23898	.900818	.000000
1.23927	.900809	.000000
1.23957	.900784	.000000
1.23987	.900734	.000000
1.24016	.900719	.000000
1.24046	.900555	.000000
1.24076	.900585	.000000
1.24105	.900741	.000000
1.24135	.900756	.000000
1.24165	.900764	.000000
1.24195	.900745	.000000
1.24224	.900833	.000000
1.24254	.900963	.000000
1.24284	.900918	.000000
1.24314	.900660	.000000
1.24343	.900581	.000000
1.24373	.900786	.000000
1.24403	.900799	.000000
1.24433	.900799	.000000
1.24463	.900760	.000000
1.24493	.900730	.000000
1.24523	.900794	.000000
1.24553	.900816	.000000
1.24582	.900790	.000000
1.24612	.900771	.000000
1.24642	.900822	.000000
1.24672	.900862	.000000
1.24702	.900833	.000000
1.24732	.900847	.000000
1.24762	.900865	.000000
1.24792	.900794	.000000
1.24822	.900756	.000000
1.24852	.900796	.000000
1.24883	.900961	.000000
1.24913	.900974	.000000
1.24943	.900877	.000000
1.24973	.900886	.000000
1.25003	.900914	.000000
1.25033	.900954	.000000
1.25063	.901016	.000000
1.25093	.900952	.000000
1.25124	.900831	.000000
1.25154	.900856	.000000
1.25184	.900942	.000000
1.25214	.900854	.000000
1.25245	.900856	.000000
1.25275	.900888	.000000
1.25305	.900931	.000000
1.25335	.900924	.000000
1.25366	.900762	.000000
1.25396	.900837	.000000
1.25426	.901046	.000000
1.25457	.901025	.000000
1.25487	.900939	.000000
1.25517	.900901	.000000
1.25548	.900828	.000000
1.25578	.900873	.000000
1.25609	.900865	.000000
1.25639	.900843	.000000
1.2567	.900958	.000000
1.257	.901018	.000000
1.25731	.900991	.000000
1.25761	.900997	.000000
1.25792	.900935	.000000
1.25822	.900854	.000000
1.25853	.900888	.000000
1.25883	.900984	.000000
1.25914	.901008	.000000
1.25944	.900984	.000000
1.25975	.901012	.000000
1.26005	.901031	.000000
1.26036	.901054	.000000
1.26067	.901059	.000000
1.26097	.901037	.000000
1.26128	.901055	.000000
1.26159	.900997	.000000
1.2619	.900948	.000000
1.2622	.900988	.000000
1.26251	.901016	.000000
1.26282	.900946	.000000
1.26312	.901084	.000000
1.26343	.901082	.000000
1.26374	.901027	.000000
1.26405	.901048	.000000
1.26436	.901163	.000000
1.26467	.901129	.000000
1.26497	.901003	.000000
1.26528	.901010	.000000
1.26559	.901078	.000000
1.2659	.901180	.000000
1.26621	.901178	.000000
1.26652	.901142	.000000
1.26683	.901223	.000000
1.26714	.901206	.000000
1.26745	.901104	.000000
1.26776	.901057	.000000
1.26807	.901086	.000000
1.26838	.901157	.000000
1.26869	.901172	.000000
1.269	.901172	.000000
1.26931	.901170	.000000
1.26962	.901142	.000000
1.26993	.901097	.000000
1.27024	.901140	.000000
1.27055	.901178	.000000
1.27086	.901112	.000000
1.27118	.901217	.000000
1.27149	.901261	.000000
1.2718	.901200	.000000
1.27211	.901266	.000000
1.27242	.901340	.000000
1.27274	.901340	.000000
1.27305	.901375	.000000
1.27336	.901332	.000000
1.27367	.901311	.000000
1.27399	.901364	.000000
1.2743	.901394	.000000
1.27461	.901342	.000000
1.27493	.901206	.000000
1.27524	.901242	.000000
1.27555	.901437	.000000
1.27587	.901483	.000000
1.27618	.901441	.000000
1.2765	.901392	.000000
1.27681	.901430	.000000
1.27713	.901505	.000000
1.27744	.901483	.000000
1.27776	.901405	.000000
1.27807	.901398	.000000
1.27839	.901483	.000000
1.2787	.901537	.000000
1.27902	.901496	.000000
1.27933	.901451	.000000
1.27965	.901413	.000000
1.27996	.901379	.000000
1.28028	.901430	.000000
1.2806	.901496	.000000
1.28091	.901479	.000000
1.28123	.901471	.000000
1.28155	.901415	.000000
1.28186	.901458	.000000
1.28218	.901513	.000000
1.2825	.901402	.000000
1.28281	.901374	.000000
1.28313	.901362	.000000
1.28345	.901405	.000000
1.28377	.901464	.000000
1.28408	.901537	.000000
1.2844	.901648	.000000
1.28472	.901701	.000000
1.28504	.901624	.000000
1.28536	.901633	.000000
1.28568	.901667	.000000
1.286	.901667	.000000
1.28631	.901695	.000000
1.28663	.901697	.000000
1.28695	.901697	.000000
1.28727	.901684	.000000
1.28759	.901705	.000000
1.28791	.901731	.000000
1.28823	.901754	.000000
1.28855	.901731	.000000
1.28887	.901739	.000000
1.28919	.901818	.000000
1.28951	.901810	.000000
1.28983	.901773	.000000
1.29016	.901725	.000000
1.29048	.901699	.000000
1.2908	.901799	.000000
1.29112	.901874	.000000
1.29144	.901891	.000000
1.29176	.901876	.000000
1.29208	.901808	.000000
1.29241	.901865	.000000
1.29273	.901938	.000000
1.29305	.901940	.000000
1.29337	.901793	.000000
1.2937	.901823	.000000
1.29402	.901908	.000000
1.29434	.901895	.000000
1.29467	.901887	.000000
1.29499	.901842	.000000
1.29531	.901825	.000000
1.29564	.901801	.000000
1.29596	.901801	.000000
1.29628	.901814	.000000
1.29661	.901801	.000000
1.29693	.901799	.000000
1.29726	.901836	.000000
1.29758	.901840	.000000
1.29791	.901953	.000000
1.29823	.902042	.000000
1.29856	.902025	.000000
1.29888	.902092	.000000
1.29921	.902198	.000000
1.29953	.902173	.000000
1.29986	.902102	.000000
1.30018	.902100	.000000
1.30051	.902170	.000000
1.30084	.902170	.000000
1.30116	.902117	.000000
1.30149	.902117	.000000
1.30182	.902172	.000000
1.30214	.902134	.000000
1.30247	.902104	.000000
1.3028	.902166	.000000
1.30313	.902204	.000000
1.30345	.902252	.000000
1.30378	.902258	.000000
1.30411	.902177	.000000
1.30444	.902140	.000000
1.30477	.902200	.000000
1.30509	.902211	.000000
1.30542	.902249	.000000
1.30575	.902273	.000000
1.30608	.902245	.000000
1.30641	.902213	.000000
1.30674	.902217	.000000
1.30707	.902301	.000000
1.3074	.902343	.000000
1.30773	.902390	.000000
1.30806	.902362	.000000
1.30839	.902311	.000000
1.30872	.902326	.000000
1.30905	.902403	.000000
1.30938	.902463	.000000
1.30971	.902520	.000000
1.31004	.902522	.000000
1.31037	.902439	.000000
1.3107	.902507	.000000
1.31103	.902458	.000000
1.31137	.902424	.000000
1.3117	.902439	.000000
1.31203	.902576	.000000
1.31236	.902559	.000000
1.31269	.902482	.000000
1.31303	.902569	.000000
1.31336	.902659	.000000
1.31369	.902691	.000000
1.31402	.902659	.000000
1.31436	.902591	.000000
1.31469	.902614	.000000
1.31502	.902606	.000000
1.31536	.902625	.000000
1.31569	.902520	.000000
1.31603	.902493	.000000
1.31636	.902597	.000000
1.31669	.902665	.000000
1.31703	.902732	.000000
1.31736	.902778	.000000
1.3177	.902717	.000000
1.31803	.902725	.000000
1.31837	.902751	.000000
1.3187	.902761	.000000
1.31904	.902663	.000000
1.31937	.902576	.000000
1.31971	.902678	.000000
1.32005	.902762	.000000
1.32038	.902757	.000000
1.32072	.902802	.000000
1.32106	.902751	.000000
1.32139	.902766	.000000
1.32173	.902804	.000000
1.32207	.902860	.000000
1.3224	.902879	.000000
1.32274	.902892	.000000
1.32308	.902909	.000000
1.32342	.902900	.000000
1.32375	.902778	.000000
1.32409	.902770	.000000
1.32443	.902915	.000000
1.32477	.903062	.000000
1.32511	.903086	.000000
1.32545	.902915	.000000
1.32578	.902874	.000000
1.32612	.902887	.000000
1.32646	.902994	.000000
1.3268	.903062	.000000
1.32714	.902953	.000000
1.32748	.902885	.000000
1.32782	.902911	.000000
1.32816	.902932	.000000
1.3285	.902885	.000000
1.32884	.902979	.000000
1.32918	.903099	.000000
1.32952	.903032	.000000
1.32986	.902919	.000000
1.33021	.902904	.000000
1.33055	.902919	.000000
1.33089	.903028	.000000
1.33123	.903075	.000000
1.33157	.903103	.000000
1.33191	.903122	.000000
1.33226	.903141	.000000
1.3326	.903178	.000000
1.33294	.903167	.000000
1.33328	.903150	.000000
1.33363	.903214	.000000
1.33397	.903261	.000000
1.33431	.903222	.000000
1.33466	.903118	.000000
1.335	.903152	.000000
1.33535	.903167	.000000
1.33569	.903113	.000000
1.33603	.903188	.000000
1.33638	.903310	.000000
1.33672	.903257	.000000
1.33707	.903308	.000000
1.33741	.903384	.000000
1.33776	.903395	.000000
1.3381	.903352	.000000
1.33845	.903288	.000000
1.33879	.903295	.000000
1.33914	.903395	.000000
1.33948	.903434	.000000
1.33983	.903357	.000000
1.34018	.903335	.000000
1.34052	.903401	.000000
1.34087	.903468	.000000
1.34122	.903446	.000000
1.34156	.903431	.000000
1.34191	.903576	.000000
1.34226	.903660	.000000
1.34261	.903480	.000000
1.34295	.903410	.000000
1.3433	.903438	.000000
1.34365	.903472	.000000
1.344	.903495	.000000
1.34435	.903489	.000000
1.3447	.903562	.000000
1.34504	.903617	.000000
1.34539	.903602	.000000
1.34574	.903638	.000000
1.34609	.903720	.000000
1.34644	.903813	.000000
1.34679	.903764	.000000
1.34714	.903771	.000000
1.34749	.903852	.000000
1.34784	.903820	.000000
1.34819	.903805	.000000
1.34854	.903800	.000000
1.34889	.903796	.000000
1.34925	.903830	.000000
1.3496	.903794	.000000
1.34995	.903771	.000000
1.3503	.903790	.000000
1.35065	.903850	.000000
1.351	.903914	.000000
1.35135	.903912	.000000
1.35171	.903943	.000000
1.35206	.903879	.000000
1.35241	.903920	.000000
1.35277	.903980	.000000
1.35312	.903963	.000000
1.35347	.904020	.000000
1.35383	.904087	.000000
1.35418	.904104	.000000
1.35453	.904016	.000000
1.35489	.903912	.000000
1.35524	.903880	.000000
1.35559	.903886	.000000
1.35595	.903995	.000000
1.3563	.904089	.000000
1.35666	.904183	.000000
1.35701	.904261	.000000
1.35737	.904313	.000000
1.35772	.904185	.000000
1.35808	.904155	.000000
1.35844	.904268	.000000
1.35879	.904272	.000000
1.35915	.904193	.000000
1.3595	.904135	.000000
1.35986	.904144	.000000
1.36022	.904219	.000000
1.36057	.904202	.000000
1.36093	.904138	.000000
1.36129	.904174	.000000
1.36165	.904214	.000000
1.362	.904249	.000000
1.36236	.904283	.000000
1.36272	.904340	.000000
1.36308	.904349	.000000
1.36344	.904370	.000000
1.3638	.904411	.000000
1.36415	.904426	.000000
1.36451	.904349	.000000
1.36487	.904321	.000000
1.36523	.904304	.000000
1.36559	.904338	.000000
1.36595	.904454	.000000
1.36631	.904434	.000000
1.36667	.904379	.000000
1.36703	.904353	.000000
1.36739	.904311	.000000
1.36775	.904276	.000000
1.36811	.904270	.000000
1.36848	.904268	.000000
1.36884	.904396	.000000
1.3692	.904464	.000000
1.36956	.904381	.000000
1.36992	.904315	.000000
1.37028	.904411	.000000
1.37065	.904490	.000000
1.37101	.904477	.000000
1.37137	.904539	.000000
1.37173	.904534	.000000
1.3721	.904481	.000000
1.37246	.904449	.000000
1.37282	.904507	.000000
1.37319	.904511	.000000
1.37355	.904477	.000000
1.37391	.904569	.000000
1.37428	.904603	.000000
1.37464	.904624	.000000
1.37501	.904680	.000000
1.37537	.904761	.000000
1.37574	.904756	.000000
1.3761	.904759	.000000
1.37647	.904678	.000000
1.37683	.904607	.000000
1.3772	.904641	.000000
1.37757	.904690	.000000
1.37793	.904733	.000000
1.3783	.904780	.000000
1.37866	.904829	.000000
1.37903	.904812	.000000
1.3794	.904852	.000000
1.37976	.904914	.000000
1.38013	.904880	.000000
1.3805	.904857	.000000
1.38087	.904865	.000000
1.38124	.904910	.000000
1.3816	.905012	.000000
1.38197	.905055	.000000
1.38234	.904974	.000000
1.38271	.904959	.000000
1.38308	.905017	.000000
1.38345	.905010	.000000
1.38382	.905010	.000000
1.38419	.905147	.000000
1.38455	.905230	.000000
1.38492	.905123	.000000
1.38529	.905059	.000000
1.38566	.905117	.000000
1.38604	.905170	.000000
1.38641	.905170	.000000
1.38678	.905166	.000000
1.38715	.905275	.000000
1.38752	.905298	.000000
1.38789	.905209	.000000
1.38826	.905160	.000000
1.38863	.905215	.000000
1.38901	.905292	.000000
1.38938	.905360	.000000
1.38975	.905426	.000000
1.39012	.905397	.000000
1.3905	.905326	.000000
1.39087	.905377	.000000
1.39124	.905475	.000000
1.39162	.905559	.000000
1.39199	.905510	.000000
1.39236	.905465	.000000
1.39274	.905518	.000000
1.39311	.905578	.000000
1.39349	.905559	.000000
1.39386	.905625	.000000
1.39423	.905648	.000000
1.39461	.905644	.000000
1.39499	.905655	.000000
1.39536	.905625	.000000
1.39574	.905597	.000000
1.39611	.905652	.000000
1.39649	.905723	.000000
1.39686	.905810	.000000
1.39724	.905789	.000000
1.39762	.905763	.000000
1.39799	.905763	.000000
1.39837	.905834	.000000
1.39875	.905875	.000000
1.39913	.905860	.000000
1.3995	.905902	.000000
1.39988	.905953	.000000
1.40026	.905955	.000000
1.40064	.905960	.000000
1.40102	.905996	.000000
1.4014	.905992	.000000
1.40177	.905894	.000000
1.40215	.905941	.000000
1.40253	.906007	.000000
1.40291	.906015	.000000
1.40329	.906115	.000000
1.40367	.906167	.000000
1.40405	.906118	.000000
1.40443	.906137	.000000
1.40481	.906118	.000000
1.40519	.906137	.000000
1.40557	.906156	.000000
1.40596	.906194	.000000
1.40634	.906269	.000000
1.40672	.906335	.000000
1.4071	.906323	.000000
1.40748	.906250	.000000
1.40786	.906273	.000000
1.40825	.906322	.000000
1.40863	.906303	.000000
1.40901	.906288	.000000
1.40939	.906344	.000000
1.40978	.906399	.000000
1.41016	.906450	.000000
1.41055	.906453	.000000
1.41093	.906465	.000000
1.41131	.906498	.000000
1.4117	.906512	.000000
1.41208	.906542	.000000
1.41247	.906532	.000000
1.41285	.906442	.000000
1.41324	.906466	.000000
1.41362	.906591	.000000
1.41401	.906653	.000000
1.41439	.906696	.000000
1.41478	.906726	.000000
1.41517	.906673	.000000
1.41555	.906685	.000000
1.41594	.906638	.000000
1.41632	.906673	.000000
1.41671	.906807	.000000
1.4171	.906928	.000000
1.41749	.907063	.000000
1.41787	.907005	.000000
1.41826	.906911	.000000
1.41865	.906881	.000000
1.41904	.906956	.000000
1.41943	.907048	.000000
1.41982	.907029	.000000
1.4202	.907014	.000000
1.42059	.907018	.000000
1.42098	.907052	.000000
1.42137	.907125	.000000
1.42176	.907152	.000000
1.42215	.907112	.000000
1.42254	.907150	.000000
1.42293	.907176	.000000
1.42332	.907172	.000000
1.42371	.907227	.000000
1.42411	.907248	.000000
1.4245	.907295	.000000
1.42489	.907438	.000000
1.42528	.907443	.000000
1.42567	.907398	.000000
1.42606	.907366	.000000
1.42646	.907468	.000000
1.42685	.907558	.000000
1.42724	.907487	.000000
1.42763	.907415	.000000
1.42803	.907443	.000000
1.42842	.907462	.000000
1.42881	.907598	.000000
1.42921	.907682	.000000
1.4296	.907611	.000000
1.43	.907635	.000000
1.43039	.907726	.000000
1.43079	.907709	.000000
1.43118	.907709	.000000
1.43158	.907754	.000000
1.43197	.907786	.000000
1.43237	.907808	.000000
1.43276	.907863	.000000
1.43316	.907886	.000000
1.43356	.907865	.000000
1.43395	.907865	.000000
1.43435	.907918	.000000
1.43475	.907995	.000000
1.43514	.908104	.000000
1.43554	.908117	.000000
1.43594	.908096	.000000
1.43634	.908149	.000000
1.43673	.908194	.000000
1.43713	.908185	.000000
1.43753	.908209	.000000
1.43793	.908226	.000000
1.43833	.908224	.000000
1.43873	.908241	.000000
1.43913	.908270	.000000
1.43953	.908294	.000000
1.43993	.908332	.000000
1.44033	.908352	.000000
1.44073	.908367	.000000
1.44113	.908426	.000000
1.44153	.908490	.000000
1.44193	.908525	.000000
1.44233	.908524	.000000
1.44273	.908492	.000000
1.44313	.908414	.000000
1.44353	.908422	.000000
1.44394	.908548	.000000
1.44434	.908693	.000000
1.44474	.908783	.000000
1.44514	.908744	.000000
1.44555	.908631	.000000
1.44595	.908625	.000000
1.44635	.908736	.000000
1.44676	.908821	.000000
1.44716	.908847	.000000
1.44756	.908906	.000000
1.44797	.908921	.000000
1.44837	.908874	.000000
1.44878	.908866	.000000
1.44918	.908864	.000000
1.44959	.908892	.000000
1.44999	.908938	.000000
1.4504	.908962	.000000
1.4508	.909002	.000000
1.45121	.909030	.000000
1.45162	.909047	.000000
1.45202	.909096	.000000
1.45243	.909041	.000000
1.45284	.909100	.000000
1.45324	.909148	.000000
1.45365	.909177	.000000
1.45406	.909179	.000000
1.45447	.909228	.000000
1.45488	.909354	.000000
1.45528	.909431	.000000
1.45569	.909367	.000000
1.4561	.909380	.000000
1.45651	.909491	.000000
1.45692	.909457	.000000
1.45733	.909419	.000000
1.45774	.909433	.000000
1.45815	.909444	.000000
1.45856	.909521	.000000
1.45897	.909525	.000000
1.45938	.909525	.000000
1.45979	.909566	.000000
1.4602	.909581	.000000
1.46061	.909574	.000000
1.46102	.909653	.000000
1.46144	.909753	.000000
1.46185	.909818	.000000
1.46226	.909802	.000000
1.46267	.909843	.000000
1.46309	.909860	.000000
1.4635	.909873	.000000
1.46391	.909920	.000000
1.46433	.909922	.000000
1.46474	.909920	.000000
1.46515	.909963	.000000
1.46557	.909967	.000000
1.46598	.909988	.000000
1.4664	.909982	.000000
1.46681	.910041	.000000
1.46723	.910095	.000000
1.46764	.910116	.000000
1.46806	.910169	.000000
1.46847	.910255	.000000
1.46889	.910246	.000000
1.46931	.910185	.000000
1.46972	.910163	.000000
1.47014	.910289	.000000
1.47056	.910434	.000000
1.47097	.910423	.000000
1.47139	.910372	.000000
1.47181	.910430	.000000
1.47223	.910517	.000000
1.47264	.910526	.000000
1.47306	.910588	.000000
1.47348	.910560	.000000
1.4739	.910464	.000000
1.47432	.910447	.000000
1.47474	.910522	.000000
1.47516	.910537	.000000
1.47558	.910626	.000000
1.476	.910694	.000000
1.47642	.910692	.000000
1.47684	.910750	.000000
1.47726	.910814	.000000
1.47768	.910839	.000000
1.4781	.910827	.000000
1.47852	.910914	.000000
1.47894	.911061	.000000
1.47937	.911063	.000000
1.47979	.911015	.000000
1.48021	.910912	.000000
1.48063	.910910	.000000
1.48106	.910999	.000000
1.48148	.910978	.000000
1.4819	.911015	.000000
1.48233	.911136	.000000
1.48275	.911219	.000000
1.48318	.911268	.000000
1.4836	.911277	.000000
1.48402	.911198	.000000
1.48445	.911128	.000000
1.48487	.911111	.000000
1.4853	.911153	.000000
1.48573	.911256	.000000
1.48615	.911285	.000000
1.48658	.911281	.000000
1.487	.911315	.000000
1.48743	.911332	.000000
1.48786	.911300	.000000
1.48828	.911360	.000000
1.48871	.911463	.000000
1.48914	.911503	.000000
1.48957	.911516	.000000
1.49	.911518	.000000
1.49042	.911507	.000000
1.49085	.911606	.000000
1.49128	.911627	.000000
1.49171	.911578	.000000
1.49214	.911610	.000000
1.49257	.911623	.000000
1.493	.911606	.000000
1.49343	.911667	.000000
1.49386	.911712	.000000
1.49429	.911733	.000000
1.49472	.911755	.000000
1.49515	.911823	.000000
1.49558	.911861	.000000
1.49601	.911896	.000000
1.49645	.911872	.000000
1.49688	.911887	.000000
1.49731	.911881	.000000
1.49774	.911891	.000000
1.49818	.911983	.000000
1.49861	.912019	.000000
1.49904	.912053	.000000
1.49948	.912094	.000000
1.49991	.912007	.000000
1.50034	.911992	.000000
1.50078	.912015	.000000
1.50121	.912107	.000000
1.50165	.912235	.000000
1.50208	.912265	.000000
1.50252	.912295	.000000
1.50295	.912278	.000000
1.50339	.912243	.000000
1.50382	.912305	.000000
1.50426	.912382	.000000
1.5047	.912350	.000000
1.50513	.912327	.000000
1.50557	.912425	.000000
1.50601	.912478	.000000
1.50645	.912452	.000000
1.50688	.912459	.000000
1.50732	.912544	.000000
1.50776	.912583	.000000
1.5082	.912549	.000000
1.50864	.912644	.000000
1.50908	.912745	.000000
1.50952	.912749	.000000
1.50996	.912726	.000000
1.5104	.912721	.000000
1.51084	.912730	.000000
1.51128	.912828	.000000
1.51172	.912886	.000000
1.51216	.912913	.000000
1.5126	.912943	.000000
1.51304	.912947	.000000
1.51348	.912918	.000000
1.51392	.912930	.000000
1.51437	.912935	.000000
1.51481	.912952	.000000
1.51525	.913067	.000000
1.51569	.913125	.000000
1.51614	.913131	.000000
1.51658	.913150	.000000
1.51702	.913148	.000000
1.51747	.913225	.000000
1.51791	.913304	.000000
1.51836	.913218	.000000
1.5188	.913176	.000000
1.51925	.913250	.000000
1.51969	.913317	.000000
1.52014	.913381	.000000
1.52058	.913351	.000000
1.52103	.913300	.000000
1.52148	.913325	.000000
1.52192	.913432	.000000
1.52237	.913500	.000000
1.52282	.913445	.000000
1.52326	.913481	.000000
1.52371	.913607	.000000
1.52416	.913628	.000000
1.52461	.913579	.000000
1.52506	.913536	.000000
1.52551	.913560	.000000
1.52595	.913613	.000000
1.5264	.913603	.000000
1.52685	.913696	.000000
1.5273	.913803	.000000
1.52775	.913795	.000000
1.5282	.913793	.000000
1.52865	.913865	.000000
1.5291	.913935	.000000
1.52956	.913914	.000000
1.53001	.913857	.000000
1.53046	.913886	.000000
1.53091	.913921	.000000
1.53136	.913982	.000000
1.53182	.913978	.000000
1.53227	.914014	.000000
1.53272	.914025	.000000
1.53317	.913985	.000000
1.53363	.913950	.000000
1.53408	.913991	.000000
1.53454	.914083	.000000
1.53499	.914127	.000000
1.53544	.914177	.000000
1.5359	.914196	.000000
1.53635	.914192	.000000
1.53681	.914217	.000000
1.53727	.914270	.000000
1.53772	.914279	.000000
1.53818	.914272	.000000
1.53863	.914228	.000000
1.53909	.914240	.000000
1.53955	.914326	.000000
1.54	.914347	.000000
1.54046	.914384	.000000
1.54092	.914441	.000000
1.54138	.914511	.000000
1.54184	.914486	.000000
1.5423	.914465	.000000
1.54275	.914433	.000000
1.54321	.914450	.000000
1.54367	.914496	.000000
1.54413	.914565	.000000
1.54459	.914558	.000000
1.54505	.914567	.000000
1.54551	.914569	.000000
1.54597	.914512	.000000
1.54644	.914512	.000000
1.5469	.914593	.000000
1.54736	.914635	.000000
1.54782	.914674	.000000
1.54828	.914725	.000000
1.54875	.914765	.000000
1.54921	.914714	.000000
1.54967	.914650	.000000
1.55013	.914733	.000000
1.5506	.914780	.000000
1.55106	.914761	.000000
1.55153	.914770	.000000
1.55199	.914836	.000000
1.55245	.914878	.000000
1.55292	.914923	.000000
1.55339	.914951	.000000
1.55385	.914949	.000000
1.55432	.914979	.000000
1.55478	.915026	.000000
1.55525	.915053	.000000
1.55572	.915070	.000000
1.55618	.915098	.000000
1.55665	.915135	.000000
1.55712	.915186	.000000
1.55759	.915186	.000000
1.55805	.915132	.000000
1.55852	.915135	.000000
1.55899	.915184	.000000
1.55946	.915241	.000000
1.55993	.915254	.000000
1.5604	.915271	.000000
1.56087	.915288	.000000
1.56134	.915346	.000000
1.56181	.915420	.000000
1.56228	.915403	.000000
1.56275	.915446	.000000
1.56322	.915418	.000000
1.56369	.915412	.000000
1.56416	.915493	.000000
1.56464	.915493	.000000
1.56511	.915455	.000000
1.56558	.915536	.000000
1.56605	.915548	.000000
1.56653	.915480	.000000
1.567	.915506	.000000
1.56747	.915580	.000000
1.56795	.915659	.000000
1.56842	.915676	.000000
1.5689	.915653	.000000
1.56937	.915672	.000000
1.56985	.915719	.000000
1.57032	.915775	.000000
1.5708	.915787	.000000
1.57127	.915792	.000000
1.57175	.915779	.000000
1.57223	.915800	.000000
1.5727	.915849	.000000
1.57318	.915881	.000000
1.57366	.915858	.000000
1.57414	.915845	.000000
1.57461	.915881	.000000
1.57509	.915969	.000000
1.57557	.916014	.000000
1.57605	.915975	.000000
1.57653	.915928	.000000
1.57701	.915954	.000000
1.57749	.915950	.000000
1.57797	.915896	.000000
1.57845	.915916	.000000
1.57893	.915950	.000000
1.57941	.915999	.000000
1.57989	.915996	.000000
1.58037	.915986	.000000
1.58086	.916078	.000000
1.58134	.916176	.000000
1.58182	.916167	.000000
1.5823	.916046	.000000
1.58279	.916067	.000000
1.58327	.916152	.000000
1.58375	.916204	.000000
1.58424	.916201	.000000
1.58472	.916172	.000000
1.58521	.916176	.000000
1.58569	.916210	.000000
1.58618	.916163	.000000
1.58666	.916154	.000000
1.58715	.916163	.000000
1.58763	.916291	.000000
1.58812	.916332	.000000
1.58861	.916252	.000000
1.58909	.916270	.000000
1.58958	.916364	.000000
1.59007	.916417	.000000
1.59055	.916372	.000000
1.59104	.916338	.000000
1.59153	.916396	.000000
1.59202	.916440	.000000
1.59251	.916475	.000000
1.593	.916496	.000000
1.59349	.916479	.000000
1.59398	.916509	.000000
1.59447	.916507	.000000
1.59496	.916496	.000000
1.59545	.916545	.000000
1.59594	.916553	.000000
1.59643	.916577	.000000
1.59692	.916547	.000000
1.59742	.916536	.000000
1.59791	.916619	.000000
1.5984	.916654	.000000
1.59889	.916620	.000000
1.59939	.916555	.000000
1.59988	.916543	.000000
1.60037	.916564	.000000
1.60087	.916654	.000000
1.60136	.916754	.000000
1.60186	.916754	.000000
1.60235	.916741	.000000
1.60285	.916782	.000000
1.60334	.916769	.000000
1.60384	.916782	.000000
1.60434	.916826	.000000
1.60483	.916829	.000000
1.60533	.916771	.000000
1.60583	.916728	.000000
1.60632	.916769	.000000
1.60682	.916809	.000000
1.60732	.916859	.000000
1.60782	.916952	.000000
1.60832	.916935	.000000
1.60882	.916818	.000000
1.60932	.916858	.000000
1.60981	.916925	.000000
1.61031	.916935	.000000
1.61082	.916959	.000000
1.61132	.917027	.000000
1.61182	.917119	.000000
1.61232	.917144	.000000
1.61282	.917134	.000000
1.61332	.917170	.000000
1.61382	.917177	.000000
1.61433	.917159	.000000
1.61483	.917121	.000000
1.61533	.917164	.000000
1.61584	.917215	.000000
1.61634	.917245	.000000
1.61684	.917277	.000000
1.61735	.917262	.000000
1.61785	.917247	.000000
1.61836	.917255	.000000
1.61886	.917223	.000000
1.61937	.917272	.000000
1.61987	.917386	.000000
1.62038	.917373	.000000
1.62089	.917322	.000000
1.62139	.917394	.000000
1.6219	.917441	.000000
1.62241	.917396	.000000
1.62292	.917407	.000000
1.62342	.917465	.000000
1.62393	.917494	.000000
1.62444	.917501	.000000
1.62495	.917497	.000000
1.62546	.917513	.000000
1.62597	.917529	.000000
1.62648	.917514	.000000
1.62699	.917481	.000000
1.6275	.917492	.000000
1.62801	.917567	.000000
1.62852	.917593	.000000
1.62904	.917590	.000000
1.62955	.917642	.000000
1.63006	.917654	.000000
1.63057	.917637	.000000
1.63109	.917674	.000000
1.6316	.917671	.000000
1.63211	.917689	.000000
1.63263	.917763	.000000
1.63314	.917755	.000000
1.63365	.917812	.000000
1.63417	.917827	.000000
1.63468	.917793	.000000
1.6352	.917921	.000000
1.63572	.917976	.000000
1.63623	.917898	.000000
1.63675	.917864	.000000
1.63727	.917849	.000000
1.63778	.917844	.000000
1.6383	.917878	.000000
1.63882	.917878	.000000
1.63934	.917887	.000000
1.63985	.917925	.000000
1.64037	.917992	.000000
1.64089	.918024	.000000
1.64141	.918017	.000000
1.64193	.918002	.000000
1.64245	.917991	.000000
1.64297	.918017	.000000
1.64349	.917966	.000000
1.64401	.917987	.000000
1.64454	.918087	.000000
1.64506	.918008	.000000
1.64558	.918019	.000000
1.6461	.918062	.000000
1.64663	.918094	.000000
1.64715	.918081	.000000
1.64767	.918060	.000000
1.6482	.918120	.000000
1.64872	.918141	.000000
1.64924	.918143	.000000
1.64977	.918216	.000000
1.65029	.918215	.000000
1.65082	.918141	.000000
1.65135	.918177	.000000
1.65187	.918228	.000000
1.6524	.918215	.000000
1.65292	.918262	.000000
1.65345	.918322	.000000
1.65398	.918262	.000000
1.65451	.918196	.000000
1.65504	.918243	.000000
1.65556	.918263	.000000
1.65609	.918201	.000000
1.65662	.918250	.000000
1.65715	.918331	.000000
1.65768	.918386	.000000
1.65821	.918408	.000000
1.65874	.918435	.000000
1.65927	.918407	.000000
1.6598	.918344	.000000
1.66034	.918322	.000000
1.66087	.918401	.000000
1.6614	.918465	.000000
1.66193	.918480	.000000
1.66246	.918486	.000000
1.663	.918486	.000000
1.66353	.918478	.000000
1.66407	.918489	.000000
1.6646	.918495	.000000
1.66513	.918525	.000000
1.66567	.918615	.000000
1.6662	.918657	.000000
1.66674	.918661	.000000
1.66728	.918612	.000000
1.66781	.918578	.000000
1.66835	.918591	.000000
1.66889	.918632	.000000
1.66942	.918595	.000000
1.66996	.918644	.000000
1.6705	.918721	.000000
1.67104	.918721	.000000
1.67158	.918694	.000000
1.67212	.918719	.000000
1.67265	.918794	.000000
1.67319	.918849	.000000
1.67373	.918828	.000000
1.67428	.918807	.000000
1.67482	.918860	.000000
1.67536	.918885	.000000
1.6759	.918856	.000000
1.67644	.918873	.000000
1.67698	.918883	.000000
1.67753	.918901	.000000
1.67807	.918930	.000000
1.67861	.918909	.000000
1.67916	.918868	.000000
1.6797	.918871	.000000
1.68024	.918924	.000000
1.68079	.918939	.000000
1.68133	.918941	.000000
1.68188	.918943	.000000
1.68242	.918979	.000000
1.68297	.919016	.000000
1.68352	.919020	.000000
1.68406	.919026	.000000
1.68461	.919065	.000000
1.68516	.919037	.000000
1.68571	.919037	.000000
1.68625	.919073	.000000
1.6868	.919060	.000000
1.68735	.919050	.000000
1.6879	.919086	.000000
1.68845	.919148	.000000
1.689	.919163	.000000
1.68955	.919182	.000000
1.6901	.919233	.000000
1.69065	.919199	.000000
1.6912	.919109	.000000
1.69176	.919120	.000000
1.69231	.919212	.000000
1.69286	.919225	.000000
1.69341	.919174	.000000
1.69397	.919212	.000000
1.69452	.919250	.000000
1.69508	.919231	.000000
1.69563	.919197	.000000
1.69618	.919220	.000000
1.69674	.919272	.000000
1.69729	.919301	.000000
1.69785	.919316	.000000
1.69841	.919344	.000000
1.69896	.919317	.000000
1.69952	.919282	.000000
1.70008	.919278	.000000
1.70064	.919316	.000000
1.70119	.919396	.000000
1.70175	.919395	.000000
1.70231	.919380	.000000
1.70287	.919385	.000000
1.70343	.919378	.000000
1.70399	.919406	.000000
1.70455	.919447	.000000
1.70511	.919440	.000000
1.70567	.919383	.000000
1.70623	.919357	.000000
1.70679	.919395	.000000
1.70736	.919438	.000000
1.70792	.919395	.000000
1.70848	.919368	.000000
1.70904	.919393	.000000
1.70961	.919410	.000000
1.71017	.919451	.000000
1.71074	.919472	.000000
1.7113	.919536	.000000
1.71187	.919577	.000000
1.71243	.919560	.000000
1.713	.919521	.000000
1.71356	.919508	.000000
1.71413	.919515	.000000
1.7147	.919509	.000000
1.71526	.919605	.000000
1.71583	.919698	.000000
1.7164	.919651	.000000
1.71697	.919634	.000000
1.71754	.919587	.000000
1.7181	.919541	.000000
1.71867	.919556	.000000
1.71924	.919596	.000000
1.71981	.919647	.000000
1.72039	.919668	.000000
1.72096	.919671	.000000
1.72153	.919647	.000000
1.7221	.919632	.000000
1.72267	.919675	.000000
1.72324	.919748	.000000
1.72382	.919762	.000000
1.72439	.919743	.000000
1.72496	.919756	.000000
1.72554	.919824	.000000
1.72611	.919773	.000000
1.72669	.919739	.000000
1.72726	.919782	.000000
1.72784	.919811	.000000
1.72841	.919888	.000000
1.72899	.919933	.000000
1.72957	.919895	.000000
1.73014	.919891	.000000
1.73072	.919935	.000000
1.7313	.919991	.000000
1.73188	.920033	.000000
1.73246	.920023	.000000
1.73304	.920053	.000000
1.73362	.920131	.000000
1.7342	.920172	.000000
1.73478	.920178	.000000
1.73536	.920146	.000000
1.73594	.920091	.000000
1.73652	.920108	.000000
1.7371	.920104	.000000
1.73768	.920149	.000000
1.73827	.920195	.000000
1.73885	.920232	.000000
1.73943	.920243	.000000
1.74002	.920253	.000000
1.7406	.920232	.000000
1.74118	.920238	.000000
1.74177	.920307	.000000
1.74235	.920315	.000000
1.74294	.920283	.000000
1.74353	.920311	.000000
1.74411	.920321	.000000
1.7447	.920343	.000000
1.74529	.920356	.000000
1.74588	.920420	.000000
1.74646	.920424	.000000
1.74705	.920420	.000000
1.74764	.920435	.000000
1.74823	.920482	.000000
1.74882	.920563	.000000
1.74941	.920607	.000000
1.75	.920575	.000000
1.75059	.920464	.000000
1.75118	.920422	.000000
1.75177	.920477	.000000
1.75237	.920560	.000000
1.75296	.920612	.000000
1.75355	.920597	.000000
1.75414	.920575	.000000
1.75474	.920609	.000000
1.75533	.920650	.000000
1.75593	.920697	.000000
1.75652	.920731	.000000
1.75712	.920684	.000000
1.75771	.920627	.000000
1.75831	.920659	.000000
1.75891	.920740	.000000
1.7595	.920767	.000000
1.7601	.920733	.000000
1.7607	.920737	.000000
1.7613	.920748	.000000
1.76189	.920787	.000000
1.76249	.920765	.000000
1.76309	.920776	.000000
1.76369	.920738	.000000
1.76429	.920716	.000000
1.76489	.920735	.000000
1.76549	.920767	.000000
1.76609	.920812	.000000
1.7667	.920844	.000000
1.7673	.920865	.000000
1.7679	.920874	.000000
1.7685	.920842	.000000
1.76911	.920915	.000000
1.76971	.920993	.000000
1.77032	.920994	.000000
1.77092	.920957	.000000
1.77153	.920970	.000000
1.77213	.920953	.000000
1.77274	.920949	.000000
1.77334	.920979	.000000
1.77395	.920959	.000000
1.77456	.920966	.000000
1.77516	.920968	.000000
1.77577	.920968	.000000
1.77638	.921017	.000000
1.77699	.921090	.000000
1.7776	.921043	.000000
1.77821	.921026	.000000
1.77882	.921077	.000000
1.77943	.921119	.000000
1.78004	.921130	.000000
1.78065	.921088	.000000
1.78126	.921111	.000000
1.78188	.921122	.000000
1.78249	.921117	.000000
1.7831	.921136	.000000
1.78371	.921173	.000000
1.78433	.921247	.000000
1.78494	.921241	.000000
1.78556	.921190	.000000
1.78617	.921209	.000000
1.78679	.921241	.000000
1.7874	.921305	.000000
1.78802	.921326	.000000
1.78864	.921273	.000000
1.78925	.921228	.000000
1.78987	.921275	.000000
1.79049	.921360	.000000
1.79111	.921348	.000000
1.79173	.921305	.000000
1.79235	.921335	.000000
1.79297	.921397	.000000
1.79359	.921343	.000000
1.79421	.921307	.000000
1.79483	.921360	.000000
1.79545	.921380	.000000
1.79607	.921341	.000000
1.79669	.921331	.000000
1.79732	.921392	.000000
1.79794	.921429	.000000
1.79856	.921405	.000000
1.79919	.921452	.000000
1.79981	.921469	.000000
1.80044	.921422	.000000
1.80106	.921463	.000000
1.80169	.921550	.000000
1.80232	.921512	.000000
1.80294	.921461	.000000
1.80357	.921491	.000000
1.8042	.921474	.000000
1.80483	.921454	.000000
1.80545	.921504	.000000
1.80608	.921548	.000000
1.80671	.921499	.000000
1.80734	.921450	.000000
1.80797	.921427	.000000
1.8086	.921484	.000000
1.80923	.921529	.000000
1.80987	.921531	.000000
1.8105	.921610	.000000
1.81113	.921646	.000000
1.81176	.921612	.000000
1.8124	.921591	.000000
1.81303	.921597	.000000
1.81366	.921621	.000000
1.8143	.921597	.000000
1.81493	.921649	.000000
1.81557	.921747	.000000
1.81621	.921753	.000000
1.81684	.921736	.000000
1.81748	.921689	.000000
1.81812	.921664	.000000
1.81875	.921642	.000000
1.81939	.921657	.000000
1.82003	.921687	.000000
1.82067	.921678	.000000
1.82131	.921695	.000000
1.82195	.921742	.000000
1.82259	.921770	.000000
1.82323	.921785	.000000
1.82387	.921766	.000000
1.82451	.921747	.000000
1.82516	.921759	.000000
1.8258	.921730	.000000
1.82644	.921719	.000000
1.82709	.921749	.000000
1.82773	.921711	.000000
1.82837	.921747	.000000
1.82902	.921783	.000000
1.82966	.921764	.000000
1.83031	.921783	.000000
1.83096	.921802	.000000
1.8316	.921779	.000000
1.83225	.921783	.000000
1.8329	.921824	.000000
1.83355	.921902	.000000
1.8342	.921935	.000000
1.83484	.921898	.000000
1.83549	.921858	.000000
1.83614	.921866	.000000
1.83679	.921841	.000000
1.83745	.921838	.000000
1.8381	.921883	.000000
1.83875	.921839	.000000
1.8394	.921804	.000000
1.84005	.921841	.000000
1.84071	.921843	.000000
1.84136	.921860	.000000
1.84201	.921958	.000000
1.84267	.922003	.000000
1.84332	.921920	.000000
1.84398	.921888	.000000
1.84464	.921941	.000000
1.84529	.921926	.000000
1.84595	.921939	.000000
1.84661	.921967	.000000
1.84727	.921977	.000000
1.84792	.921937	.000000
1.84858	.921998	.000000
1.84924	.922095	.000000
1.8499	.922131	.000000
1.85056	.922152	.000000
1.85122	.922107	.000000
1.85188	.922043	.000000
1.85255	.922037	.000000
1.85321	.922056	.000000
1.85387	.922086	.000000
1.85453	.922133	.000000
1.8552	.922158	.000000
1.85586	.922137	.000000
1.85653	.922103	.000000
1.85719	.922110	.000000
1.85786	.922112	.000000
1.85852	.922103	.000000
1.85919	.922114	.000000
1.85986	.922208	.000000
1.86052	.922212	.000000
1.86119	.922158	.000000
1.86186	.922141	.000000
1.86253	.922158	.000000
1.8632	.922184	.000000
1.86387	.922216	.000000
1.86454	.922195	.000000
1.86521	.922180	.000000
1.86588	.922278	.000000
1.86655	.922274	.000000
1.86722	.922180	.000000
1.8679	.922199	.000000
1.86857	.922199	.000000
1.86924	.922184	.000000
1.86992	.922148	.000000
1.87059	.922144	.000000
1.87127	.922205	.000000
1.87194	.922216	.000000
1.87262	.922094	.000000
1.8733	.922060	.000000
1.87397	.922063	.000000
1.87465	.922107	.000000
1.87533	.922127	.000000
1.87601	.922045	.000000
1.87669	.922009	.000000
1.87736	.922018	.000000
1.87804	.922005	.000000
1.87873	.921992	.000000
1.87941	.922003	.000000
1.88009	.922035	.000000
1.88077	.922030	.000000
1.88145	.922018	.000000
1.88214	.922052	.000000
1.88282	.922056	.000000
1.8835	.921988	.000000
1.88419	.921915	.000000
1.88487	.921841	.000000
1.88556	.921798	.000000
1.88624	.921794	.000000
1.88693	.921777	.000000
1.88762	.921806	.000000
1.8883	.921830	.000000
1.88899	.921807	.000000
1.88968	.921783	.000000
1.89037	.921779	.000000
1.89106	.921768	.000000
1.89175	.921689	.000000
1.89244	.921619	.000000
1.89313	.921621	.000000
1.89382	.921617	.000000
1.89451	.921553	.000000
1.89521	.921510	.000000
1.8959	.921514	.000000
1.89659	.921518	.000000
1.89729	.921503	.000000
1.89798	.921535	.000000
1.89868	.921497	.000000
1.89937	.921429	.000000
1.90007	.921403	.000000
1.90077	.921378	.000000
1.90146	.921360	.000000
1.90216	.921346	.000000
1.90286	.921331	.000000
1.90356	.921348	.000000
1.90426	.921354	.000000
1.90496	.921271	.000000
1.90566	.921245	.000000
1.90636	.921252	.000000
1.90706	.921245	.000000
1.90776	.921203	.000000
1.90846	.921188	.000000
1.90916	.921222	.000000
1.90987	.921232	.000000
1.91057	.921186	.000000
1.91128	.921145	.000000
1.91198	.921156	.000000
1.91269	.921141	.000000
1.91339	.921098	.000000
1.9141	.921066	.000000
1.9148	.921049	.000000
1.91551	.921075	.000000
1.91622	.921053	.000000
1.91693	.921026	.000000
1.91764	.921068	.000000
1.91835	.921083	.000000
1.91906	.921092	.000000
1.91977	.921062	.000000
1.92048	.921092	.000000
1.92119	.921143	.000000
1.9219	.921107	.000000
1.92261	.921038	.000000
1.92333	.920985	.000000
1.92404	.921026	.000000
1.92476	.921124	.000000
1.92547	.921132	.000000
1.92619	.921113	.000000
1.9269	.921109	.000000
1.92762	.921122	.000000
1.92834	.921132	.000000
1.92905	.921132	.000000
1.92977	.921164	.000000
1.93049	.921168	.000000
1.93121	.921211	.000000
1.93193	.921267	.000000
1.93265	.921273	.000000
1.93337	.921286	.000000
1.93409	.921314	.000000
1.93481	.921331	.000000
1.93553	.921337	.000000
1.93626	.921386	.000000
1.93698	.921307	.000000
1.9377	.921309	.000000
1.93843	.921384	.000000
1.93915	.921437	.000000
1.93988	.921448	.000000
1.94061	.921442	.000000
1.94133	.921465	.000000
1.94206	.921476	.000000
1.94279	.921499	.000000
1.94351	.921495	.000000
1.94424	.921489	.000000
1.94497	.921461	.000000
1.9457	.921510	.000000
1.94643	.921557	.000000
1.94716	.921542	.000000
1.9479	.921497	.000000
1.94863	.921484	.000000
1.94936	.921536	.000000
1.95009	.921608	.000000
1.95083	.921587	.000000
1.95156	.921576	.000000
1.9523	.921608	.000000
1.95303	.921640	.000000
1.95377	.921608	.000000
1.9545	.921595	.000000
1.95524	.921599	.000000
1.95598	.921615	.000000
1.95672	.921659	.000000
1.95746	.921700	.000000
1.9582	.921708	.000000
1.95894	.921753	.000000
1.95968	.921783	.000000
1.96042	.921719	.000000
1.96116	.921725	.000000
1.9619	.921759	.000000
1.96264	.921757	.000000
1.96339	.921764	.000000
1.96413	.921770	.000000
1.96487	.921783	.000000
1.96562	.921826	.000000
1.96636	.921828	.000000
1.96711	.921896	.000000
1.96786	.921907	.000000
1.9686	.921791	.000000
1.96935	.921779	.000000
1.9701	.921783	.000000
1.97085	.921849	.000000
1.9716	.921894	.000000
1.97235	.921890	.000000
1.9731	.921888	.000000
1.97385	.921862	.000000
1.9746	.921875	.000000
1.97535	.921941	.000000
1.97611	.922014	.000000
1.97686	.921984	.000000
1.97761	.921875	.000000
1.97837	.921860	.000000
1.97912	.921928	.000000
1.97988	.921986	.000000
1.98064	.921966	.000000
1.98139	.921928	.000000
1.98215	.921894	.000000
1.98291	.921911	.000000
1.98367	.921915	.000000
1.98443	.921896	.000000
1.98519	.921924	.000000
1.98595	.921966	.000000
1.98671	.921941	.000000
1.98747	.921982	.000000
1.98823	.922052	.000000
1.98899	.922028	.000000
1.98976	.921954	.000000
1.99052	.921952	.000000
1.99129	.921982	.000000
1.99205	.921979	.000000
1.99282	.921999	.000000
1.99358	.922024	.000000
1.99435	.922031	.000000
1.99512	.922052	.000000
1.99589	.922069	.000000
1.99665	.922069	.000000
1.99742	.922092	.000000
1.99819	.922078	.000000
1.99896	.922069	.000000
1.99973	.922071	.000000
2.00051	.922086	.000000
2.00128	.922086	.000000
2.00205	.922135	.000000
2.00282	.922146	.000000
2.0036	.922131	.000000
2.00437	.922112	.000000
2.00515	.922156	.000000
2.00592	.922210	.000000
2.0067	.922227	.000000
2.00748	.922222	.000000
2.00825	.922174	.000000
2.00903	.922142	.000000
2.00981	.922169	.000000
2.01059	.922201	.000000
2.01137	.922229	.000000
2.01215	.922250	.000000
2.01293	.922225	.000000
2.01371	.922257	.000000
2.0145	.922316	.000000
2.01528	.922289	.000000
2.01606	.922265	.000000
2.01685	.922270	.000000
2.01763	.922302	.000000
2.01842	.922329	.000000
2.0192	.922366	.000000
2.01999	.922397	.000000
2.02078	.922346	.000000
2.02157	.922302	.000000
2.02235	.922350	.000000
2.02314	.922383	.000000
2.02393	.922361	.000000
2.02472	.922370	.000000
2.02552	.922370	.000000
2.02631	.922372	.000000
2.0271	.922429	.000000
2.02789	.922474	.000000
2.02869	.922487	.000000
2.02948	.922466	.000000
2.03027	.922523	.000000
2.03107	.922517	.000000
2.03187	.922444	.000000
2.03266	.922427	.000000
2.03346	.922423	.000000
2.03426	.922461	.000000
2.03506	.922517	.000000
2.03585	.922536	.000000
2.03665	.922547	.000000
2.03745	.922509	.000000
2.03826	.922489	.000000
2.03906	.922493	.000000
2.03986	.922498	.000000
2.04066	.922536	.000000
2.04147	.922577	.000000
2.04227	.922566	.000000
2.04307	.922496	.000000
2.04388	.922451	.000000
2.04469	.922504	.000000
2.04549	.922521	.000000
2.0463	.922498	.000000
2.04711	.922500	.000000
2.04792	.922568	.000000
2.04873	.922617	.000000
2.04954	.922626	.000000
2.05035	.922607	.000000
2.05116	.922587	.000000
2.05197	.922557	.000000
2.05278	.922568	.000000
2.05359	.922583	.000000
2.05441	.922573	.000000
2.05522	.922594	.000000
2.05604	.922602	.000000
2.05685	.922585	.000000
2.05767	.922562	.000000
2.05849	.922577	.000000
2.0593	.922636	.000000
2.06012	.922653	.000000
2.06094	.922622	.000000
2.06176	.922594	.000000
2.06258	.922577	.000000
2.0634	.922617	.000000
2.06422	.922613	.000000
2.06505	.922605	.000000
2.06587	.922598	.000000
2.06669	.922611	.000000
2.06752	.922643	.000000
2.06834	.922637	.000000
2.06917	.922641	.000000
2.06999	.922615	.000000
2.07082	.922589	.000000
2.07165	.922590	.000000
2.07247	.922600	.000000
2.0733	.922619	.000000
2.07413	.922602	.000000
2.07496	.922617	.000000
2.07579	.922636	.000000
2.07662	.922604	.000000
2.07746	.922570	.000000
2.07829	.922632	.000000
2.07912	.922651	.000000
2.07996	.922611	.000000
2.08079	.922590	.000000
2.08163	.922600	.000000
2.08246	.922632	.000000
2.0833	.922604	.000000
2.08414	.922596	.000000
2.08498	.922645	.000000
2.08581	.922632	.000000
2.08665	.922602	.000000
2.08749	.922605	.000000
2.08833	.922560	.000000
2.08918	.922570	.000000
2.09002	.922624	.000000
2.09086	.922649	.000000
2.0917	.922605	.000000
2.09255	.922605	.000000
2.09339	.922621	.000000
2.09424	.922590	.000000
2.09508	.922573	.000000
2.09593	.922643	.000000
2.09678	.922628	.000000
2.09763	.922587	.000000
2.09848	.922611	.000000
2.09933	.922622	.000000
2.10018	.922598	.000000
2.10103	.922615	.000000
2.10188	.922615	.000000
2.10273	.922626	.000000
2.10359	.922592	.000000
2.10444	.922577	.000000
2.10529	.922605	.000000
2.10615	.922583	.000000
2.107	.922607	.000000
2.10786	.922594	.000000
2.10872	.922521	.000000
2.10958	.922577	.000000
2.11044	.922622	.000000
2.11129	.922622	.000000
2.11215	.922579	.000000
2.11302	.922545	.000000
2.11388	.922581	.000000
2.11474	.922641	.000000
2.1156	.922624	.000000
2.11647	.922592	.000000
2.11733	.922622	.000000
2.1182	.922621	.000000
2.11906	.922622	.000000
2.11993	.922598	.000000
2.12079	.922577	.000000
2.12166	.922547	.000000
2.12253	.922564	.000000
2.1234	.922613	.000000
2.12427	.922602	.000000
2.12514	.922564	.000000
2.12601	.922532	.000000
2.12688	.922519	.000000
2.12776	.922541	.000000
2.12863	.922558	.000000
2.1295	.922525	.000000
2.13038	.922511	.000000
2.13126	.922521	.000000
2.13213	.922553	.000000
2.13301	.922534	.000000
2.13389	.922543	.000000
2.13477	.922605	.000000
2.13564	.922543	.000000
2.13652	.922496	.000000
2.13741	.922498	.000000
2.13829	.922534	.000000
2.13917	.922515	.000000
2.14005	.922455	.000000
2.14094	.922445	.000000
2.14182	.922434	.000000
2.14271	.922397	.000000
2.14359	.922400	.000000
2.14448	.922421	.000000
2.14537	.922398	.000000
2.14625	.922432	.000000
2.14714	.922525	.000000
2.14803	.922541	.000000
2.14892	.922457	.000000
2.14981	.922402	.000000
2.15071	.922380	.000000
2.1516	.922361	.000000
2.15249	.922355	.000000
2.15339	.922361	.000000
2.15428	.922385	.000000
2.15518	.922372	.000000
2.15607	.922323	.000000
2.15697	.922284	.000000
2.15787	.922238	.000000
2.15876	.922206	.000000
2.15966	.922197	.000000
2.16056	.922222	.000000
2.16146	.922203	.000000
2.16237	.922152	.000000
2.16327	.922169	.000000
2.16417	.922163	.000000
2.16507	.922099	.000000
2.16598	.922086	.000000
2.16688	.922073	.000000
2.16779	.922024	.000000
2.1687	.922016	.000000
2.1696	.922013	.000000
2.17051	.922009	.000000
2.17142	.921928	.000000
2.17233	.921935	.000000
2.17324	.921928	.000000
2.17415	.921879	.000000
2.17507	.921870	.000000
2.17598	.921896	.000000
2.17689	.921937	.000000
2.17781	.921887	.000000
2.17872	.921826	.000000
2.17964	.921806	.000000
2.18055	.921768	.000000
2.18147	.921736	.000000
2.18239	.921730	.000000
2.18331	.921806	.000000
2.18423	.921830	.000000
2.18515	.921719	.000000
2.18607	.921695	.000000
2.18699	.921698	.000000
2.18792	.921678	.000000
2.18884	.921623	.000000
2.18976	.921602	.000000
2.19069	.921689	.000000
2.19161	.921717	.000000
2.19254	.921708	.000000
2.19347	.921647	.000000
2.1944	.921583	.000000
2.19533	.921642	.000000
2.19626	.921715	.000000
2.19719	.921725	.000000
2.19812	.921723	.000000
2.19905	.921743	.000000
2.19998	.921706	.000000
2.20092	.921691	.000000
2.20185	.921717	.000000
2.20279	.921670	.000000
2.20372	.921685	.000000
2.20466	.921755	.000000
2.2056	.921740	.000000
2.20654	.921702	.000000
2.20748	.921730	.000000
2.20842	.921770	.000000
2.20936	.921751	.000000
2.2103	.921706	.000000
2.21124	.921698	.000000
2.21219	.921653	.000000
2.21313	.921574	.000000
2.21408	.921597	.000000
2.21502	.921617	.000000
2.21597	.921642	.000000
2.21692	.921636	.000000
2.21786	.921640	.000000
2.21881	.921666	.000000
2.21976	.921659	.000000
2.22071	.921683	.000000
2.22167	.921728	.000000
2.22262	.921715	.000000
2.22357	.921753	.000000
2.22453	.921762	.000000
2.22548	.921693	.000000
2.22644	.921691	.000000
2.22739	.921696	.000000
2.22835	.921642	.000000
2.22931	.921730	.000000
2.23027	.921838	.000000
2.23123	.921860	.000000
2.23219	.921858	.000000
2.23315	.921843	.000000
2.23411	.921774	.000000
2.23507	.921759	.000000
2.23604	.921785	.000000
2.237	.921777	.000000
2.23797	.921768	.000000
2.23893	.921753	.000000
2.2399	.921775	.000000
2.24087	.921841	.000000
2.24184	.921813	.000000
2.24281	.921783	.000000
2.24378	.921802	.000000
2.24475	.921772	.000000
2.24572	.921779	.000000
2.2467	.921817	.000000
2.24767	.921892	.000000
2.24864	.921887	.000000
2.24962	.921836	.000000
2.2506	.921834	.000000
2.25157	.921864	.000000
2.25255	.921915	.000000
2.25353	.921926	.000000
2.25451	.921911	.000000
2.25549	.921922	.000000
2.25647	.921952	.000000
2.25746	.921958	.000000
2.25844	.921949	.000000
2.25942	.921937	.000000
2.26041	.921939	.000000
2.26139	.921973	.000000
2.26238	.921922	.000000
2.26337	.921920	.000000
2.26436	.921994	.000000
2.26535	.922056	.000000
2.26634	.922030	.000000
2.26733	.921935	.000000
2.26832	.921954	.000000
2.26931	.921975	.000000
2.27031	.922001	.000000
2.2713	.922007	.000000
2.2723	.922020	.000000
2.27329	.922001	.000000
2.27429	.922018	.000000
2.27529	.922030	.000000
2.27629	.922041	.000000
2.27729	.922110	.000000
2.27829	.922184	.000000
2.27929	.922174	.000000
2.28029	.922099	.000000
2.28129	.922037	.000000
2.2823	.922110	.000000
2.2833	.922144	.000000
2.28431	.922120	.000000
2.28532	.922133	.000000
2.28632	.922222	.000000
2.28733	.922274	.000000
2.28834	.922284	.000000
2.28935	.922263	.000000
2.29036	.922240	.000000
2.29138	.922238	.000000
2.29239	.922289	.000000
2.2934	.922312	.000000
2.29442	.922291	.000000
2.29543	.922259	.000000
2.29645	.922269	.000000
2.29747	.922259	.000000
2.29849	.922301	.000000
2.29951	.922289	.000000
2.30053	.922269	.000000
2.30155	.922342	.000000
2.30257	.922291	.000000
2.30359	.922182	.000000
2.30462	.922191	.000000
2.30564	.922233	.000000
2.30667	.922229	.000000
2.30769	.922220	.000000
2.30872	.922212	.000000
2.30975	.922150	.000000
2.31078	.922186	.000000
2.31181	.922238	.000000
2.31284	.922265	.000000
2.31387	.922287	.000000
2.31491	.922280	.000000
2.31594	.922274	.000000
2.31698	.922376	.000000
2.31801	.922468	.000000
2.31905	.922519	.000000
2.32009	.922549	.000000
2.32112	.922521	.000000
2.32216	.922532	.000000
2.3232	.922575	.000000
2.32425	.922605	.000000
2.32529	.922666	.000000
2.32633	.922692	.000000
2.32738	.922696	.000000
2.32842	.922673	.000000
2.32947	.922664	.000000
2.33051	.922705	.000000
2.33156	.922694	.000000
2.33261	.922767	.000000
2.33366	.922844	.000000
2.33471	.922765	.000000
2.33576	.922717	.000000
2.33682	.922715	.000000
2.33787	.922673	.000000
2.33893	.922632	.000000
2.33998	.922683	.000000
2.34104	.922724	.000000
2.34209	.922750	.000000
2.34315	.922735	.000000
2.34421	.922683	.000000
2.34527	.922662	.000000
2.34633	.922685	.000000
2.3474	.922662	.000000
2.34846	.922662	.000000
2.34952	.922688	.000000
2.35059	.922685	.000000
2.35166	.922658	.000000
2.35272	.922681	.000000
2.35379	.922722	.000000
2.35486	.922786	.000000
2.35593	.922826	.000000
2.357	.922846	.000000
2.35807	.922869	.000000
2.35915	.922858	.000000
2.36022	.922850	.000000
2.36129	.922865	.000000
2.36237	.922861	.000000
2.36345	.922831	.000000
2.36452	.922799	.000000
2.3656	.922816	.000000
2.36668	.922822	.000000
2.36776	.922828	.000000
2.36885	.922865	.000000
2.36993	.922809	.000000
2.37101	.922782	.000000
2.3721	.922856	.000000
2.37318	.922829	.000000
2.37427	.922700	.000000
2.37536	.922617	.000000
2.37645	.922636	.000000
2.37754	.922711	.000000
2.37863	.922732	.000000
2.37972	.922677	.000000
2.38081	.922660	.000000
2.38191	.922630	.000000
2.383	.922619	.000000
2.3841	.922604	.000000
2.38519	.922607	.000000
2.38629	.922651	.000000
2.38739	.922589	.000000
2.38849	.922532	.000000
2.38959	.922573	.000000
2.39069	.922630	.000000
2.39179	.922632	.000000
2.3929	.922598	.000000
2.394	.922560	.000000
2.39511	.922557	.000000
2.39622	.922570	.000000
2.39732	.922526	.000000
2.39843	.922468	.000000
2.39954	.922438	.000000
2.40065	.922526	.000000
2.40177	.922560	.000000
2.40288	.922483	.000000
2.40399	.922466	.000000
2.40511	.922498	.000000
2.40622	.922445	.000000
2.40734	.922404	.000000
2.40846	.922410	.000000
2.40958	.922434	.000000
2.4107	.922423	.000000
2.41182	.922372	.000000
2.41294	.922361	.000000
2.41407	.922299	.000000
2.41519	.922238	.000000
2.41632	.922263	.000000
2.41744	.922316	.000000
2.41857	.922299	.000000
2.4197	.922205	.000000
2.42083	.922195	.000000
2.42196	.922248	.000000
2.42309	.922272	.000000
2.42423	.922203	.000000
2.42536	.922188	.000000
2.42649	.922163	.000000
2.42763	.922144	.000000
2.42877	.922120	.000000
2.42991	.922073	.000000
2.43105	.922069	.000000
2.43219	.922071	.000000
2.43333	.922062	.000000
2.43447	.922018	.000000
2.43561	.921935	.000000
2.43676	.921964	.000000
2.4379	.922003	.000000
2.43905	.921966	.000000
2.4402	.921903	.000000
2.44135	.921871	.000000
2.4425	.921881	.000000
2.44365	.921864	.000000
2.4448	.921775	.000000
2.44595	.921681	.000000
2.44711	.921777	.000000
2.44826	.921871	.000000
2.44942	.921779	.000000
2.45058	.921678	.000000
2.45174	.921676	.000000
2.4529	.921711	.000000
2.45406	.921661	.000000
2.45522	.921563	.000000
2.45638	.921538	.000000
2.45755	.921559	.000000
2.45871	.921553	.000000
2.45988	.921503	.000000
2.46105	.921491	.000000
2.46221	.921504	.000000
2.46338	.921557	.000000
2.46455	.921503	.000000
2.46573	.921450	.000000
2.4669	.921469	.000000
2.46807	.921482	.000000
2.46925	.921448	.000000
2.47043	.921328	.000000
2.4716	.921333	.000000
2.47278	.921392	.000000
2.47396	.921420	.000000
2.47514	.921363	.000000
2.47632	.921209	.000000
2.47751	.921181	.000000
2.47869	.921237	.000000
2.47988	.921279	.000000
2.48106	.921239	.000000
2.48225	.921151	.000000
2.48344	.921184	.000000
2.48463	.921275	.000000
2.48582	.921209	.000000
2.48701	.921096	.000000
2.48821	.921072	.000000
2.4894	.921072	.000000
2.4906	.921104	.000000
2.49179	.921096	.000000
2.49299	.921098	.000000
2.49419	.921077	.000000
2.49539	.920953	.000000
2.49659	.920923	.000000
2.49779	.920883	.000000
2.499	.920812	.000000
2.5002	.920812	.000000
2.50141	.920804	.000000
2.50262	.920814	.000000
2.50383	.920806	.000000
2.50503	.920802	.000000
2.50625	.920802	.000000
2.50746	.920784	.000000
2.50867	.920797	.000000
2.50989	.920774	.000000
2.5111	.920689	.000000
2.51232	.920686	.000000
2.51353	.920701	.000000
2.51475	.920703	.000000
2.51597	.920729	.000000
2.51719	.920753	.000000
2.51842	.920738	.000000
2.51964	.920695	.000000
2.52087	.920663	.000000
2.52209	.920652	.000000
2.52332	.920667	.000000
2.52455	.920708	.000000
2.52578	.920706	.000000
2.52701	.920686	.000000
2.52824	.920701	.000000
2.52947	.920684	.000000
2.53071	.920703	.000000
2.53194	.920695	.000000
2.53318	.920656	.000000
2.53442	.920705	.000000
2.53566	.920712	.000000
2.5369	.920689	.000000
2.53814	.920688	.000000
2.53938	.920703	.000000
2.54063	.920688	.000000
2.54187	.920673	.000000
2.54312	.920725	.000000
2.54437	.920767	.000000
2.54562	.920716	.000000
2.54687	.920689	.000000
2.54812	.920740	.000000
2.54937	.920742	.000000
2.55063	.920701	.000000
2.55188	.920607	.000000
2.55314	.920577	.000000
2.55439	.920618	.000000
2.55565	.920659	.000000
2.55691	.920705	.000000
2.55817	.920740	.000000
2.55944	.920720	.000000
2.5607	.920669	.000000
2.56197	.920656	.000000
2.56323	.920684	.000000
2.5645	.920674	.000000
2.56577	.920610	.000000
2.56704	.920659	.000000
2.56831	.920714	.000000
2.56958	.920682	.000000
2.57086	.920665	.000000
2.57213	.920616	.000000
2.57341	.920562	.000000
2.57469	.920646	.000000
2.57597	.920594	.000000
2.57725	.920522	.000000
2.57853	.920484	.000000
2.57981	.920545	.000000
2.5811	.920612	.000000
2.58238	.920629	.000000
2.58367	.920635	.000000
2.58496	.920565	.000000
2.58624	.920475	.000000
2.58754	.920556	.000000
2.58883	.920569	.000000
2.59012	.920516	.000000
2.59141	.920462	.000000
2.59271	.920326	.000000
2.59401	.920106	.000000
2.59531	.920185	.000000
2.5966	.920170	.000000
2.59791	.920292	.000000
2.59921	.920390	.000000
2.60051	.920345	.000000
2.60182	.920319	.000000
2.60312	.920251	.000000
2.60443	.920117	.000000
2.60574	.920006	.000000
2.60705	.920074	.000000
2.60836	.920142	.000000
2.60967	.920102	.000000
2.61099	.920044	.000000
2.6123	.920001	.000000
2.61362	.920018	.000000
2.61494	.919974	.000000
2.61626	.919907	.000000
2.61758	.919886	.000000
2.6189	.919684	.000000
2.62022	.919511	.000000
2.62155	.919587	.000000
2.62287	.919651	.000000
2.6242	.919579	.000000
2.62553	.919417	.000000
2.62686	.919237	.000000
2.62819	.919163	.000000
2.62952	.919122	.000000
2.63086	.919105	.000000
2.63219	.919095	.000000
2.63353	.919071	.000000
2.63487	.918930	.000000
2.63621	.918706	.000000
2.63755	.918634	.000000
2.63889	.918555	.000000
2.64023	.918433	.000000
2.64158	.918358	.000000
2.64293	.918220	.000000
2.64427	.917998	.000000
2.64562	.917793	.000000
2.64697	.917586	.000000
2.64832	.917353	.000000
2.64968	.917036	.000000
2.65103	.916692	.000000
2.65239	.916389	.000000
2.65375	.916041	.000000
2.6551	.915578	.000000
2.65646	.915085	.000000
2.65783	.914473	.000000
2.65919	.913822	.000000
2.66055	.913091	.000000
2.66192	.912196	.000000
2.66329	.911181	.000000
2.66466	.910078	.000000
2.66603	.908968	.000000
2.6674	.907835	.000000
2.66877	.906463	.000000
2.67014	.904716	.000000
2.67152	.902806	.000000
2.6729	.901042	.000000
2.67427	.899335	.000000
2.67565	.897922	.000000
2.67704	.896888	.000000
2.67842	.895895	.000000
2.6798	.894769	.000000
2.68119	.893704	.000000
2.68258	.892518	.000000
2.68396	.891338	.000000
2.68535	.890117	.000000
2.68675	.888918	.000000
2.68814	.887770	.000000
2.68953	.886736	.000000
2.69093	.885664	.000000
2.69233	.884510	.000000
2.69372	.883379	.000000
2.69512	.882344	.000000
2.69653	.881160	.000000
2.69793	.879903	.000000
2.69933	.878561	.000000
2.70074	.877315	.000000
2.70215	.875943	.000000
2.70356	.874582	.000000
2.70497	.873368	.000000
2.70638	.872252	.000000
2.70779	.871177	.000000
2.70921	.870136	.000000
2.71062	.868943	.000000
2.71204	.867891	.000000
2.71346	.866971	.000000
2.71488	.865986	.000000
2.7163	.864897	.000000
2.71772	.863797	.000000
2.71915	.862630	.000000
2.72058	.861518	.000000
2.722	.860315	.000000
2.72343	.859021	.000000
2.72486	.857750	.000000
2.7263	.856613	.000000
2.72773	.855544	.000000
2.72917	.854443	.000000
2.7306	.853241	.000000
2.73204	.851970	.000000
2.73348	.850625	.000000
2.73493	.849301	.000000
2.73637	.847850	.000000
2.73781	.846465	.000000
2.73926	.845061	.000000
2.74071	.843537	.000000
2.74216	.842078	.000000
2.74361	.840520	.000000
2.74506	.838903	.000000
2.74651	.837439	.000000
2.74797	.835901	.000000
2.74943	.834333	.000000
2.75089	.832709	.000000
2.75234	.831026	.000000
2.75381	.829336	.000000
2.75527	.827750	.000000
2.75673	.826174	.000000
2.7582	.824582	.000000
2.75967	.822886	.000000
2.76114	.821294	.000000
2.76261	.819946	.000000
2.76408	.818616	.000000
2.76556	.817362	.000000
2.76703	.816146	.000000
2.76851	.814842	.000000
2.76999	.813568	.000000
2.77147	.812305	.000000
2.77295	.811055	.000000
2.77443	.809791	.000000
2.77592	.808479	.000000
2.77741	.807300	.000000
2.77889	.806260	.000000
2.78038	.805257	.000000
2.78188	.804206	.000000
2.78337	.803156	.000000
2.78486	.802085	.000000
2.78636	.801041	.000000
2.78786	.800030	.000000
2.78936	.798901	.000000
2.79086	.797871	.000000
2.79236	.796924	.000000
2.79387	.795993	.000000
2.79537	.795080	.000000
2.79688	.794190	.000000
2.79839	.793335	.000000
2.7999	.792451	.000000
2.80141	.791504	.000000
2.80293	.790685	.000000
2.80444	.789823	.000000
2.80596	.788920	.000000
2.80748	.788084	.000000
2.809	.787294	.000000
2.81052	.786515	.000000
2.81205	.785703	.000000
2.81357	.784983	.000000
2.8151	.784309	.000000
2.81663	.783605	.000000
2.81816	.782918	.000000
2.81969	.782154	.000000
2.82123	.781463	.000000
2.82276	.780857	.000000
2.8243	.780226	.000000
2.82584	.779489	.000000
2.82738	.778830	.000000
2.82892	.778184	.000000
2.83047	.777575	.000000
2.83201	.776957	.000000
2.83356	.776327	.000000
2.83511	.775704	.000000
2.83666	.775053	.000000
2.83821	.774458	.000000
2.83977	.773886	.000000
2.84132	.773240	.000000
2.84288	.772578	.000000
2.84444	.771900	.000000
2.846	.771277	.000000
2.84757	.770718	.000000
2.84913	.770187	.000000
2.8507	.769619	.000000
2.85226	.769073	.000000
2.85383	.768544	.000000
2.8554	.767974	.000000
2.85698	.767381	.000000
2.85855	.766843	.000000
2.86013	.766382	.000000
2.86171	.765947	.000000
2.86329	.765365	.000000
2.86487	.764744	.000000
2.86645	.764261	.000000
2.86804	.763833	.000000
2.86963	.763359	.000000
2.87122	.762913	.000000
2.87281	.762388	.000000
2.8744	.761893	.000000
2.87599	.761486	.000000
2.87759	.761144	.000000
2.87919	.760719	.000000
2.88079	.760231	.000000
2.88239	.759791	.000000
2.88399	.759350	.000000
2.8856	.758936	.000000
2.8872	.758550	.000000
2.88881	.758198	.000000
2.89042	.757875	.000000
2.89203	.757530	.000000
2.89365	.757195	.000000
2.89526	.756862	.000000
2.89688	.756595	.000000
2.8985	.756305	.000000
2.90012	.755972	.000000
2.90174	.755573	.000000
2.90337	.755292	.000000
2.90499	.755140	.000000
2.90662	.754946	.000000
2.90825	.754724	.000000
2.90988	.754430	.000000
2.91152	.754186	.000000
2.91315	.753988	.000000
2.91479	.753753	.000000
2.91643	.753491	.000000
2.91807	.753215	.000000
2.91972	.753000	.000000
2.92136	.752866	.000000
2.92301	.752744	.000000
2.92466	.752430	.000000
2.92631	.752202	.000000
2.92796	.752035	.000000
2.92961	.751918	.000000
2.93127	.751852	.000000
2.93293	.751683	.000000
2.93459	.751470	.000000
2.93625	.751299	.000000
2.93791	.751236	.000000
2.93958	.751163	.000000
2.94124	.751037	.000000
2.94291	.750885	.000000
2.94459	.750843	.000000
2.94626	.750766	.000000
2.94793	.750657	.000000
2.94961	.750527	.000000
2.95129	.750482	.000000
2.95297	.750470	.000000
2.95465	.750499	.000000
2.95634	.750546	.000000
2.95802	.750572	.000000
2.95971	.750512	.000000
2.9614	.750380	.000000
2.96309	.750316	.000000
2.96479	.750333	.000000
2.96648	.750380	.000000
2.96818	.750365	.000000
2.96988	.750361	.000000
2.97158	.750442	.000000
2.97329	.750461	.000000
2.97499	.750482	.000000
2.9767	.750557	.000000
2.97841	.750555	.000000
2.98012	.750544	.000000
2.98184	.750614	.000000
2.98355	.750773	.000000
2.98527	.750805	.000000
2.98699	.750935	.000000
2.98871	.751061	.000000
2.99043	.751069	.000000
2.99216	.751090	.000000
2.99389	.751152	.000000
2.99562	.751246	.000000
2.99735	.751385	.000000
2.99908	.751556	.000000
3.00082	.751671	.000000
3.00255	.751748	.000000
3.00429	.751859	.000000
3.00604	.751933	.000000
3.00778	.751950	.000000
3.00953	.752151	.000000
3.01127	.752311	.000000
3.01302	.752356	.000000
3.01477	.752529	.000000
3.01653	.752697	.000000
3.01828	.752806	.000000
3.02004	.752913	.000000
3.0218	.752991	.000000
3.02356	.753128	.000000
3.02533	.753224	.000000
3.02709	.753301	.000000
3.02886	.753412	.000000
3.03063	.753629	.000000
3.03241	.753708	.000000
3.03418	.753749	.000000
3.03596	.753928	.000000
3.03773	.754024	.000000
3.03952	.754097	.000000
3.0413	.754317	.000000
3.04308	.754445	.000000
3.04487	.754545	.000000
3.04666	.754673	.000000
3.04845	.754767	.000000
3.05024	.754837	.000000
3.05204	.754939	.000000
3.05383	.755067	.000000
3.05563	.755112	.000000
3.05744	.755123	.000000
3.05924	.755230	.000000
3.06105	.755486	.000000
3.06285	.755729	.000000
3.06466	.755951	.000000
3.06648	.756081	.000000
3.06829	.756077	.000000
3.07011	.756169	.000000
3.07193	.756377	.000000
3.07375	.756518	.000000
3.07557	.756646	.000000
3.0774	.756832	.000000
3.07922	.756954	.000000
3.08105	.757073	.000000
3.08288	.757218	.000000
3.08472	.757344	.000000
3.08655	.757523	.000000
3.08839	.757709	.000000
3.09023	.757818	.000000
3.09208	.757931	.000000
3.09392	.758125	.000000
3.09577	.758311	.000000
3.09762	.758532	.000000
3.09947	.758761	.000000
3.10132	.758902	.000000
3.10318	.759113	.000000
3.10504	.759335	.000000
3.1069	.759537	.000000
3.10876	.759804	.000000
3.11062	.760041	.000000
3.11249	.760252	.000000
3.11436	.760519	.000000
3.11623	.760811	.000000
3.11811	.761080	.000000
3.11998	.761319	.000000
3.12186	.761530	.000000
3.12374	.761712	.000000
3.12562	.762062	.000000
3.12751	.762535	.000000
3.1294	.762943	.000000
3.13129	.763184	.000000
3.13318	.763487	.000000
3.13507	.763880	.000000
3.13697	.764125	.000000
3.13887	.764434	.000000
3.14077	.764816	.000000
3.14267	.765157	.000000
3.14458	.765567	.000000
3.14649	.765964	.000000
3.1484	.766316	.000000
3.15031	.766668	.000000
3.15223	.767116	.000000
3.15414	.767488	.000000
3.15606	.767833	.000000
3.15798	.768245	.000000
3.15991	.768684	.000000
3.16184	.769124	.000000
3.16376	.769521	.000000
3.1657	.769918	.000000
3.16763	.770291	.000000
3.16957	.770712	.000000
3.1715	.771172	.000000
3.17345	.771582	.000000
3.17539	.772150	.000000
3.17733	.772632	.000000
3.17928	.772994	.000000
3.18123	.773404	.000000
3.18319	.773912	.000000
3.18514	.774418	.000000
3.1871	.774842	.000000
3.18906	.775254	.000000
3.19102	.775805	.000000
3.19299	.776323	.000000
3.19495	.776780	.000000
3.19692	.777217	.000000
3.1989	.777625	.000000
3.20087	.778126	.000000
3.20285	.778676	.000000
3.20483	.779114	.000000
3.20681	.779639	.000000
3.20879	.780078	.000000
3.21078	.780450	.000000
3.21277	.780992	.000000
3.21476	.781531	.000000
3.21676	.782001	.000000
3.21875	.782374	.000000
3.22075	.782884	.000000
3.22275	.783467	.000000
3.22476	.783993	.000000
3.22676	.784478	.000000
3.22877	.784930	.000000
3.23078	.785378	.000000
3.2328	.785818	.000000
3.23481	.786338	.000000
3.23683	.786887	.000000
3.23886	.787390	.000000
3.24088	.787905	.000000
3.24291	.788429	.000000
3.24494	.788956	.000000
3.24697	.789409	.000000
3.249	.789727	.000000
3.25104	.790104	.000000
3.25308	.790744	.000000
3.25512	.791289	.000000
3.25717	.791726	.000000
3.25921	.792308	.000000
3.26126	.792797	.000000
3.26332	.793234	.000000
3.26537	.793672	.000000
3.26743	.794182	.000000
3.26949	.794722	.000000
3.27155	.795328	.000000
3.27362	.795906	.000000
3.27568	.796339	.000000
3.27776	.796789	.000000
3.27983	.797267	.000000
3.2819	.797803	.000000
3.28398	.798330	.000000
3.28606	.798743	.000000
3.28815	.799181	.000000
3.29023	.799701	.000000
3.29232	.800254	.000000
3.29441	.800747	.000000
3.29651	.801088	.000000
3.2986	.801483	.000000
3.3007	.801916	.000000
3.30281	.802375	.000000
3.30491	.802979	.000000
3.30702	.803467	.000000
3.30913	.803883	.000000
3.31124	.804317	.000000
3.31336	.804769	.000000
3.31548	.805196	.000000
3.3176	.805608	.000000
3.31972	.806079	.000000
3.32185	.806514	.000000
3.32398	.806928	.000000
3.32611	.807449	.000000
3.32825	.807863	.000000
3.33038	.808155	.000000
3.33252	.808513	.000000
3.33467	.808940	.000000
3.33681	.809337	.000000
3.33896	.809666	.000000
3.34111	.809873	.000000
3.34327	.809994	.000000
3.34542	.810139	.000000
3.34758	.810408	.000000
3.34975	.810639	.000000
3.35191	.810779	.000000
3.35408	.810880	.000000
3.35625	.810939	.000000
3.35842	.810972	.000000
3.3606	.810899	.000000
3.36278	.810724	.000000
3.36496	.810485	.000000
3.36715	.810075	.000000
3.36933	.809555	.000000
3.37153	.809183	.000000
3.37372	.808976	.000000
3.37592	.808757	.000000
3.37811	.808659	.000000
3.38032	.808938	.000000
3.38252	.809371	.000000
3.38473	.809909	.000000
3.38694	.810485	.000000
3.38915	.810869	.000000
3.39137	.811025	.000000
3.39359	.810831	.000000
3.39581	.810310	.000000
3.39804	.809467	.000000
3.40027	.808268	.000000
3.4025	.806971	.000000
3.40473	.805646	.000000
3.40697	.804223	.000000
3.40921	.802597	.000000
3.41145	.800962	.000000
3.4137	.799435	.000000
3.41595	.798197	.000000
3.4182	.797465	.000000
3.42045	.797195	.000000
3.42271	.797357	.000000
3.42497	.798033	.000000
3.42723	.799298	.000000
3.4295	.801707	.000000
3.43177	.805208	.000000
3.43404	.808961	.000000
3.43632	.812032	.000000
3.4386	.814232	.000000
3.44088	.815785	.000000
3.44316	.817136	.000000
3.44545	.818271	.000000
3.44774	.819331	.000000
3.45004	.820379	.000000
3.45233	.821360	.000000
3.45463	.822318	.000000
3.45694	.823259	.000000
3.45924	.824064	.000000
3.46155	.824791	.000000
3.46386	.825427	.000000
3.46618	.825946	.000000
3.4685	.826473	.000000
3.47082	.826863	.000000
3.47315	.827031	.000000
3.47547	.827215	.000000
3.4778	.827533	.000000
3.48014	.827714	.000000
3.48247	.827829	.000000
3.48481	.827870	.000000
3.48716	.827780	.000000
3.4895	.827373	.000000
3.49185	.826438	.000000
3.49421	.825122	.000000
3.49656	.823560	.000000
3.49892	.822201	.000000
3.50129	.821298	.000000
3.50365	.820598	.000000
3.50602	.820069	.000000
3.50839	.820306	.000000
3.51077	.822448	.000000
3.51315	.826300	.000000
3.51553	.830096	.000000
3.51791	.832893	.000000
3.5203	.834982	.000000
3.52269	.836560	.000000
3.52509	.837693	.000000
3.52749	.838549	.000000
3.52989	.839319	.000000
3.53229	.840040	.000000
3.5347	.840809	.000000
3.53711	.841538	.000000
3.53953	.842242	.000000
3.54194	.842974	.000000
3.54436	.843523	.000000
3.54679	.844073	.000000
3.54922	.844592	.000000
3.55165	.845089	.000000
3.55408	.845586	.000000
3.55652	.846028	.000000
3.55896	.846433	.000000
3.5614	.846826	.000000
3.56385	.847188	.000000
3.5663	.847675	.000000
3.56876	.848121	.000000
3.57121	.848466	.000000
3.57367	.848884	.000000
3.57614	.849253	.000000
3.57861	.849508	.000000
3.58108	.849800	.000000
3.58355	.850088	.000000
3.58603	.850525	.000000
3.58851	.850850	.000000
3.591	.851223	.000000
3.59349	.851586	.000000
3.59598	.851854	.000000
3.59848	.852183	.000000
3.60099	.852469	.000000
3.60349	.852755	.000000
3.60599	.853100	.000000
3.6085	.853419	.000000
3.61102	.853768	.000000
3.61353	.854037	.000000
3.61605	.854415	.000000
3.61858	.854799	.000000
3.6211	.855108	.000000
3.62363	.855347	.000000
3.62617	.855627	.000000
3.62871	.855883	.000000
3.63125	.856167	.000000
3.63379	.856450	.000000
3.63634	.856762	.000000
3.63889	.857009	.000000
3.64145	.857268	.000000
3.644	.857522	.000000
3.64657	.857795	.000000
3.64913	.858012	.000000
3.6517	.858315	.000000
3.65428	.858591	.000000
3.65685	.858834	.000000
3.65943	.859032	.000000
3.66202	.859297	.000000
3.66461	.859598	.000000
3.6672	.859930	.000000
3.66979	.860167	.000000
3.67239	.860455	.000000
3.675	.860741	.000000
3.6776	.861115	.000000
3.68021	.861403	.000000
3.68283	.861689	.000000
3.68544	.861945	.000000
3.68806	.862265	.000000
3.69069	.862555	.000000
3.69332	.862858	.000000
3.69595	.863133	.000000
3.69859	.863434	.000000
3.70123	.863683	.000000
3.70387	.863976	.000000
3.70652	.864260	.000000
3.70917	.864530	.000000
3.71182	.864755	.000000
3.71448	.865056	.000000
3.71715	.865320	.000000
3.71981	.865631	.000000
3.72248	.865918	.000000
3.72516	.866193	.000000
3.72783	.866415	.000000
3.73052	.866707	.000000
3.7332	.866942	.000000
3.73589	.867245	.000000
3.73859	.867496	.000000
3.74128	.867748	.000000
3.74398	.867951	.000000
3.74669	.868169	.000000
3.7494	.868350	.000000
3.75211	.868589	.000000
3.75483	.868791	.000000
3.75755	.869037	.000000
3.76027	.869205	.000000
3.763	.869399	.000000
3.76574	.869604	.000000
3.76847	.869803	.000000
3.77121	.869946	.000000
3.77396	.870136	.000000
3.77671	.870279	.000000
3.77946	.870434	.000000
3.78222	.870513	.000000
3.78498	.870680	.000000
3.78774	.870819	.000000
3.79051	.870942	.000000
3.79328	.871028	.000000
3.79606	.871164	.000000
3.79884	.871250	.000000
3.80163	.871377	.000000
3.80441	.871354	.000000
3.80721	.871416	.000000
3.81001	.871555	.000000
3.81281	.871680	.000000
3.81561	.871719	.000000
3.81842	.871745	.000000
3.82124	.871734	.000000
3.82405	.871823	.000000
3.82688	.871845	.000000
3.8297	.871826	.000000
3.83253	.871819	.000000
3.83537	.871890	.000000
3.83821	.871915	.000000
3.84105	.871954	.000000
3.8439	.871909	.000000
3.84675	.871915	.000000
3.8496	.871879	.000000
3.85246	.871834	.000000
3.85533	.871793	.000000
3.8582	.871828	.000000
3.86107	.871785	.000000
3.86395	.871732	.000000
3.86683	.871634	.000000
3.86971	.871604	.000000
3.8726	.871518	.000000
3.8755	.871467	.000000
3.8784	.871403	.000000
3.8813	.871331	.000000
3.88421	.871198	.000000
3.88712	.871141	.000000
3.89004	.871034	.000000
3.89296	.871010	.000000
3.89588	.870964	.000000
3.89881	.870912	.000000
3.90174	.870769	.000000
3.90468	.870675	.000000
3.90762	.870535	.000000
3.91057	.870471	.000000
3.91352	.870362	.000000
3.91648	.870249	.000000
3.91944	.870119	.000000
3.9224	.870025	.000000
3.92537	.869969	.000000
3.92835	.869890	.000000
3.93132	.869713	.000000
3.93431	.869613	.000000
3.93729	.869438	.000000
3.94029	.869310	.000000
3.94328	.869171	.000000
3.94628	.869041	.000000
3.94929	.868860	.000000
3.9523	.868744	.000000
3.95531	.868540	.000000
3.95833	.868375	.000000
3.96136	.868185	.000000
3.96439	.868079	.000000
3.96742	.867876	.000000
3.97046	.867705	.000000
3.9735	.867516	.000000
3.97655	.867343	.000000
3.9796	.867146	.000000
3.98265	.866976	.000000
3.98572	.866750	.000000
3.98878	.866619	.000000
3.99185	.866436	.000000
3.99493	.866267	.000000
3.99801	.866077	.000000
4.00109	.865905	.000000
4.00418	.865695	.000000
4.00728	.865544	.000000
4.01038	.865307	.000000
4.01348	.865075	.000000
4.01659	.864823	.000000
4.0197	.864588	.000000
4.02282	.864326	.000000
4.02594	.864106	.000000
4.02907	.863848	.000000
4.0322	.863656	.000000
4.03534	.863421	.000000
4.03849	.863223	.000000
4.04163	.862971	.000000
4.04479	.862740	.000000
4.04794	.862501	.000000
4.05111	.862312	.000000
4.05427	.862045	.000000
4.05745	.861840	.000000
4.06062	.861618	.000000
4.0638	.861471	.000000
4.06699	.861285	.000000
4.07018	.861104	.000000
4.07338	.860897	.000000
4.07658	.860677	.000000
4.07979	.860434	.000000
4.083	.860285	.000000
4.08622	.860031	.000000
4.08944	.859798	.000000
4.09267	.859536	.000000
4.0959	.859335	.000000
4.09914	.859117	.000000
4.10238	.858895	.000000
4.10563	.858637	.000000
4.10889	.858403	.000000
4.11214	.858117	.000000
4.11541	.857897	.000000
4.11868	.857609	.000000
4.12195	.857379	.000000
4.12523	.857140	.000000
4.12851	.856945	.000000
4.1318	.856640	.000000
4.1351	.856388	.000000
4.1384	.856124	.000000
4.1417	.855915	.000000
4.14502	.855670	.000000
4.14833	.855426	.000000
4.15165	.855117	.000000
4.15498	.854857	.000000
4.15831	.854581	.000000
4.16165	.854327	.000000
4.16499	.854026	.000000
4.16834	.853788	.000000
4.17169	.853425	.000000
4.17505	.853086	.000000
4.17842	.852740	.000000
4.18179	.852413	.000000
4.18516	.852040	.000000
4.18854	.851707	.000000
4.19193	.851289	.000000
4.19532	.851010	.000000
4.19871	.850634	.000000
4.20212	.850273	.000000
4.20553	.849936	.000000
4.20894	.849631	.000000
4.21236	.849268	.000000
4.21578	.849010	.000000
4.21921	.848680	.000000
4.22265	.848347	.000000
4.22609	.847882	.000000
4.22954	.847353	.000000
4.23299	.846631	.000000
4.23645	.845795	.000000
4.23991	.844796	.000000
4.24338	.843681	.000000
4.24686	.842338	.000000
4.25034	.840898	.000000
4.25383	.839279	.000000
4.25732	.837721	.000000
4.26082	.836392	.000000
4.26432	.835253	.000000
4.26783	.834043	.000000
4.27135	.832876	.000000
4.27487	.831632	.000000
4.27839	.830386	.000000
4.28193	.829007	.000000
4.28547	.827548	.000000
4.28901	.825899	.000000
4.29256	.824149	.000000
4.29612	.822291	.000000
4.29968	.820488	.000000
4.30325	.818576	.000000
4.30682	.816743	.000000
4.3104	.814859	.000000
4.31399	.813031	.000000
4.31758	.811298	.000000
4.32118	.809706	.000000
4.32478	.808097	.000000
4.32839	.806570	.000000
4.33201	.805083	.000000
4.33563	.803787	.000000
4.33926	.802482	.000000
4.34289	.801246	.000000
4.34653	.800021	.000000
4.35018	.798846	.000000
4.35383	.797668	.000000
4.35749	.796605	.000000
4.36115	.795511	.000000
4.36482	.794515	.000000
4.3685	.793520	.000000
4.37218	.792581	.000000
4.37588	.791606	.000000
4.37957	.790736	.000000
4.38327	.789931	.000000
4.38698	.789198	.000000
4.3907	.788463	.000000
4.39442	.787885	.000000
4.39814	.787328	.000000
4.40188	.786934	.000000
4.40562	.786582	.000000
4.40936	.786306	.000000
4.41311	.786127	.000000
4.41687	.786114	.000000
4.42064	.786072	.000000
4.42441	.786134	.000000
4.42819	.786165	.000000
4.43197	.786257	.000000
4.43577	.786355	.000000
4.43956	.786475	.000000
4.44337	.786483	.000000
4.44718	.786541	.000000
4.451	.786535	.000000
4.45482	.786533	.000000
4.45865	.786432	.000000
4.46249	.786315	.000000
4.46633	.786059	.000000
4.47018	.785820	.000000
4.47404	.785523	.000000
4.4779	.785182	.000000
4.48177	.784676	.000000
4.48565	.784198	.000000
4.48953	.783584	.000000
4.49342	.782939	.000000
4.49732	.782184	.000000
4.50122	.781407	.000000
4.50513	.780543	.000000
4.50905	.779622	.000000
4.51298	.778555	.000000
4.51691	.777514	.000000
4.52084	.776364	.000000
4.52479	.775230	.000000
4.52874	.773972	.000000
4.5327	.772707	.000000
4.53667	.771364	.000000
4.54064	.769967	.000000
4.54462	.768467	.000000
4.5486	.767005	.000000
4.5526	.765396	.000000
4.5566	.763768	.000000
4.56061	.762038	.000000
4.56462	.760335	.000000
4.56864	.758501	.000000
4.57267	.756649	.000000
4.57671	.754737	.000000
4.58075	.752810	.000000
4.5848	.750736	.000000
4.58886	.748677	.000000
4.59292	.746503	.000000
4.59699	.744271	.000000
4.60107	.741939	.000000
4.60516	.739579	.000000
4.60925	.737143	.000000
4.61335	.734708	.000000
4.61746	.732163	.000000
4.62158	.729675	.000000
4.6257	.727147	.000000
4.62983	.724746	.000000
4.63396	.722380	.000000
4.63811	.720187	.000000
4.64226	.718040	.000000
4.64642	.716075	.000000
4.65059	.714248	.000000
4.65476	.712659	.000000
4.65895	.711165	.000000
4.66314	.709740	.000000
4.66733	.708328	.000000
4.67154	.707015	.000000
4.67575	.705648	.000000
4.67997	.704257	.000000
4.6842	.702765	.000000
4.68843	.701295	.000000
4.69268	.699742	.000000
4.69693	.698223	.000000
4.70118	.696661	.000000
4.70545	.695118	.000000
4.70972	.693486	.000000
4.71401	.691913	.000000
4.7183	.690349	.000000
4.72259	.688856	.000000
4.7269	.687298	.000000
4.73121	.685822	.000000
4.73553	.684322	.000000
4.73986	.682922	.000000
4.7442	.681535	.000000
4.74854	.680255	.000000
4.75289	.678941	.000000
4.75725	.677765	.000000
4.76162	.676613	.000000
4.766	.675576	.000000
4.77038	.674594	.000000
4.77477	.673675	.000000
4.77917	.672723	.000000
4.78358	.671834	.000000
4.788	.670897	.000000
4.79243	.670101	.000000
4.79686	.669192	.000000
4.8013	.668193	.000000
4.80575	.667189	.000000
4.81021	.666209	.000000
4.81467	.665055	.000000
4.81915	.663920	.000000
4.82363	.662680	.000000
4.82812	.661468	.000000
4.83262	.660179	.000000
4.83713	.658872	.000000
4.84165	.657525	.000000
4.84617	.656200	.000000
4.85071	.654768	.000000
4.85525	.653332	.000000
4.8598	.651811	.000000
4.86436	.650352	.000000
4.86893	.648830	.000000
4.8735	.647346	.000000
4.87809	.645797	.000000
4.88268	.644265	.000000
4.88728	.642658	.000000
4.89189	.641055	.000000
4.89651	.639406	.000000
4.90114	.637866	.000000
4.90577	.636242	.000000
4.91042	.634546	.000000
4.91507	.632856	.000000
4.91974	.631213	.000000
4.92441	.629532	.000000
4.92909	.627919	.000000
4.93378	.626210	.000000
4.93848	.624605	.000000
4.94319	.622917	.000000
4.9479	.621251	.000000
4.95263	.619580	.000000
4.95736	.617927	.000000
4.96211	.616169	.000000
4.96686	.614415	.000000
4.97162	.612625	.000000
4.97639	.610869	.000000
4.98118	.609025	.000000
4.98596	.607192	.000000
4.99076	.605250	.000000
4.99557	.603332	.000000
5.00039	.601337	.000000
5.00522	.599362	.000000
5.01005	.597316	.000000
5.0149	.595348	.000000
5.01975	.593264	.000000
5.02462	.591232	.000000
5.02949	.589182	.000000
5.03437	.587221	.000000
5.03926	.585307	.000000
5.04416	.583502	.000000
5.04908	.581751	.000000
5.054	.580071	.000000
5.05893	.578337	.000000
5.06387	.576715	.000000
5.06882	.575160	.000000
5.07378	.573690	.000000
5.07875	.572226	.000000
5.08373	.570816	.000000
5.08872	.569330	.000000
5.09371	.567880	.000000
5.09872	.566341	.000000
5.10374	.564788	.000000
5.10877	.563100	.000000
5.11381	.561295	.000000
5.11886	.559334	.000000
5.12391	.557344	.000000
5.12898	.555268	.000000
5.13406	.553168	.000000
5.13915	.550943	.000000
5.14425	.548777	.000000
5.14936	.546573	.000000
5.15447	.544358	.000000
5.1596	.542139	.000000
5.16474	.540022	.000000
5.16989	.537895	.000000
5.17505	.535847	.000000
5.18022	.533814	.000000
5.1854	.531833	.000000
5.19059	.529868	.000000
5.19579	.527978	.000000
5.201	.526077	.000000
5.20622	.524203	.000000
5.21146	.522283	.000000
5.2167	.520427	.000000
5.22195	.518526	.000000
5.22722	.516635	.000000
5.23249	.514685	.000000
5.23778	.512712	.000000
5.24307	.510638	.000000
5.24838	.508566	.000000
5.2537	.506358	.000000
5.25903	.504147	.000000
5.26436	.501860	.000000
5.26971	.499558	.000000
5.27508	.497187	.000000
5.28045	.494881	.000000
5.28583	.492615	.000000
5.29122	.490445	.000000
5.29663	.488322	.000000
5.30204	.486350	.000000
5.30747	.484438	.000000
5.31291	.482715	.000000
5.31836	.481053	.000000
5.32382	.479484	.000000
5.32929	.477942	.000000
5.33477	.476410	.000000
5.34027	.474786	.000000
5.34577	.473139	.000000
5.35129	.471278	.000000
5.35681	.469311	.000000
5.36235	.467141	.000000
5.36791	.464882	.000000
5.37347	.462543	.000000
5.37904	.460164	.000000
5.38463	.457719	.000000
5.39023	.455353	.000000
5.39583	.453044	.000000
5.40146	.450923	.000000
5.40709	.448928	.000000
5.41273	.447114	.000000
5.41839	.445427	.000000
5.42406	.443993	.000000
5.42974	.442762	.000000
5.43543	.441768	.000000
5.44113	.440931	.000000
5.44685	.440312	.000000
5.45257	.439841	.000000
5.45831	.439593	.000000
5.46406	.439519	.000000
5.46983	.439636	.000000
5.4756	.439871	.000000
5.48139	.440276	.000000
5.48719	.440724	.000000
5.49301	.441292	.000000
5.49883	.441864	.000000
5.50467	.442551	.000000
5.51052	.443276	.000000
5.51638	.444068	.000000
5.52225	.444866	.000000
5.52814	.445798	.000000
5.53404	.446675	.000000
5.53995	.447592	.000000
5.54588	.448440	.000000
5.55181	.449276	.000000
5.55777	.449946	.000000
5.56373	.450537	.000000
5.5697	.450957	.000000
5.57569	.451350	.000000
5.5817	.451619	.000000
5.58771	.451706	.000000
5.59374	.451533	.000000
5.59978	.451311	.000000
5.60583	.450900	.000000
5.6119	.450362	.000000
5.61798	.449590	.000000
5.62407	.448738	.000000
5.63018	.447716	.000000
5.6363	.446572	.000000
5.64243	.445329	.000000
5.64858	.444053	.000000
5.65474	.442608	.000000
5.66091	.441196	.000000
5.6671	.439728	.000000
5.6733	.438360	.000000
5.67951	.436909	.000000
5.68574	.435533	.000000
5.69198	.434067	.000000
5.69824	.432604	.000000
5.7045	.431025	.000000
5.71078	.429501	.000000
5.71708	.427841	.000000
5.72339	.426123	.000000
5.72972	.424254	.000000
5.73605	.422390	.000000
5.74241	.420378	.000000
5.74877	.418363	.000000
5.75515	.416151	.000000
5.76155	.413913	.000000
5.76796	.411478	.000000
5.77438	.409073	.000000
5.78082	.406547	.000000
5.78727	.403959	.000000
5.79373	.401256	.000000
5.80022	.398599	.000000
5.80671	.395826	.000000
5.81322	.393141	.000000
5.81975	.390310	.000000
5.82628	.387538	.000000
5.83284	.384773	.000000
5.83941	.382004	.000000
5.84599	.379147	.000000
5.85259	.376369	.000000
5.8592	.373535	.000000
5.86583	.370766	.000000
5.87247	.367926	.000000
5.87913	.365131	.000000
5.8858	.362329	.000000
5.89249	.359641	.000000
5.89919	.356812	.000000
5.90591	.354078	.000000
5.91265	.351253	.000000
5.91939	.348463	.000000
5.92616	.345667	.000000
5.93294	.342898	.000000
5.93974	.340033	.000000
5.94655	.337270	.000000
5.95338	.334434	.000000
5.96022	.331735	.000000
5.96708	.328985	.000000
5.97395	.326281	.000000
5.98084	.323695	.000000
5.98775	.321244	.000000
5.99467	.318754	.000000
6.00161	.316456	.000000
6.00856	.314271	.000000
6.01553	.312323	.000000
6.02252	.310516	.000000
6.02952	.308964	.000000
6.03654	.307563	.000000
6.04358	.306438	.000000
6.05063	.305585	.000000
6.0577	.304932	.000000
6.06478	.304262	.000000
6.07189	.303818	.000000
6.079	.303440	.000000
6.08614	.303135	.000000
6.09329	.302677	.000000
6.10046	.302309	.000000
6.10764	.301893	.000000
6.11484	.301499	.000000
6.12206	.300984	.000000
6.1293	.300436	.000000
6.13655	.299811	.000000
6.14382	.299263	.000000
6.15111	.298701	.000000
6.15842	.298192	.000000
6.16574	.297746	.000000
6.17308	.297396	.000000
6.18044	.297123	.000000
6.18781	.297067	.000000
6.19521	.296866	.000000
6.20262	.296672	.000000
6.21004	.296561	.000000
6.21749	.296455	.000000
6.22495	.296344	.000000
6.23244	.296261	.000000
6.23994	.296105	.000000
6.24745	.295998	.000000
6.25499	.295859	.000000
6.26254	.295693	.000000
6.27012	.295437	.000000
6.27771	.295113	.000000
6.28532	.294707	.000000
6.29295	.294321	.000000
6.30059	.293971	.000000
6.30826	.293696	.000000
6.31594	.293540	.000000
6.32364	.293529	.000000
6.33136	.293568	.000000
6.3391	.293745	.000000
6.34686	.294176	.000000
6.35464	.294656	.000000
6.36243	.295151	.000000
6.37025	.295887	.000000
6.37809	.296595	.000000
6.38594	.297240	.000000
6.39382	.297827	.000000
6.40171	.298223	.000000
6.40962	.298546	.000000
6.41755	.298823	.000000
6.42551	.298665	.000000
6.43348	.298326	.000000
6.44147	.297842	.000000
6.44948	.297210	.000000
6.45751	.296387	.000000
6.46557	.295473	.000000
6.47364	.294583	.000000
6.48173	.293705	.000000
6.48984	.292924	.000000
6.49798	.292211	.000000
6.50613	.291498	.000000
6.5143	.290886	.000000
6.5225	.290318	.000000
6.53071	.289668	.000000
6.53895	.288983	.000000
6.5472	.288279	.000000
6.55548	.287481	.000000
6.56378	.286642	.000000
6.57209	.285748	.000000
6.58043	.284816	.000000
6.58879	.283840	.000000
6.59718	.282850	.000000
6.60558	.281892	.000000
6.61401	.281009	.000000
6.62245	.280152	.000000
6.63092	.279471	.000000
6.63941	.278814	.000000
6.64792	.278255	.000000
6.65646	.277787	.000000
6.66501	.277410	.000000
6.67359	.277122	.000000
6.68219	.276913	.000000
6.69081	.276701	.000000
6.69946	.276443	.000000
6.70813	.276119	.000000
6.71681	.275769	.000000
6.72553	.275285	.000000
6.73426	.274723	.000000
6.74302	.274002	.000000
6.7518	.273215	.000000
6.7606	.272289	.000000
6.76943	.271337	.000000
6.77828	.270309	.000000
6.78715	.269278	.000000
6.79604	.268224	.000000
6.80496	.267232	.000000
6.8139	.266281	.000000
6.82287	.265459	.000000
6.83185	.264693	.000000
6.84087	.264004	.000000
6.8499	.263396	.000000
6.85896	.262869	.000000
6.86805	.262352	.000000
6.87716	.261875	.000000
6.88629	.261390	.000000
6.89545	.260923	.000000
6.90463	.260424	.000000
6.91384	.259877	.000000
6.92307	.259199	.000000
6.93232	.258486	.000000
6.9416	.257669	.000000
6.95091	.256782	.000000
6.96024	.255823	.000000
6.96959	.254818	.000000
6.97897	.253686	.000000
6.98838	.252550	.000000
6.99781	.251343	.000000
7.00727	.250165	.000000
7.01675	.248876	.000000
7.02626	.247524	.000000
7.03579	.246150	.000000
7.04535	.244842	.000000
7.05494	.243472	.000000
7.06455	.242095	.000000
7.07418	.240670	.000000
7.08385	.239290	.000000
7.09354	.237867	.000000
7.10326	.236488	.000000
7.113	.235074	.000000
7.12277	.233629	.000000
7.13257	.232116	.000000
7.14239	.230608	.000000
7.15224	.228935	.000000
7.16212	.227226	.000000
7.17203	.225359	.000000
7.18196	.223400	.000000
7.19192	.221408	.000000
7.20191	.219383	.000000
7.21192	.217251	.000000
7.22197	.215179	.000000
7.23204	.213044	.000000
7.24214	.210878	.000000
7.25227	.208732	.000000
7.26243	.206707	.000000
7.27261	.204603	.000000
7.28283	.202452	.000000
7.29307	.200263	.000000
7.30334	.198134	.000000
7.31364	.195870	.000000
7.32397	.193610	.000000
7.33433	.191274	.000000
7.34472	.188867	.000000
7.35514	.186358	.000000
7.36559	.183851	.000000
7.37607	.181256	.000000
7.38657	.178636	.000000
7.39711	.175944	.000000
7.40768	.173323	.000000
7.41827	.170652	.000000
7.4289	.168000	.000000
7.43956	.165294	.000000
7.45025	.162632	.000000
7.46097	.159948	.000000
7.47172	.157312	.000000
7.4825	.154590	.000000
7.49331	.151978	.000000
7.50416	.149322	.000000
7.51503	.146668	.000000
7.52594	.143969	.000000
7.53688	.141363	.000000
7.54785	.138716	.000000
7.55885	.136097	.000000
7.56988	.133396	.000000
7.58095	.130751	.000000
7.59205	.128024	.000000
7.60318	.125325	.000000
7.61434	.122534	.000000
7.62554	.119751	.000000
7.63677	.116820	.000000
7.64803	.113901	.000000
7.65933	.110875	.000000
7.67067	.107831	.000000
7.68203	.104618	.000000
7.69343	.101408	.000000
7.70486	.098108	.000000
7.71632	.094882	.000000
7.72782	.091585	.000000
7.73936	.088333	.000000
7.75092	.085024	.000000
7.76253	.081775	.000000
7.77416	.078461	.000000
7.78584	.075209	.000000
7.79754	.071919	.000000
7.80929	.068757	.000000
7.82107	.065557	.000000
7.83288	.062456	.000000
7.84473	.059314	.000000
7.85661	.056292	.000000
7.86854	.053207	.000000
7.88049	.050246	.000000
7.89249	.047344	.000000
7.90452	.044564	.000000
7.91659	.041785	.000000
7.9287	.039204	.000000
7.94084	.036624	.000000
7.95302	.034232	.000000
7.96523	.031954	.000000
7.97749	.029882	.000000
7.98978	.027863	.000000
8.00211	.026086	.000000
8.01448	.024392	.000000
8.02688	.022947	.000000
8.03933	.021573	.000000
8.05181	.020408	.000000
8.06433	.019401	.000000
8.07689	.018680	.000000
8.08949	.018061	.000000
8.10213	.017690	.000000
8.11481	.017462	.000000
8.12753	.017583	.000000
8.14029	.017869	.000000
8.15309	.018520	.000000
8.16593	.019367	.000000
8.17881	.020635	.000000
8.19173	.022150	.000000
8.20469	.024033	.000000
8.21769	.026197	.000000
8.23073	.028738	.000000
8.24382	.031504	.000000
8.25695	.034640	.000000
8.27012	.037947	.000000
8.28332	.041498	.000000
8.29658	.045082	.000000
8.30987	.048726	.000000
8.32321	.052162	.000000
8.33659	.055401	.000000
8.35002	.058227	.000000
8.36348	.060722	.000000
8.37699	.062723	.000000
8.39055	.064454	.000000
8.40415	.065862	.000000
8.41779	.066950	.000000
8.43148	.067507	.000000
8.44521	.067618	.000000
8.45898	.067217	.000000
8.47281	.066481	.000000
8.48668	.065467	.000000
8.50059	.064549	.000000
8.51455	.063728	.000000
8.52855	.063133	.000000
8.5426	.062619	.000000
8.5567	.062243	.000000
8.57084	.061936	.000000
8.58503	.061733	.000000
8.59927	.061424	.000000
8.61355	.061102	.000000
8.62788	.060688	.000000
8.64226	.060342	.000000
8.65669	.059905	.000000
8.67116	.059454	.000000
8.68569	.058957	.000000
8.70026	.058528	.000000
8.71488	.058027	.000000
8.72955	.057602	.000000
8.74427	.057050	.000000
8.75904	.056491	.000000
8.77386	.055883	.000000
8.78873	.055307	.000000
8.80366	.054684	.000000
8.81863	.054103	.000000
8.83365	.053433	.000000
8.84872	.052915	.000000
8.86385	.052418	.000000
8.87903	.051965	.000000
8.89426	.051410	.000000
8.90954	.050958	.000000
8.92488	.050421	.000000
8.94027	.049904	.000000
8.95571	.049390	.000000
8.9712	.048946	.000000
8.98675	.048428	.000000
9.00235	.047954	.000000
9.018	.047470	.000000
9.03371	.046960	.000000
9.04948	.046239	.000000
9.0653	.045466	.000000
9.08118	.044530	.000000
9.0971	.043475	.000000
9.11309	.042249	.000000
9.12914	.040970	.000000
9.14524	.039577	.000000
9.16139	.038348	.000000
9.17761	.037100	.000000
9.19388	.036102	.000000
9.21021	.035408	.000000
9.2266	.034941	.000000
9.24304	.034503	.000000
9.25955	.034230	.000000
9.27611	.033970	.000000
9.29273	.033851	.000000
9.30942	.033818	.000000
9.32617	.033970	.000000
9.34297	.034198	.000000
9.35983	.034546	.000000
9.37676	.034909	.000000
9.39375	.035596	.000000
9.41079	.036394	.000000
9.42791	.037363	.000000
9.44508	.038459	.000000
9.46231	.039853	.000000
9.47961	.041419	.000000
9.49697	.043117	.000000
9.5144	.044760	.000000
9.53188	.046537	.000000
9.54944	.048219	.000000
9.56705	.049783	.000000
9.58474	.051078	.000000
9.60249	.052209	.000000
9.6203	.053096	.000000
9.63818	.053837	.000000
9.65613	.054287	.000000
9.67415	.054502	.000000
9.69223	.054442	.000000
9.71038	.054308	.000000
9.7286	.054037	.000000
9.74689	.053638	.000000
9.76524	.053109	.000000
9.78367	.052563	.000000
9.80216	.051886	.000000
9.82072	.051336	.000000
9.83936	.050768	.000000
9.85806	.050376	.000000
9.87684	.050102	.000000
9.89569	.049940	.000000
9.91461	.049861	.000000
9.9336	.049998	.000000
9.95267	.050305	.000000
9.97181	.050884	.000000
9.99103	.051455	.000000
10.01031	.052130	.000000
10.02968	.052917	.000000
10.04911	.053918	.000000
10.06863	.055042	.000000
10.08822	.056166	.000000
10.10788	.057073	.000000
10.12763	.057748	.000000
10.14745	.058134	.000000
10.16734	.058381	.000000
10.18732	.058503	.000000
10.20737	.058842	.000000
10.2275	.059516	.000000
10.24771	.060630	.000000
10.268	.062203	.000000
10.28838	.064249	.000000
10.30883	.066216	.000000
10.32937	.068111	.000000
10.34998	.069877	.000000
10.37069	.071542	.000000
10.39147	.073249	.000000
10.41234	.074960	.000000
10.43329	.076368	.000000
10.45432	.077428	.000000
10.47544	.078062	.000000
10.49665	.078585	.000000
10.51794	.078971	.000000
10.53932	.079282	.000000
10.56079	.079545	.000000
10.58234	.079871	.000000
10.60398	.080127	.000000
10.62571	.080464	.000000
10.64753	.080661	.000000
10.66944	.080802	.000000
10.69144	.081092	.000000
10.71353	.081677	.000000
10.73571	.082227	.000000
10.75799	.082747	.000000
10.78035	.082963	.000000
10.80281	.082920	.000000
10.82536	.082607	.000000
10.848	.082108	.000000
10.87075	.081333	.000000
10.89358	.080552	.000000
10.91652	.079773	.000000
10.93955	.079073	.000000
10.96268	.078420	.000000
10.98591	.077829	.000000
11.00923	.077302	.000000
11.03266	.077006	.000000
11.05618	.076675	.000000
11.0798	.076266	.000000
11.10353	.075692	.000000
11.12736	.075239	.000000
11.15129	.074774	.000000
11.17532	.074503	.000000
11.19946	.074401	.000000
11.2237	.074345	.000000
11.24805	.074473	.000000
11.2725	.074972	.000000
11.29706	.075649	.000000
11.32172	.076577	.000000
11.34649	.077586	.000000
11.37138	.078854	.000000
11.39637	.080273	.000000
11.42147	.081822	.000000
11.44668	.083356	.000000
11.47201	.084984	.000000
11.49745	.086718	.000000
11.523	.088440	.000000
11.54866	.090175	.000000
11.57444	.092291	.000000
11.60033	.094530	.000000
11.62634	.096945	.000000
11.65247	.099435	.000000
11.67872	.102083	.000000
11.70508	.104692	.000000
11.73157	.107142	.000000
11.75817	.109339	.000000
11.78489	.111528	.000000
11.81174	.113716	.000000
11.8387	.116035	.000000
11.86579	.118422	.000000
11.893	.120944	.000000
11.92034	.123579	.000000
11.94781	.126402	.000000
11.9754	.129206	.000000
12.00312	.132108	.000000
12.03097	.135120	.000000
12.05896	.138268	.000000
12.08707	.141240	.000000
12.11531	.143870	.000000
12.14368	.146185	.000000
12.17219	.148195	.000000
12.20083	.149610	.000000
12.2296	.150528	.000000
12.25852	.151074	.000000
12.28757	.151308	.000000
12.31676	.150933	.000000
12.34608	.150003	.000000
12.37555	.148443	.000000
12.40515	.146106	.000000
12.4349	.142959	.000000
12.46478	.139095	.000000
12.49482	.134446	.000000
12.525	.129372	.000000
12.55533	.124091	.000000
12.5858	.118642	.000000
12.61642	.112909	.000000
12.6472	.106723	.000000
12.67813	.099614	.000000
12.7092	.091574	.000000
12.74043	.082954	.000000
12.77181	.074294	.000000
12.80334	.066135	.000000
12.83503	.059416	.000000
12.86688	.054462	.000000
12.8989	.051300	.000000
12.93106	.049625	.000000
12.96339	.048722	.000000
12.99588	.047994	.000000
13.02853	.047435	.000000
13.06135	.046765	.000000
13.09433	.046127	.000000
13.12749	.045603	.000000
13.16081	.045440	.000000
13.1943	.045441	.000000
13.22796	.045571	.000000
13.26179	.045579	.000000
13.29579	.045712	.000000
13.32997	.046023	.000000
13.36432	.046505	.000000
13.39885	.046759	.000000
13.43356	.046635	.000000
13.46846	.045997	.000000
13.50353	.044892	.000000
13.53879	.043537	.000000
13.57423	.042464	.000000
13.60986	.041685	.000000
13.64568	.041474	.000000
13.68169	.041779	.000000
13.71788	.042449	.000000
13.75427	.043286	.000000
13.79085	.044431	.000000
13.82763	.045694	.000000
13.8646	.047280	.000000
13.90177	.048899	.000000
13.93915	.050250	.000000
13.97672	.051007	.000000
14.01449	.051129	.000000
14.05247	.050548	.000000
14.09066	.049390	.000000
14.12904	.047675	.000000
14.16764	.045633	.000000
14.20646	.043330	.000000
14.24549	.041184	.000000
14.28473	.039470	.000000
14.3242	.038163	.000000
14.36388	.037023	.000000
14.40378	.036232	.000000
14.4439	.035553	.000000
14.48425	.035024	.000000
14.52482	.034523	.000000
14.56562	.034038	.000000
14.60665	.033494	.000000
14.64792	.032918	.000000
14.68942	.032278	.000000
14.73115	.031712	.000000
14.77312	.031213	.000000
14.81533	.031209	.000000
14.85778	.031608	.000000
14.90048	.032558	.000000
14.94342	.033729	.000000
14.98659	.035032	.000000
15.03003	.036377	.000000
15.07372	.037911	.000000
15.11767	.039453	.000000
15.16187	.041404	.000000
15.20634	.043650	.000000
15.25106	.046213	.000000
15.29606	.048953	.000000
15.34131	.051967	.000000
15.38684	.054827	.000000
15.43263	.057398	.000000
15.4787	.059518	.000000
15.52504	.061123	.000000
15.57167	.062092	.000000
15.61858	.062685	.000000
15.66576	.062751	.000000
15.71324	.062557	.000000
15.761	.062226	.000000
15.80905	.062100	.000000
15.8574	.061876	.000000
15.90604	.061885	.000000
15.95496	.061801	.000000
16.00421	.061304	.000000
16.05376	.060570	.000000
16.10362	.059499	.000000
16.15378	.057831	.000000
16.20426	.056375	.000000
16.25506	.055443	.000000
16.30619	.055435	.000000
16.35763	.056034	.000000
16.40939	.056871	.000000
16.46149	.057668	.000000
16.51391	.058648	.000000
16.56667	.059775	.000000
16.61977	.060756	.000000
16.67322	.061550	.000000
16.72701	.062964	.000000
16.78114	.064932	.000000
16.83563	.067357	.000000
16.89046	.069971	.000000
16.94566	.072139	.000000
17.00122	.073344	.000000
17.05716	.073568	.000000
17.11345	.072811	.000000
17.17012	.071552	.000000
17.22716	.069194	.000000
17.28459	.066604	.000000
17.3424	.064552	.000000
17.4006	.062719	.000000
17.45916	.061466	.000000
17.51815	.061381	.000000
17.57753	.061594	.000000
17.63732	.062369	.000000
17.69752	.062851	.000000
17.75813	.062685	.000000
17.81915	.062175	.000000
17.88061	.062100	.000000
17.94248	.061889	.000000
18.00478	.061731	.000000
18.06752	.061989	.000000
18.13069	.063329	.000000
18.19431	.065134	.000000
18.25837	.067526	.000000
18.3229	.069480	.000000
18.38788	.071157	.000000
18.45331	.072137	.000000
18.51922	.073223	.000000
18.5856	.073769	.000000
18.65245	.073675	.000000
18.71979	.073306	.000000
18.78759	.073089	.000000
18.85591	.072845	.000000
18.92473	.073099	.000000
18.99405	.073775	.000000
19.06388	.074573	.000000
19.13423	.074940	.000000
19.2051	.075787	.000000
19.27651	.077066	.000000
19.34844	.077911	.000000
19.4209	.078431	.000000
19.49392	.079080	.000000
19.56748	.080236	.000000
19.6416	.083189	.000000
19.71628	.085908	.000000
19.79152	.086210	.000000
19.86735	.085568	.000000
19.94376	.084608	.000000
20.0208	.081608	.000000
20.0984	.076404	.000000
20.17661	.072075	.000000
20.25542	.066647	.000000
20.33486	.060852	.000000
20.41491	.057180	.000000
20.49561	.054743	.000000
20.57694	.053410	.000000
20.65892	.053651	.000000
20.74155	.055117	.000000
20.82485	.056192	.000000
20.90882	.057227	.000000
20.99347	.057462	.000000
21.07881	.057773	.000000
21.16485	.057528	.000000
21.25159	.057777	.000000
21.33905	.057664	.000000
21.42722	.058595	.000000
21.51613	.060374	.000000
21.60579	.062328	.000000
21.69619	.062661	.000000
21.78735	.062418	.000000
21.87928	.061938	.000000
21.97199	.061511	.000000
22.06548	.061436	.000000
22.15978	.061867	.000000
22.25489	.061533	.000000
22.35081	.060190	.000000
22.44757	.057619	.000000
22.54517	.055123	.000000
22.64362	.052678	.000000
22.74294	.051649	.000000
22.84313	.051882	.000000
22.9442	.053301	.000000
23.04617	.056098	.000000
23.14906	.059013	.000000
23.25287	.061925	.000000
23.35761	.064447	.000000
23.4633	.066231	.000000
23.56995	.066457	.000000
23.67758	.064885	.000000
23.78619	.063455	.000000
23.8958	.062350	.000000
24.00643	.061722	.000000
24.11809	.060626	.000000
24.23079	.059267	.000000
24.3445	.057792	.000000
24.45933	.056461	.000000
24.57525	.055580	.000000
24.69227	.055339	.000000
24.81042	.054803	.000000
24.9297	.054216	.000000
25.05013	.054080	.000000
25.17173	.055432	.000000
25.29452	.057408	.000000
25.41852	.059017	.000000
25.54373	.059792	.000000
25.67018	.060525	.000000
25.7979	.061639	.000000
25.92689	.064042	.000000
26.05717	.066020	.000000
26.18878	.067987	.000000
26.32171	.069088	.000000
26.45601	.069197	.000000
26.59168	.068830	.000000
26.72875	.068409	.000000
26.86724	.067353	.000000
27.00717	.067515	.000000
27.14857	.067485	.000000
27.29146	.067545	.000000
27.43586	.066722	.000000
27.58179	.065407	.000000
27.72929	.064456	.000000
27.87837	.063508	.000000
28.02907	.062815	.000000
28.1814	.063790	.000000
28.33539	.065047	.000000
28.49108	.066154	.000000
28.64849	.067404	.000000
28.80765	.069124	.000000
28.96859	.069864	.000000
29.13133	.070359	.000000
29.29592	.071576	.000000
29.46237	.073010	.000000
29.63073	.073910	.000000
29.80102	.074853	.000000
29.97328	.073854	.000000
30.14754	.072604	.000000
30.32384	.071522	.000000
30.50222	.068977	.000000
30.68271	.065226	.000000
30.86534	.061780	.000000
31.05016	.059066	.000000
31.23721	.059418	.000000
31.42653	.059117	.000000
31.61815	.058616	.000000
31.81213	.057726	.000000
32.0085	.058014	.000000
32.20731	.060182	.000000
32.40861	.063128	.000000
32.61244	.065540	.000000
32.81884	.068731	.000000
33.02788	.072903	.000000
33.2396	.076970	.000000
33.45405	.079551	.000000
33.67128	.082107	.000000
33.89136	.083607	.000000
34.11432	.083206	.000000
34.34025	.079865	.000000
34.56918	.075316	.000000
34.80119	.070311	.000000
35.03633	.067189	.000000
35.27468	.065954	.000000
35.51629	.065525	.000000
35.76123	.065668	.000000
36.00957	.066419	.000000
36.26138	.064899	.000000
36.51674	.063867	.000000
36.77573	.062616	.000000
37.03841	.060816	.000000
37.30488	.056922	.000000
37.5752	.053819	.000000
37.84947	.049221	.000000
38.12777	.044781	.000000
38.4102	.042118	.000000
38.69684	.040674	.000000
38.9878	.038412	.000000
39.28316	.036995	.000000
39.58303	.037905	.000000
39.88752	.039972	.000000
40.19672	.042567	.000000
40.51076	.046281	.000000
40.82974	.049757	.000000
41.15379	.052164	.000000
41.48302	.054438	.000000
41.81756	.057188	.000000
42.15754	.058972	.000000
42.50309	.061072	.000000
42.85436	.061962	.000000
43.21148	.060833	.000000
43.5746	.060188	.000000
43.94388	.064187	.000000
44.31946	.064541	.000000
44.70153	.061891	.000000
45.09024	.060803	.000000
45.48577	.060408	.000000
45.88829	.058991	.000000
46.29801	.060410	.000000
46.71511	.061962	.000000
47.13979	.061825	.000000
47.57227	.061309	.000000
48.01275	.062273	.000000
48.46147	.063143	.000000
48.91865	.068704	.000000
49.38455	.073033	.000000
49.8594	.067074	.000000
50.34347	.064701	.000000
50.83703	.065251	.000000
51.34037	.065601	.000000
51.85377	.067445	.000000
52.37755	.066732	.000000
52.91202	.067545	.000000
53.4575	.066860	.000000
54.01435	.065053	.000000
54.58292	.063909	.000000
55.16359	.061402	.000000
55.75675	.060871	.000000
56.3628	.064138	.000000
56.98217	.064481	.000000
57.61531	.064168	.000000
58.26267	.064251	.000000
58.92474	.061178	.000000
59.60204	.057602	.000000
60.29509	.057528	.000000
61.00445	.058268	.000000
61.73069	.059358	.000000
62.47443	.060543	.000000
63.23631	.063319	.000000
64.01701	.056013	.000000
64.81722	.057871	.000000
65.6377	.070500	.000000
66.4792	.073790	.000000
67.34256	.062580	.000000
68.22865	.064287	.000000
69.13838	.065651	.000000
70.07267	.068836	.000000
71.03257	.070628	.000000
72.01913	.072148	.000000
73.03348	.067825	.000000
74.07682	.070737	.000000
75.1504	.078088	.000000
76.25555	.082029	.000000
77.39369	.073688	.000000
78.56632	.059574	.000000
79.77503	.047771	.000000
81.02152	.040874	.000000
82.30759	.049543	.000000
83.63513	.044035	.000000
85.0062	.043810	.000000
86.42296	.052949	.000000
87.88776	.051306	.000000
89.40305	.046638	.000000
90.97155	.053324	.000000
92.59603	.065141	.000000
94.27959	.062062	.000000
96.02551	.068985	.000000
97.83731	.068985	.000000
99.7188	.069207	.000000
