Brown University Keck/NASA Relab Spectrum KW-JFM-003-B/BKR0KW003B
Wavelength(micron)	Reflectance	Standard Deviation
0.3	.266295	.004295
0.305	.307418	.003413
0.31	.367381	.003377
0.315	.435665	.003721
0.32	.501472	.004093
0.325	.562062	.004401
0.33	.609417	.004636
0.335	.646687	.005102
0.34	.674096	.005068
0.345	.695584	.005178
0.35	.712039	.005221
0.355	.725022	.006174
0.36	.735479	.007410
0.365	.745959	.006399
0.37	.752621	.005853
0.375	.759881	.005678
0.38	.762653	.005757
0.385	.762103	.005842
0.39	.759186	.005768
0.395	.766078	.006485
0.4	.779337	.005833
0.405	.790213	.006200
0.41	.795239	.005838
0.415	.800607	.005789
0.42	.802292	.005813
0.425	.803114	.005201
0.43	.805170	.005938
0.435	.811682	.005608
0.44	.814205	.005393
0.445	.818027	.005599
0.45	.819304	.005054
0.455	.821093	.005390
0.46	.823704	.005254
0.465	.828196	.005508
0.47	.831092	.005503
0.475	.835236	.005414
0.48	.837866	.005317
0.485	.840497	.005561
0.49	.842162	.005235
0.495	.845091	.005458
0.5	.847220	.005610
0.505	.849828	.005455
0.51	.851389	.005187
0.515	.853492	.005263
0.52	.854893	.005556
0.525	.856846	.005330
0.53	.858523	.005350
0.535	.861384	.005344
0.54	.862888	.005389
0.545	.864863	.005343
0.55	.865993	.005329
0.555	.867947	.005322
0.56	.868968	.005357
0.565	.870644	.005316
0.57	.872686	.005350
0.575	.874417	.005393
0.58	.876052	.005467
0.585	.878105	.005189
0.59	.879293	.005247
0.595	.881303	.005244
0.6	.882466	.005229
0.605	.883804	.005122
0.61	.885087	.005115
0.615	.886517	.005305
0.62	.887270	.005162
0.625	.888320	.005209
0.63	.889373	.005204
0.635	.890331	.005350
0.64	.890704	.005367
0.645	.891761	.005215
0.65	.892739	.005276
0.655	.893793	.005319
0.66	.894518	.005459
0.665	.895501	.005368
0.67	.895993	.005556
0.675	.896990	.005353
0.68	.897268	.005355
0.685	.898116	.005262
0.69	.898917	.005410
0.695	.899164	.005278
0.7	.899632	.005418
0.705	.900712	.005338
0.71	.901245	.005377
0.715	.901844	.005402
0.72	.902359	.005504
0.725	.902793	.005526
0.73	.903067	.005373
0.735	.903808	.005850
0.74	.904590	.005498
0.745	.905189	.005459
0.75	.905437	.005401
0.755	.905808	.005632
0.76	.904473	.005426
0.765	.906789	.005281
0.77	.906472	.005276
0.775	.906885	.005345
0.78	.907087	.005259
0.785	.906927	.005281
0.79	.907652	.005286
0.795	.907909	.005462
0.8	.908257	.005566
0.805	.908483	.005500
0.81	.908594	.005706
0.815	.908817	.005536
0.82	.909238	.005611
0.825	.908766	.005675
0.83	.909192	.006035
0.835	.909192	.005808
0.84	.907823	.005484
0.845	.909606	.005494
0.85	.908947	.005386
0.855	.909019	.005157
0.86	.908534	.005309
0.865	.908926	.005484
0.87	.908756	.005537
0.875	.908613	.005118
0.88	.908243	.005577
0.885	.908604	.005654
0.89	.906617	.005324
0.895	.906105	.005477
0.89909	.906033	.000000
0.89924	.905915	.000000
0.8994	.905958	.000000
0.89956	.906460	.000000
0.89971	.906861	.000000
0.89987	.905985	.000000
0.90002	.906087	.000000
0.90018	.906159	.000000
0.90034	.905893	.000000
0.90049	.906187	.000000
0.90065	.905714	.000000
0.90081	.905261	.000000
0.90096	.905575	.000000
0.90112	.905170	.000000
0.90128	.904797	.000000
0.90143	.904289	.000000
0.90159	.904441	.000000
0.90175	.905026	.000000
0.9019	.905104	.000000
0.90206	.904518	.000000
0.90222	.904845	.000000
0.90237	.905712	.000000
0.90253	.905747	.000000
0.90269	.905512	.000000
0.90284	.904871	.000000
0.903	.904707	.000000
0.90316	.905233	.000000
0.90332	.905431	.000000
0.90347	.905366	.000000
0.90363	.904274	.000000
0.90379	.904101	.000000
0.90395	.904725	.000000
0.9041	.904339	.000000
0.90426	.904116	.000000
0.90442	.904404	.000000
0.90458	.904186	.000000
0.90474	.904049	.000000
0.90489	.903892	.000000
0.90505	.903689	.000000
0.90521	.903914	.000000
0.90537	.904596	.000000
0.90553	.904749	.000000
0.90568	.904130	.000000
0.90584	.903724	.000000
0.906	.903569	.000000
0.90616	.903781	.000000
0.90632	.904121	.000000
0.90648	.904723	.000000
0.90663	.905008	.000000
0.90679	.904729	.000000
0.90695	.904600	.000000
0.90711	.904819	.000000
0.90727	.905389	.000000
0.90743	.905097	.000000
0.90759	.904520	.000000
0.90774	.904450	.000000
0.9079	.904073	.000000
0.90806	.903759	.000000
0.90822	.904332	.000000
0.90838	.904613	.000000
0.90854	.903920	.000000
0.9087	.904284	.000000
0.90886	.904701	.000000
0.90902	.903661	.000000
0.90918	.903811	.000000
0.90934	.904818	.000000
0.9095	.904328	.000000
0.90966	.903957	.000000
0.90982	.903243	.000000
0.90998	.902706	.000000
0.91013	.903275	.000000
0.91029	.903401	.000000
0.91045	.903681	.000000
0.91061	.903282	.000000
0.91077	.902552	.000000
0.91093	.902564	.000000
0.91109	.902366	.000000
0.91125	.902279	.000000
0.91141	.902663	.000000
0.91158	.902678	.000000
0.91174	.903112	.000000
0.9119	.904140	.000000
0.91206	.904321	.000000
0.91222	.904670	.000000
0.91238	.904077	.000000
0.91254	.903803	.000000
0.9127	.904319	.000000
0.91286	.903759	.000000
0.91302	.903003	.000000
0.91318	.902983	.000000
0.91334	.903480	.000000
0.9135	.903330	.000000
0.91366	.902617	.000000
0.91382	.903522	.000000
0.91399	.904130	.000000
0.91415	.903061	.000000
0.91431	.902639	.000000
0.91447	.903674	.000000
0.91463	.903746	.000000
0.91479	.903225	.000000
0.91495	.902754	.000000
0.91511	.903027	.000000
0.91528	.902586	.000000
0.91544	.902626	.000000
0.9156	.902953	.000000
0.91576	.902902	.000000
0.91592	.902870	.000000
0.91608	.903101	.000000
0.91625	.903247	.000000
0.91641	.902497	.000000
0.91657	.902176	.000000
0.91673	.902342	.000000
0.91689	.902331	.000000
0.91706	.901828	.000000
0.91722	.901802	.000000
0.91738	.902410	.000000
0.91754	.902630	.000000
0.91771	.903049	.000000
0.91787	.902813	.000000
0.91803	.901873	.000000
0.91819	.901159	.000000
0.91836	.901400	.000000
0.91852	.901876	.000000
0.91868	.901956	.000000
0.91884	.902072	.000000
0.91901	.902360	.000000
0.91917	.901699	.000000
0.91933	.901677	.000000
0.9195	.901810	.000000
0.91966	.901159	.000000
0.91982	.901237	.000000
0.91999	.901211	.000000
0.92015	.901448	.000000
0.92031	.901898	.000000
0.92048	.902456	.000000
0.92064	.902848	.000000
0.9208	.902421	.000000
0.92097	.901381	.000000
0.92113	.900988	.000000
0.92129	.901111	.000000
0.92146	.901119	.000000
0.92162	.900945	.000000
0.92179	.901117	.000000
0.92195	.901274	.000000
0.92211	.900884	.000000
0.92228	.900529	.000000
0.92244	.901268	.000000
0.92261	.901206	.000000
0.92277	.901350	.000000
0.92293	.901738	.000000
0.9231	.901023	.000000
0.92326	.900908	.000000
0.92343	.901291	.000000
0.92359	.901344	.000000
0.92376	.901135	.000000
0.92392	.900605	.000000
0.92409	.900411	.000000
0.92425	.900444	.000000
0.92441	.901036	.000000
0.92458	.901934	.000000
0.92474	.901786	.000000
0.92491	.901228	.000000
0.92507	.900945	.000000
0.92524	.900683	.000000
0.9254	.900871	.000000
0.92557	.901333	.000000
0.92574	.901073	.000000
0.9259	.900880	.000000
0.92607	.900768	.000000
0.92623	.900818	.000000
0.9264	.900928	.000000
0.92656	.900585	.000000
0.92673	.900535	.000000
0.92689	.901089	.000000
0.92706	.901427	.000000
0.92723	.901540	.000000
0.92739	.901333	.000000
0.92756	.900812	.000000
0.92772	.900498	.000000
0.92789	.900725	.000000
0.92805	.900507	.000000
0.92822	.899822	.000000
0.92839	.899663	.000000
0.92855	.900084	.000000
0.92872	.900387	.000000
0.92889	.900812	.000000
0.92905	.900989	.000000
0.92922	.900195	.000000
0.92939	.899473	.000000
0.92955	.899853	.000000
0.92972	.900583	.000000
0.92989	.900888	.000000
0.93005	.900516	.000000
0.93022	.900230	.000000
0.93039	.900485	.000000
0.93055	.900622	.000000
0.93072	.900258	.000000
0.93089	.900016	.000000
0.93105	.899827	.000000
0.93122	.900158	.000000
0.93139	.900352	.000000
0.93156	.900507	.000000
0.93172	.900511	.000000
0.93189	.900348	.000000
0.93206	.900322	.000000
0.93223	.900149	.000000
0.93239	.899735	.000000
0.93256	.899720	.000000
0.93273	.900019	.000000
0.9329	.900034	.000000
0.93307	.900077	.000000
0.93323	.900010	.000000
0.9334	.899944	.000000
0.93357	.899628	.000000
0.93374	.899426	.000000
0.93391	.899975	.000000
0.93407	.900271	.000000
0.93424	.899813	.000000
0.93441	.899559	.000000
0.93458	.899412	.000000
0.93475	.900132	.000000
0.93492	.900249	.000000
0.93508	.899946	.000000
0.93525	.899801	.000000
0.93542	.899685	.000000
0.93559	.899703	.000000
0.93576	.899280	.000000
0.93593	.899049	.000000
0.9361	.898881	.000000
0.93627	.898599	.000000
0.93644	.899434	.000000
0.93661	.900036	.000000
0.93677	.899803	.000000
0.93694	.899546	.000000
0.93711	.899591	.000000
0.93728	.899412	.000000
0.93745	.899269	.000000
0.93762	.899258	.000000
0.93779	.899001	.000000
0.93796	.899171	.000000
0.93813	.899691	.000000
0.9383	.899801	.000000
0.93847	.899461	.000000
0.93864	.899572	.000000
0.93881	.899314	.000000
0.93898	.899341	.000000
0.93915	.899425	.000000
0.93932	.899048	.000000
0.93949	.898931	.000000
0.93966	.899059	.000000
0.93983	.899151	.000000
0.94	.899088	.000000
0.94017	.899160	.000000
0.94034	.898859	.000000
0.94051	.898813	.000000
0.94068	.899186	.000000
0.94085	.898804	.000000
0.94102	.898625	.000000
0.9412	.899432	.000000
0.94137	.899759	.000000
0.94154	.899369	.000000
0.94171	.898830	.000000
0.94188	.898573	.000000
0.94205	.898704	.000000
0.94222	.899306	.000000
0.94239	.899567	.000000
0.94256	.898425	.000000
0.94274	.898065	.000000
0.94291	.898261	.000000
0.94308	.898632	.000000
0.94325	.898695	.000000
0.94342	.898475	.000000
0.94359	.898778	.000000
0.94377	.898783	.000000
0.94394	.898212	.000000
0.94411	.897747	.000000
0.94428	.898024	.000000
0.94445	.898447	.000000
0.94463	.898593	.000000
0.9448	.898706	.000000
0.94497	.898480	.000000
0.94514	.898673	.000000
0.94531	.899009	.000000
0.94549	.898673	.000000
0.94566	.898283	.000000
0.94583	.898479	.000000
0.946	.898421	.000000
0.94618	.898431	.000000
0.94635	.898177	.000000
0.94652	.897784	.000000
0.94669	.897919	.000000
0.94687	.898277	.000000
0.94704	.898628	.000000
0.94721	.898567	.000000
0.94739	.898170	.000000
0.94756	.898200	.000000
0.94773	.898294	.000000
0.94791	.898318	.000000
0.94808	.897915	.000000
0.94825	.897841	.000000
0.94843	.898493	.000000
0.9486	.898889	.000000
0.94877	.898323	.000000
0.94895	.897804	.000000
0.94912	.897974	.000000
0.94929	.898312	.000000
0.94947	.898096	.000000
0.94964	.897675	.000000
0.94982	.898011	.000000
0.94999	.898176	.000000
0.95016	.898211	.000000
0.95034	.898262	.000000
0.95051	.897897	.000000
0.95069	.898037	.000000
0.95086	.898000	.000000
0.95104	.897902	.000000
0.95121	.898030	.000000
0.95139	.897934	.000000
0.95156	.898107	.000000
0.95173	.898600	.000000
0.95191	.897800	.000000
0.95208	.897723	.000000
0.95226	.897797	.000000
0.95243	.898035	.000000
0.95261	.898168	.000000
0.95278	.897483	.000000
0.95296	.897230	.000000
0.95313	.897743	.000000
0.95331	.897788	.000000
0.95348	.897616	.000000
0.95366	.897239	.000000
0.95384	.897030	.000000
0.95401	.897396	.000000
0.95419	.897712	.000000
0.95436	.898196	.000000
0.95454	.898198	.000000
0.95471	.897812	.000000
0.95489	.897830	.000000
0.95507	.897595	.000000
0.95524	.897331	.000000
0.95542	.896938	.000000
0.95559	.896884	.000000
0.95577	.897455	.000000
0.95595	.897143	.000000
0.95612	.896777	.000000
0.9563	.896967	.000000
0.95647	.896976	.000000
0.95665	.896812	.000000
0.95683	.897026	.000000
0.957	.897161	.000000
0.95718	.896840	.000000
0.95736	.896786	.000000
0.95753	.897024	.000000
0.95771	.897296	.000000
0.95789	.897383	.000000
0.95807	.897429	.000000
0.95824	.897302	.000000
0.95842	.897026	.000000
0.9586	.897137	.000000
0.95877	.897257	.000000
0.95895	.897414	.000000
0.95913	.897926	.000000
0.95931	.897675	.000000
0.95948	.896976	.000000
0.95966	.897058	.000000
0.95984	.897248	.000000
0.96002	.897128	.000000
0.96019	.896912	.000000
0.96037	.896917	.000000
0.96055	.896757	.000000
0.96073	.896757	.000000
0.96091	.897191	.000000
0.96108	.897239	.000000
0.96126	.897043	.000000
0.96144	.897464	.000000
0.96162	.897422	.000000
0.9618	.896825	.000000
0.96198	.896574	.000000
0.96215	.896740	.000000
0.96233	.896853	.000000
0.96251	.896836	.000000
0.96269	.896507	.000000
0.96287	.896426	.000000
0.96305	.896949	.000000
0.96323	.896975	.000000
0.96341	.896496	.000000
0.96359	.896511	.000000
0.96376	.896738	.000000
0.96394	.896897	.000000
0.96412	.896688	.000000
0.9643	.896468	.000000
0.96448	.896564	.000000
0.96466	.896583	.000000
0.96484	.896812	.000000
0.96502	.896864	.000000
0.9652	.896814	.000000
0.96538	.896934	.000000
0.96556	.896372	.000000
0.96574	.895515	.000000
0.96592	.895589	.000000
0.9661	.895890	.000000
0.96628	.896350	.000000
0.96646	.897108	.000000
0.96664	.897154	.000000
0.96682	.896533	.000000
0.967	.895944	.000000
0.96718	.896021	.000000
0.96736	.896398	.000000
0.96754	.896631	.000000
0.96772	.896527	.000000
0.9679	.896513	.000000
0.96808	.896080	.000000
0.96826	.895779	.000000
0.96844	.896069	.000000
0.96863	.895951	.000000
0.96881	.896123	.000000
0.96899	.896165	.000000
0.96917	.896121	.000000
0.96935	.895992	.000000
0.96953	.896010	.000000
0.96971	.896075	.000000
0.96989	.895931	.000000
0.97008	.895946	.000000
0.97026	.895807	.000000
0.97044	.895652	.000000
0.97062	.895744	.000000
0.9708	.895631	.000000
0.97098	.895463	.000000
0.97117	.895864	.000000
0.97135	.896103	.000000
0.97153	.895984	.000000
0.97171	.895689	.000000
0.97189	.895552	.000000
0.97208	.895746	.000000
0.97226	.895842	.000000
0.97244	.895223	.000000
0.97262	.895227	.000000
0.97281	.895894	.000000
0.97299	.896032	.000000
0.97317	.895994	.000000
0.97335	.896182	.000000
0.97354	.895781	.000000
0.97372	.895428	.000000
0.9739	.895452	.000000
0.97409	.895679	.000000
0.97427	.895888	.000000
0.97445	.895825	.000000
0.97463	.895643	.000000
0.97482	.895238	.000000
0.975	.895182	.000000
0.97518	.895543	.000000
0.97537	.895545	.000000
0.97555	.895386	.000000
0.97573	.895546	.000000
0.97592	.895700	.000000
0.9761	.895410	.000000
0.97629	.895508	.000000
0.97647	.895587	.000000
0.97665	.895465	.000000
0.97684	.895907	.000000
0.97702	.895946	.000000
0.97721	.895593	.000000
0.97739	.895491	.000000
0.97757	.895430	.000000
0.97776	.895284	.000000
0.97794	.895114	.000000
0.97813	.894955	.000000
0.97831	.895029	.000000
0.9785	.895227	.000000
0.97868	.895471	.000000
0.97887	.895607	.000000
0.97905	.895086	.000000
0.97924	.894996	.000000
0.97942	.895447	.000000
0.97961	.895388	.000000
0.97979	.895297	.000000
0.97998	.895208	.000000
0.98016	.895009	.000000
0.98035	.895012	.000000
0.98053	.895177	.000000
0.98072	.895125	.000000
0.9809	.894765	.000000
0.98109	.894484	.000000
0.98127	.895009	.000000
0.98146	.895552	.000000
0.98165	.895352	.000000
0.98183	.895020	.000000
0.98202	.894950	.000000
0.9822	.894996	.000000
0.98239	.895201	.000000
0.98258	.895299	.000000
0.98276	.895053	.000000
0.98295	.895125	.000000
0.98314	.895256	.000000
0.98332	.895284	.000000
0.98351	.895173	.000000
0.9837	.894669	.000000
0.98388	.894296	.000000
0.98407	.894399	.000000
0.98426	.894434	.000000
0.98444	.894493	.000000
0.98463	.894682	.000000
0.98482	.894726	.000000
0.985	.894628	.000000
0.98519	.894491	.000000
0.98538	.894656	.000000
0.98557	.894273	.000000
0.98575	.894133	.000000
0.98594	.894272	.000000
0.98613	.894429	.000000
0.98632	.894410	.000000
0.9865	.894238	.000000
0.98669	.894312	.000000
0.98688	.894462	.000000
0.98707	.894527	.000000
0.98725	.894427	.000000
0.98744	.894179	.000000
0.98763	.894270	.000000
0.98782	.894224	.000000
0.98801	.894042	.000000
0.98819	.894046	.000000
0.98838	.893976	.000000
0.98857	.894004	.000000
0.98876	.894120	.000000
0.98895	.894227	.000000
0.98914	.894479	.000000
0.98933	.894207	.000000
0.98952	.894194	.000000
0.9897	.894493	.000000
0.98989	.894440	.000000
0.99008	.894318	.000000
0.99027	.894122	.000000
0.99046	.893839	.000000
0.99065	.893618	.000000
0.99084	.893806	.000000
0.99103	.894403	.000000
0.99122	.894467	.000000
0.99141	.894137	.000000
0.9916	.894222	.000000
0.99179	.894168	.000000
0.99198	.894004	.000000
0.99217	.893701	.000000
0.99236	.893553	.000000
0.99255	.893651	.000000
0.99274	.893597	.000000
0.99293	.893355	.000000
0.99312	.893361	.000000
0.99331	.893845	.000000
0.9935	.893885	.000000
0.99369	.893819	.000000
0.99388	.893808	.000000
0.99407	.893738	.000000
0.99426	.893636	.000000
0.99445	.893756	.000000
0.99464	.893991	.000000
0.99483	.894061	.000000
0.99502	.894209	.000000
0.99521	.894031	.000000
0.9954	.893618	.000000
0.9956	.893335	.000000
0.99579	.893464	.000000
0.99598	.893821	.000000
0.99617	.893693	.000000
0.99636	.893667	.000000
0.99655	.893340	.000000
0.99674	.892707	.000000
0.99694	.892840	.000000
0.99713	.893291	.000000
0.99732	.893510	.000000
0.99751	.893758	.000000
0.9977	.893488	.000000
0.99789	.893220	.000000
0.99809	.893200	.000000
0.99828	.893200	.000000
0.99847	.893329	.000000
0.99866	.893331	.000000
0.99886	.893084	.000000
0.99905	.893100	.000000
0.99924	.893202	.000000
0.99943	.893056	.000000
0.99963	.892978	.000000
0.99982	.893087	.000000
1.00001	.893187	.000000
1.0002	.893296	.000000
1.0004	.893200	.000000
1.00059	.892947	.000000
1.00078	.893183	.000000
1.00098	.893224	.000000
1.00117	.893109	.000000
1.00136	.892849	.000000
1.00156	.892733	.000000
1.00175	.893106	.000000
1.00194	.893143	.000000
1.00214	.893000	.000000
1.00233	.893058	.000000
1.00253	.893091	.000000
1.00272	.892673	.000000
1.00291	.892346	.000000
1.00311	.892527	.000000
1.0033	.892960	.000000
1.0035	.893169	.000000
1.00369	.892967	.000000
1.00388	.892745	.000000
1.00408	.892760	.000000
1.00427	.892788	.000000
1.00447	.892795	.000000
1.00466	.892483	.000000
1.00486	.892479	.000000
1.00505	.893109	.000000
1.00525	.893213	.000000
1.00544	.892478	.000000
1.00564	.892247	.000000
1.00583	.892681	.000000
1.00603	.892476	.000000
1.00622	.892356	.000000
1.00642	.892655	.000000
1.00661	.892588	.000000
1.00681	.892128	.000000
1.007	.892115	.000000
1.0072	.892431	.000000
1.0074	.892260	.000000
1.00759	.892224	.000000
1.00779	.892169	.000000
1.00798	.892149	.000000
1.00818	.892228	.000000
1.00837	.892173	.000000
1.00857	.892141	.000000
1.00877	.891986	.000000
1.00896	.891923	.000000
1.00916	.891947	.000000
1.00936	.892254	.000000
1.00955	.892431	.000000
1.00975	.892149	.000000
1.00995	.891838	.000000
1.01014	.891840	.000000
1.01034	.891951	.000000
1.01054	.892138	.000000
1.01073	.892293	.000000
1.01093	.892367	.000000
1.01113	.892369	.000000
1.01133	.892537	.000000
1.01152	.892380	.000000
1.01172	.891988	.000000
1.01192	.891940	.000000
1.01211	.892025	.000000
1.01231	.891977	.000000
1.01251	.892006	.000000
1.01271	.891979	.000000
1.01291	.891811	.000000
1.0131	.891633	.000000
1.0133	.891683	.000000
1.0135	.891868	.000000
1.0137	.891999	.000000
1.0139	.892080	.000000
1.01409	.891957	.000000
1.01429	.891713	.000000
1.01449	.891731	.000000
1.01469	.891787	.000000
1.01489	.891674	.000000
1.01509	.891410	.000000
1.01529	.891428	.000000
1.01548	.891535	.000000
1.01568	.891522	.000000
1.01588	.891552	.000000
1.01608	.891831	.000000
1.01628	.891753	.000000
1.01648	.891838	.000000
1.01668	.891724	.000000
1.01688	.891413	.000000
1.01708	.891389	.000000
1.01728	.891737	.000000
1.01748	.891694	.000000
1.01768	.891687	.000000
1.01788	.891716	.000000
1.01808	.891552	.000000
1.01828	.891552	.000000
1.01848	.891417	.000000
1.01868	.891521	.000000
1.01888	.891737	.000000
1.01908	.891589	.000000
1.01928	.891256	.000000
1.01948	.891345	.000000
1.01968	.891452	.000000
1.01988	.891465	.000000
1.02008	.891136	.000000
1.02028	.890907	.000000
1.02048	.891101	.000000
1.02068	.891068	.000000
1.02088	.891020	.000000
1.02108	.891319	.000000
1.02129	.891334	.000000
1.02149	.891005	.000000
1.02169	.891012	.000000
1.02189	.891151	.000000
1.02209	.891024	.000000
1.02229	.890798	.000000
1.02249	.890835	.000000
1.0227	.891092	.000000
1.0229	.891225	.000000
1.0231	.890922	.000000
1.0233	.890772	.000000
1.0235	.890698	.000000
1.02371	.890532	.000000
1.02391	.890491	.000000
1.02411	.890721	.000000
1.02431	.890985	.000000
1.02451	.890857	.000000
1.02472	.890844	.000000
1.02492	.890748	.000000
1.02512	.890586	.000000
1.02532	.890571	.000000
1.02553	.890608	.000000
1.02573	.890490	.000000
1.02593	.890264	.000000
1.02614	.890214	.000000
1.02634	.890693	.000000
1.02654	.890818	.000000
1.02675	.890584	.000000
1.02695	.890521	.000000
1.02715	.890462	.000000
1.02736	.890591	.000000
1.02756	.890730	.000000
1.02776	.890863	.000000
1.02797	.890785	.000000
1.02817	.890514	.000000
1.02838	.890541	.000000
1.02858	.890595	.000000
1.02878	.890456	.000000
1.02899	.890331	.000000
1.02919	.890133	.000000
1.0294	.889863	.000000
1.0296	.889795	.000000
1.02981	.890039	.000000
1.03001	.890220	.000000
1.03021	.890340	.000000
1.03042	.890118	.000000
1.03062	.890116	.000000
1.03083	.890096	.000000
1.03103	.889943	.000000
1.03124	.890139	.000000
1.03144	.890240	.000000
1.03165	.890126	.000000
1.03185	.889852	.000000
1.03206	.889712	.000000
1.03227	.889930	.000000
1.03247	.889965	.000000
1.03268	.889880	.000000
1.03288	.889902	.000000
1.03309	.889577	.000000
1.03329	.889533	.000000
1.0335	.889839	.000000
1.03371	.889972	.000000
1.03391	.889919	.000000
1.03412	.889837	.000000
1.03432	.889813	.000000
1.03453	.889974	.000000
1.03474	.889882	.000000
1.03494	.889505	.000000
1.03515	.889462	.000000
1.03536	.889762	.000000
1.03556	.889983	.000000
1.03577	.889952	.000000
1.03598	.889618	.000000
1.03619	.889453	.000000
1.03639	.889431	.000000
1.0366	.889435	.000000
1.03681	.889503	.000000
1.03701	.889318	.000000
1.03722	.889043	.000000
1.03743	.889244	.000000
1.03764	.889571	.000000
1.03784	.889826	.000000
1.03805	.889695	.000000
1.03826	.889507	.000000
1.03847	.889527	.000000
1.03868	.889560	.000000
1.03888	.889483	.000000
1.03909	.889302	.000000
1.0393	.889569	.000000
1.03951	.889429	.000000
1.03972	.889002	.000000
1.03993	.889370	.000000
1.04013	.889594	.000000
1.04034	.889235	.000000
1.04055	.888838	.000000
1.04076	.888812	.000000
1.04097	.888986	.000000
1.04118	.889263	.000000
1.04139	.889529	.000000
1.0416	.889364	.000000
1.04181	.889237	.000000
1.04202	.889265	.000000
1.04223	.889163	.000000
1.04244	.889104	.000000
1.04264	.889106	.000000
1.04285	.889180	.000000
1.04306	.888967	.000000
1.04327	.888729	.000000
1.04348	.888771	.000000
1.04369	.889122	.000000
1.0439	.888812	.000000
1.04411	.888714	.000000
1.04432	.889080	.000000
1.04454	.889176	.000000
1.04475	.889095	.000000
1.04496	.889026	.000000
1.04517	.889130	.000000
1.04538	.889396	.000000
1.04559	.889279	.000000
1.0458	.889000	.000000
1.04601	.888699	.000000
1.04622	.888389	.000000
1.04643	.888535	.000000
1.04664	.888814	.000000
1.04686	.888851	.000000
1.04707	.888709	.000000
1.04728	.888749	.000000
1.04749	.888587	.000000
1.0477	.888459	.000000
1.04791	.888387	.000000
1.04812	.888503	.000000
1.04834	.888803	.000000
1.04855	.888829	.000000
1.04876	.888781	.000000
1.04897	.888694	.000000
1.04919	.888511	.000000
1.0494	.888409	.000000
1.04961	.888308	.000000
1.04982	.888254	.000000
1.05004	.888330	.000000
1.05025	.888400	.000000
1.05046	.888444	.000000
1.05067	.888511	.000000
1.05089	.888672	.000000
1.0511	.888755	.000000
1.05131	.888624	.000000
1.05153	.888489	.000000
1.05174	.888468	.000000
1.05195	.888513	.000000
1.05217	.888369	.000000
1.05238	.888143	.000000
1.05259	.888289	.000000
1.05281	.888542	.000000
1.05302	.888513	.000000
1.05323	.888345	.000000
1.05345	.888428	.000000
1.05366	.888276	.000000
1.05388	.888138	.000000
1.05409	.888178	.000000
1.05431	.888352	.000000
1.05452	.888455	.000000
1.05473	.888413	.000000
1.05495	.888404	.000000
1.05516	.888248	.000000
1.05538	.887844	.000000
1.05559	.887879	.000000
1.05581	.888315	.000000
1.05602	.888385	.000000
1.05624	.888160	.000000
1.05645	.887995	.000000
1.05667	.887958	.000000
1.05688	.887981	.000000
1.0571	.888125	.000000
1.05732	.888108	.000000
1.05753	.888027	.000000
1.05775	.888106	.000000
1.05796	.888023	.000000
1.05818	.887748	.000000
1.05839	.887897	.000000
1.05861	.888158	.000000
1.05883	.887909	.000000
1.05904	.887679	.000000
1.05926	.887618	.000000
1.05948	.887312	.000000
1.05969	.887297	.000000
1.05991	.887607	.000000
1.06013	.887779	.000000
1.06034	.887842	.000000
1.06056	.887674	.000000
1.06078	.887633	.000000
1.06099	.887779	.000000
1.06121	.887785	.000000
1.06143	.887855	.000000
1.06165	.887783	.000000
1.06186	.887744	.000000
1.06208	.887484	.000000
1.0623	.887343	.000000
1.06252	.887434	.000000
1.06273	.887375	.000000
1.06295	.887325	.000000
1.06317	.887561	.000000
1.06339	.887644	.000000
1.06361	.887472	.000000
1.06382	.887266	.000000
1.06404	.887325	.000000
1.06426	.887415	.000000
1.06448	.887336	.000000
1.0647	.887254	.000000
1.06492	.887173	.000000
1.06514	.887186	.000000
1.06535	.887205	.000000
1.06557	.887162	.000000
1.06579	.887201	.000000
1.06601	.887406	.000000
1.06623	.887430	.000000
1.06645	.887487	.000000
1.06667	.887229	.000000
1.06689	.886783	.000000
1.06711	.886676	.000000
1.06733	.886781	.000000
1.06755	.886927	.000000
1.06777	.886900	.000000
1.06799	.886854	.000000
1.06821	.887083	.000000
1.06843	.887140	.000000
1.06865	.886985	.000000
1.06887	.886828	.000000
1.06909	.886896	.000000
1.06931	.886939	.000000
1.06953	.886900	.000000
1.06975	.886713	.000000
1.06997	.886706	.000000
1.07019	.886902	.000000
1.07041	.886920	.000000
1.07063	.886685	.000000
1.07085	.886456	.000000
1.07108	.886508	.000000
1.0713	.886791	.000000
1.07152	.886972	.000000
1.07174	.886935	.000000
1.07196	.886835	.000000
1.07218	.886689	.000000
1.07241	.886763	.000000
1.07263	.886789	.000000
1.07285	.886746	.000000
1.07307	.886852	.000000
1.07329	.886708	.000000
1.07352	.886624	.000000
1.07374	.886785	.000000
1.07396	.886746	.000000
1.07418	.886612	.000000
1.07441	.886355	.000000
1.07463	.886159	.000000
1.07485	.886262	.000000
1.07507	.886541	.000000
1.0753	.886497	.000000
1.07552	.886412	.000000
1.07574	.886497	.000000
1.07597	.886569	.000000
1.07619	.886587	.000000
1.07641	.886421	.000000
1.07664	.886364	.000000
1.07686	.886240	.000000
1.07708	.886286	.000000
1.07731	.886617	.000000
1.07753	.886512	.000000
1.07776	.886347	.000000
1.07798	.886388	.000000
1.0782	.886371	.000000
1.07843	.886425	.000000
1.07865	.886369	.000000
1.07888	.886148	.000000
1.0791	.886284	.000000
1.07933	.886432	.000000
1.07955	.886340	.000000
1.07978	.886292	.000000
1.08	.886109	.000000
1.08023	.886177	.000000
1.08045	.886403	.000000
1.08068	.886209	.000000
1.0809	.886131	.000000
1.08113	.886181	.000000
1.08135	.886013	.000000
1.08158	.886148	.000000
1.0818	.886229	.000000
1.08203	.886116	.000000
1.08225	.886164	.000000
1.08248	.886166	.000000
1.08271	.886009	.000000
1.08293	.885906	.000000
1.08316	.885994	.000000
1.08339	.885961	.000000
1.08361	.886102	.000000
1.08384	.886199	.000000
1.08406	.885978	.000000
1.08429	.885832	.000000
1.08452	.885939	.000000
1.08475	.886094	.000000
1.08497	.886161	.000000
1.0852	.886081	.000000
1.08543	.885767	.000000
1.08565	.885643	.000000
1.08588	.885632	.000000
1.08611	.885571	.000000
1.08634	.885878	.000000
1.08656	.885933	.000000
1.08679	.885712	.000000
1.08702	.885695	.000000
1.08725	.885760	.000000
1.08748	.885882	.000000
1.0877	.885904	.000000
1.08793	.885636	.000000
1.08816	.885425	.000000
1.08839	.885560	.000000
1.08862	.885727	.000000
1.08885	.885697	.000000
1.08907	.885616	.000000
1.0893	.885610	.000000
1.08953	.885758	.000000
1.08976	.885723	.000000
1.08999	.885568	.000000
1.09022	.885503	.000000
1.09045	.885442	.000000
1.09068	.885614	.000000
1.09091	.885582	.000000
1.09114	.885337	.000000
1.09137	.885303	.000000
1.0916	.885331	.000000
1.09183	.885364	.000000
1.09206	.885292	.000000
1.09229	.885047	.000000
1.09252	.885108	.000000
1.09275	.885322	.000000
1.09298	.885444	.000000
1.09321	.885385	.000000
1.09344	.885259	.000000
1.09367	.885143	.000000
1.0939	.885087	.000000
1.09413	.885008	.000000
1.09436	.885067	.000000
1.09459	.885169	.000000
1.09482	.885157	.000000
1.09505	.885128	.000000
1.09529	.884917	.000000
1.09552	.884712	.000000
1.09575	.884716	.000000
1.09598	.885039	.000000
1.09621	.885242	.000000
1.09644	.885100	.000000
1.09668	.885063	.000000
1.09691	.885187	.000000
1.09714	.885026	.000000
1.09737	.884877	.000000
1.0976	.885004	.000000
1.09784	.885141	.000000
1.09807	.885071	.000000
1.0983	.885067	.000000
1.09854	.885198	.000000
1.09877	.885335	.000000
1.099	.885318	.000000
1.09923	.884982	.000000
1.09947	.884899	.000000
1.0997	.884899	.000000
1.09993	.884784	.000000
1.10017	.884941	.000000
1.1004	.884884	.000000
1.10063	.884775	.000000
1.10087	.884901	.000000
1.1011	.884971	.000000
1.10134	.884836	.000000
1.10157	.884891	.000000
1.1018	.884891	.000000
1.10204	.884769	.000000
1.10227	.884574	.000000
1.10251	.884594	.000000
1.10274	.884712	.000000
1.10298	.884858	.000000
1.10321	.884803	.000000
1.10344	.884607	.000000
1.10368	.884564	.000000
1.10391	.884594	.000000
1.10415	.884526	.000000
1.10439	.884612	.000000
1.10462	.884681	.000000
1.10486	.884675	.000000
1.10509	.884649	.000000
1.10533	.884705	.000000
1.10556	.884662	.000000
1.1058	.884507	.000000
1.10603	.884402	.000000
1.10627	.884435	.000000
1.10651	.884455	.000000
1.10674	.884350	.000000
1.10698	.884287	.000000
1.10722	.884162	.000000
1.10745	.884298	.000000
1.10769	.884599	.000000
1.10792	.884607	.000000
1.10816	.884398	.000000
1.1084	.884300	.000000
1.10864	.884178	.000000
1.10887	.883962	.000000
1.10911	.883955	.000000
1.10935	.884162	.000000
1.10958	.884326	.000000
1.10982	.884459	.000000
1.11006	.884420	.000000
1.1103	.884319	.000000
1.11054	.884261	.000000
1.11077	.884141	.000000
1.11101	.884151	.000000
1.11125	.884115	.000000
1.11149	.884169	.000000
1.11173	.884151	.000000
1.11196	.884121	.000000
1.1122	.884006	.000000
1.11244	.883859	.000000
1.11268	.883774	.000000
1.11292	.883753	.000000
1.11316	.883596	.000000
1.1134	.883570	.000000
1.11364	.883620	.000000
1.11388	.883678	.000000
1.11411	.883920	.000000
1.11435	.884047	.000000
1.11459	.884043	.000000
1.11483	.883936	.000000
1.11507	.883864	.000000
1.11531	.883637	.000000
1.11555	.883624	.000000
1.11579	.883702	.000000
1.11603	.883973	.000000
1.11627	.883997	.000000
1.11651	.883805	.000000
1.11675	.883775	.000000
1.11699	.883751	.000000
1.11724	.883755	.000000
1.11748	.883855	.000000
1.11772	.883883	.000000
1.11796	.883755	.000000
1.1182	.883498	.000000
1.11844	.883454	.000000
1.11868	.883572	.000000
1.11892	.883827	.000000
1.11916	.883822	.000000
1.11941	.883665	.000000
1.11965	.883690	.000000
1.11989	.883678	.000000
1.12013	.883515	.000000
1.12037	.883613	.000000
1.12062	.883639	.000000
1.12086	.883508	.000000
1.1211	.883389	.000000
1.12134	.883406	.000000
1.12159	.883365	.000000
1.12183	.883474	.000000
1.12207	.883515	.000000
1.12231	.883460	.000000
1.12256	.883436	.000000
1.1228	.883387	.000000
1.12304	.883308	.000000
1.12329	.883345	.000000
1.12353	.883550	.000000
1.12377	.883521	.000000
1.12402	.883286	.000000
1.12426	.883240	.000000
1.12451	.883099	.000000
1.12475	.883182	.000000
1.12499	.883290	.000000
1.12524	.883083	.000000
1.12548	.883033	.000000
1.12573	.883184	.000000
1.12597	.883136	.000000
1.12621	.883099	.000000
1.12646	.883197	.000000
1.1267	.883343	.000000
1.12695	.883278	.000000
1.12719	.883053	.000000
1.12744	.883064	.000000
1.12768	.883249	.000000
1.12793	.883336	.000000
1.12818	.883121	.000000
1.12842	.882913	.000000
1.12867	.882883	.000000
1.12891	.882977	.000000
1.12916	.882902	.000000
1.1294	.882957	.000000
1.12965	.882975	.000000
1.1299	.882937	.000000
1.13014	.882979	.000000
1.13039	.883005	.000000
1.13064	.883035	.000000
1.13088	.883060	.000000
1.13113	.882933	.000000
1.13138	.882900	.000000
1.13162	.882870	.000000
1.13187	.882841	.000000
1.13212	.883001	.000000
1.13236	.882842	.000000
1.13261	.882667	.000000
1.13286	.882776	.000000
1.13311	.882854	.000000
1.13335	.882796	.000000
1.1336	.882719	.000000
1.13385	.882889	.000000
1.1341	.882948	.000000
1.13435	.882743	.000000
1.13459	.882676	.000000
1.13484	.882774	.000000
1.13509	.882676	.000000
1.13534	.882519	.000000
1.13559	.882495	.000000
1.13584	.882586	.000000
1.13609	.882652	.000000
1.13633	.882708	.000000
1.13658	.882752	.000000
1.13683	.882587	.000000
1.13708	.882623	.000000
1.13733	.882632	.000000
1.13758	.882371	.000000
1.13783	.882264	.000000
1.13808	.882355	.000000
1.13833	.882613	.000000
1.13858	.882752	.000000
1.13883	.882717	.000000
1.13908	.882547	.000000
1.13933	.882451	.000000
1.13958	.882436	.000000
1.13983	.882205	.000000
1.14008	.881957	.000000
1.14033	.882114	.000000
1.14058	.882308	.000000
1.14084	.882314	.000000
1.14109	.882395	.000000
1.14134	.882451	.000000
1.14159	.882390	.000000
1.14184	.882392	.000000
1.14209	.882331	.000000
1.14234	.882264	.000000
1.1426	.882381	.000000
1.14285	.882425	.000000
1.1431	.882275	.000000
1.14335	.882273	.000000
1.1436	.882220	.000000
1.14386	.882140	.000000
1.14411	.882172	.000000
1.14436	.882175	.000000
1.14461	.882353	.000000
1.14487	.882351	.000000
1.14512	.882126	.000000
1.14537	.881983	.000000
1.14562	.881961	.000000
1.14588	.881969	.000000
1.14613	.881952	.000000
1.14638	.882048	.000000
1.14664	.881976	.000000
1.14689	.881887	.000000
1.14715	.881821	.000000
1.1474	.881902	.000000
1.14765	.882002	.000000
1.14791	.882142	.000000
1.14816	.882050	.000000
1.14842	.881797	.000000
1.14867	.881871	.000000
1.14893	.881845	.000000
1.14918	.881741	.000000
1.14943	.881889	.000000
1.14969	.881854	.000000
1.14994	.881695	.000000
1.1502	.881621	.000000
1.15045	.881745	.000000
1.15071	.881830	.000000
1.15097	.881904	.000000
1.15122	.881797	.000000
1.15148	.881568	.000000
1.15173	.881771	.000000
1.15199	.882076	.000000
1.15224	.881985	.000000
1.1525	.881787	.000000
1.15276	.881629	.000000
1.15301	.881521	.000000
1.15327	.881453	.000000
1.15353	.881411	.000000
1.15378	.881484	.000000
1.15404	.881680	.000000
1.1543	.881697	.000000
1.15455	.881680	.000000
1.15481	.881885	.000000
1.15507	.881891	.000000
1.15533	.881568	.000000
1.15558	.881403	.000000
1.15584	.881597	.000000
1.1561	.881734	.000000
1.15636	.881425	.000000
1.15661	.881257	.000000
1.15687	.881394	.000000
1.15713	.881505	.000000
1.15739	.881523	.000000
1.15765	.881551	.000000
1.15791	.881616	.000000
1.15816	.881653	.000000
1.15842	.881505	.000000
1.15868	.881540	.000000
1.15894	.881621	.000000
1.1592	.881503	.000000
1.15946	.881442	.000000
1.15972	.881364	.000000
1.15998	.881366	.000000
1.16024	.881431	.000000
1.1605	.881470	.000000
1.16076	.881401	.000000
1.16102	.881359	.000000
1.16128	.881388	.000000
1.16154	.881379	.000000
1.1618	.881278	.000000
1.16206	.881353	.000000
1.16232	.881492	.000000
1.16258	.881464	.000000
1.16284	.881409	.000000
1.1631	.881331	.000000
1.16336	.881229	.000000
1.16362	.881272	.000000
1.16388	.881359	.000000
1.16415	.881313	.000000
1.16441	.881305	.000000
1.16467	.881331	.000000
1.16493	.881278	.000000
1.16519	.881339	.000000
1.16545	.881259	.000000
1.16572	.881050	.000000
1.16598	.881034	.000000
1.16624	.881004	.000000
1.1665	.880932	.000000
1.16676	.880945	.000000
1.16703	.880989	.000000
1.16729	.880991	.000000
1.16755	.880993	.000000
1.16782	.881067	.000000
1.16808	.881069	.000000
1.16834	.881021	.000000
1.16861	.880965	.000000
1.16887	.880899	.000000
1.16913	.880882	.000000
1.1694	.880840	.000000
1.16966	.880762	.000000
1.16992	.880777	.000000
1.17019	.880823	.000000
1.17045	.880867	.000000
1.17072	.880923	.000000
1.17098	.880762	.000000
1.17125	.880590	.000000
1.17151	.880646	.000000
1.17178	.880583	.000000
1.17204	.880546	.000000
1.1723	.880572	.000000
1.17257	.880692	.000000
1.17284	.880697	.000000
1.1731	.880760	.000000
1.17337	.880718	.000000
1.17363	.880710	.000000
1.1739	.880540	.000000
1.17416	.880472	.000000
1.17443	.880622	.000000
1.1747	.880725	.000000
1.17496	.880655	.000000
1.17523	.880642	.000000
1.17549	.880745	.000000
1.17576	.880677	.000000
1.17603	.880638	.000000
1.17629	.880651	.000000
1.17656	.880557	.000000
1.17683	.880476	.000000
1.1771	.880520	.000000
1.17736	.880616	.000000
1.17763	.880599	.000000
1.1779	.880564	.000000
1.17817	.880594	.000000
1.17843	.880507	.000000
1.1787	.880400	.000000
1.17897	.880483	.000000
1.17924	.880518	.000000
1.17951	.880341	.000000
1.17977	.880391	.000000
1.18004	.880526	.000000
1.18031	.880502	.000000
1.18058	.880389	.000000
1.18085	.880435	.000000
1.18112	.880481	.000000
1.18139	.880359	.000000
1.18166	.880400	.000000
1.18193	.880428	.000000
1.18219	.880284	.000000
1.18246	.880163	.000000
1.18273	.880352	.000000
1.183	.880424	.000000
1.18327	.880424	.000000
1.18354	.880496	.000000
1.18381	.880463	.000000
1.18408	.880256	.000000
1.18436	.880311	.000000
1.18463	.880333	.000000
1.1849	.880346	.000000
1.18517	.880370	.000000
1.18544	.880293	.000000
1.18571	.880263	.000000
1.18598	.880320	.000000
1.18625	.880402	.000000
1.18652	.880429	.000000
1.1868	.880418	.000000
1.18707	.880326	.000000
1.18734	.880289	.000000
1.18761	.880256	.000000
1.18788	.880248	.000000
1.18816	.880187	.000000
1.18843	.880147	.000000
1.1887	.880182	.000000
1.18897	.880136	.000000
1.18925	.880250	.000000
1.18952	.880320	.000000
1.18979	.880285	.000000
1.19006	.880247	.000000
1.19034	.880139	.000000
1.19061	.880115	.000000
1.19088	.880173	.000000
1.19116	.880141	.000000
1.19143	.880075	.000000
1.19171	.880115	.000000
1.19198	.880073	.000000
1.19225	.880130	.000000
1.19253	.880302	.000000
1.1928	.880308	.000000
1.19308	.880086	.000000
1.19335	.880073	.000000
1.19363	.880223	.000000
1.1939	.880261	.000000
1.19418	.880215	.000000
1.19445	.880115	.000000
1.19473	.879958	.000000
1.195	.879960	.000000
1.19528	.880008	.000000
1.19555	.879971	.000000
1.19583	.879914	.000000
1.1961	.879918	.000000
1.19638	.879957	.000000
1.19666	.880051	.000000
1.19693	.880045	.000000
1.19721	.879896	.000000
1.19749	.879879	.000000
1.19776	.879936	.000000
1.19804	.879968	.000000
1.19832	.879944	.000000
1.19859	.880010	.000000
1.19887	.880043	.000000
1.19915	.880008	.000000
1.19942	.879958	.000000
1.1997	.879860	.000000
1.19998	.879831	.000000
1.20026	.879899	.000000
1.20054	.879975	.000000
1.20081	.880005	.000000
1.20109	.879938	.000000
1.20137	.879896	.000000
1.20165	.879823	.000000
1.20193	.879729	.000000
1.20221	.879714	.000000
1.20248	.879622	.000000
1.20276	.879615	.000000
1.20304	.879729	.000000
1.20332	.879783	.000000
1.2036	.879829	.000000
1.20388	.879886	.000000
1.20416	.879844	.000000
1.20444	.879811	.000000
1.20472	.879835	.000000
1.205	.879857	.000000
1.20528	.879822	.000000
1.20556	.879761	.000000
1.20584	.879676	.000000
1.20612	.879600	.000000
1.2064	.879557	.000000
1.20668	.879585	.000000
1.20696	.879593	.000000
1.20724	.879556	.000000
1.20753	.879654	.000000
1.20781	.879759	.000000
1.20809	.879731	.000000
1.20837	.879666	.000000
1.20865	.879694	.000000
1.20893	.879757	.000000
1.20921	.879709	.000000
1.2095	.879711	.000000
1.20978	.879794	.000000
1.21006	.879713	.000000
1.21034	.879650	.000000
1.21063	.879657	.000000
1.21091	.879711	.000000
1.21119	.879663	.000000
1.21148	.879526	.000000
1.21176	.879604	.000000
1.21204	.879757	.000000
1.21233	.879812	.000000
1.21261	.879720	.000000
1.21289	.879742	.000000
1.21318	.879629	.000000
1.21346	.879424	.000000
1.21374	.879411	.000000
1.21403	.879574	.000000
1.21431	.879641	.000000
1.2146	.879624	.000000
1.21488	.879489	.000000
1.21517	.879441	.000000
1.21545	.879591	.000000
1.21574	.879565	.000000
1.21602	.879522	.000000
1.21631	.879533	.000000
1.21659	.879644	.000000
1.21688	.879591	.000000
1.21716	.879421	.000000
1.21745	.879411	.000000
1.21774	.879454	.000000
1.21802	.879506	.000000
1.21831	.879312	.000000
1.21859	.879179	.000000
1.21888	.879347	.000000
1.21917	.879502	.000000
1.21945	.879635	.000000
1.21974	.879604	.000000
1.22003	.879415	.000000
1.22031	.879454	.000000
1.2206	.879557	.000000
1.22089	.879487	.000000
1.22118	.879384	.000000
1.22146	.879435	.000000
1.22175	.879574	.000000
1.22204	.879530	.000000
1.22233	.879522	.000000
1.22262	.879537	.000000
1.2229	.879373	.000000
1.22319	.879286	.000000
1.22348	.879310	.000000
1.22377	.879411	.000000
1.22406	.879386	.000000
1.22435	.879243	.000000
1.22464	.879306	.000000
1.22493	.879410	.000000
1.22522	.879461	.000000
1.22551	.879389	.000000
1.2258	.879362	.000000
1.22609	.879482	.000000
1.22638	.879565	.000000
1.22667	.879423	.000000
1.22696	.879421	.000000
1.22725	.879458	.000000
1.22754	.879315	.000000
1.22783	.879254	.000000
1.22812	.879247	.000000
1.22841	.879328	.000000
1.2287	.879474	.000000
1.22899	.879539	.000000
1.22928	.879476	.000000
1.22958	.879306	.000000
1.22987	.879286	.000000
1.23016	.879360	.000000
1.23045	.879330	.000000
1.23074	.879256	.000000
1.23103	.879210	.000000
1.23133	.879247	.000000
1.23162	.879229	.000000
1.23191	.879223	.000000
1.23221	.879339	.000000
1.2325	.879517	.000000
1.23279	.879511	.000000
1.23308	.879234	.000000
1.23338	.879035	.000000
1.23367	.879201	.000000
1.23396	.879460	.000000
1.23426	.879424	.000000
1.23455	.879321	.000000
1.23485	.879328	.000000
1.23514	.879216	.000000
1.23543	.879238	.000000
1.23573	.879319	.000000
1.23602	.879338	.000000
1.23632	.879262	.000000
1.23661	.879184	.000000
1.23691	.879238	.000000
1.2372	.879290	.000000
1.2375	.879290	.000000
1.23779	.879240	.000000
1.23809	.879232	.000000
1.23839	.879240	.000000
1.23868	.879319	.000000
1.23898	.879275	.000000
1.23927	.879343	.000000
1.23957	.879354	.000000
1.23987	.879249	.000000
1.24016	.879326	.000000
1.24046	.879325	.000000
1.24076	.879310	.000000
1.24105	.879319	.000000
1.24135	.879240	.000000
1.24165	.879181	.000000
1.24195	.879301	.000000
1.24224	.879362	.000000
1.24254	.879258	.000000
1.24284	.879280	.000000
1.24314	.879230	.000000
1.24343	.879190	.000000
1.24373	.879271	.000000
1.24403	.879339	.000000
1.24433	.879417	.000000
1.24463	.879397	.000000
1.24493	.879352	.000000
1.24523	.879373	.000000
1.24553	.879389	.000000
1.24582	.879424	.000000
1.24612	.879454	.000000
1.24642	.879458	.000000
1.24672	.879471	.000000
1.24702	.879432	.000000
1.24732	.879399	.000000
1.24762	.879458	.000000
1.24792	.879487	.000000
1.24822	.879378	.000000
1.24852	.879395	.000000
1.24883	.879532	.000000
1.24913	.879454	.000000
1.24943	.879332	.000000
1.24973	.879389	.000000
1.25003	.879330	.000000
1.25033	.879319	.000000
1.25063	.879373	.000000
1.25093	.879419	.000000
1.25124	.879404	.000000
1.25154	.879415	.000000
1.25184	.879487	.000000
1.25214	.879397	.000000
1.25245	.879363	.000000
1.25275	.879365	.000000
1.25305	.879293	.000000
1.25335	.879338	.000000
1.25366	.879306	.000000
1.25396	.879336	.000000
1.25426	.879463	.000000
1.25457	.879430	.000000
1.25487	.879319	.000000
1.25517	.879302	.000000
1.25548	.879291	.000000
1.25578	.879386	.000000
1.25609	.879315	.000000
1.25639	.879227	.000000
1.2567	.879288	.000000
1.257	.879269	.000000
1.25731	.879278	.000000
1.25761	.879376	.000000
1.25792	.879345	.000000
1.25822	.879293	.000000
1.25853	.879284	.000000
1.25883	.879332	.000000
1.25914	.879269	.000000
1.25944	.879295	.000000
1.25975	.879410	.000000
1.26005	.879426	.000000
1.26036	.879413	.000000
1.26067	.879402	.000000
1.26097	.879332	.000000
1.26128	.879341	.000000
1.26159	.879321	.000000
1.2619	.879306	.000000
1.2622	.879245	.000000
1.26251	.879208	.000000
1.26282	.879243	.000000
1.26312	.879273	.000000
1.26343	.879266	.000000
1.26374	.879247	.000000
1.26405	.879315	.000000
1.26436	.879299	.000000
1.26467	.879216	.000000
1.26497	.879210	.000000
1.26528	.879288	.000000
1.26559	.879373	.000000
1.2659	.879421	.000000
1.26621	.879330	.000000
1.26652	.879269	.000000
1.26683	.879347	.000000
1.26714	.879411	.000000
1.26745	.879380	.000000
1.26776	.879387	.000000
1.26807	.879430	.000000
1.26838	.879469	.000000
1.26869	.879461	.000000
1.269	.879546	.000000
1.26931	.879535	.000000
1.26962	.879417	.000000
1.26993	.879290	.000000
1.27024	.879269	.000000
1.27055	.879275	.000000
1.27086	.879293	.000000
1.27118	.879308	.000000
1.27149	.879286	.000000
1.2718	.879306	.000000
1.27211	.879428	.000000
1.27242	.879432	.000000
1.27274	.879256	.000000
1.27305	.879365	.000000
1.27336	.879539	.000000
1.27367	.879423	.000000
1.27399	.879376	.000000
1.2743	.879386	.000000
1.27461	.879389	.000000
1.27493	.879363	.000000
1.27524	.879419	.000000
1.27555	.879618	.000000
1.27587	.879687	.000000
1.27618	.879585	.000000
1.2765	.879520	.000000
1.27681	.879487	.000000
1.27713	.879530	.000000
1.27744	.879593	.000000
1.27776	.879581	.000000
1.27807	.879489	.000000
1.27839	.879478	.000000
1.2787	.879591	.000000
1.27902	.879676	.000000
1.27933	.879635	.000000
1.27965	.879554	.000000
1.27996	.879544	.000000
1.28028	.879591	.000000
1.2806	.879628	.000000
1.28091	.879661	.000000
1.28123	.879622	.000000
1.28155	.879578	.000000
1.28186	.879629	.000000
1.28218	.879709	.000000
1.2825	.879618	.000000
1.28281	.879591	.000000
1.28313	.879648	.000000
1.28345	.879652	.000000
1.28377	.879674	.000000
1.28408	.879709	.000000
1.2844	.879720	.000000
1.28472	.879674	.000000
1.28504	.879591	.000000
1.28536	.879620	.000000
1.28568	.879692	.000000
1.286	.879676	.000000
1.28631	.879755	.000000
1.28663	.879777	.000000
1.28695	.879690	.000000
1.28727	.879615	.000000
1.28759	.879635	.000000
1.28791	.879742	.000000
1.28823	.879820	.000000
1.28855	.879855	.000000
1.28887	.879879	.000000
1.28919	.879881	.000000
1.28951	.879842	.000000
1.28983	.879835	.000000
1.29016	.879822	.000000
1.29048	.879829	.000000
1.2908	.879848	.000000
1.29112	.879820	.000000
1.29144	.879883	.000000
1.29176	.879940	.000000
1.29208	.879931	.000000
1.29241	.879936	.000000
1.29273	.879962	.000000
1.29305	.879899	.000000
1.29337	.879842	.000000
1.2937	.879877	.000000
1.29402	.879860	.000000
1.29434	.879855	.000000
1.29467	.879920	.000000
1.29499	.879990	.000000
1.29531	.879951	.000000
1.29564	.879814	.000000
1.29596	.879794	.000000
1.29628	.879831	.000000
1.29661	.879873	.000000
1.29693	.879859	.000000
1.29726	.879809	.000000
1.29758	.879825	.000000
1.29791	.879905	.000000
1.29823	.879953	.000000
1.29856	.879938	.000000
1.29888	.879920	.000000
1.29921	.879968	.000000
1.29953	.880016	.000000
1.29986	.880043	.000000
1.30018	.880069	.000000
1.30051	.880064	.000000
1.30084	.880051	.000000
1.30116	.880095	.000000
1.30149	.880245	.000000
1.30182	.880239	.000000
1.30214	.880123	.000000
1.30247	.880130	.000000
1.3028	.880186	.000000
1.30313	.880260	.000000
1.30345	.880272	.000000
1.30378	.880226	.000000
1.30411	.880126	.000000
1.30444	.880082	.000000
1.30477	.880136	.000000
1.30509	.880156	.000000
1.30542	.880147	.000000
1.30575	.880154	.000000
1.30608	.880175	.000000
1.30641	.880141	.000000
1.30674	.880141	.000000
1.30707	.880282	.000000
1.3074	.880418	.000000
1.30773	.880411	.000000
1.30806	.880385	.000000
1.30839	.880311	.000000
1.30872	.880175	.000000
1.30905	.880180	.000000
1.30938	.880319	.000000
1.30971	.880407	.000000
1.31004	.880359	.000000
1.31037	.880442	.000000
1.3107	.880526	.000000
1.31103	.880478	.000000
1.31137	.880465	.000000
1.3117	.880422	.000000
1.31203	.880492	.000000
1.31236	.880496	.000000
1.31269	.880402	.000000
1.31303	.880418	.000000
1.31336	.880461	.000000
1.31369	.880502	.000000
1.31402	.880527	.000000
1.31436	.880446	.000000
1.31469	.880487	.000000
1.31502	.880551	.000000
1.31536	.880566	.000000
1.31569	.880544	.000000
1.31603	.880500	.000000
1.31636	.880531	.000000
1.31669	.880577	.000000
1.31703	.880599	.000000
1.31736	.880646	.000000
1.3177	.880668	.000000
1.31803	.880683	.000000
1.31837	.880653	.000000
1.3187	.880592	.000000
1.31904	.880548	.000000
1.31937	.880594	.000000
1.31971	.880623	.000000
1.32005	.880622	.000000
1.32038	.880633	.000000
1.32072	.880625	.000000
1.32106	.880614	.000000
1.32139	.880749	.000000
1.32173	.880816	.000000
1.32207	.880821	.000000
1.3224	.880910	.000000
1.32274	.880875	.000000
1.32308	.880806	.000000
1.32342	.880805	.000000
1.32375	.880740	.000000
1.32409	.880760	.000000
1.32443	.880877	.000000
1.32477	.880989	.000000
1.32511	.881011	.000000
1.32545	.880906	.000000
1.32578	.880790	.000000
1.32612	.880910	.000000
1.32646	.881043	.000000
1.3268	.881041	.000000
1.32714	.880915	.000000
1.32748	.880749	.000000
1.32782	.880858	.000000
1.32816	.880969	.000000
1.3285	.880943	.000000
1.32884	.881008	.000000
1.32918	.880997	.000000
1.32952	.880926	.000000
1.32986	.880854	.000000
1.33021	.880875	.000000
1.33055	.880915	.000000
1.33089	.881076	.000000
1.33123	.881163	.000000
1.33157	.881096	.000000
1.33191	.881032	.000000
1.33226	.881043	.000000
1.3326	.881019	.000000
1.33294	.880969	.000000
1.33328	.881013	.000000
1.33363	.881067	.000000
1.33397	.881104	.000000
1.33431	.881067	.000000
1.33466	.881074	.000000
1.335	.881071	.000000
1.33535	.881026	.000000
1.33569	.881076	.000000
1.33603	.881174	.000000
1.33638	.881180	.000000
1.33672	.881217	.000000
1.33707	.881241	.000000
1.33741	.881331	.000000
1.33776	.881368	.000000
1.3381	.881281	.000000
1.33845	.881087	.000000
1.33879	.881141	.000000
1.33914	.881388	.000000
1.33948	.881440	.000000
1.33983	.881313	.000000
1.34018	.881326	.000000
1.34052	.881346	.000000
1.34087	.881320	.000000
1.34122	.881403	.000000
1.34156	.881440	.000000
1.34191	.881562	.000000
1.34226	.881593	.000000
1.34261	.881529	.000000
1.34295	.881479	.000000
1.3433	.881448	.000000
1.34365	.881455	.000000
1.344	.881468	.000000
1.34435	.881481	.000000
1.3447	.881475	.000000
1.34504	.881475	.000000
1.34539	.881505	.000000
1.34574	.881507	.000000
1.34609	.881536	.000000
1.34644	.881632	.000000
1.34679	.881660	.000000
1.34714	.881666	.000000
1.34749	.881701	.000000
1.34784	.881734	.000000
1.34819	.881693	.000000
1.34854	.881625	.000000
1.34889	.881632	.000000
1.34925	.881686	.000000
1.3496	.881592	.000000
1.34995	.881573	.000000
1.3503	.881715	.000000
1.35065	.881852	.000000
1.351	.881956	.000000
1.35135	.881939	.000000
1.35171	.881874	.000000
1.35206	.881832	.000000
1.35241	.881847	.000000
1.35277	.881773	.000000
1.35312	.881715	.000000
1.35347	.881775	.000000
1.35383	.881865	.000000
1.35418	.881837	.000000
1.35453	.881780	.000000
1.35489	.881817	.000000
1.35524	.881795	.000000
1.35559	.881726	.000000
1.35595	.881815	.000000
1.3563	.881932	.000000
1.35666	.881981	.000000
1.35701	.881974	.000000
1.35737	.882041	.000000
1.35772	.882022	.000000
1.35808	.882011	.000000
1.35844	.882026	.000000
1.35879	.882044	.000000
1.35915	.882042	.000000
1.3595	.881957	.000000
1.35986	.881970	.000000
1.36022	.882044	.000000
1.36057	.882013	.000000
1.36093	.882042	.000000
1.36129	.882092	.000000
1.36165	.882078	.000000
1.362	.882070	.000000
1.36236	.882054	.000000
1.36272	.882220	.000000
1.36308	.882266	.000000
1.36344	.882185	.000000
1.3638	.882175	.000000
1.36415	.882079	.000000
1.36451	.881993	.000000
1.36487	.882068	.000000
1.36523	.882166	.000000
1.36559	.882212	.000000
1.36595	.882301	.000000
1.36631	.882329	.000000
1.36667	.882336	.000000
1.36703	.882303	.000000
1.36739	.882227	.000000
1.36775	.882218	.000000
1.36811	.882277	.000000
1.36848	.882236	.000000
1.36884	.882277	.000000
1.3692	.882327	.000000
1.36956	.882273	.000000
1.36992	.882194	.000000
1.37028	.882255	.000000
1.37065	.882318	.000000
1.37101	.882299	.000000
1.37137	.882408	.000000
1.37173	.882451	.000000
1.3721	.882342	.000000
1.37246	.882307	.000000
1.37282	.882399	.000000
1.37319	.882410	.000000
1.37355	.882436	.000000
1.37391	.882478	.000000
1.37428	.882515	.000000
1.37464	.882551	.000000
1.37501	.882558	.000000
1.37537	.882582	.000000
1.37574	.882567	.000000
1.3761	.882608	.000000
1.37647	.882578	.000000
1.37683	.882497	.000000
1.3772	.882584	.000000
1.37757	.882715	.000000
1.37793	.882656	.000000
1.3783	.882684	.000000
1.37866	.882796	.000000
1.37903	.882733	.000000
1.3794	.882706	.000000
1.37976	.882665	.000000
1.38013	.882536	.000000
1.3805	.882556	.000000
1.38087	.882750	.000000
1.38124	.882863	.000000
1.3816	.882859	.000000
1.38197	.882866	.000000
1.38234	.882757	.000000
1.38271	.882647	.000000
1.38308	.882711	.000000
1.38345	.882805	.000000
1.38382	.882933	.000000
1.38419	.883016	.000000
1.38455	.882972	.000000
1.38492	.882988	.000000
1.38529	.882968	.000000
1.38566	.882937	.000000
1.38604	.882929	.000000
1.38641	.883016	.000000
1.38678	.883057	.000000
1.38715	.883075	.000000
1.38752	.883097	.000000
1.38789	.883073	.000000
1.38826	.883086	.000000
1.38863	.883131	.000000
1.38901	.883234	.000000
1.38938	.883242	.000000
1.38975	.883212	.000000
1.39012	.883269	.000000
1.3905	.883328	.000000
1.39087	.883343	.000000
1.39124	.883387	.000000
1.39162	.883391	.000000
1.39199	.883308	.000000
1.39236	.883212	.000000
1.39274	.883282	.000000
1.39311	.883393	.000000
1.39349	.883436	.000000
1.39386	.883500	.000000
1.39423	.883576	.000000
1.39461	.883593	.000000
1.39499	.883565	.000000
1.39536	.883508	.000000
1.39574	.883554	.000000
1.39611	.883535	.000000
1.39649	.883484	.000000
1.39686	.883618	.000000
1.39724	.883665	.000000
1.39762	.883609	.000000
1.39799	.883600	.000000
1.39837	.883635	.000000
1.39875	.883646	.000000
1.39913	.883674	.000000
1.3995	.883654	.000000
1.39988	.883604	.000000
1.40026	.883617	.000000
1.40064	.883652	.000000
1.40102	.883702	.000000
1.4014	.883694	.000000
1.40177	.883750	.000000
1.40215	.883844	.000000
1.40253	.883844	.000000
1.40291	.883879	.000000
1.40329	.883936	.000000
1.40367	.883957	.000000
1.40405	.883929	.000000
1.40443	.883949	.000000
1.40481	.883879	.000000
1.40519	.883836	.000000
1.40557	.883875	.000000
1.40596	.883894	.000000
1.40634	.883920	.000000
1.40672	.884012	.000000
1.4071	.884032	.000000
1.40748	.884047	.000000
1.40786	.884115	.000000
1.40825	.884219	.000000
1.40863	.884202	.000000
1.40901	.884199	.000000
1.40939	.884200	.000000
1.40978	.884206	.000000
1.41016	.884274	.000000
1.41055	.884328	.000000
1.41093	.884354	.000000
1.41131	.884361	.000000
1.4117	.884330	.000000
1.41208	.884319	.000000
1.41247	.884367	.000000
1.41285	.884405	.000000
1.41324	.884383	.000000
1.41362	.884396	.000000
1.41401	.884461	.000000
1.41439	.884479	.000000
1.41478	.884483	.000000
1.41517	.884572	.000000
1.41555	.884668	.000000
1.41594	.884666	.000000
1.41632	.884699	.000000
1.41671	.884731	.000000
1.4171	.884718	.000000
1.41749	.884801	.000000
1.41787	.884932	.000000
1.41826	.884908	.000000
1.41865	.884823	.000000
1.41904	.884869	.000000
1.41943	.884934	.000000
1.41982	.884927	.000000
1.4202	.884952	.000000
1.42059	.885002	.000000
1.42098	.884986	.000000
1.42137	.884928	.000000
1.42176	.884930	.000000
1.42215	.884965	.000000
1.42254	.884975	.000000
1.42293	.885045	.000000
1.42332	.885104	.000000
1.42371	.885181	.000000
1.42411	.885263	.000000
1.4245	.885266	.000000
1.42489	.885294	.000000
1.42528	.885339	.000000
1.42567	.885333	.000000
1.42606	.885411	.000000
1.42646	.885477	.000000
1.42685	.885407	.000000
1.42724	.885370	.000000
1.42763	.885427	.000000
1.42803	.885529	.000000
1.42842	.885505	.000000
1.42881	.885503	.000000
1.42921	.885512	.000000
1.4296	.885518	.000000
1.43	.885618	.000000
1.43039	.885699	.000000
1.43079	.885738	.000000
1.43118	.885795	.000000
1.43158	.885832	.000000
1.43197	.885843	.000000
1.43237	.885826	.000000
1.43276	.885821	.000000
1.43316	.885871	.000000
1.43356	.885922	.000000
1.43395	.885915	.000000
1.43435	.885917	.000000
1.43475	.885911	.000000
1.43514	.885924	.000000
1.43554	.885993	.000000
1.43594	.886090	.000000
1.43634	.886063	.000000
1.43673	.886074	.000000
1.43713	.886139	.000000
1.43753	.886098	.000000
1.43793	.886026	.000000
1.43833	.886052	.000000
1.43873	.886248	.000000
1.43913	.886323	.000000
1.43953	.886283	.000000
1.43993	.886373	.000000
1.44033	.886379	.000000
1.44073	.886310	.000000
1.44113	.886336	.000000
1.44153	.886382	.000000
1.44193	.886344	.000000
1.44233	.886334	.000000
1.44273	.886434	.000000
1.44313	.886449	.000000
1.44353	.886381	.000000
1.44394	.886434	.000000
1.44434	.886606	.000000
1.44474	.886735	.000000
1.44514	.886700	.000000
1.44555	.886678	.000000
1.44595	.886706	.000000
1.44635	.886772	.000000
1.44676	.886881	.000000
1.44716	.886953	.000000
1.44756	.886988	.000000
1.44797	.886920	.000000
1.44837	.886874	.000000
1.44878	.886909	.000000
1.44918	.886881	.000000
1.44959	.886859	.000000
1.44999	.886905	.000000
1.4504	.886968	.000000
1.4508	.887035	.000000
1.45121	.887064	.000000
1.45162	.887179	.000000
1.45202	.887230	.000000
1.45243	.887218	.000000
1.45284	.887249	.000000
1.45324	.887262	.000000
1.45365	.887260	.000000
1.45406	.887218	.000000
1.45447	.887171	.000000
1.45488	.887295	.000000
1.45528	.887419	.000000
1.45569	.887461	.000000
1.4561	.887500	.000000
1.45651	.887528	.000000
1.45692	.887554	.000000
1.45733	.887511	.000000
1.45774	.887458	.000000
1.45815	.887476	.000000
1.45856	.887563	.000000
1.45897	.887635	.000000
1.45938	.887687	.000000
1.45979	.887739	.000000
1.4602	.887746	.000000
1.46061	.887787	.000000
1.46102	.887829	.000000
1.46144	.887875	.000000
1.46185	.887920	.000000
1.46226	.887945	.000000
1.46267	.887934	.000000
1.46309	.887955	.000000
1.4635	.888018	.000000
1.46391	.888108	.000000
1.46433	.888095	.000000
1.46474	.888014	.000000
1.46515	.888090	.000000
1.46557	.888206	.000000
1.46598	.888254	.000000
1.4664	.888223	.000000
1.46681	.888271	.000000
1.46723	.888285	.000000
1.46764	.888226	.000000
1.46806	.888297	.000000
1.46847	.888430	.000000
1.46889	.888474	.000000
1.46931	.888444	.000000
1.46972	.888424	.000000
1.47014	.888503	.000000
1.47056	.888581	.000000
1.47097	.888594	.000000
1.47139	.888583	.000000
1.47181	.888574	.000000
1.47223	.888670	.000000
1.47264	.888786	.000000
1.47306	.888795	.000000
1.47348	.888769	.000000
1.4739	.888760	.000000
1.47432	.888775	.000000
1.47474	.888836	.000000
1.47516	.888895	.000000
1.47558	.889054	.000000
1.476	.889124	.000000
1.47642	.888991	.000000
1.47684	.888952	.000000
1.47726	.889023	.000000
1.47768	.889089	.000000
1.4781	.889133	.000000
1.47852	.889204	.000000
1.47894	.889239	.000000
1.47937	.889237	.000000
1.47979	.889254	.000000
1.48021	.889224	.000000
1.48063	.889170	.000000
1.48106	.889228	.000000
1.48148	.889303	.000000
1.4819	.889351	.000000
1.48233	.889331	.000000
1.48275	.889342	.000000
1.48318	.889394	.000000
1.4836	.889510	.000000
1.48402	.889566	.000000
1.48445	.889516	.000000
1.48487	.889497	.000000
1.4853	.889536	.000000
1.48573	.889562	.000000
1.48615	.889595	.000000
1.48658	.889664	.000000
1.487	.889686	.000000
1.48743	.889647	.000000
1.48786	.889592	.000000
1.48828	.889736	.000000
1.48871	.889893	.000000
1.48914	.889880	.000000
1.48957	.889819	.000000
1.49	.889839	.000000
1.49042	.889861	.000000
1.49085	.889876	.000000
1.49128	.889917	.000000
1.49171	.889950	.000000
1.49214	.889994	.000000
1.49257	.890048	.000000
1.493	.890115	.000000
1.49343	.890085	.000000
1.49386	.890041	.000000
1.49429	.890111	.000000
1.49472	.890163	.000000
1.49515	.890187	.000000
1.49558	.890270	.000000
1.49601	.890268	.000000
1.49645	.890244	.000000
1.49688	.890285	.000000
1.49731	.890299	.000000
1.49774	.890297	.000000
1.49818	.890375	.000000
1.49861	.890432	.000000
1.49904	.890401	.000000
1.49948	.890432	.000000
1.49991	.890456	.000000
1.50034	.890403	.000000
1.50078	.890477	.000000
1.50121	.890617	.000000
1.50165	.890650	.000000
1.50208	.890682	.000000
1.50252	.890711	.000000
1.50295	.890757	.000000
1.50339	.890783	.000000
1.50382	.890818	.000000
1.50426	.890839	.000000
1.5047	.890804	.000000
1.50513	.890800	.000000
1.50557	.890902	.000000
1.50601	.890891	.000000
1.50645	.890920	.000000
1.50688	.890957	.000000
1.50732	.890907	.000000
1.50776	.890974	.000000
1.5082	.891105	.000000
1.50864	.891157	.000000
1.50908	.891164	.000000
1.50952	.891134	.000000
1.50996	.891107	.000000
1.5104	.891186	.000000
1.51084	.891179	.000000
1.51128	.891240	.000000
1.51172	.891349	.000000
1.51216	.891349	.000000
1.5126	.891384	.000000
1.51304	.891473	.000000
1.51348	.891437	.000000
1.51392	.891380	.000000
1.51437	.891375	.000000
1.51481	.891445	.000000
1.51525	.891487	.000000
1.51569	.891487	.000000
1.51614	.891519	.000000
1.51658	.891567	.000000
1.51702	.891565	.000000
1.51747	.891648	.000000
1.51791	.891761	.000000
1.51836	.891770	.000000
1.5188	.891783	.000000
1.51925	.891809	.000000
1.51969	.891864	.000000
1.52014	.891909	.000000
1.52058	.891909	.000000
1.52103	.891849	.000000
1.52148	.891831	.000000
1.52192	.891864	.000000
1.52237	.891912	.000000
1.52282	.891951	.000000
1.52326	.892040	.000000
1.52371	.892080	.000000
1.52416	.892071	.000000
1.52461	.892080	.000000
1.52506	.892099	.000000
1.52551	.892054	.000000
1.52595	.892001	.000000
1.5264	.892029	.000000
1.52685	.892186	.000000
1.5273	.892337	.000000
1.52775	.892317	.000000
1.5282	.892302	.000000
1.52865	.892304	.000000
1.5291	.892324	.000000
1.52956	.892333	.000000
1.53001	.892352	.000000
1.53046	.892363	.000000
1.53091	.892328	.000000
1.53136	.892352	.000000
1.53182	.892424	.000000
1.53227	.892465	.000000
1.53272	.892478	.000000
1.53317	.892505	.000000
1.53363	.892503	.000000
1.53408	.892540	.000000
1.53454	.892568	.000000
1.53499	.892594	.000000
1.53544	.892662	.000000
1.5359	.892709	.000000
1.53635	.892703	.000000
1.53681	.892679	.000000
1.53727	.892738	.000000
1.53772	.892714	.000000
1.53818	.892683	.000000
1.53863	.892718	.000000
1.53909	.892753	.000000
1.53955	.892757	.000000
1.54	.892734	.000000
1.54046	.892856	.000000
1.54092	.892986	.000000
1.54138	.893021	.000000
1.54184	.892988	.000000
1.5423	.892919	.000000
1.54275	.892932	.000000
1.54321	.892986	.000000
1.54367	.892965	.000000
1.54413	.892930	.000000
1.54459	.892984	.000000
1.54505	.893063	.000000
1.54551	.893133	.000000
1.54597	.893141	.000000
1.54644	.893170	.000000
1.5469	.893237	.000000
1.54736	.893187	.000000
1.54782	.893141	.000000
1.54828	.893143	.000000
1.54875	.893152	.000000
1.54921	.893178	.000000
1.54967	.893220	.000000
1.55013	.893241	.000000
1.5506	.893283	.000000
1.55106	.893392	.000000
1.55153	.893468	.000000
1.55199	.893451	.000000
1.55245	.893396	.000000
1.55292	.893366	.000000
1.55339	.893409	.000000
1.55385	.893525	.000000
1.55432	.893603	.000000
1.55478	.893618	.000000
1.55525	.893553	.000000
1.55572	.893558	.000000
1.55618	.893649	.000000
1.55665	.893695	.000000
1.55712	.893664	.000000
1.55759	.893636	.000000
1.55805	.893712	.000000
1.55852	.893756	.000000
1.55899	.893749	.000000
1.55946	.893734	.000000
1.55993	.893728	.000000
1.5604	.893784	.000000
1.56087	.893852	.000000
1.56134	.893819	.000000
1.56181	.893854	.000000
1.56228	.893906	.000000
1.56275	.894031	.000000
1.56322	.894031	.000000
1.56369	.893958	.000000
1.56416	.893970	.000000
1.56464	.894020	.000000
1.56511	.894065	.000000
1.56558	.894115	.000000
1.56605	.894118	.000000
1.56653	.894115	.000000
1.567	.894137	.000000
1.56747	.894155	.000000
1.56795	.894198	.000000
1.56842	.894190	.000000
1.5689	.894164	.000000
1.56937	.894240	.000000
1.56985	.894275	.000000
1.57032	.894312	.000000
1.5708	.894277	.000000
1.57127	.894283	.000000
1.57175	.894353	.000000
1.57223	.894425	.000000
1.5727	.894438	.000000
1.57318	.894368	.000000
1.57366	.894340	.000000
1.57414	.894373	.000000
1.57461	.894427	.000000
1.57509	.894499	.000000
1.57557	.894549	.000000
1.57605	.894538	.000000
1.57653	.894538	.000000
1.57701	.894584	.000000
1.57749	.894580	.000000
1.57797	.894547	.000000
1.57845	.894615	.000000
1.57893	.894685	.000000
1.57941	.894709	.000000
1.57989	.894717	.000000
1.58037	.894636	.000000
1.58086	.894619	.000000
1.58134	.894678	.000000
1.58182	.894804	.000000
1.5823	.894835	.000000
1.58279	.894759	.000000
1.58327	.894778	.000000
1.58375	.894802	.000000
1.58424	.894793	.000000
1.58472	.894783	.000000
1.58521	.894852	.000000
1.58569	.894894	.000000
1.58618	.894854	.000000
1.58666	.894855	.000000
1.58715	.894839	.000000
1.58763	.894920	.000000
1.58812	.894977	.000000
1.58861	.894939	.000000
1.58909	.894990	.000000
1.58958	.895088	.000000
1.59007	.895120	.000000
1.59055	.895083	.000000
1.59104	.895086	.000000
1.59153	.895014	.000000
1.59202	.894977	.000000
1.59251	.895061	.000000
1.593	.895088	.000000
1.59349	.895090	.000000
1.59398	.895077	.000000
1.59447	.895059	.000000
1.59496	.895068	.000000
1.59545	.895138	.000000
1.59594	.895195	.000000
1.59643	.895197	.000000
1.59692	.895160	.000000
1.59742	.895219	.000000
1.59791	.895232	.000000
1.5984	.895232	.000000
1.59889	.895223	.000000
1.59939	.895197	.000000
1.59988	.895229	.000000
1.60037	.895205	.000000
1.60087	.895218	.000000
1.60136	.895253	.000000
1.60186	.895293	.000000
1.60235	.895327	.000000
1.60285	.895362	.000000
1.60334	.895391	.000000
1.60384	.895421	.000000
1.60434	.895463	.000000
1.60483	.895471	.000000
1.60533	.895449	.000000
1.60583	.895465	.000000
1.60632	.895522	.000000
1.60682	.895583	.000000
1.60732	.895565	.000000
1.60782	.895532	.000000
1.60832	.895580	.000000
1.60882	.895618	.000000
1.60932	.895674	.000000
1.60981	.895648	.000000
1.61031	.895594	.000000
1.61082	.895617	.000000
1.61132	.895707	.000000
1.61182	.895822	.000000
1.61232	.895883	.000000
1.61282	.895833	.000000
1.61332	.895820	.000000
1.61382	.895831	.000000
1.61433	.895798	.000000
1.61483	.895811	.000000
1.61533	.895896	.000000
1.61584	.895934	.000000
1.61634	.895920	.000000
1.61684	.895933	.000000
1.61735	.896001	.000000
1.61785	.895988	.000000
1.61836	.895960	.000000
1.61886	.895909	.000000
1.61937	.895894	.000000
1.61987	.895971	.000000
1.62038	.895946	.000000
1.62089	.895960	.000000
1.62139	.896075	.000000
1.6219	.896108	.000000
1.62241	.896091	.000000
1.62292	.896069	.000000
1.62342	.896127	.000000
1.62393	.896195	.000000
1.62444	.896215	.000000
1.62495	.896271	.000000
1.62546	.896237	.000000
1.62597	.896202	.000000
1.62648	.896221	.000000
1.62699	.896217	.000000
1.6275	.896267	.000000
1.62801	.896297	.000000
1.62852	.896273	.000000
1.62904	.896300	.000000
1.62955	.896345	.000000
1.63006	.896369	.000000
1.63057	.896374	.000000
1.63109	.896319	.000000
1.6316	.896354	.000000
1.63211	.896457	.000000
1.63263	.896515	.000000
1.63314	.896509	.000000
1.63365	.896474	.000000
1.63417	.896457	.000000
1.63468	.896487	.000000
1.6352	.896559	.000000
1.63572	.896585	.000000
1.63623	.896535	.000000
1.63675	.896550	.000000
1.63727	.896540	.000000
1.63778	.896487	.000000
1.6383	.896539	.000000
1.63882	.896631	.000000
1.63934	.896662	.000000
1.63985	.896697	.000000
1.64037	.896714	.000000
1.64089	.896716	.000000
1.64141	.896716	.000000
1.64193	.896714	.000000
1.64245	.896709	.000000
1.64297	.896683	.000000
1.64349	.896686	.000000
1.64401	.896701	.000000
1.64454	.896696	.000000
1.64506	.896673	.000000
1.64558	.896675	.000000
1.6461	.896721	.000000
1.64663	.896744	.000000
1.64715	.896734	.000000
1.64767	.896818	.000000
1.6482	.896888	.000000
1.64872	.896927	.000000
1.64924	.896921	.000000
1.64977	.896890	.000000
1.65029	.896943	.000000
1.65082	.896906	.000000
1.65135	.896867	.000000
1.65187	.896903	.000000
1.6524	.896903	.000000
1.65292	.896897	.000000
1.65345	.896940	.000000
1.65398	.896958	.000000
1.65451	.896952	.000000
1.65504	.896976	.000000
1.65556	.896989	.000000
1.65609	.897026	.000000
1.65662	.897043	.000000
1.65715	.897039	.000000
1.65768	.897041	.000000
1.65821	.897058	.000000
1.65874	.897106	.000000
1.65927	.897126	.000000
1.6598	.897134	.000000
1.66034	.897211	.000000
1.66087	.897231	.000000
1.6614	.897176	.000000
1.66193	.897220	.000000
1.66246	.897213	.000000
1.663	.897187	.000000
1.66353	.897191	.000000
1.66407	.897191	.000000
1.6646	.897220	.000000
1.66513	.897285	.000000
1.66567	.897302	.000000
1.6662	.897307	.000000
1.66674	.897305	.000000
1.66728	.897331	.000000
1.66781	.897353	.000000
1.66835	.897357	.000000
1.66889	.897320	.000000
1.66942	.897342	.000000
1.66996	.897411	.000000
1.6705	.897475	.000000
1.67104	.897483	.000000
1.67158	.897455	.000000
1.67212	.897453	.000000
1.67265	.897488	.000000
1.67319	.897479	.000000
1.67373	.897494	.000000
1.67428	.897573	.000000
1.67482	.897653	.000000
1.67536	.897655	.000000
1.6759	.897647	.000000
1.67644	.897703	.000000
1.67698	.897712	.000000
1.67753	.897673	.000000
1.67807	.897673	.000000
1.67861	.897686	.000000
1.67916	.897673	.000000
1.6797	.897715	.000000
1.68024	.897677	.000000
1.68079	.897691	.000000
1.68133	.897751	.000000
1.68188	.897719	.000000
1.68242	.897741	.000000
1.68297	.897771	.000000
1.68352	.897784	.000000
1.68406	.897756	.000000
1.68461	.897789	.000000
1.68516	.897813	.000000
1.68571	.897849	.000000
1.68625	.897847	.000000
1.6868	.897802	.000000
1.68735	.897797	.000000
1.6879	.897841	.000000
1.68845	.897876	.000000
1.689	.897876	.000000
1.68955	.897887	.000000
1.6901	.897954	.000000
1.69065	.897991	.000000
1.6912	.897904	.000000
1.69176	.897865	.000000
1.69231	.897869	.000000
1.69286	.897889	.000000
1.69341	.897911	.000000
1.69397	.897919	.000000
1.69452	.897915	.000000
1.69508	.897909	.000000
1.69563	.897919	.000000
1.69618	.897963	.000000
1.69674	.898024	.000000
1.69729	.898105	.000000
1.69785	.898076	.000000
1.69841	.898009	.000000
1.69896	.897948	.000000
1.69952	.897952	.000000
1.70008	.898002	.000000
1.70064	.898015	.000000
1.70119	.898018	.000000
1.70175	.898039	.000000
1.70231	.898063	.000000
1.70287	.898055	.000000
1.70343	.898063	.000000
1.70399	.898087	.000000
1.70455	.898100	.000000
1.70511	.898102	.000000
1.70567	.898085	.000000
1.70623	.898054	.000000
1.70679	.897998	.000000
1.70736	.898039	.000000
1.70792	.898015	.000000
1.70848	.898026	.000000
1.70904	.898102	.000000
1.70961	.898157	.000000
1.71017	.898140	.000000
1.71074	.898126	.000000
1.7113	.898161	.000000
1.71187	.898140	.000000
1.71243	.898137	.000000
1.713	.898109	.000000
1.71356	.898181	.000000
1.71413	.898244	.000000
1.7147	.898233	.000000
1.71526	.898249	.000000
1.71583	.898251	.000000
1.7164	.898205	.000000
1.71697	.898266	.000000
1.71754	.898277	.000000
1.7181	.898251	.000000
1.71867	.898268	.000000
1.71924	.898290	.000000
1.71981	.898309	.000000
1.72039	.898299	.000000
1.72096	.898333	.000000
1.72153	.898377	.000000
1.7221	.898318	.000000
1.72267	.898312	.000000
1.72324	.898370	.000000
1.72382	.898449	.000000
1.72439	.898497	.000000
1.72496	.898436	.000000
1.72554	.898408	.000000
1.72611	.898397	.000000
1.72669	.898342	.000000
1.72726	.898399	.000000
1.72784	.898484	.000000
1.72841	.898514	.000000
1.72899	.898565	.000000
1.72957	.898576	.000000
1.73014	.898597	.000000
1.73072	.898634	.000000
1.7313	.898604	.000000
1.73188	.898580	.000000
1.73246	.898588	.000000
1.73304	.898608	.000000
1.73362	.898639	.000000
1.7342	.898726	.000000
1.73478	.898713	.000000
1.73536	.898746	.000000
1.73594	.898811	.000000
1.73652	.898837	.000000
1.7371	.898835	.000000
1.73768	.898855	.000000
1.73827	.898913	.000000
1.73885	.898961	.000000
1.73943	.898957	.000000
1.74002	.899033	.000000
1.7406	.899114	.000000
1.74118	.899055	.000000
1.74177	.899003	.000000
1.74235	.899042	.000000
1.74294	.899103	.000000
1.74353	.899068	.000000
1.74411	.898948	.000000
1.7447	.898900	.000000
1.74529	.899020	.000000
1.74588	.899107	.000000
1.74646	.899125	.000000
1.74705	.899147	.000000
1.74764	.899129	.000000
1.74823	.899144	.000000
1.74882	.899229	.000000
1.74941	.899245	.000000
1.75	.899221	.000000
1.75059	.899173	.000000
1.75118	.899168	.000000
1.75177	.899179	.000000
1.75237	.899199	.000000
1.75296	.899199	.000000
1.75355	.899247	.000000
1.75414	.899236	.000000
1.75474	.899182	.000000
1.75533	.899203	.000000
1.75593	.899286	.000000
1.75652	.899314	.000000
1.75712	.899308	.000000
1.75771	.899341	.000000
1.75831	.899389	.000000
1.75891	.899404	.000000
1.7595	.899376	.000000
1.7601	.899378	.000000
1.7607	.899376	.000000
1.7613	.899384	.000000
1.76189	.899436	.000000
1.76249	.899421	.000000
1.76309	.899400	.000000
1.76369	.899391	.000000
1.76429	.899434	.000000
1.76489	.899437	.000000
1.76549	.899445	.000000
1.76609	.899471	.000000
1.7667	.899535	.000000
1.7673	.899559	.000000
1.7679	.899543	.000000
1.7685	.899524	.000000
1.76911	.899502	.000000
1.76971	.899582	.000000
1.77032	.899683	.000000
1.77092	.899711	.000000
1.77153	.899707	.000000
1.77213	.899707	.000000
1.77274	.899766	.000000
1.77334	.899796	.000000
1.77395	.899739	.000000
1.77456	.899700	.000000
1.77516	.899716	.000000
1.77577	.899792	.000000
1.77638	.899818	.000000
1.77699	.899879	.000000
1.7776	.899857	.000000
1.77821	.899777	.000000
1.77882	.899764	.000000
1.77943	.899792	.000000
1.78004	.899800	.000000
1.78065	.899813	.000000
1.78126	.899868	.000000
1.78188	.899894	.000000
1.78249	.899894	.000000
1.7831	.899862	.000000
1.78371	.899879	.000000
1.78433	.899971	.000000
1.78494	.899944	.000000
1.78556	.899927	.000000
1.78617	.899995	.000000
1.78679	.900047	.000000
1.7874	.900075	.000000
1.78802	.900053	.000000
1.78864	.900010	.000000
1.78925	.900010	.000000
1.78987	.900032	.000000
1.79049	.900079	.000000
1.79111	.900103	.000000
1.79173	.900130	.000000
1.79235	.900154	.000000
1.79297	.900141	.000000
1.79359	.900116	.000000
1.79421	.900132	.000000
1.79483	.900175	.000000
1.79545	.900199	.000000
1.79607	.900175	.000000
1.79669	.900188	.000000
1.79732	.900202	.000000
1.79794	.900241	.000000
1.79856	.900267	.000000
1.79919	.900285	.000000
1.79981	.900249	.000000
1.80044	.900232	.000000
1.80106	.900258	.000000
1.80169	.900276	.000000
1.80232	.900265	.000000
1.80294	.900210	.000000
1.80357	.900225	.000000
1.8042	.900276	.000000
1.80483	.900319	.000000
1.80545	.900369	.000000
1.80608	.900363	.000000
1.80671	.900324	.000000
1.80734	.900298	.000000
1.80797	.900306	.000000
1.8086	.900359	.000000
1.80923	.900394	.000000
1.80987	.900330	.000000
1.8105	.900328	.000000
1.81113	.900382	.000000
1.81176	.900417	.000000
1.8124	.900393	.000000
1.81303	.900370	.000000
1.81366	.900391	.000000
1.8143	.900369	.000000
1.81493	.900387	.000000
1.81557	.900468	.000000
1.81621	.900481	.000000
1.81684	.900503	.000000
1.81748	.900533	.000000
1.81812	.900505	.000000
1.81875	.900443	.000000
1.81939	.900398	.000000
1.82003	.900448	.000000
1.82067	.900487	.000000
1.82131	.900465	.000000
1.82195	.900494	.000000
1.82259	.900522	.000000
1.82323	.900546	.000000
1.82387	.900559	.000000
1.82451	.900546	.000000
1.82516	.900552	.000000
1.8258	.900579	.000000
1.82644	.900537	.000000
1.82709	.900511	.000000
1.82773	.900522	.000000
1.82837	.900531	.000000
1.82902	.900539	.000000
1.82966	.900566	.000000
1.83031	.900544	.000000
1.83096	.900485	.000000
1.8316	.900443	.000000
1.83225	.900522	.000000
1.8329	.900603	.000000
1.83355	.900563	.000000
1.8342	.900509	.000000
1.83484	.900522	.000000
1.83549	.900557	.000000
1.83614	.900570	.000000
1.83679	.900624	.000000
1.83745	.900594	.000000
1.8381	.900588	.000000
1.83875	.900568	.000000
1.8394	.900535	.000000
1.84005	.900594	.000000
1.84071	.900661	.000000
1.84136	.900625	.000000
1.84201	.900620	.000000
1.84267	.900664	.000000
1.84332	.900624	.000000
1.84398	.900672	.000000
1.84464	.900720	.000000
1.84529	.900694	.000000
1.84595	.900675	.000000
1.84661	.900657	.000000
1.84727	.900670	.000000
1.84792	.900675	.000000
1.84858	.900747	.000000
1.84924	.900786	.000000
1.8499	.900773	.000000
1.85056	.900768	.000000
1.85122	.900766	.000000
1.85188	.900768	.000000
1.85255	.900725	.000000
1.85321	.900760	.000000
1.85387	.900777	.000000
1.85453	.900788	.000000
1.8552	.900807	.000000
1.85586	.900788	.000000
1.85653	.900803	.000000
1.85719	.900838	.000000
1.85786	.900819	.000000
1.85852	.900799	.000000
1.85919	.900764	.000000
1.85986	.900823	.000000
1.86052	.900886	.000000
1.86119	.900897	.000000
1.86186	.900916	.000000
1.86253	.900917	.000000
1.8632	.900879	.000000
1.86387	.900893	.000000
1.86454	.900945	.000000
1.86521	.900956	.000000
1.86588	.900919	.000000
1.86655	.900862	.000000
1.86722	.900821	.000000
1.8679	.900829	.000000
1.86857	.900831	.000000
1.86924	.900884	.000000
1.86992	.900938	.000000
1.87059	.900919	.000000
1.87127	.900895	.000000
1.87194	.900856	.000000
1.87262	.900821	.000000
1.8733	.900829	.000000
1.87397	.900775	.000000
1.87465	.900773	.000000
1.87533	.900803	.000000
1.87601	.900771	.000000
1.87669	.900755	.000000
1.87736	.900777	.000000
1.87804	.900725	.000000
1.87873	.900707	.000000
1.87941	.900696	.000000
1.88009	.900657	.000000
1.88077	.900646	.000000
1.88145	.900618	.000000
1.88214	.900664	.000000
1.88282	.900677	.000000
1.8835	.900588	.000000
1.88419	.900557	.000000
1.88487	.900537	.000000
1.88556	.900481	.000000
1.88624	.900431	.000000
1.88693	.900470	.000000
1.88762	.900522	.000000
1.8883	.900463	.000000
1.88899	.900400	.000000
1.88968	.900326	.000000
1.89037	.900282	.000000
1.89106	.900256	.000000
1.89175	.900197	.000000
1.89244	.900180	.000000
1.89313	.900175	.000000
1.89382	.900188	.000000
1.89451	.900193	.000000
1.89521	.900143	.000000
1.8959	.900132	.000000
1.89659	.900156	.000000
1.89729	.900042	.000000
1.89798	.899953	.000000
1.89868	.899909	.000000
1.89937	.899879	.000000
1.90007	.899851	.000000
1.90077	.899818	.000000
1.90146	.899788	.000000
1.90216	.899814	.000000
1.90286	.899787	.000000
1.90356	.899757	.000000
1.90426	.899742	.000000
1.90496	.899667	.000000
1.90566	.899667	.000000
1.90636	.899609	.000000
1.90706	.899554	.000000
1.90776	.899526	.000000
1.90846	.899493	.000000
1.90916	.899526	.000000
1.90987	.899482	.000000
1.91057	.899415	.000000
1.91128	.899406	.000000
1.91198	.899391	.000000
1.91269	.899365	.000000
1.91339	.899397	.000000
1.9141	.899376	.000000
1.9148	.899345	.000000
1.91551	.899354	.000000
1.91622	.899316	.000000
1.91693	.899304	.000000
1.91764	.899258	.000000
1.91835	.899245	.000000
1.91906	.899286	.000000
1.91977	.899275	.000000
1.92048	.899275	.000000
1.92119	.899234	.000000
1.9219	.899219	.000000
1.92261	.899234	.000000
1.92333	.899182	.000000
1.92404	.899162	.000000
1.92476	.899225	.000000
1.92547	.899253	.000000
1.92619	.899280	.000000
1.9269	.899317	.000000
1.92762	.899336	.000000
1.92834	.899358	.000000
1.92905	.899336	.000000
1.92977	.899308	.000000
1.93049	.899332	.000000
1.93121	.899397	.000000
1.93193	.899388	.000000
1.93265	.899364	.000000
1.93337	.899397	.000000
1.93409	.899434	.000000
1.93481	.899428	.000000
1.93553	.899399	.000000
1.93626	.899404	.000000
1.93698	.899373	.000000
1.9377	.899384	.000000
1.93843	.899423	.000000
1.93915	.899404	.000000
1.93988	.899389	.000000
1.94061	.899406	.000000
1.94133	.899406	.000000
1.94206	.899502	.000000
1.94279	.899576	.000000
1.94351	.899535	.000000
1.94424	.899487	.000000
1.94497	.899478	.000000
1.9457	.899535	.000000
1.94643	.899543	.000000
1.94716	.899474	.000000
1.9479	.899471	.000000
1.94863	.899498	.000000
1.94936	.899554	.000000
1.95009	.899578	.000000
1.95083	.899524	.000000
1.95156	.899467	.000000
1.9523	.899548	.000000
1.95303	.899611	.000000
1.95377	.899554	.000000
1.9545	.899565	.000000
1.95524	.899615	.000000
1.95598	.899556	.000000
1.95672	.899528	.000000
1.95746	.899565	.000000
1.9582	.899633	.000000
1.95894	.899681	.000000
1.95968	.899748	.000000
1.96042	.899713	.000000
1.96116	.899676	.000000
1.9619	.899676	.000000
1.96264	.899628	.000000
1.96339	.899641	.000000
1.96413	.899681	.000000
1.96487	.899685	.000000
1.96562	.899659	.000000
1.96636	.899643	.000000
1.96711	.899678	.000000
1.96786	.899713	.000000
1.9686	.899694	.000000
1.96935	.899663	.000000
1.9701	.899687	.000000
1.97085	.899733	.000000
1.9716	.899746	.000000
1.97235	.899748	.000000
1.9731	.899783	.000000
1.97385	.899722	.000000
1.9746	.899663	.000000
1.97535	.899711	.000000
1.97611	.899787	.000000
1.97686	.899807	.000000
1.97761	.899764	.000000
1.97837	.899696	.000000
1.97912	.899722	.000000
1.97988	.899766	.000000
1.98064	.899733	.000000
1.98139	.899715	.000000
1.98215	.899702	.000000
1.98291	.899681	.000000
1.98367	.899648	.000000
1.98443	.899657	.000000
1.98519	.899737	.000000
1.98595	.899814	.000000
1.98671	.899835	.000000
1.98747	.899827	.000000
1.98823	.899790	.000000
1.98899	.899752	.000000
1.98976	.899729	.000000
1.99052	.899763	.000000
1.99129	.899851	.000000
1.99205	.899820	.000000
1.99282	.899752	.000000
1.99358	.899764	.000000
1.99435	.899851	.000000
1.99512	.899853	.000000
1.99589	.899827	.000000
1.99665	.899783	.000000
1.99742	.899813	.000000
1.99819	.899855	.000000
1.99896	.899827	.000000
1.99973	.899813	.000000
2.00051	.899848	.000000
2.00128	.899824	.000000
2.00205	.899788	.000000
2.00282	.899777	.000000
2.0036	.899792	.000000
2.00437	.899837	.000000
2.00515	.899864	.000000
2.00592	.899864	.000000
2.0067	.899857	.000000
2.00748	.899892	.000000
2.00825	.899909	.000000
2.00903	.899894	.000000
2.00981	.899894	.000000
2.01059	.899892	.000000
2.01137	.899931	.000000
2.01215	.899940	.000000
2.01293	.899914	.000000
2.01371	.899936	.000000
2.0145	.899953	.000000
2.01528	.899936	.000000
2.01606	.899953	.000000
2.01685	.900010	.000000
2.01763	.900027	.000000
2.01842	.900019	.000000
2.0192	.899997	.000000
2.01999	.900012	.000000
2.02078	.900003	.000000
2.02157	.900012	.000000
2.02235	.900084	.000000
2.02314	.900090	.000000
2.02393	.900058	.000000
2.02472	.900055	.000000
2.02552	.900012	.000000
2.02631	.900045	.000000
2.0271	.900095	.000000
2.02789	.900101	.000000
2.02869	.900079	.000000
2.02948	.900051	.000000
2.03027	.900066	.000000
2.03107	.900040	.000000
2.03187	.900080	.000000
2.03266	.900075	.000000
2.03346	.900023	.000000
2.03426	.900043	.000000
2.03506	.900138	.000000
2.03585	.900151	.000000
2.03665	.900143	.000000
2.03745	.900132	.000000
2.03826	.900099	.000000
2.03906	.900101	.000000
2.03986	.900075	.000000
2.04066	.900058	.000000
2.04147	.900090	.000000
2.04227	.900164	.000000
2.04307	.900186	.000000
2.04388	.900112	.000000
2.04469	.900084	.000000
2.04549	.900091	.000000
2.0463	.900130	.000000
2.04711	.900143	.000000
2.04792	.900164	.000000
2.04873	.900154	.000000
2.04954	.900116	.000000
2.05035	.900097	.000000
2.05116	.900140	.000000
2.05197	.900169	.000000
2.05278	.900162	.000000
2.05359	.900164	.000000
2.05441	.900132	.000000
2.05522	.900099	.000000
2.05604	.900079	.000000
2.05685	.900049	.000000
2.05767	.900108	.000000
2.05849	.900127	.000000
2.0593	.900084	.000000
2.06012	.900101	.000000
2.06094	.900154	.000000
2.06176	.900136	.000000
2.06258	.900073	.000000
2.0634	.900082	.000000
2.06422	.900064	.000000
2.06505	.900084	.000000
2.06587	.900130	.000000
2.06669	.900134	.000000
2.06752	.900127	.000000
2.06834	.900080	.000000
2.06917	.900071	.000000
2.06999	.900040	.000000
2.07082	.900029	.000000
2.07165	.900027	.000000
2.07247	.900021	.000000
2.0733	.900038	.000000
2.07413	.900067	.000000
2.07496	.900025	.000000
2.07579	.900012	.000000
2.07662	.900042	.000000
2.07746	.900019	.000000
2.07829	.899982	.000000
2.07912	.900005	.000000
2.07996	.900064	.000000
2.08079	.900099	.000000
2.08163	.900077	.000000
2.08246	.900031	.000000
2.0833	.899944	.000000
2.08414	.899896	.000000
2.08498	.899925	.000000
2.08581	.899953	.000000
2.08665	.899984	.000000
2.08749	.899953	.000000
2.08833	.899923	.000000
2.08918	.899938	.000000
2.09002	.899960	.000000
2.09086	.899975	.000000
2.0917	.899951	.000000
2.09255	.899903	.000000
2.09339	.899907	.000000
2.09424	.899881	.000000
2.09508	.899816	.000000
2.09593	.899837	.000000
2.09678	.899859	.000000
2.09763	.899853	.000000
2.09848	.899894	.000000
2.09933	.899875	.000000
2.10018	.899801	.000000
2.10103	.899792	.000000
2.10188	.899851	.000000
2.10273	.899923	.000000
2.10359	.899872	.000000
2.10444	.899807	.000000
2.10529	.899783	.000000
2.10615	.899755	.000000
2.107	.899787	.000000
2.10786	.899820	.000000
2.10872	.899809	.000000
2.10958	.899814	.000000
2.11044	.899822	.000000
2.11129	.899814	.000000
2.11215	.899776	.000000
2.11302	.899753	.000000
2.11388	.899761	.000000
2.11474	.899753	.000000
2.1156	.899753	.000000
2.11647	.899763	.000000
2.11733	.899779	.000000
2.1182	.899814	.000000
2.11906	.899840	.000000
2.11993	.899776	.000000
2.12079	.899729	.000000
2.12166	.899729	.000000
2.12253	.899729	.000000
2.1234	.899750	.000000
2.12427	.899764	.000000
2.12514	.899687	.000000
2.12601	.899644	.000000
2.12688	.899655	.000000
2.12776	.899644	.000000
2.12863	.899676	.000000
2.1295	.899683	.000000
2.13038	.899679	.000000
2.13126	.899665	.000000
2.13213	.899665	.000000
2.13301	.899611	.000000
2.13389	.899622	.000000
2.13477	.899646	.000000
2.13564	.899602	.000000
2.13652	.899558	.000000
2.13741	.899543	.000000
2.13829	.899589	.000000
2.13917	.899574	.000000
2.14005	.899521	.000000
2.14094	.899511	.000000
2.14182	.899522	.000000
2.14271	.899497	.000000
2.14359	.899480	.000000
2.14448	.899458	.000000
2.14537	.899460	.000000
2.14625	.899515	.000000
2.14714	.899574	.000000
2.14803	.899563	.000000
2.14892	.899495	.000000
2.14981	.899436	.000000
2.15071	.899389	.000000
2.1516	.899373	.000000
2.15249	.899369	.000000
2.15339	.899321	.000000
2.15428	.899314	.000000
2.15518	.899347	.000000
2.15607	.899323	.000000
2.15697	.899304	.000000
2.15787	.899282	.000000
2.15876	.899242	.000000
2.15966	.899208	.000000
2.16056	.899227	.000000
2.16146	.899218	.000000
2.16237	.899197	.000000
2.16327	.899162	.000000
2.16417	.899138	.000000
2.16507	.899064	.000000
2.16598	.899029	.000000
2.16688	.899011	.000000
2.16779	.898987	.000000
2.1687	.898966	.000000
2.1696	.898931	.000000
2.17051	.898903	.000000
2.17142	.898920	.000000
2.17233	.898953	.000000
2.17324	.898909	.000000
2.17415	.898835	.000000
2.17507	.898833	.000000
2.17598	.898861	.000000
2.17689	.898843	.000000
2.17781	.898852	.000000
2.17872	.898811	.000000
2.17964	.898750	.000000
2.18055	.898706	.000000
2.18147	.898660	.000000
2.18239	.898630	.000000
2.18331	.898671	.000000
2.18423	.898671	.000000
2.18515	.898606	.000000
2.18607	.898576	.000000
2.18699	.898621	.000000
2.18792	.898613	.000000
2.18884	.898551	.000000
2.18976	.898490	.000000
2.19069	.898491	.000000
2.19161	.898497	.000000
2.19254	.898466	.000000
2.19347	.898466	.000000
2.1944	.898449	.000000
2.19533	.898440	.000000
2.19626	.898473	.000000
2.19719	.898466	.000000
2.19812	.898421	.000000
2.19905	.898440	.000000
2.19998	.898427	.000000
2.20092	.898399	.000000
2.20185	.898368	.000000
2.20279	.898358	.000000
2.20372	.898447	.000000
2.20466	.898460	.000000
2.2056	.898403	.000000
2.20654	.898394	.000000
2.20748	.898382	.000000
2.20842	.898375	.000000
2.20936	.898351	.000000
2.2103	.898334	.000000
2.21124	.898364	.000000
2.21219	.898379	.000000
2.21313	.898338	.000000
2.21408	.898358	.000000
2.21502	.898342	.000000
2.21597	.898294	.000000
2.21692	.898283	.000000
2.21786	.898334	.000000
2.21881	.898397	.000000
2.21976	.898351	.000000
2.22071	.898288	.000000
2.22167	.898322	.000000
2.22262	.898386	.000000
2.22357	.898429	.000000
2.22453	.898384	.000000
2.22548	.898312	.000000
2.22644	.898281	.000000
2.22739	.898262	.000000
2.22835	.898333	.000000
2.22931	.898399	.000000
2.23027	.898377	.000000
2.23123	.898419	.000000
2.23219	.898442	.000000
2.23315	.898408	.000000
2.23411	.898406	.000000
2.23507	.898355	.000000
2.23604	.898279	.000000
2.237	.898244	.000000
2.23797	.898240	.000000
2.23893	.898229	.000000
2.2399	.898248	.000000
2.24087	.898288	.000000
2.24184	.898231	.000000
2.24281	.898248	.000000
2.24378	.898301	.000000
2.24475	.898264	.000000
2.24572	.898248	.000000
2.2467	.898277	.000000
2.24767	.898303	.000000
2.24864	.898360	.000000
2.24962	.898362	.000000
2.2506	.898299	.000000
2.25157	.898305	.000000
2.25255	.898373	.000000
2.25353	.898423	.000000
2.25451	.898414	.000000
2.25549	.898360	.000000
2.25647	.898327	.000000
2.25746	.898327	.000000
2.25844	.898390	.000000
2.25942	.898423	.000000
2.26041	.898447	.000000
2.26139	.898429	.000000
2.26238	.898392	.000000
2.26337	.898373	.000000
2.26436	.898353	.000000
2.26535	.898333	.000000
2.26634	.898325	.000000
2.26733	.898342	.000000
2.26832	.898377	.000000
2.26931	.898377	.000000
2.27031	.898364	.000000
2.2713	.898395	.000000
2.2723	.898427	.000000
2.27329	.898421	.000000
2.27429	.898394	.000000
2.27529	.898344	.000000
2.27629	.898386	.000000
2.27729	.898455	.000000
2.27829	.898471	.000000
2.27929	.898419	.000000
2.28029	.898379	.000000
2.28129	.898423	.000000
2.2823	.898501	.000000
2.2833	.898479	.000000
2.28431	.898397	.000000
2.28532	.898388	.000000
2.28632	.898418	.000000
2.28733	.898431	.000000
2.28834	.898458	.000000
2.28935	.898443	.000000
2.29036	.898434	.000000
2.29138	.898436	.000000
2.29239	.898434	.000000
2.2934	.898364	.000000
2.29442	.898307	.000000
2.29543	.898310	.000000
2.29645	.898272	.000000
2.29747	.898196	.000000
2.29849	.898220	.000000
2.29951	.898144	.000000
2.30053	.898031	.000000
2.30155	.898013	.000000
2.30257	.897941	.000000
2.30359	.897921	.000000
2.30462	.897884	.000000
2.30564	.897826	.000000
2.30667	.897760	.000000
2.30769	.897682	.000000
2.30872	.897634	.000000
2.30975	.897562	.000000
2.31078	.897521	.000000
2.31181	.897533	.000000
2.31284	.897516	.000000
2.31387	.897520	.000000
2.31491	.897642	.000000
2.31594	.897782	.000000
2.31698	.897993	.000000
2.31801	.898179	.000000
2.31905	.898347	.000000
2.32009	.898456	.000000
2.32112	.898475	.000000
2.32216	.898551	.000000
2.3232	.898626	.000000
2.32425	.898619	.000000
2.32529	.898673	.000000
2.32633	.898722	.000000
2.32738	.898700	.000000
2.32842	.898726	.000000
2.32947	.898763	.000000
2.33051	.898743	.000000
2.33156	.898697	.000000
2.33261	.898719	.000000
2.33366	.898728	.000000
2.33471	.898700	.000000
2.33576	.898650	.000000
2.33682	.898602	.000000
2.33787	.898576	.000000
2.33893	.898510	.000000
2.33998	.898523	.000000
2.34104	.898527	.000000
2.34209	.898479	.000000
2.34315	.898440	.000000
2.34421	.898419	.000000
2.34527	.898388	.000000
2.34633	.898390	.000000
2.3474	.898325	.000000
2.34846	.898264	.000000
2.34952	.898233	.000000
2.35059	.898233	.000000
2.35166	.898188	.000000
2.35272	.898181	.000000
2.35379	.898259	.000000
2.35486	.898349	.000000
2.35593	.898421	.000000
2.357	.898536	.000000
2.35807	.898593	.000000
2.35915	.898556	.000000
2.36022	.898551	.000000
2.36129	.898560	.000000
2.36237	.898575	.000000
2.36345	.898591	.000000
2.36452	.898466	.000000
2.3656	.898423	.000000
2.36668	.898491	.000000
2.36776	.898528	.000000
2.36885	.898482	.000000
2.36993	.898377	.000000
2.37101	.898351	.000000
2.3721	.898373	.000000
2.37318	.898310	.000000
2.37427	.898253	.000000
2.37536	.898255	.000000
2.37645	.898259	.000000
2.37754	.898222	.000000
2.37863	.898235	.000000
2.37972	.898198	.000000
2.38081	.898133	.000000
2.38191	.898052	.000000
2.383	.897958	.000000
2.3841	.897926	.000000
2.38519	.897895	.000000
2.38629	.897913	.000000
2.38739	.897958	.000000
2.38849	.897924	.000000
2.38959	.897861	.000000
2.39069	.897854	.000000
2.39179	.897841	.000000
2.3929	.897775	.000000
2.394	.897697	.000000
2.39511	.897721	.000000
2.39622	.897788	.000000
2.39732	.897773	.000000
2.39843	.897732	.000000
2.39954	.897667	.000000
2.40065	.897760	.000000
2.40177	.897889	.000000
2.40288	.897826	.000000
2.40399	.897721	.000000
2.40511	.897673	.000000
2.40622	.897727	.000000
2.40734	.897738	.000000
2.40846	.897686	.000000
2.40958	.897686	.000000
2.4107	.897673	.000000
2.41182	.897642	.000000
2.41294	.897612	.000000
2.41407	.897518	.000000
2.41519	.897420	.000000
2.41632	.897446	.000000
2.41744	.897490	.000000
2.41857	.897457	.000000
2.4197	.897420	.000000
2.42083	.897475	.000000
2.42196	.897509	.000000
2.42309	.897479	.000000
2.42423	.897388	.000000
2.42536	.897318	.000000
2.42649	.897355	.000000
2.42763	.897444	.000000
2.42877	.897392	.000000
2.42991	.897366	.000000
2.43105	.897335	.000000
2.43219	.897278	.000000
2.43333	.897250	.000000
2.43447	.897244	.000000
2.43561	.897169	.000000
2.43676	.897109	.000000
2.4379	.897122	.000000
2.43905	.897071	.000000
2.4402	.897049	.000000
2.44135	.897097	.000000
2.4425	.897067	.000000
2.44365	.897032	.000000
2.4448	.896988	.000000
2.44595	.896960	.000000
2.44711	.896964	.000000
2.44826	.896965	.000000
2.44942	.896928	.000000
2.45058	.896906	.000000
2.45174	.896932	.000000
2.4529	.896988	.000000
2.45406	.896952	.000000
2.45522	.896860	.000000
2.45638	.896760	.000000
2.45755	.896755	.000000
2.45871	.896794	.000000
2.45988	.896742	.000000
2.46105	.896721	.000000
2.46221	.896703	.000000
2.46338	.896690	.000000
2.46455	.896666	.000000
2.46573	.896616	.000000
2.4669	.896616	.000000
2.46807	.896653	.000000
2.46925	.896685	.000000
2.47043	.896662	.000000
2.4716	.896611	.000000
2.47278	.896548	.000000
2.47396	.896522	.000000
2.47514	.896542	.000000
2.47632	.896546	.000000
2.47751	.896568	.000000
2.47869	.896522	.000000
2.47988	.896457	.000000
2.48106	.896411	.000000
2.48225	.896391	.000000
2.48344	.896431	.000000
2.48463	.896461	.000000
2.48582	.896396	.000000
2.48701	.896300	.000000
2.48821	.896276	.000000
2.4894	.896208	.000000
2.4906	.896197	.000000
2.49179	.896169	.000000
2.49299	.896184	.000000
2.49419	.896200	.000000
2.49539	.896195	.000000
2.49659	.896223	.000000
2.49779	.896149	.000000
2.499	.896069	.000000
2.5002	.896047	.000000
2.50141	.896012	.000000
2.50262	.896058	.000000
2.50383	.896110	.000000
2.50503	.896119	.000000
2.50625	.896067	.000000
2.50746	.896019	.000000
2.50867	.895951	.000000
2.50989	.895912	.000000
2.5111	.895872	.000000
2.51232	.895829	.000000
2.51353	.895794	.000000
2.51475	.895824	.000000
2.51597	.895870	.000000
2.51719	.895846	.000000
2.51842	.895822	.000000
2.51964	.895827	.000000
2.52087	.895809	.000000
2.52209	.895820	.000000
2.52332	.895879	.000000
2.52455	.895936	.000000
2.52578	.895872	.000000
2.52701	.895796	.000000
2.52824	.895801	.000000
2.52947	.895857	.000000
2.53071	.895872	.000000
2.53194	.895849	.000000
2.53318	.895872	.000000
2.53442	.895864	.000000
2.53566	.895838	.000000
2.5369	.895866	.000000
2.53814	.895870	.000000
2.53938	.895866	.000000
2.54063	.895833	.000000
2.54187	.895877	.000000
2.54312	.895896	.000000
2.54437	.895848	.000000
2.54562	.895790	.000000
2.54687	.895818	.000000
2.54812	.895892	.000000
2.54937	.895873	.000000
2.55063	.895868	.000000
2.55188	.895857	.000000
2.55314	.895835	.000000
2.55439	.895818	.000000
2.55565	.895805	.000000
2.55691	.895763	.000000
2.55817	.895746	.000000
2.55944	.895744	.000000
2.5607	.895744	.000000
2.56197	.895794	.000000
2.56323	.895814	.000000
2.5645	.895846	.000000
2.56577	.895779	.000000
2.56704	.895729	.000000
2.56831	.895691	.000000
2.56958	.895678	.000000
2.57086	.895663	.000000
2.57213	.895615	.000000
2.57341	.895618	.000000
2.57469	.895626	.000000
2.57597	.895637	.000000
2.57725	.895689	.000000
2.57853	.895497	.000000
2.57981	.895380	.000000
2.5811	.895517	.000000
2.58238	.895522	.000000
2.58367	.895395	.000000
2.58496	.895362	.000000
2.58624	.895321	.000000
2.58754	.895419	.000000
2.58883	.895412	.000000
2.59012	.895317	.000000
2.59141	.895280	.000000
2.59271	.895238	.000000
2.59401	.894709	.000000
2.59531	.894750	.000000
2.5966	.894872	.000000
2.59791	.895109	.000000
2.59921	.895173	.000000
2.60051	.895173	.000000
2.60182	.895256	.000000
2.60312	.895280	.000000
2.60443	.895051	.000000
2.60574	.894802	.000000
2.60705	.894935	.000000
2.60836	.894979	.000000
2.60967	.894861	.000000
2.61099	.894785	.000000
2.6123	.894822	.000000
2.61362	.894913	.000000
2.61494	.894780	.000000
2.61626	.894700	.000000
2.61758	.894774	.000000
2.6189	.894466	.000000
2.62022	.894100	.000000
2.62155	.894124	.000000
2.62287	.894249	.000000
2.6242	.894168	.000000
2.62553	.894022	.000000
2.62686	.893969	.000000
2.62819	.893919	.000000
2.62952	.893773	.000000
2.63086	.893662	.000000
2.63219	.893660	.000000
2.63353	.893778	.000000
2.63487	.893599	.000000
2.63621	.893272	.000000
2.63755	.893176	.000000
2.63889	.893109	.000000
2.64023	.892978	.000000
2.64158	.892891	.000000
2.64293	.892786	.000000
2.64427	.892561	.000000
2.64562	.892309	.000000
2.64697	.892075	.000000
2.64832	.891803	.000000
2.64968	.891543	.000000
2.65103	.891251	.000000
2.65239	.890951	.000000
2.65375	.890551	.000000
2.6551	.890151	.000000
2.65646	.889677	.000000
2.65783	.888988	.000000
2.65919	.888396	.000000
2.66055	.887724	.000000
2.66192	.886800	.000000
2.66329	.885706	.000000
2.66466	.884370	.000000
2.66603	.883182	.000000
2.6674	.881952	.000000
2.66877	.880502	.000000
2.67014	.878704	.000000
2.67152	.877071	.000000
2.6729	.875700	.000000
2.67427	.874126	.000000
2.67565	.872671	.000000
2.67704	.871589	.000000
2.67842	.870340	.000000
2.6798	.868967	.000000
2.68119	.867722	.000000
2.68258	.866454	.000000
2.68396	.865274	.000000
2.68535	.863982	.000000
2.68675	.862621	.000000
2.68814	.861187	.000000
2.68953	.859890	.000000
2.69093	.858547	.000000
2.69233	.857113	.000000
2.69372	.855772	.000000
2.69512	.854526	.000000
2.69653	.852982	.000000
2.69793	.851387	.000000
2.69933	.849837	.000000
2.70074	.848307	.000000
2.70215	.846676	.000000
2.70356	.844961	.000000
2.70497	.843348	.000000
2.70638	.841913	.000000
2.70779	.840553	.000000
2.70921	.839138	.000000
2.71062	.837379	.000000
2.71204	.835881	.000000
2.71346	.834711	.000000
2.71488	.833312	.000000
2.7163	.831914	.000000
2.71772	.830676	.000000
2.71915	.829281	.000000
2.72058	.827897	.000000
2.722	.826330	.000000
2.72343	.824704	.000000
2.72486	.823383	.000000
2.7263	.822160	.000000
2.72773	.820812	.000000
2.72917	.819516	.000000
2.7306	.818184	.000000
2.73204	.816887	.000000
2.73348	.815419	.000000
2.73493	.813992	.000000
2.73637	.812479	.000000
2.73781	.810971	.000000
2.73926	.809491	.000000
2.74071	.807834	.000000
2.74216	.806149	.000000
2.74361	.804237	.000000
2.74506	.802412	.000000
2.74651	.800775	.000000
2.74797	.799040	.000000
2.74943	.797338	.000000
2.75089	.795642	.000000
2.75234	.793883	.000000
2.75381	.792052	.000000
2.75527	.790362	.000000
2.75673	.788532	.000000
2.7582	.786694	.000000
2.75967	.784913	.000000
2.76114	.783169	.000000
2.76261	.781602	.000000
2.76408	.780041	.000000
2.76556	.778519	.000000
2.76703	.777077	.000000
2.76851	.775522	.000000
2.76999	.774003	.000000
2.77147	.772553	.000000
2.77295	.771126	.000000
2.77443	.769689	.000000
2.77592	.768375	.000000
2.77741	.767088	.000000
2.77889	.765896	.000000
2.78038	.764749	.000000
2.78188	.763570	.000000
2.78337	.762310	.000000
2.78486	.761020	.000000
2.78636	.759882	.000000
2.78786	.758772	.000000
2.78936	.757537	.000000
2.79086	.756445	.000000
2.79236	.755300	.000000
2.79387	.754190	.000000
2.79537	.753153	.000000
2.79688	.752152	.000000
2.79839	.751130	.000000
2.7999	.750090	.000000
2.80141	.749124	.000000
2.80293	.748357	.000000
2.80444	.747416	.000000
2.80596	.746432	.000000
2.80748	.745486	.000000
2.809	.744612	.000000
2.81052	.743753	.000000
2.81205	.742781	.000000
2.81357	.741951	.000000
2.8151	.741223	.000000
2.81663	.740416	.000000
2.81816	.739680	.000000
2.81969	.738936	.000000
2.82123	.738132	.000000
2.82276	.737365	.000000
2.8243	.736593	.000000
2.82584	.735819	.000000
2.82738	.735097	.000000
2.82892	.734267	.000000
2.83047	.733537	.000000
2.83201	.732896	.000000
2.83356	.732238	.000000
2.83511	.731536	.000000
2.83666	.730731	.000000
2.83821	.729995	.000000
2.83977	.729268	.000000
2.84132	.728637	.000000
2.84288	.727974	.000000
2.84444	.727169	.000000
2.846	.726426	.000000
2.84757	.725763	.000000
2.84913	.725138	.000000
2.8507	.724501	.000000
2.85226	.723861	.000000
2.85383	.723233	.000000
2.8554	.722563	.000000
2.85698	.721933	.000000
2.85855	.721360	.000000
2.86013	.720713	.000000
2.86171	.720159	.000000
2.86329	.719679	.000000
2.86487	.719097	.000000
2.86645	.718478	.000000
2.86804	.717933	.000000
2.86963	.717452	.000000
2.87122	.717035	.000000
2.87281	.716525	.000000
2.8744	.715933	.000000
2.87599	.715344	.000000
2.87759	.714823	.000000
2.87919	.714400	.000000
2.88079	.713984	.000000
2.88239	.713594	.000000
2.88399	.713170	.000000
2.8856	.712757	.000000
2.8872	.712392	.000000
2.88881	.712013	.000000
2.89042	.711664	.000000
2.89203	.711298	.000000
2.89365	.710854	.000000
2.89526	.710446	.000000
2.89688	.710138	.000000
2.8985	.709827	.000000
2.90012	.709530	.000000
2.90174	.709192	.000000
2.90337	.708881	.000000
2.90499	.708648	.000000
2.90662	.708418	.000000
2.90825	.708177	.000000
2.90988	.707909	.000000
2.91152	.707549	.000000
2.91315	.707250	.000000
2.91479	.707089	.000000
2.91643	.706906	.000000
2.91807	.706657	.000000
2.91972	.706465	.000000
2.92136	.706357	.000000
2.92301	.706167	.000000
2.92466	.705894	.000000
2.92631	.705761	.000000
2.92796	.705617	.000000
2.92961	.705460	.000000
2.93127	.705236	.000000
2.93293	.705036	.000000
2.93459	.704855	.000000
2.93625	.704724	.000000
2.93791	.704702	.000000
2.93958	.704552	.000000
2.94124	.704395	.000000
2.94291	.704345	.000000
2.94459	.704290	.000000
2.94626	.704211	.000000
2.94793	.704044	.000000
2.94961	.704009	.000000
2.95129	.703969	.000000
2.95297	.703902	.000000
2.95465	.703832	.000000
2.95634	.703736	.000000
2.95802	.703721	.000000
2.95971	.703736	.000000
2.9614	.703651	.000000
2.96309	.703627	.000000
2.96479	.703636	.000000
2.96648	.703581	.000000
2.96818	.703571	.000000
2.96988	.703673	.000000
2.97158	.703787	.000000
2.97329	.703806	.000000
2.97499	.703810	.000000
2.9767	.703911	.000000
2.97841	.703985	.000000
2.98012	.703909	.000000
2.98184	.703828	.000000
2.98355	.703943	.000000
2.98527	.704066	.000000
2.98699	.704181	.000000
2.98871	.704296	.000000
2.99043	.704417	.000000
2.99216	.704521	.000000
2.99389	.704615	.000000
2.99562	.704741	.000000
2.99735	.704835	.000000
2.99908	.704918	.000000
3.00082	.705053	.000000
3.00255	.705203	.000000
3.00429	.705297	.000000
3.00604	.705356	.000000
3.00778	.705463	.000000
3.00953	.705646	.000000
3.01127	.705814	.000000
3.01302	.705883	.000000
3.01477	.706018	.000000
3.01653	.706258	.000000
3.01828	.706461	.000000
3.02004	.706490	.000000
3.0218	.706524	.000000
3.02356	.706655	.000000
3.02533	.706829	.000000
3.02709	.706864	.000000
3.02886	.706921	.000000
3.03063	.707037	.000000
3.03241	.707194	.000000
3.03418	.707348	.000000
3.03596	.707436	.000000
3.03773	.707571	.000000
3.03952	.707745	.000000
3.0413	.707861	.000000
3.04308	.707921	.000000
3.04487	.707922	.000000
3.04666	.708059	.000000
3.04845	.708235	.000000
3.05024	.708268	.000000
3.05204	.708427	.000000
3.05383	.708586	.000000
3.05563	.708563	.000000
3.05744	.708650	.000000
3.05924	.708791	.000000
3.06105	.708902	.000000
3.06285	.708998	.000000
3.06466	.709155	.000000
3.06648	.709284	.000000
3.06829	.709330	.000000
3.07011	.709397	.000000
3.07193	.709511	.000000
3.07375	.709698	.000000
3.07557	.709811	.000000
3.0774	.709848	.000000
3.07922	.709938	.000000
3.08105	.710099	.000000
3.08288	.710199	.000000
3.08472	.710247	.000000
3.08655	.710400	.000000
3.08839	.710577	.000000
3.09023	.710727	.000000
3.09208	.710912	.000000
3.09392	.711097	.000000
3.09577	.711230	.000000
3.09762	.711431	.000000
3.09947	.711660	.000000
3.10132	.711841	.000000
3.10318	.711956	.000000
3.10504	.712166	.000000
3.1069	.712394	.000000
3.10876	.712654	.000000
3.11062	.712935	.000000
3.11249	.713125	.000000
3.11436	.713325	.000000
3.11623	.713582	.000000
3.11811	.713894	.000000
3.11998	.714224	.000000
3.12186	.714500	.000000
3.12374	.714790	.000000
3.12562	.715091	.000000
3.12751	.715446	.000000
3.1294	.715778	.000000
3.13129	.716116	.000000
3.13318	.716486	.000000
3.13507	.716839	.000000
3.13697	.717166	.000000
3.13887	.717458	.000000
3.14077	.717811	.000000
3.14267	.718276	.000000
3.14458	.718762	.000000
3.14649	.719082	.000000
3.1484	.719409	.000000
3.15031	.719834	.000000
3.15223	.720240	.000000
3.15414	.720728	.000000
3.15606	.721166	.000000
3.15798	.721543	.000000
3.15991	.722027	.000000
3.16184	.722487	.000000
3.16376	.722858	.000000
3.1657	.723337	.000000
3.16763	.723812	.000000
3.16957	.724242	.000000
3.1715	.724645	.000000
3.17345	.725120	.000000
3.17539	.725744	.000000
3.17733	.726356	.000000
3.17928	.726831	.000000
3.18123	.727135	.000000
3.18319	.727571	.000000
3.18514	.728098	.000000
3.1871	.728630	.000000
3.18906	.729183	.000000
3.19102	.729648	.000000
3.19299	.730010	.000000
3.19495	.730474	.000000
3.19692	.731002	.000000
3.1989	.731516	.000000
3.20087	.732083	.000000
3.20285	.732678	.000000
3.20483	.733319	.000000
3.20681	.733875	.000000
3.20879	.734339	.000000
3.21078	.734808	.000000
3.21277	.735329	.000000
3.21476	.735876	.000000
3.21676	.736436	.000000
3.21875	.736907	.000000
3.22075	.737356	.000000
3.22275	.737890	.000000
3.22476	.738415	.000000
3.22676	.738995	.000000
3.22877	.739499	.000000
3.23078	.739926	.000000
3.2328	.740447	.000000
3.23481	.741053	.000000
3.23683	.741615	.000000
3.23886	.742199	.000000
3.24088	.742797	.000000
3.24291	.743328	.000000
3.24494	.743808	.000000
3.24697	.744359	.000000
3.249	.744917	.000000
3.25104	.745410	.000000
3.25308	.745996	.000000
3.25512	.746478	.000000
3.25717	.747087	.000000
3.25921	.747706	.000000
3.26126	.748185	.000000
3.26332	.748691	.000000
3.26537	.749295	.000000
3.26743	.749850	.000000
3.26949	.750354	.000000
3.27155	.750962	.000000
3.27362	.751505	.000000
3.27568	.751985	.000000
3.27776	.752562	.000000
3.27983	.753151	.000000
3.2819	.753707	.000000
3.28398	.754228	.000000
3.28606	.754755	.000000
3.28815	.755318	.000000
3.29023	.755793	.000000
3.29232	.756296	.000000
3.29441	.756815	.000000
3.29651	.757301	.000000
3.2986	.757829	.000000
3.3007	.758328	.000000
3.30281	.758807	.000000
3.30491	.759361	.000000
3.30702	.759891	.000000
3.30913	.760303	.000000
3.31124	.760769	.000000
3.31336	.761362	.000000
3.31548	.761864	.000000
3.3176	.762254	.000000
3.31972	.762705	.000000
3.32185	.763235	.000000
3.32398	.763644	.000000
3.32611	.764043	.000000
3.32825	.764473	.000000
3.33038	.764952	.000000
3.33252	.765340	.000000
3.33467	.765717	.000000
3.33681	.766090	.000000
3.33896	.766378	.000000
3.34111	.766591	.000000
3.34327	.766897	.000000
3.34542	.767145	.000000
3.34758	.767180	.000000
3.34975	.767294	.000000
3.35191	.767422	.000000
3.35408	.767426	.000000
3.35625	.767287	.000000
3.35842	.767106	.000000
3.3606	.766797	.000000
3.36278	.766216	.000000
3.36496	.765299	.000000
3.36715	.764179	.000000
3.36933	.762940	.000000
3.37153	.761744	.000000
3.37372	.760791	.000000
3.37592	.759961	.000000
3.37811	.759256	.000000
3.38032	.759021	.000000
3.38252	.759250	.000000
3.38473	.759974	.000000
3.38694	.760991	.000000
3.38915	.761997	.000000
3.39137	.762461	.000000
3.39359	.762082	.000000
3.39581	.761011	.000000
3.39804	.759270	.000000
3.40027	.756970	.000000
3.4025	.754129	.000000
3.40473	.750942	.000000
3.40697	.747494	.000000
3.40921	.743764	.000000
3.41145	.739756	.000000
3.4137	.735786	.000000
3.41595	.732113	.000000
3.4182	.728857	.000000
3.42045	.726165	.000000
3.42271	.724152	.000000
3.42497	.722773	.000000
3.42723	.722829	.000000
3.4295	.726553	.000000
3.43177	.734847	.000000
3.43404	.744506	.000000
3.43632	.752057	.000000
3.4386	.757125	.000000
3.44088	.760593	.000000
3.44316	.763158	.000000
3.44545	.765196	.000000
3.44774	.767084	.000000
3.45004	.768870	.000000
3.45233	.770531	.000000
3.45463	.772080	.000000
3.45694	.773558	.000000
3.45924	.774982	.000000
3.46155	.776338	.000000
3.46386	.777521	.000000
3.46618	.778474	.000000
3.4685	.779248	.000000
3.47082	.779912	.000000
3.47315	.780263	.000000
3.47547	.780501	.000000
3.4778	.780725	.000000
3.48014	.780815	.000000
3.48247	.780804	.000000
3.48481	.780758	.000000
3.48716	.780261	.000000
3.4895	.779141	.000000
3.49185	.777199	.000000
3.49421	.774321	.000000
3.49656	.770788	.000000
3.49892	.767267	.000000
3.50129	.764011	.000000
3.50365	.760440	.000000
3.50602	.756279	.000000
3.50839	.753354	.000000
3.51077	.756215	.000000
3.51315	.765719	.000000
3.51553	.776144	.000000
3.51791	.783505	.000000
3.5203	.788287	.000000
3.52269	.791668	.000000
3.52509	.794149	.000000
3.52749	.795973	.000000
3.52989	.797381	.000000
3.53229	.798554	.000000
3.5347	.799679	.000000
3.53711	.800649	.000000
3.53953	.801445	.000000
3.54194	.802358	.000000
3.54436	.803175	.000000
3.54679	.803808	.000000
3.54922	.804438	.000000
3.55165	.805092	.000000
3.55408	.805726	.000000
3.55652	.806328	.000000
3.55896	.806827	.000000
3.5614	.807346	.000000
3.56385	.807856	.000000
3.5663	.808218	.000000
3.56876	.808680	.000000
3.57121	.809129	.000000
3.57367	.809630	.000000
3.57614	.810097	.000000
3.57861	.810389	.000000
3.58108	.810713	.000000
3.58355	.811165	.000000
3.58603	.811555	.000000
3.58851	.811906	.000000
3.591	.812335	.000000
3.59349	.812764	.000000
3.59598	.813164	.000000
3.59848	.813504	.000000
3.60099	.813822	.000000
3.60349	.814136	.000000
3.60599	.814526	.000000
3.6085	.814903	.000000
3.61102	.815293	.000000
3.61353	.815592	.000000
3.61605	.815973	.000000
3.61858	.816355	.000000
3.6211	.816723	.000000
3.62363	.817009	.000000
3.62617	.817316	.000000
3.62871	.817617	.000000
3.63125	.817952	.000000
3.63379	.818277	.000000
3.63634	.818657	.000000
3.63889	.818979	.000000
3.64145	.819236	.000000
3.644	.819483	.000000
3.64657	.819823	.000000
3.64913	.820110	.000000
3.6517	.820409	.000000
3.65428	.820616	.000000
3.65685	.820874	.000000
3.65943	.821139	.000000
3.66202	.821469	.000000
3.66461	.821793	.000000
3.6672	.822133	.000000
3.66979	.822408	.000000
3.67239	.822698	.000000
3.675	.823021	.000000
3.6776	.823450	.000000
3.68021	.823788	.000000
3.68283	.824143	.000000
3.68544	.824451	.000000
3.68806	.824777	.000000
3.69069	.825061	.000000
3.69332	.825397	.000000
3.69595	.825684	.000000
3.69859	.825990	.000000
3.70123	.826290	.000000
3.70387	.826611	.000000
3.70652	.826925	.000000
3.70917	.827249	.000000
3.71183	.827526	.000000
3.71448	.827832	.000000
3.71715	.828082	.000000
3.71981	.828366	.000000
3.72248	.828629	.000000
3.72516	.828972	.000000
3.72783	.829248	.000000
3.73052	.829562	.000000
3.7332	.829826	.000000
3.73589	.830099	.000000
3.73859	.830360	.000000
3.74128	.830657	.000000
3.74398	.830896	.000000
3.74669	.831182	.000000
3.7494	.831389	.000000
3.75211	.831648	.000000
3.75483	.831890	.000000
3.75755	.832184	.000000
3.76027	.832414	.000000
3.763	.832629	.000000
3.76574	.832836	.000000
3.76847	.833026	.000000
3.77121	.833205	.000000
3.77396	.833423	.000000
3.77671	.833562	.000000
3.77946	.833713	.000000
3.78222	.833848	.000000
3.78498	.834029	.000000
3.78774	.834149	.000000
3.79051	.834299	.000000
3.79328	.834386	.000000
3.79606	.834495	.000000
3.79884	.834561	.000000
3.80163	.834683	.000000
3.80441	.834752	.000000
3.80721	.834896	.000000
3.81001	.834964	.000000
3.81281	.835008	.000000
3.81561	.835007	.000000
3.81842	.835081	.000000
3.82124	.835105	.000000
3.82405	.835154	.000000
3.82688	.835149	.000000
3.8297	.835119	.000000
3.83253	.835134	.000000
3.83537	.835212	.000000
3.83821	.835190	.000000
3.84105	.835167	.000000
3.8439	.835071	.000000
3.84675	.835101	.000000
3.8496	.835095	.000000
3.85246	.835062	.000000
3.85533	.835020	.000000
3.8582	.834986	.000000
3.86107	.834953	.000000
3.86395	.834938	.000000
3.86683	.834826	.000000
3.86971	.834761	.000000
3.8726	.834667	.000000
3.8755	.834632	.000000
3.8784	.834558	.000000
3.8813	.834484	.000000
3.88421	.834354	.000000
3.88712	.834277	.000000
3.89003	.834172	.000000
3.89295	.834068	.000000
3.89588	.833922	.000000
3.89881	.833869	.000000
3.90174	.833750	.000000
3.90468	.833663	.000000
3.90762	.833516	.000000
3.91057	.833427	.000000
3.91352	.833299	.000000
3.91648	.833203	.000000
3.91944	.833069	.000000
3.9224	.832923	.000000
3.92537	.832784	.000000
3.92835	.832684	.000000
3.93132	.832523	.000000
3.93431	.832392	.000000
3.93729	.832204	.000000
3.94029	.832045	.000000
3.94328	.831836	.000000
3.94628	.831672	.000000
3.94929	.831494	.000000
3.9523	.831335	.000000
3.95531	.831093	.000000
3.95833	.830933	.000000
3.96136	.830752	.000000
3.96439	.830559	.000000
3.96742	.830317	.000000
3.97046	.830127	.000000
3.9735	.829913	.000000
3.97655	.829713	.000000
3.9796	.829436	.000000
3.98265	.829218	.000000
3.98571	.828972	.000000
3.98878	.828765	.000000
3.99185	.828509	.000000
3.99493	.828261	.000000
3.99801	.828017	.000000
4.00109	.827820	.000000
4.00418	.827533	.000000
4.00728	.827313	.000000
4.01038	.827032	.000000
4.01348	.826753	.000000
4.01659	.826423	.000000
4.0197	.826151	.000000
4.02282	.825848	.000000
4.02594	.825602	.000000
4.02907	.825272	.000000
4.0322	.824993	.000000
4.03534	.824682	.000000
4.03849	.824420	.000000
4.04163	.824150	.000000
4.04479	.823884	.000000
4.04794	.823594	.000000
4.05111	.823350	.000000
4.05427	.823077	.000000
4.05745	.822866	.000000
4.06062	.822580	.000000
4.0638	.822319	.000000
4.06699	.822051	.000000
4.07018	.821833	.000000
4.07338	.821547	.000000
4.07658	.821255	.000000
4.07979	.820958	.000000
4.083	.820756	.000000
4.08622	.820459	.000000
4.08944	.820213	.000000
4.09267	.819930	.000000
4.0959	.819664	.000000
4.09914	.819376	.000000
4.10238	.819088	.000000
4.10563	.818787	.000000
4.10889	.818571	.000000
4.11214	.818258	.000000
4.11541	.817946	.000000
4.11868	.817608	.000000
4.12195	.817329	.000000
4.12523	.817039	.000000
4.12851	.816773	.000000
4.1318	.816449	.000000
4.1351	.816195	.000000
4.1384	.815886	.000000
4.1417	.815605	.000000
4.14502	.815261	.000000
4.14833	.814955	.000000
4.15165	.814650	.000000
4.15498	.814378	.000000
4.15831	.814001	.000000
4.16165	.813693	.000000
4.16499	.813316	.000000
4.16834	.812987	.000000
4.17169	.812582	.000000
4.17505	.812189	.000000
4.17841	.811768	.000000
4.18178	.811404	.000000
4.18516	.811025	.000000
4.18854	.810661	.000000
4.19193	.810188	.000000
4.19532	.809794	.000000
4.19871	.809320	.000000
4.20212	.808934	.000000
4.20552	.808557	.000000
4.20894	.808180	.000000
4.21236	.807733	.000000
4.21578	.807365	.000000
4.21921	.806896	.000000
4.22265	.806430	.000000
4.22609	.805861	.000000
4.22954	.805268	.000000
4.23299	.804483	.000000
4.23645	.803598	.000000
4.23991	.802550	.000000
4.24338	.801460	.000000
4.24686	.800100	.000000
4.25034	.798642	.000000
4.25383	.797070	.000000
4.25732	.795544	.000000
4.26082	.794160	.000000
4.26432	.792865	.000000
4.26783	.791448	.000000
4.27134	.789946	.000000
4.27486	.788246	.000000
4.27839	.786550	.000000
4.28192	.784647	.000000
4.28546	.782629	.000000
4.28901	.780490	.000000
4.29256	.778282	.000000
4.29612	.775984	.000000
4.29968	.773783	.000000
4.30325	.771492	.000000
4.30682	.769279	.000000
4.3104	.767045	.000000
4.31399	.764915	.000000
4.31758	.762834	.000000
4.32118	.760915	.000000
4.32478	.759084	.000000
4.32839	.757356	.000000
4.33201	.755640	.000000
4.33563	.754092	.000000
4.33926	.752521	.000000
4.34289	.751097	.000000
4.34653	.749741	.000000
4.35018	.748425	.000000
4.35383	.747069	.000000
4.35749	.745811	.000000
4.36115	.744578	.000000
4.36482	.743461	.000000
4.3685	.742304	.000000
4.37218	.741194	.000000
4.37587	.740115	.000000
4.37957	.739154	.000000
4.38327	.738202	.000000
4.38698	.737404	.000000
4.39069	.736586	.000000
4.39441	.735878	.000000
4.39814	.735265	.000000
4.40188	.734768	.000000
4.40562	.734293	.000000
4.40936	.734023	.000000
4.41311	.733853	.000000
4.41687	.733838	.000000
4.42064	.733800	.000000
4.42441	.733885	.000000
4.42819	.733933	.000000
4.43197	.734066	.000000
4.43577	.734234	.000000
4.43956	.734378	.000000
4.44337	.734443	.000000
4.44718	.734539	.000000
4.451	.734548	.000000
4.45482	.734576	.000000
4.45865	.734491	.000000
4.46249	.734395	.000000
4.46633	.734164	.000000
4.47018	.733892	.000000
4.47404	.733508	.000000
4.4779	.733107	.000000
4.48177	.732582	.000000
4.48565	.732039	.000000
4.48953	.731315	.000000
4.49342	.730546	.000000
4.49732	.729694	.000000
4.50122	.728811	.000000
4.50513	.727808	.000000
4.50905	.726762	.000000
4.51297	.725559	.000000
4.51691	.724371	.000000
4.52084	.723089	.000000
4.52479	.721781	.000000
4.52874	.720373	.000000
4.5327	.718903	.000000
4.53667	.717321	.000000
4.54064	.715751	.000000
4.54462	.714082	.000000
4.5486	.712399	.000000
4.5526	.710592	.000000
4.5566	.708769	.000000
4.56061	.706814	.000000
4.56462	.704826	.000000
4.56864	.702757	.000000
4.57267	.700682	.000000
4.57671	.698518	.000000
4.58075	.696342	.000000
4.5848	.694043	.000000
4.58886	.691723	.000000
4.59292	.689273	.000000
4.59699	.686784	.000000
4.60107	.684179	.000000
4.60516	.681530	.000000
4.60925	.678799	.000000
4.61335	.676072	.000000
4.61746	.673206	.000000
4.62157	.670426	.000000
4.6257	.667645	.000000
4.62983	.664959	.000000
4.63396	.662328	.000000
4.63811	.659889	.000000
4.64226	.657583	.000000
4.64642	.655492	.000000
4.65059	.653528	.000000
4.65476	.651791	.000000
4.65895	.650097	.000000
4.66314	.648585	.000000
4.66733	.647126	.000000
4.67154	.645723	.000000
4.67575	.644234	.000000
4.67997	.642730	.000000
4.6842	.641116	.000000
4.68843	.639492	.000000
4.69268	.637781	.000000
4.69693	.636131	.000000
4.70119	.634448	.000000
4.70545	.632785	.000000
4.70972	.631031	.000000
4.71401	.629369	.000000
4.7183	.627606	.000000
4.72259	.625934	.000000
4.7269	.624251	.000000
4.73121	.622693	.000000
4.73553	.621115	.000000
4.73986	.619595	.000000
4.74419	.618061	.000000
4.74854	.616622	.000000
4.75289	.615192	.000000
4.75725	.613932	.000000
4.76162	.612698	.000000
4.766	.611558	.000000
4.77038	.610484	.000000
4.77477	.609511	.000000
4.77917	.608561	.000000
4.78358	.607661	.000000
4.788	.606712	.000000
4.79243	.605832	.000000
4.79686	.604870	.000000
4.8013	.603866	.000000
4.80575	.602813	.000000
4.81021	.601732	.000000
4.81467	.600495	.000000
4.81915	.599284	.000000
4.82363	.597938	.000000
4.82812	.596613	.000000
4.83262	.595220	.000000
4.83713	.593856	.000000
4.84165	.592432	.000000
4.84617	.590955	.000000
4.85071	.589415	.000000
4.85525	.587918	.000000
4.8598	.586324	.000000
4.86436	.584740	.000000
4.86892	.583044	.000000
4.8735	.581431	.000000
4.87809	.579792	.000000
4.88268	.578148	.000000
4.88728	.576494	.000000
4.89189	.574835	.000000
4.89651	.573095	.000000
4.90114	.571449	.000000
4.90577	.569673	.000000
4.91042	.567872	.000000
4.91507	.566039	.000000
4.91974	.564254	.000000
4.92441	.562432	.000000
4.92909	.560685	.000000
4.93378	.558904	.000000
4.93848	.557172	.000000
4.94319	.555426	.000000
4.9479	.553682	.000000
4.95263	.551890	.000000
4.95736	.550157	.000000
4.96211	.548341	.000000
4.96686	.546512	.000000
4.97162	.544622	.000000
4.97639	.542756	.000000
4.98117	.540790	.000000
4.98596	.538850	.000000
4.99076	.536818	.000000
4.99557	.534789	.000000
5.00039	.532660	.000000
5.00522	.530576	.000000
5.01005	.528415	.000000
5.0149	.526281	.000000
5.01975	.524117	.000000
5.02462	.522029	.000000
5.02949	.519962	.000000
5.03437	.517922	.000000
5.03926	.515879	.000000
5.04417	.513994	.000000
5.04908	.512156	.000000
5.054	.510406	.000000
5.05893	.508659	.000000
5.06387	.507062	.000000
5.06882	.505508	.000000
5.07378	.504021	.000000
5.07875	.502501	.000000
5.08373	.501035	.000000
5.08872	.499552	.000000
5.09371	.498101	.000000
5.09872	.496520	.000000
5.10374	.494887	.000000
5.10877	.493130	.000000
5.11381	.491267	.000000
5.11886	.489250	.000000
5.12391	.487210	.000000
5.12898	.485065	.000000
5.13406	.482933	.000000
5.13915	.480677	.000000
5.14425	.478425	.000000
5.14936	.476135	.000000
5.15447	.473885	.000000
5.1596	.471659	.000000
5.16474	.469510	.000000
5.16989	.467371	.000000
5.17505	.465310	.000000
5.18022	.463243	.000000
5.1854	.461303	.000000
5.19059	.459328	.000000
5.19579	.457370	.000000
5.201	.455452	.000000
5.20622	.453569	.000000
5.21146	.451609	.000000
5.2167	.449706	.000000
5.22195	.447777	.000000
5.22722	.445891	.000000
5.23249	.443975	.000000
5.23778	.442046	.000000
5.24307	.439987	.000000
5.24838	.437876	.000000
5.2537	.435675	.000000
5.25903	.433480	.000000
5.26437	.431195	.000000
5.26971	.428906	.000000
5.27508	.426580	.000000
5.28045	.424289	.000000
5.28583	.421966	.000000
5.29122	.419790	.000000
5.29663	.417706	.000000
5.30204	.415762	.000000
5.30747	.413883	.000000
5.31291	.412204	.000000
5.31836	.410581	.000000
5.32382	.409048	.000000
5.32929	.407553	.000000
5.33477	.406068	.000000
5.34027	.404495	.000000
5.34577	.402825	.000000
5.35129	.400983	.000000
5.35682	.399075	.000000
5.36235	.396991	.000000
5.36791	.394788	.000000
5.37347	.392466	.000000
5.37904	.390132	.000000
5.38463	.387778	.000000
5.39023	.385476	.000000
5.39583	.383239	.000000
5.40146	.381179	.000000
5.40709	.379182	.000000
5.41273	.377393	.000000
5.41839	.375801	.000000
5.42406	.374459	.000000
5.42974	.373303	.000000
5.43543	.372377	.000000
5.44113	.371631	.000000
5.44685	.371115	.000000
5.45257	.370731	.000000
5.45831	.370494	.000000
5.46406	.370452	.000000
5.46983	.370598	.000000
5.4756	.370842	.000000
5.48139	.371237	.000000
5.48719	.371692	.000000
5.49301	.372240	.000000
5.49883	.372819	.000000
5.50467	.373530	.000000
5.51052	.374274	.000000
5.51638	.375097	.000000
5.52225	.375954	.000000
5.52814	.376909	.000000
5.53404	.377796	.000000
5.53995	.378694	.000000
5.54588	.379523	.000000
5.55181	.380329	.000000
5.55777	.381033	.000000
5.56373	.381676	.000000
5.5697	.382130	.000000
5.57569	.382526	.000000
5.5817	.382773	.000000
5.58771	.382871	.000000
5.59374	.382725	.000000
5.59978	.382493	.000000
5.60583	.382075	.000000
5.6119	.381578	.000000
5.61798	.380859	.000000
5.62407	.380022	.000000
5.63018	.379014	.000000
5.6363	.377898	.000000
5.64243	.376652	.000000
5.64858	.375376	.000000
5.65474	.373988	.000000
5.66091	.372674	.000000
5.6671	.371257	.000000
5.6733	.369927	.000000
5.67951	.368564	.000000
5.68574	.367268	.000000
5.69198	.365872	.000000
5.69824	.364501	.000000
5.7045	.362993	.000000
5.71079	.361513	.000000
5.71708	.359882	.000000
5.72339	.358247	.000000
5.72972	.356466	.000000
5.73605	.354703	.000000
5.74241	.352780	.000000
5.74877	.350788	.000000
5.75515	.348676	.000000
5.76155	.346614	.000000
5.76796	.344347	.000000
5.77438	.342067	.000000
5.78082	.339654	.000000
5.78727	.337241	.000000
5.79373	.334738	.000000
5.80022	.332212	.000000
5.80671	.329609	.000000
5.81322	.327093	.000000
5.81974	.324445	.000000
5.82628	.321846	.000000
5.83284	.319218	.000000
5.83941	.316604	.000000
5.84599	.313960	.000000
5.85259	.311392	.000000
5.8592	.308722	.000000
5.86583	.306067	.000000
5.87247	.303418	.000000
5.87913	.300868	.000000
5.8858	.298250	.000000
5.89249	.295734	.000000
5.8992	.293058	.000000
5.90591	.290512	.000000
5.91265	.287931	.000000
5.9194	.285393	.000000
5.92616	.282812	.000000
5.93294	.280262	.000000
5.93974	.277637	.000000
5.94655	.275102	.000000
5.95338	.272489	.000000
5.96022	.270008	.000000
5.96708	.267514	.000000
5.97395	.265047	.000000
5.98084	.262667	.000000
5.98775	.260408	.000000
5.99467	.258135	.000000
6.00161	.256075	.000000
6.00856	.254128	.000000
6.01553	.252373	.000000
6.02252	.250773	.000000
6.02952	.249398	.000000
6.03654	.248175	.000000
6.04358	.247223	.000000
6.05063	.246471	.000000
6.0577	.245923	.000000
6.06478	.245380	.000000
6.07188	.245008	.000000
6.079	.244694	.000000
6.08614	.244406	.000000
6.09329	.244040	.000000
6.10046	.243809	.000000
6.10764	.243456	.000000
6.11485	.243085	.000000
6.12206	.242623	.000000
6.1293	.242133	.000000
6.13655	.241649	.000000
6.14382	.241226	.000000
6.15111	.240748	.000000
6.15842	.240343	.000000
6.16574	.239983	.000000
6.17308	.239739	.000000
6.18044	.239597	.000000
6.18781	.239610	.000000
6.19521	.239549	.000000
6.20262	.239510	.000000
6.21004	.239515	.000000
6.21749	.239545	.000000
6.22495	.239554	.000000
6.23244	.239563	.000000
6.23994	.239504	.000000
6.24745	.239449	.000000
6.25499	.239332	.000000
6.26254	.239196	.000000
6.27012	.239009	.000000
6.27771	.238747	.000000
6.28532	.238436	.000000
6.29295	.238100	.000000
6.30059	.237786	.000000
6.30826	.237561	.000000
6.31594	.237404	.000000
6.32364	.237381	.000000
6.33136	.237431	.000000
6.3391	.237620	.000000
6.34686	.238067	.000000
6.35464	.238608	.000000
6.36243	.239175	.000000
6.37025	.239900	.000000
6.37809	.240628	.000000
6.38594	.241326	.000000
6.39382	.241934	.000000
6.40171	.242398	.000000
6.40962	.242800	.000000
6.41755	.243087	.000000
6.42551	.242989	.000000
6.43348	.242732	.000000
6.44147	.242348	.000000
6.44948	.241804	.000000
6.45751	.241099	.000000
6.46557	.240345	.000000
6.47364	.239567	.000000
6.48173	.238819	.000000
6.48984	.238168	.000000
6.49798	.237596	.000000
6.50613	.237036	.000000
6.5143	.236539	.000000
6.5225	.236101	.000000
6.53071	.235680	.000000
6.53895	.235175	.000000
6.5472	.234556	.000000
6.55548	.233908	.000000
6.56378	.233258	.000000
6.5721	.232519	.000000
6.58044	.231746	.000000
6.58879	.230937	.000000
6.59718	.230094	.000000
6.60558	.229270	.000000
6.61401	.228531	.000000
6.62245	.227842	.000000
6.63092	.227318	.000000
6.63941	.226811	.000000
6.64792	.226357	.000000
6.65646	.225982	.000000
6.66501	.225734	.000000
6.67359	.225566	.000000
6.68219	.225463	.000000
6.69081	.225326	.000000
6.69946	.225158	.000000
6.70813	.224962	.000000
6.71681	.224733	.000000
6.72553	.224371	.000000
6.73426	.223903	.000000
6.74302	.223319	.000000
6.7518	.222702	.000000
6.7606	.221950	.000000
6.76943	.221163	.000000
6.77828	.220319	.000000
6.78715	.219428	.000000
6.79604	.218501	.000000
6.80496	.217640	.000000
6.8139	.216886	.000000
6.82287	.216308	.000000
6.83186	.215776	.000000
6.84087	.215297	.000000
6.8499	.214924	.000000
6.85896	.214645	.000000
6.86805	.214360	.000000
6.87716	.214089	.000000
6.88629	.213793	.000000
6.89545	.213516	.000000
6.90463	.213176	.000000
6.91384	.212821	.000000
6.92307	.212360	.000000
6.93232	.211850	.000000
6.9416	.211236	.000000
6.95091	.210553	.000000
6.96024	.209802	.000000
6.96959	.208993	.000000
6.97897	.208092	.000000
6.98838	.207153	.000000
6.99781	.206150	.000000
7.00727	.205161	.000000
7.01675	.204103	.000000
7.02626	.203016	.000000
7.03579	.201908	.000000
7.04535	.200832	.000000
7.05494	.199704	.000000
7.06455	.198565	.000000
7.07418	.197390	.000000
7.08385	.196302	.000000
7.09354	.195188	.000000
7.10325	.194113	.000000
7.113	.192989	.000000
7.12277	.191816	.000000
7.13257	.190560	.000000
7.14239	.189309	.000000
7.15224	.187968	.000000
7.16212	.186578	.000000
7.17202	.185073	.000000
7.18196	.183485	.000000
7.19192	.181828	.000000
7.20191	.180121	.000000
7.21193	.178349	.000000
7.22197	.176620	.000000
7.23204	.174809	.000000
7.24215	.173004	.000000
7.25227	.171275	.000000
7.26243	.169588	.000000
7.27262	.167844	.000000
7.28283	.166109	.000000
7.29307	.164300	.000000
7.30334	.162510	.000000
7.31364	.160635	.000000
7.32397	.158744	.000000
7.33433	.156793	.000000
7.34472	.154837	.000000
7.35514	.152758	.000000
7.36559	.150665	.000000
7.37606	.148476	.000000
7.38657	.146290	.000000
7.39711	.144076	.000000
7.40767	.141880	.000000
7.41827	.139615	.000000
7.4289	.137420	.000000
7.43956	.135206	.000000
7.45024	.133017	.000000
7.46096	.130796	.000000
7.47171	.128612	.000000
7.4825	.126371	.000000
7.49331	.124191	.000000
7.50416	.121957	.000000
7.51503	.119773	.000000
7.52594	.117582	.000000
7.53688	.115480	.000000
7.54785	.113301	.000000
7.55885	.111103	.000000
7.56988	.108911	.000000
7.58095	.106761	.000000
7.59205	.104499	.000000
7.60318	.102290	.000000
7.61435	.100052	.000000
7.62554	.097776	.000000
7.63677	.095367	.000000
7.64804	.092954	.000000
7.65933	.090432	.000000
7.67066	.087915	.000000
7.68203	.085279	.000000
7.69342	.082620	.000000
7.70485	.079871	.000000
7.71632	.077161	.000000
7.72782	.074395	.000000
7.73936	.071703	.000000
7.75093	.068972	.000000
7.76253	.066258	.000000
7.77417	.063513	.000000
7.78584	.060861	.000000
7.79755	.058156	.000000
7.80929	.055501	.000000
7.82107	.052828	.000000
7.83288	.050232	.000000
7.84473	.047601	.000000
7.85662	.045031	.000000
7.86854	.042456	.000000
7.8805	.040032	.000000
7.89249	.037646	.000000
7.90452	.035335	.000000
7.91659	.033020	.000000
7.92869	.030858	.000000
7.94084	.028739	.000000
7.95301	.026775	.000000
7.96523	.024893	.000000
7.97748	.023191	.000000
7.98978	.021554	.000000
8.00211	.020076	.000000
8.01448	.018662	.000000
8.02688	.017515	.000000
8.03933	.016390	.000000
8.05181	.015455	.000000
8.06433	.014624	.000000
8.07689	.013994	.000000
8.08949	.013513	.000000
8.10213	.013297	.000000
8.11481	.013201	.000000
8.12753	.013345	.000000
8.14029	.013724	.000000
8.15309	.014454	.000000
8.16593	.015324	.000000
8.17881	.016578	.000000
8.19173	.018167	.000000
8.20469	.020142	.000000
8.21769	.022391	.000000
8.23073	.025044	.000000
8.24382	.027984	.000000
8.25695	.031285	.000000
8.27012	.034801	.000000
8.28332	.038555	.000000
8.29658	.042419	.000000
8.30987	.046406	.000000
8.32321	.050243	.000000
8.33659	.053852	.000000
8.35002	.057107	.000000
8.36348	.060054	.000000
8.37699	.062533	.000000
8.39055	.064684	.000000
8.40415	.066474	.000000
8.41779	.067917	.000000
8.43148	.068811	.000000
8.44521	.069168	.000000
8.45898	.068930	.000000
8.47281	.068281	.000000
8.48668	.067320	.000000
8.50059	.066439	.000000
8.51455	.065669	.000000
8.52855	.065074	.000000
8.5426	.064630	.000000
8.5567	.064418	.000000
8.57084	.064226	.000000
8.58503	.064083	.000000
8.59927	.063853	.000000
8.61355	.063550	.000000
8.62788	.063163	.000000
8.64226	.062781	.000000
8.65669	.062363	.000000
8.67116	.061951	.000000
8.68569	.061460	.000000
8.70026	.060968	.000000
8.71488	.060438	.000000
8.72955	.059926	.000000
8.74427	.059265	.000000
8.75904	.058563	.000000
8.77386	.057828	.000000
8.78873	.057149	.000000
8.80366	.056355	.000000
8.81863	.055599	.000000
8.83365	.054903	.000000
8.84872	.054332	.000000
8.86385	.053731	.000000
8.87903	.053234	.000000
8.89426	.052695	.000000
8.90954	.052130	.000000
8.92488	.051476	.000000
8.94027	.050773	.000000
8.95571	.050103	.000000
8.9712	.049480	.000000
8.98675	.048756	.000000
9.00235	.048085	.000000
9.018	.047354	.000000
9.03371	.046591	.000000
9.04948	.045669	.000000
9.0653	.044630	.000000
9.08118	.043427	.000000
9.0971	.042169	.000000
9.11309	.040813	.000000
9.12914	.039455	.000000
9.14524	.038038	.000000
9.16139	.036721	.000000
9.17761	.035429	.000000
9.19388	.034393	.000000
9.21021	.033609	.000000
9.2266	.033123	.000000
9.24304	.032763	.000000
9.25955	.032527	.000000
9.27611	.032292	.000000
9.29273	.032329	.000000
9.30942	.032517	.000000
9.32617	.032822	.000000
9.34297	.033229	.000000
9.35983	.033814	.000000
9.37676	.034485	.000000
9.39375	.035390	.000000
9.41079	.036425	.000000
9.42791	.037696	.000000
9.44508	.039171	.000000
9.46231	.040882	.000000
9.47961	.042744	.000000
9.49697	.044828	.000000
9.5144	.046969	.000000
9.53188	.049168	.000000
9.54944	.051191	.000000
9.56705	.053074	.000000
9.58474	.054672	.000000
9.60249	.056028	.000000
9.6203	.057070	.000000
9.63818	.057924	.000000
9.65613	.058456	.000000
9.67415	.058729	.000000
9.69223	.058692	.000000
9.71038	.058471	.000000
9.7286	.057996	.000000
9.74689	.057392	.000000
9.76524	.056743	.000000
9.78367	.056120	.000000
9.80216	.055385	.000000
9.82072	.054729	.000000
9.83936	.054123	.000000
9.85806	.053711	.000000
9.87684	.053414	.000000
9.89569	.053205	.000000
9.91461	.053070	.000000
9.9336	.053233	.000000
9.95267	.053622	.000000
9.97181	.054241	.000000
9.99103	.054912	.000000
10.01031	.055736	.000000
10.02968	.056712	.000000
10.04911	.057901	.000000
10.06863	.059134	.000000
10.08822	.060398	.000000
10.10788	.061395	.000000
10.12763	.062199	.000000
10.14745	.062652	.000000
10.16734	.062836	.000000
10.18732	.062949	.000000
10.20737	.063221	.000000
10.2275	.063836	.000000
10.24771	.065015	.000000
10.268	.066666	.000000
10.28838	.068717	.000000
10.30883	.070798	.000000
10.32937	.072830	.000000
10.34998	.074628	.000000
10.37069	.076366	.000000
10.39147	.078179	.000000
10.41234	.079902	.000000
10.43329	.081240	.000000
10.45432	.082254	.000000
10.47544	.082971	.000000
10.49665	.083551	.000000
10.51794	.083963	.000000
10.53932	.084278	.000000
10.56079	.084444	.000000
10.58234	.084677	.000000
10.60398	.084983	.000000
10.62571	.085260	.000000
10.64753	.085340	.000000
10.66944	.085403	.000000
10.69144	.085639	.000000
10.71353	.086186	.000000
10.73571	.086746	.000000
10.75799	.087106	.000000
10.78035	.087167	.000000
10.80281	.087073	.000000
10.82536	.086788	.000000
10.848	.086181	.000000
10.87075	.085371	.000000
10.89358	.084529	.000000
10.91652	.083666	.000000
10.93955	.082971	.000000
10.96268	.082225	.000000
10.98591	.081569	.000000
11.00923	.080935	.000000
11.03266	.080477	.000000
11.05618	.080119	.000000
11.0798	.079679	.000000
11.10353	.078990	.000000
11.12736	.078363	.000000
11.15129	.077778	.000000
11.17532	.077235	.000000
11.19946	.076747	.000000
11.2237	.076327	.000000
11.24805	.076084	.000000
11.2725	.076056	.000000
11.29706	.076148	.000000
11.32172	.076520	.000000
11.34649	.076943	.000000
11.37138	.077482	.000000
11.39637	.078084	.000000
11.42147	.078716	.000000
11.44668	.079407	.000000
11.47201	.080174	.000000
11.49745	.080815	.000000
11.523	.081552	.000000
11.54866	.082476	.000000
11.57444	.083550	.000000
11.60033	.084680	.000000
11.62634	.086025	.000000
11.65247	.087361	.000000
11.67872	.088686	.000000
11.70508	.089937	.000000
11.73157	.091117	.000000
11.75817	.092279	.000000
11.78489	.093484	.000000
11.81174	.094668	.000000
11.8387	.095831	.000000
11.86579	.097020	.000000
11.893	.098317	.000000
11.92034	.099751	.000000
11.94781	.101440	.000000
11.9754	.103097	.000000
12.00312	.104714	.000000
12.03097	.106462	.000000
12.05896	.108355	.000000
12.08707	.110037	.000000
12.11531	.111638	.000000
12.14368	.113057	.000000
12.17219	.114223	.000000
12.20083	.114981	.000000
12.2296	.115496	.000000
12.25852	.115714	.000000
12.28757	.115546	.000000
12.31676	.115090	.000000
12.34608	.114188	.000000
12.37555	.112647	.000000
12.40515	.110787	.000000
12.4349	.108278	.000000
12.46478	.105192	.000000
12.49482	.101573	.000000
12.525	.097599	.000000
12.55533	.093495	.000000
12.5858	.089453	.000000
12.61642	.085150	.000000
12.6472	.080488	.000000
12.67813	.075245	.000000
12.7092	.069478	.000000
12.74043	.063208	.000000
12.77181	.056904	.000000
12.80334	.051230	.000000
12.83503	.046718	.000000
12.86688	.043695	.000000
12.8989	.042025	.000000
12.93106	.041253	.000000
12.96339	.041111	.000000
12.99588	.041076	.000000
13.02853	.040963	.000000
13.06135	.040769	.000000
13.09433	.040761	.000000
13.12749	.041046	.000000
13.16081	.041537	.000000
13.1943	.041728	.000000
13.22796	.041778	.000000
13.26179	.041674	.000000
13.29579	.041567	.000000
13.32997	.041327	.000000
13.36432	.041140	.000000
13.39885	.040867	.000000
13.43356	.040342	.000000
13.46846	.039590	.000000
13.50353	.038748	.000000
13.53879	.037700	.000000
13.57423	.036928	.000000
13.60986	.036545	.000000
13.64568	.036632	.000000
13.68169	.037135	.000000
13.71788	.038079	.000000
13.75427	.038947	.000000
13.79085	.039682	.000000
13.82763	.040233	.000000
13.8646	.040900	.000000
13.90177	.041676	.000000
13.93915	.042260	.000000
13.97672	.042373	.000000
14.01449	.041970	.000000
14.05247	.041220	.000000
14.09066	.040235	.000000
14.12904	.038882	.000000
14.16764	.037513	.000000
14.20646	.036089	.000000
14.24549	.034629	.000000
14.28473	.033353	.000000
14.3242	.032584	.000000
14.36388	.031821	.000000
14.40378	.031119	.000000
14.4439	.030659	.000000
14.48425	.030476	.000000
14.52482	.030258	.000000
14.56562	.030012	.000000
14.60665	.029567	.000000
14.64792	.029090	.000000
14.68942	.028488	.000000
14.73115	.028142	.000000
14.77312	.027887	.000000
14.81533	.027996	.000000
14.85778	.028353	.000000
14.90048	.029064	.000000
14.94342	.030077	.000000
14.98659	.031237	.000000
15.03003	.032427	.000000
15.07372	.033700	.000000
15.11767	.034735	.000000
15.16187	.035989	.000000
15.20634	.037560	.000000
15.25106	.039627	.000000
15.29606	.042498	.000000
15.34131	.046001	.000000
15.38684	.049846	.000000
15.43263	.053924	.000000
15.4787	.057831	.000000
15.52504	.061179	.000000
15.57167	.063527	.000000
15.61858	.064970	.000000
15.66576	.065562	.000000
15.71324	.065706	.000000
15.761	.065685	.000000
15.80905	.065600	.000000
15.8574	.065441	.000000
15.90604	.065486	.000000
15.95496	.065266	.000000
16.00421	.064647	.000000
16.05376	.063620	.000000
16.10362	.061994	.000000
16.15378	.059834	.000000
16.20426	.058097	.000000
16.25506	.057120	.000000
16.30619	.057103	.000000
16.35763	.057658	.000000
16.40939	.058812	.000000
16.46149	.059989	.000000
16.51391	.061199	.000000
16.56667	.062365	.000000
16.61977	.063261	.000000
16.67322	.064000	.000000
16.72701	.065262	.000000
16.78114	.067132	.000000
16.83563	.069817	.000000
16.89046	.072440	.000000
16.94566	.074735	.000000
17.00122	.075930	.000000
17.05716	.075910	.000000
17.11345	.074788	.000000
17.17012	.073229	.000000
17.22716	.070853	.000000
17.28459	.068200	.000000
17.3424	.065656	.000000
17.4006	.063653	.000000
17.45916	.062559	.000000
17.51815	.062613	.000000
17.57753	.063167	.000000
17.63732	.063620	.000000
17.69752	.063932	.000000
17.75813	.063683	.000000
17.81915	.062574	.000000
17.88061	.061798	.000000
17.94248	.061124	.000000
18.00478	.061371	.000000
18.06752	.061789	.000000
18.13069	.062563	.000000
18.19431	.064313	.000000
18.25837	.066766	.000000
18.3229	.068989	.000000
18.38788	.070705	.000000
18.45331	.071363	.000000
18.51922	.071880	.000000
18.5856	.071945	.000000
18.65245	.071197	.000000
18.71979	.070097	.000000
18.78759	.069211	.000000
18.85591	.068259	.000000
18.92473	.067441	.000000
18.99405	.066792	.000000
19.06388	.066938	.000000
19.13423	.066511	.000000
19.2051	.066474	.000000
19.27651	.067008	.000000
19.34844	.067234	.000000
19.4209	.066881	.000000
19.49392	.066883	.000000
19.56748	.067592	.000000
19.6416	.069153	.000000
19.71628	.070315	.000000
19.79152	.070493	.000000
19.86735	.068989	.000000
19.94376	.067322	.000000
20.0208	.064950	.000000
20.0984	.060983	.000000
20.17661	.057159	.000000
20.25542	.053238	.000000
20.33486	.050116	.000000
20.41491	.048490	.000000
20.49561	.048277	.000000
20.57694	.048531	.000000
20.65892	.049510	.000000
20.74155	.050563	.000000
20.82485	.050260	.000000
20.90882	.050241	.000000
20.99347	.049896	.000000
21.07881	.050188	.000000
21.16485	.050753	.000000
21.25159	.051570	.000000
21.33905	.051306	.000000
21.42722	.051858	.000000
21.51613	.052457	.000000
21.60579	.052970	.000000
21.69619	.053085	.000000
21.78735	.053052	.000000
21.87928	.052385	.000000
21.97199	.051827	.000000
22.06548	.051483	.000000
22.15978	.051679	.000000
22.25489	.051104	.000000
22.35081	.050044	.000000
22.44757	.048043	.000000
22.54517	.046097	.000000
22.64362	.044471	.000000
22.74294	.045068	.000000
22.84313	.046724	.000000
22.9442	.049850	.000000
23.04617	.054262	.000000
23.14906	.058890	.000000
23.25287	.063016	.000000
23.35761	.065883	.000000
23.4633	.067544	.000000
23.56995	.067561	.000000
23.67758	.066472	.000000
23.78619	.065157	.000000
23.8958	.064019	.000000
24.00643	.063160	.000000
24.11809	.062007	.000000
24.23079	.060494	.000000
24.3445	.059010	.000000
24.45933	.058269	.000000
24.57525	.057659	.000000
24.69227	.057031	.000000
24.81042	.056335	.000000
24.9297	.056109	.000000
25.05013	.056652	.000000
25.17173	.058044	.000000
25.29452	.059594	.000000
25.41852	.062204	.000000
25.54373	.063531	.000000
25.67018	.064244	.000000
25.7979	.065846	.000000
25.92689	.068632	.000000
26.05717	.070607	.000000
26.18878	.071607	.000000
26.32171	.072133	.000000
26.45601	.072531	.000000
26.59168	.072000	.000000
26.72875	.070557	.000000
26.86724	.069037	.000000
27.00717	.068198	.000000
27.14857	.067742	.000000
27.29146	.067738	.000000
27.43586	.067053	.000000
27.58179	.065722	.000000
27.72929	.064438	.000000
27.87837	.063572	.000000
28.02907	.063494	.000000
28.1814	.064446	.000000
28.33539	.065704	.000000
28.49108	.066199	.000000
28.64849	.066750	.000000
28.80765	.068034	.000000
28.96859	.068507	.000000
29.13133	.068911	.000000
29.29592	.069484	.000000
29.46237	.070419	.000000
29.63073	.070907	.000000
29.80102	.070753	.000000
29.97328	.069029	.000000
30.14754	.067276	.000000
30.32384	.066160	.000000
30.50222	.064784	.000000
30.68271	.062731	.000000
30.86534	.060434	.000000
31.05016	.059367	.000000
31.23721	.059208	.000000
31.42653	.058265	.000000
31.61815	.057996	.000000
31.81213	.057325	.000000
32.0085	.056948	.000000
32.20731	.058341	.000000
32.40861	.062138	.000000
32.61244	.066066	.000000
32.81884	.070064	.000000
33.02788	.073262	.000000
33.2396	.073994	.000000
33.45405	.074541	.000000
33.67128	.076244	.000000
33.89136	.077855	.000000
34.11432	.076924	.000000
34.34025	.073761	.000000
34.56918	.070884	.000000
34.80119	.068067	.000000
35.03633	.065477	.000000
35.27468	.064130	.000000
35.51629	.065039	.000000
35.76123	.065504	.000000
36.00957	.065063	.000000
36.26138	.063889	.000000
36.51674	.062862	.000000
36.77573	.061007	.000000
37.03841	.059089	.000000
37.30488	.056604	.000000
37.5752	.053512	.000000
37.84947	.049246	.000000
38.12777	.046142	.000000
38.4102	.043202	.000000
38.69684	.041578	.000000
38.9878	.041085	.000000
39.28316	.039976	.000000
39.58303	.040708	.000000
39.88752	.044992	.000000
40.19672	.048832	.000000
40.51076	.053127	.000000
40.82974	.058254	.000000
41.15379	.061177	.000000
41.48302	.062812	.000000
41.81756	.065996	.000000
42.15754	.067431	.000000
42.50309	.067915	.000000
42.85436	.070600	.000000
43.21148	.070927	.000000
43.5746	.068540	.000000
43.94388	.070042	.000000
44.31946	.068000	.000000
44.70153	.065554	.000000
45.09024	.065695	.000000
45.48577	.064361	.000000
45.88829	.063306	.000000
46.29801	.066059	.000000
46.71511	.068224	.000000
47.13979	.066426	.000000
47.57227	.068126	.000000
48.01275	.072941	.000000
48.46147	.071718	.000000
48.91865	.073469	.000000
49.38455	.077417	.000000
49.8594	.071851	.000000
50.34347	.068564	.000000
50.83703	.069809	.000000
51.34037	.069510	.000000
51.85377	.070162	.000000
52.37755	.072882	.000000
52.91202	.073785	.000000
53.4575	.072278	.000000
54.01435	.069109	.000000
54.58292	.071060	.000000
55.16359	.071574	.000000
55.75675	.068381	.000000
56.3628	.065981	.000000
56.98217	.068946	.000000
57.61531	.069658	.000000
58.26267	.070678	.000000
58.92474	.070199	.000000
59.60204	.068052	.000000
60.29509	.069981	.000000
61.00445	.070868	.000000
61.73069	.072882	.000000
62.47443	.070984	.000000
63.23631	.071956	.000000
64.01701	.070428	.000000
64.81722	.076412	.000000
65.6377	.087995	.000000
66.4792	.086559	.000000
67.34256	.077327	.000000
68.22865	.083930	.000000
69.13838	.083245	.000000
70.07267	.085026	.000000
71.03257	.098127	.000000
72.01913	.095829	.000000
73.03348	.085698	.000000
74.07682	.091226	.000000
75.1504	.098596	.000000
76.25555	.105710	.000000
77.39369	.097763	.000000
78.56632	.079609	.000000
79.77503	.072076	.000000
81.02152	.067670	.000000
82.30759	.056242	.000000
83.63513	.034629	.000000
85.0062	.050358	.000000
86.42296	.080889	.000000
87.88776	.086097	.000000
89.40305	.069177	.000000
90.97155	.054361	.000000
92.59603	.066620	.000000
94.27959	.085375	.000000
96.02551	.077327	.000000
97.83731	.077327	.000000
99.7188	.099182	.000000
