Brown University Keck/NASA Relab Spectrum KY-S1S-002/BKR0KY002
Wavelength(micron)	Reflectance	Standard Deviation
0.3	.377008	.003741
0.305	.419001	.003690
0.31	.458851	.003541
0.315	.497638	.003802
0.32	.526726	.003817
0.325	.552948	.004123
0.33	.574122	.004048
0.335	.596688	.004057
0.34	.613839	.003926
0.345	.632773	.004474
0.35	.645328	.004492
0.355	.659614	.004591
0.36	.671764	.004606
0.365	.683446	.004573
0.37	.692429	.004611
0.375	.701457	.004597
0.38	.709464	.004605
0.385	.718765	.004592
0.39	.726832	.004747
0.395	.735685	.004792
0.4	.743174	.004833
0.405	.750203	.004840
0.41	.756145	.004834
0.415	.761661	.004771
0.42	.766563	.004718
0.425	.772188	.004606
0.43	.776578	.004623
0.435	.782239	.004544
0.44	.786555	.004403
0.445	.791804	.004245
0.45	.795680	.004174
0.455	.800607	.004179
0.46	.804520	.004232
0.465	.809018	.004350
0.47	.812109	.004471
0.475	.816160	.004586
0.48	.818889	.004492
0.485	.822675	.004479
0.49	.825660	.004393
0.495	.829574	.004392
0.5	.832475	.004378
0.505	.836237	.004421
0.51	.838696	.004348
0.515	.842108	.004336
0.52	.844173	.004296
0.525	.847202	.004275
0.53	.849053	.004271
0.535	.851786	.004311
0.54	.853338	.004301
0.545	.855585	.004327
0.55	.856702	.004363
0.555	.858646	.004331
0.56	.859697	.004370
0.565	.861726	.004418
0.57	.862580	.004438
0.575	.864512	.004418
0.58	.865361	.004488
0.585	.867042	.004491
0.59	.867653	.004419
0.595	.869190	.004421
0.6	.869637	.004412
0.605	.870955	.004420
0.61	.871316	.004384
0.615	.872767	.004470
0.62	.873036	.004446
0.625	.874476	.004496
0.63	.874834	.004465
0.635	.875968	.004507
0.64	.876162	.004469
0.645	.877378	.004517
0.65	.877738	.004498
0.655	.879052	.004550
0.66	.879450	.004557
0.665	.880810	.004565
0.67	.881018	.004535
0.675	.882214	.004504
0.68	.882289	.004486
0.685	.883277	.004466
0.69	.883272	.004473
0.695	.884218	.004410
0.7	.884192	.004444
0.705	.885100	.004380
0.71	.885267	.004390
0.715	.886169	.004384
0.72	.886117	.004457
0.725	.887040	.004482
0.73	.886991	.004514
0.735	.887736	.004593
0.74	.887710	.004563
0.745	.888792	.004597
0.75	.888658	.004575
0.755	.889434	.004572
0.76	.889189	.004528
0.765	.889650	.004576
0.77	.889269	.004602
0.775	.889759	.004625
0.78	.889271	.004685
0.785	.889873	.004666
0.79	.889516	.004723
0.795	.889949	.004695
0.8	.889448	.004723
0.805	.889712	.004695
0.81	.889328	.004715
0.815	.889489	.004682
0.82	.888894	.004706
0.825	.889142	.004694
0.83	.888617	.004701
0.835	.888889	.004693
0.84	.888276	.004715
0.845	.888464	.004725
0.85	.887948	.004730
0.855	.888064	.004734
0.86	.887324	.004638
0.865	.887401	.004636
0.87	.887070	.004636
0.875	.887005	.004594
0.88	.886115	.004692
0.885	.886339	.004964
0.89	.885496	.005326
0.895	.884836	.005742
0.89815	.883568	.000000
0.89831	.883082	.000000
0.89846	.883100	.000000
0.89862	.882498	.000000
0.89878	.882404	.000000
0.89893	.882837	.000000
0.89909	.883017	.000000
0.89924	.883470	.000000
0.8994	.882835	.000000
0.89956	.882442	.000000
0.89971	.882402	.000000
0.89987	.882056	.000000
0.90002	.881929	.000000
0.90018	.881892	.000000
0.90034	.882085	.000000
0.90049	.882480	.000000
0.90065	.883091	.000000
0.90081	.883793	.000000
0.90096	.883857	.000000
0.90112	.882724	.000000
0.90128	.881741	.000000
0.90143	.882298	.000000
0.90159	.882480	.000000
0.90175	.882474	.000000
0.9019	.882644	.000000
0.90206	.882736	.000000
0.90222	.882769	.000000
0.90237	.882766	.000000
0.90253	.882083	.000000
0.90269	.881468	.000000
0.90284	.881559	.000000
0.903	.881650	.000000
0.90316	.882182	.000000
0.90332	.882513	.000000
0.90347	.882214	.000000
0.90363	.881936	.000000
0.90379	.881558	.000000
0.90395	.881941	.000000
0.9041	.882091	.000000
0.90426	.881805	.000000
0.90442	.881594	.000000
0.90458	.881507	.000000
0.90474	.881920	.000000
0.90489	.881414	.000000
0.90505	.880762	.000000
0.90521	.881585	.000000
0.90537	.881994	.000000
0.90553	.881907	.000000
0.90568	.882283	.000000
0.90584	.882451	.000000
0.906	.881650	.000000
0.90616	.881719	.000000
0.90632	.881865	.000000
0.90648	.881854	.000000
0.90663	.882147	.000000
0.90679	.881310	.000000
0.90695	.880722	.000000
0.90711	.880957	.000000
0.90727	.881105	.000000
0.90743	.881326	.000000
0.90759	.881592	.000000
0.90774	.881749	.000000
0.9079	.881476	.000000
0.90806	.881137	.000000
0.90822	.881061	.000000
0.90838	.881527	.000000
0.90854	.881716	.000000
0.9087	.882424	.000000
0.90886	.882778	.000000
0.90902	.882112	.000000
0.90918	.881941	.000000
0.90934	.881769	.000000
0.9095	.882054	.000000
0.90966	.882129	.000000
0.90982	.881548	.000000
0.90998	.881632	.000000
0.91013	.881208	.000000
0.91029	.880913	.000000
0.91045	.881579	.000000
0.91061	.881063	.000000
0.91077	.880300	.000000
0.91093	.880422	.000000
0.91109	.880884	.000000
0.91125	.881001	.000000
0.91141	.880732	.000000
0.91158	.880746	.000000
0.91174	.880555	.000000
0.9119	.879957	.000000
0.91206	.880324	.000000
0.91222	.880841	.000000
0.91238	.880337	.000000
0.91254	.880153	.000000
0.9127	.880089	.000000
0.91286	.879627	.000000
0.91302	.880524	.000000
0.91318	.881268	.000000
0.91334	.880733	.000000
0.9135	.880173	.000000
0.91366	.879380	.000000
0.91382	.879558	.000000
0.91399	.879971	.000000
0.91415	.879696	.000000
0.91431	.879742	.000000
0.91447	.880357	.000000
0.91463	.880129	.000000
0.91479	.879454	.000000
0.91495	.880140	.000000
0.91511	.881123	.000000
0.91528	.881870	.000000
0.91544	.881259	.000000
0.9156	.880302	.000000
0.91576	.880559	.000000
0.91592	.880873	.000000
0.91608	.881172	.000000
0.91625	.881034	.000000
0.91641	.880539	.000000
0.91657	.879975	.000000
0.91673	.879640	.000000
0.91689	.879411	.000000
0.91706	.879525	.000000
0.91722	.880160	.000000
0.91738	.880415	.000000
0.91754	.880033	.000000
0.91771	.879174	.000000
0.91787	.879343	.000000
0.91803	.880351	.000000
0.91819	.880204	.000000
0.91836	.880029	.000000
0.91852	.880202	.000000
0.91868	.879798	.000000
0.91884	.879365	.000000
0.91901	.879360	.000000
0.91917	.879782	.000000
0.91933	.880262	.000000
0.9195	.880399	.000000
0.91966	.880521	.000000
0.91982	.879871	.000000
0.91999	.879196	.000000
0.92015	.879234	.000000
0.92031	.878874	.000000
0.92048	.878976	.000000
0.92064	.879402	.000000
0.9208	.879165	.000000
0.92097	.879625	.000000
0.92113	.880326	.000000
0.92129	.880511	.000000
0.92146	.880197	.000000
0.92162	.879504	.000000
0.92179	.879402	.000000
0.92195	.879469	.000000
0.92211	.879602	.000000
0.92228	.879835	.000000
0.92244	.879376	.000000
0.92261	.878945	.000000
0.92277	.879054	.000000
0.92293	.879425	.000000
0.9231	.880184	.000000
0.92326	.880233	.000000
0.92343	.879560	.000000
0.92359	.879234	.000000
0.92376	.879898	.000000
0.92392	.879900	.000000
0.92409	.879323	.000000
0.92425	.879089	.000000
0.92441	.879516	.000000
0.92458	.879476	.000000
0.92474	.878845	.000000
0.92491	.879300	.000000
0.92507	.879876	.000000
0.92524	.879393	.000000
0.9254	.878847	.000000
0.92557	.878337	.000000
0.92574	.878758	.000000
0.9259	.879305	.000000
0.92607	.879540	.000000
0.92623	.879836	.000000
0.9264	.879664	.000000
0.92656	.878368	.000000
0.92673	.877906	.000000
0.92689	.878867	.000000
0.92706	.879609	.000000
0.92723	.879280	.000000
0.92739	.879302	.000000
0.92756	.879141	.000000
0.92772	.878610	.000000
0.92789	.877850	.000000
0.92805	.877864	.000000
0.92822	.878356	.000000
0.92839	.879433	.000000
0.92855	.879525	.000000
0.92872	.878756	.000000
0.92889	.878590	.000000
0.92905	.878663	.000000
0.92922	.879196	.000000
0.92939	.879049	.000000
0.92955	.878543	.000000
0.92972	.878547	.000000
0.92989	.879127	.000000
0.93005	.878898	.000000
0.93022	.878035	.000000
0.93039	.878920	.000000
0.93055	.879534	.000000
0.93072	.878994	.000000
0.93089	.878783	.000000
0.93105	.878934	.000000
0.93122	.878661	.000000
0.93139	.878301	.000000
0.93156	.878035	.000000
0.93172	.878110	.000000
0.93189	.878905	.000000
0.93206	.879158	.000000
0.93223	.878816	.000000
0.93239	.878577	.000000
0.93256	.878723	.000000
0.93273	.878648	.000000
0.9329	.878174	.000000
0.93307	.878497	.000000
0.93323	.879202	.000000
0.9334	.879083	.000000
0.93357	.878594	.000000
0.93374	.878718	.000000
0.93391	.879051	.000000
0.93407	.878674	.000000
0.93424	.878108	.000000
0.93441	.877903	.000000
0.93458	.878654	.000000
0.93475	.878477	.000000
0.93492	.877650	.000000
0.93508	.878075	.000000
0.93525	.878992	.000000
0.93542	.879231	.000000
0.93559	.878981	.000000
0.93576	.878878	.000000
0.93593	.878745	.000000
0.9361	.878525	.000000
0.93627	.877921	.000000
0.93644	.877861	.000000
0.93661	.878416	.000000
0.93677	.878212	.000000
0.93694	.877813	.000000
0.93711	.877684	.000000
0.93728	.878061	.000000
0.93745	.878548	.000000
0.93762	.879156	.000000
0.93779	.878528	.000000
0.93796	.877735	.000000
0.93813	.877842	.000000
0.9383	.878685	.000000
0.93847	.879091	.000000
0.93864	.879080	.000000
0.93881	.878596	.000000
0.93898	.877750	.000000
0.93915	.876982	.000000
0.93932	.877559	.000000
0.93949	.877606	.000000
0.93966	.877382	.000000
0.93983	.877484	.000000
0.94	.877590	.000000
0.94017	.877826	.000000
0.94034	.878185	.000000
0.94051	.877815	.000000
0.94068	.877364	.000000
0.94085	.877806	.000000
0.94102	.878068	.000000
0.9412	.877744	.000000
0.94137	.877299	.000000
0.94154	.877280	.000000
0.94171	.877393	.000000
0.94188	.877106	.000000
0.94205	.876976	.000000
0.94222	.877193	.000000
0.94239	.877409	.000000
0.94256	.877430	.000000
0.94274	.877191	.000000
0.94291	.876809	.000000
0.94308	.876869	.000000
0.94325	.877269	.000000
0.94342	.877366	.000000
0.94359	.877702	.000000
0.94377	.877972	.000000
0.94394	.877615	.000000
0.94411	.877175	.000000
0.94428	.877344	.000000
0.94445	.877277	.000000
0.94463	.877204	.000000
0.9448	.877409	.000000
0.94497	.877821	.000000
0.94514	.877500	.000000
0.94531	.877195	.000000
0.94549	.877175	.000000
0.94566	.877197	.000000
0.94583	.877484	.000000
0.946	.877237	.000000
0.94618	.877149	.000000
0.94635	.876836	.000000
0.94652	.876585	.000000
0.94669	.877182	.000000
0.94687	.877104	.000000
0.94704	.877017	.000000
0.94721	.877355	.000000
0.94739	.877280	.000000
0.94756	.876574	.000000
0.94773	.876542	.000000
0.94791	.877031	.000000
0.94808	.877202	.000000
0.94825	.877033	.000000
0.94843	.876503	.000000
0.9486	.876647	.000000
0.94877	.877077	.000000
0.94895	.876975	.000000
0.94912	.876613	.000000
0.94929	.876729	.000000
0.94947	.877304	.000000
0.94964	.877568	.000000
0.94982	.877349	.000000
0.94999	.876827	.000000
0.95016	.876709	.000000
0.95034	.876895	.000000
0.95051	.877117	.000000
0.95069	.877093	.000000
0.95086	.876622	.000000
0.95104	.876789	.000000
0.95121	.877057	.000000
0.95139	.877222	.000000
0.95156	.877113	.000000
0.95173	.877333	.000000
0.95191	.877619	.000000
0.95208	.877251	.000000
0.95226	.876793	.000000
0.95243	.876835	.000000
0.95261	.876805	.000000
0.95278	.876392	.000000
0.95296	.876846	.000000
0.95313	.877560	.000000
0.95331	.877289	.000000
0.95348	.876538	.000000
0.95366	.876485	.000000
0.95384	.876822	.000000
0.95401	.876838	.000000
0.95419	.877133	.000000
0.95436	.876893	.000000
0.95454	.876553	.000000
0.95471	.876305	.000000
0.95489	.876478	.000000
0.95507	.876676	.000000
0.95524	.876549	.000000
0.95542	.876718	.000000
0.95559	.876836	.000000
0.95577	.876896	.000000
0.95595	.876513	.000000
0.95612	.876347	.000000
0.9563	.876605	.000000
0.95647	.877044	.000000
0.95665	.876962	.000000
0.95683	.876842	.000000
0.957	.876836	.000000
0.95718	.876884	.000000
0.95736	.876798	.000000
0.95753	.876052	.000000
0.95771	.875959	.000000
0.95789	.876316	.000000
0.95807	.876598	.000000
0.95824	.876196	.000000
0.95842	.876267	.000000
0.9586	.876547	.000000
0.95877	.876809	.000000
0.95895	.876825	.000000
0.95913	.876676	.000000
0.95931	.876089	.000000
0.95948	.876061	.000000
0.95966	.876502	.000000
0.95984	.876594	.000000
0.96002	.875980	.000000
0.96019	.876307	.000000
0.96037	.876707	.000000
0.96055	.876285	.000000
0.96073	.875972	.000000
0.96091	.876034	.000000
0.96108	.876001	.000000
0.96126	.876258	.000000
0.96144	.876758	.000000
0.96162	.876782	.000000
0.9618	.876693	.000000
0.96198	.876545	.000000
0.96215	.876291	.000000
0.96233	.876229	.000000
0.96251	.876374	.000000
0.96269	.876314	.000000
0.96287	.876025	.000000
0.96305	.875810	.000000
0.96323	.875785	.000000
0.96341	.875621	.000000
0.96359	.875730	.000000
0.96376	.876254	.000000
0.96394	.876369	.000000
0.96412	.876309	.000000
0.9643	.876187	.000000
0.96448	.876258	.000000
0.96466	.876305	.000000
0.96484	.876205	.000000
0.96502	.876347	.000000
0.9652	.876345	.000000
0.96538	.876425	.000000
0.96556	.876400	.000000
0.96574	.875970	.000000
0.96592	.875987	.000000
0.9661	.876052	.000000
0.96628	.875829	.000000
0.96646	.875843	.000000
0.96664	.875770	.000000
0.96682	.875759	.000000
0.967	.875597	.000000
0.96718	.875419	.000000
0.96736	.875778	.000000
0.96754	.876116	.000000
0.96772	.876060	.000000
0.9679	.876152	.000000
0.96808	.875830	.000000
0.96826	.875756	.000000
0.96844	.875872	.000000
0.96863	.875667	.000000
0.96881	.875315	.000000
0.96899	.875259	.000000
0.96917	.875594	.000000
0.96935	.875845	.000000
0.96953	.876069	.000000
0.96971	.876043	.000000
0.96989	.875834	.000000
0.97008	.875421	.000000
0.97026	.875521	.000000
0.97044	.875681	.000000
0.97062	.876103	.000000
0.9708	.876698	.000000
0.97098	.876587	.000000
0.97117	.875767	.000000
0.97135	.875226	.000000
0.97153	.875279	.000000
0.97171	.875561	.000000
0.97189	.875980	.000000
0.97208	.876038	.000000
0.97226	.875872	.000000
0.97244	.876112	.000000
0.97262	.875745	.000000
0.97281	.875412	.000000
0.97299	.875472	.000000
0.97317	.875224	.000000
0.97335	.875239	.000000
0.97354	.875468	.000000
0.97372	.875787	.000000
0.9739	.876009	.000000
0.97409	.876127	.000000
0.97427	.876163	.000000
0.97445	.876036	.000000
0.97463	.875665	.000000
0.97482	.875483	.000000
0.975	.875712	.000000
0.97518	.875639	.000000
0.97537	.875297	.000000
0.97555	.875750	.000000
0.97573	.875921	.000000
0.97592	.875850	.000000
0.9761	.875779	.000000
0.97629	.875521	.000000
0.97647	.875614	.000000
0.97665	.875326	.000000
0.97684	.874973	.000000
0.97702	.875370	.000000
0.97721	.875754	.000000
0.97739	.875539	.000000
0.97757	.875483	.000000
0.97776	.875621	.000000
0.97794	.875841	.000000
0.97813	.875778	.000000
0.97831	.875245	.000000
0.9785	.875190	.000000
0.97868	.875650	.000000
0.97887	.875736	.000000
0.97905	.875537	.000000
0.97924	.875090	.000000
0.97942	.874757	.000000
0.97961	.874862	.000000
0.97979	.875343	.000000
0.97998	.875443	.000000
0.98016	.875250	.000000
0.98035	.875534	.000000
0.98053	.875683	.000000
0.98072	.875326	.000000
0.9809	.874935	.000000
0.98109	.875043	.000000
0.98127	.875203	.000000
0.98146	.875030	.000000
0.98165	.875019	.000000
0.98183	.875350	.000000
0.98202	.875499	.000000
0.9822	.875172	.000000
0.98239	.874997	.000000
0.98258	.874895	.000000
0.98276	.874842	.000000
0.98295	.875015	.000000
0.98314	.875203	.000000
0.98332	.874857	.000000
0.98351	.874699	.000000
0.9837	.874768	.000000
0.98388	.874948	.000000
0.98407	.875028	.000000
0.98426	.875172	.000000
0.98444	.875203	.000000
0.98463	.875357	.000000
0.98482	.875315	.000000
0.985	.875265	.000000
0.98519	.875348	.000000
0.98538	.875226	.000000
0.98557	.875305	.000000
0.98575	.875072	.000000
0.98594	.874868	.000000
0.98613	.875379	.000000
0.98632	.875648	.000000
0.9865	.875534	.000000
0.98669	.875481	.000000
0.98688	.875539	.000000
0.98707	.875705	.000000
0.98725	.875350	.000000
0.98744	.875086	.000000
0.98763	.875303	.000000
0.98782	.875352	.000000
0.98801	.874892	.000000
0.98819	.874837	.000000
0.98838	.875221	.000000
0.98857	.875432	.000000
0.98876	.875135	.000000
0.98895	.875303	.000000
0.98914	.875215	.000000
0.98933	.875108	.000000
0.98952	.874846	.000000
0.9897	.874942	.000000
0.98989	.875288	.000000
0.99008	.875175	.000000
0.99027	.874791	.000000
0.99046	.874300	.000000
0.99065	.874400	.000000
0.99084	.874662	.000000
0.99103	.875017	.000000
0.99122	.875596	.000000
0.99141	.876107	.000000
0.9916	.875816	.000000
0.99179	.875310	.000000
0.99198	.875066	.000000
0.99217	.874939	.000000
0.99236	.875090	.000000
0.99255	.875103	.000000
0.99274	.874795	.000000
0.99293	.874691	.000000
0.99312	.875019	.000000
0.99331	.874922	.000000
0.9935	.874850	.000000
0.99369	.874824	.000000
0.99388	.874661	.000000
0.99407	.874455	.000000
0.99426	.874620	.000000
0.99445	.874841	.000000
0.99464	.874959	.000000
0.99483	.874906	.000000
0.99502	.874950	.000000
0.99521	.874804	.000000
0.9954	.874975	.000000
0.9956	.874690	.000000
0.99579	.874686	.000000
0.99598	.874797	.000000
0.99617	.874679	.000000
0.99636	.874651	.000000
0.99655	.874488	.000000
0.99674	.874471	.000000
0.99694	.874590	.000000
0.99713	.874515	.000000
0.99732	.874542	.000000
0.99751	.874782	.000000
0.9977	.874701	.000000
0.99789	.874528	.000000
0.99809	.874691	.000000
0.99828	.875052	.000000
0.99847	.875132	.000000
0.99866	.874630	.000000
0.99886	.874244	.000000
0.99905	.874469	.000000
0.99924	.874879	.000000
0.99943	.874777	.000000
0.99963	.874353	.000000
0.99982	.874344	.000000
1.00001	.874639	.000000
1.0002	.874640	.000000
1.0004	.874042	.000000
1.00059	.874016	.000000
1.00078	.874480	.000000
1.00098	.874739	.000000
1.00117	.874739	.000000
1.00136	.874842	.000000
1.00156	.874657	.000000
1.00175	.874662	.000000
1.00194	.874442	.000000
1.00214	.874393	.000000
1.00233	.874691	.000000
1.00253	.874742	.000000
1.00272	.874486	.000000
1.00291	.874306	.000000
1.00311	.874317	.000000
1.0033	.874284	.000000
1.0035	.874175	.000000
1.00369	.874600	.000000
1.00388	.874661	.000000
1.00408	.874002	.000000
1.00427	.873693	.000000
1.00447	.873727	.000000
1.00466	.873978	.000000
1.00486	.874249	.000000
1.00505	.874566	.000000
1.00525	.874522	.000000
1.00544	.874255	.000000
1.00564	.874235	.000000
1.00583	.874653	.000000
1.00603	.874906	.000000
1.00622	.874646	.000000
1.00642	.874440	.000000
1.00661	.874635	.000000
1.00681	.874832	.000000
1.007	.874828	.000000
1.0072	.874671	.000000
1.0074	.874540	.000000
1.00759	.874693	.000000
1.00779	.874681	.000000
1.00798	.874675	.000000
1.00818	.874220	.000000
1.00837	.874184	.000000
1.00857	.874408	.000000
1.00877	.874560	.000000
1.00896	.875073	.000000
1.00916	.874913	.000000
1.00936	.874171	.000000
1.00955	.874244	.000000
1.00975	.874524	.000000
1.00995	.874637	.000000
1.01014	.874744	.000000
1.01034	.874771	.000000
1.01054	.874537	.000000
1.01073	.874553	.000000
1.01093	.874473	.000000
1.01113	.874202	.000000
1.01133	.874500	.000000
1.01152	.874555	.000000
1.01172	.874433	.000000
1.01192	.874577	.000000
1.01211	.874701	.000000
1.01231	.874489	.000000
1.01251	.874211	.000000
1.01271	.874448	.000000
1.01291	.874511	.000000
1.0131	.874324	.000000
1.0133	.874513	.000000
1.0135	.874391	.000000
1.0137	.874235	.000000
1.0139	.874464	.000000
1.01409	.874566	.000000
1.01429	.874435	.000000
1.01449	.874510	.000000
1.01469	.874548	.000000
1.01489	.874368	.000000
1.01509	.874173	.000000
1.01529	.873995	.000000
1.01548	.873798	.000000
1.01568	.874135	.000000
1.01588	.874268	.000000
1.01608	.874193	.000000
1.01628	.874286	.000000
1.01648	.874240	.000000
1.01668	.874222	.000000
1.01688	.874211	.000000
1.01708	.874180	.000000
1.01728	.874575	.000000
1.01748	.874841	.000000
1.01768	.874748	.000000
1.01788	.874513	.000000
1.01808	.874424	.000000
1.01828	.874488	.000000
1.01848	.874142	.000000
1.01868	.874053	.000000
1.01888	.874187	.000000
1.01908	.874206	.000000
1.01928	.874442	.000000
1.01948	.874524	.000000
1.01968	.874519	.000000
1.01988	.874662	.000000
1.02008	.874309	.000000
1.02028	.873960	.000000
1.02048	.874197	.000000
1.02068	.874142	.000000
1.02088	.873769	.000000
1.02108	.873993	.000000
1.02129	.874417	.000000
1.02149	.874348	.000000
1.02169	.874357	.000000
1.02189	.874546	.000000
1.02209	.874560	.000000
1.02229	.874149	.000000
1.02249	.873980	.000000
1.0227	.874369	.000000
1.0229	.874497	.000000
1.0231	.874317	.000000
1.0233	.874386	.000000
1.0235	.874602	.000000
1.02371	.874253	.000000
1.02391	.873815	.000000
1.02411	.873740	.000000
1.02431	.873953	.000000
1.02451	.874151	.000000
1.02472	.874038	.000000
1.02492	.873986	.000000
1.02512	.874024	.000000
1.02532	.874027	.000000
1.02553	.874277	.000000
1.02573	.874506	.000000
1.02593	.874781	.000000
1.02614	.874593	.000000
1.02634	.874253	.000000
1.02654	.874169	.000000
1.02675	.874127	.000000
1.02695	.874097	.000000
1.02715	.874022	.000000
1.02736	.873840	.000000
1.02756	.873760	.000000
1.02776	.873855	.000000
1.02797	.874246	.000000
1.02817	.874624	.000000
1.02838	.874413	.000000
1.02858	.874069	.000000
1.02878	.874044	.000000
1.02899	.874135	.000000
1.02919	.874022	.000000
1.0294	.873827	.000000
1.0296	.873887	.000000
1.02981	.874186	.000000
1.03001	.874389	.000000
1.03021	.874440	.000000
1.03042	.874395	.000000
1.03062	.874193	.000000
1.03083	.874084	.000000
1.03103	.874071	.000000
1.03124	.873953	.000000
1.03144	.874027	.000000
1.03165	.874289	.000000
1.03185	.874217	.000000
1.03206	.873987	.000000
1.03227	.873993	.000000
1.03247	.874078	.000000
1.03268	.874246	.000000
1.03288	.874273	.000000
1.03309	.874229	.000000
1.03329	.874255	.000000
1.0335	.874258	.000000
1.03371	.874289	.000000
1.03391	.874231	.000000
1.03412	.873966	.000000
1.03432	.873753	.000000
1.03453	.873875	.000000
1.03474	.874031	.000000
1.03494	.874024	.000000
1.03515	.874166	.000000
1.03536	.874408	.000000
1.03556	.874317	.000000
1.03577	.874167	.000000
1.03598	.874277	.000000
1.03619	.874399	.000000
1.03639	.874442	.000000
1.0366	.874495	.000000
1.03681	.874449	.000000
1.03701	.874295	.000000
1.03722	.873996	.000000
1.03743	.873869	.000000
1.03764	.874149	.000000
1.03784	.874357	.000000
1.03805	.874093	.000000
1.03826	.874187	.000000
1.03847	.874040	.000000
1.03868	.873827	.000000
1.03888	.874015	.000000
1.03909	.874408	.000000
1.0393	.874255	.000000
1.03951	.874162	.000000
1.03972	.874238	.000000
1.03993	.874126	.000000
1.04013	.874251	.000000
1.04034	.874226	.000000
1.04055	.874207	.000000
1.04076	.874371	.000000
1.04097	.874255	.000000
1.04118	.874091	.000000
1.04139	.874002	.000000
1.0416	.873918	.000000
1.04181	.874073	.000000
1.04202	.874320	.000000
1.04223	.874262	.000000
1.04244	.874038	.000000
1.04264	.873987	.000000
1.04285	.874000	.000000
1.04306	.874086	.000000
1.04327	.874035	.000000
1.04348	.874049	.000000
1.04369	.874289	.000000
1.0439	.874137	.000000
1.04411	.874046	.000000
1.04432	.873795	.000000
1.04454	.873565	.000000
1.04475	.873631	.000000
1.04496	.873784	.000000
1.04517	.873745	.000000
1.04538	.873905	.000000
1.04559	.874395	.000000
1.0458	.874495	.000000
1.04601	.874400	.000000
1.04622	.874338	.000000
1.04643	.874158	.000000
1.04664	.874113	.000000
1.04686	.874118	.000000
1.04707	.874167	.000000
1.04728	.874053	.000000
1.04749	.874053	.000000
1.0477	.873955	.000000
1.04791	.873851	.000000
1.04812	.873982	.000000
1.04834	.873840	.000000
1.04855	.873660	.000000
1.04876	.873704	.000000
1.04897	.873665	.000000
1.04919	.873711	.000000
1.0494	.873736	.000000
1.04961	.873704	.000000
1.04982	.873813	.000000
1.05004	.873920	.000000
1.05025	.873916	.000000
1.05046	.874013	.000000
1.05067	.873740	.000000
1.05089	.873733	.000000
1.0511	.873958	.000000
1.05131	.874140	.000000
1.05153	.874147	.000000
1.05174	.874193	.000000
1.05195	.873845	.000000
1.05217	.873749	.000000
1.05238	.873809	.000000
1.05259	.874056	.000000
1.05281	.874024	.000000
1.05302	.873840	.000000
1.05323	.873765	.000000
1.05345	.873840	.000000
1.05366	.874202	.000000
1.05388	.874038	.000000
1.05409	.873993	.000000
1.05431	.874246	.000000
1.05452	.874213	.000000
1.05473	.874091	.000000
1.05495	.874095	.000000
1.05516	.874118	.000000
1.05538	.873962	.000000
1.05559	.873904	.000000
1.05581	.873862	.000000
1.05602	.873802	.000000
1.05624	.873784	.000000
1.05645	.873902	.000000
1.05667	.874046	.000000
1.05688	.873689	.000000
1.0571	.873531	.000000
1.05732	.873762	.000000
1.05753	.873642	.000000
1.05775	.873616	.000000
1.05796	.873664	.000000
1.05818	.873804	.000000
1.05839	.874122	.000000
1.05861	.874069	.000000
1.05883	.874031	.000000
1.05904	.874066	.000000
1.05926	.874169	.000000
1.05948	.874175	.000000
1.05969	.873871	.000000
1.05991	.873720	.000000
1.06013	.873896	.000000
1.06034	.874011	.000000
1.06056	.874040	.000000
1.06078	.873936	.000000
1.06099	.873829	.000000
1.06121	.873782	.000000
1.06143	.873804	.000000
1.06165	.873709	.000000
1.06186	.873762	.000000
1.06208	.873811	.000000
1.0623	.873653	.000000
1.06252	.873815	.000000
1.06273	.873920	.000000
1.06295	.873762	.000000
1.06317	.873718	.000000
1.06339	.873653	.000000
1.06361	.873600	.000000
1.06382	.873744	.000000
1.06404	.873876	.000000
1.06426	.873673	.000000
1.06448	.873503	.000000
1.0647	.873600	.000000
1.06492	.873698	.000000
1.06514	.873847	.000000
1.06535	.874029	.000000
1.06557	.874006	.000000
1.06579	.873780	.000000
1.06601	.873805	.000000
1.06623	.873838	.000000
1.06645	.873844	.000000
1.06667	.874053	.000000
1.06689	.874077	.000000
1.06711	.873989	.000000
1.06733	.874046	.000000
1.06755	.873946	.000000
1.06777	.873922	.000000
1.06799	.873933	.000000
1.06821	.873856	.000000
1.06843	.873791	.000000
1.06865	.873713	.000000
1.06887	.873818	.000000
1.06909	.873942	.000000
1.06931	.873744	.000000
1.06953	.873576	.000000
1.06975	.873725	.000000
1.06997	.873951	.000000
1.07019	.873796	.000000
1.07041	.873442	.000000
1.07063	.873458	.000000
1.07085	.873818	.000000
1.07108	.873895	.000000
1.0713	.873751	.000000
1.07152	.873856	.000000
1.07174	.874006	.000000
1.07196	.873955	.000000
1.07218	.874131	.000000
1.07241	.874120	.000000
1.07263	.874042	.000000
1.07285	.874024	.000000
1.07307	.873807	.000000
1.07329	.873904	.000000
1.07352	.873964	.000000
1.07374	.873922	.000000
1.07396	.873709	.000000
1.07418	.873418	.000000
1.07441	.873261	.000000
1.07463	.873451	.000000
1.07485	.873709	.000000
1.07507	.873733	.000000
1.0753	.873833	.000000
1.07552	.873762	.000000
1.07574	.873622	.000000
1.07597	.873693	.000000
1.07619	.873644	.000000
1.07641	.873667	.000000
1.07664	.873773	.000000
1.07686	.873485	.000000
1.07708	.873349	.000000
1.07731	.873358	.000000
1.07753	.873525	.000000
1.07776	.873660	.000000
1.07798	.873562	.000000
1.0782	.873529	.000000
1.07843	.873369	.000000
1.07865	.873400	.000000
1.07888	.873438	.000000
1.0791	.873467	.000000
1.07933	.873423	.000000
1.07955	.873411	.000000
1.07978	.873574	.000000
1.08	.873489	.000000
1.08023	.873502	.000000
1.08045	.873638	.000000
1.08068	.873427	.000000
1.0809	.873443	.000000
1.08113	.873600	.000000
1.08135	.873653	.000000
1.08158	.873685	.000000
1.0818	.873598	.000000
1.08203	.873405	.000000
1.08225	.873496	.000000
1.08248	.873585	.000000
1.08271	.873573	.000000
1.08293	.873676	.000000
1.08316	.873818	.000000
1.08339	.873822	.000000
1.08361	.873764	.000000
1.08384	.873502	.000000
1.08406	.873618	.000000
1.08429	.873671	.000000
1.08452	.873674	.000000
1.08475	.873520	.000000
1.08497	.873382	.000000
1.0852	.873352	.000000
1.08543	.873369	.000000
1.08565	.873480	.000000
1.08588	.873412	.000000
1.08611	.873383	.000000
1.08634	.873489	.000000
1.08656	.873558	.000000
1.08679	.873474	.000000
1.08702	.873320	.000000
1.08725	.873307	.000000
1.08748	.873402	.000000
1.0877	.873220	.000000
1.08793	.873060	.000000
1.08816	.873107	.000000
1.08839	.873332	.000000
1.08862	.873563	.000000
1.08885	.873438	.000000
1.08907	.873178	.000000
1.0893	.873385	.000000
1.08953	.873405	.000000
1.08976	.873158	.000000
1.08999	.873021	.000000
1.09022	.873080	.000000
1.09045	.873138	.000000
1.09068	.873220	.000000
1.09091	.873318	.000000
1.09114	.873229	.000000
1.09137	.873203	.000000
1.0916	.873252	.000000
1.09183	.873263	.000000
1.09206	.873274	.000000
1.09229	.873298	.000000
1.09252	.873418	.000000
1.09275	.873454	.000000
1.09298	.873316	.000000
1.09321	.872992	.000000
1.09344	.872909	.000000
1.09367	.873110	.000000
1.0939	.873129	.000000
1.09413	.873183	.000000
1.09436	.873289	.000000
1.09459	.873378	.000000
1.09482	.873280	.000000
1.09505	.873143	.000000
1.09529	.873136	.000000
1.09552	.873110	.000000
1.09575	.873189	.000000
1.09598	.873249	.000000
1.09621	.873185	.000000
1.09644	.873120	.000000
1.09668	.873101	.000000
1.09691	.873083	.000000
1.09714	.872970	.000000
1.09737	.873100	.000000
1.0976	.873371	.000000
1.09784	.873218	.000000
1.09807	.873007	.000000
1.0983	.873318	.000000
1.09854	.873547	.000000
1.09877	.873402	.000000
1.099	.873212	.000000
1.09923	.873291	.000000
1.09947	.873460	.000000
1.0997	.873391	.000000
1.09993	.873214	.000000
1.10017	.873049	.000000
1.1004	.872974	.000000
1.10063	.872929	.000000
1.10087	.873176	.000000
1.1011	.873203	.000000
1.10134	.873101	.000000
1.10157	.873203	.000000
1.1018	.873123	.000000
1.10204	.873136	.000000
1.10227	.873356	.000000
1.10251	.873263	.000000
1.10274	.873205	.000000
1.10298	.873127	.000000
1.10321	.872974	.000000
1.10344	.872903	.000000
1.10368	.873085	.000000
1.10391	.873149	.000000
1.10415	.873127	.000000
1.10439	.873325	.000000
1.10462	.873180	.000000
1.10486	.872914	.000000
1.10509	.873243	.000000
1.10533	.873409	.000000
1.10556	.873019	.000000
1.1058	.872843	.000000
1.10603	.873067	.000000
1.10627	.873176	.000000
1.10651	.873081	.000000
1.10674	.873021	.000000
1.10698	.873260	.000000
1.10722	.873183	.000000
1.10745	.873080	.000000
1.10769	.873114	.000000
1.10792	.873114	.000000
1.10816	.873169	.000000
1.1084	.873081	.000000
1.10864	.872941	.000000
1.10887	.872945	.000000
1.10911	.872947	.000000
1.10935	.872949	.000000
1.10958	.873049	.000000
1.10982	.873074	.000000
1.11006	.873160	.000000
1.1103	.873050	.000000
1.11054	.872839	.000000
1.11077	.872794	.000000
1.11101	.872714	.000000
1.11125	.872778	.000000
1.11149	.872932	.000000
1.11173	.873103	.000000
1.11196	.872979	.000000
1.1122	.872812	.000000
1.11244	.872827	.000000
1.11268	.872934	.000000
1.11292	.872943	.000000
1.11316	.872994	.000000
1.1134	.873001	.000000
1.11364	.872807	.000000
1.11388	.872676	.000000
1.11411	.872876	.000000
1.11435	.872901	.000000
1.11459	.872654	.000000
1.11483	.872514	.000000
1.11507	.872588	.000000
1.11531	.872834	.000000
1.11555	.873021	.000000
1.11579	.872999	.000000
1.11603	.872858	.000000
1.11627	.872752	.000000
1.11651	.872785	.000000
1.11675	.872681	.000000
1.11699	.872703	.000000
1.11724	.872736	.000000
1.11748	.872647	.000000
1.11772	.872692	.000000
1.11796	.872630	.000000
1.1182	.872510	.000000
1.11844	.872512	.000000
1.11868	.872645	.000000
1.11892	.872647	.000000
1.11916	.872516	.000000
1.11941	.872585	.000000
1.11965	.872683	.000000
1.11989	.872703	.000000
1.12013	.872701	.000000
1.12037	.872528	.000000
1.12062	.872461	.000000
1.12086	.872510	.000000
1.1211	.872514	.000000
1.12134	.872532	.000000
1.12159	.872596	.000000
1.12183	.872665	.000000
1.12207	.872590	.000000
1.12231	.872461	.000000
1.12256	.872446	.000000
1.1228	.872415	.000000
1.12304	.872508	.000000
1.12329	.872506	.000000
1.12353	.872350	.000000
1.12377	.872514	.000000
1.12402	.872619	.000000
1.12426	.872423	.000000
1.12451	.872385	.000000
1.12475	.872390	.000000
1.12499	.872397	.000000
1.12524	.872435	.000000
1.12548	.872641	.000000
1.12573	.872728	.000000
1.12597	.872647	.000000
1.12621	.872617	.000000
1.12646	.872668	.000000
1.1267	.872627	.000000
1.12695	.872497	.000000
1.12719	.872454	.000000
1.12744	.872263	.000000
1.12768	.872195	.000000
1.12793	.872281	.000000
1.12818	.872430	.000000
1.12842	.872483	.000000
1.12867	.872365	.000000
1.12891	.872334	.000000
1.12916	.872532	.000000
1.1294	.872588	.000000
1.12965	.872448	.000000
1.1299	.872443	.000000
1.13014	.872435	.000000
1.13039	.872410	.000000
1.13064	.872310	.000000
1.13088	.872219	.000000
1.13113	.872323	.000000
1.13138	.872266	.000000
1.13162	.872375	.000000
1.13187	.872374	.000000
1.13212	.872219	.000000
1.13236	.872246	.000000
1.13261	.872286	.000000
1.13286	.872374	.000000
1.13311	.872510	.000000
1.13335	.872490	.000000
1.1336	.872390	.000000
1.13385	.872335	.000000
1.1341	.872219	.000000
1.13435	.872115	.000000
1.13459	.872144	.000000
1.13484	.872234	.000000
1.13509	.872223	.000000
1.13534	.872132	.000000
1.13559	.872241	.000000
1.13584	.872401	.000000
1.13609	.872428	.000000
1.13633	.872312	.000000
1.13658	.872294	.000000
1.13683	.872483	.000000
1.13708	.872330	.000000
1.13733	.872044	.000000
1.13758	.872144	.000000
1.13783	.872194	.000000
1.13808	.872037	.000000
1.13833	.872103	.000000
1.13858	.872166	.000000
1.13883	.872123	.000000
1.13908	.872008	.000000
1.13933	.872063	.000000
1.13958	.872223	.000000
1.13983	.872117	.000000
1.14008	.872024	.000000
1.14033	.872092	.000000
1.14058	.872104	.000000
1.14084	.871970	.000000
1.14109	.871984	.000000
1.14134	.871961	.000000
1.14159	.872066	.000000
1.14184	.872175	.000000
1.14209	.872023	.000000
1.14234	.871848	.000000
1.1426	.871997	.000000
1.14285	.872203	.000000
1.1431	.872161	.000000
1.14335	.871986	.000000
1.1436	.871981	.000000
1.14386	.871904	.000000
1.14411	.871841	.000000
1.14436	.871819	.000000
1.14461	.871892	.000000
1.14487	.872019	.000000
1.14512	.872083	.000000
1.14537	.872161	.000000
1.14562	.871988	.000000
1.14588	.871824	.000000
1.14613	.871890	.000000
1.14638	.871979	.000000
1.14664	.871993	.000000
1.14689	.872039	.000000
1.14715	.871997	.000000
1.1474	.871908	.000000
1.14765	.871984	.000000
1.14791	.871979	.000000
1.14816	.871942	.000000
1.14842	.872210	.000000
1.14867	.872152	.000000
1.14893	.871815	.000000
1.14918	.871921	.000000
1.14943	.872144	.000000
1.14969	.872052	.000000
1.14994	.872013	.000000
1.1502	.871990	.000000
1.15045	.871815	.000000
1.15071	.871850	.000000
1.15097	.871871	.000000
1.15122	.871868	.000000
1.15148	.871691	.000000
1.15173	.871713	.000000
1.15199	.871950	.000000
1.15224	.872019	.000000
1.1525	.871999	.000000
1.15276	.871882	.000000
1.15301	.871966	.000000
1.15327	.872061	.000000
1.15353	.872108	.000000
1.15378	.871957	.000000
1.15404	.871842	.000000
1.1543	.871802	.000000
1.15455	.871844	.000000
1.15481	.871853	.000000
1.15507	.871857	.000000
1.15533	.871961	.000000
1.15558	.872072	.000000
1.15584	.872084	.000000
1.1561	.871953	.000000
1.15636	.871919	.000000
1.15661	.871868	.000000
1.15687	.871828	.000000
1.15713	.871773	.000000
1.15739	.871693	.000000
1.15765	.871655	.000000
1.15791	.871653	.000000
1.15816	.871741	.000000
1.15842	.871748	.000000
1.15868	.871653	.000000
1.15894	.871597	.000000
1.1592	.871599	.000000
1.15946	.871604	.000000
1.15972	.871640	.000000
1.15998	.871720	.000000
1.16024	.871757	.000000
1.1605	.871815	.000000
1.16076	.871913	.000000
1.16102	.871839	.000000
1.16128	.871619	.000000
1.16154	.871520	.000000
1.1618	.871442	.000000
1.16206	.871437	.000000
1.16232	.871608	.000000
1.16258	.871588	.000000
1.16284	.871668	.000000
1.1631	.871668	.000000
1.16336	.871559	.000000
1.16362	.871466	.000000
1.16388	.871504	.000000
1.16415	.871699	.000000
1.16441	.871802	.000000
1.16467	.871715	.000000
1.16493	.871700	.000000
1.16519	.871586	.000000
1.16545	.871533	.000000
1.16572	.871635	.000000
1.16598	.871715	.000000
1.16624	.871706	.000000
1.1665	.871569	.000000
1.16676	.871504	.000000
1.16703	.871468	.000000
1.16729	.871515	.000000
1.16755	.871591	.000000
1.16782	.871588	.000000
1.16808	.871586	.000000
1.16834	.871477	.000000
1.16861	.871397	.000000
1.16887	.871366	.000000
1.16913	.871295	.000000
1.1694	.871335	.000000
1.16966	.871358	.000000
1.16992	.871422	.000000
1.17019	.871493	.000000
1.17045	.871413	.000000
1.17072	.871426	.000000
1.17098	.871428	.000000
1.17125	.871529	.000000
1.17151	.871469	.000000
1.17178	.871353	.000000
1.17204	.871324	.000000
1.1723	.871229	.000000
1.17257	.871318	.000000
1.17284	.871395	.000000
1.1731	.871340	.000000
1.17337	.871260	.000000
1.17363	.871289	.000000
1.1739	.871351	.000000
1.17416	.871362	.000000
1.17443	.871391	.000000
1.1747	.871439	.000000
1.17496	.871342	.000000
1.17523	.871287	.000000
1.17549	.871237	.000000
1.17576	.871217	.000000
1.17603	.871417	.000000
1.17629	.871384	.000000
1.17656	.871317	.000000
1.17683	.871322	.000000
1.1771	.871293	.000000
1.17736	.871304	.000000
1.17763	.871433	.000000
1.1779	.871480	.000000
1.17817	.871306	.000000
1.17843	.871184	.000000
1.1787	.871178	.000000
1.17897	.871267	.000000
1.17924	.871291	.000000
1.17951	.871346	.000000
1.17977	.871493	.000000
1.18004	.871433	.000000
1.18031	.871366	.000000
1.18058	.871335	.000000
1.18085	.871326	.000000
1.18112	.871417	.000000
1.18139	.871289	.000000
1.18166	.871202	.000000
1.18193	.871158	.000000
1.18219	.871229	.000000
1.18246	.871297	.000000
1.18273	.871244	.000000
1.183	.871249	.000000
1.18327	.871386	.000000
1.18354	.871408	.000000
1.18381	.871300	.000000
1.18408	.871275	.000000
1.18436	.871313	.000000
1.18463	.871278	.000000
1.1849	.871178	.000000
1.18517	.871187	.000000
1.18544	.871209	.000000
1.18571	.871155	.000000
1.18598	.871100	.000000
1.18625	.871238	.000000
1.18652	.871317	.000000
1.1868	.871371	.000000
1.18707	.871348	.000000
1.18734	.871297	.000000
1.18761	.871255	.000000
1.18788	.871226	.000000
1.18816	.871206	.000000
1.18843	.871073	.000000
1.1887	.870975	.000000
1.18897	.870984	.000000
1.18925	.871107	.000000
1.18952	.871187	.000000
1.18979	.871169	.000000
1.19006	.871309	.000000
1.19034	.871380	.000000
1.19061	.871287	.000000
1.19088	.871284	.000000
1.19116	.871384	.000000
1.19143	.871304	.000000
1.19171	.871149	.000000
1.19198	.871175	.000000
1.19225	.871262	.000000
1.19253	.871233	.000000
1.1928	.871107	.000000
1.19308	.871082	.000000
1.19335	.871124	.000000
1.19363	.871144	.000000
1.1939	.871229	.000000
1.19418	.871218	.000000
1.19445	.871122	.000000
1.19473	.871144	.000000
1.195	.871318	.000000
1.19528	.871298	.000000
1.19555	.871113	.000000
1.19583	.871007	.000000
1.1961	.871102	.000000
1.19638	.871144	.000000
1.19666	.871242	.000000
1.19693	.871331	.000000
1.19721	.871238	.000000
1.19749	.871127	.000000
1.19776	.871060	.000000
1.19804	.871066	.000000
1.19832	.871107	.000000
1.19859	.871220	.000000
1.19887	.871377	.000000
1.19915	.871251	.000000
1.19942	.871038	.000000
1.1997	.871031	.000000
1.19998	.870918	.000000
1.20026	.870944	.000000
1.20054	.871058	.000000
1.20081	.871096	.000000
1.20109	.871204	.000000
1.20137	.871136	.000000
1.20165	.871067	.000000
1.20193	.871055	.000000
1.20221	.871096	.000000
1.20248	.871127	.000000
1.20276	.871209	.000000
1.20304	.871120	.000000
1.20332	.870984	.000000
1.2036	.871018	.000000
1.20388	.871024	.000000
1.20416	.870953	.000000
1.20444	.870907	.000000
1.20472	.870784	.000000
1.205	.870864	.000000
1.20528	.870984	.000000
1.20556	.871031	.000000
1.20584	.871120	.000000
1.20612	.871149	.000000
1.2064	.871024	.000000
1.20668	.870996	.000000
1.20696	.871016	.000000
1.20724	.870989	.000000
1.20753	.870962	.000000
1.20781	.870896	.000000
1.20809	.870925	.000000
1.20837	.871018	.000000
1.20865	.871115	.000000
1.20893	.871098	.000000
1.20921	.871115	.000000
1.2095	.871056	.000000
1.20978	.870987	.000000
1.21006	.870984	.000000
1.21034	.871040	.000000
1.21063	.871064	.000000
1.21091	.871013	.000000
1.21119	.870980	.000000
1.21148	.870867	.000000
1.21176	.870827	.000000
1.21204	.870971	.000000
1.21233	.871011	.000000
1.21261	.870887	.000000
1.21289	.870885	.000000
1.21318	.871016	.000000
1.21346	.870985	.000000
1.21374	.870956	.000000
1.21403	.871098	.000000
1.21431	.871087	.000000
1.2146	.870991	.000000
1.21488	.870987	.000000
1.21517	.870916	.000000
1.21545	.870958	.000000
1.21574	.871058	.000000
1.21602	.871035	.000000
1.21631	.871011	.000000
1.21659	.870976	.000000
1.21688	.870956	.000000
1.21716	.870984	.000000
1.21745	.870938	.000000
1.21774	.870949	.000000
1.21802	.871007	.000000
1.21831	.871040	.000000
1.21859	.871053	.000000
1.21888	.871018	.000000
1.21917	.870944	.000000
1.21945	.870905	.000000
1.21974	.870922	.000000
1.22003	.870969	.000000
1.22031	.871002	.000000
1.2206	.870984	.000000
1.22089	.871047	.000000
1.22118	.871066	.000000
1.22146	.870967	.000000
1.22175	.870962	.000000
1.22204	.870989	.000000
1.22233	.870989	.000000
1.22262	.870922	.000000
1.2229	.870909	.000000
1.22319	.870949	.000000
1.22348	.871022	.000000
1.22377	.871095	.000000
1.22406	.871055	.000000
1.22435	.870924	.000000
1.22464	.870865	.000000
1.22493	.870978	.000000
1.22522	.871046	.000000
1.22551	.870927	.000000
1.2258	.870924	.000000
1.22609	.870880	.000000
1.22638	.870856	.000000
1.22667	.870876	.000000
1.22696	.870929	.000000
1.22725	.870984	.000000
1.22754	.871109	.000000
1.22783	.871029	.000000
1.22812	.870869	.000000
1.22841	.870831	.000000
1.2287	.870916	.000000
1.22899	.870833	.000000
1.22928	.870827	.000000
1.22958	.870900	.000000
1.22987	.870842	.000000
1.23016	.870782	.000000
1.23045	.870751	.000000
1.23074	.870836	.000000
1.23103	.870956	.000000
1.23133	.870995	.000000
1.23162	.870933	.000000
1.23191	.870929	.000000
1.23221	.871084	.000000
1.2325	.871142	.000000
1.23279	.871015	.000000
1.23308	.870929	.000000
1.23338	.870953	.000000
1.23367	.870980	.000000
1.23396	.870916	.000000
1.23426	.870858	.000000
1.23455	.870871	.000000
1.23485	.870965	.000000
1.23514	.871018	.000000
1.23543	.870869	.000000
1.23573	.870909	.000000
1.23602	.871027	.000000
1.23632	.870905	.000000
1.23661	.870893	.000000
1.23691	.871066	.000000
1.2372	.871147	.000000
1.2375	.871195	.000000
1.23779	.871089	.000000
1.23809	.870904	.000000
1.23839	.870818	.000000
1.23868	.870844	.000000
1.23898	.870949	.000000
1.23927	.870973	.000000
1.23957	.870929	.000000
1.23987	.870838	.000000
1.24016	.870845	.000000
1.24046	.871047	.000000
1.24076	.871095	.000000
1.24105	.870927	.000000
1.24135	.870845	.000000
1.24165	.870889	.000000
1.24195	.870955	.000000
1.24224	.871000	.000000
1.24254	.871013	.000000
1.24284	.871046	.000000
1.24314	.871033	.000000
1.24343	.871066	.000000
1.24373	.871004	.000000
1.24403	.871042	.000000
1.24433	.870996	.000000
1.24463	.870947	.000000
1.24493	.871026	.000000
1.24523	.871138	.000000
1.24553	.871046	.000000
1.24582	.871000	.000000
1.24612	.870995	.000000
1.24642	.870947	.000000
1.24672	.871080	.000000
1.24702	.871075	.000000
1.24732	.871006	.000000
1.24762	.871115	.000000
1.24792	.871158	.000000
1.24822	.871033	.000000
1.24852	.870967	.000000
1.24883	.871049	.000000
1.24913	.871095	.000000
1.24943	.870982	.000000
1.24973	.870900	.000000
1.25003	.871031	.000000
1.25033	.871044	.000000
1.25063	.870982	.000000
1.25093	.870951	.000000
1.25124	.871018	.000000
1.25154	.870985	.000000
1.25184	.870889	.000000
1.25214	.870984	.000000
1.25245	.871018	.000000
1.25275	.871009	.000000
1.25305	.870944	.000000
1.25335	.870916	.000000
1.25366	.871064	.000000
1.25396	.871149	.000000
1.25426	.871107	.000000
1.25457	.871024	.000000
1.25487	.870982	.000000
1.25517	.870976	.000000
1.25548	.871082	.000000
1.25578	.871111	.000000
1.25609	.871115	.000000
1.25639	.871053	.000000
1.2567	.870916	.000000
1.257	.870993	.000000
1.25731	.871135	.000000
1.25761	.871093	.000000
1.25792	.871087	.000000
1.25822	.871007	.000000
1.25853	.870965	.000000
1.25883	.871026	.000000
1.25914	.871055	.000000
1.25944	.871102	.000000
1.25975	.871106	.000000
1.26005	.871078	.000000
1.26036	.871135	.000000
1.26067	.871180	.000000
1.26097	.871202	.000000
1.26128	.871127	.000000
1.26159	.871067	.000000
1.2619	.871131	.000000
1.2622	.871198	.000000
1.26251	.871140	.000000
1.26282	.871104	.000000
1.26312	.871127	.000000
1.26343	.871089	.000000
1.26374	.871102	.000000
1.26405	.871136	.000000
1.26436	.871133	.000000
1.26467	.871202	.000000
1.26497	.871286	.000000
1.26528	.871284	.000000
1.26559	.871227	.000000
1.2659	.871149	.000000
1.26621	.871240	.000000
1.26652	.871298	.000000
1.26683	.871222	.000000
1.26714	.871280	.000000
1.26745	.871344	.000000
1.26776	.871255	.000000
1.26807	.871206	.000000
1.26838	.871244	.000000
1.26869	.871318	.000000
1.269	.871373	.000000
1.26931	.871244	.000000
1.26962	.871189	.000000
1.26993	.871271	.000000
1.27024	.871253	.000000
1.27055	.871089	.000000
1.27086	.871113	.000000
1.27118	.871273	.000000
1.27149	.871384	.000000
1.2718	.871338	.000000
1.27211	.871348	.000000
1.27242	.871306	.000000
1.27274	.871346	.000000
1.27305	.871400	.000000
1.27336	.871346	.000000
1.27367	.871255	.000000
1.27399	.871286	.000000
1.2743	.871360	.000000
1.27461	.871386	.000000
1.27493	.871386	.000000
1.27524	.871293	.000000
1.27555	.871237	.000000
1.27587	.871253	.000000
1.27618	.871338	.000000
1.2765	.871499	.000000
1.27681	.871582	.000000
1.27713	.871497	.000000
1.27744	.871366	.000000
1.27776	.871318	.000000
1.27807	.871318	.000000
1.27839	.871440	.000000
1.2787	.871484	.000000
1.27902	.871373	.000000
1.27933	.871293	.000000
1.27965	.871342	.000000
1.27996	.871357	.000000
1.28028	.871280	.000000
1.2806	.871300	.000000
1.28091	.871342	.000000
1.28123	.871353	.000000
1.28155	.871429	.000000
1.28186	.871475	.000000
1.28218	.871499	.000000
1.2825	.871455	.000000
1.28281	.871415	.000000
1.28313	.871519	.000000
1.28345	.871495	.000000
1.28377	.871415	.000000
1.28408	.871489	.000000
1.2844	.871506	.000000
1.28472	.871468	.000000
1.28504	.871540	.000000
1.28536	.871562	.000000
1.28568	.871437	.000000
1.286	.871408	.000000
1.28631	.871417	.000000
1.28663	.871453	.000000
1.28695	.871577	.000000
1.28727	.871599	.000000
1.28759	.871462	.000000
1.28791	.871446	.000000
1.28823	.871484	.000000
1.28855	.871529	.000000
1.28887	.871562	.000000
1.28919	.871524	.000000
1.28951	.871537	.000000
1.28983	.871473	.000000
1.29016	.871395	.000000
1.29048	.871426	.000000
1.2908	.871540	.000000
1.29112	.871600	.000000
1.29144	.871611	.000000
1.29176	.871600	.000000
1.29208	.871559	.000000
1.29241	.871493	.000000
1.29273	.871551	.000000
1.29305	.871755	.000000
1.29337	.871690	.000000
1.2937	.871537	.000000
1.29402	.871522	.000000
1.29434	.871455	.000000
1.29467	.871444	.000000
1.29499	.871615	.000000
1.29531	.871697	.000000
1.29564	.871702	.000000
1.29596	.871668	.000000
1.29628	.871604	.000000
1.29661	.871644	.000000
1.29693	.871677	.000000
1.29726	.871650	.000000
1.29758	.871637	.000000
1.29791	.871680	.000000
1.29823	.871766	.000000
1.29856	.871764	.000000
1.29888	.871646	.000000
1.29921	.871600	.000000
1.29953	.871633	.000000
1.29986	.871688	.000000
1.30018	.871711	.000000
1.30051	.871657	.000000
1.30084	.871646	.000000
1.30116	.871693	.000000
1.30149	.871704	.000000
1.30182	.871693	.000000
1.30214	.871733	.000000
1.30247	.871761	.000000
1.3028	.871751	.000000
1.30313	.871761	.000000
1.30345	.871833	.000000
1.30378	.871819	.000000
1.30411	.871817	.000000
1.30444	.871793	.000000
1.30477	.871757	.000000
1.30509	.871761	.000000
1.30542	.871797	.000000
1.30575	.871861	.000000
1.30608	.871930	.000000
1.30641	.871895	.000000
1.30674	.871835	.000000
1.30707	.871826	.000000
1.3074	.871817	.000000
1.30773	.871797	.000000
1.30806	.871811	.000000
1.30839	.871915	.000000
1.30872	.871995	.000000
1.30905	.872001	.000000
1.30938	.871979	.000000
1.30971	.871784	.000000
1.31004	.871690	.000000
1.31037	.871757	.000000
1.3107	.871793	.000000
1.31103	.871846	.000000
1.31137	.871824	.000000
1.3117	.871770	.000000
1.31203	.871830	.000000
1.31236	.871817	.000000
1.31269	.871851	.000000
1.31303	.871937	.000000
1.31336	.872053	.000000
1.31369	.872002	.000000
1.31402	.871908	.000000
1.31436	.871893	.000000
1.31469	.871935	.000000
1.31502	.871897	.000000
1.31536	.871913	.000000
1.31569	.871948	.000000
1.31603	.872070	.000000
1.31636	.872106	.000000
1.31669	.872093	.000000
1.31703	.872099	.000000
1.31736	.872063	.000000
1.3177	.871975	.000000
1.31803	.871930	.000000
1.31837	.872053	.000000
1.3187	.872210	.000000
1.31904	.872221	.000000
1.31937	.872155	.000000
1.31971	.872099	.000000
1.32005	.872004	.000000
1.32038	.871973	.000000
1.32072	.872066	.000000
1.32106	.872163	.000000
1.32139	.872194	.000000
1.32173	.872150	.000000
1.32207	.872037	.000000
1.3224	.872046	.000000
1.32274	.872241	.000000
1.32308	.872299	.000000
1.32342	.872204	.000000
1.32375	.872155	.000000
1.32409	.872123	.000000
1.32443	.872239	.000000
1.32477	.872259	.000000
1.32511	.872212	.000000
1.32545	.872248	.000000
1.32578	.872297	.000000
1.32612	.872268	.000000
1.32646	.872224	.000000
1.3268	.872224	.000000
1.32714	.872339	.000000
1.32748	.872352	.000000
1.32782	.872230	.000000
1.32816	.872168	.000000
1.3285	.872223	.000000
1.32884	.872326	.000000
1.32918	.872350	.000000
1.32952	.872264	.000000
1.32986	.872201	.000000
1.33021	.872263	.000000
1.33055	.872354	.000000
1.33089	.872335	.000000
1.33123	.872343	.000000
1.33157	.872455	.000000
1.33191	.872461	.000000
1.33226	.872472	.000000
1.3326	.872474	.000000
1.33294	.872470	.000000
1.33328	.872481	.000000
1.33363	.872341	.000000
1.33397	.872266	.000000
1.33431	.872281	.000000
1.33466	.872437	.000000
1.335	.872541	.000000
1.33535	.872506	.000000
1.33569	.872428	.000000
1.33603	.872463	.000000
1.33638	.872443	.000000
1.33672	.872443	.000000
1.33707	.872421	.000000
1.33741	.872352	.000000
1.33776	.872354	.000000
1.3381	.872354	.000000
1.33845	.872361	.000000
1.33879	.872374	.000000
1.33914	.872361	.000000
1.33948	.872366	.000000
1.33983	.872379	.000000
1.34018	.872492	.000000
1.34052	.872554	.000000
1.34087	.872457	.000000
1.34122	.872437	.000000
1.34156	.872592	.000000
1.34191	.872641	.000000
1.34226	.872565	.000000
1.34261	.872561	.000000
1.34295	.872497	.000000
1.3433	.872517	.000000
1.34365	.872625	.000000
1.344	.872590	.000000
1.34435	.872452	.000000
1.3447	.872474	.000000
1.34504	.872541	.000000
1.34539	.872514	.000000
1.34574	.872577	.000000
1.34609	.872616	.000000
1.34644	.872603	.000000
1.34679	.872688	.000000
1.34714	.872743	.000000
1.34749	.872665	.000000
1.34784	.872559	.000000
1.34819	.872601	.000000
1.34854	.872690	.000000
1.34889	.872645	.000000
1.34925	.872661	.000000
1.3496	.872632	.000000
1.34995	.872641	.000000
1.3503	.872614	.000000
1.35065	.872616	.000000
1.351	.872705	.000000
1.35135	.872759	.000000
1.35171	.872668	.000000
1.35206	.872694	.000000
1.35241	.872688	.000000
1.35277	.872616	.000000
1.35312	.872636	.000000
1.35347	.872661	.000000
1.35383	.872674	.000000
1.35418	.872628	.000000
1.35453	.872676	.000000
1.35489	.872779	.000000
1.35524	.872703	.000000
1.35559	.872637	.000000
1.35595	.872683	.000000
1.3563	.872705	.000000
1.35666	.872743	.000000
1.35701	.872707	.000000
1.35737	.872745	.000000
1.35772	.872863	.000000
1.35808	.872834	.000000
1.35844	.872801	.000000
1.35879	.872828	.000000
1.35915	.872767	.000000
1.3595	.872692	.000000
1.35986	.872612	.000000
1.36022	.872657	.000000
1.36057	.872692	.000000
1.36093	.872676	.000000
1.36129	.872730	.000000
1.36165	.872708	.000000
1.362	.872719	.000000
1.36236	.872716	.000000
1.36272	.872692	.000000
1.36308	.872701	.000000
1.36344	.872648	.000000
1.3638	.872627	.000000
1.36415	.872683	.000000
1.36451	.872697	.000000
1.36487	.872630	.000000
1.36523	.872605	.000000
1.36559	.872577	.000000
1.36595	.872512	.000000
1.36631	.872455	.000000
1.36667	.872443	.000000
1.36703	.872437	.000000
1.36739	.872368	.000000
1.36775	.872335	.000000
1.36811	.872339	.000000
1.36848	.872275	.000000
1.36884	.872244	.000000
1.3692	.872250	.000000
1.36956	.872228	.000000
1.36992	.872268	.000000
1.37028	.872328	.000000
1.37065	.872359	.000000
1.37101	.872308	.000000
1.37137	.872294	.000000
1.37173	.872277	.000000
1.3721	.872230	.000000
1.37246	.872270	.000000
1.37282	.872330	.000000
1.37319	.872354	.000000
1.37355	.872294	.000000
1.37391	.872235	.000000
1.37428	.872263	.000000
1.37464	.872279	.000000
1.37501	.872270	.000000
1.37537	.872292	.000000
1.37574	.872290	.000000
1.3761	.872301	.000000
1.37647	.872315	.000000
1.37683	.872310	.000000
1.3772	.872335	.000000
1.37757	.872335	.000000
1.37793	.872259	.000000
1.3783	.872284	.000000
1.37866	.872426	.000000
1.37903	.872366	.000000
1.3794	.872297	.000000
1.37976	.872326	.000000
1.38013	.872303	.000000
1.3805	.872314	.000000
1.38087	.872326	.000000
1.38124	.872317	.000000
1.3816	.872372	.000000
1.38197	.872346	.000000
1.38234	.872295	.000000
1.38271	.872372	.000000
1.38308	.872512	.000000
1.38345	.872386	.000000
1.38382	.872270	.000000
1.38419	.872335	.000000
1.38455	.872310	.000000
1.38492	.872264	.000000
1.38529	.872255	.000000
1.38566	.872255	.000000
1.38604	.872310	.000000
1.38641	.872343	.000000
1.38678	.872321	.000000
1.38715	.872275	.000000
1.38752	.872259	.000000
1.38789	.872343	.000000
1.38826	.872372	.000000
1.38863	.872355	.000000
1.38901	.872272	.000000
1.38938	.872277	.000000
1.38975	.872308	.000000
1.39012	.872295	.000000
1.3905	.872341	.000000
1.39087	.872375	.000000
1.39124	.872263	.000000
1.39162	.872250	.000000
1.39199	.872281	.000000
1.39236	.872306	.000000
1.39274	.872395	.000000
1.39311	.872386	.000000
1.39349	.872297	.000000
1.39386	.872272	.000000
1.39423	.872268	.000000
1.39461	.872266	.000000
1.39499	.872257	.000000
1.39536	.872237	.000000
1.39574	.872174	.000000
1.39611	.872101	.000000
1.39649	.872121	.000000
1.39686	.872250	.000000
1.39724	.872230	.000000
1.39762	.872250	.000000
1.39799	.872201	.000000
1.39837	.872212	.000000
1.39875	.872239	.000000
1.39913	.872214	.000000
1.3995	.872254	.000000
1.39988	.872239	.000000
1.40026	.872133	.000000
1.40064	.872095	.000000
1.40102	.872175	.000000
1.4014	.872221	.000000
1.40177	.872199	.000000
1.40215	.872155	.000000
1.40253	.872088	.000000
1.40291	.872119	.000000
1.40329	.872212	.000000
1.40367	.872184	.000000
1.40405	.872139	.000000
1.40443	.872128	.000000
1.40481	.872112	.000000
1.40519	.872066	.000000
1.40557	.872099	.000000
1.40596	.872110	.000000
1.40634	.872052	.000000
1.40672	.872033	.000000
1.4071	.871930	.000000
1.40748	.871904	.000000
1.40786	.871939	.000000
1.40825	.871922	.000000
1.40863	.871922	.000000
1.40901	.871972	.000000
1.40939	.871942	.000000
1.40978	.871917	.000000
1.41016	.871957	.000000
1.41055	.871993	.000000
1.41093	.872048	.000000
1.41131	.872121	.000000
1.4117	.872041	.000000
1.41208	.872013	.000000
1.41247	.872088	.000000
1.41285	.872044	.000000
1.41324	.871952	.000000
1.41362	.871902	.000000
1.41401	.871924	.000000
1.41439	.871939	.000000
1.41478	.871921	.000000
1.41517	.871915	.000000
1.41555	.871946	.000000
1.41594	.872001	.000000
1.41632	.872026	.000000
1.41671	.872032	.000000
1.4171	.872130	.000000
1.41749	.872217	.000000
1.41787	.872163	.000000
1.41826	.872163	.000000
1.41865	.872190	.000000
1.41904	.872190	.000000
1.41943	.872312	.000000
1.41982	.872386	.000000
1.4202	.872346	.000000
1.42059	.872259	.000000
1.42098	.872295	.000000
1.42137	.872395	.000000
1.42176	.872441	.000000
1.42215	.872377	.000000
1.42254	.872332	.000000
1.42293	.872366	.000000
1.42332	.872428	.000000
1.42371	.872465	.000000
1.42411	.872494	.000000
1.4245	.872534	.000000
1.42489	.872552	.000000
1.42528	.872552	.000000
1.42567	.872648	.000000
1.42606	.872645	.000000
1.42646	.872586	.000000
1.42685	.872605	.000000
1.42724	.872652	.000000
1.42763	.872701	.000000
1.42803	.872743	.000000
1.42842	.872832	.000000
1.42881	.872856	.000000
1.42921	.872812	.000000
1.4296	.872888	.000000
1.43	.872970	.000000
1.43039	.873001	.000000
1.43079	.872990	.000000
1.43118	.872994	.000000
1.43158	.872994	.000000
1.43197	.872943	.000000
1.43237	.872983	.000000
1.43276	.873047	.000000
1.43316	.873105	.000000
1.43356	.873194	.000000
1.43395	.873263	.000000
1.43435	.873283	.000000
1.43475	.873281	.000000
1.43514	.873291	.000000
1.43554	.873285	.000000
1.43594	.873332	.000000
1.43634	.873356	.000000
1.43673	.873312	.000000
1.43713	.873298	.000000
1.43753	.873360	.000000
1.43793	.873409	.000000
1.43833	.873436	.000000
1.43873	.873507	.000000
1.43913	.873553	.000000
1.43953	.873518	.000000
1.43993	.873478	.000000
1.44033	.873563	.000000
1.44073	.873589	.000000
1.44113	.873609	.000000
1.44153	.873711	.000000
1.44193	.873824	.000000
1.44233	.873851	.000000
1.44273	.873842	.000000
1.44313	.873851	.000000
1.44353	.873920	.000000
1.44394	.873929	.000000
1.44434	.873904	.000000
1.44474	.873982	.000000
1.44514	.873996	.000000
1.44555	.874046	.000000
1.44595	.874073	.000000
1.44635	.874133	.000000
1.44676	.874129	.000000
1.44716	.874073	.000000
1.44756	.874109	.000000
1.44797	.874095	.000000
1.44837	.874120	.000000
1.44878	.874206	.000000
1.44918	.874262	.000000
1.44959	.874293	.000000
1.44999	.874338	.000000
1.4504	.874369	.000000
1.4508	.874357	.000000
1.45121	.874344	.000000
1.45162	.874328	.000000
1.45202	.874395	.000000
1.45243	.874442	.000000
1.45284	.874433	.000000
1.45324	.874471	.000000
1.45365	.874544	.000000
1.45406	.874579	.000000
1.45447	.874593	.000000
1.45488	.874560	.000000
1.45528	.874651	.000000
1.45569	.874650	.000000
1.4561	.874566	.000000
1.45651	.874566	.000000
1.45692	.874595	.000000
1.45733	.874622	.000000
1.45774	.874699	.000000
1.45815	.874715	.000000
1.45856	.874695	.000000
1.45897	.874679	.000000
1.45938	.874704	.000000
1.45979	.874741	.000000
1.4602	.874844	.000000
1.46061	.874902	.000000
1.46102	.874872	.000000
1.46144	.874886	.000000
1.46185	.874890	.000000
1.46226	.874948	.000000
1.46267	.875050	.000000
1.46309	.875094	.000000
1.4635	.875028	.000000
1.46391	.874944	.000000
1.46433	.874973	.000000
1.46474	.875041	.000000
1.46515	.875134	.000000
1.46557	.875243	.000000
1.46598	.875203	.000000
1.4664	.875110	.000000
1.46681	.875084	.000000
1.46723	.875126	.000000
1.46764	.875179	.000000
1.46806	.875250	.000000
1.46847	.875346	.000000
1.46889	.875317	.000000
1.46931	.875281	.000000
1.46972	.875237	.000000
1.47014	.875314	.000000
1.47056	.875326	.000000
1.47097	.875285	.000000
1.47139	.875386	.000000
1.47181	.875437	.000000
1.47223	.875523	.000000
1.47264	.875605	.000000
1.47306	.875505	.000000
1.47348	.875428	.000000
1.4739	.875496	.000000
1.47432	.875547	.000000
1.47474	.875537	.000000
1.47516	.875643	.000000
1.47558	.875688	.000000
1.476	.875639	.000000
1.47642	.875674	.000000
1.47684	.875674	.000000
1.47726	.875672	.000000
1.47768	.875721	.000000
1.4781	.875734	.000000
1.47852	.875687	.000000
1.47894	.875725	.000000
1.47937	.875788	.000000
1.47979	.875788	.000000
1.48021	.875807	.000000
1.48063	.875887	.000000
1.48106	.875872	.000000
1.48148	.875894	.000000
1.4819	.875974	.000000
1.48233	.875976	.000000
1.48275	.875934	.000000
1.48318	.875919	.000000
1.4836	.875974	.000000
1.48402	.875956	.000000
1.48445	.875936	.000000
1.48487	.876012	.000000
1.4853	.876061	.000000
1.48573	.876118	.000000
1.48615	.876152	.000000
1.48658	.876136	.000000
1.487	.876140	.000000
1.48743	.876129	.000000
1.48786	.876194	.000000
1.48828	.876229	.000000
1.48871	.876245	.000000
1.48914	.876316	.000000
1.48957	.876327	.000000
1.49	.876283	.000000
1.49042	.876312	.000000
1.49085	.876374	.000000
1.49128	.876343	.000000
1.49171	.876332	.000000
1.49214	.876347	.000000
1.49257	.876311	.000000
1.493	.876365	.000000
1.49343	.876442	.000000
1.49386	.876442	.000000
1.49429	.876474	.000000
1.49472	.876564	.000000
1.49515	.876593	.000000
1.49558	.876520	.000000
1.49601	.876485	.000000
1.49645	.876534	.000000
1.49688	.876585	.000000
1.49731	.876616	.000000
1.49774	.876642	.000000
1.49818	.876624	.000000
1.49861	.876584	.000000
1.49904	.876574	.000000
1.49948	.876645	.000000
1.49991	.876664	.000000
1.50034	.876698	.000000
1.50078	.876815	.000000
1.50121	.876895	.000000
1.50165	.876856	.000000
1.50208	.876751	.000000
1.50252	.876722	.000000
1.50295	.876747	.000000
1.50339	.876860	.000000
1.50382	.876891	.000000
1.50426	.876882	.000000
1.5047	.876880	.000000
1.50513	.876882	.000000
1.50557	.876935	.000000
1.50601	.876916	.000000
1.50645	.876913	.000000
1.50688	.876984	.000000
1.50732	.876966	.000000
1.50776	.876997	.000000
1.5082	.877062	.000000
1.50864	.876982	.000000
1.50908	.876986	.000000
1.50952	.877029	.000000
1.50996	.877007	.000000
1.5104	.877029	.000000
1.51084	.877135	.000000
1.51128	.877178	.000000
1.51172	.877233	.000000
1.51216	.877238	.000000
1.5126	.877238	.000000
1.51304	.877233	.000000
1.51348	.877204	.000000
1.51392	.877188	.000000
1.51437	.877197	.000000
1.51481	.877226	.000000
1.51525	.877262	.000000
1.51569	.877322	.000000
1.51614	.877326	.000000
1.51658	.877329	.000000
1.51702	.877280	.000000
1.51747	.877264	.000000
1.51791	.877351	.000000
1.51836	.877426	.000000
1.5188	.877486	.000000
1.51925	.877533	.000000
1.51969	.877508	.000000
1.52014	.877493	.000000
1.52058	.877495	.000000
1.52103	.877468	.000000
1.52148	.877431	.000000
1.52192	.877506	.000000
1.52237	.877537	.000000
1.52282	.877526	.000000
1.52326	.877535	.000000
1.52371	.877473	.000000
1.52416	.877500	.000000
1.52461	.877548	.000000
1.52506	.877573	.000000
1.52551	.877642	.000000
1.52595	.877664	.000000
1.5264	.877664	.000000
1.52685	.877644	.000000
1.5273	.877619	.000000
1.52775	.877642	.000000
1.5282	.877622	.000000
1.52865	.877655	.000000
1.5291	.877721	.000000
1.52956	.877741	.000000
1.53001	.877752	.000000
1.53046	.877744	.000000
1.53091	.877757	.000000
1.53136	.877806	.000000
1.53182	.877790	.000000
1.53227	.877857	.000000
1.53272	.877892	.000000
1.53317	.877848	.000000
1.53363	.877833	.000000
1.53408	.877815	.000000
1.53454	.877822	.000000
1.53499	.877817	.000000
1.53544	.877784	.000000
1.5359	.877852	.000000
1.53635	.877886	.000000
1.53681	.877852	.000000
1.53727	.877872	.000000
1.53772	.877959	.000000
1.53818	.877992	.000000
1.53863	.877930	.000000
1.53909	.877883	.000000
1.53955	.877964	.000000
1.54	.878006	.000000
1.54046	.878041	.000000
1.54092	.878037	.000000
1.54138	.878074	.000000
1.54184	.878159	.000000
1.5423	.878112	.000000
1.54275	.878104	.000000
1.54321	.878110	.000000
1.54367	.877999	.000000
1.54413	.877950	.000000
1.54459	.878063	.000000
1.54505	.878059	.000000
1.54551	.878008	.000000
1.54597	.878024	.000000
1.54644	.878057	.000000
1.5469	.878181	.000000
1.54736	.878212	.000000
1.54782	.878139	.000000
1.54828	.878128	.000000
1.54875	.878139	.000000
1.54921	.878172	.000000
1.54967	.878210	.000000
1.55013	.878217	.000000
1.5506	.878199	.000000
1.55106	.878159	.000000
1.55153	.878155	.000000
1.55199	.878179	.000000
1.55245	.878214	.000000
1.55292	.878194	.000000
1.55339	.878157	.000000
1.55385	.878192	.000000
1.55432	.878250	.000000
1.55478	.878265	.000000
1.55525	.878261	.000000
1.55572	.878226	.000000
1.55618	.878252	.000000
1.55665	.878336	.000000
1.55712	.878365	.000000
1.55759	.878345	.000000
1.55805	.878321	.000000
1.55852	.878286	.000000
1.55899	.878330	.000000
1.55946	.878383	.000000
1.55993	.878408	.000000
1.5604	.878428	.000000
1.56087	.878419	.000000
1.56134	.878432	.000000
1.56181	.878499	.000000
1.56228	.878496	.000000
1.56275	.878417	.000000
1.56322	.878366	.000000
1.56369	.878414	.000000
1.56416	.878459	.000000
1.56464	.878368	.000000
1.56511	.878410	.000000
1.56558	.878467	.000000
1.56605	.878477	.000000
1.56653	.878510	.000000
1.567	.878512	.000000
1.56747	.878457	.000000
1.56795	.878446	.000000
1.56842	.878483	.000000
1.5689	.878508	.000000
1.56937	.878539	.000000
1.56985	.878588	.000000
1.57032	.878579	.000000
1.5708	.878528	.000000
1.57127	.878563	.000000
1.57175	.878614	.000000
1.57223	.878610	.000000
1.5727	.878598	.000000
1.57318	.878596	.000000
1.57366	.878565	.000000
1.57414	.878505	.000000
1.57461	.878501	.000000
1.57509	.878528	.000000
1.57557	.878537	.000000
1.57605	.878590	.000000
1.57653	.878587	.000000
1.57701	.878610	.000000
1.57749	.878645	.000000
1.57797	.878621	.000000
1.57845	.878614	.000000
1.57893	.878627	.000000
1.57941	.878661	.000000
1.57989	.878699	.000000
1.58037	.878656	.000000
1.58086	.878608	.000000
1.58134	.878619	.000000
1.58182	.878674	.000000
1.5823	.878694	.000000
1.58279	.878652	.000000
1.58327	.878628	.000000
1.58375	.878628	.000000
1.58424	.878676	.000000
1.58472	.878703	.000000
1.58521	.878621	.000000
1.58569	.878601	.000000
1.58618	.878625	.000000
1.58666	.878654	.000000
1.58715	.878647	.000000
1.58763	.878665	.000000
1.58812	.878749	.000000
1.58861	.878750	.000000
1.58909	.878687	.000000
1.58958	.878638	.000000
1.59007	.878576	.000000
1.59055	.878581	.000000
1.59104	.878661	.000000
1.59153	.878747	.000000
1.59202	.878714	.000000
1.59251	.878783	.000000
1.593	.878819	.000000
1.59349	.878698	.000000
1.59398	.878634	.000000
1.59447	.878698	.000000
1.59496	.878734	.000000
1.59545	.878725	.000000
1.59594	.878749	.000000
1.59643	.878794	.000000
1.59692	.878763	.000000
1.59742	.878734	.000000
1.59791	.878790	.000000
1.5984	.878836	.000000
1.59889	.878803	.000000
1.59939	.878739	.000000
1.59988	.878769	.000000
1.60037	.878814	.000000
1.60087	.878723	.000000
1.60136	.878690	.000000
1.60186	.878796	.000000
1.60235	.878823	.000000
1.60285	.878758	.000000
1.60334	.878763	.000000
1.60384	.878769	.000000
1.60434	.878752	.000000
1.60483	.878736	.000000
1.60533	.878776	.000000
1.60583	.878767	.000000
1.60632	.878765	.000000
1.60682	.878799	.000000
1.60732	.878774	.000000
1.60782	.878776	.000000
1.60832	.878750	.000000
1.60882	.878728	.000000
1.60932	.878790	.000000
1.60981	.878841	.000000
1.61031	.878841	.000000
1.61082	.878870	.000000
1.61132	.878865	.000000
1.61182	.878845	.000000
1.61232	.878832	.000000
1.61282	.878821	.000000
1.61332	.878816	.000000
1.61382	.878850	.000000
1.61433	.878852	.000000
1.61483	.878803	.000000
1.61533	.878803	.000000
1.61584	.878847	.000000
1.61634	.878859	.000000
1.61684	.878839	.000000
1.61735	.878896	.000000
1.61785	.878907	.000000
1.61836	.878898	.000000
1.61886	.878863	.000000
1.61937	.878905	.000000
1.61987	.878954	.000000
1.62038	.878987	.000000
1.62089	.878947	.000000
1.62139	.878874	.000000
1.6219	.878819	.000000
1.62241	.878814	.000000
1.62292	.878889	.000000
1.62342	.878976	.000000
1.62393	.878967	.000000
1.62444	.878921	.000000
1.62495	.878885	.000000
1.62546	.878869	.000000
1.62597	.878907	.000000
1.62648	.878956	.000000
1.62699	.878994	.000000
1.6275	.879083	.000000
1.62801	.878961	.000000
1.62852	.878827	.000000
1.62904	.878879	.000000
1.62955	.878940	.000000
1.63006	.878923	.000000
1.63057	.878905	.000000
1.63109	.878903	.000000
1.6316	.878940	.000000
1.63211	.878925	.000000
1.63263	.878865	.000000
1.63314	.878912	.000000
1.63365	.878992	.000000
1.63417	.878987	.000000
1.63468	.878936	.000000
1.6352	.878947	.000000
1.63572	.878998	.000000
1.63623	.878938	.000000
1.63675	.878881	.000000
1.63727	.878867	.000000
1.63778	.878892	.000000
1.6383	.878881	.000000
1.63882	.878856	.000000
1.63934	.878900	.000000
1.63985	.878936	.000000
1.64037	.878947	.000000
1.64089	.878905	.000000
1.64141	.878890	.000000
1.64193	.878914	.000000
1.64245	.878883	.000000
1.64297	.878816	.000000
1.64349	.878796	.000000
1.64401	.878845	.000000
1.64454	.878809	.000000
1.64506	.878799	.000000
1.64558	.878874	.000000
1.6461	.878870	.000000
1.64663	.878827	.000000
1.64715	.878827	.000000
1.64767	.878841	.000000
1.6482	.878789	.000000
1.64872	.878783	.000000
1.64924	.878798	.000000
1.64977	.878819	.000000
1.65029	.878879	.000000
1.65082	.878921	.000000
1.65135	.878870	.000000
1.65187	.878810	.000000
1.6524	.878852	.000000
1.65292	.878841	.000000
1.65345	.878847	.000000
1.65398	.878883	.000000
1.65451	.878829	.000000
1.65504	.878790	.000000
1.65556	.878825	.000000
1.65609	.878825	.000000
1.65662	.878856	.000000
1.65715	.878879	.000000
1.65768	.878829	.000000
1.65821	.878843	.000000
1.65874	.878829	.000000
1.65927	.878770	.000000
1.6598	.878718	.000000
1.66034	.878679	.000000
1.66087	.878738	.000000
1.6614	.878798	.000000
1.66193	.878787	.000000
1.66246	.878810	.000000
1.663	.878819	.000000
1.66353	.878807	.000000
1.66407	.878838	.000000
1.6646	.878821	.000000
1.66513	.878823	.000000
1.66567	.878839	.000000
1.6662	.878807	.000000
1.66674	.878752	.000000
1.66728	.878749	.000000
1.66781	.878763	.000000
1.66835	.878752	.000000
1.66889	.878790	.000000
1.66942	.878789	.000000
1.66996	.878738	.000000
1.6705	.878725	.000000
1.67104	.878728	.000000
1.67158	.878707	.000000
1.67212	.878698	.000000
1.67265	.878676	.000000
1.67319	.878663	.000000
1.67373	.878721	.000000
1.67428	.878787	.000000
1.67482	.878790	.000000
1.67536	.878732	.000000
1.6759	.878679	.000000
1.67644	.878679	.000000
1.67698	.878767	.000000
1.67753	.878863	.000000
1.67807	.878852	.000000
1.67861	.878792	.000000
1.67916	.878732	.000000
1.6797	.878716	.000000
1.68024	.878707	.000000
1.68079	.878705	.000000
1.68133	.878719	.000000
1.68188	.878750	.000000
1.68242	.878745	.000000
1.68297	.878736	.000000
1.68352	.878745	.000000
1.68406	.878690	.000000
1.68461	.878676	.000000
1.68516	.878765	.000000
1.68571	.878747	.000000
1.68625	.878678	.000000
1.6868	.878758	.000000
1.68735	.878807	.000000
1.6879	.878688	.000000
1.68845	.878645	.000000
1.689	.878665	.000000
1.68955	.878661	.000000
1.6901	.878627	.000000
1.69065	.878645	.000000
1.6912	.878678	.000000
1.69176	.878696	.000000
1.69231	.878683	.000000
1.69286	.878658	.000000
1.69341	.878685	.000000
1.69397	.878676	.000000
1.69452	.878598	.000000
1.69508	.878576	.000000
1.69563	.878568	.000000
1.69618	.878590	.000000
1.69674	.878652	.000000
1.69729	.878650	.000000
1.69785	.878547	.000000
1.69841	.878468	.000000
1.69896	.878516	.000000
1.69952	.878574	.000000
1.70008	.878585	.000000
1.70064	.878567	.000000
1.70119	.878479	.000000
1.70175	.878479	.000000
1.70231	.878463	.000000
1.70287	.878452	.000000
1.70343	.878488	.000000
1.70399	.878445	.000000
1.70455	.878419	.000000
1.70511	.878423	.000000
1.70567	.878463	.000000
1.70623	.878450	.000000
1.70679	.878439	.000000
1.70736	.878441	.000000
1.70792	.878366	.000000
1.70848	.878326	.000000
1.70904	.878386	.000000
1.70961	.878376	.000000
1.71017	.878319	.000000
1.71074	.878301	.000000
1.7113	.878323	.000000
1.71187	.878283	.000000
1.71243	.878248	.000000
1.713	.878223	.000000
1.71356	.878228	.000000
1.71413	.878235	.000000
1.7147	.878201	.000000
1.71526	.878201	.000000
1.71583	.878226	.000000
1.7164	.878181	.000000
1.71697	.878195	.000000
1.71754	.878186	.000000
1.7181	.878135	.000000
1.71867	.878097	.000000
1.71924	.878128	.000000
1.71981	.878132	.000000
1.72039	.878114	.000000
1.72096	.878139	.000000
1.72153	.878143	.000000
1.7221	.878095	.000000
1.72267	.878084	.000000
1.72324	.878044	.000000
1.72382	.878061	.000000
1.72439	.878088	.000000
1.72496	.878066	.000000
1.72554	.878034	.000000
1.72611	.878014	.000000
1.72669	.878008	.000000
1.72726	.878004	.000000
1.72784	.878034	.000000
1.72841	.878030	.000000
1.72899	.878012	.000000
1.72957	.877948	.000000
1.73014	.877923	.000000
1.73072	.877939	.000000
1.7313	.877946	.000000
1.73188	.877913	.000000
1.73246	.877897	.000000
1.73304	.877957	.000000
1.73362	.878026	.000000
1.7342	.878034	.000000
1.73478	.878023	.000000
1.73536	.878017	.000000
1.73594	.878057	.000000
1.73652	.878097	.000000
1.7371	.878108	.000000
1.73768	.878054	.000000
1.73827	.878077	.000000
1.73885	.878088	.000000
1.73943	.878021	.000000
1.74002	.878050	.000000
1.7406	.878084	.000000
1.74118	.878066	.000000
1.74177	.878079	.000000
1.74235	.878135	.000000
1.74294	.878177	.000000
1.74353	.878168	.000000
1.74411	.878163	.000000
1.7447	.878132	.000000
1.74529	.878106	.000000
1.74588	.878119	.000000
1.74646	.878126	.000000
1.74705	.878174	.000000
1.74764	.878208	.000000
1.74823	.878157	.000000
1.74882	.878112	.000000
1.74941	.878090	.000000
1.75	.878030	.000000
1.75059	.878070	.000000
1.75118	.878092	.000000
1.75177	.878014	.000000
1.75237	.877993	.000000
1.75296	.878083	.000000
1.75355	.878072	.000000
1.75414	.878057	.000000
1.75474	.878110	.000000
1.75533	.878146	.000000
1.75593	.878137	.000000
1.75652	.878044	.000000
1.75712	.877984	.000000
1.75771	.877957	.000000
1.75831	.877986	.000000
1.75891	.878008	.000000
1.7595	.877992	.000000
1.7601	.877986	.000000
1.7607	.877984	.000000
1.7613	.877964	.000000
1.76189	.877959	.000000
1.76249	.877953	.000000
1.76309	.877935	.000000
1.76369	.877875	.000000
1.76429	.877804	.000000
1.76489	.877830	.000000
1.76549	.877899	.000000
1.76609	.877893	.000000
1.7667	.877895	.000000
1.7673	.877919	.000000
1.7679	.877906	.000000
1.7685	.877886	.000000
1.76911	.877908	.000000
1.76971	.877950	.000000
1.77032	.877886	.000000
1.77092	.877868	.000000
1.77153	.877944	.000000
1.77213	.877993	.000000
1.77274	.877915	.000000
1.77334	.877859	.000000
1.77395	.877901	.000000
1.77456	.877984	.000000
1.77516	.877963	.000000
1.77577	.877948	.000000
1.77638	.877943	.000000
1.77699	.877888	.000000
1.7776	.877873	.000000
1.77821	.877899	.000000
1.77882	.877857	.000000
1.77943	.877821	.000000
1.78004	.877844	.000000
1.78065	.877879	.000000
1.78126	.877870	.000000
1.78188	.877832	.000000
1.78249	.877841	.000000
1.7831	.877835	.000000
1.78371	.877781	.000000
1.78433	.877772	.000000
1.78494	.877768	.000000
1.78556	.877768	.000000
1.78617	.877806	.000000
1.78679	.877844	.000000
1.7874	.877821	.000000
1.78802	.877802	.000000
1.78864	.877797	.000000
1.78925	.877755	.000000
1.78987	.877708	.000000
1.79049	.877721	.000000
1.79111	.877761	.000000
1.79173	.877739	.000000
1.79235	.877724	.000000
1.79297	.877730	.000000
1.79359	.877742	.000000
1.79421	.877737	.000000
1.79483	.877733	.000000
1.79545	.877719	.000000
1.79607	.877679	.000000
1.79669	.877715	.000000
1.79732	.877795	.000000
1.79794	.877793	.000000
1.79856	.877762	.000000
1.79919	.877730	.000000
1.79981	.877732	.000000
1.80044	.877732	.000000
1.80106	.877732	.000000
1.80169	.877728	.000000
1.80232	.877704	.000000
1.80294	.877659	.000000
1.80357	.877650	.000000
1.8042	.877637	.000000
1.80483	.877615	.000000
1.80545	.877677	.000000
1.80608	.877659	.000000
1.80671	.877628	.000000
1.80734	.877615	.000000
1.80797	.877622	.000000
1.8086	.877644	.000000
1.80923	.877639	.000000
1.80987	.877593	.000000
1.8105	.877539	.000000
1.81113	.877566	.000000
1.81176	.877582	.000000
1.8124	.877582	.000000
1.81303	.877537	.000000
1.81366	.877511	.000000
1.8143	.877544	.000000
1.81493	.877566	.000000
1.81557	.877564	.000000
1.81621	.877540	.000000
1.81684	.877506	.000000
1.81748	.877519	.000000
1.81812	.877575	.000000
1.81875	.877564	.000000
1.81939	.877526	.000000
1.82003	.877502	.000000
1.82067	.877571	.000000
1.82131	.877584	.000000
1.82195	.877499	.000000
1.82259	.877430	.000000
1.82323	.877371	.000000
1.82387	.877451	.000000
1.82451	.877542	.000000
1.82516	.877479	.000000
1.8258	.877422	.000000
1.82644	.877446	.000000
1.82709	.877411	.000000
1.82773	.877402	.000000
1.82837	.877420	.000000
1.82902	.877442	.000000
1.82966	.877406	.000000
1.83031	.877346	.000000
1.83096	.877382	.000000
1.8316	.877420	.000000
1.83225	.877406	.000000
1.8329	.877348	.000000
1.83355	.877357	.000000
1.8342	.877326	.000000
1.83484	.877326	.000000
1.83549	.877295	.000000
1.83614	.877235	.000000
1.83679	.877222	.000000
1.83745	.877257	.000000
1.8381	.877264	.000000
1.83875	.877229	.000000
1.8394	.877215	.000000
1.84005	.877240	.000000
1.84071	.877244	.000000
1.84136	.877277	.000000
1.84201	.877269	.000000
1.84267	.877208	.000000
1.84332	.877137	.000000
1.84398	.877164	.000000
1.84464	.877222	.000000
1.84529	.877204	.000000
1.84595	.877124	.000000
1.84661	.877153	.000000
1.84727	.877184	.000000
1.84792	.877173	.000000
1.84858	.877098	.000000
1.84924	.877033	.000000
1.8499	.877024	.000000
1.85056	.877044	.000000
1.85122	.877091	.000000
1.85188	.877089	.000000
1.85255	.877086	.000000
1.85321	.877155	.000000
1.85387	.877144	.000000
1.85453	.877120	.000000
1.8552	.877097	.000000
1.85586	.877040	.000000
1.85653	.876993	.000000
1.85719	.876998	.000000
1.85786	.876986	.000000
1.85852	.876938	.000000
1.85919	.876909	.000000
1.85986	.876926	.000000
1.86052	.876935	.000000
1.86119	.876922	.000000
1.86186	.876878	.000000
1.86253	.876838	.000000
1.8632	.876825	.000000
1.86387	.876780	.000000
1.86454	.876773	.000000
1.86521	.876789	.000000
1.86588	.876802	.000000
1.86655	.876729	.000000
1.86722	.876591	.000000
1.8679	.876567	.000000
1.86857	.876620	.000000
1.86924	.876627	.000000
1.86992	.876587	.000000
1.87059	.876473	.000000
1.87127	.876400	.000000
1.87194	.876352	.000000
1.87262	.876331	.000000
1.8733	.876362	.000000
1.87397	.876325	.000000
1.87465	.876267	.000000
1.87533	.876141	.000000
1.87601	.876069	.000000
1.87669	.876118	.000000
1.87736	.876069	.000000
1.87804	.875990	.000000
1.87873	.875905	.000000
1.87941	.875770	.000000
1.88009	.875648	.000000
1.88077	.875548	.000000
1.88145	.875528	.000000
1.88214	.875552	.000000
1.88282	.875434	.000000
1.8835	.875283	.000000
1.88419	.875235	.000000
1.88487	.875199	.000000
1.88556	.875092	.000000
1.88624	.875037	.000000
1.88693	.874868	.000000
1.88762	.874777	.000000
1.8883	.874786	.000000
1.88899	.874673	.000000
1.88968	.874511	.000000
1.89037	.874400	.000000
1.89106	.874309	.000000
1.89175	.874177	.000000
1.89244	.874029	.000000
1.89313	.873898	.000000
1.89382	.873716	.000000
1.89451	.873502	.000000
1.89521	.873334	.000000
1.8959	.873169	.000000
1.89659	.873019	.000000
1.89729	.872892	.000000
1.89798	.872723	.000000
1.89868	.872548	.000000
1.89937	.872374	.000000
1.90007	.872184	.000000
1.90077	.872028	.000000
1.90146	.871877	.000000
1.90216	.871704	.000000
1.90286	.871555	.000000
1.90356	.871411	.000000
1.90426	.871244	.000000
1.90496	.871129	.000000
1.90566	.871009	.000000
1.90636	.870873	.000000
1.90706	.870789	.000000
1.90776	.870702	.000000
1.90846	.870585	.000000
1.90916	.870489	.000000
1.90987	.870391	.000000
1.91057	.870314	.000000
1.91128	.870252	.000000
1.91198	.870220	.000000
1.91269	.870094	.000000
1.91339	.869950	.000000
1.9141	.869863	.000000
1.9148	.869858	.000000
1.91551	.869879	.000000
1.91622	.869792	.000000
1.91693	.869721	.000000
1.91764	.869757	.000000
1.91835	.869792	.000000
1.91906	.869754	.000000
1.91977	.869739	.000000
1.92048	.869716	.000000
1.92119	.869707	.000000
1.9219	.869674	.000000
1.92261	.869654	.000000
1.92333	.869728	.000000
1.92404	.869741	.000000
1.92476	.869754	.000000
1.92547	.869716	.000000
1.92619	.869752	.000000
1.9269	.869805	.000000
1.92762	.869783	.000000
1.92834	.869803	.000000
1.92905	.869892	.000000
1.92977	.869950	.000000
1.93049	.869938	.000000
1.93121	.869934	.000000
1.93193	.869970	.000000
1.93265	.869970	.000000
1.93337	.869974	.000000
1.93409	.870030	.000000
1.93481	.870049	.000000
1.93553	.870105	.000000
1.93626	.870181	.000000
1.93698	.870205	.000000
1.9377	.870260	.000000
1.93843	.870212	.000000
1.93915	.870229	.000000
1.93988	.870325	.000000
1.94061	.870416	.000000
1.94133	.870440	.000000
1.94206	.870456	.000000
1.94279	.870487	.000000
1.94351	.870522	.000000
1.94424	.870498	.000000
1.94497	.870529	.000000
1.9457	.870589	.000000
1.94643	.870669	.000000
1.94716	.870685	.000000
1.9479	.870683	.000000
1.94863	.870769	.000000
1.94936	.870862	.000000
1.95009	.870893	.000000
1.95083	.870865	.000000
1.95156	.870896	.000000
1.9523	.870916	.000000
1.95303	.870931	.000000
1.95377	.870925	.000000
1.9545	.870911	.000000
1.95524	.871009	.000000
1.95598	.871066	.000000
1.95672	.871033	.000000
1.95746	.871006	.000000
1.9582	.870978	.000000
1.95894	.871036	.000000
1.95968	.871127	.000000
1.96042	.871177	.000000
1.96116	.871169	.000000
1.9619	.871189	.000000
1.96264	.871220	.000000
1.96339	.871282	.000000
1.96413	.871309	.000000
1.96487	.871287	.000000
1.96562	.871293	.000000
1.96636	.871311	.000000
1.96711	.871311	.000000
1.96786	.871329	.000000
1.9686	.871371	.000000
1.96935	.871420	.000000
1.9701	.871384	.000000
1.97085	.871355	.000000
1.9716	.871415	.000000
1.97235	.871457	.000000
1.9731	.871504	.000000
1.97385	.871457	.000000
1.9746	.871473	.000000
1.97535	.871562	.000000
1.97611	.871602	.000000
1.97686	.871600	.000000
1.97761	.871564	.000000
1.97837	.871546	.000000
1.97912	.871571	.000000
1.97988	.871593	.000000
1.98064	.871604	.000000
1.98139	.871631	.000000
1.98215	.871644	.000000
1.98291	.871673	.000000
1.98367	.871699	.000000
1.98443	.871690	.000000
1.98519	.871631	.000000
1.98595	.871571	.000000
1.98671	.871580	.000000
1.98747	.871646	.000000
1.98823	.871684	.000000
1.98899	.871710	.000000
1.98976	.871742	.000000
1.99052	.871746	.000000
1.99129	.871710	.000000
1.99205	.871633	.000000
1.99282	.871611	.000000
1.99358	.871653	.000000
1.99435	.871620	.000000
1.99512	.871608	.000000
1.99589	.871666	.000000
1.99665	.871719	.000000
1.99742	.871762	.000000
1.99819	.871768	.000000
1.99896	.871784	.000000
1.99973	.871824	.000000
2.00051	.871842	.000000
2.00128	.871842	.000000
2.00205	.871771	.000000
2.00282	.871775	.000000
2.0036	.871826	.000000
2.00437	.871817	.000000
2.00515	.871811	.000000
2.00592	.871821	.000000
2.0067	.871884	.000000
2.00748	.871924	.000000
2.00825	.871935	.000000
2.00903	.871964	.000000
2.00981	.872028	.000000
2.01059	.872013	.000000
2.01137	.872046	.000000
2.01215	.872081	.000000
2.01293	.872092	.000000
2.01371	.872086	.000000
2.0145	.872090	.000000
2.01528	.872133	.000000
2.01606	.872183	.000000
2.01685	.872190	.000000
2.01763	.872163	.000000
2.01842	.872150	.000000
2.0192	.872172	.000000
2.01999	.872164	.000000
2.02078	.872172	.000000
2.02157	.872217	.000000
2.02235	.872237	.000000
2.02314	.872268	.000000
2.02393	.872297	.000000
2.02472	.872292	.000000
2.02552	.872252	.000000
2.02631	.872244	.000000
2.0271	.872263	.000000
2.02789	.872274	.000000
2.02869	.872339	.000000
2.02948	.872395	.000000
2.03027	.872408	.000000
2.03107	.872426	.000000
2.03187	.872405	.000000
2.03266	.872370	.000000
2.03346	.872385	.000000
2.03426	.872395	.000000
2.03506	.872346	.000000
2.03585	.872357	.000000
2.03665	.872468	.000000
2.03745	.872521	.000000
2.03826	.872476	.000000
2.03906	.872445	.000000
2.03986	.872472	.000000
2.04066	.872481	.000000
2.04147	.872417	.000000
2.04227	.872350	.000000
2.04307	.872368	.000000
2.04388	.872412	.000000
2.04469	.872406	.000000
2.04549	.872432	.000000
2.0463	.872501	.000000
2.04711	.872546	.000000
2.04792	.872474	.000000
2.04873	.872421	.000000
2.04954	.872472	.000000
2.05035	.872536	.000000
2.05116	.872505	.000000
2.05197	.872497	.000000
2.05278	.872566	.000000
2.05359	.872603	.000000
2.05441	.872617	.000000
2.05522	.872628	.000000
2.05604	.872597	.000000
2.05685	.872539	.000000
2.05767	.872510	.000000
2.05849	.872485	.000000
2.0593	.872470	.000000
2.06012	.872557	.000000
2.06094	.872614	.000000
2.06176	.872576	.000000
2.06258	.872561	.000000
2.0634	.872574	.000000
2.06422	.872536	.000000
2.06505	.872514	.000000
2.06587	.872559	.000000
2.06669	.872546	.000000
2.06752	.872499	.000000
2.06834	.872457	.000000
2.06917	.872490	.000000
2.06999	.872472	.000000
2.07082	.872439	.000000
2.07165	.872425	.000000
2.07247	.872401	.000000
2.0733	.872428	.000000
2.07413	.872474	.000000
2.07496	.872432	.000000
2.07579	.872406	.000000
2.07662	.872446	.000000
2.07746	.872437	.000000
2.07829	.872423	.000000
2.07912	.872401	.000000
2.07996	.872363	.000000
2.08079	.872345	.000000
2.08163	.872370	.000000
2.08246	.872399	.000000
2.0833	.872374	.000000
2.08414	.872334	.000000
2.08498	.872366	.000000
2.08581	.872368	.000000
2.08665	.872361	.000000
2.08749	.872346	.000000
2.08833	.872283	.000000
2.08918	.872279	.000000
2.09002	.872308	.000000
2.09086	.872310	.000000
2.0917	.872281	.000000
2.09255	.872243	.000000
2.09339	.872192	.000000
2.09424	.872206	.000000
2.09508	.872212	.000000
2.09593	.872239	.000000
2.09678	.872255	.000000
2.09763	.872194	.000000
2.09848	.872179	.000000
2.09933	.872170	.000000
2.10018	.872146	.000000
2.10103	.872148	.000000
2.10188	.872141	.000000
2.10273	.872099	.000000
2.10359	.872121	.000000
2.10444	.872139	.000000
2.10529	.872159	.000000
2.10615	.872170	.000000
2.107	.872150	.000000
2.10786	.872123	.000000
2.10872	.872128	.000000
2.10958	.872093	.000000
2.11044	.872010	.000000
2.11129	.871982	.000000
2.11215	.872026	.000000
2.11302	.872088	.000000
2.11388	.872108	.000000
2.11474	.872126	.000000
2.1156	.872084	.000000
2.11647	.872013	.000000
2.11733	.872021	.000000
2.1182	.872097	.000000
2.11906	.872070	.000000
2.11993	.871992	.000000
2.12079	.871993	.000000
2.12166	.872012	.000000
2.12253	.871964	.000000
2.1234	.871952	.000000
2.12427	.871946	.000000
2.12514	.871955	.000000
2.12601	.871970	.000000
2.12688	.871952	.000000
2.12776	.871933	.000000
2.12863	.871882	.000000
2.1295	.871808	.000000
2.13038	.871835	.000000
2.13126	.871864	.000000
2.13213	.871864	.000000
2.13301	.871853	.000000
2.13389	.871828	.000000
2.13477	.871791	.000000
2.13564	.871782	.000000
2.13652	.871771	.000000
2.13741	.871766	.000000
2.13829	.871799	.000000
2.13917	.871782	.000000
2.14005	.871637	.000000
2.14094	.871586	.000000
2.14182	.871608	.000000
2.14271	.871571	.000000
2.14359	.871577	.000000
2.14448	.871515	.000000
2.14537	.871415	.000000
2.14625	.871386	.000000
2.14714	.871440	.000000
2.14803	.871457	.000000
2.14892	.871364	.000000
2.14981	.871295	.000000
2.15071	.871231	.000000
2.1516	.871220	.000000
2.15249	.871116	.000000
2.15339	.871029	.000000
2.15428	.870971	.000000
2.15518	.870938	.000000
2.15607	.870935	.000000
2.15697	.870853	.000000
2.15787	.870762	.000000
2.15876	.870747	.000000
2.15966	.870691	.000000
2.16056	.870587	.000000
2.16146	.870460	.000000
2.16237	.870363	.000000
2.16327	.870305	.000000
2.16417	.870276	.000000
2.16507	.870212	.000000
2.16598	.870170	.000000
2.16688	.870081	.000000
2.16779	.869954	.000000
2.1687	.869834	.000000
2.1696	.869777	.000000
2.17051	.869727	.000000
2.17142	.869668	.000000
2.17233	.869610	.000000
2.17324	.869541	.000000
2.17415	.869414	.000000
2.17507	.869275	.000000
2.17598	.869130	.000000
2.17689	.869079	.000000
2.17781	.868993	.000000
2.17872	.868824	.000000
2.17964	.868739	.000000
2.18055	.868666	.000000
2.18147	.868573	.000000
2.18239	.868529	.000000
2.18331	.868377	.000000
2.18423	.868176	.000000
2.18515	.868113	.000000
2.18607	.868109	.000000
2.18699	.868038	.000000
2.18792	.867960	.000000
2.18884	.867858	.000000
2.18976	.867733	.000000
2.19069	.867654	.000000
2.19161	.867582	.000000
2.19254	.867522	.000000
2.19347	.867412	.000000
2.1944	.867309	.000000
2.19533	.867240	.000000
2.19626	.867165	.000000
2.19719	.867103	.000000
2.19812	.867034	.000000
2.19905	.866961	.000000
2.19998	.866941	.000000
2.20092	.866817	.000000
2.20185	.866692	.000000
2.20279	.866616	.000000
2.20372	.866574	.000000
2.20466	.866577	.000000
2.2056	.866479	.000000
2.20654	.866364	.000000
2.20748	.866304	.000000
2.20842	.866235	.000000
2.20936	.866248	.000000
2.2103	.866248	.000000
2.21124	.866217	.000000
2.21219	.866108	.000000
2.21313	.866013	.000000
2.21408	.866026	.000000
2.21502	.866050	.000000
2.21597	.866037	.000000
2.21692	.865988	.000000
2.21786	.865897	.000000
2.21881	.865846	.000000
2.21976	.865799	.000000
2.22071	.865744	.000000
2.22167	.865779	.000000
2.22262	.865750	.000000
2.22357	.865673	.000000
2.22453	.865640	.000000
2.22548	.865620	.000000
2.22644	.865606	.000000
2.22739	.865573	.000000
2.22835	.865544	.000000
2.22931	.865549	.000000
2.23027	.865477	.000000
2.23123	.865457	.000000
2.23219	.865513	.000000
2.23315	.865511	.000000
2.23411	.865482	.000000
2.23507	.865477	.000000
2.23604	.865437	.000000
2.237	.865395	.000000
2.23797	.865409	.000000
2.23893	.865453	.000000
2.2399	.865471	.000000
2.24087	.865486	.000000
2.24184	.865495	.000000
2.24281	.865526	.000000
2.24378	.865549	.000000
2.24475	.865520	.000000
2.24572	.865506	.000000
2.2467	.865533	.000000
2.24767	.865542	.000000
2.24864	.865540	.000000
2.24962	.865537	.000000
2.2506	.865613	.000000
2.25157	.865675	.000000
2.25255	.865660	.000000
2.25353	.865686	.000000
2.25451	.865699	.000000
2.25549	.865731	.000000
2.25647	.865750	.000000
2.25746	.865729	.000000
2.25844	.865755	.000000
2.25942	.865797	.000000
2.26041	.865857	.000000
2.26139	.865844	.000000
2.26238	.865811	.000000
2.26337	.865815	.000000
2.26436	.865762	.000000
2.26535	.865806	.000000
2.26634	.865931	.000000
2.26733	.865933	.000000
2.26832	.865915	.000000
2.26931	.865961	.000000
2.27031	.865991	.000000
2.2713	.865986	.000000
2.2723	.866004	.000000
2.27329	.866035	.000000
2.27429	.866037	.000000
2.27529	.866013	.000000
2.27629	.866046	.000000
2.27729	.866086	.000000
2.27829	.866153	.000000
2.27929	.866172	.000000
2.28029	.866095	.000000
2.28129	.866024	.000000
2.2823	.865997	.000000
2.2833	.866015	.000000
2.28431	.866064	.000000
2.28532	.866088	.000000
2.28632	.866053	.000000
2.28733	.866052	.000000
2.28834	.866006	.000000
2.28935	.866021	.000000
2.29036	.866032	.000000
2.29138	.866082	.000000
2.29239	.866119	.000000
2.2934	.866090	.000000
2.29442	.866119	.000000
2.29543	.866133	.000000
2.29645	.866106	.000000
2.29747	.866132	.000000
2.29849	.866172	.000000
2.29951	.866086	.000000
2.30053	.865981	.000000
2.30155	.865975	.000000
2.30257	.866002	.000000
2.30359	.866022	.000000
2.30462	.866037	.000000
2.30564	.865937	.000000
2.30667	.865882	.000000
2.30769	.865910	.000000
2.30872	.865862	.000000
2.30975	.865766	.000000
2.31078	.865728	.000000
2.31181	.865702	.000000
2.31284	.865639	.000000
2.31387	.865709	.000000
2.31491	.865873	.000000
2.31594	.866053	.000000
2.31698	.866272	.000000
2.31801	.866474	.000000
2.31905	.866594	.000000
2.32009	.866670	.000000
2.32112	.866801	.000000
2.32216	.866887	.000000
2.3232	.866876	.000000
2.32425	.866872	.000000
2.32529	.866887	.000000
2.32633	.866923	.000000
2.32738	.866945	.000000
2.32842	.866899	.000000
2.32947	.866897	.000000
2.33051	.866892	.000000
2.33156	.866821	.000000
2.33261	.866776	.000000
2.33366	.866705	.000000
2.33471	.866668	.000000
2.33576	.866721	.000000
2.33682	.866676	.000000
2.33787	.866619	.000000
2.33893	.866579	.000000
2.33998	.866550	.000000
2.34104	.866401	.000000
2.34209	.866290	.000000
2.34315	.866288	.000000
2.34421	.866273	.000000
2.34527	.866228	.000000
2.34633	.866164	.000000
2.3474	.866052	.000000
2.34846	.865901	.000000
2.34952	.865757	.000000
2.35059	.865686	.000000
2.35166	.865626	.000000
2.35272	.865568	.000000
2.35379	.865573	.000000
2.35486	.865653	.000000
2.35593	.865715	.000000
2.357	.865748	.000000
2.35807	.865791	.000000
2.35915	.865773	.000000
2.36022	.865677	.000000
2.36129	.865566	.000000
2.36237	.865518	.000000
2.36345	.865466	.000000
2.36452	.865351	.000000
2.3656	.865311	.000000
2.36668	.865271	.000000
2.36776	.865182	.000000
2.36885	.865098	.000000
2.36993	.865002	.000000
2.37101	.864920	.000000
2.3721	.864798	.000000
2.37318	.864685	.000000
2.37427	.864620	.000000
2.37536	.864560	.000000
2.37645	.864467	.000000
2.37754	.864418	.000000
2.37863	.864334	.000000
2.37972	.864185	.000000
2.38081	.864114	.000000
2.38191	.864001	.000000
2.383	.863892	.000000
2.3841	.863823	.000000
2.38519	.863752	.000000
2.38629	.863655	.000000
2.38739	.863530	.000000
2.38849	.863430	.000000
2.38959	.863346	.000000
2.39069	.863263	.000000
2.39179	.863139	.000000
2.3929	.863048	.000000
2.394	.862986	.000000
2.39511	.862897	.000000
2.39622	.862746	.000000
2.39732	.862671	.000000
2.39843	.862651	.000000
2.39954	.862551	.000000
2.40065	.862435	.000000
2.40177	.862431	.000000
2.40288	.862386	.000000
2.40399	.862238	.000000
2.40511	.862138	.000000
2.40622	.862051	.000000
2.40734	.861942	.000000
2.40846	.861865	.000000
2.40958	.861745	.000000
2.4107	.861663	.000000
2.41182	.861583	.000000
2.41294	.861487	.000000
2.41407	.861369	.000000
2.41519	.861190	.000000
2.41632	.861087	.000000
2.41744	.861050	.000000
2.41857	.860967	.000000
2.4197	.860797	.000000
2.42083	.860679	.000000
2.42196	.860581	.000000
2.42309	.860484	.000000
2.42423	.860395	.000000
2.42536	.860270	.000000
2.42649	.860019	.000000
2.42763	.859904	.000000
2.42877	.859891	.000000
2.42991	.859773	.000000
2.43105	.859633	.000000
2.43219	.859477	.000000
2.43333	.859353	.000000
2.43447	.859220	.000000
2.43561	.859153	.000000
2.43676	.859082	.000000
2.4379	.858922	.000000
2.43905	.858771	.000000
2.4402	.858689	.000000
2.44135	.858594	.000000
2.4425	.858487	.000000
2.44365	.858412	.000000
2.4448	.858314	.000000
2.44595	.858248	.000000
2.44711	.858174	.000000
2.44826	.858097	.000000
2.44942	.858007	.000000
2.45058	.857872	.000000
2.45174	.857783	.000000
2.4529	.857705	.000000
2.45406	.857517	.000000
2.45522	.857401	.000000
2.45638	.857357	.000000
2.45755	.857301	.000000
2.45871	.857215	.000000
2.45988	.857126	.000000
2.46105	.857008	.000000
2.46221	.856864	.000000
2.46338	.856726	.000000
2.46455	.856638	.000000
2.46573	.856553	.000000
2.4669	.856506	.000000
2.46807	.856402	.000000
2.46925	.856302	.000000
2.47043	.856256	.000000
2.4716	.856118	.000000
2.47278	.856054	.000000
2.47396	.855976	.000000
2.47514	.855832	.000000
2.47632	.855771	.000000
2.47751	.855763	.000000
2.47869	.855683	.000000
2.47988	.855569	.000000
2.48106	.855479	.000000
2.48225	.855379	.000000
2.48344	.855305	.000000
2.48463	.855165	.000000
2.48582	.855023	.000000
2.48701	.854899	.000000
2.48821	.854797	.000000
2.4894	.854732	.000000
2.4906	.854719	.000000
2.49179	.854684	.000000
2.49299	.854643	.000000
2.49419	.854544	.000000
2.49539	.854446	.000000
2.49659	.854375	.000000
2.49779	.854333	.000000
2.499	.854270	.000000
2.5002	.854206	.000000
2.50141	.854117	.000000
2.50262	.854013	.000000
2.50383	.853902	.000000
2.50503	.853862	.000000
2.50625	.853851	.000000
2.50746	.853768	.000000
2.50867	.853644	.000000
2.50989	.853615	.000000
2.5111	.853562	.000000
2.51232	.853478	.000000
2.51353	.853407	.000000
2.51475	.853325	.000000
2.51597	.853256	.000000
2.51719	.853209	.000000
2.51842	.853114	.000000
2.51964	.853113	.000000
2.52087	.853076	.000000
2.52209	.852920	.000000
2.52332	.852856	.000000
2.52455	.852832	.000000
2.52578	.852758	.000000
2.52701	.852641	.000000
2.52824	.852567	.000000
2.52947	.852565	.000000
2.53071	.852530	.000000
2.53194	.852487	.000000
2.53318	.852419	.000000
2.53442	.852325	.000000
2.53566	.852236	.000000
2.5369	.852227	.000000
2.53814	.852236	.000000
2.53938	.852197	.000000
2.54063	.852101	.000000
2.54187	.851921	.000000
2.54312	.851786	.000000
2.54437	.851724	.000000
2.54562	.851695	.000000
2.54687	.851701	.000000
2.54812	.851641	.000000
2.54937	.851530	.000000
2.55063	.851422	.000000
2.55188	.851401	.000000
2.55314	.851401	.000000
2.55439	.851346	.000000
2.55565	.851179	.000000
2.55691	.851088	.000000
2.55817	.850986	.000000
2.55944	.850871	.000000
2.5607	.850860	.000000
2.56197	.850858	.000000
2.56323	.850733	.000000
2.5645	.850622	.000000
2.56577	.850556	.000000
2.56704	.850535	.000000
2.56831	.850425	.000000
2.56958	.850284	.000000
2.57086	.850233	.000000
2.57213	.850180	.000000
2.57341	.850174	.000000
2.57469	.850138	.000000
2.57597	.849967	.000000
2.57725	.849911	.000000
2.57853	.849807	.000000
2.57981	.849669	.000000
2.5811	.849616	.000000
2.58238	.849565	.000000
2.58367	.849472	.000000
2.58496	.849348	.000000
2.58624	.849176	.000000
2.58754	.849137	.000000
2.58883	.849096	.000000
2.59012	.848981	.000000
2.59141	.848797	.000000
2.59271	.848673	.000000
2.59401	.848570	.000000
2.59531	.848639	.000000
2.5966	.848555	.000000
2.59791	.848288	.000000
2.59921	.848066	.000000
2.60051	.847957	.000000
2.60182	.847887	.000000
2.60312	.847758	.000000
2.60443	.847578	.000000
2.60574	.847511	.000000
2.60705	.847391	.000000
2.60836	.847234	.000000
2.60967	.847125	.000000
2.61099	.846943	.000000
2.6123	.846676	.000000
2.61362	.846507	.000000
2.61494	.846448	.000000
2.61626	.846239	.000000
2.61758	.846032	.000000
2.6189	.845817	.000000
2.62022	.845595	.000000
2.62155	.845451	.000000
2.62287	.845186	.000000
2.6242	.844949	.000000
2.62553	.844756	.000000
2.62686	.844569	.000000
2.62819	.844340	.000000
2.62952	.844020	.000000
2.63086	.843829	.000000
2.63219	.843578	.000000
2.63353	.843194	.000000
2.63487	.842895	.000000
2.63621	.842606	.000000
2.63755	.842302	.000000
2.63889	.841927	.000000
2.64023	.841509	.000000
2.64158	.841081	.000000
2.64293	.840696	.000000
2.64427	.840265	.000000
2.64562	.839819	.000000
2.64697	.839288	.000000
2.64832	.838733	.000000
2.64968	.838154	.000000
2.65103	.837521	.000000
2.65239	.836784	.000000
2.65375	.836015	.000000
2.6551	.835105	.000000
2.65646	.834130	.000000
2.65783	.833011	.000000
2.65919	.831705	.000000
2.66055	.830260	.000000
2.66192	.828674	.000000
2.66329	.826873	.000000
2.66466	.825024	.000000
2.66603	.822999	.000000
2.6674	.820592	.000000
2.66877	.817385	.000000
2.67014	.813211	.000000
2.67152	.808734	.000000
2.6729	.804608	.000000
2.67427	.801404	.000000
2.67565	.799179	.000000
2.67704	.797509	.000000
2.67842	.795937	.000000
2.6798	.794130	.000000
2.68119	.791960	.000000
2.68258	.789366	.000000
2.68396	.786400	.000000
2.68535	.783102	.000000
2.68675	.779469	.000000
2.68814	.775448	.000000
2.68953	.771269	.000000
2.69093	.766773	.000000
2.69233	.761825	.000000
2.69372	.756516	.000000
2.69512	.750976	.000000
2.69653	.745235	.000000
2.69793	.739564	.000000
2.69933	.734235	.000000
2.70074	.729559	.000000
2.70215	.725693	.000000
2.70356	.722666	.000000
2.70497	.720379	.000000
2.70638	.718622	.000000
2.70779	.717030	.000000
2.70921	.715425	.000000
2.71062	.713513	.000000
2.71204	.711283	.000000
2.71346	.708754	.000000
2.71488	.706010	.000000
2.7163	.703086	.000000
2.71772	.700070	.000000
2.71915	.696875	.000000
2.72058	.693353	.000000
2.722	.689593	.000000
2.72343	.685861	.000000
2.72486	.682123	.000000
2.7263	.678291	.000000
2.72773	.674354	.000000
2.72917	.670517	.000000
2.7306	.666611	.000000
2.73204	.662634	.000000
2.73348	.658662	.000000
2.73493	.654600	.000000
2.73637	.650607	.000000
2.73781	.646630	.000000
2.73926	.642647	.000000
2.74071	.638746	.000000
2.74216	.634842	.000000
2.74361	.630849	.000000
2.74506	.626826	.000000
2.74651	.622888	.000000
2.74797	.619096	.000000
2.74943	.615266	.000000
2.75089	.611459	.000000
2.75234	.607776	.000000
2.75381	.604220	.000000
2.75527	.600950	.000000
2.75673	.597925	.000000
2.7582	.595021	.000000
2.75967	.592405	.000000
2.76114	.590127	.000000
2.76261	.588099	.000000
2.76408	.586210	.000000
2.76556	.584280	.000000
2.76703	.582359	.000000
2.76851	.580436	.000000
2.76999	.578493	.000000
2.77147	.576593	.000000
2.77295	.574767	.000000
2.77443	.572873	.000000
2.77592	.571123	.000000
2.77741	.569471	.000000
2.77889	.567826	.000000
2.78038	.566174	.000000
2.78188	.564659	.000000
2.78337	.563241	.000000
2.78486	.561788	.000000
2.78636	.560394	.000000
2.78786	.559046	.000000
2.78936	.557738	.000000
2.79086	.556524	.000000
2.79236	.555362	.000000
2.79387	.554267	.000000
2.79537	.553201	.000000
2.79688	.552171	.000000
2.79839	.551174	.000000
2.7999	.550266	.000000
2.80141	.549387	.000000
2.80293	.548589	.000000
2.80444	.547795	.000000
2.80596	.547082	.000000
2.80748	.546498	.000000
2.809	.545929	.000000
2.81052	.545299	.000000
2.81205	.544677	.000000
2.81357	.544133	.000000
2.8151	.543656	.000000
2.81663	.543176	.000000
2.81816	.542681	.000000
2.81969	.542179	.000000
2.82123	.541773	.000000
2.82276	.541422	.000000
2.8243	.541078	.000000
2.82584	.540689	.000000
2.82738	.540247	.000000
2.82892	.539829	.000000
2.83047	.539443	.000000
2.83201	.539054	.000000
2.83356	.538586	.000000
2.83511	.538082	.000000
2.83666	.537725	.000000
2.83821	.537393	.000000
2.83977	.536987	.000000
2.84132	.536512	.000000
2.84288	.536108	.000000
2.84444	.535690	.000000
2.846	.535286	.000000
2.84757	.534926	.000000
2.84913	.534503	.000000
2.8507	.534065	.000000
2.85226	.533583	.000000
2.85383	.533090	.000000
2.8554	.532741	.000000
2.85698	.532386	.000000
2.85855	.531938	.000000
2.86013	.531540	.000000
2.86171	.531150	.000000
2.86329	.530723	.000000
2.86487	.530315	.000000
2.86645	.529946	.000000
2.86804	.529597	.000000
2.86963	.529233	.000000
2.87122	.528789	.000000
2.87281	.528394	.000000
2.8744	.528105	.000000
2.87599	.527788	.000000
2.87759	.527375	.000000
2.87919	.527004	.000000
2.88079	.526724	.000000
2.88239	.526398	.000000
2.88399	.526033	.000000
2.8856	.525745	.000000
2.8872	.525509	.000000
2.88881	.525152	.000000
2.89042	.524825	.000000
2.89203	.524575	.000000
2.89365	.524317	.000000
2.89526	.524075	.000000
2.89688	.523808	.000000
2.8985	.523560	.000000
2.90012	.523306	.000000
2.90174	.523054	.000000
2.90337	.522809	.000000
2.90499	.522516	.000000
2.90662	.522216	.000000
2.90825	.522010	.000000
2.90988	.521832	.000000
2.91152	.521588	.000000
2.91315	.521366	.000000
2.91479	.521173	.000000
2.91643	.521061	.000000
2.91807	.520864	.000000
2.91972	.520646	.000000
2.92136	.520544	.000000
2.92301	.520420	.000000
2.92466	.520285	.000000
2.92631	.520162	.000000
2.92796	.520009	.000000
2.92961	.519913	.000000
2.93127	.519782	.000000
2.93293	.519689	.000000
2.93459	.519672	.000000
2.93625	.519589	.000000
2.93791	.519489	.000000
2.93958	.519507	.000000
2.94124	.519492	.000000
2.94291	.519418	.000000
2.94459	.519378	.000000
2.94626	.519447	.000000
2.94793	.519461	.000000
2.94961	.519430	.000000
2.95129	.519430	.000000
2.95297	.519450	.000000
2.95465	.519512	.000000
2.95634	.519571	.000000
2.95802	.519638	.000000
2.95971	.519663	.000000
2.9614	.519743	.000000
2.96309	.519894	.000000
2.96479	.520033	.000000
2.96648	.520073	.000000
2.96818	.520118	.000000
2.96988	.520256	.000000
2.97158	.520389	.000000
2.97329	.520509	.000000
2.97499	.520682	.000000
2.9767	.520844	.000000
2.97841	.520966	.000000
2.98012	.521099	.000000
2.98184	.521312	.000000
2.98355	.521610	.000000
2.98527	.521821	.000000
2.98699	.522037	.000000
2.98871	.522225	.000000
2.99043	.522378	.000000
2.99216	.522611	.000000
2.99389	.522898	.000000
2.99562	.523153	.000000
2.99735	.523438	.000000
2.99908	.523669	.000000
3.00082	.523940	.000000
3.00255	.524206	.000000
3.00429	.524435	.000000
3.00604	.524706	.000000
3.00778	.525027	.000000
3.00953	.525305	.000000
3.01127	.525569	.000000
3.01302	.525851	.000000
3.01477	.526109	.000000
3.01653	.526404	.000000
3.01828	.526649	.000000
3.02004	.526890	.000000
3.0218	.527101	.000000
3.02356	.527314	.000000
3.02533	.527574	.000000
3.02709	.527774	.000000
3.02886	.528016	.000000
3.03063	.528274	.000000
3.03241	.528494	.000000
3.03418	.528689	.000000
3.03596	.528965	.000000
3.03773	.529182	.000000
3.03952	.529346	.000000
3.0413	.529524	.000000
3.04308	.529673	.000000
3.04487	.529868	.000000
3.04666	.530050	.000000
3.04845	.530219	.000000
3.05024	.530412	.000000
3.05204	.530623	.000000
3.05383	.530776	.000000
3.05563	.530936	.000000
3.05744	.531101	.000000
3.05924	.531238	.000000
3.06105	.531485	.000000
3.06285	.531702	.000000
3.06466	.531789	.000000
3.06648	.531967	.000000
3.06829	.532184	.000000
3.07011	.532346	.000000
3.07193	.532553	.000000
3.07375	.532764	.000000
3.07557	.532972	.000000
3.0774	.533201	.000000
3.07922	.533401	.000000
3.08105	.533636	.000000
3.08288	.533905	.000000
3.08472	.534016	.000000
3.08655	.534238	.000000
3.08839	.534547	.000000
3.09023	.534818	.000000
3.09208	.535129	.000000
3.09392	.535444	.000000
3.09577	.535717	.000000
3.09762	.536017	.000000
3.09947	.536348	.000000
3.10132	.536739	.000000
3.10318	.537090	.000000
3.10504	.537409	.000000
3.1069	.537796	.000000
3.10876	.538211	.000000
3.11062	.538677	.000000
3.11249	.539121	.000000
3.11436	.539507	.000000
3.11623	.539998	.000000
3.11811	.540482	.000000
3.11998	.540937	.000000
3.12186	.541368	.000000
3.12374	.541744	.000000
3.12562	.542228	.000000
3.12751	.542767	.000000
3.1294	.543287	.000000
3.13129	.543766	.000000
3.13318	.544242	.000000
3.13507	.544784	.000000
3.13697	.545345	.000000
3.13887	.545872	.000000
3.14077	.546447	.000000
3.14267	.546971	.000000
3.14458	.547390	.000000
3.14649	.547884	.000000
3.1484	.548461	.000000
3.15031	.549042	.000000
3.15223	.549629	.000000
3.15414	.550222	.000000
3.15606	.550821	.000000
3.15798	.551414	.000000
3.15991	.551952	.000000
3.16184	.552520	.000000
3.16376	.553135	.000000
3.1657	.553717	.000000
3.16763	.554281	.000000
3.16957	.554863	.000000
3.1715	.555466	.000000
3.17345	.556126	.000000
3.17539	.556779	.000000
3.17733	.557469	.000000
3.17928	.558025	.000000
3.18123	.558655	.000000
3.18319	.559315	.000000
3.18514	.559885	.000000
3.1871	.560480	.000000
3.18906	.561158	.000000
3.19102	.561808	.000000
3.19299	.562437	.000000
3.19495	.563058	.000000
3.19692	.563760	.000000
3.1989	.564464	.000000
3.20087	.565084	.000000
3.20285	.565732	.000000
3.20483	.566500	.000000
3.20681	.567218	.000000
3.20879	.567744	.000000
3.21078	.568252	.000000
3.21277	.568914	.000000
3.21476	.569627	.000000
3.21676	.570240	.000000
3.21875	.570926	.000000
3.22075	.571683	.000000
3.22275	.572423	.000000
3.22476	.573095	.000000
3.22676	.573715	.000000
3.22877	.574354	.000000
3.23078	.574961	.000000
3.2328	.575671	.000000
3.23481	.576364	.000000
3.23683	.577012	.000000
3.23886	.577721	.000000
3.24088	.578396	.000000
3.24291	.579053	.000000
3.24494	.579748	.000000
3.24697	.580461	.000000
3.249	.581203	.000000
3.25104	.581853	.000000
3.25308	.582419	.000000
3.25512	.583106	.000000
3.25717	.583843	.000000
3.25921	.584538	.000000
3.26126	.585233	.000000
3.26332	.585925	.000000
3.26537	.586552	.000000
3.26743	.587256	.000000
3.26949	.588008	.000000
3.27155	.588652	.000000
3.27362	.589217	.000000
3.27568	.589976	.000000
3.27776	.590846	.000000
3.27983	.591515	.000000
3.2819	.592063	.000000
3.28398	.592696	.000000
3.28606	.593349	.000000
3.28815	.594039	.000000
3.29023	.594741	.000000
3.29232	.595303	.000000
3.29441	.595902	.000000
3.29651	.596597	.000000
3.2986	.597248	.000000
3.3007	.597883	.000000
3.30281	.598594	.000000
3.30491	.599289	.000000
3.30702	.599873	.000000
3.30913	.600541	.000000
3.31124	.601214	.000000
3.31336	.601714	.000000
3.31548	.602229	.000000
3.3176	.602950	.000000
3.31972	.603623	.000000
3.32185	.604287	.000000
3.32398	.604862	.000000
3.32611	.605548	.000000
3.32825	.606199	.000000
3.33038	.606628	.000000
3.33252	.607127	.000000
3.33467	.607764	.000000
3.33681	.608271	.000000
3.33896	.608722	.000000
3.34111	.609115	.000000
3.34327	.609625	.000000
3.34542	.610054	.000000
3.34758	.610374	.000000
3.34975	.610733	.000000
3.35191	.610989	.000000
3.35408	.611248	.000000
3.35625	.611524	.000000
3.35842	.611786	.000000
3.3606	.611910	.000000
3.36278	.611904	.000000
3.36496	.611892	.000000
3.36715	.611944	.000000
3.36933	.612081	.000000
3.37153	.612150	.000000
3.37372	.612376	.000000
3.37592	.612818	.000000
3.37811	.613371	.000000
3.38032	.614108	.000000
3.38252	.614861	.000000
3.38473	.615470	.000000
3.38694	.616052	.000000
3.38915	.616631	.000000
3.39137	.617049	.000000
3.39359	.617344	.000000
3.39581	.617455	.000000
3.39804	.617359	.000000
3.40027	.617131	.000000
3.4025	.616947	.000000
3.40473	.616809	.000000
3.40697	.616676	.000000
3.40921	.616675	.000000
3.41145	.616644	.000000
3.4137	.616624	.000000
3.41595	.616869	.000000
3.4182	.617433	.000000
3.42045	.618239	.000000
3.42271	.619205	.000000
3.42497	.620450	.000000
3.42723	.621965	.000000
3.4295	.623568	.000000
3.43177	.625116	.000000
3.43404	.626428	.000000
3.43632	.627685	.000000
3.4386	.628889	.000000
3.44088	.629950	.000000
3.44316	.630982	.000000
3.44545	.631982	.000000
3.44774	.632890	.000000
3.45004	.633736	.000000
3.45233	.634644	.000000
3.45463	.635574	.000000
3.45694	.636387	.000000
3.45924	.637207	.000000
3.46155	.637961	.000000
3.46386	.638583	.000000
3.46618	.639238	.000000
3.4685	.639787	.000000
3.47082	.640289	.000000
3.47315	.640871	.000000
3.47547	.641386	.000000
3.4778	.641985	.000000
3.48014	.642727	.000000
3.48247	.643448	.000000
3.48481	.644002	.000000
3.48716	.644379	.000000
3.4895	.644679	.000000
3.49185	.644887	.000000
3.49421	.644992	.000000
3.49656	.645016	.000000
3.49892	.645090	.000000
3.50129	.645429	.000000
3.50365	.646033	.000000
3.50602	.646826	.000000
3.50839	.647874	.000000
3.51077	.649342	.000000
3.51315	.651171	.000000
3.51553	.652990	.000000
3.51791	.654707	.000000
3.5203	.656226	.000000
3.52269	.657558	.000000
3.52509	.658832	.000000
3.52749	.660023	.000000
3.52989	.661088	.000000
3.53229	.662187	.000000
3.5347	.663274	.000000
3.53711	.664131	.000000
3.53953	.665045	.000000
3.54194	.665996	.000000
3.54436	.666782	.000000
3.54679	.667597	.000000
3.54922	.668456	.000000
3.55165	.669154	.000000
3.55408	.669906	.000000
3.55652	.670619	.000000
3.55896	.671278	.000000
3.5614	.671905	.000000
3.56385	.672651	.000000
3.5663	.673381	.000000
3.56876	.674050	.000000
3.57121	.674663	.000000
3.57367	.675275	.000000
3.57614	.675968	.000000
3.57861	.676741	.000000
3.58108	.677425	.000000
3.58355	.678069	.000000
3.58603	.678759	.000000
3.58851	.679425	.000000
3.591	.679987	.000000
3.59349	.680660	.000000
3.59598	.681378	.000000
3.59848	.682030	.000000
3.60097	.682610	.000000
3.60348	.683158	.000000
3.60598	.683787	.000000
3.60849	.684384	.000000
3.611	.685003	.000000
3.61352	.685632	.000000
3.61604	.686258	.000000
3.61856	.686704	.000000
3.62109	.687242	.000000
3.62362	.687921	.000000
3.62615	.688567	.000000
3.62869	.689129	.000000
3.63123	.689655	.000000
3.63378	.690240	.000000
3.63633	.690730	.000000
3.63888	.691286	.000000
3.64143	.691925	.000000
3.64399	.692474	.000000
3.64655	.693031	.000000
3.64912	.693615	.000000
3.65169	.694092	.000000
3.65426	.694543	.000000
3.65684	.695038	.000000
3.65942	.695609	.000000
3.66201	.696224	.000000
3.66459	.696750	.000000
3.66719	.697288	.000000
3.66978	.697818	.000000
3.67238	.698320	.000000
3.67498	.698838	.000000
3.67759	.699364	.000000
3.6802	.700006	.000000
3.68281	.700485	.000000
3.68543	.700938	.000000
3.68805	.701496	.000000
3.69068	.701988	.000000
3.69331	.702464	.000000
3.69594	.703017	.000000
3.69857	.703565	.000000
3.70121	.704003	.000000
3.70386	.704475	.000000
3.7065	.705100	.000000
3.70916	.705726	.000000
3.71181	.706263	.000000
3.71447	.706723	.000000
3.71713	.707202	.000000
3.7198	.707733	.000000
3.72247	.708221	.000000
3.72514	.708663	.000000
3.72782	.709123	.000000
3.7305	.709490	.000000
3.73319	.709934	.000000
3.73588	.710315	.000000
3.73857	.710771	.000000
3.74127	.711195	.000000
3.74397	.711646	.000000
3.74668	.712099	.000000
3.74939	.712547	.000000
3.7521	.712971	.000000
3.75482	.713169	.000000
3.75754	.713515	.000000
3.76026	.714092	.000000
3.76299	.714606	.000000
3.76572	.715008	.000000
3.76846	.715329	.000000
3.7712	.715532	.000000
3.77394	.715980	.000000
3.77669	.716422	.000000
3.77945	.716691	.000000
3.7822	.716955	.000000
3.78496	.717253	.000000
3.78773	.717563	.000000
3.7905	.717945	.000000
3.79327	.718345	.000000
3.79605	.718656	.000000
3.79883	.719027	.000000
3.80161	.719207	.000000
3.8044	.719342	.000000
3.80719	.719715	.000000
3.80999	.720119	.000000
3.81279	.720343	.000000
3.8156	.720637	.000000
3.81841	.720978	.000000
3.82122	.721176	.000000
3.82404	.721218	.000000
3.82686	.721429	.000000
3.82969	.721711	.000000
3.83252	.721858	.000000
3.83535	.722076	.000000
3.83819	.722348	.000000
3.84104	.722466	.000000
3.84388	.722568	.000000
3.84673	.722884	.000000
3.84959	.723088	.000000
3.85245	.723172	.000000
3.85531	.723292	.000000
3.85818	.723379	.000000
3.86106	.723368	.000000
3.86393	.723330	.000000
3.86681	.723437	.000000
3.8697	.723550	.000000
3.87259	.723634	.000000
3.87548	.723634	.000000
3.87838	.723659	.000000
3.88128	.723718	.000000
3.88419	.723787	.000000
3.8871	.723830	.000000
3.89002	.723879	.000000
3.89294	.723918	.000000
3.89587	.723870	.000000
3.89879	.723907	.000000
3.90174	.723887	.000000
3.90468	.723894	.000000
3.90762	.723854	.000000
3.91057	.723850	.000000
3.91352	.723819	.000000
3.91648	.723808	.000000
3.91944	.723799	.000000
3.9224	.723765	.000000
3.92537	.723730	.000000
3.92835	.723705	.000000
3.93132	.723643	.000000
3.93431	.723596	.000000
3.93729	.723539	.000000
3.94029	.723448	.000000
3.94328	.723301	.000000
3.94628	.723168	.000000
3.94929	.723073	.000000
3.9523	.722972	.000000
3.95531	.722842	.000000
3.95833	.722711	.000000
3.96136	.722559	.000000
3.96439	.722411	.000000
3.96742	.722264	.000000
3.97046	.722117	.000000
3.9735	.721916	.000000
3.97655	.721751	.000000
3.9796	.721576	.000000
3.98265	.721380	.000000
3.98572	.721145	.000000
3.98878	.720970	.000000
3.99185	.720759	.000000
3.99493	.720488	.000000
3.99801	.720195	.000000
4.00109	.719926	.000000
4.00418	.719691	.000000
4.00728	.719429	.000000
4.01038	.719164	.000000
4.01348	.718900	.000000
4.01659	.718654	.000000
4.0197	.718432	.000000
4.02282	.718165	.000000
4.02594	.717881	.000000
4.02907	.717574	.000000
4.0322	.717303	.000000
4.03534	.717042	.000000
4.03849	.716773	.000000
4.04163	.716460	.000000
4.04479	.716195	.000000
4.04794	.715958	.000000
4.05111	.715696	.000000
4.05427	.715420	.000000
4.05745	.715074	.000000
4.06062	.714754	.000000
4.0638	.714534	.000000
4.06699	.714264	.000000
4.07018	.713953	.000000
4.07338	.713620	.000000
4.07658	.713375	.000000
4.07979	.713105	.000000
4.083	.712809	.000000
4.08622	.712560	.000000
4.08944	.712330	.000000
4.09267	.712067	.000000
4.0959	.711779	.000000
4.09914	.711499	.000000
4.10238	.711237	.000000
4.10563	.710962	.000000
4.10889	.710673	.000000
4.11214	.710360	.000000
4.11541	.710109	.000000
4.11868	.709873	.000000
4.12195	.709609	.000000
4.12523	.709301	.000000
4.12851	.709036	.000000
4.1318	.708777	.000000
4.1351	.708490	.000000
4.1384	.708168	.000000
4.1417	.707884	.000000
4.14502	.707638	.000000
4.14833	.707347	.000000
4.15165	.707023	.000000
4.15498	.706745	.000000
4.15831	.706467	.000000
4.16165	.706156	.000000
4.16499	.705828	.000000
4.16834	.705550	.000000
4.17169	.705257	.000000
4.17505	.704962	.000000
4.17842	.704709	.000000
4.18179	.704453	.000000
4.18516	.704144	.000000
4.18854	.703818	.000000
4.19193	.703514	.000000
4.19532	.703243	.000000
4.19871	.702906	.000000
4.20212	.702546	.000000
4.20553	.702233	.000000
4.20894	.701953	.000000
4.21236	.701642	.000000
4.21578	.701274	.000000
4.21921	.700867	.000000
4.22265	.700476	.000000
4.22609	.699986	.000000
4.22954	.699544	.000000
4.23299	.699046	.000000
4.23645	.698476	.000000
4.23991	.697954	.000000
4.24338	.697381	.000000
4.24686	.696726	.000000
4.25034	.696108	.000000
4.25383	.695418	.000000
4.25732	.694619	.000000
4.26082	.693773	.000000
4.26432	.692915	.000000
4.26783	.692003	.000000
4.27135	.691054	.000000
4.27487	.690064	.000000
4.27839	.689038	.000000
4.28193	.687928	.000000
4.28547	.686802	.000000
4.28901	.685556	.000000
4.29256	.684315	.000000
4.29612	.683080	.000000
4.29968	.681791	.000000
4.30325	.680476	.000000
4.30682	.679166	.000000
4.3104	.677874	.000000
4.31399	.676650	.000000
4.31758	.675420	.000000
4.32118	.674243	.000000
4.32478	.673141	.000000
4.32839	.672080	.000000
4.33201	.671030	.000000
4.33563	.670033	.000000
4.33926	.669031	.000000
4.34289	.668068	.000000
4.34653	.667150	.000000
4.35018	.666273	.000000
4.35383	.665396	.000000
4.35749	.664528	.000000
4.36115	.663695	.000000
4.36482	.662876	.000000
4.3685	.662125	.000000
4.37218	.661455	.000000
4.37588	.660731	.000000
4.37957	.660000	.000000
4.38327	.659350	.000000
4.38698	.658797	.000000
4.3907	.658195	.000000
4.39442	.657653	.000000
4.39814	.657187	.000000
4.40188	.656812	.000000
4.40562	.656521	.000000
4.40936	.656283	.000000
4.41311	.656050	.000000
4.41687	.655904	.000000
4.42064	.655792	.000000
4.42441	.655710	.000000
4.42819	.655693	.000000
4.43197	.655664	.000000
4.43577	.655579	.000000
4.43956	.655561	.000000
4.44337	.655544	.000000
4.44718	.655459	.000000
4.451	.655339	.000000
4.45482	.655237	.000000
4.45865	.655064	.000000
4.46249	.654893	.000000
4.46633	.654644	.000000
4.47018	.654389	.000000
4.47404	.654080	.000000
4.4779	.653714	.000000
4.48177	.653314	.000000
4.48565	.652870	.000000
4.48953	.652348	.000000
4.49342	.651811	.000000
4.49732	.651194	.000000
4.50122	.650499	.000000
4.50513	.649795	.000000
4.50905	.649029	.000000
4.51298	.648225	.000000
4.51691	.647423	.000000
4.52084	.646526	.000000
4.52479	.645578	.000000
4.52874	.644514	.000000
4.5327	.643455	.000000
4.53667	.642403	.000000
4.54064	.641299	.000000
4.54462	.640115	.000000
4.5486	.638883	.000000
4.5526	.637598	.000000
4.5566	.636307	.000000
4.56061	.634962	.000000
4.56462	.633591	.000000
4.56864	.632142	.000000
4.57267	.630605	.000000
4.57671	.629046	.000000
4.58075	.627487	.000000
4.5848	.625833	.000000
4.58886	.624146	.000000
4.59292	.622391	.000000
4.59699	.620608	.000000
4.60107	.618725	.000000
4.60516	.616776	.000000
4.60925	.614772	.000000
4.61335	.612758	.000000
4.61746	.610725	.000000
4.62158	.608733	.000000
4.6257	.606723	.000000
4.62983	.604782	.000000
4.63396	.602839	.000000
4.63811	.600923	.000000
4.64226	.599156	.000000
4.64642	.597552	.000000
4.65059	.595996	.000000
4.65476	.594555	.000000
4.65895	.593187	.000000
4.66314	.591870	.000000
4.66733	.590571	.000000
4.67154	.589318	.000000
4.67575	.588080	.000000
4.67997	.586800	.000000
4.6842	.585431	.000000
4.68843	.584063	.000000
4.69268	.582732	.000000
4.69693	.581411	.000000
4.70118	.579992	.000000
4.70545	.578564	.000000
4.70972	.577148	.000000
4.71401	.575702	.000000
4.7183	.574255	.000000
4.72259	.572882	.000000
4.7269	.571508	.000000
4.73121	.570167	.000000
4.73553	.568828	.000000
4.73986	.567542	.000000
4.7442	.566238	.000000
4.74854	.564991	.000000
4.75289	.563809	.000000
4.75725	.562655	.000000
4.76162	.561557	.000000
4.766	.560529	.000000
4.77038	.559528	.000000
4.77477	.558577	.000000
4.77917	.557661	.000000
4.78358	.556739	.000000
4.788	.555782	.000000
4.79243	.554862	.000000
4.79686	.553923	.000000
4.8013	.552933	.000000
4.80575	.551911	.000000
4.81021	.550890	.000000
4.81467	.549784	.000000
4.81915	.548658	.000000
4.82363	.547488	.000000
4.82812	.546289	.000000
4.83262	.545025	.000000
4.83713	.543784	.000000
4.84165	.542487	.000000
4.84617	.541164	.000000
4.85071	.539807	.000000
4.85525	.538431	.000000
4.8598	.537036	.000000
4.86436	.535635	.000000
4.86893	.534167	.000000
4.8735	.532782	.000000
4.87809	.531381	.000000
4.88268	.529913	.000000
4.88728	.528405	.000000
4.89189	.526888	.000000
4.89651	.525343	.000000
4.90114	.523777	.000000
4.90577	.522148	.000000
4.91042	.520573	.000000
4.91507	.518987	.000000
4.91974	.517380	.000000
4.92441	.515779	.000000
4.92909	.514185	.000000
4.93378	.512561	.000000
4.93848	.510951	.000000
4.94319	.509333	.000000
4.9479	.507750	.000000
4.95263	.506179	.000000
4.95736	.504550	.000000
4.96211	.502856	.000000
4.96686	.501174	.000000
4.97162	.499485	.000000
4.97639	.497793	.000000
4.98118	.496034	.000000
4.98596	.494247	.000000
4.99076	.492430	.000000
4.99557	.490638	.000000
5.00039	.488755	.000000
5.00522	.486814	.000000
5.01005	.484898	.000000
5.0149	.483051	.000000
5.01975	.481210	.000000
5.02462	.479369	.000000
5.02949	.477528	.000000
5.03437	.475720	.000000
5.03926	.473908	.000000
5.04416	.472117	.000000
5.04908	.470364	.000000
5.054	.468684	.000000
5.05893	.467045	.000000
5.06387	.465450	.000000
5.06882	.463890	.000000
5.07378	.462382	.000000
5.07875	.460905	.000000
5.08373	.459460	.000000
5.08872	.457970	.000000
5.09371	.456429	.000000
5.09872	.454817	.000000
5.10374	.453211	.000000
5.10877	.451577	.000000
5.11381	.449865	.000000
5.11886	.448024	.000000
5.12391	.446098	.000000
5.12898	.444131	.000000
5.13406	.442168	.000000
5.13915	.440159	.000000
5.14425	.438142	.000000
5.14936	.436089	.000000
5.15447	.433957	.000000
5.1596	.431901	.000000
5.16474	.429966	.000000
5.16989	.428012	.000000
5.17505	.426072	.000000
5.18022	.424178	.000000
5.1854	.422323	.000000
5.19059	.420474	.000000
5.19579	.418660	.000000
5.201	.416896	.000000
5.20622	.415129	.000000
5.21146	.413392	.000000
5.2167	.411623	.000000
5.22195	.409782	.000000
5.22722	.407981	.000000
5.23249	.406145	.000000
5.23778	.404293	.000000
5.24307	.402363	.000000
5.24838	.400398	.000000
5.2537	.398442	.000000
5.25903	.396461	.000000
5.26436	.394407	.000000
5.26971	.392330	.000000
5.27508	.390185	.000000
5.28045	.388085	.000000
5.28583	.386057	.000000
5.29122	.384121	.000000
5.29663	.382192	.000000
5.30204	.380373	.000000
5.30747	.378637	.000000
5.31291	.376996	.000000
5.31836	.375410	.000000
5.32382	.373896	.000000
5.32929	.372423	.000000
5.33477	.370916	.000000
5.34027	.369359	.000000
5.34577	.367778	.000000
5.35129	.366091	.000000
5.35681	.364248	.000000
5.36235	.362304	.000000
5.36791	.360326	.000000
5.37347	.358299	.000000
5.37904	.356265	.000000
5.38463	.354217	.000000
5.39023	.352154	.000000
5.39583	.350121	.000000
5.40146	.348197	.000000
5.40709	.346414	.000000
5.41273	.344784	.000000
5.41839	.343337	.000000
5.42406	.342046	.000000
5.42974	.340736	.000000
5.43543	.339639	.000000
5.44113	.338769	.000000
5.44685	.338058	.000000
5.45257	.337437	.000000
5.45831	.337013	.000000
5.46406	.336791	.000000
5.46983	.336569	.000000
5.4756	.336438	.000000
5.48139	.336473	.000000
5.48719	.336471	.000000
5.49301	.336540	.000000
5.49883	.336702	.000000
5.50467	.336922	.000000
5.51052	.337175	.000000
5.51638	.337525	.000000
5.52225	.337885	.000000
5.52814	.338285	.000000
5.53404	.338698	.000000
5.53995	.339113	.000000
5.54588	.339488	.000000
5.55181	.339875	.000000
5.55777	.340188	.000000
5.56373	.340383	.000000
5.5697	.340479	.000000
5.57569	.340617	.000000
5.5817	.340585	.000000
5.58771	.340297	.000000
5.59374	.339884	.000000
5.59978	.339449	.000000
5.60583	.338882	.000000
5.6119	.338212	.000000
5.61798	.337414	.000000
5.62407	.336447	.000000
5.63018	.335412	.000000
5.6363	.334410	.000000
5.64243	.333369	.000000
5.64858	.332003	.000000
5.65474	.330586	.000000
5.66091	.329232	.000000
5.6671	.327833	.000000
5.6733	.326570	.000000
5.67951	.325233	.000000
5.68574	.323825	.000000
5.69198	.322459	.000000
5.69824	.321038	.000000
5.7045	.319635	.000000
5.71078	.318283	.000000
5.71708	.316690	.000000
5.72339	.315069	.000000
5.72972	.313431	.000000
5.73605	.311725	.000000
5.74241	.309951	.000000
5.74877	.308174	.000000
5.75515	.306201	.000000
5.76155	.304353	.000000
5.76796	.302446	.000000
5.77438	.300059	.000000
5.78082	.297611	.000000
5.78727	.295291	.000000
5.79373	.292942	.000000
5.80022	.290581	.000000
5.80671	.288116	.000000
5.81322	.285723	.000000
5.81975	.283455	.000000
5.82628	.280991	.000000
5.83284	.278273	.000000
5.83941	.275597	.000000
5.84599	.272993	.000000
5.85259	.270496	.000000
5.8592	.268038	.000000
5.86583	.265609	.000000
5.87247	.263155	.000000
5.87913	.260971	.000000
5.8858	.258510	.000000
5.89249	.256016	.000000
5.89919	.253547	.000000
5.90591	.250825	.000000
5.91265	.248260	.000000
5.91939	.245784	.000000
5.92616	.243310	.000000
5.93294	.241112	.000000
5.93974	.238714	.000000
5.94655	.235960	.000000
5.95338	.233347	.000000
5.96022	.230916	.000000
5.96708	.228588	.000000
5.97395	.226172	.000000
5.98084	.223763	.000000
5.98775	.221565	.000000
5.99467	.219360	.000000
6.00161	.217210	.000000
6.00856	.215272	.000000
6.01553	.213476	.000000
6.02252	.211717	.000000
6.02952	.210174	.000000
6.03654	.208830	.000000
6.04358	.207917	.000000
6.05063	.207103	.000000
6.0577	.205915	.000000
6.06478	.204986	.000000
6.07189	.204444	.000000
6.079	.203827	.000000
6.08614	.203168	.000000
6.09329	.202646	.000000
6.10046	.202235	.000000
6.10764	.201937	.000000
6.11484	.201660	.000000
6.12206	.201169	.000000
6.1293	.200727	.000000
6.13655	.200399	.000000
6.14382	.200137	.000000
6.15111	.199861	.000000
6.15842	.199686	.000000
6.16574	.199528	.000000
6.17308	.199362	.000000
6.18044	.199417	.000000
6.18781	.199537	.000000
6.19521	.199410	.000000
6.20262	.199369	.000000
6.21004	.199410	.000000
6.21749	.199430	.000000
6.22495	.199399	.000000
6.23244	.199349	.000000
6.23994	.199279	.000000
6.24745	.199162	.000000
6.25499	.198975	.000000
6.26254	.198755	.000000
6.27012	.198456	.000000
6.27771	.198131	.000000
6.28532	.197778	.000000
6.29295	.197377	.000000
6.30059	.197013	.000000
6.30826	.196721	.000000
6.31594	.196460	.000000
6.32364	.196293	.000000
6.33136	.196180	.000000
6.3391	.196255	.000000
6.34686	.196369	.000000
6.35464	.196357	.000000
6.36243	.196473	.000000
6.37025	.196759	.000000
6.37809	.196939	.000000
6.38594	.197077	.000000
6.39382	.197208	.000000
6.40171	.197310	.000000
6.40962	.197548	.000000
6.41755	.197517	.000000
6.42551	.196993	.000000
6.43348	.196440	.000000
6.44147	.195804	.000000
6.44948	.195118	.000000
6.45751	.194397	.000000
6.46557	.193615	.000000
6.47364	.192835	.000000
6.48173	.192101	.000000
6.48984	.191441	.000000
6.49798	.190671	.000000
6.50613	.189705	.000000
6.5143	.188894	.000000
6.5225	.188217	.000000
6.53071	.187475	.000000
6.53895	.186725	.000000
6.5472	.186008	.000000
6.55548	.185252	.000000
6.56378	.184466	.000000
6.57209	.183729	.000000
6.58044	.182799	.000000
6.5888	.181868	.000000
6.59718	.181013	.000000
6.60558	.180099	.000000
6.61401	.179284	.000000
6.62246	.178471	.000000
6.63092	.177854	.000000
6.63941	.177252	.000000
6.64792	.176437	.000000
6.65646	.175718	.000000
6.66501	.175234	.000000
6.67359	.174809	.000000
6.68219	.174399	.000000
6.69081	.173906	.000000
6.69946	.173397	.000000
6.70812	.172931	.000000
6.71681	.172442	.000000
6.72552	.171880	.000000
6.73426	.171254	.000000
6.74302	.170568	.000000
6.7518	.169826	.000000
6.7606	.169000	.000000
6.76943	.168148	.000000
6.77828	.167246	.000000
6.78715	.166336	.000000
6.79604	.165381	.000000
6.80496	.164462	.000000
6.8139	.163613	.000000
6.82287	.162863	.000000
6.83186	.162064	.000000
6.84087	.161299	.000000
6.84991	.160720	.000000
6.85897	.160267	.000000
6.86805	.159678	.000000
6.87716	.158944	.000000
6.88629	.158278	.000000
6.89545	.157622	.000000
6.90463	.156958	.000000
6.91384	.156224	.000000
6.92307	.155437	.000000
6.93232	.154636	.000000
6.94161	.153774	.000000
6.95091	.152937	.000000
6.96024	.152102	.000000
6.9696	.151094	.000000
6.97898	.150008	.000000
6.98838	.148976	.000000
6.99781	.147943	.000000
7.00727	.146902	.000000
7.01675	.145853	.000000
7.02626	.144805	.000000
7.03579	.143777	.000000
7.04535	.142803	.000000
7.05494	.141706	.000000
7.06455	.140586	.000000
7.07418	.139465	.000000
7.08385	.138399	.000000
7.09354	.137349	.000000
7.10325	.136281	.000000
7.113	.135204	.000000
7.12277	.134125	.000000
7.13257	.132990	.000000
7.14239	.131860	.000000
7.15224	.130703	.000000
7.16212	.129468	.000000
7.17202	.128192	.000000
7.18196	.126857	.000000
7.19192	.125438	.000000
7.20191	.124064	.000000
7.21193	.122633	.000000
7.22197	.121184	.000000
7.23204	.119734	.000000
7.24215	.118284	.000000
7.25227	.116824	.000000
7.26243	.115412	.000000
7.27262	.114038	.000000
7.28283	.112652	.000000
7.29307	.111193	.000000
7.30334	.109699	.000000
7.31364	.108169	.000000
7.32397	.106692	.000000
7.33433	.105187	.000000
7.34472	.103657	.000000
7.35514	.102038	.000000
7.36559	.100372	.000000
7.37606	.098731	.000000
7.38657	.097126	.000000
7.39711	.095441	.000000
7.40767	.093735	.000000
7.41827	.092032	.000000
7.4289	.090373	.000000
7.43956	.088679	.000000
7.45024	.087018	.000000
7.46096	.085400	.000000
7.47171	.083768	.000000
7.4825	.082091	.000000
7.49331	.080470	.000000
7.50416	.078864	.000000
7.51503	.077250	.000000
7.52594	.075605	.000000
7.53688	.074022	.000000
7.54785	.072452	.000000
7.55885	.070880	.000000
7.56988	.069292	.000000
7.58095	.067709	.000000
7.59205	.066128	.000000
7.60318	.064587	.000000
7.61435	.063003	.000000
7.62554	.061393	.000000
7.63677	.059806	.000000
7.64804	.058198	.000000
7.65933	.056535	.000000
7.67066	.054898	.000000
7.68203	.053237	.000000
7.69342	.051541	.000000
7.70485	.049826	.000000
7.71632	.048175	.000000
7.72782	.046518	.000000
7.73936	.044830	.000000
7.75093	.043161	.000000
7.76253	.041597	.000000
7.77417	.040003	.000000
7.78584	.038415	.000000
7.79755	.036845	.000000
7.80929	.035327	.000000
7.82107	.033828	.000000
7.83288	.032340	.000000
7.84473	.030877	.000000
7.85662	.029502	.000000
7.86854	.028123	.000000
7.8805	.026768	.000000
7.89249	.025454	.000000
7.90452	.024221	.000000
7.91659	.022985	.000000
7.92869	.021823	.000000
7.94084	.020698	.000000
7.95301	.019650	.000000
7.96523	.018710	.000000
7.97748	.017820	.000000
7.98978	.016909	.000000
8.00211	.016139	.000000
8.01448	.015490	.000000
8.02688	.014891	.000000
8.03933	.014327	.000000
8.05181	.013876	.000000
8.06433	.013538	.000000
8.07689	.013308	.000000
8.08949	.013185	.000000
8.10213	.013230	.000000
8.11481	.013405	.000000
8.12753	.013761	.000000
8.14029	.014333	.000000
8.15309	.015131	.000000
8.16593	.016134	.000000
8.17881	.017436	.000000
8.19173	.019046	.000000
8.20469	.021057	.000000
8.21769	.023433	.000000
8.23073	.026191	.000000
8.24382	.029369	.000000
8.25695	.032984	.000000
8.27012	.036998	.000000
8.28332	.041398	.000000
8.29658	.046098	.000000
8.30987	.051072	.000000
8.32321	.056206	.000000
8.33659	.061324	.000000
8.35002	.066296	.000000
8.36348	.071122	.000000
8.37699	.075705	.000000
8.39055	.080068	.000000
8.40415	.084178	.000000
8.41779	.087946	.000000
8.43148	.091159	.000000
8.44521	.093549	.000000
8.45898	.095052	.000000
8.47281	.095749	.000000
8.48668	.095778	.000000
8.50059	.095479	.000000
8.51455	.095035	.000000
8.52855	.094557	.000000
8.5426	.094115	.000000
8.5567	.093662	.000000
8.57084	.093109	.000000
8.58503	.092361	.000000
8.59927	.091428	.000000
8.61355	.090445	.000000
8.62788	.089361	.000000
8.64226	.088233	.000000
8.65669	.087109	.000000
8.67116	.085979	.000000
8.68569	.084869	.000000
8.70026	.083768	.000000
8.71488	.082662	.000000
8.72955	.081591	.000000
8.74427	.080434	.000000
8.75904	.079320	.000000
8.77386	.078170	.000000
8.78873	.077008	.000000
8.80366	.075918	.000000
8.81863	.074865	.000000
8.83365	.073882	.000000
8.84872	.073049	.000000
8.86385	.072320	.000000
8.87903	.071634	.000000
8.89426	.070982	.000000
8.90954	.070426	.000000
8.92488	.069829	.000000
8.94027	.069221	.000000
8.95571	.068623	.000000
8.9712	.068121	.000000
8.98675	.067677	.000000
9.00235	.067216	.000000
9.018	.066723	.000000
9.03371	.066130	.000000
9.04948	.065308	.000000
9.0653	.064302	.000000
9.08118	.063076	.000000
9.0971	.061737	.000000
9.11309	.060167	.000000
9.12914	.058449	.000000
9.14524	.056764	.000000
9.16139	.055100	.000000
9.17761	.053595	.000000
9.19388	.052393	.000000
9.21021	.051423	.000000
9.2266	.050724	.000000
9.24304	.050186	.000000
9.25955	.049727	.000000
9.27611	.049285	.000000
9.29273	.048952	.000000
9.30942	.048765	.000000
9.32617	.048749	.000000
9.34297	.049023	.000000
9.35983	.049498	.000000
9.37676	.050029	.000000
9.39375	.050806	.000000
9.41079	.051858	.000000
9.42791	.053128	.000000
9.44508	.054645	.000000
9.46231	.056417	.000000
9.47961	.058491	.000000
9.49697	.060860	.000000
9.5144	.063352	.000000
9.53188	.065892	.000000
9.54944	.068450	.000000
9.56705	.071002	.000000
9.58474	.073226	.000000
9.60249	.075129	.000000
9.6203	.076888	.000000
9.63818	.078369	.000000
9.65613	.079499	.000000
9.67415	.080392	.000000
9.69223	.081090	.000000
9.71038	.081525	.000000
9.7286	.081625	.000000
9.74689	.081432	.000000
9.76524	.080992	.000000
9.78367	.080299	.000000
9.80216	.079384	.000000
9.82072	.078427	.000000
9.83936	.077539	.000000
9.85806	.076848	.000000
9.87684	.076291	.000000
9.89569	.075856	.000000
9.91461	.075682	.000000
9.9336	.075780	.000000
9.95267	.076147	.000000
9.97181	.076844	.000000
9.99103	.077694	.000000
10.01031	.078642	.000000
10.02968	.079700	.000000
10.04911	.080889	.000000
10.06863	.082140	.000000
10.08822	.083381	.000000
10.10788	.084538	.000000
10.12763	.085431	.000000
10.14745	.086015	.000000
10.16734	.086432	.000000
10.18732	.086870	.000000
10.20737	.087727	.000000
10.2275	.089059	.000000
10.24771	.091044	.000000
10.268	.093615	.000000
10.28838	.096455	.000000
10.30883	.099193	.000000
10.32937	.101627	.000000
10.34998	.103781	.000000
10.37069	.105780	.000000
10.39147	.107838	.000000
10.41234	.109805	.000000
10.43329	.111355	.000000
10.45432	.112432	.000000
10.47544	.113187	.000000
10.49665	.113723	.000000
10.51794	.114049	.000000
10.53932	.114200	.000000
10.56079	.114251	.000000
10.58234	.114251	.000000
10.60398	.114151	.000000
10.62571	.114058	.000000
10.64753	.113871	.000000
10.66944	.113700	.000000
10.69144	.113693	.000000
10.71353	.113882	.000000
10.73571	.114051	.000000
10.75799	.113931	.000000
10.78035	.113518	.000000
10.80281	.112945	.000000
10.82536	.112159	.000000
10.848	.111193	.000000
10.87075	.110008	.000000
10.89358	.108789	.000000
10.91652	.107703	.000000
10.93955	.106759	.000000
10.96268	.105799	.000000
10.98591	.104914	.000000
11.00923	.104183	.000000
11.03266	.103590	.000000
11.05618	.102988	.000000
11.0798	.102367	.000000
11.10353	.101623	.000000
11.12736	.100699	.000000
11.15129	.099873	.000000
11.17532	.099158	.000000
11.19946	.098510	.000000
11.2237	.097905	.000000
11.24805	.097306	.000000
11.2725	.097004	.000000
11.29706	.096942	.000000
11.32172	.096873	.000000
11.34649	.096933	.000000
11.37138	.097155	.000000
11.39637	.097390	.000000
11.42147	.097599	.000000
11.44668	.097886	.000000
11.47201	.098128	.000000
11.49745	.098323	.000000
11.523	.098492	.000000
11.54866	.098827	.000000
11.57444	.099333	.000000
11.60033	.099829	.000000
11.62634	.100517	.000000
11.65247	.101252	.000000
11.67872	.101892	.000000
11.70508	.102427	.000000
11.73157	.102942	.000000
11.75817	.103332	.000000
11.78489	.103754	.000000
11.81174	.104210	.000000
11.8387	.104632	.000000
11.86579	.105124	.000000
11.893	.105764	.000000
11.92034	.106344	.000000
11.94781	.106965	.000000
11.9754	.107647	.000000
12.00312	.108289	.000000
12.03097	.108971	.000000
12.05896	.109716	.000000
12.08707	.110323	.000000
12.11531	.110763	.000000
12.14368	.110874	.000000
12.17219	.110698	.000000
12.20083	.110452	.000000
12.2296	.110018	.000000
12.25852	.109284	.000000
12.28757	.108262	.000000
12.31676	.106908	.000000
12.34608	.105311	.000000
12.37555	.103368	.000000
12.40515	.101061	.000000
12.4349	.098450	.000000
12.46478	.095603	.000000
12.49482	.092439	.000000
12.525	.089112	.000000
12.55533	.085752	.000000
12.5858	.082426	.000000
12.61642	.079007	.000000
12.6472	.075398	.000000
12.67813	.071523	.000000
12.7092	.067362	.000000
12.74043	.062901	.000000
12.77181	.058496	.000000
12.80334	.054625	.000000
12.83503	.051614	.000000
12.86688	.049704	.000000
12.8989	.048847	.000000
12.93106	.048634	.000000
12.96339	.048716	.000000
12.99588	.048834	.000000
13.02853	.048867	.000000
13.06135	.048978	.000000
13.09433	.049538	.000000
13.12749	.050604	.000000
13.16081	.051987	.000000
13.1943	.053284	.000000
13.22796	.054174	.000000
13.26179	.054419	.000000
13.29579	.054337	.000000
13.32997	.054112	.000000
13.36432	.053608	.000000
13.39885	.052869	.000000
13.43356	.051965	.000000
13.46846	.050817	.000000
13.50353	.049709	.000000
13.53879	.048881	.000000
13.57423	.048319	.000000
13.60986	.048155	.000000
13.64568	.048519	.000000
13.68169	.049243	.000000
13.71788	.050359	.000000
13.75427	.051383	.000000
13.79085	.052061	.000000
13.82763	.052398	.000000
13.8646	.052334	.000000
13.90177	.052038	.000000
13.93915	.051650	.000000
13.97672	.050893	.000000
14.01449	.049780	.000000
14.05247	.048476	.000000
14.09066	.047195	.000000
14.12904	.045768	.000000
14.16764	.044289	.000000
14.20646	.042921	.000000
14.24549	.041897	.000000
14.28473	.041184	.000000
14.3242	.040791	.000000
14.36388	.040360	.000000
14.40378	.039863	.000000
14.4439	.039566	.000000
14.48425	.039403	.000000
14.52482	.039550	.000000
14.56562	.040112	.000000
14.60665	.040616	.000000
14.64792	.040687	.000000
14.68942	.040292	.000000
14.73115	.039816	.000000
14.77312	.039443	.000000
14.81533	.039455	.000000
14.85778	.040005	.000000
14.90048	.040973	.000000
14.94342	.042115	.000000
14.98659	.043438	.000000
15.03003	.044419	.000000
15.07372	.045035	.000000
15.11767	.045450	.000000
15.16187	.045867	.000000
15.20634	.046385	.000000
15.25106	.047115	.000000
15.29606	.048388	.000000
15.34131	.050459	.000000
15.38684	.053108	.000000
15.43263	.056373	.000000
15.4787	.060358	.000000
15.52504	.064711	.000000
15.57167	.069298	.000000
15.61858	.074039	.000000
15.66576	.078640	.000000
15.71324	.083021	.000000
15.761	.086981	.000000
15.80905	.090540	.000000
15.8574	.093616	.000000
15.90604	.096003	.000000
15.95496	.097528	.000000
16.00421	.097837	.000000
16.05376	.096858	.000000
16.10362	.094471	.000000
16.15378	.091098	.000000
16.20426	.087753	.000000
16.25506	.084831	.000000
16.30619	.083241	.000000
16.35763	.083212	.000000
16.40939	.084027	.000000
16.46149	.085506	.000000
16.51391	.087622	.000000
16.56667	.089268	.000000
16.61977	.090003	.000000
16.67322	.090425	.000000
16.72701	.091280	.000000
16.78114	.093138	.000000
16.83563	.096011	.000000
16.89046	.099544	.000000
16.94566	.102744	.000000
17.00122	.104569	.000000
17.05716	.105129	.000000
17.11345	.104751	.000000
17.17012	.103310	.000000
17.22716	.101572	.000000
17.28459	.099673	.000000
17.3424	.097430	.000000
17.4006	.095712	.000000
17.45916	.095237	.000000
17.51815	.095845	.000000
17.57753	.096964	.000000
17.63732	.098285	.000000
17.69752	.098689	.000000
17.75813	.097619	.000000
17.81915	.095752	.000000
17.88061	.093438	.000000
17.94248	.091657	.000000
18.00478	.090753	.000000
18.06752	.090493	.000000
18.13069	.090871	.000000
18.19431	.092030	.000000
18.25837	.094280	.000000
18.3229	.097652	.000000
18.38788	.101671	.000000
18.45331	.104601	.000000
18.51922	.105862	.000000
18.5856	.105422	.000000
18.65245	.103215	.000000
18.71979	.100157	.000000
18.78759	.097877	.000000
18.85591	.096089	.000000
18.92473	.094233	.000000
18.99405	.092998	.000000
19.06388	.092139	.000000
19.13423	.090658	.000000
19.2051	.089468	.000000
19.27651	.088772	.000000
19.34844	.087975	.000000
19.4209	.086658	.000000
19.49392	.085519	.000000
19.56748	.084707	.000000
19.6416	.084747	.000000
19.71628	.084702	.000000
19.79152	.083960	.000000
19.86735	.082282	.000000
19.94376	.079571	.000000
20.02076	.076300	.000000
20.09836	.073096	.000000
20.17656	.070484	.000000
20.25538	.068090	.000000
20.33483	.066389	.000000
20.41489	.066041	.000000
20.49558	.068077	.000000
20.57691	.072452	.000000
20.65889	.074787	.000000
20.74153	.074959	.000000
20.82483	.074605	.000000
20.90878	.074648	.000000
20.99343	.074037	.000000
21.07877	.073318	.000000
21.16481	.073417	.000000
21.25155	.075230	.000000
21.339	.076842	.000000
21.42718	.077867	.000000
21.51611	.077705	.000000
21.60576	.075856	.000000
21.69616	.073236	.000000
21.78732	.071095	.000000
21.87925	.071241	.000000
21.97196	.070897	.000000
22.06546	.069098	.000000
22.15973	.067098	.000000
22.25484	.065141	.000000
22.35076	.063305	.000000
22.44752	.061529	.000000
22.54512	.059895	.000000
22.64357	.058154	.000000
22.74288	.058262	.000000
22.8431	.060734	.000000
22.94417	.065177	.000000
23.04615	.070517	.000000
23.14903	.075523	.000000
23.25284	.080514	.000000
23.35758	.084029	.000000
23.46327	.087511	.000000
23.5699	.091482	.000000
23.67752	.093198	.000000
23.78613	.096293	.000000
23.89575	.098203	.000000
24.00638	.098458	.000000
24.11803	.099378	.000000
24.23073	.102331	.000000
24.34452	.106102	.000000
24.45936	.109912	.000000
24.57528	.111016	.000000
24.6923	.110409	.000000
24.81045	.112041	.000000
24.92973	.112521	.000000
25.05016	.108919	.000000
