Brown University Keck/NASA Relab Spectrum CK-JFM-064/BKR1CK064
Wavelength(micron)	Reflectance	Standard Deviation
0.32	.587339	.009935
0.325	.602189	.008946
0.33	.610080	.007549
0.335	.620333	.008150
0.34	.631134	.008224
0.345	.637712	.008218
0.35	.640370	.007128
0.355	.642702	.006927
0.36	.646288	.006309
0.365	.648977	.005915
0.37	.650485	.005446
0.375	.650926	.005281
0.38	.651086	.004890
0.385	.652860	.004955
0.39	.655331	.004868
0.395	.657595	.005152
0.4	.660733	.004350
0.405	.662328	.004172
0.41	.663350	.004135
0.415	.662981	.003973
0.42	.664516	.003569
0.425	.664059	.002121
0.43	.664880	.002145
0.435	.665359	.002121
0.44	.665067	.001981
0.445	.664620	.002241
0.45	.666482	.002167
0.455	.665677	.001992
0.46	.665785	.002170
0.465	.665731	.001967
0.47	.665914	.001935
0.475	.666160	.002088
0.48	.665894	.002401
0.485	.666001	.002327
0.49	.666404	.002265
0.495	.666336	.002280
0.5	.666933	.002218
0.505	.666124	.002314
0.51	.666663	.002427
0.515	.666619	.002284
0.52	.666641	.002247
0.525	.666137	.002033
0.53	.666765	.002205
0.535	.665899	.002006
0.54	.666284	.002336
0.545	.665431	.001936
0.55	.666465	.001989
0.555	.666062	.002232
0.56	.665659	.002102
0.565	.665471	.002128
0.57	.665385	.002102
0.575	.665424	.002109
0.58	.665607	.002117
0.585	.665489	.002107
0.59	.665557	.002106
0.595	.665536	.002106
0.6	.665645	.002089
0.605	.665482	.002064
0.61	.665479	.002032
0.615	.665511	.002058
0.62	.665479	.002026
0.625	.665598	.002040
0.63	.665674	.002113
0.635	.665835	.002145
0.64	.665901	.002126
0.645	.666226	.002134
0.65	.666134	.002149
0.655	.666222	.002097
0.66	.666594	.001974
0.665	.667245	.002130
0.67	.667678	.002119
0.675	.668086	.002136
0.68	.668362	.002144
0.685	.668656	.002145
0.69	.669022	.002138
0.695	.669389	.002181
0.7	.669849	.002207
0.705	.670086	.002167
0.71	.670665	.002202
0.715	.671189	.002214
0.72	.671786	.002244
0.725	.672074	.002294
0.73	.672333	.002295
0.735	.672834	.002220
0.74	.673292	.002510
0.745	.673992	.002239
0.75	.674907	.002313
0.755	.674909	.002521
0.76	.675586	.002427
0.765	.676172	.002335
0.77	.676992	.002260
0.775	.678232	.002390
0.78	.678759	.002610
0.785	.679177	.002825
0.79	.680419	.002575
0.795	.681384	.002505
0.8	.682570	.002548
0.805	.683376	.002584
0.81	.683888	.002543
0.815	.684135	.002388
0.82	.686612	.002320
0.825	.687078	.002485
0.83	.689572	.004774
0.835	.690662	.004429
0.84	.691832	.004327
0.845	.693172	.004095
0.85	.694101	.004125
0.855	.695584	.003972
0.86	.696734	.003773
0.865	.698494	.004804
0.87	.700135	.004452
0.875	.700535	.004408
0.88	.701338	.003840
0.885	.703250	.003626
0.89	.704073	.003273
0.895	.704856	.003168
0.9	.706577	.003228
0.905	.707307	.003227
0.91	.707785	.003316
0.915	.709487	.003104
0.92	.710633	.003046
0.925	.711818	.003108
0.93	.712466	.003214
0.935	.713688	.003304
0.94	.714527	.003340
0.945	.715267	.003391
0.95	.715709	.003218
0.955	.716348	.003191
0.96	.716692	.003018
0.965	.716926	.002906
0.97	.717209	.002800
0.975	.717208	.002896
0.98	.717201	.002987
0.985	.717321	.003042
0.99	.717425	.003142
0.995	.717319	.003196
1	.717185	.003085
1.005	.717444	.002934
1.01	.716753	.002860
1.015	.716132	.002889
1.02	.715631	.002876
1.025	.715063	.002923
1.03	.714540	.002650
1.035	.713593	.002884
1.04	.713266	.002658
1.045	.712863	.002645
1.05	.711901	.002786
1.055	.711316	.002400
1.06	.710588	.002501
1.065	.709968	.002693
1.07	.709030	.002424
1.075	.708060	.002442
1.08	.707588	.002645
1.085	.706877	.002737
1.09	.706202	.002809
1.095	.705471	.002878
1.1	.704294	.002806
1.105	.704114	.003025
1.11	.703413	.002804
1.115	.703029	.002778
1.12	.701669	.002686
1.125	.700525	.002681
1.13	.700293	.002604
1.135	.699168	.002629
1.14	.698958	.002617
1.145	.698473	.002520
1.15	.696984	.002613
1.155	.696474	.002391
1.16	.696100	.002529
1.165	.695309	.002658
1.17	.694430	.002493
1.175	.694214	.002335
1.18	.693650	.002497
1.185	.693123	.002408
1.19	.692108	.002349
1.195	.691508	.002298
1.2	.691054	.002363
1.205	.690488	.002473
1.21	.690590	.002318
1.215	.689925	.002297
1.22	.689480	.002344
1.225	.689178	.002374
1.23	.688587	.002225
1.235	.688226	.002599
1.24	.688093	.002250
1.245	.687699	.002254
1.25	.687086	.002116
1.255	.686880	.002523
1.26	.686388	.002147
1.265	.685689	.002250
1.27	.685706	.002182
1.275	.685495	.002281
1.28	.685342	.002238
1.285	.685108	.002191
1.29	.685250	.002224
1.295	.685179	.002378
1.3	.684678	.002132
1.305	.684749	.002568
1.31	.684664	.002656
1.315	.684978	.002686
1.32	.685262	.002616
1.325	.684829	.002438
1.33	.685230	.002620
1.335	.684698	.002505
1.34	.684736	.002550
1.345	.684550	.002573
1.35	.684748	.002635
1.355	.684405	.002634
1.36	.684403	.002690
1.365	.684449	.002722
1.37	.684368	.002739
1.375	.684036	.002759
1.38	.684325	.002800
1.385	.684616	.002724
1.39	.684695	.002731
1.395	.684626	.002738
1.4	.684659	.002656
1.405	.684487	.002593
1.41	.684611	.002627
1.415	.684741	.002601
1.42	.684772	.002652
1.425	.685255	.002583
1.43	.685064	.002474
1.435	.685896	.002311
1.44	.685745	.002276
1.445	.685413	.002469
1.45	.685661	.002397
1.455	.686245	.002540
1.46	.686017	.002650
1.465	.686399	.002665
1.47	.686247	.002693
1.475	.686373	.002645
1.48	.686605	.002579
1.485	.686198	.002582
1.49	.686308	.002428
1.495	.686447	.002646
1.5	.686322	.002438
1.505	.686692	.002475
1.51	.686674	.002628
1.515	.686749	.002454
1.52	.686792	.002538
1.525	.687497	.002396
1.53	.687222	.002520
1.535	.687363	.002370
1.54	.687535	.002657
1.545	.687204	.002441
1.55	.687394	.002459
1.555	.687136	.002477
1.56	.687764	.002515
1.565	.688457	.002505
1.57	.688183	.002427
1.575	.688147	.002497
1.58	.688791	.002586
1.585	.688835	.002476
1.59	.688903	.002694
1.595	.688713	.002491
1.6	.688998	.002582
1.605	.689027	.002602
1.61	.689553	.002642
1.615	.689381	.002586
1.62	.689919	.002568
1.625	.690047	.002664
1.63	.689865	.002612
1.635	.690257	.002542
1.64	.690117	.002622
1.645	.691409	.002589
1.65	.691420	.002464
1.655	.692268	.002790
1.66	.692460	.002589
1.665	.693042	.002579
1.67	.693366	.002712
1.675	.694262	.002730
1.68	.695242	.002518
1.685	.695523	.002628
1.69	.695740	.002760
1.695	.695951	.002708
1.7	.696275	.002771
1.705	.696652	.002513
1.71	.696545	.002815
1.715	.696832	.002700
1.72	.697229	.002752
1.725	.697468	.002724
1.73	.697622	.002674
1.735	.697671	.002794
1.74	.697436	.002715
1.745	.697004	.002651
1.75	.697466	.002741
1.755	.697392	.002570
1.76	.697604	.002729
1.765	.697991	.002615
1.77	.697916	.002673
1.775	.698734	.002571
1.78	.698919	.002500
1.785	.699419	.002462
1.79	.699888	.002436
1.795	.700069	.002456
1.8	.700581	.002565
1.805	.700397	.002357
1.81	.700357	.002289
1.815	.700904	.002361
1.82	.701079	.002305
1.825	.701993	.002357
1.83	.701784	.002379
1.835	.702309	.002388
1.84	.701992	.002586
1.845	.702705	.002478
1.85	.702459	.002529
1.855	.702945	.002482
1.86	.702725	.002410
1.865	.702770	.002474
1.87	.702663	.002509
1.875	.702527	.002559
1.88	.702203	.002562
1.885	.702242	.002566
1.89	.702367	.002561
1.895	.702119	.002507
1.9	.702101	.002460
1.905	.702164	.002444
1.91	.701896	.002462
1.915	.702037	.002479
1.92	.702280	.002491
1.925	.702671	.002489
1.93	.702587	.002460
1.935	.702930	.002451
1.94	.702771	.002439
1.945	.703055	.002366
1.95	.703071	.002450
1.955	.702993	.002558
1.96	.703383	.002486
1.965	.703599	.002536
1.97	.704044	.002600
1.975	.704141	.002663
1.98	.704006	.002546
1.985	.704809	.002552
1.99	.705121	.002361
1.995	.705639	.002691
2	.705737	.002463
2.005	.705918	.002859
2.01	.705848	.002721
2.015	.706204	.002644
2.02	.706308	.002798
2.025	.706902	.002744
2.03	.707092	.002573
2.035	.707177	.002533
2.04	.707693	.002577
2.045	.707957	.002754
2.05	.707805	.002706
2.055	.707790	.002668
2.06	.707730	.002764
2.065	.707360	.002771
2.07	.707439	.002686
2.075	.707708	.002823
2.08	.707914	.002744
2.085	.708454	.002645
2.09	.708223	.002835
2.095	.707942	.002646
2.1	.707930	.002799
2.105	.708529	.002817
2.11	.708773	.002977
2.115	.708819	.002919
2.12	.709383	.002819
2.125	.709295	.002611
2.13	.709745	.002781
2.135	.709916	.002667
2.14	.711015	.002677
2.145	.711117	.002544
2.15	.711029	.002578
2.155	.711000	.002589
2.16	.711238	.002611
2.165	.711564	.002479
2.17	.711284	.002581
2.175	.711179	.002569
2.18	.711355	.002601
2.185	.712368	.002945
2.19	.712320	.002620
2.195	.712343	.002584
2.2	.712045	.002879
2.205	.711828	.002781
2.21	.711452	.002673
2.215	.712516	.002930
2.22	.711904	.002793
2.225	.711880	.002725
2.23	.711826	.002726
2.235	.712111	.002791
2.24	.711888	.002960
2.245	.713279	.002861
2.25	.712561	.002777
2.255	.712949	.002875
2.26	.713127	.002799
2.265	.713196	.002555
2.27	.713183	.002615
2.275	.713651	.002768
2.28	.713895	.002815
2.285	.714937	.002598
2.29	.714961	.002360
2.295	.714192	.002536
2.3	.714131	.002542
2.305	.715849	.002709
2.31	.715497	.002561
2.315	.715441	.002780
2.32	.715887	.002759
2.325	.715886	.002610
2.33	.715448	.002871
2.335	.716746	.002667
2.34	.715193	.002844
2.345	.715899	.002968
2.35	.716125	.002691
2.355	.715926	.002789
2.36	.716372	.002641
2.365	.716336	.002601
2.37	.716225	.002726
2.375	.717223	.002733
2.38	.717077	.002624
2.385	.716871	.002490
2.39	.716838	.002786
2.395	.717257	.002910
2.4	.717389	.002700
2.405	.717242	.002756
2.41	.717237	.002888
2.415	.717886	.002927
2.42	.717440	.003026
2.425	.717702	.003002
2.43	.717485	.002966
2.435	.717638	.003019
2.44	.717618	.002865
2.445	.718162	.002980
2.45	.717314	.002836
2.455	.718160	.002815
2.46	.718320	.002927
2.465	.718385	.002856
2.47	.717744	.002855
2.475	.717917	.002886
2.48	.718663	.003003
2.485	.718062	.002685
2.49	.718581	.002909
2.495	.718429	.002857
2.5	.719839	.002901
2.50029	.719739	.000000
2.50059	.719695	.000000
2.50089	.719933	.000000
2.50119	.720217	.000000
2.50149	.720163	.000000
2.50179	.720191	.000000
2.5021	.720297	.000000
2.5024	.720052	.000000
2.5027	.719485	.000000
2.503	.719650	.000000
2.5033	.720160	.000000
2.50361	.720139	.000000
2.50391	.720093	.000000
2.50421	.720086	.000000
2.50451	.719815	.000000
2.50482	.719733	.000000
2.50512	.719854	.000000
2.50542	.719854	.000000
2.50572	.719824	.000000
2.50603	.720282	.000000
2.50633	.720381	.000000
2.50663	.720323	.000000
2.50694	.720551	.000000
2.50724	.720393	.000000
2.50754	.720182	.000000
2.50785	.720284	.000000
2.50815	.720830	.000000
2.50845	.721293	.000000
2.50876	.721003	.000000
2.50906	.720608	.000000
2.50936	.720139	.000000
2.50967	.719863	.000000
2.50997	.720100	.000000
2.51027	.719951	.000000
2.51058	.719762	.000000
2.51088	.720024	.000000
2.51119	.720193	.000000
2.51149	.720460	.000000
2.51179	.720447	.000000
2.5121	.720431	.000000
2.5124	.720395	.000000
2.51271	.720605	.000000
2.51301	.720666	.000000
2.51332	.720333	.000000
2.51362	.720397	.000000
2.51393	.720531	.000000
2.51423	.720515	.000000
2.51453	.720637	.000000
2.51484	.720785	.000000
2.51514	.720819	.000000
2.51545	.720915	.000000
2.51575	.720658	.000000
2.51606	.720620	.000000
2.51637	.720766	.000000
2.51667	.720684	.000000
2.51698	.720423	.000000
2.51728	.720169	.000000
2.51759	.720462	.000000
2.51789	.720735	.000000
2.5182	.720436	.000000
2.5185	.720172	.000000
2.51881	.720321	.000000
2.51912	.721099	.000000
2.51942	.721320	.000000
2.51973	.721025	.000000
2.52003	.721030	.000000
2.52034	.720854	.000000
2.52065	.720879	.000000
2.52095	.720900	.000000
2.52126	.720593	.000000
2.52157	.720627	.000000
2.52187	.720776	.000000
2.52218	.720675	.000000
2.52249	.720472	.000000
2.52279	.720236	.000000
2.5231	.720217	.000000
2.52341	.720749	.000000
2.52371	.721545	.000000
2.52402	.721535	.000000
2.52433	.720943	.000000
2.52464	.720912	.000000
2.52494	.720787	.000000
2.52525	.720727	.000000
2.52556	.720651	.000000
2.52587	.720572	.000000
2.52617	.720835	.000000
2.52648	.721272	.000000
2.52679	.720945	.000000
2.5271	.720538	.000000
2.52741	.720735	.000000
2.52771	.721127	.000000
2.52802	.721199	.000000
2.52833	.721137	.000000
2.52864	.720950	.000000
2.52895	.720682	.000000
2.52925	.720709	.000000
2.52956	.720824	.000000
2.52987	.720418	.000000
2.53018	.720718	.000000
2.53049	.721473	.000000
2.5308	.721492	.000000
2.53111	.720948	.000000
2.53142	.720927	.000000
2.53172	.721327	.000000
2.53203	.721564	.000000
2.53234	.721312	.000000
2.53265	.720922	.000000
2.53296	.720629	.000000
2.53327	.720888	.000000
2.53358	.721216	.000000
2.53389	.721295	.000000
2.5342	.721614	.000000
2.53451	.721460	.000000
2.53482	.721523	.000000
2.53513	.721551	.000000
2.53544	.721341	.000000
2.53575	.721211	.000000
2.53606	.721027	.000000
2.53637	.720922	.000000
2.53668	.721114	.000000
2.53699	.721077	.000000
2.5373	.721506	.000000
2.53761	.721628	.000000
2.53792	.721494	.000000
2.53823	.721799	.000000
2.53854	.721654	.000000
2.53885	.721521	.000000
2.53916	.721748	.000000
2.53947	.721566	.000000
2.53979	.721384	.000000
2.5401	.721502	.000000
2.54041	.721650	.000000
2.54072	.721509	.000000
2.54103	.721269	.000000
2.54134	.721128	.000000
2.54165	.721027	.000000
2.54196	.721391	.000000
2.54228	.721724	.000000
2.54259	.721542	.000000
2.5429	.721314	.000000
2.54321	.721652	.000000
2.54352	.721801	.000000
2.54384	.721679	.000000
2.54415	.721540	.000000
2.54446	.721497	.000000
2.54477	.721552	.000000
2.54508	.721926	.000000
2.5454	.722002	.000000
2.54571	.721904	.000000
2.54602	.721767	.000000
2.54633	.721757	.000000
2.54665	.721509	.000000
2.54696	.721389	.000000
2.54727	.721714	.000000
2.54758	.721679	.000000
2.5479	.721755	.000000
2.54821	.722120	.000000
2.54852	.721933	.000000
2.54884	.721635	.000000
2.54915	.721654	.000000
2.54946	.721535	.000000
2.54978	.721497	.000000
2.55009	.721928	.000000
2.55041	.722182	.000000
2.55072	.721279	.000000
2.55103	.721274	.000000
2.55135	.722332	.000000
2.55166	.722685	.000000
2.55197	.722551	.000000
2.55229	.722052	.000000
2.5526	.721429	.000000
2.55292	.721411	.000000
2.55323	.721648	.000000
2.55355	.721576	.000000
2.55386	.721542	.000000
2.55417	.721655	.000000
2.55449	.721810	.000000
2.5548	.722122	.000000
2.55512	.722435	.000000
2.55543	.722641	.000000
2.55575	.722191	.000000
2.55606	.721751	.000000
2.55638	.721971	.000000
2.55669	.721945	.000000
2.55701	.721952	.000000
2.55732	.721999	.000000
2.55764	.721746	.000000
2.55795	.722187	.000000
2.55827	.722879	.000000
2.55859	.722886	.000000
2.5589	.722426	.000000
2.55922	.722132	.000000
2.55953	.721715	.000000
2.55985	.721818	.000000
2.56016	.722074	.000000
2.56048	.722119	.000000
2.5608	.721963	.000000
2.56111	.722002	.000000
2.56143	.722052	.000000
2.56175	.722663	.000000
2.56206	.722900	.000000
2.56238	.722486	.000000
2.5627	.722205	.000000
2.56301	.722253	.000000
2.56333	.722785	.000000
2.56365	.722987	.000000
2.56396	.722907	.000000
2.56428	.722520	.000000
2.5646	.722081	.000000
2.56491	.722273	.000000
2.56523	.722421	.000000
2.56555	.722448	.000000
2.56587	.722466	.000000
2.56618	.722454	.000000
2.5665	.722433	.000000
2.56682	.722617	.000000
2.56714	.722634	.000000
2.56745	.722531	.000000
2.56777	.722260	.000000
2.56809	.722498	.000000
2.56841	.722855	.000000
2.56873	.722993	.000000
2.56904	.722984	.000000
2.56936	.722411	.000000
2.56968	.721885	.000000
2.57	.722258	.000000
2.57032	.722558	.000000
2.57064	.722400	.000000
2.57096	.722617	.000000
2.57127	.722472	.000000
2.57159	.722414	.000000
2.57191	.722455	.000000
2.57223	.722606	.000000
2.57255	.722617	.000000
2.57287	.722083	.000000
2.57319	.721703	.000000
2.57351	.722012	.000000
2.57383	.722787	.000000
2.57415	.723102	.000000
2.57447	.723205	.000000
2.57479	.723152	.000000
2.5751	.722823	.000000
2.57542	.722754	.000000
2.57574	.722761	.000000
2.57606	.722515	.000000
2.57638	.722445	.000000
2.5767	.722663	.000000
2.57703	.722900	.000000
2.57735	.722598	.000000
2.57767	.722423	.000000
2.57799	.722819	.000000
2.57831	.722788	.000000
2.57863	.722459	.000000
2.57895	.722943	.000000
2.57927	.723037	.000000
2.57959	.722787	.000000
2.57991	.722665	.000000
2.58023	.722641	.000000
2.58055	.723027	.000000
2.58087	.722910	.000000
2.58119	.722579	.000000
2.58152	.722565	.000000
2.58184	.722603	.000000
2.58216	.722756	.000000
2.58248	.723010	.000000
2.5828	.723104	.000000
2.58312	.723123	.000000
2.58345	.723183	.000000
2.58377	.722660	.000000
2.58409	.722823	.000000
2.58441	.723082	.000000
2.58473	.723193	.000000
2.58506	.723152	.000000
2.58538	.722761	.000000
2.5857	.722886	.000000
2.58602	.722872	.000000
2.58635	.723025	.000000
2.58667	.723653	.000000
2.58699	.723537	.000000
2.58731	.723168	.000000
2.58764	.723171	.000000
2.58796	.722888	.000000
2.58828	.722890	.000000
2.5886	.722950	.000000
2.58893	.722893	.000000
2.58925	.722454	.000000
2.58957	.722526	.000000
2.5899	.722857	.000000
2.59022	.723253	.000000
2.59054	.723427	.000000
2.59087	.723044	.000000
2.59119	.722517	.000000
2.59152	.722270	.000000
2.59184	.722618	.000000
2.59216	.722840	.000000
2.59249	.723142	.000000
2.59281	.723453	.000000
2.59314	.723453	.000000
2.59346	.723334	.000000
2.59378	.723257	.000000
2.59411	.722944	.000000
2.59443	.722306	.000000
2.59476	.722742	.000000
2.59508	.723508	.000000
2.59541	.723538	.000000
2.59573	.722708	.000000
2.59606	.722596	.000000
2.59638	.723648	.000000
2.59671	.723997	.000000
2.59703	.724016	.000000
2.59736	.723665	.000000
2.59768	.723326	.000000
2.59801	.723041	.000000
2.59833	.723029	.000000
2.59866	.723096	.000000
2.59899	.723128	.000000
2.59931	.723293	.000000
2.59964	.723435	.000000
2.59996	.723446	.000000
2.60029	.723235	.000000
2.60061	.723017	.000000
2.60094	.723362	.000000
2.60127	.723267	.000000
2.60159	.723090	.000000
2.60192	.723635	.000000
2.60225	.723904	.000000
2.60257	.723789	.000000
2.6029	.723485	.000000
2.60323	.723581	.000000
2.60355	.723607	.000000
2.60388	.723111	.000000
2.60421	.723006	.000000
2.60453	.723138	.000000
2.60486	.723051	.000000
2.60519	.722914	.000000
2.60552	.722735	.000000
2.60584	.723664	.000000
2.60617	.724102	.000000
2.6065	.723676	.000000
2.60683	.723679	.000000
2.60715	.723346	.000000
2.60748	.722898	.000000
2.60781	.723295	.000000
2.60814	.723968	.000000
2.60847	.724196	.000000
2.60879	.724012	.000000
2.60912	.723815	.000000
2.60945	.723566	.000000
2.60978	.723245	.000000
2.61011	.723755	.000000
2.61044	.723904	.000000
2.61076	.723851	.000000
2.61109	.723149	.000000
2.61142	.722795	.000000
2.61175	.723394	.000000
2.61208	.723741	.000000
2.61241	.723803	.000000
2.61274	.723458	.000000
2.61307	.723106	.000000
2.6134	.723643	.000000
2.61373	.724103	.000000
2.61405	.723678	.000000
2.61438	.723459	.000000
2.61471	.723702	.000000
2.61504	.723738	.000000
2.61537	.723466	.000000
2.6157	.723418	.000000
2.61603	.723307	.000000
2.61636	.722979	.000000
2.61669	.723279	.000000
2.61702	.723322	.000000
2.61735	.723204	.000000
2.61768	.723597	.000000
2.61801	.723641	.000000
2.61834	.723815	.000000
2.61868	.724017	.000000
2.61901	.723693	.000000
2.61934	.723176	.000000
2.61967	.723193	.000000
2.62	.722926	.000000
2.62033	.722229	.000000
2.62066	.723331	.000000
2.62099	.724625	.000000
2.62132	.724167	.000000
2.62165	.723801	.000000
2.62199	.723952	.000000
2.62232	.723971	.000000
2.62265	.723906	.000000
2.62298	.723944	.000000
2.62331	.723561	.000000
2.62364	.723399	.000000
2.62398	.723561	.000000
2.62431	.723454	.000000
2.62464	.723243	.000000
2.62497	.723453	.000000
2.6253	.723726	.000000
2.62564	.723803	.000000
2.62597	.724029	.000000
2.6263	.723899	.000000
2.62664	.723295	.000000
2.62697	.723569	.000000
2.6273	.724023	.000000
2.62763	.723786	.000000
2.62797	.723832	.000000
2.6283	.724009	.000000
2.62863	.723664	.000000
2.62897	.723375	.000000
2.6293	.723624	.000000
2.62963	.723827	.000000
2.62997	.723882	.000000
2.6303	.723142	.000000
2.63063	.722615	.000000
2.63097	.723425	.000000
2.6313	.723873	.000000
2.63163	.723762	.000000
2.63197	.723480	.000000
2.6323	.723664	.000000
2.63264	.724081	.000000
2.63297	.724177	.000000
2.6333	.723944	.000000
2.63364	.723755	.000000
2.63397	.723976	.000000
2.63431	.723890	.000000
2.63464	.723399	.000000
2.63498	.723377	.000000
2.63531	.723459	.000000
2.63565	.723762	.000000
2.63598	.723760	.000000
2.63632	.723839	.000000
2.63665	.724138	.000000
2.63699	.724040	.000000
2.63732	.723847	.000000
2.63766	.723712	.000000
2.63799	.723502	.000000
2.63833	.723365	.000000
2.63867	.723550	.000000
2.639	.723691	.000000
2.63934	.723871	.000000
2.63967	.724131	.000000
2.64001	.723957	.000000
2.64035	.723552	.000000
2.64068	.723575	.000000
2.64102	.724090	.000000
2.64135	.724223	.000000
2.64169	.724072	.000000
2.64203	.724009	.000000
2.64236	.724016	.000000
2.6427	.723768	.000000
2.64304	.723756	.000000
2.64337	.723659	.000000
2.64371	.723669	.000000
2.64405	.723648	.000000
2.64439	.723811	.000000
2.64472	.723768	.000000
2.64506	.723425	.000000
2.6454	.723355	.000000
2.64574	.723290	.000000
2.64607	.723430	.000000
2.64641	.723717	.000000
2.64675	.723748	.000000
2.64709	.723868	.000000
2.64742	.724043	.000000
2.64776	.724098	.000000
2.6481	.724048	.000000
2.64844	.723767	.000000
2.64878	.723585	.000000
2.64911	.723526	.000000
2.64945	.723533	.000000
2.64979	.723272	.000000
2.65013	.723116	.000000
2.65047	.723308	.000000
2.65081	.723475	.000000
2.65115	.723207	.000000
2.65149	.722986	.000000
2.65182	.723150	.000000
2.65216	.722975	.000000
2.6525	.722860	.000000
2.65284	.723290	.000000
2.65318	.723552	.000000
2.65352	.723432	.000000
2.65386	.723159	.000000
2.6542	.723257	.000000
2.65454	.723241	.000000
2.65488	.723334	.000000
2.65522	.723595	.000000
2.65556	.723350	.000000
2.6559	.723322	.000000
2.65624	.723456	.000000
2.65658	.723355	.000000
2.65692	.723537	.000000
2.65726	.723992	.000000
2.6576	.723863	.000000
2.65794	.723295	.000000
2.65828	.722635	.000000
2.65862	.722569	.000000
2.65896	.722647	.000000
2.6593	.722581	.000000
2.65965	.722260	.000000
2.65999	.722560	.000000
2.66033	.722862	.000000
2.66067	.722932	.000000
2.66101	.723023	.000000
2.66135	.722828	.000000
2.66169	.722457	.000000
2.66204	.722282	.000000
2.66238	.722304	.000000
2.66272	.722306	.000000
2.66306	.722170	.000000
2.6634	.722110	.000000
2.66374	.722296	.000000
2.66409	.722296	.000000
2.66443	.721858	.000000
2.66477	.721072	.000000
2.66511	.720819	.000000
2.66546	.721899	.000000
2.6658	.722423	.000000
2.66614	.722460	.000000
2.66649	.721942	.000000
2.66683	.720787	.000000
2.66717	.720835	.000000
2.66751	.722375	.000000
2.66786	.722656	.000000
2.6682	.722400	.000000
2.66854	.721964	.000000
2.66889	.721801	.000000
2.66923	.721513	.000000
2.66957	.721406	.000000
2.66992	.720926	.000000
2.67026	.720181	.000000
2.67061	.720213	.000000
2.67095	.721092	.000000
2.67129	.721796	.000000
2.67164	.721794	.000000
2.67198	.721490	.000000
2.67233	.721525	.000000
2.67267	.720987	.000000
2.67302	.720294	.000000
2.67336	.720191	.000000
2.6737	.720309	.000000
2.67405	.720119	.000000
2.67439	.720110	.000000
2.67474	.720016	.000000
2.67508	.719733	.000000
2.67543	.719355	.000000
2.67577	.719180	.000000
2.67612	.718474	.000000
2.67646	.718201	.000000
2.67681	.718272	.000000
2.67716	.718529	.000000
2.6775	.718407	.000000
2.67785	.718071	.000000
2.67819	.718184	.000000
2.67854	.718048	.000000
2.67888	.717844	.000000
2.67923	.716915	.000000
2.67958	.716668	.000000
2.67992	.717501	.000000
2.68027	.717769	.000000
2.68062	.717504	.000000
2.68096	.716821	.000000
2.68131	.716424	.000000
2.68166	.716122	.000000
2.682	.715911	.000000
2.68235	.715899	.000000
2.6827	.715915	.000000
2.68304	.715894	.000000
2.68339	.715564	.000000
2.68374	.715477	.000000
2.68409	.715470	.000000
2.68443	.715108	.000000
2.68478	.714776	.000000
2.68513	.714775	.000000
2.68548	.714924	.000000
2.68582	.714685	.000000
2.68617	.714184	.000000
2.68652	.714225	.000000
2.68687	.714490	.000000
2.68721	.713942	.000000
2.68756	.713863	.000000
2.68791	.713807	.000000
2.68826	.713458	.000000
2.68861	.712998	.000000
2.68896	.712723	.000000
2.68931	.712904	.000000
2.68965	.712916	.000000
2.69	.712806	.000000
2.69035	.712677	.000000
2.6907	.712476	.000000
2.69105	.712382	.000000
2.6914	.712239	.000000
2.69175	.712074	.000000
2.6921	.712114	.000000
2.69245	.712128	.000000
2.6928	.712402	.000000
2.69315	.711947	.000000
2.6935	.711280	.000000
2.69385	.710892	.000000
2.6942	.711094	.000000
2.69455	.710842	.000000
2.6949	.710432	.000000
2.69525	.710509	.000000
2.6956	.710632	.000000
2.69595	.710615	.000000
2.6963	.710543	.000000
2.69665	.710505	.000000
2.697	.710263	.000000
2.69735	.710057	.000000
2.6977	.709850	.000000
2.69805	.709388	.000000
2.6984	.709103	.000000
2.69875	.709456	.000000
2.69911	.709585	.000000
2.69946	.709383	.000000
2.69981	.709283	.000000
2.70016	.709170	.000000
2.70051	.709091	.000000
2.70086	.708705	.000000
2.70122	.708169	.000000
2.70157	.708284	.000000
2.70192	.708380	.000000
2.70227	.708014	.000000
2.70262	.707925	.000000
2.70298	.707676	.000000
2.70333	.707388	.000000
2.70368	.707111	.000000
2.70403	.706632	.000000
2.70439	.706809	.000000
2.70474	.706777	.000000
2.70509	.706478	.000000
2.70544	.706430	.000000
2.7058	.706124	.000000
2.70615	.705851	.000000
2.7065	.705711	.000000
2.70686	.705390	.000000
2.70721	.705330	.000000
2.70756	.705434	.000000
2.70792	.705305	.000000
2.70827	.705122	.000000
2.70862	.704835	.000000
2.70898	.704109	.000000
2.70933	.704030	.000000
2.70969	.704039	.000000
2.71004	.703810	.000000
2.71039	.703702	.000000
2.71075	.703082	.000000
2.7111	.702413	.000000
2.71146	.702933	.000000
2.71181	.702830	.000000
2.71217	.702600	.000000
2.71252	.702415	.000000
2.71288	.702119	.000000
2.71323	.702212	.000000
2.71359	.702183	.000000
2.71394	.701597	.000000
2.7143	.701002	.000000
2.71465	.700621	.000000
2.71501	.700801	.000000
2.71536	.700667	.000000
2.71572	.700396	.000000
2.71607	.700082	.000000
2.71643	.699680	.000000
2.71678	.699680	.000000
2.71714	.699723	.000000
2.7175	.699467	.000000
2.71785	.698823	.000000
2.71821	.698897	.000000
2.71857	.699318	.000000
2.71892	.698967	.000000
2.71928	.698497	.000000
2.71963	.698035	.000000
2.71999	.697483	.000000
2.72035	.697134	.000000
2.7207	.696986	.000000
2.72106	.696631	.000000
2.72142	.696667	.000000
2.72178	.696806	.000000
2.72213	.696406	.000000
2.72249	.696087	.000000
2.72285	.695987	.000000
2.72321	.695457	.000000
2.72356	.694937	.000000
2.72392	.693908	.000000
2.72428	.693404	.000000
2.72464	.693975	.000000
2.72499	.694008	.000000
2.72535	.693658	.000000
2.72571	.693182	.000000
2.72607	.692920	.000000
2.72643	.692763	.000000
2.72679	.692374	.000000
2.72714	.692221	.000000
2.7275	.692048	.000000
2.72786	.691536	.000000
2.72822	.691138	.000000
2.72858	.690887	.000000
2.72894	.690839	.000000
2.7293	.690485	.000000
2.72966	.690027	.000000
2.73002	.689668	.000000
2.73038	.689632	.000000
2.73074	.689636	.000000
2.7311	.688966	.000000
2.73146	.688626	.000000
2.73182	.688250	.000000
2.73218	.687591	.000000
2.73253	.687004	.000000
2.7329	.686621	.000000
2.73326	.686271	.000000
2.73362	.685768	.000000
2.73398	.685589	.000000
2.73434	.685588	.000000
2.7347	.684477	.000000
2.73506	.683790	.000000
2.73542	.684061	.000000
2.73578	.683787	.000000
2.73614	.683409	.000000
2.7365	.683162	.000000
2.73686	.682796	.000000
2.73722	.682479	.000000
2.73758	.681993	.000000
2.73795	.681541	.000000
2.73831	.680846	.000000
2.73867	.680302	.000000
2.73903	.680051	.000000
2.73939	.679761	.000000
2.73975	.679219	.000000
2.74012	.678333	.000000
2.74048	.678391	.000000
2.74084	.678429	.000000
2.7412	.677339	.000000
2.74157	.676699	.000000
2.74193	.676968	.000000
2.74229	.676695	.000000
2.74265	.675993	.000000
2.74302	.675543	.000000
2.74338	.674912	.000000
2.74374	.674537	.000000
2.7441	.673986	.000000
2.74447	.673260	.000000
2.74483	.672970	.000000
2.74519	.672706	.000000
2.74556	.672156	.000000
2.74592	.671818	.000000
2.74628	.671358	.000000
2.74665	.670879	.000000
2.74701	.670506	.000000
2.74738	.670146	.000000
2.74774	.669446	.000000
2.7481	.668920	.000000
2.74847	.668417	.000000
2.74883	.668050	.000000
2.7492	.667640	.000000
2.74956	.667396	.000000
2.74993	.667169	.000000
2.75029	.666661	.000000
2.75066	.665880	.000000
2.75102	.665475	.000000
2.75139	.665343	.000000
2.75175	.664785	.000000
2.75212	.664423	.000000
2.75248	.663698	.000000
2.75285	.662912	.000000
2.75321	.662337	.000000
2.75358	.661890	.000000
2.75394	.661664	.000000
2.75431	.661458	.000000
2.75467	.660704	.000000
2.75504	.659645	.000000
2.75541	.659569	.000000
2.75577	.659557	.000000
2.75614	.659061	.000000
2.7565	.658797	.000000
2.75687	.658220	.000000
2.75724	.657286	.000000
2.7576	.656557	.000000
2.75797	.656227	.000000
2.75834	.656152	.000000
2.7587	.656085	.000000
2.75907	.655822	.000000
2.75944	.655146	.000000
2.75981	.654349	.000000
2.76017	.654270	.000000
2.76054	.653930	.000000
2.76091	.653396	.000000
2.76128	.653185	.000000
2.76164	.653031	.000000
2.76201	.652277	.000000
2.76238	.651388	.000000
2.76275	.651125	.000000
2.76312	.650940	.000000
2.76348	.650397	.000000
2.76385	.649868	.000000
2.76422	.649606	.000000
2.76459	.649364	.000000
2.76496	.648809	.000000
2.76533	.647970	.000000
2.7657	.647518	.000000
2.76606	.647599	.000000
2.76643	.647213	.000000
2.7668	.646579	.000000
2.76717	.646296	.000000
2.76754	.646068	.000000
2.76791	.645558	.000000
2.76828	.645110	.000000
2.76865	.644830	.000000
2.76902	.644588	.000000
2.76939	.644444	.000000
2.76976	.643937	.000000
2.77013	.643572	.000000
2.7705	.642756	.000000
2.77087	.642531	.000000
2.77124	.642478	.000000
2.77161	.641616	.000000
2.77198	.641089	.000000
2.77235	.640662	.000000
2.77272	.640470	.000000
2.77309	.640176	.000000
2.77346	.639644	.000000
2.77383	.639436	.000000
2.7742	.639175	.000000
2.77458	.638694	.000000
2.77495	.638193	.000000
2.77532	.638221	.000000
2.77569	.638193	.000000
2.77606	.637640	.000000
2.77643	.636997	.000000
2.7768	.636569	.000000
2.77718	.636550	.000000
2.77755	.636337	.000000
2.77792	.636128	.000000
2.77829	.635843	.000000
2.77866	.635357	.000000
2.77904	.634966	.000000
2.77941	.634492	.000000
2.77978	.634226	.000000
2.78015	.633984	.000000
2.78053	.633917	.000000
2.7809	.633615	.000000
2.78127	.633297	.000000
2.78165	.632741	.000000
2.78202	.632118	.000000
2.78239	.631939	.000000
2.78277	.631953	.000000
2.78314	.631953	.000000
2.78351	.631644	.000000
2.78389	.631187	.000000
2.78426	.631095	.000000
2.78463	.630887	.000000
2.78501	.630369	.000000
2.78538	.629866	.000000
2.78576	.629823	.000000
2.78613	.629409	.000000
2.7865	.628794	.000000
2.78688	.628406	.000000
2.78725	.628247	.000000
2.78763	.628132	.000000
2.788	.627527	.000000
2.78838	.627345	.000000
2.78875	.627395	.000000
2.78913	.627021	.000000
2.7895	.627018	.000000
2.78988	.626966	.000000
2.79025	.626458	.000000
2.79063	.625740	.000000
2.791	.625217	.000000
2.79138	.625292	.000000
2.79176	.625160	.000000
2.79213	.624952	.000000
2.79251	.624805	.000000
2.79288	.624621	.000000
2.79326	.624537	.000000
2.79364	.624223	.000000
2.79401	.623873	.000000
2.79439	.623498	.000000
2.79476	.623485	.000000
2.79514	.623502	.000000
2.79552	.623237	.000000
2.7959	.622721	.000000
2.79627	.622314	.000000
2.79665	.622015	.000000
2.79703	.621998	.000000
2.7974	.621768	.000000
2.79778	.621148	.000000
2.79816	.620874	.000000
2.79854	.621009	.000000
2.79891	.620920	.000000
2.79929	.620594	.000000
2.79967	.620389	.000000
2.80005	.620283	.000000
2.80043	.620067	.000000
2.8008	.619727	.000000
2.80118	.619523	.000000
2.80156	.619207	.000000
2.80194	.619109	.000000
2.80232	.618832	.000000
2.8027	.618608	.000000
2.80308	.618652	.000000
2.80345	.618283	.000000
2.80383	.617845	.000000
2.80421	.617572	.000000
2.80459	.617536	.000000
2.80497	.617600	.000000
2.80535	.617258	.000000
2.80573	.616889	.000000
2.80611	.616630	.000000
2.80649	.616503	.000000
2.80687	.616436	.000000
2.80725	.616172	.000000
2.80763	.615969	.000000
2.80801	.615672	.000000
2.80839	.615438	.000000
2.80877	.615248	.000000
2.80915	.615260	.000000
2.80953	.615210	.000000
2.80991	.614906	.000000
2.81029	.614467	.000000
2.81067	.614462	.000000
2.81105	.614451	.000000
2.81144	.613955	.000000
2.81182	.613413	.000000
2.8122	.613729	.000000
2.81258	.613864	.000000
2.81296	.613476	.000000
2.81334	.613131	.000000
2.81372	.612850	.000000
2.81411	.612779	.000000
2.81449	.612826	.000000
2.81487	.612627	.000000
2.81525	.612136	.000000
2.81563	.611899	.000000
2.81602	.611775	.000000
2.8164	.611516	.000000
2.81678	.611282	.000000
2.81716	.611119	.000000
2.81755	.611051	.000000
2.81793	.611063	.000000
2.81831	.610839	.000000
2.8187	.610761	.000000
2.81908	.610510	.000000
2.81946	.610513	.000000
2.81984	.610633	.000000
2.82023	.610191	.000000
2.82061	.609811	.000000
2.821	.609875	.000000
2.82138	.609753	.000000
2.82176	.609444	.000000
2.82215	.609291	.000000
2.82253	.608968	.000000
2.82292	.608766	.000000
2.8233	.608546	.000000
2.82368	.608422	.000000
2.82407	.608642	.000000
2.82445	.608781	.000000
2.82484	.608493	.000000
2.82522	.608242	.000000
2.82561	.608002	.000000
2.82599	.607765	.000000
2.82638	.607593	.000000
2.82676	.607356	.000000
2.82715	.607487	.000000
2.82753	.607533	.000000
2.82792	.607222	.000000
2.8283	.607013	.000000
2.82869	.606858	.000000
2.82908	.606697	.000000
2.82946	.606701	.000000
2.82985	.606458	.000000
2.83023	.606009	.000000
2.83062	.605832	.000000
2.83101	.605609	.000000
2.83139	.605712	.000000
2.83178	.605657	.000000
2.83217	.605353	.000000
2.83255	.605427	.000000
2.83294	.605286	.000000
2.83333	.604857	.000000
2.83372	.604641	.000000
2.8341	.604586	.000000
2.83449	.604622	.000000
2.83488	.604630	.000000
2.83527	.604589	.000000
2.83565	.604290	.000000
2.83604	.603949	.000000
2.83643	.603887	.000000
2.83682	.603750	.000000
2.8372	.603595	.000000
2.83759	.603628	.000000
2.83798	.603581	.000000
2.83837	.603429	.000000
2.83876	.603283	.000000
2.83915	.603058	.000000
2.83954	.602714	.000000
2.83992	.602653	.000000
2.84031	.602550	.000000
2.8407	.602270	.000000
2.84109	.602318	.000000
2.84148	.602357	.000000
2.84187	.601983	.000000
2.84226	.601626	.000000
2.84265	.601520	.000000
2.84304	.601343	.000000
2.84343	.601360	.000000
2.84382	.601473	.000000
2.84421	.601437	.000000
2.8446	.601344	.000000
2.84499	.601053	.000000
2.84538	.600575	.000000
2.84577	.600557	.000000
2.84616	.600543	.000000
2.84655	.600059	.000000
2.84694	.599959	.000000
2.84733	.600206	.000000
2.84772	.600273	.000000
2.84811	.600134	.000000
2.84851	.599708	.000000
2.8489	.599638	.000000
2.84929	.599729	.000000
2.84968	.599724	.000000
2.85007	.599844	.000000
2.85046	.599583	.000000
2.85085	.599193	.000000
2.85125	.599137	.000000
2.85164	.599042	.000000
2.85203	.598888	.000000
2.85242	.598963	.000000
2.85282	.598979	.000000
2.85321	.598632	.000000
2.8536	.598380	.000000
2.85399	.598186	.000000
2.85439	.597846	.000000
2.85478	.597805	.000000
2.85517	.597657	.000000
2.85556	.597626	.000000
2.85596	.597678	.000000
2.85635	.597666	.000000
2.85674	.597880	.000000
2.85714	.597753	.000000
2.85753	.597219	.000000
2.85793	.596897	.000000
2.85832	.596962	.000000
2.85871	.597192	.000000
2.85911	.597094	.000000
2.8595	.596819	.000000
2.8599	.596768	.000000
2.86029	.596586	.000000
2.86069	.596536	.000000
2.86108	.596407	.000000
2.86147	.596036	.000000
2.86187	.595973	.000000
2.86226	.595985	.000000
2.86266	.596030	.000000
2.86305	.595894	.000000
2.86345	.595640	.000000
2.86385	.595594	.000000
2.86424	.595441	.000000
2.86464	.595305	.000000
2.86503	.595317	.000000
2.86543	.595077	.000000
2.86582	.595046	.000000
2.86622	.595259	.000000
2.86662	.595163	.000000
2.86701	.594812	.000000
2.86741	.594488	.000000
2.86781	.594352	.000000
2.8682	.594457	.000000
2.8686	.594332	.000000
2.869	.594383	.000000
2.86939	.594582	.000000
2.86979	.594469	.000000
2.87019	.594239	.000000
2.87058	.594153	.000000
2.87098	.594025	.000000
2.87138	.593976	.000000
2.87178	.593813	.000000
2.87218	.593595	.000000
2.87257	.593525	.000000
2.87297	.593479	.000000
2.87337	.593314	.000000
2.87377	.593190	.000000
2.87417	.593089	.000000
2.87456	.592845	.000000
2.87496	.592773	.000000
2.87536	.592794	.000000
2.87576	.592703	.000000
2.87616	.592380	.000000
2.87656	.592157	.000000
2.87696	.592306	.000000
2.87736	.592104	.000000
2.87775	.591904	.000000
2.87815	.592013	.000000
2.87855	.592090	.000000
2.87895	.592303	.000000
2.87935	.591983	.000000
2.87975	.591535	.000000
2.88015	.591563	.000000
2.88055	.591680	.000000
2.88095	.591484	.000000
2.88135	.591470	.000000
2.88175	.591758	.000000
2.88215	.591657	.000000
2.88255	.591396	.000000
2.88295	.591192	.000000
2.88336	.590845	.000000
2.88376	.590557	.000000
2.88416	.590725	.000000
2.88456	.591032	.000000
2.88496	.590905	.000000
2.88536	.590663	.000000
2.88576	.590505	.000000
2.88616	.590220	.000000
2.88657	.590438	.000000
2.88697	.590773	.000000
2.88737	.590615	.000000
2.88777	.590313	.000000
2.88817	.590002	.000000
2.88858	.589855	.000000
2.88898	.589824	.000000
2.88938	.589977	.000000
2.88978	.590002	.000000
2.89019	.589704	.000000
2.89059	.589443	.000000
2.89099	.589347	.000000
2.8914	.589362	.000000
2.8918	.589559	.000000
2.8922	.589541	.000000
2.8926	.589352	.000000
2.89301	.589310	.000000
2.89341	.589353	.000000
2.89382	.589070	.000000
2.89422	.589080	.000000
2.89462	.589280	.000000
2.89503	.589024	.000000
2.89543	.588919	.000000
2.89584	.588806	.000000
2.89624	.588380	.000000
2.89665	.588160	.000000
2.89705	.588363	.000000
2.89745	.588680	.000000
2.89786	.588512	.000000
2.89826	.588347	.000000
2.89867	.588613	.000000
2.89907	.588365	.000000
2.89948	.587970	.000000
2.89989	.588052	.000000
2.90029	.588313	.000000
2.9007	.588215	.000000
2.9011	.588085	.000000
2.90151	.588152	.000000
2.90191	.587740	.000000
2.90232	.587716	.000000
2.90273	.587743	.000000
2.90313	.587501	.000000
2.90354	.587323	.000000
2.90395	.587444	.000000
2.90435	.587541	.000000
2.90476	.587647	.000000
2.90517	.587412	.000000
2.90557	.587256	.000000
2.90598	.587046	.000000
2.90639	.587235	.000000
2.9068	.587348	.000000
2.9072	.587072	.000000
2.90761	.586794	.000000
2.90802	.586612	.000000
2.90843	.586255	.000000
2.90883	.586620	.000000
2.90924	.587065	.000000
2.90965	.586768	.000000
2.91006	.586476	.000000
2.91047	.586605	.000000
2.91088	.586844	.000000
2.91128	.586634	.000000
2.91169	.586523	.000000
2.9121	.586665	.000000
2.91251	.586505	.000000
2.91292	.586301	.000000
2.91333	.586449	.000000
2.91374	.586363	.000000
2.91415	.586372	.000000
2.91456	.586497	.000000
2.91497	.586262	.000000
2.91538	.585807	.000000
2.91579	.586073	.000000
2.9162	.586339	.000000
2.91661	.585881	.000000
2.91702	.585709	.000000
2.91743	.585834	.000000
2.91784	.585893	.000000
2.91825	.585790	.000000
2.91866	.585573	.000000
2.91907	.585470	.000000
2.91948	.585554	.000000
2.91989	.585973	.000000
2.9203	.586004	.000000
2.92071	.585769	.000000
2.92112	.585688	.000000
2.92154	.585520	.000000
2.92195	.585402	.000000
2.92236	.585608	.000000
2.92277	.585798	.000000
2.92318	.585692	.000000
2.9236	.585614	.000000
2.92401	.585446	.000000
2.92442	.585362	.000000
2.92483	.585400	.000000
2.92524	.585314	.000000
2.92566	.585134	.000000
2.92607	.584943	.000000
2.92648	.584840	.000000
2.9269	.585024	.000000
2.92731	.585216	.000000
2.92772	.584897	.000000
2.92814	.584548	.000000
2.92855	.584718	.000000
2.92896	.584998	.000000
2.92938	.584948	.000000
2.92979	.584830	.000000
2.9302	.584868	.000000
2.93062	.584857	.000000
2.93103	.584825	.000000
2.93145	.584715	.000000
2.93186	.584787	.000000
2.93228	.584780	.000000
2.93269	.584753	.000000
2.93311	.584816	.000000
2.93352	.584710	.000000
2.93394	.584457	.000000
2.93435	.584481	.000000
2.93477	.584476	.000000
2.93518	.584566	.000000
2.9356	.584727	.000000
2.93601	.584517	.000000
2.93643	.584432	.000000
2.93684	.584748	.000000
2.93726	.585012	.000000
2.93768	.584638	.000000
2.93809	.584200	.000000
2.93851	.584299	.000000
2.93892	.584439	.000000
2.93934	.584528	.000000
2.93976	.584631	.000000
2.94017	.584435	.000000
2.94059	.584253	.000000
2.94101	.584135	.000000
2.94143	.584334	.000000
2.94184	.584548	.000000
2.94226	.584313	.000000
2.94268	.584088	.000000
2.9431	.584047	.000000
2.94351	.584210	.000000
2.94393	.584231	.000000
2.94435	.584140	.000000
2.94477	.584305	.000000
2.94519	.584435	.000000
2.9456	.584124	.000000
2.94602	.583910	.000000
2.94644	.583970	.000000
2.94686	.583961	.000000
2.94728	.583968	.000000
2.9477	.584013	.000000
2.94812	.584162	.000000
2.94853	.584227	.000000
2.94895	.584088	.000000
2.94937	.583814	.000000
2.94979	.583839	.000000
2.95021	.584172	.000000
2.95063	.584087	.000000
2.95105	.583836	.000000
2.95147	.583820	.000000
2.95189	.583833	.000000
2.95231	.583913	.000000
2.95273	.583855	.000000
2.95315	.583585	.000000
2.95357	.583639	.000000
2.95399	.583815	.000000
2.95442	.583807	.000000
2.95484	.583738	.000000
2.95526	.583829	.000000
2.95568	.584236	.000000
2.9561	.584069	.000000
2.95652	.583676	.000000
2.95694	.583709	.000000
2.95736	.583845	.000000
2.95779	.583683	.000000
2.95821	.583632	.000000
2.95863	.583700	.000000
2.95905	.583891	.000000
2.95947	.583838	.000000
2.9599	.583822	.000000
2.96032	.583766	.000000
2.96074	.583867	.000000
2.96116	.583915	.000000
2.96159	.583857	.000000
2.96201	.583917	.000000
2.96243	.583918	.000000
2.96286	.583882	.000000
2.96328	.583944	.000000
2.9637	.583906	.000000
2.96413	.583719	.000000
2.96455	.583618	.000000
2.96497	.583764	.000000
2.9654	.584109	.000000
2.96582	.584181	.000000
2.96625	.583937	.000000
2.96667	.583960	.000000
2.9671	.584013	.000000
2.96752	.584014	.000000
2.96794	.583807	.000000
2.96837	.583573	.000000
2.96879	.583778	.000000
2.96922	.584121	.000000
2.96964	.584064	.000000
2.97007	.583887	.000000
2.9705	.583757	.000000
2.97092	.583851	.000000
2.97135	.583807	.000000
2.97177	.583860	.000000
2.9722	.583972	.000000
2.97262	.583889	.000000
2.97305	.583887	.000000
2.97348	.583978	.000000
2.9739	.583807	.000000
2.97433	.583802	.000000
2.97476	.584217	.000000
2.97518	.584238	.000000
2.97561	.584020	.000000
2.97604	.584044	.000000
2.97646	.584236	.000000
2.97689	.584257	.000000
2.97732	.583965	.000000
2.97775	.584011	.000000
2.97817	.584169	.000000
2.9786	.584056	.000000
2.97903	.584045	.000000
2.97946	.584289	.000000
2.97989	.584487	.000000
2.98031	.584548	.000000
2.98074	.584363	.000000
2.98117	.584169	.000000
2.9816	.584358	.000000
2.98203	.584569	.000000
2.98246	.584445	.000000
2.98289	.584176	.000000
2.98331	.584257	.000000
2.98374	.584325	.000000
2.98417	.584433	.000000
2.9846	.584624	.000000
2.98503	.584698	.000000
2.98546	.584632	.000000
2.98589	.584423	.000000
2.98632	.584387	.000000
2.98675	.584552	.000000
2.98718	.584802	.000000
2.98761	.584835	.000000
2.98804	.584871	.000000
2.98847	.585014	.000000
2.9889	.584943	.000000
2.98933	.584864	.000000
2.98977	.584967	.000000
2.9902	.584986	.000000
2.99063	.584912	.000000
2.99106	.584972	.000000
2.99149	.585110	.000000
2.99192	.585213	.000000
2.99235	.584983	.000000
2.99279	.584959	.000000
2.99322	.585129	.000000
2.99365	.585290	.000000
2.99408	.585309	.000000
2.99451	.585302	.000000
2.99495	.585347	.000000
2.99538	.585613	.000000
2.99581	.585578	.000000
2.99624	.585288	.000000
2.99668	.585117	.000000
2.99711	.585072	.000000
2.99754	.585266	.000000
2.99798	.585431	.000000
2.99841	.585343	.000000
2.99884	.585182	.000000
2.99928	.585287	.000000
2.99971	.585542	.000000
3.00015	.585687	.000000
3.00058	.585726	.000000
3.00101	.585865	.000000
3.00145	.586100	.000000
3.00188	.585990	.000000
3.00232	.585814	.000000
3.00275	.585994	.000000
3.00319	.586100	.000000
3.00362	.586385	.000000
3.00406	.586505	.000000
3.00449	.586414	.000000
3.00493	.586359	.000000
3.00536	.586294	.000000
3.0058	.586442	.000000
3.00623	.586600	.000000
3.00667	.586450	.000000
3.00711	.586117	.000000
3.00754	.586198	.000000
3.00798	.586475	.000000
3.00841	.586349	.000000
3.00885	.586521	.000000
3.00929	.586941	.000000
3.00972	.587034	.000000
3.01016	.586957	.000000
3.0106	.586725	.000000
3.01103	.586454	.000000
3.01147	.586602	.000000
3.01191	.586832	.000000
3.01235	.587048	.000000
3.01278	.586888	.000000
3.01322	.586732	.000000
3.01366	.586996	.000000
3.0141	.586947	.000000
3.01454	.586935	.000000
3.01497	.587127	.000000
3.01541	.586924	.000000
3.01585	.586844	.000000
3.01629	.587062	.000000
3.01673	.587105	.000000
3.01717	.587151	.000000
3.01761	.587384	.000000
3.01805	.587620	.000000
3.01849	.587597	.000000
3.01892	.587357	.000000
3.01936	.587204	.000000
3.0198	.587475	.000000
3.02024	.587709	.000000
3.02068	.587735	.000000
3.02112	.587865	.000000
3.02156	.587930	.000000
3.022	.587705	.000000
3.02244	.587594	.000000
3.02289	.587906	.000000
3.02333	.588150	.000000
3.02377	.588009	.000000
3.02421	.587865	.000000
3.02465	.587793	.000000
3.02509	.587772	.000000
3.02553	.587652	.000000
3.02597	.587805	.000000
3.02641	.587973	.000000
3.02686	.588183	.000000
3.0273	.588193	.000000
3.02774	.587956	.000000
3.02818	.588069	.000000
3.02862	.588250	.000000
3.02907	.588385	.000000
3.02951	.588382	.000000
3.02995	.588301	.000000
3.03039	.588526	.000000
3.03084	.588583	.000000
3.03128	.588480	.000000
3.03172	.588488	.000000
3.03217	.588454	.000000
3.03261	.588383	.000000
3.03305	.588438	.000000
3.0335	.588402	.000000
3.03394	.588512	.000000
3.03438	.588696	.000000
3.03483	.588792	.000000
3.03527	.588811	.000000
3.03572	.588857	.000000
3.03616	.588952	.000000
3.03661	.589058	.000000
3.03705	.589238	.000000
3.03749	.589079	.000000
3.03794	.588708	.000000
3.03839	.588493	.000000
3.03883	.588512	.000000
3.03928	.588948	.000000
3.03972	.589326	.000000
3.04017	.589326	.000000
3.04061	.589063	.000000
3.04106	.589027	.000000
3.0415	.589123	.000000
3.04195	.589214	.000000
3.0424	.589207	.000000
3.04284	.589398	.000000
3.04329	.589523	.000000
3.04374	.589436	.000000
3.04418	.589316	.000000
3.04463	.589601	.000000
3.04508	.589698	.000000
3.04552	.589573	.000000
3.04597	.589401	.000000
3.04642	.589410	.000000
3.04687	.589515	.000000
3.04731	.589606	.000000
3.04776	.589748	.000000
3.04821	.589647	.000000
3.04866	.589631	.000000
3.04911	.589638	.000000
3.04955	.589789	.000000
3.05	.589810	.000000
3.05045	.589813	.000000
3.0509	.589805	.000000
3.05135	.589784	.000000
3.0518	.589920	.000000
3.05225	.590203	.000000
3.0527	.590208	.000000
3.05315	.590001	.000000
3.05359	.589918	.000000
3.05404	.589796	.000000
3.05449	.589822	.000000
3.05494	.590042	.000000
3.05539	.590335	.000000
3.05584	.590550	.000000
3.05629	.590639	.000000
3.05675	.590433	.000000
3.0572	.590229	.000000
3.05765	.590198	.000000
3.0581	.590119	.000000
3.05855	.590095	.000000
3.059	.590152	.000000
3.05945	.590310	.000000
3.0599	.590208	.000000
3.06035	.590294	.000000
3.06081	.590483	.000000
3.06126	.590560	.000000
3.06171	.590631	.000000
3.06216	.590552	.000000
3.06261	.590509	.000000
3.06307	.590778	.000000
3.06352	.590771	.000000
3.06397	.590531	.000000
3.06442	.590543	.000000
3.06488	.590742	.000000
3.06533	.590794	.000000
3.06578	.590912	.000000
3.06624	.590988	.000000
3.06669	.590790	.000000
3.06714	.590828	.000000
3.0676	.590885	.000000
3.06805	.591060	.000000
3.0685	.591401	.000000
3.06896	.591108	.000000
3.06941	.590881	.000000
3.06987	.591140	.000000
3.07032	.591216	.000000
3.07078	.591185	.000000
3.07123	.591068	.000000
3.07169	.591039	.000000
3.07214	.591120	.000000
3.0726	.591389	.000000
3.07305	.591458	.000000
3.07351	.591108	.000000
3.07396	.591197	.000000
3.07442	.591321	.000000
3.07487	.591401	.000000
3.07533	.591726	.000000
3.07579	.591619	.000000
3.07624	.591403	.000000
3.0767	.591425	.000000
3.07716	.591601	.000000
3.07761	.591944	.000000
3.07807	.592203	.000000
3.07853	.592219	.000000
3.07898	.592215	.000000
3.07944	.592093	.000000
3.0799	.592030	.000000
3.08035	.591915	.000000
3.08081	.592158	.000000
3.08127	.592392	.000000
3.08173	.592112	.000000
3.08219	.591920	.000000
3.08264	.591980	.000000
3.0831	.591952	.000000
3.08356	.591928	.000000
3.08402	.592174	.000000
3.08448	.592347	.000000
3.08494	.592347	.000000
3.0854	.592261	.000000
3.08585	.592337	.000000
3.08631	.592368	.000000
3.08677	.592287	.000000
3.08723	.592237	.000000
3.08769	.592469	.000000
3.08815	.592787	.000000
3.08861	.592936	.000000
3.08907	.593068	.000000
3.08953	.592981	.000000
3.08999	.592969	.000000
3.09045	.593170	.000000
3.09091	.593309	.000000
3.09137	.593137	.000000
3.09183	.592938	.000000
3.0923	.592974	.000000
3.09276	.592897	.000000
3.09322	.592962	.000000
3.09368	.593262	.000000
3.09414	.593379	.000000
3.0946	.593484	.000000
3.09506	.593669	.000000
3.09553	.593559	.000000
3.09599	.593637	.000000
3.09645	.593681	.000000
3.09691	.593702	.000000
3.09738	.593827	.000000
3.09784	.593853	.000000
3.0983	.593856	.000000
3.09876	.594194	.000000
3.09923	.594426	.000000
3.09969	.594227	.000000
3.10015	.594006	.000000
3.10062	.594361	.000000
3.10108	.594553	.000000
3.10155	.594289	.000000
3.10201	.594224	.000000
3.10247	.594321	.000000
3.10294	.594526	.000000
3.1034	.594515	.000000
3.10387	.594426	.000000
3.10433	.594502	.000000
3.1048	.594612	.000000
3.10526	.594680	.000000
3.10573	.594740	.000000
3.10619	.595000	.000000
3.10666	.595084	.000000
3.10712	.594964	.000000
3.10759	.595049	.000000
3.10805	.595149	.000000
3.10852	.595170	.000000
3.10898	.595199	.000000
3.10945	.595149	.000000
3.10992	.595331	.000000
3.11038	.595506	.000000
3.11085	.595568	.000000
3.11132	.595618	.000000
3.11178	.595945	.000000
3.11225	.595982	.000000
3.11272	.596012	.000000
3.11318	.596066	.000000
3.11365	.596193	.000000
3.11412	.596359	.000000
3.11459	.596603	.000000
3.11506	.596579	.000000
3.11552	.596531	.000000
3.11599	.596830	.000000
3.11646	.596682	.000000
3.11693	.596495	.000000
3.1174	.596411	.000000
3.11786	.596589	.000000
3.11833	.596897	.000000
3.1188	.596955	.000000
3.11927	.597008	.000000
3.11974	.597092	.000000
3.12021	.597018	.000000
3.12068	.597106	.000000
3.12115	.597204	.000000
3.12162	.597535	.000000
3.12209	.597775	.000000
3.12256	.597715	.000000
3.12303	.597630	.000000
3.1235	.597705	.000000
3.12397	.597727	.000000
3.12444	.597849	.000000
3.12491	.597952	.000000
3.12538	.597860	.000000
3.12585	.598026	.000000
3.12632	.598193	.000000
3.1268	.598339	.000000
3.12727	.598387	.000000
3.12774	.598538	.000000
3.12821	.598469	.000000
3.12868	.598460	.000000
3.12915	.598816	.000000
3.12963	.599001	.000000
3.1301	.599022	.000000
3.13057	.599133	.000000
3.13104	.599183	.000000
3.13152	.599281	.000000
3.13199	.599139	.000000
3.13246	.598986	.000000
3.13294	.599061	.000000
3.13341	.599557	.000000
3.13388	.599890	.000000
3.13436	.599930	.000000
3.13483	.600054	.000000
3.1353	.600026	.000000
3.13578	.599973	.000000
3.13625	.600026	.000000
3.13673	.600126	.000000
3.1372	.600172	.000000
3.13768	.600263	.000000
3.13815	.600635	.000000
3.13863	.600737	.000000
3.1391	.600615	.000000
3.13958	.600548	.000000
3.14005	.600605	.000000
3.14053	.600632	.000000
3.141	.600668	.000000
3.14148	.600996	.000000
3.14196	.601212	.000000
3.14243	.601320	.000000
3.14291	.601561	.000000
3.14338	.601633	.000000
3.14386	.601760	.000000
3.14434	.601732	.000000
3.14481	.601585	.000000
3.14529	.601681	.000000
3.14577	.602002	.000000
3.14624	.602069	.000000
3.14672	.602198	.000000
3.1472	.602462	.000000
3.14768	.602498	.000000
3.14816	.602438	.000000
3.14863	.602453	.000000
3.14911	.602536	.000000
3.14959	.602632	.000000
3.15007	.602737	.000000
3.15055	.602838	.000000
3.15102	.602931	.000000
3.1515	.602994	.000000
3.15198	.603221	.000000
3.15246	.603489	.000000
3.15294	.603432	.000000
3.15342	.603401	.000000
3.1539	.603614	.000000
3.15438	.603916	.000000
3.15486	.604019	.000000
3.15534	.604074	.000000
3.15582	.604153	.000000
3.1563	.604148	.000000
3.15678	.604083	.000000
3.15726	.604247	.000000
3.15774	.604507	.000000
3.15822	.604567	.000000
3.1587	.604586	.000000
3.15918	.604654	.000000
3.15967	.604707	.000000
3.16015	.604833	.000000
3.16063	.605089	.000000
3.16111	.605288	.000000
3.16159	.605368	.000000
3.16207	.605358	.000000
3.16256	.605629	.000000
3.16304	.605863	.000000
3.16352	.605758	.000000
3.164	.605902	.000000
3.16449	.606136	.000000
3.16497	.605985	.000000
3.16545	.606254	.000000
3.16594	.606373	.000000
3.16642	.606362	.000000
3.1669	.606567	.000000
3.16739	.606704	.000000
3.16787	.606615	.000000
3.16835	.606718	.000000
3.16884	.606907	.000000
3.16932	.607064	.000000
3.16981	.607212	.000000
3.17029	.607353	.000000
3.17078	.607760	.000000
3.17126	.607950	.000000
3.17175	.607585	.000000
3.17223	.607274	.000000
3.17272	.607428	.000000
3.1732	.607586	.000000
3.17369	.607751	.000000
3.17417	.607950	.000000
3.17466	.608038	.000000
3.17515	.608254	.000000
3.17563	.608671	.000000
3.17612	.608857	.000000
3.1766	.608834	.000000
3.17709	.608929	.000000
3.17758	.609011	.000000
3.17806	.609090	.000000
3.17855	.609214	.000000
3.17904	.609289	.000000
3.17953	.609452	.000000
3.18001	.609516	.000000
3.1805	.609662	.000000
3.18099	.609888	.000000
3.18148	.609809	.000000
3.18197	.609875	.000000
3.18245	.609998	.000000
3.18294	.610010	.000000
3.18343	.610065	.000000
3.18392	.610237	.000000
3.18441	.610560	.000000
3.1849	.610525	.000000
3.18539	.610460	.000000
3.18588	.610568	.000000
3.18637	.610846	.000000
3.18686	.611045	.000000
3.18735	.611088	.000000
3.18784	.611320	.000000
3.18833	.611622	.000000
3.18882	.611724	.000000
3.18931	.611653	.000000
3.1898	.611718	.000000
3.19029	.611904	.000000
3.19078	.612048	.000000
3.19127	.612086	.000000
3.19176	.612220	.000000
3.19225	.612457	.000000
3.19274	.612482	.000000
3.19323	.612537	.000000
3.19373	.612730	.000000
3.19422	.612934	.000000
3.19471	.613081	.000000
3.1952	.613090	.000000
3.19569	.613039	.000000
3.19619	.613090	.000000
3.19668	.613483	.000000
3.19717	.613696	.000000
3.19767	.613717	.000000
3.19816	.613905	.000000
3.19865	.613694	.000000
3.19915	.613670	.000000
3.19964	.613907	.000000
3.20013	.614089	.000000
3.20063	.614364	.000000
3.20112	.614493	.000000
3.20161	.614445	.000000
3.20211	.614420	.000000
3.2026	.614680	.000000
3.2031	.615083	.000000
3.20359	.615301	.000000
3.20409	.615294	.000000
3.20458	.615238	.000000
3.20508	.615296	.000000
3.20557	.615399	.000000
3.20607	.615547	.000000
3.20656	.615880	.000000
3.20706	.616046	.000000
3.20756	.616017	.000000
3.20805	.616132	.000000
3.20855	.616300	.000000
3.20905	.616297	.000000
3.20954	.616345	.000000
3.21004	.616446	.000000
3.21054	.616510	.000000
3.21103	.616590	.000000
3.21153	.616695	.000000
3.21203	.616808	.000000
3.21252	.616935	.000000
3.21302	.617303	.000000
3.21352	.617389	.000000
3.21402	.617219	.000000
3.21452	.617425	.000000
3.21501	.617747	.000000
3.21551	.618103	.000000
3.21601	.618135	.000000
3.21651	.618051	.000000
3.21701	.618142	.000000
3.21751	.618242	.000000
3.21801	.618417	.000000
3.21851	.618489	.000000
3.21901	.618391	.000000
3.21951	.618523	.000000
3.22001	.618942	.000000
3.22051	.619217	.000000
3.22101	.619085	.000000
3.22151	.618992	.000000
3.22201	.619296	.000000
3.22251	.619589	.000000
3.22301	.619783	.000000
3.22351	.619747	.000000
3.22401	.619668	.000000
3.22451	.619802	.000000
3.22501	.620144	.000000
3.22551	.620455	.000000
3.22602	.620625	.000000
3.22652	.620516	.000000
3.22702	.620321	.000000
3.22752	.620547	.000000
3.22803	.621009	.000000
3.22853	.621122	.000000
3.22903	.621148	.000000
3.22953	.621275	.000000
3.23004	.621414	.000000
3.23054	.621418	.000000
3.23104	.621553	.000000
3.23155	.621759	.000000
3.23205	.621976	.000000
3.23255	.622171	.000000
3.23306	.622140	.000000
3.23356	.622209	.000000
3.23407	.622228	.000000
3.23457	.622458	.000000
3.23508	.622525	.000000
3.23558	.622537	.000000
3.23608	.622820	.000000
3.23659	.622863	.000000
3.23709	.622837	.000000
3.2376	.622865	.000000
3.23811	.623105	.000000
3.23861	.623749	.000000
3.23912	.623929	.000000
3.23962	.623594	.000000
3.24013	.623675	.000000
3.24064	.623730	.000000
3.24114	.623792	.000000
3.24165	.624139	.000000
3.24216	.624348	.000000
3.24266	.624194	.000000
3.24317	.624233	.000000
3.24368	.624561	.000000
3.24418	.624834	.000000
3.24469	.624978	.000000
3.2452	.625057	.000000
3.24571	.625028	.000000
3.24622	.625126	.000000
3.24672	.625366	.000000
3.24723	.625433	.000000
3.24774	.625351	.000000
3.24825	.625553	.000000
3.24876	.625598	.000000
3.24927	.625500	.000000
3.24978	.625598	.000000
3.25029	.625914	.000000
3.25079	.626221	.000000
3.2513	.626348	.000000
3.25181	.626334	.000000
3.25232	.626501	.000000
3.25283	.626660	.000000
3.25334	.626724	.000000
3.25385	.626753	.000000
3.25437	.626964	.000000
3.25488	.627215	.000000
3.25539	.627273	.000000
3.2559	.627378	.000000
3.25641	.627560	.000000
3.25692	.627751	.000000
3.25743	.628010	.000000
3.25794	.628013	.000000
3.25846	.628015	.000000
3.25897	.628128	.000000
3.25948	.628353	.000000
3.25999	.628458	.000000
3.2605	.628472	.000000
3.26102	.628650	.000000
3.26153	.628769	.000000
3.26204	.628806	.000000
3.26256	.628911	.000000
3.26307	.629024	.000000
3.26358	.629050	.000000
3.2641	.629232	.000000
3.26461	.629421	.000000
3.26512	.629560	.000000
3.26564	.629594	.000000
3.26615	.629697	.000000
3.26667	.629764	.000000
3.26718	.629969	.000000
3.2677	.630221	.000000
3.26821	.630350	.000000
3.26873	.630434	.000000
3.26924	.630571	.000000
3.26976	.630624	.000000
3.27027	.630645	.000000
3.27079	.630908	.000000
3.2713	.631213	.000000
3.27182	.631452	.000000
3.27234	.631514	.000000
3.27285	.631510	.000000
3.27337	.631479	.000000
3.27389	.631515	.000000
3.2744	.631701	.000000
3.27492	.631951	.000000
3.27544	.632137	.000000
3.27596	.632157	.000000
3.27647	.632219	.000000
3.27699	.632432	.000000
3.27751	.632648	.000000
3.27803	.632875	.000000
3.27855	.633016	.000000
3.27906	.633019	.000000
3.27958	.633069	.000000
3.2801	.633009	.000000
3.28062	.633093	.000000
3.28114	.633412	.000000
3.28166	.633665	.000000
3.28218	.633877	.000000
3.2827	.633932	.000000
3.28322	.633968	.000000
3.28374	.634020	.000000
3.28426	.633982	.000000
3.28478	.634291	.000000
3.2853	.634408	.000000
3.28582	.634490	.000000
3.28634	.634636	.000000
3.28686	.634677	.000000
3.28738	.634722	.000000
3.2879	.634856	.000000
3.28842	.635072	.000000
3.28894	.635194	.000000
3.28947	.635270	.000000
3.28999	.635338	.000000
3.29051	.635498	.000000
3.29103	.635695	.000000
3.29155	.635917	.000000
3.29208	.636056	.000000
3.2926	.635989	.000000
3.29312	.636185	.000000
3.29365	.636595	.000000
3.29417	.636828	.000000
3.29469	.636801	.000000
3.29521	.636822	.000000
3.29574	.636923	.000000
3.29626	.636954	.000000
3.29679	.637019	.000000
3.29731	.637189	.000000
3.29783	.637335	.000000
3.29836	.637386	.000000
3.29888	.637573	.000000
3.29941	.637779	.000000
3.29993	.638076	.000000
3.30046	.638212	.000000
3.30098	.638282	.000000
3.30151	.638391	.000000
3.30204	.638355	.000000
3.30256	.638399	.000000
3.30309	.638368	.000000
3.30361	.638547	.000000
3.30414	.638830	.000000
3.30467	.639002	.000000
3.30519	.639132	.000000
3.30572	.639184	.000000
3.30625	.639409	.000000
3.30677	.639709	.000000
3.3073	.639687	.000000
3.30783	.639764	.000000
3.30836	.639865	.000000
3.30888	.639922	.000000
3.30941	.639882	.000000
3.30994	.640092	.000000
3.31047	.640300	.000000
3.311	.640468	.000000
3.31153	.640643	.000000
3.31205	.640677	.000000
3.31258	.640600	.000000
3.31311	.640681	.000000
3.31364	.640892	.000000
3.31417	.640926	.000000
3.3147	.641100	.000000
3.31523	.641122	.000000
3.31576	.641228	.000000
3.31629	.641441	.000000
3.31682	.641565	.000000
3.31735	.641699	.000000
3.31788	.641869	.000000
3.31841	.641917	.000000
3.31894	.642106	.000000
3.31948	.642423	.000000
3.32001	.642605	.000000
3.32054	.642639	.000000
3.32107	.642535	.000000
3.3216	.642540	.000000
3.32213	.642694	.000000
3.32267	.642722	.000000
3.3232	.642902	.000000
3.32373	.643075	.000000
3.32427	.643203	.000000
3.3248	.643422	.000000
3.32533	.643642	.000000
3.32586	.643733	.000000
3.3264	.643769	.000000
3.32693	.643838	.000000
3.32747	.643966	.000000
3.328	.644222	.000000
3.32853	.644457	.000000
3.32907	.644435	.000000
3.3296	.644239	.000000
3.33014	.644190	.000000
3.33067	.644394	.000000
3.33121	.644715	.000000
3.33174	.644729	.000000
3.33228	.644772	.000000
3.33281	.644945	.000000
3.33335	.645098	.000000
3.33388	.645185	.000000
3.33442	.645254	.000000
3.33496	.645280	.000000
3.33549	.645374	.000000
3.33603	.645513	.000000
3.33657	.645599	.000000
3.3371	.645570	.000000
3.33764	.645608	.000000
3.33818	.645855	.000000
3.33871	.645965	.000000
3.33925	.646004	.000000
3.33979	.646083	.000000
3.34033	.646250	.000000
3.34087	.646305	.000000
3.3414	.646255	.000000
3.34194	.646205	.000000
3.34248	.646301	.000000
3.34302	.646504	.000000
3.34356	.646579	.000000
3.3441	.646620	.000000
3.34464	.646715	.000000
3.34518	.646868	.000000
3.34572	.647185	.000000
3.34626	.647474	.000000
3.3468	.647589	.000000
3.34734	.647465	.000000
3.34788	.647314	.000000
3.34842	.647309	.000000
3.34896	.647266	.000000
3.3495	.647232	.000000
3.35004	.647372	.000000
3.35058	.647513	.000000
3.35112	.647487	.000000
3.35166	.647687	.000000
3.35221	.647879	.000000
3.35275	.647968	.000000
3.35329	.648274	.000000
3.35383	.648169	.000000
3.35437	.648018	.000000
3.35492	.648215	.000000
3.35546	.648408	.000000
3.356	.648332	.000000
3.35655	.648181	.000000
3.35709	.648193	.000000
3.35763	.648231	.000000
3.35818	.648310	.000000
3.35872	.648399	.000000
3.35926	.648332	.000000
3.35981	.648485	.000000
3.36035	.648567	.000000
3.3609	.648437	.000000
3.36144	.648614	.000000
3.36199	.648794	.000000
3.36253	.648771	.000000
3.36308	.648729	.000000
3.36362	.648749	.000000
3.36417	.648768	.000000
3.36471	.648739	.000000
3.36526	.648703	.000000
3.36581	.648670	.000000
3.36635	.648814	.000000
3.3669	.648929	.000000
3.36745	.648725	.000000
3.36799	.648468	.000000
3.36854	.648483	.000000
3.36909	.648576	.000000
3.36963	.648732	.000000
3.37018	.648840	.000000
3.37073	.648808	.000000
3.37128	.648976	.000000
3.37183	.648988	.000000
3.37237	.648809	.000000
3.37292	.648881	.000000
3.37347	.649094	.000000
3.37402	.649286	.000000
3.37457	.649462	.000000
3.37512	.649592	.000000
3.37567	.649657	.000000
3.37622	.649676	.000000
3.37677	.649813	.000000
3.37732	.649954	.000000
3.37787	.650102	.000000
3.37842	.650217	.000000
3.37897	.650406	.000000
3.37952	.650655	.000000
3.38007	.650773	.000000
3.38062	.650919	.000000
3.38117	.651063	.000000
3.38172	.651381	.000000
3.38227	.651592	.000000
3.38283	.651621	.000000
3.38338	.651673	.000000
3.38393	.651688	.000000
3.38448	.651728	.000000
3.38503	.651928	.000000
3.38559	.652239	.000000
3.38614	.652416	.000000
3.38669	.652488	.000000
3.38725	.652579	.000000
3.3878	.652777	.000000
3.38835	.652806	.000000
3.38891	.652660	.000000
3.38946	.652763	.000000
3.39001	.653091	.000000
3.39057	.653317	.000000
3.39112	.653398	.000000
3.39168	.653381	.000000
3.39223	.653429	.000000
3.39279	.653355	.000000
3.39334	.653346	.000000
3.3939	.653419	.000000
3.39445	.653290	.000000
3.39501	.653305	.000000
3.39556	.653391	.000000
3.39612	.653573	.000000
3.39668	.653637	.000000
3.39723	.653477	.000000
3.39779	.653437	.000000
3.39835	.653345	.000000
3.3989	.653432	.000000
3.39946	.653352	.000000
3.40002	.653202	.000000
3.40058	.653170	.000000
3.40113	.653192	.000000
3.40169	.653396	.000000
3.40225	.653606	.000000
3.40281	.653678	.000000
3.40337	.653465	.000000
3.40392	.653341	.000000
3.40448	.653189	.000000
3.40504	.653108	.000000
3.4056	.653154	.000000
3.40616	.653219	.000000
3.40672	.653413	.000000
3.40728	.653599	.000000
3.40784	.653693	.000000
3.4084	.653825	.000000
3.40896	.653693	.000000
3.40952	.653535	.000000
3.41008	.653594	.000000
3.41064	.653690	.000000
3.4112	.653630	.000000
3.41176	.653655	.000000
3.41232	.653846	.000000
3.41289	.654043	.000000
3.41345	.653911	.000000
3.41401	.653848	.000000
3.41457	.654110	.000000
3.41513	.654196	.000000
3.4157	.654285	.000000
3.41626	.654440	.000000
3.41682	.654526	.000000
3.41739	.654582	.000000
3.41795	.654819	.000000
3.41851	.655061	.000000
3.41908	.655225	.000000
3.41964	.655370	.000000
3.4202	.655422	.000000
3.42077	.655484	.000000
3.42133	.655918	.000000
3.4219	.656272	.000000
3.42246	.656503	.000000
3.42303	.656800	.000000
3.42359	.656950	.000000
3.42416	.657133	.000000
3.42472	.657408	.000000
3.42529	.657654	.000000
3.42585	.657994	.000000
3.42642	.658236	.000000
3.42699	.658472	.000000
3.42755	.658740	.000000
3.42812	.659061	.000000
3.42869	.659417	.000000
3.42925	.659528	.000000
3.42982	.659530	.000000
3.43039	.659949	.000000
3.43095	.660488	.000000
3.43152	.660817	.000000
3.43209	.660809	.000000
3.43266	.660866	.000000
3.43323	.660999	.000000
3.43379	.661271	.000000
3.43436	.661456	.000000
3.43493	.661451	.000000
3.4355	.661671	.000000
3.43607	.661933	.000000
3.43664	.662225	.000000
3.43721	.662368	.000000
3.43778	.662378	.000000
3.43835	.662599	.000000
3.43892	.662972	.000000
3.43949	.663075	.000000
3.44006	.662972	.000000
3.44063	.663152	.000000
3.4412	.663535	.000000
3.44177	.663830	.000000
3.44234	.663863	.000000
3.44291	.663949	.000000
3.44349	.664249	.000000
3.44406	.664313	.000000
3.44463	.664424	.000000
3.4452	.664709	.000000
3.44577	.664864	.000000
3.44635	.664982	.000000
3.44692	.664931	.000000
3.44749	.664919	.000000
3.44807	.665224	.000000
3.44864	.665442	.000000
3.44921	.665404	.000000
3.44979	.665550	.000000
3.45036	.665830	.000000
3.45094	.665976	.000000
3.45151	.666148	.000000
3.45208	.666285	.000000
3.45266	.666357	.000000
3.45323	.666512	.000000
3.45381	.666623	.000000
3.45438	.666737	.000000
3.45496	.666992	.000000
3.45553	.667234	.000000
3.45611	.667283	.000000
3.45669	.667387	.000000
3.45726	.667652	.000000
3.45784	.667734	.000000
3.45842	.667792	.000000
3.45899	.668000	.000000
3.45957	.668124	.000000
3.46015	.668119	.000000
3.46072	.668338	.000000
3.4613	.668565	.000000
3.46188	.668685	.000000
3.46246	.668895	.000000
3.46304	.669058	.000000
3.46361	.669078	.000000
3.46419	.669116	.000000
3.46477	.669248	.000000
3.46535	.669336	.000000
3.46593	.669298	.000000
3.46651	.669289	.000000
3.46709	.669440	.000000
3.46767	.669506	.000000
3.46825	.669509	.000000
3.46883	.669549	.000000
3.46941	.669825	.000000
3.46999	.669873	.000000
3.47057	.669885	.000000
3.47115	.670163	.000000
3.47173	.670208	.000000
3.47231	.670285	.000000
3.4729	.670386	.000000
3.47348	.670479	.000000
3.47406	.670608	.000000
3.47464	.670810	.000000
3.47522	.670791	.000000
3.47581	.670881	.000000
3.47639	.671145	.000000
3.47697	.671243	.000000
3.47755	.671355	.000000
3.47814	.671343	.000000
3.47872	.671312	.000000
3.4793	.671463	.000000
3.47989	.671559	.000000
3.48047	.671547	.000000
3.48106	.671524	.000000
3.48164	.671535	.000000
3.48222	.671708	.000000
3.48281	.671919	.000000
3.48339	.672017	.000000
3.48398	.672106	.000000
3.48457	.672256	.000000
3.48515	.672458	.000000
3.48574	.672597	.000000
3.48632	.672711	.000000
3.48691	.672778	.000000
3.48749	.672721	.000000
3.48808	.672800	.000000
3.48867	.672829	.000000
3.48926	.672714	.000000
3.48984	.672697	.000000
3.49043	.672649	.000000
3.49102	.672644	.000000
3.4916	.672774	.000000
3.49219	.672843	.000000
3.49278	.672812	.000000
3.49337	.672867	.000000
3.49396	.672858	.000000
3.49455	.672817	.000000
3.49514	.672918	.000000
3.49572	.672742	.000000
3.49631	.672785	.000000
3.4969	.672862	.000000
3.49749	.673008	.000000
3.49808	.673186	.000000
3.49867	.673368	.000000
3.49926	.673528	.000000
3.49985	.673368	.000000
3.50044	.673258	.000000
3.50104	.673572	.000000
3.50163	.673830	.000000
3.50222	.673955	.000000
3.50281	.674142	.000000
3.5034	.674252	.000000
3.50399	.674441	.000000
3.50459	.674671	.000000
3.50518	.675068	.000000
3.50577	.675245	.000000
3.50636	.675366	.000000
3.50696	.675531	.000000
3.50755	.675773	.000000
3.50814	.676403	.000000
3.50874	.676791	.000000
3.50933	.676848	.000000
3.50992	.676949	.000000
3.51052	.677162	.000000
3.51111	.677356	.000000
3.51171	.677533	.000000
3.5123	.677844	.000000
3.5129	.678175	.000000
3.51349	.678446	.000000
3.51409	.678757	.000000
3.51468	.678911	.000000
3.51528	.679080	.000000
3.51587	.679471	.000000
3.51647	.679686	.000000
3.51707	.679809	.000000
3.51766	.679952	.000000
3.51826	.680104	.000000
3.51886	.680357	.000000
3.51945	.680654	.000000
3.52005	.680819	.000000
3.52065	.680855	.000000
3.52125	.681016	.000000
3.52184	.681256	.000000
3.52244	.681442	.000000
3.52304	.681514	.000000
3.52364	.681790	.000000
3.52424	.682110	.000000
3.52484	.682209	.000000
3.52544	.682340	.000000
3.52604	.682371	.000000
3.52664	.682637	.000000
3.52724	.682733	.000000
3.52784	.682771	.000000
3.52844	.683004	.000000
3.52904	.683210	.000000
3.52964	.683385	.000000
3.53024	.683543	.000000
3.53084	.683632	.000000
3.53144	.683651	.000000
3.53204	.683783	.000000
3.53264	.683886	.000000
3.53324	.683845	.000000
3.53385	.684077	.000000
3.53445	.684216	.000000
3.53505	.684283	.000000
3.53565	.684506	.000000
3.53626	.684746	.000000
3.53686	.684918	.000000
3.53746	.684841	.000000
3.53807	.684946	.000000
3.53867	.685297	.000000
3.53927	.685486	.000000
3.53988	.685418	.000000
3.54048	.685455	.000000
3.54109	.685531	.000000
3.54169	.685694	.000000
3.5423	.685787	.000000
3.5429	.685977	.000000
3.54351	.686286	.000000
3.54411	.686406	.000000
3.54472	.686348	.000000
3.54532	.686439	.000000
3.54593	.686686	.000000
3.54654	.686781	.000000
3.54714	.686841	.000000
3.54775	.687021	.000000
3.54836	.687021	.000000
3.54896	.687026	.000000
3.54957	.687114	.000000
3.55018	.687260	.000000
3.55079	.687371	.000000
3.5514	.687407	.000000
3.552	.687479	.000000
3.55261	.687701	.000000
3.55322	.688013	.000000
3.55383	.688125	.000000
3.55444	.688156	.000000
3.55505	.688434	.000000
3.55566	.688585	.000000
3.55627	.688540	.000000
3.55688	.688547	.000000
3.55749	.688640	.000000
3.5581	.688702	.000000
3.55871	.688920	.000000
3.55932	.689014	.000000
3.55993	.688805	.000000
3.56054	.688866	.000000
3.56115	.689072	.000000
3.56176	.689109	.000000
3.56238	.689145	.000000
3.56299	.689378	.000000
3.5636	.689775	.000000
3.56421	.689951	.000000
3.56482	.690072	.000000
3.56544	.690187	.000000
3.56605	.690096	.000000
3.56666	.690187	.000000
3.56728	.690250	.000000
3.56789	.690154	.000000
3.5685	.690252	.000000
3.56912	.690448	.000000
3.56973	.690772	.000000
3.57035	.690842	.000000
3.57096	.690887	.000000
3.57158	.691076	.000000
3.57219	.691105	.000000
3.57281	.691290	.000000
3.57342	.691466	.000000
3.57404	.691517	.000000
3.57466	.691656	.000000
3.57527	.691591	.000000
3.57589	.691593	.000000
3.5765	.691726	.000000
3.57712	.691907	.000000
3.57774	.692072	.000000
3.57836	.692231	.000000
3.57897	.692389	.000000
3.57959	.692350	.000000
3.58021	.692357	.000000
3.58083	.692430	.000000
3.58145	.692588	.000000
3.58206	.692746	.000000
3.58268	.692760	.000000
3.5833	.692889	.000000
3.58392	.693004	.000000
3.58454	.692980	.000000
3.58516	.693108	.000000
3.58578	.693278	.000000
3.5864	.693333	.000000
3.58702	.693419	.000000
3.58764	.693634	.000000
3.58826	.693881	.000000
3.58888	.693989	.000000
3.58951	.694039	.000000
3.59013	.693828	.000000
3.59075	.693823	.000000
3.59137	.694085	.000000
3.59199	.694296	.000000
3.59261	.694465	.000000
3.59324	.694420	.000000
3.59386	.694355	.000000
3.59448	.694583	.000000
3.5951	.694724	.000000
3.59573	.694810	.000000
3.59635	.695076	.000000
3.59698	.695246	.000000
3.5976	.695187	.000000
3.59822	.695086	.000000
3.59885	.695114	.000000
3.59947	.695378	.000000
3.6001	.695568	.000000
3.60072	.695804	.000000
3.60135	.695826	.000000
3.60197	.695732	.000000
3.6026	.695831	.000000
3.60322	.695865	.000000
3.60385	.695953	.000000
3.60448	.695946	.000000
3.6051	.696029	.000000
3.60573	.696293	.000000
3.60636	.696336	.000000
3.60698	.696281	.000000
3.60761	.696346	.000000
3.60824	.696501	.000000
3.60887	.696811	.000000
3.6095	.697041	.000000
3.61012	.696889	.000000
3.61075	.696871	.000000
3.61138	.697139	.000000
3.61201	.697263	.000000
3.61264	.697333	.000000
3.61327	.697261	.000000
3.6139	.697292	.000000
3.61453	.697637	.000000
3.61516	.697740	.000000
3.61579	.697677	.000000
3.61642	.697685	.000000
3.61705	.697606	.000000
3.61768	.697694	.000000
3.61831	.698013	.000000
3.61894	.698133	.000000
3.61957	.698210	.000000
3.62021	.698214	.000000
3.62084	.698087	.000000
3.62147	.698209	.000000
3.6221	.698523	.000000
3.62274	.698904	.000000
3.62337	.698954	.000000
3.624	.698825	.000000
3.62464	.698816	.000000
3.62527	.698818	.000000
3.6259	.699053	.000000
3.62654	.699276	.000000
3.62717	.699373	.000000
3.62781	.699319	.000000
3.62844	.699273	.000000
3.62908	.699474	.000000
3.62971	.699556	.000000
3.63035	.699591	.000000
3.63098	.699582	.000000
3.63162	.699663	.000000
3.63225	.699810	.000000
3.63289	.699927	.000000
3.63353	.699816	.000000
3.63416	.699903	.000000
3.6348	.700123	.000000
3.63544	.700138	.000000
3.63607	.700193	.000000
3.63671	.700490	.000000
3.63735	.700480	.000000
3.63799	.700322	.000000
3.63863	.700480	.000000
3.63926	.700751	.000000
3.6399	.700880	.000000
3.64054	.700844	.000000
3.64118	.700866	.000000
3.64182	.701052	.000000
3.64246	.701055	.000000
3.6431	.701240	.000000
3.64374	.701517	.000000
3.64438	.701587	.000000
3.64502	.701577	.000000
3.64566	.701730	.000000
3.6463	.701881	.000000
3.64694	.701790	.000000
3.64759	.701757	.000000
3.64823	.701939	.000000
3.64887	.701979	.000000
3.64951	.701927	.000000
3.65015	.702047	.000000
3.6508	.702198	.000000
3.65144	.702289	.000000
3.65208	.702497	.000000
3.65273	.702682	.000000
3.65337	.702765	.000000
3.65401	.702605	.000000
3.65466	.702418	.000000
3.6553	.702624	.000000
3.65594	.702924	.000000
3.65659	.703069	.000000
3.65723	.703154	.000000
3.65788	.703280	.000000
3.65852	.703426	.000000
3.65917	.703390	.000000
3.65982	.703330	.000000
3.66046	.703520	.000000
3.66111	.703709	.000000
3.66175	.703757	.000000
3.6624	.703881	.000000
3.66305	.703874	.000000
3.66369	.703769	.000000
3.66434	.703747	.000000
3.66499	.703851	.000000
3.66564	.704087	.000000
3.66629	.704131	.000000
3.66693	.704028	.000000
3.66758	.704052	.000000
3.66823	.704270	.000000
3.66888	.704339	.000000
3.66953	.704456	.000000
3.67018	.704605	.000000
3.67083	.704552	.000000
3.67148	.704650	.000000
3.67213	.704809	.000000
3.67278	.704833	.000000
3.67343	.704971	.000000
3.67408	.705005	.000000
3.67473	.704996	.000000
3.67538	.705160	.000000
3.67603	.705299	.000000
3.67668	.705354	.000000
3.67734	.705408	.000000
3.67799	.705644	.000000
3.67864	.705771	.000000
3.67929	.705654	.000000
3.67995	.705633	.000000
3.6806	.705776	.000000
3.68125	.706027	.000000
3.68191	.706135	.000000
3.68256	.706138	.000000
3.68321	.706184	.000000
3.68387	.706353	.000000
3.68452	.706356	.000000
3.68518	.706445	.000000
3.68583	.706720	.000000
3.68649	.706682	.000000
3.68714	.706579	.000000
3.6878	.706717	.000000
3.68845	.706842	.000000
3.68911	.706964	.000000
3.68977	.706936	.000000
3.69042	.706761	.000000
3.69108	.706892	.000000
3.69174	.707173	.000000
3.69239	.707211	.000000
3.69305	.707156	.000000
3.69371	.707249	.000000
3.69437	.707348	.000000
3.69503	.707506	.000000
3.69568	.707470	.000000
3.69634	.707523	.000000
3.697	.707640	.000000
3.69766	.707632	.000000
3.69832	.707807	.000000
3.69898	.707996	.000000
3.69964	.708169	.000000
3.7003	.708359	.000000
3.70096	.708416	.000000
3.70162	.708385	.000000
3.70228	.708461	.000000
3.70294	.708499	.000000
3.70361	.708425	.000000
3.70427	.708408	.000000
3.70493	.708487	.000000
3.70559	.708555	.000000
3.70625	.708603	.000000
3.70692	.708768	.000000
3.70758	.709043	.000000
3.70824	.709166	.000000
3.7089	.709099	.000000
3.70957	.709129	.000000
3.71023	.709147	.000000
3.71089	.709183	.000000
3.71156	.709297	.000000
3.71222	.709439	.000000
3.71289	.709527	.000000
3.71355	.709460	.000000
3.71422	.709487	.000000
3.71488	.709626	.000000
3.71555	.709721	.000000
3.71621	.709723	.000000
3.71688	.709887	.000000
3.71755	.710011	.000000
3.71821	.709929	.000000
3.71888	.709899	.000000
3.71955	.709929	.000000
3.72021	.710119	.000000
3.72088	.710310	.000000
3.72155	.710279	.000000
3.72222	.710413	.000000
3.72288	.710662	.000000
3.72355	.710632	.000000
3.72422	.710627	.000000
3.72489	.710684	.000000
3.72556	.710847	.000000
3.72623	.710917	.000000
3.7269	.710993	.000000
3.72757	.710995	.000000
3.72824	.710943	.000000
3.72891	.711019	.000000
3.72958	.711084	.000000
3.73025	.711142	.000000
3.73092	.711264	.000000
3.73159	.711268	.000000
3.73226	.711273	.000000
3.73294	.711494	.000000
3.73361	.711644	.000000
3.73428	.711690	.000000
3.73495	.711637	.000000
3.73563	.711630	.000000
3.7363	.711690	.000000
3.73697	.711755	.000000
3.73765	.711999	.000000
3.73832	.712177	.000000
3.73899	.712229	.000000
3.73967	.712330	.000000
3.74034	.712442	.000000
3.74102	.712306	.000000
3.74169	.712205	.000000
3.74237	.712263	.000000
3.74304	.712394	.000000
3.74372	.712421	.000000
3.74439	.712478	.000000
3.74507	.712608	.000000
3.74575	.712665	.000000
3.74642	.712761	.000000
3.7471	.712945	.000000
3.74778	.712967	.000000
3.74845	.712900	.000000
3.74913	.712981	.000000
3.74981	.713086	.000000
3.75049	.713154	.000000
3.75117	.713185	.000000
3.75184	.713412	.000000
3.75252	.713486	.000000
3.7532	.713436	.000000
3.75388	.713422	.000000
3.75456	.713523	.000000
3.75524	.713734	.000000
3.75592	.713815	.000000
3.7566	.713738	.000000
3.75728	.713774	.000000
3.75796	.713613	.000000
3.75864	.713638	.000000
3.75932	.713927	.000000
3.76001	.713964	.000000
3.76069	.713882	.000000
3.76137	.713956	.000000
3.76205	.713989	.000000
3.76274	.714009	.000000
3.76342	.714071	.000000
3.7641	.714131	.000000
3.76479	.714303	.000000
3.76547	.714373	.000000
3.76615	.714291	.000000
3.76684	.714303	.000000
3.76752	.714442	.000000
3.76821	.714696	.000000
3.76889	.714716	.000000
3.76958	.714637	.000000
3.77026	.714624	.000000
3.77095	.714682	.000000
3.77163	.714718	.000000
3.77232	.714672	.000000
3.773	.714663	.000000
3.77369	.714667	.000000
3.77438	.714801	.000000
3.77506	.715031	.000000
3.77575	.715237	.000000
3.77644	.715369	.000000
3.77713	.715247	.000000
3.77782	.715238	.000000
3.7785	.715266	.000000
3.77919	.715295	.000000
3.77988	.715336	.000000
3.78057	.715353	.000000
3.78126	.715362	.000000
3.78195	.715374	.000000
3.78264	.715401	.000000
3.78333	.715434	.000000
3.78402	.715559	.000000
3.78471	.715719	.000000
3.7854	.715831	.000000
3.78609	.715918	.000000
3.78678	.715954	.000000
3.78747	.715958	.000000
3.78817	.715915	.000000
3.78886	.715971	.000000
3.78955	.716086	.000000
3.79024	.715988	.000000
3.79094	.715887	.000000
3.79163	.716097	.000000
3.79232	.716270	.000000
3.79302	.716315	.000000
3.79371	.716363	.000000
3.7944	.716321	.000000
3.7951	.716399	.000000
3.79579	.716370	.000000
3.79649	.716179	.000000
3.79718	.716067	.000000
3.79788	.716061	.000000
3.79857	.716078	.000000
3.79927	.716234	.000000
3.79996	.716378	.000000
3.80066	.716373	.000000
3.80136	.716510	.000000
3.80205	.716682	.000000
3.80275	.716617	.000000
3.80345	.716660	.000000
3.80415	.716677	.000000
3.80484	.716526	.000000
3.80554	.716412	.000000
3.80624	.716543	.000000
3.80694	.716691	.000000
3.80764	.716792	.000000
3.80834	.716855	.000000
3.80904	.716867	.000000
3.80974	.716854	.000000
3.81044	.716864	.000000
3.81114	.716979	.000000
3.81184	.716931	.000000
3.81254	.716919	.000000
3.81324	.717092	.000000
3.81394	.717221	.000000
3.81464	.717273	.000000
3.81534	.717273	.000000
3.81605	.717252	.000000
3.81675	.717293	.000000
3.81745	.717345	.000000
3.81815	.717341	.000000
3.81886	.717274	.000000
3.81956	.717400	.000000
3.82026	.717518	.000000
3.82097	.717496	.000000
3.82167	.717422	.000000
3.82238	.717527	.000000
3.82308	.717448	.000000
3.82379	.717456	.000000
3.82449	.717551	.000000
3.8252	.717657	.000000
3.8259	.717791	.000000
3.82661	.717954	.000000
3.82732	.717868	.000000
3.82802	.717798	.000000
3.82873	.717755	.000000
3.82944	.717789	.000000
3.83014	.717921	.000000
3.83085	.717944	.000000
3.83156	.718018	.000000
3.83227	.718097	.000000
3.83297	.717906	.000000
3.83368	.717870	.000000
3.83439	.717939	.000000
3.8351	.717870	.000000
3.83581	.717841	.000000
3.83652	.717751	.000000
3.83723	.717774	.000000
3.83794	.717904	.000000
3.83865	.718059	.000000
3.83936	.718067	.000000
3.84007	.718031	.000000
3.84078	.718133	.000000
3.84149	.718150	.000000
3.84221	.717971	.000000
3.84292	.717915	.000000
3.84363	.718145	.000000
3.84434	.718370	.000000
3.84505	.718454	.000000
3.84577	.718488	.000000
3.84648	.718450	.000000
3.84719	.718364	.000000
3.84791	.718333	.000000
3.84862	.718277	.000000
3.84934	.718145	.000000
3.85005	.718097	.000000
3.85077	.718196	.000000
3.85148	.718414	.000000
3.8522	.718411	.000000
3.85291	.718363	.000000
3.85363	.718424	.000000
3.85434	.718473	.000000
3.85506	.718457	.000000
3.85578	.718457	.000000
3.85649	.718498	.000000
3.85721	.718524	.000000
3.85793	.718450	.000000
3.85865	.718321	.000000
3.85936	.718359	.000000
3.86008	.718600	.000000
3.8608	.718665	.000000
3.86152	.718503	.000000
3.86224	.718543	.000000
3.86296	.718661	.000000
3.86368	.718665	.000000
3.8644	.718588	.000000
3.86512	.718440	.000000
3.86584	.718490	.000000
3.86656	.718680	.000000
3.86728	.718782	.000000
3.868	.718924	.000000
3.86872	.718898	.000000
3.86945	.718864	.000000
3.87017	.718809	.000000
3.87089	.718735	.000000
3.87161	.718742	.000000
3.87234	.718857	.000000
3.87306	.718807	.000000
3.87378	.718629	.000000
3.87451	.718600	.000000
3.87523	.718500	.000000
3.87595	.718459	.000000
3.87668	.718497	.000000
3.8774	.718539	.000000
3.87813	.718505	.000000
3.87885	.718515	.000000
3.87958	.718665	.000000
3.8803	.718689	.000000
3.88103	.718708	.000000
3.88176	.718900	.000000
3.88248	.718936	.000000
3.88321	.718879	.000000
3.88394	.718737	.000000
3.88467	.718687	.000000
3.88539	.718627	.000000
3.88612	.718557	.000000
3.88685	.718790	.000000
3.88758	.718917	.000000
3.88831	.718787	.000000
3.88904	.718491	.000000
3.88977	.718481	.000000
3.8905	.718612	.000000
3.89123	.718775	.000000
3.89196	.718715	.000000
3.89269	.718617	.000000
3.89342	.718582	.000000
3.89415	.718756	.000000
3.89488	.718716	.000000
3.89561	.718636	.000000
3.89634	.718653	.000000
3.89708	.718605	.000000
3.89781	.718563	.000000
3.89854	.718622	.000000
3.89927	.718589	.000000
3.90001	.718448	.000000
3.90074	.718433	.000000
3.90147	.718476	.000000
3.90221	.718471	.000000
3.90294	.718582	.000000
3.90368	.718617	.000000
3.90441	.718515	.000000
3.90515	.718337	.000000
3.90588	.718306	.000000
3.90662	.718471	.000000
3.90735	.718562	.000000
3.90809	.718677	.000000
3.90883	.718636	.000000
3.90956	.718565	.000000
3.9103	.718677	.000000
3.91104	.718567	.000000
3.91178	.718419	.000000
3.91251	.718359	.000000
3.91325	.718248	.000000
3.91399	.718285	.000000
3.91473	.718378	.000000
3.91547	.718411	.000000
3.91621	.718402	.000000
3.91695	.718321	.000000
3.91769	.718263	.000000
3.91843	.718242	.000000
3.91917	.718318	.000000
3.91991	.718292	.000000
3.92065	.718115	.000000
3.92139	.718095	.000000
3.92213	.718301	.000000
3.92288	.718457	.000000
3.92362	.718196	.000000
3.92436	.718102	.000000
3.9251	.718361	.000000
3.92585	.718436	.000000
3.92659	.718325	.000000
3.92733	.718263	.000000
3.92808	.718254	.000000
3.92882	.718172	.000000
3.92956	.718229	.000000
3.93031	.718232	.000000
3.93105	.718009	.000000
3.9318	.718055	.000000
3.93254	.718059	.000000
3.93329	.718040	.000000
3.93404	.718227	.000000
3.93478	.718328	.000000
3.93553	.718201	.000000
3.93628	.717945	.000000
3.93702	.717968	.000000
3.93777	.717976	.000000
3.93852	.717920	.000000
3.93927	.718000	.000000
3.94002	.718006	.000000
3.94076	.718021	.000000
3.94151	.718036	.000000
3.94226	.717973	.000000
3.94301	.717980	.000000
3.94376	.717988	.000000
3.94451	.717913	.000000
3.94526	.717803	.000000
3.94601	.717707	.000000
3.94676	.717851	.000000
3.94751	.717846	.000000
3.94827	.717664	.000000
3.94902	.717597	.000000
3.94977	.717745	.000000
3.95052	.717842	.000000
3.95128	.717691	.000000
3.95203	.717691	.000000
3.95278	.717825	.000000
3.95354	.717772	.000000
3.95429	.717674	.000000
3.95504	.717678	.000000
3.9558	.717521	.000000
3.95655	.717535	.000000
3.95731	.717597	.000000
3.95806	.717532	.000000
3.95882	.717406	.000000
3.95958	.717262	.000000
3.96033	.717345	.000000
3.96109	.717374	.000000
3.96184	.717267	.000000
3.9626	.717334	.000000
3.96336	.717261	.000000
3.96412	.717146	.000000
3.96487	.717216	.000000
3.96563	.717121	.000000
3.96639	.717056	.000000
3.96715	.717101	.000000
3.96791	.716991	.000000
3.96867	.717005	.000000
3.96943	.717063	.000000
3.97019	.717022	.000000
3.97095	.716792	.000000
3.97171	.716792	.000000
3.97247	.716871	.000000
3.97323	.716838	.000000
3.97399	.716770	.000000
3.97475	.716754	.000000
3.97551	.716735	.000000
3.97628	.716600	.000000
3.97704	.716435	.000000
3.9778	.716562	.000000
3.97856	.716665	.000000
3.97933	.716510	.000000
3.98009	.716586	.000000
3.98086	.716819	.000000
3.98162	.716665	.000000
3.98238	.716394	.000000
3.98315	.716241	.000000
3.98391	.716167	.000000
3.98468	.716275	.000000
3.98545	.716244	.000000
3.98621	.716155	.000000
3.98698	.716346	.000000
3.98774	.716388	.000000
3.98851	.716243	.000000
3.98928	.716267	.000000
3.99005	.716327	.000000
3.99081	.716143	.000000
3.99158	.716136	.000000
3.99235	.716155	.000000
3.99312	.715906	.000000
3.99389	.715789	.000000
3.99466	.716083	.000000
3.99543	.716091	.000000
3.9962	.715918	.000000
3.99697	.715812	.000000
3.99774	.715894	.000000
3.99851	.715901	.000000
3.99928	.715721	.000000
4.00005	.715712	.000000
4.00082	.715691	.000000
4.00159	.715728	.000000
4.00237	.715664	.000000
4.00314	.715559	.000000
4.00391	.715607	.000000
4.00468	.715685	.000000
4.00546	.715709	.000000
4.00623	.715642	.000000
4.00701	.715537	.000000
4.00778	.715429	.000000
4.00855	.715494	.000000
4.00933	.715448	.000000
4.0101	.715274	.000000
4.01088	.715333	.000000
4.01166	.715405	.000000
4.01243	.715369	.000000
4.01321	.715394	.000000
4.01399	.715455	.000000
4.01476	.715412	.000000
4.01554	.715168	.000000
4.01632	.714826	.000000
4.01709	.714801	.000000
4.01787	.715097	.000000
4.01865	.715247	.000000
4.01943	.715194	.000000
4.02021	.715077	.000000
4.02099	.714940	.000000
4.02177	.714826	.000000
4.02255	.714864	.000000
4.02333	.714948	.000000
4.02411	.714826	.000000
4.02489	.714711	.000000
4.02567	.714691	.000000
4.02646	.714758	.000000
4.02724	.714813	.000000
4.02802	.714739	.000000
4.0288	.714718	.000000
4.02958	.714710	.000000
4.03037	.714596	.000000
4.03115	.714569	.000000
4.03193	.714560	.000000
4.03272	.714517	.000000
4.0335	.714536	.000000
4.03429	.714521	.000000
4.03507	.714469	.000000
4.03586	.714462	.000000
4.03664	.714392	.000000
4.03743	.714442	.000000
4.03822	.714449	.000000
4.039	.714289	.000000
4.03979	.714239	.000000
4.04058	.714234	.000000
4.04136	.714375	.000000
4.04215	.714492	.000000
4.04294	.714352	.000000
4.04373	.714203	.000000
4.04452	.714181	.000000
4.0453	.714255	.000000
4.04609	.714272	.000000
4.04688	.714272	.000000
4.04767	.714169	.000000
4.04846	.714097	.000000
4.04925	.714138	.000000
4.05004	.714031	.000000
4.05083	.713781	.000000
4.05163	.713637	.000000
4.05242	.713638	.000000
4.05321	.713571	.000000
4.054	.713611	.000000
4.05479	.713734	.000000
4.05559	.713784	.000000
4.05638	.713760	.000000
4.05717	.713589	.000000
4.05797	.713369	.000000
4.05876	.713362	.000000
4.05956	.713391	.000000
4.06035	.713408	.000000
4.06115	.713376	.000000
4.06194	.713288	.000000
4.06274	.713243	.000000
4.06353	.713283	.000000
4.06433	.713403	.000000
4.06513	.713369	.000000
4.06592	.713226	.000000
4.06672	.713297	.000000
4.06752	.713199	.000000
4.06832	.712965	.000000
4.06911	.712864	.000000
4.06991	.712828	.000000
4.07071	.712972	.000000
4.07151	.713132	.000000
4.07231	.713122	.000000
4.07311	.713032	.000000
4.07391	.713068	.000000
4.07471	.713012	.000000
4.07551	.713001	.000000
4.07631	.712885	.000000
4.07711	.712799	.000000
4.07792	.712746	.000000
4.07872	.712730	.000000
4.07952	.712696	.000000
4.08032	.712567	.000000
4.08113	.712596	.000000
4.08193	.712631	.000000
4.08273	.712625	.000000
4.08354	.712713	.000000
4.08434	.712763	.000000
4.08514	.712668	.000000
4.08595	.712560	.000000
4.08675	.712464	.000000
4.08756	.712256	.000000
4.08837	.712210	.000000
4.08917	.712389	.000000
4.08998	.712318	.000000
4.09079	.712131	.000000
4.09159	.712140	.000000
4.0924	.712248	.000000
4.09321	.712303	.000000
4.09402	.712174	.000000
4.09483	.712007	.000000
4.09563	.711858	.000000
4.09644	.711692	.000000
4.09725	.711807	.000000
4.09806	.712011	.000000
4.09887	.712093	.000000
4.09968	.712044	.000000
4.10049	.711889	.000000
4.1013	.711762	.000000
4.10211	.711752	.000000
4.10293	.711729	.000000
4.10374	.711652	.000000
4.10455	.711662	.000000
4.10536	.711705	.000000
4.10618	.711640	.000000
4.10699	.711532	.000000
4.1078	.711444	.000000
4.10862	.711353	.000000
4.10943	.711415	.000000
4.11024	.711412	.000000
4.11106	.711513	.000000
4.11187	.711492	.000000
4.11269	.711316	.000000
4.1135	.711281	.000000
4.11432	.711352	.000000
4.11514	.711408	.000000
4.11595	.711333	.000000
4.11677	.711089	.000000
4.11759	.710923	.000000
4.11841	.710974	.000000
4.11922	.711104	.000000
4.12004	.710923	.000000
4.12086	.710885	.000000
4.12168	.710965	.000000
4.1225	.710874	.000000
4.12332	.710844	.000000
4.12414	.710857	.000000
4.12496	.710828	.000000
4.12578	.710838	.000000
4.1266	.710696	.000000
4.12742	.710524	.000000
4.12824	.710468	.000000
4.12906	.710512	.000000
4.12989	.710514	.000000
4.13071	.710449	.000000
4.13153	.710368	.000000
4.13236	.710263	.000000
4.13318	.710361	.000000
4.134	.710308	.000000
4.13483	.710207	.000000
4.13565	.710317	.000000
4.13648	.710409	.000000
4.1373	.710195	.000000
4.13813	.709934	.000000
4.13895	.709980	.000000
4.13978	.710016	.000000
4.14061	.709929	.000000
4.14143	.709814	.000000
4.14226	.709805	.000000
4.14309	.709781	.000000
4.14392	.709832	.000000
4.14474	.709815	.000000
4.14557	.709652	.000000
4.1464	.709554	.000000
4.14723	.709685	.000000
4.14806	.709815	.000000
4.14889	.709633	.000000
4.14972	.709580	.000000
4.15055	.709618	.000000
4.15138	.709523	.000000
4.15221	.709475	.000000
4.15304	.709407	.000000
4.15388	.709274	.000000
4.15471	.709218	.000000
4.15554	.709182	.000000
4.15637	.709089	.000000
4.15721	.709093	.000000
4.15804	.709137	.000000
4.15887	.709216	.000000
4.15971	.709226	.000000
4.16054	.709347	.000000
4.16138	.709196	.000000
4.16221	.708902	.000000
4.16305	.708696	.000000
4.16388	.708679	.000000
4.16472	.708694	.000000
4.16556	.708734	.000000
4.16639	.708900	.000000
4.16723	.708758	.000000
4.16807	.708636	.000000
4.16891	.708747	.000000
4.16974	.708617	.000000
4.17058	.708478	.000000
4.17142	.708425	.000000
4.17226	.708358	.000000
4.1731	.708394	.000000
4.17394	.708421	.000000
4.17478	.708456	.000000
4.17562	.708406	.000000
4.17646	.708219	.000000
4.1773	.708172	.000000
4.17814	.708052	.000000
4.17899	.708073	.000000
4.17983	.708166	.000000
4.18067	.708061	.000000
4.18151	.707793	.000000
4.18236	.707707	.000000
4.1832	.707688	.000000
4.18404	.707781	.000000
4.18489	.707894	.000000
4.18573	.707884	.000000
4.18658	.707822	.000000
4.18742	.707771	.000000
4.18827	.707589	.000000
4.18912	.707496	.000000
4.18996	.707489	.000000
4.19081	.707364	.000000
4.19166	.707275	.000000
4.1925	.707287	.000000
4.19335	.707307	.000000
4.1942	.707237	.000000
4.19505	.707055	.000000
4.1959	.707012	.000000
4.19675	.707201	.000000
4.19759	.707180	.000000
4.19844	.707010	.000000
4.19929	.706830	.000000
4.20014	.706715	.000000
4.201	.706905	.000000
4.20185	.707170	.000000
4.2027	.707175	.000000
4.20355	.707134	.000000
4.2044	.707081	.000000
4.20525	.706881	.000000
4.20611	.706754	.000000
4.20696	.706701	.000000
4.20781	.706679	.000000
4.20867	.706447	.000000
4.20952	.706361	.000000
4.21038	.706279	.000000
4.21123	.706258	.000000
4.21209	.706378	.000000
4.21294	.706334	.000000
4.2138	.706270	.000000
4.21465	.706238	.000000
4.21551	.706147	.000000
4.21637	.705973	.000000
4.21723	.705903	.000000
4.21808	.705896	.000000
4.21894	.705796	.000000
4.2198	.705776	.000000
4.22066	.705735	.000000
4.22152	.705822	.000000
4.22238	.705783	.000000
4.22324	.705687	.000000
4.2241	.705651	.000000
4.22496	.705400	.000000
4.22582	.705443	.000000
4.22668	.705355	.000000
4.22754	.705127	.000000
4.2284	.705065	.000000
4.22927	.704921	.000000
4.23013	.704890	.000000
4.23099	.704943	.000000
4.23185	.704857	.000000
4.23272	.704928	.000000
4.23358	.704801	.000000
4.23445	.704675	.000000
4.23531	.704675	.000000
4.23618	.704428	.000000
4.23704	.704346	.000000
4.23791	.704447	.000000
4.23877	.704227	.000000
4.23964	.704133	.000000
4.24051	.704032	.000000
4.24137	.703800	.000000
4.24224	.703730	.000000
4.24311	.703755	.000000
4.24398	.703699	.000000
4.24485	.703558	.000000
4.24572	.703282	.000000
4.24659	.703094	.000000
4.24746	.703108	.000000
4.24833	.703160	.000000
4.2492	.702969	.000000
4.25007	.702878	.000000
4.25094	.702832	.000000
4.25181	.702705	.000000
4.25268	.702421	.000000
4.25355	.702229	.000000
4.25443	.702111	.000000
4.2553	.701996	.000000
4.25617	.701963	.000000
4.25705	.701826	.000000
4.25792	.701539	.000000
4.25879	.701340	.000000
4.25967	.701433	.000000
4.26054	.701544	.000000
4.26142	.701098	.000000
4.2623	.700694	.000000
4.26317	.700719	.000000
4.26405	.700760	.000000
4.26493	.700540	.000000
4.2658	.700331	.000000
4.26668	.700169	.000000
4.26756	.699980	.000000
4.26844	.699900	.000000
4.26931	.699934	.000000
4.27019	.699896	.000000
4.27107	.699721	.000000
4.27195	.699548	.000000
4.27283	.699222	.000000
4.27371	.699019	.000000
4.27459	.698873	.000000
4.27548	.698628	.000000
4.27636	.698322	.000000
4.27724	.698128	.000000
4.27812	.698008	.000000
4.279	.697841	.000000
4.27989	.697628	.000000
4.28077	.697565	.000000
4.28165	.697436	.000000
4.28254	.697096	.000000
4.28342	.696720	.000000
4.28431	.696516	.000000
4.28519	.696487	.000000
4.28608	.696301	.000000
4.28696	.695919	.000000
4.28785	.695762	.000000
4.28874	.695592	.000000
4.28962	.695287	.000000
4.29051	.695069	.000000
4.2914	.694925	.000000
4.29229	.694669	.000000
4.29318	.694422	.000000
4.29406	.694284	.000000
4.29495	.694219	.000000
4.29584	.693986	.000000
4.29673	.693659	.000000
4.29762	.693462	.000000
4.29852	.693448	.000000
4.29941	.693141	.000000
4.3003	.692628	.000000
4.30119	.692398	.000000
4.30208	.692252	.000000
4.30297	.692013	.000000
4.30387	.691684	.000000
4.30476	.691471	.000000
4.30565	.691366	.000000
4.30655	.691157	.000000
4.30744	.690933	.000000
4.30834	.690813	.000000
4.30923	.690501	.000000
4.31013	.690211	.000000
4.31102	.690061	.000000
4.31192	.689807	.000000
4.31282	.689581	.000000
4.31371	.689375	.000000
4.31461	.689062	.000000
4.31551	.688805	.000000
4.31641	.688564	.000000
4.31731	.688434	.000000
4.31821	.688272	.000000
4.3191	.688169	.000000
4.32	.687957	.000000
4.3209	.687440	.000000
4.3218	.687205	.000000
4.32271	.687100	.000000
4.32361	.686997	.000000
4.32451	.686925	.000000
4.32541	.686722	.000000
4.32631	.686449	.000000
4.32722	.686195	.000000
4.32812	.686060	.000000
4.32902	.685861	.000000
4.32993	.685495	.000000
4.33083	.685416	.000000
4.33174	.685297	.000000
4.33264	.684947	.000000
4.33355	.684813	.000000
4.33445	.684714	.000000
4.33536	.684594	.000000
4.33626	.684522	.000000
4.33717	.684403	.000000
4.33808	.684025	.000000
4.33899	.683701	.000000
4.33989	.683574	.000000
4.3408	.683325	.000000
4.34171	.683183	.000000
4.34262	.683213	.000000
4.34353	.683059	.000000
4.34444	.682898	.000000
4.34535	.682831	.000000
4.34626	.682542	.000000
4.34717	.682256	.000000
4.34808	.682103	.000000
4.34899	.681857	.000000
4.34991	.681706	.000000
4.35082	.681586	.000000
4.35173	.681382	.000000
4.35265	.681236	.000000
4.35356	.681131	.000000
4.35447	.681006	.000000
4.35539	.680759	.000000
4.3563	.680628	.000000
4.35722	.680535	.000000
4.35813	.680405	.000000
4.35905	.680362	.000000
4.35996	.680293	.000000
4.36088	.679989	.000000
4.3618	.679771	.000000
4.36272	.679711	.000000
4.36363	.679626	.000000
4.36455	.679459	.000000
4.36547	.679205	.000000
4.36639	.679083	.000000
4.36731	.679056	.000000
4.36823	.678944	.000000
4.36915	.678844	.000000
4.37007	.678759	.000000
4.37099	.678523	.000000
4.37191	.678249	.000000
4.37283	.678192	.000000
4.37376	.678269	.000000
4.37468	.678123	.000000
4.3756	.677900	.000000
4.37653	.677720	.000000
4.37745	.677593	.000000
4.37837	.677555	.000000
4.3793	.677397	.000000
4.38022	.677196	.000000
4.38115	.677002	.000000
4.38207	.676889	.000000
4.383	.676826	.000000
4.38393	.676747	.000000
4.38485	.676711	.000000
4.38578	.676652	.000000
4.38671	.676522	.000000
4.38764	.676372	.000000
4.38856	.676158	.000000
4.38949	.676093	.000000
4.39042	.676036	.000000
4.39135	.675966	.000000
4.39228	.675907	.000000
4.39321	.675796	.000000
4.39414	.675727	.000000
4.39508	.675706	.000000
4.39601	.675528	.000000
4.39694	.675536	.000000
4.39787	.675459	.000000
4.3988	.675389	.000000
4.39974	.675282	.000000
4.40067	.675301	.000000
4.4016	.675301	.000000
4.40254	.675057	.000000
4.40347	.674757	.000000
4.40441	.674623	.000000
4.40534	.674863	.000000
4.40628	.674996	.000000
4.40722	.674939	.000000
4.40816	.674796	.000000
4.40909	.674615	.000000
4.41003	.674520	.000000
4.41097	.674482	.000000
4.41191	.674498	.000000
4.41284	.674671	.000000
4.41378	.674608	.000000
4.41472	.674445	.000000
4.41566	.674498	.000000
4.4166	.674451	.000000
4.41754	.674300	.000000
4.41849	.674331	.000000
4.41943	.674489	.000000
4.42037	.674477	.000000
4.42131	.674415	.000000
4.42225	.674484	.000000
4.4232	.674345	.000000
4.42414	.674331	.000000
4.42508	.674491	.000000
4.42603	.674639	.000000
4.42697	.674554	.000000
4.42792	.674336	.000000
4.42886	.674359	.000000
4.42981	.674355	.000000
4.43076	.674333	.000000
4.4317	.674364	.000000
4.43265	.674362	.000000
4.4336	.674384	.000000
4.43455	.674388	.000000
4.4355	.674371	.000000
4.43644	.674348	.000000
4.43739	.674348	.000000
4.43834	.674285	.000000
4.43929	.674281	.000000
4.44024	.674360	.000000
4.44119	.674306	.000000
4.44215	.674189	.000000
4.4431	.674182	.000000
4.44405	.674371	.000000
4.445	.674537	.000000
4.44595	.674338	.000000
4.44691	.674182	.000000
4.44786	.674199	.000000
4.44881	.674148	.000000
4.44977	.674151	.000000
4.45072	.674299	.000000
4.45168	.674324	.000000
4.45264	.674333	.000000
4.45359	.674403	.000000
4.45455	.674311	.000000
4.45551	.674074	.000000
4.45646	.673888	.000000
4.45742	.673972	.000000
4.45838	.674117	.000000
4.45934	.674067	.000000
4.4603	.674048	.000000
4.46126	.673928	.000000
4.46222	.673828	.000000
4.46318	.673859	.000000
4.46414	.673854	.000000
4.4651	.673847	.000000
4.46606	.673785	.000000
4.46702	.673753	.000000
4.46798	.673839	.000000
4.46895	.673856	.000000
4.46991	.673612	.000000
4.47087	.673385	.000000
4.47184	.673403	.000000
4.4728	.673507	.000000
4.47377	.673502	.000000
4.47473	.673432	.000000
4.4757	.673324	.000000
4.47666	.673263	.000000
4.47763	.673255	.000000
4.4786	.673116	.000000
4.47956	.672905	.000000
4.48053	.672797	.000000
4.4815	.672730	.000000
4.48247	.672711	.000000
4.48344	.672776	.000000
4.48441	.672776	.000000
4.48538	.672601	.000000
4.48635	.672388	.000000
4.48732	.672264	.000000
4.48829	.672263	.000000
4.48926	.672206	.000000
4.49023	.672091	.000000
4.4912	.672074	.000000
4.49218	.671924	.000000
4.49315	.671605	.000000
4.49413	.671530	.000000
4.4951	.671500	.000000
4.49607	.671343	.000000
4.49705	.671221	.000000
4.49802	.671087	.000000
4.499	.671071	.000000
4.49998	.670989	.000000
4.50095	.670860	.000000
4.50193	.670836	.000000
4.50291	.670608	.000000
4.50389	.670273	.000000
4.50486	.670264	.000000
4.50584	.670246	.000000
4.50682	.670136	.000000
4.5078	.670048	.000000
4.50878	.669878	.000000
4.50976	.669670	.000000
4.51074	.669603	.000000
4.51172	.669478	.000000
4.51271	.669264	.000000
4.51369	.669094	.000000
4.51467	.668881	.000000
4.51565	.668723	.000000
4.51664	.668620	.000000
4.51762	.668433	.000000
4.5186	.668246	.000000
4.51959	.668167	.000000
4.52057	.667904	.000000
4.52156	.667734	.000000
4.52255	.667597	.000000
4.52353	.667533	.000000
4.52452	.667298	.000000
4.52551	.667054	.000000
4.52649	.666846	.000000
4.52748	.666695	.000000
4.52847	.666513	.000000
4.52946	.666342	.000000
4.53045	.666083	.000000
4.53144	.665818	.000000
4.53243	.665713	.000000
4.53342	.665617	.000000
4.53441	.665416	.000000
4.5354	.665126	.000000
4.5364	.664920	.000000
4.53739	.664611	.000000
4.53838	.664295	.000000
4.53937	.664278	.000000
4.54037	.664129	.000000
4.54136	.663827	.000000
4.54236	.663549	.000000
4.54335	.663332	.000000
4.54435	.663174	.000000
4.54534	.663104	.000000
4.54634	.662951	.000000
4.54734	.662723	.000000
4.54833	.662445	.000000
4.54933	.662028	.000000
4.55033	.661765	.000000
4.55133	.661724	.000000
4.55233	.661588	.000000
4.55333	.661274	.000000
4.55433	.661011	.000000
4.55533	.660641	.000000
4.55633	.660292	.000000
4.55733	.660268	.000000
4.55833	.660095	.000000
4.55933	.659834	.000000
4.56033	.659643	.000000
4.56134	.659351	.000000
4.56234	.659012	.000000
4.56334	.658783	.000000
4.56435	.658534	.000000
4.56535	.658378	.000000
4.56636	.658224	.000000
4.56736	.657733	.000000
4.56837	.657291	.000000
4.56938	.657006	.000000
4.57038	.656830	.000000
4.57139	.656649	.000000
4.5724	.656277	.000000
4.57341	.656012	.000000
4.57442	.655755	.000000
4.57543	.655509	.000000
4.57644	.655152	.000000
4.57745	.654828	.000000
4.57846	.654689	.000000
4.57947	.654383	.000000
4.58048	.653896	.000000
4.58149	.653564	.000000
4.5825	.653389	.000000
4.58352	.653058	.000000
4.58453	.652742	.000000
4.58554	.652492	.000000
4.58656	.652109	.000000
4.58757	.651777	.000000
4.58859	.651462	.000000
4.5896	.651139	.000000
4.59062	.650837	.000000
4.59164	.650562	.000000
4.59265	.650318	.000000
4.59367	.649946	.000000
4.59469	.649486	.000000
4.5957	.649129	.000000
4.59672	.648852	.000000
4.59774	.648545	.000000
4.59876	.648250	.000000
4.59978	.647856	.000000
4.6008	.647523	.000000
4.60182	.647161	.000000
4.60284	.646735	.000000
4.60387	.646526	.000000
4.60489	.646080	.000000
4.60591	.645537	.000000
4.60693	.645239	.000000
4.60796	.644859	.000000
4.60898	.644346	.000000
4.61001	.644018	.000000
4.61103	.643742	.000000
4.61206	.643288	.000000
4.61308	.642796	.000000
4.61411	.642440	.000000
4.61514	.642150	.000000
4.61616	.641781	.000000
4.61719	.641340	.000000
4.61822	.640979	.000000
4.61925	.640701	.000000
4.62028	.640264	.000000
4.62131	.639721	.000000
4.62234	.639295	.000000
4.62337	.638978	.000000
4.6244	.638607	.000000
4.62543	.638174	.000000
4.62646	.637699	.000000
4.62749	.637366	.000000
4.62853	.637000	.000000
4.62956	.636482	.000000
4.63059	.635989	.000000
4.63163	.635675	.000000
4.63266	.635527	.000000
4.6337	.635234	.000000
4.63473	.634823	.000000
4.63577	.634449	.000000
4.6368	.634017	.000000
4.63784	.633658	.000000
4.63888	.633431	.000000
4.63992	.633107	.000000
4.64095	.632544	.000000
4.64199	.632144	.000000
4.64303	.631943	.000000
4.64407	.631666	.000000
4.64511	.631299	.000000
4.64615	.631002	.000000
4.64719	.630789	.000000
4.64823	.630616	.000000
4.64928	.630312	.000000
4.65032	.629929	.000000
4.65136	.629706	.000000
4.65241	.629472	.000000
4.65345	.629148	.000000
4.65449	.628858	.000000
4.65554	.628575	.000000
4.65658	.628271	.000000
4.65763	.627975	.000000
4.65868	.627785	.000000
4.65972	.627567	.000000
4.66077	.627230	.000000
4.66182	.626899	.000000
4.66287	.626806	.000000
4.66391	.626662	.000000
4.66496	.626331	.000000
4.66601	.626034	.000000
4.66706	.626006	.000000
4.66811	.625952	.000000
4.66916	.625612	.000000
4.67022	.625249	.000000
4.67127	.625033	.000000
4.67232	.624722	.000000
4.67337	.624312	.000000
4.67443	.624055	.000000
4.67548	.623912	.000000
4.67654	.623782	.000000
4.67759	.623572	.000000
4.67865	.623382	.000000
4.6797	.622860	.000000
4.68076	.622527	.000000
4.68181	.622492	.000000
4.68287	.622298	.000000
4.68393	.622056	.000000
4.68499	.621761	.000000
4.68605	.621555	.000000
4.68711	.621313	.000000
4.68816	.620958	.000000
4.68922	.620652	.000000
4.69028	.620528	.000000
4.69135	.620360	.000000
4.69241	.620127	.000000
4.69347	.619869	.000000
4.69453	.619485	.000000
4.69559	.619184	.000000
4.69666	.618831	.000000
4.69772	.618523	.000000
4.69879	.618408	.000000
4.69985	.618276	.000000
4.70092	.617986	.000000
4.70198	.617521	.000000
4.70305	.617190	.000000
4.70412	.616990	.000000
4.70518	.616659	.000000
4.70625	.616374	.000000
4.70732	.616163	.000000
4.70839	.615945	.000000
4.70946	.615727	.000000
4.71053	.615478	.000000
4.7116	.615124	.000000
4.71267	.614712	.000000
4.71374	.614357	.000000
4.71481	.614343	.000000
4.71588	.614125	.000000
4.71695	.613638	.000000
4.71803	.613263	.000000
4.7191	.613047	.000000
4.72017	.612961	.000000
4.72125	.612786	.000000
4.72232	.612409	.000000
4.7234	.611995	.000000
4.72448	.611672	.000000
4.72555	.611351	.000000
4.72663	.611136	.000000
4.72771	.610936	.000000
4.72878	.610740	.000000
4.72986	.610505	.000000
4.73094	.610184	.000000
4.73202	.609985	.000000
4.7331	.609761	.000000
4.73418	.609373	.000000
4.73526	.609032	.000000
4.73634	.608790	.000000
4.73743	.608544	.000000
4.73851	.608381	.000000
4.73959	.608254	.000000
4.74067	.607981	.000000
4.74176	.607657	.000000
4.74284	.607478	.000000
4.74393	.607159	.000000
4.74501	.606870	.000000
4.7461	.606670	.000000
4.74718	.606483	.000000
4.74827	.606247	.000000
4.74936	.605931	.000000
4.75045	.605727	.000000
4.75154	.605566	.000000
4.75262	.605272	.000000
4.75371	.605077	.000000
4.7548	.604898	.000000
4.75589	.604673	.000000
4.75698	.604489	.000000
4.75808	.604220	.000000
4.75917	.604038	.000000
4.76026	.603810	.000000
4.76135	.603523	.000000
4.76245	.603353	.000000
4.76354	.603070	.000000
4.76463	.602785	.000000
4.76573	.602757	.000000
4.76682	.602725	.000000
4.76792	.602515	.000000
4.76902	.602314	.000000
4.77011	.602083	.000000
4.77121	.601873	.000000
4.77231	.601717	.000000
4.77341	.601530	.000000
4.77451	.601344	.000000
4.77561	.601120	.000000
4.77671	.600986	.000000
4.77781	.600802	.000000
4.77891	.600563	.000000
4.78001	.600342	.000000
4.78111	.600169	.000000
4.78221	.600126	.000000
4.78332	.600078	.000000
4.78442	.600019	.000000
4.78552	.599820	.000000
4.78663	.599557	.000000
4.78773	.599338	.000000
4.78884	.599245	.000000
4.78995	.599114	.000000
4.79105	.598857	.000000
4.79216	.598732	.000000
4.79327	.598618	.000000
4.79438	.598301	.000000
4.79548	.598086	.000000
4.79659	.597939	.000000
4.7977	.597700	.000000
4.79881	.597448	.000000
4.79992	.597228	.000000
4.80103	.597092	.000000
4.80215	.596945	.000000
4.80326	.596697	.000000
4.80437	.596519	.000000
4.80548	.596447	.000000
4.8066	.596241	.000000
4.80771	.595997	.000000
4.80883	.595788	.000000
4.80994	.595533	.000000
4.81106	.595218	.000000
4.81217	.594988	.000000
4.81329	.594850	.000000
4.81441	.594641	.000000
4.81553	.594440	.000000
4.81664	.594133	.000000
4.81776	.594009	.000000
4.81888	.593959	.000000
4.82	.593570	.000000
4.82112	.593242	.000000
4.82224	.593043	.000000
4.82337	.592965	.000000
4.82449	.592941	.000000
4.82561	.592670	.000000
4.82673	.592285	.000000
4.82786	.592047	.000000
4.82898	.591875	.000000
4.83011	.591626	.000000
4.83123	.591307	.000000
4.83236	.591020	.000000
4.83348	.590912	.000000
4.83461	.590782	.000000
4.83574	.590509	.000000
4.83686	.590066	.000000
4.83799	.589734	.000000
4.83912	.589429	.000000
4.84025	.589281	.000000
4.84138	.589017	.000000
4.84251	.588607	.000000
4.84364	.588320	.000000
4.84477	.588136	.000000
4.84591	.587814	.000000
4.84704	.587477	.000000
4.84817	.587249	.000000
4.8493	.587173	.000000
4.85044	.586971	.000000
4.85157	.586742	.000000
4.85271	.586469	.000000
4.85384	.586111	.000000
4.85498	.585753	.000000
4.85612	.585489	.000000
4.85725	.585189	.000000
4.85839	.584945	.000000
4.85953	.584524	.000000
4.86067	.584037	.000000
4.86181	.583815	.000000
4.86295	.583621	.000000
4.86409	.583398	.000000
4.86523	.583197	.000000
4.86637	.582921	.000000
4.86751	.582657	.000000
4.86866	.582403	.000000
4.8698	.582100	.000000
4.87094	.581793	.000000
4.87209	.581403	.000000
4.87323	.581161	.000000
4.87438	.580995	.000000
4.87552	.580780	.000000
4.87667	.580502	.000000
4.87782	.580197	.000000
4.87897	.579894	.000000
4.88012	.579572	.000000
4.88126	.579199	.000000
4.88241	.578935	.000000
4.88356	.578717	.000000
4.88471	.578339	.000000
4.88586	.577955	.000000
4.88702	.577639	.000000
4.88817	.577316	.000000
4.88932	.576926	.000000
4.89047	.576768	.000000
4.89163	.576557	.000000
4.89278	.576262	.000000
4.89393	.575999	.000000
4.89509	.575632	.000000
4.89624	.575216	.000000
4.8974	.574899	.000000
4.89856	.574683	.000000
4.89971	.574356	.000000
4.90087	.574058	.000000
4.90203	.573704	.000000
4.90319	.573495	.000000
4.90435	.573266	.000000
4.90551	.572842	.000000
4.90667	.572453	.000000
4.90783	.572096	.000000
4.90899	.571812	.000000
4.91015	.571560	.000000
4.91132	.571294	.000000
4.91248	.570969	.000000
4.91365	.570583	.000000
4.91481	.570171	.000000
4.91597	.569776	.000000
4.91714	.569648	.000000
4.91831	.569471	.000000
4.91947	.568999	.000000
4.92064	.568590	.000000
4.92181	.568274	.000000
4.92298	.567812	.000000
4.92414	.567484	.000000
4.92531	.567261	.000000
4.92648	.566999	.000000
4.92765	.566722	.000000
4.92883	.566326	.000000
4.93	.565903	.000000
4.93117	.565651	.000000
4.93234	.565301	.000000
4.93352	.565006	.000000
4.93469	.564841	.000000
4.93586	.564443	.000000
4.93704	.564073	.000000
4.93821	.563831	.000000
4.93939	.563423	.000000
4.94057	.563100	.000000
4.94174	.562803	.000000
4.94292	.562408	.000000
4.9441	.562036	.000000
4.94528	.561720	.000000
4.94646	.561404	.000000
4.94764	.561007	.000000
4.94882	.560717	.000000
4.95	.560528	.000000
4.95118	.560144	.000000
4.95236	.559751	.000000
4.95355	.559509	.000000
4.95473	.559188	.000000
4.95591	.558886	.000000
4.9571	.558683	.000000
4.95828	.558201	.000000
4.95947	.557533	.000000
4.96066	.557212	.000000
4.96184	.557057	.000000
4.96303	.556915	.000000
4.96422	.556664	.000000
4.96541	.556250	.000000
4.9666	.555835	.000000
4.96779	.555572	.000000
4.96898	.555011	.000000
4.97017	.554633	.000000
4.97136	.554420	.000000
4.97255	.554046	.000000
4.97374	.553672	.000000
4.97494	.553269	.000000
4.97613	.552872	.000000
4.97732	.552616	.000000
4.97852	.552407	.000000
4.97971	.551986	.000000
4.98091	.551576	.000000
4.98211	.551346	.000000
4.9833	.551095	.000000
4.9845	.550678	.000000
4.9857	.550168	.000000
4.9869	.549825	.000000
4.9881	.549440	.000000
4.9893	.548972	.000000
4.9905	.548596	.000000
4.9917	.548325	.000000
4.9929	.547828	.000000
4.9941	.547377	.000000
4.99531	.547113	.000000
4.99651	.546745	.000000
4.99772	.546316	.000000
4.99892	.545949	.000000
5.00013	.545602	.000000
5.00133	.545174	.000000
5.00254	.544828	.000000
5.00374	.544603	.000000
5.00495	.544105	.000000
5.00616	.543528	.000000
5.00737	.543178	.000000
5.00858	.542929	.000000
5.00979	.542565	.000000
5.011	.542040	.000000
5.01221	.541712	.000000
5.01342	.541379	.000000
5.01463	.541020	.000000
5.01585	.540754	.000000
5.01706	.540261	.000000
5.01827	.539731	.000000
5.01949	.539226	.000000
5.0207	.538776	.000000
5.02192	.538467	.000000
5.02313	.538138	.000000
5.02435	.537684	.000000
5.02557	.537315	.000000
5.02679	.536890	.000000
5.02801	.536538	.000000
5.02923	.536112	.000000
5.03044	.535695	.000000
5.03167	.535381	.000000
5.03289	.534962	.000000
5.03411	.534488	.000000
5.03533	.534167	.000000
5.03655	.533935	.000000
5.03778	.533609	.000000
5.039	.533164	.000000
5.04023	.532644	.000000
5.04145	.532364	.000000
5.04268	.532047	.000000
5.0439	.531695	.000000
5.04513	.531322	.000000
5.04636	.530799	.000000
5.04758	.530378	.000000
5.04881	.530100	.000000
5.05004	.529781	.000000
5.05127	.529369	.000000
5.0525	.529017	.000000
5.05374	.528718	.000000
5.05497	.528445	.000000
5.0562	.528086	.000000
5.05743	.527841	.000000
5.05867	.527585	.000000
5.0599	.527129	.000000
5.06113	.526531	.000000
5.06237	.526229	.000000
5.06361	.525994	.000000
5.06484	.525772	.000000
5.06608	.525602	.000000
5.06732	.525304	.000000
5.06856	.524931	.000000
5.06979	.524610	.000000
5.07103	.524277	.000000
5.07227	.523879	.000000
5.07352	.523568	.000000
5.07476	.523256	.000000
5.076	.523010	.000000
5.07724	.522730	.000000
5.07848	.522341	.000000
5.07973	.522032	.000000
5.08097	.521759	.000000
5.08222	.521381	.000000
5.08346	.521036	.000000
5.08471	.520791	.000000
5.08596	.520585	.000000
5.08721	.520363	.000000
5.08845	.519949	.000000
5.0897	.519445	.000000
5.09095	.518990	.000000
5.0922	.518708	.000000
5.09345	.518603	.000000
5.0947	.518447	.000000
5.09596	.518135	.000000
5.09721	.517860	.000000
5.09846	.517381	.000000
5.09972	.516991	.000000
5.10097	.516761	.000000
5.10223	.516344	.000000
5.10348	.515898	.000000
5.10474	.515587	.000000
5.10599	.515283	.000000
5.10725	.515017	.000000
5.10851	.514581	.000000
5.10977	.514200	.000000
5.11103	.513908	.000000
5.11229	.513508	.000000
5.11355	.513160	.000000
5.11481	.512873	.000000
5.11607	.512477	.000000
5.11733	.512004	.000000
5.1186	.511419	.000000
5.11986	.510968	.000000
5.12112	.510665	.000000
5.12239	.510348	.000000
5.12365	.509893	.000000
5.12492	.509373	.000000
5.12619	.508856	.000000
5.12745	.508473	.000000
5.12872	.508123	.000000
5.12999	.507708	.000000
5.13126	.507436	.000000
5.13253	.506959	.000000
5.1338	.506375	.000000
5.13507	.505967	.000000
5.13634	.505555	.000000
5.13762	.505133	.000000
5.13889	.504691	.000000
5.14016	.504276	.000000
5.14144	.503792	.000000
5.14271	.503253	.000000
5.14399	.502774	.000000
5.14526	.502540	.000000
5.14654	.502240	.000000
5.14782	.501739	.000000
5.14909	.501174	.000000
5.15037	.500738	.000000
5.15165	.500274	.000000
5.15293	.499842	.000000
5.15421	.499430	.000000
5.1555	.498958	.000000
5.15678	.498480	.000000
5.15806	.498077	.000000
5.15934	.497754	.000000
5.16063	.497404	.000000
5.16191	.496904	.000000
5.1632	.496468	.000000
5.16448	.496010	.000000
5.16577	.495474	.000000
5.16705	.494929	.000000
5.16834	.494520	.000000
5.16963	.494233	.000000
5.17092	.493861	.000000
5.17221	.493444	.000000
5.1735	.493044	.000000
5.17479	.492681	.000000
5.17608	.492271	.000000
5.17737	.491758	.000000
5.17867	.491221	.000000
5.17996	.490826	.000000
5.18125	.490513	.000000
5.18255	.490091	.000000
5.18384	.489684	.000000
5.18514	.489332	.000000
5.18644	.488893	.000000
5.18773	.488448	.000000
5.18903	.488017	.000000
5.19033	.487621	.000000
5.19163	.487262	.000000
5.19293	.486876	.000000
5.19423	.486546	.000000
5.19553	.486235	.000000
5.19683	.485890	.000000
5.19814	.485375	.000000
5.19944	.484821	.000000
5.20074	.484469	.000000
5.20205	.484125	.000000
5.20335	.483683	.000000
5.20466	.483343	.000000
5.20596	.483063	.000000
5.20727	.482750	.000000
5.20858	.482431	.000000
5.20989	.481978	.000000
5.2112	.481497	.000000
5.21251	.480931	.000000
5.21382	.480416	.000000
5.21513	.480165	.000000
5.21644	.479932	.000000
5.21776	.479576	.000000
5.21907	.479192	.000000
5.22038	.478740	.000000
5.2217	.478306	.000000
5.22301	.477975	.000000
5.22433	.477592	.000000
5.22564	.477139	.000000
5.22696	.476764	.000000
5.22828	.476421	.000000
5.2296	.476036	.000000
5.23092	.475616	.000000
5.23223	.475262	.000000
5.23356	.474907	.000000
5.23488	.474464	.000000
5.2362	.473963	.000000
5.23752	.473535	.000000
5.23884	.473116	.000000
5.24017	.472713	.000000
5.24149	.472261	.000000
5.24282	.471794	.000000
5.24414	.471458	.000000
5.24547	.471091	.000000
5.24679	.470636	.000000
5.24812	.470284	.000000
5.24945	.469949	.000000
5.25078	.469436	.000000
5.25211	.468852	.000000
5.25344	.468335	.000000
5.25477	.467932	.000000
5.2561	.467496	.000000
5.25744	.467051	.000000
5.25877	.466576	.000000
5.2601	.466100	.000000
5.26144	.465520	.000000
5.26277	.465044	.000000
5.26411	.464564	.000000
5.26544	.464145	.000000
5.26678	.463714	.000000
5.26812	.463225	.000000
5.26946	.462612	.000000
5.2708	.462111	.000000
5.27214	.461639	.000000
5.27348	.461041	.000000
5.27482	.460602	.000000
5.27616	.460303	.000000
5.2775	.459700	.000000
5.27885	.459002	.000000
5.28019	.458633	.000000
5.28153	.458368	.000000
5.28288	.457922	.000000
5.28423	.457424	.000000
5.28557	.456974	.000000
5.28692	.456411	.000000
5.28827	.455997	.000000
5.28962	.455661	.000000
5.29097	.455254	.000000
5.29232	.454847	.000000
5.29367	.454380	.000000
5.29502	.453949	.000000
5.29637	.453450	.000000
5.29772	.452966	.000000
5.29908	.452568	.000000
5.30043	.452164	.000000
5.30179	.451718	.000000
5.30314	.451380	.000000
5.3045	.451002	.000000
5.30586	.450411	.000000
5.30721	.450035	.000000
5.30857	.449848	.000000
5.30993	.449526	.000000
5.31129	.449184	.000000
5.31265	.448847	.000000
5.31401	.448356	.000000
5.31538	.447920	.000000
5.31674	.447562	.000000
5.3181	.447227	.000000
5.31946	.446865	.000000
5.32083	.446549	.000000
5.3222	.446298	.000000
5.32356	.445941	.000000
5.32493	.445546	.000000
5.3263	.445198	.000000
5.32766	.444822	.000000
5.32903	.444583	.000000
5.3304	.444295	.000000
5.33178	.444024	.000000
5.33315	.443843	.000000
5.33452	.443462	.000000
5.33589	.443193	.000000
5.33726	.442889	.000000
5.33864	.442357	.000000
5.34001	.441874	.000000
5.34139	.441497	.000000
5.34276	.441122	.000000
5.34414	.440700	.000000
5.34552	.440348	.000000
5.3469	.440061	.000000
5.34827	.439653	.000000
5.34965	.439143	.000000
5.35103	.438872	.000000
5.35242	.438510	.000000
5.3538	.438092	.000000
5.35518	.437720	.000000
5.35656	.437339	.000000
5.35795	.436875	.000000
5.35933	.436383	.000000
5.36072	.435873	.000000
5.3621	.435394	.000000
5.36349	.435037	.000000
5.36488	.434568	.000000
5.36626	.433967	.000000
5.36765	.433447	.000000
5.36904	.433056	.000000
5.37043	.432589	.000000
5.37182	.432101	.000000
5.37322	.431574	.000000
5.37461	.431051	.000000
5.376	.430441	.000000
5.3774	.429928	.000000
5.37879	.429471	.000000
5.38019	.428984	.000000
5.38158	.428527	.000000
5.38298	.427971	.000000
5.38438	.427358	.000000
5.38577	.426829	.000000
5.38717	.426568	.000000
5.38857	.426060	.000000
5.38997	.425428	.000000
5.39137	.424894	.000000
5.39278	.424381	.000000
5.39418	.423729	.000000
5.39558	.423253	.000000
5.39699	.422762	.000000
5.39839	.422421	.000000
5.3998	.421990	.000000
5.4012	.421557	.000000
5.40261	.421138	.000000
5.40402	.420665	.000000
5.40543	.420340	.000000
5.40683	.419913	.000000
5.40825	.419442	.000000
5.40966	.418951	.000000
5.41107	.418565	.000000
5.41248	.418205	.000000
5.41389	.417729	.000000
5.41531	.417305	.000000
5.41672	.416975	.000000
5.41813	.416685	.000000
5.41955	.416462	.000000
5.42097	.416158	.000000
5.42238	.415781	.000000
5.4238	.415515	.000000
5.42522	.415290	.000000
5.42664	.415106	.000000
5.42806	.414754	.000000
5.42948	.414361	.000000
5.4309	.414117	.000000
5.43233	.413873	.000000
5.43375	.413520	.000000
5.43517	.413339	.000000
5.4366	.413188	.000000
5.43802	.413027	.000000
5.43945	.412917	.000000
5.44088	.412864	.000000
5.44231	.412606	.000000
5.44373	.412239	.000000
5.44516	.412021	.000000
5.44659	.411911	.000000
5.44802	.411803	.000000
5.44946	.411698	.000000
5.45089	.411669	.000000
5.45232	.411650	.000000
5.45375	.411578	.000000
5.45519	.411403	.000000
5.45662	.411302	.000000
5.45806	.411309	.000000
5.4595	.411329	.000000
5.46094	.411199	.000000
5.46238	.410933	.000000
5.46381	.410718	.000000
5.46525	.410867	.000000
5.46669	.411099	.000000
5.46814	.411036	.000000
5.46958	.410800	.000000
5.47102	.410900	.000000
5.47246	.411034	.000000
5.47391	.410888	.000000
5.47535	.410814	.000000
5.4768	.410787	.000000
5.47825	.410790	.000000
5.47969	.410893	.000000
5.48114	.410984	.000000
5.48259	.411089	.000000
5.48404	.411252	.000000
5.48549	.411376	.000000
5.48694	.411230	.000000
5.4884	.411163	.000000
5.48985	.411396	.000000
5.4913	.411546	.000000
5.49276	.411542	.000000
5.49421	.411532	.000000
5.49567	.411640	.000000
5.49712	.411870	.000000
5.49858	.411958	.000000
5.50004	.411949	.000000
5.5015	.411937	.000000
5.50296	.412014	.000000
5.50442	.412172	.000000
5.50588	.412249	.000000
5.50734	.412275	.000000
5.5088	.412376	.000000
5.51027	.412486	.000000
5.51173	.412548	.000000
5.5132	.412613	.000000
5.51466	.412802	.000000
5.51613	.413006	.000000
5.5176	.413233	.000000
5.51907	.413362	.000000
5.52053	.413326	.000000
5.522	.413305	.000000
5.52348	.413454	.000000
5.52495	.413662	.000000
5.52642	.413779	.000000
5.52789	.413963	.000000
5.52937	.414083	.000000
5.53084	.414181	.000000
5.53232	.414227	.000000
5.53379	.414359	.000000
5.53527	.414575	.000000
5.53675	.414756	.000000
5.53823	.414872	.000000
5.5397	.414924	.000000
5.54118	.414969	.000000
5.54267	.414955	.000000
5.54415	.415046	.000000
5.54563	.415403	.000000
5.54711	.415590	.000000
5.5486	.415659	.000000
5.55008	.415731	.000000
5.55157	.415911	.000000
5.55305	.416084	.000000
5.55454	.416124	.000000
5.55603	.416131	.000000
5.55752	.416230	.000000
5.55901	.416306	.000000
5.5605	.416326	.000000
5.56199	.416526	.000000
5.56348	.416596	.000000
5.56497	.416608	.000000
5.56647	.416805	.000000
5.56796	.416831	.000000
5.56946	.416751	.000000
5.57095	.416709	.000000
5.57245	.416711	.000000
5.57395	.416725	.000000
5.57545	.416763	.000000
5.57695	.416747	.000000
5.57845	.416751	.000000
5.57995	.416711	.000000
5.58145	.416654	.000000
5.58295	.416649	.000000
5.58445	.416635	.000000
5.58596	.416615	.000000
5.58746	.416517	.000000
5.58897	.416545	.000000
5.59048	.416606	.000000
5.59199	.416495	.000000
5.59349	.416302	.000000
5.595	.416162	.000000
5.59651	.416165	.000000
5.59802	.416268	.000000
5.59953	.416208	.000000
5.60105	.415988	.000000
5.60256	.415781	.000000
5.60407	.415664	.000000
5.60559	.415568	.000000
5.6071	.415544	.000000
5.60862	.415360	.000000
5.61014	.415176	.000000
5.61165	.415063	.000000
5.61317	.414867	.000000
5.61469	.414586	.000000
5.61621	.414359	.000000
5.61773	.414160	.000000
5.61926	.413999	.000000
5.62078	.413899	.000000
5.6223	.413616	.000000
5.62383	.413259	.000000
5.62535	.412939	.000000
5.62688	.412663	.000000
5.62841	.412406	.000000
5.62994	.412098	.000000
5.63146	.411806	.000000
5.63299	.411671	.000000
5.63452	.411539	.000000
5.63605	.411207	.000000
5.63759	.410751	.000000
5.63912	.410371	.000000
5.64065	.409997	.000000
5.64219	.409831	.000000
5.64372	.409540	.000000
5.64526	.409235	.000000
5.6468	.409055	.000000
5.64833	.408734	.000000
5.64987	.408418	.000000
5.65141	.408043	.000000
5.65295	.407547	.000000
5.65449	.407024	.000000
5.65604	.406704	.000000
5.65758	.406596	.000000
5.65912	.406371	.000000
5.66067	.405901	.000000
5.66221	.405470	.000000
5.66376	.405214	.000000
5.66531	.404933	.000000
5.66685	.404617	.000000
5.6684	.404284	.000000
5.66995	.403848	.000000
5.6715	.403431	.000000
5.67305	.403153	.000000
5.67461	.402787	.000000
5.67616	.402689	.000000
5.67771	.402466	.000000
5.67927	.401929	.000000
5.68082	.401496	.000000
5.68238	.401237	.000000
5.68394	.401003	.000000
5.6855	.400634	.000000
5.68705	.400234	.000000
5.68861	.399850	.000000
5.69018	.399587	.000000
5.69174	.399175	.000000
5.6933	.398792	.000000
5.69486	.398478	.000000
5.69643	.398239	.000000
5.69799	.397966	.000000
5.69956	.397517	.000000
5.70112	.397158	.000000
5.70269	.396876	.000000
5.70426	.396430	.000000
5.70583	.396080	.000000
5.7074	.395771	.000000
5.70897	.395235	.000000
5.71054	.394923	.000000
5.71212	.394753	.000000
5.71369	.394243	.000000
5.71526	.393604	.000000
5.71684	.393052	.000000
5.71842	.392669	.000000
5.71999	.392382	.000000
5.72157	.392046	.000000
5.72315	.391747	.000000
5.72473	.391131	.000000
5.72631	.390564	.000000
5.72789	.390229	.000000
5.72948	.389888	.000000
5.73106	.389447	.000000
5.73265	.389040	.000000
5.73423	.388580	.000000
5.73582	.388063	.000000
5.7374	.387635	.000000
5.73899	.387270	.000000
5.74058	.386875	.000000
5.74217	.386418	.000000
5.74376	.385876	.000000
5.74535	.385249	.000000
5.74694	.384669	.000000
5.74853	.384180	.000000
5.75013	.383696	.000000
5.75172	.383158	.000000
5.75332	.382647	.000000
5.75492	.382285	.000000
5.75651	.381873	.000000
5.75811	.381370	.000000
5.75971	.380638	.000000
5.76131	.379902	.000000
5.76291	.379313	.000000
5.76451	.378561	.000000
5.76611	.378094	.000000
5.76772	.377498	.000000
5.76932	.376834	.000000
5.77093	.376187	.000000
5.77253	.375583	.000000
5.77414	.375044	.000000
5.77575	.374175	.000000
5.77736	.373466	.000000
5.77897	.372843	.000000
5.78058	.372242	.000000
5.78219	.371512	.000000
5.7838	.370764	.000000
5.78542	.370240	.000000
5.78703	.369621	.000000
5.78865	.368870	.000000
5.79026	.368232	.000000
5.79188	.367509	.000000
5.7935	.366692	.000000
5.79512	.365942	.000000
5.79674	.365205	.000000
5.79836	.364608	.000000
5.79998	.363949	.000000
5.8016	.363226	.000000
5.80322	.362592	.000000
5.80485	.362004	.000000
5.80647	.361416	.000000
5.8081	.360802	.000000
5.80973	.360101	.000000
5.81135	.359482	.000000
5.81298	.358780	.000000
5.81461	.357944	.000000
5.81624	.357334	.000000
5.81788	.356726	.000000
5.81951	.356081	.000000
5.82114	.355345	.000000
5.82277	.354732	.000000
5.82441	.354390	.000000
5.82605	.353724	.000000
5.82768	.353039	.000000
5.82932	.352382	.000000
5.83096	.351983	.000000
5.8326	.351485	.000000
5.83424	.350867	.000000
5.83588	.350294	.000000
5.83753	.349794	.000000
5.83917	.349262	.000000
5.84081	.348728	.000000
5.84246	.348268	.000000
5.8441	.347898	.000000
5.84575	.347479	.000000
5.8474	.346979	.000000
5.84905	.346555	.000000
5.8507	.346292	.000000
5.85235	.345771	.000000
5.854	.345177	.000000
5.85566	.344734	.000000
5.85731	.344358	.000000
5.85896	.343953	.000000
5.86062	.343470	.000000
5.86228	.342965	.000000
5.86393	.342330	.000000
5.86559	.341616	.000000
5.86725	.341082	.000000
5.86891	.340699	.000000
5.87057	.340196	.000000
5.87223	.339594	.000000
5.8739	.338851	.000000
5.87557	.338184	.000000
5.87723	.337565	.000000
5.8789	.336926	.000000
5.88056	.336367	.000000
5.88223	.335805	.000000
5.8839	.335336	.000000
5.88557	.334878	.000000
5.88724	.334300	.000000
5.88891	.333623	.000000
5.89058	.333094	.000000
5.89226	.332432	.000000
5.89393	.331616	.000000
5.89561	.330732	.000000
5.89728	.330267	.000000
5.89896	.329907	.000000
5.90064	.329448	.000000
5.90232	.328799	.000000
5.904	.327938	.000000
5.90568	.327249	.000000
5.90736	.326667	.000000
5.90905	.326053	.000000
5.91073	.325460	.000000
5.91242	.324848	.000000
5.9141	.324188	.000000
5.91579	.323479	.000000
5.91748	.322815	.000000
5.91917	.322157	.000000
5.92085	.321529	.000000
5.92255	.320937	.000000
5.92424	.320249	.000000
5.92593	.319550	.000000
5.92762	.318801	.000000
5.92932	.318171	.000000
5.93101	.317615	.000000
5.93271	.316958	.000000
5.93441	.316195	.000000
5.93611	.315704	.000000
5.93781	.315155	.000000
5.93951	.314441	.000000
5.94121	.313892	.000000
5.94291	.313370	.000000
5.94461	.312669	.000000
5.94632	.311849	.000000
5.94802	.311291	.000000
5.94973	.310757	.000000
5.95144	.309993	.000000
5.95315	.309339	.000000
5.95485	.308630	.000000
5.95656	.307942	.000000
5.95828	.307140	.000000
5.95999	.306450	.000000
5.9617	.305967	.000000
5.96342	.305360	.000000
5.96513	.304745	.000000
5.96685	.304086	.000000
5.96856	.303387	.000000
5.97028	.302939	.000000
5.972	.302431	.000000
5.97372	.301720	.000000
5.97544	.301054	.000000
5.97717	.300397	.000000
5.97889	.299705	.000000
5.98061	.299097	.000000
5.98234	.298572	.000000
5.98406	.298088	.000000
5.98579	.297470	.000000
5.98752	.296869	.000000
5.98925	.296259	.000000
5.99098	.295631	.000000
5.99271	.295164	.000000
5.99444	.294726	.000000
5.99617	.294076	.000000
5.99791	.293434	.000000
5.99964	.292994	.000000
6.00138	.292503	.000000
6.00312	.292031	.000000
6.00485	.291473	.000000
6.00659	.290842	.000000
6.00833	.290261	.000000
6.01008	.289757	.000000
6.01182	.289302	.000000
6.01356	.288890	.000000
6.0153	.288667	.000000
6.01705	.288354	.000000
6.0188	.287765	.000000
6.02054	.287238	.000000
6.02229	.286763	.000000
6.02404	.286325	.000000
6.02579	.286042	.000000
6.02754	.285837	.000000
6.0293	.285353	.000000
6.03105	.284869	.000000
6.03281	.284486	.000000
6.03456	.284018	.000000
6.03632	.283621	.000000
6.03808	.283333	.000000
6.03983	.283235	.000000
6.04159	.282931	.000000
6.04335	.282492	.000000
6.04511	.282363	.000000
6.04688	.282174	.000000
6.04864	.281884	.000000
6.05041	.281637	.000000
6.05217	.281468	.000000
6.05394	.281431	.000000
6.05571	.281199	.000000
6.05747	.280919	.000000
6.05924	.280741	.000000
6.06101	.280497	.000000
6.06279	.280203	.000000
6.06456	.280147	.000000
6.06633	.280124	.000000
6.06811	.279997	.000000
6.06988	.279575	.000000
6.07166	.279462	.000000
6.07344	.279424	.000000
6.07522	.279305	.000000
6.077	.279299	.000000
6.07878	.279172	.000000
6.08056	.278955	.000000
6.08234	.278933	.000000
6.08413	.278933	.000000
6.08591	.278816	.000000
6.0877	.278660	.000000
6.08949	.278452	.000000
6.09128	.278413	.000000
6.09307	.278390	.000000
6.09486	.278183	.000000
6.09665	.278071	.000000
6.09844	.277906	.000000
6.10023	.277740	.000000
6.10203	.277712	.000000
6.10383	.277639	.000000
6.10562	.277498	.000000
6.10742	.277323	.000000
6.10922	.277103	.000000
6.11102	.276928	.000000
6.11282	.276792	.000000
6.11462	.276785	.000000
6.11643	.276718	.000000
6.11823	.276612	.000000
6.12004	.276586	.000000
6.12184	.276572	.000000
6.12365	.276339	.000000
6.12546	.276262	.000000
6.12727	.276118	.000000
6.12908	.275855	.000000
6.13089	.275731	.000000
6.1327	.275592	.000000
6.13452	.275469	.000000
6.13633	.275386	.000000
6.13815	.275230	.000000
6.13997	.274895	.000000
6.14178	.274794	.000000
6.1436	.274806	.000000
6.14542	.274801	.000000
6.14725	.274811	.000000
6.14907	.274667	.000000
6.15089	.274466	.000000
6.15272	.274303	.000000
6.15454	.274142	.000000
6.15637	.273992	.000000
6.1582	.273870	.000000
6.16003	.273891	.000000
6.16186	.273843	.000000
6.16369	.273731	.000000
6.16552	.273606	.000000
6.16735	.273434	.000000
6.16919	.273386	.000000
6.17102	.273275	.000000
6.17286	.273189	.000000
6.1747	.273251	.000000
6.17654	.273124	.000000
6.17838	.273158	.000000
6.18022	.273089	.000000
6.18206	.272957	.000000
6.1839	.272851	.000000
6.18575	.272863	.000000
6.18759	.272978	.000000
6.18944	.272847	.000000
6.19129	.272713	.000000
6.19314	.272636	.000000
6.19499	.272792	.000000
6.19684	.272899	.000000
6.19869	.272746	.000000
6.20055	.272662	.000000
6.2024	.272614	.000000
6.20426	.272452	.000000
6.20611	.272384	.000000
6.20797	.272313	.000000
6.20983	.272329	.000000
6.21169	.272216	.000000
6.21355	.272210	.000000
6.21541	.272293	.000000
6.21728	.272207	.000000
6.21914	.272234	.000000
6.22101	.272226	.000000
6.22287	.272257	.000000
6.22474	.272204	.000000
6.22661	.272197	.000000
6.22848	.272204	.000000
6.23035	.272123	.000000
6.23222	.271963	.000000
6.2341	.271795	.000000
6.23597	.271721	.000000
6.23785	.271790	.000000
6.23972	.271834	.000000
6.2416	.271647	.000000
6.24348	.271489	.000000
6.24536	.271520	.000000
6.24724	.271474	.000000
6.24912	.271405	.000000
6.25101	.271338	.000000
6.25289	.271278	.000000
6.25478	.271230	.000000
6.25666	.271095	.000000
6.25855	.270919	.000000
6.26044	.270885	.000000
6.26233	.270803	.000000
6.26422	.270686	.000000
6.26612	.270612	.000000
6.26801	.270530	.000000
6.2699	.270384	.000000
6.2718	.270138	.000000
6.2737	.269960	.000000
6.2756	.269937	.000000
6.27749	.269907	.000000
6.2794	.269682	.000000
6.2813	.269603	.000000
6.2832	.269498	.000000
6.2851	.269215	.000000
6.28701	.269143	.000000
6.28892	.269017	.000000
6.29082	.268868	.000000
6.29273	.268909	.000000
6.29464	.268902	.000000
6.29655	.268751	.000000
6.29847	.268614	.000000
6.30038	.268547	.000000
6.30229	.268394	.000000
6.30421	.268137	.000000
6.30613	.268029	.000000
6.30804	.267975	.000000
6.30996	.267816	.000000
6.31188	.267798	.000000
6.3138	.267903	.000000
6.31573	.267750	.000000
6.31765	.267670	.000000
6.31958	.267642	.000000
6.3215	.267488	.000000
6.32343	.267376	.000000
6.32536	.267227	.000000
6.32729	.267122	.000000
6.32922	.267096	.000000
6.33115	.267096	.000000
6.33308	.267091	.000000
6.33502	.266849	.000000
6.33695	.266794	.000000
6.33889	.266820	.000000
6.34083	.266877	.000000
6.34277	.266885	.000000
6.34471	.267055	.000000
6.34665	.267210	.000000
6.34859	.267023	.000000
6.35054	.267050	.000000
6.35248	.267299	.000000
6.35443	.267299	.000000
6.35638	.267119	.000000
6.35833	.267189	.000000
6.36027	.267369	.000000
6.36223	.267543	.000000
6.36418	.267400	.000000
6.36614	.267213	.000000
6.36809	.267191	.000000
6.37005	.267321	.000000
6.372	.267380	.000000
6.37396	.267455	.000000
6.37592	.267670	.000000
6.37788	.267771	.000000
6.37984	.267659	.000000
6.38181	.267586	.000000
6.38377	.267627	.000000
6.38574	.267670	.000000
6.3877	.267548	.000000
6.38967	.267522	.000000
6.39164	.267514	.000000
6.39361	.267536	.000000
6.39558	.267507	.000000
6.39756	.267308	.000000
6.39953	.267153	.000000
6.40151	.267148	.000000
6.40348	.267060	.000000
6.40546	.266880	.000000
6.40744	.266607	.000000
6.40942	.266557	.000000
6.4114	.266597	.000000
6.41338	.266528	.000000
6.41537	.266382	.000000
6.41735	.266308	.000000
6.41934	.266288	.000000
6.42133	.266291	.000000
6.42331	.266159	.000000
6.4253	.265919	.000000
6.4273	.265587	.000000
6.42929	.265369	.000000
6.43128	.265263	.000000
6.43328	.264959	.000000
6.43527	.264789	.000000
6.43727	.264648	.000000
6.43927	.264480	.000000
6.44127	.264245	.000000
6.44327	.263898	.000000
6.44527	.263596	.000000
6.44728	.263270	.000000
6.44928	.262959	.000000
6.45129	.262741	.000000
6.45329	.262453	.000000
6.4553	.262154	.000000
6.45731	.261893	.000000
6.45932	.261642	.000000
6.46134	.261498	.000000
6.46335	.261081	.000000
6.46536	.260554	.000000
6.46738	.260204	.000000
6.4694	.259857	.000000
6.47142	.259552	.000000
6.47344	.259308	.000000
6.47546	.258992	.000000
6.47748	.258697	.000000
6.4795	.258444	.000000
6.48153	.257986	.000000
6.48355	.257553	.000000
6.48558	.257430	.000000
6.48761	.257284	.000000
6.48964	.256891	.000000
6.49167	.256559	.000000
6.49371	.256360	.000000
6.49574	.255929	.000000
6.49777	.255706	.000000
6.49981	.255902	.000000
6.50185	.255687	.000000
6.50389	.255246	.000000
6.50593	.255035	.000000
6.50797	.254946	.000000
6.51001	.254819	.000000
6.51206	.254601	.000000
6.5141	.254309	.000000
6.51615	.254163	.000000
6.5182	.254000	.000000
6.52025	.253962	.000000
6.5223	.253830	.000000
6.52435	.253601	.000000
6.5264	.253320	.000000
6.52846	.253147	.000000
6.53051	.252997	.000000
6.53257	.252920	.000000
6.53463	.252843	.000000
6.53669	.252690	.000000
6.53875	.252583	.000000
6.54081	.252441	.000000
6.54288	.252125	.000000
6.54494	.251801	.000000
6.54701	.251684	.000000
6.54907	.251632	.000000
6.55114	.251438	.000000
6.55321	.251268	.000000
6.55528	.251050	.000000
6.55736	.250848	.000000
6.55943	.250728	.000000
6.56151	.250529	.000000
6.56358	.250185	.000000
6.56566	.249902	.000000
6.56774	.249857	.000000
6.56982	.249756	.000000
6.5719	.249399	.000000
6.57399	.249308	.000000
6.57607	.249224	.000000
6.57816	.248875	.000000
6.58024	.248477	.000000
6.58233	.248201	.000000
6.58442	.248099	.000000
6.58651	.247905	.000000
6.5886	.247703	.000000
6.5907	.247595	.000000
6.59279	.247336	.000000
6.59489	.246982	.000000
6.59699	.246863	.000000
6.59909	.246723	.000000
6.60119	.246407	.000000
6.60329	.246259	.000000
6.60539	.246124	.000000
6.6075	.245852	.000000
6.6096	.245679	.000000
6.61171	.245506	.000000
6.61382	.245214	.000000
6.61593	.245068	.000000
6.61804	.244867	.000000
6.62015	.244493	.000000
6.62226	.244163	.000000
6.62438	.244012	.000000
6.6265	.243821	.000000
6.62861	.243607	.000000
6.63073	.243267	.000000
6.63285	.243020	.000000
6.63498	.242879	.000000
6.6371	.242712	.000000
6.63922	.242424	.000000
6.64135	.242151	.000000
6.64348	.242170	.000000
6.64561	.242045	.000000
6.64774	.241749	.000000
6.64987	.241513	.000000
6.652	.241394	.000000
6.65413	.241301	.000000
6.65627	.241150	.000000
6.65841	.240931	.000000
6.66055	.240647	.000000
6.66269	.240630	.000000
6.66483	.240508	.000000
6.66697	.240204	.000000
6.66911	.240053	.000000
6.67126	.239883	.000000
6.6734	.239681	.000000
6.67555	.239643	.000000
6.6777	.239626	.000000
6.67985	.239392	.000000
6.682	.238924	.000000
6.68416	.238738	.000000
6.68631	.238713	.000000
6.68847	.238620	.000000
6.69063	.238397	.000000
6.69279	.238072	.000000
6.69495	.237810	.000000
6.69711	.237562	.000000
6.69927	.237459	.000000
6.70144	.237344	.000000
6.7036	.237051	.000000
6.70577	.236802	.000000
6.70794	.236592	.000000
6.71011	.236342	.000000
6.71228	.236211	.000000
6.71445	.236021	.000000
6.71663	.235717	.000000
6.7188	.235422	.000000
6.72098	.235228	.000000
6.72316	.234922	.000000
6.72534	.234672	.000000
6.72752	.234421	.000000
6.72971	.234090	.000000
6.73189	.233810	.000000
6.73408	.233557	.000000
6.73627	.233123	.000000
6.73846	.232867	.000000
6.74065	.232716	.000000
6.74284	.232459	.000000
6.74503	.232302	.000000
6.74722	.231956	.000000
6.74942	.231484	.000000
6.75162	.231207	.000000
6.75382	.230938	.000000
6.75602	.230522	.000000
6.75822	.230083	.000000
6.76042	.229738	.000000
6.76263	.229413	.000000
6.76483	.229027	.000000
6.76704	.228665	.000000
6.76925	.228244	.000000
6.77146	.227867	.000000
6.77367	.227671	.000000
6.77588	.227492	.000000
6.7781	.227128	.000000
6.78031	.226716	.000000
6.78253	.226248	.000000
6.78475	.225825	.000000
6.78697	.225534	.000000
6.78919	.225328	.000000
6.79141	.224996	.000000
6.79364	.224651	.000000
6.79586	.224255	.000000
6.79809	.223874	.000000
6.80032	.223578	.000000
6.80255	.223317	.000000
6.80478	.222935	.000000
6.80702	.222565	.000000
6.80925	.222353	.000000
6.81149	.222167	.000000
6.81373	.221961	.000000
6.81596	.221606	.000000
6.81821	.221292	.000000
6.82045	.220948	.000000
6.82269	.220787	.000000
6.82494	.220540	.000000
6.82718	.220371	.000000
6.82943	.220253	.000000
6.83168	.220099	.000000
6.83393	.220195	.000000
6.83619	.220205	.000000
6.83844	.219832	.000000
6.84069	.219511	.000000
6.84295	.219407	.000000
6.84521	.219311	.000000
6.84747	.219341	.000000
6.84973	.219302	.000000
6.852	.219002	.000000
6.85426	.218789	.000000
6.85652	.218830	.000000
6.85879	.218960	.000000
6.86106	.218715	.000000
6.86333	.218425	.000000
6.8656	.218389	.000000
6.86788	.218552	.000000
6.87015	.218440	.000000
6.87243	.218150	.000000
6.87471	.218116	.000000
6.87699	.218109	.000000
6.87927	.217911	.000000
6.88155	.217589	.000000
6.88383	.217396	.000000
6.88612	.217251	.000000
6.88841	.217063	.000000
6.8907	.216966	.000000
6.89299	.216897	.000000
6.89528	.216691	.000000
6.89757	.216394	.000000
6.89987	.216298	.000000
6.90216	.216258	.000000
6.90446	.216157	.000000
6.90676	.215815	.000000
6.90906	.215671	.000000
6.91136	.215726	.000000
6.91367	.215625	.000000
6.91597	.215357	.000000
6.91828	.215185	.000000
6.92059	.215189	.000000
6.9229	.215105	.000000
6.92521	.214797	.000000
6.92752	.214627	.000000
6.92984	.214439	.000000
6.93215	.214344	.000000
6.93447	.214162	.000000
6.9368	.213834	.000000
6.93912	.213572	.000000
6.94144	.213462	.000000
6.94376	.213369	.000000
6.94609	.213184	.000000
6.94842	.212912	.000000
6.95074	.212725	.000000
6.95307	.212406	.000000
6.95541	.212119	.000000
6.95774	.212064	.000000
6.96007	.211908	.000000
6.96241	.211733	.000000
6.96475	.211560	.000000
6.96709	.211484	.000000
6.96943	.211280	.000000
6.97177	.211031	.000000
6.97412	.210818	.000000
6.97646	.210650	.000000
6.97881	.210295	.000000
6.98116	.210035	.000000
6.98351	.210037	.000000
6.98586	.209853	.000000
6.98822	.209666	.000000
6.99057	.209532	.000000
6.99293	.209383	.000000
6.99529	.209261	.000000
6.99765	.209120	.000000
7.00001	.208925	.000000
7.00237	.208811	.000000
7.00474	.208598	.000000
7.0071	.208358	.000000
7.00947	.208178	.000000
7.01184	.207932	.000000
7.01421	.207685	.000000
7.01659	.207318	.000000
7.01896	.206985	.000000
7.02134	.206635	.000000
7.02372	.206399	.000000
7.0261	.206387	.000000
7.02848	.206250	.000000
7.03086	.205867	.000000
7.03324	.205407	.000000
7.03563	.204956	.000000
7.03802	.204623	.000000
7.04041	.204552	.000000
7.0428	.204427	.000000
7.04519	.204260	.000000
7.04758	.204006	.000000
7.04998	.203565	.000000
7.05238	.203227	.000000
7.05478	.202913	.000000
7.05718	.202700	.000000
7.05958	.202460	.000000
7.06198	.202243	.000000
7.06439	.202120	.000000
7.06679	.201845	.000000
7.0692	.201565	.000000
7.07161	.201194	.000000
7.07403	.200832	.000000
7.07644	.200691	.000000
7.07885	.200530	.000000
7.08127	.200343	.000000
7.08369	.200061	.000000
7.08611	.199692	.000000
7.08853	.199406	.000000
7.09096	.199275	.000000
7.09338	.199006	.000000
7.09581	.198734	.000000
7.09824	.198446	.000000
7.10067	.198269	.000000
7.1031	.198195	.000000
7.10553	.197893	.000000
7.10797	.197697	.000000
7.1104	.197646	.000000
7.11284	.197337	.000000
7.11528	.196949	.000000
7.11773	.196805	.000000
7.12017	.196700	.000000
7.12261	.196479	.000000
7.12506	.196200	.000000
7.12751	.195986	.000000
7.12996	.195730	.000000
7.13241	.195298	.000000
7.13487	.194928	.000000
7.13732	.194714	.000000
7.13978	.194559	.000000
7.14224	.194365	.000000
7.1447	.193950	.000000
7.14716	.193419	.000000
7.14962	.193074	.000000
7.15209	.192793	.000000
7.15456	.192474	.000000
7.15703	.192130	.000000
7.1595	.191727	.000000
7.16197	.191389	.000000
7.16445	.191207	.000000
7.16692	.190795	.000000
7.1694	.190422	.000000
7.17188	.190091	.000000
7.17436	.189524	.000000
7.17684	.189105	.000000
7.17933	.188839	.000000
7.18181	.188487	.000000
7.1843	.188089	.000000
7.18679	.187662	.000000
7.18928	.187363	.000000
7.19178	.186918	.000000
7.19427	.186463	.000000
7.19677	.186197	.000000
7.19926	.185878	.000000
7.20176	.185358	.000000
7.20427	.184862	.000000
7.20677	.184530	.000000
7.20927	.184069	.000000
7.21178	.183519	.000000
7.21429	.183011	.000000
7.2168	.182558	.000000
7.21931	.182185	.000000
7.22183	.181888	.000000
7.22434	.181518	.000000
7.22686	.181058	.000000
7.22938	.180577	.000000
7.2319	.180204	.000000
7.23442	.179895	.000000
7.23695	.179494	.000000
7.23947	.178848	.000000
7.242	.178455	.000000
7.24453	.178129	.000000
7.24706	.177664	.000000
7.2496	.177269	.000000
7.25213	.176896	.000000
7.25467	.176419	.000000
7.25721	.175981	.000000
7.25975	.175628	.000000
7.26229	.175305	.000000
7.26483	.174914	.000000
7.26738	.174369	.000000
7.26992	.173868	.000000
7.27247	.173530	.000000
7.27502	.173132	.000000
7.27758	.172709	.000000
7.28013	.172234	.000000
7.28269	.171753	.000000
7.28525	.171381	.000000
7.28781	.170941	.000000
7.29037	.170534	.000000
7.29293	.170067	.000000
7.2955	.169578	.000000
7.29806	.169163	.000000
7.30063	.168824	.000000
7.3032	.168327	.000000
7.30578	.167810	.000000
7.30835	.167362	.000000
7.31093	.166924	.000000
7.31351	.166464	.000000
7.31609	.165978	.000000
7.31867	.165559	.000000
7.32125	.165163	.000000
7.32384	.164715	.000000
7.32643	.164174	.000000
7.32901	.163573	.000000
7.33161	.162852	.000000
7.3342	.162243	.000000
7.33679	.161838	.000000
7.33939	.161444	.000000
7.34199	.161010	.000000
7.34459	.160511	.000000
7.34719	.160133	.000000
7.34979	.159755	.000000
7.3524	.159158	.000000
7.355	.158521	.000000
7.35761	.158028	.000000
7.36023	.157585	.000000
7.36284	.157032	.000000
7.36545	.156428	.000000
7.36807	.155875	.000000
7.37069	.155364	.000000
7.37331	.154828	.000000
7.37593	.154233	.000000
7.37855	.153718	.000000
7.38119	.153264	.000000
7.38381	.152785	.000000
7.38644	.152281	.000000
7.38907	.151570	.000000
7.39171	.150900	.000000
7.39434	.150403	.000000
7.39698	.149891	.000000
7.39962	.149280	.000000
7.40226	.148712	.000000
7.4049	.148231	.000000
7.40755	.147814	.000000
7.41019	.147299	.000000
7.41284	.146631	.000000
7.41549	.145944	.000000
7.41814	.145349	.000000
7.4208	.144904	.000000
7.42346	.144353	.000000
7.42611	.143680	.000000
7.42877	.143194	.000000
7.43144	.142779	.000000
7.4341	.142154	.000000
7.43676	.141699	.000000
7.43943	.141261	.000000
7.4421	.140724	.000000
7.44477	.140185	.000000
7.44745	.139533	.000000
7.45012	.138969	.000000
7.4528	.138338	.000000
7.45548	.137764	.000000
7.45816	.137358	.000000
7.46085	.136743	.000000
7.46353	.136224	.000000
7.46622	.135746	.000000
7.46891	.135097	.000000
7.4716	.134443	.000000
7.47429	.134044	.000000
7.47698	.133557	.000000
7.47968	.132959	.000000
7.48238	.132528	.000000
7.48508	.132151	.000000
7.48778	.131456	.000000
7.49049	.130764	.000000
7.49319	.130314	.000000
7.4959	.129785	.000000
7.49861	.129203	.000000
7.50132	.128690	.000000
7.50404	.128218	.000000
7.50675	.127689	.000000
7.50947	.127145	.000000
7.51219	.126563	.000000
7.51491	.125983	.000000
7.51763	.125327	.000000
7.52036	.124860	.000000
7.52309	.124421	.000000
7.52582	.123900	.000000
7.52855	.123382	.000000
7.53129	.122750	.000000
7.53402	.122139	.000000
7.53676	.121665	.000000
7.5395	.121248	.000000
7.54224	.120683	.000000
7.54499	.120165	.000000
7.54773	.119621	.000000
7.55048	.119020	.000000
7.55323	.118513	.000000
7.55598	.117873	.000000
7.55874	.117344	.000000
7.56149	.116790	.000000
7.56425	.116247	.000000
7.56701	.115930	.000000
7.56977	.115540	.000000
7.57253	.114972	.000000
7.5753	.114337	.000000
7.57807	.113705	.000000
7.58084	.113159	.000000
7.58361	.112833	.000000
7.58638	.112404	.000000
7.58916	.111757	.000000
7.59194	.111159	.000000
7.59472	.110589	.000000
7.5975	.109971	.000000
7.60028	.109442	.000000
7.60307	.108818	.000000
7.60586	.108160	.000000
7.60865	.107733	.000000
7.61145	.107437	.000000
7.61424	.107127	.000000
7.61704	.106538	.000000
7.61983	.105796	.000000
7.62264	.105257	.000000
7.62544	.104680	.000000
7.62824	.104116	.000000
7.63105	.103669	.000000
7.63386	.103233	.000000
7.63667	.102670	.000000
7.63948	.102104	.000000
7.6423	.101528	.000000
7.64511	.100866	.000000
7.64793	.100368	.000000
7.65075	.099714	.000000
7.65358	.099029	.000000
7.6564	.098572	.000000
7.65923	.098044	.000000
7.66206	.097414	.000000
7.66489	.096718	.000000
7.66772	.095973	.000000
7.67056	.095568	.000000
7.6734	.095202	.000000
7.67624	.094531	.000000
7.67908	.093905	.000000
7.68192	.093254	.000000
7.68477	.092631	.000000
7.68762	.092015	.000000
7.69047	.091476	.000000
7.69333	.090846	.000000
7.69618	.090044	.000000
7.69904	.089407	.000000
7.7019	.088878	.000000
7.70476	.088186	.000000
7.70762	.087551	.000000
7.71049	.087026	.000000
7.71335	.086662	.000000
7.71622	.086116	.000000
7.7191	.085386	.000000
7.72197	.084717	.000000
7.72485	.084089	.000000
7.72772	.083435	.000000
7.7306	.082822	.000000
7.73349	.082116	.000000
7.73637	.081347	.000000
7.73926	.080700	.000000
7.74215	.080307	.000000
7.74504	.079866	.000000
7.74793	.079162	.000000
7.75083	.078293	.000000
7.75372	.077589	.000000
7.75662	.077191	.000000
7.75953	.076645	.000000
7.76243	.075965	.000000
7.76534	.075466	.000000
7.76825	.074892	.000000
7.77116	.074274	.000000
7.77408	.073703	.000000
7.77699	.073025	.000000
7.77991	.072304	.000000
7.78283	.071723	.000000
7.78575	.071148	.000000
7.78867	.070573	.000000
7.7916	.069935	.000000
7.79453	.069169	.000000
7.79746	.068571	.000000
7.80039	.068127	.000000
7.80332	.067432	.000000
7.80626	.066800	.000000
7.8092	.066247	.000000
7.81214	.065632	.000000
7.81508	.065251	.000000
7.81803	.064724	.000000
7.82098	.064055	.000000
7.82393	.063605	.000000
7.82688	.063124	.000000
7.82984	.062340	.000000
7.83279	.061808	.000000
7.83575	.061341	.000000
7.83871	.060592	.000000
7.84168	.059885	.000000
7.84464	.059382	.000000
7.84761	.058963	.000000
7.85059	.058333	.000000
7.85356	.057677	.000000
7.85654	.057241	.000000
7.85951	.056714	.000000
7.86249	.056302	.000000
7.86547	.055705	.000000
7.86846	.055044	.000000
7.87144	.054656	.000000
7.87443	.054199	.000000
7.87742	.053645	.000000
7.88042	.053061	.000000
7.88341	.052435	.000000
7.88641	.051988	.000000
7.88941	.051530	.000000
7.89241	.050855	.000000
7.89542	.050359	.000000
7.89842	.050059	.000000
7.90143	.049583	.000000
7.90444	.048917	.000000
7.90746	.048376	.000000
7.91047	.047992	.000000
7.91349	.047554	.000000
7.91651	.047072	.000000
7.91953	.046533	.000000
7.92256	.046141	.000000
7.92559	.045702	.000000
7.92862	.045161	.000000
7.93165	.044660	.000000
7.93469	.044174	.000000
7.93772	.043654	.000000
7.94076	.043211	.000000
7.94381	.042835	.000000
7.94685	.042244	.000000
7.9499	.041837	.000000
7.95294	.041446	.000000
7.95599	.041110	.000000
7.95905	.040689	.000000
7.9621	.040184	.000000
7.96516	.039838	.000000
7.96822	.039489	.000000
7.97128	.039171	.000000
7.97435	.038753	.000000
7.97741	.038371	.000000
7.98048	.038093	.000000
7.98356	.037680	.000000
7.98663	.037113	.000000
7.98971	.036591	.000000
7.99279	.036313	.000000
7.99587	.036011	.000000
7.99895	.035614	.000000
8.00204	.035161	.000000
8.00513	.034736	.000000
8.00822	.034454	.000000
8.01131	.034186	.000000
8.01441	.033841	.000000
8.0175	.033542	.000000
8.0206	.033396	.000000
8.02371	.033178	.000000
8.02681	.032763	.000000
8.02992	.032447	.000000
8.03303	.032210	.000000
8.03614	.031929	.000000
8.03926	.031735	.000000
8.04238	.031669	.000000
8.0455	.031367	.000000
8.04862	.031015	.000000
8.05175	.030894	.000000
8.05487	.030591	.000000
8.058	.030470	.000000
8.06114	.030245	.000000
8.06427	.029795	.000000
8.06741	.029482	.000000
8.07054	.029506	.000000
8.07369	.029481	.000000
8.07683	.029361	.000000
8.07998	.029112	.000000
8.08313	.028839	.000000
8.08628	.028684	.000000
8.08943	.028684	.000000
8.09259	.028634	.000000
8.09575	.028444	.000000
8.09891	.028191	.000000
8.10207	.028147	.000000
8.10524	.028203	.000000
8.10841	.028066	.000000
8.11158	.028061	.000000
8.11475	.027985	.000000
8.11793	.027840	.000000
8.12111	.027809	.000000
8.12429	.027886	.000000
8.12747	.027937	.000000
8.13066	.027910	.000000
8.13385	.027804	.000000
8.13704	.027774	.000000
8.14024	.027798	.000000
8.14343	.027937	.000000
8.14663	.028123	.000000
8.14983	.028351	.000000
8.15304	.028525	.000000
8.15624	.028490	.000000
8.15945	.028348	.000000
8.16266	.028571	.000000
8.16588	.028839	.000000
8.16909	.028925	.000000
8.17231	.028986	.000000
8.17553	.029125	.000000
8.17876	.029246	.000000
8.18198	.029470	.000000
8.18521	.029810	.000000
8.18844	.029979	.000000
8.19168	.030023	.000000
8.19491	.030312	.000000
8.19815	.030579	.000000
8.20139	.030785	.000000
8.20464	.031091	.000000
8.20789	.031436	.000000
8.21113	.031642	.000000
8.21439	.031991	.000000
8.21764	.032512	.000000
8.22091	.033060	.000000
8.22417	.033512	.000000
8.22743	.033913	.000000
8.23069	.034239	.000000
8.23396	.034717	.000000
8.23723	.035266	.000000
8.2405	.035724	.000000
8.24378	.036190	.000000
8.24706	.036821	.000000
8.25034	.037441	.000000
8.25362	.037882	.000000
8.25691	.038382	.000000
8.2602	.038981	.000000
8.26349	.039434	.000000
8.26678	.039892	.000000
8.27008	.040428	.000000
8.27337	.041049	.000000
8.27668	.041686	.000000
8.27998	.042169	.000000
8.28329	.042850	.000000
8.2866	.043503	.000000
8.28991	.044136	.000000
8.29322	.044921	.000000
8.29654	.045518	.000000
8.29986	.046031	.000000
8.30318	.046749	.000000
8.30651	.047515	.000000
8.30984	.048193	.000000
8.31317	.048941	.000000
8.31651	.049635	.000000
8.31984	.050117	.000000
8.32318	.050601	.000000
8.32652	.051142	.000000
8.32987	.051732	.000000
8.33322	.052493	.000000
8.33656	.053265	.000000
8.33992	.053700	.000000
8.34327	.054093	.000000
8.34663	.054762	.000000
8.34999	.055315	.000000
8.35335	.055652	.000000
8.35672	.056026	.000000
8.36008	.056505	.000000
8.36346	.056809	.000000
8.36683	.057176	.000000
8.37021	.057787	.000000
8.37359	.058148	.000000
8.37697	.058309	.000000
8.38035	.058611	.000000
8.38374	.058920	.000000
8.38713	.059229	.000000
8.39052	.059528	.000000
8.39392	.059919	.000000
8.39732	.060333	.000000
8.40072	.060251	.000000
8.40412	.060412	.000000
8.40754	.060731	.000000
8.41095	.061164	.000000
8.41436	.061415	.000000
8.41777	.061423	.000000
8.42119	.061706	.000000
8.42461	.061976	.000000
8.42804	.061873	.000000
8.43146	.061763	.000000
8.43489	.061857	.000000
8.43832	.061880	.000000
8.44176	.061689	.000000
8.44519	.061598	.000000
8.44863	.061622	.000000
8.45208	.061411	.000000
8.45552	.061348	.000000
8.45897	.061372	.000000
8.46242	.061142	.000000
8.46588	.060687	.000000
8.46933	.060331	.000000
8.47279	.060283	.000000
8.47626	.060115	.000000
8.47972	.059567	.000000
8.48319	.059212	.000000
8.48666	.058932	.000000
8.49014	.058556	.000000
8.49361	.058161	.000000
8.49709	.058017	.000000
8.50058	.057806	.000000
8.50407	.057646	.000000
8.50755	.057676	.000000
8.51105	.057343	.000000
8.51454	.056846	.000000
8.51804	.056642	.000000
8.52154	.056378	.000000
8.52504	.056029	.000000
8.52854	.055871	.000000
8.53205	.055930	.000000
8.53556	.055980	.000000
8.53908	.055614	.000000
8.5426	.055313	.000000
8.54612	.055301	.000000
8.54964	.055114	.000000
8.55316	.055010	.000000
8.55669	.054862	.000000
8.56022	.054711	.000000
8.56376	.054556	.000000
8.5673	.054532	.000000
8.57084	.054513	.000000
8.57438	.054230	.000000
8.57792	.054095	.000000
8.58147	.053947	.000000
8.58503	.053641	.000000
8.58858	.053477	.000000
8.59214	.053542	.000000
8.5957	.053588	.000000
8.59927	.053494	.000000
8.60284	.053377	.000000
8.60641	.053135	.000000
8.60998	.052915	.000000
8.61356	.052733	.000000
8.61714	.052471	.000000
8.62072	.052532	.000000
8.6243	.052407	.000000
8.62789	.052199	.000000
8.63148	.052038	.000000
8.63507	.051865	.000000
8.63867	.051549	.000000
8.64227	.051298	.000000
8.64587	.051315	.000000
8.64948	.051477	.000000
8.65309	.051413	.000000
8.6567	.051120	.000000
8.66031	.051047	.000000
8.66393	.050805	.000000
8.66755	.050579	.000000
8.67117	.050617	.000000
8.6748	.050651	.000000
8.67843	.050481	.000000
8.68206	.050066	.000000
8.6857	.049702	.000000
8.68934	.049585	.000000
8.69298	.049753	.000000
8.69663	.049856	.000000
8.70027	.049569	.000000
8.70393	.049339	.000000
8.70759	.049267	.000000
8.71124	.049218	.000000
8.7149	.049101	.000000
8.71857	.049015	.000000
8.72224	.049085	.000000
8.72591	.049005	.000000
8.72958	.048677	.000000
8.73325	.048419	.000000
8.73693	.048275	.000000
8.74061	.048333	.000000
8.7443	.048213	.000000
8.74799	.048139	.000000
8.75168	.047992	.000000
8.75537	.047897	.000000
8.75907	.047887	.000000
8.76277	.047648	.000000
8.76647	.047400	.000000
8.77018	.047360	.000000
8.77389	.047449	.000000
8.7776	.047324	.000000
8.78132	.047029	.000000
8.78504	.046866	.000000
8.78876	.046747	.000000
8.79249	.046730	.000000
8.79622	.046527	.000000
8.79995	.046311	.000000
8.80369	.046345	.000000
8.80743	.046392	.000000
8.81117	.046179	.000000
8.81492	.045867	.000000
8.81867	.045681	.000000
8.82242	.045736	.000000
8.82617	.045674	.000000
8.82993	.045741	.000000
8.83369	.045788	.000000
8.83745	.045396	.000000
8.84122	.045022	.000000
8.84499	.044921	.000000
8.84876	.044819	.000000
8.85254	.044663	.000000
8.85632	.044533	.000000
8.8601	.044373	.000000
8.86389	.044327	.000000
8.86768	.044328	.000000
8.87147	.044220	.000000
8.87527	.044205	.000000
8.87907	.044083	.000000
8.88287	.044136	.000000
8.88668	.044057	.000000
8.89049	.043855	.000000
8.8943	.043774	.000000
8.89812	.043661	.000000
8.90193	.043494	.000000
8.90576	.043460	.000000
8.90958	.043537	.000000
8.91342	.043690	.000000
8.91725	.043491	.000000
8.92109	.042943	.000000
8.92493	.042787	.000000
8.92877	.042704	.000000
8.93261	.042752	.000000
8.93646	.042888	.000000
8.94031	.042591	.000000
8.94417	.042407	.000000
8.94803	.042524	.000000
8.95189	.042447	.000000
8.95576	.042325	.000000
8.95963	.042143	.000000
8.9635	.041925	.000000
8.96737	.042031	.000000
8.97125	.042136	.000000
8.97513	.041935	.000000
8.97902	.041832	.000000
8.98291	.041743	.000000
8.9868	.041621	.000000
8.9907	.041437	.000000
8.99459	.041415	.000000
8.9985	.041395	.000000
9.0024	.041029	.000000
9.00631	.040861	.000000
9.01022	.041051	.000000
9.01414	.040821	.000000
9.01806	.040579	.000000
9.02199	.040437	.000000
9.02592	.040368	.000000
9.02984	.040385	.000000
9.03378	.040292	.000000
9.03771	.040081	.000000
9.04166	.039755	.000000
9.0456	.039674	.000000
9.04954	.039673	.000000
9.05349	.039338	.000000
9.05745	.039026	.000000
9.06141	.038811	.000000
9.06537	.038601	.000000
9.06933	.038569	.000000
9.0733	.038474	.000000
9.07727	.038322	.000000
9.08124	.038222	.000000
9.08522	.037898	.000000
9.0892	.037458	.000000
9.09319	.037343	.000000
9.09718	.037250	.000000
9.10117	.037048	.000000
9.10516	.036826	.000000
9.10916	.036365	.000000
9.11316	.036033	.000000
9.11717	.035906	.000000
9.12118	.035642	.000000
9.12519	.035316	.000000
9.12921	.035312	.000000
9.13323	.035259	.000000
9.13725	.034826	.000000
9.14128	.034351	.000000
9.14531	.033965	.000000
9.14935	.033687	.000000
9.15338	.033748	.000000
9.15742	.033421	.000000
9.16148	.032972	.000000
9.16553	.032588	.000000
9.16958	.032617	.000000
9.17363	.032609	.000000
9.17769	.032399	.000000
9.18176	.032102	.000000
9.18582	.031898	.000000
9.18989	.031920	.000000
9.19397	.031800	.000000
9.19804	.031683	.000000
9.20213	.031378	.000000
9.20621	.031033	.000000
9.2103	.031014	.000000
9.21439	.030923	.000000
9.21848	.030866	.000000
9.22258	.030715	.000000
9.22669	.030655	.000000
9.23079	.030813	.000000
9.2349	.030653	.000000
9.23902	.030639	.000000
9.24313	.030873	.000000
9.24725	.031127	.000000
9.25138	.031211	.000000
9.25551	.031124	.000000
9.25964	.031175	.000000
9.26378	.031003	.000000
9.26792	.030779	.000000
9.27206	.030665	.000000
9.27621	.030681	.000000
9.28036	.030770	.000000
9.28452	.030734	.000000
9.28868	.030653	.000000
9.29284	.030693	.000000
9.297	.030643	.000000
9.30117	.030715	.000000
9.30535	.030936	.000000
9.30952	.030815	.000000
9.3137	.030651	.000000
9.31789	.030818	.000000
9.32208	.030955	.000000
9.32627	.030741	.000000
9.33046	.030555	.000000
9.33466	.030888	.000000
9.33887	.031209	.000000
9.34307	.031117	.000000
9.34728	.031160	.000000
9.3515	.031254	.000000
9.35572	.031438	.000000
9.35994	.031549	.000000
9.36416	.031457	.000000
9.36839	.031560	.000000
9.37263	.031568	.000000
9.37686	.031755	.000000
9.38111	.032044	.000000
9.38535	.032061	.000000
9.3896	.032157	.000000
9.39386	.032423	.000000
9.39812	.032543	.000000
9.40238	.032540	.000000
9.40664	.032531	.000000
9.41091	.032856	.000000
9.41518	.033196	.000000
9.41946	.033372	.000000
9.42374	.033692	.000000
9.42802	.033742	.000000
9.43231	.033887	.000000
9.4366	.034061	.000000
9.4409	.034320	.000000
9.4452	.034645	.000000
9.4495	.034964	.000000
9.45381	.034911	.000000
9.45812	.035048	.000000
9.46243	.035642	.000000
9.46675	.035973	.000000
9.47108	.036210	.000000
9.4754	.036552	.000000
9.47973	.036895	.000000
9.48407	.037209	.000000
9.48841	.037393	.000000
9.49275	.037426	.000000
9.4971	.037748	.000000
9.50145	.038502	.000000
9.5058	.038868	.000000
9.51016	.038895	.000000
9.51453	.039300	.000000
9.5189	.039824	.000000
9.52327	.040102	.000000
9.52764	.040189	.000000
9.53202	.040320	.000000
9.53641	.040625	.000000
9.54079	.041237	.000000
9.54518	.041734	.000000
9.54958	.041666	.000000
9.55398	.041633	.000000
9.55838	.041975	.000000
9.56279	.042249	.000000
9.5672	.042557	.000000
9.57161	.042704	.000000
9.57603	.042754	.000000
9.58045	.043027	.000000
9.58488	.043602	.000000
9.58931	.044002	.000000
9.59375	.044196	.000000
9.59819	.044280	.000000
9.60263	.044455	.000000
9.60708	.044794	.000000
9.61153	.044849	.000000
9.61599	.044929	.000000
9.62045	.044981	.000000
9.62491	.045097	.000000
9.62938	.045350	.000000
9.63386	.045384	.000000
9.63834	.045376	.000000
9.64282	.045533	.000000
9.64731	.045741	.000000
9.6518	.045758	.000000
9.65629	.045815	.000000
9.66079	.045818	.000000
9.66529	.045595	.000000
9.66979	.045604	.000000
9.67431	.045767	.000000
9.67882	.045691	.000000
9.68334	.045413	.000000
9.68786	.045508	.000000
9.69239	.045621	.000000
9.69692	.045736	.000000
9.70146	.045630	.000000
9.706	.045558	.000000
9.71054	.045698	.000000
9.71509	.045587	.000000
9.71964	.045655	.000000
9.7242	.045870	.000000
9.72876	.045829	.000000
9.73333	.045556	.000000
9.7379	.045516	.000000
9.74247	.045533	.000000
9.74705	.045341	.000000
9.75163	.045259	.000000
9.75622	.045085	.000000
9.76081	.045067	.000000
9.76541	.045018	.000000
9.77001	.044598	.000000
9.77461	.044552	.000000
9.77922	.044778	.000000
9.78383	.044644	.000000
9.78845	.044292	.000000
9.79307	.043915	.000000
9.7977	.043731	.000000
9.80233	.043793	.000000
9.80696	.043642	.000000
9.8116	.043352	.000000
9.81625	.043199	.000000
9.8209	.043384	.000000
9.82555	.043578	.000000
9.83021	.043304	.000000
9.83487	.043080	.000000
9.83953	.042991	.000000
9.8442	.042873	.000000
9.84888	.043075	.000000
9.85356	.043046	.000000
9.85824	.043103	.000000
9.86293	.042916	.000000
9.86762	.042809	.000000
9.87232	.043103	.000000
9.87702	.043037	.000000
9.88172	.042624	.000000
9.88643	.042548	.000000
9.89115	.042668	.000000
9.89587	.042742	.000000
9.90059	.042679	.000000
9.90532	.042648	.000000
9.91005	.042704	.000000
9.91479	.042589	.000000
9.91953	.042548	.000000
9.92428	.042541	.000000
9.92902	.042636	.000000
9.93378	.042703	.000000
9.93854	.042505	.000000
9.9433	.042510	.000000
9.94807	.042919	.000000
9.95284	.043151	.000000
9.95762	.043122	.000000
9.96241	.042964	.000000
9.96719	.042950	.000000
9.97198	.043180	.000000
9.97678	.043364	.000000
9.98158	.043374	.000000
9.98639	.043401	.000000
9.9912	.043633	.000000
9.99601	.043819	.000000
10.00083	.043884	.000000
10.00566	.043915	.000000
10.01049	.044390	.000000
10.01532	.044617	.000000
10.02016	.044411	.000000
10.025	.044495	.000000
10.02985	.044644	.000000
10.0347	.044816	.000000
10.03956	.045073	.000000
10.04442	.045290	.000000
10.04929	.045377	.000000
10.05416	.045587	.000000
10.05904	.045980	.000000
10.06392	.046265	.000000
10.0688	.046399	.000000
10.07369	.046383	.000000
10.07859	.046394	.000000
10.08349	.046704	.000000
10.08839	.047089	.000000
10.0933	.047396	.000000
10.09821	.047698	.000000
10.10313	.047913	.000000
10.10805	.048045	.000000
10.11298	.047872	.000000
10.11791	.047733	.000000
10.12285	.048172	.000000
10.12779	.048678	.000000
10.13274	.048761	.000000
10.13769	.048807	.000000
10.14265	.048924	.000000
10.14761	.048790	.000000
10.15258	.048610	.000000
10.15755	.048687	.000000
10.16253	.049284	.000000
10.16751	.049745	.000000
10.1725	.049472	.000000
10.17749	.049121	.000000
10.18249	.049123	.000000
10.18749	.049436	.000000
10.19249	.049647	.000000
10.1975	.049674	.000000
10.20252	.049817	.000000
10.20754	.050007	.000000
10.21257	.049901	.000000
10.2176	.049940	.000000
10.22264	.050040	.000000
10.22768	.050069	.000000
10.23272	.050131	.000000
10.23778	.050421	.000000
10.24283	.050711	.000000
10.24789	.050905	.000000
10.25296	.051233	.000000
10.25803	.051775	.000000
10.2631	.051962	.000000
10.26818	.052136	.000000
10.27326	.052452	.000000
10.27835	.052860	.000000
10.28345	.053485	.000000
10.28855	.054071	.000000
10.29366	.054337	.000000
10.29877	.054574	.000000
10.30388	.055035	.000000
10.309	.055550	.000000
10.31413	.055952	.000000
10.31926	.055995	.000000
10.3244	.055993	.000000
10.32954	.056404	.000000
10.33469	.056937	.000000
10.33984	.056992	.000000
10.345	.057283	.000000
10.35016	.057696	.000000
10.35533	.057761	.000000
10.3605	.057928	.000000
10.36568	.057992	.000000
10.37086	.058266	.000000
10.37605	.059078	.000000
10.38124	.059698	.000000
10.38644	.059885	.000000
10.39165	.059983	.000000
10.39685	.060407	.000000
10.40207	.061018	.000000
10.40729	.061375	.000000
10.41251	.061315	.000000
10.41774	.061377	.000000
10.42298	.061631	.000000
10.42822	.061993	.000000
10.43346	.062170	.000000
10.43872	.062306	.000000
10.44397	.062331	.000000
10.44923	.062536	.000000
10.4545	.062755	.000000
10.45977	.062913	.000000
10.46505	.063246	.000000
10.47033	.063653	.000000
10.47562	.063576	.000000
10.48092	.063238	.000000
10.48621	.063143	.000000
10.49151	.063172	.000000
10.49682	.063471	.000000
10.50213	.063609	.000000
10.50745	.063596	.000000
10.51278	.063830	.000000
10.51811	.064002	.000000
10.52345	.064287	.000000
10.52879	.064204	.000000
10.53414	.064048	.000000
10.53949	.064160	.000000
10.54485	.064187	.000000
10.55021	.064206	.000000
10.55558	.064225	.000000
10.56096	.064070	.000000
10.56634	.064206	.000000
10.57172	.064307	.000000
10.57711	.064261	.000000
10.58251	.064748	.000000
10.58791	.064925	.000000
10.59332	.064966	.000000
10.59873	.065296	.000000
10.60415	.065337	.000000
10.60958	.065248	.000000
10.61501	.065057	.000000
10.62044	.064726	.000000
10.62588	.064724	.000000
10.63133	.065039	.000000
10.63678	.065179	.000000
10.64224	.065497	.000000
10.64771	.065602	.000000
10.65317	.065605	.000000
10.65865	.065559	.000000
10.66413	.065844	.000000
10.66961	.065899	.000000
10.6751	.065511	.000000
10.68059	.065468	.000000
10.68609	.065529	.000000
10.6916	.065557	.000000
10.69712	.065983	.000000
10.70264	.066232	.000000
10.70816	.066108	.000000
10.71369	.066029	.000000
10.71923	.066208	.000000
10.72477	.066501	.000000
10.73032	.067006	.000000
10.73588	.067093	.000000
10.74144	.066959	.000000
10.747	.067121	.000000
10.75257	.067481	.000000
10.75815	.067735	.000000
10.76373	.067553	.000000
10.76932	.067335	.000000
10.77492	.067754	.000000
10.78052	.068067	.000000
10.78612	.068266	.000000
10.79174	.068492	.000000
10.79736	.068364	.000000
10.80298	.068000	.000000
10.80861	.067931	.000000
10.81424	.068141	.000000
10.81988	.068323	.000000
10.82553	.068668	.000000
10.83118	.068757	.000000
10.83685	.068487	.000000
10.84251	.068529	.000000
10.84818	.068443	.000000
10.85386	.068173	.000000
10.85954	.068127	.000000
10.86523	.067986	.000000
10.87092	.067759	.000000
10.87663	.067698	.000000
10.88233	.067876	.000000
10.88805	.067893	.000000
10.89376	.067790	.000000
10.89949	.067907	.000000
10.90522	.067785	.000000
10.91096	.067612	.000000
10.91669	.067553	.000000
10.92244	.067868	.000000
10.92819	.067801	.000000
10.93395	.067294	.000000
10.93972	.067222	.000000
10.94549	.067335	.000000
10.95127	.067145	.000000
10.95706	.067212	.000000
10.96285	.067581	.000000
10.96865	.067674	.000000
10.97445	.067313	.000000
10.98026	.067002	.000000
10.98608	.066996	.000000
10.9919	.067140	.000000
10.99773	.067135	.000000
11.00356	.067210	.000000
11.0094	.067456	.000000
11.01525	.067536	.000000
11.0211	.067421	.000000
11.02696	.067509	.000000
11.03283	.067598	.000000
11.0387	.067806	.000000
11.04458	.067787	.000000
11.05046	.067962	.000000
11.05635	.068067	.000000
11.06225	.068122	.000000
11.06815	.068046	.000000
11.07406	.068233	.000000
11.07998	.068407	.000000
11.0859	.068503	.000000
11.09183	.068877	.000000
11.09776	.068954	.000000
11.10371	.068851	.000000
11.10965	.068740	.000000
11.11561	.069068	.000000
11.12156	.069083	.000000
11.12752	.069080	.000000
11.1335	.069262	.000000
11.13947	.069646	.000000
11.14546	.069928	.000000
11.15145	.069940	.000000
11.15745	.069935	.000000
11.16346	.069993	.000000
11.16947	.070116	.000000
11.17549	.070292	.000000
11.18151	.070520	.000000
11.18754	.070865	.000000
11.19358	.070887	.000000
11.19963	.071146	.000000
11.20568	.071677	.000000
11.21174	.071958	.000000
11.2178	.072312	.000000
11.22387	.072717	.000000
11.22995	.072942	.000000
11.23603	.073284	.000000
11.24212	.073505	.000000
11.24822	.073782	.000000
11.25432	.074350	.000000
11.26043	.074679	.000000
11.26655	.075186	.000000
11.27267	.076099	.000000
11.2788	.076688	.000000
11.28494	.076918	.000000
11.29108	.077297	.000000
11.29723	.077594	.000000
11.30339	.077840	.000000
11.30955	.078310	.000000
11.31572	.079124	.000000
11.3219	.080056	.000000
11.32808	.080765	.000000
11.33427	.081201	.000000
11.34047	.081570	.000000
11.34667	.081773	.000000
11.35288	.082190	.000000
11.3591	.082870	.000000
11.36533	.083618	.000000
11.37156	.084121	.000000
11.37779	.084726	.000000
11.38403	.085052	.000000
11.39028	.085486	.000000
11.39654	.086161	.000000
11.4028	.086854	.000000
11.40908	.087237	.000000
11.41536	.087656	.000000
11.42164	.088406	.000000
11.42794	.088981	.000000
11.43424	.089532	.000000
11.44054	.090131	.000000
11.44686	.090621	.000000
11.45318	.090880	.000000
11.45951	.091726	.000000
11.46584	.092542	.000000
11.47218	.093180	.000000
11.47853	.093616	.000000
11.48489	.093718	.000000
11.49125	.094324	.000000
11.49762	.094962	.000000
11.504	.095499	.000000
11.51038	.096047	.000000
11.51678	.096535	.000000
11.52317	.096789	.000000
11.52958	.097190	.000000
11.53599	.097870	.000000
11.54241	.098215	.000000
11.54884	.098759	.000000
11.55527	.099535	.000000
11.56171	.099994	.000000
11.56816	.100378	.000000
11.57462	.100583	.000000
11.58108	.101190	.000000
11.58755	.102080	.000000
11.59403	.102531	.000000
11.6005	.102778	.000000
11.60699	.103398	.000000
11.61349	.104455	.000000
11.62	.105146	.000000
11.62651	.105539	.000000
11.63303	.105456	.000000
11.63956	.105793	.000000
11.6461	.106462	.000000
11.65264	.107101	.000000
11.65919	.108191	.000000
11.66575	.108936	.000000
11.67231	.108929	.000000
11.67889	.109139	.000000
11.68546	.109777	.000000
11.69205	.110826	.000000
11.69865	.111489	.000000
11.70525	.111829	.000000
11.71186	.112126	.000000
11.71848	.112297	.000000
11.7251	.112708	.000000
11.73173	.113413	.000000
11.73838	.113873	.000000
11.74502	.114586	.000000
11.75168	.115034	.000000
11.75834	.115497	.000000
11.76501	.115933	.000000
11.77168	.116065	.000000
11.77837	.116483	.000000
11.78506	.116864	.000000
11.79176	.116913	.000000
11.79847	.117058	.000000
11.80519	.117727	.000000
11.81191	.118524	.000000
11.81864	.118532	.000000
11.82538	.118622	.000000
11.83213	.119149	.000000
11.83888	.119804	.000000
11.84564	.119794	.000000
11.85241	.120052	.000000
11.85919	.120738	.000000
11.86597	.121372	.000000
11.87276	.122052	.000000
11.87955	.122695	.000000
11.88636	.123284	.000000
11.89317	.123581	.000000
11.9	.123675	.000000
11.90683	.124237	.000000
11.91367	.124762	.000000
11.92051	.124917	.000000
11.92737	.125049	.000000
11.93423	.125832	.000000
11.9411	.126261	.000000
11.94798	.126748	.000000
11.95487	.127543	.000000
11.96176	.128288	.000000
11.96867	.128935	.000000
11.97558	.129394	.000000
11.9825	.130039	.000000
11.98942	.130407	.000000
11.99636	.130647	.000000
12.0033	.131069	.000000
12.01025	.131725	.000000
12.01721	.132225	.000000
12.02418	.132554	.000000
12.03115	.133007	.000000
12.03813	.133196	.000000
12.04513	.133363	.000000
12.05212	.134055	.000000
12.05913	.134877	.000000
12.06615	.135536	.000000
12.07317	.136281	.000000
12.0802	.136760	.000000
12.08724	.136683	.000000
12.09429	.137136	.000000
12.10135	.137754	.000000
12.10841	.138091	.000000
12.11548	.138545	.000000
12.12255	.139138	.000000
12.12964	.139666	.000000
12.13674	.140101	.000000
12.14385	.140128	.000000
12.15096	.140178	.000000
12.15808	.140473	.000000
12.16521	.140513	.000000
12.17236	.140520	.000000
12.1795	.140966	.000000
12.18666	.141165	.000000
12.19382	.140865	.000000
12.201	.140813	.000000
12.20818	.141294	.000000
12.21537	.141766	.000000
12.22257	.141490	.000000
12.22977	.141369	.000000
12.23699	.141333	.000000
12.24421	.141120	.000000
12.25145	.141112	.000000
12.25869	.141047	.000000
12.26594	.140815	.000000
12.2732	.140573	.000000
12.28046	.140384	.000000
12.28774	.139994	.000000
12.29502	.139682	.000000
12.30231	.139658	.000000
12.30962	.139534	.000000
12.31692	.139145	.000000
12.32425	.138578	.000000
12.33157	.137624	.000000
12.33891	.137272	.000000
12.34625	.137164	.000000
12.35361	.136834	.000000
12.36097	.136094	.000000
12.36834	.135061	.000000
12.37572	.134395	.000000
12.38311	.134099	.000000
12.39051	.133785	.000000
12.39791	.133249	.000000
12.40533	.132194	.000000
12.41275	.131406	.000000
12.42018	.130601	.000000
12.42761	.129359	.000000
12.43506	.128290	.000000
12.44252	.127705	.000000
12.44999	.127564	.000000
12.45747	.126268	.000000
12.46496	.124609	.000000
12.47245	.123463	.000000
12.47996	.122233	.000000
12.48747	.121003	.000000
12.49499	.120158	.000000
12.50253	.119341	.000000
12.51007	.117480	.000000
12.51762	.116313	.000000
12.52517	.115631	.000000
12.53275	.114160	.000000
12.54032	.112694	.000000
12.54791	.111482	.000000
12.5555	.110201	.000000
12.56311	.109022	.000000
12.57072	.107959	.000000
12.57835	.106601	.000000
12.58598	.104819	.000000
12.59362	.103398	.000000
12.60128	.102438	.000000
12.60894	.101271	.000000
12.6166	.099578	.000000
12.62428	.098071	.000000
12.63197	.096842	.000000
12.63967	.095566	.000000
12.64738	.094279	.000000
12.6551	.092490	.000000
12.66282	.090900	.000000
12.67056	.089654	.000000
12.6783	.087864	.000000
12.68606	.086113	.000000
12.69381	.084259	.000000
12.70158	.082446	.000000
12.70936	.081083	.000000
12.71716	.079567	.000000
12.72496	.077306	.000000
12.73277	.075263	.000000
12.74059	.073289	.000000
12.74842	.071043	.000000
12.75626	.069177	.000000
12.76411	.067178	.000000
12.77197	.065639	.000000
12.77984	.064175	.000000
12.78772	.062254	.000000
12.79561	.060323	.000000
12.80351	.058467	.000000
12.81142	.056697	.000000
12.81934	.055121	.000000
12.82727	.053847	.000000
12.8352	.052541	.000000
12.84315	.050967	.000000
12.85111	.049686	.000000
12.85908	.048902	.000000
12.86706	.048138	.000000
12.87504	.047506	.000000
12.88304	.046730	.000000
12.89105	.045963	.000000
12.89906	.045643	.000000
12.90709	.045338	.000000
12.91513	.044706	.000000
12.92318	.044189	.000000
12.93123	.043909	.000000
12.9393	.043686	.000000
12.94738	.043379	.000000
12.95546	.043031	.000000
12.96356	.042922	.000000
12.97167	.042919	.000000
12.97979	.042874	.000000
12.98792	.042881	.000000
12.99605	.042727	.000000
13.0042	.042177	.000000
13.01236	.041868	.000000
13.02053	.041930	.000000
13.02869	.042059	.000000
13.03688	.042105	.000000
13.04508	.041707	.000000
13.05329	.041307	.000000
13.06151	.041197	.000000
13.06974	.041099	.000000
13.07798	.040656	.000000
13.08624	.040351	.000000
13.0945	.040495	.000000
13.10277	.040234	.000000
13.11105	.039448	.000000
13.11934	.039333	.000000
13.12765	.040037	.000000
13.13596	.040150	.000000
13.14429	.040210	.000000
13.15262	.040262	.000000
13.16097	.040377	.000000
13.16933	.040644	.000000
13.17769	.040723	.000000
13.18607	.040941	.000000
13.19446	.041219	.000000
13.20286	.040924	.000000
13.21127	.041199	.000000
13.21969	.041357	.000000
13.22812	.041067	.000000
13.23656	.041190	.000000
13.24501	.041254	.000000
13.25348	.041317	.000000
13.26195	.041961	.000000
13.27044	.042426	.000000
13.27893	.042598	.000000
13.28744	.043073	.000000
13.29596	.043300	.000000
13.30449	.043067	.000000
13.31303	.043175	.000000
13.32156	.043252	.000000
13.33012	.043765	.000000
13.3387	.044572	.000000
13.34728	.044764	.000000
13.35587	.044596	.000000
13.36448	.044543	.000000
13.3731	.044986	.000000
13.38173	.045147	.000000
13.39037	.044974	.000000
13.39902	.045149	.000000
13.40768	.045096	.000000
13.41635	.045209	.000000
13.42503	.045327	.000000
13.43373	.045255	.000000
13.44244	.044742	.000000
13.45115	.044526	.000000
13.45988	.044256	.000000
13.46862	.044049	.000000
13.47738	.044150	.000000
13.48614	.043825	.000000
13.49491	.043511	.000000
13.5037	.042962	.000000
13.5125	.042392	.000000
13.52131	.041740	.000000
13.53013	.041283	.000000
13.53896	.041436	.000000
13.5478	.041019	.000000
13.55666	.040222	.000000
13.56553	.040122	.000000
13.5744	.039978	.000000
13.58329	.039487	.000000
13.59219	.039108	.000000
13.60111	.039048	.000000
13.61003	.039492	.000000
13.61897	.039317	.000000
13.6279	.038929	.000000
13.63686	.038984	.000000
13.64583	.038986	.000000
13.65482	.039056	.000000
13.66381	.038868	.000000
13.67282	.039134	.000000
13.68184	.039355	.000000
13.69087	.038933	.000000
13.69991	.038811	.000000
13.70897	.038826	.000000
13.71804	.038883	.000000
13.72711	.039417	.000000
13.73621	.039681	.000000
13.74531	.039968	.000000
13.75443	.040449	.000000
13.76355	.040449	.000000
13.77269	.040370	.000000
13.78184	.040807	.000000
13.79101	.041333	.000000
13.80018	.041855	.000000
13.80937	.042236	.000000
13.81857	.042376	.000000
13.82779	.042443	.000000
13.83701	.042958	.000000
13.84625	.043616	.000000
13.8555	.044315	.000000
13.86476	.044500	.000000
13.87403	.044637	.000000
13.88332	.044902	.000000
13.89262	.045001	.000000
13.90193	.045144	.000000
13.91126	.045190	.000000
13.92059	.045552	.000000
13.92994	.045872	.000000
13.9393	.046222	.000000
13.94868	.046536	.000000
13.95807	.046703	.000000
13.96747	.047168	.000000
13.97688	.047075	.000000
13.9863	.047063	.000000
13.99574	.046800	.000000
14.00519	.046563	.000000
14.01464	.046366	.000000
14.02411	.046258	.000000
14.0336	.046023	.000000
14.0431	.045734	.000000
14.05262	.045616	.000000
14.06214	.045111	.000000
14.07168	.044742	.000000
14.08124	.044589	.000000
14.09081	.044098	.000000
14.10039	.043832	.000000
14.10998	.043233	.000000
14.11958	.042667	.000000
14.1292	.042418	.000000
14.13883	.042286	.000000
14.14848	.042387	.000000
14.15814	.041357	.000000
14.16781	.040071	.000000
14.17749	.039949	.000000
14.18719	.040009	.000000
14.1969	.039094	.000000
14.20663	.038370	.000000
14.21637	.038045	.000000
14.22612	.037726	.000000
14.23588	.037329	.000000
14.24566	.037491	.000000
14.25545	.037244	.000000
14.26525	.036054	.000000
14.27507	.035333	.000000
14.2849	.035206	.000000
14.29475	.034986	.000000
14.30461	.034487	.000000
14.31448	.033987	.000000
14.32437	.033975	.000000
14.33426	.034047	.000000
14.34418	.033364	.000000
14.35409	.033129	.000000
14.36403	.033324	.000000
14.37398	.033223	.000000
14.38395	.033086	.000000
14.39393	.032936	.000000
14.40393	.032475	.000000
14.41394	.032533	.000000
14.42396	.032675	.000000
14.434	.032083	.000000
14.44405	.031465	.000000
14.45412	.031300	.000000
14.4642	.031223	.000000
14.47429	.031304	.000000
14.4844	.030995	.000000
14.49452	.030902	.000000
14.50466	.030940	.000000
14.51481	.030912	.000000
14.52497	.030950	.000000
14.53515	.030961	.000000
14.54535	.030830	.000000
14.55555	.030701	.000000
14.56578	.030339	.000000
14.57601	.030198	.000000
14.58626	.030231	.000000
14.59653	.030099	.000000
14.60681	.030028	.000000
14.6171	.029975	.000000
14.62741	.029349	.000000
14.63774	.029247	.000000
14.64807	.029371	.000000
14.65843	.029206	.000000
14.66879	.029024	.000000
14.67917	.028782	.000000
14.68957	.028655	.000000
14.69998	.029352	.000000
14.71041	.029551	.000000
14.72085	.029367	.000000
14.73131	.029307	.000000
14.74178	.028696	.000000
14.75226	.028377	.000000
14.76276	.028578	.000000
14.77327	.029146	.000000
14.78379	.029297	.000000
14.79433	.028978	.000000
14.80489	.028559	.000000
14.81547	.028744	.000000
14.82606	.028746	.000000
14.83666	.028973	.000000
14.84728	.029747	.000000
14.85792	.029707	.000000
14.86857	.029266	.000000
14.87924	.029227	.000000
14.88992	.029884	.000000
14.90062	.030020	.000000
14.91133	.030509	.000000
14.92205	.031009	.000000
14.9328	.031228	.000000
14.94356	.031182	.000000
14.95433	.031268	.000000
14.96512	.031587	.000000
14.97593	.032136	.000000
14.98675	.032742	.000000
14.99759	.032533	.000000
15.00844	.032651	.000000
15.01931	.033223	.000000
15.03019	.033805	.000000
15.04109	.034191	.000000
15.05201	.034193	.000000
15.06294	.034512	.000000
15.07388	.035288	.000000
15.08485	.036438	.000000
15.09583	.037180	.000000
15.10683	.036445	.000000
15.11784	.036361	.000000
15.12886	.037295	.000000
15.13991	.038128	.000000
15.15096	.038526	.000000
15.16202	.039254	.000000
15.17311	.039853	.000000
15.18422	.040322	.000000
15.19534	.040634	.000000
15.20648	.040698	.000000
15.21764	.040876	.000000
15.22881	.041522	.000000
15.24001	.041328	.000000
15.25121	.041532	.000000
15.26243	.042498	.000000
15.27367	.043393	.000000
15.28493	.044294	.000000
15.2962	.044890	.000000
15.30749	.044505	.000000
15.3188	.044685	.000000
15.33012	.046275	.000000
15.34146	.046833	.000000
15.35281	.046455	.000000
15.36419	.046857	.000000
15.37558	.047178	.000000
15.38698	.047185	.000000
15.39841	.047595	.000000
15.40985	.048512	.000000
15.42131	.049140	.000000
15.43278	.049672	.000000
15.44427	.050263	.000000
15.45578	.050433	.000000
15.46731	.050481	.000000
15.47885	.050812	.000000
15.49041	.051755	.000000
15.50199	.051700	.000000
15.51358	.051581	.000000
15.5252	.051827	.000000
15.53683	.051647	.000000
15.54847	.051502	.000000
15.56014	.051923	.000000
15.57182	.052744	.000000
15.58352	.053221	.000000
15.59524	.052860	.000000
15.60697	.053205	.000000
15.61872	.053739	.000000
15.63049	.053782	.000000
15.64226	.053842	.000000
15.65407	.053612	.000000
15.66589	.053161	.000000
15.67773	.053202	.000000
15.68959	.053006	.000000
15.70147	.053185	.000000
15.71336	.053008	.000000
15.72528	.052450	.000000
15.73721	.052682	.000000
15.74916	.052649	.000000
15.76113	.052611	.000000
15.77311	.053145	.000000
15.78512	.053514	.000000
15.79714	.053147	.000000
15.80918	.052996	.000000
15.82124	.052811	.000000
15.83332	.053029	.000000
15.84542	.053633	.000000
15.85753	.054000	.000000
15.86966	.054295	.000000
15.88181	.054333	.000000
15.89399	.054265	.000000
15.90618	.054081	.000000
15.91838	.053911	.000000
15.93061	.054114	.000000
15.94285	.054515	.000000
15.95512	.054529	.000000
15.9674	.054074	.000000
15.97971	.054294	.000000
15.99203	.054141	.000000
16.00437	.053779	.000000
16.01673	.053698	.000000
16.0291	.054266	.000000
16.0415	.054407	.000000
16.05392	.053628	.000000
16.06633	.053054	.000000
16.07878	.052658	.000000
16.09126	.053121	.000000
16.10375	.053396	.000000
16.11626	.052223	.000000
16.1288	.051432	.000000
16.14135	.051363	.000000
16.15392	.051686	.000000
16.16651	.051489	.000000
16.17912	.050955	.000000
16.19175	.050641	.000000
16.2044	.050445	.000000
16.21707	.050565	.000000
16.22976	.051065	.000000
16.24248	.051154	.000000
16.25521	.051241	.000000
16.26795	.050927	.000000
16.28072	.050328	.000000
16.29351	.049123	.000000
16.30632	.048495	.000000
16.31915	.049013	.000000
16.33201	.049029	.000000
16.34488	.049109	.000000
16.35777	.049714	.000000
16.37068	.050107	.000000
16.38361	.049829	.000000
16.39656	.049382	.000000
16.40953	.049774	.000000
16.42253	.050385	.000000
16.43554	.051205	.000000
16.44857	.051442	.000000
16.46163	.050666	.000000
16.4747	.050155	.000000
16.4878	.051188	.000000
16.50092	.051993	.000000
16.51406	.051772	.000000
16.52722	.051696	.000000
16.5404	.051841	.000000
16.5536	.051993	.000000
16.56682	.052048	.000000
16.58006	.053066	.000000
16.59332	.053169	.000000
16.60659	.052392	.000000
16.61989	.052677	.000000
16.63322	.053585	.000000
16.64657	.053904	.000000
16.65994	.052838	.000000
16.67333	.052421	.000000
16.68675	.052975	.000000
16.70019	.053774	.000000
16.71364	.054227	.000000
16.72712	.054690	.000000
16.74062	.055001	.000000
16.75414	.055471	.000000
16.76769	.055660	.000000
16.78125	.055830	.000000
16.79485	.056654	.000000
16.80846	.057015	.000000
16.82209	.057174	.000000
16.83574	.057281	.000000
16.84942	.057622	.000000
16.86312	.058330	.000000
16.87684	.059260	.000000
16.89059	.060113	.000000
16.90435	.060244	.000000
16.91814	.060409	.000000
16.93195	.060513	.000000
16.94579	.060505	.000000
16.95964	.061264	.000000
16.97352	.062105	.000000
16.98743	.062010	.000000
17.00135	.061976	.000000
17.0153	.062316	.000000
17.02927	.062572	.000000
17.04326	.062726	.000000
17.05728	.062539	.000000
17.07131	.062735	.000000
17.08535	.063056	.000000
17.09944	.063020	.000000
17.11354	.062379	.000000
17.12768	.061665	.000000
17.14183	.061607	.000000
17.15601	.062357	.000000
17.17021	.062282	.000000
17.18444	.061708	.000000
17.19869	.061981	.000000
17.21296	.061870	.000000
17.22726	.060898	.000000
17.24158	.060733	.000000
17.25592	.061136	.000000
17.27029	.061193	.000000
17.28469	.060980	.000000
17.29911	.061071	.000000
17.31354	.060103	.000000
17.32801	.058264	.000000
17.3425	.057796	.000000
17.35701	.058661	.000000
17.37155	.058402	.000000
17.38611	.057027	.000000
17.4007	.055901	.000000
17.41531	.056117	.000000
17.42994	.056294	.000000
17.4446	.056388	.000000
17.45929	.056062	.000000
17.47399	.055569	.000000
17.48873	.056235	.000000
17.50349	.056551	.000000
17.51828	.056558	.000000
17.53308	.056081	.000000
17.54792	.055925	.000000
17.56278	.055985	.000000
17.57766	.056661	.000000
17.59257	.057676	.000000
17.60751	.058069	.000000
17.62247	.059171	.000000
17.63745	.060120	.000000
17.65246	.059902	.000000
17.6675	.058919	.000000
17.68256	.059006	.000000
17.69762	.059811	.000000
17.71273	.059954	.000000
17.72787	.060189	.000000
17.74304	.060553	.000000
17.75823	.061320	.000000
17.77345	.061768	.000000
17.78869	.061255	.000000
17.80396	.060637	.000000
17.81926	.060165	.000000
17.83458	.060663	.000000
17.84993	.061512	.000000
17.8653	.061365	.000000
17.8807	.062233	.000000
17.89613	.062043	.000000
17.91159	.061246	.000000
17.92707	.061157	.000000
17.94258	.061844	.000000
17.95811	.062618	.000000
17.97367	.062671	.000000
17.98926	.062630	.000000
18.00488	.062326	.000000
18.02053	.061684	.000000
18.0362	.062805	.000000
18.05189	.064391	.000000
18.06762	.064060	.000000
18.08337	.062848	.000000
18.09915	.062637	.000000
18.11496	.063040	.000000
18.1308	.062724	.000000
18.14666	.063123	.000000
18.16255	.062386	.000000
18.17847	.061679	.000000
18.19441	.062300	.000000
18.21039	.063880	.000000
18.22639	.064633	.000000
18.24239	.064245	.000000
18.25845	.063461	.000000
18.27454	.062817	.000000
18.29065	.063358	.000000
18.30679	.064299	.000000
18.32297	.065531	.000000
18.33917	.066192	.000000
18.3554	.065902	.000000
18.37166	.064946	.000000
18.38795	.064460	.000000
18.40426	.064457	.000000
18.42061	.064324	.000000
18.43698	.065099	.000000
18.45338	.066870	.000000
18.46982	.067227	.000000
18.48629	.066707	.000000
18.50278	.066843	.000000
18.51929	.066903	.000000
18.53585	.067085	.000000
18.55242	.067797	.000000
18.56903	.067871	.000000
18.58568	.068166	.000000
18.60235	.067596	.000000
18.61904	.067016	.000000
18.63577	.066553	.000000
18.65253	.066965	.000000
18.66932	.067610	.000000
18.68614	.068256	.000000
18.703	.068930	.000000
18.71988	.068755	.000000
18.73679	.068654	.000000
18.75373	.069536	.000000
18.7707	.070041	.000000
18.7877	.069765	.000000
18.80473	.068765	.000000
18.8218	.068434	.000000
18.8389	.069351	.000000
18.85603	.070319	.000000
18.87318	.070992	.000000
18.89037	.071989	.000000
18.90759	.071579	.000000
18.92484	.070177	.000000
18.9421	.070099	.000000
18.95941	.070336	.000000
18.97676	.070209	.000000
18.99413	.070908	.000000
19.01154	.072019	.000000
19.02898	.071765	.000000
19.04646	.069989	.000000
19.06397	.069291	.000000
19.08151	.070578	.000000
19.09908	.072082	.000000
19.11668	.071619	.000000
19.13432	.071066	.000000
19.15198	.072396	.000000
19.16969	.072853	.000000
19.18742	.073557	.000000
19.20519	.073699	.000000
19.22299	.073522	.000000
19.24082	.074439	.000000
19.25869	.072705	.000000
19.27658	.070613	.000000
19.29452	.071464	.000000
19.31249	.073033	.000000
19.33049	.073876	.000000
19.34852	.074970	.000000
19.36658	.075366	.000000
19.38468	.074865	.000000
19.40282	.073922	.000000
19.42098	.073608	.000000
19.43919	.075038	.000000
19.45742	.075838	.000000
19.4757	.074794	.000000
19.494	.074484	.000000
19.51234	.074894	.000000
19.53071	.076041	.000000
19.54912	.077150	.000000
19.56753	.076479	.000000
19.58601	.074564	.000000
19.60452	.074079	.000000
19.62307	.076212	.000000
19.64165	.077792	.000000
19.66027	.078109	.000000
19.67892	.078501	.000000
19.69762	.079840	.000000
19.71634	.080171	.000000
19.7351	.080628	.000000
19.75389	.080638	.000000
19.77272	.080635	.000000
19.79159	.081363	.000000
19.81049	.082839	.000000
19.82944	.081757	.000000
19.84841	.079484	.000000
19.86743	.078125	.000000
19.88647	.076858	.000000
19.90556	.077493	.000000
19.92468	.077474	.000000
19.94384	.075529	.000000
19.96304	.074743	.000000
19.98227	.074420	.000000
20.00154	.073320	.000000
20.02085	.073198	.000000
20.04019	.071871	.000000
20.05957	.070817	.000000
20.07899	.070673	.000000
20.09846	.069184	.000000
20.11795	.067008	.000000
20.13748	.066005	.000000
20.15705	.064953	.000000
20.17666	.063476	.000000
20.1963	.062530	.000000
20.21599	.061950	.000000
20.23568	.060905	.000000
20.25544	.058297	.000000
20.27524	.056390	.000000
20.29508	.056246	.000000
20.31495	.053679	.000000
20.33487	.051569	.000000
20.35483	.052218	.000000
20.37483	.052738	.000000
20.39486	.052115	.000000
20.41494	.051667	.000000
20.43505	.050606	.000000
20.4552	.050654	.000000
20.47539	.050804	.000000
20.49563	.050440	.000000
20.51591	.050764	.000000
20.53622	.050965	.000000
20.55657	.050555	.000000
20.57696	.051720	.000000
20.5974	.051875	.000000
20.61787	.052419	.000000
20.63839	.052477	.000000
20.65895	.052352	.000000
20.67955	.052783	.000000
20.70019	.050984	.000000
20.72087	.051466	.000000
20.74159	.052539	.000000
20.76235	.053027	.000000
20.78315	.053150	.000000
20.804	.052917	.000000
20.82489	.052764	.000000
20.84582	.054424	.000000
20.86679	.053604	.000000
20.88781	.053490	.000000
20.90886	.055277	.000000
20.92996	.055583	.000000
20.95111	.055813	.000000
20.97229	.055916	.000000
20.99352	.054666	.000000
21.01479	.055289	.000000
21.0361	.056234	.000000
21.05746	.055487	.000000
21.07886	.055921	.000000
21.10027	.054639	.000000
21.12175	.051932	.000000
21.14328	.051008	.000000
21.16486	.052977	.000000
21.18647	.055878	.000000
21.20814	.057588	.000000
21.22985	.057087	.000000
21.25161	.055441	.000000
21.2734	.051619	.000000
21.29524	.051310	.000000
21.31713	.052903	.000000
21.33906	.056252	.000000
21.36104	.059126	.000000
21.38306	.059125	.000000
21.40513	.058314	.000000
21.42724	.059415	.000000
21.4494	.059537	.000000
21.47161	.057307	.000000
21.49386	.055816	.000000
21.51615	.055288	.000000
21.53849	.055197	.000000
21.56089	.059051	.000000
21.58333	.062718	.000000
21.60581	.062774	.000000
21.62834	.062122	.000000
21.65092	.060620	.000000
21.67354	.058546	.000000
21.69621	.058034	.000000
21.71894	.059327	.000000
21.7417	.058985	.000000
21.76452	.056889	.000000
21.78738	.056630	.000000
21.81029	.056544	.000000
21.83324	.058009	.000000
21.85625	.059377	.000000
21.87927	.057624	.000000
21.90237	.057126	.000000
21.92552	.058822	.000000
21.94872	.059892	.000000
21.97197	.059718	.000000
21.99527	.059701	.000000
22.01862	.059322	.000000
22.04203	.058913	.000000
22.06548	.057107	.000000
22.08898	.057427	.000000
22.11253	.059353	.000000
22.13613	.060381	.000000
22.15978	.059854	.000000
22.18347	.055930	.000000
22.20723	.054979	.000000
22.23104	.057895	.000000
22.25489	.057682	.000000
22.27879	.056582	.000000
22.30275	.054503	.000000
22.32675	.054606	.000000
22.35081	.055750	.000000
22.37493	.054647	.000000
22.3991	.054261	.000000
22.42331	.054604	.000000
22.44758	.055545	.000000
22.4719	.056060	.000000
22.49627	.058773	.000000
22.5207	.055573	.000000
22.54518	.048821	.000000
22.56972	.047132	.000000
22.5943	.052163	.000000
22.61894	.054968	.000000
22.64363	.053035	.000000
22.66838	.052429	.000000
22.69318	.050103	.000000
22.71804	.049966	.000000
22.74296	.051314	.000000
22.76792	.052193	.000000
22.79294	.051422	.000000
22.81801	.051520	.000000
22.84314	.051142	.000000
22.86833	.049743	.000000
22.89353	.050951	.000000
22.91882	.049370	.000000
22.94418	.047569	.000000
22.96958	.045990	.000000
22.99505	.045618	.000000
23.02057	.048282	.000000
23.04615	.049477	.000000
23.07179	.052936	.000000
23.09748	.054517	.000000
23.12323	.053830	.000000
23.14904	.055902	.000000
23.17491	.056900	.000000
23.20083	.057260	.000000
23.22681	.056539	.000000
23.25286	.057734	.000000
23.27895	.059118	.000000
23.30511	.060129	.000000
23.33132	.061567	.000000
23.3576	.061579	.000000
23.38393	.063557	.000000
23.41032	.065583	.000000
23.43679	.063059	.000000
23.4633	.060781	.000000
23.48987	.060558	.000000
23.5165	.062551	.000000
23.54319	.065353	.000000
23.56995	.063119	.000000
23.59676	.058064	.000000
23.62365	.055866	.000000
23.65058	.055142	.000000
23.67758	.053638	.000000
23.70464	.057185	.000000
23.73176	.056544	.000000
23.75895	.052544	.000000
23.78619	.052136	.000000
23.81345	.056867	.000000
23.84082	.062106	.000000
23.86826	.067615	.000000
23.89576	.069672	.000000
23.92332	.064201	.000000
23.95094	.065176	.000000
23.97863	.067339	.000000
24.00639	.064611	.000000
24.03421	.063427	.000000
24.06209	.059902	.000000
24.09004	.051233	.000000
24.11805	.046512	.000000
24.14613	.050242	.000000
24.17427	.060251	.000000
24.20249	.066067	.000000
24.23076	.060046	.000000
24.2591	.059028	.000000
24.28751	.057301	.000000
24.31598	.053707	.000000
24.34452	.053269	.000000
24.37312	.058081	.000000
24.40181	.063322	.000000
24.43055	.067066	.000000
24.45936	.063485	.000000
24.48824	.059161	.000000
24.51718	.061780	.000000
24.5462	.062958	.000000
24.57528	.064170	.000000
24.60444	.066927	.000000
24.63366	.064062	.000000
24.66295	.063802	.000000
24.69231	.055724	.000000
24.72174	.057600	.000000
24.75124	.059775	.000000
24.78081	.060544	.000000
24.81047	.064357	.000000
24.84018	.063133	.000000
24.86996	.062096	.000000
24.89982	.058996	.000000
24.92975	.061528	.000000
24.95975	.064716	.000000
24.98982	.058422	.000000
