Brown University Keck/NASA Relab Spectrum KW-JFM-001-B/BKR0KW001B
Wavelength(micron)	Reflectance	Standard Deviation
0.3	.157154	.003561
0.305	.165631	.002911
0.31	.177090	.002540
0.315	.191878	.002330
0.32	.207575	.002059
0.325	.226434	.001964
0.33	.245379	.001965
0.335	.267838	.001957
0.34	.290055	.002108
0.345	.313107	.002311
0.35	.333747	.001921
0.355	.356475	.002263
0.36	.376786	.003123
0.365	.399823	.002590
0.37	.418350	.002438
0.375	.436808	.002369
0.38	.452244	.002418
0.385	.467857	.002548
0.39	.484641	.002474
0.395	.501684	.003427
0.4	.515249	.003389
0.405	.528207	.003943
0.41	.538801	.003449
0.415	.552715	.003242
0.42	.564098	.003111
0.425	.576520	.002977
0.43	.586920	.004023
0.435	.598662	.003738
0.44	.606886	.003582
0.445	.616476	.003570
0.45	.622483	.003228
0.455	.626913	.002961
0.46	.631677	.003149
0.465	.639349	.004118
0.47	.645837	.003934
0.475	.653665	.003798
0.48	.660036	.003735
0.485	.670165	.003662
0.49	.676736	.003517
0.495	.682431	.003441
0.5	.688469	.003330
0.505	.697585	.003250
0.51	.706417	.003244
0.515	.714663	.003326
0.52	.720223	.003447
0.525	.726619	.003397
0.53	.730798	.003563
0.535	.737584	.003527
0.54	.741956	.003644
0.545	.747770	.003480
0.55	.752291	.003463
0.555	.758132	.003493
0.56	.761972	.003560
0.565	.766532	.003616
0.57	.768942	.003650
0.575	.772135	.003447
0.58	.774334	.003566
0.585	.776347	.003835
0.59	.777895	.003803
0.595	.779499	.003686
0.6	.780211	.003719
0.605	.781253	.003796
0.61	.781212	.003853
0.615	.782027	.003740
0.62	.780944	.003712
0.625	.780122	.003682
0.63	.779127	.003975
0.635	.778846	.003919
0.64	.778570	.003943
0.645	.779318	.003746
0.65	.780232	.003973
0.655	.782310	.004003
0.66	.783865	.004016
0.665	.785779	.003970
0.67	.786498	.004246
0.675	.787239	.004046
0.68	.787338	.003925
0.685	.788560	.004212
0.69	.787614	.004066
0.695	.786466	.004097
0.7	.785900	.004098
0.705	.784747	.003930
0.71	.783308	.004085
0.715	.782139	.004108
0.72	.780418	.004183
0.725	.778577	.004306
0.73	.776099	.004274
0.735	.773257	.004794
0.74	.770942	.004595
0.745	.768025	.004554
0.75	.763981	.004669
0.755	.761022	.004798
0.76	.754841	.003892
0.765	.752346	.003958
0.77	.747438	.004272
0.775	.743951	.003976
0.78	.738636	.004169
0.785	.735128	.004205
0.79	.730651	.004270
0.795	.726587	.004346
0.8	.722757	.004324
0.805	.719106	.004435
0.81	.715599	.004417
0.815	.712210	.004496
0.82	.708388	.004495
0.825	.705832	.004471
0.83	.702052	.004767
0.835	.700005	.004790
0.84	.696356	.004052
0.845	.694809	.003939
0.85	.692605	.003847
0.855	.690590	.003759
0.86	.687380	.004050
0.865	.686583	.004187
0.87	.684115	.003926
0.875	.682086	.003819
0.88	.679779	.003693
0.885	.678022	.004149
0.89	.674949	.003689
0.895	.672972	.003597
0.89909	.671318	.000000
0.89924	.670979	.000000
0.8994	.670840	.000000
0.89956	.670688	.000000
0.89971	.670417	.000000
0.89987	.670431	.000000
0.90002	.670103	.000000
0.90018	.668802	.000000
0.90034	.668836	.000000
0.90049	.669991	.000000
0.90065	.670122	.000000
0.90081	.669369	.000000
0.90096	.669599	.000000
0.90112	.670285	.000000
0.90128	.670417	.000000
0.90143	.669994	.000000
0.90159	.669584	.000000
0.90175	.668840	.000000
0.9019	.668755	.000000
0.90206	.668482	.000000
0.90222	.667948	.000000
0.90237	.668060	.000000
0.90253	.668708	.000000
0.90269	.668932	.000000
0.90284	.668648	.000000
0.903	.668674	.000000
0.90316	.668249	.000000
0.90332	.668312	.000000
0.90347	.668676	.000000
0.90363	.668092	.000000
0.90379	.667975	.000000
0.90395	.668777	.000000
0.9041	.668688	.000000
0.90426	.668632	.000000
0.90442	.668797	.000000
0.90458	.667967	.000000
0.90474	.667236	.000000
0.90489	.667364	.000000
0.90505	.667500	.000000
0.90521	.667725	.000000
0.90537	.667489	.000000
0.90553	.666884	.000000
0.90568	.666345	.000000
0.90584	.666165	.000000
0.906	.666067	.000000
0.90616	.666139	.000000
0.90632	.665836	.000000
0.90648	.665578	.000000
0.90663	.665856	.000000
0.90679	.666091	.000000
0.90695	.666076	.000000
0.90711	.667057	.000000
0.90727	.667281	.000000
0.90743	.666459	.000000
0.90759	.665411	.000000
0.90774	.664539	.000000
0.9079	.664647	.000000
0.90806	.664600	.000000
0.90822	.664626	.000000
0.90838	.664402	.000000
0.90854	.664476	.000000
0.9087	.664839	.000000
0.90886	.665180	.000000
0.90902	.664617	.000000
0.90918	.663536	.000000
0.90934	.663645	.000000
0.9095	.664160	.000000
0.90966	.663518	.000000
0.90982	.663226	.000000
0.90998	.664093	.000000
0.91013	.664329	.000000
0.91029	.664020	.000000
0.91045	.663549	.000000
0.91061	.662985	.000000
0.91077	.663218	.000000
0.91093	.663388	.000000
0.91109	.663231	.000000
0.91125	.662758	.000000
0.91141	.661663	.000000
0.91158	.662070	.000000
0.91174	.663339	.000000
0.9119	.663274	.000000
0.91206	.662962	.000000
0.91222	.663058	.000000
0.91238	.662910	.000000
0.91254	.662532	.000000
0.9127	.662436	.000000
0.91286	.662382	.000000
0.91302	.661887	.000000
0.91318	.661450	.000000
0.91334	.661329	.000000
0.9135	.661356	.000000
0.91366	.660912	.000000
0.91382	.660650	.000000
0.91399	.661230	.000000
0.91415	.661197	.000000
0.91431	.660989	.000000
0.91447	.660834	.000000
0.91463	.661009	.000000
0.91479	.660493	.000000
0.91495	.659895	.000000
0.91511	.659830	.000000
0.91528	.659633	.000000
0.91544	.659586	.000000
0.9156	.659530	.000000
0.91576	.659286	.000000
0.91592	.658984	.000000
0.91608	.658419	.000000
0.91625	.658498	.000000
0.91641	.658843	.000000
0.91657	.658968	.000000
0.91673	.658220	.000000
0.91689	.657492	.000000
0.91706	.657765	.000000
0.91722	.658365	.000000
0.91738	.658818	.000000
0.91754	.658179	.000000
0.91771	.657268	.000000
0.91787	.657301	.000000
0.91803	.657619	.000000
0.91819	.657785	.000000
0.91836	.657183	.000000
0.91852	.657070	.000000
0.91868	.656949	.000000
0.91884	.656499	.000000
0.91901	.656949	.000000
0.91917	.657499	.000000
0.91933	.657100	.000000
0.9195	.656166	.000000
0.91966	.656204	.000000
0.91982	.657024	.000000
0.91999	.657380	.000000
0.92015	.656766	.000000
0.92031	.655083	.000000
0.92048	.654797	.000000
0.92064	.654658	.000000
0.9208	.655083	.000000
0.92097	.655482	.000000
0.92113	.655608	.000000
0.92129	.656085	.000000
0.92146	.655966	.000000
0.92162	.654837	.000000
0.92179	.654402	.000000
0.92195	.654593	.000000
0.92211	.654817	.000000
0.92228	.653975	.000000
0.92244	.653646	.000000
0.92261	.653926	.000000
0.92277	.653702	.000000
0.92293	.653441	.000000
0.9231	.653464	.000000
0.92326	.653547	.000000
0.92343	.653988	.000000
0.92359	.653912	.000000
0.92376	.653498	.000000
0.92392	.653085	.000000
0.92409	.652494	.000000
0.92425	.652030	.000000
0.92441	.651842	.000000
0.92458	.652051	.000000
0.92474	.652626	.000000
0.92491	.652895	.000000
0.92507	.652331	.000000
0.92524	.651529	.000000
0.9254	.651280	.000000
0.92557	.652088	.000000
0.92574	.651771	.000000
0.9259	.651101	.000000
0.92607	.651425	.000000
0.92623	.651006	.000000
0.9264	.650875	.000000
0.92656	.651130	.000000
0.92673	.651152	.000000
0.92689	.650388	.000000
0.92706	.649398	.000000
0.92723	.649774	.000000
0.92739	.650476	.000000
0.92756	.650290	.000000
0.92772	.650155	.000000
0.92789	.649989	.000000
0.92805	.649942	.000000
0.92822	.650032	.000000
0.92839	.649174	.000000
0.92855	.648944	.000000
0.92872	.648899	.000000
0.92889	.648818	.000000
0.92905	.648592	.000000
0.92922	.648079	.000000
0.92939	.647852	.000000
0.92955	.647743	.000000
0.92972	.647638	.000000
0.92989	.648209	.000000
0.93005	.648298	.000000
0.93022	.647729	.000000
0.93039	.647535	.000000
0.93055	.647684	.000000
0.93072	.647317	.000000
0.93089	.646887	.000000
0.93105	.646556	.000000
0.93122	.646182	.000000
0.93139	.646242	.000000
0.93156	.645763	.000000
0.93172	.645821	.000000
0.93189	.646018	.000000
0.93206	.645944	.000000
0.93223	.645744	.000000
0.93239	.645180	.000000
0.93256	.644613	.000000
0.93273	.645301	.000000
0.9329	.645474	.000000
0.93307	.644997	.000000
0.93323	.644817	.000000
0.9334	.644423	.000000
0.93357	.644374	.000000
0.93374	.644273	.000000
0.93391	.644306	.000000
0.93407	.644710	.000000
0.93424	.644190	.000000
0.93441	.643930	.000000
0.93458	.643999	.000000
0.93475	.643538	.000000
0.93492	.642830	.000000
0.93508	.642749	.000000
0.93525	.642814	.000000
0.93542	.642848	.000000
0.93559	.642445	.000000
0.93576	.642306	.000000
0.93593	.642281	.000000
0.9361	.642382	.000000
0.93627	.641853	.000000
0.93644	.641797	.000000
0.93661	.641800	.000000
0.93677	.641699	.000000
0.93694	.641656	.000000
0.93711	.641424	.000000
0.93728	.641258	.000000
0.93745	.641191	.000000
0.93762	.641311	.000000
0.93779	.641087	.000000
0.93796	.640854	.000000
0.93813	.640754	.000000
0.9383	.640294	.000000
0.93847	.639750	.000000
0.93864	.639589	.000000
0.93881	.639667	.000000
0.93898	.639670	.000000
0.93915	.639580	.000000
0.93932	.639490	.000000
0.93949	.639233	.000000
0.93966	.638805	.000000
0.93983	.638038	.000000
0.94	.638153	.000000
0.94017	.638809	.000000
0.94034	.638518	.000000
0.94051	.638030	.000000
0.94068	.638207	.000000
0.94085	.638247	.000000
0.94102	.637776	.000000
0.9412	.637300	.000000
0.94137	.637226	.000000
0.94154	.637319	.000000
0.94171	.636829	.000000
0.94188	.636240	.000000
0.94205	.636016	.000000
0.94222	.636276	.000000
0.94239	.636531	.000000
0.94256	.636132	.000000
0.94274	.635527	.000000
0.94291	.635169	.000000
0.94308	.635507	.000000
0.94325	.635489	.000000
0.94342	.635250	.000000
0.94359	.634934	.000000
0.94377	.634672	.000000
0.94394	.634170	.000000
0.94411	.633914	.000000
0.94428	.633823	.000000
0.94445	.633552	.000000
0.94463	.633749	.000000
0.9448	.633989	.000000
0.94497	.633556	.000000
0.94514	.633373	.000000
0.94531	.633366	.000000
0.94549	.632972	.000000
0.94566	.632611	.000000
0.94583	.632624	.000000
0.946	.632951	.000000
0.94618	.633393	.000000
0.94635	.633043	.000000
0.94652	.632225	.000000
0.94669	.632082	.000000
0.94687	.632169	.000000
0.94704	.631399	.000000
0.94721	.631041	.000000
0.94739	.631318	.000000
0.94756	.630978	.000000
0.94773	.630861	.000000
0.94791	.630994	.000000
0.94808	.630686	.000000
0.94825	.630051	.000000
0.94843	.629939	.000000
0.9486	.629873	.000000
0.94877	.629658	.000000
0.94895	.629560	.000000
0.94912	.629365	.000000
0.94929	.629239	.000000
0.94947	.629398	.000000
0.94964	.629255	.000000
0.94982	.629092	.000000
0.94999	.628888	.000000
0.95016	.628792	.000000
0.95034	.628559	.000000
0.95051	.627878	.000000
0.95069	.627575	.000000
0.95086	.627920	.000000
0.95104	.628404	.000000
0.95121	.628458	.000000
0.95139	.627721	.000000
0.95156	.627100	.000000
0.95173	.626901	.000000
0.95191	.626702	.000000
0.95208	.626746	.000000
0.95226	.627122	.000000
0.95243	.626547	.000000
0.95261	.625579	.000000
0.95278	.625752	.000000
0.95296	.625915	.000000
0.95313	.624997	.000000
0.95331	.624356	.000000
0.95348	.624813	.000000
0.95366	.625277	.000000
0.95384	.624882	.000000
0.95401	.624443	.000000
0.95419	.624314	.000000
0.95436	.623980	.000000
0.95454	.624085	.000000
0.95471	.624146	.000000
0.95489	.623491	.000000
0.95507	.623155	.000000
0.95524	.623207	.000000
0.95542	.622900	.000000
0.95559	.622728	.000000
0.95577	.622694	.000000
0.95595	.622403	.000000
0.95612	.622080	.000000
0.9563	.622127	.000000
0.95647	.622382	.000000
0.95665	.622613	.000000
0.95683	.622429	.000000
0.957	.621776	.000000
0.95718	.621045	.000000
0.95736	.621224	.000000
0.95753	.621305	.000000
0.95771	.620712	.000000
0.95789	.620750	.000000
0.95807	.620989	.000000
0.95824	.620508	.000000
0.95842	.620292	.000000
0.9586	.619990	.000000
0.95877	.619775	.000000
0.95895	.619412	.000000
0.95913	.618792	.000000
0.95931	.618574	.000000
0.95948	.618324	.000000
0.95966	.618377	.000000
0.95984	.619284	.000000
0.96002	.619621	.000000
0.96019	.618686	.000000
0.96037	.617315	.000000
0.96055	.617297	.000000
0.96073	.617727	.000000
0.96091	.617604	.000000
0.96108	.617307	.000000
0.96126	.616798	.000000
0.96144	.616475	.000000
0.96162	.616276	.000000
0.9618	.616388	.000000
0.96198	.616570	.000000
0.96215	.616572	.000000
0.96233	.615940	.000000
0.96251	.615553	.000000
0.96269	.615581	.000000
0.96287	.615479	.000000
0.96305	.615248	.000000
0.96323	.615055	.000000
0.96341	.614947	.000000
0.96359	.615040	.000000
0.96376	.615131	.000000
0.96394	.614390	.000000
0.96412	.613904	.000000
0.9643	.614040	.000000
0.96448	.614244	.000000
0.96466	.613781	.000000
0.96484	.613301	.000000
0.96502	.613525	.000000
0.9652	.613389	.000000
0.96538	.612708	.000000
0.96556	.611997	.000000
0.96574	.612065	.000000
0.96592	.612069	.000000
0.9661	.612297	.000000
0.96628	.612282	.000000
0.96646	.611840	.000000
0.96664	.611552	.000000
0.96682	.611135	.000000
0.967	.610756	.000000
0.96718	.610763	.000000
0.96736	.611137	.000000
0.96754	.610667	.000000
0.96772	.610149	.000000
0.9679	.609918	.000000
0.96808	.609820	.000000
0.96826	.609569	.000000
0.96844	.609291	.000000
0.96863	.609311	.000000
0.96881	.609083	.000000
0.96899	.608530	.000000
0.96917	.608252	.000000
0.96935	.608682	.000000
0.96953	.608787	.000000
0.96971	.608241	.000000
0.96989	.607667	.000000
0.97008	.607432	.000000
0.97026	.607306	.000000
0.97044	.607334	.000000
0.97062	.607244	.000000
0.9708	.607174	.000000
0.97098	.606924	.000000
0.97117	.606583	.000000
0.97135	.606520	.000000
0.97153	.606296	.000000
0.97171	.605828	.000000
0.97189	.605812	.000000
0.97208	.605880	.000000
0.97226	.605981	.000000
0.97244	.605804	.000000
0.97262	.605351	.000000
0.97281	.605494	.000000
0.97299	.605123	.000000
0.97317	.604511	.000000
0.97335	.604376	.000000
0.97354	.604462	.000000
0.97372	.604482	.000000
0.9739	.604312	.000000
0.97409	.603964	.000000
0.97427	.603369	.000000
0.97445	.602753	.000000
0.97463	.602611	.000000
0.97482	.602441	.000000
0.975	.602262	.000000
0.97518	.602450	.000000
0.97537	.602083	.000000
0.97555	.601850	.000000
0.97573	.602044	.000000
0.97592	.601780	.000000
0.9761	.601568	.000000
0.97629	.601655	.000000
0.97647	.600992	.000000
0.97665	.600373	.000000
0.97684	.600591	.000000
0.97702	.600739	.000000
0.97721	.600570	.000000
0.97739	.600477	.000000
0.97757	.600396	.000000
0.97776	.599973	.000000
0.97794	.599737	.000000
0.97813	.599686	.000000
0.97831	.599814	.000000
0.9785	.599569	.000000
0.97868	.599432	.000000
0.97887	.599052	.000000
0.97905	.598752	.000000
0.97924	.598617	.000000
0.97942	.598386	.000000
0.97961	.598055	.000000
0.97979	.597959	.000000
0.97998	.597699	.000000
0.98016	.597255	.000000
0.98035	.597244	.000000
0.98053	.597240	.000000
0.98072	.596926	.000000
0.9809	.596691	.000000
0.98109	.596424	.000000
0.98127	.596399	.000000
0.98146	.596464	.000000
0.98165	.596353	.000000
0.98183	.596045	.000000
0.98202	.595282	.000000
0.9822	.595194	.000000
0.98239	.595448	.000000
0.98258	.595452	.000000
0.98276	.595051	.000000
0.98295	.594309	.000000
0.98314	.594334	.000000
0.98332	.594189	.000000
0.98351	.593944	.000000
0.9837	.594012	.000000
0.98388	.593946	.000000
0.98407	.593778	.000000
0.98426	.593523	.000000
0.98444	.593198	.000000
0.98463	.592826	.000000
0.98482	.592472	.000000
0.985	.592289	.000000
0.98519	.592452	.000000
0.98538	.592343	.000000
0.98557	.592110	.000000
0.98575	.592074	.000000
0.98594	.591968	.000000
0.98613	.592040	.000000
0.98632	.591912	.000000
0.9865	.591462	.000000
0.98669	.591146	.000000
0.98688	.590681	.000000
0.98707	.590289	.000000
0.98725	.590253	.000000
0.98744	.589997	.000000
0.98763	.589816	.000000
0.98782	.589549	.000000
0.98801	.589502	.000000
0.98819	.589281	.000000
0.98838	.588852	.000000
0.98857	.588819	.000000
0.98876	.589092	.000000
0.98895	.589258	.000000
0.98914	.589144	.000000
0.98933	.588564	.000000
0.98952	.588230	.000000
0.9897	.588031	.000000
0.98989	.587670	.000000
0.99008	.587396	.000000
0.99027	.587500	.000000
0.99046	.587518	.000000
0.99065	.587228	.000000
0.99084	.586821	.000000
0.99103	.586501	.000000
0.99122	.586489	.000000
0.99141	.586624	.000000
0.9916	.586594	.000000
0.99179	.586478	.000000
0.99198	.586252	.000000
0.99217	.585689	.000000
0.99236	.585528	.000000
0.99255	.585526	.000000
0.99274	.585437	.000000
0.99293	.585065	.000000
0.99312	.584982	.000000
0.99331	.584717	.000000
0.9935	.584395	.000000
0.99369	.584308	.000000
0.99388	.583781	.000000
0.99407	.583853	.000000
0.99426	.584216	.000000
0.99445	.583844	.000000
0.99464	.583385	.000000
0.99483	.583317	.000000
0.99502	.583243	.000000
0.99521	.583273	.000000
0.9954	.583201	.000000
0.9956	.582726	.000000
0.99579	.582365	.000000
0.99598	.582376	.000000
0.99617	.582461	.000000
0.99636	.582719	.000000
0.99655	.582307	.000000
0.99674	.581944	.000000
0.99694	.581527	.000000
0.99713	.581274	.000000
0.99732	.581550	.000000
0.99751	.581512	.000000
0.9977	.581214	.000000
0.99789	.581073	.000000
0.99809	.580681	.000000
0.99828	.580318	.000000
0.99847	.580036	.000000
0.99866	.579773	.000000
0.99886	.579746	.000000
0.99905	.579632	.000000
0.99924	.579874	.000000
0.99943	.579738	.000000
0.99963	.579377	.000000
0.99982	.579146	.000000
1.00001	.578707	.000000
1.0002	.578494	.000000
1.0004	.578555	.000000
1.00059	.578472	.000000
1.00078	.578385	.000000
1.00098	.578270	.000000
1.00117	.577800	.000000
1.00136	.577341	.000000
1.00156	.577600	.000000
1.00175	.577697	.000000
1.00194	.577354	.000000
1.00214	.577029	.000000
1.00233	.577236	.000000
1.00253	.577148	.000000
1.00272	.576425	.000000
1.00291	.575972	.000000
1.00311	.576032	.000000
1.0033	.576214	.000000
1.0035	.576274	.000000
1.00369	.576393	.000000
1.00388	.576389	.000000
1.00408	.575952	.000000
1.00427	.575109	.000000
1.00447	.574800	.000000
1.00466	.574989	.000000
1.00486	.575027	.000000
1.00505	.574713	.000000
1.00525	.574574	.000000
1.00544	.574662	.000000
1.00564	.574516	.000000
1.00583	.574202	.000000
1.00603	.574317	.000000
1.00622	.574381	.000000
1.00642	.574157	.000000
1.00661	.573803	.000000
1.00681	.573710	.000000
1.007	.573633	.000000
1.0072	.573141	.000000
1.0074	.572957	.000000
1.00759	.572726	.000000
1.00779	.572305	.000000
1.00798	.572450	.000000
1.00818	.572768	.000000
1.00837	.572603	.000000
1.00857	.572251	.000000
1.00877	.572094	.000000
1.00896	.571962	.000000
1.00916	.571955	.000000
1.00936	.571877	.000000
1.00955	.571705	.000000
1.00975	.571517	.000000
1.00995	.571424	.000000
1.01014	.570988	.000000
1.01034	.570679	.000000
1.01054	.571006	.000000
1.01073	.571032	.000000
1.01093	.570728	.000000
1.01113	.570246	.000000
1.01133	.569903	.000000
1.01152	.569801	.000000
1.01172	.570098	.000000
1.01192	.570143	.000000
1.01211	.569950	.000000
1.01231	.569977	.000000
1.01251	.569740	.000000
1.01271	.569390	.000000
1.01291	.569261	.000000
1.0131	.569182	.000000
1.0133	.569005	.000000
1.0135	.569086	.000000
1.0137	.568965	.000000
1.0139	.568775	.000000
1.01409	.568607	.000000
1.01429	.568313	.000000
1.01449	.568476	.000000
1.01469	.568515	.000000
1.01489	.568152	.000000
1.01509	.567966	.000000
1.01529	.568029	.000000
1.01548	.567778	.000000
1.01568	.567448	.000000
1.01588	.567262	.000000
1.01608	.567384	.000000
1.01628	.567408	.000000
1.01648	.567244	.000000
1.01668	.566933	.000000
1.01688	.567002	.000000
1.01708	.566810	.000000
1.01728	.566425	.000000
1.01748	.566396	.000000
1.01768	.566223	.000000
1.01788	.565770	.000000
1.01808	.565632	.000000
1.01828	.565598	.000000
1.01848	.565640	.000000
1.01868	.565728	.000000
1.01888	.565735	.000000
1.01908	.565376	.000000
1.01928	.565103	.000000
1.01948	.565235	.000000
1.01968	.565276	.000000
1.01988	.565146	.000000
1.02008	.565024	.000000
1.02028	.564993	.000000
1.02048	.564845	.000000
1.02068	.564585	.000000
1.02088	.564241	.000000
1.02108	.564299	.000000
1.02129	.564370	.000000
1.02149	.564359	.000000
1.02169	.564191	.000000
1.02189	.563934	.000000
1.02209	.563786	.000000
1.02229	.563629	.000000
1.02249	.563333	.000000
1.0227	.563121	.000000
1.0229	.563154	.000000
1.0231	.562930	.000000
1.0233	.562784	.000000
1.0235	.562841	.000000
1.02371	.562782	.000000
1.02391	.562520	.000000
1.02411	.562209	.000000
1.02431	.562057	.000000
1.02451	.562011	.000000
1.02472	.561870	.000000
1.02492	.561821	.000000
1.02512	.561897	.000000
1.02532	.562050	.000000
1.02553	.562207	.000000
1.02573	.562059	.000000
1.02593	.561665	.000000
1.02614	.561606	.000000
1.02634	.561723	.000000
1.02654	.561577	.000000
1.02675	.561590	.000000
1.02695	.561483	.000000
1.02715	.561310	.000000
1.02736	.561470	.000000
1.02756	.561488	.000000
1.02776	.561210	.000000
1.02797	.560997	.000000
1.02817	.560786	.000000
1.02838	.560508	.000000
1.02858	.560347	.000000
1.02878	.560495	.000000
1.02899	.560591	.000000
1.02919	.560446	.000000
1.0294	.560392	.000000
1.0296	.560401	.000000
1.02981	.560134	.000000
1.03001	.559957	.000000
1.03021	.559980	.000000
1.03042	.560009	.000000
1.03062	.559841	.000000
1.03083	.559599	.000000
1.03103	.559577	.000000
1.03124	.559536	.000000
1.03144	.559449	.000000
1.03165	.559261	.000000
1.03185	.559317	.000000
1.03206	.559261	.000000
1.03227	.559003	.000000
1.03247	.558969	.000000
1.03268	.559117	.000000
1.03288	.559012	.000000
1.03309	.558712	.000000
1.03329	.558562	.000000
1.0335	.558479	.000000
1.03371	.558651	.000000
1.03391	.558884	.000000
1.03412	.558672	.000000
1.03432	.558260	.000000
1.03453	.558018	.000000
1.03474	.558143	.000000
1.03494	.558391	.000000
1.03515	.558403	.000000
1.03536	.558213	.000000
1.03556	.558165	.000000
1.03577	.558407	.000000
1.03598	.558526	.000000
1.03619	.558325	.000000
1.03639	.558073	.000000
1.0366	.557673	.000000
1.03681	.557540	.000000
1.03701	.557460	.000000
1.03722	.556987	.000000
1.03743	.557054	.000000
1.03764	.557370	.000000
1.03784	.557471	.000000
1.03805	.557383	.000000
1.03826	.557166	.000000
1.03847	.557079	.000000
1.03868	.557068	.000000
1.03888	.557233	.000000
1.03909	.557269	.000000
1.0393	.557081	.000000
1.03951	.557032	.000000
1.03972	.556983	.000000
1.03993	.556767	.000000
1.04013	.556765	.000000
1.04034	.556859	.000000
1.04055	.556781	.000000
1.04076	.556593	.000000
1.04097	.556393	.000000
1.04118	.556340	.000000
1.04139	.556311	.000000
1.0416	.556510	.000000
1.04181	.556627	.000000
1.04202	.556521	.000000
1.04223	.556362	.000000
1.04244	.556219	.000000
1.04264	.556221	.000000
1.04285	.556093	.000000
1.04306	.556071	.000000
1.04327	.556077	.000000
1.04348	.556039	.000000
1.04369	.555910	.000000
1.0439	.555905	.000000
1.04411	.556069	.000000
1.04432	.556093	.000000
1.04454	.555997	.000000
1.04475	.555788	.000000
1.04496	.555777	.000000
1.04517	.555930	.000000
1.04538	.555831	.000000
1.04559	.555946	.000000
1.0458	.555983	.000000
1.04601	.555650	.000000
1.04622	.555432	.000000
1.04643	.555625	.000000
1.04664	.555670	.000000
1.04686	.555601	.000000
1.04707	.555766	.000000
1.04728	.555872	.000000
1.04749	.555889	.000000
1.0477	.555854	.000000
1.04791	.555650	.000000
1.04812	.555685	.000000
1.04834	.555845	.000000
1.04855	.555797	.000000
1.04876	.555668	.000000
1.04897	.555556	.000000
1.04919	.555446	.000000
1.0494	.555249	.000000
1.04961	.555340	.000000
1.04982	.555527	.000000
1.05004	.555432	.000000
1.05025	.555211	.000000
1.05046	.555177	.000000
1.05067	.555181	.000000
1.05089	.555334	.000000
1.0511	.555312	.000000
1.05131	.555291	.000000
1.05153	.555578	.000000
1.05174	.555748	.000000
1.05195	.555609	.000000
1.05217	.555468	.000000
1.05238	.555367	.000000
1.05259	.555379	.000000
1.05281	.555206	.000000
1.05302	.555029	.000000
1.05323	.555453	.000000
1.05345	.555620	.000000
1.05366	.555381	.000000
1.05388	.555208	.000000
1.05409	.555314	.000000
1.05431	.555475	.000000
1.05452	.555462	.000000
1.05473	.555358	.000000
1.05495	.555282	.000000
1.05516	.555396	.000000
1.05538	.555289	.000000
1.05559	.555338	.000000
1.05581	.555443	.000000
1.05602	.555542	.000000
1.05624	.555592	.000000
1.05645	.555309	.000000
1.05667	.555139	.000000
1.05688	.555303	.000000
1.0571	.555499	.000000
1.05732	.555475	.000000
1.05753	.555511	.000000
1.05775	.555614	.000000
1.05796	.555405	.000000
1.05818	.555327	.000000
1.05839	.555450	.000000
1.05861	.555522	.000000
1.05883	.555643	.000000
1.05904	.555672	.000000
1.05926	.555748	.000000
1.05948	.555768	.000000
1.05969	.555668	.000000
1.05991	.555780	.000000
1.06013	.555981	.000000
1.06034	.555981	.000000
1.06056	.555836	.000000
1.06078	.555865	.000000
1.06099	.555943	.000000
1.06121	.556066	.000000
1.06143	.556208	.000000
1.06165	.556205	.000000
1.06186	.556239	.000000
1.06208	.556290	.000000
1.0623	.556328	.000000
1.06252	.556181	.000000
1.06273	.556096	.000000
1.06295	.556098	.000000
1.06317	.555956	.000000
1.06339	.556080	.000000
1.06361	.556366	.000000
1.06382	.556557	.000000
1.06404	.556749	.000000
1.06426	.556707	.000000
1.06448	.556698	.000000
1.0647	.556674	.000000
1.06492	.556674	.000000
1.06514	.556859	.000000
1.06535	.556929	.000000
1.06557	.556888	.000000
1.06579	.556882	.000000
1.06601	.556958	.000000
1.06623	.556954	.000000
1.06645	.556996	.000000
1.06667	.557220	.000000
1.06689	.557384	.000000
1.06711	.557462	.000000
1.06733	.557308	.000000
1.06755	.557354	.000000
1.06777	.557455	.000000
1.06799	.557388	.000000
1.06821	.557375	.000000
1.06843	.557339	.000000
1.06865	.557527	.000000
1.06887	.557710	.000000
1.06909	.557946	.000000
1.06931	.558170	.000000
1.06953	.558165	.000000
1.06975	.558185	.000000
1.06997	.558065	.000000
1.07019	.558042	.000000
1.07041	.558264	.000000
1.07063	.558401	.000000
1.07085	.558309	.000000
1.07108	.558403	.000000
1.0713	.558530	.000000
1.07152	.558522	.000000
1.07174	.558504	.000000
1.07196	.558432	.000000
1.07218	.558508	.000000
1.07241	.558790	.000000
1.07263	.558909	.000000
1.07285	.558911	.000000
1.07307	.559108	.000000
1.07329	.559189	.000000
1.07352	.559160	.000000
1.07374	.559326	.000000
1.07396	.559326	.000000
1.07418	.559435	.000000
1.07441	.559821	.000000
1.07463	.559995	.000000
1.07485	.560040	.000000
1.07507	.560034	.000000
1.0753	.560074	.000000
1.07552	.560240	.000000
1.07574	.560163	.000000
1.07597	.560175	.000000
1.07619	.560313	.000000
1.07641	.560397	.000000
1.07664	.560457	.000000
1.07686	.560638	.000000
1.07708	.560748	.000000
1.07731	.560730	.000000
1.07753	.560932	.000000
1.07776	.561053	.000000
1.07798	.560959	.000000
1.0782	.561008	.000000
1.07843	.561124	.000000
1.07865	.561225	.000000
1.07888	.561358	.000000
1.0791	.561501	.000000
1.07933	.561709	.000000
1.07955	.561915	.000000
1.07978	.562068	.000000
1.08	.562063	.000000
1.08023	.561985	.000000
1.08045	.561899	.000000
1.08068	.562065	.000000
1.0809	.562462	.000000
1.08113	.562581	.000000
1.08135	.562771	.000000
1.08158	.562903	.000000
1.0818	.562785	.000000
1.08203	.562726	.000000
1.08225	.562865	.000000
1.08248	.563087	.000000
1.08271	.563158	.000000
1.08293	.563331	.000000
1.08316	.563542	.000000
1.08339	.563723	.000000
1.08361	.564012	.000000
1.08384	.564095	.000000
1.08406	.564234	.000000
1.08429	.564344	.000000
1.08452	.564261	.000000
1.08475	.564175	.000000
1.08497	.564252	.000000
1.0852	.564438	.000000
1.08543	.564691	.000000
1.08565	.565016	.000000
1.08588	.565224	.000000
1.08611	.565193	.000000
1.08634	.565267	.000000
1.08656	.565276	.000000
1.08679	.565296	.000000
1.08702	.565374	.000000
1.08725	.565584	.000000
1.08748	.566051	.000000
1.0877	.566124	.000000
1.08793	.565963	.000000
1.08816	.566097	.000000
1.08839	.566460	.000000
1.08862	.566523	.000000
1.08885	.566646	.000000
1.08907	.566915	.000000
1.0893	.567121	.000000
1.08953	.567186	.000000
1.08976	.567233	.000000
1.08999	.567249	.000000
1.09022	.567296	.000000
1.09045	.567486	.000000
1.09068	.567674	.000000
1.09091	.567760	.000000
1.09114	.568067	.000000
1.09137	.568360	.000000
1.0916	.568616	.000000
1.09183	.568765	.000000
1.09206	.568609	.000000
1.09229	.568734	.000000
1.09252	.569003	.000000
1.09275	.569117	.000000
1.09298	.569144	.000000
1.09321	.569122	.000000
1.09344	.569384	.000000
1.09367	.569758	.000000
1.0939	.569926	.000000
1.09413	.570000	.000000
1.09436	.570042	.000000
1.09459	.570145	.000000
1.09482	.570255	.000000
1.09505	.570206	.000000
1.09529	.570441	.000000
1.09552	.570701	.000000
1.09575	.570721	.000000
1.09598	.570717	.000000
1.09621	.570997	.000000
1.09644	.571396	.000000
1.09668	.571619	.000000
1.09691	.571684	.000000
1.09714	.571671	.000000
1.09737	.571902	.000000
1.0976	.572179	.000000
1.09784	.572348	.000000
1.09807	.572469	.000000
1.0983	.572497	.000000
1.09854	.572634	.000000
1.09877	.572856	.000000
1.099	.572972	.000000
1.09923	.573223	.000000
1.09947	.573533	.000000
1.0997	.573707	.000000
1.09993	.573775	.000000
1.10017	.573804	.000000
1.1004	.573934	.000000
1.10063	.574102	.000000
1.10087	.574229	.000000
1.1011	.574456	.000000
1.10134	.574610	.000000
1.10157	.574715	.000000
1.1018	.574962	.000000
1.10204	.575118	.000000
1.10227	.575145	.000000
1.10251	.575282	.000000
1.10274	.575408	.000000
1.10298	.575517	.000000
1.10321	.575708	.000000
1.10344	.575753	.000000
1.10368	.575903	.000000
1.10391	.576252	.000000
1.10415	.576481	.000000
1.10439	.576592	.000000
1.10462	.576640	.000000
1.10486	.576845	.000000
1.10509	.577143	.000000
1.10533	.577255	.000000
1.10556	.577460	.000000
1.1058	.577697	.000000
1.10603	.577722	.000000
1.10627	.577784	.000000
1.10651	.577905	.000000
1.10674	.578214	.000000
1.10698	.578387	.000000
1.10722	.578548	.000000
1.10745	.578608	.000000
1.10769	.578570	.000000
1.10792	.578855	.000000
1.10816	.579162	.000000
1.1084	.579222	.000000
1.10864	.579355	.000000
1.10887	.579516	.000000
1.10911	.579628	.000000
1.10935	.579984	.000000
1.10958	.580105	.000000
1.10982	.580228	.000000
1.11006	.580539	.000000
1.1103	.580699	.000000
1.11054	.580851	.000000
1.11077	.580866	.000000
1.11101	.581043	.000000
1.11125	.581413	.000000
1.11149	.581498	.000000
1.11173	.581315	.000000
1.11196	.581478	.000000
1.1122	.581866	.000000
1.11244	.582150	.000000
1.11268	.582278	.000000
1.11292	.582410	.000000
1.11316	.582531	.000000
1.1134	.582735	.000000
1.11364	.583021	.000000
1.11388	.583160	.000000
1.11411	.583266	.000000
1.11435	.583393	.000000
1.11459	.583519	.000000
1.11483	.583593	.000000
1.11507	.583759	.000000
1.11531	.583967	.000000
1.11555	.584034	.000000
1.11579	.584312	.000000
1.11603	.584661	.000000
1.11627	.584897	.000000
1.11651	.584814	.000000
1.11675	.584787	.000000
1.11699	.584975	.000000
1.11724	.585239	.000000
1.11748	.585631	.000000
1.11772	.585954	.000000
1.11796	.585985	.000000
1.1182	.586006	.000000
1.11844	.586212	.000000
1.11868	.586427	.000000
1.11892	.586494	.000000
1.11916	.586716	.000000
1.11941	.586975	.000000
1.11965	.587157	.000000
1.11989	.587303	.000000
1.12013	.587347	.000000
1.12037	.587278	.000000
1.12062	.587394	.000000
1.12086	.587600	.000000
1.1211	.587695	.000000
1.12134	.588104	.000000
1.12159	.588552	.000000
1.12183	.588501	.000000
1.12207	.588418	.000000
1.12231	.588597	.000000
1.12256	.588823	.000000
1.1228	.588868	.000000
1.12304	.589036	.000000
1.12329	.589327	.000000
1.12353	.589570	.000000
1.12377	.589717	.000000
1.12402	.589825	.000000
1.12426	.589930	.000000
1.12451	.589993	.000000
1.12475	.590159	.000000
1.12499	.590519	.000000
1.12524	.590690	.000000
1.12548	.590811	.000000
1.12573	.590842	.000000
1.12597	.590942	.000000
1.12621	.591274	.000000
1.12646	.591505	.000000
1.1267	.591651	.000000
1.12695	.591801	.000000
1.12719	.591989	.000000
1.12744	.592211	.000000
1.12768	.592161	.000000
1.12793	.592175	.000000
1.12818	.592425	.000000
1.12842	.592728	.000000
1.12867	.592867	.000000
1.12891	.592954	.000000
1.12916	.593145	.000000
1.1294	.593319	.000000
1.12965	.593387	.000000
1.1299	.593472	.000000
1.13014	.593638	.000000
1.13039	.593870	.000000
1.13064	.594162	.000000
1.13088	.594334	.000000
1.13113	.594361	.000000
1.13138	.594524	.000000
1.13162	.594963	.000000
1.13187	.594993	.000000
1.13212	.594847	.000000
1.13236	.594968	.000000
1.13261	.595177	.000000
1.13286	.595367	.000000
1.13311	.595569	.000000
1.13335	.595799	.000000
1.1336	.595989	.000000
1.13385	.596092	.000000
1.1341	.596301	.000000
1.13435	.596418	.000000
1.13459	.596303	.000000
1.13484	.596503	.000000
1.13509	.596760	.000000
1.13534	.596879	.000000
1.13559	.597054	.000000
1.13584	.597332	.000000
1.13609	.597598	.000000
1.13633	.597627	.000000
1.13658	.597609	.000000
1.13683	.597865	.000000
1.13708	.598189	.000000
1.13733	.598348	.000000
1.13758	.598476	.000000
1.13783	.598669	.000000
1.13808	.598732	.000000
1.13833	.598655	.000000
1.13858	.598669	.000000
1.13883	.598870	.000000
1.13908	.599139	.000000
1.13933	.599459	.000000
1.13958	.599525	.000000
1.13983	.599601	.000000
1.14008	.599670	.000000
1.14033	.599766	.000000
1.14058	.599919	.000000
1.14084	.600147	.000000
1.14109	.600436	.000000
1.14134	.600647	.000000
1.14159	.600810	.000000
1.14184	.600978	.000000
1.14209	.601008	.000000
1.14234	.600925	.000000
1.1426	.601050	.000000
1.14285	.601269	.000000
1.1431	.601388	.000000
1.14335	.601545	.000000
1.1436	.601805	.000000
1.14386	.601984	.000000
1.14411	.602038	.000000
1.14436	.602221	.000000
1.14461	.602419	.000000
1.14487	.602481	.000000
1.14512	.602654	.000000
1.14537	.602851	.000000
1.14562	.602753	.000000
1.14588	.602779	.000000
1.14613	.603024	.000000
1.14638	.603207	.000000
1.14664	.603440	.000000
1.14689	.603723	.000000
1.14715	.603765	.000000
1.1474	.603834	.000000
1.14765	.604025	.000000
1.14791	.604161	.000000
1.14816	.604197	.000000
1.14842	.604374	.000000
1.14867	.604636	.000000
1.14893	.604775	.000000
1.14918	.604917	.000000
1.14943	.605019	.000000
1.14969	.605064	.000000
1.14994	.605170	.000000
1.1502	.605313	.000000
1.15045	.605385	.000000
1.15071	.605557	.000000
1.15097	.605720	.000000
1.15122	.605776	.000000
1.15148	.606041	.000000
1.15173	.606247	.000000
1.15199	.606381	.000000
1.15224	.606500	.000000
1.1525	.606514	.000000
1.15276	.606628	.000000
1.15301	.606747	.000000
1.15327	.606818	.000000
1.15353	.607044	.000000
1.15378	.607244	.000000
1.15404	.607188	.000000
1.1543	.607199	.000000
1.15455	.607459	.000000
1.15481	.607750	.000000
1.15507	.608010	.000000
1.15533	.607985	.000000
1.15558	.607907	.000000
1.15584	.608075	.000000
1.1561	.608379	.000000
1.15636	.608586	.000000
1.15661	.608527	.000000
1.15687	.608568	.000000
1.15713	.608765	.000000
1.15739	.608917	.000000
1.15765	.609121	.000000
1.15791	.609293	.000000
1.15816	.609435	.000000
1.15842	.609497	.000000
1.15868	.609475	.000000
1.15894	.609565	.000000
1.1592	.609771	.000000
1.15946	.609853	.000000
1.15972	.609955	.000000
1.15998	.610190	.000000
1.16024	.610366	.000000
1.1605	.610405	.000000
1.16076	.610375	.000000
1.16102	.610405	.000000
1.16128	.610584	.000000
1.16154	.610868	.000000
1.1618	.611043	.000000
1.16206	.611028	.000000
1.16232	.611204	.000000
1.16258	.611383	.000000
1.16284	.611498	.000000
1.1631	.611655	.000000
1.16336	.611764	.000000
1.16362	.611773	.000000
1.16388	.611793	.000000
1.16415	.611883	.000000
1.16441	.612136	.000000
1.16467	.612374	.000000
1.16493	.612517	.000000
1.16519	.612631	.000000
1.16545	.612766	.000000
1.16572	.612873	.000000
1.16598	.612974	.000000
1.16624	.613046	.000000
1.1665	.613113	.000000
1.16676	.613245	.000000
1.16703	.613370	.000000
1.16729	.613445	.000000
1.16755	.613532	.000000
1.16782	.613626	.000000
1.16808	.613957	.000000
1.16834	.614087	.000000
1.16861	.614099	.000000
1.16887	.614092	.000000
1.16913	.614256	.000000
1.1694	.614506	.000000
1.16966	.614520	.000000
1.16992	.614491	.000000
1.17019	.614602	.000000
1.17045	.614757	.000000
1.17072	.614900	.000000
1.17098	.615151	.000000
1.17125	.615283	.000000
1.17151	.615252	.000000
1.17178	.615272	.000000
1.17204	.615315	.000000
1.1723	.615418	.000000
1.17257	.615557	.000000
1.17284	.615781	.000000
1.1731	.615915	.000000
1.17337	.615940	.000000
1.17363	.616086	.000000
1.1739	.616169	.000000
1.17416	.616247	.000000
1.17443	.616437	.000000
1.1747	.616726	.000000
1.17496	.616827	.000000
1.17523	.616787	.000000
1.17549	.616874	.000000
1.17576	.617031	.000000
1.17603	.617120	.000000
1.17629	.617232	.000000
1.17656	.617342	.000000
1.17683	.617412	.000000
1.1771	.617497	.000000
1.17736	.617656	.000000
1.17763	.617743	.000000
1.1779	.617808	.000000
1.17817	.617887	.000000
1.17843	.617797	.000000
1.1787	.617902	.000000
1.17897	.617960	.000000
1.17924	.617970	.000000
1.17951	.618234	.000000
1.17977	.618613	.000000
1.18004	.618689	.000000
1.18031	.618583	.000000
1.18058	.618769	.000000
1.18085	.619117	.000000
1.18112	.619282	.000000
1.18139	.619228	.000000
1.18166	.619161	.000000
1.18193	.619201	.000000
1.18219	.619311	.000000
1.18246	.619466	.000000
1.18273	.619629	.000000
1.183	.619735	.000000
1.18327	.619791	.000000
1.18354	.619865	.000000
1.18381	.620053	.000000
1.18408	.620127	.000000
1.18436	.620263	.000000
1.18463	.620523	.000000
1.1849	.620548	.000000
1.18517	.620467	.000000
1.18544	.620510	.000000
1.18571	.620597	.000000
1.18598	.620834	.000000
1.18625	.620796	.000000
1.18652	.620899	.000000
1.1868	.621119	.000000
1.18707	.621124	.000000
1.18734	.621198	.000000
1.18761	.621377	.000000
1.18788	.621534	.000000
1.18816	.621543	.000000
1.18843	.621533	.000000
1.1887	.621628	.000000
1.18897	.621764	.000000
1.18925	.621869	.000000
1.18952	.622087	.000000
1.18979	.622273	.000000
1.19006	.622429	.000000
1.19034	.622322	.000000
1.19061	.622237	.000000
1.19088	.622391	.000000
1.19116	.622528	.000000
1.19143	.622770	.000000
1.19171	.623003	.000000
1.19198	.622990	.000000
1.19225	.623063	.000000
1.19253	.623084	.000000
1.1928	.623158	.000000
1.19308	.623315	.000000
1.19335	.623409	.000000
1.19363	.623467	.000000
1.1939	.623516	.000000
1.19418	.623661	.000000
1.19445	.623680	.000000
1.19473	.623653	.000000
1.195	.623769	.000000
1.19528	.623906	.000000
1.19555	.624024	.000000
1.19583	.624164	.000000
1.1961	.624253	.000000
1.19638	.624461	.000000
1.19666	.624529	.000000
1.19693	.624647	.000000
1.19721	.624898	.000000
1.19749	.624907	.000000
1.19776	.624845	.000000
1.19804	.624954	.000000
1.19832	.625192	.000000
1.19859	.625241	.000000
1.19887	.625312	.000000
1.19915	.625324	.000000
1.19942	.625288	.000000
1.1997	.625514	.000000
1.19998	.625756	.000000
1.20026	.625655	.000000
1.20054	.625633	.000000
1.20081	.625732	.000000
1.20109	.625900	.000000
1.20137	.626065	.000000
1.20165	.626068	.000000
1.20193	.626096	.000000
1.20221	.626245	.000000
1.20248	.626339	.000000
1.20276	.626433	.000000
1.20304	.626583	.000000
1.20332	.626755	.000000
1.2036	.626894	.000000
1.20388	.626997	.000000
1.20416	.627085	.000000
1.20444	.627053	.000000
1.20472	.627082	.000000
1.205	.627226	.000000
1.20528	.627358	.000000
1.20556	.627360	.000000
1.20584	.627483	.000000
1.20612	.627636	.000000
1.2064	.627631	.000000
1.20668	.627750	.000000
1.20696	.627815	.000000
1.20724	.627980	.000000
1.20753	.628204	.000000
1.20781	.628204	.000000
1.20809	.628274	.000000
1.20837	.628395	.000000
1.20865	.628350	.000000
1.20893	.628460	.000000
1.20921	.628677	.000000
1.2095	.628661	.000000
1.20978	.628699	.000000
1.21006	.628854	.000000
1.21034	.628859	.000000
1.21063	.629004	.000000
1.21091	.629219	.000000
1.21119	.629336	.000000
1.21148	.629262	.000000
1.21176	.629327	.000000
1.21204	.629482	.000000
1.21233	.629548	.000000
1.21261	.629622	.000000
1.21289	.629743	.000000
1.21318	.629862	.000000
1.21346	.629985	.000000
1.21374	.630158	.000000
1.21403	.630229	.000000
1.21431	.630333	.000000
1.2146	.630454	.000000
1.21488	.630536	.000000
1.21517	.630608	.000000
1.21545	.630698	.000000
1.21574	.630792	.000000
1.21602	.630843	.000000
1.21631	.630931	.000000
1.21659	.630996	.000000
1.21688	.631065	.000000
1.21716	.631262	.000000
1.21745	.631439	.000000
1.21774	.631450	.000000
1.21802	.631421	.000000
1.21831	.631507	.000000
1.21859	.631645	.000000
1.21888	.631805	.000000
1.21917	.631928	.000000
1.21945	.632022	.000000
1.21974	.632172	.000000
1.22003	.632151	.000000
1.22031	.632223	.000000
1.2206	.632400	.000000
1.22089	.632477	.000000
1.22118	.632557	.000000
1.22146	.632602	.000000
1.22175	.632680	.000000
1.22204	.632683	.000000
1.22233	.632692	.000000
1.22262	.632875	.000000
1.2229	.633207	.000000
1.22319	.633466	.000000
1.22348	.633402	.000000
1.22377	.633370	.000000
1.22406	.633567	.000000
1.22435	.633641	.000000
1.22464	.633619	.000000
1.22493	.633807	.000000
1.22522	.634047	.000000
1.22551	.634056	.000000
1.2258	.633993	.000000
1.22609	.634145	.000000
1.22638	.634282	.000000
1.22667	.634342	.000000
1.22696	.634445	.000000
1.22725	.634530	.000000
1.22754	.634665	.000000
1.22783	.634811	.000000
1.22812	.634828	.000000
1.22841	.634941	.000000
1.2287	.635044	.000000
1.22899	.635039	.000000
1.22928	.635136	.000000
1.22958	.635304	.000000
1.22987	.635462	.000000
1.23016	.635543	.000000
1.23045	.635528	.000000
1.23074	.635651	.000000
1.23103	.635843	.000000
1.23133	.636045	.000000
1.23162	.636190	.000000
1.23191	.636218	.000000
1.23221	.636229	.000000
1.2325	.636406	.000000
1.23279	.636417	.000000
1.23308	.636403	.000000
1.23338	.636612	.000000
1.23367	.636775	.000000
1.23396	.636827	.000000
1.23426	.636856	.000000
1.23455	.636945	.000000
1.23485	.637093	.000000
1.23514	.637107	.000000
1.23543	.637331	.000000
1.23573	.637593	.000000
1.23602	.637707	.000000
1.23632	.637765	.000000
1.23661	.637750	.000000
1.23691	.637786	.000000
1.2372	.637918	.000000
1.2375	.638079	.000000
1.23779	.638117	.000000
1.23809	.638207	.000000
1.23839	.638417	.000000
1.23868	.638545	.000000
1.23898	.638518	.000000
1.23927	.638482	.000000
1.23957	.638673	.000000
1.23987	.638769	.000000
1.24016	.638939	.000000
1.24046	.639166	.000000
1.24076	.639139	.000000
1.24105	.639199	.000000
1.24135	.639401	.000000
1.24165	.639530	.000000
1.24195	.639663	.000000
1.24224	.639763	.000000
1.24254	.639893	.000000
1.24284	.639907	.000000
1.24314	.639983	.000000
1.24343	.640283	.000000
1.24373	.640418	.000000
1.24403	.640407	.000000
1.24433	.640478	.000000
1.24463	.640532	.000000
1.24493	.640612	.000000
1.24523	.640864	.000000
1.24553	.641099	.000000
1.24582	.641146	.000000
1.24612	.641181	.000000
1.24642	.641329	.000000
1.24672	.641489	.000000
1.24702	.641681	.000000
1.24732	.641780	.000000
1.24762	.641849	.000000
1.24792	.641936	.000000
1.24822	.641950	.000000
1.24852	.642059	.000000
1.24883	.642203	.000000
1.24913	.642389	.000000
1.24943	.642519	.000000
1.24973	.642674	.000000
1.25003	.642833	.000000
1.25033	.642915	.000000
1.25063	.642956	.000000
1.25093	.642996	.000000
1.25124	.643054	.000000
1.25154	.643122	.000000
1.25184	.643384	.000000
1.25214	.643551	.000000
1.25245	.643728	.000000
1.25275	.643883	.000000
1.25305	.643944	.000000
1.25335	.644064	.000000
1.25366	.644130	.000000
1.25396	.644163	.000000
1.25426	.644280	.000000
1.25457	.644537	.000000
1.25487	.644696	.000000
1.25517	.644736	.000000
1.25548	.644712	.000000
1.25578	.644878	.000000
1.25609	.645140	.000000
1.25639	.645259	.000000
1.2567	.645406	.000000
1.257	.645512	.000000
1.25731	.645566	.000000
1.25761	.645700	.000000
1.25792	.645942	.000000
1.25822	.646130	.000000
1.25853	.646177	.000000
1.25883	.646248	.000000
1.25914	.646298	.000000
1.25944	.646475	.000000
1.25975	.646663	.000000
1.26005	.646674	.000000
1.26036	.646782	.000000
1.26067	.647031	.000000
1.26097	.647178	.000000
1.26128	.647306	.000000
1.26159	.647393	.000000
1.2619	.647503	.000000
1.2622	.647586	.000000
1.26251	.647635	.000000
1.26282	.647723	.000000
1.26312	.647908	.000000
1.26343	.648054	.000000
1.26374	.648173	.000000
1.26405	.648309	.000000
1.26436	.648413	.000000
1.26467	.648567	.000000
1.26497	.648825	.000000
1.26528	.648986	.000000
1.26559	.649093	.000000
1.2659	.649136	.000000
1.26621	.649130	.000000
1.26652	.649315	.000000
1.26683	.649513	.000000
1.26714	.649542	.000000
1.26745	.649757	.000000
1.26776	.649958	.000000
1.26807	.650099	.000000
1.26838	.650241	.000000
1.26869	.650444	.000000
1.269	.650597	.000000
1.26931	.650610	.000000
1.26962	.650738	.000000
1.26993	.650993	.000000
1.27024	.651092	.000000
1.27055	.651152	.000000
1.27086	.651347	.000000
1.27118	.651444	.000000
1.27149	.651520	.000000
1.2718	.651643	.000000
1.27211	.651808	.000000
1.27242	.651920	.000000
1.27274	.651974	.000000
1.27305	.652172	.000000
1.27336	.652427	.000000
1.27367	.652595	.000000
1.27399	.652763	.000000
1.2743	.652890	.000000
1.27461	.653011	.000000
1.27493	.653177	.000000
1.27524	.653348	.000000
1.27555	.653538	.000000
1.27587	.653666	.000000
1.27618	.653789	.000000
1.2765	.653833	.000000
1.27681	.653963	.000000
1.27713	.654241	.000000
1.27744	.654443	.000000
1.27776	.654481	.000000
1.27807	.654577	.000000
1.27839	.654718	.000000
1.2787	.654822	.000000
1.27902	.654985	.000000
1.27933	.655178	.000000
1.27965	.655417	.000000
1.27996	.655597	.000000
1.28028	.655695	.000000
1.2806	.655803	.000000
1.28091	.655953	.000000
1.28123	.656121	.000000
1.28155	.656311	.000000
1.28186	.656470	.000000
1.28218	.656529	.000000
1.2825	.656593	.000000
1.28281	.656753	.000000
1.28313	.656921	.000000
1.28345	.657144	.000000
1.28377	.657369	.000000
1.28408	.657471	.000000
1.2844	.657675	.000000
1.28472	.657902	.000000
1.28504	.657956	.000000
1.28536	.658079	.000000
1.28568	.658303	.000000
1.286	.658527	.000000
1.28631	.658692	.000000
1.28663	.658721	.000000
1.28695	.658838	.000000
1.28727	.659084	.000000
1.28759	.659297	.000000
1.28791	.659328	.000000
1.28823	.659391	.000000
1.28855	.659644	.000000
1.28887	.660048	.000000
1.28919	.660303	.000000
1.28951	.660355	.000000
1.28983	.660402	.000000
1.29016	.660572	.000000
1.29048	.660756	.000000
1.2908	.660859	.000000
1.29112	.660975	.000000
1.29144	.661177	.000000
1.29176	.661266	.000000
1.29208	.661398	.000000
1.29241	.661658	.000000
1.29273	.661876	.000000
1.29305	.662033	.000000
1.29337	.662142	.000000
1.2937	.662313	.000000
1.29402	.662543	.000000
1.29434	.662700	.000000
1.29467	.662785	.000000
1.29499	.662908	.000000
1.29531	.663094	.000000
1.29564	.663343	.000000
1.29596	.663553	.000000
1.29628	.663721	.000000
1.29661	.663919	.000000
1.29693	.664064	.000000
1.29726	.664219	.000000
1.29758	.664356	.000000
1.29791	.664474	.000000
1.29823	.664669	.000000
1.29856	.664913	.000000
1.29888	.665137	.000000
1.29921	.665280	.000000
1.29953	.665346	.000000
1.29986	.665487	.000000
1.30018	.665717	.000000
1.30051	.665879	.000000
1.30084	.666096	.000000
1.30116	.666300	.000000
1.30149	.666539	.000000
1.30182	.666690	.000000
1.30214	.666833	.000000
1.30247	.666987	.000000
1.3028	.667057	.000000
1.30313	.667315	.000000
1.30345	.667662	.000000
1.30378	.667915	.000000
1.30411	.668067	.000000
1.30444	.668235	.000000
1.30477	.668423	.000000
1.30509	.668551	.000000
1.30542	.668654	.000000
1.30575	.668827	.000000
1.30608	.669084	.000000
1.30641	.669245	.000000
1.30674	.669470	.000000
1.30707	.669613	.000000
1.3074	.669754	.000000
1.30773	.669906	.000000
1.30806	.670119	.000000
1.30839	.670294	.000000
1.30872	.670516	.000000
1.30905	.670827	.000000
1.30938	.671109	.000000
1.30971	.671268	.000000
1.31004	.671271	.000000
1.31037	.671457	.000000
1.3107	.671719	.000000
1.31103	.671891	.000000
1.31137	.672169	.000000
1.3117	.672370	.000000
1.31203	.672545	.000000
1.31236	.672751	.000000
1.31269	.672924	.000000
1.31303	.673081	.000000
1.31336	.673199	.000000
1.31369	.673374	.000000
1.31402	.673641	.000000
1.31436	.673838	.000000
1.31469	.673916	.000000
1.31502	.674113	.000000
1.31536	.674358	.000000
1.31569	.674584	.000000
1.31603	.674815	.000000
1.31636	.675119	.000000
1.31669	.675345	.000000
1.31703	.675440	.000000
1.31736	.675617	.000000
1.3177	.675899	.000000
1.31803	.676156	.000000
1.31837	.676335	.000000
1.3187	.676401	.000000
1.31904	.676571	.000000
1.31937	.676849	.000000
1.31971	.677050	.000000
1.32005	.677231	.000000
1.32038	.677444	.000000
1.32072	.677570	.000000
1.32106	.677751	.000000
1.32139	.678016	.000000
1.32173	.678251	.000000
1.32207	.678387	.000000
1.3224	.678493	.000000
1.32274	.678732	.000000
1.32308	.678981	.000000
1.32342	.679263	.000000
1.32375	.679508	.000000
1.32409	.679673	.000000
1.32443	.679942	.000000
1.32477	.680142	.000000
1.32511	.680334	.000000
1.32545	.680556	.000000
1.32578	.680744	.000000
1.32612	.680954	.000000
1.32646	.681243	.000000
1.3268	.681405	.000000
1.32714	.681533	.000000
1.32748	.681768	.000000
1.32782	.682045	.000000
1.32816	.682272	.000000
1.3285	.682511	.000000
1.32884	.682764	.000000
1.32918	.682991	.000000
1.32952	.683114	.000000
1.32986	.683237	.000000
1.33021	.683459	.000000
1.33055	.683730	.000000
1.33089	.683986	.000000
1.33123	.684207	.000000
1.33157	.684317	.000000
1.33191	.684476	.000000
1.33226	.684754	.000000
1.3326	.684985	.000000
1.33294	.685128	.000000
1.33328	.685392	.000000
1.33363	.685618	.000000
1.33397	.685854	.000000
1.33431	.686176	.000000
1.33466	.686351	.000000
1.335	.686533	.000000
1.33535	.686761	.000000
1.33569	.686960	.000000
1.33603	.687213	.000000
1.33638	.687419	.000000
1.33672	.687664	.000000
1.33707	.687858	.000000
1.33741	.688053	.000000
1.33776	.688329	.000000
1.3381	.688636	.000000
1.33845	.688914	.000000
1.33879	.689073	.000000
1.33914	.689276	.000000
1.33948	.689481	.000000
1.33983	.689657	.000000
1.34018	.689899	.000000
1.34052	.690119	.000000
1.34087	.690370	.000000
1.34122	.690750	.000000
1.34156	.691004	.000000
1.34191	.691118	.000000
1.34226	.691304	.000000
1.34261	.691579	.000000
1.34295	.691812	.000000
1.3433	.692095	.000000
1.34365	.692363	.000000
1.344	.692518	.000000
1.34435	.692789	.000000
1.3447	.693082	.000000
1.34504	.693241	.000000
1.34539	.693347	.000000
1.34574	.693602	.000000
1.34609	.693884	.000000
1.34644	.694090	.000000
1.34679	.694389	.000000
1.34714	.694631	.000000
1.34749	.694801	.000000
1.34784	.695076	.000000
1.34819	.695403	.000000
1.34854	.695629	.000000
1.34889	.695759	.000000
1.34925	.695961	.000000
1.3496	.696189	.000000
1.34995	.696369	.000000
1.3503	.696658	.000000
1.35065	.696998	.000000
1.351	.697308	.000000
1.35135	.697596	.000000
1.35171	.697737	.000000
1.35206	.697805	.000000
1.35241	.698011	.000000
1.35277	.698255	.000000
1.35312	.698519	.000000
1.35347	.698833	.000000
1.35383	.699097	.000000
1.35418	.699297	.000000
1.35453	.699503	.000000
1.35489	.699846	.000000
1.35524	.700155	.000000
1.35559	.700345	.000000
1.35595	.700616	.000000
1.3563	.700880	.000000
1.35666	.701004	.000000
1.35701	.701219	.000000
1.35737	.701541	.000000
1.35772	.701770	.000000
1.35808	.701899	.000000
1.35844	.702182	.000000
1.35879	.702516	.000000
1.35915	.702775	.000000
1.3595	.703040	.000000
1.35986	.703289	.000000
1.36022	.703472	.000000
1.36057	.703694	.000000
1.36093	.703967	.000000
1.36129	.704267	.000000
1.36165	.704433	.000000
1.362	.704630	.000000
1.36236	.704848	.000000
1.36272	.705229	.000000
1.36308	.705546	.000000
1.36344	.705768	.000000
1.3638	.706089	.000000
1.36415	.706308	.000000
1.36451	.706371	.000000
1.36487	.706588	.000000
1.36523	.706920	.000000
1.36559	.707222	.000000
1.36595	.707493	.000000
1.36631	.707654	.000000
1.36667	.707923	.000000
1.36703	.708241	.000000
1.36739	.708467	.000000
1.36775	.708700	.000000
1.36811	.708992	.000000
1.36848	.709213	.000000
1.36884	.709500	.000000
1.3692	.709774	.000000
1.36956	.709969	.000000
1.36992	.710233	.000000
1.37028	.710501	.000000
1.37065	.710685	.000000
1.37101	.710965	.000000
1.37137	.711331	.000000
1.37173	.711629	.000000
1.3721	.711884	.000000
1.37246	.712137	.000000
1.37282	.712399	.000000
1.37319	.712619	.000000
1.37355	.712811	.000000
1.37391	.713035	.000000
1.37428	.713373	.000000
1.37464	.713707	.000000
1.37501	.713974	.000000
1.37537	.714137	.000000
1.37574	.714400	.000000
1.3761	.714711	.000000
1.37647	.715000	.000000
1.37683	.715248	.000000
1.3772	.715412	.000000
1.37757	.715632	.000000
1.37793	.715902	.000000
1.3783	.716270	.000000
1.37866	.716546	.000000
1.37903	.716776	.000000
1.3794	.717090	.000000
1.37976	.717323	.000000
1.38013	.717540	.000000
1.3805	.717735	.000000
1.38087	.718040	.000000
1.38124	.718375	.000000
1.3816	.718613	.000000
1.38197	.718824	.000000
1.38234	.719075	.000000
1.38271	.719355	.000000
1.38308	.719686	.000000
1.38345	.719973	.000000
1.38382	.720201	.000000
1.38419	.720419	.000000
1.38455	.720712	.000000
1.38492	.720927	.000000
1.38529	.721160	.000000
1.38566	.721436	.000000
1.38604	.721808	.000000
1.38641	.722132	.000000
1.38678	.722361	.000000
1.38715	.722674	.000000
1.38752	.722957	.000000
1.38789	.723140	.000000
1.38826	.723505	.000000
1.38863	.723871	.000000
1.38901	.724110	.000000
1.38938	.724341	.000000
1.38975	.724594	.000000
1.39012	.724955	.000000
1.3905	.725288	.000000
1.39087	.725452	.000000
1.39124	.725746	.000000
1.39162	.726068	.000000
1.39199	.726305	.000000
1.39236	.726509	.000000
1.39274	.726803	.000000
1.39311	.727134	.000000
1.39349	.727390	.000000
1.39386	.727661	.000000
1.39423	.727979	.000000
1.39461	.728205	.000000
1.39499	.728452	.000000
1.39536	.728770	.000000
1.39574	.729000	.000000
1.39611	.729189	.000000
1.39649	.729477	.000000
1.39686	.729794	.000000
1.39724	.730083	.000000
1.39762	.730443	.000000
1.39799	.730774	.000000
1.39837	.731043	.000000
1.39875	.731254	.000000
1.39913	.731467	.000000
1.3995	.731702	.000000
1.39988	.731971	.000000
1.40026	.732280	.000000
1.40064	.732618	.000000
1.40102	.732936	.000000
1.4014	.733219	.000000
1.40177	.733512	.000000
1.40215	.733792	.000000
1.40253	.734067	.000000
1.40291	.734272	.000000
1.40329	.734466	.000000
1.40367	.734796	.000000
1.40405	.735123	.000000
1.40443	.735438	.000000
1.40481	.735644	.000000
1.40519	.735994	.000000
1.40557	.736388	.000000
1.40596	.736715	.000000
1.40634	.737000	.000000
1.40672	.737215	.000000
1.4071	.737425	.000000
1.40748	.737645	.000000
1.40786	.737902	.000000
1.40825	.738187	.000000
1.40863	.738523	.000000
1.40901	.738801	.000000
1.40939	.739005	.000000
1.40978	.739283	.000000
1.41016	.739610	.000000
1.41055	.739923	.000000
1.41093	.740250	.000000
1.41131	.740550	.000000
1.4117	.740806	.000000
1.41208	.741068	.000000
1.41247	.741364	.000000
1.41285	.741657	.000000
1.41324	.741941	.000000
1.41362	.742141	.000000
1.41401	.742385	.000000
1.41439	.742772	.000000
1.41478	.743174	.000000
1.41517	.743456	.000000
1.41555	.743621	.000000
1.41594	.743953	.000000
1.41632	.744311	.000000
1.41671	.744572	.000000
1.4171	.744865	.000000
1.41749	.745049	.000000
1.41787	.745329	.000000
1.41826	.745658	.000000
1.41865	.745851	.000000
1.41904	.746131	.000000
1.41943	.746482	.000000
1.41982	.746780	.000000
1.4202	.747103	.000000
1.42059	.747439	.000000
1.42098	.747737	.000000
1.42137	.747925	.000000
1.42176	.748162	.000000
1.42215	.748481	.000000
1.42254	.748767	.000000
1.42293	.749074	.000000
1.42332	.749405	.000000
1.42371	.749659	.000000
1.42411	.749905	.000000
1.4245	.750160	.000000
1.42489	.750485	.000000
1.42528	.750864	.000000
1.42567	.751196	.000000
1.42606	.751493	.000000
1.42646	.751746	.000000
1.42685	.751943	.000000
1.42724	.752210	.000000
1.42763	.752506	.000000
1.42803	.752846	.000000
1.42842	.753182	.000000
1.42881	.753407	.000000
1.42921	.753718	.000000
1.4296	.754051	.000000
1.43	.754262	.000000
1.43039	.754533	.000000
1.43079	.754878	.000000
1.43118	.755203	.000000
1.43158	.755460	.000000
1.43197	.755765	.000000
1.43237	.756079	.000000
1.43276	.756372	.000000
1.43316	.756684	.000000
1.43356	.756914	.000000
1.43395	.757158	.000000
1.43435	.757461	.000000
1.43475	.757810	.000000
1.43514	.758140	.000000
1.43554	.758379	.000000
1.43594	.758613	.000000
1.43634	.758859	.000000
1.43673	.759193	.000000
1.43713	.759446	.000000
1.43753	.759703	.000000
1.43793	.760046	.000000
1.43833	.760382	.000000
1.43873	.760647	.000000
1.43913	.760871	.000000
1.43953	.761179	.000000
1.43993	.761515	.000000
1.44033	.761784	.000000
1.44073	.762035	.000000
1.44113	.762367	.000000
1.44153	.762606	.000000
1.44193	.762840	.000000
1.44233	.763211	.000000
1.44273	.763509	.000000
1.44313	.763791	.000000
1.44353	.764105	.000000
1.44394	.764383	.000000
1.44434	.764705	.000000
1.44474	.765046	.000000
1.44514	.765317	.000000
1.44555	.765530	.000000
1.44595	.765801	.000000
1.44635	.766121	.000000
1.44676	.766379	.000000
1.44716	.766677	.000000
1.44756	.767002	.000000
1.44797	.767273	.000000
1.44837	.767559	.000000
1.44878	.767859	.000000
1.44918	.768205	.000000
1.44959	.768465	.000000
1.44999	.768650	.000000
1.4504	.768973	.000000
1.4508	.769387	.000000
1.45121	.769708	.000000
1.45162	.769905	.000000
1.45202	.770169	.000000
1.45243	.770528	.000000
1.45284	.770769	.000000
1.45324	.771041	.000000
1.45365	.771363	.000000
1.45406	.771601	.000000
1.45447	.771871	.000000
1.45488	.772152	.000000
1.45528	.772418	.000000
1.45569	.772674	.000000
1.4561	.772981	.000000
1.45651	.773354	.000000
1.45692	.773704	.000000
1.45733	.773979	.000000
1.45774	.774242	.000000
1.45815	.774553	.000000
1.45856	.774819	.000000
1.45897	.775140	.000000
1.45938	.775481	.000000
1.45979	.775796	.000000
1.4602	.776060	.000000
1.46061	.776345	.000000
1.46102	.776563	.000000
1.46144	.776789	.000000
1.46185	.777125	.000000
1.46226	.777490	.000000
1.46267	.777747	.000000
1.46309	.777987	.000000
1.4635	.778325	.000000
1.46391	.778641	.000000
1.46433	.778861	.000000
1.46474	.779143	.000000
1.46515	.779409	.000000
1.46557	.779734	.000000
1.46598	.779992	.000000
1.4664	.780249	.000000
1.46681	.780584	.000000
1.46723	.780911	.000000
1.46764	.781282	.000000
1.46806	.781542	.000000
1.46847	.781750	.000000
1.46889	.781990	.000000
1.46931	.782367	.000000
1.46972	.782758	.000000
1.47014	.783030	.000000
1.47056	.783303	.000000
1.47097	.783576	.000000
1.47139	.783814	.000000
1.47181	.784062	.000000
1.47223	.784389	.000000
1.47264	.784696	.000000
1.47306	.784994	.000000
1.47348	.785310	.000000
1.4739	.785530	.000000
1.47432	.785801	.000000
1.47474	.786163	.000000
1.47516	.786360	.000000
1.47558	.786540	.000000
1.476	.786847	.000000
1.47642	.787254	.000000
1.47684	.787620	.000000
1.47726	.787850	.000000
1.47768	.788121	.000000
1.4781	.788393	.000000
1.47852	.788639	.000000
1.47894	.788962	.000000
1.47937	.789264	.000000
1.47979	.789580	.000000
1.48021	.789811	.000000
1.48063	.790030	.000000
1.48106	.790375	.000000
1.48148	.790698	.000000
1.4819	.790964	.000000
1.48233	.791240	.000000
1.48275	.791495	.000000
1.48318	.791802	.000000
1.4836	.792057	.000000
1.48402	.792283	.000000
1.48445	.792638	.000000
1.48487	.792942	.000000
1.4853	.793226	.000000
1.48573	.793482	.000000
1.48615	.793710	.000000
1.48658	.794010	.000000
1.487	.794291	.000000
1.48743	.794559	.000000
1.48786	.794864	.000000
1.48828	.795149	.000000
1.48871	.795462	.000000
1.48914	.795747	.000000
1.48957	.795922	.000000
1.49	.796146	.000000
1.49042	.796464	.000000
1.49085	.796799	.000000
1.49128	.797149	.000000
1.49171	.797411	.000000
1.49214	.797687	.000000
1.49257	.797969	.000000
1.493	.798233	.000000
1.49343	.798509	.000000
1.49386	.798762	.000000
1.49429	.799001	.000000
1.49472	.799299	.000000
1.49515	.799692	.000000
1.49558	.799969	.000000
1.49601	.800202	.000000
1.49645	.800523	.000000
1.49688	.800724	.000000
1.49731	.800941	.000000
1.49774	.801287	.000000
1.49818	.801607	.000000
1.49861	.801851	.000000
1.49904	.802118	.000000
1.49948	.802359	.000000
1.49991	.802577	.000000
1.50034	.802870	.000000
1.50078	.803200	.000000
1.50121	.803520	.000000
1.50165	.803843	.000000
1.50208	.804114	.000000
1.50252	.804322	.000000
1.50295	.804557	.000000
1.50339	.804904	.000000
1.50382	.805200	.000000
1.50426	.805435	.000000
1.5047	.805666	.000000
1.50513	.805970	.000000
1.50557	.806297	.000000
1.50601	.806643	.000000
1.50645	.806938	.000000
1.50688	.807115	.000000
1.50732	.807297	.000000
1.50776	.807538	.000000
1.5082	.807798	.000000
1.50864	.808130	.000000
1.50908	.808435	.000000
1.50952	.808695	.000000
1.50996	.808892	.000000
1.5104	.809111	.000000
1.51084	.809382	.000000
1.51128	.809689	.000000
1.51172	.810038	.000000
1.51216	.810390	.000000
1.5126	.810621	.000000
1.51304	.810823	.000000
1.51348	.811062	.000000
1.51392	.811293	.000000
1.51437	.811477	.000000
1.51481	.811714	.000000
1.51525	.811992	.000000
1.51569	.812286	.000000
1.51614	.812617	.000000
1.51658	.812977	.000000
1.51702	.813229	.000000
1.51747	.813443	.000000
1.51791	.813710	.000000
1.51836	.814019	.000000
1.5188	.814304	.000000
1.51925	.814552	.000000
1.51969	.814855	.000000
1.52014	.815121	.000000
1.52058	.815348	.000000
1.52103	.815547	.000000
1.52148	.815737	.000000
1.52192	.815982	.000000
1.52237	.816306	.000000
1.52282	.816638	.000000
1.52326	.816898	.000000
1.52371	.817211	.000000
1.52416	.817455	.000000
1.52461	.817604	.000000
1.52506	.817852	.000000
1.52551	.818145	.000000
1.52595	.818448	.000000
1.5264	.818746	.000000
1.52685	.818970	.000000
1.5273	.819098	.000000
1.52775	.819286	.000000
1.5282	.819573	.000000
1.52865	.819882	.000000
1.5291	.820157	.000000
1.52956	.820424	.000000
1.53001	.820654	.000000
1.53046	.820923	.000000
1.53091	.821181	.000000
1.53136	.821376	.000000
1.53182	.821577	.000000
1.53227	.821831	.000000
1.53272	.822126	.000000
1.53317	.822393	.000000
1.53363	.822650	.000000
1.53408	.822895	.000000
1.53454	.823175	.000000
1.53499	.823407	.000000
1.53544	.823636	.000000
1.5359	.823851	.000000
1.53635	.824097	.000000
1.53681	.824331	.000000
1.53727	.824592	.000000
1.53772	.824864	.000000
1.53818	.825103	.000000
1.53863	.825357	.000000
1.53909	.825612	.000000
1.53955	.825816	.000000
1.54	.826033	.000000
1.54046	.826272	.000000
1.54092	.826508	.000000
1.54138	.826839	.000000
1.54184	.827119	.000000
1.5423	.827368	.000000
1.54275	.827630	.000000
1.54321	.827841	.000000
1.54367	.828024	.000000
1.54413	.828248	.000000
1.54459	.828511	.000000
1.54505	.828755	.000000
1.54551	.828970	.000000
1.54597	.829234	.000000
1.54644	.829480	.000000
1.5469	.829610	.000000
1.54736	.829816	.000000
1.54782	.830036	.000000
1.54828	.830229	.000000
1.54875	.830470	.000000
1.54921	.830744	.000000
1.54967	.830993	.000000
1.55013	.831257	.000000
1.5506	.831550	.000000
1.55106	.831842	.000000
1.55153	.832157	.000000
1.55199	.832379	.000000
1.55245	.832570	.000000
1.55292	.832820	.000000
1.55339	.833078	.000000
1.55385	.833246	.000000
1.55432	.833389	.000000
1.55478	.833658	.000000
1.55525	.834017	.000000
1.55572	.834220	.000000
1.55618	.834404	.000000
1.55665	.834631	.000000
1.55712	.834830	.000000
1.55759	.834998	.000000
1.55805	.835213	.000000
1.55852	.835518	.000000
1.55899	.835773	.000000
1.55946	.835934	.000000
1.55993	.836077	.000000
1.5604	.836335	.000000
1.56087	.836543	.000000
1.56134	.836691	.000000
1.56181	.836926	.000000
1.56228	.837202	.000000
1.56275	.837402	.000000
1.56322	.837610	.000000
1.56369	.837888	.000000
1.56416	.838080	.000000
1.56464	.838335	.000000
1.56511	.838649	.000000
1.56558	.838828	.000000
1.56605	.839003	.000000
1.56653	.839191	.000000
1.567	.839404	.000000
1.56747	.839628	.000000
1.56795	.839897	.000000
1.56842	.840154	.000000
1.5689	.840367	.000000
1.56937	.840538	.000000
1.56985	.840704	.000000
1.57032	.840885	.000000
1.5708	.841068	.000000
1.57127	.841333	.000000
1.57175	.841615	.000000
1.57223	.841801	.000000
1.5727	.841982	.000000
1.57318	.842124	.000000
1.57366	.842325	.000000
1.57414	.842578	.000000
1.57461	.842832	.000000
1.57509	.843118	.000000
1.57557	.843315	.000000
1.57605	.843387	.000000
1.57653	.843578	.000000
1.57701	.843862	.000000
1.57749	.844129	.000000
1.57797	.844305	.000000
1.57845	.844476	.000000
1.57893	.844680	.000000
1.57941	.844930	.000000
1.57989	.845114	.000000
1.58037	.845255	.000000
1.58086	.845484	.000000
1.58134	.845692	.000000
1.58182	.845905	.000000
1.5823	.846172	.000000
1.58279	.846384	.000000
1.58327	.846552	.000000
1.58375	.846722	.000000
1.58424	.846920	.000000
1.58472	.847068	.000000
1.58521	.847227	.000000
1.58569	.847415	.000000
1.58618	.847578	.000000
1.58666	.847769	.000000
1.58715	.848004	.000000
1.58763	.848201	.000000
1.58812	.848463	.000000
1.58861	.848741	.000000
1.58909	.848920	.000000
1.58958	.849026	.000000
1.59007	.849200	.000000
1.59055	.849352	.000000
1.59104	.849530	.000000
1.59153	.849744	.000000
1.59202	.849942	.000000
1.59251	.850063	.000000
1.593	.850267	.000000
1.59349	.850553	.000000
1.59398	.850757	.000000
1.59447	.850916	.000000
1.59496	.851059	.000000
1.59545	.851283	.000000
1.59594	.851480	.000000
1.59643	.851564	.000000
1.59692	.851695	.000000
1.59742	.851942	.000000
1.59791	.852117	.000000
1.5984	.852245	.000000
1.59889	.852441	.000000
1.59939	.852619	.000000
1.59988	.852814	.000000
1.60037	.853048	.000000
1.60087	.853281	.000000
1.60136	.853454	.000000
1.60186	.853597	.000000
1.60235	.853781	.000000
1.60285	.853989	.000000
1.60334	.854195	.000000
1.60384	.854354	.000000
1.60434	.854502	.000000
1.60483	.854614	.000000
1.60533	.854798	.000000
1.60583	.855038	.000000
1.60632	.855239	.000000
1.60682	.855399	.000000
1.60732	.855520	.000000
1.60782	.855744	.000000
1.60832	.855954	.000000
1.60882	.856113	.000000
1.60932	.856290	.000000
1.60981	.856447	.000000
1.61031	.856621	.000000
1.61082	.856781	.000000
1.61132	.856854	.000000
1.61182	.857007	.000000
1.61232	.857267	.000000
1.61282	.857502	.000000
1.61332	.857638	.000000
1.61382	.857740	.000000
1.61433	.857937	.000000
1.61483	.858109	.000000
1.61533	.858304	.000000
1.61584	.858499	.000000
1.61634	.858615	.000000
1.61684	.858808	.000000
1.61735	.858980	.000000
1.61785	.859115	.000000
1.61836	.859247	.000000
1.61886	.859368	.000000
1.61937	.859597	.000000
1.61987	.859787	.000000
1.62038	.859899	.000000
1.62089	.860027	.000000
1.62139	.860168	.000000
1.6219	.860356	.000000
1.62241	.860493	.000000
1.62292	.860595	.000000
1.62342	.860786	.000000
1.62393	.860978	.000000
1.62444	.861108	.000000
1.62495	.861216	.000000
1.62546	.861366	.000000
1.62597	.861559	.000000
1.62648	.861716	.000000
1.62699	.861823	.000000
1.6275	.861985	.000000
1.62801	.862146	.000000
1.62852	.862365	.000000
1.62904	.862567	.000000
1.62955	.862639	.000000
1.63006	.862768	.000000
1.63057	.862932	.000000
1.63109	.863082	.000000
1.6316	.863243	.000000
1.63211	.863371	.000000
1.63263	.863512	.000000
1.63314	.863646	.000000
1.63365	.863754	.000000
1.63417	.863967	.000000
1.63468	.864162	.000000
1.6352	.864240	.000000
1.63572	.864305	.000000
1.63623	.864368	.000000
1.63675	.864484	.000000
1.63727	.864666	.000000
1.63778	.864928	.000000
1.6383	.865121	.000000
1.63882	.865242	.000000
1.63934	.865371	.000000
1.63985	.865490	.000000
1.64037	.865542	.000000
1.64089	.865656	.000000
1.64141	.865788	.000000
1.64193	.865925	.000000
1.64245	.866062	.000000
1.64297	.866276	.000000
1.64349	.866447	.000000
1.64401	.866440	.000000
1.64454	.866543	.000000
1.64506	.866778	.000000
1.64558	.866957	.000000
1.6461	.867107	.000000
1.64663	.867253	.000000
1.64715	.867298	.000000
1.64767	.867381	.000000
1.6482	.867520	.000000
1.64872	.867621	.000000
1.64924	.867797	.000000
1.64977	.867984	.000000
1.65029	.868095	.000000
1.65082	.868163	.000000
1.65135	.868281	.000000
1.65187	.868416	.000000
1.6524	.868582	.000000
1.65292	.868687	.000000
1.65345	.868781	.000000
1.65398	.868931	.000000
1.65451	.869094	.000000
1.65504	.869216	.000000
1.65556	.869285	.000000
1.65609	.869370	.000000
1.65662	.869511	.000000
1.65715	.869677	.000000
1.65768	.869737	.000000
1.65821	.869825	.000000
1.65874	.869971	.000000
1.65927	.870078	.000000
1.6598	.870174	.000000
1.66034	.870385	.000000
1.66087	.870530	.000000
1.6614	.870620	.000000
1.66193	.870699	.000000
1.66246	.870774	.000000
1.663	.870960	.000000
1.66353	.871059	.000000
1.66407	.871079	.000000
1.6646	.871243	.000000
1.66513	.871422	.000000
1.66567	.871570	.000000
1.6662	.871659	.000000
1.66674	.871693	.000000
1.66728	.871783	.000000
1.66781	.871957	.000000
1.66835	.872076	.000000
1.66889	.872188	.000000
1.66942	.872285	.000000
1.66996	.872385	.000000
1.6705	.872574	.000000
1.67104	.872715	.000000
1.67158	.872811	.000000
1.67212	.872880	.000000
1.67265	.872950	.000000
1.67319	.873048	.000000
1.67373	.873178	.000000
1.67428	.873301	.000000
1.67482	.873384	.000000
1.67536	.873503	.000000
1.6759	.873651	.000000
1.67644	.873774	.000000
1.67698	.873866	.000000
1.67753	.873985	.000000
1.67807	.874039	.000000
1.67861	.874090	.000000
1.67916	.874209	.000000
1.6797	.874305	.000000
1.68024	.874384	.000000
1.68079	.874565	.000000
1.68133	.874713	.000000
1.68188	.874778	.000000
1.68242	.874843	.000000
1.68297	.874932	.000000
1.68352	.875015	.000000
1.68406	.875136	.000000
1.68461	.875255	.000000
1.68516	.875333	.000000
1.68571	.875416	.000000
1.68625	.875519	.000000
1.6868	.875627	.000000
1.68735	.875756	.000000
1.6879	.875887	.000000
1.68845	.875996	.000000
1.689	.876082	.000000
1.68955	.876129	.000000
1.6901	.876229	.000000
1.69065	.876252	.000000
1.6912	.876346	.000000
1.69176	.876467	.000000
1.69231	.876447	.000000
1.69286	.876554	.000000
1.69341	.876727	.000000
1.69397	.876782	.000000
1.69452	.876847	.000000
1.69508	.876924	.000000
1.69563	.877049	.000000
1.69618	.877183	.000000
1.69674	.877307	.000000
1.69729	.877435	.000000
1.69785	.877490	.000000
1.69841	.877519	.000000
1.69896	.877587	.000000
1.69952	.877746	.000000
1.70008	.877833	.000000
1.70064	.877894	.000000
1.70119	.877952	.000000
1.70175	.878037	.000000
1.70231	.878133	.000000
1.70287	.878212	.000000
1.70343	.878263	.000000
1.70399	.878355	.000000
1.70455	.878434	.000000
1.70511	.878510	.000000
1.70567	.878624	.000000
1.70623	.878707	.000000
1.70679	.878743	.000000
1.70736	.878810	.000000
1.70792	.878872	.000000
1.70848	.878973	.000000
1.70904	.879061	.000000
1.70961	.879101	.000000
1.71017	.879168	.000000
1.71074	.879285	.000000
1.7113	.879408	.000000
1.71187	.879444	.000000
1.71243	.879484	.000000
1.713	.879601	.000000
1.71356	.879674	.000000
1.71413	.879708	.000000
1.7147	.879767	.000000
1.71526	.879798	.000000
1.71583	.879852	.000000
1.7164	.879975	.000000
1.71697	.880096	.000000
1.71754	.880132	.000000
1.7181	.880219	.000000
1.71867	.880300	.000000
1.71924	.880393	.000000
1.71981	.880492	.000000
1.72039	.880562	.000000
1.72096	.880598	.000000
1.72153	.880642	.000000
1.7221	.880687	.000000
1.72267	.880765	.000000
1.72324	.880826	.000000
1.72382	.880915	.000000
1.72439	.881025	.000000
1.72496	.881068	.000000
1.72554	.881120	.000000
1.72611	.881193	.000000
1.72669	.881288	.000000
1.72726	.881390	.000000
1.72784	.881458	.000000
1.72841	.881520	.000000
1.72899	.881583	.000000
1.72957	.881621	.000000
1.73014	.881731	.000000
1.73072	.881868	.000000
1.7313	.881876	.000000
1.73188	.881899	.000000
1.73246	.882004	.000000
1.73304	.882071	.000000
1.73362	.882083	.000000
1.7342	.882116	.000000
1.73478	.882222	.000000
1.73536	.882360	.000000
1.73594	.882426	.000000
1.73652	.882441	.000000
1.7371	.882421	.000000
1.73768	.882493	.000000
1.73827	.882622	.000000
1.73885	.882708	.000000
1.73943	.882817	.000000
1.74002	.882874	.000000
1.7406	.882864	.000000
1.74118	.882970	.000000
1.74177	.883030	.000000
1.74235	.883044	.000000
1.74294	.883167	.000000
1.74353	.883261	.000000
1.74411	.883265	.000000
1.7447	.883250	.000000
1.74529	.883306	.000000
1.74588	.883434	.000000
1.74646	.883512	.000000
1.74705	.883532	.000000
1.74764	.883610	.000000
1.74823	.883700	.000000
1.74882	.883772	.000000
1.74941	.883835	.000000
1.75	.883906	.000000
1.75059	.883929	.000000
1.75118	.883940	.000000
1.75177	.884002	.000000
1.75237	.884059	.000000
1.75296	.884182	.000000
1.75355	.884271	.000000
1.75414	.884255	.000000
1.75474	.884289	.000000
1.75533	.884350	.000000
1.75593	.884372	.000000
1.75652	.884410	.000000
1.75712	.884513	.000000
1.75771	.884558	.000000
1.75831	.884609	.000000
1.75891	.884686	.000000
1.7595	.884731	.000000
1.7601	.884773	.000000
1.7607	.884818	.000000
1.7613	.884876	.000000
1.76189	.884932	.000000
1.76249	.884990	.000000
1.76309	.884990	.000000
1.76369	.885039	.000000
1.76429	.885156	.000000
1.76489	.885234	.000000
1.76549	.885228	.000000
1.76609	.885230	.000000
1.7667	.885207	.000000
1.7673	.885270	.000000
1.7679	.885387	.000000
1.7685	.885485	.000000
1.76911	.885499	.000000
1.76971	.885524	.000000
1.77032	.885613	.000000
1.77092	.885651	.000000
1.77153	.885635	.000000
1.77213	.885667	.000000
1.77274	.885716	.000000
1.77334	.885730	.000000
1.77395	.885804	.000000
1.77456	.885944	.000000
1.77516	.886086	.000000
1.77577	.886095	.000000
1.77638	.886030	.000000
1.77699	.886075	.000000
1.7776	.886090	.000000
1.77821	.886119	.000000
1.77882	.886204	.000000
1.77943	.886294	.000000
1.78004	.886393	.000000
1.78065	.886433	.000000
1.78126	.886458	.000000
1.78188	.886484	.000000
1.78249	.886523	.000000
1.7831	.886587	.000000
1.78371	.886643	.000000
1.78433	.886682	.000000
1.78494	.886711	.000000
1.78556	.886738	.000000
1.78617	.886731	.000000
1.78679	.886816	.000000
1.7874	.886935	.000000
1.78802	.886986	.000000
1.78864	.887015	.000000
1.78925	.887049	.000000
1.78987	.887018	.000000
1.79049	.887009	.000000
1.79111	.887083	.000000
1.79173	.887136	.000000
1.79235	.887172	.000000
1.79297	.887282	.000000
1.79359	.887333	.000000
1.79421	.887298	.000000
1.79483	.887309	.000000
1.79545	.887376	.000000
1.79607	.887381	.000000
1.79669	.887376	.000000
1.79732	.887472	.000000
1.79794	.887555	.000000
1.79856	.887569	.000000
1.79919	.887625	.000000
1.79981	.887667	.000000
1.80044	.887649	.000000
1.80106	.887685	.000000
1.80169	.887699	.000000
1.80232	.887773	.000000
1.80294	.887896	.000000
1.80357	.887983	.000000
1.8042	.888012	.000000
1.80483	.887988	.000000
1.80545	.887987	.000000
1.80608	.888026	.000000
1.80671	.888077	.000000
1.80734	.888102	.000000
1.80797	.888113	.000000
1.8086	.888099	.000000
1.80923	.888088	.000000
1.80987	.888165	.000000
1.8105	.888267	.000000
1.81113	.888310	.000000
1.81176	.888351	.000000
1.8124	.888377	.000000
1.81303	.888422	.000000
1.81366	.888418	.000000
1.8143	.888422	.000000
1.81493	.888429	.000000
1.81557	.888404	.000000
1.81621	.888447	.000000
1.81684	.888539	.000000
1.81748	.888595	.000000
1.81812	.888574	.000000
1.81875	.888642	.000000
1.81939	.888696	.000000
1.82003	.888724	.000000
1.82067	.888769	.000000
1.82131	.888792	.000000
1.82195	.888808	.000000
1.82259	.888863	.000000
1.82323	.888868	.000000
1.82387	.888790	.000000
1.82451	.888808	.000000
1.82516	.888846	.000000
1.8258	.888839	.000000
1.82644	.888915	.000000
1.82709	.888976	.000000
1.82773	.888985	.000000
1.82837	.889020	.000000
1.82902	.889092	.000000
1.82966	.889153	.000000
1.83031	.889197	.000000
1.83096	.889188	.000000
1.8316	.889161	.000000
1.83225	.889186	.000000
1.8329	.889190	.000000
1.83355	.889166	.000000
1.8342	.889209	.000000
1.83484	.889274	.000000
1.83549	.889305	.000000
1.83614	.889314	.000000
1.83679	.889368	.000000
1.83745	.889433	.000000
1.8381	.889484	.000000
1.83875	.889518	.000000
1.8394	.889500	.000000
1.84005	.889538	.000000
1.84071	.889583	.000000
1.84136	.889591	.000000
1.84201	.889638	.000000
1.84267	.889666	.000000
1.84332	.889654	.000000
1.84398	.889665	.000000
1.84464	.889742	.000000
1.84529	.889782	.000000
1.84595	.889787	.000000
1.84661	.889798	.000000
1.84727	.889834	.000000
1.84792	.889936	.000000
1.84858	.889981	.000000
1.84924	.889957	.000000
1.8499	.889975	.000000
1.85056	.889992	.000000
1.85122	.889981	.000000
1.85188	.889979	.000000
1.85255	.889946	.000000
1.85321	.889950	.000000
1.85387	.890048	.000000
1.85453	.890134	.000000
1.8552	.890136	.000000
1.85586	.890131	.000000
1.85653	.890152	.000000
1.85719	.890214	.000000
1.85786	.890225	.000000
1.85852	.890219	.000000
1.85919	.890228	.000000
1.85986	.890268	.000000
1.86052	.890319	.000000
1.86119	.890351	.000000
1.86186	.890403	.000000
1.86253	.890425	.000000
1.8632	.890407	.000000
1.86387	.890422	.000000
1.86454	.890450	.000000
1.86521	.890485	.000000
1.86588	.890483	.000000
1.86655	.890508	.000000
1.86722	.890525	.000000
1.8679	.890544	.000000
1.86857	.890541	.000000
1.86924	.890550	.000000
1.86992	.890573	.000000
1.87059	.890550	.000000
1.87127	.890611	.000000
1.87194	.890665	.000000
1.87262	.890611	.000000
1.8733	.890646	.000000
1.87397	.890644	.000000
1.87465	.890602	.000000
1.87533	.890609	.000000
1.87601	.890617	.000000
1.87669	.890631	.000000
1.87736	.890680	.000000
1.87804	.890627	.000000
1.87873	.890676	.000000
1.87941	.890664	.000000
1.88009	.890552	.000000
1.88077	.890539	.000000
1.88145	.890555	.000000
1.88214	.890611	.000000
1.88282	.890609	.000000
1.8835	.890561	.000000
1.88419	.890555	.000000
1.88487	.890534	.000000
1.88556	.890512	.000000
1.88624	.890559	.000000
1.88693	.890597	.000000
1.88762	.890611	.000000
1.8883	.890584	.000000
1.88899	.890590	.000000
1.88968	.890593	.000000
1.89037	.890617	.000000
1.89106	.890642	.000000
1.89175	.890609	.000000
1.89244	.890590	.000000
1.89313	.890622	.000000
1.89382	.890647	.000000
1.89451	.890689	.000000
1.89521	.890696	.000000
1.8959	.890711	.000000
1.89659	.890678	.000000
1.89729	.890640	.000000
1.89798	.890627	.000000
1.89868	.890636	.000000
1.89937	.890655	.000000
1.90007	.890660	.000000
1.90077	.890667	.000000
1.90146	.890669	.000000
1.90216	.890671	.000000
1.90286	.890702	.000000
1.90356	.890748	.000000
1.90426	.890770	.000000
1.90496	.890738	.000000
1.90566	.890694	.000000
1.90636	.890711	.000000
1.90706	.890759	.000000
1.90776	.890810	.000000
1.90846	.890821	.000000
1.90916	.890777	.000000
1.90987	.890738	.000000
1.91057	.890734	.000000
1.91128	.890756	.000000
1.91198	.890806	.000000
1.91269	.890848	.000000
1.91339	.890897	.000000
1.9141	.890944	.000000
1.9148	.890920	.000000
1.91551	.890886	.000000
1.91622	.890860	.000000
1.91693	.890907	.000000
1.91764	.890945	.000000
1.91835	.890911	.000000
1.91906	.890844	.000000
1.91977	.890855	.000000
1.92048	.890873	.000000
1.92119	.890944	.000000
1.9219	.890965	.000000
1.92261	.891025	.000000
1.92333	.891066	.000000
1.92404	.891023	.000000
1.92476	.891036	.000000
1.92547	.891039	.000000
1.92619	.891036	.000000
1.9269	.891092	.000000
1.92762	.891148	.000000
1.92834	.891150	.000000
1.92905	.891140	.000000
1.92977	.891180	.000000
1.93049	.891229	.000000
1.93121	.891271	.000000
1.93193	.891276	.000000
1.93265	.891200	.000000
1.93337	.891198	.000000
1.93409	.891252	.000000
1.93481	.891260	.000000
1.93553	.891301	.000000
1.93626	.891314	.000000
1.93698	.891280	.000000
1.9377	.891336	.000000
1.93843	.891406	.000000
1.93915	.891381	.000000
1.93988	.891372	.000000
1.94061	.891406	.000000
1.94133	.891455	.000000
1.94206	.891442	.000000
1.94279	.891440	.000000
1.94351	.891469	.000000
1.94424	.891487	.000000
1.94497	.891507	.000000
1.9457	.891478	.000000
1.94643	.891478	.000000
1.94716	.891561	.000000
1.9479	.891652	.000000
1.94863	.891666	.000000
1.94936	.891679	.000000
1.95009	.891700	.000000
1.95083	.891720	.000000
1.95156	.891780	.000000
1.9523	.891760	.000000
1.95303	.891751	.000000
1.95377	.891800	.000000
1.9545	.891785	.000000
1.95524	.891764	.000000
1.95598	.891803	.000000
1.95672	.891829	.000000
1.95746	.891836	.000000
1.9582	.891858	.000000
1.95894	.891850	.000000
1.95968	.891888	.000000
1.96042	.891924	.000000
1.96116	.891919	.000000
1.9619	.891935	.000000
1.96264	.892000	.000000
1.96339	.892024	.000000
1.96413	.892015	.000000
1.96487	.892051	.000000
1.96562	.892089	.000000
1.96636	.892069	.000000
1.96711	.892080	.000000
1.96786	.892109	.000000
1.9686	.892055	.000000
1.96935	.892022	.000000
1.9701	.892055	.000000
1.97085	.892107	.000000
1.9716	.892192	.000000
1.97235	.892179	.000000
1.9731	.892152	.000000
1.97385	.892190	.000000
1.9746	.892286	.000000
1.97535	.892313	.000000
1.97611	.892242	.000000
1.97686	.892237	.000000
1.97761	.892298	.000000
1.97837	.892322	.000000
1.97912	.892309	.000000
1.97988	.892278	.000000
1.98064	.892295	.000000
1.98139	.892307	.000000
1.98215	.892325	.000000
1.98291	.892354	.000000
1.98367	.892394	.000000
1.98443	.892428	.000000
1.98519	.892398	.000000
1.98595	.892403	.000000
1.98671	.892416	.000000
1.98747	.892452	.000000
1.98823	.892484	.000000
1.98899	.892472	.000000
1.98976	.892506	.000000
1.99052	.892512	.000000
1.99129	.892481	.000000
1.99205	.892463	.000000
1.99282	.892475	.000000
1.99358	.892497	.000000
1.99435	.892528	.000000
1.99512	.892609	.000000
1.99589	.892658	.000000
1.99665	.892629	.000000
1.99742	.892611	.000000
1.99819	.892593	.000000
1.99896	.892596	.000000
1.99973	.892598	.000000
2.00051	.892598	.000000
2.00128	.892609	.000000
2.00205	.892633	.000000
2.00282	.892665	.000000
2.0036	.892698	.000000
2.00437	.892750	.000000
2.00515	.892752	.000000
2.00592	.892795	.000000
2.0067	.892804	.000000
2.00748	.892849	.000000
2.00825	.892876	.000000
2.00903	.892885	.000000
2.00981	.892871	.000000
2.01059	.892875	.000000
2.01137	.892925	.000000
2.01215	.892945	.000000
2.01293	.892954	.000000
2.01371	.892978	.000000
2.0145	.892967	.000000
2.01528	.893023	.000000
2.01606	.893072	.000000
2.01685	.893075	.000000
2.01763	.893124	.000000
2.01842	.893135	.000000
2.0192	.893073	.000000
2.01999	.893035	.000000
2.02078	.893124	.000000
2.02157	.893218	.000000
2.02235	.893220	.000000
2.02314	.893178	.000000
2.02393	.893230	.000000
2.02472	.893232	.000000
2.02552	.893214	.000000
2.02631	.893247	.000000
2.0271	.893294	.000000
2.02789	.893348	.000000
2.02869	.893429	.000000
2.02948	.893427	.000000
2.03027	.893404	.000000
2.03107	.893440	.000000
2.03187	.893471	.000000
2.03266	.893480	.000000
2.03346	.893492	.000000
2.03426	.893529	.000000
2.03506	.893568	.000000
2.03585	.893586	.000000
2.03665	.893621	.000000
2.03745	.893631	.000000
2.03826	.893651	.000000
2.03906	.893687	.000000
2.03986	.893673	.000000
2.04066	.893689	.000000
2.04147	.893747	.000000
2.04227	.893767	.000000
2.04307	.893765	.000000
2.04388	.893821	.000000
2.04469	.893839	.000000
2.04549	.893828	.000000
2.0463	.893874	.000000
2.04711	.893812	.000000
2.04792	.893792	.000000
2.04873	.893830	.000000
2.04954	.893846	.000000
2.05035	.893837	.000000
2.05116	.893852	.000000
2.05197	.893942	.000000
2.05278	.894016	.000000
2.05359	.894004	.000000
2.05441	.893982	.000000
2.05522	.893975	.000000
2.05604	.893976	.000000
2.05685	.893951	.000000
2.05767	.893917	.000000
2.05849	.893967	.000000
2.0593	.894036	.000000
2.06012	.894051	.000000
2.06094	.894103	.000000
2.06176	.894096	.000000
2.06258	.894047	.000000
2.0634	.894023	.000000
2.06422	.894009	.000000
2.06505	.894090	.000000
2.06587	.894146	.000000
2.06669	.894152	.000000
2.06752	.894139	.000000
2.06834	.894141	.000000
2.06917	.894195	.000000
2.06999	.894204	.000000
2.07082	.894175	.000000
2.07165	.894157	.000000
2.07247	.894105	.000000
2.0733	.894119	.000000
2.07413	.894175	.000000
2.07496	.894211	.000000
2.07579	.894231	.000000
2.07662	.894224	.000000
2.07746	.894193	.000000
2.07829	.894206	.000000
2.07912	.894284	.000000
2.07996	.894322	.000000
2.08079	.894293	.000000
2.08163	.894253	.000000
2.08246	.894264	.000000
2.0833	.894247	.000000
2.08414	.894246	.000000
2.08498	.894256	.000000
2.08581	.894311	.000000
2.08665	.894332	.000000
2.08749	.894305	.000000
2.08833	.894383	.000000
2.08918	.894397	.000000
2.09002	.894379	.000000
2.09086	.894388	.000000
2.0917	.894376	.000000
2.09255	.894405	.000000
2.09339	.894443	.000000
2.09424	.894439	.000000
2.09508	.894426	.000000
2.09593	.894421	.000000
2.09678	.894430	.000000
2.09763	.894379	.000000
2.09848	.894294	.000000
2.09933	.894325	.000000
2.10018	.894408	.000000
2.10103	.894412	.000000
2.10188	.894405	.000000
2.10273	.894453	.000000
2.10359	.894457	.000000
2.10444	.894390	.000000
2.10529	.894387	.000000
2.10615	.894390	.000000
2.107	.894424	.000000
2.10786	.894432	.000000
2.10872	.894461	.000000
2.10958	.894578	.000000
2.11044	.894596	.000000
2.11129	.894536	.000000
2.11215	.894504	.000000
2.11302	.894479	.000000
2.11388	.894502	.000000
2.11474	.894506	.000000
2.1156	.894529	.000000
2.11647	.894562	.000000
2.11733	.894571	.000000
2.1182	.894578	.000000
2.11906	.894558	.000000
2.11993	.894582	.000000
2.12079	.894665	.000000
2.12166	.894620	.000000
2.12253	.894612	.000000
2.1234	.894677	.000000
2.12427	.894661	.000000
2.12514	.894614	.000000
2.12601	.894652	.000000
2.12688	.894647	.000000
2.12776	.894612	.000000
2.12863	.894602	.000000
2.1295	.894567	.000000
2.13038	.894540	.000000
2.13126	.894546	.000000
2.13213	.894591	.000000
2.13301	.894656	.000000
2.13389	.894701	.000000
2.13477	.894784	.000000
2.13564	.894793	.000000
2.13652	.894746	.000000
2.13741	.894668	.000000
2.13829	.894652	.000000
2.13917	.894703	.000000
2.14005	.894755	.000000
2.14094	.894769	.000000
2.14182	.894762	.000000
2.14271	.894748	.000000
2.14359	.894719	.000000
2.14448	.894717	.000000
2.14537	.894744	.000000
2.14625	.894748	.000000
2.14714	.894701	.000000
2.14803	.894686	.000000
2.14892	.894750	.000000
2.14981	.894802	.000000
2.15071	.894764	.000000
2.1516	.894775	.000000
2.15249	.894860	.000000
2.15339	.894892	.000000
2.15428	.894876	.000000
2.15518	.894822	.000000
2.15607	.894804	.000000
2.15697	.894836	.000000
2.15787	.894903	.000000
2.15876	.894896	.000000
2.15966	.894836	.000000
2.16056	.894782	.000000
2.16146	.894840	.000000
2.16237	.894901	.000000
2.16327	.894898	.000000
2.16417	.894867	.000000
2.16507	.894856	.000000
2.16598	.894845	.000000
2.16688	.894798	.000000
2.16779	.894779	.000000
2.1687	.894835	.000000
2.1696	.894844	.000000
2.17051	.894907	.000000
2.17142	.894936	.000000
2.17233	.894844	.000000
2.17324	.894800	.000000
2.17415	.894813	.000000
2.17507	.894818	.000000
2.17598	.894815	.000000
2.17689	.894760	.000000
2.17781	.894710	.000000
2.17872	.894728	.000000
2.17964	.894795	.000000
2.18055	.894824	.000000
2.18147	.894753	.000000
2.18239	.894737	.000000
2.18331	.894802	.000000
2.18423	.894854	.000000
2.18515	.894892	.000000
2.18607	.894912	.000000
2.18699	.894952	.000000
2.18792	.894910	.000000
2.18884	.894853	.000000
2.18976	.894862	.000000
2.19069	.894829	.000000
2.19161	.894809	.000000
2.19254	.894802	.000000
2.19347	.894816	.000000
2.1944	.894844	.000000
2.19533	.894849	.000000
2.19626	.894842	.000000
2.19719	.894854	.000000
2.19812	.894878	.000000
2.19905	.894901	.000000
2.19998	.894957	.000000
2.20092	.895037	.000000
2.20185	.895077	.000000
2.20279	.895046	.000000
2.20372	.895013	.000000
2.20466	.895051	.000000
2.2056	.895089	.000000
2.20654	.895109	.000000
2.20748	.895152	.000000
2.20842	.895095	.000000
2.20936	.895057	.000000
2.2103	.895107	.000000
2.21124	.895060	.000000
2.21219	.895017	.000000
2.21313	.895062	.000000
2.21408	.895100	.000000
2.21502	.895096	.000000
2.21597	.895071	.000000
2.21692	.895104	.000000
2.21786	.895134	.000000
2.21881	.895095	.000000
2.21976	.895111	.000000
2.22071	.895113	.000000
2.22167	.895080	.000000
2.22262	.895059	.000000
2.22357	.895060	.000000
2.22453	.895066	.000000
2.22548	.895078	.000000
2.22644	.895084	.000000
2.22739	.895017	.000000
2.22835	.894945	.000000
2.22931	.894947	.000000
2.23027	.894948	.000000
2.23123	.894907	.000000
2.23219	.894916	.000000
2.23315	.894914	.000000
2.23411	.894867	.000000
2.23507	.894835	.000000
2.23604	.894865	.000000
2.237	.894854	.000000
2.23797	.894806	.000000
2.23893	.894742	.000000
2.2399	.894694	.000000
2.24087	.894746	.000000
2.24184	.894757	.000000
2.24281	.894704	.000000
2.24378	.894688	.000000
2.24475	.894665	.000000
2.24572	.894641	.000000
2.2467	.894681	.000000
2.24767	.894647	.000000
2.24864	.894621	.000000
2.24962	.894591	.000000
2.2506	.894529	.000000
2.25157	.894468	.000000
2.25255	.894461	.000000
2.25353	.894435	.000000
2.25451	.894408	.000000
2.25549	.894394	.000000
2.25647	.894350	.000000
2.25746	.894376	.000000
2.25844	.894352	.000000
2.25942	.894219	.000000
2.26041	.894267	.000000
2.26139	.894298	.000000
2.26238	.894271	.000000
2.26337	.894220	.000000
2.26436	.894141	.000000
2.26535	.894117	.000000
2.26634	.894078	.000000
2.26733	.894085	.000000
2.26832	.894074	.000000
2.26931	.894063	.000000
2.27031	.894049	.000000
2.2713	.894061	.000000
2.2723	.894049	.000000
2.27329	.894034	.000000
2.27429	.894069	.000000
2.27529	.894049	.000000
2.27629	.893996	.000000
2.27729	.894036	.000000
2.27829	.894052	.000000
2.27929	.894013	.000000
2.28029	.894009	.000000
2.28129	.894038	.000000
2.2823	.894031	.000000
2.2833	.894043	.000000
2.28431	.894096	.000000
2.28532	.894098	.000000
2.28632	.894061	.000000
2.28733	.894034	.000000
2.28834	.894022	.000000
2.28935	.894060	.000000
2.29036	.894070	.000000
2.29138	.893996	.000000
2.29239	.894031	.000000
2.2934	.894110	.000000
2.29442	.894099	.000000
2.29543	.894072	.000000
2.29645	.894040	.000000
2.29747	.894014	.000000
2.29849	.894007	.000000
2.29951	.894025	.000000
2.30053	.894042	.000000
2.30155	.894061	.000000
2.30257	.894051	.000000
2.30359	.894022	.000000
2.30462	.893980	.000000
2.30564	.894009	.000000
2.30667	.894061	.000000
2.30769	.894022	.000000
2.30872	.894011	.000000
2.30975	.894022	.000000
2.31078	.893987	.000000
2.31181	.894002	.000000
2.31284	.893996	.000000
2.31387	.893967	.000000
2.31491	.893978	.000000
2.31594	.893935	.000000
2.31698	.893915	.000000
2.31801	.893875	.000000
2.31905	.893865	.000000
2.32009	.893919	.000000
2.32112	.893926	.000000
2.32216	.893897	.000000
2.3232	.893911	.000000
2.32425	.893928	.000000
2.32529	.893930	.000000
2.32633	.893890	.000000
2.32738	.893827	.000000
2.32842	.893845	.000000
2.32947	.893883	.000000
2.33051	.893890	.000000
2.33156	.893886	.000000
2.33261	.893884	.000000
2.33366	.893874	.000000
2.33471	.893875	.000000
2.33576	.893855	.000000
2.33682	.893863	.000000
2.33787	.893868	.000000
2.33893	.893832	.000000
2.33998	.893859	.000000
2.34104	.893837	.000000
2.34209	.893859	.000000
2.34315	.893877	.000000
2.34421	.893852	.000000
2.34527	.893827	.000000
2.34633	.893776	.000000
2.3474	.893725	.000000
2.34846	.893747	.000000
2.34952	.893745	.000000
2.35059	.893774	.000000
2.35166	.893785	.000000
2.35272	.893785	.000000
2.35379	.893789	.000000
2.35486	.893790	.000000
2.35593	.893785	.000000
2.357	.893785	.000000
2.35807	.893781	.000000
2.35915	.893753	.000000
2.36022	.893734	.000000
2.36129	.893749	.000000
2.36237	.893780	.000000
2.36345	.893754	.000000
2.36452	.893774	.000000
2.3656	.893801	.000000
2.36668	.893789	.000000
2.36776	.893798	.000000
2.36885	.893854	.000000
2.36993	.893848	.000000
2.37101	.893801	.000000
2.3721	.893754	.000000
2.37318	.893713	.000000
2.37427	.893754	.000000
2.37536	.893794	.000000
2.37645	.893799	.000000
2.37754	.893751	.000000
2.37863	.893798	.000000
2.37972	.893816	.000000
2.38081	.893780	.000000
2.38191	.893814	.000000
2.383	.893834	.000000
2.3841	.893794	.000000
2.38519	.893780	.000000
2.38629	.893774	.000000
2.38739	.893789	.000000
2.38849	.893819	.000000
2.38959	.893823	.000000
2.39069	.893825	.000000
2.39179	.893848	.000000
2.3929	.893834	.000000
2.394	.893809	.000000
2.39511	.893836	.000000
2.39622	.893818	.000000
2.39732	.893857	.000000
2.39843	.893942	.000000
2.39954	.893866	.000000
2.40065	.893814	.000000
2.40177	.893884	.000000
2.40288	.893865	.000000
2.40399	.893866	.000000
2.40511	.893895	.000000
2.40622	.893854	.000000
2.40734	.893855	.000000
2.40846	.893848	.000000
2.40958	.893843	.000000
2.4107	.893888	.000000
2.41182	.893872	.000000
2.41294	.893799	.000000
2.41407	.893758	.000000
2.41519	.893774	.000000
2.41632	.893799	.000000
2.41744	.893790	.000000
2.41857	.893798	.000000
2.4197	.893772	.000000
2.42083	.893780	.000000
2.42196	.893771	.000000
2.42309	.893783	.000000
2.42423	.893886	.000000
2.42536	.893883	.000000
2.42649	.893828	.000000
2.42763	.893799	.000000
2.42877	.893727	.000000
2.42991	.893756	.000000
2.43105	.893832	.000000
2.43219	.893783	.000000
2.43333	.893711	.000000
2.43447	.893767	.000000
2.43561	.893825	.000000
2.43676	.893727	.000000
2.4379	.893637	.000000
2.43905	.893698	.000000
2.4402	.893740	.000000
2.44135	.893738	.000000
2.4425	.893745	.000000
2.44365	.893767	.000000
2.4448	.893734	.000000
2.44595	.893706	.000000
2.44711	.893669	.000000
2.44826	.893686	.000000
2.44942	.893729	.000000
2.45058	.893718	.000000
2.45174	.893697	.000000
2.4529	.893660	.000000
2.45406	.893648	.000000
2.45522	.893651	.000000
2.45638	.893624	.000000
2.45755	.893617	.000000
2.45871	.893613	.000000
2.45988	.893554	.000000
2.46105	.893483	.000000
2.46221	.893500	.000000
2.46338	.893527	.000000
2.46455	.893460	.000000
2.46573	.893389	.000000
2.4669	.893373	.000000
2.46807	.893362	.000000
2.46925	.893355	.000000
2.47043	.893301	.000000
2.4716	.893326	.000000
2.47278	.893335	.000000
2.47396	.893243	.000000
2.47514	.893183	.000000
2.47632	.893200	.000000
2.47751	.893229	.000000
2.47869	.893239	.000000
2.47988	.893178	.000000
2.48106	.893153	.000000
2.48225	.893158	.000000
2.48344	.893108	.000000
2.48463	.893070	.000000
2.48582	.893099	.000000
2.48701	.893106	.000000
2.48821	.893077	.000000
2.4894	.893041	.000000
2.4906	.893003	.000000
2.49179	.892970	.000000
2.49299	.892990	.000000
2.49419	.893030	.000000
2.49539	.892985	.000000
2.49659	.892909	.000000
2.49779	.892875	.000000
2.499	.892887	.000000
2.5002	.892869	.000000
2.50141	.892788	.000000
2.50262	.892728	.000000
2.50383	.892690	.000000
2.50503	.892710	.000000
2.50625	.892743	.000000
2.50746	.892710	.000000
2.50867	.892694	.000000
2.50989	.892698	.000000
2.5111	.892681	.000000
2.51232	.892633	.000000
2.51353	.892578	.000000
2.51475	.892568	.000000
2.51597	.892584	.000000
2.51719	.892605	.000000
2.51842	.892578	.000000
2.51964	.892499	.000000
2.52087	.892432	.000000
2.52209	.892459	.000000
2.52332	.892484	.000000
2.52455	.892472	.000000
2.52578	.892466	.000000
2.52701	.892412	.000000
2.52824	.892334	.000000
2.52947	.892358	.000000
2.53071	.892423	.000000
2.53194	.892394	.000000
2.53318	.892369	.000000
2.53442	.892369	.000000
2.53566	.892358	.000000
2.5369	.892360	.000000
2.53814	.892331	.000000
2.53938	.892354	.000000
2.54063	.892351	.000000
2.54187	.892306	.000000
2.54312	.892322	.000000
2.54437	.892309	.000000
2.54562	.892223	.000000
2.54687	.892188	.000000
2.54812	.892242	.000000
2.54937	.892143	.000000
2.55063	.892138	.000000
2.55188	.892199	.000000
2.55314	.892120	.000000
2.55439	.891966	.000000
2.55565	.891901	.000000
2.55691	.891874	.000000
2.55817	.891809	.000000
2.55944	.891843	.000000
2.5607	.891883	.000000
2.56197	.891847	.000000
2.56323	.891794	.000000
2.5645	.891789	.000000
2.56577	.891728	.000000
2.56704	.891749	.000000
2.56831	.891767	.000000
2.56958	.891670	.000000
2.57086	.891498	.000000
2.57213	.891417	.000000
2.57341	.891437	.000000
2.57469	.891419	.000000
2.57597	.891464	.000000
2.57725	.891578	.000000
2.57853	.891413	.000000
2.57981	.891341	.000000
2.5811	.891502	.000000
2.58238	.891343	.000000
2.58367	.891094	.000000
2.58496	.891007	.000000
2.58624	.890978	.000000
2.58754	.891059	.000000
2.58883	.891113	.000000
2.59012	.891059	.000000
2.59141	.890931	.000000
2.59271	.890747	.000000
2.59401	.890196	.000000
2.59531	.890172	.000000
2.5966	.890364	.000000
2.59791	.890532	.000000
2.59921	.890550	.000000
2.60051	.890620	.000000
2.60182	.890674	.000000
2.60312	.890539	.000000
2.60443	.890326	.000000
2.60574	.890089	.000000
2.60705	.890282	.000000
2.60836	.890311	.000000
2.60967	.890208	.000000
2.61099	.890136	.000000
2.6123	.890122	.000000
2.61362	.890187	.000000
2.61494	.890111	.000000
2.61626	.890039	.000000
2.61758	.890042	.000000
2.6189	.889811	.000000
2.62022	.889556	.000000
2.62155	.889553	.000000
2.62287	.889665	.000000
2.6242	.889600	.000000
2.62553	.889367	.000000
2.62686	.889264	.000000
2.62819	.889311	.000000
2.62952	.889211	.000000
2.63086	.889123	.000000
2.63219	.889188	.000000
2.63353	.889285	.000000
2.63487	.889121	.000000
2.63621	.888901	.000000
2.63755	.888846	.000000
2.63889	.888801	.000000
2.64023	.888794	.000000
2.64158	.888823	.000000
2.64293	.888716	.000000
2.64427	.888575	.000000
2.64562	.888537	.000000
2.64697	.888373	.000000
2.64832	.888279	.000000
2.64968	.888238	.000000
2.65103	.888111	.000000
2.65239	.888032	.000000
2.65375	.887858	.000000
2.6551	.887665	.000000
2.65646	.887425	.000000
2.65783	.887313	.000000
2.65919	.887324	.000000
2.66055	.887204	.000000
2.66192	.887015	.000000
2.66329	.886737	.000000
2.66466	.886345	.000000
2.66603	.886133	.000000
2.6674	.885822	.000000
2.66877	.885340	.000000
2.67014	.884437	.000000
2.67152	.883799	.000000
2.6729	.883360	.000000
2.67427	.882616	.000000
2.67565	.881968	.000000
2.67704	.881612	.000000
2.67842	.880933	.000000
2.6798	.879972	.000000
2.68119	.879133	.000000
2.68258	.878051	.000000
2.68396	.876776	.000000
2.68535	.875219	.000000
2.68675	.873691	.000000
2.68814	.872325	.000000
2.68953	.871144	.000000
2.69093	.869843	.000000
2.69233	.868644	.000000
2.69372	.867466	.000000
2.69512	.866337	.000000
2.69653	.865107	.000000
2.69793	.863841	.000000
2.69933	.862625	.000000
2.70074	.861442	.000000
2.70215	.860282	.000000
2.70356	.859160	.000000
2.70497	.858129	.000000
2.70638	.857146	.000000
2.70779	.856153	.000000
2.70921	.855316	.000000
2.71062	.854202	.000000
2.71204	.853304	.000000
2.71346	.852791	.000000
2.71488	.852166	.000000
2.7163	.851561	.000000
2.71772	.850972	.000000
2.71915	.850345	.000000
2.72058	.849697	.000000
2.722	.848837	.000000
2.72343	.847990	.000000
2.72486	.847430	.000000
2.7263	.846946	.000000
2.72773	.846353	.000000
2.72917	.845692	.000000
2.7306	.844953	.000000
2.73204	.844240	.000000
2.73348	.843326	.000000
2.73493	.842337	.000000
2.73637	.841393	.000000
2.73781	.840585	.000000
2.73926	.839682	.000000
2.74071	.838492	.000000
2.74216	.837299	.000000
2.74361	.835939	.000000
2.74506	.834711	.000000
2.74651	.833566	.000000
2.74797	.832319	.000000
2.74943	.831089	.000000
2.75089	.829812	.000000
2.75234	.828441	.000000
2.75381	.826954	.000000
2.75527	.825558	.000000
2.75673	.824131	.000000
2.7582	.822727	.000000
2.75967	.821322	.000000
2.76114	.819864	.000000
2.76261	.818381	.000000
2.76408	.816931	.000000
2.76556	.815439	.000000
2.76703	.814057	.000000
2.76851	.812563	.000000
2.76999	.811044	.000000
2.77147	.809682	.000000
2.77295	.808298	.000000
2.77443	.806826	.000000
2.77592	.805343	.000000
2.77741	.803742	.000000
2.77889	.802207	.000000
2.78038	.800903	.000000
2.78188	.799848	.000000
2.78337	.798721	.000000
2.78486	.797516	.000000
2.78636	.796407	.000000
2.78786	.795305	.000000
2.78936	.794055	.000000
2.79086	.792841	.000000
2.79236	.791782	.000000
2.79387	.790707	.000000
2.79537	.789512	.000000
2.79688	.788225	.000000
2.79839	.786921	.000000
2.7999	.785957	.000000
2.80141	.785332	.000000
2.80293	.784905	.000000
2.80444	.784284	.000000
2.80596	.783536	.000000
2.80748	.782806	.000000
2.809	.782181	.000000
2.81052	.781625	.000000
2.81205	.781092	.000000
2.81357	.780586	.000000
2.8151	.780012	.000000
2.81663	.779387	.000000
2.81816	.778849	.000000
2.81969	.778301	.000000
2.82123	.777758	.000000
2.82276	.777219	.000000
2.8243	.776677	.000000
2.82584	.776116	.000000
2.82738	.775617	.000000
2.82892	.775133	.000000
2.83047	.774652	.000000
2.83201	.774148	.000000
2.83356	.773615	.000000
2.83511	.773135	.000000
2.83666	.772750	.000000
2.83821	.772400	.000000
2.83977	.771993	.000000
2.84132	.771688	.000000
2.84288	.771432	.000000
2.84444	.770989	.000000
2.846	.770631	.000000
2.84757	.770369	.000000
2.84913	.770073	.000000
2.8507	.769762	.000000
2.85226	.769455	.000000
2.85383	.769226	.000000
2.8554	.768975	.000000
2.85698	.768628	.000000
2.85855	.768299	.000000
2.86013	.768037	.000000
2.86171	.767727	.000000
2.86329	.767371	.000000
2.86487	.767067	.000000
2.86645	.766876	.000000
2.86804	.766692	.000000
2.86963	.766394	.000000
2.87122	.766128	.000000
2.87281	.765832	.000000
2.8744	.765503	.000000
2.87599	.765288	.000000
2.87759	.765097	.000000
2.87919	.764930	.000000
2.88079	.764786	.000000
2.88239	.764519	.000000
2.88399	.764237	.000000
2.8856	.764038	.000000
2.8872	.763901	.000000
2.88881	.763691	.000000
2.89042	.763420	.000000
2.89203	.763187	.000000
2.89365	.763010	.000000
2.89526	.762858	.000000
2.89688	.762745	.000000
2.8985	.762571	.000000
2.90012	.762336	.000000
2.90174	.762179	.000000
2.90337	.762158	.000000
2.90499	.762004	.000000
2.90662	.761823	.000000
2.90825	.761724	.000000
2.90988	.761663	.000000
2.91152	.761571	.000000
2.91315	.761522	.000000
2.91479	.761444	.000000
2.91643	.761283	.000000
2.91807	.761220	.000000
2.91972	.761168	.000000
2.92136	.761137	.000000
2.92301	.761106	.000000
2.92466	.761005	.000000
2.92631	.760844	.000000
2.92796	.760759	.000000
2.92961	.760834	.000000
2.93127	.760832	.000000
2.93293	.760759	.000000
2.93459	.760732	.000000
2.93625	.760758	.000000
2.93791	.760680	.000000
2.93958	.760608	.000000
2.94124	.760557	.000000
2.94291	.760586	.000000
2.94459	.760631	.000000
2.94626	.760647	.000000
2.94793	.760680	.000000
2.94961	.760749	.000000
2.95129	.760778	.000000
2.95297	.760821	.000000
2.95465	.760861	.000000
2.95634	.760911	.000000
2.95802	.760931	.000000
2.95971	.760946	.000000
2.9614	.761036	.000000
2.96309	.761179	.000000
2.96479	.761235	.000000
2.96648	.761363	.000000
2.96818	.761439	.000000
2.96988	.761547	.000000
2.97158	.761748	.000000
2.97329	.761883	.000000
2.97499	.761973	.000000
2.9767	.762131	.000000
2.97841	.762326	.000000
2.98012	.762360	.000000
2.98184	.762367	.000000
2.98355	.762573	.000000
2.98527	.762858	.000000
2.98699	.763131	.000000
2.98871	.763278	.000000
2.99043	.763388	.000000
2.99216	.763509	.000000
2.99389	.763754	.000000
2.99562	.763978	.000000
2.99735	.764233	.000000
2.99908	.764513	.000000
3.00082	.764694	.000000
3.00255	.764862	.000000
3.00429	.765068	.000000
3.00604	.765297	.000000
3.00778	.765575	.000000
3.00953	.765781	.000000
3.01127	.765971	.000000
3.01302	.766186	.000000
3.01477	.766473	.000000
3.01653	.766654	.000000
3.01828	.766755	.000000
3.02004	.767091	.000000
3.0218	.767463	.000000
3.02356	.767687	.000000
3.02533	.767866	.000000
3.02709	.768140	.000000
3.02886	.768419	.000000
3.03063	.768724	.000000
3.03241	.768998	.000000
3.03418	.769217	.000000
3.03596	.769439	.000000
3.03773	.769669	.000000
3.03952	.769929	.000000
3.0413	.770140	.000000
3.04308	.770330	.000000
3.04487	.770530	.000000
3.04666	.770731	.000000
3.04845	.770975	.000000
3.05024	.771249	.000000
3.05204	.771426	.000000
3.05383	.771607	.000000
3.05563	.771795	.000000
3.05744	.772062	.000000
3.05924	.772241	.000000
3.06105	.772402	.000000
3.06285	.772575	.000000
3.06466	.772808	.000000
3.06648	.772992	.000000
3.06829	.773236	.000000
3.07011	.773419	.000000
3.07193	.773529	.000000
3.07375	.773740	.000000
3.07557	.773948	.000000
3.0774	.774109	.000000
3.07922	.774363	.000000
3.08105	.774555	.000000
3.08288	.774669	.000000
3.08472	.774730	.000000
3.08655	.774865	.000000
3.08839	.774985	.000000
3.09023	.775136	.000000
3.09208	.775373	.000000
3.09392	.775606	.000000
3.09577	.775803	.000000
3.09762	.776002	.000000
3.09947	.776159	.000000
3.10132	.776332	.000000
3.10318	.776562	.000000
3.10504	.776771	.000000
3.1069	.776885	.000000
3.10876	.777062	.000000
3.11062	.777266	.000000
3.11249	.777445	.000000
3.11436	.777685	.000000
3.11623	.777918	.000000
3.11811	.778124	.000000
3.11998	.778337	.000000
3.12186	.778493	.000000
3.12374	.778709	.000000
3.12562	.778950	.000000
3.12751	.779157	.000000
3.1294	.779385	.000000
3.13129	.779595	.000000
3.13318	.779835	.000000
3.13507	.780071	.000000
3.13697	.780328	.000000
3.13887	.780541	.000000
3.14077	.780734	.000000
3.14267	.780995	.000000
3.14458	.781251	.000000
3.14649	.781475	.000000
3.1484	.781652	.000000
3.15031	.781863	.000000
3.15223	.782118	.000000
3.15414	.782304	.000000
3.15606	.782561	.000000
3.15798	.782810	.000000
3.15991	.783056	.000000
3.16184	.783305	.000000
3.16376	.783590	.000000
3.1657	.783854	.000000
3.16763	.784082	.000000
3.16957	.784311	.000000
3.1715	.784571	.000000
3.17345	.784867	.000000
3.17539	.785119	.000000
3.17733	.785413	.000000
3.17928	.785781	.000000
3.18123	.786024	.000000
3.18319	.786210	.000000
3.18514	.786484	.000000
3.1871	.786708	.000000
3.18906	.786977	.000000
3.19102	.787257	.000000
3.19299	.787449	.000000
3.19495	.787722	.000000
3.19692	.788072	.000000
3.1989	.788375	.000000
3.20087	.788625	.000000
3.20285	.788836	.000000
3.20483	.789103	.000000
3.20681	.789391	.000000
3.20879	.789725	.000000
3.21078	.790030	.000000
3.21277	.790167	.000000
3.21476	.790297	.000000
3.21676	.790543	.000000
3.21875	.790823	.000000
3.22075	.791101	.000000
3.22275	.791459	.000000
3.22476	.791826	.000000
3.22676	.792080	.000000
3.22877	.792326	.000000
3.23078	.792588	.000000
3.2328	.792727	.000000
3.23481	.792922	.000000
3.23683	.793148	.000000
3.23886	.793421	.000000
3.24088	.793722	.000000
3.24291	.793912	.000000
3.24494	.794105	.000000
3.24697	.794349	.000000
3.249	.794649	.000000
3.25104	.794889	.000000
3.25308	.795039	.000000
3.25512	.795256	.000000
3.25717	.795458	.000000
3.25921	.795621	.000000
3.26126	.795774	.000000
3.26332	.796004	.000000
3.26537	.796190	.000000
3.26743	.796338	.000000
3.26949	.796501	.000000
3.27155	.796694	.000000
3.27362	.796959	.000000
3.27568	.797158	.000000
3.27776	.797270	.000000
3.27983	.797321	.000000
3.2819	.797447	.000000
3.28398	.797637	.000000
3.28606	.797857	.000000
3.28815	.797967	.000000
3.29023	.798032	.000000
3.29232	.798128	.000000
3.29441	.798164	.000000
3.29651	.798233	.000000
3.2986	.798341	.000000
3.3007	.798419	.000000
3.30281	.798437	.000000
3.30491	.798563	.000000
3.30702	.798712	.000000
3.30913	.798681	.000000
3.31124	.798704	.000000
3.31336	.798878	.000000
3.31548	.798932	.000000
3.3176	.798941	.000000
3.31972	.798999	.000000
3.32185	.799024	.000000
3.32398	.798986	.000000
3.32611	.798982	.000000
3.32825	.798988	.000000
3.33038	.799073	.000000
3.33252	.799169	.000000
3.33467	.799185	.000000
3.33681	.799167	.000000
3.33896	.799127	.000000
3.34111	.799154	.000000
3.34327	.799188	.000000
3.34542	.799183	.000000
3.34758	.799178	.000000
3.34975	.799194	.000000
3.35191	.799223	.000000
3.35408	.799315	.000000
3.35625	.799411	.000000
3.35842	.799510	.000000
3.3606	.799653	.000000
3.36278	.799779	.000000
3.36496	.799828	.000000
3.36715	.799947	.000000
3.36933	.800157	.000000
3.37153	.800298	.000000
3.37372	.800355	.000000
3.37592	.800541	.000000
3.37811	.800769	.000000
3.38032	.800986	.000000
3.38252	.801143	.000000
3.38473	.801287	.000000
3.38694	.801490	.000000
3.38915	.801591	.000000
3.39137	.801678	.000000
3.39359	.801800	.000000
3.39581	.801835	.000000
3.39804	.801896	.000000
3.40027	.801967	.000000
3.4025	.802001	.000000
3.40473	.802037	.000000
3.40697	.802182	.000000
3.40921	.802406	.000000
3.41145	.802613	.000000
3.4137	.802731	.000000
3.41595	.802841	.000000
3.4182	.802948	.000000
3.42045	.802980	.000000
3.42271	.803094	.000000
3.42497	.803341	.000000
3.42723	.803430	.000000
3.4295	.803356	.000000
3.43177	.803289	.000000
3.43404	.803200	.000000
3.43632	.803153	.000000
3.4386	.803177	.000000
3.44088	.803182	.000000
3.44316	.803132	.000000
3.44545	.803126	.000000
3.44774	.803181	.000000
3.45004	.803171	.000000
3.45233	.803179	.000000
3.45463	.803143	.000000
3.45694	.803061	.000000
3.45924	.803007	.000000
3.46155	.802993	.000000
3.46386	.803005	.000000
3.46618	.802991	.000000
3.4685	.802957	.000000
3.47082	.803032	.000000
3.47315	.803022	.000000
3.47547	.802852	.000000
3.4778	.802716	.000000
3.48014	.802725	.000000
3.48247	.802798	.000000
3.48481	.802776	.000000
3.48716	.802698	.000000
3.4895	.802577	.000000
3.49185	.802476	.000000
3.49421	.802357	.000000
3.49656	.802333	.000000
3.49892	.802391	.000000
3.50129	.802481	.000000
3.50365	.802471	.000000
3.50602	.802465	.000000
3.50839	.802597	.000000
3.51077	.802669	.000000
3.51315	.802523	.000000
3.51553	.802525	.000000
3.51791	.802525	.000000
3.5203	.802496	.000000
3.52269	.802565	.000000
3.52509	.802592	.000000
3.52749	.802597	.000000
3.52989	.802559	.000000
3.53229	.802418	.000000
3.5347	.802425	.000000
3.53711	.802471	.000000
3.53953	.802283	.000000
3.54194	.802131	.000000
3.54436	.802167	.000000
3.54679	.802158	.000000
3.54922	.802115	.000000
3.55165	.802035	.000000
3.55408	.801941	.000000
3.55652	.801846	.000000
3.55896	.801802	.000000
3.5614	.801627	.000000
3.56385	.801473	.000000
3.5663	.801414	.000000
3.56876	.801309	.000000
3.57121	.801165	.000000
3.57367	.801056	.000000
3.57614	.800915	.000000
3.57861	.800803	.000000
3.58108	.800843	.000000
3.58355	.800720	.000000
3.58603	.800570	.000000
3.58851	.800489	.000000
3.591	.800348	.000000
3.59349	.800155	.000000
3.59598	.799857	.000000
3.59848	.799682	.000000
3.60099	.799653	.000000
3.60349	.799537	.000000
3.60599	.799355	.000000
3.6085	.799232	.000000
3.61102	.799196	.000000
3.61353	.799049	.000000
3.61605	.798910	.000000
3.61858	.798775	.000000
3.6211	.798623	.000000
3.62363	.798442	.000000
3.62617	.798303	.000000
3.62871	.798155	.000000
3.63125	.798011	.000000
3.63379	.797877	.000000
3.63634	.797732	.000000
3.63889	.797539	.000000
3.64145	.797395	.000000
3.644	.797241	.000000
3.64657	.797126	.000000
3.64913	.797006	.000000
3.6517	.796925	.000000
3.65428	.796818	.000000
3.65685	.796766	.000000
3.65943	.796638	.000000
3.66202	.796472	.000000
3.66461	.796322	.000000
3.6672	.796215	.000000
3.66979	.796083	.000000
3.67239	.795944	.000000
3.675	.795798	.000000
3.6776	.795617	.000000
3.68021	.795391	.000000
3.68283	.795200	.000000
3.68544	.794967	.000000
3.68806	.794703	.000000
3.69069	.794497	.000000
3.69332	.794355	.000000
3.69595	.794096	.000000
3.69859	.793874	.000000
3.70123	.793585	.000000
3.70387	.793303	.000000
3.70652	.793029	.000000
3.70917	.792816	.000000
3.71183	.792588	.000000
3.71448	.792364	.000000
3.71715	.792093	.000000
3.71981	.791853	.000000
3.72248	.791623	.000000
3.72516	.791381	.000000
3.72783	.791143	.000000
3.73052	.790926	.000000
3.7332	.790668	.000000
3.73589	.790471	.000000
3.73859	.790231	.000000
3.74128	.789963	.000000
3.74398	.789676	.000000
3.74669	.789378	.000000
3.7494	.789111	.000000
3.75211	.788899	.000000
3.75483	.788612	.000000
3.75755	.788337	.000000
3.76027	.788043	.000000
3.763	.787752	.000000
3.76574	.787454	.000000
3.76847	.787228	.000000
3.77121	.786952	.000000
3.77396	.786630	.000000
3.77671	.786294	.000000
3.77946	.785998	.000000
3.78222	.785673	.000000
3.78498	.785375	.000000
3.78774	.785050	.000000
3.79051	.784764	.000000
3.79328	.784504	.000000
3.79606	.784253	.000000
3.79884	.783971	.000000
3.80163	.783661	.000000
3.80441	.783346	.000000
3.80721	.783101	.000000
3.81001	.782823	.000000
3.81281	.782582	.000000
3.81561	.782315	.000000
3.81842	.782040	.000000
3.82124	.781780	.000000
3.82405	.781607	.000000
3.82688	.781388	.000000
3.8297	.781184	.000000
3.83253	.780993	.000000
3.83537	.780821	.000000
3.83821	.780677	.000000
3.84105	.780548	.000000
3.8439	.780391	.000000
3.84675	.780310	.000000
3.8496	.780162	.000000
3.85246	.780015	.000000
3.85533	.779916	.000000
3.8582	.779828	.000000
3.86107	.779674	.000000
3.86395	.779553	.000000
3.86683	.779430	.000000
3.86971	.779360	.000000
3.8726	.779278	.000000
3.8755	.779179	.000000
3.8784	.779054	.000000
3.8813	.778957	.000000
3.88421	.778879	.000000
3.88712	.778800	.000000
3.89003	.778655	.000000
3.89295	.778541	.000000
3.89588	.778424	.000000
3.89881	.778299	.000000
3.90174	.778112	.000000
3.90468	.777935	.000000
3.90762	.777734	.000000
3.91057	.777624	.000000
3.91352	.777458	.000000
3.91648	.777257	.000000
3.91944	.777091	.000000
3.9224	.776952	.000000
3.92537	.776804	.000000
3.92835	.776677	.000000
3.93132	.776488	.000000
3.93431	.776262	.000000
3.93729	.775989	.000000
3.94029	.775700	.000000
3.94328	.775379	.000000
3.94628	.775080	.000000
3.94929	.774768	.000000
3.9523	.774477	.000000
3.95531	.774141	.000000
3.95833	.773798	.000000
3.96136	.773408	.000000
3.96439	.773014	.000000
3.96742	.772539	.000000
3.97046	.772040	.000000
3.9735	.771524	.000000
3.97655	.770998	.000000
3.9796	.770404	.000000
3.98265	.769791	.000000
3.98571	.769145	.000000
3.98878	.768572	.000000
3.99185	.767940	.000000
3.99493	.767264	.000000
3.99801	.766666	.000000
4.00109	.766112	.000000
4.00418	.765568	.000000
4.00728	.765144	.000000
4.01038	.764779	.000000
4.01348	.764455	.000000
4.01659	.764220	.000000
4.0197	.764154	.000000
4.02282	.764146	.000000
4.02594	.764219	.000000
4.02907	.764345	.000000
4.0322	.764564	.000000
4.03534	.764777	.000000
4.03849	.764959	.000000
4.04163	.765069	.000000
4.04479	.765194	.000000
4.04794	.765317	.000000
4.05111	.765418	.000000
4.05427	.765433	.000000
4.05745	.765407	.000000
4.06062	.765328	.000000
4.0638	.765261	.000000
4.06699	.765131	.000000
4.07018	.764981	.000000
4.07338	.764809	.000000
4.07658	.764600	.000000
4.07979	.764381	.000000
4.083	.764154	.000000
4.08622	.763848	.000000
4.08944	.763558	.000000
4.09267	.763231	.000000
4.0959	.762918	.000000
4.09914	.762580	.000000
4.10238	.762261	.000000
4.10563	.761925	.000000
4.10889	.761594	.000000
4.11214	.761189	.000000
4.11541	.760839	.000000
4.11868	.760469	.000000
4.12195	.760075	.000000
4.12523	.759697	.000000
4.12851	.759360	.000000
4.1318	.758993	.000000
4.1351	.758615	.000000
4.1384	.758191	.000000
4.1417	.757777	.000000
4.14502	.757327	.000000
4.14833	.756908	.000000
4.15165	.756500	.000000
4.15498	.756092	.000000
4.15831	.755656	.000000
4.16165	.755254	.000000
4.16499	.754844	.000000
4.16834	.754462	.000000
4.17169	.754031	.000000
4.17505	.753626	.000000
4.17841	.753209	.000000
4.18178	.752808	.000000
4.18516	.752387	.000000
4.18854	.751982	.000000
4.19193	.751554	.000000
4.19532	.751117	.000000
4.19871	.750642	.000000
4.20212	.750161	.000000
4.20552	.749630	.000000
4.20894	.749121	.000000
4.21236	.748610	.000000
4.21578	.748165	.000000
4.21921	.747685	.000000
4.22265	.747213	.000000
4.22609	.746765	.000000
4.22954	.746328	.000000
4.23299	.745891	.000000
4.23645	.745405	.000000
4.23991	.744973	.000000
4.24338	.744516	.000000
4.24686	.744023	.000000
4.25034	.743574	.000000
4.25383	.743019	.000000
4.25732	.742482	.000000
4.26082	.742009	.000000
4.26432	.741498	.000000
4.26783	.740920	.000000
4.27134	.740430	.000000
4.27486	.740013	.000000
4.27839	.739663	.000000
4.28192	.739294	.000000
4.28546	.738832	.000000
4.28901	.738330	.000000
4.29256	.737864	.000000
4.29612	.737407	.000000
4.29968	.736962	.000000
4.30325	.736476	.000000
4.30682	.736003	.000000
4.3104	.735524	.000000
4.31399	.735085	.000000
4.31758	.734625	.000000
4.32118	.734128	.000000
4.32478	.733586	.000000
4.32839	.733098	.000000
4.33201	.732584	.000000
4.33563	.732083	.000000
4.33926	.731632	.000000
4.34289	.731138	.000000
4.34653	.730586	.000000
4.35018	.730080	.000000
4.35383	.729554	.000000
4.35749	.729048	.000000
4.36115	.728483	.000000
4.36482	.727945	.000000
4.3685	.727432	.000000
4.37218	.726888	.000000
4.37587	.726355	.000000
4.37957	.725846	.000000
4.38327	.725307	.000000
4.38698	.724809	.000000
4.39069	.724269	.000000
4.39441	.723734	.000000
4.39814	.723189	.000000
4.40188	.722685	.000000
4.40562	.722179	.000000
4.40936	.721660	.000000
4.41311	.721100	.000000
4.41687	.720578	.000000
4.42064	.720017	.000000
4.42441	.719523	.000000
4.42819	.719014	.000000
4.43197	.718479	.000000
4.43577	.717975	.000000
4.43956	.717484	.000000
4.44337	.716908	.000000
4.44718	.716348	.000000
4.451	.715779	.000000
4.45482	.715239	.000000
4.45865	.714680	.000000
4.46249	.714139	.000000
4.46633	.713573	.000000
4.47018	.713011	.000000
4.47404	.712422	.000000
4.4779	.711832	.000000
4.48177	.711254	.000000
4.48565	.710730	.000000
4.48953	.710141	.000000
4.49342	.709556	.000000
4.49732	.708963	.000000
4.50122	.708358	.000000
4.50513	.707730	.000000
4.50905	.707171	.000000
4.51297	.706584	.000000
4.51691	.705972	.000000
4.52084	.705331	.000000
4.52479	.704722	.000000
4.52874	.704037	.000000
4.5327	.703336	.000000
4.53667	.702686	.000000
4.54064	.702083	.000000
4.54462	.701418	.000000
4.5486	.700768	.000000
4.5526	.700108	.000000
4.5566	.699485	.000000
4.56061	.698819	.000000
4.56462	.698159	.000000
4.56864	.697489	.000000
4.57267	.696868	.000000
4.57671	.696230	.000000
4.58075	.695621	.000000
4.5848	.694975	.000000
4.58886	.694364	.000000
4.59292	.693737	.000000
4.59699	.693100	.000000
4.60107	.692437	.000000
4.60516	.691859	.000000
4.60925	.691286	.000000
4.61335	.690733	.000000
4.61746	.690119	.000000
4.62157	.689534	.000000
4.6257	.688983	.000000
4.62983	.688439	.000000
4.63396	.687879	.000000
4.63811	.687393	.000000
4.64226	.686880	.000000
4.64642	.686384	.000000
4.65059	.685858	.000000
4.65476	.685329	.000000
4.65895	.684797	.000000
4.66314	.684279	.000000
4.66733	.683714	.000000
4.67154	.683141	.000000
4.67575	.682527	.000000
4.67997	.681961	.000000
4.6842	.681392	.000000
4.68843	.680811	.000000
4.69268	.680141	.000000
4.69693	.679490	.000000
4.70119	.678831	.000000
4.70545	.678220	.000000
4.70972	.677556	.000000
4.71401	.676858	.000000
4.7183	.676136	.000000
4.72259	.675430	.000000
4.7269	.674667	.000000
4.73121	.673938	.000000
4.73553	.673155	.000000
4.73986	.672333	.000000
4.74419	.671488	.000000
4.74854	.670675	.000000
4.75289	.669842	.000000
4.75725	.668981	.000000
4.76162	.668038	.000000
4.766	.667066	.000000
4.77038	.665980	.000000
4.77477	.664909	.000000
4.77917	.663730	.000000
4.78358	.662528	.000000
4.788	.661222	.000000
4.79243	.659813	.000000
4.79686	.658320	.000000
4.8013	.656781	.000000
4.80575	.655140	.000000
4.81021	.653421	.000000
4.81467	.651573	.000000
4.81915	.649591	.000000
4.82363	.647431	.000000
4.82812	.645109	.000000
4.83262	.642454	.000000
4.83713	.639472	.000000
4.84165	.636069	.000000
4.84617	.632187	.000000
4.85071	.627669	.000000
4.85525	.622483	.000000
4.8598	.616469	.000000
4.86436	.609616	.000000
4.86892	.601948	.000000
4.8735	.593628	.000000
4.87809	.584843	.000000
4.88268	.575811	.000000
4.88728	.566761	.000000
4.89189	.558105	.000000
4.89651	.549998	.000000
4.90114	.542458	.000000
4.90577	.535444	.000000
4.91042	.528905	.000000
4.91507	.522653	.000000
4.91974	.516625	.000000
4.92441	.510796	.000000
4.92909	.505317	.000000
4.93378	.500474	.000000
4.93848	.496853	.000000
4.94319	.494813	.000000
4.9479	.494421	.000000
4.95263	.495409	.000000
4.95736	.497362	.000000
4.96211	.499866	.000000
4.96686	.502644	.000000
4.97162	.505458	.000000
4.97639	.508233	.000000
4.98117	.510912	.000000
4.98596	.513433	.000000
4.99076	.515769	.000000
4.99557	.517926	.000000
5.00039	.519889	.000000
5.00522	.521667	.000000
5.01005	.523242	.000000
5.0149	.524649	.000000
5.01975	.525867	.000000
5.02462	.526896	.000000
5.02949	.527724	.000000
5.03437	.528361	.000000
5.03926	.528791	.000000
5.04417	.529048	.000000
5.04908	.529077	.000000
5.054	.528874	.000000
5.05893	.528448	.000000
5.06387	.527821	.000000
5.06882	.526987	.000000
5.07378	.525886	.000000
5.07875	.524543	.000000
5.08373	.523023	.000000
5.08872	.521322	.000000
5.09371	.519501	.000000
5.09872	.517545	.000000
5.10374	.515512	.000000
5.10877	.513424	.000000
5.11381	.511266	.000000
5.11886	.509006	.000000
5.12391	.506694	.000000
5.12898	.504241	.000000
5.13406	.501560	.000000
5.13915	.498668	.000000
5.14425	.495743	.000000
5.14936	.492790	.000000
5.15447	.489950	.000000
5.1596	.487179	.000000
5.16474	.484340	.000000
5.16989	.481435	.000000
5.17505	.478420	.000000
5.18022	.475199	.000000
5.1854	.471787	.000000
5.19059	.468229	.000000
5.19579	.464706	.000000
5.201	.461355	.000000
5.20622	.458431	.000000
5.21146	.456129	.000000
5.2167	.454468	.000000
5.22195	.453499	.000000
5.22722	.453084	.000000
5.23249	.453125	.000000
5.23778	.453445	.000000
5.24307	.453915	.000000
5.24838	.454460	.000000
5.2537	.455022	.000000
5.25903	.455559	.000000
5.26437	.456039	.000000
5.26971	.456413	.000000
5.27508	.456633	.000000
5.28045	.456579	.000000
5.28583	.456232	.000000
5.29122	.455674	.000000
5.29663	.454930	.000000
5.30204	.454142	.000000
5.30747	.453331	.000000
5.31291	.452513	.000000
5.31836	.451706	.000000
5.32382	.450828	.000000
5.32929	.449670	.000000
5.33477	.448046	.000000
5.34027	.445914	.000000
5.34577	.443248	.000000
5.35129	.440082	.000000
5.35682	.436695	.000000
5.36235	.433420	.000000
5.36791	.430367	.000000
5.37347	.427547	.000000
5.37904	.424801	.000000
5.38463	.422023	.000000
5.39023	.419037	.000000
5.39583	.415746	.000000
5.40146	.412142	.000000
5.40709	.408437	.000000
5.41273	.404868	.000000
5.41839	.401524	.000000
5.42406	.398410	.000000
5.42974	.395755	.000000
5.43543	.393513	.000000
5.44113	.391692	.000000
5.44685	.390327	.000000
5.45257	.389550	.000000
5.45831	.389263	.000000
5.46406	.389382	.000000
5.46983	.389783	.000000
5.4756	.390327	.000000
5.48139	.390905	.000000
5.48719	.391522	.000000
5.49301	.392068	.000000
5.49883	.392445	.000000
5.50467	.392576	.000000
5.51052	.392442	.000000
5.51638	.392041	.000000
5.52225	.391345	.000000
5.52814	.390278	.000000
5.53404	.388766	.000000
5.53995	.386654	.000000
5.54588	.383703	.000000
5.55181	.379618	.000000
5.55777	.374277	.000000
5.56373	.367595	.000000
5.5697	.359696	.000000
5.57569	.350763	.000000
5.5817	.341236	.000000
5.58771	.331953	.000000
5.59374	.323525	.000000
5.59978	.316258	.000000
5.60583	.310595	.000000
5.6119	.306639	.000000
5.61798	.304254	.000000
5.62407	.303136	.000000
5.63018	.303286	.000000
5.6363	.304466	.000000
5.64243	.307042	.000000
5.64858	.310853	.000000
5.65474	.315759	.000000
5.66091	.321664	.000000
5.6671	.328324	.000000
5.6733	.335349	.000000
5.67951	.342725	.000000
5.68574	.349876	.000000
5.69198	.356853	.000000
5.69824	.363684	.000000
5.7045	.370241	.000000
5.71079	.376636	.000000
5.71708	.382852	.000000
5.72339	.388545	.000000
5.72972	.393844	.000000
5.73605	.398585	.000000
5.74241	.402502	.000000
5.74877	.405515	.000000
5.75515	.407520	.000000
5.76155	.408296	.000000
5.76796	.408262	.000000
5.77438	.407809	.000000
5.78082	.406830	.000000
5.78727	.405421	.000000
5.79373	.403827	.000000
5.80022	.402139	.000000
5.80671	.400480	.000000
5.81322	.398945	.000000
5.81974	.397615	.000000
5.82628	.396439	.000000
5.83284	.395291	.000000
5.83941	.393938	.000000
5.84599	.392467	.000000
5.85259	.390818	.000000
5.8592	.389342	.000000
5.86583	.388052	.000000
5.87247	.387124	.000000
5.87913	.386380	.000000
5.8858	.386248	.000000
5.89249	.386470	.000000
5.8992	.386819	.000000
5.90591	.387323	.000000
5.91265	.387539	.000000
5.9194	.387236	.000000
5.92616	.386334	.000000
5.93294	.384781	.000000
5.93974	.382767	.000000
5.94655	.380549	.000000
5.95338	.378074	.000000
5.96022	.375288	.000000
5.96708	.372223	.000000
5.97395	.369159	.000000
5.98084	.366665	.000000
5.98775	.364757	.000000
5.99467	.364083	.000000
6.00161	.365176	.000000
6.00856	.368617	.000000
6.01553	.374967	.000000
6.02252	.384376	.000000
6.02952	.396371	.000000
6.03654	.410253	.000000
6.04358	.424536	.000000
6.05063	.439919	.000000
6.0577	.454392	.000000
6.06478	.466520	.000000
6.07188	.477461	.000000
6.079	.487241	.000000
6.08614	.495359	.000000
6.09329	.502049	.000000
6.10046	.507633	.000000
6.10764	.512234	.000000
6.11485	.515946	.000000
6.12206	.519170	.000000
6.1293	.521688	.000000
6.13655	.523654	.000000
6.14382	.525028	.000000
6.15111	.526069	.000000
6.15842	.526669	.000000
6.16574	.527075	.000000
6.17308	.527218	.000000
6.18044	.527090	.000000
6.18781	.526779	.000000
6.19521	.526446	.000000
6.20262	.525755	.000000
6.21004	.524942	.000000
6.21749	.523941	.000000
6.22495	.522917	.000000
6.23244	.521710	.000000
6.23994	.520466	.000000
6.24745	.519253	.000000
6.25499	.518217	.000000
6.26254	.517391	.000000
6.27012	.516882	.000000
6.27771	.516725	.000000
6.28532	.517032	.000000
6.29295	.517568	.000000
6.30059	.518464	.000000
6.30826	.519492	.000000
6.31594	.520457	.000000
6.32364	.521246	.000000
6.33136	.521819	.000000
6.3391	.521856	.000000
6.34686	.521553	.000000
6.35464	.521011	.000000
6.36243	.520113	.000000
6.37025	.518950	.000000
6.37809	.517714	.000000
6.38594	.516629	.000000
6.39382	.515675	.000000
6.40171	.514804	.000000
6.40962	.514000	.000000
6.41755	.513222	.000000
6.42551	.512767	.000000
6.43348	.512263	.000000
6.44147	.511640	.000000
6.44948	.510957	.000000
6.45751	.510093	.000000
6.46557	.509158	.000000
6.47364	.508121	.000000
6.48173	.506954	.000000
6.48984	.505816	.000000
6.49798	.504683	.000000
6.50613	.503870	.000000
6.5143	.503010	.000000
6.5225	.502169	.000000
6.53071	.501564	.000000
6.53895	.501128	.000000
6.5472	.500678	.000000
6.55548	.500265	.000000
6.56378	.499920	.000000
6.5721	.499540	.000000
6.58044	.499179	.000000
6.58879	.498764	.000000
6.59718	.498001	.000000
6.60558	.497026	.000000
6.61401	.495781	.000000
6.62245	.494345	.000000
6.63092	.492597	.000000
6.63941	.490353	.000000
6.64792	.488263	.000000
6.65646	.486170	.000000
6.66501	.483751	.000000
6.67359	.481159	.000000
6.68219	.478411	.000000
6.69081	.475635	.000000
6.69946	.472876	.000000
6.70813	.469914	.000000
6.71681	.466946	.000000
6.72553	.464041	.000000
6.73426	.461167	.000000
6.74302	.458348	.000000
6.7518	.455634	.000000
6.7606	.453039	.000000
6.76943	.450690	.000000
6.77828	.448698	.000000
6.78715	.447191	.000000
6.79604	.446147	.000000
6.80496	.445745	.000000
6.8139	.445683	.000000
6.82287	.445737	.000000
6.83186	.446014	.000000
6.84087	.446386	.000000
6.8499	.446577	.000000
6.85896	.446386	.000000
6.86805	.445844	.000000
6.87716	.445121	.000000
6.88629	.443767	.000000
6.89545	.441879	.000000
6.90463	.439516	.000000
6.91384	.436859	.000000
6.92307	.433974	.000000
6.93232	.430930	.000000
6.9416	.427726	.000000
6.95091	.424404	.000000
6.96024	.420921	.000000
6.96959	.417455	.000000
6.97897	.413840	.000000
6.98838	.410002	.000000
6.99781	.405932	.000000
7.00727	.401924	.000000
7.01675	.398141	.000000
7.02626	.394837	.000000
7.03579	.392272	.000000
7.04535	.390486	.000000
7.05494	.389454	.000000
7.06455	.389021	.000000
7.07419	.388768	.000000
7.08385	.388735	.000000
7.09354	.388654	.000000
7.10326	.388340	.000000
7.113	.387700	.000000
7.12277	.386707	.000000
7.13256	.385272	.000000
7.14239	.383538	.000000
7.15224	.381591	.000000
7.16212	.379667	.000000
7.17202	.377723	.000000
7.18196	.376013	.000000
7.19192	.374519	.000000
7.20191	.373374	.000000
7.21192	.372579	.000000
7.22197	.372142	.000000
7.23204	.371929	.000000
7.24214	.371905	.000000
7.25227	.371818	.000000
7.26243	.371621	.000000
7.27261	.371127	.000000
7.28283	.370191	.000000
7.29307	.368771	.000000
7.30334	.366851	.000000
7.31364	.364389	.000000
7.32397	.361659	.000000
7.33433	.358695	.000000
7.34472	.355702	.000000
7.35514	.352833	.000000
7.36559	.350149	.000000
7.37607	.347539	.000000
7.38657	.345077	.000000
7.39711	.342672	.000000
7.40768	.340218	.000000
7.41827	.337537	.000000
7.4289	.334688	.000000
7.43956	.331664	.000000
7.45024	.328666	.000000
7.46096	.325676	.000000
7.47171	.322817	.000000
7.4825	.320084	.000000
7.49331	.317614	.000000
7.50415	.315255	.000000
7.51503	.313048	.000000
7.52594	.311044	.000000
7.53687	.309375	.000000
7.54785	.308115	.000000
7.55885	.307419	.000000
7.56988	.307137	.000000
7.58095	.307334	.000000
7.59205	.307768	.000000
7.60318	.308301	.000000
7.61435	.308819	.000000
7.62554	.309361	.000000
7.63677	.309769	.000000
7.64804	.310046	.000000
7.65933	.310035	.000000
7.67067	.309811	.000000
7.68203	.309384	.000000
7.69343	.308749	.000000
7.70486	.307802	.000000
7.71632	.306650	.000000
7.72782	.305244	.000000
7.73936	.303777	.000000
7.75093	.302191	.000000
7.76253	.300575	.000000
7.77416	.299039	.000000
7.78583	.297777	.000000
7.79754	.296713	.000000
7.80928	.295958	.000000
7.82106	.295432	.000000
7.83288	.295074	.000000
7.84473	.294689	.000000
7.85661	.294220	.000000
7.86854	.293503	.000000
7.88049	.292544	.000000
7.89249	.291402	.000000
7.90452	.290146	.000000
7.91659	.288750	.000000
7.92869	.287278	.000000
7.94084	.285649	.000000
7.95301	.283788	.000000
7.96523	.281604	.000000
7.97748	.279158	.000000
7.98978	.276328	.000000
8.00211	.273271	.000000
8.01447	.269989	.000000
8.02688	.266642	.000000
8.03933	.263291	.000000
8.05181	.260063	.000000
8.06433	.256793	.000000
8.07689	.253515	.000000
8.08949	.250150	.000000
8.10213	.246685	.000000
8.11481	.242882	.000000
8.12753	.238829	.000000
8.14028	.234595	.000000
8.15308	.230397	.000000
8.16592	.226336	.000000
8.1788	.222615	.000000
8.19172	.219277	.000000
8.20468	.216442	.000000
8.21769	.213939	.000000
8.23073	.211749	.000000
8.24382	.209752	.000000
8.25694	.207902	.000000
8.27011	.205976	.000000
8.28332	.204029	.000000
8.29658	.201867	.000000
8.30988	.199531	.000000
8.32321	.196964	.000000
8.3366	.194256	.000000
8.35002	.191303	.000000
8.36349	.188167	.000000
8.377	.184816	.000000
8.39055	.181397	.000000
8.40415	.177959	.000000
8.41779	.174726	.000000
8.43148	.171585	.000000
8.44521	.168707	.000000
8.45899	.166005	.000000
8.47281	.163494	.000000
8.48667	.161023	.000000
8.50059	.158570	.000000
8.51455	.155970	.000000
8.52855	.153252	.000000
8.5426	.150342	.000000
8.5567	.147383	.000000
8.57084	.144297	.000000
8.58503	.141190	.000000
8.59926	.137957	.000000
8.61355	.134817	.000000
8.62788	.131627	.000000
8.64226	.128531	.000000
8.65669	.125399	.000000
8.67116	.122353	.000000
8.68569	.119330	.000000
8.70026	.116412	.000000
8.71489	.113448	.000000
8.72956	.110596	.000000
8.74428	.107713	.000000
8.75905	.104888	.000000
8.77387	.102149	.000000
8.78874	.099555	.000000
8.80366	.097006	.000000
8.81863	.094754	.000000
8.83365	.092685	.000000
8.84873	.090913	.000000
8.86385	.089286	.000000
8.87903	.087982	.000000
8.89426	.086941	.000000
8.90954	.086363	.000000
8.92488	.086262	.000000
8.94026	.086571	.000000
8.9557	.087118	.000000
8.9712	.088207	.000000
8.98674	.089613	.000000
9.00234	.091477	.000000
9.018	.093820	.000000
9.03371	.096717	.000000
9.04948	.100074	.000000
9.0653	.104001	.000000
9.08117	.108410	.000000
9.0971	.113392	.000000
9.1131	.118789	.000000
9.12914	.124857	.000000
9.14524	.131382	.000000
9.1614	.138566	.000000
9.17761	.146311	.000000
9.19389	.154545	.000000
9.21021	.163033	.000000
9.2266	.171729	.000000
9.24305	.180407	.000000
9.25955	.188951	.000000
9.27612	.196961	.000000
9.29274	.204177	.000000
9.30942	.210064	.000000
9.32617	.214016	.000000
9.34297	.215514	.000000
9.35983	.214809	.000000
9.37676	.212302	.000000
9.39375	.208729	.000000
9.41079	.204715	.000000
9.42791	.200640	.000000
9.44508	.196587	.000000
9.46231	.192672	.000000
9.47961	.188707	.000000
9.49697	.184730	.000000
9.5144	.180692	.000000
9.53188	.176574	.000000
9.54944	.172195	.000000
9.56705	.167793	.000000
9.58474	.163429	.000000
9.60249	.159254	.000000
9.6203	.155188	.000000
9.63818	.151283	.000000
9.65613	.147506	.000000
9.67415	.144054	.000000
9.69223	.140685	.000000
9.71038	.137525	.000000
9.7286	.134523	.000000
9.74689	.131866	.000000
9.76524	.129415	.000000
9.78367	.127223	.000000
9.80216	.125224	.000000
9.82072	.123526	.000000
9.83936	.121983	.000000
9.85806	.120695	.000000
9.87684	.119582	.000000
9.89569	.118804	.000000
9.91461	.118072	.000000
9.9336	.117462	.000000
9.95267	.116923	.000000
9.97181	.116609	.000000
9.99103	.116477	.000000
10.01031	.116781	.000000
10.02968	.117464	.000000
10.04911	.118674	.000000
10.06863	.120446	.000000
10.08822	.123119	.000000
10.10788	.126360	.000000
10.12763	.129089	.000000
10.14745	.129700	.000000
10.16734	.127731	.000000
10.18732	.124071	.000000
10.20737	.120379	.000000
10.2275	.117841	.000000
10.24771	.117232	.000000
10.268	.118425	.000000
10.28838	.120973	.000000
10.30883	.124588	.000000
10.32937	.129023	.000000
10.34998	.133334	.000000
10.37069	.136595	.000000
10.39147	.137751	.000000
10.41234	.138625	.000000
10.43329	.144032	.000000
10.45432	.153998	.000000
10.47544	.163362	.000000
10.49665	.169776	.000000
10.51794	.173369	.000000
10.53932	.174809	.000000
10.56079	.174608	.000000
10.58234	.173479	.000000
10.60398	.171675	.000000
10.62571	.169540	.000000
10.64753	.167213	.000000
10.66944	.164930	.000000
10.69144	.162650	.000000
10.71353	.160475	.000000
10.73571	.158320	.000000
10.75799	.156239	.000000
10.78035	.154175	.000000
10.80281	.152155	.000000
10.82536	.150123	.000000
10.848	.148199	.000000
10.87075	.146274	.000000
10.89358	.144559	.000000
10.91652	.142932	.000000
10.93955	.141512	.000000
10.96268	.140047	.000000
10.98591	.138694	.000000
11.00923	.137419	.000000
11.03266	.136293	.000000
11.05618	.135190	.000000
11.0798	.134173	.000000
11.10353	.133121	.000000
11.12736	.132157	.000000
11.15129	.131324	.000000
11.17532	.130603	.000000
11.19946	.129817	.000000
11.2237	.129183	.000000
11.24805	.128423	.000000
11.2725	.127677	.000000
11.29706	.126882	.000000
11.32172	.126076	.000000
11.34649	.125133	.000000
11.37138	.124077	.000000
11.39637	.122523	.000000
11.42147	.120186	.000000
11.44668	.116770	.000000
11.47201	.112214	.000000
11.49745	.106793	.000000
11.523	.101432	.000000
11.54866	.096607	.000000
11.57444	.092711	.000000
11.60033	.089571	.000000
11.62634	.087001	.000000
11.65247	.084654	.000000
11.67872	.082628	.000000
11.70508	.080650	.000000
11.73157	.078502	.000000
11.75817	.075787	.000000
11.78489	.072458	.000000
11.81174	.068986	.000000
11.8387	.066757	.000000
11.86579	.066482	.000000
11.893	.068014	.000000
11.92034	.070330	.000000
11.94781	.073027	.000000
11.9754	.075586	.000000
12.00312	.078149	.000000
12.03097	.080765	.000000
12.05896	.083847	.000000
12.08707	.087077	.000000
12.11531	.090436	.000000
12.14368	.093898	.000000
12.17219	.097387	.000000
12.20083	.100588	.000000
12.2296	.103536	.000000
12.25852	.106266	.000000
12.28757	.108889	.000000
12.31676	.111380	.000000
12.34608	.114210	.000000
12.37555	.117417	.000000
12.40515	.121111	.000000
12.4349	.124817	.000000
12.46478	.128499	.000000
12.49482	.132169	.000000
12.525	.135648	.000000
12.55533	.138929	.000000
12.5858	.141989	.000000
12.61642	.144606	.000000
12.6472	.146969	.000000
12.67813	.149084	.000000
12.7092	.151024	.000000
12.74043	.152843	.000000
12.77181	.154623	.000000
12.80334	.156169	.000000
12.83503	.157448	.000000
12.86688	.158290	.000000
12.8989	.158962	.000000
12.93106	.159392	.000000
12.96339	.159498	.000000
12.99588	.159280	.000000
13.02853	.158909	.000000
13.06135	.158309	.000000
13.09433	.157415	.000000
13.12749	.156407	.000000
13.16081	.155410	.000000
13.1943	.154187	.000000
13.22796	.153044	.000000
13.26179	.152222	.000000
13.29579	.151687	.000000
13.32997	.151100	.000000
13.36432	.150327	.000000
13.39885	.149357	.000000
13.43356	.148403	.000000
13.46846	.147495	.000000
13.50353	.146442	.000000
13.53879	.145179	.000000
13.57423	.143761	.000000
13.60986	.142070	.000000
13.64568	.140307	.000000
13.68169	.138461	.000000
13.71788	.136367	.000000
13.75427	.134091	.000000
13.79085	.131725	.000000
13.82763	.129192	.000000
13.8646	.126817	.000000
13.90177	.124442	.000000
13.93915	.121905	.000000
13.97672	.119344	.000000
14.01449	.116765	.000000
14.05247	.114107	.000000
14.09066	.111515	.000000
14.12904	.108853	.000000
14.16764	.106145	.000000
14.20646	.103468	.000000
14.24549	.100697	.000000
14.28473	.097725	.000000
14.3242	.094783	.000000
14.36388	.091784	.000000
14.40378	.089089	.000000
14.4439	.086354	.000000
14.48425	.083487	.000000
14.52482	.080671	.000000
14.56562	.078186	.000000
14.60665	.076126	.000000
14.64792	.074166	.000000
14.68942	.071975	.000000
14.73115	.069893	.000000
14.77312	.067898	.000000
14.81533	.065888	.000000
14.85778	.063940	.000000
14.90048	.062248	.000000
14.94342	.060797	.000000
14.98659	.059757	.000000
15.03003	.058785	.000000
15.07372	.058411	.000000
15.11767	.058469	.000000
15.16187	.058787	.000000
15.20634	.059405	.000000
15.25106	.060902	.000000
15.29606	.062819	.000000
15.34131	.065109	.000000
15.38684	.067837	.000000
15.43263	.070973	.000000
15.4787	.073998	.000000
15.52504	.076809	.000000
15.57167	.079242	.000000
15.61858	.081452	.000000
15.66576	.082808	.000000
15.71324	.083372	.000000
15.761	.083608	.000000
15.80905	.083605	.000000
15.8574	.082926	.000000
15.90604	.081650	.000000
15.95496	.079945	.000000
16.00421	.078205	.000000
16.05376	.075850	.000000
16.10362	.073594	.000000
16.15378	.071560	.000000
16.20426	.069428	.000000
16.25506	.067008	.000000
16.30619	.064631	.000000
16.35763	.062477	.000000
16.40939	.060499	.000000
16.46149	.058556	.000000
16.51391	.056717	.000000
16.56667	.054925	.000000
16.61977	.053700	.000000
16.67322	.052752	.000000
16.72701	.051991	.000000
16.78114	.051496	.000000
16.83563	.051498	.000000
16.89046	.051529	.000000
16.94566	.052110	.000000
17.00122	.053050	.000000
17.05716	.054508	.000000
17.11345	.056281	.000000
17.17012	.058328	.000000
17.22716	.060805	.000000
17.28459	.063895	.000000
17.3424	.066932	.000000
17.4006	.070113	.000000
17.45916	.074074	.000000
17.51815	.078159	.000000
17.57753	.082219	.000000
17.63732	.085912	.000000
17.69752	.088683	.000000
17.75815	.090684	.000000
17.81918	.091656	.000000
17.88063	.092646	.000000
17.9425	.093410	.000000
18.00478	.094383	.000000
18.06751	.095814	.000000
18.13069	.097839	.000000
18.1943	.099293	.000000
18.25837	.099779	.000000
18.32289	.099488	.000000
18.38786	.099082	.000000
18.45331	.099447	.000000
18.51922	.100664	.000000
18.5856	.102866	.000000
18.65245	.106334	.000000
18.71979	.110980	.000000
18.78762	.115934	.000000
18.85594	.119257	.000000
18.92477	.120632	.000000
18.99409	.120610	.000000
19.06392	.118806	.000000
19.13427	.116145	.000000
19.20514	.113623	.000000
19.27653	.110715	.000000
19.34846	.107489	.000000
19.4209	.104441	.000000
19.49392	.101535	.000000
19.56748	.099183	.000000
19.6416	.097424	.000000
19.71628	.096325	.000000
19.79154	.095908	.000000
19.86737	.095664	.000000
19.9438	.092989	.000000
20.0208	.088365	.000000
20.0984	.083086	.000000
20.17661	.077237	.000000
20.25542	.071757	.000000
20.33485	.066101	.000000
20.41491	.060382	.000000
20.49558	.055543	.000000
20.57692	.051650	.000000
20.6589	.049152	.000000
20.74153	.048702	.000000
20.82483	.050114	.000000
20.9088	.052905	.000000
20.99345	.056124	.000000
21.07881	.058930	.000000
21.16485	.061392	.000000
21.25159	.062665	.000000
21.33905	.062772	.000000
21.42722	.061563	.000000
21.51613	.059844	.000000
21.60579	.058449	.000000
21.69616	.058068	.000000
21.78732	.059508	.000000
21.87925	.063406	.000000
21.97196	.069620	.000000
22.06546	.076748	.000000
22.15976	.084999	.000000
22.25486	.093312	.000000
22.35081	.100735	.000000
22.44757	.105738	.000000
22.54517	.108788	.000000
22.64362	.110691	.000000
22.74294	.111793	.000000
22.84313	.114003	.000000
22.9442	.118275	.000000
23.04615	.123587	.000000
23.14903	.129613	.000000
23.25284	.135320	.000000
23.35758	.139893	.000000
23.46327	.143161	.000000
23.56992	.145495	.000000
23.67755	.147226	.000000
23.78619	.149249	.000000
23.8958	.151111	.000000
24.00643	.151485	.000000
24.11809	.150891	.000000
24.23079	.147571	.000000
24.34455	.141675	.000000
24.45939	.134463	.000000
24.57528	.127568	.000000
24.6923	.122603	.000000
24.81045	.119870	.000000
24.92973	.118864	.000000
25.05016	.119237	.000000
25.17177	.118423	.000000
25.29455	.114991	.000000
25.41852	.110854	.000000
25.54373	.105881	.000000
25.67019	.099237	.000000
25.7979	.092541	.000000
25.92689	.087010	.000000
26.05717	.083545	.000000
26.18878	.083352	.000000
26.32175	.085566	.000000
26.45604	.087658	.000000
26.59171	.088623	.000000
26.72879	.087434	.000000
26.86728	.085924	.000000
27.00721	.087019	.000000
27.14861	.090368	.000000
27.29146	.093610	.000000
27.43586	.095935	.000000
27.58179	.097848	.000000
27.72929	.099438	.000000
27.87837	.100321	.000000
28.02907	.101463	.000000
28.1814	.102241	.000000
28.33544	.102277	.000000
28.49113	.101427	.000000
28.64854	.099042	.000000
28.80769	.097024	.000000
28.96863	.095843	.000000
29.13138	.094945	.000000
29.29596	.094123	.000000
29.46237	.093361	.000000
29.63073	.092088	.000000
29.80102	.091311	.000000
29.97328	.090933	.000000
30.14754	.089625	.000000
30.32384	.087749	.000000
30.50222	.085986	.000000
30.68275	.083589	.000000
30.86539	.080684	.000000
31.05021	.077257	.000000
31.23726	.073984	.000000
31.42658	.070221	.000000
31.6182	.066775	.000000
31.81218	.064667	.000000
32.0085	.063745	.000000
32.20731	.063001	.000000
32.40861	.064183	.000000
32.61244	.066814	.000000
32.81884	.071074	.000000
33.02788	.077481	.000000
33.2396	.083955	.000000
33.45411	.087785	.000000
33.67134	.090615	.000000
33.89141	.093430	.000000
34.11438	.096443	.000000
34.3403	.099649	.000000
34.56924	.102514	.000000
34.80125	.103497	.000000
35.03634	.103303	.000000
35.27468	.102873	.000000
35.51629	.101286	.000000
35.76123	.098654	.000000
36.00957	.095903	.000000
36.26138	.095652	.000000
36.51674	.095832	.000000
36.7758	.096081	.000000
37.03848	.097891	.000000
37.30495	.100397	.000000
37.57527	.102156	.000000
37.84954	.102738	.000000
38.12785	.102901	.000000
38.41028	.103195	.000000
38.69684	.104078	.000000
38.9878	.105148	.000000
39.28316	.106257	.000000
39.58303	.108524	.000000
39.88752	.111418	.000000
40.19672	.114358	.000000
40.51076	.116542	.000000
40.82983	.119246	.000000
41.15388	.121669	.000000
41.48311	.123307	.000000
41.81764	.124731	.000000
42.15763	.127305	.000000
42.50318	.131122	.000000
42.85445	.135927	.000000
43.21148	.139377	.000000
43.5746	.143790	.000000
43.94388	.147683	.000000
44.31946	.148911	.000000
44.70153	.150912	.000000
45.09024	.154661	.000000
45.48577	.157908	.000000
45.8884	.159039	.000000
46.29812	.161631	.000000
46.71522	.167957	.000000
47.13991	.173458	.000000
47.57238	.179749	.000000
48.01287	.180931	.000000
48.46159	.182154	.000000
48.91866	.187076	.000000
49.38455	.184582	.000000
49.8594	.171138	.000000
50.34347	.162256	.000000
50.83703	.159269	.000000
51.34037	.165038	.000000
51.85377	.175353	.000000
52.37769	.182790	.000000
52.91216	.190310	.000000
53.45764	.196469	.000000
54.01449	.196863	.000000
54.58307	.197860	.000000
55.16374	.199517	.000000
55.7569	.202206	.000000
56.3628	.203431	.000000
56.98217	.209204	.000000
57.61531	.215173	.000000
58.26267	.214820	.000000
58.92474	.215881	.000000
59.60204	.212237	.000000
60.29509	.205958	.000000
61.00463	.203778	.000000
61.73088	.206527	.000000
62.47463	.210519	.000000
63.23651	.211300	.000000
64.01721	.202952	.000000
64.81743	.198583	.000000
65.63791	.201076	.000000
66.4792	.208576	.000000
67.34256	.212622	.000000
68.22865	.209549	.000000
69.13837	.207920	.000000
70.07266	.197528	.000000
71.03256	.182484	.000000
72.01913	.169776	.000000
73.03376	.165636	.000000
74.07709	.176160	.000000
75.15068	.201574	.000000
76.25584	.220395	.000000
77.39399	.230800	.000000
78.56663	.246282	.000000
79.77535	.242261	.000000
81.02153	.220628	.000000
82.30759	.219324	.000000
83.63513	.212374	.000000
85.0062	.199273	.000000
86.42296	.214923	.000000
87.88776	.227396	.000000
89.40305	.217255	.000000
90.97155	.213704	.000000
92.59603	.222385	.000000
94.27959	.220194	.000000
96.02551	.223818	.000000
97.83731	.219797	.000000
99.7188	.223939	.000000
