Brown University Keck/NASA Relab Spectrum CK-JFM-001/BKR1CK001
Wavelength(micron)	Reflectance	Standard Deviation
0.3	.155900	.008940
0.305	.166127	.007266
0.31	.181978	.006502
0.315	.201266	.005645
0.32	.225999	.005280
0.325	.254089	.005040
0.33	.285827	.005266
0.335	.318677	.005059
0.34	.358021	.005802
0.345	.392725	.005833
0.35	.426399	.006380
0.355	.458178	.005102
0.36	.488158	.007713
0.365	.510866	.005390
0.37	.529570	.006179
0.375	.544690	.005073
0.38	.550681	.006176
0.385	.556803	.005461
0.39	.570516	.005792
0.395	.577648	.004895
0.4	.587709	.005992
0.405	.603390	.005221
0.41	.617168	.006427
0.415	.629160	.005593
0.42	.633991	.006406
0.425	.636877	.005560
0.43	.639238	.005938
0.435	.643573	.005016
0.44	.650177	.006392
0.445	.650809	.005283
0.45	.648524	.005656
0.455	.654044	.004600
0.46	.663951	.005185
0.465	.669978	.005047
0.47	.677500	.004529
0.475	.688029	.004708
0.48	.699971	.004722
0.485	.701463	.004566
0.49	.703087	.004788
0.495	.707031	.004835
0.5	.726073	.005540
0.505	.741399	.005693
0.51	.750901	.005601
0.515	.755624	.004993
0.52	.762466	.005910
0.525	.767291	.005678
0.53	.773207	.005724
0.535	.781263	.005548
0.54	.788834	.005486
0.545	.791309	.005142
0.55	.801147	.005415
0.555	.804914	.005287
0.56	.807932	.005272
0.565	.806838	.005308
0.57	.806009	.005199
0.575	.802819	.005445
0.58	.800332	.005475
0.585	.798071	.005549
0.59	.793790	.005374
0.595	.790183	.006050
0.6	.786802	.005219
0.605	.779174	.005698
0.61	.774689	.005691
0.615	.769729	.005513
0.62	.764848	.005879
0.625	.758329	.005672
0.63	.754040	.005536
0.635	.752245	.004973
0.64	.751362	.005822
0.645	.754655	.005082
0.65	.753840	.005066
0.655	.755081	.005133
0.66	.757339	.006374
0.665	.757338	.005157
0.67	.756578	.005279
0.675	.758155	.005826
0.68	.756125	.005408
0.685	.751886	.005541
0.69	.748124	.005148
0.695	.741793	.005254
0.7	.735189	.005141
0.705	.730046	.004965
0.71	.725031	.005345
0.715	.716897	.004446
0.72	.711632	.005535
0.725	.703382	.005175
0.73	.696242	.005591
0.735	.689093	.005386
0.74	.681429	.005347
0.745	.670999	.005622
0.75	.661563	.004678
0.755	.652262	.005547
0.76	.642766	.005410
0.765	.633997	.005253
0.77	.623629	.004879
0.775	.618995	.004805
0.78	.607311	.005274
0.785	.597258	.005023
0.79	.590205	.004975
0.795	.582984	.004650
0.8	.576129	.005283
0.805	.569684	.005067
0.81	.561969	.005636
0.815	.557434	.005321
0.82	.551588	.005281
0.825	.546639	.005420
0.83	.541577	.005325
0.835	.536845	.005188
0.84	.532847	.005149
0.845	.528299	.005180
0.85	.525293	.005314
0.855	.522210	.005343
0.86	.519069	.005594
0.865	.516754	.005489
0.87	.513089	.005572
0.875	.509598	.005114
0.88	.505605	.005363
0.885	.501393	.004632
0.89	.497130	.004463
0.895	.493860	.004222
0.9	.487754	.003978
0.905	.484850	.003882
0.91	.479871	.003700
0.915	.475040	.003830
0.92	.468922	.003425
0.925	.463550	.003375
0.93	.457754	.003398
0.935	.451541	.003882
0.94	.444289	.003828
0.945	.437925	.003570
0.95	.429974	.003875
0.955	.422557	.003397
0.96	.414325	.003281
0.965	.407846	.003103
0.97	.400205	.003133
0.975	.392855	.002958
0.98	.385757	.003008
0.985	.380274	.003403
0.99	.373644	.003386
0.995	.367487	.003071
1	.362237	.003086
1.005	.356970	.003209
1.01	.352092	.002731
1.015	.347782	.003088
1.02	.343703	.002738
1.025	.340254	.002861
1.03	.337247	.002620
1.035	.335222	.002741
1.04	.333188	.002813
1.045	.331964	.002870
1.05	.330719	.002878
1.055	.330822	.002676
1.06	.330697	.002720
1.065	.331868	.002905
1.07	.333378	.002935
1.075	.335244	.002835
1.08	.337572	.002997
1.085	.341001	.002847
1.09	.343847	.002921
1.095	.347788	.003201
1.1	.351682	.003143
1.105	.355234	.003185
1.11	.359417	.003029
1.115	.363829	.003091
1.12	.367864	.003090
1.125	.372205	.003125
1.13	.375364	.003323
1.135	.379459	.002838
1.14	.382699	.003170
1.145	.386540	.002888
1.15	.389453	.003268
1.155	.392362	.003119
1.16	.395394	.003332
1.165	.398243	.003245
1.17	.400803	.003103
1.175	.402949	.003069
1.18	.405594	.003075
1.185	.407806	.003093
1.19	.409673	.002973
1.195	.411984	.003074
1.2	.413488	.003006
1.205	.415634	.003101
1.21	.417478	.002899
1.215	.419508	.003021
1.22	.421621	.002885
1.225	.423574	.002999
1.23	.425384	.003063
1.235	.427779	.002973
1.24	.430002	.002979
1.245	.432373	.003142
1.25	.434626	.003110
1.255	.437010	.003196
1.26	.439321	.003069
1.265	.442213	.003138
1.27	.445098	.003363
1.275	.448028	.003641
1.28	.451311	.003461
1.285	.454666	.003266
1.29	.457993	.003117
1.295	.461466	.003324
1.3	.465521	.003161
1.305	.468823	.003572
1.31	.473490	.003447
1.315	.477240	.003448
1.32	.481721	.003475
1.325	.486195	.003505
1.33	.490670	.003227
1.335	.495090	.003289
1.34	.499947	.003197
1.345	.505178	.003500
1.35	.510280	.003761
1.355	.515452	.003630
1.36	.521100	.003832
1.365	.525330	.003834
1.37	.530479	.003818
1.375	.536307	.003526
1.38	.543611	.005550
1.385	.546950	.003696
1.39	.552968	.004772
1.395	.559616	.003860
1.4	.565133	.004042
1.405	.570790	.004321
1.41	.576834	.005026
1.415	.582996	.004027
1.42	.588980	.003970
1.425	.595704	.004222
1.43	.602323	.004050
1.435	.609121	.004152
1.44	.615535	.004055
1.445	.621655	.004275
1.45	.628239	.003934
1.455	.634322	.004298
1.46	.640866	.004302
1.465	.646923	.004094
1.47	.653598	.004067
1.475	.659510	.004125
1.48	.666227	.004034
1.485	.672621	.004400
1.49	.679034	.004042
1.495	.685168	.004220
1.5	.690973	.004321
1.505	.697255	.004341
1.51	.703223	.004438
1.515	.709498	.004733
1.52	.715243	.004841
1.525	.721568	.004993
1.53	.727812	.004887
1.535	.733536	.005093
1.54	.739108	.005131
1.545	.744992	.005168
1.55	.750604	.005153
1.555	.756229	.005078
1.56	.761065	.005047
1.565	.766492	.005088
1.57	.771166	.005421
1.575	.776081	.005121
1.58	.781294	.005567
1.585	.786020	.005367
1.59	.790497	.005325
1.595	.795282	.005034
1.6	.799812	.005324
1.605	.803699	.005271
1.61	.807556	.005330
1.615	.812023	.005336
1.62	.815353	.005237
1.625	.818957	.005192
1.63	.822612	.005345
1.635	.826267	.005237
1.64	.829323	.005221
1.645	.833649	.005327
1.65	.836913	.005195
1.655	.840347	.005481
1.66	.843663	.005463
1.665	.846539	.005743
1.67	.849301	.005699
1.675	.852470	.006035
1.68	.855378	.006133
1.685	.857611	.006181
1.69	.860308	.006047
1.695	.862226	.006306
1.7	.864356	.006414
1.705	.865725	.006326
1.71	.868218	.006096
1.715	.869076	.006220
1.72	.870645	.006295
1.725	.872787	.006320
1.73	.873423	.006512
1.735	.874062	.006467
1.74	.875498	.006844
1.745	.876665	.006544
1.75	.878015	.006741
1.755	.879321	.006574
1.76	.879801	.006361
1.765	.881162	.006434
1.77	.881984	.006512
1.775	.882376	.006427
1.78	.883900	.006639
1.785	.884289	.006398
1.79	.885557	.006451
1.795	.885897	.006640
1.8	.887321	.006833
1.805	.886961	.007000
1.81	.888241	.006825
1.815	.888471	.006962
1.82	.888554	.006935
1.825	.889023	.007083
1.83	.889967	.007038
1.835	.890618	.007241
1.84	.889742	.007007
1.845	.891625	.007135
1.85	.889853	.007263
1.855	.891283	.007146
1.86	.891652	.007682
1.865	.891194	.007701
1.87	.890028	.008566
1.875	.889159	.008517
1.88	.887966	.008587
1.885	.885949	.008133
1.89	.884972	.008158
1.895	.883218	.007312
1.9	.881208	.007557
1.905	.879384	.007516
1.91	.877990	.007360
1.915	.876967	.007309
1.92	.877267	.006764
1.925	.877389	.007237
1.93	.877310	.007720
1.935	.878036	.007557
1.94	.878142	.007791
1.945	.878661	.007483
1.95	.879242	.007615
1.955	.879410	.007410
1.96	.880220	.007386
1.965	.880415	.007444
1.97	.880782	.007533
1.975	.881249	.007349
1.98	.882406	.007324
1.985	.882122	.007819
1.99	.882886	.007594
1.995	.883998	.007549
2	.884787	.007618
2.005	.884590	.007739
2.01	.885320	.007704
2.015	.886027	.007796
2.02	.886164	.007637
2.025	.886571	.007723
2.03	.887052	.007814
2.035	.887402	.006984
2.04	.888215	.007105
2.045	.887925	.006782
2.05	.887803	.006848
2.055	.887605	.006426
2.06	.887655	.006657
2.065	.887444	.006873
2.07	.887621	.006637
2.075	.887756	.006615
2.08	.887916	.006805
2.085	.887918	.006648
2.09	.888000	.006777
2.095	.887691	.006595
2.1	.887101	.006487
2.105	.888053	.006529
2.11	.888466	.006627
2.115	.888398	.006465
2.12	.888863	.006559
2.125	.888449	.006354
2.13	.889701	.006349
2.135	.890182	.006534
2.14	.890457	.006354
2.145	.890674	.006365
2.15	.890935	.006404
2.155	.890889	.006149
2.16	.891360	.006066
2.165	.891027	.006119
2.17	.891136	.006166
2.175	.890470	.006069
2.18	.890714	.006407
2.185	.891150	.006110
2.19	.891090	.006520
2.195	.890839	.006050
2.2	.891617	.007140
2.205	.889941	.006096
2.21	.889173	.006387
2.215	.889361	.005573
2.22	.888621	.005543
2.225	.887515	.005811
2.23	.887139	.005790
2.235	.887410	.005688
2.24	.886337	.005819
2.245	.887658	.005565
2.25	.886250	.005416
2.255	.885952	.005599
2.26	.886068	.005460
2.265	.885318	.005869
2.27	.884294	.005707
2.275	.884235	.005711
2.28	.883713	.005824
2.285	.883638	.006152
2.29	.882727	.006060
2.295	.881026	.006288
2.3	.880176	.006246
2.305	.881449	.006241
2.31	.881000	.006135
2.315	.880612	.006745
2.32	.880871	.006871
2.325	.880451	.006658
2.33	.880272	.006958
2.335	.881132	.007001
2.34	.879990	.006988
2.345	.880642	.007306
2.35	.878970	.007273
2.355	.879294	.007210
2.36	.879435	.007244
2.365	.879190	.007240
2.37	.878352	.007078
2.375	.878074	.006963
2.38	.877743	.007046
2.385	.877408	.007278
2.39	.877287	.007461
2.395	.877143	.007278
2.4	.876801	.007376
2.405	.876475	.007206
2.41	.876293	.007370
2.415	.876253	.007195
2.42	.875639	.007190
2.425	.874825	.007297
2.43	.874419	.007148
2.435	.874331	.007275
2.44	.873679	.007095
2.445	.873298	.007272
2.45	.872059	.007440
2.455	.872100	.007248
2.46	.871444	.007247
2.465	.870913	.007292
2.47	.870214	.007249
2.475	.868975	.006522
2.48	.869136	.006578
2.485	.867592	.006311
2.49	.866587	.006640
2.495	.866301	.006826
2.5	.866646	.006725
2.505	.864949	.006422
2.51	.865390	.006750
2.515	.864674	.006359
2.52011	.863599	.000000
2.52073	.863703	.000000
2.52134	.863789	.000000
2.52195	.863843	.000000
2.52257	.863837	.000000
2.52318	.863745	.000000
2.52379	.863875	.000000
2.52441	.863924	.000000
2.52502	.863775	.000000
2.52564	.863809	.000000
2.52625	.863787	.000000
2.52687	.863559	.000000
2.52749	.863444	.000000
2.5281	.863589	.000000
2.52872	.863827	.000000
2.52933	.863918	.000000
2.52995	.863901	.000000
2.53057	.863944	.000000
2.53119	.863922	.000000
2.5318	.863887	.000000
2.53242	.863803	.000000
2.53304	.863715	.000000
2.53366	.863751	.000000
2.53428	.863869	.000000
2.5349	.863970	.000000
2.53552	.863998	.000000
2.53614	.863996	.000000
2.53676	.863994	.000000
2.53738	.864052	.000000
2.538	.864214	.000000
2.53862	.864355	.000000
2.53925	.864276	.000000
2.53987	.864050	.000000
2.54049	.863976	.000000
2.54111	.863932	.000000
2.54173	.863783	.000000
2.54236	.863813	.000000
2.54298	.863827	.000000
2.5436	.863950	.000000
2.54423	.864110	.000000
2.54485	.864184	.000000
2.54548	.864220	.000000
2.5461	.864246	.000000
2.54673	.864096	.000000
2.54735	.863813	.000000
2.54798	.863777	.000000
2.54861	.863853	.000000
2.54923	.863897	.000000
2.54986	.863813	.000000
2.55049	.863739	.000000
2.55111	.863785	.000000
2.55174	.864014	.000000
2.55237	.863962	.000000
2.553	.863715	.000000
2.55363	.863817	.000000
2.55426	.864062	.000000
2.55489	.864164	.000000
2.55551	.863928	.000000
2.55614	.863781	.000000
2.55678	.863926	.000000
2.55741	.864046	.000000
2.55804	.864116	.000000
2.55867	.864202	.000000
2.5593	.864188	.000000
2.55993	.864206	.000000
2.56056	.864056	.000000
2.5612	.863563	.000000
2.56183	.863412	.000000
2.56246	.863452	.000000
2.5631	.863517	.000000
2.56373	.863713	.000000
2.56436	.863621	.000000
2.565	.863845	.000000
2.56563	.864016	.000000
2.56627	.863966	.000000
2.5669	.863978	.000000
2.56754	.863914	.000000
2.56817	.863839	.000000
2.56881	.863869	.000000
2.56945	.863557	.000000
2.57008	.863599	.000000
2.57072	.864010	.000000
2.57136	.864118	.000000
2.572	.863980	.000000
2.57263	.863795	.000000
2.57327	.863358	.000000
2.57391	.863314	.000000
2.57455	.863739	.000000
2.57519	.863747	.000000
2.57583	.863693	.000000
2.57647	.863691	.000000
2.57711	.863763	.000000
2.57775	.864022	.000000
2.57839	.864078	.000000
2.57903	.863978	.000000
2.57967	.863849	.000000
2.58031	.863745	.000000
2.58096	.863569	.000000
2.5816	.863713	.000000
2.58224	.863934	.000000
2.58289	.864020	.000000
2.58353	.863649	.000000
2.58417	.863254	.000000
2.58482	.863625	.000000
2.58546	.863980	.000000
2.58611	.864130	.000000
2.58675	.863899	.000000
2.5874	.863619	.000000
2.58804	.863837	.000000
2.58869	.863916	.000000
2.58934	.863639	.000000
2.58998	.863611	.000000
2.59063	.863671	.000000
2.59128	.863829	.000000
2.59192	.863869	.000000
2.59257	.863801	.000000
2.59322	.863829	.000000
2.59387	.863308	.000000
2.59452	.862193	.000000
2.59517	.862652	.000000
2.59582	.863168	.000000
2.59647	.863296	.000000
2.59712	.863683	.000000
2.59777	.863807	.000000
2.59842	.863897	.000000
2.59907	.863727	.000000
2.59972	.863627	.000000
2.60037	.863665	.000000
2.60103	.863699	.000000
2.60168	.863565	.000000
2.60233	.863543	.000000
2.60299	.863324	.000000
2.60364	.863222	.000000
2.60429	.863418	.000000
2.60495	.863290	.000000
2.6056	.862771	.000000
2.60626	.863162	.000000
2.60691	.863464	.000000
2.60757	.863140	.000000
2.60822	.863126	.000000
2.60888	.863230	.000000
2.60954	.863023	.000000
2.61019	.863069	.000000
2.61085	.863264	.000000
2.61151	.863332	.000000
2.61216	.863304	.000000
2.61282	.863214	.000000
2.61348	.863093	.000000
2.61414	.863192	.000000
2.6148	.863258	.000000
2.61546	.863172	.000000
2.61612	.862929	.000000
2.61678	.862578	.000000
2.61744	.862701	.000000
2.6181	.863126	.000000
2.61876	.863190	.000000
2.61942	.863208	.000000
2.62008	.862640	.000000
2.62075	.862231	.000000
2.62141	.862871	.000000
2.62207	.863009	.000000
2.62274	.862795	.000000
2.6234	.862807	.000000
2.62406	.862931	.000000
2.62473	.863059	.000000
2.62539	.863023	.000000
2.62606	.862542	.000000
2.62672	.862097	.000000
2.62739	.862526	.000000
2.62805	.862781	.000000
2.62872	.862600	.000000
2.62939	.862314	.000000
2.63005	.861909	.000000
2.63072	.861658	.000000
2.63139	.862047	.000000
2.63206	.862296	.000000
2.63272	.862322	.000000
2.63339	.862171	.000000
2.63406	.862139	.000000
2.63473	.862332	.000000
2.6354	.862253	.000000
2.63607	.862157	.000000
2.63674	.862203	.000000
2.63741	.862121	.000000
2.63808	.862043	.000000
2.63875	.862001	.000000
2.63943	.861981	.000000
2.6401	.862001	.000000
2.64077	.861913	.000000
2.64144	.861612	.000000
2.64212	.861417	.000000
2.64279	.861453	.000000
2.64346	.861455	.000000
2.64414	.861510	.000000
2.64481	.861560	.000000
2.64549	.861319	.000000
2.64616	.861225	.000000
2.64684	.861219	.000000
2.64751	.861131	.000000
2.64819	.860878	.000000
2.64886	.860892	.000000
2.64954	.860948	.000000
2.65022	.860800	.000000
2.6509	.860756	.000000
2.65157	.860619	.000000
2.65225	.860407	.000000
2.65293	.860256	.000000
2.65361	.860349	.000000
2.65429	.860517	.000000
2.65497	.860188	.000000
2.65565	.859789	.000000
2.65633	.859795	.000000
2.65701	.859966	.000000
2.65769	.859964	.000000
2.65837	.859807	.000000
2.65905	.859613	.000000
2.65974	.859256	.000000
2.66042	.859172	.000000
2.6611	.859136	.000000
2.66178	.858919	.000000
2.66247	.858855	.000000
2.66315	.858791	.000000
2.66383	.858658	.000000
2.66452	.858177	.000000
2.6652	.857780	.000000
2.66589	.858165	.000000
2.66657	.857822	.000000
2.66726	.857301	.000000
2.66795	.857824	.000000
2.66863	.858031	.000000
2.66932	.857915	.000000
2.67001	.856986	.000000
2.6707	.856056	.000000
2.67138	.856559	.000000
2.67207	.856591	.000000
2.67276	.855938	.000000
2.67345	.855304	.000000
2.67414	.854604	.000000
2.67483	.853744	.000000
2.67552	.852399	.000000
2.67621	.850765	.000000
2.6769	.849466	.000000
2.67759	.848162	.000000
2.67828	.846683	.000000
2.67897	.844814	.000000
2.67967	.843044	.000000
2.68036	.841793	.000000
2.68105	.839958	.000000
2.68175	.837907	.000000
2.68244	.835882	.000000
2.68313	.833592	.000000
2.68383	.831218	.000000
2.68452	.828921	.000000
2.68522	.826601	.000000
2.68591	.824093	.000000
2.68661	.821362	.000000
2.68731	.819020	.000000
2.688	.816596	.000000
2.6887	.814108	.000000
2.6894	.811331	.000000
2.69009	.808315	.000000
2.69079	.805246	.000000
2.69149	.802060	.000000
2.69219	.798659	.000000
2.69289	.795119	.000000
2.69359	.791438	.000000
2.69429	.788248	.000000
2.69499	.785551	.000000
2.69569	.782740	.000000
2.69639	.780396	.000000
2.69709	.778499	.000000
2.69779	.776783	.000000
2.6985	.775001	.000000
2.6992	.773555	.000000
2.6999	.772256	.000000
2.7006	.770856	.000000
2.70131	.769309	.000000
2.70201	.768045	.000000
2.70272	.766772	.000000
2.70342	.765240	.000000
2.70412	.763691	.000000
2.70483	.762373	.000000
2.70554	.761050	.000000
2.70624	.759502	.000000
2.70695	.758139	.000000
2.70766	.756751	.000000
2.70836	.755226	.000000
2.70907	.753812	.000000
2.70978	.752751	.000000
2.71049	.751486	.000000
2.71119	.749910	.000000
2.7119	.749046	.000000
2.71261	.748296	.000000
2.71332	.747216	.000000
2.71403	.746113	.000000
2.71474	.745251	.000000
2.71546	.744393	.000000
2.71617	.743613	.000000
2.71688	.742769	.000000
2.71759	.741909	.000000
2.7183	.741387	.000000
2.71901	.741080	.000000
2.71973	.740385	.000000
2.72044	.739262	.000000
2.72116	.738955	.000000
2.72187	.739043	.000000
2.72258	.738745	.000000
2.7233	.738225	.000000
2.72401	.737480	.000000
2.72473	.737273	.000000
2.72545	.737315	.000000
2.72616	.737217	.000000
2.72688	.737095	.000000
2.7276	.736716	.000000
2.72831	.736343	.000000
2.72903	.736008	.000000
2.72975	.735719	.000000
2.73047	.735252	.000000
2.73119	.734677	.000000
2.73191	.734061	.000000
2.73263	.733570	.000000
2.73335	.733251	.000000
2.73407	.732603	.000000
2.73479	.731595	.000000
2.73551	.731058	.000000
2.73623	.730653	.000000
2.73696	.729863	.000000
2.73768	.728904	.000000
2.7384	.727840	.000000
2.73913	.726382	.000000
2.73985	.724616	.000000
2.74057	.723338	.000000
2.7413	.722783	.000000
2.74202	.722669	.000000
2.74275	.722988	.000000
2.74347	.723174	.000000
2.7442	.723242	.000000
2.74493	.723170	.000000
2.74565	.722972	.000000
2.74638	.722617	.000000
2.74711	.722226	.000000
2.74783	.721907	.000000
2.74856	.721578	.000000
2.74929	.721045	.000000
2.75002	.720574	.000000
2.75075	.720181	.000000
2.75148	.719601	.000000
2.75221	.719002	.000000
2.75294	.718460	.000000
2.75367	.717949	.000000
2.7544	.717404	.000000
2.75514	.716688	.000000
2.75587	.716159	.000000
2.7566	.716010	.000000
2.75733	.715922	.000000
2.75807	.715545	.000000
2.7588	.715140	.000000
2.75954	.714601	.000000
2.76027	.714071	.000000
2.761	.713745	.000000
2.76174	.713269	.000000
2.76248	.712662	.000000
2.76321	.712309	.000000
2.76395	.712012	.000000
2.76469	.711549	.000000
2.76542	.711216	.000000
2.76616	.710883	.000000
2.7669	.710476	.000000
2.76764	.709917	.000000
2.76838	.709344	.000000
2.76911	.709081	.000000
2.76985	.708600	.000000
2.77059	.707984	.000000
2.77133	.707585	.000000
2.77208	.707104	.000000
2.77282	.706677	.000000
2.77356	.706412	.000000
2.7743	.705949	.000000
2.77504	.705412	.000000
2.77579	.704750	.000000
2.77653	.704121	.000000
2.77727	.703461	.000000
2.77802	.702906	.000000
2.77876	.702382	.000000
2.77951	.702036	.000000
2.78025	.701895	.000000
2.781	.701542	.000000
2.78174	.701230	.000000
2.78249	.700997	.000000
2.78324	.700778	.000000
2.78398	.700584	.000000
2.78473	.700187	.000000
2.78548	.699916	.000000
2.78623	.699551	.000000
2.78698	.699253	.000000
2.78773	.698894	.000000
2.78848	.698541	.000000
2.78923	.698282	.000000
2.78998	.697857	.000000
2.79073	.697372	.000000
2.79148	.696927	.000000
2.79223	.696456	.000000
2.79298	.695906	.000000
2.79373	.695686	.000000
2.79449	.695401	.000000
2.79524	.694788	.000000
2.79599	.694146	.000000
2.79675	.693767	.000000
2.7975	.693348	.000000
2.79826	.692919	.000000
2.79901	.692510	.000000
2.79977	.692159	.000000
2.80052	.691868	.000000
2.80128	.691714	.000000
2.80204	.691513	.000000
2.8028	.691321	.000000
2.80355	.691305	.000000
2.80431	.691229	.000000
2.80507	.691167	.000000
2.80583	.690856	.000000
2.80659	.690423	.000000
2.80735	.690324	.000000
2.80811	.690246	.000000
2.80887	.690192	.000000
2.80963	.690154	.000000
2.81039	.690066	.000000
2.81115	.689986	.000000
2.81192	.689835	.000000
2.81268	.689643	.000000
2.81344	.689597	.000000
2.81421	.689591	.000000
2.81497	.689268	.000000
2.81573	.689053	.000000
2.8165	.689141	.000000
2.81726	.689021	.000000
2.81803	.688751	.000000
2.8188	.688566	.000000
2.81956	.688470	.000000
2.82033	.688325	.000000
2.8211	.688151	.000000
2.82186	.687904	.000000
2.82263	.687796	.000000
2.8234	.687580	.000000
2.82417	.687327	.000000
2.82494	.687275	.000000
2.82571	.687267	.000000
2.82648	.687217	.000000
2.82725	.687116	.000000
2.82802	.686960	.000000
2.82879	.686812	.000000
2.82956	.686671	.000000
2.83034	.686381	.000000
2.83111	.686270	.000000
2.83188	.686200	.000000
2.83266	.685938	.000000
2.83343	.685637	.000000
2.8342	.685356	.000000
2.83498	.685158	.000000
2.83575	.685182	.000000
2.83653	.685115	.000000
2.83731	.684885	.000000
2.83808	.684803	.000000
2.83886	.684789	.000000
2.83964	.684540	.000000
2.84041	.684334	.000000
2.84119	.684428	.000000
2.84197	.684504	.000000
2.84275	.684406	.000000
2.84353	.684386	.000000
2.84431	.684259	.000000
2.84509	.684055	.000000
2.84587	.684109	.000000
2.84665	.684059	.000000
2.84743	.683965	.000000
2.84822	.684119	.000000
2.849	.684111	.000000
2.84978	.684103	.000000
2.85057	.684195	.000000
2.85135	.684137	.000000
2.85213	.684045	.000000
2.85292	.683967	.000000
2.8537	.683923	.000000
2.85449	.684011	.000000
2.85527	.683941	.000000
2.85606	.683892	.000000
2.85685	.683961	.000000
2.85764	.683953	.000000
2.85842	.683880	.000000
2.85921	.683758	.000000
2.86	.683816	.000000
2.86079	.683720	.000000
2.86158	.683518	.000000
2.86237	.683620	.000000
2.86316	.683696	.000000
2.86395	.683536	.000000
2.86474	.683381	.000000
2.86553	.683315	.000000
2.86632	.683227	.000000
2.86712	.683119	.000000
2.86791	.683131	.000000
2.8687	.683245	.000000
2.8695	.683265	.000000
2.87029	.683048	.000000
2.87109	.682740	.000000
2.87188	.682661	.000000
2.87268	.682804	.000000
2.87347	.682705	.000000
2.87427	.682391	.000000
2.87507	.682339	.000000
2.87586	.682315	.000000
2.87666	.682194	.000000
2.87746	.682166	.000000
2.87826	.682264	.000000
2.87906	.682110	.000000
2.87986	.681920	.000000
2.88066	.681715	.000000
2.88146	.681498	.000000
2.88226	.681422	.000000
2.88306	.681404	.000000
2.88386	.681336	.000000
2.88466	.681318	.000000
2.88547	.681148	.000000
2.88627	.680901	.000000
2.88707	.680793	.000000
2.88788	.680709	.000000
2.88868	.680745	.000000
2.88949	.680757	.000000
2.89029	.680540	.000000
2.8911	.680300	.000000
2.8919	.680093	.000000
2.89271	.680119	.000000
2.89352	.680227	.000000
2.89433	.680095	.000000
2.89513	.679852	.000000
2.89594	.679738	.000000
2.89675	.679710	.000000
2.89756	.679696	.000000
2.89837	.679616	.000000
2.89918	.679481	.000000
2.89999	.679315	.000000
2.9008	.679105	.000000
2.90161	.679050	.000000
2.90243	.679095	.000000
2.90324	.679000	.000000
2.90405	.678938	.000000
2.90487	.678926	.000000
2.90568	.678870	.000000
2.90649	.678778	.000000
2.90731	.678856	.000000
2.90812	.678786	.000000
2.90894	.678730	.000000
2.90976	.678682	.000000
2.91057	.678607	.000000
2.91139	.678680	.000000
2.91221	.678796	.000000
2.91303	.678764	.000000
2.91384	.678677	.000000
2.91466	.678712	.000000
2.91548	.678740	.000000
2.9163	.678796	.000000
2.91712	.678742	.000000
2.91794	.678655	.000000
2.91877	.678792	.000000
2.91959	.678868	.000000
2.92041	.678796	.000000
2.92123	.678786	.000000
2.92206	.678796	.000000
2.92288	.678920	.000000
2.9237	.678996	.000000
2.92453	.678978	.000000
2.92535	.678966	.000000
2.92618	.678880	.000000
2.927	.678854	.000000
2.92783	.679082	.000000
2.92866	.679353	.000000
2.92949	.679305	.000000
2.93031	.679115	.000000
2.93114	.679076	.000000
2.93197	.679195	.000000
2.9328	.679289	.000000
2.93363	.679305	.000000
2.93446	.679365	.000000
2.93529	.679431	.000000
2.93612	.679562	.000000
2.93695	.679564	.000000
2.93778	.679508	.000000
2.93862	.679520	.000000
2.93945	.679598	.000000
2.94028	.679704	.000000
2.94112	.679794	.000000
2.94195	.679959	.000000
2.94279	.679891	.000000
2.94362	.679830	.000000
2.94446	.679897	.000000
2.94529	.679943	.000000
2.94613	.680147	.000000
2.94697	.680273	.000000
2.94781	.680294	.000000
2.94864	.680376	.000000
2.94948	.680454	.000000
2.95032	.680442	.000000
2.95116	.680446	.000000
2.952	.680492	.000000
2.95284	.680550	.000000
2.95368	.680592	.000000
2.95452	.680735	.000000
2.95537	.680917	.000000
2.95621	.681033	.000000
2.95705	.681146	.000000
2.9579	.681098	.000000
2.95874	.681033	.000000
2.95958	.681079	.000000
2.96043	.681144	.000000
2.96128	.681252	.000000
2.96212	.681456	.000000
2.96297	.681585	.000000
2.96381	.681683	.000000
2.96466	.681823	.000000
2.96551	.681873	.000000
2.96636	.681841	.000000
2.96721	.681912	.000000
2.96806	.682154	.000000
2.96891	.682351	.000000
2.96976	.682317	.000000
2.97061	.682531	.000000
2.97146	.682744	.000000
2.97231	.682730	.000000
2.97316	.682828	.000000
2.97401	.682938	.000000
2.97487	.683038	.000000
2.97572	.683104	.000000
2.97658	.683177	.000000
2.97743	.683229	.000000
2.97829	.683303	.000000
2.97914	.683433	.000000
2.98	.683638	.000000
2.98085	.683774	.000000
2.98171	.683957	.000000
2.98257	.684015	.000000
2.98343	.684103	.000000
2.98428	.684227	.000000
2.98514	.684303	.000000
2.986	.684410	.000000
2.98686	.684522	.000000
2.98772	.684652	.000000
2.98859	.684833	.000000
2.98945	.685015	.000000
2.99031	.685186	.000000
2.99117	.685244	.000000
2.99203	.685316	.000000
2.9929	.685472	.000000
2.99376	.685697	.000000
2.99463	.685857	.000000
2.99549	.685861	.000000
2.99636	.685984	.000000
2.99722	.686296	.000000
2.99809	.686523	.000000
2.99896	.686639	.000000
2.99983	.686573	.000000
3.00069	.686740	.000000
3.00156	.686870	.000000
3.00243	.686988	.000000
3.0033	.687151	.000000
3.00417	.687373	.000000
3.00504	.687499	.000000
3.00591	.687572	.000000
3.00678	.687748	.000000
3.00766	.687852	.000000
3.00853	.687999	.000000
3.0094	.688133	.000000
3.01028	.688247	.000000
3.01115	.688388	.000000
3.01202	.688398	.000000
3.0129	.688454	.000000
3.01377	.688646	.000000
3.01465	.688734	.000000
3.01553	.688700	.000000
3.0164	.688831	.000000
3.01728	.689047	.000000
3.01816	.689174	.000000
3.01904	.689224	.000000
3.01992	.689282	.000000
3.0208	.689294	.000000
3.02168	.689484	.000000
3.02256	.689825	.000000
3.02344	.689958	.000000
3.02432	.690030	.000000
3.0252	.690070	.000000
3.02609	.690182	.000000
3.02697	.690354	.000000
3.02785	.690523	.000000
3.02874	.690611	.000000
3.02962	.690707	.000000
3.03051	.690796	.000000
3.0314	.690796	.000000
3.03228	.690904	.000000
3.03317	.691181	.000000
3.03406	.691375	.000000
3.03494	.691397	.000000
3.03583	.691335	.000000
3.03672	.691319	.000000
3.03761	.691461	.000000
3.0385	.691594	.000000
3.03939	.691578	.000000
3.04028	.691602	.000000
3.04118	.691764	.000000
3.04207	.692041	.000000
3.04296	.692187	.000000
3.04385	.692197	.000000
3.04475	.692277	.000000
3.04564	.692378	.000000
3.04654	.692432	.000000
3.04743	.692568	.000000
3.04833	.692618	.000000
3.04922	.692634	.000000
3.05012	.692777	.000000
3.05102	.692911	.000000
3.05192	.692927	.000000
3.05281	.692961	.000000
3.05371	.693013	.000000
3.05461	.693083	.000000
3.05551	.693186	.000000
3.05641	.693282	.000000
3.05731	.693294	.000000
3.05822	.693386	.000000
3.05912	.693581	.000000
3.06002	.693639	.000000
3.06092	.693574	.000000
3.06183	.693595	.000000
3.06273	.693685	.000000
3.06364	.693829	.000000
3.06454	.693873	.000000
3.06545	.693937	.000000
3.06635	.694038	.000000
3.06726	.694040	.000000
3.06817	.694070	.000000
3.06908	.694094	.000000
3.06999	.694132	.000000
3.07089	.694198	.000000
3.0718	.694234	.000000
3.07271	.694300	.000000
3.07363	.694391	.000000
3.07454	.694481	.000000
3.07545	.694597	.000000
3.07636	.694679	.000000
3.07727	.694669	.000000
3.07819	.694711	.000000
3.0791	.694785	.000000
3.08002	.694878	.000000
3.08093	.694880	.000000
3.08185	.694892	.000000
3.08276	.695006	.000000
3.08368	.695162	.000000
3.0846	.695339	.000000
3.08552	.695335	.000000
3.08643	.695345	.000000
3.08735	.695411	.000000
3.08827	.695415	.000000
3.08919	.695539	.000000
3.09011	.695670	.000000
3.09103	.695798	.000000
3.09196	.695786	.000000
3.09288	.695774	.000000
3.0938	.695838	.000000
3.09472	.695908	.000000
3.09565	.696063	.000000
3.09657	.696167	.000000
3.0975	.696239	.000000
3.09842	.696269	.000000
3.09935	.696303	.000000
3.10028	.696462	.000000
3.1012	.696550	.000000
3.10213	.696570	.000000
3.10306	.696572	.000000
3.10399	.696696	.000000
3.10492	.696893	.000000
3.10585	.697069	.000000
3.10678	.697127	.000000
3.10771	.697202	.000000
3.10864	.697286	.000000
3.10957	.697396	.000000
3.1105	.697526	.000000
3.11144	.697665	.000000
3.11237	.697791	.000000
3.11331	.697735	.000000
3.11424	.697759	.000000
3.11518	.697919	.000000
3.11611	.698052	.000000
3.11705	.698126	.000000
3.11799	.698202	.000000
3.11892	.698258	.000000
3.11986	.698328	.000000
3.1208	.698517	.000000
3.12174	.698671	.000000
3.12268	.698753	.000000
3.12362	.698852	.000000
3.12456	.698988	.000000
3.12551	.699054	.000000
3.12645	.699247	.000000
3.12739	.699487	.000000
3.12833	.699555	.000000
3.12928	.699535	.000000
3.13022	.699674	.000000
3.13117	.699874	.000000
3.13211	.699980	.000000
3.13306	.700023	.000000
3.13401	.700205	.000000
3.13495	.700301	.000000
3.1359	.700293	.000000
3.13685	.700375	.000000
3.1378	.700496	.000000
3.13875	.700656	.000000
3.1397	.700756	.000000
3.14065	.700822	.000000
3.1416	.701015	.000000
3.14256	.701225	.000000
3.14351	.701250	.000000
3.14446	.701232	.000000
3.14541	.701436	.000000
3.14637	.701610	.000000
3.14732	.701709	.000000
3.14828	.701843	.000000
3.14924	.701951	.000000
3.15019	.702066	.000000
3.15115	.702216	.000000
3.15211	.702292	.000000
3.15307	.702396	.000000
3.15402	.702513	.000000
3.15498	.702641	.000000
3.15594	.702789	.000000
3.15691	.702900	.000000
3.15787	.703000	.000000
3.15883	.703090	.000000
3.15979	.703080	.000000
3.16076	.703116	.000000
3.16172	.703297	.000000
3.16268	.703535	.000000
3.16365	.703633	.000000
3.16461	.703790	.000000
3.16558	.703888	.000000
3.16655	.703934	.000000
3.16751	.704095	.000000
3.16848	.704193	.000000
3.16945	.704283	.000000
3.17042	.704379	.000000
3.17139	.704482	.000000
3.17236	.704618	.000000
3.17333	.704776	.000000
3.1743	.704889	.000000
3.17527	.705039	.000000
3.17625	.705195	.000000
3.17722	.705288	.000000
3.17819	.705420	.000000
3.17917	.705516	.000000
3.18014	.705564	.000000
3.18112	.705697	.000000
3.18209	.705845	.000000
3.18307	.705899	.000000
3.18405	.705921	.000000
3.18503	.706106	.000000
3.186	.706268	.000000
3.18698	.706390	.000000
3.18796	.706477	.000000
3.18894	.706579	.000000
3.18992	.706687	.000000
3.19091	.706733	.000000
3.19189	.706912	.000000
3.19287	.707050	.000000
3.19385	.707164	.000000
3.19484	.707277	.000000
3.19582	.707327	.000000
3.19681	.707487	.000000
3.19779	.707672	.000000
3.19878	.707726	.000000
3.19977	.707752	.000000
3.20075	.707768	.000000
3.20174	.707852	.000000
3.20273	.708054	.000000
3.20372	.708163	.000000
3.20471	.708271	.000000
3.2057	.708373	.000000
3.20669	.708528	.000000
3.20769	.708790	.000000
3.20868	.708842	.000000
3.20967	.708752	.000000
3.21067	.708706	.000000
3.21166	.708838	.000000
3.21266	.708995	.000000
3.21365	.709121	.000000
3.21465	.709219	.000000
3.21564	.709360	.000000
3.21664	.709506	.000000
3.21764	.709554	.000000
3.21864	.709612	.000000
3.21964	.709703	.000000
3.22064	.709781	.000000
3.22164	.709861	.000000
3.22264	.710035	.000000
3.22364	.710194	.000000
3.22464	.710238	.000000
3.22565	.710326	.000000
3.22665	.710444	.000000
3.22765	.710529	.000000
3.22866	.710583	.000000
3.22967	.710631	.000000
3.23067	.710759	.000000
3.23168	.710889	.000000
3.23269	.710936	.000000
3.23369	.711046	.000000
3.2347	.711158	.000000
3.23571	.711184	.000000
3.23672	.711232	.000000
3.23773	.711311	.000000
3.23874	.711461	.000000
3.23976	.711623	.000000
3.24077	.711764	.000000
3.24178	.711794	.000000
3.24279	.711850	.000000
3.24381	.711976	.000000
3.24482	.711932	.000000
3.24584	.711920	.000000
3.24686	.712018	.000000
3.24787	.712141	.000000
3.24889	.712191	.000000
3.24991	.712235	.000000
3.25093	.712329	.000000
3.25195	.712389	.000000
3.25297	.712465	.000000
3.25399	.712576	.000000
3.25501	.712600	.000000
3.25603	.712630	.000000
3.25705	.712778	.000000
3.25808	.712828	.000000
3.2591	.712824	.000000
3.26013	.712796	.000000
3.26115	.712862	.000000
3.26218	.712959	.000000
3.2632	.713027	.000000
3.26423	.713077	.000000
3.26526	.713071	.000000
3.26629	.713097	.000000
3.26732	.713207	.000000
3.26835	.713342	.000000
3.26938	.713440	.000000
3.27041	.713482	.000000
3.27144	.713464	.000000
3.27247	.713476	.000000
3.27351	.713578	.000000
3.27454	.713650	.000000
3.27557	.713684	.000000
3.27661	.713711	.000000
3.27764	.713833	.000000
3.27868	.713961	.000000
3.27972	.713989	.000000
3.28076	.713983	.000000
3.28179	.713991	.000000
3.28283	.714015	.000000
3.28387	.713959	.000000
3.28491	.714069	.000000
3.28595	.714184	.000000
3.28699	.714122	.000000
3.28804	.714144	.000000
3.28908	.714268	.000000
3.29012	.714306	.000000
3.29117	.714270	.000000
3.29221	.714240	.000000
3.29326	.714242	.000000
3.2943	.714310	.000000
3.29535	.714344	.000000
3.2964	.714294	.000000
3.29745	.714334	.000000
3.2985	.714294	.000000
3.29955	.714226	.000000
3.3006	.714252	.000000
3.30165	.714238	.000000
3.3027	.714095	.000000
3.30375	.714194	.000000
3.3048	.714240	.000000
3.30586	.714204	.000000
3.30691	.714188	.000000
3.30797	.714160	.000000
3.30902	.714164	.000000
3.31008	.714184	.000000
3.31114	.714150	.000000
3.31219	.714063	.000000
3.31325	.714065	.000000
3.31431	.714142	.000000
3.31537	.714190	.000000
3.31643	.714158	.000000
3.31749	.714083	.000000
3.31855	.714047	.000000
3.31961	.714023	.000000
3.32068	.713971	.000000
3.32174	.713893	.000000
3.32281	.713937	.000000
3.32387	.713899	.000000
3.32494	.713765	.000000
3.326	.713694	.000000
3.32707	.713650	.000000
3.32814	.713612	.000000
3.32921	.713620	.000000
3.33028	.713518	.000000
3.33135	.713422	.000000
3.33242	.713442	.000000
3.33349	.713456	.000000
3.33456	.713360	.000000
3.33563	.713303	.000000
3.33671	.713229	.000000
3.33778	.713183	.000000
3.33885	.713205	.000000
3.33993	.713205	.000000
3.34101	.713125	.000000
3.34208	.712985	.000000
3.34316	.712907	.000000
3.34424	.712838	.000000
3.34532	.712732	.000000
3.3464	.712674	.000000
3.34748	.712624	.000000
3.34856	.712558	.000000
3.34964	.712435	.000000
3.35072	.712397	.000000
3.35181	.712373	.000000
3.35289	.712293	.000000
3.35397	.712201	.000000
3.35506	.712107	.000000
3.35615	.712046	.000000
3.35723	.712000	.000000
3.35832	.711952	.000000
3.35941	.711826	.000000
3.3605	.711617	.000000
3.36158	.711571	.000000
3.36267	.711557	.000000
3.36377	.711367	.000000
3.36486	.711154	.000000
3.36595	.711044	.000000
3.36704	.710940	.000000
3.36814	.710751	.000000
3.36923	.710669	.000000
3.37033	.710597	.000000
3.37142	.710382	.000000
3.37252	.710228	.000000
3.37361	.710220	.000000
3.37471	.710184	.000000
3.37581	.710122	.000000
3.37691	.710144	.000000
3.37801	.710130	.000000
3.37911	.710055	.000000
3.38021	.710065	.000000
3.38131	.710242	.000000
3.38242	.710396	.000000
3.38352	.710444	.000000
3.38463	.710527	.000000
3.38573	.710559	.000000
3.38684	.710573	.000000
3.38794	.710699	.000000
3.38905	.710797	.000000
3.39016	.710819	.000000
3.39127	.710779	.000000
3.39238	.710773	.000000
3.39349	.710721	.000000
3.3946	.710621	.000000
3.39571	.710543	.000000
3.39682	.710515	.000000
3.39794	.710452	.000000
3.39905	.710298	.000000
3.40016	.710116	.000000
3.40128	.710011	.000000
3.4024	.709847	.000000
3.40351	.709578	.000000
3.40463	.709392	.000000
3.40575	.709243	.000000
3.40687	.709059	.000000
3.40799	.708852	.000000
3.40911	.708656	.000000
3.41023	.708496	.000000
3.41135	.708359	.000000
3.41247	.708201	.000000
3.4136	.708111	.000000
3.41472	.708064	.000000
3.41584	.707994	.000000
3.41697	.708024	.000000
3.4181	.708111	.000000
3.41922	.708159	.000000
3.42035	.708263	.000000
3.42148	.708465	.000000
3.42261	.708728	.000000
3.42374	.708973	.000000
3.42487	.709271	.000000
3.426	.709540	.000000
3.42713	.709747	.000000
3.42827	.709931	.000000
3.4294	.710130	.000000
3.43053	.710480	.000000
3.43167	.710741	.000000
3.43281	.710869	.000000
3.43394	.711038	.000000
3.43508	.711284	.000000
3.43622	.711455	.000000
3.43736	.711631	.000000
3.4385	.711846	.000000
3.43964	.711994	.000000
3.44078	.712096	.000000
3.44192	.712159	.000000
3.44306	.712199	.000000
3.44421	.712313	.000000
3.44535	.712467	.000000
3.4465	.712606	.000000
3.44764	.712706	.000000
3.44879	.712844	.000000
3.44994	.712890	.000000
3.45109	.712900	.000000
3.45223	.712907	.000000
3.45338	.713019	.000000
3.45453	.713115	.000000
3.45569	.713133	.000000
3.45684	.713151	.000000
3.45799	.713239	.000000
3.45914	.713305	.000000
3.4603	.713241	.000000
3.46145	.713227	.000000
3.46261	.713285	.000000
3.46377	.713253	.000000
3.46492	.713179	.000000
3.46608	.713107	.000000
3.46724	.712987	.000000
3.4684	.712872	.000000
3.46956	.712742	.000000
3.47072	.712644	.000000
3.47188	.712630	.000000
3.47305	.712704	.000000
3.47421	.712656	.000000
3.47537	.712510	.000000
3.47654	.712425	.000000
3.47771	.712339	.000000
3.47887	.712225	.000000
3.48004	.712183	.000000
3.48121	.712105	.000000
3.48238	.712008	.000000
3.48355	.712018	.000000
3.48472	.711984	.000000
3.48589	.711854	.000000
3.48706	.711758	.000000
3.48823	.711635	.000000
3.48941	.711419	.000000
3.49058	.711218	.000000
3.49176	.711198	.000000
3.49293	.711198	.000000
3.49411	.711000	.000000
3.49529	.710763	.000000
3.49647	.710571	.000000
3.49765	.710470	.000000
3.49883	.710370	.000000
3.50001	.710258	.000000
3.50119	.710142	.000000
3.50237	.710081	.000000
3.50356	.710096	.000000
3.50474	.710104	.000000
3.50593	.710118	.000000
3.50711	.710090	.000000
3.5083	.710134	.000000
3.50948	.710196	.000000
3.51067	.710286	.000000
3.51186	.710358	.000000
3.51305	.710452	.000000
3.51424	.710539	.000000
3.51543	.710611	.000000
3.51663	.710747	.000000
3.51782	.710910	.000000
3.51901	.711036	.000000
3.52021	.711156	.000000
3.5214	.711323	.000000
3.5226	.711425	.000000
3.5238	.711507	.000000
3.52499	.711633	.000000
3.52619	.711784	.000000
3.52739	.711876	.000000
3.52859	.711980	.000000
3.52979	.712143	.000000
3.53099	.712301	.000000
3.5322	.712285	.000000
3.5334	.712307	.000000
3.53461	.712411	.000000
3.53581	.712520	.000000
3.53702	.712578	.000000
3.53822	.712616	.000000
3.53943	.712642	.000000
3.54064	.712638	.000000
3.54185	.712690	.000000
3.54306	.712720	.000000
3.54427	.712724	.000000
3.54548	.712754	.000000
3.54669	.712760	.000000
3.54791	.712716	.000000
3.54912	.712612	.000000
3.55034	.712590	.000000
3.55155	.712564	.000000
3.55277	.712556	.000000
3.55399	.712582	.000000
3.55521	.712570	.000000
3.55643	.712516	.000000
3.55765	.712457	.000000
3.55887	.712393	.000000
3.56009	.712353	.000000
3.56131	.712267	.000000
3.56254	.712137	.000000
3.56376	.712096	.000000
3.56499	.712084	.000000
3.56621	.712034	.000000
3.56744	.711950	.000000
3.56867	.711828	.000000
3.56989	.711770	.000000
3.57112	.711796	.000000
3.57235	.711716	.000000
3.57359	.711649	.000000
3.57482	.711597	.000000
3.57605	.711503	.000000
3.57728	.711437	.000000
3.57852	.711399	.000000
3.57975	.711337	.000000
3.58099	.711214	.000000
3.58223	.711114	.000000
3.58346	.711012	.000000
3.5847	.710934	.000000
3.58594	.710789	.000000
3.58718	.710729	.000000
3.58842	.710669	.000000
3.58967	.710537	.000000
3.59091	.710424	.000000
3.59215	.710306	.000000
3.5934	.710202	.000000
3.59464	.710204	.000000
3.59589	.710067	.000000
3.59714	.709915	.000000
3.59839	.709753	.000000
3.59964	.709628	.000000
3.60089	.709544	.000000
3.60214	.709420	.000000
3.60339	.709368	.000000
3.60464	.709265	.000000
3.60589	.709079	.000000
3.60715	.708925	.000000
3.6084	.708792	.000000
3.60966	.708634	.000000
3.61092	.708522	.000000
3.61218	.708381	.000000
3.61343	.708173	.000000
3.61469	.708044	.000000
3.61595	.707910	.000000
3.61721	.707718	.000000
3.61848	.707549	.000000
3.61974	.707453	.000000
3.621	.707283	.000000
3.62227	.707070	.000000
3.62353	.706964	.000000
3.6248	.706861	.000000
3.62607	.706637	.000000
3.62734	.706442	.000000
3.62861	.706282	.000000
3.62988	.706130	.000000
3.63115	.705937	.000000
3.63242	.705745	.000000
3.63369	.705574	.000000
3.63497	.705402	.000000
3.63624	.705229	.000000
3.63752	.705137	.000000
3.63879	.705015	.000000
3.64007	.704816	.000000
3.64135	.704594	.000000
3.64263	.704413	.000000
3.64391	.704319	.000000
3.64519	.704163	.000000
3.64647	.703958	.000000
3.64775	.703860	.000000
3.64904	.703768	.000000
3.65032	.703583	.000000
3.65161	.703415	.000000
3.65289	.703313	.000000
3.65418	.703206	.000000
3.65547	.703056	.000000
3.65676	.702938	.000000
3.65805	.702825	.000000
3.65934	.702635	.000000
3.66063	.702511	.000000
3.66192	.702398	.000000
3.66322	.702252	.000000
3.66451	.702130	.000000
3.66581	.701955	.000000
3.6671	.701761	.000000
3.6684	.701600	.000000
3.6697	.701438	.000000
3.671	.701290	.000000
3.6723	.701157	.000000
3.6736	.700955	.000000
3.6749	.700750	.000000
3.6762	.700606	.000000
3.67751	.700438	.000000
3.67881	.700287	.000000
3.68012	.700099	.000000
3.68142	.699880	.000000
3.68273	.699730	.000000
3.68404	.699597	.000000
3.68535	.699281	.000000
3.68666	.699012	.000000
3.68797	.698822	.000000
3.68928	.698579	.000000
3.6906	.698334	.000000
3.69191	.698172	.000000
3.69322	.697977	.000000
3.69454	.697717	.000000
3.69586	.697578	.000000
3.69717	.697366	.000000
3.69849	.697079	.000000
3.69981	.696843	.000000
3.70113	.696558	.000000
3.70245	.696301	.000000
3.70378	.696137	.000000
3.7051	.695928	.000000
3.70642	.695640	.000000
3.70775	.695405	.000000
3.70908	.695193	.000000
3.7104	.694962	.000000
3.71173	.694667	.000000
3.71306	.694489	.000000
3.71439	.694302	.000000
3.71572	.694072	.000000
3.71705	.693879	.000000
3.71839	.693609	.000000
3.71972	.693368	.000000
3.72105	.693127	.000000
3.72239	.692855	.000000
3.72373	.692706	.000000
3.72506	.692538	.000000
3.7264	.692233	.000000
3.72774	.691922	.000000
3.72908	.691708	.000000
3.73043	.691475	.000000
3.73177	.691261	.000000
3.73311	.691142	.000000
3.73446	.690924	.000000
3.7358	.690685	.000000
3.73715	.690423	.000000
3.7385	.690150	.000000
3.73984	.689901	.000000
3.74119	.689677	.000000
3.74254	.689514	.000000
3.74389	.689260	.000000
3.74525	.688953	.000000
3.7466	.688694	.000000
3.74795	.688430	.000000
3.74931	.688173	.000000
3.75067	.687900	.000000
3.75202	.687596	.000000
3.75338	.687391	.000000
3.75474	.687231	.000000
3.7561	.686998	.000000
3.75746	.686721	.000000
3.75882	.686473	.000000
3.76019	.686188	.000000
3.76155	.685964	.000000
3.76291	.685719	.000000
3.76428	.685474	.000000
3.76565	.685202	.000000
3.76701	.684939	.000000
3.76838	.684618	.000000
3.76975	.684315	.000000
3.77112	.684075	.000000
3.7725	.683868	.000000
3.77387	.683544	.000000
3.77524	.683293	.000000
3.77662	.683086	.000000
3.77799	.682788	.000000
3.77937	.682519	.000000
3.78075	.682222	.000000
3.78213	.681948	.000000
3.78351	.681739	.000000
3.78489	.681472	.000000
3.78627	.681202	.000000
3.78765	.680939	.000000
3.78904	.680670	.000000
3.79042	.680374	.000000
3.79181	.680131	.000000
3.7932	.679951	.000000
3.79459	.679730	.000000
3.79597	.679500	.000000
3.79736	.679281	.000000
3.79876	.679103	.000000
3.80015	.678840	.000000
3.80154	.678533	.000000
3.80293	.678283	.000000
3.80433	.678032	.000000
3.80573	.677771	.000000
3.80712	.677587	.000000
3.80852	.677362	.000000
3.80992	.677138	.000000
3.81132	.676855	.000000
3.81272	.676570	.000000
3.81413	.676432	.000000
3.81553	.676203	.000000
3.81693	.675915	.000000
3.81834	.675782	.000000
3.81974	.675634	.000000
3.82115	.675407	.000000
3.82256	.675115	.000000
3.82397	.674894	.000000
3.82538	.674774	.000000
3.82679	.674607	.000000
3.82821	.674395	.000000
3.82962	.674291	.000000
3.83103	.674172	.000000
3.83245	.673952	.000000
3.83387	.673769	.000000
3.83528	.673617	.000000
3.8367	.673511	.000000
3.83812	.673436	.000000
3.83954	.673282	.000000
3.84097	.673054	.000000
3.84239	.672943	.000000
3.84381	.672963	.000000
3.84524	.672911	.000000
3.84667	.672763	.000000
3.84809	.672632	.000000
3.84952	.672478	.000000
3.85095	.672254	.000000
3.85238	.672171	.000000
3.85382	.672157	.000000
3.85525	.672053	.000000
3.85668	.671929	.000000
3.85812	.671865	.000000
3.85955	.671768	.000000
3.86099	.671662	.000000
3.86243	.671588	.000000
3.86387	.671476	.000000
3.86531	.671363	.000000
3.86675	.671259	.000000
3.86819	.671215	.000000
3.86963	.671137	.000000
3.87108	.671002	.000000
3.87252	.670858	.000000
3.87397	.670744	.000000
3.87542	.670597	.000000
3.87687	.670513	.000000
3.87832	.670431	.000000
3.87977	.670351	.000000
3.88122	.670271	.000000
3.88267	.670168	.000000
3.88413	.670058	.000000
3.88558	.669954	.000000
3.88704	.669896	.000000
3.8885	.669801	.000000
3.88996	.669685	.000000
3.89142	.669603	.000000
3.89288	.669443	.000000
3.89434	.669264	.000000
3.8958	.669162	.000000
3.89727	.669056	.000000
3.89873	.668917	.000000
3.9002	.668815	.000000
3.90167	.668725	.000000
3.90313	.668582	.000000
3.9046	.668464	.000000
3.90607	.668358	.000000
3.90755	.668209	.000000
3.90902	.668011	.000000
3.91049	.667823	.000000
3.91197	.667686	.000000
3.91344	.667618	.000000
3.91492	.667498	.000000
3.9164	.667253	.000000
3.91788	.667045	.000000
3.91936	.666876	.000000
3.92084	.666734	.000000
3.92233	.666636	.000000
3.92381	.666539	.000000
3.9253	.666369	.000000
3.92678	.666190	.000000
3.92827	.665994	.000000
3.92976	.665767	.000000
3.93125	.665543	.000000
3.93274	.665378	.000000
3.93423	.665230	.000000
3.93573	.665062	.000000
3.93722	.664857	.000000
3.93872	.664623	.000000
3.94021	.664404	.000000
3.94171	.664175	.000000
3.94321	.663941	.000000
3.94471	.663646	.000000
3.94621	.663384	.000000
3.94771	.663133	.000000
3.94922	.662908	.000000
3.95072	.662676	.000000
3.95223	.662417	.000000
3.95373	.662162	.000000
3.95524	.661888	.000000
3.95675	.661553	.000000
3.95826	.661184	.000000
3.95977	.660887	.000000
3.96128	.660534	.000000
3.9628	.660182	.000000
3.96431	.659831	.000000
3.96583	.659476	.000000
3.96735	.659119	.000000
3.96886	.658800	.000000
3.97038	.658469	.000000
3.97191	.658002	.000000
3.97343	.657533	.000000
3.97495	.657164	.000000
3.97647	.656767	.000000
3.978	.656278	.000000
3.97953	.655761	.000000
3.98105	.655221	.000000
3.98258	.654732	.000000
3.98411	.654205	.000000
3.98565	.653625	.000000
3.98718	.653122	.000000
3.98871	.652679	.000000
3.99025	.652210	.000000
3.99178	.651658	.000000
3.99332	.651133	.000000
3.99486	.650578	.000000
3.9964	.650046	.000000
3.99794	.649575	.000000
3.99948	.649076	.000000
4.00102	.648663	.000000
4.00257	.648284	.000000
4.00411	.647839	.000000
4.00566	.647434	.000000
4.00721	.647075	.000000
4.00876	.646756	.000000
4.01031	.646502	.000000
4.01186	.646335	.000000
4.01341	.646105	.000000
4.01497	.645952	.000000
4.01652	.645842	.000000
4.01808	.645760	.000000
4.01964	.645706	.000000
4.02119	.645647	.000000
4.02275	.645690	.000000
4.02431	.645798	.000000
4.02588	.645892	.000000
4.02744	.645994	.000000
4.02901	.646171	.000000
4.03057	.646305	.000000
4.03214	.646429	.000000
4.03371	.646616	.000000
4.03528	.646794	.000000
4.03685	.646941	.000000
4.03842	.647069	.000000
4.03999	.647245	.000000
4.04157	.647314	.000000
4.04314	.647388	.000000
4.04472	.647542	.000000
4.0463	.647672	.000000
4.04788	.647723	.000000
4.04946	.647759	.000000
4.05104	.647817	.000000
4.05262	.647837	.000000
4.05421	.647823	.000000
4.05579	.647859	.000000
4.05738	.647885	.000000
4.05897	.647819	.000000
4.06056	.647697	.000000
4.06215	.647602	.000000
4.06374	.647528	.000000
4.06534	.647440	.000000
4.06693	.647320	.000000
4.06853	.647225	.000000
4.07012	.647125	.000000
4.07172	.646967	.000000
4.07332	.646758	.000000
4.07492	.646570	.000000
4.07652	.646391	.000000
4.07813	.646167	.000000
4.07973	.646006	.000000
4.08134	.645880	.000000
4.08294	.645627	.000000
4.08455	.645359	.000000
4.08616	.645196	.000000
4.08777	.644994	.000000
4.08938	.644657	.000000
4.091	.644378	.000000
4.09261	.644190	.000000
4.09423	.644011	.000000
4.09584	.643745	.000000
4.09746	.643462	.000000
4.09908	.643139	.000000
4.1007	.642832	.000000
4.10233	.642580	.000000
4.10395	.642335	.000000
4.10557	.642071	.000000
4.1072	.641850	.000000
4.10883	.641601	.000000
4.11046	.641315	.000000
4.11209	.640958	.000000
4.11372	.640669	.000000
4.11535	.640461	.000000
4.11698	.640198	.000000
4.11862	.639821	.000000
4.12025	.639522	.000000
4.12189	.639268	.000000
4.12353	.638957	.000000
4.12517	.638636	.000000
4.12682	.638313	.000000
4.12846	.637942	.000000
4.1301	.637638	.000000
4.13175	.637337	.000000
4.1334	.637026	.000000
4.13504	.636717	.000000
4.13669	.636417	.000000
4.13834	.636084	.000000
4.14	.635763	.000000
4.14165	.635468	.000000
4.1433	.635081	.000000
4.14496	.634692	.000000
4.14662	.634394	.000000
4.14828	.634121	.000000
4.14994	.633826	.000000
4.1516	.633491	.000000
4.15326	.633181	.000000
4.15493	.632908	.000000
4.15659	.632593	.000000
4.15826	.632228	.000000
4.15993	.631881	.000000
4.1616	.631478	.000000
4.16327	.631127	.000000
4.16494	.630839	.000000
4.16661	.630598	.000000
4.16829	.630265	.000000
4.16996	.629844	.000000
4.17164	.629558	.000000
4.17332	.629273	.000000
4.175	.628886	.000000
4.17668	.628499	.000000
4.17836	.628140	.000000
4.18005	.627845	.000000
4.18173	.627502	.000000
4.18342	.627178	.000000
4.18511	.626893	.000000
4.1868	.626622	.000000
4.18849	.626309	.000000
4.19018	.625981	.000000
4.19188	.625590	.000000
4.19357	.625241	.000000
4.19527	.624976	.000000
4.19697	.624675	.000000
4.19867	.624355	.000000
4.20037	.624030	.000000
4.20207	.623713	.000000
4.20377	.623406	.000000
4.20548	.623055	.000000
4.20718	.622743	.000000
4.20889	.622442	.000000
4.2106	.622135	.000000
4.21231	.621858	.000000
4.21402	.621469	.000000
4.21574	.620998	.000000
4.21745	.620689	.000000
4.21917	.620375	.000000
4.22088	.620074	.000000
4.2226	.619725	.000000
4.22432	.619312	.000000
4.22604	.618921	.000000
4.22777	.618536	.000000
4.22949	.618157	.000000
4.23122	.617756	.000000
4.23294	.617373	.000000
4.23467	.617036	.000000
4.2364	.616641	.000000
4.23813	.616206	.000000
4.23987	.615769	.000000
4.2416	.615350	.000000
4.24334	.614951	.000000
4.24507	.614544	.000000
4.24681	.614129	.000000
4.24855	.613714	.000000
4.25029	.613371	.000000
4.25204	.612964	.000000
4.25378	.612517	.000000
4.25553	.612118	.000000
4.25727	.611609	.000000
4.25902	.611152	.000000
4.26077	.610809	.000000
4.26252	.610352	.000000
4.26428	.609959	.000000
4.26603	.609540	.000000
4.26779	.609107	.000000
4.26954	.608768	.000000
4.2713	.608401	.000000
4.27306	.608036	.000000
4.27482	.607711	.000000
4.27659	.607406	.000000
4.27835	.607042	.000000
4.28012	.606689	.000000
4.28188	.606360	.000000
4.28365	.606029	.000000
4.28542	.605678	.000000
4.2872	.605361	.000000
4.28897	.605067	.000000
4.29075	.604760	.000000
4.29252	.604471	.000000
4.2943	.604156	.000000
4.29608	.603834	.000000
4.29786	.603521	.000000
4.29964	.603168	.000000
4.30142	.602813	.000000
4.30321	.602591	.000000
4.305	.602304	.000000
4.30678	.601971	.000000
4.30857	.601644	.000000
4.31036	.601323	.000000
4.31216	.600971	.000000
4.31395	.600632	.000000
4.31574	.600355	.000000
4.31754	.599986	.000000
4.31934	.599573	.000000
4.32114	.599216	.000000
4.32294	.598949	.000000
4.32474	.598609	.000000
4.32655	.598196	.000000
4.32835	.597813	.000000
4.33016	.597446	.000000
4.33197	.597107	.000000
4.33378	.596736	.000000
4.33559	.596321	.000000
4.33741	.595986	.000000
4.33922	.595587	.000000
4.34104	.595152	.000000
4.34286	.594787	.000000
4.34468	.594440	.000000
4.3465	.594029	.000000
4.34832	.593636	.000000
4.35014	.593215	.000000
4.35197	.592786	.000000
4.3538	.592357	.000000
4.35563	.591994	.000000
4.35746	.591631	.000000
4.35929	.591184	.000000
4.36112	.590743	.000000
4.36296	.590382	.000000
4.36479	.590057	.000000
4.36663	.589660	.000000
4.36847	.589201	.000000
4.37031	.588840	.000000
4.37215	.588435	.000000
4.374	.587982	.000000
4.37584	.587619	.000000
4.37769	.587234	.000000
4.37954	.586803	.000000
4.38139	.586422	.000000
4.38324	.586037	.000000
4.3851	.585669	.000000
4.38695	.585276	.000000
4.38881	.584860	.000000
4.39067	.584443	.000000
4.39253	.584057	.000000
4.39439	.583684	.000000
4.39625	.583365	.000000
4.39812	.583038	.000000
4.39998	.582647	.000000
4.40185	.582242	.000000
4.40372	.581879	.000000
4.40559	.581530	.000000
4.40746	.581157	.000000
4.40934	.580782	.000000
4.41121	.580429	.000000
4.41309	.579982	.000000
4.41497	.579575	.000000
4.41685	.579241	.000000
4.41873	.578870	.000000
4.42061	.578435	.000000
4.4225	.578110	.000000
4.42439	.577793	.000000
4.42627	.577390	.000000
4.42817	.576951	.000000
4.43006	.576554	.000000
4.43195	.576225	.000000
4.43385	.575868	.000000
4.43574	.575443	.000000
4.43764	.575078	.000000
4.43954	.574677	.000000
4.44144	.574250	.000000
4.44334	.573845	.000000
4.44525	.573444	.000000
4.44716	.573069	.000000
4.44906	.572740	.000000
4.45097	.572394	.000000
4.45288	.571946	.000000
4.4548	.571501	.000000
4.45671	.571132	.000000
4.45863	.570757	.000000
4.46055	.570389	.000000
4.46247	.569972	.000000
4.46439	.569599	.000000
4.46631	.569254	.000000
4.46824	.568843	.000000
4.47016	.568404	.000000
4.47209	.567997	.000000
4.47402	.567618	.000000
4.47595	.567185	.000000
4.47788	.566762	.000000
4.47982	.566387	.000000
4.48175	.565964	.000000
4.48369	.565585	.000000
4.48563	.565180	.000000
4.48757	.564698	.000000
4.48952	.564307	.000000
4.49146	.563949	.000000
4.49341	.563485	.000000
4.49535	.563032	.000000
4.4973	.562663	.000000
4.49925	.562292	.000000
4.50121	.561873	.000000
4.50316	.561496	.000000
4.50512	.561051	.000000
4.50708	.560602	.000000
4.50904	.560199	.000000
4.511	.559746	.000000
4.51296	.559299	.000000
4.51493	.558836	.000000
4.51689	.558351	.000000
4.51886	.557996	.000000
4.52083	.557681	.000000
4.5228	.557296	.000000
4.52478	.556674	.000000
4.52675	.556163	.000000
4.52873	.555724	.000000
4.53071	.555309	.000000
4.53269	.554902	.000000
4.53467	.554467	.000000
4.53665	.553936	.000000
4.53864	.553412	.000000
4.54063	.553003	.000000
4.54262	.552594	.000000
4.54461	.552101	.000000
4.5466	.551588	.000000
4.5486	.551099	.000000
4.55059	.550636	.000000
4.55259	.550138	.000000
4.55459	.549673	.000000
4.55659	.549220	.000000
4.55859	.548771	.000000
4.5606	.548288	.000000
4.5626	.547798	.000000
4.56461	.547333	.000000
4.56662	.546916	.000000
4.56863	.546435	.000000
4.57065	.545916	.000000
4.57266	.545461	.000000
4.57468	.545030	.000000
4.5767	.544540	.000000
4.57872	.544123	.000000
4.58074	.543676	.000000
4.58277	.543227	.000000
4.58479	.542780	.000000
4.58682	.542345	.000000
4.58885	.541974	.000000
4.59088	.541563	.000000
4.59292	.541096	.000000
4.59495	.540693	.000000
4.59699	.540252	.000000
4.59903	.539775	.000000
4.60107	.539357	.000000
4.60311	.538952	.000000
4.60515	.538570	.000000
4.6072	.538185	.000000
4.60925	.537737	.000000
4.6113	.537320	.000000
4.61335	.536917	.000000
4.6154	.536557	.000000
4.61746	.536202	.000000
4.61952	.535807	.000000
4.62157	.535376	.000000
4.62363	.534937	.000000
4.6257	.534552	.000000
4.62776	.534239	.000000
4.62983	.533874	.000000
4.6319	.533511	.000000
4.63397	.533108	.000000
4.63604	.532669	.000000
4.63811	.532284	.000000
4.64019	.531993	.000000
4.64227	.531656	.000000
4.64434	.531275	.000000
4.64643	.530892	.000000
4.64851	.530542	.000000
4.65059	.530167	.000000
4.65268	.529802	.000000
4.65477	.529477	.000000
4.65686	.529104	.000000
4.65895	.528673	.000000
4.66104	.528358	.000000
4.66314	.528077	.000000
4.66524	.527701	.000000
4.66734	.527243	.000000
4.66944	.526832	.000000
4.67154	.526478	.000000
4.67365	.526103	.000000
4.67576	.525776	.000000
4.67787	.525401	.000000
4.67998	.524932	.000000
4.68209	.524547	.000000
4.68421	.524148	.000000
4.68632	.523763	.000000
4.68844	.523398	.000000
4.69056	.522981	.000000
4.69268	.522532	.000000
4.69481	.522137	.000000
4.69693	.521738	.000000
4.69906	.521311	.000000
4.70119	.520833	.000000
4.70333	.520388	.000000
4.70546	.519991	.000000
4.7076	.519560	.000000
4.70973	.519113	.000000
4.71187	.518662	.000000
4.71402	.518197	.000000
4.71616	.517730	.000000
4.71831	.517287	.000000
4.72045	.516846	.000000
4.7226	.516334	.000000
4.72476	.515847	.000000
4.72691	.515376	.000000
4.72907	.514869	.000000
4.73122	.514414	.000000
4.73338	.513936	.000000
4.73555	.513337	.000000
4.73771	.512781	.000000
4.73987	.512256	.000000
4.74204	.511793	.000000
4.74421	.511250	.000000
4.74638	.510672	.000000
4.74856	.510133	.000000
4.75073	.509543	.000000
4.75291	.508974	.000000
4.75509	.508455	.000000
4.75727	.507833	.000000
4.75945	.507224	.000000
4.76164	.506674	.000000
4.76383	.506071	.000000
4.76602	.505393	.000000
4.76821	.504711	.000000
4.7704	.504034	.000000
4.7726	.503300	.000000
4.77479	.502632	.000000
4.77699	.501985	.000000
4.7792	.501241	.000000
4.7814	.500451	.000000
4.7836	.499615	.000000
4.78581	.498863	.000000
4.78802	.498025	.000000
4.79023	.497091	.000000
4.79245	.496206	.000000
4.79466	.495312	.000000
4.79688	.494370	.000000
4.7991	.493417	.000000
4.80132	.492457	.000000
4.80355	.491499	.000000
4.80577	.490410	.000000
4.808	.489285	.000000
4.81023	.488214	.000000
4.81246	.487082	.000000
4.8147	.485845	.000000
4.81694	.484610	.000000
4.81917	.483374	.000000
4.82141	.482129	.000000
4.82366	.480736	.000000
4.8259	.479306	.000000
4.82815	.477811	.000000
4.8304	.476195	.000000
4.83265	.474450	.000000
4.8349	.472750	.000000
4.83716	.470905	.000000
4.83942	.468846	.000000
4.84168	.466621	.000000
4.84394	.464343	.000000
4.8462	.461909	.000000
4.84847	.459251	.000000
4.85074	.456357	.000000
4.85301	.453224	.000000
4.85528	.449823	.000000
4.85755	.446290	.000000
4.85983	.442523	.000000
4.86211	.438439	.000000
4.86439	.434054	.000000
4.86667	.429435	.000000
4.86896	.424647	.000000
4.87124	.419736	.000000
4.87353	.414718	.000000
4.87582	.409557	.000000
4.87812	.404294	.000000
4.88041	.399035	.000000
4.88271	.393806	.000000
4.88501	.388629	.000000
4.88732	.383535	.000000
4.88962	.378548	.000000
4.89193	.373730	.000000
4.89423	.369135	.000000
4.89655	.364742	.000000
4.89886	.360614	.000000
4.90117	.356710	.000000
4.90349	.352900	.000000
4.90581	.349251	.000000
4.90813	.345753	.000000
4.91046	.342346	.000000
4.91278	.339068	.000000
4.91511	.335878	.000000
4.91744	.332756	.000000
4.91977	.329633	.000000
4.92211	.326511	.000000
4.92444	.323483	.000000
4.92679	.320628	.000000
4.92913	.317883	.000000
4.93147	.315333	.000000
4.93382	.313003	.000000
4.93617	.310936	.000000
4.93852	.309230	.000000
4.94087	.307985	.000000
4.94322	.307217	.000000
4.94558	.306920	.000000
4.94794	.307002	.000000
4.9503	.307379	.000000
4.95267	.308053	.000000
4.95503	.309080	.000000
4.9574	.310228	.000000
4.95977	.311415	.000000
4.96215	.312771	.000000
4.96452	.314230	.000000
4.9669	.315616	.000000
4.96928	.317053	.000000
4.97166	.318479	.000000
4.97404	.319896	.000000
4.97643	.321328	.000000
4.97882	.322738	.000000
4.98121	.324059	.000000
4.9836	.325352	.000000
4.986	.326555	.000000
4.9884	.327760	.000000
4.9908	.328925	.000000
4.9932	.330064	.000000
4.99561	.331142	.000000
4.99802	.332201	.000000
5.00043	.333181	.000000
5.00284	.334140	.000000
5.00525	.335062	.000000
5.00767	.335888	.000000
5.01009	.336672	.000000
5.01251	.337464	.000000
5.01493	.338130	.000000
5.01736	.338717	.000000
5.01979	.339319	.000000
5.02222	.339884	.000000
5.02465	.340385	.000000
5.02709	.340838	.000000
5.02953	.341245	.000000
5.03197	.341677	.000000
5.03441	.342043	.000000
5.03685	.342278	.000000
5.0393	.342358	.000000
5.04175	.342456	.000000
5.0442	.342563	.000000
5.04666	.342619	.000000
5.04911	.342603	.000000
5.05157	.342525	.000000
5.05404	.342362	.000000
5.0565	.342182	.000000
5.05896	.341951	.000000
5.06143	.341661	.000000
5.06391	.341254	.000000
5.06638	.340736	.000000
5.06886	.340209	.000000
5.07134	.339639	.000000
5.07382	.339004	.000000
5.0763	.338336	.000000
5.07879	.337560	.000000
5.08127	.336760	.000000
5.08377	.335992	.000000
5.08626	.335146	.000000
5.08875	.334164	.000000
5.09125	.333129	.000000
5.09375	.332141	.000000
5.09625	.331112	.000000
5.09876	.329984	.000000
5.10127	.328857	.000000
5.10378	.327760	.000000
5.10629	.326621	.000000
5.10881	.325430	.000000
5.11133	.324275	.000000
5.11385	.323128	.000000
5.11637	.321940	.000000
5.11889	.320737	.000000
5.12142	.319514	.000000
5.12395	.318182	.000000
5.12649	.316789	.000000
5.12902	.315439	.000000
5.13156	.314060	.000000
5.1341	.312562	.000000
5.13664	.311036	.000000
5.13919	.309501	.000000
5.14173	.307941	.000000
5.14428	.306369	.000000
5.14684	.304819	.000000
5.14939	.303349	.000000
5.15195	.301926	.000000
5.15451	.300478	.000000
5.15708	.299015	.000000
5.15964	.297511	.000000
5.16221	.296051	.000000
5.16478	.294636	.000000
5.16735	.293128	.000000
5.16993	.291612	.000000
5.17251	.290179	.000000
5.17509	.288677	.000000
5.17767	.287153	.000000
5.18026	.285567	.000000
5.18285	.283883	.000000
5.18544	.282137	.000000
5.18803	.280420	.000000
5.19063	.278670	.000000
5.19323	.276930	.000000
5.19583	.275244	.000000
5.19844	.273618	.000000
5.20104	.272082	.000000
5.20365	.270706	.000000
5.20626	.269395	.000000
5.20888	.268172	.000000
5.2115	.267147	.000000
5.21412	.266311	.000000
5.21674	.265678	.000000
5.21936	.265185	.000000
5.22199	.264796	.000000
5.22462	.264617	.000000
5.22726	.264519	.000000
5.22989	.264497	.000000
5.23253	.264545	.000000
5.23517	.264685	.000000
5.23782	.264880	.000000
5.24046	.265171	.000000
5.24311	.265413	.000000
5.24577	.265572	.000000
5.24842	.265794	.000000
5.25108	.266043	.000000
5.25374	.266231	.000000
5.2564	.266422	.000000
5.25907	.266674	.000000
5.26174	.266985	.000000
5.26441	.267198	.000000
5.26708	.267364	.000000
5.26976	.267569	.000000
5.27243	.267667	.000000
5.27512	.267603	.000000
5.2778	.267631	.000000
5.28049	.267685	.000000
5.28318	.267544	.000000
5.28587	.267258	.000000
5.28856	.267065	.000000
5.29126	.266793	.000000
5.29396	.266436	.000000
5.29667	.266011	.000000
5.29937	.265616	.000000
5.30208	.265267	.000000
5.3048	.264988	.000000
5.30751	.264695	.000000
5.31023	.264347	.000000
5.31295	.263974	.000000
5.31567	.263643	.000000
5.3184	.263344	.000000
5.32113	.263031	.000000
5.32386	.262682	.000000
5.32659	.262195	.000000
5.32933	.261636	.000000
5.33207	.261038	.000000
5.33481	.260256	.000000
5.33756	.259302	.000000
5.34031	.258197	.000000
5.34306	.256970	.000000
5.34581	.255663	.000000
5.34857	.254207	.000000
5.35133	.252676	.000000
5.35409	.251154	.000000
5.35686	.249612	.000000
5.35963	.248122	.000000
5.3624	.246624	.000000
5.36517	.245185	.000000
5.36795	.243872	.000000
5.37073	.242665	.000000
5.37351	.241480	.000000
5.3763	.240329	.000000
5.37908	.239138	.000000
5.38188	.237913	.000000
5.38467	.236670	.000000
5.38747	.235393	.000000
5.39027	.234039	.000000
5.39307	.232624	.000000
5.39588	.231142	.000000
5.39869	.229582	.000000
5.4015	.227948	.000000
5.40431	.226254	.000000
5.40713	.224644	.000000
5.40995	.223090	.000000
5.41277	.221580	.000000
5.4156	.220129	.000000
5.41843	.218689	.000000
5.42126	.217320	.000000
5.4241	.216109	.000000
5.42694	.214968	.000000
5.42978	.213811	.000000
5.43262	.212794	.000000
5.43547	.211866	.000000
5.43832	.211022	.000000
5.44117	.210298	.000000
5.44403	.209699	.000000
5.44689	.209196	.000000
5.44975	.208797	.000000
5.45262	.208538	.000000
5.45548	.208424	.000000
5.45835	.208376	.000000
5.46123	.208408	.000000
5.46411	.208480	.000000
5.46699	.208708	.000000
5.46987	.209011	.000000
5.47276	.209334	.000000
5.47565	.209591	.000000
5.47854	.209821	.000000
5.48144	.210130	.000000
5.48433	.210489	.000000
5.48724	.210826	.000000
5.49014	.211094	.000000
5.49305	.211221	.000000
5.49596	.211361	.000000
5.49887	.211547	.000000
5.50179	.211656	.000000
5.50471	.211678	.000000
5.50764	.211640	.000000
5.51056	.211481	.000000
5.51349	.211283	.000000
5.51642	.211008	.000000
5.51936	.210699	.000000
5.5223	.210320	.000000
5.52524	.209891	.000000
5.52819	.209414	.000000
5.53113	.208821	.000000
5.53408	.208123	.000000
5.53704	.207297	.000000
5.54	.206298	.000000
5.54296	.205107	.000000
5.54592	.203754	.000000
5.54889	.202118	.000000
5.55186	.200211	.000000
5.55483	.198068	.000000
5.55781	.195642	.000000
5.56079	.193031	.000000
5.56377	.190178	.000000
5.56676	.187018	.000000
5.56975	.183596	.000000
5.57274	.179995	.000000
5.57574	.176332	.000000
5.57874	.172603	.000000
5.58174	.168893	.000000
5.58475	.165250	.000000
5.58776	.161694	.000000
5.59077	.158411	.000000
5.59378	.155448	.000000
5.5968	.152747	.000000
5.59982	.150341	.000000
5.60285	.148260	.000000
5.60588	.146572	.000000
5.60891	.145301	.000000
5.61194	.144344	.000000
5.61498	.143597	.000000
5.61802	.143139	.000000
5.62107	.142881	.000000
5.62412	.142833	.000000
5.62717	.143027	.000000
5.63022	.143362	.000000
5.63328	.143935	.000000
5.63634	.144649	.000000
5.63941	.145561	.000000
5.64248	.146740	.000000
5.64555	.148118	.000000
5.64863	.149618	.000000
5.6517	.151326	.000000
5.65478	.153198	.000000
5.65787	.155302	.000000
5.66096	.157565	.000000
5.66405	.159995	.000000
5.66714	.162560	.000000
5.67024	.165146	.000000
5.67334	.167727	.000000
5.67645	.170387	.000000
5.67956	.173220	.000000
5.68267	.176033	.000000
5.68578	.178742	.000000
5.6889	.181433	.000000
5.69203	.184067	.000000
5.69515	.186740	.000000
5.69828	.189412	.000000
5.70141	.191985	.000000
5.70455	.194603	.000000
5.70769	.197176	.000000
5.71083	.199740	.000000
5.71398	.202316	.000000
5.71713	.204757	.000000
5.72028	.207185	.000000
5.72344	.209607	.000000
5.7266	.211886	.000000
5.72976	.214020	.000000
5.73293	.216008	.000000
5.7361	.217937	.000000
5.73928	.219726	.000000
5.74245	.221318	.000000
5.74564	.222593	.000000
5.74882	.223675	.000000
5.75201	.224670	.000000
5.7552	.225380	.000000
5.7584	.225785	.000000
5.7616	.225853	.000000
5.7648	.225658	.000000
5.768	.225490	.000000
5.77122	.225388	.000000
5.77443	.225061	.000000
5.77765	.224482	.000000
5.78087	.223810	.000000
5.78409	.223144	.000000
5.78732	.222481	.000000
5.79055	.221781	.000000
5.79378	.220997	.000000
5.79702	.220149	.000000
5.80026	.219261	.000000
5.80351	.218453	.000000
5.80676	.217803	.000000
5.81001	.217151	.000000
5.81327	.216530	.000000
5.81653	.215908	.000000
5.81979	.215218	.000000
5.82306	.214629	.000000
5.82633	.214224	.000000
5.82961	.213757	.000000
5.83289	.213266	.000000
5.83617	.212764	.000000
5.83946	.212205	.000000
5.84275	.211549	.000000
5.84604	.210866	.000000
5.84933	.210210	.000000
5.85264	.209514	.000000
5.85594	.208827	.000000
5.85925	.208169	.000000
5.86256	.207527	.000000
5.86588	.206988	.000000
5.8692	.206645	.000000
5.87252	.206383	.000000
5.87585	.206126	.000000
5.87918	.205831	.000000
5.88251	.205711	.000000
5.88585	.206000	.000000
5.88919	.206148	.000000
5.89254	.206162	.000000
5.89589	.206140	.000000
5.89924	.206405	.000000
5.9026	.206747	.000000
5.90596	.207026	.000000
5.90933	.207251	.000000
5.9127	.207389	.000000
5.91607	.207381	.000000
5.91945	.207171	.000000
5.92283	.206828	.000000
5.92621	.206405	.000000
5.9296	.205899	.000000
5.93299	.205129	.000000
5.93639	.204245	.000000
5.93979	.203556	.000000
5.94319	.202723	.000000
5.9466	.201757	.000000
5.95001	.200857	.000000
5.95343	.199933	.000000
5.95685	.198864	.000000
5.96027	.197709	.000000
5.9637	.196464	.000000
5.96713	.195195	.000000
5.97056	.194070	.000000
5.974	.193108	.000000
5.97745	.192067	.000000
5.98089	.191069	.000000
5.98434	.190257	.000000
5.9878	.189707	.000000
5.99126	.189434	.000000
5.99472	.189515	.000000
5.99819	.189884	.000000
6.00166	.190613	.000000
6.00514	.191804	.000000
6.00862	.193623	.000000
6.0121	.195899	.000000
6.01559	.198906	.000000
6.01908	.202651	.000000
6.02257	.206978	.000000
6.02607	.211874	.000000
6.02957	.217352	.000000
6.03308	.223353	.000000
6.03659	.229851	.000000
6.04011	.236539	.000000
6.04363	.243308	.000000
6.04716	.250035	.000000
6.05068	.257026	.000000
6.05422	.264306	.000000
6.05775	.271057	.000000
6.06129	.277409	.000000
6.06484	.283488	.000000
6.06839	.289286	.000000
6.07194	.294732	.000000
6.0755	.299839	.000000
6.07906	.304875	.000000
6.08262	.309432	.000000
6.08619	.313679	.000000
6.08976	.317623	.000000
6.09334	.321198	.000000
6.09692	.324502	.000000
6.10051	.327616	.000000
6.1041	.330407	.000000
6.1077	.333011	.000000
6.1113	.335243	.000000
6.1149	.337234	.000000
6.11851	.339433	.000000
6.12212	.341362	.000000
6.12574	.343024	.000000
6.12935	.344558	.000000
6.13298	.345923	.000000
6.13661	.347192	.000000
6.14024	.348237	.000000
6.14388	.349171	.000000
6.14752	.350112	.000000
6.15117	.350871	.000000
6.15482	.351521	.000000
6.15847	.351952	.000000
6.16213	.352365	.000000
6.1658	.352842	.000000
6.16947	.353129	.000000
6.17314	.353344	.000000
6.17681	.353544	.000000
6.18049	.353540	.000000
6.18418	.353183	.000000
6.18787	.353205	.000000
6.19156	.353372	.000000
6.19526	.353275	.000000
6.19896	.353047	.000000
6.20267	.352704	.000000
6.20638	.352395	.000000
6.2101	.352020	.000000
6.21382	.351545	.000000
6.21755	.351110	.000000
6.22128	.350553	.000000
6.22501	.349997	.000000
6.22875	.349490	.000000
6.23249	.348870	.000000
6.23624	.348159	.000000
6.23999	.347513	.000000
6.24375	.346978	.000000
6.24751	.346418	.000000
6.25128	.345849	.000000
6.25505	.345344	.000000
6.25882	.344879	.000000
6.2626	.344538	.000000
6.26639	.344371	.000000
6.27018	.344293	.000000
6.27397	.344345	.000000
6.27777	.344516	.000000
6.28157	.344794	.000000
6.28537	.345095	.000000
6.28919	.345536	.000000
6.293	.346156	.000000
6.29682	.346869	.000000
6.30065	.347617	.000000
6.30448	.348341	.000000
6.30831	.349053	.000000
6.31215	.349817	.000000
6.316	.350613	.000000
6.31984	.351371	.000000
6.3237	.352040	.000000
6.32756	.352586	.000000
6.33142	.353077	.000000
6.33529	.353476	.000000
6.33916	.353730	.000000
6.34304	.353560	.000000
6.34692	.353588	.000000
6.35081	.353853	.000000
6.3547	.353771	.000000
6.35859	.353474	.000000
6.36249	.353157	.000000
6.3664	.352728	.000000
6.37031	.352187	.000000
6.37423	.351844	.000000
6.37815	.351473	.000000
6.38207	.351020	.000000
6.386	.350607	.000000
6.38994	.350274	.000000
6.39388	.350011	.000000
6.39782	.349845	.000000
6.40177	.349698	.000000
6.40572	.349344	.000000
6.40968	.348941	.000000
6.41365	.348774	.000000
6.41762	.348632	.000000
6.42159	.348754	.000000
6.42557	.348933	.000000
6.42955	.348798	.000000
6.43354	.348518	.000000
6.43753	.348471	.000000
6.44153	.348389	.000000
6.44553	.348185	.000000
6.44954	.347894	.000000
6.45356	.347649	.000000
6.45758	.347379	.000000
6.4616	.347026	.000000
6.46563	.346645	.000000
6.46966	.346158	.000000
6.4737	.345747	.000000
6.47774	.345368	.000000
6.48179	.344834	.000000
6.48584	.344317	.000000
6.4899	.343782	.000000
6.49397	.343122	.000000
6.49804	.342641	.000000
6.50211	.342495	.000000
6.50619	.342272	.000000
6.51027	.341901	.000000
6.51436	.341444	.000000
6.51846	.340975	.000000
6.52256	.340732	.000000
6.52666	.340648	.000000
6.53077	.340474	.000000
6.53489	.340297	.000000
6.53901	.340177	.000000
6.54313	.340008	.000000
6.54726	.339826	.000000
6.5514	.339631	.000000
6.55554	.339397	.000000
6.55968	.339423	.000000
6.56384	.339397	.000000
6.56799	.339214	.000000
6.57216	.338954	.000000
6.57633	.338827	.000000
6.5805	.338908	.000000
6.58468	.338799	.000000
6.58886	.338473	.000000
6.59305	.338178	.000000
6.59724	.337929	.000000
6.60144	.337608	.000000
6.60565	.337203	.000000
6.60985	.336686	.000000
6.61407	.336095	.000000
6.61829	.335449	.000000
6.62252	.334713	.000000
6.62675	.333885	.000000
6.63099	.332933	.000000
6.63523	.331838	.000000
6.63948	.330842	.000000
6.64373	.329903	.000000
6.64799	.329083	.000000
6.65225	.328101	.000000
6.65652	.326966	.000000
6.6608	.325801	.000000
6.66508	.324574	.000000
6.66937	.323181	.000000
6.67366	.321817	.000000
6.67795	.320474	.000000
6.68226	.318948	.000000
6.68656	.317531	.000000
6.69088	.316213	.000000
6.6952	.314714	.000000
6.69952	.313090	.000000
6.70386	.311319	.000000
6.70819	.309432	.000000
6.71253	.307578	.000000
6.71688	.305771	.000000
6.72123	.303845	.000000
6.72559	.301882	.000000
6.72996	.299981	.000000
6.73433	.298106	.000000
6.7387	.296310	.000000
6.74308	.294620	.000000
6.74747	.293040	.000000
6.75187	.291582	.000000
6.75626	.290273	.000000
6.76067	.289184	.000000
6.76508	.288148	.000000
6.76949	.287195	.000000
6.77392	.286337	.000000
6.77834	.285595	.000000
6.78277	.284833	.000000
6.78721	.284218	.000000
6.79166	.283847	.000000
6.79611	.283701	.000000
6.80057	.283626	.000000
6.80503	.283604	.000000
6.80949	.283626	.000000
6.81397	.283761	.000000
6.81845	.284017	.000000
6.82293	.284264	.000000
6.82743	.284513	.000000
6.83193	.284934	.000000
6.83643	.285301	.000000
6.84094	.285665	.000000
6.84545	.285986	.000000
6.84998	.286221	.000000
6.8545	.286407	.000000
6.85903	.286459	.000000
6.86357	.286277	.000000
6.86812	.286245	.000000
6.87267	.286209	.000000
6.87723	.285880	.000000
6.88179	.285349	.000000
6.88636	.284755	.000000
6.89094	.283991	.000000
6.89552	.283073	.000000
6.90011	.282006	.000000
6.9047	.280781	.000000
6.9093	.279538	.000000
6.91391	.278257	.000000
6.91852	.276892	.000000
6.92314	.275424	.000000
6.92776	.273892	.000000
6.93239	.272340	.000000
6.93703	.270762	.000000
6.94167	.269193	.000000
6.94632	.267544	.000000
6.95098	.265794	.000000
6.95564	.263956	.000000
6.96031	.262089	.000000
6.96498	.260341	.000000
6.96967	.258506	.000000
6.97435	.256493	.000000
6.97905	.254390	.000000
6.98375	.252291	.000000
6.98845	.250105	.000000
6.99316	.247840	.000000
6.99788	.245600	.000000
7.00261	.243380	.000000
7.00734	.241159	.000000
7.01207	.239022	.000000
7.01682	.237121	.000000
7.02157	.235383	.000000
7.02633	.233751	.000000
7.03109	.232403	.000000
7.03586	.231318	.000000
7.04064	.230448	.000000
7.04542	.229853	.000000
7.05021	.229721	.000000
7.05501	.229741	.000000
7.05981	.229873	.000000
7.06462	.230085	.000000
7.06943	.230394	.000000
7.07426	.230731	.000000
7.07908	.231018	.000000
7.08392	.231326	.000000
7.08876	.231657	.000000
7.09361	.231892	.000000
7.09846	.232072	.000000
7.10333	.232042	.000000
7.10819	.231928	.000000
7.11307	.231768	.000000
7.11795	.231429	.000000
7.12284	.230974	.000000
7.12774	.230370	.000000
7.13264	.229632	.000000
7.13755	.228902	.000000
7.14246	.228104	.000000
7.14739	.227327	.000000
7.15231	.226484	.000000
7.15725	.225568	.000000
7.16219	.224634	.000000
7.16714	.223710	.000000
7.1721	.222803	.000000
7.17707	.221997	.000000
7.18204	.221209	.000000
7.18701	.220490	.000000
7.192	.219862	.000000
7.19699	.219279	.000000
7.20198	.218721	.000000
7.20699	.218274	.000000
7.212	.217993	.000000
7.21702	.217785	.000000
7.22205	.217647	.000000
7.22708	.217608	.000000
7.23212	.217669	.000000
7.23716	.217709	.000000
7.24222	.217747	.000000
7.24728	.217769	.000000
7.25235	.217681	.000000
7.25742	.217602	.000000
7.26251	.217578	.000000
7.2676	.217494	.000000
7.27269	.217197	.000000
7.2778	.216833	.000000
7.28291	.216357	.000000
7.28802	.215786	.000000
7.29315	.215126	.000000
7.29828	.214284	.000000
7.30342	.213298	.000000
7.30857	.212209	.000000
7.31372	.210972	.000000
7.31888	.209715	.000000
7.32405	.208548	.000000
7.32923	.207203	.000000
7.33441	.205691	.000000
7.3396	.204345	.000000
7.3448	.203086	.000000
7.35001	.201789	.000000
7.35522	.200552	.000000
7.36044	.199349	.000000
7.36566	.198102	.000000
7.3709	.196889	.000000
7.37614	.195814	.000000
7.38139	.194816	.000000
7.38665	.193779	.000000
7.39192	.192799	.000000
7.39719	.191798	.000000
7.40247	.190730	.000000
7.40775	.189661	.000000
7.41305	.188558	.000000
7.41835	.187450	.000000
7.42366	.186279	.000000
7.42898	.185028	.000000
7.4343	.183812	.000000
7.43963	.182612	.000000
7.44498	.181413	.000000
7.45032	.180149	.000000
7.45568	.178894	.000000
7.46104	.177667	.000000
7.46642	.176540	.000000
7.4718	.175528	.000000
7.47718	.174471	.000000
7.48258	.173441	.000000
7.48798	.172510	.000000
7.49339	.171572	.000000
7.49881	.170642	.000000
7.50424	.169730	.000000
7.50967	.168863	.000000
7.51511	.168075	.000000
7.52056	.167332	.000000
7.52602	.166614	.000000
7.53149	.165990	.000000
7.53696	.165461	.000000
7.54244	.164982	.000000
7.54793	.164577	.000000
7.55342	.164350	.000000
7.55893	.164256	.000000
7.56444	.164202	.000000
7.56996	.164286	.000000
7.57549	.164499	.000000
7.58103	.164753	.000000
7.58658	.165016	.000000
7.59213	.165284	.000000
7.59769	.165581	.000000
7.60326	.165938	.000000
7.60884	.166419	.000000
7.61443	.166923	.000000
7.62003	.167324	.000000
7.62563	.167648	.000000
7.63124	.167895	.000000
7.63686	.168192	.000000
7.64249	.168531	.000000
7.64812	.168867	.000000
7.65377	.169106	.000000
7.65942	.169248	.000000
7.66508	.169337	.000000
7.67075	.169347	.000000
7.67643	.169359	.000000
7.68211	.169351	.000000
7.68781	.169208	.000000
7.69351	.168962	.000000
7.69922	.168833	.000000
7.70494	.168679	.000000
7.71067	.168398	.000000
7.71641	.168003	.000000
7.72215	.167624	.000000
7.72791	.167195	.000000
7.73367	.166740	.000000
7.73944	.166223	.000000
7.74522	.165637	.000000
7.75101	.165146	.000000
7.75681	.164627	.000000
7.76262	.164118	.000000
7.76843	.163644	.000000
7.77425	.163175	.000000
7.78008	.162774	.000000
7.78592	.162433	.000000
7.79177	.162115	.000000
7.79763	.161840	.000000
7.8035	.161700	.000000
7.80938	.161680	.000000
7.81526	.161655	.000000
7.82116	.161641	.000000
7.82706	.161690	.000000
7.83297	.161722	.000000
7.83889	.161734	.000000
7.84482	.161830	.000000
7.85076	.161964	.000000
7.85671	.162052	.000000
7.86266	.161954	.000000
7.86862	.161764	.000000
7.8746	.161573	.000000
7.88058	.161351	.000000
7.88658	.161102	.000000
7.89258	.160870	.000000
7.89859	.160591	.000000
7.90461	.160262	.000000
7.91064	.160035	.000000
7.91668	.159783	.000000
7.92273	.159414	.000000
7.92878	.158961	.000000
7.93485	.158484	.000000
7.94093	.158000	.000000
7.94701	.157513	.000000
7.95311	.156998	.000000
7.95921	.156402	.000000
7.96532	.155705	.000000
7.97145	.154923	.000000
7.97758	.154087	.000000
7.98372	.153225	.000000
7.98987	.152310	.000000
7.99603	.151304	.000000
8.0022	.150187	.000000
8.00838	.149088	.000000
8.01456	.147919	.000000
8.02076	.146781	.000000
8.02697	.145666	.000000
8.03319	.144517	.000000
8.03942	.143466	.000000
8.04565	.142329	.000000
8.0519	.141173	.000000
8.05816	.140188	.000000
8.06442	.139262	.000000
8.0707	.138191	.000000
8.07699	.137105	.000000
8.08328	.136048	.000000
8.08959	.134945	.000000
8.0959	.133798	.000000
8.10223	.132651	.000000
8.10856	.131537	.000000
8.11491	.130233	.000000
8.12126	.128794	.000000
8.12762	.127412	.000000
8.134	.126061	.000000
8.14038	.124628	.000000
8.14678	.123214	.000000
8.15318	.121831	.000000
8.1596	.120433	.000000
8.16602	.119118	.000000
8.17246	.117875	.000000
8.1789	.116726	.000000
8.18536	.115685	.000000
8.19182	.114785	.000000
8.1983	.114029	.000000
8.20479	.113259	.000000
8.21128	.112429	.000000
8.21778	.111738	.000000
8.2243	.111210	.000000
8.23083	.110707	.000000
8.23737	.110260	.000000
8.24391	.109881	.000000
8.25047	.109512	.000000
8.25704	.109083	.000000
8.26362	.108680	.000000
8.27021	.108297	.000000
8.27681	.107864	.000000
8.28342	.107309	.000000
8.29004	.106783	.000000
8.29668	.106222	.000000
8.30332	.105616	.000000
8.30997	.105097	.000000
8.31664	.104538	.000000
8.32331	.103870	.000000
8.33	.103162	.000000
8.33669	.102410	.000000
8.3434	.101576	.000000
8.35011	.100692	.000000
8.35684	.099792	.000000
8.36358	.098876	.000000
8.37033	.097927	.000000
8.37709	.096887	.000000
8.38387	.095842	.000000
8.39065	.094856	.000000
8.39745	.093909	.000000
8.40425	.093019	.000000
8.41107	.092119	.000000
8.41789	.091215	.000000
8.42473	.090352	.000000
8.43158	.089534	.000000
8.43844	.088776	.000000
8.44532	.088085	.000000
8.4522	.087355	.000000
8.45909	.086679	.000000
8.466	.086132	.000000
8.47291	.085581	.000000
8.47984	.084987	.000000
8.48678	.084426	.000000
8.49373	.083993	.000000
8.50069	.083437	.000000
8.50766	.082739	.000000
8.51465	.082114	.000000
8.52164	.081482	.000000
8.52865	.080803	.000000
8.53567	.080111	.000000
8.54271	.079315	.000000
8.54975	.078533	.000000
8.5568	.077779	.000000
8.56387	.076993	.000000
8.57095	.076143	.000000
8.57804	.075353	.000000
8.58514	.074561	.000000
8.59225	.073729	.000000
8.59938	.072873	.000000
8.60651	.072091	.000000
8.61366	.071245	.000000
8.62082	.070353	.000000
8.62799	.069519	.000000
8.63518	.068705	.000000
8.64237	.067895	.000000
8.64957	.067071	.000000
8.65679	.066287	.000000
8.66403	.065430	.000000
8.67127	.064641	.000000
8.67853	.063957	.000000
8.68579	.063115	.000000
8.69308	.062213	.000000
8.70037	.061411	.000000
8.70768	.060645	.000000
8.71499	.059949	.000000
8.72232	.059239	.000000
8.72967	.058475	.000000
8.73702	.057539	.000000
8.74438	.056733	.000000
8.75176	.056119	.000000
8.75915	.055406	.000000
8.76656	.054732	.000000
8.77397	.054030	.000000
8.7814	.053266	.000000
8.78884	.052480	.000000
8.7963	.051827	.000000
8.80377	.051159	.000000
8.81125	.050509	.000000
8.81874	.049962	.000000
8.82625	.049457	.000000
8.83376	.048837	.000000
8.84129	.048284	.000000
8.84884	.047935	.000000
8.8564	.047594	.000000
8.86397	.047253	.000000
8.87155	.047021	.000000
8.87915	.046740	.000000
8.88675	.046507	.000000
8.89438	.046405	.000000
8.902	.046351	.000000
8.90965	.046477	.000000
8.91731	.046680	.000000
8.92499	.046981	.000000
8.93267	.047336	.000000
8.94038	.047781	.000000
8.94809	.048316	.000000
8.95582	.048921	.000000
8.96356	.049744	.000000
8.97131	.050548	.000000
8.97908	.051245	.000000
8.98686	.052111	.000000
8.99466	.053216	.000000
9.00246	.054435	.000000
9.01029	.055750	.000000
9.01812	.057214	.000000
9.02597	.058764	.000000
9.03383	.060388	.000000
9.04171	.062138	.000000
9.0496	.064059	.000000
9.0575	.066112	.000000
9.06542	.068223	.000000
9.07335	.070517	.000000
9.08129	.073120	.000000
9.08925	.075692	.000000
9.09722	.078331	.000000
9.10521	.081264	.000000
9.11321	.084378	.000000
9.12123	.087594	.000000
9.12926	.090904	.000000
9.1373	.094300	.000000
9.14536	.097835	.000000
9.15343	.101719	.000000
9.16152	.105805	.000000
9.16962	.109917	.000000
9.17774	.114232	.000000
9.18586	.118967	.000000
9.19401	.123862	.000000
9.20217	.128804	.000000
9.21034	.133909	.000000
9.21853	.139007	.000000
9.22673	.144182	.000000
9.23494	.149648	.000000
9.24317	.155254	.000000
9.25141	.160855	.000000
9.25967	.166618	.000000
9.26795	.172460	.000000
9.27624	.178335	.000000
9.28454	.184216	.000000
9.29287	.190018	.000000
9.3012	.195766	.000000
9.30955	.201288	.000000
9.31791	.206479	.000000
9.32629	.211231	.000000
9.33469	.215357	.000000
9.3431	.218475	.000000
9.35152	.220694	.000000
9.35996	.222090	.000000
9.36841	.222904	.000000
9.37688	.223317	.000000
9.38537	.223383	.000000
9.39387	.223066	.000000
9.40239	.222629	.000000
9.41092	.222230	.000000
9.41947	.221681	.000000
9.42803	.221151	.000000
9.43661	.220762	.000000
9.44521	.220191	.000000
9.45381	.219581	.000000
9.46244	.219012	.000000
9.47108	.218430	.000000
9.47974	.217821	.000000
9.48841	.217139	.000000
9.4971	.216458	.000000
9.5058	.215722	.000000
9.51452	.214803	.000000
9.52326	.213959	.000000
9.53201	.213025	.000000
9.54078	.211942	.000000
9.54957	.210755	.000000
9.55837	.209637	.000000
9.56719	.208406	.000000
9.57602	.207002	.000000
9.58488	.205615	.000000
9.59374	.204253	.000000
9.60263	.202948	.000000
9.61152	.201589	.000000
9.62043	.200119	.000000
9.62937	.198669	.000000
9.63831	.197312	.000000
9.64728	.195876	.000000
9.65626	.194447	.000000
9.66526	.193082	.000000
9.67428	.191698	.000000
9.68331	.190333	.000000
9.69236	.188993	.000000
9.70143	.187748	.000000
9.71051	.186569	.000000
9.71962	.185441	.000000
9.72873	.184256	.000000
9.73787	.183063	.000000
9.74702	.182018	.000000
9.75619	.181134	.000000
9.76538	.180177	.000000
9.77458	.179291	.000000
9.7838	.178501	.000000
9.79304	.177721	.000000
9.80229	.177040	.000000
9.81157	.176500	.000000
9.82086	.175995	.000000
9.83017	.175436	.000000
9.83949	.175017	.000000
9.84884	.174686	.000000
9.8582	.174269	.000000
9.86758	.174068	.000000
9.87698	.174062	.000000
9.8864	.174106	.000000
9.89583	.173992	.000000
9.90528	.173902	.000000
9.91475	.173874	.000000
9.92424	.173796	.000000
9.93375	.173852	.000000
9.94327	.173908	.000000
9.95281	.174008	.000000
9.96238	.174237	.000000
9.97195	.174547	.000000
9.98155	.174848	.000000
9.99117	.175351	.000000
10.0008	.176117	.000000
10.01045	.177164	.000000
10.02012	.178243	.000000
10.02981	.179504	.000000
10.03952	.181126	.000000
10.04925	.182992	.000000
10.059	.185176	.000000
10.06877	.187963	.000000
10.07855	.191502	.000000
10.08835	.195880	.000000
10.09818	.201296	.000000
10.10802	.207415	.000000
10.11788	.213434	.000000
10.12776	.218659	.000000
10.13766	.222555	.000000
10.14758	.224598	.000000
10.15752	.224678	.000000
10.16747	.222777	.000000
10.17745	.219238	.000000
10.18745	.214771	.000000
10.19747	.209839	.000000
10.20751	.204905	.000000
10.21756	.200227	.000000
10.22764	.196111	.000000
10.23774	.192777	.000000
10.24785	.190238	.000000
10.25799	.188532	.000000
10.26815	.187622	.000000
10.27833	.187355	.000000
10.28852	.187626	.000000
10.29874	.188735	.000000
10.30898	.190621	.000000
10.31923	.193094	.000000
10.32951	.195999	.000000
10.3398	.199391	.000000
10.35012	.203267	.000000
10.36046	.207373	.000000
10.37082	.211365	.000000
10.3812	.215024	.000000
10.39161	.218224	.000000
10.40203	.221336	.000000
10.41248	.225779	.000000
10.42294	.233955	.000000
10.43343	.246358	.000000
10.44394	.260760	.000000
10.45446	.274574	.000000
10.46501	.286431	.000000
10.47558	.296119	.000000
10.48617	.303716	.000000
10.49678	.309511	.000000
10.50742	.313723	.000000
10.51808	.316759	.000000
10.52875	.318734	.000000
10.53945	.319892	.000000
10.55017	.320418	.000000
10.56091	.320231	.000000
10.57168	.319682	.000000
10.58247	.318946	.000000
10.59328	.317805	.000000
10.60412	.316414	.000000
10.61497	.314698	.000000
10.62584	.312789	.000000
10.63674	.311113	.000000
10.64766	.309336	.000000
10.65861	.307339	.000000
10.66957	.305485	.000000
10.68055	.303514	.000000
10.69157	.301477	.000000
10.7026	.299680	.000000
10.71366	.297906	.000000
10.72473	.295875	.000000
10.73584	.293683	.000000
10.74697	.291592	.000000
10.75812	.289671	.000000
10.76929	.287654	.000000
10.78048	.285493	.000000
10.7917	.283115	.000000
10.80294	.280593	.000000
10.8142	.278277	.000000
10.82549	.276044	.000000
10.8368	.273804	.000000
10.84814	.271392	.000000
10.8595	.268908	.000000
10.87088	.266534	.000000
10.88228	.264252	.000000
10.89371	.262081	.000000
10.90517	.259928	.000000
10.91665	.257720	.000000
10.92815	.255593	.000000
10.93968	.253758	.000000
10.95124	.251930	.000000
10.96281	.249869	.000000
10.97441	.247717	.000000
10.98604	.245750	.000000
10.99769	.243948	.000000
11.00936	.242143	.000000
11.02106	.240359	.000000
11.03278	.238560	.000000
11.04453	.236802	.000000
11.05631	.235228	.000000
11.06811	.233773	.000000
11.07994	.232269	.000000
11.09179	.230653	.000000
11.10366	.229099	.000000
11.11556	.227587	.000000
11.12749	.226180	.000000
11.13944	.225067	.000000
11.15142	.223876	.000000
11.16342	.222523	.000000
11.17545	.221264	.000000
11.1875	.220034	.000000
11.19958	.218974	.000000
11.21169	.218007	.000000
11.22382	.216756	.000000
11.23598	.215407	.000000
11.24817	.214162	.000000
11.26038	.212885	.000000
11.27262	.211479	.000000
11.28489	.210122	.000000
11.29718	.208486	.000000
11.3095	.206782	.000000
11.32185	.205294	.000000
11.33422	.203634	.000000
11.34662	.201741	.000000
11.35905	.199702	.000000
11.37151	.197571	.000000
11.38399	.195405	.000000
11.3965	.193074	.000000
11.40904	.190168	.000000
11.42161	.186609	.000000
11.4342	.182555	.000000
11.44682	.177940	.000000
11.45947	.172839	.000000
11.47213	.167161	.000000
11.48484	.161048	.000000
11.49757	.154746	.000000
11.51033	.148567	.000000
11.52312	.142861	.000000
11.53594	.137510	.000000
11.54878	.132599	.000000
11.56166	.127936	.000000
11.57457	.123659	.000000
11.5875	.120092	.000000
11.60046	.116756	.000000
11.61345	.113540	.000000
11.62647	.110547	.000000
11.63952	.107892	.000000
11.6526	.105584	.000000
11.66571	.103419	.000000
11.67885	.101151	.000000
11.69201	.098825	.000000
11.70521	.096680	.000000
11.71844	.094549	.000000
11.73169	.092420	.000000
11.74497	.090302	.000000
11.75829	.088033	.000000
11.77163	.085829	.000000
11.78501	.084067	.000000
11.79842	.082332	.000000
11.81185	.080819	.000000
11.82532	.080209	.000000
11.83883	.080414	.000000
11.85236	.081508	.000000
11.86592	.083311	.000000
11.87951	.085284	.000000
11.89313	.086910	.000000
11.90679	.088371	.000000
11.92047	.089536	.000000
11.93418	.089963	.000000
11.94793	.089779	.000000
11.96171	.089206	.000000
11.97552	.088343	.000000
11.98937	.087431	.000000
12.00324	.086294	.000000
12.01715	.085039	.000000
12.0311	.083954	.000000
12.04507	.083161	.000000
12.05908	.082330	.000000
12.07311	.081368	.000000
12.08719	.080452	.000000
12.10129	.079730	.000000
12.11543	.079062	.000000
12.1296	.078280	.000000
12.1438	.077643	.000000
12.15804	.077346	.000000
12.17231	.076869	.000000
12.18661	.076163	.000000
12.20095	.075502	.000000
12.21532	.075115	.000000
12.22972	.074714	.000000
12.24416	.074280	.000000
12.25863	.073902	.000000
12.27314	.073458	.000000
12.28768	.072961	.000000
12.30225	.072719	.000000
12.31686	.072626	.000000
12.33151	.072368	.000000
12.34619	.071927	.000000
12.36091	.071656	.000000
12.37566	.071772	.000000
12.39045	.071808	.000000
12.40527	.071854	.000000
12.42012	.071923	.000000
12.43502	.071870	.000000
12.44995	.071951	.000000
12.46491	.072149	.000000
12.47991	.072183	.000000
12.49495	.072087	.000000
12.51002	.072135	.000000
12.52513	.072422	.000000
12.54026	.072707	.000000
12.55545	.072835	.000000
12.57066	.072829	.000000
12.58592	.072853	.000000
12.60121	.072981	.000000
12.61654	.073236	.000000
12.63191	.073579	.000000
12.64732	.073621	.000000
12.66276	.073535	.000000
12.67824	.073627	.000000
12.69376	.073669	.000000
12.70932	.073781	.000000
12.72491	.073849	.000000
12.74054	.073783	.000000
12.75622	.073845	.000000
12.77193	.074080	.000000
12.78768	.074242	.000000
12.80346	.074204	.000000
12.81929	.074262	.000000
12.83515	.074485	.000000
12.85106	.074477	.000000
12.86699	.074397	.000000
12.88298	.074405	.000000
12.899	.074387	.000000
12.91506	.074194	.000000
12.93117	.073890	.000000
12.94731	.073705	.000000
12.96349	.073787	.000000
12.97972	.073753	.000000
12.99599	.073509	.000000
13.0123	.073210	.000000
13.02864	.072999	.000000
13.04503	.072845	.000000
13.06146	.072528	.000000
13.07793	.072189	.000000
13.09443	.071868	.000000
13.11099	.071654	.000000
13.12758	.071313	.000000
13.14422	.071008	.000000
13.1609	.070569	.000000
13.17762	.070200	.000000
13.19439	.069942	.000000
13.2112	.069527	.000000
13.22805	.069162	.000000
13.24495	.069007	.000000
13.26188	.068725	.000000
13.27886	.068346	.000000
13.29589	.068103	.000000
13.31296	.067995	.000000
13.33007	.067792	.000000
13.34723	.067389	.000000
13.36443	.067063	.000000
13.38167	.066898	.000000
13.39896	.066780	.000000
13.41629	.066700	.000000
13.43367	.066423	.000000
13.45109	.066008	.000000
13.46855	.065691	.000000
13.48607	.065487	.000000
13.50363	.065344	.000000
13.52123	.064999	.000000
13.53889	.064542	.000000
13.55658	.064224	.000000
13.57433	.064075	.000000
13.59213	.063600	.000000
13.60996	.063095	.000000
13.62785	.062810	.000000
13.64578	.062469	.000000
13.66375	.061958	.000000
13.68178	.061394	.000000
13.69986	.060791	.000000
13.71798	.060302	.000000
13.73615	.059849	.000000
13.75437	.059289	.000000
13.77264	.058692	.000000
13.79095	.058056	.000000
13.80931	.057352	.000000
13.82771	.056813	.000000
13.84617	.056534	.000000
13.86468	.055945	.000000
13.88324	.055279	.000000
13.90185	.054497	.000000
13.92051	.053844	.000000
13.93922	.053537	.000000
13.95799	.053136	.000000
13.9768	.052641	.000000
13.99567	.051953	.000000
14.01458	.051125	.000000
14.03354	.050409	.000000
14.05256	.049936	.000000
14.07162	.049748	.000000
14.09073	.049389	.000000
14.1099	.048677	.000000
14.12913	.048033	.000000
14.1484	.047470	.000000
14.16773	.047043	.000000
14.18711	.046399	.000000
14.20654	.045778	.000000
14.22604	.045144	.000000
14.24558	.044402	.000000
14.26517	.043859	.000000
14.28482	.043500	.000000
14.30453	.043055	.000000
14.32428	.042562	.000000
14.34409	.041882	.000000
14.36397	.041168	.000000
14.38389	.040601	.000000
14.40387	.040053	.000000
14.4239	.039408	.000000
14.44399	.038848	.000000
14.46413	.038464	.000000
14.48434	.038159	.000000
14.50458	.037621	.000000
14.52489	.036809	.000000
14.54527	.036040	.000000
14.56569	.035689	.000000
14.58618	.035518	.000000
14.60672	.035195	.000000
14.62733	.034664	.000000
14.64799	.034289	.000000
14.66871	.033922	.000000
14.68949	.033387	.000000
14.71032	.032926	.000000
14.73122	.032571	.000000
14.75217	.032423	.000000
14.77319	.032009	.000000
14.79427	.031528	.000000
14.8154	.031087	.000000
14.8366	.030710	.000000
14.85785	.030454	.000000
14.87917	.030187	.000000
14.90055	.029896	.000000
14.92199	.029726	.000000
14.94347	.029714	.000000
14.96504	.029684	.000000
14.98666	.029563	.000000
15.00835	.029525	.000000
15.0301	.029529	.000000
15.05192	.029806	.000000
15.07379	.030311	.000000
15.09574	.030941	.000000
15.11775	.031592	.000000
15.13982	.032250	.000000
15.16195	.033032	.000000
15.18415	.033762	.000000
15.20641	.034802	.000000
15.22874	.036380	.000000
15.25115	.038115	.000000
15.27361	.039777	.000000
15.29613	.041651	.000000
15.31873	.043877	.000000
15.34139	.046315	.000000
15.36412	.049026	.000000
15.38691	.051825	.000000
15.40976	.054864	.000000
15.43269	.058040	.000000
15.45569	.061172	.000000
15.47876	.064270	.000000
15.50189	.067754	.000000
15.5251	.071145	.000000
15.54838	.074391	.000000
15.57173	.077589	.000000
15.59515	.080450	.000000
15.61863	.082976	.000000
15.64219	.085374	.000000
15.66582	.087760	.000000
15.68952	.089663	.000000
15.71329	.091331	.000000
15.73712	.092937	.000000
15.76103	.094156	.000000
15.78502	.095233	.000000
15.80908	.096181	.000000
15.83322	.096646	.000000
15.85743	.097129	.000000
15.88171	.097542	.000000
15.90608	.097374	.000000
15.93051	.097015	.000000
15.95502	.096502	.000000
15.9796	.096143	.000000
16.00426	.095297	.000000
16.029	.094200	.000000
16.05381	.093083	.000000
16.07871	.091930	.000000
16.10368	.090747	.000000
16.12872	.089576	.000000
16.15384	.088059	.000000
16.17904	.086206	.000000
16.20432	.084231	.000000
16.22968	.082489	.000000
16.2551	.081069	.000000
16.28062	.079227	.000000
16.30622	.077118	.000000
16.3319	.075147	.000000
16.35766	.073190	.000000
16.3835	.071387	.000000
16.40942	.069599	.000000
16.43544	.067694	.000000
16.46152	.066026	.000000
16.4877	.064410	.000000
16.51395	.062682	.000000
16.54029	.061098	.000000
16.56671	.059580	.000000
16.59321	.058126	.000000
16.61981	.056490	.000000
16.64649	.055013	.000000
16.67325	.053350	.000000
16.7001	.051749	.000000
16.72704	.050606	.000000
16.75406	.049124	.000000
16.78117	.047548	.000000
16.80835	.046483	.000000
16.83564	.045756	.000000
16.86301	.044932	.000000
16.89047	.044009	.000000
16.91803	.043733	.000000
16.94567	.044400	.000000
16.9734	.045284	.000000
17.00124	.045902	.000000
17.02916	.046608	.000000
17.05716	.047648	.000000
17.08527	.048887	.000000
17.11346	.050926	.000000
17.14174	.053850	.000000
17.17012	.056546	.000000
17.19861	.058894	.000000
17.22718	.061479	.000000
17.25584	.064620	.000000
17.2846	.068027	.000000
17.31346	.071492	.000000
17.34241	.075401	.000000
17.37146	.079183	.000000
17.40058	.083142	.000000
17.42983	.087054	.000000
17.45917	.090795	.000000
17.48861	.095098	.000000
17.51815	.099902	.000000
17.54779	.104530	.000000
17.57753	.108538	.000000
17.60739	.112235	.000000
17.63733	.115874	.000000
17.66738	.118973	.000000
17.69753	.121752	.000000
17.72778	.124557	.000000
17.75813	.127029	.000000
17.78859	.129267	.000000
17.81914	.131312	.000000
17.84981	.133137	.000000
17.88058	.134693	.000000
17.91146	.136104	.000000
17.94245	.137732	.000000
17.97355	.139286	.000000
18.00475	.141004	.000000
18.03607	.143208	.000000
18.06749	.145277	.000000
18.09903	.147408	.000000
18.13067	.149884	.000000
18.16242	.152795	.000000
18.19428	.155649	.000000
18.22626	.157782	.000000
18.25836	.159083	.000000
18.29056	.159406	.000000
18.32287	.158764	.000000
18.3553	.157864	.000000
18.38785	.156860	.000000
18.42051	.156238	.000000
18.45328	.156040	.000000
18.48615	.156250	.000000
18.51917	.157451	.000000
18.55229	.159382	.000000
18.58554	.162173	.000000
18.61891	.165599	.000000
18.65239	.170024	.000000
18.686	.175071	.000000
18.71974	.179983	.000000
18.75359	.185244	.000000
18.78757	.190708	.000000
18.82166	.195307	.000000
18.85588	.198547	.000000
18.89023	.200823	.000000
18.9247	.202232	.000000
18.95931	.202128	.000000
18.99403	.200823	.000000
19.02888	.198579	.000000
19.06386	.195644	.000000
19.09897	.192560	.000000
19.13421	.189763	.000000
19.16957	.186884	.000000
19.20505	.183590	.000000
19.24068	.180145	.000000
19.27644	.177477	.000000
19.31234	.174878	.000000
19.34837	.172053	.000000
19.38453	.168877	.000000
19.42083	.165074	.000000
19.45728	.161930	.000000
19.49385	.159364	.000000
19.53056	.156455	.000000
19.56741	.153956	.000000
19.6044	.152585	.000000
19.64153	.151288	.000000
19.6788	.150626	.000000
19.71622	.150756	.000000
19.75378	.150408	.000000
19.79147	.150191	.000000
19.82932	.150101	.000000
19.8673	.148761	.000000
19.90544	.145614	.000000
19.94372	.140902	.000000
19.98215	.135960	.000000
20.02073	.130500	.000000
20.05945	.124786	.000000
20.09833	.118949	.000000
20.13736	.112533	.000000
20.17653	.106338	.000000
20.21587	.100630	.000000
20.25536	.095465	.000000
20.29499	.090689	.000000
20.33479	.085516	.000000
20.37474	.080508	.000000
20.41485	.075516	.000000
20.45512	.070826	.000000
20.49554	.067195	.000000
20.53609	.064117	.000000
20.57684	.061605	.000000
20.61775	.059247	.000000
20.65882	.057501	.000000
20.70005	.057018	.000000
20.74146	.057637	.000000
20.78302	.059043	.000000
20.82476	.061194	.000000
20.86666	.064518	.000000
20.90873	.068384	.000000
20.95097	.071099	.000000
20.99338	.073126	.000000
21.03597	.075117	.000000
21.07872	.077262	.000000
21.12166	.079112	.000000
21.16477	.080281	.000000
21.20805	.080827	.000000
21.25151	.081707	.000000
21.29515	.082353	.000000
21.33897	.081184	.000000
21.38296	.079369	.000000
21.42715	.077555	.000000
21.47152	.075183	.000000
21.51606	.072376	.000000
21.56079	.070349	.000000
21.60571	.068971	.000000
21.65082	.068061	.000000
21.69612	.068294	.000000
21.74161	.069789	.000000
21.78729	.071877	.000000
21.83315	.074212	.000000
21.87921	.078697	.000000
21.92547	.083898	.000000
21.97193	.087974	.000000
22.01858	.092662	.000000
22.06543	.099074	.000000
22.11248	.105522	.000000
22.15973	.111986	.000000
22.20718	.118891	.000000
22.25484	.125782	.000000
22.3027	.131793	.000000
22.35076	.137626	.000000
22.399	.141187	.000000
22.44748	.142985	.000000
22.49617	.144427	.000000
22.54508	.145215	.000000
22.5942	.145499	.000000
22.64353	.145211	.000000
22.69308	.145682	.000000
22.74285	.146323	.000000
22.79284	.146815	.000000
22.84304	.147609	.000000
22.89347	.148026	.000000
22.94412	.150923	.000000
22.99499	.155711	.000000
23.0461	.161138	.000000
23.09743	.166044	.000000
23.14899	.170247	.000000
23.20078	.174612	.000000
23.2528	.177156	.000000
23.30505	.178604	.000000
23.35754	.180891	.000000
23.41027	.184468	.000000
23.46324	.186670	.000000
23.51645	.185787	.000000
23.56989	.185138	.000000
23.62358	.186585	.000000
23.67752	.186361	.000000
23.7317	.184137	.000000
23.78613	.181214	.000000
23.84082	.179780	.000000
23.89576	.180085	.000000
23.95095	.178858	.000000
24.00639	.175909	.000000
24.06209	.171843	.000000
24.11805	.168428	.000000
24.17427	.164787	.000000
24.23076	.158452	.000000
24.28751	.151534	.000000
24.34452	.144892	.000000
24.4018	.137834	.000000
24.45936	.129456	.000000
24.51718	.122735	.000000
24.57528	.117301	.000000
24.63366	.111080	.000000
24.69231	.106545	.000000
24.75125	.102557	.000000
24.81046	.099198	.000000
24.86996	.096107	.000000
24.92974	.093791	.000000
24.98982	.092696	.000000
