Brown University Keck/NASA Relab Spectrum KW-JFM-001-A/BKR0KW001A
Wavelength(micron)	Reflectance	Standard Deviation
0.3	.247987	.004075
0.305	.261463	.003542
0.31	.278236	.003672
0.315	.298823	.003285
0.32	.319044	.003460
0.325	.342445	.003253
0.33	.363854	.003546
0.335	.388847	.003502
0.34	.413258	.003639
0.345	.436659	.003984
0.35	.456778	.007025
0.355	.481547	.004408
0.36	.500687	.004962
0.365	.522196	.004643
0.37	.538406	.005980
0.375	.556281	.004642
0.38	.569726	.005061
0.385	.583366	.004739
0.39	.596217	.004795
0.395	.610055	.005374
0.4	.619065	.005650
0.405	.629756	.005771
0.41	.636548	.006310
0.415	.648793	.005243
0.42	.655055	.005931
0.425	.664515	.004952
0.43	.670298	.005924
0.435	.679014	.005594
0.44	.683057	.006146
0.445	.690446	.005481
0.45	.693882	.006041
0.455	.696860	.005042
0.46	.699080	.006253
0.465	.705825	.005776
0.47	.709143	.006026
0.475	.715310	.005552
0.48	.718685	.005840
0.485	.726018	.005383
0.49	.730580	.005335
0.495	.734150	.004935
0.5	.737760	.004934
0.505	.744500	.004700
0.51	.749983	.004765
0.515	.755938	.004858
0.52	.758879	.004936
0.525	.763091	.005011
0.53	.764799	.005255
0.535	.770296	.005196
0.54	.772638	.005179
0.545	.775921	.005219
0.55	.778176	.005350
0.555	.781741	.005447
0.56	.783663	.005529
0.565	.786093	.005700
0.57	.787394	.005797
0.575	.788619	.005488
0.58	.790599	.005700
0.585	.791452	.005783
0.59	.792173	.005839
0.595	.792657	.005704
0.6	.793537	.005453
0.605	.793658	.005339
0.61	.794267	.005483
0.615	.794011	.005184
0.62	.793726	.005366
0.625	.792380	.005407
0.63	.792104	.005509
0.635	.791168	.005397
0.64	.791970	.005470
0.645	.791260	.005623
0.65	.792895	.005778
0.655	.793145	.005846
0.66	.794677	.005743
0.665	.794876	.005739
0.67	.796278	.005852
0.675	.796357	.005620
0.68	.795697	.005760
0.685	.796563	.005762
0.69	.796046	.005698
0.695	.794571	.005465
0.7	.794845	.005480
0.705	.793482	.005355
0.71	.792994	.005791
0.715	.791783	.005648
0.72	.790988	.005817
0.725	.788724	.005845
0.73	.788056	.006264
0.735	.785358	.006241
0.74	.784105	.005954
0.745	.781610	.005892
0.75	.779419	.006167
0.755	.776577	.006333
0.76	.771239	.005693
0.765	.771128	.005643
0.77	.768468	.006591
0.775	.764656	.005934
0.78	.762121	.006132
0.785	.758462	.005823
0.79	.755647	.006327
0.795	.752192	.005860
0.8	.750061	.006065
0.805	.746501	.005856
0.81	.744928	.005811
0.815	.741338	.005803
0.82	.739506	.005712
0.825	.737011	.005688
0.83	.734899	.005991
0.835	.733366	.005878
0.84	.728883	.004915
0.845	.729058	.005294
0.85	.727462	.005052
0.855	.725933	.005148
0.86	.723619	.005167
0.865	.722666	.005455
0.87	.721502	.005107
0.875	.719927	.004954
0.88	.719047	.005439
0.885	.715970	.005363
0.89	.712523	.004962
0.895	.713283	.004607
0.89909	.710293	.000000
0.89924	.710246	.000000
0.8994	.710356	.000000
0.89956	.710038	.000000
0.89971	.709246	.000000
0.89987	.709578	.000000
0.90002	.710296	.000000
0.90018	.710549	.000000
0.90034	.710556	.000000
0.90049	.710146	.000000
0.90065	.709915	.000000
0.90081	.709998	.000000
0.90096	.710479	.000000
0.90112	.710213	.000000
0.90128	.709914	.000000
0.90143	.710170	.000000
0.90159	.710150	.000000
0.90175	.709524	.000000
0.9019	.709052	.000000
0.90206	.709816	.000000
0.90222	.709688	.000000
0.90237	.708960	.000000
0.90253	.708987	.000000
0.90269	.708444	.000000
0.90284	.708460	.000000
0.903	.708967	.000000
0.90316	.708924	.000000
0.90332	.708904	.000000
0.90347	.709215	.000000
0.90363	.709036	.000000
0.90379	.708552	.000000
0.90395	.707758	.000000
0.9041	.707805	.000000
0.90426	.708065	.000000
0.90442	.708249	.000000
0.90458	.708529	.000000
0.90474	.707980	.000000
0.90489	.707877	.000000
0.90505	.708507	.000000
0.90521	.709072	.000000
0.90537	.709218	.000000
0.90553	.707371	.000000
0.90568	.707195	.000000
0.90584	.707657	.000000
0.906	.707260	.000000
0.90616	.706875	.000000
0.90632	.706203	.000000
0.90648	.706413	.000000
0.90663	.707942	.000000
0.90679	.708390	.000000
0.90695	.707460	.000000
0.90711	.707222	.000000
0.90727	.706819	.000000
0.90743	.706471	.000000
0.90759	.706368	.000000
0.90774	.706572	.000000
0.9079	.706837	.000000
0.90806	.706368	.000000
0.90822	.706055	.000000
0.90838	.706174	.000000
0.90854	.706321	.000000
0.9087	.706196	.000000
0.90886	.706492	.000000
0.90902	.706348	.000000
0.90918	.705570	.000000
0.90934	.705160	.000000
0.9095	.705053	.000000
0.90966	.705181	.000000
0.90982	.705010	.000000
0.90998	.704714	.000000
0.91013	.704811	.000000
0.91029	.704508	.000000
0.91045	.704152	.000000
0.91061	.704116	.000000
0.91077	.703988	.000000
0.91093	.704111	.000000
0.91109	.704739	.000000
0.91125	.704763	.000000
0.91141	.704582	.000000
0.91158	.704784	.000000
0.91174	.704927	.000000
0.9119	.705041	.000000
0.91206	.705273	.000000
0.91222	.704867	.000000
0.91238	.704183	.000000
0.91254	.704342	.000000
0.9127	.704268	.000000
0.91286	.703941	.000000
0.91302	.703853	.000000
0.91318	.704185	.000000
0.91334	.704096	.000000
0.9135	.702890	.000000
0.91366	.702211	.000000
0.91382	.703278	.000000
0.91399	.703867	.000000
0.91415	.703764	.000000
0.91431	.703529	.000000
0.91447	.702999	.000000
0.91463	.702851	.000000
0.91479	.702444	.000000
0.91495	.702220	.000000
0.91511	.702096	.000000
0.91528	.702172	.000000
0.91544	.702289	.000000
0.9156	.702291	.000000
0.91576	.701834	.000000
0.91592	.701469	.000000
0.91608	.701067	.000000
0.91625	.701444	.000000
0.91641	.701294	.000000
0.91657	.701238	.000000
0.91673	.701536	.000000
0.91689	.701868	.000000
0.91706	.701724	.000000
0.91722	.702107	.000000
0.91738	.701966	.000000
0.91754	.701179	.000000
0.91771	.700372	.000000
0.91787	.701009	.000000
0.91803	.701473	.000000
0.91819	.701267	.000000
0.91836	.700263	.000000
0.91852	.699812	.000000
0.91868	.700641	.000000
0.91884	.700413	.000000
0.91901	.700216	.000000
0.91917	.700760	.000000
0.91933	.701094	.000000
0.9195	.700511	.000000
0.91966	.700128	.000000
0.91982	.700339	.000000
0.91999	.700785	.000000
0.92015	.700218	.000000
0.92031	.699175	.000000
0.92048	.698702	.000000
0.92064	.698683	.000000
0.9208	.699330	.000000
0.92097	.699655	.000000
0.92113	.699677	.000000
0.92129	.699716	.000000
0.92146	.699696	.000000
0.92162	.699072	.000000
0.92179	.698949	.000000
0.92195	.699539	.000000
0.92211	.698871	.000000
0.92228	.698288	.000000
0.92244	.698548	.000000
0.92261	.698377	.000000
0.92277	.697911	.000000
0.92293	.698229	.000000
0.9231	.698489	.000000
0.92326	.698035	.000000
0.92343	.698151	.000000
0.92359	.698445	.000000
0.92376	.697490	.000000
0.92392	.697257	.000000
0.92409	.697102	.000000
0.92425	.696593	.000000
0.92441	.696512	.000000
0.92458	.697248	.000000
0.92474	.698286	.000000
0.92491	.698290	.000000
0.92507	.697429	.000000
0.92524	.696770	.000000
0.9254	.696237	.000000
0.92557	.696044	.000000
0.92574	.695777	.000000
0.9259	.696057	.000000
0.92607	.696540	.000000
0.92623	.696539	.000000
0.9264	.696161	.000000
0.92656	.696199	.000000
0.92673	.695934	.000000
0.92689	.695742	.000000
0.92706	.695484	.000000
0.92723	.694912	.000000
0.92739	.694592	.000000
0.92756	.694865	.000000
0.92772	.694719	.000000
0.92789	.694358	.000000
0.92805	.694330	.000000
0.92822	.694538	.000000
0.92839	.694518	.000000
0.92855	.694675	.000000
0.92872	.694879	.000000
0.92889	.695064	.000000
0.92905	.695051	.000000
0.92922	.694204	.000000
0.92939	.693489	.000000
0.92955	.693467	.000000
0.92972	.693617	.000000
0.92989	.693901	.000000
0.93005	.693764	.000000
0.93022	.693760	.000000
0.93039	.693292	.000000
0.93055	.692684	.000000
0.93072	.692751	.000000
0.93089	.692989	.000000
0.93105	.693000	.000000
0.93122	.692798	.000000
0.93139	.692128	.000000
0.93156	.691797	.000000
0.93172	.692305	.000000
0.93189	.692162	.000000
0.93206	.692346	.000000
0.93223	.692496	.000000
0.93239	.692245	.000000
0.93256	.692003	.000000
0.93273	.691758	.000000
0.9329	.691350	.000000
0.93307	.691241	.000000
0.93323	.691196	.000000
0.9334	.691846	.000000
0.93357	.692007	.000000
0.93374	.691776	.000000
0.93391	.691314	.000000
0.93407	.690853	.000000
0.93424	.690985	.000000
0.93441	.691314	.000000
0.93458	.691073	.000000
0.93475	.690716	.000000
0.93492	.690720	.000000
0.93508	.690674	.000000
0.93525	.690700	.000000
0.93542	.690537	.000000
0.93559	.689927	.000000
0.93576	.689633	.000000
0.93593	.689542	.000000
0.9361	.689770	.000000
0.93627	.689692	.000000
0.93644	.689284	.000000
0.93661	.689275	.000000
0.93677	.688829	.000000
0.93694	.688338	.000000
0.93711	.688466	.000000
0.93728	.688421	.000000
0.93745	.688562	.000000
0.93762	.688688	.000000
0.93779	.688809	.000000
0.93796	.688676	.000000
0.93813	.688685	.000000
0.9383	.688634	.000000
0.93847	.687833	.000000
0.93864	.687426	.000000
0.93881	.687766	.000000
0.93898	.687945	.000000
0.93915	.687928	.000000
0.93932	.687385	.000000
0.93949	.687069	.000000
0.93966	.687060	.000000
0.93983	.686845	.000000
0.94	.686955	.000000
0.94017	.686903	.000000
0.94034	.686527	.000000
0.94051	.686312	.000000
0.94068	.686531	.000000
0.94085	.686408	.000000
0.94102	.686334	.000000
0.9412	.686123	.000000
0.94137	.686282	.000000
0.94154	.686262	.000000
0.94171	.686063	.000000
0.94188	.685435	.000000
0.94205	.685191	.000000
0.94222	.685188	.000000
0.94239	.685095	.000000
0.94256	.685184	.000000
0.94274	.685150	.000000
0.94291	.684704	.000000
0.94308	.684861	.000000
0.94325	.685348	.000000
0.94342	.685218	.000000
0.94359	.684612	.000000
0.94377	.684386	.000000
0.94394	.683940	.000000
0.94411	.683722	.000000
0.94428	.683758	.000000
0.94445	.683575	.000000
0.94463	.683568	.000000
0.9448	.682835	.000000
0.94497	.682582	.000000
0.94514	.682849	.000000
0.94531	.682402	.000000
0.94549	.682286	.000000
0.94566	.682649	.000000
0.94583	.682907	.000000
0.946	.682938	.000000
0.94618	.682963	.000000
0.94635	.682922	.000000
0.94652	.682418	.000000
0.94669	.682140	.000000
0.94687	.682236	.000000
0.94704	.682033	.000000
0.94721	.681513	.000000
0.94739	.681306	.000000
0.94756	.681253	.000000
0.94773	.681291	.000000
0.94791	.681225	.000000
0.94808	.681046	.000000
0.94825	.680840	.000000
0.94843	.680670	.000000
0.9486	.680863	.000000
0.94877	.681058	.000000
0.94895	.680858	.000000
0.94912	.680298	.000000
0.94929	.680102	.000000
0.94947	.680053	.000000
0.94964	.680278	.000000
0.94982	.680230	.000000
0.94999	.679650	.000000
0.95016	.679159	.000000
0.95034	.679396	.000000
0.95051	.678921	.000000
0.95069	.678442	.000000
0.95086	.678924	.000000
0.95104	.678700	.000000
0.95121	.678005	.000000
0.95139	.678258	.000000
0.95156	.678392	.000000
0.95173	.678047	.000000
0.95191	.677991	.000000
0.95208	.677686	.000000
0.95226	.677139	.000000
0.95243	.676949	.000000
0.95261	.677240	.000000
0.95278	.677458	.000000
0.95296	.676718	.000000
0.95313	.676530	.000000
0.95331	.676687	.000000
0.95348	.676792	.000000
0.95366	.676628	.000000
0.95384	.676294	.000000
0.95401	.676288	.000000
0.95419	.676108	.000000
0.95436	.675721	.000000
0.95454	.675727	.000000
0.95471	.675886	.000000
0.95489	.675738	.000000
0.95507	.675687	.000000
0.95524	.675545	.000000
0.95542	.675375	.000000
0.95559	.675187	.000000
0.95577	.674927	.000000
0.95595	.674586	.000000
0.95612	.674479	.000000
0.9563	.674687	.000000
0.95647	.674528	.000000
0.95665	.674588	.000000
0.95683	.674752	.000000
0.957	.673961	.000000
0.95718	.673250	.000000
0.95736	.673369	.000000
0.95753	.673564	.000000
0.95771	.673586	.000000
0.95789	.673571	.000000
0.95807	.673280	.000000
0.95824	.673168	.000000
0.95842	.672871	.000000
0.9586	.672457	.000000
0.95877	.672235	.000000
0.95895	.672266	.000000
0.95913	.672466	.000000
0.95931	.672446	.000000
0.95948	.672017	.000000
0.95966	.671621	.000000
0.95984	.671544	.000000
0.96002	.672011	.000000
0.96019	.672109	.000000
0.96037	.671229	.000000
0.96055	.670646	.000000
0.96073	.671000	.000000
0.96091	.671199	.000000
0.96108	.670959	.000000
0.96126	.670895	.000000
0.96144	.670684	.000000
0.96162	.670686	.000000
0.9618	.670749	.000000
0.96198	.670569	.000000
0.96215	.670370	.000000
0.96233	.670231	.000000
0.96251	.669866	.000000
0.96269	.669368	.000000
0.96287	.669373	.000000
0.96305	.669247	.000000
0.96323	.669016	.000000
0.96341	.669224	.000000
0.96359	.669530	.000000
0.96376	.668976	.000000
0.96394	.667913	.000000
0.96412	.667774	.000000
0.9643	.667763	.000000
0.96448	.667833	.000000
0.96466	.667920	.000000
0.96484	.667620	.000000
0.96502	.667263	.000000
0.9652	.667306	.000000
0.96538	.667082	.000000
0.96556	.666689	.000000
0.96574	.666795	.000000
0.96592	.666817	.000000
0.9661	.667113	.000000
0.96628	.666934	.000000
0.96646	.666367	.000000
0.96664	.665923	.000000
0.96682	.665649	.000000
0.967	.665430	.000000
0.96718	.665461	.000000
0.96736	.665427	.000000
0.96754	.665437	.000000
0.96772	.664872	.000000
0.9679	.664789	.000000
0.96808	.665093	.000000
0.96826	.664861	.000000
0.96844	.664697	.000000
0.96863	.664580	.000000
0.96881	.664269	.000000
0.96899	.664184	.000000
0.96917	.664147	.000000
0.96935	.664197	.000000
0.96953	.663915	.000000
0.96971	.663500	.000000
0.96989	.663471	.000000
0.97008	.663424	.000000
0.97026	.663200	.000000
0.97044	.663060	.000000
0.97062	.663123	.000000
0.9708	.662816	.000000
0.97098	.662410	.000000
0.97117	.662507	.000000
0.97135	.662489	.000000
0.97153	.662796	.000000
0.97171	.662666	.000000
0.97189	.662117	.000000
0.97208	.661799	.000000
0.97226	.661897	.000000
0.97244	.661969	.000000
0.97262	.662043	.000000
0.97281	.661891	.000000
0.97299	.661512	.000000
0.97317	.661187	.000000
0.97335	.661037	.000000
0.97354	.661297	.000000
0.97372	.660998	.000000
0.9739	.660478	.000000
0.97409	.660184	.000000
0.97427	.659822	.000000
0.97445	.659382	.000000
0.97463	.659461	.000000
0.97482	.659633	.000000
0.975	.659465	.000000
0.97518	.659526	.000000
0.97537	.659427	.000000
0.97555	.659156	.000000
0.97573	.659429	.000000
0.97592	.659465	.000000
0.9761	.658864	.000000
0.97629	.658667	.000000
0.97647	.658598	.000000
0.97665	.658188	.000000
0.97684	.658178	.000000
0.97702	.658154	.000000
0.97721	.657757	.000000
0.97739	.657298	.000000
0.97757	.657553	.000000
0.97776	.657425	.000000
0.97794	.657232	.000000
0.97813	.657223	.000000
0.97831	.657537	.000000
0.9785	.657167	.000000
0.97868	.656531	.000000
0.97887	.656193	.000000
0.97905	.656024	.000000
0.97924	.655906	.000000
0.97942	.655728	.000000
0.97961	.655886	.000000
0.97979	.656025	.000000
0.97998	.655812	.000000
0.98016	.655834	.000000
0.98035	.655424	.000000
0.98053	.655309	.000000
0.98072	.655099	.000000
0.9809	.655052	.000000
0.98109	.654919	.000000
0.98127	.654480	.000000
0.98146	.654054	.000000
0.98165	.654220	.000000
0.98183	.654475	.000000
0.98202	.654195	.000000
0.9822	.653767	.000000
0.98239	.653595	.000000
0.98258	.653379	.000000
0.98276	.653014	.000000
0.98295	.652989	.000000
0.98314	.652935	.000000
0.98332	.653126	.000000
0.98351	.653485	.000000
0.9837	.653034	.000000
0.98388	.652183	.000000
0.98407	.652281	.000000
0.98426	.652364	.000000
0.98444	.652129	.000000
0.98463	.652270	.000000
0.98482	.652232	.000000
0.985	.651427	.000000
0.98519	.651160	.000000
0.98538	.651255	.000000
0.98557	.651232	.000000
0.98575	.650889	.000000
0.98594	.650773	.000000
0.98613	.650844	.000000
0.98632	.651021	.000000
0.9865	.650887	.000000
0.98669	.650382	.000000
0.98688	.650221	.000000
0.98707	.650120	.000000
0.98725	.650219	.000000
0.98744	.650073	.000000
0.98763	.650008	.000000
0.98782	.650125	.000000
0.98801	.649829	.000000
0.98819	.649161	.000000
0.98838	.648798	.000000
0.98857	.648997	.000000
0.98876	.648796	.000000
0.98895	.648385	.000000
0.98914	.648636	.000000
0.98933	.648376	.000000
0.98952	.648022	.000000
0.9897	.647997	.000000
0.98989	.647843	.000000
0.99008	.647621	.000000
0.99027	.647740	.000000
0.99046	.647794	.000000
0.99065	.647549	.000000
0.99084	.647191	.000000
0.99103	.646971	.000000
0.99122	.647224	.000000
0.99141	.647218	.000000
0.9916	.646854	.000000
0.99179	.646693	.000000
0.99198	.646595	.000000
0.99217	.646196	.000000
0.99236	.645871	.000000
0.99255	.645790	.000000
0.99274	.645770	.000000
0.99293	.645599	.000000
0.99312	.645456	.000000
0.99331	.645299	.000000
0.9935	.645379	.000000
0.99369	.645406	.000000
0.99388	.644884	.000000
0.99407	.644277	.000000
0.99426	.644106	.000000
0.99445	.644295	.000000
0.99464	.644234	.000000
0.99483	.643974	.000000
0.99502	.644257	.000000
0.99521	.644481	.000000
0.9954	.644391	.000000
0.9956	.644194	.000000
0.99579	.644050	.000000
0.99598	.643846	.000000
0.99617	.643597	.000000
0.99636	.643510	.000000
0.99655	.643651	.000000
0.99674	.643629	.000000
0.99694	.643235	.000000
0.99713	.643075	.000000
0.99732	.642777	.000000
0.99751	.642596	.000000
0.9977	.642562	.000000
0.99789	.642273	.000000
0.99809	.641901	.000000
0.99828	.641852	.000000
0.99847	.641899	.000000
0.99866	.642062	.000000
0.99886	.642035	.000000
0.99905	.641869	.000000
0.99924	.641517	.000000
0.99943	.641313	.000000
0.99963	.641441	.000000
0.99982	.641336	.000000
1.00001	.640827	.000000
1.0002	.640724	.000000
1.0004	.640553	.000000
1.00059	.640390	.000000
1.00078	.640587	.000000
1.00098	.640332	.000000
1.00117	.639847	.000000
1.00136	.640020	.000000
1.00156	.640146	.000000
1.00175	.639960	.000000
1.00194	.639805	.000000
1.00214	.639460	.000000
1.00233	.639330	.000000
1.00253	.639318	.000000
1.00272	.639014	.000000
1.00291	.638890	.000000
1.00311	.639204	.000000
1.0033	.639009	.000000
1.0035	.638500	.000000
1.00369	.638332	.000000
1.00388	.638256	.000000
1.00408	.638465	.000000
1.00427	.638669	.000000
1.00447	.638182	.000000
1.00466	.637785	.000000
1.00486	.637879	.000000
1.00505	.638028	.000000
1.00525	.637610	.000000
1.00544	.637413	.000000
1.00564	.637453	.000000
1.00583	.637444	.000000
1.00603	.637276	.000000
1.00622	.637337	.000000
1.00642	.637243	.000000
1.00661	.637025	.000000
1.00681	.636665	.000000
1.007	.636429	.000000
1.0072	.636432	.000000
1.0074	.636534	.000000
1.00759	.636250	.000000
1.00779	.636068	.000000
1.00798	.636163	.000000
1.00818	.636066	.000000
1.00837	.636061	.000000
1.00857	.635922	.000000
1.00877	.636102	.000000
1.00896	.635918	.000000
1.00916	.635589	.000000
1.00936	.635232	.000000
1.00955	.634840	.000000
1.00975	.634808	.000000
1.00995	.634844	.000000
1.01014	.634811	.000000
1.01034	.634571	.000000
1.01054	.634351	.000000
1.01073	.634271	.000000
1.01093	.634286	.000000
1.01113	.634403	.000000
1.01133	.634470	.000000
1.01152	.634562	.000000
1.01172	.634625	.000000
1.01192	.634143	.000000
1.01211	.633630	.000000
1.01231	.633461	.000000
1.01251	.633405	.000000
1.01271	.633197	.000000
1.01291	.632962	.000000
1.0131	.632941	.000000
1.0133	.632888	.000000
1.0135	.632740	.000000
1.0137	.632556	.000000
1.0139	.632529	.000000
1.01409	.632612	.000000
1.01429	.632504	.000000
1.01449	.632598	.000000
1.01469	.632545	.000000
1.01489	.632338	.000000
1.01509	.632345	.000000
1.01529	.632312	.000000
1.01548	.632419	.000000
1.01568	.632303	.000000
1.01588	.631926	.000000
1.01608	.631807	.000000
1.01628	.631996	.000000
1.01648	.631713	.000000
1.01668	.631623	.000000
1.01688	.631543	.000000
1.01708	.631337	.000000
1.01728	.631296	.000000
1.01748	.631067	.000000
1.01768	.630778	.000000
1.01788	.630700	.000000
1.01808	.630783	.000000
1.01828	.630637	.000000
1.01848	.630570	.000000
1.01868	.630655	.000000
1.01888	.630326	.000000
1.01908	.630362	.000000
1.01928	.630438	.000000
1.01948	.629963	.000000
1.01968	.629857	.000000
1.01988	.629954	.000000
1.02008	.629866	.000000
1.02028	.630106	.000000
1.02048	.629962	.000000
1.02068	.629626	.000000
1.02088	.629743	.000000
1.02108	.629864	.000000
1.02129	.629898	.000000
1.02149	.629725	.000000
1.02169	.629297	.000000
1.02189	.629126	.000000
1.02209	.628824	.000000
1.02229	.628508	.000000
1.02249	.628689	.000000
1.0227	.628947	.000000
1.0229	.628691	.000000
1.0231	.628465	.000000
1.0233	.628647	.000000
1.0235	.628411	.000000
1.02371	.628131	.000000
1.02391	.628033	.000000
1.02411	.627968	.000000
1.02431	.627927	.000000
1.02451	.627997	.000000
1.02472	.627905	.000000
1.02492	.627562	.000000
1.02512	.627420	.000000
1.02532	.627506	.000000
1.02553	.627613	.000000
1.02573	.627400	.000000
1.02593	.627127	.000000
1.02614	.627338	.000000
1.02634	.627519	.000000
1.02654	.627454	.000000
1.02675	.627244	.000000
1.02695	.627248	.000000
1.02715	.627280	.000000
1.02736	.627367	.000000
1.02756	.627122	.000000
1.02776	.626721	.000000
1.02797	.626529	.000000
1.02817	.626605	.000000
1.02838	.626562	.000000
1.02858	.626481	.000000
1.02878	.626255	.000000
1.02899	.626044	.000000
1.02919	.626062	.000000
1.0294	.626464	.000000
1.0296	.626555	.000000
1.02981	.626311	.000000
1.03001	.626255	.000000
1.03021	.625930	.000000
1.03042	.625643	.000000
1.03062	.625684	.000000
1.03083	.625735	.000000
1.03103	.625842	.000000
1.03124	.625807	.000000
1.03144	.625822	.000000
1.03165	.625941	.000000
1.03185	.625823	.000000
1.03206	.625406	.000000
1.03227	.625220	.000000
1.03247	.625105	.000000
1.03268	.625042	.000000
1.03288	.625125	.000000
1.03309	.625136	.000000
1.03329	.625137	.000000
1.0335	.625262	.000000
1.03371	.625085	.000000
1.03391	.625069	.000000
1.03412	.625101	.000000
1.03432	.624894	.000000
1.03453	.624829	.000000
1.03474	.624858	.000000
1.03494	.624876	.000000
1.03515	.625076	.000000
1.03536	.624883	.000000
1.03556	.624702	.000000
1.03577	.624679	.000000
1.03598	.624542	.000000
1.03619	.624430	.000000
1.03639	.624274	.000000
1.0366	.624226	.000000
1.03681	.624285	.000000
1.03701	.624323	.000000
1.03722	.624078	.000000
1.03743	.624121	.000000
1.03764	.624227	.000000
1.03784	.624296	.000000
1.03805	.624459	.000000
1.03826	.624374	.000000
1.03847	.624204	.000000
1.03868	.623897	.000000
1.03888	.623776	.000000
1.03909	.623792	.000000
1.0393	.623865	.000000
1.03951	.623749	.000000
1.03972	.623691	.000000
1.03993	.623774	.000000
1.04013	.623857	.000000
1.04034	.623765	.000000
1.04055	.623529	.000000
1.04076	.623424	.000000
1.04097	.623366	.000000
1.04118	.623475	.000000
1.04139	.623601	.000000
1.0416	.623689	.000000
1.04181	.623765	.000000
1.04202	.623666	.000000
1.04223	.623384	.000000
1.04244	.623482	.000000
1.04264	.623563	.000000
1.04285	.623325	.000000
1.04306	.623294	.000000
1.04327	.623314	.000000
1.04348	.623206	.000000
1.04369	.623061	.000000
1.0439	.623269	.000000
1.04411	.623159	.000000
1.04432	.622769	.000000
1.04454	.622805	.000000
1.04475	.622974	.000000
1.04496	.623271	.000000
1.04517	.623370	.000000
1.04538	.623112	.000000
1.04559	.623043	.000000
1.0458	.623218	.000000
1.04601	.623128	.000000
1.04622	.622740	.000000
1.04643	.622619	.000000
1.04664	.622543	.000000
1.04686	.622597	.000000
1.04707	.622718	.000000
1.04728	.622949	.000000
1.04749	.622933	.000000
1.0477	.622958	.000000
1.04791	.622886	.000000
1.04812	.622705	.000000
1.04834	.622673	.000000
1.04855	.622696	.000000
1.04876	.622797	.000000
1.04897	.622994	.000000
1.04919	.623041	.000000
1.0494	.622628	.000000
1.04961	.622559	.000000
1.04982	.623003	.000000
1.05004	.623099	.000000
1.05025	.623095	.000000
1.05046	.623043	.000000
1.05067	.622958	.000000
1.05089	.622752	.000000
1.0511	.622776	.000000
1.05131	.622797	.000000
1.05153	.622904	.000000
1.05174	.623122	.000000
1.05195	.623234	.000000
1.05217	.623135	.000000
1.05238	.622826	.000000
1.05259	.622628	.000000
1.05281	.622615	.000000
1.05302	.622705	.000000
1.05323	.623045	.000000
1.05345	.623162	.000000
1.05366	.623030	.000000
1.05388	.623000	.000000
1.05409	.622900	.000000
1.05431	.622781	.000000
1.05452	.622635	.000000
1.05473	.622962	.000000
1.05495	.623142	.000000
1.05516	.623110	.000000
1.05538	.623094	.000000
1.05559	.622938	.000000
1.05581	.622953	.000000
1.05602	.622886	.000000
1.05624	.622906	.000000
1.05645	.622942	.000000
1.05667	.623160	.000000
1.05688	.623334	.000000
1.0571	.623352	.000000
1.05732	.623216	.000000
1.05753	.623086	.000000
1.05775	.623094	.000000
1.05796	.623088	.000000
1.05818	.623077	.000000
1.05839	.623155	.000000
1.05861	.623301	.000000
1.05883	.623442	.000000
1.05904	.623518	.000000
1.05926	.623415	.000000
1.05948	.623325	.000000
1.05969	.623314	.000000
1.05991	.623437	.000000
1.06013	.623650	.000000
1.06034	.623534	.000000
1.06056	.623456	.000000
1.06078	.623399	.000000
1.06099	.623177	.000000
1.06121	.623446	.000000
1.06143	.623630	.000000
1.06165	.623527	.000000
1.06186	.623744	.000000
1.06208	.624112	.000000
1.0623	.624020	.000000
1.06252	.623852	.000000
1.06273	.624000	.000000
1.06295	.623910	.000000
1.06317	.623574	.000000
1.06339	.623726	.000000
1.06361	.624025	.000000
1.06382	.624195	.000000
1.06404	.624184	.000000
1.06426	.623913	.000000
1.06448	.623901	.000000
1.0647	.624170	.000000
1.06492	.624188	.000000
1.06514	.624301	.000000
1.06535	.624394	.000000
1.06557	.624213	.000000
1.06579	.624115	.000000
1.06601	.624208	.000000
1.06623	.624484	.000000
1.06645	.624677	.000000
1.06667	.624724	.000000
1.06689	.624923	.000000
1.06711	.624950	.000000
1.06733	.624997	.000000
1.06755	.625237	.000000
1.06777	.625159	.000000
1.06799	.625063	.000000
1.06821	.625211	.000000
1.06843	.625240	.000000
1.06865	.625235	.000000
1.06887	.625222	.000000
1.06909	.625294	.000000
1.06931	.625493	.000000
1.06953	.625627	.000000
1.06975	.625688	.000000
1.06997	.625632	.000000
1.07019	.625717	.000000
1.07041	.625809	.000000
1.07063	.625838	.000000
1.07085	.625928	.000000
1.07108	.626121	.000000
1.0713	.626273	.000000
1.07152	.626197	.000000
1.07174	.626011	.000000
1.07196	.626136	.000000
1.07218	.626351	.000000
1.07241	.626322	.000000
1.07263	.626242	.000000
1.07285	.626408	.000000
1.07307	.626623	.000000
1.07329	.626690	.000000
1.07352	.626730	.000000
1.07374	.626674	.000000
1.07396	.626851	.000000
1.07418	.627129	.000000
1.07441	.627132	.000000
1.07463	.627109	.000000
1.07485	.627459	.000000
1.07507	.627358	.000000
1.0753	.627206	.000000
1.07552	.627322	.000000
1.07574	.627423	.000000
1.07597	.627452	.000000
1.07619	.627409	.000000
1.07641	.627535	.000000
1.07664	.627669	.000000
1.07686	.627764	.000000
1.07708	.627858	.000000
1.07731	.627851	.000000
1.07753	.628127	.000000
1.07776	.628387	.000000
1.07798	.628335	.000000
1.0782	.628329	.000000
1.07843	.628478	.000000
1.07865	.628499	.000000
1.07888	.628598	.000000
1.0791	.628609	.000000
1.07933	.628701	.000000
1.07955	.628933	.000000
1.07978	.629144	.000000
1.08	.629091	.000000
1.08023	.629093	.000000
1.08045	.629288	.000000
1.08068	.629286	.000000
1.0809	.629322	.000000
1.08113	.629550	.000000
1.08135	.629781	.000000
1.08158	.629855	.000000
1.0818	.630032	.000000
1.08203	.630126	.000000
1.08225	.630241	.000000
1.08248	.630317	.000000
1.08271	.630263	.000000
1.08293	.630205	.000000
1.08316	.630411	.000000
1.08339	.630572	.000000
1.08361	.630637	.000000
1.08384	.630646	.000000
1.08406	.630830	.000000
1.08429	.631119	.000000
1.08452	.631253	.000000
1.08475	.631299	.000000
1.08497	.631305	.000000
1.0852	.631455	.000000
1.08543	.631610	.000000
1.08565	.631619	.000000
1.08588	.631928	.000000
1.08611	.632061	.000000
1.08634	.632018	.000000
1.08656	.632040	.000000
1.08679	.632155	.000000
1.08702	.632339	.000000
1.08725	.632518	.000000
1.08748	.632657	.000000
1.0877	.632675	.000000
1.08793	.632581	.000000
1.08816	.632751	.000000
1.08839	.633112	.000000
1.08862	.633165	.000000
1.08885	.633278	.000000
1.08907	.633396	.000000
1.0893	.633488	.000000
1.08953	.633703	.000000
1.08976	.633798	.000000
1.08999	.633907	.000000
1.09022	.634010	.000000
1.09045	.634022	.000000
1.09068	.633937	.000000
1.09091	.634125	.000000
1.09114	.634522	.000000
1.09137	.634708	.000000
1.0916	.634669	.000000
1.09183	.634764	.000000
1.09206	.634941	.000000
1.09229	.635109	.000000
1.09252	.635308	.000000
1.09275	.635445	.000000
1.09298	.635569	.000000
1.09321	.635555	.000000
1.09344	.635609	.000000
1.09367	.635741	.000000
1.0939	.635730	.000000
1.09413	.635846	.000000
1.09436	.636039	.000000
1.09459	.636145	.000000
1.09482	.636284	.000000
1.09505	.636436	.000000
1.09529	.636651	.000000
1.09552	.636748	.000000
1.09575	.636788	.000000
1.09598	.636936	.000000
1.09621	.637064	.000000
1.09644	.637173	.000000
1.09668	.637303	.000000
1.09691	.637389	.000000
1.09714	.637570	.000000
1.09737	.637743	.000000
1.0976	.637982	.000000
1.09784	.638122	.000000
1.09807	.638090	.000000
1.0983	.638177	.000000
1.09854	.638456	.000000
1.09877	.638653	.000000
1.099	.638801	.000000
1.09923	.638951	.000000
1.09947	.638998	.000000
1.0997	.639020	.000000
1.09993	.639197	.000000
1.10017	.639507	.000000
1.1004	.639603	.000000
1.10063	.639601	.000000
1.10087	.639588	.000000
1.1011	.639762	.000000
1.10134	.639989	.000000
1.10157	.639962	.000000
1.1018	.640078	.000000
1.10204	.640275	.000000
1.10227	.640470	.000000
1.10251	.640728	.000000
1.10274	.640952	.000000
1.10298	.641130	.000000
1.10321	.641372	.000000
1.10344	.641425	.000000
1.10368	.641304	.000000
1.10391	.641369	.000000
1.10415	.641620	.000000
1.10439	.641856	.000000
1.10462	.641984	.000000
1.10486	.641990	.000000
1.10509	.642167	.000000
1.10533	.642371	.000000
1.10556	.642629	.000000
1.1058	.642938	.000000
1.10603	.642871	.000000
1.10627	.642777	.000000
1.10651	.643104	.000000
1.10674	.643246	.000000
1.10698	.643281	.000000
1.10722	.643306	.000000
1.10745	.643465	.000000
1.10769	.643698	.000000
1.10792	.644003	.000000
1.10816	.644192	.000000
1.1084	.644026	.000000
1.10864	.644165	.000000
1.10887	.644465	.000000
1.10911	.644624	.000000
1.10935	.644729	.000000
1.10958	.644859	.000000
1.10982	.644891	.000000
1.11006	.644884	.000000
1.1103	.644895	.000000
1.11054	.645166	.000000
1.11077	.645460	.000000
1.11101	.645729	.000000
1.11125	.645938	.000000
1.11149	.646074	.000000
1.11173	.646047	.000000
1.11196	.646191	.000000
1.1122	.646507	.000000
1.11244	.646498	.000000
1.11268	.646518	.000000
1.11292	.646657	.000000
1.11316	.646881	.000000
1.1134	.647056	.000000
1.11364	.647103	.000000
1.11388	.647054	.000000
1.11411	.647235	.000000
1.11435	.647579	.000000
1.11459	.647664	.000000
1.11483	.647625	.000000
1.11507	.647769	.000000
1.11531	.648078	.000000
1.11555	.648266	.000000
1.11579	.648394	.000000
1.11603	.648511	.000000
1.11627	.648583	.000000
1.11651	.648713	.000000
1.11675	.648838	.000000
1.11699	.648930	.000000
1.11724	.649159	.000000
1.11748	.649419	.000000
1.11772	.649591	.000000
1.11796	.649760	.000000
1.1182	.649909	.000000
1.11844	.650053	.000000
1.11868	.650237	.000000
1.11892	.650232	.000000
1.11916	.650313	.000000
1.11941	.650540	.000000
1.11965	.650591	.000000
1.11989	.650582	.000000
1.12013	.650708	.000000
1.12037	.650887	.000000
1.12062	.651158	.000000
1.12086	.651357	.000000
1.1211	.651405	.000000
1.12134	.651544	.000000
1.12159	.651840	.000000
1.12183	.652077	.000000
1.12207	.652133	.000000
1.12231	.652053	.000000
1.12256	.651965	.000000
1.1228	.652046	.000000
1.12304	.652380	.000000
1.12329	.652691	.000000
1.12353	.652777	.000000
1.12377	.652945	.000000
1.12402	.653061	.000000
1.12426	.653097	.000000
1.12451	.653278	.000000
1.12475	.653509	.000000
1.12499	.653666	.000000
1.12524	.653729	.000000
1.12548	.653843	.000000
1.12573	.653909	.000000
1.12597	.654061	.000000
1.12621	.654352	.000000
1.12646	.654642	.000000
1.1267	.654785	.000000
1.12695	.654778	.000000
1.12719	.654969	.000000
1.12744	.655193	.000000
1.12768	.655208	.000000
1.12793	.655283	.000000
1.12818	.655352	.000000
1.12842	.655274	.000000
1.12867	.655415	.000000
1.12891	.655782	.000000
1.12916	.655977	.000000
1.1294	.655865	.000000
1.12965	.655888	.000000
1.1299	.656090	.000000
1.13014	.656289	.000000
1.13039	.656452	.000000
1.13064	.656722	.000000
1.13088	.656840	.000000
1.13113	.656836	.000000
1.13138	.656991	.000000
1.13162	.657244	.000000
1.13187	.657363	.000000
1.13212	.657441	.000000
1.13236	.657548	.000000
1.13261	.657681	.000000
1.13286	.657979	.000000
1.13311	.658158	.000000
1.13335	.658217	.000000
1.1336	.658324	.000000
1.13385	.658429	.000000
1.1341	.658441	.000000
1.13435	.658412	.000000
1.13459	.658582	.000000
1.13484	.658909	.000000
1.13509	.659122	.000000
1.13534	.659180	.000000
1.13559	.659299	.000000
1.13584	.659528	.000000
1.13609	.659664	.000000
1.13633	.659627	.000000
1.13658	.659719	.000000
1.13683	.659985	.000000
1.13708	.660035	.000000
1.13733	.660142	.000000
1.13758	.660364	.000000
1.13783	.660532	.000000
1.13808	.660691	.000000
1.13833	.660687	.000000
1.13858	.660774	.000000
1.13883	.660976	.000000
1.13908	.661139	.000000
1.13933	.661155	.000000
1.13958	.661130	.000000
1.13983	.661261	.000000
1.14008	.661480	.000000
1.14033	.661677	.000000
1.14058	.661845	.000000
1.14084	.661975	.000000
1.14109	.662029	.000000
1.14134	.662101	.000000
1.14159	.662301	.000000
1.14184	.662404	.000000
1.14209	.662567	.000000
1.14234	.662778	.000000
1.1426	.662915	.000000
1.14285	.662966	.000000
1.1431	.662908	.000000
1.14335	.662944	.000000
1.1436	.663099	.000000
1.14386	.663285	.000000
1.14411	.663426	.000000
1.14436	.663545	.000000
1.14461	.663632	.000000
1.14487	.663791	.000000
1.14512	.664125	.000000
1.14537	.664405	.000000
1.14562	.664340	.000000
1.14588	.664345	.000000
1.14613	.664470	.000000
1.14638	.664600	.000000
1.14664	.664852	.000000
1.14689	.664981	.000000
1.14715	.664952	.000000
1.1474	.665047	.000000
1.14765	.665309	.000000
1.14791	.665335	.000000
1.14816	.665248	.000000
1.14842	.665385	.000000
1.14867	.665672	.000000
1.14893	.665679	.000000
1.14918	.665679	.000000
1.14943	.665921	.000000
1.14969	.666223	.000000
1.14994	.666328	.000000
1.1502	.666281	.000000
1.15045	.666302	.000000
1.15071	.666463	.000000
1.15097	.666712	.000000
1.15122	.666773	.000000
1.15148	.666808	.000000
1.15173	.666878	.000000
1.15199	.667046	.000000
1.15224	.667256	.000000
1.1525	.667396	.000000
1.15276	.667490	.000000
1.15301	.667678	.000000
1.15327	.667660	.000000
1.15353	.667696	.000000
1.15378	.667945	.000000
1.15404	.668034	.000000
1.1543	.668043	.000000
1.15455	.668268	.000000
1.15481	.668384	.000000
1.15507	.668453	.000000
1.15533	.668577	.000000
1.15558	.668631	.000000
1.15584	.668749	.000000
1.1561	.668902	.000000
1.15636	.668989	.000000
1.15661	.669061	.000000
1.15687	.669252	.000000
1.15713	.669465	.000000
1.15739	.669583	.000000
1.15765	.669648	.000000
1.15791	.669673	.000000
1.15816	.669747	.000000
1.15842	.669725	.000000
1.15868	.669803	.000000
1.15894	.670092	.000000
1.1592	.670198	.000000
1.15946	.670289	.000000
1.15972	.670347	.000000
1.15998	.670453	.000000
1.16024	.670727	.000000
1.1605	.670738	.000000
1.16076	.670644	.000000
1.16102	.670726	.000000
1.16128	.670921	.000000
1.16154	.671013	.000000
1.1618	.671099	.000000
1.16206	.671108	.000000
1.16232	.671266	.000000
1.16258	.671500	.000000
1.16284	.671424	.000000
1.1631	.671354	.000000
1.16336	.671591	.000000
1.16362	.671793	.000000
1.16388	.671934	.000000
1.16415	.672053	.000000
1.16441	.672186	.000000
1.16467	.672280	.000000
1.16493	.672434	.000000
1.16519	.672598	.000000
1.16545	.672603	.000000
1.16572	.672658	.000000
1.16598	.672809	.000000
1.16624	.672990	.000000
1.1665	.673060	.000000
1.16676	.673138	.000000
1.16703	.673268	.000000
1.16729	.673279	.000000
1.16755	.673428	.000000
1.16782	.673553	.000000
1.16808	.673578	.000000
1.16834	.673566	.000000
1.16861	.673685	.000000
1.16887	.673902	.000000
1.16913	.673988	.000000
1.1694	.674046	.000000
1.16966	.674162	.000000
1.16992	.674387	.000000
1.17019	.674369	.000000
1.17045	.674151	.000000
1.17072	.674053	.000000
1.17098	.674264	.000000
1.17125	.674517	.000000
1.17151	.674689	.000000
1.17178	.674898	.000000
1.17204	.675005	.000000
1.1723	.674895	.000000
1.17257	.674788	.000000
1.17284	.674931	.000000
1.1731	.675147	.000000
1.17337	.675344	.000000
1.17363	.675402	.000000
1.1739	.675442	.000000
1.17416	.675586	.000000
1.17443	.675637	.000000
1.1747	.675546	.000000
1.17496	.675619	.000000
1.17523	.675904	.000000
1.17549	.676061	.000000
1.17576	.676296	.000000
1.17603	.676519	.000000
1.17629	.676454	.000000
1.17656	.676420	.000000
1.17683	.676615	.000000
1.1771	.676785	.000000
1.17736	.676855	.000000
1.17763	.676803	.000000
1.1779	.676857	.000000
1.17817	.676973	.000000
1.17843	.676976	.000000
1.1787	.677119	.000000
1.17897	.677330	.000000
1.17924	.677406	.000000
1.17951	.677532	.000000
1.17977	.677715	.000000
1.18004	.677783	.000000
1.18031	.677859	.000000
1.18058	.677832	.000000
1.18085	.677856	.000000
1.18112	.678004	.000000
1.18139	.678177	.000000
1.18166	.678202	.000000
1.18193	.678195	.000000
1.18219	.678289	.000000
1.18246	.678361	.000000
1.18273	.678381	.000000
1.183	.678448	.000000
1.18327	.678596	.000000
1.18354	.678742	.000000
1.18381	.678872	.000000
1.18408	.678946	.000000
1.18436	.679038	.000000
1.18463	.679219	.000000
1.1849	.679345	.000000
1.18517	.679215	.000000
1.18544	.679186	.000000
1.18571	.679359	.000000
1.18598	.679441	.000000
1.18625	.679482	.000000
1.18652	.679522	.000000
1.1868	.679634	.000000
1.18707	.679697	.000000
1.18734	.679787	.000000
1.18761	.679879	.000000
1.18788	.679984	.000000
1.18816	.680183	.000000
1.18843	.680311	.000000
1.1887	.680387	.000000
1.18897	.680497	.000000
1.18925	.680562	.000000
1.18952	.680650	.000000
1.18979	.680665	.000000
1.19006	.680764	.000000
1.19034	.680836	.000000
1.19061	.680910	.000000
1.19088	.680972	.000000
1.19116	.681044	.000000
1.19143	.681078	.000000
1.19171	.681214	.000000
1.19198	.681295	.000000
1.19225	.681327	.000000
1.19253	.681353	.000000
1.1928	.681528	.000000
1.19308	.681808	.000000
1.19335	.681842	.000000
1.19363	.681829	.000000
1.1939	.682037	.000000
1.19418	.682178	.000000
1.19445	.682023	.000000
1.19473	.681988	.000000
1.195	.682086	.000000
1.19528	.682174	.000000
1.19555	.682221	.000000
1.19583	.682348	.000000
1.1961	.682510	.000000
1.19638	.682602	.000000
1.19666	.682638	.000000
1.19693	.682680	.000000
1.19721	.682877	.000000
1.19749	.683003	.000000
1.19776	.682884	.000000
1.19804	.683039	.000000
1.19832	.683245	.000000
1.19859	.683158	.000000
1.19887	.683158	.000000
1.19915	.683270	.000000
1.19942	.683232	.000000
1.1997	.683369	.000000
1.19998	.683575	.000000
1.20026	.683635	.000000
1.20054	.683647	.000000
1.20081	.683693	.000000
1.20109	.683801	.000000
1.20137	.684057	.000000
1.20165	.684176	.000000
1.20193	.684213	.000000
1.20221	.684245	.000000
1.20248	.684341	.000000
1.20276	.684312	.000000
1.20304	.684348	.000000
1.20332	.684467	.000000
1.2036	.684512	.000000
1.20388	.684588	.000000
1.20416	.684718	.000000
1.20444	.684812	.000000
1.20472	.684765	.000000
1.205	.684789	.000000
1.20528	.685021	.000000
1.20556	.685076	.000000
1.20584	.685121	.000000
1.20612	.685235	.000000
1.2064	.685289	.000000
1.20668	.685395	.000000
1.20696	.685471	.000000
1.20724	.685578	.000000
1.20753	.685700	.000000
1.20781	.685872	.000000
1.20809	.685879	.000000
1.20837	.685816	.000000
1.20865	.685863	.000000
1.20893	.686013	.000000
1.20921	.686110	.000000
1.2095	.686211	.000000
1.20978	.686437	.000000
1.21006	.686460	.000000
1.21034	.686468	.000000
1.21063	.686538	.000000
1.21091	.686491	.000000
1.21119	.686515	.000000
1.21148	.686731	.000000
1.21176	.686834	.000000
1.21204	.686803	.000000
1.21233	.686881	.000000
1.21261	.687134	.000000
1.21289	.687175	.000000
1.21318	.687201	.000000
1.21346	.687253	.000000
1.21374	.687387	.000000
1.21403	.687405	.000000
1.21431	.687448	.000000
1.2146	.687468	.000000
1.21488	.687518	.000000
1.21517	.687715	.000000
1.21545	.687881	.000000
1.21574	.687993	.000000
1.21602	.688163	.000000
1.21631	.688235	.000000
1.21659	.688158	.000000
1.21688	.688143	.000000
1.21716	.688306	.000000
1.21745	.688418	.000000
1.21774	.688360	.000000
1.21802	.688363	.000000
1.21831	.688571	.000000
1.21859	.688620	.000000
1.21888	.688678	.000000
1.21917	.688842	.000000
1.21945	.688939	.000000
1.21974	.689010	.000000
1.22003	.689078	.000000
1.22031	.689248	.000000
1.2206	.689322	.000000
1.22089	.689315	.000000
1.22118	.689445	.000000
1.22146	.689542	.000000
1.22175	.689606	.000000
1.22204	.689548	.000000
1.22233	.689580	.000000
1.22262	.689727	.000000
1.2229	.689891	.000000
1.22319	.689997	.000000
1.22348	.690138	.000000
1.22377	.690221	.000000
1.22406	.690302	.000000
1.22435	.690382	.000000
1.22464	.690362	.000000
1.22493	.690297	.000000
1.22522	.690364	.000000
1.22551	.690503	.000000
1.2258	.690550	.000000
1.22609	.690718	.000000
1.22638	.690878	.000000
1.22667	.690925	.000000
1.22696	.690998	.000000
1.22725	.691061	.000000
1.22754	.691214	.000000
1.22783	.691429	.000000
1.22812	.691427	.000000
1.22841	.691425	.000000
1.2287	.691481	.000000
1.22899	.691626	.000000
1.22928	.691626	.000000
1.22958	.691583	.000000
1.22987	.691673	.000000
1.23016	.691756	.000000
1.23045	.691911	.000000
1.23074	.692151	.000000
1.23103	.692288	.000000
1.23133	.692276	.000000
1.23162	.692372	.000000
1.23191	.692617	.000000
1.23221	.692641	.000000
1.2325	.692648	.000000
1.23279	.692632	.000000
1.23308	.692709	.000000
1.23338	.692794	.000000
1.23367	.692892	.000000
1.23396	.693018	.000000
1.23426	.692980	.000000
1.23455	.693045	.000000
1.23485	.693184	.000000
1.23514	.693291	.000000
1.23543	.693352	.000000
1.23573	.693480	.000000
1.23602	.693578	.000000
1.23632	.693630	.000000
1.23661	.693773	.000000
1.23691	.693995	.000000
1.2372	.694099	.000000
1.2375	.693971	.000000
1.23779	.693841	.000000
1.23809	.693957	.000000
1.23839	.694220	.000000
1.23868	.694383	.000000
1.23898	.694406	.000000
1.23927	.694397	.000000
1.23957	.694480	.000000
1.23987	.694585	.000000
1.24016	.694693	.000000
1.24046	.694816	.000000
1.24076	.694926	.000000
1.24105	.694955	.000000
1.24135	.695073	.000000
1.24165	.695286	.000000
1.24195	.695345	.000000
1.24224	.695318	.000000
1.24254	.695419	.000000
1.24284	.695573	.000000
1.24314	.695659	.000000
1.24343	.695838	.000000
1.24373	.695899	.000000
1.24403	.695927	.000000
1.24433	.696071	.000000
1.24463	.696188	.000000
1.24493	.696268	.000000
1.24523	.696345	.000000
1.24553	.696457	.000000
1.24582	.696528	.000000
1.24612	.696605	.000000
1.24642	.696705	.000000
1.24672	.696782	.000000
1.24702	.696939	.000000
1.24732	.697008	.000000
1.24762	.697057	.000000
1.24792	.697207	.000000
1.24822	.697324	.000000
1.24852	.697402	.000000
1.24883	.697598	.000000
1.24913	.697638	.000000
1.24943	.697593	.000000
1.24973	.697824	.000000
1.25003	.698082	.000000
1.25033	.697997	.000000
1.25063	.697972	.000000
1.25093	.698154	.000000
1.25124	.698218	.000000
1.25154	.698250	.000000
1.25184	.698442	.000000
1.25214	.698479	.000000
1.25245	.698516	.000000
1.25275	.698651	.000000
1.25305	.698748	.000000
1.25335	.698837	.000000
1.25366	.698931	.000000
1.25396	.699075	.000000
1.25426	.699126	.000000
1.25457	.699200	.000000
1.25487	.699285	.000000
1.25517	.699420	.000000
1.25548	.699599	.000000
1.25578	.699835	.000000
1.25609	.699913	.000000
1.25639	.699946	.000000
1.2567	.700043	.000000
1.257	.699996	.000000
1.25731	.700068	.000000
1.25761	.700261	.000000
1.25792	.700350	.000000
1.25822	.700455	.000000
1.25853	.700550	.000000
1.25883	.700706	.000000
1.25914	.700814	.000000
1.25944	.700848	.000000
1.25975	.700884	.000000
1.26005	.700955	.000000
1.26036	.701058	.000000
1.26067	.701184	.000000
1.26097	.701300	.000000
1.26128	.701332	.000000
1.26159	.701475	.000000
1.2619	.701740	.000000
1.2622	.701861	.000000
1.26251	.701937	.000000
1.26282	.701942	.000000
1.26312	.702016	.000000
1.26343	.702211	.000000
1.26374	.702316	.000000
1.26405	.702251	.000000
1.26436	.702293	.000000
1.26467	.702540	.000000
1.26497	.702836	.000000
1.26528	.702990	.000000
1.26559	.702988	.000000
1.2659	.703035	.000000
1.26621	.703083	.000000
1.26652	.703181	.000000
1.26683	.703338	.000000
1.26714	.703535	.000000
1.26745	.703685	.000000
1.26776	.703775	.000000
1.26807	.703900	.000000
1.26838	.703939	.000000
1.26869	.703974	.000000
1.269	.704058	.000000
1.26931	.704107	.000000
1.26962	.704228	.000000
1.26993	.704481	.000000
1.27024	.704656	.000000
1.27055	.704699	.000000
1.27086	.704770	.000000
1.27118	.704806	.000000
1.27149	.705039	.000000
1.2718	.705223	.000000
1.27211	.705264	.000000
1.27242	.705279	.000000
1.27274	.705349	.000000
1.27305	.705533	.000000
1.27336	.705743	.000000
1.27367	.705853	.000000
1.27399	.705936	.000000
1.2743	.706088	.000000
1.27461	.706126	.000000
1.27493	.706173	.000000
1.27524	.706259	.000000
1.27555	.706536	.000000
1.27587	.706750	.000000
1.27618	.706805	.000000
1.2765	.706906	.000000
1.27681	.707119	.000000
1.27713	.707184	.000000
1.27744	.707095	.000000
1.27776	.707200	.000000
1.27807	.707399	.000000
1.27839	.707561	.000000
1.2787	.707637	.000000
1.27902	.707677	.000000
1.27933	.707814	.000000
1.27965	.707922	.000000
1.27996	.708025	.000000
1.28028	.708204	.000000
1.2806	.708339	.000000
1.28091	.708491	.000000
1.28123	.708646	.000000
1.28155	.708801	.000000
1.28186	.708931	.000000
1.28218	.708967	.000000
1.2825	.709009	.000000
1.28281	.709135	.000000
1.28313	.709262	.000000
1.28345	.709376	.000000
1.28377	.709563	.000000
1.28408	.709767	.000000
1.2844	.709915	.000000
1.28472	.710000	.000000
1.28504	.710022	.000000
1.28536	.710109	.000000
1.28568	.710354	.000000
1.286	.710580	.000000
1.28631	.710672	.000000
1.28663	.710639	.000000
1.28695	.710795	.000000
1.28727	.711006	.000000
1.28759	.711111	.000000
1.28791	.711132	.000000
1.28823	.711204	.000000
1.28855	.711340	.000000
1.28887	.711479	.000000
1.28919	.711678	.000000
1.28951	.711849	.000000
1.28983	.711966	.000000
1.29016	.712064	.000000
1.29048	.712188	.000000
1.2908	.712326	.000000
1.29112	.712439	.000000
1.29144	.712638	.000000
1.29176	.712790	.000000
1.29208	.712815	.000000
1.29241	.712979	.000000
1.29273	.713055	.000000
1.29305	.713169	.000000
1.29337	.713438	.000000
1.2937	.713577	.000000
1.29402	.713642	.000000
1.29434	.713766	.000000
1.29467	.713860	.000000
1.29499	.714021	.000000
1.29531	.714184	.000000
1.29564	.714308	.000000
1.29596	.714434	.000000
1.29628	.714620	.000000
1.29661	.714772	.000000
1.29693	.714848	.000000
1.29726	.714891	.000000
1.29758	.715059	.000000
1.29791	.715218	.000000
1.29823	.715381	.000000
1.29856	.715606	.000000
1.29888	.715785	.000000
1.29921	.715839	.000000
1.29953	.715949	.000000
1.29986	.716092	.000000
1.30018	.716224	.000000
1.30051	.716350	.000000
1.30084	.716466	.000000
1.30116	.716617	.000000
1.30149	.716731	.000000
1.30182	.716847	.000000
1.30214	.716942	.000000
1.30247	.717040	.000000
1.3028	.717181	.000000
1.30313	.717345	.000000
1.30345	.717516	.000000
1.30378	.717675	.000000
1.30411	.717854	.000000
1.30444	.718089	.000000
1.30477	.718300	.000000
1.30509	.718441	.000000
1.30542	.718589	.000000
1.30575	.718744	.000000
1.30608	.718849	.000000
1.30641	.719004	.000000
1.30674	.719120	.000000
1.30707	.719289	.000000
1.3074	.719465	.000000
1.30773	.719510	.000000
1.30806	.719679	.000000
1.30839	.719793	.000000
1.30872	.719836	.000000
1.30905	.720030	.000000
1.30938	.720279	.000000
1.30971	.720423	.000000
1.31004	.720420	.000000
1.31037	.720481	.000000
1.3107	.720624	.000000
1.31103	.720835	.000000
1.31137	.721100	.000000
1.3117	.721248	.000000
1.31203	.721330	.000000
1.31236	.721508	.000000
1.31269	.721678	.000000
1.31303	.721821	.000000
1.31336	.722003	.000000
1.31369	.722238	.000000
1.31402	.722445	.000000
1.31436	.722597	.000000
1.31469	.722639	.000000
1.31502	.722779	.000000
1.31536	.722971	.000000
1.31569	.723144	.000000
1.31603	.723276	.000000
1.31636	.723395	.000000
1.31669	.723568	.000000
1.31703	.723727	.000000
1.31736	.723863	.000000
1.3177	.723951	.000000
1.31803	.724123	.000000
1.31837	.724307	.000000
1.3187	.724446	.000000
1.31904	.724697	.000000
1.31937	.724904	.000000
1.31971	.724991	.000000
1.32005	.725128	.000000
1.32038	.725287	.000000
1.32072	.725397	.000000
1.32106	.725500	.000000
1.32139	.725721	.000000
1.32173	.725953	.000000
1.32207	.726020	.000000
1.3224	.726127	.000000
1.32274	.726289	.000000
1.32308	.726500	.000000
1.32342	.726649	.000000
1.32375	.726831	.000000
1.32409	.727071	.000000
1.32443	.727226	.000000
1.32477	.727289	.000000
1.32511	.727445	.000000
1.32545	.727609	.000000
1.32578	.727808	.000000
1.32612	.727950	.000000
1.32646	.728086	.000000
1.3268	.728212	.000000
1.32714	.728427	.000000
1.32748	.728575	.000000
1.32782	.728723	.000000
1.32816	.728882	.000000
1.3285	.729039	.000000
1.32884	.729277	.000000
1.32918	.729572	.000000
1.32952	.729774	.000000
1.32986	.729819	.000000
1.33021	.729891	.000000
1.33055	.730055	.000000
1.33089	.730334	.000000
1.33123	.730554	.000000
1.33157	.730610	.000000
1.33191	.730747	.000000
1.33226	.730821	.000000
1.3326	.731007	.000000
1.33294	.731263	.000000
1.33328	.731375	.000000
1.33363	.731491	.000000
1.33397	.731648	.000000
1.33431	.731837	.000000
1.33466	.732049	.000000
1.335	.732224	.000000
1.33535	.732377	.000000
1.33569	.732556	.000000
1.33603	.732751	.000000
1.33638	.732903	.000000
1.33672	.733094	.000000
1.33707	.733354	.000000
1.33741	.733471	.000000
1.33776	.733663	.000000
1.3381	.733787	.000000
1.33845	.733838	.000000
1.33879	.734026	.000000
1.33914	.734295	.000000
1.33948	.734520	.000000
1.33983	.734631	.000000
1.34018	.734836	.000000
1.34052	.735089	.000000
1.34087	.735277	.000000
1.34122	.735416	.000000
1.34156	.735562	.000000
1.34191	.735716	.000000
1.34226	.735838	.000000
1.34261	.735997	.000000
1.34295	.736181	.000000
1.3433	.736306	.000000
1.34365	.736474	.000000
1.344	.736745	.000000
1.34435	.736943	.000000
1.3447	.737174	.000000
1.34504	.737378	.000000
1.34539	.737445	.000000
1.34574	.737561	.000000
1.34609	.737777	.000000
1.34644	.737987	.000000
1.34679	.738146	.000000
1.34714	.738261	.000000
1.34749	.738399	.000000
1.34784	.738695	.000000
1.34819	.738967	.000000
1.34854	.739139	.000000
1.34889	.739280	.000000
1.34925	.739363	.000000
1.3496	.739579	.000000
1.34995	.739792	.000000
1.3503	.739948	.000000
1.35065	.740094	.000000
1.351	.740287	.000000
1.35135	.740498	.000000
1.35171	.740683	.000000
1.35206	.740800	.000000
1.35241	.740975	.000000
1.35277	.741190	.000000
1.35312	.741405	.000000
1.35347	.741553	.000000
1.35383	.741713	.000000
1.35418	.741945	.000000
1.35453	.742116	.000000
1.35489	.742293	.000000
1.35524	.742504	.000000
1.35559	.742652	.000000
1.35595	.742809	.000000
1.3563	.743003	.000000
1.35666	.743223	.000000
1.35701	.743376	.000000
1.35737	.743523	.000000
1.35772	.743712	.000000
1.35808	.743885	.000000
1.35844	.744097	.000000
1.35879	.744378	.000000
1.35915	.744485	.000000
1.3595	.744534	.000000
1.35986	.744738	.000000
1.36022	.744945	.000000
1.36057	.745158	.000000
1.36093	.745398	.000000
1.36129	.745655	.000000
1.36165	.745853	.000000
1.362	.746005	.000000
1.36236	.746081	.000000
1.36272	.746289	.000000
1.36308	.746440	.000000
1.36344	.746565	.000000
1.3638	.746818	.000000
1.36415	.747049	.000000
1.36451	.747224	.000000
1.36487	.747442	.000000
1.36523	.747670	.000000
1.36559	.747913	.000000
1.36595	.748096	.000000
1.36631	.748260	.000000
1.36667	.748405	.000000
1.36703	.748531	.000000
1.36739	.748609	.000000
1.36775	.748793	.000000
1.36811	.749116	.000000
1.36848	.749349	.000000
1.36884	.749470	.000000
1.3692	.749627	.000000
1.36956	.749788	.000000
1.36992	.749952	.000000
1.37028	.750141	.000000
1.37065	.750342	.000000
1.37101	.750502	.000000
1.37137	.750618	.000000
1.37173	.750775	.000000
1.3721	.751053	.000000
1.37246	.751337	.000000
1.37282	.751551	.000000
1.37319	.751739	.000000
1.37355	.751891	.000000
1.37391	.751963	.000000
1.37428	.752151	.000000
1.37464	.752494	.000000
1.37501	.752739	.000000
1.37537	.752850	.000000
1.37574	.753012	.000000
1.3761	.753214	.000000
1.37647	.753451	.000000
1.37683	.753624	.000000
1.3772	.753738	.000000
1.37757	.753835	.000000
1.37793	.754041	.000000
1.3783	.754352	.000000
1.37866	.754567	.000000
1.37903	.754745	.000000
1.3794	.754948	.000000
1.37976	.755148	.000000
1.38013	.755312	.000000
1.3805	.755372	.000000
1.38087	.755654	.000000
1.38124	.755944	.000000
1.3816	.756062	.000000
1.38197	.756193	.000000
1.38234	.756421	.000000
1.38271	.756659	.000000
1.38308	.756829	.000000
1.38345	.756935	.000000
1.38382	.757168	.000000
1.38419	.757515	.000000
1.38455	.757726	.000000
1.38492	.757887	.000000
1.38529	.758064	.000000
1.38566	.758239	.000000
1.38604	.758438	.000000
1.38641	.758714	.000000
1.38678	.759014	.000000
1.38715	.759225	.000000
1.38752	.759279	.000000
1.38789	.759322	.000000
1.38826	.759609	.000000
1.38863	.759878	.000000
1.38901	.760044	.000000
1.38938	.760247	.000000
1.38975	.760404	.000000
1.39012	.760615	.000000
1.3905	.760911	.000000
1.39087	.761077	.000000
1.39124	.761193	.000000
1.39162	.761429	.000000
1.39199	.761671	.000000
1.39236	.761861	.000000
1.39274	.762054	.000000
1.39311	.762209	.000000
1.39349	.762440	.000000
1.39386	.762740	.000000
1.39423	.762977	.000000
1.39461	.763099	.000000
1.39499	.763237	.000000
1.39536	.763450	.000000
1.39574	.763619	.000000
1.39611	.763708	.000000
1.39649	.763894	.000000
1.39686	.764230	.000000
1.39724	.764459	.000000
1.39762	.764609	.000000
1.39799	.764836	.000000
1.39837	.765098	.000000
1.39875	.765268	.000000
1.39913	.765425	.000000
1.3995	.765611	.000000
1.39988	.765835	.000000
1.40026	.766073	.000000
1.40064	.766261	.000000
1.40102	.766432	.000000
1.4014	.766642	.000000
1.40177	.766866	.000000
1.40215	.767070	.000000
1.40253	.767254	.000000
1.40291	.767395	.000000
1.40329	.767566	.000000
1.40367	.767803	.000000
1.40405	.767981	.000000
1.40443	.768184	.000000
1.40481	.768328	.000000
1.40519	.768572	.000000
1.40557	.768900	.000000
1.40596	.769086	.000000
1.40634	.769209	.000000
1.40672	.769372	.000000
1.4071	.769595	.000000
1.40748	.769780	.000000
1.40786	.770029	.000000
1.40825	.770307	.000000
1.40863	.770388	.000000
1.40901	.770567	.000000
1.40939	.770803	.000000
1.40978	.771089	.000000
1.41016	.771330	.000000
1.41055	.771432	.000000
1.41093	.771632	.000000
1.41131	.771903	.000000
1.4117	.772017	.000000
1.41208	.772159	.000000
1.41247	.772482	.000000
1.41285	.772704	.000000
1.41324	.772820	.000000
1.41362	.772973	.000000
1.41401	.773118	.000000
1.41439	.773362	.000000
1.41478	.773708	.000000
1.41517	.774021	.000000
1.41555	.774201	.000000
1.41594	.774333	.000000
1.41632	.774476	.000000
1.41671	.774602	.000000
1.4171	.774781	.000000
1.41749	.775021	.000000
1.41787	.775221	.000000
1.41826	.775420	.000000
1.41865	.775664	.000000
1.41904	.775830	.000000
1.41943	.776066	.000000
1.41982	.776279	.000000
1.4202	.776474	.000000
1.42059	.776628	.000000
1.42098	.776797	.000000
1.42137	.777009	.000000
1.42176	.777233	.000000
1.42215	.777417	.000000
1.42254	.777583	.000000
1.42293	.777762	.000000
1.42332	.777994	.000000
1.42371	.778264	.000000
1.42411	.778533	.000000
1.4245	.778724	.000000
1.42489	.778923	.000000
1.42528	.779125	.000000
1.42567	.779314	.000000
1.42606	.779446	.000000
1.42646	.779574	.000000
1.42685	.779843	.000000
1.42724	.780107	.000000
1.42763	.780313	.000000
1.42803	.780524	.000000
1.42842	.780692	.000000
1.42881	.780918	.000000
1.42921	.781109	.000000
1.4296	.781201	.000000
1.43	.781425	.000000
1.43039	.781692	.000000
1.43079	.781927	.000000
1.43118	.782122	.000000
1.43158	.782230	.000000
1.43197	.782407	.000000
1.43237	.782658	.000000
1.43276	.782932	.000000
1.43316	.783238	.000000
1.43356	.783411	.000000
1.43395	.783545	.000000
1.43435	.783727	.000000
1.43475	.783963	.000000
1.43514	.784153	.000000
1.43554	.784375	.000000
1.43594	.784574	.000000
1.43634	.784705	.000000
1.43673	.784983	.000000
1.43713	.785256	.000000
1.43753	.785424	.000000
1.43793	.785541	.000000
1.43833	.785679	.000000
1.43873	.785910	.000000
1.43913	.786110	.000000
1.43953	.786298	.000000
1.43993	.786507	.000000
1.44033	.786715	.000000
1.44073	.786905	.000000
1.44113	.787103	.000000
1.44153	.787327	.000000
1.44193	.787551	.000000
1.44233	.787755	.000000
1.44273	.787923	.000000
1.44313	.788120	.000000
1.44353	.788356	.000000
1.44394	.788553	.000000
1.44434	.788759	.000000
1.44474	.788966	.000000
1.44514	.789134	.000000
1.44555	.789268	.000000
1.44595	.789443	.000000
1.44635	.789672	.000000
1.44676	.789844	.000000
1.44716	.789997	.000000
1.44756	.790216	.000000
1.44797	.790416	.000000
1.44837	.790640	.000000
1.44878	.790859	.000000
1.44918	.791043	.000000
1.44959	.791276	.000000
1.44999	.791447	.000000
1.4504	.791601	.000000
1.4508	.791839	.000000
1.45121	.792025	.000000
1.45162	.792186	.000000
1.45202	.792355	.000000
1.45243	.792554	.000000
1.45284	.792736	.000000
1.45324	.792949	.000000
1.45365	.793151	.000000
1.45406	.793393	.000000
1.45447	.793574	.000000
1.45488	.793718	.000000
1.45528	.793874	.000000
1.45569	.794119	.000000
1.4561	.794386	.000000
1.45651	.794589	.000000
1.45692	.794796	.000000
1.45733	.794977	.000000
1.45774	.795100	.000000
1.45815	.795222	.000000
1.45856	.795448	.000000
1.45897	.795744	.000000
1.45938	.795934	.000000
1.45979	.796078	.000000
1.4602	.796251	.000000
1.46061	.796474	.000000
1.46102	.796656	.000000
1.46144	.796793	.000000
1.46185	.796992	.000000
1.46226	.797172	.000000
1.46267	.797402	.000000
1.46309	.797642	.000000
1.4635	.797829	.000000
1.46391	.798044	.000000
1.46433	.798284	.000000
1.46474	.798487	.000000
1.46515	.798591	.000000
1.46557	.798721	.000000
1.46598	.798963	.000000
1.4664	.799212	.000000
1.46681	.799407	.000000
1.46723	.799575	.000000
1.46764	.799738	.000000
1.46806	.799929	.000000
1.46847	.800166	.000000
1.46889	.800372	.000000
1.46931	.800554	.000000
1.46972	.800718	.000000
1.47014	.800883	.000000
1.47056	.801087	.000000
1.47097	.801323	.000000
1.47139	.801513	.000000
1.47181	.801688	.000000
1.47223	.801883	.000000
1.47264	.802042	.000000
1.47306	.802195	.000000
1.47348	.802401	.000000
1.4739	.802628	.000000
1.47432	.802852	.000000
1.47474	.803009	.000000
1.47516	.803112	.000000
1.47558	.803324	.000000
1.476	.803569	.000000
1.47642	.803824	.000000
1.47684	.804080	.000000
1.47726	.804224	.000000
1.47768	.804308	.000000
1.4781	.804450	.000000
1.47852	.804665	.000000
1.47894	.804945	.000000
1.47937	.805156	.000000
1.47979	.805293	.000000
1.48021	.805414	.000000
1.48063	.805616	.000000
1.48106	.805842	.000000
1.48148	.806043	.000000
1.4819	.806236	.000000
1.48233	.806429	.000000
1.48275	.806629	.000000
1.48318	.806815	.000000
1.4836	.806972	.000000
1.48402	.807066	.000000
1.48445	.807261	.000000
1.48487	.807500	.000000
1.4853	.807619	.000000
1.48573	.807816	.000000
1.48615	.808003	.000000
1.48658	.808050	.000000
1.487	.808160	.000000
1.48743	.808364	.000000
1.48786	.808601	.000000
1.48828	.808825	.000000
1.48871	.809032	.000000
1.48914	.809211	.000000
1.48957	.809392	.000000
1.49	.809551	.000000
1.49042	.809776	.000000
1.49085	.810002	.000000
1.49128	.810159	.000000
1.49171	.810314	.000000
1.49214	.810538	.000000
1.49257	.810712	.000000
1.493	.810888	.000000
1.49343	.811096	.000000
1.49386	.811248	.000000
1.49429	.811461	.000000
1.49472	.811705	.000000
1.49515	.811894	.000000
1.49558	.812013	.000000
1.49601	.812105	.000000
1.49645	.812277	.000000
1.49688	.812430	.000000
1.49731	.812564	.000000
1.49774	.812829	.000000
1.49818	.813044	.000000
1.49861	.813216	.000000
1.49904	.813344	.000000
1.49948	.813524	.000000
1.49991	.813691	.000000
1.50034	.813853	.000000
1.50078	.813988	.000000
1.50121	.814124	.000000
1.50165	.814362	.000000
1.50208	.814559	.000000
1.50252	.814722	.000000
1.50295	.814904	.000000
1.50339	.815084	.000000
1.50382	.815191	.000000
1.50426	.815361	.000000
1.5047	.815556	.000000
1.50513	.815830	.000000
1.50557	.816032	.000000
1.50601	.816146	.000000
1.50645	.816301	.000000
1.50688	.816444	.000000
1.50732	.816648	.000000
1.50776	.816836	.000000
1.5082	.816939	.000000
1.50864	.817078	.000000
1.50908	.817191	.000000
1.50952	.817376	.000000
1.50996	.817598	.000000
1.5104	.817823	.000000
1.51084	.818002	.000000
1.51128	.818132	.000000
1.51172	.818287	.000000
1.51216	.818443	.000000
1.5126	.818616	.000000
1.51304	.818768	.000000
1.51348	.818905	.000000
1.51392	.819002	.000000
1.51437	.819185	.000000
1.51481	.819340	.000000
1.51525	.819522	.000000
1.51569	.819739	.000000
1.51614	.819919	.000000
1.51658	.820073	.000000
1.51702	.820214	.000000
1.51747	.820311	.000000
1.51791	.820470	.000000
1.51836	.820656	.000000
1.5188	.820828	.000000
1.51925	.821019	.000000
1.51969	.821209	.000000
1.52014	.821386	.000000
1.52058	.821555	.000000
1.52103	.821687	.000000
1.52148	.821821	.000000
1.52192	.822014	.000000
1.52237	.822160	.000000
1.52282	.822310	.000000
1.52326	.822500	.000000
1.52371	.822667	.000000
1.52416	.822821	.000000
1.52461	.823012	.000000
1.52506	.823189	.000000
1.52551	.823337	.000000
1.52595	.823494	.000000
1.5264	.823657	.000000
1.52685	.823823	.000000
1.5273	.823893	.000000
1.52775	.824036	.000000
1.5282	.824206	.000000
1.52865	.824350	.000000
1.5291	.824543	.000000
1.52956	.824738	.000000
1.53001	.824811	.000000
1.53046	.824903	.000000
1.53091	.825025	.000000
1.53136	.825143	.000000
1.53182	.825303	.000000
1.53227	.825522	.000000
1.53272	.825695	.000000
1.53317	.825809	.000000
1.53363	.825953	.000000
1.53408	.826125	.000000
1.53454	.826307	.000000
1.53499	.826423	.000000
1.53544	.826520	.000000
1.5359	.826668	.000000
1.53635	.826798	.000000
1.53681	.826954	.000000
1.53727	.827176	.000000
1.53772	.827367	.000000
1.53818	.827457	.000000
1.53863	.827544	.000000
1.53909	.827678	.000000
1.53955	.827833	.000000
1.54	.828024	.000000
1.54046	.828165	.000000
1.54092	.828284	.000000
1.54138	.828421	.000000
1.54184	.828553	.000000
1.5423	.828701	.000000
1.54275	.828831	.000000
1.54321	.829010	.000000
1.54367	.829127	.000000
1.54413	.829266	.000000
1.54459	.829418	.000000
1.54505	.829508	.000000
1.54551	.829689	.000000
1.54597	.829855	.000000
1.54644	.829972	.000000
1.5469	.830057	.000000
1.54736	.830231	.000000
1.54782	.830438	.000000
1.54828	.830566	.000000
1.54875	.830702	.000000
1.54921	.830866	.000000
1.54967	.830915	.000000
1.55013	.830964	.000000
1.5506	.831095	.000000
1.55106	.831326	.000000
1.55153	.831543	.000000
1.55199	.831655	.000000
1.55245	.831816	.000000
1.55292	.831975	.000000
1.55339	.832065	.000000
1.55385	.832135	.000000
1.55432	.832213	.000000
1.55478	.832446	.000000
1.55525	.832652	.000000
1.55572	.832722	.000000
1.55618	.832798	.000000
1.55665	.832892	.000000
1.55712	.833054	.000000
1.55759	.833244	.000000
1.55805	.833349	.000000
1.55852	.833466	.000000
1.55899	.833634	.000000
1.55946	.833787	.000000
1.55993	.833908	.000000
1.5604	.834031	.000000
1.56087	.834120	.000000
1.56134	.834212	.000000
1.56181	.834376	.000000
1.56228	.834558	.000000
1.56275	.834668	.000000
1.56322	.834865	.000000
1.56369	.835109	.000000
1.56416	.835210	.000000
1.56464	.835237	.000000
1.56511	.835315	.000000
1.56558	.835401	.000000
1.56605	.835578	.000000
1.56653	.835696	.000000
1.567	.835734	.000000
1.56747	.835860	.000000
1.56795	.836097	.000000
1.56842	.836259	.000000
1.5689	.836351	.000000
1.56937	.836474	.000000
1.56985	.836604	.000000
1.57032	.836701	.000000
1.5708	.836777	.000000
1.57127	.836877	.000000
1.57175	.837032	.000000
1.57223	.837173	.000000
1.5727	.837214	.000000
1.57318	.837238	.000000
1.57366	.837384	.000000
1.57414	.837559	.000000
1.57461	.837731	.000000
1.57509	.837888	.000000
1.57557	.837974	.000000
1.57605	.838099	.000000
1.57653	.838269	.000000
1.57701	.838364	.000000
1.57749	.838417	.000000
1.57797	.838492	.000000
1.57845	.838671	.000000
1.57893	.838772	.000000
1.57941	.838855	.000000
1.57989	.838991	.000000
1.58037	.839202	.000000
1.58086	.839336	.000000
1.58134	.839366	.000000
1.58182	.839460	.000000
1.5823	.839603	.000000
1.58279	.839718	.000000
1.58327	.839818	.000000
1.58375	.839922	.000000
1.58424	.840056	.000000
1.58472	.840087	.000000
1.58521	.840173	.000000
1.58569	.840291	.000000
1.58618	.840321	.000000
1.58666	.840399	.000000
1.58715	.840581	.000000
1.58763	.840780	.000000
1.58812	.840905	.000000
1.58861	.840977	.000000
1.58909	.841013	.000000
1.58958	.841040	.000000
1.59007	.841220	.000000
1.59055	.841401	.000000
1.59104	.841430	.000000
1.59153	.841545	.000000
1.59202	.841731	.000000
1.59251	.841849	.000000
1.593	.841851	.000000
1.59349	.841921	.000000
1.59398	.842078	.000000
1.59447	.842194	.000000
1.59496	.842266	.000000
1.59545	.842347	.000000
1.59594	.842428	.000000
1.59643	.842499	.000000
1.59692	.842632	.000000
1.59742	.842827	.000000
1.59791	.842903	.000000
1.5984	.842901	.000000
1.59889	.843017	.000000
1.59939	.843136	.000000
1.59988	.843232	.000000
1.60037	.843407	.000000
1.60087	.843560	.000000
1.60136	.843613	.000000
1.60186	.843636	.000000
1.60235	.843721	.000000
1.60285	.843903	.000000
1.60334	.844028	.000000
1.60384	.844126	.000000
1.60434	.844181	.000000
1.60483	.844210	.000000
1.60533	.844311	.000000
1.60583	.844393	.000000
1.60632	.844470	.000000
1.60682	.844584	.000000
1.60732	.844685	.000000
1.60782	.844777	.000000
1.60832	.844889	.000000
1.60882	.844985	.000000
1.60932	.845082	.000000
1.60981	.845203	.000000
1.61031	.845342	.000000
1.61082	.845434	.000000
1.61132	.845454	.000000
1.61182	.845472	.000000
1.61232	.845613	.000000
1.61282	.845729	.000000
1.61332	.845788	.000000
1.61382	.845833	.000000
1.61433	.845963	.000000
1.61483	.846077	.000000
1.61533	.846157	.000000
1.61584	.846252	.000000
1.61634	.846328	.000000
1.61684	.846465	.000000
1.61735	.846554	.000000
1.61785	.846641	.000000
1.61836	.846731	.000000
1.61886	.846803	.000000
1.61937	.846910	.000000
1.61987	.846937	.000000
1.62038	.846969	.000000
1.62089	.847090	.000000
1.62139	.847224	.000000
1.6219	.847292	.000000
1.62241	.847305	.000000
1.62292	.847417	.000000
1.62342	.847538	.000000
1.62393	.847603	.000000
1.62444	.847664	.000000
1.62495	.847706	.000000
1.62546	.847773	.000000
1.62597	.847917	.000000
1.62648	.848045	.000000
1.62699	.848105	.000000
1.6275	.848134	.000000
1.62801	.848143	.000000
1.62852	.848258	.000000
1.62904	.848412	.000000
1.62955	.848475	.000000
1.63006	.848525	.000000
1.63057	.848571	.000000
1.63109	.848627	.000000
1.6316	.848724	.000000
1.63211	.848791	.000000
1.63263	.848816	.000000
1.63314	.848894	.000000
1.63365	.849022	.000000
1.63417	.849147	.000000
1.63468	.849260	.000000
1.6352	.849325	.000000
1.63572	.849405	.000000
1.63623	.849407	.000000
1.63675	.849481	.000000
1.63727	.849537	.000000
1.63778	.849574	.000000
1.6383	.849750	.000000
1.63882	.849878	.000000
1.63934	.849860	.000000
1.63985	.849890	.000000
1.64037	.849970	.000000
1.64089	.850013	.000000
1.64141	.850062	.000000
1.64193	.850120	.000000
1.64245	.850246	.000000
1.64297	.850403	.000000
1.64349	.850504	.000000
1.64401	.850533	.000000
1.64454	.850578	.000000
1.64506	.850665	.000000
1.64558	.850741	.000000
1.6461	.850770	.000000
1.64663	.850864	.000000
1.64715	.850943	.000000
1.64767	.851046	.000000
1.6482	.851105	.000000
1.64872	.851149	.000000
1.64924	.851172	.000000
1.64977	.851232	.000000
1.65029	.851284	.000000
1.65082	.851300	.000000
1.65135	.851389	.000000
1.65187	.851492	.000000
1.6524	.851550	.000000
1.65292	.851568	.000000
1.65345	.851625	.000000
1.65398	.851754	.000000
1.65451	.851855	.000000
1.65504	.851911	.000000
1.65556	.851950	.000000
1.65609	.852006	.000000
1.65662	.852080	.000000
1.65715	.852147	.000000
1.65768	.852140	.000000
1.65821	.852216	.000000
1.65874	.852284	.000000
1.65927	.852324	.000000
1.6598	.852451	.000000
1.66034	.852564	.000000
1.66087	.852544	.000000
1.6614	.852577	.000000
1.66193	.852611	.000000
1.66246	.852691	.000000
1.663	.852871	.000000
1.66353	.852951	.000000
1.66407	.852907	.000000
1.6646	.852884	.000000
1.66513	.852994	.000000
1.66567	.853153	.000000
1.6662	.853173	.000000
1.66674	.853167	.000000
1.66728	.853238	.000000
1.66781	.853301	.000000
1.66835	.853375	.000000
1.66889	.853440	.000000
1.66942	.853467	.000000
1.66996	.853485	.000000
1.6705	.853496	.000000
1.67104	.853530	.000000
1.67158	.853637	.000000
1.67212	.853756	.000000
1.67265	.853816	.000000
1.67319	.853877	.000000
1.67373	.853917	.000000
1.67428	.854003	.000000
1.67482	.854059	.000000
1.67536	.854124	.000000
1.6759	.854220	.000000
1.67644	.854270	.000000
1.67698	.854308	.000000
1.67753	.854393	.000000
1.67807	.854438	.000000
1.67861	.854451	.000000
1.67916	.854453	.000000
1.6797	.854494	.000000
1.68024	.854527	.000000
1.68079	.854617	.000000
1.68133	.854765	.000000
1.68188	.854854	.000000
1.68242	.854854	.000000
1.68297	.854859	.000000
1.68352	.854920	.000000
1.68406	.854971	.000000
1.68461	.854998	.000000
1.68516	.855022	.000000
1.68571	.855094	.000000
1.68625	.855157	.000000
1.6868	.855189	.000000
1.68735	.855244	.000000
1.6879	.855325	.000000
1.68845	.855410	.000000
1.689	.855421	.000000
1.68955	.855415	.000000
1.6901	.855520	.000000
1.69065	.855607	.000000
1.6912	.855657	.000000
1.69176	.855695	.000000
1.69231	.855717	.000000
1.69286	.855753	.000000
1.69341	.855816	.000000
1.69397	.855845	.000000
1.69452	.855857	.000000
1.69508	.855857	.000000
1.69563	.855960	.000000
1.69618	.856058	.000000
1.69674	.856038	.000000
1.69729	.856112	.000000
1.69785	.856201	.000000
1.69841	.856233	.000000
1.69896	.856253	.000000
1.69952	.856293	.000000
1.70008	.856316	.000000
1.70064	.856314	.000000
1.70119	.856347	.000000
1.70175	.856453	.000000
1.70231	.856511	.000000
1.70287	.856518	.000000
1.70343	.856535	.000000
1.70399	.856581	.000000
1.70455	.856625	.000000
1.70511	.856657	.000000
1.70567	.856701	.000000
1.70623	.856722	.000000
1.70679	.856751	.000000
1.70736	.856836	.000000
1.70792	.856928	.000000
1.70848	.856946	.000000
1.70904	.856971	.000000
1.70961	.857006	.000000
1.71017	.857045	.000000
1.71074	.857110	.000000
1.7113	.857139	.000000
1.71187	.857166	.000000
1.71243	.857170	.000000
1.713	.857219	.000000
1.71356	.857278	.000000
1.71413	.857251	.000000
1.7147	.857248	.000000
1.71526	.857307	.000000
1.71583	.857390	.000000
1.7164	.857454	.000000
1.71697	.857461	.000000
1.71754	.857499	.000000
1.7181	.857558	.000000
1.71867	.857616	.000000
1.71924	.857681	.000000
1.71981	.857714	.000000
1.72039	.857701	.000000
1.72096	.857677	.000000
1.72153	.857677	.000000
1.7221	.857685	.000000
1.72267	.857750	.000000
1.72324	.857771	.000000
1.72382	.857818	.000000
1.72439	.857905	.000000
1.72496	.857941	.000000
1.72554	.857990	.000000
1.72611	.857959	.000000
1.72669	.858004	.000000
1.72726	.858165	.000000
1.72784	.858228	.000000
1.72841	.858176	.000000
1.72899	.858181	.000000
1.72957	.858257	.000000
1.73014	.858320	.000000
1.73072	.858378	.000000
1.7313	.858385	.000000
1.73188	.858358	.000000
1.73246	.858392	.000000
1.73304	.858454	.000000
1.73362	.858430	.000000
1.7342	.858447	.000000
1.73478	.858521	.000000
1.73536	.858575	.000000
1.73594	.858652	.000000
1.73652	.858730	.000000
1.7371	.858752	.000000
1.73768	.858705	.000000
1.73827	.858701	.000000
1.73885	.858781	.000000
1.73943	.858847	.000000
1.74002	.858909	.000000
1.7406	.858903	.000000
1.74118	.858925	.000000
1.74177	.858965	.000000
1.74235	.858990	.000000
1.74294	.859055	.000000
1.74353	.859109	.000000
1.74411	.859138	.000000
1.7447	.859174	.000000
1.74529	.859180	.000000
1.74588	.859189	.000000
1.74646	.859208	.000000
1.74705	.859196	.000000
1.74764	.859254	.000000
1.74823	.859396	.000000
1.74882	.859398	.000000
1.74941	.859387	.000000
1.75	.859476	.000000
1.75059	.859477	.000000
1.75118	.859476	.000000
1.75177	.859552	.000000
1.75237	.859523	.000000
1.75296	.859494	.000000
1.75355	.859544	.000000
1.75414	.859589	.000000
1.75474	.859618	.000000
1.75533	.859691	.000000
1.75593	.859687	.000000
1.75652	.859676	.000000
1.75712	.859683	.000000
1.75771	.859730	.000000
1.75831	.859761	.000000
1.75891	.859806	.000000
1.7595	.859822	.000000
1.7601	.859866	.000000
1.7607	.859934	.000000
1.7613	.859941	.000000
1.76189	.859956	.000000
1.76249	.860032	.000000
1.76309	.860077	.000000
1.76369	.860070	.000000
1.76429	.860062	.000000
1.76489	.860061	.000000
1.76549	.860075	.000000
1.76609	.860138	.000000
1.7667	.860162	.000000
1.7673	.860200	.000000
1.7679	.860211	.000000
1.7685	.860216	.000000
1.76911	.860232	.000000
1.76971	.860272	.000000
1.77032	.860281	.000000
1.77092	.860281	.000000
1.77153	.860306	.000000
1.77213	.860378	.000000
1.77274	.860433	.000000
1.77334	.860411	.000000
1.77395	.860422	.000000
1.77456	.860530	.000000
1.77516	.860590	.000000
1.77577	.860600	.000000
1.77638	.860588	.000000
1.77699	.860564	.000000
1.7776	.860564	.000000
1.77821	.860611	.000000
1.77882	.860703	.000000
1.77943	.860729	.000000
1.78004	.860734	.000000
1.78065	.860743	.000000
1.78126	.860752	.000000
1.78188	.860754	.000000
1.78249	.860797	.000000
1.7831	.860909	.000000
1.78371	.860971	.000000
1.78433	.860918	.000000
1.78494	.860974	.000000
1.78556	.861088	.000000
1.78617	.861093	.000000
1.78679	.861063	.000000
1.7874	.861088	.000000
1.78802	.861140	.000000
1.78864	.861182	.000000
1.78925	.861178	.000000
1.78987	.861144	.000000
1.79049	.861178	.000000
1.79111	.861250	.000000
1.79173	.861301	.000000
1.79235	.861361	.000000
1.79297	.861350	.000000
1.79359	.861269	.000000
1.79421	.861306	.000000
1.79483	.861334	.000000
1.79545	.861315	.000000
1.79607	.861301	.000000
1.79669	.861343	.000000
1.79732	.861375	.000000
1.79794	.861384	.000000
1.79856	.861420	.000000
1.79919	.861453	.000000
1.79981	.861482	.000000
1.80044	.861449	.000000
1.80106	.861417	.000000
1.80169	.861469	.000000
1.80232	.861483	.000000
1.80294	.861474	.000000
1.80357	.861556	.000000
1.8042	.861662	.000000
1.80483	.861687	.000000
1.80545	.861686	.000000
1.80608	.861695	.000000
1.80671	.861686	.000000
1.80734	.861700	.000000
1.80797	.861738	.000000
1.8086	.861821	.000000
1.80923	.861839	.000000
1.80987	.861754	.000000
1.8105	.861729	.000000
1.81113	.861801	.000000
1.81176	.861900	.000000
1.8124	.861906	.000000
1.81303	.861909	.000000
1.81366	.861893	.000000
1.8143	.861933	.000000
1.81493	.861969	.000000
1.81557	.861931	.000000
1.81621	.861940	.000000
1.81684	.861989	.000000
1.81748	.861976	.000000
1.81812	.861973	.000000
1.81875	.862058	.000000
1.81939	.862074	.000000
1.82003	.862061	.000000
1.82067	.862113	.000000
1.82131	.862117	.000000
1.82195	.862124	.000000
1.82259	.862148	.000000
1.82323	.862092	.000000
1.82387	.862097	.000000
1.82451	.862132	.000000
1.82516	.862159	.000000
1.8258	.862155	.000000
1.82644	.862177	.000000
1.82709	.862242	.000000
1.82773	.862278	.000000
1.82837	.862260	.000000
1.82902	.862243	.000000
1.82966	.862251	.000000
1.83031	.862294	.000000
1.83096	.862292	.000000
1.8316	.862285	.000000
1.83225	.862316	.000000
1.8329	.862345	.000000
1.83355	.862377	.000000
1.8342	.862399	.000000
1.83484	.862372	.000000
1.83549	.862373	.000000
1.83614	.862384	.000000
1.83679	.862401	.000000
1.83745	.862458	.000000
1.8381	.862460	.000000
1.83875	.862420	.000000
1.8394	.862395	.000000
1.84005	.862460	.000000
1.84071	.862525	.000000
1.84136	.862518	.000000
1.84201	.862567	.000000
1.84267	.862603	.000000
1.84332	.862572	.000000
1.84398	.862574	.000000
1.84464	.862630	.000000
1.84529	.862641	.000000
1.84595	.862619	.000000
1.84661	.862610	.000000
1.84727	.862675	.000000
1.84792	.862720	.000000
1.84858	.862679	.000000
1.84924	.862727	.000000
1.8499	.862767	.000000
1.85056	.862783	.000000
1.85122	.862865	.000000
1.85188	.862893	.000000
1.85255	.862857	.000000
1.85321	.862828	.000000
1.85387	.862845	.000000
1.85453	.862917	.000000
1.8552	.862911	.000000
1.85586	.862888	.000000
1.85653	.862883	.000000
1.85719	.862917	.000000
1.85786	.862910	.000000
1.85852	.862949	.000000
1.85919	.862953	.000000
1.85986	.862980	.000000
1.86052	.863036	.000000
1.86119	.863009	.000000
1.86186	.863041	.000000
1.86253	.863040	.000000
1.8632	.863045	.000000
1.86387	.863110	.000000
1.86454	.863135	.000000
1.86521	.863092	.000000
1.86588	.863072	.000000
1.86655	.863079	.000000
1.86722	.863108	.000000
1.8679	.863123	.000000
1.86857	.863134	.000000
1.86924	.863152	.000000
1.86992	.863197	.000000
1.87059	.863184	.000000
1.87127	.863215	.000000
1.87194	.863244	.000000
1.87262	.863148	.000000
1.8733	.863161	.000000
1.87397	.863246	.000000
1.87465	.863236	.000000
1.87533	.863227	.000000
1.87601	.863220	.000000
1.87669	.863200	.000000
1.87736	.863244	.000000
1.87804	.863255	.000000
1.87873	.863276	.000000
1.87941	.863285	.000000
1.88009	.863292	.000000
1.88077	.863242	.000000
1.88145	.863182	.000000
1.88214	.863213	.000000
1.88282	.863236	.000000
1.8835	.863294	.000000
1.88419	.863320	.000000
1.88487	.863296	.000000
1.88556	.863226	.000000
1.88624	.863247	.000000
1.88693	.863276	.000000
1.88762	.863258	.000000
1.8883	.863238	.000000
1.88899	.863226	.000000
1.88968	.863177	.000000
1.89037	.863186	.000000
1.89106	.863246	.000000
1.89175	.863240	.000000
1.89244	.863208	.000000
1.89313	.863166	.000000
1.89382	.863117	.000000
1.89451	.863190	.000000
1.89521	.863173	.000000
1.8959	.863135	.000000
1.89659	.863119	.000000
1.89729	.863135	.000000
1.89798	.863168	.000000
1.89868	.863186	.000000
1.89937	.863191	.000000
1.90007	.863143	.000000
1.90077	.863101	.000000
1.90146	.863088	.000000
1.90216	.863099	.000000
1.90286	.863199	.000000
1.90356	.863244	.000000
1.90426	.863202	.000000
1.90496	.863134	.000000
1.90566	.863106	.000000
1.90636	.863088	.000000
1.90706	.863139	.000000
1.90776	.863186	.000000
1.90846	.863188	.000000
1.90916	.863206	.000000
1.90987	.863181	.000000
1.91057	.863130	.000000
1.91128	.863153	.000000
1.91198	.863182	.000000
1.91269	.863152	.000000
1.91339	.863182	.000000
1.9141	.863246	.000000
1.9148	.863240	.000000
1.91551	.863202	.000000
1.91622	.863199	.000000
1.91693	.863215	.000000
1.91764	.863236	.000000
1.91835	.863246	.000000
1.91906	.863222	.000000
1.91977	.863215	.000000
1.92048	.863291	.000000
1.92119	.863339	.000000
1.9219	.863312	.000000
1.92261	.863303	.000000
1.92333	.863260	.000000
1.92404	.863202	.000000
1.92476	.863273	.000000
1.92547	.863347	.000000
1.92619	.863374	.000000
1.9269	.863410	.000000
1.92762	.863437	.000000
1.92834	.863453	.000000
1.92905	.863437	.000000
1.92977	.863392	.000000
1.93049	.863426	.000000
1.93121	.863460	.000000
1.93193	.863422	.000000
1.93265	.863433	.000000
1.93337	.863493	.000000
1.93409	.863561	.000000
1.93481	.863531	.000000
1.93553	.863534	.000000
1.93626	.863612	.000000
1.93698	.863646	.000000
1.9377	.863663	.000000
1.93843	.863666	.000000
1.93915	.863635	.000000
1.93988	.863650	.000000
1.94061	.863679	.000000
1.94133	.863691	.000000
1.94206	.863702	.000000
1.94279	.863738	.000000
1.94351	.863767	.000000
1.94424	.863776	.000000
1.94497	.863803	.000000
1.9457	.863811	.000000
1.94643	.863836	.000000
1.94716	.863850	.000000
1.9479	.863901	.000000
1.94863	.863917	.000000
1.94936	.863908	.000000
1.95009	.863899	.000000
1.95083	.863932	.000000
1.95156	.864004	.000000
1.9523	.864015	.000000
1.95303	.863973	.000000
1.95377	.863984	.000000
1.9545	.863991	.000000
1.95524	.864004	.000000
1.95598	.864038	.000000
1.95672	.864065	.000000
1.95746	.864112	.000000
1.9582	.864152	.000000
1.95894	.864132	.000000
1.95968	.864132	.000000
1.96042	.864179	.000000
1.96116	.864202	.000000
1.9619	.864219	.000000
1.96264	.864228	.000000
1.96339	.864204	.000000
1.96413	.864244	.000000
1.96487	.864318	.000000
1.96562	.864332	.000000
1.96636	.864273	.000000
1.96711	.864287	.000000
1.96786	.864376	.000000
1.9686	.864374	.000000
1.96935	.864332	.000000
1.9701	.864379	.000000
1.97085	.864415	.000000
1.9716	.864452	.000000
1.97235	.864437	.000000
1.9731	.864408	.000000
1.97385	.864415	.000000
1.9746	.864482	.000000
1.97535	.864531	.000000
1.97611	.864468	.000000
1.97686	.864405	.000000
1.97761	.864432	.000000
1.97837	.864506	.000000
1.97912	.864504	.000000
1.97988	.864457	.000000
1.98064	.864462	.000000
1.98139	.864520	.000000
1.98215	.864549	.000000
1.98291	.864607	.000000
1.98367	.864643	.000000
1.98443	.864618	.000000
1.98519	.864598	.000000
1.98595	.864647	.000000
1.98671	.864675	.000000
1.98747	.864672	.000000
1.98823	.864665	.000000
1.98899	.864679	.000000
1.98976	.864706	.000000
1.99052	.864688	.000000
1.99129	.864701	.000000
1.99205	.864701	.000000
1.99282	.864675	.000000
1.99358	.864703	.000000
1.99435	.864710	.000000
1.99512	.864735	.000000
1.99589	.864800	.000000
1.99665	.864852	.000000
1.99742	.864842	.000000
1.99819	.864823	.000000
1.99896	.864825	.000000
1.99973	.864825	.000000
2.00051	.864849	.000000
2.00128	.864861	.000000
2.00205	.864842	.000000
2.00282	.864908	.000000
2.0036	.864963	.000000
2.00437	.865009	.000000
2.00515	.865037	.000000
2.00592	.865028	.000000
2.0067	.865055	.000000
2.00748	.865085	.000000
2.00825	.865067	.000000
2.00903	.865087	.000000
2.00981	.865096	.000000
2.01059	.865103	.000000
2.01137	.865147	.000000
2.01215	.865177	.000000
2.01293	.865159	.000000
2.01371	.865170	.000000
2.0145	.865177	.000000
2.01528	.865201	.000000
2.01606	.865277	.000000
2.01685	.865315	.000000
2.01763	.865282	.000000
2.01842	.865259	.000000
2.0192	.865259	.000000
2.01999	.865262	.000000
2.02078	.865327	.000000
2.02157	.865369	.000000
2.02235	.865365	.000000
2.02314	.865324	.000000
2.02393	.865356	.000000
2.02472	.865419	.000000
2.02552	.865427	.000000
2.02631	.865448	.000000
2.0271	.865484	.000000
2.02789	.865506	.000000
2.02869	.865557	.000000
2.02948	.865602	.000000
2.03027	.865538	.000000
2.03107	.865515	.000000
2.03187	.865567	.000000
2.03266	.865602	.000000
2.03346	.865661	.000000
2.03426	.865705	.000000
2.03506	.865696	.000000
2.03585	.865681	.000000
2.03665	.865721	.000000
2.03745	.865771	.000000
2.03826	.865761	.000000
2.03906	.865719	.000000
2.03986	.865694	.000000
2.04066	.865788	.000000
2.04147	.865860	.000000
2.04227	.865831	.000000
2.04307	.865860	.000000
2.04388	.865903	.000000
2.04469	.865885	.000000
2.04549	.865849	.000000
2.0463	.865836	.000000
2.04711	.865845	.000000
2.04792	.865889	.000000
2.04873	.865927	.000000
2.04954	.865961	.000000
2.05035	.865975	.000000
2.05116	.865966	.000000
2.05197	.866031	.000000
2.05278	.866069	.000000
2.05359	.866024	.000000
2.05441	.866051	.000000
2.05522	.866095	.000000
2.05604	.866095	.000000
2.05685	.866098	.000000
2.05767	.866123	.000000
2.05849	.866151	.000000
2.0593	.866161	.000000
2.06012	.866161	.000000
2.06094	.866147	.000000
2.06176	.866145	.000000
2.06258	.866156	.000000
2.0634	.866179	.000000
2.06422	.866197	.000000
2.06505	.866279	.000000
2.06587	.866284	.000000
2.06669	.866234	.000000
2.06752	.866212	.000000
2.06834	.866214	.000000
2.06917	.866244	.000000
2.06999	.866239	.000000
2.07082	.866255	.000000
2.07165	.866295	.000000
2.07247	.866293	.000000
2.0733	.866279	.000000
2.07413	.866277	.000000
2.07496	.866286	.000000
2.07579	.866297	.000000
2.07662	.866347	.000000
2.07746	.866392	.000000
2.07829	.866414	.000000
2.07912	.866409	.000000
2.07996	.866436	.000000
2.08079	.866409	.000000
2.08163	.866353	.000000
2.08246	.866411	.000000
2.0833	.866457	.000000
2.08414	.866452	.000000
2.08498	.866486	.000000
2.08581	.866522	.000000
2.08665	.866485	.000000
2.08749	.866401	.000000
2.08833	.866371	.000000
2.08918	.866367	.000000
2.09002	.866429	.000000
2.09086	.866501	.000000
2.0917	.866524	.000000
2.09255	.866515	.000000
2.09339	.866569	.000000
2.09424	.866537	.000000
2.09508	.866456	.000000
2.09593	.866474	.000000
2.09678	.866537	.000000
2.09763	.866544	.000000
2.09848	.866533	.000000
2.09933	.866531	.000000
2.10018	.866577	.000000
2.10103	.866616	.000000
2.10188	.866643	.000000
2.10273	.866687	.000000
2.10359	.866735	.000000
2.10444	.866680	.000000
2.10529	.866625	.000000
2.10615	.866631	.000000
2.107	.866663	.000000
2.10786	.866663	.000000
2.10872	.866652	.000000
2.10958	.866710	.000000
2.11044	.866728	.000000
2.11129	.866680	.000000
2.11215	.866676	.000000
2.11302	.866712	.000000
2.11388	.866732	.000000
2.11474	.866730	.000000
2.1156	.866741	.000000
2.11647	.866755	.000000
2.11733	.866788	.000000
2.1182	.866770	.000000
2.11906	.866759	.000000
2.11993	.866824	.000000
2.12079	.866891	.000000
2.12166	.866862	.000000
2.12253	.866853	.000000
2.1234	.866905	.000000
2.12427	.866938	.000000
2.12514	.866902	.000000
2.12601	.866862	.000000
2.12688	.866875	.000000
2.12776	.866894	.000000
2.12863	.866902	.000000
2.1295	.866916	.000000
2.13038	.866929	.000000
2.13126	.866903	.000000
2.13213	.866912	.000000
2.13301	.866956	.000000
2.13389	.866976	.000000
2.13477	.866999	.000000
2.13564	.867008	.000000
2.13652	.867005	.000000
2.13741	.867008	.000000
2.13829	.866954	.000000
2.13917	.866934	.000000
2.14005	.866985	.000000
2.14094	.867064	.000000
2.14182	.867113	.000000
2.14271	.867059	.000000
2.14359	.867026	.000000
2.14448	.867064	.000000
2.14537	.867080	.000000
2.14625	.867035	.000000
2.14714	.867021	.000000
2.14803	.867100	.000000
2.14892	.867187	.000000
2.14981	.867239	.000000
2.15071	.867205	.000000
2.1516	.867165	.000000
2.15249	.867205	.000000
2.15339	.867272	.000000
2.15428	.867292	.000000
2.15518	.867263	.000000
2.15607	.867290	.000000
2.15697	.867329	.000000
2.15787	.867351	.000000
2.15876	.867310	.000000
2.15966	.867234	.000000
2.16056	.867218	.000000
2.16146	.867221	.000000
2.16237	.867275	.000000
2.16327	.867306	.000000
2.16417	.867275	.000000
2.16507	.867246	.000000
2.16598	.867297	.000000
2.16688	.867315	.000000
2.16779	.867301	.000000
2.1687	.867302	.000000
2.1696	.867292	.000000
2.17051	.867342	.000000
2.17142	.867349	.000000
2.17233	.867281	.000000
2.17324	.867252	.000000
2.17415	.867252	.000000
2.17507	.867246	.000000
2.17598	.867274	.000000
2.17689	.867297	.000000
2.17781	.867284	.000000
2.17872	.867263	.000000
2.17964	.867277	.000000
2.18055	.867324	.000000
2.18147	.867317	.000000
2.18239	.867283	.000000
2.18331	.867288	.000000
2.18423	.867355	.000000
2.18515	.867358	.000000
2.18607	.867362	.000000
2.18699	.867369	.000000
2.18792	.867425	.000000
2.18884	.867454	.000000
2.18976	.867441	.000000
2.19069	.867407	.000000
2.19161	.867382	.000000
2.19254	.867394	.000000
2.19347	.867416	.000000
2.1944	.867452	.000000
2.19533	.867447	.000000
2.19626	.867416	.000000
2.19719	.867422	.000000
2.19812	.867449	.000000
2.19905	.867454	.000000
2.19998	.867499	.000000
2.20092	.867568	.000000
2.20185	.867591	.000000
2.20279	.867524	.000000
2.20372	.867492	.000000
2.20466	.867564	.000000
2.2056	.867635	.000000
2.20654	.867615	.000000
2.20748	.867640	.000000
2.20842	.867698	.000000
2.20936	.867712	.000000
2.2103	.867739	.000000
2.21124	.867732	.000000
2.21219	.867736	.000000
2.21313	.867710	.000000
2.21408	.867692	.000000
2.21502	.867674	.000000
2.21597	.867642	.000000
2.21692	.867703	.000000
2.21786	.867759	.000000
2.21881	.867748	.000000
2.21976	.867747	.000000
2.22071	.867718	.000000
2.22167	.867687	.000000
2.22262	.867765	.000000
2.22357	.867775	.000000
2.22453	.867739	.000000
2.22548	.867750	.000000
2.22644	.867786	.000000
2.22739	.867743	.000000
2.22835	.867653	.000000
2.22931	.867653	.000000
2.23027	.867667	.000000
2.23123	.867649	.000000
2.23219	.867673	.000000
2.23315	.867647	.000000
2.23411	.867622	.000000
2.23507	.867662	.000000
2.23604	.867665	.000000
2.237	.867664	.000000
2.23797	.867660	.000000
2.23893	.867606	.000000
2.2399	.867582	.000000
2.24087	.867599	.000000
2.24184	.867588	.000000
2.24281	.867571	.000000
2.24378	.867539	.000000
2.24475	.867582	.000000
2.24572	.867564	.000000
2.2467	.867532	.000000
2.24767	.867496	.000000
2.24864	.867499	.000000
2.24962	.867454	.000000
2.2506	.867405	.000000
2.25157	.867409	.000000
2.25255	.867402	.000000
2.25353	.867387	.000000
2.25451	.867344	.000000
2.25549	.867250	.000000
2.25647	.867227	.000000
2.25746	.867275	.000000
2.25844	.867306	.000000
2.25942	.867274	.000000
2.26041	.867317	.000000
2.26139	.867301	.000000
2.26238	.867293	.000000
2.26337	.867274	.000000
2.26436	.867181	.000000
2.26535	.867151	.000000
2.26634	.867125	.000000
2.26733	.867095	.000000
2.26832	.867100	.000000
2.26931	.867135	.000000
2.27031	.867140	.000000
2.2713	.867140	.000000
2.2723	.867113	.000000
2.27329	.867093	.000000
2.27429	.867093	.000000
2.27529	.867057	.000000
2.27629	.867046	.000000
2.27729	.867046	.000000
2.27829	.867068	.000000
2.27929	.867048	.000000
2.28029	.867064	.000000
2.28129	.867149	.000000
2.2823	.867203	.000000
2.2833	.867172	.000000
2.28431	.867160	.000000
2.28532	.867192	.000000
2.28632	.867203	.000000
2.28733	.867203	.000000
2.28834	.867171	.000000
2.28935	.867167	.000000
2.29036	.867223	.000000
2.29138	.867254	.000000
2.29239	.867223	.000000
2.2934	.867185	.000000
2.29442	.867176	.000000
2.29543	.867145	.000000
2.29645	.867093	.000000
2.29747	.867124	.000000
2.29849	.867145	.000000
2.29951	.867185	.000000
2.30053	.867194	.000000
2.30155	.867167	.000000
2.30257	.867223	.000000
2.30359	.867216	.000000
2.30462	.867205	.000000
2.30564	.867236	.000000
2.30667	.867200	.000000
2.30769	.867111	.000000
2.30872	.867102	.000000
2.30975	.867187	.000000
2.31078	.867230	.000000
2.31181	.867245	.000000
2.31284	.867275	.000000
2.31387	.867283	.000000
2.31491	.867304	.000000
2.31594	.867223	.000000
2.31698	.867131	.000000
2.31801	.867120	.000000
2.31905	.867151	.000000
2.32009	.867237	.000000
2.32112	.867283	.000000
2.32216	.867283	.000000
2.3232	.867255	.000000
2.32425	.867230	.000000
2.32529	.867218	.000000
2.32633	.867165	.000000
2.32738	.867154	.000000
2.32842	.867142	.000000
2.32947	.867162	.000000
2.33051	.867234	.000000
2.33156	.867268	.000000
2.33261	.867259	.000000
2.33366	.867239	.000000
2.33471	.867223	.000000
2.33576	.867232	.000000
2.33682	.867257	.000000
2.33787	.867234	.000000
2.33893	.867216	.000000
2.33998	.867255	.000000
2.34104	.867252	.000000
2.34209	.867185	.000000
2.34315	.867156	.000000
2.34421	.867227	.000000
2.34527	.867257	.000000
2.34633	.867239	.000000
2.3474	.867190	.000000
2.34846	.867156	.000000
2.34952	.867185	.000000
2.35059	.867212	.000000
2.35166	.867212	.000000
2.35272	.867277	.000000
2.35379	.867250	.000000
2.35486	.867158	.000000
2.35593	.867160	.000000
2.357	.867209	.000000
2.35807	.867221	.000000
2.35915	.867243	.000000
2.36022	.867281	.000000
2.36129	.867268	.000000
2.36237	.867246	.000000
2.36345	.867219	.000000
2.36452	.867248	.000000
2.3656	.867241	.000000
2.36668	.867194	.000000
2.36776	.867142	.000000
2.36885	.867212	.000000
2.36993	.867310	.000000
2.37101	.867315	.000000
2.3721	.867306	.000000
2.37318	.867219	.000000
2.37427	.867171	.000000
2.37536	.867228	.000000
2.37645	.867279	.000000
2.37754	.867254	.000000
2.37863	.867252	.000000
2.37972	.867272	.000000
2.38081	.867281	.000000
2.38191	.867329	.000000
2.383	.867375	.000000
2.3841	.867414	.000000
2.38519	.867360	.000000
2.38629	.867304	.000000
2.38739	.867317	.000000
2.38849	.867331	.000000
2.38959	.867380	.000000
2.39069	.867400	.000000
2.39179	.867375	.000000
2.3929	.867418	.000000
2.394	.867483	.000000
2.39511	.867494	.000000
2.39622	.867479	.000000
2.39732	.867441	.000000
2.39843	.867414	.000000
2.39954	.867445	.000000
2.40065	.867496	.000000
2.40177	.867519	.000000
2.40288	.867524	.000000
2.40399	.867478	.000000
2.40511	.867461	.000000
2.40622	.867465	.000000
2.40734	.867459	.000000
2.40846	.867503	.000000
2.40958	.867505	.000000
2.4107	.867497	.000000
2.41182	.867555	.000000
2.41294	.867589	.000000
2.41407	.867631	.000000
2.41519	.867633	.000000
2.41632	.867647	.000000
2.41744	.867674	.000000
2.41857	.867673	.000000
2.4197	.867617	.000000
2.42083	.867589	.000000
2.42196	.867609	.000000
2.42309	.867629	.000000
2.42423	.867664	.000000
2.42536	.867673	.000000
2.42649	.867638	.000000
2.42763	.867588	.000000
2.42877	.867559	.000000
2.42991	.867593	.000000
2.43105	.867633	.000000
2.43219	.867638	.000000
2.43333	.867665	.000000
2.43447	.867669	.000000
2.43561	.867624	.000000
2.43676	.867584	.000000
2.4379	.867582	.000000
2.43905	.867613	.000000
2.4402	.867636	.000000
2.44135	.867680	.000000
2.4425	.867671	.000000
2.44365	.867622	.000000
2.4448	.867609	.000000
2.44595	.867597	.000000
2.44711	.867539	.000000
2.44826	.867543	.000000
2.44942	.867544	.000000
2.45058	.867503	.000000
2.45174	.867494	.000000
2.4529	.867505	.000000
2.45406	.867515	.000000
2.45522	.867501	.000000
2.45638	.867503	.000000
2.45755	.867478	.000000
2.45871	.867467	.000000
2.45988	.867492	.000000
2.46105	.867497	.000000
2.46221	.867519	.000000
2.46338	.867535	.000000
2.46455	.867501	.000000
2.46573	.867402	.000000
2.4669	.867378	.000000
2.46807	.867409	.000000
2.46925	.867445	.000000
2.47043	.867423	.000000
2.4716	.867384	.000000
2.47278	.867376	.000000
2.47396	.867346	.000000
2.47514	.867324	.000000
2.47632	.867320	.000000
2.47751	.867344	.000000
2.47869	.867382	.000000
2.47988	.867364	.000000
2.48106	.867315	.000000
2.48225	.867328	.000000
2.48344	.867342	.000000
2.48463	.867304	.000000
2.48582	.867288	.000000
2.48701	.867212	.000000
2.48821	.867162	.000000
2.4894	.867189	.000000
2.4906	.867234	.000000
2.49179	.867275	.000000
2.49299	.867261	.000000
2.49419	.867243	.000000
2.49539	.867174	.000000
2.49659	.867097	.000000
2.49779	.867120	.000000
2.499	.867131	.000000
2.5002	.867088	.000000
2.50141	.867030	.000000
2.50262	.867014	.000000
2.50383	.867057	.000000
2.50503	.867091	.000000
2.50625	.867071	.000000
2.50746	.867010	.000000
2.50867	.867023	.000000
2.50989	.867057	.000000
2.5111	.867079	.000000
2.51232	.867082	.000000
2.51353	.867106	.000000
2.51475	.867111	.000000
2.51597	.867048	.000000
2.51719	.866988	.000000
2.51842	.866979	.000000
2.51964	.866952	.000000
2.52087	.866923	.000000
2.52209	.866932	.000000
2.52332	.866949	.000000
2.52455	.866930	.000000
2.52578	.866938	.000000
2.52701	.866945	.000000
2.52824	.866864	.000000
2.52947	.866819	.000000
2.53071	.866878	.000000
2.53194	.866894	.000000
2.53318	.866902	.000000
2.53442	.866898	.000000
2.53566	.866884	.000000
2.5369	.866900	.000000
2.53814	.866918	.000000
2.53938	.866891	.000000
2.54063	.866896	.000000
2.54187	.866855	.000000
2.54312	.866856	.000000
2.54437	.866963	.000000
2.54562	.866979	.000000
2.54687	.866884	.000000
2.54812	.866894	.000000
2.54937	.866875	.000000
2.55063	.866837	.000000
2.55188	.866788	.000000
2.55314	.866739	.000000
2.55439	.866768	.000000
2.55565	.866824	.000000
2.55691	.866826	.000000
2.55817	.866784	.000000
2.55944	.866743	.000000
2.5607	.866705	.000000
2.56197	.866705	.000000
2.56323	.866647	.000000
2.5645	.866616	.000000
2.56577	.866577	.000000
2.56704	.866584	.000000
2.56831	.866584	.000000
2.56958	.866512	.000000
2.57086	.866454	.000000
2.57213	.866483	.000000
2.57341	.866519	.000000
2.57469	.866510	.000000
2.57597	.866504	.000000
2.57725	.866486	.000000
2.57853	.866403	.000000
2.57981	.866445	.000000
2.5811	.866550	.000000
2.58238	.866508	.000000
2.58367	.866382	.000000
2.58496	.866302	.000000
2.58624	.866304	.000000
2.58754	.866318	.000000
2.58883	.866290	.000000
2.59012	.866257	.000000
2.59141	.866197	.000000
2.59271	.866080	.000000
2.59401	.865752	.000000
2.59531	.865779	.000000
2.5966	.865905	.000000
2.59791	.866002	.000000
2.59921	.866057	.000000
2.60051	.866066	.000000
2.60182	.865995	.000000
2.60312	.865952	.000000
2.60443	.865851	.000000
2.60574	.865802	.000000
2.60705	.865885	.000000
2.60836	.865865	.000000
2.60967	.865797	.000000
2.61099	.865692	.000000
2.6123	.865708	.000000
2.61362	.865759	.000000
2.61494	.865703	.000000
2.61626	.865649	.000000
2.61758	.865600	.000000
2.6189	.865519	.000000
2.62022	.865425	.000000
2.62155	.865473	.000000
2.62287	.865477	.000000
2.6242	.865428	.000000
2.62553	.865345	.000000
2.62686	.865264	.000000
2.62819	.865255	.000000
2.62952	.865161	.000000
2.63086	.865112	.000000
2.63219	.865139	.000000
2.63353	.865167	.000000
2.63487	.865120	.000000
2.63621	.864957	.000000
2.63755	.864916	.000000
2.63889	.864935	.000000
2.64023	.864896	.000000
2.64158	.864811	.000000
2.64293	.864719	.000000
2.64427	.864710	.000000
2.64562	.864739	.000000
2.64697	.864641	.000000
2.64832	.864576	.000000
2.64968	.864495	.000000
2.65103	.864374	.000000
2.65239	.864325	.000000
2.65375	.864229	.000000
2.6551	.864175	.000000
2.65646	.864103	.000000
2.65783	.864027	.000000
2.65919	.863980	.000000
2.66055	.863816	.000000
2.66192	.863677	.000000
2.66329	.863524	.000000
2.66466	.863255	.000000
2.66603	.863045	.000000
2.6674	.862836	.000000
2.66877	.862493	.000000
2.67014	.861769	.000000
2.67152	.861178	.000000
2.6729	.860716	.000000
2.67427	.860061	.000000
2.67565	.859333	.000000
2.67704	.858739	.000000
2.67842	.858087	.000000
2.6798	.857369	.000000
2.68119	.856657	.000000
2.68258	.855621	.000000
2.68396	.854507	.000000
2.68535	.853259	.000000
2.68675	.852140	.000000
2.68814	.851127	.000000
2.68953	.850156	.000000
2.69093	.849233	.000000
2.69233	.848381	.000000
2.69372	.847525	.000000
2.69512	.846630	.000000
2.69653	.845649	.000000
2.69793	.844685	.000000
2.69933	.843699	.000000
2.70074	.842645	.000000
2.70215	.841623	.000000
2.70356	.840655	.000000
2.70497	.839653	.000000
2.70638	.838711	.000000
2.70779	.837584	.000000
2.70921	.836413	.000000
2.71062	.835234	.000000
2.71204	.834277	.000000
2.71346	.833442	.000000
2.71488	.832475	.000000
2.7163	.831595	.000000
2.71772	.830857	.000000
2.71915	.830167	.000000
2.72058	.829395	.000000
2.722	.828407	.000000
2.72343	.827400	.000000
2.72486	.826502	.000000
2.7263	.825641	.000000
2.72773	.824731	.000000
2.72917	.823749	.000000
2.7306	.822725	.000000
2.73204	.821700	.000000
2.73348	.820521	.000000
2.73493	.819270	.000000
2.73637	.818009	.000000
2.73781	.816767	.000000
2.73926	.815453	.000000
2.74071	.814081	.000000
2.74216	.812564	.000000
2.74361	.811080	.000000
2.74506	.809637	.000000
2.74651	.808157	.000000
2.74797	.806691	.000000
2.74943	.805203	.000000
2.75089	.803596	.000000
2.75234	.801928	.000000
2.75381	.800218	.000000
2.75527	.798568	.000000
2.75673	.796858	.000000
2.7582	.795193	.000000
2.75967	.793496	.000000
2.76114	.791918	.000000
2.76261	.790366	.000000
2.76408	.788714	.000000
2.76556	.787100	.000000
2.76703	.785641	.000000
2.76851	.784117	.000000
2.76999	.782586	.000000
2.77147	.781015	.000000
2.77295	.779471	.000000
2.77443	.778002	.000000
2.77592	.776637	.000000
2.77741	.775138	.000000
2.77889	.773719	.000000
2.78038	.772398	.000000
2.78188	.771150	.000000
2.78337	.770000	.000000
2.78486	.768862	.000000
2.78636	.767738	.000000
2.78786	.766535	.000000
2.78936	.765367	.000000
2.79086	.764363	.000000
2.79236	.763426	.000000
2.79387	.762377	.000000
2.79537	.761256	.000000
2.79688	.760220	.000000
2.79839	.759120	.000000
2.7999	.758197	.000000
2.80141	.757520	.000000
2.80293	.756984	.000000
2.80444	.756316	.000000
2.80596	.755527	.000000
2.80748	.754794	.000000
2.809	.754180	.000000
2.81052	.753597	.000000
2.81205	.752981	.000000
2.81357	.752373	.000000
2.8151	.751804	.000000
2.81663	.751223	.000000
2.81816	.750674	.000000
2.81969	.750214	.000000
2.82123	.749721	.000000
2.82276	.749217	.000000
2.8243	.748798	.000000
2.82584	.748334	.000000
2.82738	.747820	.000000
2.82892	.747377	.000000
2.83047	.746966	.000000
2.83201	.746538	.000000
2.83356	.746108	.000000
2.83511	.745687	.000000
2.83666	.745308	.000000
2.83821	.745001	.000000
2.83977	.744620	.000000
2.84132	.744277	.000000
2.84288	.743968	.000000
2.84444	.743622	.000000
2.846	.743376	.000000
2.84757	.743210	.000000
2.84913	.742956	.000000
2.8507	.742609	.000000
2.85226	.742340	.000000
2.85383	.742067	.000000
2.8554	.741809	.000000
2.85698	.741542	.000000
2.85855	.741280	.000000
2.86013	.741148	.000000
2.86171	.740933	.000000
2.86329	.740580	.000000
2.86487	.740273	.000000
2.86645	.740079	.000000
2.86804	.739854	.000000
2.86963	.739637	.000000
2.87122	.739507	.000000
2.87281	.739316	.000000
2.8744	.739005	.000000
2.87599	.738749	.000000
2.87759	.738548	.000000
2.87919	.738393	.000000
2.88079	.738261	.000000
2.88239	.738128	.000000
2.88399	.737972	.000000
2.8856	.737745	.000000
2.8872	.737593	.000000
2.88881	.737415	.000000
2.89042	.737193	.000000
2.89203	.737061	.000000
2.89365	.736963	.000000
2.89526	.736799	.000000
2.89688	.736617	.000000
2.8985	.736523	.000000
2.90012	.736418	.000000
2.90174	.736245	.000000
2.90337	.736183	.000000
2.90499	.736122	.000000
2.90662	.735949	.000000
2.90825	.735763	.000000
2.90988	.735725	.000000
2.91152	.735602	.000000
2.91315	.735541	.000000
2.91479	.735481	.000000
2.91643	.735411	.000000
2.91807	.735333	.000000
2.91972	.735286	.000000
2.92136	.735228	.000000
2.92301	.735208	.000000
2.92466	.735123	.000000
2.92631	.734997	.000000
2.92796	.734927	.000000
2.92961	.734943	.000000
2.93127	.735001	.000000
2.93293	.735017	.000000
2.93459	.735024	.000000
2.93625	.735022	.000000
2.93791	.734932	.000000
2.93958	.734882	.000000
2.94124	.734943	.000000
2.94291	.735057	.000000
2.94459	.735105	.000000
2.94626	.735076	.000000
2.94793	.735165	.000000
2.94961	.735235	.000000
2.95129	.735257	.000000
2.95297	.735286	.000000
2.95465	.735364	.000000
2.95634	.735445	.000000
2.95802	.735476	.000000
2.95971	.735557	.000000
2.9614	.735622	.000000
2.96309	.735681	.000000
2.96479	.735860	.000000
2.96648	.735995	.000000
2.96818	.736030	.000000
2.96988	.736153	.000000
2.97158	.736348	.000000
2.97329	.736438	.000000
2.97499	.736568	.000000
2.9767	.736786	.000000
2.97841	.736907	.000000
2.98012	.736988	.000000
2.98184	.737048	.000000
2.98355	.737227	.000000
2.98527	.737481	.000000
2.98699	.737691	.000000
2.98871	.737982	.000000
2.99043	.738160	.000000
2.99216	.738265	.000000
2.99389	.738431	.000000
2.99562	.738621	.000000
2.99735	.738911	.000000
2.99908	.739202	.000000
3.00082	.739348	.000000
3.00255	.739536	.000000
3.00429	.739711	.000000
3.00604	.739863	.000000
3.00778	.740036	.000000
3.00953	.740202	.000000
3.01127	.740448	.000000
3.01302	.740791	.000000
3.01477	.741116	.000000
3.01653	.741307	.000000
3.01828	.741421	.000000
3.02004	.741670	.000000
3.0218	.741968	.000000
3.02356	.742208	.000000
3.02533	.742354	.000000
3.02709	.742533	.000000
3.02886	.742784	.000000
3.03063	.742999	.000000
3.03241	.743208	.000000
3.03418	.743396	.000000
3.03596	.743553	.000000
3.03773	.743797	.000000
3.03952	.744032	.000000
3.0413	.744201	.000000
3.04308	.744389	.000000
3.04487	.744557	.000000
3.04666	.744689	.000000
3.04845	.744911	.000000
3.05024	.745209	.000000
3.05204	.745341	.000000
3.05383	.745471	.000000
3.05563	.745758	.000000
3.05744	.745953	.000000
3.05924	.746016	.000000
3.06105	.746247	.000000
3.06285	.746440	.000000
3.06466	.746552	.000000
3.06648	.746745	.000000
3.06829	.746955	.000000
3.07011	.747099	.000000
3.07193	.747229	.000000
3.07375	.747395	.000000
3.07557	.747563	.000000
3.0774	.747650	.000000
3.07922	.747823	.000000
3.08105	.748031	.000000
3.08288	.748117	.000000
3.08472	.748195	.000000
3.08655	.748441	.000000
3.08839	.748639	.000000
3.09023	.748796	.000000
3.09208	.748888	.000000
3.09392	.749056	.000000
3.09577	.749255	.000000
3.09762	.749495	.000000
3.09947	.749667	.000000
3.10132	.749730	.000000
3.10318	.749854	.000000
3.10504	.750109	.000000
3.1069	.750369	.000000
3.10876	.750524	.000000
3.11062	.750714	.000000
3.11249	.750988	.000000
3.11436	.751158	.000000
3.11623	.751288	.000000
3.11811	.751537	.000000
3.11998	.751795	.000000
3.12186	.751943	.000000
3.12374	.752144	.000000
3.12562	.752382	.000000
3.12751	.752579	.000000
3.1294	.752788	.000000
3.13129	.752969	.000000
3.13318	.753133	.000000
3.13507	.753346	.000000
3.13697	.753642	.000000
3.13887	.753927	.000000
3.14077	.754065	.000000
3.14267	.754245	.000000
3.14458	.754583	.000000
3.14649	.754859	.000000
3.1484	.755097	.000000
3.15031	.755303	.000000
3.15223	.755475	.000000
3.15414	.755666	.000000
3.15606	.755904	.000000
3.15798	.756179	.000000
3.15991	.756433	.000000
3.16184	.756703	.000000
3.16376	.756852	.000000
3.1657	.757058	.000000
3.16763	.757376	.000000
3.16957	.757602	.000000
3.1715	.757835	.000000
3.17345	.758113	.000000
3.17539	.758355	.000000
3.17733	.758582	.000000
3.17928	.758884	.000000
3.18123	.759194	.000000
3.18319	.759474	.000000
3.18514	.759750	.000000
3.1871	.759970	.000000
3.18906	.760234	.000000
3.19102	.760496	.000000
3.19299	.760743	.000000
3.19495	.761032	.000000
3.19692	.761225	.000000
3.1989	.761400	.000000
3.20087	.761715	.000000
3.20285	.762059	.000000
3.20483	.762289	.000000
3.20681	.762509	.000000
3.20879	.762771	.000000
3.21078	.763014	.000000
3.21277	.763258	.000000
3.21476	.763522	.000000
3.21676	.763787	.000000
3.21875	.764074	.000000
3.22075	.764399	.000000
3.22275	.764742	.000000
3.22476	.765046	.000000
3.22676	.765336	.000000
3.22877	.765558	.000000
3.23078	.765873	.000000
3.2328	.766136	.000000
3.23481	.766326	.000000
3.23683	.766597	.000000
3.23886	.766858	.000000
3.24088	.767136	.000000
3.24291	.767432	.000000
3.24494	.767642	.000000
3.24697	.767868	.000000
3.249	.768138	.000000
3.25104	.768375	.000000
3.25308	.768604	.000000
3.25512	.768853	.000000
3.25717	.769061	.000000
3.25921	.769267	.000000
3.26126	.769568	.000000
3.26332	.769873	.000000
3.26537	.770123	.000000
3.26743	.770348	.000000
3.26949	.770561	.000000
3.27155	.770812	.000000
3.27362	.771058	.000000
3.27568	.771323	.000000
3.27776	.771572	.000000
3.27983	.771670	.000000
3.2819	.771816	.000000
3.28398	.772026	.000000
3.28606	.772271	.000000
3.28815	.772430	.000000
3.29023	.772636	.000000
3.29232	.772831	.000000
3.29441	.772878	.000000
3.29651	.772992	.000000
3.2986	.773190	.000000
3.3007	.773342	.000000
3.30281	.773457	.000000
3.30491	.773625	.000000
3.30702	.773876	.000000
3.30913	.774013	.000000
3.31124	.774068	.000000
3.31336	.774151	.000000
3.31548	.774217	.000000
3.3176	.774347	.000000
3.31972	.774514	.000000
3.32185	.774613	.000000
3.32398	.774683	.000000
3.32611	.774781	.000000
3.32825	.774965	.000000
3.33038	.775151	.000000
3.33252	.775265	.000000
3.33467	.775272	.000000
3.33681	.775243	.000000
3.33896	.775277	.000000
3.34111	.775433	.000000
3.34327	.775563	.000000
3.34542	.775519	.000000
3.34758	.775478	.000000
3.34975	.775485	.000000
3.35191	.775517	.000000
3.35408	.775539	.000000
3.35625	.775602	.000000
3.35842	.775595	.000000
3.3606	.775564	.000000
3.36278	.775555	.000000
3.36496	.775472	.000000
3.36715	.775422	.000000
3.36933	.775451	.000000
3.37153	.775485	.000000
3.37372	.775638	.000000
3.37592	.775924	.000000
3.37811	.776249	.000000
3.38032	.776561	.000000
3.38252	.776803	.000000
3.38473	.777085	.000000
3.38694	.777231	.000000
3.38915	.777287	.000000
3.39137	.777301	.000000
3.39359	.777254	.000000
3.39581	.777083	.000000
3.39804	.776859	.000000
3.40027	.776716	.000000
3.4025	.776568	.000000
3.40473	.776355	.000000
3.40697	.776276	.000000
3.40921	.776194	.000000
3.41145	.776178	.000000
3.4137	.776277	.000000
3.41595	.776548	.000000
3.4182	.777001	.000000
3.42045	.777540	.000000
3.42271	.778067	.000000
3.42497	.778635	.000000
3.42723	.779173	.000000
3.4295	.779565	.000000
3.43177	.779892	.000000
3.43404	.780286	.000000
3.43632	.780667	.000000
3.4386	.780988	.000000
3.44088	.781313	.000000
3.44316	.781609	.000000
3.44545	.781963	.000000
3.44774	.782375	.000000
3.45004	.782535	.000000
3.45233	.782597	.000000
3.45463	.782806	.000000
3.45694	.783068	.000000
3.45924	.783362	.000000
3.46155	.783563	.000000
3.46386	.783723	.000000
3.46618	.783808	.000000
3.4685	.783814	.000000
3.47082	.783772	.000000
3.47315	.783758	.000000
3.47547	.783810	.000000
3.4778	.783828	.000000
3.48014	.783835	.000000
3.48247	.783864	.000000
3.48481	.783841	.000000
3.48716	.783727	.000000
3.4895	.783516	.000000
3.49185	.783283	.000000
3.49421	.783135	.000000
3.49656	.782987	.000000
3.49892	.782864	.000000
3.50129	.783068	.000000
3.50365	.783545	.000000
3.50602	.784068	.000000
3.50839	.784604	.000000
3.51077	.785141	.000000
3.51315	.785540	.000000
3.51553	.785989	.000000
3.51791	.786404	.000000
3.5203	.786814	.000000
3.52269	.787322	.000000
3.52509	.787780	.000000
3.52749	.788138	.000000
3.52989	.788365	.000000
3.53229	.788609	.000000
3.5347	.788934	.000000
3.53711	.789158	.000000
3.53953	.789362	.000000
3.54194	.789615	.000000
3.54436	.789764	.000000
3.54679	.789911	.000000
3.54922	.790138	.000000
3.55165	.790259	.000000
3.55408	.790367	.000000
3.55652	.790452	.000000
3.55896	.790682	.000000
3.5614	.790895	.000000
3.56385	.791046	.000000
3.5663	.791133	.000000
3.56876	.791156	.000000
3.57121	.791248	.000000
3.57367	.791308	.000000
3.57614	.791323	.000000
3.57861	.791351	.000000
3.58108	.791378	.000000
3.58355	.791454	.000000
3.58603	.791642	.000000
3.58851	.791806	.000000
3.591	.791824	.000000
3.59349	.791745	.000000
3.59598	.791810	.000000
3.59848	.791942	.000000
3.60099	.792045	.000000
3.60349	.792149	.000000
3.60599	.792218	.000000
3.6085	.792310	.000000
3.61102	.792429	.000000
3.61353	.792462	.000000
3.61605	.792536	.000000
3.61858	.792639	.000000
3.6211	.792711	.000000
3.62363	.792756	.000000
3.62617	.792787	.000000
3.62871	.792836	.000000
3.63125	.792935	.000000
3.63379	.792976	.000000
3.63634	.793034	.000000
3.63889	.793058	.000000
3.64145	.793081	.000000
3.64401	.793132	.000000
3.64657	.793204	.000000
3.64913	.793274	.000000
3.6517	.793366	.000000
3.65428	.793469	.000000
3.65685	.793630	.000000
3.65943	.793738	.000000
3.66202	.793841	.000000
3.66461	.793904	.000000
3.6672	.793960	.000000
3.66979	.794027	.000000
3.67239	.794116	.000000
3.675	.794173	.000000
3.6776	.794253	.000000
3.68021	.794320	.000000
3.68283	.794383	.000000
3.68544	.794401	.000000
3.68806	.794381	.000000
3.69069	.794385	.000000
3.69332	.794448	.000000
3.69595	.794450	.000000
3.69859	.794424	.000000
3.70123	.794414	.000000
3.70387	.794397	.000000
3.70652	.794347	.000000
3.70917	.794311	.000000
3.71183	.794298	.000000
3.71448	.794354	.000000
3.71715	.794320	.000000
3.71981	.794269	.000000
3.72248	.794258	.000000
3.72516	.794255	.000000
3.72783	.794273	.000000
3.73052	.794271	.000000
3.7332	.794202	.000000
3.73589	.794182	.000000
3.73859	.794155	.000000
3.74128	.794154	.000000
3.74398	.794076	.000000
3.74669	.794038	.000000
3.7494	.794011	.000000
3.75211	.794007	.000000
3.75483	.793948	.000000
3.75755	.793854	.000000
3.76027	.793794	.000000
3.763	.793825	.000000
3.76574	.793751	.000000
3.76847	.793693	.000000
3.77121	.793650	.000000
3.77396	.793578	.000000
3.77671	.793460	.000000
3.77946	.793404	.000000
3.78222	.793341	.000000
3.78498	.793262	.000000
3.78774	.793170	.000000
3.79051	.793090	.000000
3.79328	.792994	.000000
3.79606	.792924	.000000
3.79884	.792852	.000000
3.80163	.792783	.000000
3.80442	.792686	.000000
3.80721	.792644	.000000
3.81001	.792566	.000000
3.81281	.792476	.000000
3.81561	.792382	.000000
3.81842	.792328	.000000
3.82124	.792269	.000000
3.82405	.792240	.000000
3.82688	.792196	.000000
3.8297	.792162	.000000
3.83253	.792148	.000000
3.83537	.792142	.000000
3.83821	.792112	.000000
3.84105	.792115	.000000
3.8439	.792095	.000000
3.84675	.792121	.000000
3.8496	.792124	.000000
3.85246	.792128	.000000
3.85533	.792140	.000000
3.8582	.792175	.000000
3.86107	.792195	.000000
3.86395	.792216	.000000
3.86683	.792184	.000000
3.86971	.792209	.000000
3.8726	.792254	.000000
3.8755	.792223	.000000
3.8784	.792167	.000000
3.8813	.792182	.000000
3.88421	.792158	.000000
3.88712	.792184	.000000
3.89004	.792189	.000000
3.89296	.792186	.000000
3.89588	.792160	.000000
3.89881	.792140	.000000
3.90174	.792115	.000000
3.90468	.792084	.000000
3.90762	.792054	.000000
3.91057	.792025	.000000
3.91352	.791942	.000000
3.91648	.791895	.000000
3.91944	.791862	.000000
3.9224	.791848	.000000
3.92537	.791794	.000000
3.92835	.791734	.000000
3.93132	.791657	.000000
3.93431	.791586	.000000
3.93729	.791460	.000000
3.94029	.791308	.000000
3.94328	.791142	.000000
3.94628	.791039	.000000
3.94929	.790896	.000000
3.9523	.790716	.000000
3.95531	.790525	.000000
3.95833	.790322	.000000
3.96136	.790106	.000000
3.96439	.789912	.000000
3.96742	.789636	.000000
3.97046	.789364	.000000
3.9735	.789120	.000000
3.97655	.788849	.000000
3.9796	.788520	.000000
3.98265	.788230	.000000
3.98571	.787912	.000000
3.98878	.787573	.000000
3.99185	.787217	.000000
3.99493	.786886	.000000
3.99801	.786554	.000000
4.00109	.786238	.000000
4.00418	.785939	.000000
4.00728	.785659	.000000
4.01038	.785440	.000000
4.01348	.785350	.000000
4.01659	.785276	.000000
4.0197	.785262	.000000
4.02282	.785263	.000000
4.02594	.785308	.000000
4.02907	.785375	.000000
4.0322	.785512	.000000
4.03534	.785657	.000000
4.03849	.785800	.000000
4.04163	.785910	.000000
4.04479	.785989	.000000
4.04794	.786061	.000000
4.05111	.786161	.000000
4.05427	.786190	.000000
4.05745	.786184	.000000
4.06062	.786193	.000000
4.06381	.786211	.000000
4.06699	.786155	.000000
4.07018	.786105	.000000
4.07338	.785977	.000000
4.07658	.785866	.000000
4.07979	.785740	.000000
4.083	.785567	.000000
4.08622	.785350	.000000
4.08944	.785249	.000000
4.09267	.785146	.000000
4.0959	.784983	.000000
4.09914	.784754	.000000
4.10238	.784586	.000000
4.10563	.784426	.000000
4.10889	.784270	.000000
4.11214	.784025	.000000
4.11541	.783770	.000000
4.11868	.783561	.000000
4.12195	.783333	.000000
4.12523	.783066	.000000
4.12851	.782824	.000000
4.1318	.782571	.000000
4.1351	.782357	.000000
4.1384	.782122	.000000
4.1417	.781865	.000000
4.14502	.781604	.000000
4.14833	.781383	.000000
4.15165	.781169	.000000
4.15498	.780900	.000000
4.15831	.780587	.000000
4.16165	.780376	.000000
4.16499	.780148	.000000
4.16834	.779919	.000000
4.17169	.779643	.000000
4.17505	.779349	.000000
4.17841	.779053	.000000
4.18178	.778839	.000000
4.18516	.778585	.000000
4.18854	.778334	.000000
4.19193	.778063	.000000
4.19532	.777809	.000000
4.19871	.777549	.000000
4.20212	.777233	.000000
4.20552	.776862	.000000
4.20894	.776537	.000000
4.21236	.776227	.000000
4.21578	.775962	.000000
4.21921	.775646	.000000
4.22265	.775326	.000000
4.22609	.775024	.000000
4.22954	.774755	.000000
4.23299	.774524	.000000
4.23645	.774199	.000000
4.23991	.773925	.000000
4.24338	.773638	.000000
4.24686	.773335	.000000
4.25034	.773022	.000000
4.25383	.772699	.000000
4.25732	.772372	.000000
4.26082	.772080	.000000
4.26432	.771762	.000000
4.26783	.771406	.000000
4.27135	.771110	.000000
4.27487	.770848	.000000
4.27839	.770625	.000000
4.28192	.770440	.000000
4.28546	.770182	.000000
4.28901	.769877	.000000
4.29256	.769619	.000000
4.29611	.769326	.000000
4.29968	.769034	.000000
4.30325	.768716	.000000
4.30682	.768442	.000000
4.3104	.768164	.000000
4.31399	.767893	.000000
4.31758	.767600	.000000
4.32118	.767283	.000000
4.32478	.766902	.000000
4.32839	.766551	.000000
4.33201	.766178	.000000
4.33563	.765863	.000000
4.33926	.765560	.000000
4.34289	.765257	.000000
4.34653	.764959	.000000
4.35018	.764643	.000000
4.35383	.764320	.000000
4.35749	.764022	.000000
4.36115	.763632	.000000
4.36482	.763311	.000000
4.3685	.762982	.000000
4.37219	.762619	.000000
4.37588	.762269	.000000
4.37957	.761949	.000000
4.38327	.761626	.000000
4.38698	.761328	.000000
4.39069	.760958	.000000
4.39441	.760548	.000000
4.39814	.760167	.000000
4.40188	.759844	.000000
4.40562	.759514	.000000
4.40936	.759207	.000000
4.41311	.758869	.000000
4.41687	.758540	.000000
4.42064	.758188	.000000
4.42441	.757845	.000000
4.42819	.757499	.000000
4.43197	.757159	.000000
4.43577	.756816	.000000
4.43956	.756500	.000000
4.44337	.756143	.000000
4.44718	.755802	.000000
4.451	.755419	.000000
4.45482	.755054	.000000
4.45865	.754662	.000000
4.46249	.754260	.000000
4.46633	.753877	.000000
4.47018	.753500	.000000
4.47404	.753064	.000000
4.4779	.752664	.000000
4.48177	.752256	.000000
4.48565	.751913	.000000
4.48953	.751528	.000000
4.49342	.751113	.000000
4.49732	.750672	.000000
4.50122	.750262	.000000
4.50513	.749831	.000000
4.50905	.749425	.000000
4.51297	.748970	.000000
4.51691	.748558	.000000
4.52084	.748114	.000000
4.52479	.747673	.000000
4.52874	.747186	.000000
4.5327	.746698	.000000
4.53667	.746263	.000000
4.54064	.745850	.000000
4.54462	.745366	.000000
4.5486	.744891	.000000
4.5526	.744423	.000000
4.5566	.744008	.000000
4.56061	.743566	.000000
4.56462	.743086	.000000
4.56864	.742578	.000000
4.57267	.742118	.000000
4.57671	.741638	.000000
4.58075	.741168	.000000
4.5848	.740719	.000000
4.58886	.740293	.000000
4.59292	.739854	.000000
4.59699	.739411	.000000
4.60107	.738920	.000000
4.60516	.738442	.000000
4.60925	.737954	.000000
4.61335	.737532	.000000
4.61746	.737104	.000000
4.62158	.736725	.000000
4.6257	.736297	.000000
4.62983	.735907	.000000
4.63396	.735512	.000000
4.63811	.735138	.000000
4.64226	.734708	.000000
4.64642	.734241	.000000
4.65059	.733796	.000000
4.65476	.733414	.000000
4.65895	.732984	.000000
4.66314	.732560	.000000
4.66733	.732130	.000000
4.67154	.731724	.000000
4.67575	.731258	.000000
4.67997	.730835	.000000
4.6842	.730400	.000000
4.68843	.729969	.000000
4.69268	.729508	.000000
4.69693	.729043	.000000
4.70119	.728528	.000000
4.70545	.728051	.000000
4.70972	.727506	.000000
4.71401	.726954	.000000
4.7183	.726351	.000000
4.72259	.725778	.000000
4.7269	.725197	.000000
4.73121	.724648	.000000
4.73553	.724027	.000000
4.73986	.723410	.000000
4.7442	.722801	.000000
4.74854	.722198	.000000
4.75289	.721492	.000000
4.75725	.720793	.000000
4.76162	.720071	.000000
4.766	.719298	.000000
4.77038	.718443	.000000
4.77477	.717628	.000000
4.77917	.716749	.000000
4.78358	.715821	.000000
4.788	.714799	.000000
4.79243	.713682	.000000
4.79686	.712539	.000000
4.8013	.711381	.000000
4.80575	.710080	.000000
4.81021	.708686	.000000
4.81467	.707223	.000000
4.81915	.705662	.000000
4.82363	.703921	.000000
4.82812	.702081	.000000
4.83262	.700043	.000000
4.83713	.697732	.000000
4.84165	.695009	.000000
4.84617	.691880	.000000
4.85071	.688279	.000000
4.85525	.684162	.000000
4.8598	.679356	.000000
4.86436	.673869	.000000
4.86893	.667723	.000000
4.8735	.660960	.000000
4.87809	.653716	.000000
4.88268	.646247	.000000
4.88728	.638724	.000000
4.89189	.631415	.000000
4.89651	.624462	.000000
4.90114	.617944	.000000
4.90578	.611845	.000000
4.91042	.606088	.000000
4.91507	.600605	.000000
4.91974	.595287	.000000
4.92441	.590098	.000000
4.92909	.585258	.000000
4.93378	.580961	.000000
4.93848	.577637	.000000
4.94319	.575629	.000000
4.9479	.575084	.000000
4.95263	.575803	.000000
4.95736	.577408	.000000
4.96211	.579482	.000000
4.96686	.581856	.000000
4.97162	.584305	.000000
4.9764	.586726	.000000
4.98118	.589044	.000000
4.98596	.591240	.000000
4.99076	.593303	.000000
4.99557	.595255	.000000
5.00039	.596994	.000000
5.00522	.598514	.000000
5.01005	.599872	.000000
5.0149	.601128	.000000
5.01975	.602190	.000000
5.02462	.603080	.000000
5.02949	.603831	.000000
5.03437	.604401	.000000
5.03927	.604728	.000000
5.04417	.604898	.000000
5.04908	.604896	.000000
5.054	.604714	.000000
5.05893	.604349	.000000
5.06387	.603773	.000000
5.06882	.602993	.000000
5.07378	.602025	.000000
5.07875	.600875	.000000
5.08373	.599566	.000000
5.08872	.598064	.000000
5.09371	.596484	.000000
5.09872	.594827	.000000
5.10374	.593106	.000000
5.10877	.591303	.000000
5.11381	.589427	.000000
5.11886	.587497	.000000
5.12391	.585498	.000000
5.12898	.583348	.000000
5.13406	.581024	.000000
5.13915	.578542	.000000
5.14425	.576001	.000000
5.14936	.573410	.000000
5.15447	.570870	.000000
5.1596	.568362	.000000
5.16474	.565826	.000000
5.16989	.563202	.000000
5.17505	.560460	.000000
5.18022	.557551	.000000
5.1854	.554466	.000000
5.19059	.551246	.000000
5.19579	.548081	.000000
5.201	.545079	.000000
5.20623	.542409	.000000
5.21146	.540210	.000000
5.2167	.538581	.000000
5.22195	.537601	.000000
5.22722	.537119	.000000
5.23249	.537110	.000000
5.23778	.537351	.000000
5.24307	.537714	.000000
5.24838	.538198	.000000
5.2537	.538664	.000000
5.25903	.539092	.000000
5.26436	.539446	.000000
5.26971	.539717	.000000
5.27508	.539879	.000000
5.28045	.539812	.000000
5.28583	.539513	.000000
5.29122	.539031	.000000
5.29663	.538319	.000000
5.30204	.537559	.000000
5.30747	.536767	.000000
5.31291	.535967	.000000
5.31836	.535185	.000000
5.32382	.534309	.000000
5.32929	.533177	.000000
5.33477	.531688	.000000
5.34027	.529703	.000000
5.34577	.527250	.000000
5.35129	.524379	.000000
5.35682	.521243	.000000
5.36236	.518129	.000000
5.36791	.515189	.000000
5.37347	.512474	.000000
5.37904	.509865	.000000
5.38463	.507202	.000000
5.39023	.504309	.000000
5.39583	.501121	.000000
5.40146	.497656	.000000
5.40709	.494155	.000000
5.41273	.490770	.000000
5.41839	.487560	.000000
5.42406	.484556	.000000
5.42974	.481965	.000000
5.43543	.479778	.000000
5.44113	.477959	.000000
5.44685	.476536	.000000
5.45257	.475669	.000000
5.45831	.475288	.000000
5.46406	.475313	.000000
5.46983	.475601	.000000
5.4756	.476047	.000000
5.48139	.476565	.000000
5.48719	.477101	.000000
5.49301	.477556	.000000
5.49883	.477908	.000000
5.50467	.478025	.000000
5.51052	.477877	.000000
5.51638	.477453	.000000
5.52226	.476725	.000000
5.52814	.475734	.000000
5.53404	.474311	.000000
5.53995	.472284	.000000
5.54588	.469520	.000000
5.55181	.465696	.000000
5.55777	.460586	.000000
5.56373	.454206	.000000
5.5697	.446615	.000000
5.57569	.437931	.000000
5.5817	.428573	.000000
5.58771	.419300	.000000
5.59374	.410762	.000000
5.59978	.403268	.000000
5.60583	.397259	.000000
5.6119	.392897	.000000
5.61798	.390091	.000000
5.62407	.388568	.000000
5.63018	.388347	.000000
5.6363	.389259	.000000
5.64243	.391718	.000000
5.64858	.395479	.000000
5.65474	.400375	.000000
5.66091	.406348	.000000
5.6671	.413039	.000000
5.6733	.420135	.000000
5.67951	.427595	.000000
5.68574	.434757	.000000
5.69198	.441685	.000000
5.69824	.448374	.000000
5.70451	.454702	.000000
5.71079	.460942	.000000
5.71708	.467012	.000000
5.72339	.472557	.000000
5.72972	.477615	.000000
5.73605	.482041	.000000
5.74241	.485677	.000000
5.74877	.488481	.000000
5.75515	.490366	.000000
5.76155	.491074	.000000
5.76796	.491043	.000000
5.77438	.490673	.000000
5.78082	.489734	.000000
5.78727	.488280	.000000
5.79373	.486665	.000000
5.80022	.484978	.000000
5.80671	.483341	.000000
5.81322	.481755	.000000
5.81974	.480232	.000000
5.82628	.478968	.000000
5.83284	.477827	.000000
5.83941	.476426	.000000
5.84599	.474813	.000000
5.85259	.473080	.000000
5.8592	.471479	.000000
5.86583	.470009	.000000
5.87247	.468875	.000000
5.87913	.467913	.000000
5.8858	.467543	.000000
5.89249	.467445	.000000
5.8992	.467469	.000000
5.90591	.467709	.000000
5.91265	.467629	.000000
5.9194	.467109	.000000
5.92616	.465952	.000000
5.93294	.464194	.000000
5.93974	.462161	.000000
5.94655	.459880	.000000
5.95338	.457248	.000000
5.96022	.454318	.000000
5.96708	.451167	.000000
5.97395	.448049	.000000
5.98084	.445310	.000000
5.98775	.443071	.000000
5.99467	.441970	.000000
6.00161	.442649	.000000
6.00856	.445496	.000000
6.01553	.451021	.000000
6.02252	.459339	.000000
6.02952	.469966	.000000
6.03654	.482191	.000000
6.04358	.494515	.000000
6.05063	.507682	.000000
6.0577	.520048	.000000
6.06478	.530095	.000000
6.07189	.538901	.000000
6.079	.546547	.000000
6.08614	.552783	.000000
6.09329	.557771	.000000
6.10046	.561783	.000000
6.10764	.564912	.000000
6.11485	.567362	.000000
6.12207	.569370	.000000
6.1293	.570728	.000000
6.13655	.571661	.000000
6.14382	.572165	.000000
6.15111	.572383	.000000
6.15842	.572280	.000000
6.16574	.572031	.000000
6.17308	.571603	.000000
6.18044	.570937	.000000
6.18781	.570233	.000000
6.19521	.569574	.000000
6.20262	.568655	.000000
6.21004	.567680	.000000
6.21749	.566541	.000000
6.22495	.565421	.000000
6.23244	.564233	.000000
6.23994	.562973	.000000
6.24745	.561724	.000000
6.25499	.560691	.000000
6.26254	.559830	.000000
6.27012	.559223	.000000
6.27771	.558847	.000000
6.28532	.558736	.000000
6.29295	.558795	.000000
6.30059	.559163	.000000
6.30826	.559579	.000000
6.31594	.559967	.000000
6.32364	.560252	.000000
6.33136	.560301	.000000
6.3391	.559893	.000000
6.34686	.559302	.000000
6.35464	.558580	.000000
6.36243	.557463	.000000
6.37025	.556134	.000000
6.37809	.554718	.000000
6.38594	.553390	.000000
6.39381	.552133	.000000
6.40171	.550876	.000000
6.40962	.549609	.000000
6.41756	.548524	.000000
6.42551	.547630	.000000
6.43348	.546659	.000000
6.44147	.545673	.000000
6.44948	.544660	.000000
6.45751	.543369	.000000
6.46557	.542058	.000000
6.47364	.540742	.000000
6.48173	.539298	.000000
6.48984	.537917	.000000
6.49797	.536586	.000000
6.50613	.535477	.000000
6.5143	.534344	.000000
6.5225	.533278	.000000
6.53071	.532349	.000000
6.53895	.531601	.000000
6.5472	.530893	.000000
6.55548	.530131	.000000
6.56378	.529406	.000000
6.5721	.528678	.000000
6.58044	.528118	.000000
6.5888	.527517	.000000
6.59718	.526613	.000000
6.60558	.525591	.000000
6.61401	.524468	.000000
6.62245	.523222	.000000
6.63092	.521736	.000000
6.63941	.519844	.000000
6.64792	.518157	.000000
6.65646	.516457	.000000
6.66501	.514487	.000000
6.67359	.512389	.000000
6.68219	.510212	.000000
6.69081	.508101	.000000
6.69946	.505989	.000000
6.70813	.503670	.000000
6.71681	.501345	.000000
6.72553	.498989	.000000
6.73426	.496631	.000000
6.74302	.494293	.000000
6.7518	.491998	.000000
6.7606	.489775	.000000
6.76943	.487712	.000000
6.77828	.485827	.000000
6.78715	.484245	.000000
6.79604	.483021	.000000
6.80496	.482312	.000000
6.8139	.481826	.000000
6.82287	.481412	.000000
6.83186	.481124	.000000
6.84087	.480919	.000000
6.84991	.480569	.000000
6.85897	.479926	.000000
6.86805	.478989	.000000
6.87716	.478004	.000000
6.88629	.476525	.000000
6.89545	.474664	.000000
6.90463	.472405	.000000
6.91384	.469957	.000000
6.92307	.467359	.000000
6.93232	.464715	.000000
6.9416	.461850	.000000
6.95091	.458918	.000000
6.96024	.455906	.000000
6.96959	.452902	.000000
6.97897	.449721	.000000
6.98838	.446419	.000000
6.99781	.442995	.000000
7.00727	.439666	.000000
7.01675	.436516	.000000
7.02626	.433708	.000000
7.03579	.431451	.000000
7.04535	.429918	.000000
7.05494	.429041	.000000
7.06455	.428644	.000000
7.07418	.428429	.000000
7.08385	.428447	.000000
7.09354	.428467	.000000
7.10326	.428344	.000000
7.113	.427947	.000000
7.12277	.427221	.000000
7.13257	.426093	.000000
7.14239	.424820	.000000
7.15224	.423422	.000000
7.16212	.421949	.000000
7.17202	.420427	.000000
7.18196	.419163	.000000
7.19192	.418094	.000000
7.20191	.417280	.000000
7.21193	.416756	.000000
7.22197	.416554	.000000
7.23204	.416538	.000000
7.24214	.416691	.000000
7.25227	.416785	.000000
7.26243	.416827	.000000
7.27261	.416585	.000000
7.28283	.415904	.000000
7.29307	.414783	.000000
7.30334	.413288	.000000
7.31364	.411369	.000000
7.32397	.409128	.000000
7.33433	.406628	.000000
7.34472	.404087	.000000
7.35514	.401596	.000000
7.36559	.399171	.000000
7.37606	.396795	.000000
7.38657	.394517	.000000
7.39711	.392222	.000000
7.40768	.389886	.000000
7.41827	.387309	.000000
7.4289	.384615	.000000
7.43956	.381719	.000000
7.45025	.378776	.000000
7.46096	.375857	.000000
7.47171	.373021	.000000
7.4825	.370256	.000000
7.49331	.367694	.000000
7.50415	.365181	.000000
7.51503	.362841	.000000
7.52594	.360686	.000000
7.53688	.358775	.000000
7.54785	.357237	.000000
7.55885	.356259	.000000
7.56988	.355713	.000000
7.58095	.355565	.000000
7.59205	.355639	.000000
7.60318	.355888	.000000
7.61435	.356076	.000000
7.62554	.356260	.000000
7.63677	.356251	.000000
7.64804	.356083	.000000
7.65934	.355684	.000000
7.67067	.355105	.000000
7.68203	.354285	.000000
7.69343	.353213	.000000
7.70486	.351822	.000000
7.71632	.350311	.000000
7.72782	.348602	.000000
7.73936	.346767	.000000
7.75093	.344772	.000000
7.76253	.342817	.000000
7.77417	.340901	.000000
7.78584	.339190	.000000
7.79754	.337687	.000000
7.80929	.336489	.000000
7.82106	.335492	.000000
7.83288	.334622	.000000
7.84473	.333723	.000000
7.85661	.332739	.000000
7.86854	.331477	.000000
7.8805	.330012	.000000
7.89249	.328404	.000000
7.90452	.326676	.000000
7.91659	.324720	.000000
7.92869	.322745	.000000
7.94084	.320633	.000000
7.95301	.318242	.000000
7.96523	.315484	.000000
7.97748	.312517	.000000
7.98978	.309201	.000000
8.00211	.305642	.000000
8.01448	.301869	.000000
8.02688	.298052	.000000
8.03933	.294145	.000000
8.05181	.290335	.000000
8.06433	.286551	.000000
8.07689	.282806	.000000
8.08949	.278879	.000000
8.10213	.274794	.000000
8.11481	.270493	.000000
8.12753	.265990	.000000
8.14029	.261222	.000000
8.15309	.256522	.000000
8.16592	.251974	.000000
8.1788	.247762	.000000
8.19172	.243844	.000000
8.20468	.240397	.000000
8.21769	.237245	.000000
8.23073	.234374	.000000
8.24382	.231654	.000000
8.25694	.229068	.000000
8.27011	.226389	.000000
8.28332	.223704	.000000
8.29658	.220803	.000000
8.30987	.217787	.000000
8.32321	.214568	.000000
8.33659	.211188	.000000
8.35002	.207587	.000000
8.36348	.203844	.000000
8.377	.199848	.000000
8.39055	.195856	.000000
8.40415	.191854	.000000
8.41779	.187950	.000000
8.43148	.184110	.000000
8.44521	.180566	.000000
8.45899	.177162	.000000
8.47281	.173880	.000000
8.48667	.170630	.000000
8.50059	.167472	.000000
8.51455	.164179	.000000
8.52855	.160808	.000000
8.5426	.157244	.000000
8.5567	.153661	.000000
8.57084	.149959	.000000
8.58503	.146310	.000000
8.59927	.142642	.000000
8.61355	.139061	.000000
8.62788	.135407	.000000
8.64226	.131890	.000000
8.65669	.128355	.000000
8.67117	.124981	.000000
8.68569	.121601	.000000
8.70026	.118338	.000000
8.71488	.115123	.000000
8.72955	.111997	.000000
8.74428	.108818	.000000
8.75905	.105844	.000000
8.77387	.102889	.000000
8.78874	.100116	.000000
8.80366	.097382	.000000
8.81863	.094869	.000000
8.83365	.092469	.000000
8.84872	.090395	.000000
8.86385	.088488	.000000
8.87903	.086820	.000000
8.89426	.085284	.000000
8.90954	.084235	.000000
8.92488	.083541	.000000
8.94027	.083261	.000000
8.95571	.083184	.000000
8.9712	.083485	.000000
8.98675	.083966	.000000
9.00235	.084901	.000000
9.018	.086092	.000000
9.03371	.087725	.000000
9.04948	.089720	.000000
9.0653	.092157	.000000
9.08118	.094853	.000000
9.09711	.098014	.000000
9.11309	.101504	.000000
9.12914	.105456	.000000
9.14524	.109713	.000000
9.16139	.114511	.000000
9.17761	.119638	.000000
9.19388	.125024	.000000
9.21021	.130500	.000000
9.2266	.136113	.000000
9.24304	.141499	.000000
9.25955	.146711	.000000
9.27611	.151312	.000000
9.29274	.155332	.000000
9.30942	.158429	.000000
9.32616	.160464	.000000
9.34297	.161081	.000000
9.35984	.160346	.000000
9.37676	.158353	.000000
9.39375	.155715	.000000
9.4108	.152722	.000000
9.42791	.149790	.000000
9.44508	.146904	.000000
9.46231	.144205	.000000
9.47961	.141530	.000000
9.49697	.138852	.000000
9.5144	.136082	.000000
9.53189	.133329	.000000
9.54944	.130437	.000000
9.56706	.127620	.000000
9.58474	.124704	.000000
9.60249	.121859	.000000
9.6203	.119100	.000000
9.63818	.116538	.000000
9.65613	.113978	.000000
9.67415	.111560	.000000
9.69223	.109221	.000000
9.71038	.107025	.000000
9.7286	.104878	.000000
9.74689	.102972	.000000
9.76524	.101161	.000000
9.78367	.099599	.000000
9.80216	.098059	.000000
9.82073	.096627	.000000
9.83936	.095358	.000000
9.85806	.094392	.000000
9.87684	.093372	.000000
9.89569	.092581	.000000
9.91461	.091888	.000000
9.9336	.091283	.000000
9.95267	.090543	.000000
9.97181	.089900	.000000
9.99103	.089429	.000000
10.01031	.089333	.000000
10.02968	.089378	.000000
10.04911	.089671	.000000
10.06863	.090036	.000000
10.08822	.090476	.000000
10.10788	.090550	.000000
10.12763	.089969	.000000
10.14745	.088349	.000000
10.16734	.085867	.000000
10.18732	.082935	.000000
10.20737	.080564	.000000
10.2275	.079414	.000000
10.24772	.080031	.000000
10.268	.082180	.000000
10.28838	.085516	.000000
10.30883	.089496	.000000
10.32937	.093731	.000000
10.34998	.097301	.000000
10.37068	.099171	.000000
10.39147	.098332	.000000
10.41234	.096427	.000000
10.43329	.097747	.000000
10.45432	.103434	.000000
10.47544	.109858	.000000
10.49665	.115011	.000000
10.51794	.118360	.000000
10.53932	.120328	.000000
10.56079	.121102	.000000
10.58234	.121191	.000000
10.60398	.120747	.000000
10.62571	.120015	.000000
10.64753	.119111	.000000
10.66944	.118246	.000000
10.69144	.117179	.000000
10.71353	.116211	.000000
10.73571	.115292	.000000
10.75799	.114409	.000000
10.78035	.113429	.000000
10.80281	.112624	.000000
10.82536	.111757	.000000
10.84801	.110885	.000000
10.87075	.110004	.000000
10.89358	.109311	.000000
10.91652	.108677	.000000
10.93955	.108170	.000000
10.96268	.107670	.000000
10.9859	.107216	.000000
11.00923	.106673	.000000
11.03266	.106225	.000000
11.05618	.105810	.000000
11.0798	.105525	.000000
11.10353	.105167	.000000
11.12736	.104862	.000000
11.15129	.104544	.000000
11.17532	.104329	.000000
11.19946	.104030	.000000
11.2237	.103808	.000000
11.24805	.103475	.000000
11.2725	.103075	.000000
11.29706	.102439	.000000
11.32173	.101749	.000000
11.3465	.100904	.000000
11.37137	.099888	.000000
11.39637	.098382	.000000
11.42147	.096443	.000000
11.44668	.093692	.000000
11.47201	.090220	.000000
11.49744	.086201	.000000
11.52299	.082380	.000000
11.54866	.079212	.000000
11.57444	.076982	.000000
11.60033	.075344	.000000
11.62634	.074173	.000000
11.65247	.073093	.000000
11.67872	.072309	.000000
11.70508	.071482	.000000
11.73157	.070428	.000000
11.75817	.068621	.000000
11.78489	.065974	.000000
11.81174	.062655	.000000
11.8387	.059756	.000000
11.86579	.058458	.000000
11.89301	.059254	.000000
11.92034	.061551	.000000
11.94781	.065124	.000000
11.9754	.069345	.000000
12.00312	.074052	.000000
12.03097	.079185	.000000
12.05895	.085168	.000000
12.08706	.091614	.000000
12.11531	.098478	.000000
12.14368	.105698	.000000
12.17219	.113088	.000000
12.20083	.120252	.000000
12.2296	.126970	.000000
12.25851	.133006	.000000
12.28756	.138606	.000000
12.31675	.143837	.000000
12.34608	.149407	.000000
12.37555	.155448	.000000
12.40515	.161767	.000000
12.4349	.167787	.000000
12.46479	.173438	.000000
12.49483	.178782	.000000
12.52502	.183893	.000000
12.55534	.188512	.000000
12.58582	.192681	.000000
12.61644	.196257	.000000
12.64721	.199382	.000000
12.67814	.202002	.000000
12.70921	.204333	.000000
12.74043	.206353	.000000
12.77181	.208114	.000000
12.80335	.209612	.000000
12.83504	.210775	.000000
12.86689	.211427	.000000
12.8989	.211748	.000000
12.93106	.211661	.000000
12.96339	.211304	.000000
12.99588	.210436	.000000
13.02853	.209219	.000000
13.06135	.207798	.000000
13.09433	.206256	.000000
13.12749	.204440	.000000
13.16081	.202376	.000000
13.1943	.200126	.000000
13.22796	.198184	.000000
13.26179	.196521	.000000
13.29579	.195049	.000000
13.32997	.193572	.000000
13.36432	.191834	.000000
13.39885	.189839	.000000
13.43356	.187993	.000000
13.46846	.186110	.000000
13.50353	.184047	.000000
13.53879	.181701	.000000
13.57423	.179208	.000000
13.60986	.176433	.000000
13.64568	.173506	.000000
13.68169	.170396	.000000
13.71788	.167227	.000000
13.75427	.163889	.000000
13.79085	.160436	.000000
13.82763	.157001	.000000
13.8646	.153684	.000000
13.90177	.150178	.000000
13.93915	.146585	.000000
13.97672	.142992	.000000
14.01449	.139372	.000000
14.05247	.135618	.000000
14.09066	.132092	.000000
14.12904	.128454	.000000
14.16764	.124802	.000000
14.20646	.121102	.000000
14.24549	.117268	.000000
14.28473	.113305	.000000
14.3242	.109509	.000000
14.36388	.105768	.000000
14.40378	.102006	.000000
14.4439	.098142	.000000
14.48425	.094546	.000000
14.52482	.091140	.000000
14.56562	.087990	.000000
14.60665	.084959	.000000
14.64792	.082135	.000000
14.68942	.079255	.000000
14.73115	.076563	.000000
14.77312	.073911	.000000
14.81533	.071224	.000000
14.85778	.068601	.000000
14.90048	.066201	.000000
14.94342	.064244	.000000
14.98659	.062581	.000000
15.03003	.060906	.000000
15.07372	.059624	.000000
15.11767	.058613	.000000
15.16187	.057676	.000000
15.20634	.056732	.000000
15.25106	.056316	.000000
15.29606	.056067	.000000
15.34131	.055999	.000000
15.38684	.056181	.000000
15.43263	.056728	.000000
15.4787	.057176	.000000
15.52504	.057685	.000000
15.57167	.057781	.000000
15.61858	.057864	.000000
15.66576	.057773	.000000
15.71324	.057690	.000000
15.761	.057633	.000000
15.80905	.057412	.000000
15.8574	.056766	.000000
15.90604	.056094	.000000
15.95496	.055412	.000000
16.00421	.054928	.000000
16.05376	.053980	.000000
16.10362	.053180	.000000
16.15378	.052449	.000000
16.20426	.051364	.000000
16.25506	.050144	.000000
16.30619	.049221	.000000
16.35763	.048145	.000000
16.40939	.047336	.000000
16.46149	.046534	.000000
16.51391	.045922	.000000
16.56667	.045747	.000000
16.61977	.046045	.000000
16.67322	.046218	.000000
16.72701	.046749	.000000
16.78114	.047650	.000000
16.83563	.049228	.000000
16.89046	.051082	.000000
16.94566	.052994	.000000
17.00124	.053859	.000000
17.05716	.054101	.000000
17.11345	.053738	.000000
17.17012	.053119	.000000
17.22716	.052798	.000000
17.28459	.052691	.000000
17.3424	.052429	.000000
17.4006	.052382	.000000
17.45918	.052973	.000000
17.51816	.054246	.000000
17.57755	.056094	.000000
17.63734	.057820	.000000
17.69753	.059420	.000000
17.75814	.061105	.000000
17.81916	.062870	.000000
17.88061	.064371	.000000
17.94248	.065203	.000000
18.00478	.066118	.000000
18.06752	.067303	.000000
18.13069	.068989	.000000
18.1943	.070244	.000000
18.25837	.070399	.000000
18.32288	.070161	.000000
18.38786	.070242	.000000
18.4533	.070897	.000000
18.51921	.072340	.000000
18.58558	.073943	.000000
18.65243	.076357	.000000
18.71977	.079528	.000000
18.7876	.082577	.000000
18.85592	.085061	.000000
18.92473	.086941	.000000
18.99409	.087105	.000000
19.06392	.085715	.000000
19.13427	.084466	.000000
19.20514	.082917	.000000
19.27653	.080950	.000000
19.34846	.079091	.000000
19.42093	.077394	.000000
19.49394	.075491	.000000
19.5675	.074044	.000000
19.64162	.073172	.000000
19.7163	.072326	.000000
19.79156	.071970	.000000
19.86738	.071528	.000000
19.9438	.069877	.000000
20.0208	.066689	.000000
20.0984	.062934	.000000
20.17661	.059812	.000000
20.25542	.056631	.000000
20.33486	.052754	.000000
20.41491	.049066	.000000
20.49561	.046106	.000000
20.57694	.042830	.000000
20.65892	.039769	.000000
20.74155	.038148	.000000
20.82485	.038087	.000000
20.90882	.039533	.000000
20.99347	.041602	.000000
21.07881	.043431	.000000
21.16485	.045047	.000000
21.25159	.046070	.000000
21.33905	.046285	.000000
21.42722	.046007	.000000
21.51613	.044826	.000000
21.60579	.043606	.000000
21.69619	.043097	.000000
21.78735	.043546	.000000
21.87928	.045009	.000000
21.97199	.047616	.000000
22.06548	.052146	.000000
22.15978	.057537	.000000
22.25489	.063751	.000000
22.35081	.069590	.000000
22.44757	.073270	.000000
22.54517	.075686	.000000
22.64362	.077957	.000000
22.74294	.080172	.000000
22.84313	.082815	.000000
22.9442	.086159	.000000
23.04617	.090156	.000000
23.14906	.094235	.000000
23.25287	.098077	.000000
23.35761	.101484	.000000
23.4633	.104172	.000000
23.56995	.105803	.000000
23.67758	.107160	.000000
23.78619	.108404	.000000
23.8958	.109876	.000000
24.00643	.110784	.000000
24.11809	.110217	.000000
24.23079	.107534	.000000
24.3445	.103235	.000000
24.45933	.098693	.000000
24.57525	.094322	.000000
24.69227	.091085	.000000
24.81042	.088672	.000000
24.9297	.087380	.000000
25.05013	.087466	.000000
25.17173	.087692	.000000
25.29452	.086437	.000000
25.41852	.084195	.000000
25.54373	.081371	.000000
25.67018	.077229	.000000
25.7979	.072918	.000000
25.92689	.068794	.000000
26.05717	.065748	.000000
26.18878	.065021	.000000
26.32171	.065799	.000000
26.45601	.067379	.000000
26.59168	.068252	.000000
26.72875	.067536	.000000
26.86724	.066140	.000000
27.00717	.066523	.000000
27.14857	.068866	.000000
27.29146	.070930	.000000
27.43586	.072535	.000000
27.58179	.074146	.000000
27.72929	.075568	.000000
27.87837	.077303	.000000
28.02907	.079046	.000000
28.1814	.079676	.000000
28.33539	.079463	.000000
28.49108	.079251	.000000
28.64849	.078764	.000000
28.80765	.078513	.000000
28.96859	.078011	.000000
29.13133	.078022	.000000
29.29592	.078576	.000000
29.46237	.078775	.000000
29.63073	.079594	.000000
29.80102	.080689	.000000
29.97328	.081122	.000000
30.14754	.081172	.000000
30.32384	.080972	.000000
30.50222	.079481	.000000
30.68271	.077877	.000000
30.86534	.075209	.000000
31.05016	.070702	.000000
31.23721	.066414	.000000
31.42653	.061561	.000000
31.61815	.057490	.000000
31.81213	.054572	.000000
32.0085	.051958	.000000
32.20731	.049824	.000000
32.40861	.049835	.000000
32.61244	.050252	.000000
32.81884	.051561	.000000
33.02788	.055477	.000000
33.2396	.060122	.000000
33.45405	.062966	.000000
33.67128	.065597	.000000
33.89136	.068733	.000000
34.11432	.071681	.000000
34.34025	.075133	.000000
34.56918	.077751	.000000
34.80119	.078072	.000000
35.03633	.078654	.000000
35.27468	.078916	.000000
35.51629	.079829	.000000
35.76123	.080494	.000000
36.00957	.079548	.000000
36.26138	.079457	.000000
36.51674	.078861	.000000
36.77573	.079627	.000000
37.03841	.082664	.000000
37.30488	.086203	.000000
37.5752	.090229	.000000
37.84947	.093262	.000000
38.12777	.094775	.000000
38.4102	.096273	.000000
38.69684	.099191	.000000
38.9878	.101352	.000000
39.28316	.103495	.000000
39.58303	.106953	.000000
39.88752	.111281	.000000
40.19672	.115496	.000000
40.51076	.118667	.000000
40.82974	.121637	.000000
41.15379	.123913	.000000
41.48302	.124867	.000000
41.81756	.126461	.000000
42.15754	.130049	.000000
42.50309	.133121	.000000
42.85436	.136160	.000000
43.21148	.139632	.000000
43.5746	.143360	.000000
43.94388	.147148	.000000
44.31946	.147645	.000000
44.70153	.147029	.000000
45.09024	.148240	.000000
45.48577	.150582	.000000
45.88829	.151747	.000000
46.29801	.151640	.000000
46.71511	.155663	.000000
47.13979	.157616	.000000
47.57227	.156658	.000000
48.01275	.155305	.000000
48.46147	.157638	.000000
48.91865	.162119	.000000
49.38455	.157075	.000000
49.8594	.143232	.000000
50.34347	.134001	.000000
50.83703	.130511	.000000
51.34037	.133652	.000000
51.85377	.141123	.000000
52.37755	.145187	.000000
52.91202	.149026	.000000
53.4575	.153662	.000000
54.01435	.148222	.000000
54.58292	.146139	.000000
55.16359	.145857	.000000
55.75675	.144046	.000000
56.3628	.142535	.000000
56.98217	.144595	.000000
57.61531	.146650	.000000
58.26267	.142878	.000000
58.92474	.146950	.000000
59.60204	.148069	.000000
60.29509	.138619	.000000
61.00445	.132943	.000000
61.73069	.134479	.000000
62.47443	.135757	.000000
63.23631	.130980	.000000
64.01701	.122646	.000000
64.81722	.119611	.000000
65.6377	.120581	.000000
66.4792	.119133	.000000
67.34256	.124414	.000000
68.22865	.125717	.000000
69.13838	.122029	.000000
70.07267	.114074	.000000
71.03257	.102896	.000000
72.01913	.100697	.000000
73.03348	.094925	.000000
74.07682	.091884	.000000
75.1504	.098965	.000000
76.25555	.110387	.000000
77.39369	.116915	.000000
78.56632	.117885	.000000
79.77503	.114518	.000000
81.02152	.101296	.000000
82.30759	.107195	.000000
83.63513	.098664	.000000
85.0062	.092180	.000000
86.42296	.110351	.000000
87.88776	.113514	.000000
89.40305	.100968	.000000
90.97155	.088458	.000000
92.59603	.100504	.000000
94.27959	.117966	.000000
96.02551	.111432	.000000
97.83731	.107368	.000000
99.7188	.089658	.000000
