Brown University Keck/NASA Relab Spectrum CK-JFM-002/BKR1CK002
Wavelength(micron)	Reflectance	Standard Deviation
0.3	.139522	.008893
0.305	.149971	.007937
0.31	.163268	.006938
0.315	.180585	.006264
0.32	.202548	.005843
0.325	.228726	.005369
0.33	.259146	.005289
0.335	.290656	.005044
0.34	.328213	.006155
0.345	.362223	.005957
0.35	.393674	.005314
0.355	.424118	.004540
0.36	.452929	.004131
0.365	.481129	.004051
0.37	.495215	.004551
0.375	.509790	.005145
0.38	.516426	.006175
0.385	.523186	.003763
0.39	.535218	.004974
0.395	.545255	.004564
0.4	.555797	.004480
0.405	.569772	.004130
0.41	.584053	.004489
0.415	.595501	.003406
0.42	.602344	.004235
0.425	.604824	.004078
0.43	.609384	.004760
0.435	.613703	.003251
0.44	.620387	.003495
0.445	.621303	.003153
0.45	.620033	.003026
0.455	.624434	.003264
0.46	.633452	.002833
0.465	.640025	.002684
0.47	.647865	.002656
0.475	.657378	.003074
0.48	.669637	.003439
0.485	.669746	.003178
0.49	.672245	.003726
0.495	.675340	.003585
0.5	.693026	.004310
0.505	.707842	.003541
0.51	.716394	.003947
0.515	.721733	.003896
0.52	.727109	.004137
0.525	.734556	.003274
0.53	.737652	.003679
0.535	.745826	.003629
0.54	.752891	.003423
0.545	.756113	.003627
0.55	.765428	.003529
0.555	.768399	.003607
0.56	.771083	.003621
0.565	.770602	.003731
0.57	.770595	.003216
0.575	.769115	.003329
0.58	.767704	.003497
0.585	.764890	.003681
0.59	.761704	.003998
0.595	.758368	.003846
0.6	.756019	.003652
0.605	.750428	.003570
0.61	.746149	.003324
0.615	.741983	.003235
0.62	.737461	.003013
0.625	.732034	.003317
0.63	.727717	.003093
0.635	.726116	.002921
0.64	.725800	.003011
0.645	.728362	.003456
0.65	.729609	.003251
0.655	.730989	.003873
0.66	.732531	.003441
0.665	.733446	.003854
0.67	.733642	.003726
0.675	.734357	.003426
0.68	.733061	.004012
0.685	.728696	.002924
0.69	.724674	.004209
0.695	.720005	.003145
0.7	.715807	.002969
0.705	.707933	.003152
0.71	.703110	.002797
0.715	.696289	.003528
0.72	.689215	.003459
0.725	.681703	.003531
0.73	.674913	.003277
0.735	.667798	.003187
0.74	.658592	.003353
0.745	.650124	.003320
0.75	.641016	.003279
0.755	.632747	.003495
0.76	.622629	.002931
0.765	.613758	.002953
0.77	.603082	.003355
0.775	.595319	.003374
0.78	.586481	.002898
0.785	.576733	.003425
0.79	.569961	.003391
0.795	.562480	.003807
0.8	.555863	.003664
0.805	.549608	.003550
0.81	.542442	.004132
0.815	.536593	.003923
0.82	.531627	.003998
0.825	.525597	.004226
0.83	.520782	.004333
0.835	.516328	.004123
0.84	.511588	.004194
0.845	.508365	.004384
0.85	.503876	.004299
0.855	.500570	.004278
0.86	.497258	.004732
0.865	.494856	.004879
0.87	.491012	.004650
0.875	.488120	.004550
0.88	.483900	.004404
0.885	.480061	.003933
0.89	.476079	.003669
0.895	.472603	.003738
0.9	.467293	.003735
0.905	.463892	.003477
0.91	.458948	.003177
0.915	.454038	.003335
0.92	.448091	.002702
0.925	.442611	.002892
0.93	.436431	.002743
0.935	.431917	.003099
0.94	.424956	.003113
0.945	.418605	.002891
0.95	.411412	.002758
0.955	.403631	.002970
0.96	.396250	.002358
0.965	.389051	.002492
0.97	.381876	.002225
0.975	.374773	.002478
0.98	.368001	.002105
0.985	.362292	.002702
0.99	.356198	.002379
0.995	.350493	.002628
1	.344766	.002346
1.005	.339657	.002370
1.01	.334658	.002415
1.015	.330802	.002020
1.02	.327000	.001918
1.025	.323619	.002028
1.03	.320659	.001934
1.035	.318626	.001878
1.04	.316821	.002040
1.045	.315586	.001861
1.05	.314976	.002030
1.055	.315025	.001816
1.06	.315156	.002063
1.065	.316452	.001685
1.07	.317579	.001740
1.075	.319313	.001471
1.08	.321612	.001536
1.085	.325152	.002143
1.09	.328293	.002168
1.095	.331784	.001870
1.1	.335116	.002139
1.105	.338896	.001985
1.11	.342876	.002126
1.115	.346907	.001858
1.12	.351002	.001922
1.125	.354881	.002026
1.13	.358982	.001927
1.135	.362429	.002034
1.14	.365807	.001965
1.145	.369059	.001960
1.15	.372173	.001923
1.155	.375422	.001981
1.16	.378063	.001644
1.165	.380900	.002096
1.17	.383599	.001770
1.175	.385614	.001949
1.18	.388042	.001783
1.185	.390754	.001963
1.19	.392725	.001742
1.195	.394557	.001855
1.2	.396927	.001697
1.205	.398567	.001860
1.21	.400615	.001552
1.215	.402242	.001797
1.22	.403625	.001921
1.225	.405331	.001767
1.23	.407111	.001857
1.235	.409457	.001799
1.24	.411569	.002052
1.245	.413946	.001847
1.25	.416103	.002003
1.255	.418813	.001783
1.26	.420820	.002242
1.265	.423684	.001879
1.27	.427067	.002483
1.275	.429802	.001852
1.28	.432818	.002201
1.285	.436113	.001908
1.29	.439867	.002107
1.295	.443262	.001654
1.3	.446684	.001903
1.305	.449842	.002112
1.31	.454810	.002177
1.315	.458532	.002227
1.32	.462845	.002063
1.325	.467171	.002112
1.33	.471435	.002054
1.335	.476092	.002017
1.34	.480551	.002016
1.345	.485488	.002056
1.35	.490457	.002295
1.355	.495344	.002310
1.36	.500942	.002619
1.365	.505499	.002331
1.37	.509930	.002441
1.375	.515970	.002069
1.38	.522623	.002665
1.385	.526723	.002242
1.39	.533405	.002571
1.395	.539184	.002075
1.4	.544573	.002321
1.405	.550841	.002366
1.41	.556182	.002328
1.415	.562302	.002397
1.42	.568511	.002479
1.425	.574551	.002474
1.43	.581748	.002401
1.435	.588053	.002325
1.44	.594639	.002053
1.445	.600134	.002489
1.45	.606732	.002014
1.455	.612611	.002751
1.46	.619190	.002474
1.465	.624706	.002744
1.47	.630340	.002313
1.475	.636774	.002234
1.48	.643601	.002478
1.485	.649892	.002343
1.49	.655728	.002675
1.495	.660983	.002803
1.5	.666604	.002817
1.505	.673431	.002640
1.51	.678522	.002916
1.515	.684746	.002955
1.52	.690018	.003338
1.525	.696122	.003036
1.53	.701853	.003064
1.535	.707154	.002787
1.54	.712303	.003568
1.545	.717406	.002943
1.55	.722740	.003486
1.555	.728246	.003541
1.56	.733114	.004004
1.565	.737707	.003262
1.57	.742107	.003754
1.575	.746890	.003457
1.58	.751718	.003925
1.585	.755840	.003539
1.59	.760244	.003886
1.595	.764055	.003206
1.6	.768863	.004077
1.605	.771516	.004006
1.61	.774946	.003538
1.615	.778713	.003794
1.62	.781875	.003645
1.625	.785200	.004161
1.63	.788153	.003420
1.635	.791511	.004056
1.64	.794789	.003601
1.645	.797950	.004489
1.65	.800587	.003450
1.655	.803782	.003860
1.66	.806705	.003585
1.665	.808545	.003947
1.67	.811205	.004221
1.675	.814563	.003775
1.68	.816690	.004238
1.685	.818843	.003784
1.69	.821032	.004661
1.695	.822913	.003917
1.7	.824152	.004309
1.705	.825170	.004910
1.71	.827251	.004892
1.715	.828395	.004436
1.72	.829067	.004978
1.725	.830521	.004400
1.73	.831126	.004449
1.735	.831332	.004055
1.74	.832803	.004923
1.745	.833788	.004306
1.75	.834612	.004470
1.755	.835599	.004272
1.76	.835692	.004127
1.765	.836953	.003758
1.77	.837416	.004187
1.775	.838252	.004359
1.78	.838804	.004344
1.785	.839275	.004184
1.79	.840222	.004169
1.795	.840566	.004161
1.8	.841392	.004262
1.805	.841018	.003961
1.81	.841822	.004478
1.815	.842478	.004028
1.82	.841884	.004966
1.825	.843407	.004377
1.83	.843332	.005255
1.835	.843826	.004725
1.84	.843746	.004819
1.845	.844142	.004605
1.85	.844006	.004621
1.855	.844838	.004340
1.86	.844971	.004374
1.865	.844542	.004220
1.87	.843699	.004224
1.875	.843104	.004119
1.88	.841881	.004211
1.885	.840626	.004141
1.89	.840060	.004327
1.895	.838395	.004363
1.9	.836811	.004538
1.905	.835410	.004475
1.91	.834310	.004614
1.915	.833744	.004469
1.92	.834305	.004764
1.925	.834945	.004286
1.93	.835092	.005028
1.935	.835341	.004076
1.94	.834989	.005356
1.945	.835627	.004725
1.95	.835947	.005214
1.955	.836022	.004648
1.96	.836589	.004998
1.965	.837285	.004446
1.97	.837594	.005346
1.975	.837521	.004462
1.98	.838128	.004773
1.985	.838403	.004662
1.99	.839331	.004368
1.995	.839157	.004739
2	.840191	.004969
2.005	.840564	.004209
2.01	.840339	.004627
2.015	.840922	.004322
2.02	.840487	.004555
2.025	.840713	.004214
2.03	.841291	.003720
2.035	.841003	.004717
2.04	.841828	.004082
2.045	.841648	.004287
2.05	.841047	.003948
2.055	.841252	.004087
2.06	.841373	.003869
2.065	.841262	.004379
2.07	.841128	.004037
2.075	.840874	.004893
2.08	.841337	.004402
2.085	.840564	.004709
2.09	.840693	.004535
2.095	.840692	.005156
2.1	.840499	.004756
2.105	.841244	.005312
2.11	.842139	.004694
2.115	.841320	.004844
2.12	.841483	.004709
2.125	.841351	.005152
2.13	.842504	.004635
2.135	.843241	.005431
2.14	.843385	.004738
2.145	.843508	.005407
2.15	.844243	.004657
2.155	.843596	.005026
2.16	.843880	.004536
2.165	.844145	.004862
2.17	.844194	.004887
2.175	.843708	.004811
2.18	.843752	.004813
2.185	.843783	.004715
2.19	.843963	.004539
2.195	.844298	.004788
2.2	.844528	.004626
2.205	.843314	.004725
2.21	.842157	.003990
2.215	.842687	.004599
2.22	.842896	.004594
2.225	.841771	.005252
2.23	.841667	.004711
2.235	.841681	.004423
2.24	.840663	.004601
2.245	.842033	.004510
2.25	.841116	.004295
2.255	.841167	.004631
2.26	.841334	.004100
2.265	.841222	.004542
2.27	.839976	.004589
2.275	.840105	.004622
2.28	.839704	.005246
2.285	.840042	.004239
2.29	.839307	.004497
2.295	.838418	.004435
2.3	.837296	.004809
2.305	.838698	.004244
2.31	.838391	.004397
2.315	.837617	.003915
2.32	.837148	.004051
2.325	.837531	.003964
2.33	.837606	.004156
2.335	.838833	.004102
2.34	.836874	.004304
2.345	.836693	.004141
2.35	.836824	.004807
2.355	.836584	.004490
2.36	.837095	.004191
2.365	.836738	.004018
2.37	.835893	.004358
2.375	.835358	.004608
2.38	.835356	.004339
2.385	.835363	.003936
2.39	.834887	.004705
2.395	.834886	.004615
2.4	.834540	.004766
2.405	.834922	.004292
2.41	.834631	.004745
2.415	.834785	.004317
2.42	.833808	.004994
2.425	.833206	.004299
2.43	.832767	.004845
2.435	.832403	.004383
2.44	.832668	.004596
2.445	.832135	.004351
2.45	.831394	.004841
2.455	.832044	.004494
2.46	.830980	.004549
2.465	.830828	.004189
2.47	.830052	.004660
2.475	.828803	.004439
2.48	.829297	.003972
2.485	.827553	.004471
2.49	.827700	.003132
2.495	.826509	.004006
2.5	.827668	.003337
2.505	.826580	.003866
2.51	.826303	.003664
2.515	.826349	.003814
2.52011	.824483	.000000
2.52073	.824451	.000000
2.52134	.824489	.000000
2.52195	.824595	.000000
2.52257	.824534	.000000
2.52318	.824575	.000000
2.52379	.824607	.000000
2.52441	.824562	.000000
2.52502	.824662	.000000
2.52564	.824635	.000000
2.52625	.824676	.000000
2.52687	.824714	.000000
2.52749	.824700	.000000
2.5281	.824696	.000000
2.52872	.824631	.000000
2.52933	.824702	.000000
2.52995	.824929	.000000
2.53057	.824939	.000000
2.53119	.824799	.000000
2.5318	.824761	.000000
2.53242	.824797	.000000
2.53304	.824720	.000000
2.53366	.824682	.000000
2.53428	.824842	.000000
2.5349	.824870	.000000
2.53552	.824882	.000000
2.53614	.824878	.000000
2.53676	.824894	.000000
2.53738	.825042	.000000
2.538	.824886	.000000
2.53862	.824799	.000000
2.53925	.825036	.000000
2.53987	.825101	.000000
2.54049	.825048	.000000
2.54111	.825067	.000000
2.54173	.824931	.000000
2.54236	.824852	.000000
2.54298	.824917	.000000
2.5436	.825087	.000000
2.54423	.825107	.000000
2.54485	.824874	.000000
2.54548	.824890	.000000
2.5461	.825220	.000000
2.54673	.825056	.000000
2.54735	.824817	.000000
2.54798	.824828	.000000
2.54861	.824982	.000000
2.54923	.824973	.000000
2.54986	.825010	.000000
2.55049	.824969	.000000
2.55111	.825065	.000000
2.55174	.825287	.000000
2.55237	.825279	.000000
2.553	.825216	.000000
2.55363	.825344	.000000
2.55426	.825405	.000000
2.55489	.825312	.000000
2.55551	.825210	.000000
2.55614	.825204	.000000
2.55678	.825233	.000000
2.55741	.825312	.000000
2.55804	.825382	.000000
2.55867	.825387	.000000
2.5593	.825346	.000000
2.55993	.825370	.000000
2.56056	.825200	.000000
2.5612	.824876	.000000
2.56183	.824980	.000000
2.56246	.824992	.000000
2.5631	.824931	.000000
2.56373	.825253	.000000
2.56436	.825148	.000000
2.565	.825301	.000000
2.56563	.825567	.000000
2.56627	.825453	.000000
2.5669	.825269	.000000
2.56754	.825383	.000000
2.56817	.825567	.000000
2.56881	.825621	.000000
2.56945	.825245	.000000
2.57008	.825180	.000000
2.57072	.825528	.000000
2.57136	.825719	.000000
2.572	.825755	.000000
2.57263	.825617	.000000
2.57327	.825148	.000000
2.57391	.824982	.000000
2.57455	.825344	.000000
2.57519	.825516	.000000
2.57583	.825417	.000000
2.57647	.825220	.000000
2.57711	.825172	.000000
2.57775	.825453	.000000
2.57839	.825696	.000000
2.57903	.825711	.000000
2.57967	.825694	.000000
2.58031	.825557	.000000
2.58096	.825233	.000000
2.5816	.825316	.000000
2.58224	.825623	.000000
2.58289	.825662	.000000
2.58353	.825221	.000000
2.58417	.825044	.000000
2.58482	.825397	.000000
2.58546	.825579	.000000
2.58611	.825638	.000000
2.58675	.825542	.000000
2.5874	.825261	.000000
2.58804	.825478	.000000
2.58869	.825713	.000000
2.58934	.825540	.000000
2.58998	.825658	.000000
2.59063	.825767	.000000
2.59128	.825696	.000000
2.59192	.825725	.000000
2.59257	.825605	.000000
2.59322	.825743	.000000
2.59387	.825273	.000000
2.59452	.824056	.000000
2.59517	.824475	.000000
2.59582	.824797	.000000
2.59647	.825022	.000000
2.59712	.825656	.000000
2.59777	.825852	.000000
2.59842	.826006	.000000
2.59907	.825830	.000000
2.59972	.825719	.000000
2.60037	.825810	.000000
2.60103	.825790	.000000
2.60168	.825595	.000000
2.60233	.825731	.000000
2.60299	.825583	.000000
2.60364	.825387	.000000
2.60429	.825470	.000000
2.60495	.825140	.000000
2.6056	.824487	.000000
2.60626	.825117	.000000
2.60691	.825506	.000000
2.60757	.825249	.000000
2.60822	.825374	.000000
2.60888	.825609	.000000
2.60954	.825587	.000000
2.61019	.825783	.000000
2.61085	.825775	.000000
2.61151	.825457	.000000
2.61216	.825259	.000000
2.61282	.825227	.000000
2.61348	.825245	.000000
2.61414	.825358	.000000
2.6148	.825310	.000000
2.61546	.825304	.000000
2.61612	.824931	.000000
2.61678	.824581	.000000
2.61744	.824899	.000000
2.6181	.825356	.000000
2.61876	.825498	.000000
2.61942	.825275	.000000
2.62008	.824601	.000000
2.62075	.824433	.000000
2.62141	.825050	.000000
2.62207	.825214	.000000
2.62274	.825214	.000000
2.6234	.825344	.000000
2.62406	.825358	.000000
2.62473	.825174	.000000
2.62539	.825144	.000000
2.62606	.824850	.000000
2.62672	.824396	.000000
2.62739	.824755	.000000
2.62805	.825202	.000000
2.62872	.825192	.000000
2.62939	.824927	.000000
2.63005	.824496	.000000
2.63072	.824204	.000000
2.63139	.824641	.000000
2.63206	.824830	.000000
2.63272	.824757	.000000
2.63339	.824658	.000000
2.63406	.824698	.000000
2.63473	.824811	.000000
2.6354	.824736	.000000
2.63607	.824605	.000000
2.63674	.824749	.000000
2.63741	.824771	.000000
2.63808	.824755	.000000
2.63875	.824660	.000000
2.63943	.824627	.000000
2.6401	.824526	.000000
2.64077	.824522	.000000
2.64144	.824536	.000000
2.64212	.824392	.000000
2.64279	.824522	.000000
2.64346	.824684	.000000
2.64414	.824550	.000000
2.64481	.824301	.000000
2.64549	.823987	.000000
2.64616	.824054	.000000
2.64684	.824311	.000000
2.64751	.824305	.000000
2.64819	.824190	.000000
2.64886	.824115	.000000
2.64954	.823876	.000000
2.65022	.823787	.000000
2.6509	.823852	.000000
2.65157	.823874	.000000
2.65225	.823586	.000000
2.65293	.823400	.000000
2.65361	.823558	.000000
2.65429	.823550	.000000
2.65497	.823378	.000000
2.65565	.823258	.000000
2.65633	.823222	.000000
2.65701	.823116	.000000
2.65769	.822963	.000000
2.65837	.822973	.000000
2.65905	.822855	.000000
2.65974	.822736	.000000
2.66042	.822847	.000000
2.6611	.822900	.000000
2.66178	.822707	.000000
2.66247	.822578	.000000
2.66315	.822511	.000000
2.66383	.822456	.000000
2.66452	.821940	.000000
2.6652	.821403	.000000
2.66589	.821668	.000000
2.66657	.821430	.000000
2.66726	.821272	.000000
2.66795	.821847	.000000
2.66863	.822045	.000000
2.66932	.822067	.000000
2.67001	.821134	.000000
2.6707	.820407	.000000
2.67138	.821401	.000000
2.67207	.821666	.000000
2.67276	.821061	.000000
2.67345	.820640	.000000
2.67414	.820318	.000000
2.67483	.819672	.000000
2.67552	.818746	.000000
2.67621	.817752	.000000
2.6769	.816914	.000000
2.67759	.815895	.000000
2.67828	.814923	.000000
2.67897	.813550	.000000
2.67967	.812365	.000000
2.68036	.811760	.000000
2.68105	.810658	.000000
2.68175	.809356	.000000
2.68244	.807924	.000000
2.68313	.806144	.000000
2.68383	.804326	.000000
2.68452	.802509	.000000
2.68522	.800776	.000000
2.68591	.799089	.000000
2.68661	.797110	.000000
2.68731	.795176	.000000
2.688	.793200	.000000
2.6887	.791047	.000000
2.6894	.789018	.000000
2.69009	.786979	.000000
2.69079	.784597	.000000
2.69149	.782181	.000000
2.69219	.779694	.000000
2.69289	.777266	.000000
2.69359	.774320	.000000
2.69429	.771657	.000000
2.69499	.769684	.000000
2.69569	.767347	.000000
2.69639	.765108	.000000
2.69709	.763301	.000000
2.69779	.761284	.000000
2.6985	.759302	.000000
2.6992	.757566	.000000
2.6999	.755703	.000000
2.7006	.754018	.000000
2.70131	.752380	.000000
2.70201	.751005	.000000
2.70272	.749865	.000000
2.70342	.748528	.000000
2.70412	.747064	.000000
2.70483	.745770	.000000
2.70554	.744672	.000000
2.70624	.743615	.000000
2.70695	.742572	.000000
2.70766	.741586	.000000
2.70836	.740580	.000000
2.70907	.739381	.000000
2.70978	.738421	.000000
2.71049	.737283	.000000
2.71119	.735835	.000000
2.7119	.735191	.000000
2.71261	.734632	.000000
2.71332	.733707	.000000
2.71403	.732745	.000000
2.71474	.731882	.000000
2.71546	.730967	.000000
2.71617	.730159	.000000
2.71688	.729440	.000000
2.71759	.728506	.000000
2.7183	.727725	.000000
2.71901	.727326	.000000
2.71973	.726437	.000000
2.72044	.725161	.000000
2.72116	.724762	.000000
2.72187	.724816	.000000
2.72258	.724703	.000000
2.7233	.724199	.000000
2.72401	.723356	.000000
2.72473	.723087	.000000
2.72545	.723069	.000000
2.72616	.722939	.000000
2.72688	.722761	.000000
2.7276	.722437	.000000
2.72831	.721951	.000000
2.72903	.721637	.000000
2.72975	.721335	.000000
2.73047	.720863	.000000
2.73119	.720353	.000000
2.73191	.719752	.000000
2.73263	.719258	.000000
2.73335	.718727	.000000
2.73407	.717881	.000000
2.73479	.717032	.000000
2.73551	.716599	.000000
2.73623	.716254	.000000
2.73696	.715647	.000000
2.73768	.714991	.000000
2.7384	.714073	.000000
2.73913	.713229	.000000
2.73985	.712366	.000000
2.74057	.711631	.000000
2.7413	.711252	.000000
2.74202	.710584	.000000
2.74275	.710054	.000000
2.74347	.709436	.000000
2.7442	.708652	.000000
2.74493	.708030	.000000
2.74565	.707656	.000000
2.74638	.706919	.000000
2.74711	.706176	.000000
2.74783	.705655	.000000
2.74856	.705068	.000000
2.74929	.704339	.000000
2.75002	.703658	.000000
2.75075	.703018	.000000
2.75148	.702241	.000000
2.75221	.701506	.000000
2.75294	.701030	.000000
2.75367	.700412	.000000
2.7544	.699545	.000000
2.75514	.698428	.000000
2.75587	.697788	.000000
2.7566	.697630	.000000
2.75733	.697316	.000000
2.75807	.696767	.000000
2.7588	.696161	.000000
2.75954	.695663	.000000
2.76027	.695315	.000000
2.761	.695092	.000000
2.76174	.694683	.000000
2.76248	.694070	.000000
2.76321	.693855	.000000
2.76395	.693711	.000000
2.76469	.693387	.000000
2.76542	.693104	.000000
2.76616	.692788	.000000
2.7669	.692372	.000000
2.76764	.691844	.000000
2.76838	.691409	.000000
2.76911	.691170	.000000
2.76985	.690738	.000000
2.77059	.690196	.000000
2.77133	.689837	.000000
2.77208	.689479	.000000
2.77282	.688997	.000000
2.77356	.688579	.000000
2.7743	.688154	.000000
2.77504	.687717	.000000
2.77579	.687170	.000000
2.77653	.686494	.000000
2.77727	.685815	.000000
2.77802	.685396	.000000
2.77876	.685060	.000000
2.77951	.684651	.000000
2.78025	.684307	.000000
2.781	.683932	.000000
2.78174	.683460	.000000
2.78249	.683124	.000000
2.78324	.683017	.000000
2.78398	.682855	.000000
2.78473	.682375	.000000
2.78548	.681980	.000000
2.78623	.681583	.000000
2.78698	.681241	.000000
2.78773	.680809	.000000
2.78848	.680327	.000000
2.78923	.680046	.000000
2.78998	.679821	.000000
2.79073	.679487	.000000
2.79148	.679039	.000000
2.79223	.678685	.000000
2.79298	.678280	.000000
2.79373	.678027	.000000
2.79449	.677761	.000000
2.79524	.677470	.000000
2.79599	.677172	.000000
2.79675	.676802	.000000
2.7975	.676390	.000000
2.79826	.676085	.000000
2.79901	.675840	.000000
2.79977	.675672	.000000
2.80052	.675459	.000000
2.80128	.675254	.000000
2.80204	.675011	.000000
2.8028	.674803	.000000
2.80355	.674657	.000000
2.80431	.674511	.000000
2.80507	.674538	.000000
2.80583	.674529	.000000
2.80659	.674412	.000000
2.80735	.674222	.000000
2.80811	.674029	.000000
2.80887	.674015	.000000
2.80963	.674161	.000000
2.81039	.674163	.000000
2.81115	.674199	.000000
2.81192	.674187	.000000
2.81268	.674056	.000000
2.81344	.674064	.000000
2.81421	.674060	.000000
2.81497	.674017	.000000
2.81573	.673975	.000000
2.8165	.673887	.000000
2.81726	.673798	.000000
2.81803	.673740	.000000
2.8188	.673725	.000000
2.81956	.673758	.000000
2.82033	.673693	.000000
2.8211	.673675	.000000
2.82186	.673728	.000000
2.82263	.673764	.000000
2.8234	.673750	.000000
2.82417	.673813	.000000
2.82494	.673871	.000000
2.82571	.673798	.000000
2.82648	.673841	.000000
2.82725	.673879	.000000
2.82802	.673813	.000000
2.82879	.673887	.000000
2.82956	.674045	.000000
2.83034	.674029	.000000
2.83111	.674009	.000000
2.83188	.674013	.000000
2.83266	.674094	.000000
2.83343	.674035	.000000
2.8342	.674035	.000000
2.83498	.674056	.000000
2.83575	.674056	.000000
2.83653	.674157	.000000
2.83731	.674187	.000000
2.83808	.674151	.000000
2.83886	.674135	.000000
2.83964	.674116	.000000
2.84041	.674212	.000000
2.84119	.674205	.000000
2.84197	.674159	.000000
2.84275	.674323	.000000
2.84353	.674359	.000000
2.84431	.674280	.000000
2.84509	.674214	.000000
2.84587	.674242	.000000
2.84665	.674315	.000000
2.84743	.674177	.000000
2.84822	.674017	.000000
2.849	.674114	.000000
2.84978	.674222	.000000
2.85057	.674236	.000000
2.85135	.674230	.000000
2.85213	.674175	.000000
2.85292	.674007	.000000
2.8537	.673900	.000000
2.85449	.673918	.000000
2.85527	.673930	.000000
2.85606	.673960	.000000
2.85685	.673995	.000000
2.85764	.673918	.000000
2.85842	.673849	.000000
2.85921	.673659	.000000
2.86	.673426	.000000
2.86079	.673412	.000000
2.86158	.673355	.000000
2.86237	.673272	.000000
2.86316	.673258	.000000
2.86395	.673288	.000000
2.86474	.673136	.000000
2.86553	.673049	.000000
2.86632	.672994	.000000
2.86712	.672972	.000000
2.86791	.672836	.000000
2.8687	.672668	.000000
2.8695	.672581	.000000
2.87029	.672598	.000000
2.87109	.672610	.000000
2.87188	.672512	.000000
2.87268	.672437	.000000
2.87347	.672320	.000000
2.87427	.672263	.000000
2.87507	.672192	.000000
2.87586	.672065	.000000
2.87666	.672045	.000000
2.87746	.672016	.000000
2.87826	.671949	.000000
2.87906	.671792	.000000
2.87986	.671694	.000000
2.88066	.671648	.000000
2.88146	.671627	.000000
2.88226	.671478	.000000
2.88306	.671253	.000000
2.88386	.671186	.000000
2.88466	.671336	.000000
2.88547	.671283	.000000
2.88627	.671069	.000000
2.88707	.670927	.000000
2.88788	.670927	.000000
2.88868	.670902	.000000
2.88949	.670722	.000000
2.89029	.670651	.000000
2.8911	.670781	.000000
2.8919	.670870	.000000
2.89271	.670785	.000000
2.89352	.670615	.000000
2.89433	.670447	.000000
2.89513	.670236	.000000
2.89594	.670171	.000000
2.89675	.670335	.000000
2.89756	.670338	.000000
2.89837	.670307	.000000
2.89918	.670198	.000000
2.89999	.669849	.000000
2.9008	.669815	.000000
2.90161	.669939	.000000
2.90243	.669916	.000000
2.90324	.669835	.000000
2.90405	.669768	.000000
2.90487	.669602	.000000
2.90568	.669481	.000000
2.90649	.669469	.000000
2.90731	.669440	.000000
2.90812	.669408	.000000
2.90894	.669380	.000000
2.90976	.669313	.000000
2.91057	.669246	.000000
2.91139	.669185	.000000
2.91221	.669234	.000000
2.91303	.669207	.000000
2.91384	.669116	.000000
2.91466	.669127	.000000
2.91548	.669058	.000000
2.9163	.668989	.000000
2.91712	.669031	.000000
2.91794	.669005	.000000
2.91877	.668819	.000000
2.91959	.668936	.000000
2.92041	.669151	.000000
2.92123	.669112	.000000
2.92206	.669047	.000000
2.92288	.668908	.000000
2.9237	.668788	.000000
2.92453	.668723	.000000
2.92535	.668734	.000000
2.92618	.668675	.000000
2.927	.668553	.000000
2.92783	.668572	.000000
2.92866	.668715	.000000
2.92949	.668776	.000000
2.93031	.668815	.000000
2.93114	.668758	.000000
2.93197	.668671	.000000
2.9328	.668602	.000000
2.93363	.668661	.000000
2.93446	.668715	.000000
2.93529	.668726	.000000
2.93612	.668728	.000000
2.93695	.668768	.000000
2.93778	.668780	.000000
2.93862	.668766	.000000
2.93945	.668780	.000000
2.94028	.668728	.000000
2.94112	.668778	.000000
2.94195	.668770	.000000
2.94279	.668732	.000000
2.94362	.668697	.000000
2.94446	.668553	.000000
2.94529	.668537	.000000
2.94613	.668796	.000000
2.94697	.668849	.000000
2.94781	.668772	.000000
2.94864	.668811	.000000
2.94948	.668827	.000000
2.95032	.668798	.000000
2.95116	.668898	.000000
2.952	.668975	.000000
2.95284	.669015	.000000
2.95368	.669025	.000000
2.95452	.668946	.000000
2.95537	.668977	.000000
2.95621	.669124	.000000
2.95705	.669131	.000000
2.9579	.669068	.000000
2.95874	.669118	.000000
2.95958	.669282	.000000
2.96043	.669295	.000000
2.96128	.669276	.000000
2.96212	.669329	.000000
2.96297	.669345	.000000
2.96381	.669392	.000000
2.96466	.669386	.000000
2.96551	.669357	.000000
2.96636	.669357	.000000
2.96721	.669444	.000000
2.96806	.669531	.000000
2.96891	.669554	.000000
2.96976	.669592	.000000
2.97061	.669754	.000000
2.97146	.669896	.000000
2.97231	.670009	.000000
2.97316	.670005	.000000
2.97401	.670056	.000000
2.97487	.670143	.000000
2.97572	.670256	.000000
2.97658	.670299	.000000
2.97743	.670279	.000000
2.97829	.670301	.000000
2.97914	.670360	.000000
2.98	.670514	.000000
2.98085	.670631	.000000
2.98171	.670664	.000000
2.98257	.670822	.000000
2.98343	.670858	.000000
2.98428	.670836	.000000
2.98514	.670882	.000000
2.986	.670890	.000000
2.98686	.670955	.000000
2.98772	.671040	.000000
2.98859	.671062	.000000
2.98945	.671190	.000000
2.99031	.671305	.000000
2.99117	.671455	.000000
2.99203	.671577	.000000
2.9929	.671571	.000000
2.99376	.671591	.000000
2.99463	.671694	.000000
2.99549	.671856	.000000
2.99636	.671941	.000000
2.99722	.671956	.000000
2.99809	.672067	.000000
2.99896	.672284	.000000
2.99983	.672354	.000000
3.00069	.672292	.000000
3.00156	.672357	.000000
3.00243	.672521	.000000
3.0033	.672652	.000000
3.00417	.672685	.000000
3.00504	.672685	.000000
3.00591	.672772	.000000
3.00678	.672865	.000000
3.00766	.673013	.000000
3.00853	.673211	.000000
3.0094	.673282	.000000
3.01028	.673316	.000000
3.01115	.673395	.000000
3.01202	.673497	.000000
3.0129	.673478	.000000
3.01377	.673484	.000000
3.01465	.673683	.000000
3.01553	.673713	.000000
3.0164	.673740	.000000
3.01728	.673768	.000000
3.01816	.673865	.000000
3.01904	.673936	.000000
3.01992	.674054	.000000
3.0208	.674167	.000000
3.02168	.674264	.000000
3.02256	.674333	.000000
3.02344	.674343	.000000
3.02432	.674367	.000000
3.0252	.674382	.000000
3.02609	.674426	.000000
3.02697	.674590	.000000
3.02785	.674738	.000000
3.02874	.674667	.000000
3.02962	.674704	.000000
3.03051	.674855	.000000
3.0314	.674961	.000000
3.03228	.675094	.000000
3.03317	.675151	.000000
3.03406	.675175	.000000
3.03494	.675232	.000000
3.03583	.675309	.000000
3.03672	.675337	.000000
3.03761	.675416	.000000
3.0385	.675633	.000000
3.03939	.675817	.000000
3.04028	.675858	.000000
3.04118	.675692	.000000
3.04207	.675696	.000000
3.04296	.675821	.000000
3.04385	.675951	.000000
3.04475	.676036	.000000
3.04564	.676036	.000000
3.04654	.676048	.000000
3.04743	.676141	.000000
3.04833	.676184	.000000
3.04922	.676121	.000000
3.05012	.676218	.000000
3.05102	.676386	.000000
3.05192	.676395	.000000
3.05281	.676350	.000000
3.05371	.676415	.000000
3.05461	.676520	.000000
3.05551	.676599	.000000
3.05641	.676640	.000000
3.05731	.676698	.000000
3.05822	.676717	.000000
3.05912	.676759	.000000
3.06002	.676832	.000000
3.06092	.676858	.000000
3.06183	.676923	.000000
3.06273	.677002	.000000
3.06364	.677085	.000000
3.06454	.677146	.000000
3.06545	.677201	.000000
3.06635	.677257	.000000
3.06726	.677269	.000000
3.06817	.677259	.000000
3.06908	.677360	.000000
3.06999	.677435	.000000
3.07089	.677579	.000000
3.0718	.677632	.000000
3.07271	.677685	.000000
3.07363	.677644	.000000
3.07454	.677626	.000000
3.07545	.677741	.000000
3.07636	.677891	.000000
3.07727	.677994	.000000
3.07819	.678130	.000000
3.0791	.678183	.000000
3.08002	.678203	.000000
3.08093	.678343	.000000
3.08185	.678369	.000000
3.08276	.678351	.000000
3.08368	.678422	.000000
3.0846	.678403	.000000
3.08552	.678474	.000000
3.08643	.678638	.000000
3.08735	.678713	.000000
3.08827	.678699	.000000
3.08919	.678772	.000000
3.09011	.678983	.000000
3.09103	.679064	.000000
3.09196	.678993	.000000
3.09288	.679015	.000000
3.0938	.679197	.000000
3.09472	.679317	.000000
3.09565	.679301	.000000
3.09657	.679363	.000000
3.0975	.679481	.000000
3.09842	.679523	.000000
3.09935	.679623	.000000
3.10028	.679849	.000000
3.1012	.679864	.000000
3.10213	.679799	.000000
3.10306	.679835	.000000
3.10399	.679922	.000000
3.10492	.680023	.000000
3.10585	.680127	.000000
3.10678	.680260	.000000
3.10771	.680392	.000000
3.10864	.680457	.000000
3.10957	.680510	.000000
3.1105	.680607	.000000
3.11144	.680684	.000000
3.11237	.680769	.000000
3.11331	.680850	.000000
3.11424	.681036	.000000
3.11518	.681212	.000000
3.11611	.681336	.000000
3.11705	.681439	.000000
3.11799	.681415	.000000
3.11892	.681443	.000000
3.11986	.681492	.000000
3.1208	.681536	.000000
3.12174	.681589	.000000
3.12268	.681753	.000000
3.12362	.681988	.000000
3.12456	.682122	.000000
3.12551	.682255	.000000
3.12645	.682435	.000000
3.12739	.682502	.000000
3.12833	.682529	.000000
3.12928	.682654	.000000
3.13022	.682853	.000000
3.13117	.683089	.000000
3.13211	.683223	.000000
3.13306	.683225	.000000
3.13401	.683241	.000000
3.13495	.683371	.000000
3.1359	.683527	.000000
3.13685	.683628	.000000
3.1378	.683774	.000000
3.13875	.683823	.000000
3.1397	.683816	.000000
3.14065	.683972	.000000
3.1416	.684185	.000000
3.14256	.684276	.000000
3.14351	.684363	.000000
3.14446	.684511	.000000
3.14541	.684570	.000000
3.14637	.684639	.000000
3.14732	.684703	.000000
3.14828	.684805	.000000
3.14924	.685023	.000000
3.15019	.685159	.000000
3.15115	.685313	.000000
3.15211	.685392	.000000
3.15307	.685501	.000000
3.15402	.685680	.000000
3.15498	.685714	.000000
3.15594	.685757	.000000
3.15691	.685914	.000000
3.15787	.686087	.000000
3.15883	.686182	.000000
3.15979	.686263	.000000
3.16076	.686362	.000000
3.16172	.686480	.000000
3.16268	.686641	.000000
3.16365	.686795	.000000
3.16461	.686885	.000000
3.16558	.687022	.000000
3.16655	.687198	.000000
3.16751	.687340	.000000
3.16848	.687346	.000000
3.16945	.687373	.000000
3.17042	.687466	.000000
3.17139	.687630	.000000
3.17236	.687812	.000000
3.17333	.688025	.000000
3.1743	.688096	.000000
3.17527	.688136	.000000
3.17625	.688221	.000000
3.17722	.688336	.000000
3.17819	.688448	.000000
3.17917	.688590	.000000
3.18014	.688808	.000000
3.18112	.688871	.000000
3.18209	.688987	.000000
3.18307	.689201	.000000
3.18405	.689272	.000000
3.18503	.689298	.000000
3.186	.689467	.000000
3.18698	.689618	.000000
3.18796	.689754	.000000
3.18894	.689845	.000000
3.18992	.689878	.000000
3.19091	.689959	.000000
3.19189	.690032	.000000
3.19287	.690080	.000000
3.19385	.690163	.000000
3.19484	.690341	.000000
3.19582	.690550	.000000
3.19681	.690594	.000000
3.19779	.690710	.000000
3.19878	.690900	.000000
3.19977	.690999	.000000
3.20075	.691091	.000000
3.20174	.691141	.000000
3.20273	.691182	.000000
3.20372	.691352	.000000
3.20471	.691550	.000000
3.2057	.691714	.000000
3.20669	.691826	.000000
3.20769	.691905	.000000
3.20868	.692018	.000000
3.20967	.692067	.000000
3.21067	.692097	.000000
3.21166	.692202	.000000
3.21266	.692292	.000000
3.21365	.692472	.000000
3.21465	.692733	.000000
3.21564	.692863	.000000
3.21664	.692856	.000000
3.21764	.692873	.000000
3.21864	.693002	.000000
3.21964	.693132	.000000
3.22064	.693128	.000000
3.22164	.693181	.000000
3.22264	.693351	.000000
3.22364	.693521	.000000
3.22464	.693588	.000000
3.22565	.693652	.000000
3.22665	.693715	.000000
3.22765	.693744	.000000
3.22866	.693881	.000000
3.22967	.694005	.000000
3.23067	.694110	.000000
3.23168	.694179	.000000
3.23269	.694258	.000000
3.23369	.694371	.000000
3.2347	.694373	.000000
3.23571	.694387	.000000
3.23672	.694523	.000000
3.23773	.694645	.000000
3.23874	.694726	.000000
3.23976	.694788	.000000
3.24077	.694878	.000000
3.24178	.694985	.000000
3.24279	.694971	.000000
3.24381	.695015	.000000
3.24482	.695092	.000000
3.24584	.695141	.000000
3.24686	.695258	.000000
3.24787	.695329	.000000
3.24889	.695345	.000000
3.24991	.695475	.000000
3.25093	.695651	.000000
3.25195	.695765	.000000
3.25297	.695799	.000000
3.25399	.695787	.000000
3.25501	.695860	.000000
3.25603	.695989	.000000
3.25705	.696046	.000000
3.25808	.696052	.000000
3.2591	.696159	.000000
3.26013	.696194	.000000
3.26115	.696210	.000000
3.26218	.696230	.000000
3.2632	.696249	.000000
3.26423	.696390	.000000
3.26526	.696575	.000000
3.26629	.696627	.000000
3.26732	.696621	.000000
3.26835	.696785	.000000
3.26938	.696860	.000000
3.27041	.696787	.000000
3.27144	.696862	.000000
3.27247	.696953	.000000
3.27351	.696895	.000000
3.27454	.696972	.000000
3.27557	.697215	.000000
3.27661	.697368	.000000
3.27764	.697366	.000000
3.27868	.697350	.000000
3.27972	.697326	.000000
3.28076	.697435	.000000
3.28179	.697530	.000000
3.28283	.697561	.000000
3.28387	.697703	.000000
3.28491	.697818	.000000
3.28595	.697761	.000000
3.28699	.697765	.000000
3.28804	.697806	.000000
3.28908	.697773	.000000
3.29012	.697745	.000000
3.29117	.697735	.000000
3.29221	.697755	.000000
3.29326	.697818	.000000
3.2943	.697921	.000000
3.29535	.698008	.000000
3.2964	.697988	.000000
3.29745	.697990	.000000
3.2985	.698006	.000000
3.29955	.697942	.000000
3.3006	.697917	.000000
3.30165	.697976	.000000
3.3027	.698012	.000000
3.30375	.698016	.000000
3.3048	.697988	.000000
3.30586	.698077	.000000
3.30691	.698124	.000000
3.30797	.698071	.000000
3.30902	.697992	.000000
3.31008	.697996	.000000
3.31114	.697976	.000000
3.31219	.697913	.000000
3.31325	.697915	.000000
3.31431	.697970	.000000
3.31537	.697937	.000000
3.31643	.697941	.000000
3.31749	.697954	.000000
3.31855	.697917	.000000
3.31961	.697848	.000000
3.32068	.697887	.000000
3.32174	.697925	.000000
3.32281	.697828	.000000
3.32387	.697773	.000000
3.32494	.697757	.000000
3.326	.697729	.000000
3.32707	.697656	.000000
3.32814	.697563	.000000
3.32921	.697561	.000000
3.33028	.697522	.000000
3.33135	.697470	.000000
3.33242	.697387	.000000
3.33349	.697330	.000000
3.33456	.697324	.000000
3.33563	.697257	.000000
3.33671	.697083	.000000
3.33778	.697095	.000000
3.33885	.697095	.000000
3.33993	.697008	.000000
3.34101	.696927	.000000
3.34208	.696824	.000000
3.34316	.696739	.000000
3.34424	.696552	.000000
3.34532	.696431	.000000
3.3464	.696340	.000000
3.34748	.696279	.000000
3.34856	.696212	.000000
3.34964	.696127	.000000
3.35072	.696030	.000000
3.35181	.695927	.000000
3.35289	.695777	.000000
3.35397	.695564	.000000
3.35506	.695554	.000000
3.35615	.695491	.000000
3.35723	.695208	.000000
3.35832	.695058	.000000
3.35941	.694969	.000000
3.3605	.694821	.000000
3.36158	.694624	.000000
3.36267	.694424	.000000
3.36377	.694234	.000000
3.36486	.693946	.000000
3.36595	.693683	.000000
3.36704	.693492	.000000
3.36814	.693237	.000000
3.36923	.693037	.000000
3.37033	.692887	.000000
3.37142	.692703	.000000
3.37252	.692541	.000000
3.37361	.692453	.000000
3.37471	.692441	.000000
3.37581	.692356	.000000
3.37691	.692377	.000000
3.37801	.692427	.000000
3.37911	.692326	.000000
3.38021	.692379	.000000
3.38131	.692620	.000000
3.38242	.692773	.000000
3.38352	.692812	.000000
3.38463	.692856	.000000
3.38573	.692940	.000000
3.38684	.693037	.000000
3.38794	.693132	.000000
3.38905	.693203	.000000
3.39016	.693215	.000000
3.39127	.693146	.000000
3.39238	.693093	.000000
3.39349	.692970	.000000
3.3946	.692798	.000000
3.39571	.692611	.000000
3.39682	.692373	.000000
3.39794	.692186	.000000
3.39905	.691972	.000000
3.40016	.691712	.000000
3.40128	.691417	.000000
3.4024	.691127	.000000
3.40351	.690831	.000000
3.40463	.690465	.000000
3.40575	.690119	.000000
3.40687	.689817	.000000
3.40799	.689525	.000000
3.40911	.689262	.000000
3.41023	.688983	.000000
3.41135	.688721	.000000
3.41247	.688523	.000000
3.4136	.688385	.000000
3.41472	.688324	.000000
3.41584	.688286	.000000
3.41697	.688337	.000000
3.4181	.688600	.000000
3.41922	.688772	.000000
3.42035	.688978	.000000
3.42148	.689286	.000000
3.42261	.689602	.000000
3.42374	.689997	.000000
3.42487	.690398	.000000
3.426	.690750	.000000
3.42713	.691204	.000000
3.42827	.691664	.000000
3.4294	.692018	.000000
3.43053	.692360	.000000
3.43167	.692723	.000000
3.43281	.693002	.000000
3.43394	.693213	.000000
3.43508	.693503	.000000
3.43622	.693820	.000000
3.43736	.694120	.000000
3.4385	.694292	.000000
3.43964	.694412	.000000
3.44078	.694564	.000000
3.44192	.694722	.000000
3.44306	.694873	.000000
3.44421	.695070	.000000
3.44535	.695264	.000000
3.4465	.695372	.000000
3.44764	.695475	.000000
3.44879	.695665	.000000
3.44994	.695744	.000000
3.45109	.695811	.000000
3.45223	.695945	.000000
3.45338	.696050	.000000
3.45453	.696074	.000000
3.45569	.696121	.000000
3.45684	.696194	.000000
3.45799	.696257	.000000
3.45914	.696257	.000000
3.4603	.696247	.000000
3.46145	.696354	.000000
3.46261	.696407	.000000
3.46377	.696328	.000000
3.46492	.696259	.000000
3.46608	.696271	.000000
3.46724	.696206	.000000
3.4684	.696056	.000000
3.46956	.695957	.000000
3.47072	.695862	.000000
3.47188	.695789	.000000
3.47305	.695762	.000000
3.47421	.695641	.000000
3.47537	.695528	.000000
3.47654	.695451	.000000
3.47771	.695426	.000000
3.47887	.695353	.000000
3.48004	.695258	.000000
3.48121	.695222	.000000
3.48238	.695183	.000000
3.48355	.695137	.000000
3.48472	.695153	.000000
3.48589	.695068	.000000
3.48706	.694904	.000000
3.48823	.694792	.000000
3.48941	.694630	.000000
3.49058	.694398	.000000
3.49176	.694181	.000000
3.49293	.693974	.000000
3.49411	.693705	.000000
3.49529	.693422	.000000
3.49647	.693162	.000000
3.49765	.692933	.000000
3.49883	.692699	.000000
3.50001	.692510	.000000
3.50119	.692413	.000000
3.50237	.692320	.000000
3.50356	.692348	.000000
3.50474	.692456	.000000
3.50593	.692620	.000000
3.50711	.692842	.000000
3.5083	.693106	.000000
3.50948	.693389	.000000
3.51067	.693656	.000000
3.51186	.693857	.000000
3.51305	.693991	.000000
3.51424	.694195	.000000
3.51543	.694450	.000000
3.51663	.694724	.000000
3.51782	.695009	.000000
3.51901	.695266	.000000
3.52021	.695503	.000000
3.5214	.695724	.000000
3.5226	.695868	.000000
3.5238	.696030	.000000
3.52499	.696210	.000000
3.52619	.696366	.000000
3.52739	.696510	.000000
3.52859	.696627	.000000
3.52979	.696710	.000000
3.53099	.696862	.000000
3.5322	.696955	.000000
3.5334	.697075	.000000
3.53461	.697178	.000000
3.53581	.697259	.000000
3.53702	.697344	.000000
3.53822	.697395	.000000
3.53943	.697415	.000000
3.54064	.697500	.000000
3.54185	.697624	.000000
3.54306	.697630	.000000
3.54427	.697587	.000000
3.54548	.697545	.000000
3.54669	.697539	.000000
3.54791	.697516	.000000
3.54912	.697559	.000000
3.55034	.697668	.000000
3.55155	.697634	.000000
3.55277	.697575	.000000
3.55399	.697618	.000000
3.55521	.697573	.000000
3.55643	.697421	.000000
3.55765	.697387	.000000
3.55887	.697423	.000000
3.56009	.697405	.000000
3.56131	.697374	.000000
3.56254	.697338	.000000
3.56376	.697314	.000000
3.56499	.697180	.000000
3.56621	.697119	.000000
3.56744	.697119	.000000
3.56867	.697085	.000000
3.56989	.697020	.000000
3.57112	.697010	.000000
3.57235	.696980	.000000
3.57359	.696931	.000000
3.57482	.696870	.000000
3.57605	.696793	.000000
3.57728	.696775	.000000
3.57852	.696739	.000000
3.57975	.696647	.000000
3.58099	.696568	.000000
3.58223	.696465	.000000
3.58346	.696406	.000000
3.5847	.696415	.000000
3.58594	.696327	.000000
3.58718	.696226	.000000
3.58842	.696133	.000000
3.58967	.695951	.000000
3.59091	.695787	.000000
3.59215	.695730	.000000
3.5934	.695720	.000000
3.59464	.695692	.000000
3.59589	.695584	.000000
3.59714	.695447	.000000
3.59839	.695272	.000000
3.59964	.695135	.000000
3.60089	.695042	.000000
3.60214	.694924	.000000
3.60339	.694880	.000000
3.60464	.694853	.000000
3.60589	.694772	.000000
3.60715	.694630	.000000
3.6084	.694426	.000000
3.60966	.694185	.000000
3.61092	.693914	.000000
3.61218	.693859	.000000
3.61343	.693837	.000000
3.61469	.693719	.000000
3.61595	.693545	.000000
3.61721	.693460	.000000
3.61848	.693355	.000000
3.61974	.693120	.000000
3.621	.692948	.000000
3.62227	.692800	.000000
3.62353	.692626	.000000
3.6248	.692482	.000000
3.62607	.692350	.000000
3.62734	.692208	.000000
3.62861	.692061	.000000
3.62988	.691888	.000000
3.63115	.691749	.000000
3.63242	.691591	.000000
3.63369	.691413	.000000
3.63497	.691311	.000000
3.63624	.691186	.000000
3.63752	.691024	.000000
3.63879	.690831	.000000
3.64007	.690682	.000000
3.64135	.690542	.000000
3.64263	.690390	.000000
3.64391	.690208	.000000
3.64519	.690032	.000000
3.64647	.689898	.000000
3.64775	.689762	.000000
3.64904	.689598	.000000
3.65032	.689479	.000000
3.65161	.689373	.000000
3.65289	.689290	.000000
3.65418	.689197	.000000
3.65547	.689027	.000000
3.65676	.688887	.000000
3.65805	.688780	.000000
3.65934	.688742	.000000
3.66063	.688646	.000000
3.66192	.688389	.000000
3.66322	.688185	.000000
3.66451	.688175	.000000
3.66581	.688114	.000000
3.6671	.687897	.000000
3.6684	.687664	.000000
3.6697	.687508	.000000
3.671	.687452	.000000
3.6723	.687366	.000000
3.6736	.687142	.000000
3.6749	.686964	.000000
3.6762	.686856	.000000
3.67751	.686739	.000000
3.67881	.686528	.000000
3.68012	.686287	.000000
3.68142	.686087	.000000
3.68273	.685894	.000000
3.68404	.685716	.000000
3.68535	.685568	.000000
3.68666	.685406	.000000
3.68797	.685147	.000000
3.68928	.684890	.000000
3.6906	.684732	.000000
3.69191	.684556	.000000
3.69322	.684327	.000000
3.69454	.684102	.000000
3.69586	.683954	.000000
3.69717	.683792	.000000
3.69849	.683523	.000000
3.69981	.683219	.000000
3.70113	.682980	.000000
3.70245	.682768	.000000
3.70378	.682587	.000000
3.7051	.682433	.000000
3.70642	.682219	.000000
3.70775	.681935	.000000
3.70908	.681721	.000000
3.7104	.681514	.000000
3.71173	.681245	.000000
3.71306	.681044	.000000
3.71439	.680785	.000000
3.71572	.680586	.000000
3.71705	.680455	.000000
3.71839	.680234	.000000
3.71972	.679991	.000000
3.72105	.679823	.000000
3.72239	.679608	.000000
3.72373	.679335	.000000
3.72506	.679110	.000000
3.7264	.678979	.000000
3.72774	.678770	.000000
3.72908	.678511	.000000
3.73043	.678173	.000000
3.73177	.677944	.000000
3.73311	.677849	.000000
3.73446	.677721	.000000
3.7358	.677391	.000000
3.73715	.677057	.000000
3.7385	.676862	.000000
3.73984	.676700	.000000
3.74119	.676492	.000000
3.74254	.676241	.000000
3.74389	.675961	.000000
3.74525	.675688	.000000
3.7466	.675497	.000000
3.74795	.675315	.000000
3.74931	.675068	.000000
3.75067	.674803	.000000
3.75202	.674621	.000000
3.75338	.674357	.000000
3.75474	.674039	.000000
3.7561	.673806	.000000
3.75746	.673559	.000000
3.75882	.673302	.000000
3.76019	.673061	.000000
3.76155	.672879	.000000
3.76291	.672685	.000000
3.76428	.672490	.000000
3.76565	.672273	.000000
3.76701	.672010	.000000
3.76838	.671690	.000000
3.76975	.671474	.000000
3.77112	.671265	.000000
3.7725	.671004	.000000
3.77387	.670682	.000000
3.77524	.670394	.000000
3.77662	.670153	.000000
3.77799	.669973	.000000
3.77937	.669766	.000000
3.78075	.669463	.000000
3.78213	.669254	.000000
3.78351	.669080	.000000
3.78489	.668817	.000000
3.78627	.668495	.000000
3.78765	.668223	.000000
3.78904	.668019	.000000
3.79042	.667689	.000000
3.79181	.667340	.000000
3.7932	.667132	.000000
3.79459	.666925	.000000
3.79597	.666711	.000000
3.79736	.666490	.000000
3.79876	.666316	.000000
3.80015	.666085	.000000
3.80154	.665858	.000000
3.80293	.665623	.000000
3.80433	.665370	.000000
3.80573	.665117	.000000
3.80712	.664904	.000000
3.80852	.664706	.000000
3.80992	.664461	.000000
3.81132	.664206	.000000
3.81272	.664025	.000000
3.81413	.663888	.000000
3.81553	.663616	.000000
3.81693	.663393	.000000
3.81834	.663197	.000000
3.81974	.662952	.000000
3.82115	.662737	.000000
3.82256	.662589	.000000
3.82397	.662375	.000000
3.82538	.662180	.000000
3.82679	.661974	.000000
3.82821	.661804	.000000
3.82962	.661711	.000000
3.83103	.661522	.000000
3.83245	.661401	.000000
3.83387	.661320	.000000
3.83528	.661182	.000000
3.8367	.661024	.000000
3.83812	.660872	.000000
3.83954	.660739	.000000
3.84097	.660623	.000000
3.84239	.660512	.000000
3.84381	.660431	.000000
3.84524	.660342	.000000
3.84667	.660253	.000000
3.84809	.660121	.000000
3.84952	.659947	.000000
3.85095	.659858	.000000
3.85238	.659795	.000000
3.85382	.659714	.000000
3.85525	.659552	.000000
3.85668	.659404	.000000
3.85812	.659341	.000000
3.85955	.659214	.000000
3.86099	.659112	.000000
3.86243	.659044	.000000
3.86387	.658918	.000000
3.86531	.658825	.000000
3.86675	.658716	.000000
3.86819	.658643	.000000
3.86963	.658626	.000000
3.87108	.658570	.000000
3.87252	.658446	.000000
3.87397	.658266	.000000
3.87542	.658142	.000000
3.87687	.658076	.000000
3.87832	.657997	.000000
3.87977	.657909	.000000
3.88122	.657853	.000000
3.88267	.657778	.000000
3.88413	.657671	.000000
3.88558	.657535	.000000
3.88704	.657373	.000000
3.8885	.657280	.000000
3.88996	.657182	.000000
3.89142	.657091	.000000
3.89288	.656998	.000000
3.89434	.656877	.000000
3.8958	.656723	.000000
3.89727	.656605	.000000
3.89873	.656510	.000000
3.9002	.656441	.000000
3.90167	.656289	.000000
3.90313	.656107	.000000
3.9046	.655961	.000000
3.90607	.655838	.000000
3.90755	.655668	.000000
3.90902	.655532	.000000
3.91049	.655380	.000000
3.91197	.655196	.000000
3.91344	.655012	.000000
3.91492	.654898	.000000
3.9164	.654805	.000000
3.91788	.654621	.000000
3.91936	.654487	.000000
3.92084	.654355	.000000
3.92233	.654159	.000000
3.92381	.653973	.000000
3.9253	.653823	.000000
3.92678	.653687	.000000
3.92827	.653586	.000000
3.92976	.653448	.000000
3.93125	.653227	.000000
3.93274	.653001	.000000
3.93423	.652814	.000000
3.93573	.652679	.000000
3.93722	.652484	.000000
3.93872	.652255	.000000
3.94021	.652051	.000000
3.94171	.651810	.000000
3.94321	.651541	.000000
3.94471	.651300	.000000
3.94621	.651057	.000000
3.94771	.650860	.000000
3.94922	.650627	.000000
3.95072	.650332	.000000
3.95223	.649991	.000000
3.95373	.649686	.000000
3.95524	.649441	.000000
3.95675	.649167	.000000
3.95826	.648898	.000000
3.95977	.648521	.000000
3.96128	.648161	.000000
3.9628	.647889	.000000
3.96431	.647563	.000000
3.96583	.647237	.000000
3.96735	.646842	.000000
3.96886	.646470	.000000
3.97038	.646158	.000000
3.97191	.645757	.000000
3.97343	.645322	.000000
3.97495	.644935	.000000
3.97647	.644528	.000000
3.978	.644032	.000000
3.97953	.643572	.000000
3.98105	.643163	.000000
3.98258	.642640	.000000
3.98411	.642130	.000000
3.98565	.641660	.000000
3.98718	.641241	.000000
3.98871	.640797	.000000
3.99025	.640257	.000000
3.99178	.639742	.000000
3.99332	.639267	.000000
3.99486	.638760	.000000
3.9964	.638292	.000000
3.99794	.637879	.000000
3.99948	.637488	.000000
4.00102	.637085	.000000
4.00257	.636642	.000000
4.00411	.636265	.000000
4.00566	.635858	.000000
4.00721	.635417	.000000
4.00876	.635095	.000000
4.01031	.634846	.000000
4.01186	.634585	.000000
4.01341	.634390	.000000
4.01497	.634242	.000000
4.01652	.634090	.000000
4.01808	.634032	.000000
4.01964	.633961	.000000
4.02119	.633900	.000000
4.02275	.633898	.000000
4.02431	.633949	.000000
4.02588	.634058	.000000
4.02744	.634186	.000000
4.02901	.634281	.000000
4.03057	.634423	.000000
4.03214	.634524	.000000
4.03371	.634728	.000000
4.03528	.634907	.000000
4.03685	.635000	.000000
4.03842	.635103	.000000
4.03999	.635281	.000000
4.04157	.635449	.000000
4.04314	.635557	.000000
4.04472	.635660	.000000
4.0463	.635745	.000000
4.04788	.635765	.000000
4.04946	.635787	.000000
4.05104	.635848	.000000
4.05262	.635858	.000000
4.05421	.635879	.000000
4.05579	.635846	.000000
4.05738	.635767	.000000
4.05897	.635761	.000000
4.06056	.635698	.000000
4.06215	.635589	.000000
4.06374	.635461	.000000
4.06534	.635354	.000000
4.06693	.635279	.000000
4.06853	.635168	.000000
4.07012	.635062	.000000
4.07172	.634957	.000000
4.07332	.634785	.000000
4.07492	.634651	.000000
4.07652	.634493	.000000
4.07813	.634212	.000000
4.07973	.634009	.000000
4.08134	.633841	.000000
4.08294	.633592	.000000
4.08455	.633400	.000000
4.08616	.633242	.000000
4.08777	.633045	.000000
4.08938	.632821	.000000
4.091	.632576	.000000
4.09261	.632316	.000000
4.09423	.632118	.000000
4.09584	.631907	.000000
4.09746	.631630	.000000
4.09908	.631292	.000000
4.1007	.630994	.000000
4.10233	.630783	.000000
4.10395	.630579	.000000
4.10557	.630316	.000000
4.1072	.630026	.000000
4.10883	.629734	.000000
4.11046	.629451	.000000
4.11209	.629115	.000000
4.11372	.628825	.000000
4.11535	.628629	.000000
4.11698	.628453	.000000
4.11862	.628104	.000000
4.12025	.627717	.000000
4.12189	.627408	.000000
4.12353	.627096	.000000
4.12517	.626853	.000000
4.12682	.626618	.000000
4.12846	.626330	.000000
4.1301	.626031	.000000
4.13175	.625684	.000000
4.1334	.625348	.000000
4.13504	.625085	.000000
4.13669	.624809	.000000
4.13834	.624544	.000000
4.14	.624188	.000000
4.14165	.623777	.000000
4.1433	.623467	.000000
4.14496	.623151	.000000
4.14662	.622829	.000000
4.14828	.622547	.000000
4.14994	.622240	.000000
4.1516	.621911	.000000
4.15326	.621620	.000000
4.15493	.621282	.000000
4.15659	.621018	.000000
4.15826	.620729	.000000
4.15993	.620356	.000000
4.1616	.619984	.000000
4.16327	.619678	.000000
4.16494	.619346	.000000
4.16661	.619062	.000000
4.16829	.618777	.000000
4.16996	.618453	.000000
4.17164	.618084	.000000
4.17332	.617782	.000000
4.175	.617481	.000000
4.17668	.617126	.000000
4.17836	.616790	.000000
4.18005	.616517	.000000
4.18173	.616231	.000000
4.18342	.615915	.000000
4.18511	.615611	.000000
4.1868	.615332	.000000
4.18849	.615012	.000000
4.19018	.614633	.000000
4.19188	.614297	.000000
4.19357	.614052	.000000
4.19527	.613789	.000000
4.19697	.613493	.000000
4.19867	.613161	.000000
4.20037	.612859	.000000
4.20207	.612598	.000000
4.20377	.612280	.000000
4.20548	.611912	.000000
4.20718	.611662	.000000
4.20889	.611409	.000000
4.2106	.611027	.000000
4.21231	.610646	.000000
4.21402	.610340	.000000
4.21574	.610121	.000000
4.21745	.609937	.000000
4.21917	.609605	.000000
4.22088	.609236	.000000
4.2226	.608919	.000000
4.22432	.608605	.000000
4.22604	.608256	.000000
4.22777	.607888	.000000
4.22949	.607548	.000000
4.23122	.607179	.000000
4.23294	.606794	.000000
4.23467	.606535	.000000
4.2364	.606166	.000000
4.23813	.605630	.000000
4.23987	.605198	.000000
4.2416	.604840	.000000
4.24334	.604534	.000000
4.24507	.604172	.000000
4.24681	.603714	.000000
4.24855	.603362	.000000
4.25029	.603017	.000000
4.25204	.602541	.000000
4.25378	.602033	.000000
4.25553	.601652	.000000
4.25727	.601282	.000000
4.25902	.600857	.000000
4.26077	.600429	.000000
4.26252	.600075	.000000
4.26428	.599729	.000000
4.26603	.599423	.000000
4.26779	.599044	.000000
4.26954	.598619	.000000
4.2713	.598151	.000000
4.27306	.597813	.000000
4.27482	.597497	.000000
4.27659	.597082	.000000
4.27835	.596705	.000000
4.28012	.596436	.000000
4.28188	.596205	.000000
4.28365	.595903	.000000
4.28542	.595535	.000000
4.2872	.595203	.000000
4.28897	.594854	.000000
4.29075	.594548	.000000
4.29252	.594289	.000000
4.2943	.593986	.000000
4.29608	.593700	.000000
4.29786	.593337	.000000
4.29964	.592957	.000000
4.30142	.592667	.000000
4.30321	.592371	.000000
4.305	.592039	.000000
4.30678	.591703	.000000
4.30857	.591353	.000000
4.31036	.591031	.000000
4.31216	.590806	.000000
4.31395	.590523	.000000
4.31574	.590103	.000000
4.31754	.589721	.000000
4.31934	.589328	.000000
4.32114	.588963	.000000
4.32294	.588670	.000000
4.32474	.588372	.000000
4.32655	.588011	.000000
4.32835	.587608	.000000
4.33016	.587197	.000000
4.33197	.586888	.000000
4.33378	.586527	.000000
4.33559	.586112	.000000
4.33741	.585721	.000000
4.33922	.585278	.000000
4.34104	.584937	.000000
4.34286	.584597	.000000
4.34468	.584220	.000000
4.3465	.583840	.000000
4.34832	.583406	.000000
4.35014	.582975	.000000
4.35197	.582598	.000000
4.3538	.582212	.000000
4.35563	.581780	.000000
4.35746	.581363	.000000
4.35929	.581021	.000000
4.36112	.580628	.000000
4.36296	.580229	.000000
4.36479	.579852	.000000
4.36663	.579474	.000000
4.36847	.579085	.000000
4.37031	.578728	.000000
4.37215	.578400	.000000
4.374	.578032	.000000
4.37584	.577602	.000000
4.37769	.577197	.000000
4.37954	.576813	.000000
4.38139	.576477	.000000
4.38324	.576096	.000000
4.3851	.575669	.000000
4.38695	.575292	.000000
4.38881	.574948	.000000
4.39067	.574543	.000000
4.39253	.574206	.000000
4.39439	.573882	.000000
4.39625	.573490	.000000
4.39812	.573058	.000000
4.39998	.572769	.000000
4.40185	.572497	.000000
4.40372	.572066	.000000
4.40559	.571635	.000000
4.40746	.571276	.000000
4.40934	.570950	.000000
4.41121	.570610	.000000
4.41309	.570189	.000000
4.41497	.569814	.000000
4.41685	.569526	.000000
4.41873	.569136	.000000
4.42061	.568725	.000000
4.4225	.568366	.000000
4.42439	.568050	.000000
4.42627	.567714	.000000
4.42817	.567339	.000000
4.43006	.566963	.000000
4.43195	.566554	.000000
4.43385	.566169	.000000
4.43574	.565833	.000000
4.43764	.565521	.000000
4.43954	.565201	.000000
4.44144	.564842	.000000
4.44334	.564431	.000000
4.44525	.564028	.000000
4.44716	.563650	.000000
4.44906	.563275	.000000
4.45097	.562884	.000000
4.45288	.562497	.000000
4.4548	.562100	.000000
4.45671	.561730	.000000
4.45863	.561363	.000000
4.46055	.561019	.000000
4.46247	.560616	.000000
4.46439	.560205	.000000
4.46631	.559857	.000000
4.46824	.559466	.000000
4.47016	.559103	.000000
4.47209	.558773	.000000
4.47402	.558340	.000000
4.47595	.557878	.000000
4.47788	.557414	.000000
4.47982	.557048	.000000
4.48175	.556730	.000000
4.48369	.556341	.000000
4.48563	.555926	.000000
4.48757	.555505	.000000
4.48952	.555126	.000000
4.49146	.554715	.000000
4.49341	.554282	.000000
4.49535	.553883	.000000
4.4973	.553465	.000000
4.49925	.553008	.000000
4.50121	.552603	.000000
4.50316	.552305	.000000
4.50512	.551908	.000000
4.50708	.551410	.000000
4.50904	.550987	.000000
4.511	.550590	.000000
4.51296	.550193	.000000
4.51493	.549760	.000000
4.51689	.549330	.000000
4.51886	.548925	.000000
4.52083	.548437	.000000
4.5228	.547935	.000000
4.52478	.547518	.000000
4.52675	.547159	.000000
4.52873	.546730	.000000
4.53071	.546254	.000000
4.53269	.545772	.000000
4.53467	.545349	.000000
4.53665	.544913	.000000
4.53864	.544482	.000000
4.54063	.543968	.000000
4.54262	.543455	.000000
4.54461	.543036	.000000
4.5466	.542572	.000000
4.5486	.542082	.000000
4.55059	.541582	.000000
4.55259	.541139	.000000
4.55459	.540750	.000000
4.55659	.540278	.000000
4.55859	.539867	.000000
4.5606	.539401	.000000
4.5626	.538929	.000000
4.56461	.538494	.000000
4.56662	.538065	.000000
4.56863	.537556	.000000
4.57065	.537080	.000000
4.57266	.536596	.000000
4.57468	.536127	.000000
4.5767	.535630	.000000
4.57872	.535199	.000000
4.58074	.534814	.000000
4.58277	.534428	.000000
4.58479	.533992	.000000
4.58682	.533514	.000000
4.58885	.533051	.000000
4.59088	.532601	.000000
4.59292	.532172	.000000
4.59495	.531761	.000000
4.59699	.531293	.000000
4.59903	.530871	.000000
4.60107	.530442	.000000
4.60311	.529989	.000000
4.60515	.529598	.000000
4.6072	.529217	.000000
4.60925	.528834	.000000
4.6113	.528464	.000000
4.61335	.528049	.000000
4.6154	.527662	.000000
4.61746	.527230	.000000
4.61952	.526825	.000000
4.62157	.526453	.000000
4.62363	.526034	.000000
4.6257	.525608	.000000
4.62776	.525215	.000000
4.62983	.524853	.000000
4.6319	.524517	.000000
4.63397	.524158	.000000
4.63604	.523778	.000000
4.63811	.523350	.000000
4.64019	.522953	.000000
4.64227	.522652	.000000
4.64434	.522344	.000000
4.64643	.522010	.000000
4.64851	.521609	.000000
4.65059	.521228	.000000
4.65268	.520916	.000000
4.65477	.520542	.000000
4.65686	.520151	.000000
4.65895	.519756	.000000
4.66104	.519395	.000000
4.66314	.519075	.000000
4.66524	.518697	.000000
4.66734	.518255	.000000
4.66944	.517822	.000000
4.67154	.517474	.000000
4.67365	.517125	.000000
4.67576	.516755	.000000
4.67787	.516402	.000000
4.67998	.515969	.000000
4.68209	.515554	.000000
4.68421	.515195	.000000
4.68632	.514841	.000000
4.68844	.514424	.000000
4.69056	.513897	.000000
4.69268	.513484	.000000
4.69481	.513099	.000000
4.69693	.512692	.000000
4.69906	.512336	.000000
4.70119	.511898	.000000
4.70333	.511445	.000000
4.70546	.511036	.000000
4.7076	.510590	.000000
4.70973	.510066	.000000
4.71187	.509566	.000000
4.71402	.509154	.000000
4.71616	.508762	.000000
4.71831	.508298	.000000
4.72045	.507881	.000000
4.7226	.507407	.000000
4.72476	.506860	.000000
4.72691	.506348	.000000
4.72907	.505890	.000000
4.73122	.505451	.000000
4.73338	.504916	.000000
4.73555	.504335	.000000
4.73771	.503839	.000000
4.73987	.503385	.000000
4.74204	.502856	.000000
4.74421	.502299	.000000
4.74638	.501767	.000000
4.74856	.501170	.000000
4.75073	.500588	.000000
4.75291	.500037	.000000
4.75509	.499509	.000000
4.75727	.498932	.000000
4.75945	.498375	.000000
4.76164	.497790	.000000
4.76383	.497198	.000000
4.76602	.496625	.000000
4.76821	.495995	.000000
4.7704	.495311	.000000
4.7726	.494633	.000000
4.77479	.493968	.000000
4.77699	.493278	.000000
4.7792	.492551	.000000
4.7814	.491818	.000000
4.7836	.490977	.000000
4.78581	.490206	.000000
4.78802	.489497	.000000
4.79023	.488656	.000000
4.79245	.487747	.000000
4.79466	.486850	.000000
4.79688	.485975	.000000
4.7991	.485060	.000000
4.80132	.484086	.000000
4.80355	.483110	.000000
4.80577	.482142	.000000
4.808	.481172	.000000
4.81023	.480163	.000000
4.81246	.479070	.000000
4.8147	.477909	.000000
4.81694	.476844	.000000
4.81917	.475643	.000000
4.82141	.474341	.000000
4.82366	.473035	.000000
4.8259	.471717	.000000
4.82815	.470289	.000000
4.8304	.468717	.000000
4.83265	.467112	.000000
4.8349	.465491	.000000
4.83716	.463738	.000000
4.83942	.461798	.000000
4.84168	.459702	.000000
4.84394	.457547	.000000
4.8462	.455271	.000000
4.84847	.452824	.000000
4.85074	.450127	.000000
4.85301	.447156	.000000
4.85528	.443991	.000000
4.85755	.440686	.000000
4.85983	.437134	.000000
4.86211	.433373	.000000
4.86439	.429344	.000000
4.86667	.425123	.000000
4.86896	.420648	.000000
4.87124	.416008	.000000
4.87353	.411213	.000000
4.87582	.406335	.000000
4.87812	.401379	.000000
4.88041	.396349	.000000
4.88271	.391320	.000000
4.88501	.386349	.000000
4.88732	.381412	.000000
4.88962	.376628	.000000
4.89193	.371953	.000000
4.89423	.367437	.000000
4.89655	.363180	.000000
4.89886	.359180	.000000
4.90117	.355229	.000000
4.90349	.351436	.000000
4.90581	.347856	.000000
4.90813	.344395	.000000
4.91046	.341025	.000000
4.91278	.337818	.000000
4.91511	.334681	.000000
4.91744	.331617	.000000
4.91977	.328597	.000000
4.92211	.325572	.000000
4.92444	.322702	.000000
4.92679	.319916	.000000
4.92913	.317182	.000000
4.93147	.314618	.000000
4.93382	.312245	.000000
4.93617	.310135	.000000
4.93852	.308361	.000000
4.94087	.307010	.000000
4.94322	.306058	.000000
4.94558	.305517	.000000
4.94794	.305370	.000000
4.9503	.305615	.000000
4.95267	.306230	.000000
4.95503	.307103	.000000
4.9574	.308118	.000000
4.95977	.309217	.000000
4.96215	.310392	.000000
4.96452	.311631	.000000
4.9669	.312972	.000000
4.96928	.314361	.000000
4.97166	.315744	.000000
4.97404	.317087	.000000
4.97643	.318450	.000000
4.97882	.319778	.000000
4.98121	.321036	.000000
4.9836	.322283	.000000
4.986	.323516	.000000
4.9884	.324661	.000000
4.9908	.325748	.000000
4.9932	.326886	.000000
4.99561	.327988	.000000
4.99802	.329010	.000000
5.00043	.329958	.000000
5.00284	.330839	.000000
5.00525	.331667	.000000
5.00767	.332469	.000000
5.01009	.333312	.000000
5.01251	.334037	.000000
5.01493	.334658	.000000
5.01736	.335290	.000000
5.01979	.335849	.000000
5.02222	.336432	.000000
5.02465	.336967	.000000
5.02709	.337419	.000000
5.02953	.337838	.000000
5.03197	.338162	.000000
5.03441	.338427	.000000
5.03685	.338729	.000000
5.0393	.338921	.000000
5.04175	.339079	.000000
5.0442	.339162	.000000
5.04666	.339225	.000000
5.04911	.339227	.000000
5.05157	.339138	.000000
5.05404	.339006	.000000
5.0565	.338777	.000000
5.05896	.338563	.000000
5.06143	.338310	.000000
5.06391	.337899	.000000
5.06638	.337490	.000000
5.06886	.337016	.000000
5.07134	.336424	.000000
5.07382	.335882	.000000
5.0763	.335337	.000000
5.07879	.334636	.000000
5.08127	.333800	.000000
5.08377	.332955	.000000
5.08626	.332139	.000000
5.08875	.331315	.000000
5.09125	.330444	.000000
5.09375	.329494	.000000
5.09625	.328518	.000000
5.09876	.327494	.000000
5.10127	.326487	.000000
5.10378	.325448	.000000
5.10629	.324395	.000000
5.10881	.323314	.000000
5.11133	.322235	.000000
5.11385	.321161	.000000
5.11637	.320021	.000000
5.11889	.318818	.000000
5.12142	.317646	.000000
5.12395	.316453	.000000
5.12649	.315167	.000000
5.12902	.313879	.000000
5.13156	.312561	.000000
5.1341	.311159	.000000
5.13664	.309693	.000000
5.13919	.308247	.000000
5.14173	.306728	.000000
5.14428	.305189	.000000
5.14684	.303729	.000000
5.14939	.302299	.000000
5.15195	.300858	.000000
5.15451	.299385	.000000
5.15708	.298010	.000000
5.15964	.296696	.000000
5.16221	.295347	.000000
5.16478	.293861	.000000
5.16735	.292460	.000000
5.16993	.291074	.000000
5.17251	.289679	.000000
5.17509	.288249	.000000
5.17767	.286727	.000000
5.18026	.285183	.000000
5.18285	.283600	.000000
5.18544	.281949	.000000
5.18803	.280303	.000000
5.19063	.278642	.000000
5.19323	.276897	.000000
5.19583	.275159	.000000
5.19844	.273531	.000000
5.20104	.272111	.000000
5.20365	.270773	.000000
5.20626	.269469	.000000
5.20888	.268284	.000000
5.2115	.267300	.000000
5.21412	.266372	.000000
5.21674	.265639	.000000
5.21936	.265068	.000000
5.22199	.264602	.000000
5.22462	.264307	.000000
5.22726	.264133	.000000
5.22989	.264102	.000000
5.23253	.264114	.000000
5.23517	.264167	.000000
5.23782	.264313	.000000
5.24046	.264538	.000000
5.24311	.264722	.000000
5.24577	.264922	.000000
5.24842	.265167	.000000
5.25108	.265368	.000000
5.25374	.265562	.000000
5.2564	.265759	.000000
5.25907	.265975	.000000
5.26174	.266204	.000000
5.26441	.266435	.000000
5.26708	.266660	.000000
5.26976	.266790	.000000
5.27243	.266887	.000000
5.27512	.266925	.000000
5.2778	.266897	.000000
5.28049	.266858	.000000
5.28318	.266862	.000000
5.28587	.266688	.000000
5.28856	.266360	.000000
5.29126	.266109	.000000
5.29396	.265852	.000000
5.29667	.265469	.000000
5.29937	.265095	.000000
5.30208	.264718	.000000
5.3048	.264376	.000000
5.30751	.263999	.000000
5.31023	.263651	.000000
5.31295	.263312	.000000
5.31567	.262999	.000000
5.3184	.262626	.000000
5.32113	.262284	.000000
5.32386	.261899	.000000
5.32659	.261459	.000000
5.32933	.260943	.000000
5.33207	.260354	.000000
5.33481	.259621	.000000
5.33756	.258738	.000000
5.34031	.257693	.000000
5.34306	.256573	.000000
5.34581	.255317	.000000
5.34857	.253898	.000000
5.35133	.252478	.000000
5.35409	.251067	.000000
5.35686	.249574	.000000
5.35963	.248110	.000000
5.3624	.246691	.000000
5.36517	.245318	.000000
5.36795	.244013	.000000
5.37073	.242796	.000000
5.37351	.241630	.000000
5.3763	.240429	.000000
5.37908	.239289	.000000
5.38188	.238128	.000000
5.38467	.236897	.000000
5.38747	.235676	.000000
5.39027	.234374	.000000
5.39307	.232985	.000000
5.39588	.231563	.000000
5.39869	.230046	.000000
5.4015	.228461	.000000
5.40431	.226861	.000000
5.40713	.225214	.000000
5.40995	.223657	.000000
5.41277	.222185	.000000
5.4156	.220735	.000000
5.41843	.219283	.000000
5.42126	.217908	.000000
5.4241	.216697	.000000
5.42694	.215591	.000000
5.42978	.214473	.000000
5.43262	.213479	.000000
5.43547	.212566	.000000
5.43832	.211717	.000000
5.44117	.210976	.000000
5.44403	.210377	.000000
5.44689	.209880	.000000
5.44975	.209461	.000000
5.45262	.209105	.000000
5.45548	.208959	.000000
5.45835	.208935	.000000
5.46123	.208947	.000000
5.46411	.208999	.000000
5.46699	.209164	.000000
5.46987	.209423	.000000
5.47276	.209666	.000000
5.47565	.209866	.000000
5.47854	.210111	.000000
5.48144	.210484	.000000
5.48433	.210788	.000000
5.48724	.211069	.000000
5.49014	.211332	.000000
5.49305	.211511	.000000
5.49596	.211717	.000000
5.49887	.211897	.000000
5.50179	.211942	.000000
5.50471	.211982	.000000
5.50764	.212017	.000000
5.51056	.211934	.000000
5.51349	.211748	.000000
5.51642	.211537	.000000
5.51936	.211278	.000000
5.5223	.210942	.000000
5.52524	.210571	.000000
5.52819	.210099	.000000
5.53113	.209546	.000000
5.53408	.208904	.000000
5.53704	.208198	.000000
5.54	.207286	.000000
5.54296	.206098	.000000
5.54592	.204753	.000000
5.54889	.203313	.000000
5.55186	.201606	.000000
5.55483	.199585	.000000
5.55781	.197325	.000000
5.56079	.194842	.000000
5.56377	.192147	.000000
5.56676	.189174	.000000
5.56975	.185956	.000000
5.57274	.182600	.000000
5.57574	.179034	.000000
5.57874	.175349	.000000
5.58174	.171823	.000000
5.58475	.168352	.000000
5.58776	.164923	.000000
5.59077	.161742	.000000
5.59378	.158881	.000000
5.5968	.156214	.000000
5.59982	.153836	.000000
5.60285	.151825	.000000
5.60588	.150142	.000000
5.60891	.148802	.000000
5.61194	.147795	.000000
5.61498	.147022	.000000
5.61802	.146493	.000000
5.62107	.146224	.000000
5.62412	.146208	.000000
5.62717	.146392	.000000
5.63022	.146663	.000000
5.63328	.147092	.000000
5.63634	.147775	.000000
5.63941	.148518	.000000
5.64248	.149573	.000000
5.64555	.150950	.000000
5.64863	.152388	.000000
5.6517	.154010	.000000
5.65478	.155792	.000000
5.65787	.157797	.000000
5.66096	.159956	.000000
5.66405	.162256	.000000
5.66714	.164705	.000000
5.67024	.167204	.000000
5.67334	.169707	.000000
5.67645	.172305	.000000
5.67956	.175114	.000000
5.68267	.177846	.000000
5.68578	.180511	.000000
5.6889	.183064	.000000
5.69203	.185600	.000000
5.69515	.188214	.000000
5.69828	.190719	.000000
5.70141	.193224	.000000
5.70455	.195778	.000000
5.70769	.198238	.000000
5.71083	.200749	.000000
5.71398	.203345	.000000
5.71713	.205729	.000000
5.72028	.208078	.000000
5.72344	.210443	.000000
5.7266	.212628	.000000
5.72976	.214704	.000000
5.73293	.216683	.000000
5.7361	.218509	.000000
5.73928	.220302	.000000
5.74245	.221853	.000000
5.74564	.223100	.000000
5.74882	.224218	.000000
5.75201	.225223	.000000
5.7552	.225919	.000000
5.7584	.226304	.000000
5.7616	.226413	.000000
5.7648	.226280	.000000
5.768	.226138	.000000
5.77122	.226024	.000000
5.77443	.225702	.000000
5.77765	.225133	.000000
5.78087	.224544	.000000
5.78409	.223957	.000000
5.78732	.223278	.000000
5.79055	.222558	.000000
5.79378	.221828	.000000
5.79702	.221063	.000000
5.80026	.220235	.000000
5.80351	.219370	.000000
5.80676	.218635	.000000
5.81001	.218007	.000000
5.81327	.217333	.000000
5.81653	.216664	.000000
5.81979	.216012	.000000
5.82306	.215445	.000000
5.82633	.215055	.000000
5.82961	.214556	.000000
5.83289	.214032	.000000
5.83617	.213562	.000000
5.83946	.212975	.000000
5.84275	.212290	.000000
5.84604	.211658	.000000
5.84933	.211021	.000000
5.85264	.210304	.000000
5.85594	.209544	.000000
5.85925	.208789	.000000
5.86256	.208222	.000000
5.86588	.207809	.000000
5.8692	.207464	.000000
5.87252	.207143	.000000
5.87585	.206847	.000000
5.87918	.206468	.000000
5.88251	.206247	.000000
5.88585	.206466	.000000
5.88919	.206598	.000000
5.89254	.206580	.000000
5.89589	.206446	.000000
5.89924	.206737	.000000
5.9026	.207171	.000000
5.90596	.207357	.000000
5.90933	.207487	.000000
5.9127	.207535	.000000
5.91607	.207489	.000000
5.91945	.207345	.000000
5.92283	.207061	.000000
5.92621	.206697	.000000
5.9296	.206205	.000000
5.93299	.205354	.000000
5.93639	.204411	.000000
5.93979	.203728	.000000
5.94319	.202934	.000000
5.9466	.202076	.000000
5.95001	.201134	.000000
5.95343	.200134	.000000
5.95685	.199070	.000000
5.96027	.197977	.000000
5.9637	.196790	.000000
5.96713	.195508	.000000
5.97056	.194265	.000000
5.974	.193348	.000000
5.97745	.192416	.000000
5.98089	.191424	.000000
5.98434	.190591	.000000
5.9878	.189968	.000000
5.99126	.189565	.000000
5.99472	.189640	.000000
5.99819	.189970	.000000
6.00166	.190666	.000000
6.00514	.191748	.000000
6.00862	.193400	.000000
6.0121	.195549	.000000
6.01559	.198285	.000000
6.01908	.201750	.000000
6.02257	.205865	.000000
6.02607	.210433	.000000
6.02957	.215589	.000000
6.03308	.221263	.000000
6.03659	.227373	.000000
6.04011	.233716	.000000
6.04363	.240097	.000000
6.04716	.246371	.000000
6.05068	.252905	.000000
6.05422	.259892	.000000
6.05775	.266455	.000000
6.06129	.272519	.000000
6.06484	.278292	.000000
6.06839	.283778	.000000
6.07194	.288995	.000000
6.0755	.293863	.000000
6.07906	.298664	.000000
6.08262	.303093	.000000
6.08619	.307166	.000000
6.08976	.310937	.000000
6.09334	.314345	.000000
6.09692	.317520	.000000
6.10051	.320552	.000000
6.1041	.323237	.000000
6.1077	.325685	.000000
6.1113	.327781	.000000
6.1149	.329654	.000000
6.11851	.331752	.000000
6.12212	.333690	.000000
6.12574	.335371	.000000
6.12935	.336874	.000000
6.13298	.338111	.000000
6.13661	.339219	.000000
6.14024	.340300	.000000
6.14388	.341270	.000000
6.14752	.342131	.000000
6.15117	.342939	.000000
6.15482	.343543	.000000
6.15847	.343950	.000000
6.16213	.344421	.000000
6.1658	.344950	.000000
6.16947	.345209	.000000
6.17314	.345450	.000000
6.17681	.345661	.000000
6.18049	.345683	.000000
6.18418	.345363	.000000
6.18787	.345377	.000000
6.19156	.345675	.000000
6.19526	.345600	.000000
6.19896	.345365	.000000
6.20267	.345213	.000000
6.20638	.344997	.000000
6.2101	.344644	.000000
6.21382	.344267	.000000
6.21755	.343879	.000000
6.22128	.343474	.000000
6.22501	.342992	.000000
6.22875	.342469	.000000
6.23249	.341910	.000000
6.23624	.341325	.000000
6.23999	.340742	.000000
6.24375	.340231	.000000
6.24751	.339654	.000000
6.25128	.339093	.000000
6.25505	.338690	.000000
6.25882	.338330	.000000
6.2626	.337980	.000000
6.26639	.337765	.000000
6.27018	.337631	.000000
6.27397	.337532	.000000
6.27777	.337617	.000000
6.28157	.337822	.000000
6.28537	.338148	.000000
6.28919	.338632	.000000
6.293	.339152	.000000
6.29682	.339652	.000000
6.30065	.340292	.000000
6.30448	.340999	.000000
6.30831	.341692	.000000
6.31215	.342388	.000000
6.316	.343081	.000000
6.31984	.343769	.000000
6.3237	.344375	.000000
6.32756	.344875	.000000
6.33142	.345318	.000000
6.33529	.345659	.000000
6.33916	.345936	.000000
6.34304	.345770	.000000
6.34692	.345809	.000000
6.35081	.346165	.000000
6.3547	.346189	.000000
6.35859	.346009	.000000
6.36249	.345715	.000000
6.3664	.345264	.000000
6.37031	.344703	.000000
6.37423	.344383	.000000
6.37815	.344120	.000000
6.38207	.343806	.000000
6.386	.343478	.000000
6.38994	.343135	.000000
6.39388	.342878	.000000
6.39782	.342773	.000000
6.40177	.342581	.000000
6.40572	.342133	.000000
6.40968	.341651	.000000
6.41365	.341442	.000000
6.41762	.341331	.000000
6.42159	.341584	.000000
6.42557	.341827	.000000
6.42955	.341726	.000000
6.43354	.341408	.000000
6.43753	.341386	.000000
6.44153	.341355	.000000
6.44553	.341226	.000000
6.44954	.341011	.000000
6.45356	.340786	.000000
6.45758	.340624	.000000
6.4616	.340345	.000000
6.46563	.340013	.000000
6.46966	.339598	.000000
6.4737	.339276	.000000
6.47774	.339039	.000000
6.48179	.338514	.000000
6.48584	.337967	.000000
6.4899	.337676	.000000
6.49397	.337232	.000000
6.49804	.336773	.000000
6.50211	.336728	.000000
6.50619	.336698	.000000
6.51027	.336495	.000000
6.51436	.336228	.000000
6.51846	.335886	.000000
6.52256	.335720	.000000
6.52666	.335770	.000000
6.53077	.335724	.000000
6.53489	.335681	.000000
6.53901	.335651	.000000
6.54313	.335606	.000000
6.54726	.335633	.000000
6.5514	.335695	.000000
6.55554	.335675	.000000
6.55968	.335835	.000000
6.56384	.335952	.000000
6.56799	.335920	.000000
6.57216	.335797	.000000
6.57633	.335922	.000000
6.5805	.336177	.000000
6.58468	.336185	.000000
6.58886	.336025	.000000
6.59305	.335965	.000000
6.59724	.335922	.000000
6.60144	.335701	.000000
6.60565	.335438	.000000
6.60985	.335035	.000000
6.61407	.334626	.000000
6.61829	.334219	.000000
6.62252	.333650	.000000
6.62675	.332974	.000000
6.63099	.332161	.000000
6.63523	.331092	.000000
6.63948	.330217	.000000
6.64373	.329551	.000000
6.64799	.328899	.000000
6.65225	.328030	.000000
6.65652	.327054	.000000
6.6608	.326060	.000000
6.66508	.325037	.000000
6.66937	.323875	.000000
6.67366	.322714	.000000
6.67795	.321568	.000000
6.68226	.320218	.000000
6.68656	.319087	.000000
6.69088	.318099	.000000
6.6952	.316815	.000000
6.69952	.315513	.000000
6.70386	.314158	.000000
6.70819	.312706	.000000
6.71253	.311250	.000000
6.71688	.309766	.000000
6.72123	.308209	.000000
6.72559	.306690	.000000
6.72996	.305185	.000000
6.73433	.303614	.000000
6.7387	.302044	.000000
6.74308	.300440	.000000
6.74747	.298837	.000000
6.75187	.297233	.000000
6.75626	.295655	.000000
6.76067	.294153	.000000
6.76508	.292656	.000000
6.76949	.291210	.000000
6.77392	.289837	.000000
6.77834	.288709	.000000
6.78277	.287597	.000000
6.78721	.286581	.000000
6.79166	.285750	.000000
6.79611	.285151	.000000
6.80057	.284845	.000000
6.80503	.284509	.000000
6.80949	.284187	.000000
6.81397	.284051	.000000
6.81845	.284151	.000000
6.82293	.284153	.000000
6.82743	.284185	.000000
6.83193	.284473	.000000
6.83643	.284683	.000000
6.84094	.284876	.000000
6.84545	.285086	.000000
6.84998	.285252	.000000
6.8545	.285309	.000000
6.85903	.285139	.000000
6.86357	.284823	.000000
6.86812	.284882	.000000
6.87267	.284932	.000000
6.87723	.284651	.000000
6.88179	.284141	.000000
6.88636	.283444	.000000
6.89094	.282790	.000000
6.89552	.281970	.000000
6.90011	.280890	.000000
6.9047	.279744	.000000
6.9093	.278648	.000000
6.91391	.277516	.000000
6.91852	.276220	.000000
6.92314	.274857	.000000
6.92776	.273513	.000000
6.93239	.272109	.000000
6.93703	.270714	.000000
6.94167	.269301	.000000
6.94632	.267891	.000000
6.95098	.266389	.000000
6.95564	.264766	.000000
6.96031	.263059	.000000
6.96498	.261605	.000000
6.96967	.260119	.000000
6.97435	.258450	.000000
6.97905	.256769	.000000
6.98375	.254969	.000000
6.98845	.253082	.000000
6.99316	.251196	.000000
6.99788	.249366	.000000
7.00261	.247438	.000000
7.00734	.245479	.000000
7.01207	.243663	.000000
7.01682	.241909	.000000
7.02157	.240228	.000000
7.02633	.238785	.000000
7.03109	.237531	.000000
7.03586	.236405	.000000
7.04064	.235322	.000000
7.04542	.234382	.000000
7.05021	.233894	.000000
7.05501	.233598	.000000
7.05981	.233315	.000000
7.06462	.233151	.000000
7.06943	.233205	.000000
7.07426	.233280	.000000
7.07908	.233280	.000000
7.08392	.233272	.000000
7.08876	.233373	.000000
7.09361	.233380	.000000
7.09846	.233301	.000000
7.10333	.233258	.000000
7.10819	.233131	.000000
7.11307	.232827	.000000
7.11795	.232426	.000000
7.12284	.231966	.000000
7.12774	.231352	.000000
7.13264	.230676	.000000
7.13755	.229969	.000000
7.14246	.229125	.000000
7.14739	.228266	.000000
7.15231	.227483	.000000
7.15725	.226587	.000000
7.16219	.225603	.000000
7.16714	.224749	.000000
7.1721	.223933	.000000
7.17707	.223177	.000000
7.18204	.222418	.000000
7.18701	.221628	.000000
7.192	.220879	.000000
7.19699	.220350	.000000
7.20198	.219897	.000000
7.20699	.219411	.000000
7.212	.219117	.000000
7.21702	.218916	.000000
7.22205	.218706	.000000
7.22708	.218546	.000000
7.23212	.218517	.000000
7.23716	.218501	.000000
7.24222	.218511	.000000
7.24728	.218556	.000000
7.25235	.218566	.000000
7.25742	.218544	.000000
7.26251	.218461	.000000
7.2676	.218283	.000000
7.27269	.218042	.000000
7.2778	.217778	.000000
7.28291	.217373	.000000
7.28802	.216790	.000000
7.29315	.216150	.000000
7.29828	.215411	.000000
7.30342	.214496	.000000
7.30857	.213548	.000000
7.31372	.212491	.000000
7.31888	.211264	.000000
7.32405	.209961	.000000
7.32923	.208609	.000000
7.33441	.207258	.000000
7.3396	.205931	.000000
7.3448	.204575	.000000
7.35001	.203273	.000000
7.35522	.202029	.000000
7.36044	.200840	.000000
7.36566	.199771	.000000
7.3709	.198712	.000000
7.37614	.197633	.000000
7.38139	.196578	.000000
7.38665	.195446	.000000
7.39192	.194388	.000000
7.39719	.193408	.000000
7.40247	.192428	.000000
7.40776	.191361	.000000
7.41305	.190227	.000000
7.41835	.189087	.000000
7.42366	.187969	.000000
7.42898	.186786	.000000
7.4343	.185593	.000000
7.43964	.184453	.000000
7.44498	.183238	.000000
7.45033	.182023	.000000
7.45568	.180814	.000000
7.46105	.179611	.000000
7.46642	.178451	.000000
7.4718	.177378	.000000
7.47719	.176406	.000000
7.48258	.175432	.000000
7.48798	.174506	.000000
7.49339	.173558	.000000
7.49881	.172568	.000000
7.50423	.171697	.000000
7.50967	.170912	.000000
7.51511	.170166	.000000
7.52056	.169350	.000000
7.52602	.168644	.000000
7.53148	.168006	.000000
7.53696	.167463	.000000
7.54244	.166975	.000000
7.54793	.166495	.000000
7.55343	.166171	.000000
7.55893	.166064	.000000
7.56444	.166045	.000000
7.56997	.166053	.000000
7.5755	.166120	.000000
7.58103	.166262	.000000
7.58658	.166548	.000000
7.59213	.166859	.000000
7.5977	.167200	.000000
7.60327	.167611	.000000
7.60884	.167935	.000000
7.61443	.168206	.000000
7.62002	.168597	.000000
7.62563	.169014	.000000
7.63124	.169366	.000000
7.63686	.169701	.000000
7.64248	.169950	.000000
7.64812	.170195	.000000
7.65377	.170426	.000000
7.65942	.170561	.000000
7.66508	.170610	.000000
7.67075	.170648	.000000
7.67643	.170762	.000000
7.68211	.170723	.000000
7.68781	.170571	.000000
7.69351	.170381	.000000
7.69922	.170172	.000000
7.70494	.169909	.000000
7.71067	.169642	.000000
7.71641	.169366	.000000
7.72216	.168974	.000000
7.72791	.168494	.000000
7.73367	.167981	.000000
7.73944	.167520	.000000
7.74522	.167060	.000000
7.75101	.166533	.000000
7.75681	.165985	.000000
7.76261	.165422	.000000
7.76843	.164921	.000000
7.77425	.164514	.000000
7.78008	.164119	.000000
7.78593	.163690	.000000
7.79177	.163370	.000000
7.79763	.163180	.000000
7.8035	.163050	.000000
7.80938	.162937	.000000
7.81526	.162890	.000000
7.82116	.162882	.000000
7.82706	.162925	.000000
7.83297	.162961	.000000
7.83889	.162985	.000000
7.84482	.163046	.000000
7.85076	.163119	.000000
7.8567	.163074	.000000
7.86266	.162933	.000000
7.86863	.162884	.000000
7.8746	.162872	.000000
7.88058	.162722	.000000
7.88658	.162386	.000000
7.89258	.161977	.000000
7.89859	.161740	.000000
7.90461	.161558	.000000
7.91064	.161169	.000000
7.91668	.160754	.000000
7.92273	.160436	.000000
7.92879	.160035	.000000
7.93485	.159577	.000000
7.94092	.159120	.000000
7.94701	.158676	.000000
7.9531	.158127	.000000
7.95921	.157501	.000000
7.96532	.156938	.000000
7.97144	.156246	.000000
7.97757	.155422	.000000
7.98372	.154508	.000000
7.98987	.153536	.000000
7.99603	.152556	.000000
8.0022	.151534	.000000
8.00838	.150440	.000000
8.01457	.149320	.000000
8.02076	.148202	.000000
8.02697	.147090	.000000
8.03319	.145975	.000000
8.03942	.144839	.000000
8.04566	.143725	.000000
8.0519	.142666	.000000
8.05816	.141600	.000000
8.06442	.140539	.000000
8.0707	.139535	.000000
8.07698	.138506	.000000
8.08328	.137487	.000000
8.08958	.136436	.000000
8.0959	.135284	.000000
8.10222	.134055	.000000
8.10856	.132775	.000000
8.1149	.131511	.000000
8.12126	.130264	.000000
8.12762	.128952	.000000
8.134	.127567	.000000
8.14038	.126145	.000000
8.14678	.124695	.000000
8.15318	.123223	.000000
8.1596	.121904	.000000
8.16602	.120708	.000000
8.17246	.119513	.000000
8.1789	.118387	.000000
8.18536	.117370	.000000
8.19182	.116400	.000000
8.1983	.115491	.000000
8.20478	.114669	.000000
8.21128	.113978	.000000
8.21779	.113373	.000000
8.2243	.112794	.000000
8.23083	.112251	.000000
8.23737	.111743	.000000
8.24391	.111238	.000000
8.25048	.110789	.000000
8.25704	.110321	.000000
8.26362	.109857	.000000
8.27021	.109452	.000000
8.27681	.109015	.000000
8.28342	.108535	.000000
8.29005	.108049	.000000
8.29668	.107534	.000000
8.30332	.106937	.000000
8.30998	.106269	.000000
8.31664	.105651	.000000
8.32331	.104995	.000000
8.33	.104278	.000000
8.3367	.103598	.000000
8.3434	.102860	.000000
8.35012	.102065	.000000
8.35684	.101159	.000000
8.36358	.100153	.000000
8.37033	.099185	.000000
8.3771	.098292	.000000
8.38387	.097379	.000000
8.39065	.096328	.000000
8.39745	.095360	.000000
8.40425	.094430	.000000
8.41107	.093492	.000000
8.4179	.092543	.000000
8.42473	.091646	.000000
8.43158	.090805	.000000
8.43844	.090025	.000000
8.44531	.089282	.000000
8.45219	.088608	.000000
8.45909	.087919	.000000
8.46599	.087217	.000000
8.47291	.086599	.000000
8.47984	.086105	.000000
8.48678	.085588	.000000
8.49373	.085023	.000000
8.50069	.084428	.000000
8.50767	.083871	.000000
8.51465	.083282	.000000
8.52165	.082591	.000000
8.52865	.081883	.000000
8.53568	.081232	.000000
8.54271	.080508	.000000
8.54975	.079730	.000000
8.5568	.078979	.000000
8.56387	.078189	.000000
8.57095	.077397	.000000
8.57804	.076623	.000000
8.58513	.075807	.000000
8.59225	.074957	.000000
8.59937	.074082	.000000
8.60651	.073197	.000000
8.61365	.072312	.000000
8.62081	.071502	.000000
8.62799	.070751	.000000
8.63517	.069918	.000000
8.64237	.069031	.000000
8.64958	.068219	.000000
8.6568	.067401	.000000
8.66403	.066549	.000000
8.67127	.065710	.000000
8.67853	.064947	.000000
8.6858	.064183	.000000
8.69308	.063448	.000000
8.70037	.062632	.000000
8.70768	.061767	.000000
8.715	.061061	.000000
8.72233	.060467	.000000
8.72967	.059607	.000000
8.73702	.058796	.000000
8.74438	.058094	.000000
8.75176	.057399	.000000
8.75915	.056686	.000000
8.76656	.055988	.000000
8.77398	.055170	.000000
8.7814	.054558	.000000
8.78885	.053979	.000000
8.7963	.053390	.000000
8.80377	.052733	.000000
8.81125	.052091	.000000
8.81874	.051640	.000000
8.82625	.051182	.000000
8.83377	.050548	.000000
8.84129	.050078	.000000
8.84884	.049718	.000000
8.85639	.049327	.000000
8.86396	.049021	.000000
8.87154	.048872	.000000
8.87914	.048831	.000000
8.88675	.048756	.000000
8.89437	.048770	.000000
8.90201	.048878	.000000
8.90966	.049078	.000000
8.91732	.049574	.000000
8.92499	.050127	.000000
8.93268	.050674	.000000
8.94038	.051251	.000000
8.94809	.051972	.000000
8.95582	.052794	.000000
8.96356	.053693	.000000
8.97132	.054718	.000000
8.97908	.055733	.000000
8.98686	.056810	.000000
8.99466	.058130	.000000
9.00246	.059428	.000000
9.01028	.060805	.000000
9.01812	.062438	.000000
9.02597	.064220	.000000
9.03383	.066131	.000000
9.0417	.068086	.000000
9.04959	.070258	.000000
9.0575	.072529	.000000
9.06542	.074841	.000000
9.07335	.077239	.000000
9.08129	.079833	.000000
9.08925	.082697	.000000
9.09723	.085546	.000000
9.10521	.088494	.000000
9.11322	.091688	.000000
9.12123	.094936	.000000
9.12926	.098235	.000000
9.1373	.101743	.000000
9.14536	.105378	.000000
9.15343	.109102	.000000
9.16152	.113053	.000000
9.16962	.117322	.000000
9.17773	.121915	.000000
9.18586	.126748	.000000
9.194	.131679	.000000
9.20216	.136706	.000000
9.21033	.141744	.000000
9.21852	.146888	.000000
9.22672	.152204	.000000
9.23494	.157686	.000000
9.24317	.163160	.000000
9.25142	.168747	.000000
9.25968	.174445	.000000
9.26795	.180106	.000000
9.27624	.185660	.000000
9.28455	.191248	.000000
9.29287	.196768	.000000
9.3012	.202053	.000000
9.30955	.207143	.000000
9.31792	.211956	.000000
9.32629	.216259	.000000
9.33469	.219975	.000000
9.34309	.223064	.000000
9.35152	.225354	.000000
9.35996	.226958	.000000
9.36841	.228056	.000000
9.37688	.228574	.000000
9.38537	.228827	.000000
9.39387	.228785	.000000
9.40238	.228556	.000000
9.41092	.228307	.000000
9.41946	.228098	.000000
9.42803	.227871	.000000
9.43661	.227499	.000000
9.44521	.227108	.000000
9.45382	.226784	.000000
9.46244	.226508	.000000
9.47108	.226199	.000000
9.47974	.225763	.000000
9.48841	.225180	.000000
9.4971	.224783	.000000
9.5058	.224307	.000000
9.51452	.223785	.000000
9.52326	.223169	.000000
9.53201	.222383	.000000
9.54078	.221535	.000000
9.54957	.220721	.000000
9.55838	.219967	.000000
9.56719	.219139	.000000
9.57603	.218197	.000000
9.58488	.217134	.000000
9.59374	.216180	.000000
9.60262	.215285	.000000
9.61152	.214348	.000000
9.62044	.213412	.000000
9.62937	.212485	.000000
9.63832	.211663	.000000
9.64729	.210840	.000000
9.65626	.209967	.000000
9.66526	.209091	.000000
9.67428	.208256	.000000
9.68331	.207543	.000000
9.69236	.207003	.000000
9.70143	.206413	.000000
9.71052	.205767	.000000
9.71962	.205172	.000000
9.72874	.204627	.000000
9.73787	.204079	.000000
9.74702	.203645	.000000
9.75619	.203175	.000000
9.76538	.202647	.000000
9.77458	.202294	.000000
9.7838	.201910	.000000
9.79304	.201543	.000000
9.80229	.201258	.000000
9.81157	.200964	.000000
9.82087	.200701	.000000
9.83017	.200490	.000000
9.8395	.200257	.000000
9.84884	.200085	.000000
9.85821	.199982	.000000
9.86759	.199793	.000000
9.87698	.199670	.000000
9.8864	.199696	.000000
9.89583	.199603	.000000
9.90528	.199368	.000000
9.91475	.199151	.000000
9.92424	.198872	.000000
9.93375	.198597	.000000
9.94327	.198339	.000000
9.95281	.198100	.000000
9.96238	.197746	.000000
9.97195	.197463	.000000
9.98155	.197280	.000000
9.99117	.197187	.000000
10.0008	.197296	.000000
10.01045	.197675	.000000
10.02012	.198295	.000000
10.02981	.198994	.000000
10.03952	.200010	.000000
10.04925	.201444	.000000
10.059	.203260	.000000
10.06877	.205504	.000000
10.07855	.208566	.000000
10.08836	.212626	.000000
10.09818	.217796	.000000
10.10802	.223738	.000000
10.11788	.229951	.000000
10.12776	.235763	.000000
10.13766	.240156	.000000
10.14758	.242561	.000000
10.15752	.243011	.000000
10.16748	.241537	.000000
10.17745	.238248	.000000
10.18745	.233679	.000000
10.19746	.228331	.000000
10.2075	.222766	.000000
10.21756	.217298	.000000
10.22763	.212193	.000000
10.23773	.208021	.000000
10.24785	.204595	.000000
10.25799	.201908	.000000
10.26815	.200115	.000000
10.27832	.198987	.000000
10.28852	.198497	.000000
10.29874	.198793	.000000
10.30897	.199891	.000000
10.31923	.201766	.000000
10.3295	.204324	.000000
10.3398	.207450	.000000
10.35012	.210972	.000000
10.36046	.214832	.000000
10.37083	.218724	.000000
10.38121	.222312	.000000
10.39161	.225581	.000000
10.40203	.228886	.000000
10.41248	.233665	.000000
10.42294	.241968	.000000
10.43342	.255001	.000000
10.44393	.271105	.000000
10.45446	.287024	.000000
10.46501	.300902	.000000
10.47558	.311923	.000000
10.48617	.320132	.000000
10.49678	.326295	.000000
10.50741	.330728	.000000
10.51807	.333780	.000000
10.52875	.335752	.000000
10.53945	.336920	.000000
10.55017	.337425	.000000
10.56092	.337342	.000000
10.57169	.336884	.000000
10.58247	.336096	.000000
10.59328	.335057	.000000
10.60411	.333826	.000000
10.61497	.332364	.000000
10.62584	.330894	.000000
10.63674	.329231	.000000
10.64766	.327427	.000000
10.6586	.325645	.000000
10.66957	.323863	.000000
10.68055	.322060	.000000
10.69157	.320080	.000000
10.70261	.318119	.000000
10.71366	.316182	.000000
10.72474	.314181	.000000
10.73584	.312226	.000000
10.74697	.310244	.000000
10.75811	.308290	.000000
10.76928	.306386	.000000
10.78048	.304515	.000000
10.7917	.302547	.000000
10.80294	.300339	.000000
10.8142	.298174	.000000
10.82548	.296334	.000000
10.8368	.294424	.000000
10.84813	.292251	.000000
10.85949	.290080	.000000
10.87087	.288160	.000000
10.88228	.286425	.000000
10.89372	.284708	.000000
10.90517	.282942	.000000
10.91665	.281174	.000000
10.92816	.279501	.000000
10.93968	.277879	.000000
10.95124	.276358	.000000
10.96281	.274833	.000000
10.97441	.273233	.000000
10.98603	.271619	.000000
10.99768	.270139	.000000
11.00936	.268600	.000000
11.02106	.267116	.000000
11.03279	.265658	.000000
11.04454	.264137	.000000
11.05631	.262683	.000000
11.06811	.261271	.000000
11.07994	.259953	.000000
11.09179	.258624	.000000
11.10366	.257055	.000000
11.11556	.255534	.000000
11.12748	.254141	.000000
11.13944	.252930	.000000
11.15141	.251656	.000000
11.16342	.250338	.000000
11.17544	.248997	.000000
11.1875	.247717	.000000
11.19958	.246476	.000000
11.21169	.245028	.000000
11.22382	.243467	.000000
11.23598	.241800	.000000
11.24817	.240062	.000000
11.26039	.238511	.000000
11.27263	.236838	.000000
11.28489	.234882	.000000
11.29719	.232675	.000000
11.3095	.230423	.000000
11.32185	.228268	.000000
11.33422	.225980	.000000
11.34662	.223556	.000000
11.35905	.220919	.000000
11.3715	.218050	.000000
11.38399	.215148	.000000
11.3965	.211926	.000000
11.40904	.208248	.000000
11.4216	.203921	.000000
11.43419	.199000	.000000
11.44681	.193597	.000000
11.45946	.187613	.000000
11.47214	.181177	.000000
11.48485	.174275	.000000
11.49758	.166977	.000000
11.51034	.159844	.000000
11.52313	.153194	.000000
11.53595	.147186	.000000
11.54879	.141556	.000000
11.56167	.136455	.000000
11.57456	.131765	.000000
11.5875	.127479	.000000
11.60046	.123583	.000000
11.61345	.120145	.000000
11.62647	.117174	.000000
11.63952	.114345	.000000
11.65259	.111554	.000000
11.66571	.108999	.000000
11.67884	.106664	.000000
11.69201	.104308	.000000
11.70521	.101783	.000000
11.71843	.099321	.000000
11.73169	.097148	.000000
11.74497	.094950	.000000
11.75828	.092626	.000000
11.77163	.090358	.000000
11.785	.088162	.000000
11.79841	.086141	.000000
11.81185	.084667	.000000
11.82532	.084041	.000000
11.83882	.084191	.000000
11.85235	.085216	.000000
11.86591	.087184	.000000
11.8795	.089400	.000000
11.89313	.091441	.000000
11.90678	.093219	.000000
11.92047	.094468	.000000
11.93419	.095117	.000000
11.94794	.095143	.000000
11.96172	.094691	.000000
11.97553	.093905	.000000
11.98938	.092942	.000000
12.00325	.091925	.000000
12.01716	.090850	.000000
12.0311	.089594	.000000
12.04507	.088397	.000000
12.05907	.087441	.000000
12.07311	.086526	.000000
12.08718	.085797	.000000
12.10129	.085072	.000000
12.11542	.084450	.000000
12.12959	.083889	.000000
12.1438	.083053	.000000
12.15804	.082466	.000000
12.17231	.082138	.000000
12.18661	.081714	.000000
12.20095	.081305	.000000
12.21532	.080894	.000000
12.22972	.080277	.000000
12.24417	.079894	.000000
12.25864	.079697	.000000
12.27315	.079531	.000000
12.28769	.079428	.000000
12.30226	.079009	.000000
12.31688	.078551	.000000
12.33152	.078412	.000000
12.34619	.078156	.000000
12.36091	.078004	.000000
12.37566	.078006	.000000
12.39044	.078013	.000000
12.40526	.077978	.000000
12.42012	.077893	.000000
12.43501	.077982	.000000
12.44994	.078185	.000000
12.46491	.078252	.000000
12.47991	.078282	.000000
12.49494	.078241	.000000
12.51002	.078237	.000000
12.52512	.078458	.000000
12.54027	.078731	.000000
12.55544	.078817	.000000
12.57066	.078885	.000000
12.58592	.078985	.000000
12.60121	.079270	.000000
12.61654	.079467	.000000
12.63191	.079568	.000000
12.64731	.079671	.000000
12.66276	.079758	.000000
12.67824	.079868	.000000
12.69375	.079957	.000000
12.70931	.080017	.000000
12.72491	.080234	.000000
12.74054	.080327	.000000
12.75621	.080441	.000000
12.77192	.080593	.000000
12.78767	.080508	.000000
12.80346	.080601	.000000
12.81929	.080635	.000000
12.83515	.080609	.000000
12.85105	.080522	.000000
12.867	.080670	.000000
12.88297	.080836	.000000
12.899	.080678	.000000
12.91506	.080516	.000000
12.93116	.080246	.000000
12.94731	.080017	.000000
12.96349	.079943	.000000
12.97971	.079740	.000000
12.99599	.079367	.000000
13.01229	.079183	.000000
13.02864	.078926	.000000
13.04503	.078683	.000000
13.06146	.078565	.000000
13.07793	.078412	.000000
13.09444	.078193	.000000
13.111	.077885	.000000
13.12759	.077527	.000000
13.14423	.077057	.000000
13.16091	.076573	.000000
13.17764	.076139	.000000
13.1944	.075894	.000000
13.21121	.075532	.000000
13.22805	.075143	.000000
13.24494	.075054	.000000
13.26188	.074764	.000000
13.27886	.074363	.000000
13.29588	.074104	.000000
13.31295	.073936	.000000
13.33006	.073588	.000000
13.34722	.073266	.000000
13.36442	.073333	.000000
13.38167	.073229	.000000
13.39896	.072670	.000000
13.41629	.072354	.000000
13.43367	.072113	.000000
13.45109	.071759	.000000
13.46857	.071393	.000000
13.48608	.071032	.000000
13.50364	.070815	.000000
13.52125	.070437	.000000
13.5389	.070088	.000000
13.5566	.069920	.000000
13.57434	.069422	.000000
13.59212	.068879	.000000
13.60996	.068499	.000000
13.62784	.068152	.000000
13.64577	.067658	.000000
13.66375	.067035	.000000
13.68178	.066520	.000000
13.69985	.066081	.000000
13.71798	.065540	.000000
13.73615	.064768	.000000
13.75437	.064159	.000000
13.77263	.063707	.000000
13.79095	.063165	.000000
13.80931	.062658	.000000
13.82772	.062049	.000000
13.84617	.061439	.000000
13.86468	.060811	.000000
13.88324	.060178	.000000
13.90185	.059692	.000000
13.92051	.059072	.000000
13.93922	.058436	.000000
13.95798	.057986	.000000
13.9768	.057454	.000000
13.99566	.056850	.000000
14.01457	.056279	.000000
14.03354	.055647	.000000
14.05255	.055034	.000000
14.07162	.054457	.000000
14.09074	.053918	.000000
14.10992	.053355	.000000
14.12914	.052719	.000000
14.14842	.051885	.000000
14.16774	.051368	.000000
14.18713	.050880	.000000
14.20656	.050386	.000000
14.22605	.049742	.000000
14.24557	.049040	.000000
14.26517	.048525	.000000
14.28482	.047827	.000000
14.30452	.047077	.000000
14.32428	.046387	.000000
14.34409	.045759	.000000
14.36396	.045287	.000000
14.38389	.044601	.000000
14.40386	.043839	.000000
14.4239	.043159	.000000
14.44399	.042464	.000000
14.46413	.041828	.000000
14.48433	.041306	.000000
14.50459	.040872	.000000
14.52491	.040206	.000000
14.54528	.039574	.000000
14.56571	.038949	.000000
14.5862	.038544	.000000
14.60674	.038092	.000000
14.62734	.037401	.000000
14.648	.036796	.000000
14.66871	.036561	.000000
14.68948	.036049	.000000
14.71032	.035613	.000000
14.73121	.035330	.000000
14.75217	.034759	.000000
14.77318	.034252	.000000
14.79426	.033910	.000000
14.8154	.033574	.000000
14.83659	.033185	.000000
14.85785	.032859	.000000
14.87917	.032632	.000000
14.90054	.032430	.000000
14.92198	.032041	.000000
14.94348	.031826	.000000
14.96506	.031755	.000000
14.98668	.031776	.000000
15.00837	.032067	.000000
15.03012	.032223	.000000
15.05193	.032329	.000000
15.07381	.032683	.000000
15.09575	.033201	.000000
15.11774	.033953	.000000
15.13981	.034981	.000000
15.16195	.035955	.000000
15.18414	.037108	.000000
15.20641	.038406	.000000
15.22874	.039765	.000000
15.25113	.041547	.000000
15.2736	.043554	.000000
15.29613	.045538	.000000
15.31872	.047717	.000000
15.34138	.050162	.000000
15.36411	.052944	.000000
15.38691	.055990	.000000
15.40977	.059070	.000000
15.43268	.062255	.000000
15.45568	.065558	.000000
15.47875	.068892	.000000
15.50189	.072247	.000000
15.52509	.075595	.000000
15.54837	.078509	.000000
15.57172	.081309	.000000
15.59514	.084242	.000000
15.61863	.087077	.000000
15.64218	.089847	.000000
15.66581	.092318	.000000
15.68951	.094195	.000000
15.71328	.096406	.000000
15.73713	.098245	.000000
15.76105	.099483	.000000
15.78504	.100669	.000000
15.8091	.101696	.000000
15.83324	.102368	.000000
15.85745	.102810	.000000
15.88173	.103391	.000000
15.90609	.103567	.000000
15.93051	.103217	.000000
15.95502	.102998	.000000
15.9796	.102624	.000000
16.00426	.101986	.000000
16.029	.101267	.000000
16.05381	.100291	.000000
16.0787	.099163	.000000
16.10367	.098172	.000000
16.12872	.096947	.000000
16.15384	.095501	.000000
16.17904	.093932	.000000
16.20432	.092375	.000000
16.22968	.090631	.000000
16.25512	.088855	.000000
16.28064	.087243	.000000
16.30624	.085384	.000000
16.33192	.083414	.000000
16.35768	.081571	.000000
16.38352	.079738	.000000
16.40944	.077968	.000000
16.43545	.075892	.000000
16.46152	.073873	.000000
16.48769	.072201	.000000
16.51394	.070805	.000000
16.54028	.069114	.000000
16.5667	.067073	.000000
16.59321	.065510	.000000
16.6198	.063971	.000000
16.64648	.061988	.000000
16.67325	.060301	.000000
16.7001	.058948	.000000
16.72703	.057426	.000000
16.75405	.056038	.000000
16.78116	.054645	.000000
16.80836	.053136	.000000
16.83563	.052018	.000000
16.863	.051146	.000000
16.89047	.050445	.000000
16.91802	.050004	.000000
16.94566	.050172	.000000
16.9734	.050263	.000000
17.00122	.050747	.000000
17.02915	.051798	.000000
17.05716	.053256	.000000
17.08526	.054700	.000000
17.11345	.056385	.000000
17.14174	.058377	.000000
17.17012	.060556	.000000
17.19859	.063104	.000000
17.22717	.065581	.000000
17.25583	.068280	.000000
17.28459	.071700	.000000
17.31345	.075325	.000000
17.3424	.079104	.000000
17.37145	.082940	.000000
17.4006	.086346	.000000
17.42982	.089989	.000000
17.45916	.094047	.000000
17.48861	.098336	.000000
17.51815	.102794	.000000
17.54779	.107370	.000000
17.57753	.111674	.000000
17.60737	.115457	.000000
17.63733	.119284	.000000
17.66737	.123020	.000000
17.69752	.126710	.000000
17.72777	.129922	.000000
17.75813	.132344	.000000
17.78859	.134600	.000000
17.81915	.136993	.000000
17.84983	.139318	.000000
17.88061	.140845	.000000
17.91149	.142493	.000000
17.94248	.144715	.000000
17.97357	.146698	.000000
18.00478	.149063	.000000
18.03609	.151574	.000000
18.06749	.154241	.000000
18.09902	.156768	.000000
18.13066	.159421	.000000
18.16241	.162518	.000000
18.19427	.165456	.000000
18.22625	.167584	.000000
18.25834	.168951	.000000
18.29055	.169723	.000000
18.32287	.169328	.000000
18.35529	.168392	.000000
18.38784	.167497	.000000
18.4205	.167315	.000000
18.45328	.167576	.000000
18.48617	.167967	.000000
18.51919	.168891	.000000
18.55232	.170300	.000000
18.58557	.172382	.000000
18.61893	.175995	.000000
18.65242	.180551	.000000
18.68603	.185573	.000000
18.71976	.190662	.000000
18.75358	.196112	.000000
18.78756	.201592	.000000
18.82165	.206399	.000000
18.85588	.210478	.000000
18.89022	.213481	.000000
18.92469	.215229	.000000
18.95929	.215441	.000000
18.99403	.214259	.000000
19.02888	.212207	.000000
19.06386	.209321	.000000
19.09897	.206349	.000000
19.13421	.203025	.000000
19.16957	.199376	.000000
19.20505	.195782	.000000
19.24068	.192193	.000000
19.27644	.189105	.000000
19.31234	.185733	.000000
19.34837	.182734	.000000
19.38453	.179838	.000000
19.42083	.176766	.000000
19.45728	.173658	.000000
19.49385	.170442	.000000
19.53056	.167285	.000000
19.56741	.164932	.000000
19.6044	.163028	.000000
19.64153	.161639	.000000
19.6788	.161084	.000000
19.71622	.160898	.000000
19.75378	.161262	.000000
19.79147	.161539	.000000
19.82932	.160804	.000000
19.8673	.158723	.000000
19.90544	.155531	.000000
19.94372	.151412	.000000
19.98215	.146100	.000000
20.02073	.140195	.000000
20.05945	.133630	.000000
20.09833	.127415	.000000
20.13736	.121107	.000000
20.17653	.114811	.000000
20.21587	.108952	.000000
20.25536	.102545	.000000
20.29499	.096372	.000000
20.33479	.090750	.000000
20.37474	.085673	.000000
20.41485	.081060	.000000
20.45512	.076761	.000000
20.49554	.072988	.000000
20.53609	.069288	.000000
20.57684	.065819	.000000
20.61775	.063045	.000000
20.65882	.061719	.000000
20.70005	.061095	.000000
20.74146	.061324	.000000
20.78302	.062871	.000000
20.82476	.065568	.000000
20.86666	.068594	.000000
20.90873	.072010	.000000
20.95097	.074987	.000000
20.99338	.077780	.000000
21.03597	.080489	.000000
21.07872	.082824	.000000
21.12166	.084149	.000000
21.16477	.084811	.000000
21.20805	.086054	.000000
21.25151	.087848	.000000
21.29515	.087921	.000000
21.33897	.086595	.000000
21.38296	.085106	.000000
21.42715	.083573	.000000
21.47152	.082095	.000000
21.51606	.079870	.000000
21.56079	.076927	.000000
21.60571	.075040	.000000
21.65082	.074898	.000000
21.69612	.074945	.000000
21.74161	.074614	.000000
21.78729	.076030	.000000
21.83315	.078893	.000000
21.87921	.082640	.000000
21.92547	.087298	.000000
21.97193	.092567	.000000
22.01858	.097162	.000000
22.06543	.102200	.000000
22.11248	.108162	.000000
22.15973	.114177	.000000
22.20718	.120548	.000000
22.25484	.127303	.000000
22.3027	.134207	.000000
22.35076	.140645	.000000
22.399	.144452	.000000
22.44748	.146815	.000000
22.49617	.148091	.000000
22.54508	.150260	.000000
22.5942	.152949	.000000
22.64353	.152842	.000000
22.69308	.151702	.000000
22.74285	.151908	.000000
22.79284	.153868	.000000
22.84304	.155972	.000000
22.89347	.157530	.000000
22.94412	.160565	.000000
22.99499	.164599	.000000
23.0461	.169221	.000000
23.09743	.174745	.000000
23.14899	.179871	.000000
23.20078	.185288	.000000
23.2528	.188917	.000000
23.30505	.191766	.000000
23.35754	.194603	.000000
23.41027	.197025	.000000
23.46324	.200057	.000000
23.51645	.201744	.000000
23.56989	.200524	.000000
23.62358	.200506	.000000
23.67752	.198726	.000000
23.7317	.196646	.000000
23.78613	.195525	.000000
23.84082	.194550	.000000
23.89576	.194147	.000000
23.95095	.193720	.000000
24.00639	.192015	.000000
24.06209	.188036	.000000
24.11805	.183143	.000000
24.17427	.177931	.000000
24.23076	.170006	.000000
24.28751	.162269	.000000
24.34452	.156527	.000000
24.4018	.148425	.000000
24.45936	.138306	.000000
24.51718	.129387	.000000
24.57528	.122771	.000000
24.63366	.117913	.000000
24.69231	.114539	.000000
24.75125	.110955	.000000
24.81046	.107476	.000000
24.86996	.104770	.000000
24.92974	.101957	.000000
24.98982	.100370	.000000
