Brown University Keck/NASA Relab Spectrum KW-JFM-001-C/BKR0KW001C
Wavelength(micron)	Reflectance	Standard Deviation
0.3	.157390	.003669
0.305	.165130	.003180
0.31	.177148	.002748
0.315	.191468	.002618
0.32	.209021	.002250
0.325	.227223	.002560
0.33	.248943	.002206
0.335	.271435	.002340
0.34	.296499	.002383
0.345	.320035	.002589
0.35	.342623	.002411
0.355	.364175	.002714
0.36	.386428	.003477
0.365	.406320	.004095
0.37	.425761	.002883
0.375	.440915	.003148
0.38	.455834	.002998
0.385	.468434	.003133
0.39	.484683	.003084
0.395	.497603	.003951
0.4	.511161	.003773
0.405	.522817	.004584
0.41	.533907	.003855
0.415	.545639	.004466
0.42	.557826	.003509
0.425	.567233	.004483
0.43	.577649	.004023
0.435	.585047	.004186
0.44	.593705	.003524
0.445	.599790	.004044
0.45	.606563	.003191
0.455	.607997	.003457
0.46	.612631	.003067
0.465	.618854	.004036
0.47	.627577	.003897
0.475	.633119	.004073
0.48	.640309	.003752
0.485	.650640	.003963
0.49	.657437	.003556
0.495	.660463	.003647
0.5	.666916	.003273
0.505	.674653	.003438
0.51	.687265	.003211
0.515	.694867	.003594
0.52	.701231	.003387
0.525	.706040	.003533
0.53	.712178	.003583
0.535	.717660	.003709
0.54	.723555	.003603
0.545	.728458	.003635
0.55	.734624	.003475
0.555	.739054	.003610
0.56	.744291	.003594
0.565	.746726	.003656
0.57	.750193	.003549
0.575	.751838	.003561
0.58	.754008	.003554
0.585	.754391	.003837
0.59	.755625	.003753
0.595	.755465	.003638
0.6	.755864	.003742
0.605	.754886	.003746
0.61	.754566	.003849
0.615	.752699	.003596
0.62	.751033	.003659
0.625	.748459	.003703
0.63	.746821	.003789
0.635	.744939	.003976
0.64	.744119	.003769
0.645	.743879	.003782
0.65	.745252	.003943
0.655	.747029	.003961
0.66	.748679	.003967
0.665	.750142	.003911
0.67	.751199	.004145
0.675	.751136	.004201
0.68	.752281	.003926
0.685	.752204	.004199
0.69	.751195	.004018
0.695	.748437	.004009
0.7	.746895	.004014
0.705	.744746	.003982
0.71	.742052	.003985
0.715	.738966	.004253
0.72	.736439	.004055
0.725	.732514	.004403
0.73	.728776	.004186
0.735	.725094	.004647
0.74	.720179	.004484
0.745	.714831	.004463
0.75	.710209	.004497
0.755	.704181	.004686
0.76	.698932	.003731
0.765	.691928	.004286
0.77	.685550	.004062
0.775	.680418	.004018
0.78	.673516	.003917
0.785	.668564	.004175
0.79	.662096	.004150
0.795	.656622	.004254
0.8	.651681	.004122
0.805	.646674	.004387
0.81	.641814	.004285
0.815	.637173	.004520
0.82	.632617	.004290
0.825	.628483	.004350
0.83	.624930	.004510
0.835	.621284	.004635
0.84	.618302	.003751
0.845	.613852	.003795
0.85	.612149	.003596
0.855	.608775	.003673
0.86	.605742	.003803
0.865	.603338	.003911
0.87	.601301	.003744
0.875	.598996	.003591
0.88	.596272	.003498
0.885	.594367	.004570
0.89	.591481	.003506
0.895	.589716	.008131
0.89909	.586814	.000000
0.89924	.586821	.000000
0.8994	.586020	.000000
0.89956	.585916	.000000
0.89971	.586616	.000000
0.89987	.585589	.000000
0.90002	.584781	.000000
0.90018	.584550	.000000
0.90034	.584331	.000000
0.90049	.584285	.000000
0.90065	.584629	.000000
0.90081	.584603	.000000
0.90096	.584814	.000000
0.90112	.584756	.000000
0.90128	.585213	.000000
0.90143	.586043	.000000
0.90159	.586022	.000000
0.90175	.584912	.000000
0.9019	.584336	.000000
0.90206	.584072	.000000
0.90222	.583563	.000000
0.90237	.583157	.000000
0.90253	.583081	.000000
0.90269	.583411	.000000
0.90284	.583722	.000000
0.903	.583355	.000000
0.90316	.583374	.000000
0.90332	.583768	.000000
0.90347	.584172	.000000
0.90363	.583575	.000000
0.90379	.582852	.000000
0.90395	.582930	.000000
0.9041	.583084	.000000
0.90426	.583452	.000000
0.90442	.582838	.000000
0.90458	.582127	.000000
0.90474	.581731	.000000
0.90489	.581945	.000000
0.90505	.582325	.000000
0.90521	.582905	.000000
0.90537	.582408	.000000
0.90553	.581474	.000000
0.90568	.580921	.000000
0.90584	.580894	.000000
0.906	.580738	.000000
0.90616	.580923	.000000
0.90632	.580915	.000000
0.90648	.580592	.000000
0.90663	.580362	.000000
0.90679	.580571	.000000
0.90695	.580318	.000000
0.90711	.580023	.000000
0.90727	.579868	.000000
0.90743	.580170	.000000
0.90759	.579836	.000000
0.90774	.579703	.000000
0.9079	.580026	.000000
0.90806	.579114	.000000
0.90822	.578880	.000000
0.90838	.579444	.000000
0.90854	.579668	.000000
0.9087	.579070	.000000
0.90886	.578525	.000000
0.90902	.578601	.000000
0.90918	.579079	.000000
0.90934	.578938	.000000
0.9095	.578181	.000000
0.90966	.578042	.000000
0.90982	.578256	.000000
0.90998	.577486	.000000
0.91013	.577047	.000000
0.91029	.577602	.000000
0.91045	.578356	.000000
0.91061	.578465	.000000
0.91077	.577868	.000000
0.91093	.576778	.000000
0.91109	.576092	.000000
0.91125	.576827	.000000
0.91141	.576723	.000000
0.91158	.576186	.000000
0.91174	.576911	.000000
0.9119	.577310	.000000
0.91206	.577149	.000000
0.91222	.577216	.000000
0.91238	.577112	.000000
0.91254	.576114	.000000
0.9127	.575839	.000000
0.91286	.575743	.000000
0.91302	.575808	.000000
0.91318	.575697	.000000
0.91334	.575396	.000000
0.9135	.574853	.000000
0.91366	.574683	.000000
0.91382	.574737	.000000
0.91399	.574396	.000000
0.91415	.574184	.000000
0.91431	.574310	.000000
0.91447	.573792	.000000
0.91463	.573799	.000000
0.91479	.574004	.000000
0.91495	.573530	.000000
0.91511	.573894	.000000
0.91528	.574240	.000000
0.91544	.574043	.000000
0.9156	.573340	.000000
0.91576	.572895	.000000
0.91592	.572732	.000000
0.91608	.572603	.000000
0.91625	.572591	.000000
0.91641	.572257	.000000
0.91657	.572438	.000000
0.91673	.572688	.000000
0.91689	.572143	.000000
0.91706	.571115	.000000
0.91722	.571271	.000000
0.91738	.571679	.000000
0.91754	.571575	.000000
0.91771	.570737	.000000
0.91787	.570445	.000000
0.91803	.570480	.000000
0.91819	.570730	.000000
0.91836	.571064	.000000
0.91852	.571078	.000000
0.91868	.570297	.000000
0.91884	.570160	.000000
0.91901	.570245	.000000
0.91917	.569898	.000000
0.91933	.569245	.000000
0.9195	.568856	.000000
0.91966	.568886	.000000
0.91982	.569116	.000000
0.91999	.569339	.000000
0.92015	.569035	.000000
0.92031	.568230	.000000
0.92048	.568373	.000000
0.92064	.568726	.000000
0.9208	.568550	.000000
0.92097	.568244	.000000
0.92113	.568046	.000000
0.92129	.568427	.000000
0.92146	.568406	.000000
0.92162	.567886	.000000
0.92179	.567726	.000000
0.92195	.567729	.000000
0.92211	.567496	.000000
0.92228	.566715	.000000
0.92244	.566694	.000000
0.92261	.566879	.000000
0.92277	.566847	.000000
0.92293	.566485	.000000
0.9231	.566060	.000000
0.92326	.565856	.000000
0.92343	.565864	.000000
0.92359	.565636	.000000
0.92376	.565478	.000000
0.92392	.565467	.000000
0.92409	.565413	.000000
0.92425	.565010	.000000
0.92441	.564636	.000000
0.92458	.564304	.000000
0.92474	.565146	.000000
0.92491	.565817	.000000
0.92507	.565095	.000000
0.92524	.564355	.000000
0.9254	.563910	.000000
0.92557	.563913	.000000
0.92574	.564147	.000000
0.9259	.564319	.000000
0.92607	.563544	.000000
0.92623	.562590	.000000
0.9264	.562859	.000000
0.92656	.562896	.000000
0.92673	.562135	.000000
0.92689	.561788	.000000
0.92706	.561894	.000000
0.92723	.561565	.000000
0.92739	.561215	.000000
0.92756	.561672	.000000
0.92772	.561978	.000000
0.92789	.561941	.000000
0.92805	.561794	.000000
0.92822	.562073	.000000
0.92839	.561722	.000000
0.92855	.561212	.000000
0.92872	.561389	.000000
0.92889	.561476	.000000
0.92905	.560980	.000000
0.92922	.560409	.000000
0.92939	.559899	.000000
0.92955	.559454	.000000
0.92972	.559642	.000000
0.92989	.559902	.000000
0.93005	.559635	.000000
0.93022	.559300	.000000
0.93039	.558830	.000000
0.93055	.558458	.000000
0.93072	.558556	.000000
0.93089	.558700	.000000
0.93105	.558684	.000000
0.93122	.558447	.000000
0.93139	.558379	.000000
0.93156	.558277	.000000
0.93172	.557653	.000000
0.93189	.557275	.000000
0.93206	.556909	.000000
0.93223	.556382	.000000
0.93239	.556368	.000000
0.93256	.556529	.000000
0.93273	.556387	.000000
0.9329	.556515	.000000
0.93307	.556718	.000000
0.93323	.556280	.000000
0.9334	.556007	.000000
0.93357	.556559	.000000
0.93374	.556802	.000000
0.93391	.556215	.000000
0.93407	.555635	.000000
0.93424	.555756	.000000
0.93441	.555840	.000000
0.93458	.555229	.000000
0.93475	.554777	.000000
0.93492	.554912	.000000
0.93508	.554879	.000000
0.93525	.554447	.000000
0.93542	.553831	.000000
0.93559	.553081	.000000
0.93576	.553091	.000000
0.93593	.553898	.000000
0.9361	.553863	.000000
0.93627	.553037	.000000
0.93644	.552845	.000000
0.93661	.552835	.000000
0.93677	.552680	.000000
0.93694	.552091	.000000
0.93711	.552114	.000000
0.93728	.552380	.000000
0.93745	.551703	.000000
0.93762	.551109	.000000
0.93779	.550836	.000000
0.93796	.550708	.000000
0.93813	.550859	.000000
0.9383	.550423	.000000
0.93847	.550256	.000000
0.93864	.550381	.000000
0.93881	.550525	.000000
0.93898	.550244	.000000
0.93915	.550038	.000000
0.93932	.549954	.000000
0.93949	.549718	.000000
0.93966	.549928	.000000
0.93983	.549898	.000000
0.94	.549552	.000000
0.94017	.549212	.000000
0.94034	.549012	.000000
0.94051	.548346	.000000
0.94068	.548165	.000000
0.94085	.548333	.000000
0.94102	.548029	.000000
0.9412	.547776	.000000
0.94137	.547618	.000000
0.94154	.547437	.000000
0.94171	.547168	.000000
0.94188	.546906	.000000
0.94205	.546567	.000000
0.94222	.546414	.000000
0.94239	.546766	.000000
0.94256	.546562	.000000
0.94274	.545845	.000000
0.94291	.545219	.000000
0.94308	.545287	.000000
0.94325	.545400	.000000
0.94342	.545321	.000000
0.94359	.545189	.000000
0.94377	.545010	.000000
0.94394	.544883	.000000
0.94411	.544539	.000000
0.94428	.544017	.000000
0.94445	.543741	.000000
0.94463	.543788	.000000
0.9448	.543575	.000000
0.94497	.543157	.000000
0.94514	.543020	.000000
0.94531	.543108	.000000
0.94549	.543108	.000000
0.94566	.542654	.000000
0.94583	.542549	.000000
0.946	.542373	.000000
0.94618	.542257	.000000
0.94635	.542004	.000000
0.94652	.541577	.000000
0.94669	.541366	.000000
0.94687	.541428	.000000
0.94704	.540955	.000000
0.94721	.540572	.000000
0.94739	.540833	.000000
0.94756	.540972	.000000
0.94773	.541152	.000000
0.94791	.540666	.000000
0.94808	.540276	.000000
0.94825	.539905	.000000
0.94843	.539403	.000000
0.9486	.539501	.000000
0.94877	.539526	.000000
0.94895	.539118	.000000
0.94912	.538826	.000000
0.94929	.538248	.000000
0.94947	.538155	.000000
0.94964	.538241	.000000
0.94982	.538035	.000000
0.94999	.538091	.000000
0.95016	.537881	.000000
0.95034	.537554	.000000
0.95051	.536910	.000000
0.95069	.536958	.000000
0.95086	.537445	.000000
0.95104	.537216	.000000
0.95121	.536705	.000000
0.95139	.535863	.000000
0.95156	.535494	.000000
0.95173	.535629	.000000
0.95191	.535856	.000000
0.95208	.535659	.000000
0.95226	.535281	.000000
0.95243	.534959	.000000
0.95261	.535028	.000000
0.95278	.534972	.000000
0.95296	.534699	.000000
0.95313	.534597	.000000
0.95331	.534314	.000000
0.95348	.533762	.000000
0.95366	.533156	.000000
0.95384	.533108	.000000
0.95401	.533274	.000000
0.95419	.533131	.000000
0.95436	.532869	.000000
0.95454	.532664	.000000
0.95471	.532166	.000000
0.95489	.531801	.000000
0.95507	.531780	.000000
0.95524	.531683	.000000
0.95542	.531556	.000000
0.95559	.531384	.000000
0.95577	.531019	.000000
0.95595	.530776	.000000
0.95612	.530729	.000000
0.9563	.530718	.000000
0.95647	.530319	.000000
0.95665	.529943	.000000
0.95683	.530284	.000000
0.957	.530293	.000000
0.95718	.529792	.000000
0.95736	.529648	.000000
0.95753	.529547	.000000
0.95771	.528974	.000000
0.95789	.528451	.000000
0.95807	.528243	.000000
0.95824	.528296	.000000
0.95842	.528698	.000000
0.9586	.528308	.000000
0.95877	.528231	.000000
0.95895	.528298	.000000
0.95913	.527988	.000000
0.95931	.527533	.000000
0.95948	.526849	.000000
0.95966	.526573	.000000
0.95984	.526635	.000000
0.96002	.526591	.000000
0.96019	.526275	.000000
0.96037	.525819	.000000
0.96055	.525459	.000000
0.96073	.525478	.000000
0.96091	.525401	.000000
0.96108	.524995	.000000
0.96126	.524709	.000000
0.96144	.524665	.000000
0.96162	.525007	.000000
0.9618	.524742	.000000
0.96198	.524109	.000000
0.96215	.524046	.000000
0.96233	.523916	.000000
0.96251	.523584	.000000
0.96269	.523527	.000000
0.96287	.523656	.000000
0.96305	.523376	.000000
0.96323	.522745	.000000
0.96341	.522276	.000000
0.96359	.521870	.000000
0.96376	.521879	.000000
0.96394	.521931	.000000
0.96412	.521791	.000000
0.9643	.521745	.000000
0.96448	.521279	.000000
0.96466	.521037	.000000
0.96484	.520982	.000000
0.96502	.520511	.000000
0.9652	.520117	.000000
0.96538	.519680	.000000
0.96556	.519597	.000000
0.96574	.520107	.000000
0.96592	.520003	.000000
0.9661	.519523	.000000
0.96628	.519019	.000000
0.96646	.518550	.000000
0.96664	.518718	.000000
0.96682	.518783	.000000
0.967	.518495	.000000
0.96718	.517971	.000000
0.96736	.517919	.000000
0.96754	.518080	.000000
0.96772	.517648	.000000
0.9679	.516941	.000000
0.96808	.516686	.000000
0.96826	.516824	.000000
0.96844	.516767	.000000
0.96863	.516495	.000000
0.96881	.516168	.000000
0.96899	.515695	.000000
0.96917	.515344	.000000
0.96935	.515516	.000000
0.96953	.515648	.000000
0.96971	.515273	.000000
0.96989	.515303	.000000
0.97008	.515460	.000000
0.97026	.515006	.000000
0.97044	.514227	.000000
0.97062	.514015	.000000
0.9708	.513906	.000000
0.97098	.513637	.000000
0.97117	.513574	.000000
0.97135	.513547	.000000
0.97153	.513147	.000000
0.97171	.512909	.000000
0.97189	.512762	.000000
0.97208	.512561	.000000
0.97226	.512398	.000000
0.97244	.512305	.000000
0.97262	.512217	.000000
0.97281	.512097	.000000
0.97299	.511763	.000000
0.97317	.511109	.000000
0.97335	.510985	.000000
0.97354	.511002	.000000
0.97372	.510981	.000000
0.9739	.510826	.000000
0.97409	.510375	.000000
0.97427	.509967	.000000
0.97445	.509941	.000000
0.97463	.509382	.000000
0.97482	.509000	.000000
0.975	.509118	.000000
0.97518	.509167	.000000
0.97537	.509000	.000000
0.97555	.508729	.000000
0.97573	.508719	.000000
0.97592	.508719	.000000
0.9761	.508431	.000000
0.97629	.508009	.000000
0.97647	.507552	.000000
0.97665	.507327	.000000
0.97684	.507300	.000000
0.97702	.507351	.000000
0.97721	.507292	.000000
0.97739	.506933	.000000
0.97757	.506740	.000000
0.97776	.506627	.000000
0.97794	.506225	.000000
0.97813	.506084	.000000
0.97831	.506000	.000000
0.9785	.505356	.000000
0.97868	.504998	.000000
0.97887	.504810	.000000
0.97905	.504323	.000000
0.97924	.504298	.000000
0.97942	.504624	.000000
0.97961	.504360	.000000
0.97979	.504049	.000000
0.97998	.504288	.000000
0.98016	.504221	.000000
0.98035	.503968	.000000
0.98053	.503827	.000000
0.98072	.503335	.000000
0.9809	.502790	.000000
0.98109	.502727	.000000
0.98127	.502625	.000000
0.98146	.502393	.000000
0.98165	.502217	.000000
0.98183	.502108	.000000
0.98202	.501832	.000000
0.9822	.501600	.000000
0.98239	.501599	.000000
0.98258	.501351	.000000
0.98276	.500780	.000000
0.98295	.500226	.000000
0.98314	.500166	.000000
0.98332	.500324	.000000
0.98351	.500214	.000000
0.9837	.499955	.000000
0.98388	.499834	.000000
0.98407	.499897	.000000
0.98426	.499377	.000000
0.98444	.498823	.000000
0.98463	.498839	.000000
0.98482	.498614	.000000
0.985	.498477	.000000
0.98519	.498400	.000000
0.98538	.498145	.000000
0.98557	.498029	.000000
0.98575	.497718	.000000
0.98594	.497414	.000000
0.98613	.497382	.000000
0.98632	.497192	.000000
0.9865	.497039	.000000
0.98669	.497008	.000000
0.98688	.496735	.000000
0.98707	.496246	.000000
0.98725	.496507	.000000
0.98744	.496999	.000000
0.98763	.496561	.000000
0.98782	.496002	.000000
0.98801	.495572	.000000
0.98819	.494988	.000000
0.98838	.494629	.000000
0.98857	.494622	.000000
0.98876	.494721	.000000
0.98895	.494960	.000000
0.98914	.495016	.000000
0.98933	.494248	.000000
0.98952	.493657	.000000
0.9897	.493645	.000000
0.98989	.493631	.000000
0.99008	.493765	.000000
0.99027	.493675	.000000
0.99046	.492995	.000000
0.99065	.492582	.000000
0.99084	.492360	.000000
0.99103	.492378	.000000
0.99122	.492401	.000000
0.99141	.492183	.000000
0.9916	.491819	.000000
0.99179	.491490	.000000
0.99198	.491285	.000000
0.99217	.491096	.000000
0.99236	.490697	.000000
0.99255	.490713	.000000
0.99274	.491044	.000000
0.99293	.490938	.000000
0.99312	.490532	.000000
0.99331	.490304	.000000
0.9935	.490255	.000000
0.99369	.490311	.000000
0.99388	.489766	.000000
0.99407	.489462	.000000
0.99426	.489527	.000000
0.99445	.489435	.000000
0.99464	.489045	.000000
0.99483	.488724	.000000
0.99502	.488845	.000000
0.99521	.488917	.000000
0.9954	.488694	.000000
0.9956	.488427	.000000
0.99579	.488282	.000000
0.99598	.487845	.000000
0.99617	.487309	.000000
0.99636	.487038	.000000
0.99655	.486889	.000000
0.99674	.487085	.000000
0.99694	.487189	.000000
0.99713	.487122	.000000
0.99732	.486920	.000000
0.99751	.486562	.000000
0.9977	.486411	.000000
0.99789	.486235	.000000
0.99809	.485918	.000000
0.99828	.485725	.000000
0.99847	.485539	.000000
0.99866	.485064	.000000
0.99886	.484962	.000000
0.99905	.485393	.000000
0.99924	.485333	.000000
0.99943	.484913	.000000
0.99963	.484428	.000000
0.99982	.484101	.000000
1.00001	.484036	.000000
1.0002	.484110	.000000
1.0004	.483892	.000000
1.00059	.483415	.000000
1.00078	.483255	.000000
1.00098	.483329	.000000
1.00117	.483263	.000000
1.00136	.483185	.000000
1.00156	.482988	.000000
1.00175	.482470	.000000
1.00194	.482231	.000000
1.00214	.482498	.000000
1.00233	.482647	.000000
1.00253	.482331	.000000
1.00272	.481753	.000000
1.00291	.481674	.000000
1.00311	.481814	.000000
1.0033	.481475	.000000
1.0035	.481366	.000000
1.00369	.481510	.000000
1.00388	.481308	.000000
1.00408	.480789	.000000
1.00427	.480491	.000000
1.00447	.480543	.000000
1.00466	.480614	.000000
1.00486	.480248	.000000
1.00505	.479970	.000000
1.00525	.479916	.000000
1.00544	.479784	.000000
1.00564	.479431	.000000
1.00583	.479146	.000000
1.00603	.479218	.000000
1.00622	.479107	.000000
1.00642	.479028	.000000
1.00661	.478751	.000000
1.00681	.478605	.000000
1.007	.478499	.000000
1.0072	.478265	.000000
1.0074	.478077	.000000
1.00759	.478218	.000000
1.00779	.478044	.000000
1.00798	.477865	.000000
1.00818	.477772	.000000
1.00837	.477483	.000000
1.00857	.477139	.000000
1.00877	.477156	.000000
1.00896	.476872	.000000
1.00916	.476673	.000000
1.00936	.476643	.000000
1.00955	.476408	.000000
1.00975	.476457	.000000
1.00995	.476504	.000000
1.01014	.476434	.000000
1.01034	.476133	.000000
1.01054	.475940	.000000
1.01073	.475850	.000000
1.01093	.475599	.000000
1.01113	.475225	.000000
1.01133	.475023	.000000
1.01152	.474954	.000000
1.01172	.475265	.000000
1.01192	.475058	.000000
1.01211	.474562	.000000
1.01231	.474587	.000000
1.01251	.474548	.000000
1.01271	.474471	.000000
1.01291	.474400	.000000
1.0131	.473899	.000000
1.0133	.473764	.000000
1.0135	.473611	.000000
1.0137	.473126	.000000
1.0139	.472831	.000000
1.01409	.472905	.000000
1.01429	.473012	.000000
1.01449	.473107	.000000
1.01469	.473019	.000000
1.01489	.472959	.000000
1.01509	.472987	.000000
1.01529	.472727	.000000
1.01548	.472507	.000000
1.01568	.472486	.000000
1.01588	.472219	.000000
1.01608	.472003	.000000
1.01628	.472042	.000000
1.01648	.471817	.000000
1.01668	.471562	.000000
1.01688	.471579	.000000
1.01708	.471491	.000000
1.01728	.471375	.000000
1.01748	.471272	.000000
1.01768	.470985	.000000
1.01788	.470533	.000000
1.01808	.470330	.000000
1.01828	.470279	.000000
1.01848	.470533	.000000
1.01868	.470563	.000000
1.01888	.470426	.000000
1.01908	.470221	.000000
1.01928	.469953	.000000
1.01948	.469871	.000000
1.01968	.469762	.000000
1.01988	.469623	.000000
1.02008	.469525	.000000
1.02028	.469451	.000000
1.02048	.469298	.000000
1.02068	.469505	.000000
1.02088	.469372	.000000
1.02108	.468894	.000000
1.02129	.468725	.000000
1.02149	.468538	.000000
1.02169	.468310	.000000
1.02189	.468152	.000000
1.02209	.468268	.000000
1.02229	.468138	.000000
1.02249	.467758	.000000
1.0227	.467542	.000000
1.0229	.467702	.000000
1.0231	.467554	.000000
1.0233	.467363	.000000
1.0235	.467366	.000000
1.02371	.467182	.000000
1.02391	.467206	.000000
1.02411	.467241	.000000
1.02431	.467166	.000000
1.02451	.467088	.000000
1.02472	.466972	.000000
1.02492	.466703	.000000
1.02512	.466493	.000000
1.02532	.466422	.000000
1.02553	.466380	.000000
1.02573	.466427	.000000
1.02593	.466556	.000000
1.02614	.466424	.000000
1.02634	.466278	.000000
1.02654	.466396	.000000
1.02675	.466206	.000000
1.02695	.465891	.000000
1.02715	.465832	.000000
1.02736	.466028	.000000
1.02756	.465656	.000000
1.02776	.465225	.000000
1.02797	.465160	.000000
1.02817	.465092	.000000
1.02838	.464898	.000000
1.02858	.464863	.000000
1.02878	.464828	.000000
1.02899	.464701	.000000
1.02919	.464677	.000000
1.0294	.464756	.000000
1.0296	.464520	.000000
1.02981	.464457	.000000
1.03001	.464318	.000000
1.03021	.464278	.000000
1.03042	.464018	.000000
1.03062	.463812	.000000
1.03083	.463847	.000000
1.03103	.463997	.000000
1.03124	.463907	.000000
1.03144	.463661	.000000
1.03165	.463503	.000000
1.03185	.463399	.000000
1.03206	.463471	.000000
1.03227	.463765	.000000
1.03247	.463515	.000000
1.03268	.463178	.000000
1.03288	.463123	.000000
1.03309	.463000	.000000
1.03329	.462902	.000000
1.0335	.462866	.000000
1.03371	.462875	.000000
1.03391	.463025	.000000
1.03412	.462988	.000000
1.03432	.462759	.000000
1.03453	.462819	.000000
1.03474	.462696	.000000
1.03494	.462409	.000000
1.03515	.462265	.000000
1.03536	.462269	.000000
1.03556	.462311	.000000
1.03577	.462271	.000000
1.03598	.462297	.000000
1.03619	.462030	.000000
1.03639	.461620	.000000
1.0366	.461497	.000000
1.03681	.461618	.000000
1.03701	.461657	.000000
1.03722	.461608	.000000
1.03743	.461587	.000000
1.03764	.461409	.000000
1.03784	.461234	.000000
1.03805	.461510	.000000
1.03826	.461603	.000000
1.03847	.461360	.000000
1.03868	.461103	.000000
1.03888	.461232	.000000
1.03909	.461218	.000000
1.0393	.460996	.000000
1.03951	.460951	.000000
1.03972	.460882	.000000
1.03993	.460773	.000000
1.04013	.460676	.000000
1.04034	.460585	.000000
1.04055	.460603	.000000
1.04076	.460761	.000000
1.04097	.460566	.000000
1.04118	.460497	.000000
1.04139	.460471	.000000
1.0416	.460504	.000000
1.04181	.460515	.000000
1.04202	.460501	.000000
1.04223	.460495	.000000
1.04244	.460422	.000000
1.04264	.460388	.000000
1.04285	.460191	.000000
1.04306	.460082	.000000
1.04327	.460117	.000000
1.04348	.459991	.000000
1.04369	.459950	.000000
1.0439	.459954	.000000
1.04411	.459803	.000000
1.04432	.459790	.000000
1.04454	.459790	.000000
1.04475	.459664	.000000
1.04496	.459743	.000000
1.04517	.459750	.000000
1.04538	.459427	.000000
1.04559	.459404	.000000
1.0458	.459458	.000000
1.04601	.459272	.000000
1.04622	.459221	.000000
1.04643	.459377	.000000
1.04664	.459471	.000000
1.04686	.459293	.000000
1.04707	.459254	.000000
1.04728	.459576	.000000
1.04749	.459734	.000000
1.0477	.459583	.000000
1.04791	.459358	.000000
1.04812	.459428	.000000
1.04834	.459430	.000000
1.04855	.459439	.000000
1.04876	.459508	.000000
1.04897	.459309	.000000
1.04919	.459082	.000000
1.0494	.458896	.000000
1.04961	.458954	.000000
1.04982	.459014	.000000
1.05004	.458985	.000000
1.05025	.459003	.000000
1.05046	.459223	.000000
1.05067	.459393	.000000
1.05089	.459337	.000000
1.0511	.459140	.000000
1.05131	.459082	.000000
1.05153	.459195	.000000
1.05174	.459492	.000000
1.05195	.459615	.000000
1.05217	.459397	.000000
1.05238	.459277	.000000
1.05259	.459311	.000000
1.05281	.459226	.000000
1.05302	.459170	.000000
1.05323	.459181	.000000
1.05345	.459058	.000000
1.05366	.459043	.000000
1.05388	.459019	.000000
1.05409	.459133	.000000
1.05431	.459254	.000000
1.05452	.459189	.000000
1.05473	.459209	.000000
1.05495	.459189	.000000
1.05516	.459005	.000000
1.05538	.458813	.000000
1.05559	.459082	.000000
1.05581	.459325	.000000
1.05602	.459358	.000000
1.05624	.459400	.000000
1.05645	.459170	.000000
1.05667	.459035	.000000
1.05688	.459100	.000000
1.0571	.459024	.000000
1.05732	.458857	.000000
1.05753	.458827	.000000
1.05775	.458966	.000000
1.05796	.459144	.000000
1.05818	.459342	.000000
1.05839	.459348	.000000
1.05861	.459156	.000000
1.05883	.459304	.000000
1.05904	.459525	.000000
1.05926	.459492	.000000
1.05948	.459548	.000000
1.05969	.459611	.000000
1.05991	.459616	.000000
1.06013	.459525	.000000
1.06034	.459225	.000000
1.06056	.459084	.000000
1.06078	.459175	.000000
1.06099	.459244	.000000
1.06121	.459312	.000000
1.06143	.459421	.000000
1.06165	.459518	.000000
1.06186	.459576	.000000
1.06208	.459696	.000000
1.0623	.459704	.000000
1.06252	.459478	.000000
1.06273	.459732	.000000
1.06295	.459942	.000000
1.06317	.459783	.000000
1.06339	.459664	.000000
1.06361	.459762	.000000
1.06382	.459896	.000000
1.06404	.459894	.000000
1.06426	.459889	.000000
1.06448	.459785	.000000
1.0647	.459857	.000000
1.06492	.459938	.000000
1.06514	.460221	.000000
1.06535	.460383	.000000
1.06557	.460230	.000000
1.06579	.459979	.000000
1.06601	.459989	.000000
1.06623	.460165	.000000
1.06645	.460349	.000000
1.06667	.460414	.000000
1.06689	.460543	.000000
1.06711	.460729	.000000
1.06733	.460764	.000000
1.06755	.460708	.000000
1.06777	.460645	.000000
1.06799	.460527	.000000
1.06821	.460599	.000000
1.06843	.460792	.000000
1.06865	.460942	.000000
1.06887	.461028	.000000
1.06909	.461081	.000000
1.06931	.461318	.000000
1.06953	.461212	.000000
1.06975	.461144	.000000
1.06997	.461285	.000000
1.07019	.461357	.000000
1.07041	.461374	.000000
1.07063	.461269	.000000
1.07085	.461603	.000000
1.07108	.461850	.000000
1.0713	.461652	.000000
1.07152	.461778	.000000
1.07174	.461889	.000000
1.07196	.461988	.000000
1.07218	.462088	.000000
1.07241	.461986	.000000
1.07263	.461898	.000000
1.07285	.461910	.000000
1.07307	.461977	.000000
1.07329	.462097	.000000
1.07352	.462246	.000000
1.07374	.462467	.000000
1.07396	.462705	.000000
1.07418	.462747	.000000
1.07441	.462757	.000000
1.07463	.462812	.000000
1.07485	.463067	.000000
1.07507	.463102	.000000
1.0753	.462963	.000000
1.07552	.463002	.000000
1.07574	.463074	.000000
1.07597	.463081	.000000
1.07619	.463369	.000000
1.07641	.463504	.000000
1.07664	.463453	.000000
1.07686	.463543	.000000
1.07708	.463580	.000000
1.07731	.463612	.000000
1.07753	.463761	.000000
1.07776	.463828	.000000
1.07798	.463758	.000000
1.0782	.464007	.000000
1.07843	.464269	.000000
1.07865	.464341	.000000
1.07888	.464382	.000000
1.0791	.464575	.000000
1.07933	.464654	.000000
1.07955	.464677	.000000
1.07978	.464828	.000000
1.08	.464933	.000000
1.08023	.464861	.000000
1.08045	.465034	.000000
1.08068	.465123	.000000
1.0809	.464979	.000000
1.08113	.465185	.000000
1.08135	.465614	.000000
1.08158	.465853	.000000
1.0818	.465981	.000000
1.08203	.465993	.000000
1.08225	.465992	.000000
1.08248	.466062	.000000
1.08271	.466252	.000000
1.08293	.466563	.000000
1.08316	.466637	.000000
1.08339	.466586	.000000
1.08361	.466536	.000000
1.08384	.466459	.000000
1.08406	.466670	.000000
1.08429	.467036	.000000
1.08452	.467190	.000000
1.08475	.467232	.000000
1.08497	.467217	.000000
1.0852	.467283	.000000
1.08543	.467382	.000000
1.08565	.467507	.000000
1.08588	.467674	.000000
1.08611	.467951	.000000
1.08634	.468219	.000000
1.08656	.468315	.000000
1.08679	.468127	.000000
1.08702	.468115	.000000
1.08725	.468465	.000000
1.08748	.468637	.000000
1.0877	.468790	.000000
1.08793	.468925	.000000
1.08816	.469032	.000000
1.08839	.469329	.000000
1.08862	.469498	.000000
1.08885	.469519	.000000
1.08907	.469679	.000000
1.0893	.469909	.000000
1.08953	.470110	.000000
1.08976	.470189	.000000
1.08999	.470055	.000000
1.09022	.469952	.000000
1.09045	.470242	.000000
1.09068	.470577	.000000
1.09091	.470671	.000000
1.09114	.470702	.000000
1.09137	.470874	.000000
1.0916	.471054	.000000
1.09183	.471191	.000000
1.09206	.471309	.000000
1.09229	.471316	.000000
1.09252	.471451	.000000
1.09275	.471625	.000000
1.09298	.471778	.000000
1.09321	.471736	.000000
1.09344	.471864	.000000
1.09367	.472096	.000000
1.0939	.472252	.000000
1.09413	.472498	.000000
1.09436	.472595	.000000
1.09459	.472722	.000000
1.09482	.472832	.000000
1.09505	.472797	.000000
1.09529	.472996	.000000
1.09552	.473326	.000000
1.09575	.473574	.000000
1.09598	.473869	.000000
1.09621	.473854	.000000
1.09644	.473892	.000000
1.09668	.474184	.000000
1.09691	.474358	.000000
1.09714	.474332	.000000
1.09737	.474392	.000000
1.0976	.474646	.000000
1.09784	.474805	.000000
1.09807	.474922	.000000
1.0983	.475147	.000000
1.09854	.475277	.000000
1.09877	.475402	.000000
1.099	.475604	.000000
1.09923	.475743	.000000
1.09947	.475819	.000000
1.0997	.475915	.000000
1.09993	.476149	.000000
1.10017	.476436	.000000
1.1004	.476543	.000000
1.10063	.476583	.000000
1.10087	.476766	.000000
1.1011	.476928	.000000
1.10134	.476961	.000000
1.10157	.477040	.000000
1.1018	.477290	.000000
1.10204	.477564	.000000
1.10227	.477666	.000000
1.10251	.477812	.000000
1.10274	.477972	.000000
1.10298	.478241	.000000
1.10321	.478448	.000000
1.10344	.478441	.000000
1.10368	.478413	.000000
1.10391	.478524	.000000
1.10415	.478678	.000000
1.10439	.479120	.000000
1.10462	.479390	.000000
1.10486	.479420	.000000
1.10509	.479459	.000000
1.10533	.479570	.000000
1.10556	.479823	.000000
1.1058	.479916	.000000
1.10603	.480157	.000000
1.10627	.480436	.000000
1.10651	.480473	.000000
1.10674	.480730	.000000
1.10698	.480967	.000000
1.10722	.481013	.000000
1.10745	.481139	.000000
1.10769	.481231	.000000
1.10792	.481340	.000000
1.10816	.481531	.000000
1.1084	.481674	.000000
1.10864	.481733	.000000
1.10887	.481909	.000000
1.10911	.482106	.000000
1.10935	.482340	.000000
1.10958	.482642	.000000
1.10982	.482751	.000000
1.11006	.482746	.000000
1.1103	.482800	.000000
1.11054	.482946	.000000
1.11077	.483243	.000000
1.11101	.483389	.000000
1.11125	.483649	.000000
1.11149	.483909	.000000
1.11173	.483918	.000000
1.11196	.484068	.000000
1.1122	.484419	.000000
1.11244	.484590	.000000
1.11268	.484641	.000000
1.11292	.484658	.000000
1.11316	.484901	.000000
1.1134	.485349	.000000
1.11364	.485477	.000000
1.11388	.485403	.000000
1.11411	.485611	.000000
1.11435	.485765	.000000
1.11459	.485811	.000000
1.11483	.485853	.000000
1.11507	.486099	.000000
1.11531	.486418	.000000
1.11555	.486658	.000000
1.11579	.486848	.000000
1.11603	.486910	.000000
1.11627	.486908	.000000
1.11651	.487033	.000000
1.11675	.487179	.000000
1.11699	.487339	.000000
1.11724	.487564	.000000
1.11748	.487927	.000000
1.11772	.488093	.000000
1.11796	.488217	.000000
1.1182	.488488	.000000
1.11844	.488557	.000000
1.11868	.488513	.000000
1.11892	.488660	.000000
1.11916	.488993	.000000
1.11941	.489181	.000000
1.11965	.489279	.000000
1.11989	.489351	.000000
1.12013	.489485	.000000
1.12037	.489696	.000000
1.12062	.489820	.000000
1.12086	.489980	.000000
1.1211	.490151	.000000
1.12134	.490328	.000000
1.12159	.490580	.000000
1.12183	.490747	.000000
1.12207	.490747	.000000
1.12231	.490879	.000000
1.12256	.491061	.000000
1.1228	.491299	.000000
1.12304	.491608	.000000
1.12329	.491840	.000000
1.12353	.491903	.000000
1.12377	.491916	.000000
1.12402	.492005	.000000
1.12426	.492130	.000000
1.12451	.492344	.000000
1.12475	.492538	.000000
1.12499	.492668	.000000
1.12524	.492944	.000000
1.12548	.493221	.000000
1.12573	.493246	.000000
1.12597	.493394	.000000
1.12621	.493575	.000000
1.12646	.493582	.000000
1.1267	.493735	.000000
1.12695	.493926	.000000
1.12719	.494120	.000000
1.12744	.494427	.000000
1.12768	.494605	.000000
1.12793	.494615	.000000
1.12818	.494712	.000000
1.12842	.494914	.000000
1.12867	.495123	.000000
1.12891	.495246	.000000
1.12916	.495375	.000000
1.1294	.495679	.000000
1.12965	.495912	.000000
1.1299	.496141	.000000
1.13014	.496350	.000000
1.13039	.496438	.000000
1.13064	.496522	.000000
1.13088	.496652	.000000
1.13113	.496740	.000000
1.13138	.496825	.000000
1.13162	.497097	.000000
1.13187	.497203	.000000
1.13212	.497215	.000000
1.13236	.497331	.000000
1.13261	.497609	.000000
1.13286	.497691	.000000
1.13311	.497818	.000000
1.13335	.498261	.000000
1.1336	.498574	.000000
1.13385	.498523	.000000
1.1341	.498586	.000000
1.13435	.498561	.000000
1.13459	.498581	.000000
1.13484	.498888	.000000
1.13509	.499210	.000000
1.13534	.499333	.000000
1.13559	.499424	.000000
1.13584	.499665	.000000
1.13609	.499850	.000000
1.13633	.499936	.000000
1.13658	.500075	.000000
1.13683	.500249	.000000
1.13708	.500280	.000000
1.13733	.500370	.000000
1.13758	.500720	.000000
1.13783	.500866	.000000
1.13808	.501070	.000000
1.13833	.501247	.000000
1.13858	.501228	.000000
1.13883	.501419	.000000
1.13908	.501797	.000000
1.13933	.502034	.000000
1.13958	.501955	.000000
1.13983	.501860	.000000
1.14008	.502015	.000000
1.14033	.502303	.000000
1.14058	.502335	.000000
1.14084	.502393	.000000
1.14109	.502542	.000000
1.14134	.502852	.000000
1.14159	.503006	.000000
1.14184	.503151	.000000
1.14209	.503295	.000000
1.14234	.503460	.000000
1.1426	.503724	.000000
1.14285	.503811	.000000
1.1431	.503912	.000000
1.14335	.504142	.000000
1.1436	.504237	.000000
1.14386	.504372	.000000
1.14411	.504508	.000000
1.14436	.504529	.000000
1.14461	.504667	.000000
1.14487	.504915	.000000
1.14512	.505109	.000000
1.14537	.505242	.000000
1.14562	.505351	.000000
1.14588	.505397	.000000
1.14613	.505460	.000000
1.14638	.505650	.000000
1.14664	.505870	.000000
1.14689	.505928	.000000
1.14715	.506126	.000000
1.1474	.506320	.000000
1.14765	.506351	.000000
1.14791	.506411	.000000
1.14816	.506513	.000000
1.14842	.506604	.000000
1.14867	.506803	.000000
1.14893	.507026	.000000
1.14918	.507076	.000000
1.14943	.507269	.000000
1.14969	.507397	.000000
1.14994	.507460	.000000
1.1502	.507649	.000000
1.15045	.507835	.000000
1.15071	.508095	.000000
1.15097	.508260	.000000
1.15122	.508332	.000000
1.15148	.508322	.000000
1.15173	.508397	.000000
1.15199	.508533	.000000
1.15224	.508780	.000000
1.1525	.509150	.000000
1.15276	.509243	.000000
1.15301	.509222	.000000
1.15327	.509281	.000000
1.15353	.509317	.000000
1.15378	.509396	.000000
1.15404	.509582	.000000
1.1543	.509819	.000000
1.15455	.510104	.000000
1.15481	.510218	.000000
1.15507	.510352	.000000
1.15533	.510570	.000000
1.15558	.510695	.000000
1.15584	.510779	.000000
1.1561	.510837	.000000
1.15636	.510781	.000000
1.15661	.510779	.000000
1.15687	.511067	.000000
1.15713	.511278	.000000
1.15739	.511471	.000000
1.15765	.511593	.000000
1.15791	.511763	.000000
1.15816	.511951	.000000
1.15842	.511930	.000000
1.15868	.511948	.000000
1.15894	.512071	.000000
1.1592	.512152	.000000
1.15946	.512175	.000000
1.15972	.512422	.000000
1.15998	.512639	.000000
1.16024	.512807	.000000
1.1605	.512915	.000000
1.16076	.512807	.000000
1.16102	.512872	.000000
1.16128	.513094	.000000
1.16154	.513254	.000000
1.1618	.513405	.000000
1.16206	.513591	.000000
1.16232	.513797	.000000
1.16258	.513944	.000000
1.16284	.513994	.000000
1.1631	.514052	.000000
1.16336	.514296	.000000
1.16362	.514409	.000000
1.16388	.514401	.000000
1.16415	.514456	.000000
1.16441	.514583	.000000
1.16467	.514748	.000000
1.16493	.514909	.000000
1.16519	.515103	.000000
1.16545	.515298	.000000
1.16572	.515301	.000000
1.16598	.515393	.000000
1.16624	.515484	.000000
1.1665	.515584	.000000
1.16676	.515730	.000000
1.16703	.515985	.000000
1.16729	.515971	.000000
1.16755	.515976	.000000
1.16782	.516091	.000000
1.16808	.516194	.000000
1.16834	.516330	.000000
1.16861	.516430	.000000
1.16887	.516534	.000000
1.16913	.516699	.000000
1.1694	.516918	.000000
1.16966	.517110	.000000
1.16992	.517077	.000000
1.17019	.517063	.000000
1.17045	.517107	.000000
1.17072	.517207	.000000
1.17098	.517499	.000000
1.17125	.517729	.000000
1.17151	.517690	.000000
1.17178	.517811	.000000
1.17204	.518070	.000000
1.1723	.518165	.000000
1.17257	.518063	.000000
1.17284	.518110	.000000
1.1731	.518328	.000000
1.17337	.518462	.000000
1.17363	.518541	.000000
1.1739	.518731	.000000
1.17416	.518824	.000000
1.17443	.518968	.000000
1.1747	.519093	.000000
1.17496	.519163	.000000
1.17523	.519339	.000000
1.17549	.519418	.000000
1.17576	.519518	.000000
1.17603	.519655	.000000
1.17629	.519657	.000000
1.17656	.519704	.000000
1.17683	.519877	.000000
1.1771	.520066	.000000
1.17736	.520230	.000000
1.17763	.520327	.000000
1.1779	.520335	.000000
1.17817	.520437	.000000
1.17843	.520457	.000000
1.1787	.520550	.000000
1.17897	.520708	.000000
1.17924	.520798	.000000
1.17951	.520882	.000000
1.17977	.521176	.000000
1.18004	.521420	.000000
1.18031	.521351	.000000
1.18058	.521397	.000000
1.18085	.521525	.000000
1.18112	.521531	.000000
1.18139	.521610	.000000
1.18166	.521759	.000000
1.18193	.521780	.000000
1.18219	.521842	.000000
1.18246	.521984	.000000
1.18273	.522002	.000000
1.183	.522068	.000000
1.18327	.522151	.000000
1.18354	.522246	.000000
1.18381	.522406	.000000
1.18408	.522517	.000000
1.18436	.522766	.000000
1.18463	.523046	.000000
1.1849	.523114	.000000
1.18517	.523048	.000000
1.18544	.522979	.000000
1.18571	.522981	.000000
1.18598	.523088	.000000
1.18625	.523223	.000000
1.18652	.523341	.000000
1.1868	.523538	.000000
1.18707	.523761	.000000
1.18734	.523858	.000000
1.18761	.523954	.000000
1.18788	.524083	.000000
1.18816	.524209	.000000
1.18843	.524278	.000000
1.1887	.524339	.000000
1.18897	.524411	.000000
1.18925	.524570	.000000
1.18952	.524642	.000000
1.18979	.524709	.000000
1.19006	.524993	.000000
1.19034	.525166	.000000
1.19061	.525064	.000000
1.19088	.524946	.000000
1.19116	.525042	.000000
1.19143	.525287	.000000
1.19171	.525575	.000000
1.19198	.525666	.000000
1.19225	.525737	.000000
1.19253	.525809	.000000
1.1928	.525840	.000000
1.19308	.525895	.000000
1.19335	.525974	.000000
1.19363	.526153	.000000
1.1939	.526310	.000000
1.19418	.526345	.000000
1.19445	.526394	.000000
1.19473	.526538	.000000
1.195	.526716	.000000
1.19528	.526746	.000000
1.19555	.526844	.000000
1.19583	.526860	.000000
1.1961	.526886	.000000
1.19638	.526985	.000000
1.19666	.527027	.000000
1.19693	.527117	.000000
1.19721	.527331	.000000
1.19749	.527482	.000000
1.19776	.527417	.000000
1.19804	.527407	.000000
1.19832	.527561	.000000
1.19859	.527633	.000000
1.19887	.527827	.000000
1.19915	.528081	.000000
1.19942	.528154	.000000
1.1997	.528145	.000000
1.19998	.528148	.000000
1.20026	.528117	.000000
1.20054	.528280	.000000
1.20081	.528542	.000000
1.20109	.528589	.000000
1.20137	.528639	.000000
1.20165	.528704	.000000
1.20193	.528763	.000000
1.20221	.528888	.000000
1.20248	.529020	.000000
1.20276	.529199	.000000
1.20304	.529187	.000000
1.20332	.529235	.000000
1.2036	.529349	.000000
1.20388	.529660	.000000
1.20416	.529858	.000000
1.20444	.529692	.000000
1.20472	.529639	.000000
1.205	.529822	.000000
1.20528	.530075	.000000
1.20556	.530061	.000000
1.20584	.530052	.000000
1.20612	.530231	.000000
1.2064	.530319	.000000
1.20668	.530468	.000000
1.20696	.530646	.000000
1.20724	.530730	.000000
1.20753	.530744	.000000
1.20781	.530975	.000000
1.20809	.531159	.000000
1.20837	.531244	.000000
1.20865	.531245	.000000
1.20893	.531159	.000000
1.20921	.531326	.000000
1.2095	.531467	.000000
1.20978	.531502	.000000
1.21006	.531646	.000000
1.21034	.531737	.000000
1.21063	.531752	.000000
1.21091	.531885	.000000
1.21119	.531954	.000000
1.21148	.532019	.000000
1.21176	.532131	.000000
1.21204	.532325	.000000
1.21233	.532388	.000000
1.21261	.532474	.000000
1.21289	.532551	.000000
1.21318	.532613	.000000
1.21346	.532646	.000000
1.21374	.532734	.000000
1.21403	.532834	.000000
1.21431	.532999	.000000
1.2146	.533188	.000000
1.21488	.533210	.000000
1.21517	.533335	.000000
1.21545	.533469	.000000
1.21574	.533576	.000000
1.21602	.533715	.000000
1.21631	.533817	.000000
1.21659	.533899	.000000
1.21688	.534021	.000000
1.21716	.534072	.000000
1.21745	.534109	.000000
1.21774	.534177	.000000
1.21802	.534270	.000000
1.21831	.534334	.000000
1.21859	.534346	.000000
1.21888	.534407	.000000
1.21917	.534602	.000000
1.21945	.534824	.000000
1.21974	.534989	.000000
1.22003	.534935	.000000
1.22031	.534926	.000000
1.2206	.535026	.000000
1.22089	.535061	.000000
1.22118	.535140	.000000
1.22146	.535353	.000000
1.22175	.535518	.000000
1.22204	.535453	.000000
1.22233	.535443	.000000
1.22262	.535729	.000000
1.2229	.535984	.000000
1.22319	.536109	.000000
1.22348	.536193	.000000
1.22377	.536290	.000000
1.22406	.536385	.000000
1.22435	.536459	.000000
1.22464	.536471	.000000
1.22493	.536522	.000000
1.22522	.536736	.000000
1.22551	.536756	.000000
1.2258	.536770	.000000
1.22609	.536968	.000000
1.22638	.537095	.000000
1.22667	.537084	.000000
1.22696	.537237	.000000
1.22725	.537496	.000000
1.22754	.537620	.000000
1.22783	.537608	.000000
1.22812	.537601	.000000
1.22841	.537620	.000000
1.2287	.537707	.000000
1.22899	.537817	.000000
1.22928	.537960	.000000
1.22958	.538118	.000000
1.22987	.538209	.000000
1.23016	.538325	.000000
1.23045	.538425	.000000
1.23074	.538496	.000000
1.23103	.538647	.000000
1.23133	.538782	.000000
1.23162	.538786	.000000
1.23191	.538956	.000000
1.23221	.539179	.000000
1.2325	.539206	.000000
1.23279	.539128	.000000
1.23308	.539246	.000000
1.23338	.539571	.000000
1.23367	.539658	.000000
1.23396	.539621	.000000
1.23426	.539686	.000000
1.23455	.539897	.000000
1.23485	.540021	.000000
1.23514	.540053	.000000
1.23543	.540143	.000000
1.23573	.540329	.000000
1.23602	.540436	.000000
1.23632	.540498	.000000
1.23661	.540649	.000000
1.23691	.540761	.000000
1.2372	.540833	.000000
1.2375	.540971	.000000
1.23779	.541016	.000000
1.23809	.541095	.000000
1.23839	.541229	.000000
1.23868	.541315	.000000
1.23898	.541420	.000000
1.23927	.541512	.000000
1.23957	.541767	.000000
1.23987	.541909	.000000
1.24016	.541948	.000000
1.24046	.542048	.000000
1.24076	.542168	.000000
1.24105	.542238	.000000
1.24135	.542377	.000000
1.24165	.542575	.000000
1.24195	.542681	.000000
1.24224	.542760	.000000
1.24254	.542814	.000000
1.24284	.542937	.000000
1.24314	.543096	.000000
1.24343	.543234	.000000
1.24373	.543264	.000000
1.24403	.543315	.000000
1.24433	.543463	.000000
1.24463	.543614	.000000
1.24493	.543837	.000000
1.24523	.543983	.000000
1.24553	.543959	.000000
1.24582	.543857	.000000
1.24612	.544057	.000000
1.24642	.544384	.000000
1.24672	.544567	.000000
1.24702	.544611	.000000
1.24732	.544632	.000000
1.24762	.544723	.000000
1.24792	.544818	.000000
1.24822	.544929	.000000
1.24852	.545062	.000000
1.24883	.545242	.000000
1.24913	.545333	.000000
1.24943	.545500	.000000
1.24973	.545730	.000000
1.25003	.545818	.000000
1.25033	.545838	.000000
1.25063	.546034	.000000
1.25093	.546191	.000000
1.25124	.546191	.000000
1.25154	.546263	.000000
1.25184	.546479	.000000
1.25214	.546570	.000000
1.25245	.546657	.000000
1.25275	.546788	.000000
1.25305	.546839	.000000
1.25335	.547033	.000000
1.25366	.547258	.000000
1.25396	.547342	.000000
1.25426	.547411	.000000
1.25457	.547565	.000000
1.25487	.547711	.000000
1.25517	.547790	.000000
1.25548	.547936	.000000
1.25578	.548131	.000000
1.25609	.548210	.000000
1.25639	.548312	.000000
1.2567	.548500	.000000
1.257	.548627	.000000
1.25731	.548720	.000000
1.25761	.548783	.000000
1.25792	.548887	.000000
1.25822	.549075	.000000
1.25853	.549256	.000000
1.25883	.549418	.000000
1.25914	.549499	.000000
1.25944	.549550	.000000
1.25975	.549638	.000000
1.26005	.549769	.000000
1.26036	.549849	.000000
1.26067	.550068	.000000
1.26097	.550248	.000000
1.26128	.550341	.000000
1.26159	.550480	.000000
1.2619	.550682	.000000
1.2622	.550799	.000000
1.26251	.550926	.000000
1.26282	.551014	.000000
1.26312	.551144	.000000
1.26343	.551234	.000000
1.26374	.551353	.000000
1.26405	.551460	.000000
1.26436	.551613	.000000
1.26467	.551861	.000000
1.26497	.552074	.000000
1.26528	.552149	.000000
1.26559	.552323	.000000
1.2659	.552406	.000000
1.26621	.552383	.000000
1.26652	.552464	.000000
1.26683	.552798	.000000
1.26714	.553009	.000000
1.26745	.553077	.000000
1.26776	.553162	.000000
1.26807	.553313	.000000
1.26838	.553473	.000000
1.26869	.553642	.000000
1.269	.553853	.000000
1.26931	.553997	.000000
1.26962	.554099	.000000
1.26993	.554288	.000000
1.27024	.554417	.000000
1.27055	.554482	.000000
1.27086	.554582	.000000
1.27118	.554645	.000000
1.27149	.554914	.000000
1.2718	.555171	.000000
1.27211	.555311	.000000
1.27242	.555459	.000000
1.27274	.555491	.000000
1.27305	.555586	.000000
1.27336	.555835	.000000
1.27367	.555972	.000000
1.27399	.556094	.000000
1.2743	.556243	.000000
1.27461	.556433	.000000
1.27493	.556566	.000000
1.27524	.556742	.000000
1.27555	.556934	.000000
1.27587	.556988	.000000
1.27618	.557097	.000000
1.2765	.557282	.000000
1.27681	.557519	.000000
1.27713	.557756	.000000
1.27744	.557832	.000000
1.27776	.557941	.000000
1.27807	.558131	.000000
1.27839	.558266	.000000
1.2787	.558387	.000000
1.27902	.558523	.000000
1.27933	.558741	.000000
1.27965	.558948	.000000
1.27996	.559140	.000000
1.28028	.559270	.000000
1.2806	.559424	.000000
1.28091	.559642	.000000
1.28123	.559797	.000000
1.28155	.559962	.000000
1.28186	.560099	.000000
1.28218	.560156	.000000
1.2825	.560229	.000000
1.28281	.560444	.000000
1.28313	.560690	.000000
1.28345	.560845	.000000
1.28377	.560975	.000000
1.28408	.561122	.000000
1.2844	.561338	.000000
1.28472	.561521	.000000
1.28504	.561632	.000000
1.28536	.561834	.000000
1.28568	.562035	.000000
1.286	.562154	.000000
1.28631	.562342	.000000
1.28663	.562520	.000000
1.28695	.562680	.000000
1.28727	.562820	.000000
1.28759	.562920	.000000
1.28791	.562992	.000000
1.28823	.563094	.000000
1.28855	.563351	.000000
1.28887	.563632	.000000
1.28919	.563875	.000000
1.28951	.564075	.000000
1.28983	.564175	.000000
1.29016	.564390	.000000
1.29048	.564574	.000000
1.2908	.564727	.000000
1.29112	.564866	.000000
1.29144	.564996	.000000
1.29176	.565207	.000000
1.29208	.565434	.000000
1.29241	.565654	.000000
1.29273	.565741	.000000
1.29305	.565852	.000000
1.29337	.566074	.000000
1.2937	.566336	.000000
1.29402	.566490	.000000
1.29434	.566603	.000000
1.29467	.566798	.000000
1.29499	.567053	.000000
1.29531	.567170	.000000
1.29564	.567271	.000000
1.29596	.567497	.000000
1.29628	.567749	.000000
1.29661	.567900	.000000
1.29693	.568021	.000000
1.29726	.568172	.000000
1.29758	.568390	.000000
1.29791	.568555	.000000
1.29823	.568786	.000000
1.29856	.569042	.000000
1.29888	.569259	.000000
1.29921	.569436	.000000
1.29953	.569605	.000000
1.29986	.569816	.000000
1.30018	.569986	.000000
1.30051	.570155	.000000
1.30084	.570334	.000000
1.30116	.570522	.000000
1.30149	.570782	.000000
1.30182	.570941	.000000
1.30214	.571053	.000000
1.30247	.571211	.000000
1.3028	.571387	.000000
1.30313	.571587	.000000
1.30345	.571830	.000000
1.30378	.572001	.000000
1.30411	.572180	.000000
1.30444	.572494	.000000
1.30477	.572777	.000000
1.30509	.572923	.000000
1.30542	.573045	.000000
1.30575	.573164	.000000
1.30608	.573387	.000000
1.30641	.573688	.000000
1.30674	.573906	.000000
1.30707	.574097	.000000
1.3074	.574203	.000000
1.30773	.574331	.000000
1.30806	.574593	.000000
1.30839	.574862	.000000
1.30872	.575045	.000000
1.30905	.575351	.000000
1.30938	.575653	.000000
1.30971	.575746	.000000
1.31004	.575790	.000000
1.31037	.575929	.000000
1.3107	.576172	.000000
1.31103	.576391	.000000
1.31137	.576614	.000000
1.3117	.576832	.000000
1.31203	.577050	.000000
1.31236	.577312	.000000
1.31269	.577486	.000000
1.31303	.577759	.000000
1.31336	.578033	.000000
1.31369	.578223	.000000
1.31402	.578442	.000000
1.31436	.578678	.000000
1.31469	.578775	.000000
1.31502	.578913	.000000
1.31536	.579056	.000000
1.31569	.579297	.000000
1.31603	.579671	.000000
1.31636	.579943	.000000
1.31669	.580149	.000000
1.31703	.580360	.000000
1.31736	.580515	.000000
1.3177	.580712	.000000
1.31803	.580931	.000000
1.31837	.581053	.000000
1.3187	.581202	.000000
1.31904	.581488	.000000
1.31937	.581833	.000000
1.31971	.582105	.000000
1.32005	.582253	.000000
1.32038	.582390	.000000
1.32072	.582647	.000000
1.32106	.582891	.000000
1.32139	.583048	.000000
1.32173	.583290	.000000
1.32207	.583522	.000000
1.3224	.583714	.000000
1.32274	.583858	.000000
1.32308	.584027	.000000
1.32342	.584332	.000000
1.32375	.584661	.000000
1.32409	.584935	.000000
1.32443	.585025	.000000
1.32477	.585199	.000000
1.32511	.585461	.000000
1.32545	.585668	.000000
1.32578	.585955	.000000
1.32612	.586166	.000000
1.32646	.586357	.000000
1.3268	.586635	.000000
1.32714	.586855	.000000
1.32748	.587046	.000000
1.32782	.587227	.000000
1.32816	.587429	.000000
1.3285	.587735	.000000
1.32884	.587990	.000000
1.32918	.588280	.000000
1.32952	.588597	.000000
1.32986	.588806	.000000
1.33021	.588980	.000000
1.33055	.589229	.000000
1.33089	.589533	.000000
1.33123	.589681	.000000
1.33157	.589841	.000000
1.33191	.590113	.000000
1.33226	.590324	.000000
1.3326	.590553	.000000
1.33294	.590815	.000000
1.33328	.590989	.000000
1.33363	.591298	.000000
1.33397	.591613	.000000
1.33431	.591813	.000000
1.33466	.592003	.000000
1.335	.592260	.000000
1.33535	.592514	.000000
1.33569	.592717	.000000
1.33603	.593050	.000000
1.33638	.593409	.000000
1.33672	.593720	.000000
1.33707	.593873	.000000
1.33741	.594003	.000000
1.33776	.594253	.000000
1.3381	.594465	.000000
1.33845	.594755	.000000
1.33879	.595037	.000000
1.33914	.595290	.000000
1.33948	.595532	.000000
1.33983	.595687	.000000
1.34018	.595896	.000000
1.34052	.596230	.000000
1.34087	.596548	.000000
1.34122	.596865	.000000
1.34156	.597137	.000000
1.34191	.597216	.000000
1.34226	.597313	.000000
1.34261	.597649	.000000
1.34295	.598051	.000000
1.3433	.598350	.000000
1.34365	.598601	.000000
1.344	.598756	.000000
1.34435	.599020	.000000
1.3447	.599357	.000000
1.34504	.599568	.000000
1.34539	.599786	.000000
1.34574	.600053	.000000
1.34609	.600202	.000000
1.34644	.600366	.000000
1.34679	.600663	.000000
1.34714	.600983	.000000
1.34749	.601211	.000000
1.34784	.601471	.000000
1.34819	.601834	.000000
1.34854	.602155	.000000
1.34889	.602371	.000000
1.34925	.602672	.000000
1.3496	.602966	.000000
1.34995	.603089	.000000
1.3503	.603284	.000000
1.35065	.603604	.000000
1.351	.603843	.000000
1.35135	.604168	.000000
1.35171	.604463	.000000
1.35206	.604669	.000000
1.35241	.604924	.000000
1.35277	.605205	.000000
1.35312	.605512	.000000
1.35347	.605852	.000000
1.35383	.606135	.000000
1.35418	.606323	.000000
1.35453	.606523	.000000
1.35489	.606839	.000000
1.35524	.607128	.000000
1.35559	.607247	.000000
1.35595	.607511	.000000
1.3563	.607864	.000000
1.35666	.608186	.000000
1.35701	.608377	.000000
1.35737	.608618	.000000
1.35772	.608986	.000000
1.35808	.609300	.000000
1.35844	.609583	.000000
1.35879	.609868	.000000
1.35915	.610074	.000000
1.3595	.610221	.000000
1.35986	.610538	.000000
1.36022	.610782	.000000
1.36057	.611068	.000000
1.36093	.611395	.000000
1.36129	.611675	.000000
1.36165	.611905	.000000
1.362	.612077	.000000
1.36236	.612313	.000000
1.36272	.612719	.000000
1.36308	.613018	.000000
1.36344	.613292	.000000
1.3638	.613598	.000000
1.36415	.613907	.000000
1.36451	.614127	.000000
1.36487	.614459	.000000
1.36523	.614781	.000000
1.36559	.615050	.000000
1.36595	.615340	.000000
1.36631	.615624	.000000
1.36667	.616011	.000000
1.36703	.616261	.000000
1.36739	.616385	.000000
1.36775	.616582	.000000
1.36811	.616965	.000000
1.36848	.617292	.000000
1.36884	.617584	.000000
1.3692	.617908	.000000
1.36956	.618143	.000000
1.36992	.618372	.000000
1.37028	.618655	.000000
1.37065	.618871	.000000
1.37101	.619133	.000000
1.37137	.619526	.000000
1.37173	.619846	.000000
1.3721	.620145	.000000
1.37246	.620447	.000000
1.37282	.620708	.000000
1.37319	.620980	.000000
1.37355	.621375	.000000
1.37391	.621611	.000000
1.37428	.621869	.000000
1.37464	.622210	.000000
1.37501	.622535	.000000
1.37537	.622836	.000000
1.37574	.623040	.000000
1.3761	.623261	.000000
1.37647	.623536	.000000
1.37683	.623817	.000000
1.3772	.624117	.000000
1.37757	.624400	.000000
1.37793	.624706	.000000
1.3783	.625093	.000000
1.37866	.625379	.000000
1.37903	.625729	.000000
1.3794	.626053	.000000
1.37976	.626265	.000000
1.38013	.626492	.000000
1.3805	.626694	.000000
1.38087	.627030	.000000
1.38124	.627510	.000000
1.3816	.627814	.000000
1.38197	.628051	.000000
1.38234	.628324	.000000
1.38271	.628591	.000000
1.38308	.628874	.000000
1.38345	.629199	.000000
1.38382	.629605	.000000
1.38419	.629965	.000000
1.38455	.630206	.000000
1.38492	.630470	.000000
1.38529	.630753	.000000
1.38566	.631016	.000000
1.38604	.631421	.000000
1.38641	.631749	.000000
1.38678	.632034	.000000
1.38715	.632391	.000000
1.38752	.632630	.000000
1.38789	.632841	.000000
1.38826	.633169	.000000
1.38863	.633465	.000000
1.38901	.633841	.000000
1.38938	.634235	.000000
1.38975	.634565	.000000
1.39012	.634859	.000000
1.3905	.635170	.000000
1.39087	.635395	.000000
1.39124	.635708	.000000
1.39162	.636108	.000000
1.39199	.636370	.000000
1.39236	.636556	.000000
1.39274	.636883	.000000
1.39311	.637191	.000000
1.39349	.637544	.000000
1.39386	.637905	.000000
1.39423	.638254	.000000
1.39461	.638574	.000000
1.39499	.638856	.000000
1.39536	.639163	.000000
1.39574	.639501	.000000
1.39611	.639747	.000000
1.39649	.639998	.000000
1.39686	.640372	.000000
1.39724	.640705	.000000
1.39762	.640979	.000000
1.39799	.641292	.000000
1.39837	.641655	.000000
1.39875	.641974	.000000
1.39913	.642206	.000000
1.3995	.642445	.000000
1.39988	.642831	.000000
1.40026	.643218	.000000
1.40064	.643520	.000000
1.40102	.643826	.000000
1.4014	.644137	.000000
1.40177	.644440	.000000
1.40215	.644772	.000000
1.40253	.645141	.000000
1.40291	.645452	.000000
1.40329	.645739	.000000
1.40367	.646101	.000000
1.40405	.646475	.000000
1.40443	.646712	.000000
1.40481	.646858	.000000
1.40519	.647166	.000000
1.40557	.647586	.000000
1.40596	.647992	.000000
1.40634	.648301	.000000
1.40672	.648567	.000000
1.4071	.648978	.000000
1.40748	.649315	.000000
1.40786	.649553	.000000
1.40825	.649903	.000000
1.40863	.650212	.000000
1.40901	.650470	.000000
1.40939	.650771	.000000
1.40978	.651212	.000000
1.41016	.651648	.000000
1.41055	.651985	.000000
1.41093	.652326	.000000
1.41131	.652666	.000000
1.4117	.652896	.000000
1.41208	.653184	.000000
1.41247	.653564	.000000
1.41285	.653831	.000000
1.41324	.654088	.000000
1.41362	.654406	.000000
1.41401	.654710	.000000
1.41439	.655056	.000000
1.41478	.655466	.000000
1.41517	.655886	.000000
1.41555	.656227	.000000
1.41594	.656501	.000000
1.41632	.656759	.000000
1.41671	.657023	.000000
1.4171	.657329	.000000
1.41749	.657606	.000000
1.41787	.657977	.000000
1.41826	.658427	.000000
1.41865	.658752	.000000
1.41904	.659007	.000000
1.41943	.659317	.000000
1.41982	.659645	.000000
1.4202	.659978	.000000
1.42059	.660269	.000000
1.42098	.660688	.000000
1.42137	.661067	.000000
1.42176	.661329	.000000
1.42215	.661624	.000000
1.42254	.661914	.000000
1.42293	.662254	.000000
1.42332	.662653	.000000
1.42371	.662994	.000000
1.42411	.663363	.000000
1.4245	.663677	.000000
1.42489	.663981	.000000
1.42528	.664349	.000000
1.42567	.664709	.000000
1.42606	.665038	.000000
1.42646	.665238	.000000
1.42685	.665542	.000000
1.42724	.665950	.000000
1.42763	.666274	.000000
1.42803	.666604	.000000
1.42842	.666954	.000000
1.42881	.667363	.000000
1.42921	.667722	.000000
1.4296	.668042	.000000
1.43	.668356	.000000
1.43039	.668632	.000000
1.43079	.668928	.000000
1.43118	.669334	.000000
1.43158	.669697	.000000
1.43197	.669979	.000000
1.43237	.670288	.000000
1.43276	.670706	.000000
1.43316	.671104	.000000
1.43356	.671402	.000000
1.43395	.671629	.000000
1.43435	.671907	.000000
1.43475	.672299	.000000
1.43514	.672687	.000000
1.43554	.673097	.000000
1.43594	.673450	.000000
1.43634	.673705	.000000
1.43673	.673998	.000000
1.43713	.674343	.000000
1.43753	.674698	.000000
1.43793	.675030	.000000
1.43833	.675329	.000000
1.43873	.675700	.000000
1.43913	.676034	.000000
1.43953	.676356	.000000
1.43993	.676649	.000000
1.44033	.676969	.000000
1.44073	.677342	.000000
1.44113	.677719	.000000
1.44153	.678050	.000000
1.44193	.678365	.000000
1.44233	.678767	.000000
1.44273	.679076	.000000
1.44313	.679370	.000000
1.44353	.679732	.000000
1.44394	.680115	.000000
1.44434	.680463	.000000
1.44474	.680795	.000000
1.44514	.681101	.000000
1.44555	.681444	.000000
1.44595	.681878	.000000
1.44635	.682193	.000000
1.44676	.682446	.000000
1.44716	.682741	.000000
1.44756	.683054	.000000
1.44797	.683360	.000000
1.44837	.683685	.000000
1.44878	.684058	.000000
1.44918	.684386	.000000
1.44959	.684722	.000000
1.44999	.685054	.000000
1.4504	.685474	.000000
1.4508	.685896	.000000
1.45121	.686155	.000000
1.45162	.686416	.000000
1.45202	.686745	.000000
1.45243	.687114	.000000
1.45284	.687543	.000000
1.45324	.687882	.000000
1.45365	.688236	.000000
1.45406	.688584	.000000
1.45447	.688890	.000000
1.45488	.689262	.000000
1.45528	.689550	.000000
1.45569	.689837	.000000
1.4561	.690213	.000000
1.45651	.690584	.000000
1.45692	.690920	.000000
1.45733	.691236	.000000
1.45774	.691547	.000000
1.45815	.691911	.000000
1.45856	.692259	.000000
1.45897	.692575	.000000
1.45938	.692890	.000000
1.45979	.693240	.000000
1.4602	.693628	.000000
1.46061	.693888	.000000
1.46102	.694154	.000000
1.46144	.694546	.000000
1.46185	.694955	.000000
1.46226	.695379	.000000
1.46267	.695755	.000000
1.46309	.696017	.000000
1.4635	.696272	.000000
1.46391	.696630	.000000
1.46433	.697008	.000000
1.46474	.697349	.000000
1.46515	.697639	.000000
1.46557	.697935	.000000
1.46598	.698277	.000000
1.4664	.698631	.000000
1.46681	.698986	.000000
1.46723	.699371	.000000
1.46764	.699750	.000000
1.46806	.700077	.000000
1.46847	.700392	.000000
1.46889	.700680	.000000
1.46931	.701019	.000000
1.46972	.701431	.000000
1.47014	.701835	.000000
1.47056	.702148	.000000
1.47097	.702462	.000000
1.47139	.702800	.000000
1.47181	.703120	.000000
1.47223	.703385	.000000
1.47264	.703761	.000000
1.47306	.704180	.000000
1.47348	.704529	.000000
1.4739	.704877	.000000
1.47432	.705248	.000000
1.47474	.705605	.000000
1.47516	.705911	.000000
1.47558	.706215	.000000
1.476	.706535	.000000
1.47642	.706920	.000000
1.47684	.707324	.000000
1.47726	.707605	.000000
1.47768	.707853	.000000
1.4781	.708180	.000000
1.47852	.708542	.000000
1.47894	.708967	.000000
1.47937	.709352	.000000
1.47979	.709604	.000000
1.48021	.709901	.000000
1.48063	.710259	.000000
1.48106	.710644	.000000
1.48148	.711059	.000000
1.4819	.711370	.000000
1.48233	.711658	.000000
1.48275	.711996	.000000
1.48318	.712362	.000000
1.4836	.712711	.000000
1.48402	.712963	.000000
1.48445	.713309	.000000
1.48487	.713724	.000000
1.4853	.714052	.000000
1.48573	.714327	.000000
1.48615	.714636	.000000
1.48658	.714949	.000000
1.487	.715246	.000000
1.48743	.715599	.000000
1.48786	.715921	.000000
1.48828	.716169	.000000
1.48871	.716559	.000000
1.48914	.716946	.000000
1.48957	.717269	.000000
1.49	.717589	.000000
1.49042	.717926	.000000
1.49085	.718243	.000000
1.49128	.718564	.000000
1.49171	.718951	.000000
1.49214	.719297	.000000
1.49257	.719659	.000000
1.493	.719979	.000000
1.49343	.720269	.000000
1.49386	.720538	.000000
1.49429	.720832	.000000
1.49472	.721194	.000000
1.49515	.721598	.000000
1.49558	.721893	.000000
1.49601	.722236	.000000
1.49645	.722618	.000000
1.49688	.722946	.000000
1.49731	.723264	.000000
1.49774	.723641	.000000
1.49818	.723934	.000000
1.49861	.724221	.000000
1.49904	.724532	.000000
1.49948	.724867	.000000
1.49991	.725258	.000000
1.50034	.725518	.000000
1.50078	.725802	.000000
1.50121	.726293	.000000
1.50165	.726665	.000000
1.50208	.726945	.000000
1.50252	.727238	.000000
1.50295	.727500	.000000
1.50339	.727796	.000000
1.50382	.728138	.000000
1.50426	.728501	.000000
1.5047	.728829	.000000
1.50513	.729188	.000000
1.50557	.729569	.000000
1.50601	.729940	.000000
1.50645	.730267	.000000
1.50688	.730510	.000000
1.50732	.730789	.000000
1.50776	.731139	.000000
1.5082	.731409	.000000
1.50864	.731742	.000000
1.50908	.732128	.000000
1.50952	.732441	.000000
1.50996	.732698	.000000
1.5104	.732983	.000000
1.51084	.733329	.000000
1.51128	.733680	.000000
1.51172	.734021	.000000
1.51216	.734369	.000000
1.5126	.734712	.000000
1.51304	.735055	.000000
1.51348	.735392	.000000
1.51392	.735656	.000000
1.51437	.735888	.000000
1.51481	.736167	.000000
1.51525	.736552	.000000
1.51569	.736885	.000000
1.51614	.737178	.000000
1.51658	.737554	.000000
1.51702	.737908	.000000
1.51747	.738189	.000000
1.51791	.738502	.000000
1.51836	.738890	.000000
1.5188	.739226	.000000
1.51925	.739537	.000000
1.51969	.739832	.000000
1.52014	.740087	.000000
1.52058	.740396	.000000
1.52103	.740753	.000000
1.52148	.741052	.000000
1.52192	.741386	.000000
1.52237	.741790	.000000
1.52282	.742047	.000000
1.52326	.742291	.000000
1.52371	.742602	.000000
1.52416	.742899	.000000
1.52461	.743244	.000000
1.52506	.743606	.000000
1.52551	.743875	.000000
1.52595	.744147	.000000
1.5264	.744532	.000000
1.52685	.744880	.000000
1.5273	.745142	.000000
1.52775	.745390	.000000
1.5282	.745698	.000000
1.52865	.745975	.000000
1.5291	.746313	.000000
1.52956	.746659	.000000
1.53001	.746898	.000000
1.53046	.747156	.000000
1.53091	.747466	.000000
1.53136	.747758	.000000
1.53182	.748056	.000000
1.53227	.748373	.000000
1.53272	.748696	.000000
1.53317	.748979	.000000
1.53363	.749280	.000000
1.53408	.749647	.000000
1.53454	.750046	.000000
1.53499	.750276	.000000
1.53544	.750501	.000000
1.5359	.750814	.000000
1.53635	.751152	.000000
1.53681	.751421	.000000
1.53727	.751665	.000000
1.53772	.752004	.000000
1.53818	.752336	.000000
1.53863	.752609	.000000
1.53909	.752818	.000000
1.53955	.753080	.000000
1.54	.753426	.000000
1.54046	.753797	.000000
1.54092	.754036	.000000
1.54138	.754338	.000000
1.54184	.754709	.000000
1.5423	.755005	.000000
1.54275	.755251	.000000
1.54321	.755523	.000000
1.54367	.755808	.000000
1.54413	.756093	.000000
1.54459	.756353	.000000
1.54505	.756674	.000000
1.54551	.756994	.000000
1.54597	.757325	.000000
1.54644	.757618	.000000
1.5469	.757845	.000000
1.54736	.758218	.000000
1.54782	.758492	.000000
1.54828	.758683	.000000
1.54875	.758977	.000000
1.54921	.759290	.000000
1.54967	.759546	.000000
1.55013	.759819	.000000
1.5506	.760079	.000000
1.55106	.760404	.000000
1.55153	.760838	.000000
1.55199	.761155	.000000
1.55245	.761366	.000000
1.55292	.761545	.000000
1.55339	.761766	.000000
1.55385	.762049	.000000
1.55432	.762258	.000000
1.55478	.762605	.000000
1.55525	.762960	.000000
1.55572	.763222	.000000
1.55618	.763542	.000000
1.55665	.763851	.000000
1.55712	.764083	.000000
1.55759	.764294	.000000
1.55805	.764621	.000000
1.55852	.764962	.000000
1.55899	.765246	.000000
1.55946	.765535	.000000
1.55993	.765754	.000000
1.5604	.766036	.000000
1.56087	.766299	.000000
1.56134	.766516	.000000
1.56181	.766820	.000000
1.56228	.767168	.000000
1.56275	.767372	.000000
1.56322	.767628	.000000
1.56369	.767948	.000000
1.56416	.768231	.000000
1.56464	.768491	.000000
1.56511	.768716	.000000
1.56558	.768948	.000000
1.56605	.769282	.000000
1.56653	.769521	.000000
1.567	.769718	.000000
1.56747	.770054	.000000
1.56795	.770405	.000000
1.56842	.770651	.000000
1.5689	.770864	.000000
1.56937	.771098	.000000
1.56985	.771377	.000000
1.57032	.771651	.000000
1.5708	.771885	.000000
1.57127	.772154	.000000
1.57175	.772460	.000000
1.57223	.772761	.000000
1.5727	.772977	.000000
1.57318	.773119	.000000
1.57366	.773383	.000000
1.57414	.773701	.000000
1.57461	.774028	.000000
1.57509	.774351	.000000
1.57557	.774552	.000000
1.57605	.774715	.000000
1.57653	.775019	.000000
1.57701	.775307	.000000
1.57749	.775559	.000000
1.57797	.775777	.000000
1.57845	.776025	.000000
1.57893	.776251	.000000
1.57941	.776499	.000000
1.57989	.776731	.000000
1.58037	.776998	.000000
1.58086	.777260	.000000
1.58134	.777517	.000000
1.58182	.777795	.000000
1.5823	.778060	.000000
1.58279	.778227	.000000
1.58327	.778429	.000000
1.58375	.778659	.000000
1.58424	.778939	.000000
1.58472	.779194	.000000
1.58521	.779406	.000000
1.58569	.779638	.000000
1.58618	.779867	.000000
1.58666	.780108	.000000
1.58715	.780366	.000000
1.58763	.780605	.000000
1.58812	.780841	.000000
1.58861	.781146	.000000
1.58909	.781412	.000000
1.58958	.781591	.000000
1.59007	.781791	.000000
1.59055	.782024	.000000
1.59104	.782248	.000000
1.59153	.782488	.000000
1.59202	.782721	.000000
1.59251	.782980	.000000
1.593	.783236	.000000
1.59349	.783431	.000000
1.59398	.783656	.000000
1.59447	.783895	.000000
1.59496	.784133	.000000
1.59545	.784370	.000000
1.59594	.784600	.000000
1.59643	.784774	.000000
1.59692	.784985	.000000
1.59742	.785230	.000000
1.59791	.785439	.000000
1.5984	.785685	.000000
1.59889	.785917	.000000
1.59939	.786082	.000000
1.59988	.786316	.000000
1.60037	.786579	.000000
1.60087	.786808	.000000
1.60136	.787028	.000000
1.60186	.787209	.000000
1.60235	.787442	.000000
1.60285	.787739	.000000
1.60334	.787984	.000000
1.60384	.788184	.000000
1.60434	.788355	.000000
1.60483	.788569	.000000
1.60533	.788780	.000000
1.60583	.788961	.000000
1.60632	.789188	.000000
1.60682	.789395	.000000
1.60732	.789576	.000000
1.60782	.789836	.000000
1.60832	.790081	.000000
1.60882	.790267	.000000
1.60932	.790460	.000000
1.60981	.790696	.000000
1.61031	.790967	.000000
1.61082	.791160	.000000
1.61132	.791339	.000000
1.61182	.791513	.000000
1.61232	.791726	.000000
1.61282	.791967	.000000
1.61332	.792172	.000000
1.61382	.792387	.000000
1.61433	.792659	.000000
1.61483	.792860	.000000
1.61533	.793056	.000000
1.61584	.793281	.000000
1.61634	.793462	.000000
1.61684	.793645	.000000
1.61735	.793849	.000000
1.61785	.794057	.000000
1.61836	.794285	.000000
1.61886	.794494	.000000
1.61937	.794652	.000000
1.61987	.794770	.000000
1.62038	.794921	.000000
1.62089	.795204	.000000
1.62139	.795461	.000000
1.6219	.795596	.000000
1.62241	.795686	.000000
1.62292	.795885	.000000
1.62342	.796175	.000000
1.62393	.796371	.000000
1.62444	.796516	.000000
1.62495	.796647	.000000
1.62546	.796835	.000000
1.62597	.797118	.000000
1.62648	.797423	.000000
1.62699	.797574	.000000
1.6275	.797718	.000000
1.62801	.797855	.000000
1.62852	.798039	.000000
1.62904	.798257	.000000
1.62955	.798414	.000000
1.63006	.798584	.000000
1.63057	.798757	.000000
1.63109	.798931	.000000
1.6316	.799108	.000000
1.63211	.799361	.000000
1.63263	.799560	.000000
1.63314	.799674	.000000
1.63365	.799874	.000000
1.63417	.800084	.000000
1.63468	.800277	.000000
1.6352	.800439	.000000
1.63572	.800569	.000000
1.63623	.800672	.000000
1.63675	.800866	.000000
1.63727	.801105	.000000
1.63778	.801325	.000000
1.6383	.801477	.000000
1.63882	.801581	.000000
1.63934	.801715	.000000
1.63985	.801905	.000000
1.64037	.802131	.000000
1.64089	.802332	.000000
1.64141	.802483	.000000
1.64193	.802616	.000000
1.64245	.802745	.000000
1.64297	.802915	.000000
1.64349	.803049	.000000
1.64401	.803158	.000000
1.64454	.803330	.000000
1.64506	.803592	.000000
1.64558	.803808	.000000
1.6461	.803907	.000000
1.64663	.804037	.000000
1.64715	.804265	.000000
1.64767	.804422	.000000
1.6482	.804508	.000000
1.64872	.804706	.000000
1.64924	.804900	.000000
1.64977	.805005	.000000
1.65029	.805184	.000000
1.65082	.805348	.000000
1.65135	.805446	.000000
1.65187	.805576	.000000
1.6524	.805717	.000000
1.65292	.805852	.000000
1.65345	.806012	.000000
1.65398	.806197	.000000
1.65451	.806401	.000000
1.65504	.806543	.000000
1.65556	.806640	.000000
1.65609	.806724	.000000
1.65662	.806896	.000000
1.65715	.807104	.000000
1.65768	.807267	.000000
1.65821	.807443	.000000
1.65874	.807548	.000000
1.65927	.807647	.000000
1.6598	.807807	.000000
1.66034	.807983	.000000
1.66087	.808102	.000000
1.6614	.808255	.000000
1.66193	.808429	.000000
1.66246	.808591	.000000
1.663	.808800	.000000
1.66353	.808948	.000000
1.66407	.808962	.000000
1.6646	.809037	.000000
1.66513	.809197	.000000
1.66567	.809413	.000000
1.6662	.809579	.000000
1.66674	.809635	.000000
1.66728	.809761	.000000
1.66781	.809965	.000000
1.66835	.810162	.000000
1.66889	.810297	.000000
1.66942	.810403	.000000
1.66996	.810558	.000000
1.6705	.810674	.000000
1.67104	.810751	.000000
1.67158	.810943	.000000
1.67212	.811152	.000000
1.67265	.811298	.000000
1.67319	.811405	.000000
1.67373	.811473	.000000
1.67428	.811558	.000000
1.67482	.811683	.000000
1.67536	.811846	.000000
1.6759	.811999	.000000
1.67644	.812101	.000000
1.67698	.812277	.000000
1.67753	.812412	.000000
1.67807	.812509	.000000
1.67861	.812637	.000000
1.67916	.812737	.000000
1.6797	.812829	.000000
1.68024	.812985	.000000
1.68079	.813147	.000000
1.68133	.813328	.000000
1.68188	.813461	.000000
1.68242	.813528	.000000
1.68297	.813635	.000000
1.68352	.813771	.000000
1.68406	.813871	.000000
1.68461	.813976	.000000
1.68516	.814076	.000000
1.68571	.814214	.000000
1.68625	.814328	.000000
1.6868	.814439	.000000
1.68735	.814544	.000000
1.6879	.814672	.000000
1.68845	.814827	.000000
1.689	.814918	.000000
1.68955	.815006	.000000
1.6901	.815121	.000000
1.69065	.815222	.000000
1.6912	.815375	.000000
1.69176	.815521	.000000
1.69231	.815643	.000000
1.69286	.815722	.000000
1.69341	.815815	.000000
1.69397	.815957	.000000
1.69452	.816078	.000000
1.69508	.816159	.000000
1.69563	.816217	.000000
1.69618	.816340	.000000
1.69674	.816476	.000000
1.69729	.816653	.000000
1.69785	.816804	.000000
1.69841	.816891	.000000
1.69896	.816982	.000000
1.69952	.817035	.000000
1.70008	.817101	.000000
1.70064	.817207	.000000
1.70119	.817321	.000000
1.70175	.817432	.000000
1.70231	.817557	.000000
1.70287	.817641	.000000
1.70343	.817678	.000000
1.70399	.817731	.000000
1.70455	.817834	.000000
1.70511	.817982	.000000
1.70567	.818131	.000000
1.70623	.818272	.000000
1.70679	.818353	.000000
1.70736	.818423	.000000
1.70792	.818518	.000000
1.70848	.818603	.000000
1.70904	.818690	.000000
1.70961	.818761	.000000
1.71017	.818861	.000000
1.71074	.818973	.000000
1.7113	.819068	.000000
1.71187	.819197	.000000
1.71243	.819277	.000000
1.713	.819355	.000000
1.71356	.819439	.000000
1.71413	.819476	.000000
1.7147	.819552	.000000
1.71526	.819675	.000000
1.71583	.819833	.000000
1.7164	.819908	.000000
1.71697	.819928	.000000
1.71754	.820017	.000000
1.7181	.820153	.000000
1.71867	.820202	.000000
1.71924	.820313	.000000
1.71981	.820448	.000000
1.72039	.820552	.000000
1.72096	.820597	.000000
1.72153	.820636	.000000
1.7221	.820722	.000000
1.72267	.820828	.000000
1.72324	.820921	.000000
1.72382	.821002	.000000
1.72439	.821123	.000000
1.72496	.821232	.000000
1.72554	.821301	.000000
1.72611	.821311	.000000
1.72669	.821406	.000000
1.72726	.821527	.000000
1.72784	.821585	.000000
1.72841	.821647	.000000
1.72899	.821726	.000000
1.72957	.821814	.000000
1.73014	.821961	.000000
1.73072	.822021	.000000
1.7313	.822042	.000000
1.73188	.822142	.000000
1.73246	.822267	.000000
1.73304	.822346	.000000
1.73362	.822367	.000000
1.7342	.822447	.000000
1.73478	.822527	.000000
1.73536	.822599	.000000
1.73594	.822705	.000000
1.73652	.822782	.000000
1.7371	.822840	.000000
1.73768	.822932	.000000
1.73827	.823081	.000000
1.73885	.823227	.000000
1.73943	.823278	.000000
1.74002	.823324	.000000
1.7406	.823394	.000000
1.74118	.823464	.000000
1.74177	.823536	.000000
1.74235	.823642	.000000
1.74294	.823730	.000000
1.74353	.823767	.000000
1.74411	.823830	.000000
1.7447	.823912	.000000
1.74529	.823972	.000000
1.74588	.824032	.000000
1.74646	.824116	.000000
1.74705	.824153	.000000
1.74764	.824236	.000000
1.74823	.824417	.000000
1.74882	.824464	.000000
1.74941	.824457	.000000
1.75	.824535	.000000
1.75059	.824598	.000000
1.75118	.824686	.000000
1.75177	.824753	.000000
1.75237	.824782	.000000
1.75296	.824883	.000000
1.75355	.825018	.000000
1.75414	.825055	.000000
1.75474	.825118	.000000
1.75533	.825181	.000000
1.75593	.825199	.000000
1.75652	.825220	.000000
1.75712	.825294	.000000
1.75771	.825338	.000000
1.75831	.825421	.000000
1.75891	.825556	.000000
1.7595	.825667	.000000
1.7601	.825674	.000000
1.7607	.825702	.000000
1.7613	.825730	.000000
1.76189	.825742	.000000
1.76249	.825820	.000000
1.76309	.825881	.000000
1.76369	.825976	.000000
1.76429	.826087	.000000
1.76489	.826145	.000000
1.76549	.826178	.000000
1.76609	.826234	.000000
1.7667	.826287	.000000
1.7673	.826350	.000000
1.7679	.826435	.000000
1.7685	.826514	.000000
1.76911	.826524	.000000
1.76971	.826593	.000000
1.77032	.826670	.000000
1.77092	.826719	.000000
1.77153	.826777	.000000
1.77213	.826820	.000000
1.77274	.826813	.000000
1.77334	.826848	.000000
1.77395	.826888	.000000
1.77456	.826992	.000000
1.77516	.827097	.000000
1.77577	.827111	.000000
1.77638	.827129	.000000
1.77699	.827217	.000000
1.7776	.827287	.000000
1.77821	.827310	.000000
1.77882	.827307	.000000
1.77943	.827380	.000000
1.78004	.827533	.000000
1.78065	.827591	.000000
1.78126	.827595	.000000
1.78188	.827595	.000000
1.78249	.827684	.000000
1.7831	.827758	.000000
1.78371	.827755	.000000
1.78433	.827802	.000000
1.78494	.827894	.000000
1.78556	.827976	.000000
1.78617	.828020	.000000
1.78679	.828061	.000000
1.7874	.828138	.000000
1.78802	.828222	.000000
1.78864	.828250	.000000
1.78925	.828221	.000000
1.78987	.828222	.000000
1.79049	.828291	.000000
1.79111	.828405	.000000
1.79173	.828456	.000000
1.79235	.828516	.000000
1.79297	.828612	.000000
1.79359	.828642	.000000
1.79421	.828678	.000000
1.79483	.828736	.000000
1.79545	.828774	.000000
1.79607	.828781	.000000
1.79669	.828825	.000000
1.79732	.828894	.000000
1.79794	.828897	.000000
1.79856	.828918	.000000
1.79919	.828985	.000000
1.79981	.829036	.000000
1.80044	.829057	.000000
1.80106	.829071	.000000
1.80169	.829138	.000000
1.80232	.829222	.000000
1.80294	.829319	.000000
1.80357	.829409	.000000
1.8042	.829447	.000000
1.80483	.829393	.000000
1.80545	.829410	.000000
1.80608	.829519	.000000
1.80671	.829563	.000000
1.80734	.829590	.000000
1.80797	.829607	.000000
1.8086	.829672	.000000
1.80923	.829681	.000000
1.80987	.829693	.000000
1.8105	.829780	.000000
1.81113	.829815	.000000
1.81176	.829820	.000000
1.8124	.829836	.000000
1.81303	.829890	.000000
1.81366	.829918	.000000
1.8143	.829969	.000000
1.81493	.830036	.000000
1.81557	.830054	.000000
1.81621	.830091	.000000
1.81684	.830180	.000000
1.81748	.830193	.000000
1.81812	.830164	.000000
1.81875	.830214	.000000
1.81939	.830231	.000000
1.82003	.830323	.000000
1.82067	.830440	.000000
1.82131	.830476	.000000
1.82195	.830463	.000000
1.82259	.830507	.000000
1.82323	.830542	.000000
1.82387	.830532	.000000
1.82451	.830520	.000000
1.82516	.830556	.000000
1.8258	.830592	.000000
1.82644	.830634	.000000
1.82709	.830720	.000000
1.82773	.830804	.000000
1.82837	.830838	.000000
1.82902	.830829	.000000
1.82966	.830854	.000000
1.83031	.830917	.000000
1.83096	.830873	.000000
1.8316	.830850	.000000
1.83225	.830954	.000000
1.8329	.831035	.000000
1.83355	.831047	.000000
1.8342	.831013	.000000
1.83484	.831038	.000000
1.83549	.831145	.000000
1.83614	.831187	.000000
1.83679	.831196	.000000
1.83745	.831196	.000000
1.8381	.831210	.000000
1.83875	.831258	.000000
1.8394	.831305	.000000
1.84005	.831330	.000000
1.84071	.831333	.000000
1.84136	.831356	.000000
1.84201	.831479	.000000
1.84267	.831562	.000000
1.84332	.831535	.000000
1.84398	.831504	.000000
1.84464	.831539	.000000
1.84529	.831567	.000000
1.84595	.831567	.000000
1.84661	.831564	.000000
1.84727	.831618	.000000
1.84792	.831704	.000000
1.84858	.831741	.000000
1.84924	.831759	.000000
1.8499	.831804	.000000
1.85056	.831833	.000000
1.85122	.831854	.000000
1.85188	.831920	.000000
1.85255	.831929	.000000
1.85321	.831880	.000000
1.85387	.831915	.000000
1.85453	.832026	.000000
1.8552	.832054	.000000
1.85586	.832047	.000000
1.85653	.832047	.000000
1.85719	.832059	.000000
1.85786	.832033	.000000
1.85852	.832043	.000000
1.85919	.832075	.000000
1.85986	.832165	.000000
1.86052	.832210	.000000
1.86119	.832207	.000000
1.86186	.832267	.000000
1.86253	.832293	.000000
1.8632	.832249	.000000
1.86387	.832223	.000000
1.86454	.832339	.000000
1.86521	.832437	.000000
1.86588	.832472	.000000
1.86655	.832493	.000000
1.86722	.832449	.000000
1.8679	.832435	.000000
1.86857	.832472	.000000
1.86924	.832462	.000000
1.86992	.832493	.000000
1.87059	.832509	.000000
1.87127	.832551	.000000
1.87194	.832569	.000000
1.87262	.832541	.000000
1.8733	.832565	.000000
1.87397	.832625	.000000
1.87465	.832674	.000000
1.87533	.832706	.000000
1.87601	.832687	.000000
1.87669	.832646	.000000
1.87736	.832690	.000000
1.87804	.832715	.000000
1.87873	.832736	.000000
1.87941	.832757	.000000
1.88009	.832743	.000000
1.88077	.832713	.000000
1.88145	.832696	.000000
1.88214	.832717	.000000
1.88282	.832736	.000000
1.8835	.832754	.000000
1.88419	.832782	.000000
1.88487	.832792	.000000
1.88556	.832794	.000000
1.88624	.832799	.000000
1.88693	.832796	.000000
1.88762	.832813	.000000
1.8883	.832806	.000000
1.88899	.832799	.000000
1.88968	.832780	.000000
1.89037	.832820	.000000
1.89106	.832843	.000000
1.89175	.832803	.000000
1.89244	.832815	.000000
1.89313	.832866	.000000
1.89382	.832887	.000000
1.89451	.832921	.000000
1.89521	.832935	.000000
1.8959	.832906	.000000
1.89659	.832919	.000000
1.89729	.832922	.000000
1.89798	.832954	.000000
1.89868	.832947	.000000
1.89937	.832935	.000000
1.90007	.832963	.000000
1.90077	.832998	.000000
1.90146	.833030	.000000
1.90216	.833024	.000000
1.90286	.833045	.000000
1.90356	.833028	.000000
1.90426	.833026	.000000
1.90496	.833033	.000000
1.90566	.833008	.000000
1.90636	.833021	.000000
1.90706	.833102	.000000
1.90776	.833154	.000000
1.90846	.833170	.000000
1.90916	.833184	.000000
1.90987	.833191	.000000
1.91057	.833153	.000000
1.91128	.833119	.000000
1.91198	.833117	.000000
1.91269	.833107	.000000
1.91339	.833182	.000000
1.9141	.833277	.000000
1.9148	.833284	.000000
1.91551	.833244	.000000
1.91622	.833212	.000000
1.91693	.833239	.000000
1.91764	.833212	.000000
1.91835	.833202	.000000
1.91906	.833235	.000000
1.91977	.833312	.000000
1.92048	.833374	.000000
1.92119	.833399	.000000
1.9219	.833402	.000000
1.92261	.833420	.000000
1.92333	.833386	.000000
1.92404	.833353	.000000
1.92476	.833376	.000000
1.92547	.833344	.000000
1.92619	.833393	.000000
1.9269	.833469	.000000
1.92762	.833537	.000000
1.92834	.833578	.000000
1.92905	.833557	.000000
1.92977	.833515	.000000
1.93049	.833576	.000000
1.93121	.833629	.000000
1.93193	.833613	.000000
1.93265	.833601	.000000
1.93337	.833585	.000000
1.93409	.833671	.000000
1.93481	.833703	.000000
1.93553	.833713	.000000
1.93626	.833752	.000000
1.93698	.833801	.000000
1.9377	.833836	.000000
1.93843	.833812	.000000
1.93915	.833782	.000000
1.93988	.833784	.000000
1.94061	.833819	.000000
1.94133	.833898	.000000
1.94206	.833908	.000000
1.94279	.833889	.000000
1.94351	.833928	.000000
1.94424	.833945	.000000
1.94497	.833945	.000000
1.9457	.833959	.000000
1.94643	.833979	.000000
1.94716	.834023	.000000
1.9479	.834119	.000000
1.94863	.834167	.000000
1.94936	.834126	.000000
1.95009	.834110	.000000
1.95083	.834174	.000000
1.95156	.834267	.000000
1.9523	.834293	.000000
1.95303	.834283	.000000
1.95377	.834234	.000000
1.9545	.834183	.000000
1.95524	.834223	.000000
1.95598	.834270	.000000
1.95672	.834293	.000000
1.95746	.834350	.000000
1.9582	.834334	.000000
1.95894	.834327	.000000
1.95968	.834381	.000000
1.96042	.834364	.000000
1.96116	.834379	.000000
1.9619	.834434	.000000
1.96264	.834499	.000000
1.96339	.834480	.000000
1.96413	.834439	.000000
1.96487	.834520	.000000
1.96562	.834578	.000000
1.96636	.834569	.000000
1.96711	.834566	.000000
1.96786	.834566	.000000
1.9686	.834536	.000000
1.96935	.834522	.000000
1.9701	.834560	.000000
1.97085	.834624	.000000
1.9716	.834671	.000000
1.97235	.834654	.000000
1.9731	.834647	.000000
1.97385	.834655	.000000
1.9746	.834696	.000000
1.97535	.834715	.000000
1.97611	.834680	.000000
1.97686	.834673	.000000
1.97761	.834694	.000000
1.97837	.834741	.000000
1.97912	.834761	.000000
1.97988	.834731	.000000
1.98064	.834727	.000000
1.98139	.834778	.000000
1.98215	.834805	.000000
1.98291	.834805	.000000
1.98367	.834784	.000000
1.98443	.834757	.000000
1.98519	.834796	.000000
1.98595	.834815	.000000
1.98671	.834866	.000000
1.98747	.834903	.000000
1.98823	.834845	.000000
1.98899	.834838	.000000
1.98976	.834891	.000000
1.99052	.834903	.000000
1.99129	.834912	.000000
1.99205	.834875	.000000
1.99282	.834861	.000000
1.99358	.834884	.000000
1.99435	.834879	.000000
1.99512	.834905	.000000
1.99589	.834977	.000000
1.99665	.835010	.000000
1.99742	.834968	.000000
1.99819	.834940	.000000
1.99896	.834968	.000000
1.99973	.835000	.000000
2.00051	.834975	.000000
2.00128	.834937	.000000
2.00205	.834958	.000000
2.00282	.835042	.000000
2.0036	.835047	.000000
2.00437	.835086	.000000
2.00515	.835174	.000000
2.00592	.835193	.000000
2.0067	.835133	.000000
2.00748	.835146	.000000
2.00825	.835148	.000000
2.00903	.835137	.000000
2.00981	.835144	.000000
2.01059	.835191	.000000
2.01137	.835207	.000000
2.01215	.835223	.000000
2.01293	.835244	.000000
2.01371	.835249	.000000
2.0145	.835262	.000000
2.01528	.835336	.000000
2.01606	.835330	.000000
2.01685	.835299	.000000
2.01763	.835322	.000000
2.01842	.835376	.000000
2.0192	.835367	.000000
2.01999	.835351	.000000
2.02078	.835390	.000000
2.02157	.835443	.000000
2.02235	.835453	.000000
2.02314	.835401	.000000
2.02393	.835422	.000000
2.02472	.835448	.000000
2.02552	.835445	.000000
2.02631	.835469	.000000
2.0271	.835508	.000000
2.02789	.835582	.000000
2.02869	.835670	.000000
2.02948	.835659	.000000
2.03027	.835652	.000000
2.03107	.835650	.000000
2.03187	.835652	.000000
2.03266	.835691	.000000
2.03346	.835745	.000000
2.03426	.835808	.000000
2.03506	.835831	.000000
2.03585	.835768	.000000
2.03665	.835775	.000000
2.03745	.835817	.000000
2.03826	.835793	.000000
2.03906	.835770	.000000
2.03986	.835784	.000000
2.04066	.835838	.000000
2.04147	.835919	.000000
2.04227	.835886	.000000
2.04307	.835889	.000000
2.04388	.835954	.000000
2.04469	.836023	.000000
2.04549	.835995	.000000
2.0463	.835958	.000000
2.04711	.835960	.000000
2.04792	.835970	.000000
2.04873	.836016	.000000
2.04954	.836058	.000000
2.05035	.836079	.000000
2.05116	.836070	.000000
2.05197	.836109	.000000
2.05278	.836135	.000000
2.05359	.836102	.000000
2.05441	.836132	.000000
2.05522	.836144	.000000
2.05604	.836153	.000000
2.05685	.836174	.000000
2.05767	.836179	.000000
2.05849	.836156	.000000
2.0593	.836155	.000000
2.06012	.836192	.000000
2.06094	.836230	.000000
2.06176	.836190	.000000
2.06258	.836181	.000000
2.0634	.836216	.000000
2.06422	.836220	.000000
2.06505	.836227	.000000
2.06587	.836227	.000000
2.06669	.836279	.000000
2.06752	.836308	.000000
2.06834	.836313	.000000
2.06917	.836327	.000000
2.06999	.836332	.000000
2.07082	.836337	.000000
2.07165	.836297	.000000
2.07247	.836258	.000000
2.0733	.836248	.000000
2.07413	.836251	.000000
2.07496	.836295	.000000
2.07579	.836339	.000000
2.07662	.836359	.000000
2.07746	.836402	.000000
2.07829	.836459	.000000
2.07912	.836424	.000000
2.07996	.836388	.000000
2.08079	.836348	.000000
2.08163	.836299	.000000
2.08246	.836341	.000000
2.0833	.836415	.000000
2.08414	.836431	.000000
2.08498	.836427	.000000
2.08581	.836490	.000000
2.08665	.836496	.000000
2.08749	.836452	.000000
2.08833	.836475	.000000
2.08918	.836475	.000000
2.09002	.836455	.000000
2.09086	.836460	.000000
2.0917	.836508	.000000
2.09255	.836524	.000000
2.09339	.836524	.000000
2.09424	.836504	.000000
2.09508	.836504	.000000
2.09593	.836533	.000000
2.09678	.836533	.000000
2.09763	.836508	.000000
2.09848	.836506	.000000
2.09933	.836482	.000000
2.10018	.836489	.000000
2.10103	.836533	.000000
2.10188	.836585	.000000
2.10273	.836589	.000000
2.10359	.836534	.000000
2.10444	.836469	.000000
2.10529	.836457	.000000
2.10615	.836471	.000000
2.107	.836496	.000000
2.10786	.836518	.000000
2.10872	.836529	.000000
2.10958	.836538	.000000
2.11044	.836536	.000000
2.11129	.836506	.000000
2.11215	.836497	.000000
2.11302	.836506	.000000
2.11388	.836529	.000000
2.11474	.836540	.000000
2.1156	.836482	.000000
2.11647	.836473	.000000
2.11733	.836538	.000000
2.1182	.836564	.000000
2.11906	.836536	.000000
2.11993	.836582	.000000
2.12079	.836626	.000000
2.12166	.836564	.000000
2.12253	.836569	.000000
2.1234	.836629	.000000
2.12427	.836656	.000000
2.12514	.836698	.000000
2.12601	.836701	.000000
2.12688	.836633	.000000
2.12776	.836589	.000000
2.12863	.836617	.000000
2.1295	.836629	.000000
2.13038	.836596	.000000
2.13126	.836552	.000000
2.13213	.836576	.000000
2.13301	.836647	.000000
2.13389	.836694	.000000
2.13477	.836700	.000000
2.13564	.836708	.000000
2.13652	.836724	.000000
2.13741	.836694	.000000
2.13829	.836610	.000000
2.13917	.836601	.000000
2.14005	.836631	.000000
2.14094	.836714	.000000
2.14182	.836780	.000000
2.14271	.836752	.000000
2.14359	.836696	.000000
2.14448	.836701	.000000
2.14537	.836765	.000000
2.14625	.836775	.000000
2.14714	.836736	.000000
2.14803	.836703	.000000
2.14892	.836722	.000000
2.14981	.836726	.000000
2.15071	.836726	.000000
2.1516	.836715	.000000
2.15249	.836740	.000000
2.15339	.836796	.000000
2.15428	.836849	.000000
2.15518	.836817	.000000
2.15607	.836758	.000000
2.15697	.836777	.000000
2.15787	.836807	.000000
2.15876	.836773	.000000
2.15966	.836731	.000000
2.16056	.836751	.000000
2.16146	.836782	.000000
2.16237	.836800	.000000
2.16327	.836830	.000000
2.16417	.836810	.000000
2.16507	.836761	.000000
2.16598	.836775	.000000
2.16688	.836840	.000000
2.16779	.836845	.000000
2.1687	.836877	.000000
2.1696	.836867	.000000
2.17051	.836886	.000000
2.17142	.836872	.000000
2.17233	.836840	.000000
2.17324	.836810	.000000
2.17415	.836816	.000000
2.17507	.836807	.000000
2.17598	.836793	.000000
2.17689	.836782	.000000
2.17781	.836756	.000000
2.17872	.836752	.000000
2.17964	.836810	.000000
2.18055	.836821	.000000
2.18147	.836780	.000000
2.18239	.836761	.000000
2.18331	.836719	.000000
2.18423	.836689	.000000
2.18515	.836710	.000000
2.18607	.836800	.000000
2.18699	.836868	.000000
2.18792	.836849	.000000
2.18884	.836847	.000000
2.18976	.836852	.000000
2.19069	.836823	.000000
2.19161	.836787	.000000
2.19254	.836761	.000000
2.19347	.836766	.000000
2.1944	.836793	.000000
2.19533	.836831	.000000
2.19626	.836874	.000000
2.19719	.836851	.000000
2.19812	.836831	.000000
2.19905	.836823	.000000
2.19998	.836872	.000000
2.20092	.836914	.000000
2.20185	.836914	.000000
2.20279	.836868	.000000
2.20372	.836886	.000000
2.20466	.836928	.000000
2.2056	.836912	.000000
2.20654	.836923	.000000
2.20748	.836975	.000000
2.20842	.836991	.000000
2.20936	.837012	.000000
2.2103	.837042	.000000
2.21124	.837030	.000000
2.21219	.836979	.000000
2.21313	.836917	.000000
2.21408	.836889	.000000
2.21502	.836898	.000000
2.21597	.836983	.000000
2.21692	.837007	.000000
2.21786	.837000	.000000
2.21881	.836960	.000000
2.21976	.836972	.000000
2.22071	.836960	.000000
2.22167	.836925	.000000
2.22262	.836923	.000000
2.22357	.836882	.000000
2.22453	.836898	.000000
2.22548	.836942	.000000
2.22644	.836960	.000000
2.22739	.836933	.000000
2.22835	.836923	.000000
2.22931	.836912	.000000
2.23027	.836900	.000000
2.23123	.836900	.000000
2.23219	.836870	.000000
2.23315	.836867	.000000
2.23411	.836856	.000000
2.23507	.836817	.000000
2.23604	.836793	.000000
2.237	.836759	.000000
2.23797	.836800	.000000
2.23893	.836849	.000000
2.2399	.836816	.000000
2.24087	.836796	.000000
2.24184	.836756	.000000
2.24281	.836719	.000000
2.24378	.836775	.000000
2.24475	.836719	.000000
2.24572	.836596	.000000
2.2467	.836591	.000000
2.24767	.836603	.000000
2.24864	.836649	.000000
2.24962	.836631	.000000
2.2506	.836603	.000000
2.25157	.836585	.000000
2.25255	.836576	.000000
2.25353	.836547	.000000
2.25451	.836503	.000000
2.25549	.836445	.000000
2.25647	.836445	.000000
2.25746	.836503	.000000
2.25844	.836494	.000000
2.25942	.836469	.000000
2.26041	.836497	.000000
2.26139	.836431	.000000
2.26238	.836353	.000000
2.26337	.836353	.000000
2.26436	.836343	.000000
2.26535	.836329	.000000
2.26634	.836341	.000000
2.26733	.836301	.000000
2.26832	.836260	.000000
2.26931	.836278	.000000
2.27031	.836301	.000000
2.2713	.836281	.000000
2.2723	.836213	.000000
2.27329	.836223	.000000
2.27429	.836272	.000000
2.27529	.836228	.000000
2.27629	.836158	.000000
2.27729	.836169	.000000
2.27829	.836178	.000000
2.27929	.836112	.000000
2.28029	.836107	.000000
2.28129	.836165	.000000
2.2823	.836156	.000000
2.2833	.836102	.000000
2.28431	.836142	.000000
2.28532	.836169	.000000
2.28632	.836130	.000000
2.28733	.836088	.000000
2.28834	.836086	.000000
2.28935	.836137	.000000
2.29036	.836172	.000000
2.29138	.836116	.000000
2.29239	.836097	.000000
2.2934	.836141	.000000
2.29442	.836144	.000000
2.29543	.836114	.000000
2.29645	.836086	.000000
2.29747	.836098	.000000
2.29849	.836141	.000000
2.29951	.836146	.000000
2.30053	.836112	.000000
2.30155	.836090	.000000
2.30257	.836111	.000000
2.30359	.836104	.000000
2.30462	.836083	.000000
2.30564	.836083	.000000
2.30667	.836090	.000000
2.30769	.836074	.000000
2.30872	.836086	.000000
2.30975	.836067	.000000
2.31078	.836012	.000000
2.31181	.836021	.000000
2.31284	.836033	.000000
2.31387	.835974	.000000
2.31491	.835954	.000000
2.31594	.835968	.000000
2.31698	.835912	.000000
2.31801	.835887	.000000
2.31905	.835923	.000000
2.32009	.835945	.000000
2.32112	.835956	.000000
2.32216	.836003	.000000
2.3232	.836023	.000000
2.32425	.835974	.000000
2.32529	.836067	.000000
2.32633	.836116	.000000
2.32738	.836028	.000000
2.32842	.835942	.000000
2.32947	.835963	.000000
2.33051	.836030	.000000
2.33156	.835998	.000000
2.33261	.835972	.000000
2.33366	.835961	.000000
2.33471	.835924	.000000
2.33576	.835924	.000000
2.33682	.835970	.000000
2.33787	.835951	.000000
2.33893	.835903	.000000
2.33998	.835947	.000000
2.34104	.835975	.000000
2.34209	.835895	.000000
2.34315	.835798	.000000
2.34421	.835819	.000000
2.34527	.835826	.000000
2.34633	.835810	.000000
2.3474	.835808	.000000
2.34846	.835757	.000000
2.34952	.835708	.000000
2.35059	.835768	.000000
2.35166	.835757	.000000
2.35272	.835749	.000000
2.35379	.835761	.000000
2.35486	.835694	.000000
2.35593	.835710	.000000
2.357	.835773	.000000
2.35807	.835745	.000000
2.35915	.835706	.000000
2.36022	.835698	.000000
2.36129	.835729	.000000
2.36237	.835740	.000000
2.36345	.835705	.000000
2.36452	.835715	.000000
2.3656	.835728	.000000
2.36668	.835736	.000000
2.36776	.835715	.000000
2.36885	.835743	.000000
2.36993	.835763	.000000
2.37101	.835742	.000000
2.3721	.835740	.000000
2.37318	.835712	.000000
2.37427	.835706	.000000
2.37536	.835710	.000000
2.37645	.835685	.000000
2.37754	.835659	.000000
2.37863	.835729	.000000
2.37972	.835773	.000000
2.38081	.835761	.000000
2.38191	.835721	.000000
2.383	.835654	.000000
2.3841	.835641	.000000
2.38519	.835650	.000000
2.38629	.835620	.000000
2.38739	.835601	.000000
2.38849	.835634	.000000
2.38959	.835684	.000000
2.39069	.835627	.000000
2.39179	.835610	.000000
2.3929	.835648	.000000
2.394	.835666	.000000
2.39511	.835629	.000000
2.39622	.835576	.000000
2.39732	.835583	.000000
2.39843	.835654	.000000
2.39954	.835652	.000000
2.40065	.835613	.000000
2.40177	.835594	.000000
2.40288	.835569	.000000
2.40399	.835569	.000000
2.40511	.835580	.000000
2.40622	.835603	.000000
2.40734	.835601	.000000
2.40846	.835592	.000000
2.40958	.835633	.000000
2.4107	.835654	.000000
2.41182	.835659	.000000
2.41294	.835599	.000000
2.41407	.835557	.000000
2.41519	.835583	.000000
2.41632	.835597	.000000
2.41744	.835538	.000000
2.41857	.835566	.000000
2.4197	.835550	.000000
2.42083	.835483	.000000
2.42196	.835430	.000000
2.42309	.835445	.000000
2.42423	.835506	.000000
2.42536	.835541	.000000
2.42649	.835539	.000000
2.42763	.835522	.000000
2.42877	.835464	.000000
2.42991	.835541	.000000
2.43105	.835585	.000000
2.43219	.835506	.000000
2.43333	.835473	.000000
2.43447	.835467	.000000
2.43561	.835455	.000000
2.43676	.835395	.000000
2.4379	.835306	.000000
2.43905	.835288	.000000
2.4402	.835316	.000000
2.44135	.835381	.000000
2.4425	.835441	.000000
2.44365	.835401	.000000
2.4448	.835343	.000000
2.44595	.835348	.000000
2.44711	.835297	.000000
2.44826	.835286	.000000
2.44942	.835307	.000000
2.45058	.835314	.000000
2.45174	.835336	.000000
2.4529	.835281	.000000
2.45406	.835274	.000000
2.45522	.835297	.000000
2.45638	.835227	.000000
2.45755	.835188	.000000
2.45871	.835242	.000000
2.45988	.835223	.000000
2.46105	.835162	.000000
2.46221	.835153	.000000
2.46338	.835176	.000000
2.46455	.835169	.000000
2.46573	.835060	.000000
2.4669	.835002	.000000
2.46807	.835046	.000000
2.46925	.835005	.000000
2.47043	.834952	.000000
2.4716	.834926	.000000
2.47278	.834926	.000000
2.47396	.834910	.000000
2.47514	.834896	.000000
2.47632	.834843	.000000
2.47751	.834821	.000000
2.47869	.834856	.000000
2.47988	.834810	.000000
2.48106	.834752	.000000
2.48225	.834764	.000000
2.48344	.834754	.000000
2.48463	.834717	.000000
2.48582	.834696	.000000
2.48701	.834678	.000000
2.48821	.834671	.000000
2.4894	.834657	.000000
2.4906	.834624	.000000
2.49179	.834596	.000000
2.49299	.834610	.000000
2.49419	.834564	.000000
2.49539	.834483	.000000
2.49659	.834392	.000000
2.49779	.834397	.000000
2.499	.834434	.000000
2.5002	.834406	.000000
2.50141	.834344	.000000
2.50262	.834281	.000000
2.50383	.834251	.000000
2.50503	.834269	.000000
2.50625	.834295	.000000
2.50746	.834251	.000000
2.50867	.834260	.000000
2.50989	.834255	.000000
2.5111	.834219	.000000
2.51232	.834191	.000000
2.51353	.834170	.000000
2.51475	.834200	.000000
2.51597	.834202	.000000
2.51719	.834205	.000000
2.51842	.834202	.000000
2.51964	.834118	.000000
2.52087	.834035	.000000
2.52209	.834031	.000000
2.52332	.834037	.000000
2.52455	.833977	.000000
2.52578	.833940	.000000
2.52701	.833951	.000000
2.52824	.833959	.000000
2.52947	.833965	.000000
2.53071	.833977	.000000
2.53194	.833931	.000000
2.53318	.833929	.000000
2.53442	.833915	.000000
2.53566	.833870	.000000
2.5369	.833827	.000000
2.53814	.833713	.000000
2.53938	.833748	.000000
2.54063	.833808	.000000
2.54187	.833819	.000000
2.54312	.833863	.000000
2.54437	.833822	.000000
2.54562	.833685	.000000
2.54687	.833683	.000000
2.54812	.833757	.000000
2.54937	.833655	.000000
2.55063	.833625	.000000
2.55188	.833611	.000000
2.55314	.833522	.000000
2.55439	.833453	.000000
2.55565	.833404	.000000
2.55691	.833367	.000000
2.55817	.833339	.000000
2.55944	.833423	.000000
2.5607	.833458	.000000
2.56197	.833425	.000000
2.56323	.833413	.000000
2.5645	.833369	.000000
2.56577	.833204	.000000
2.56704	.833204	.000000
2.56831	.833304	.000000
2.56958	.833269	.000000
2.57086	.833153	.000000
2.57213	.833056	.000000
2.57341	.833033	.000000
2.57469	.833028	.000000
2.57597	.833028	.000000
2.57725	.833121	.000000
2.57853	.832928	.000000
2.57981	.832884	.000000
2.5811	.833042	.000000
2.58238	.832847	.000000
2.58367	.832592	.000000
2.58496	.832594	.000000
2.58624	.832571	.000000
2.58754	.832704	.000000
2.58883	.832727	.000000
2.59012	.832594	.000000
2.59141	.832520	.000000
2.59271	.832374	.000000
2.59401	.831734	.000000
2.59531	.831702	.000000
2.5966	.831748	.000000
2.59791	.832010	.000000
2.59921	.832100	.000000
2.60051	.832142	.000000
2.60182	.832209	.000000
2.60312	.832149	.000000
2.60443	.831945	.000000
2.60574	.831620	.000000
2.60705	.831801	.000000
2.60836	.831848	.000000
2.60967	.831804	.000000
2.61099	.831767	.000000
2.6123	.831762	.000000
2.61362	.831822	.000000
2.61494	.831695	.000000
2.61626	.831653	.000000
2.61758	.831783	.000000
2.6189	.831507	.000000
2.62022	.831133	.000000
2.62155	.831135	.000000
2.62287	.831302	.000000
2.6242	.831293	.000000
2.62553	.831101	.000000
2.62686	.831017	.000000
2.62819	.831068	.000000
2.62952	.830938	.000000
2.63086	.830796	.000000
2.63219	.830845	.000000
2.63353	.831026	.000000
2.63487	.830836	.000000
2.63621	.830571	.000000
2.63755	.830542	.000000
2.63889	.830527	.000000
2.64023	.830544	.000000
2.64158	.830581	.000000
2.64293	.830509	.000000
2.64427	.830346	.000000
2.64562	.830272	.000000
2.64697	.830115	.000000
2.64832	.830033	.000000
2.64968	.829980	.000000
2.65103	.829876	.000000
2.65239	.829887	.000000
2.65375	.829769	.000000
2.6551	.829637	.000000
2.65646	.829495	.000000
2.65783	.829365	.000000
2.65919	.829409	.000000
2.66055	.829319	.000000
2.66192	.829166	.000000
2.66329	.828943	.000000
2.66466	.828467	.000000
2.66603	.828247	.000000
2.6674	.828046	.000000
2.66877	.827762	.000000
2.67014	.826948	.000000
2.67152	.826429	.000000
2.6729	.826233	.000000
2.67427	.825763	.000000
2.67565	.825238	.000000
2.67704	.825025	.000000
2.67842	.824466	.000000
2.6798	.823659	.000000
2.68119	.823004	.000000
2.68258	.822162	.000000
2.68396	.821214	.000000
2.68535	.819996	.000000
2.68675	.818736	.000000
2.68814	.817506	.000000
2.68953	.816500	.000000
2.69093	.815442	.000000
2.69233	.814504	.000000
2.69372	.813685	.000000
2.69512	.812841	.000000
2.69653	.811742	.000000
2.69793	.810742	.000000
2.69933	.809775	.000000
2.70074	.808886	.000000
2.70215	.807949	.000000
2.70356	.807046	.000000
2.70497	.806165	.000000
2.70638	.805290	.000000
2.70779	.804473	.000000
2.70921	.803789	.000000
2.71062	.802845	.000000
2.71204	.802057	.000000
2.71346	.801625	.000000
2.71488	.801086	.000000
2.7163	.800616	.000000
2.71772	.800226	.000000
2.71915	.799649	.000000
2.72058	.799173	.000000
2.722	.798479	.000000
2.72343	.797695	.000000
2.72486	.797410	.000000
2.7263	.797124	.000000
2.72773	.796625	.000000
2.72917	.796176	.000000
2.7306	.795700	.000000
2.73204	.795201	.000000
2.73348	.794584	.000000
2.73493	.793867	.000000
2.73637	.793086	.000000
2.73781	.792462	.000000
2.73926	.791717	.000000
2.74071	.790791	.000000
2.74216	.789870	.000000
2.74361	.788718	.000000
2.74506	.787666	.000000
2.74651	.786731	.000000
2.74797	.785780	.000000
2.74943	.784825	.000000
2.75089	.783767	.000000
2.75234	.782660	.000000
2.75381	.781333	.000000
2.75527	.780220	.000000
2.75673	.779134	.000000
2.7582	.778035	.000000
2.75967	.776866	.000000
2.76114	.775576	.000000
2.76261	.774371	.000000
2.76408	.773242	.000000
2.76556	.772073	.000000
2.76703	.770982	.000000
2.76851	.769695	.000000
2.76999	.768335	.000000
2.77147	.767224	.000000
2.77295	.766099	.000000
2.77443	.764812	.000000
2.77592	.763477	.000000
2.77741	.761930	.000000
2.77889	.760492	.000000
2.78038	.759529	.000000
2.78188	.758901	.000000
2.78337	.758133	.000000
2.78486	.757274	.000000
2.78636	.756423	.000000
2.78786	.755493	.000000
2.78936	.754324	.000000
2.79086	.753280	.000000
2.79236	.752352	.000000
2.79387	.751306	.000000
2.79537	.750171	.000000
2.79688	.748861	.000000
2.79839	.747455	.000000
2.7999	.746511	.000000
2.80141	.746119	.000000
2.80293	.746016	.000000
2.80444	.745626	.000000
2.80596	.744975	.000000
2.80748	.744327	.000000
2.809	.743776	.000000
2.81052	.743393	.000000
2.81205	.743051	.000000
2.81357	.742629	.000000
2.8151	.742168	.000000
2.81663	.741588	.000000
2.81816	.741078	.000000
2.81969	.740628	.000000
2.82123	.740189	.000000
2.82276	.739606	.000000
2.8243	.739080	.000000
2.82584	.738656	.000000
2.82738	.738273	.000000
2.82892	.737848	.000000
2.83047	.737317	.000000
2.83201	.736816	.000000
2.83356	.736343	.000000
2.83511	.735842	.000000
2.83666	.735385	.000000
2.83821	.734999	.000000
2.83977	.734649	.000000
2.84132	.734322	.000000
2.84288	.734127	.000000
2.84444	.733902	.000000
2.846	.733635	.000000
2.84757	.733369	.000000
2.84913	.733162	.000000
2.8507	.732976	.000000
2.85226	.732740	.000000
2.85383	.732536	.000000
2.8554	.732272	.000000
2.85698	.731921	.000000
2.85855	.731640	.000000
2.86013	.731429	.000000
2.86171	.731248	.000000
2.86329	.730912	.000000
2.86487	.730573	.000000
2.86645	.730341	.000000
2.86804	.730031	.000000
2.86963	.729796	.000000
2.87122	.729648	.000000
2.87281	.729406	.000000
2.8744	.729059	.000000
2.87599	.728773	.000000
2.87759	.728613	.000000
2.87919	.728397	.000000
2.88079	.728210	.000000
2.88239	.728070	.000000
2.88399	.727827	.000000
2.8856	.727587	.000000
2.8872	.727514	.000000
2.88881	.727386	.000000
2.89042	.727168	.000000
2.89203	.726945	.000000
2.89365	.726729	.000000
2.89526	.726583	.000000
2.89688	.726442	.000000
2.8985	.726288	.000000
2.90012	.726119	.000000
2.90174	.725980	.000000
2.90337	.725866	.000000
2.90499	.725681	.000000
2.90662	.725518	.000000
2.90825	.725437	.000000
2.90988	.725418	.000000
2.91152	.725345	.000000
2.91315	.725180	.000000
2.91479	.725036	.000000
2.91643	.724918	.000000
2.91807	.724864	.000000
2.91972	.724869	.000000
2.92136	.724864	.000000
2.92301	.724839	.000000
2.92466	.724753	.000000
2.92631	.724671	.000000
2.92796	.724639	.000000
2.92961	.724602	.000000
2.93127	.724488	.000000
2.93293	.724412	.000000
2.93459	.724405	.000000
2.93625	.724335	.000000
2.93791	.724191	.000000
2.93958	.724173	.000000
2.94124	.724214	.000000
2.94291	.724221	.000000
2.94459	.724245	.000000
2.94626	.724222	.000000
2.94793	.724226	.000000
2.94961	.724256	.000000
2.95129	.724252	.000000
2.95297	.724231	.000000
2.95465	.724259	.000000
2.95634	.724366	.000000
2.95802	.724465	.000000
2.95971	.724456	.000000
2.9614	.724361	.000000
2.96309	.724384	.000000
2.96479	.724512	.000000
2.96648	.724623	.000000
2.96818	.724723	.000000
2.96988	.724853	.000000
2.97158	.724969	.000000
2.97329	.725008	.000000
2.97499	.725082	.000000
2.9767	.725251	.000000
2.97841	.725309	.000000
2.98012	.725319	.000000
2.98184	.725368	.000000
2.98355	.725576	.000000
2.98527	.725864	.000000
2.98699	.726098	.000000
2.98871	.726224	.000000
2.99043	.726328	.000000
2.99216	.726432	.000000
2.99389	.726609	.000000
2.99562	.726794	.000000
2.99735	.727029	.000000
2.99908	.727205	.000000
3.00082	.727267	.000000
3.00255	.727469	.000000
3.00429	.727738	.000000
3.00604	.727880	.000000
3.00778	.728014	.000000
3.00953	.728151	.000000
3.01127	.728335	.000000
3.01302	.728523	.000000
3.01477	.728759	.000000
3.01653	.728980	.000000
3.01828	.729144	.000000
3.02004	.729318	.000000
3.0218	.729583	.000000
3.02356	.729829	.000000
3.02533	.730026	.000000
3.02709	.730179	.000000
3.02886	.730364	.000000
3.03063	.730599	.000000
3.03241	.730768	.000000
3.03418	.730931	.000000
3.03596	.731139	.000000
3.03773	.731420	.000000
3.03952	.731772	.000000
3.0413	.731893	.000000
3.04308	.731937	.000000
3.04487	.732098	.000000
3.04666	.732332	.000000
3.04845	.732596	.000000
3.05024	.732737	.000000
3.05204	.732752	.000000
3.05383	.732923	.000000
3.05563	.733065	.000000
3.05744	.733176	.000000
3.05924	.733311	.000000
3.06105	.733529	.000000
3.06285	.733696	.000000
3.06466	.733810	.000000
3.06648	.733904	.000000
3.06829	.734083	.000000
3.07011	.734289	.000000
3.07193	.734394	.000000
3.07375	.734447	.000000
3.07557	.734515	.000000
3.0774	.734637	.000000
3.07922	.734837	.000000
3.08105	.734990	.000000
3.08288	.735034	.000000
3.08472	.735069	.000000
3.08655	.735185	.000000
3.08839	.735297	.000000
3.09023	.735377	.000000
3.09208	.735482	.000000
3.09392	.735719	.000000
3.09577	.735892	.000000
3.09762	.735953	.000000
3.09947	.736048	.000000
3.10132	.736190	.000000
3.10318	.736299	.000000
3.10504	.736487	.000000
3.1069	.736589	.000000
3.10876	.736686	.000000
3.11062	.736874	.000000
3.11249	.737009	.000000
3.11436	.737134	.000000
3.11623	.737305	.000000
3.11811	.737498	.000000
3.11998	.737702	.000000
3.12186	.737853	.000000
3.12374	.737901	.000000
3.12562	.738001	.000000
3.12751	.738169	.000000
3.1294	.738314	.000000
3.13129	.738431	.000000
3.13318	.738618	.000000
3.13507	.738734	.000000
3.13697	.738906	.000000
3.13887	.739073	.000000
3.14077	.739171	.000000
3.14267	.739400	.000000
3.14458	.739651	.000000
3.14649	.739734	.000000
3.1484	.739883	.000000
3.15031	.740140	.000000
3.15223	.740338	.000000
3.15414	.740433	.000000
3.15606	.740542	.000000
3.15798	.740755	.000000
3.15991	.740994	.000000
3.16184	.741124	.000000
3.16376	.741217	.000000
3.1657	.741421	.000000
3.16763	.741643	.000000
3.16957	.741746	.000000
3.1715	.741954	.000000
3.17345	.742108	.000000
3.17539	.742217	.000000
3.17733	.742428	.000000
3.17928	.742643	.000000
3.18123	.742824	.000000
3.18319	.742993	.000000
3.18514	.743126	.000000
3.1871	.743258	.000000
3.18906	.743455	.000000
3.19102	.743601	.000000
3.19299	.743787	.000000
3.19495	.743938	.000000
3.19692	.744061	.000000
3.1989	.744202	.000000
3.20087	.744430	.000000
3.20285	.744645	.000000
3.20483	.744754	.000000
3.20681	.744831	.000000
3.20879	.745077	.000000
3.21078	.745269	.000000
3.21277	.745339	.000000
3.21476	.745504	.000000
3.21676	.745645	.000000
3.21875	.745801	.000000
3.22075	.745961	.000000
3.22275	.746169	.000000
3.22476	.746450	.000000
3.22676	.746657	.000000
3.22877	.746691	.000000
3.23078	.746765	.000000
3.2328	.746881	.000000
3.23481	.746967	.000000
3.23683	.747093	.000000
3.23886	.747257	.000000
3.24088	.747411	.000000
3.24291	.747526	.000000
3.24494	.747629	.000000
3.24697	.747770	.000000
3.249	.747838	.000000
3.25104	.747912	.000000
3.25308	.747976	.000000
3.25512	.748058	.000000
3.25717	.748190	.000000
3.25921	.748260	.000000
3.26126	.748411	.000000
3.26332	.748505	.000000
3.26537	.748508	.000000
3.26743	.748589	.000000
3.26949	.748703	.000000
3.27155	.748807	.000000
3.27362	.748854	.000000
3.27568	.748800	.000000
3.27776	.748817	.000000
3.27983	.748904	.000000
3.2819	.748909	.000000
3.28398	.748893	.000000
3.28606	.748893	.000000
3.28815	.748812	.000000
3.29023	.748844	.000000
3.29232	.748898	.000000
3.29441	.748738	.000000
3.29651	.748566	.000000
3.2986	.748571	.000000
3.3007	.748624	.000000
3.30281	.748549	.000000
3.30491	.748489	.000000
3.30702	.748536	.000000
3.30913	.748383	.000000
3.31124	.748204	.000000
3.31336	.748190	.000000
3.31548	.748079	.000000
3.3176	.747888	.000000
3.31972	.747803	.000000
3.32185	.747701	.000000
3.32398	.747501	.000000
3.32611	.747401	.000000
3.32825	.747359	.000000
3.33038	.747190	.000000
3.33252	.747062	.000000
3.33467	.747016	.000000
3.33681	.746968	.000000
3.33896	.746845	.000000
3.34111	.746752	.000000
3.34327	.746647	.000000
3.34542	.746452	.000000
3.34758	.746383	.000000
3.34975	.746409	.000000
3.35191	.746323	.000000
3.35408	.746228	.000000
3.35625	.746246	.000000
3.35842	.746262	.000000
3.3606	.746223	.000000
3.36278	.746264	.000000
3.36496	.746357	.000000
3.36715	.746431	.000000
3.36933	.746511	.000000
3.37153	.746541	.000000
3.37372	.746522	.000000
3.37592	.746677	.000000
3.37811	.746742	.000000
3.38032	.746842	.000000
3.38252	.747002	.000000
3.38473	.746981	.000000
3.38694	.746937	.000000
3.38915	.747004	.000000
3.39137	.747072	.000000
3.39359	.747074	.000000
3.39581	.747049	.000000
3.39804	.746975	.000000
3.40027	.746998	.000000
3.4025	.746997	.000000
3.40473	.746931	.000000
3.40697	.746947	.000000
3.40921	.747032	.000000
3.41145	.747055	.000000
3.4137	.747056	.000000
3.41595	.747121	.000000
3.4182	.747142	.000000
3.42045	.747128	.000000
3.42271	.747058	.000000
3.42497	.747016	.000000
3.42723	.746888	.000000
3.4295	.746724	.000000
3.43177	.746569	.000000
3.43404	.746408	.000000
3.43632	.746258	.000000
3.4386	.746126	.000000
3.44088	.745965	.000000
3.44316	.745866	.000000
3.44545	.745733	.000000
3.44774	.745587	.000000
3.45004	.745453	.000000
3.45233	.745415	.000000
3.45463	.745246	.000000
3.45694	.744982	.000000
3.45924	.744893	.000000
3.46155	.744773	.000000
3.46386	.744599	.000000
3.46618	.744425	.000000
3.4685	.744272	.000000
3.47082	.744012	.000000
3.47315	.743736	.000000
3.47547	.743493	.000000
3.4778	.743307	.000000
3.48014	.743219	.000000
3.48247	.742973	.000000
3.48481	.742701	.000000
3.48716	.742390	.000000
3.4895	.742191	.000000
3.49185	.742038	.000000
3.49421	.741876	.000000
3.49656	.741757	.000000
3.49892	.741616	.000000
3.50129	.741544	.000000
3.50365	.741491	.000000
3.50602	.741263	.000000
3.50839	.741094	.000000
3.51077	.740987	.000000
3.51315	.740892	.000000
3.51553	.740852	.000000
3.51791	.740788	.000000
3.5203	.740686	.000000
3.52269	.740630	.000000
3.52509	.740541	.000000
3.52749	.740354	.000000
3.52989	.740166	.000000
3.53229	.739990	.000000
3.5347	.739864	.000000
3.53711	.739711	.000000
3.53953	.739625	.000000
3.54194	.739516	.000000
3.54436	.739280	.000000
3.54679	.739061	.000000
3.54922	.738959	.000000
3.55165	.738762	.000000
3.55408	.738539	.000000
3.55652	.738352	.000000
3.55896	.738133	.000000
3.5614	.737851	.000000
3.56385	.737635	.000000
3.5663	.737605	.000000
3.56876	.737405	.000000
3.57121	.737043	.000000
3.57367	.736795	.000000
3.57614	.736628	.000000
3.57861	.736391	.000000
3.58108	.736180	.000000
3.58355	.735997	.000000
3.58603	.735767	.000000
3.58851	.735533	.000000
3.591	.735257	.000000
3.59349	.734858	.000000
3.59598	.734494	.000000
3.59848	.734278	.000000
3.60099	.734023	.000000
3.60349	.733786	.000000
3.60599	.733526	.000000
3.6085	.733274	.000000
3.61102	.733077	.000000
3.61353	.732798	.000000
3.61605	.732520	.000000
3.61858	.732211	.000000
3.6211	.731903	.000000
3.62363	.731619	.000000
3.62617	.731309	.000000
3.62871	.730968	.000000
3.63125	.730701	.000000
3.63379	.730402	.000000
3.63634	.730096	.000000
3.63889	.729794	.000000
3.64145	.729525	.000000
3.64401	.729255	.000000
3.64657	.729000	.000000
3.64913	.728775	.000000
3.6517	.728611	.000000
3.65428	.728367	.000000
3.65685	.728147	.000000
3.65944	.727913	.000000
3.66202	.727660	.000000
3.66461	.727397	.000000
3.6672	.727175	.000000
3.6698	.726926	.000000
3.67239	.726692	.000000
3.675	.726405	.000000
3.6776	.726100	.000000
3.68021	.725757	.000000
3.68283	.725449	.000000
3.68544	.725087	.000000
3.68806	.724737	.000000
3.69069	.724352	.000000
3.69332	.723953	.000000
3.69595	.723574	.000000
3.69859	.723189	.000000
3.70123	.722742	.000000
3.70387	.722350	.000000
3.70652	.721960	.000000
3.70917	.721556	.000000
3.71182	.721187	.000000
3.71448	.720869	.000000
3.71715	.720501	.000000
3.71981	.720111	.000000
3.72248	.719717	.000000
3.72516	.719329	.000000
3.72784	.718962	.000000
3.73052	.718592	.000000
3.7332	.718183	.000000
3.73589	.717853	.000000
3.73859	.717503	.000000
3.74128	.717116	.000000
3.74398	.716663	.000000
3.74669	.716218	.000000
3.7494	.715780	.000000
3.75211	.715422	.000000
3.75483	.715033	.000000
3.75755	.714648	.000000
3.76028	.714283	.000000
3.763	.713898	.000000
3.76574	.713442	.000000
3.76847	.713051	.000000
3.77121	.712587	.000000
3.77396	.712137	.000000
3.77671	.711729	.000000
3.77946	.711330	.000000
3.78222	.710852	.000000
3.78498	.710423	.000000
3.78774	.710006	.000000
3.79051	.709639	.000000
3.79328	.709233	.000000
3.79606	.708836	.000000
3.79884	.708430	.000000
3.80163	.708031	.000000
3.80442	.707605	.000000
3.80721	.707285	.000000
3.81001	.706962	.000000
3.81281	.706579	.000000
3.81561	.706162	.000000
3.81842	.705835	.000000
3.82124	.705510	.000000
3.82405	.705208	.000000
3.82688	.704900	.000000
3.8297	.704610	.000000
3.83253	.704317	.000000
3.83537	.704097	.000000
3.83821	.703888	.000000
3.84105	.703682	.000000
3.8439	.703487	.000000
3.84675	.703350	.000000
3.8496	.703153	.000000
3.85246	.702961	.000000
3.85533	.702798	.000000
3.8582	.702631	.000000
3.86107	.702422	.000000
3.86395	.702258	.000000
3.86683	.702058	.000000
3.86971	.701896	.000000
3.8726	.701742	.000000
3.8755	.701557	.000000
3.8784	.701392	.000000
3.8813	.701274	.000000
3.88421	.701142	.000000
3.88712	.701002	.000000
3.89004	.700782	.000000
3.89296	.700608	.000000
3.89588	.700455	.000000
3.89881	.700267	.000000
3.90174	.700012	.000000
3.90468	.699812	.000000
3.90762	.699606	.000000
3.91057	.699386	.000000
3.91352	.699105	.000000
3.91648	.698933	.000000
3.91944	.698704	.000000
3.9224	.698393	.000000
3.92537	.698123	.000000
3.92835	.697892	.000000
3.93132	.697581	.000000
3.93431	.697309	.000000
3.93729	.696999	.000000
3.94029	.696627	.000000
3.94328	.696258	.000000
3.94628	.695918	.000000
3.94929	.695555	.000000
3.9523	.695175	.000000
3.95531	.694681	.000000
3.95833	.694184	.000000
3.96136	.693656	.000000
3.96438	.693126	.000000
3.96742	.692545	.000000
3.97046	.691983	.000000
3.9735	.691347	.000000
3.97655	.690647	.000000
3.9796	.689886	.000000
3.98265	.689146	.000000
3.98572	.688348	.000000
3.98878	.687580	.000000
3.99185	.686807	.000000
3.99493	.686046	.000000
3.99801	.685253	.000000
4.00109	.684543	.000000
4.00418	.683884	.000000
4.00728	.683295	.000000
4.01038	.682813	.000000
4.01348	.682481	.000000
4.01659	.682253	.000000
4.0197	.682200	.000000
4.02282	.682170	.000000
4.02594	.682233	.000000
4.02907	.682393	.000000
4.0322	.682639	.000000
4.03534	.682878	.000000
4.03848	.683147	.000000
4.04163	.683384	.000000
4.04478	.683543	.000000
4.04794	.683632	.000000
4.0511	.683692	.000000
4.05427	.683696	.000000
4.05744	.683689	.000000
4.06062	.683604	.000000
4.0638	.683508	.000000
4.06699	.683384	.000000
4.07018	.683246	.000000
4.07338	.683045	.000000
4.07658	.682766	.000000
4.07979	.682428	.000000
4.083	.682138	.000000
4.08622	.681776	.000000
4.08944	.681440	.000000
4.09267	.681101	.000000
4.0959	.680737	.000000
4.09914	.680352	.000000
4.10238	.679971	.000000
4.10563	.679556	.000000
4.10889	.679141	.000000
4.11214	.678658	.000000
4.11541	.678245	.000000
4.11868	.677818	.000000
4.12195	.677378	.000000
4.12523	.676906	.000000
4.12851	.676422	.000000
4.1318	.675969	.000000
4.1351	.675529	.000000
4.1384	.675013	.000000
4.1417	.674478	.000000
4.14501	.673935	.000000
4.14833	.673454	.000000
4.15165	.672990	.000000
4.15498	.672526	.000000
4.15831	.671977	.000000
4.16165	.671464	.000000
4.16499	.670963	.000000
4.16834	.670471	.000000
4.17169	.669982	.000000
4.17505	.669467	.000000
4.17842	.668905	.000000
4.18179	.668411	.000000
4.18516	.667917	.000000
4.18854	.667456	.000000
4.19193	.666980	.000000
4.19532	.666477	.000000
4.19872	.665899	.000000
4.20212	.665352	.000000
4.20553	.664767	.000000
4.20894	.664161	.000000
4.21236	.663579	.000000
4.21578	.663075	.000000
4.21921	.662500	.000000
4.22265	.661943	.000000
4.22609	.661428	.000000
4.22954	.660881	.000000
4.23299	.660352	.000000
4.23645	.659774	.000000
4.23991	.659271	.000000
4.24338	.658701	.000000
4.24686	.658113	.000000
4.25034	.657569	.000000
4.25382	.656928	.000000
4.25732	.656297	.000000
4.26081	.655720	.000000
4.26432	.655107	.000000
4.26783	.654441	.000000
4.27134	.653887	.000000
4.27487	.653376	.000000
4.27839	.652906	.000000
4.28193	.652439	.000000
4.28546	.651985	.000000
4.28901	.651460	.000000
4.29256	.650892	.000000
4.29612	.650349	.000000
4.29968	.649813	.000000
4.30325	.649240	.000000
4.30682	.648683	.000000
4.3104	.648124	.000000
4.31399	.647626	.000000
4.31758	.647092	.000000
4.32118	.646496	.000000
4.32478	.645879	.000000
4.32839	.645340	.000000
4.332	.644745	.000000
4.33563	.644153	.000000
4.33926	.643570	.000000
4.34289	.643005	.000000
4.34653	.642401	.000000
4.35018	.641801	.000000
4.35383	.641207	.000000
4.35749	.640638	.000000
4.36115	.640019	.000000
4.36482	.639421	.000000
4.3685	.638776	.000000
4.37218	.638149	.000000
4.37587	.637572	.000000
4.37957	.636973	.000000
4.38327	.636346	.000000
4.38698	.635778	.000000
4.39069	.635157	.000000
4.39442	.634535	.000000
4.39814	.633923	.000000
4.40188	.633373	.000000
4.40562	.632779	.000000
4.40936	.632153	.000000
4.41312	.631514	.000000
4.41687	.630958	.000000
4.42064	.630385	.000000
4.42441	.629772	.000000
4.42819	.629150	.000000
4.43197	.628550	.000000
4.43577	.627926	.000000
4.43956	.627355	.000000
4.44337	.626721	.000000
4.44718	.626074	.000000
4.45099	.625439	.000000
4.45482	.624833	.000000
4.45865	.624230	.000000
4.46249	.623604	.000000
4.46633	.622947	.000000
4.47018	.622312	.000000
4.47404	.621639	.000000
4.4779	.620980	.000000
4.48177	.620342	.000000
4.48565	.619718	.000000
4.48953	.619078	.000000
4.49342	.618466	.000000
4.49732	.617788	.000000
4.50122	.617124	.000000
4.50513	.616466	.000000
4.50905	.615812	.000000
4.51298	.615115	.000000
4.51691	.614461	.000000
4.52085	.613759	.000000
4.52479	.613097	.000000
4.52874	.612373	.000000
4.5327	.611624	.000000
4.53667	.610861	.000000
4.54064	.610139	.000000
4.54462	.609425	.000000
4.5486	.608717	.000000
4.5526	.607936	.000000
4.5566	.607203	.000000
4.5606	.606491	.000000
4.56462	.605776	.000000
4.56864	.605041	.000000
4.57267	.604349	.000000
4.57671	.603614	.000000
4.58075	.602939	.000000
4.5848	.602262	.000000
4.58886	.601573	.000000
4.59292	.600865	.000000
4.59699	.600208	.000000
4.60107	.599510	.000000
4.60516	.598851	.000000
4.60925	.598149	.000000
4.61335	.597460	.000000
4.61746	.596787	.000000
4.62158	.596213	.000000
4.6257	.595611	.000000
4.62983	.594996	.000000
4.63397	.594395	.000000
4.63811	.593810	.000000
4.64226	.593193	.000000
4.64642	.592606	.000000
4.65059	.592024	.000000
4.65476	.591463	.000000
4.65895	.590866	.000000
4.66314	.590243	.000000
4.66733	.589609	.000000
4.67154	.589013	.000000
4.67575	.588321	.000000
4.67997	.587711	.000000
4.6842	.587087	.000000
4.68843	.586401	.000000
4.69267	.585721	.000000
4.69693	.585104	.000000
4.70118	.584399	.000000
4.70545	.583677	.000000
4.70972	.582951	.000000
4.71401	.582192	.000000
4.71829	.581404	.000000
4.72259	.580632	.000000
4.7269	.579831	.000000
4.73121	.579024	.000000
4.73553	.578159	.000000
4.73986	.577254	.000000
4.7442	.576361	.000000
4.74854	.575470	.000000
4.75289	.574553	.000000
4.75725	.573649	.000000
4.76162	.572640	.000000
4.766	.571570	.000000
4.77038	.570438	.000000
4.77478	.569278	.000000
4.77918	.568025	.000000
4.78358	.566763	.000000
4.788	.565371	.000000
4.79243	.563882	.000000
4.79686	.562279	.000000
4.8013	.560653	.000000
4.80575	.558899	.000000
4.81021	.557057	.000000
4.81467	.555086	.000000
4.81915	.553004	.000000
4.82363	.550713	.000000
4.82812	.548203	.000000
4.83262	.545424	.000000
4.83713	.542294	.000000
4.84165	.538661	.000000
4.84617	.534508	.000000
4.85071	.529765	.000000
4.85525	.524290	.000000
4.8598	.517920	.000000
4.86436	.510709	.000000
4.86892	.502704	.000000
4.8735	.494106	.000000
4.87808	.485066	.000000
4.88268	.475871	.000000
4.88728	.466818	.000000
4.89189	.458182	.000000
4.89651	.450099	.000000
4.90114	.442704	.000000
4.90577	.435941	.000000
4.91042	.429620	.000000
4.91507	.423575	.000000
4.91974	.417768	.000000
4.92441	.412187	.000000
4.92909	.406992	.000000
4.93378	.402446	.000000
4.93848	.399019	.000000
4.94319	.397117	.000000
4.94791	.396794	.000000
4.95263	.397799	.000000
4.95737	.399713	.000000
4.96211	.402105	.000000
4.96686	.404768	.000000
4.97162	.407457	.000000
4.97639	.410064	.000000
4.98117	.412574	.000000
4.98596	.414963	.000000
4.99076	.417151	.000000
4.99557	.419211	.000000
5.00039	.421078	.000000
5.00521	.422776	.000000
5.01005	.424315	.000000
5.0149	.425692	.000000
5.01975	.426855	.000000
5.02461	.427871	.000000
5.02949	.428666	.000000
5.03437	.429251	.000000
5.03926	.429653	.000000
5.04417	.429866	.000000
5.04908	.429868	.000000
5.054	.429653	.000000
5.05893	.429226	.000000
5.06387	.428576	.000000
5.06882	.427715	.000000
5.07378	.426642	.000000
5.07875	.425370	.000000
5.08373	.423901	.000000
5.08872	.422236	.000000
5.09372	.420440	.000000
5.09872	.418519	.000000
5.10374	.416560	.000000
5.10877	.414502	.000000
5.11381	.412368	.000000
5.11886	.410191	.000000
5.12391	.407948	.000000
5.12898	.405519	.000000
5.13406	.402879	.000000
5.13915	.400024	.000000
5.14425	.397161	.000000
5.14935	.394326	.000000
5.15447	.391584	.000000
5.1596	.388893	.000000
5.16474	.386184	.000000
5.16989	.383458	.000000
5.17505	.380607	.000000
5.18022	.377563	.000000
5.1854	.374348	.000000
5.19059	.371024	.000000
5.19579	.367757	.000000
5.201	.364679	.000000
5.20623	.362006	.000000
5.21146	.359844	.000000
5.2167	.358269	.000000
5.22195	.357418	.000000
5.22722	.357116	.000000
5.23249	.357183	.000000
5.23778	.357506	.000000
5.24307	.357940	.000000
5.24838	.358399	.000000
5.2537	.358888	.000000
5.25903	.359366	.000000
5.26437	.359803	.000000
5.26972	.360148	.000000
5.27508	.360324	.000000
5.28045	.360269	.000000
5.28583	.360005	.000000
5.29122	.359515	.000000
5.29663	.358808	.000000
5.30204	.358079	.000000
5.30747	.357358	.000000
5.31291	.356640	.000000
5.31836	.355921	.000000
5.32382	.355140	.000000
5.32929	.354110	.000000
5.33477	.352653	.000000
5.34027	.350704	.000000
5.34577	.348234	.000000
5.35129	.345331	.000000
5.35682	.342244	.000000
5.36236	.339267	.000000
5.36791	.336539	.000000
5.37347	.334041	.000000
5.37904	.331635	.000000
5.38463	.329197	.000000
5.39023	.326492	.000000
5.39584	.323499	.000000
5.40146	.320315	.000000
5.40709	.317079	.000000
5.41273	.313923	.000000
5.41839	.310965	.000000
5.42406	.308224	.000000
5.42974	.305904	.000000
5.43543	.303920	.000000
5.44113	.302319	.000000
5.44684	.301160	.000000
5.45257	.300452	.000000
5.45831	.300232	.000000
5.46406	.300389	.000000
5.46983	.300779	.000000
5.4756	.301308	.000000
5.48139	.301840	.000000
5.48719	.302426	.000000
5.493	.302927	.000000
5.49883	.303222	.000000
5.50467	.303301	.000000
5.51052	.303145	.000000
5.51638	.302779	.000000
5.52225	.302101	.000000
5.52814	.301069	.000000
5.53404	.299691	.000000
5.53995	.297791	.000000
5.54588	.295161	.000000
5.55182	.291586	.000000
5.55777	.286932	.000000
5.56373	.281126	.000000
5.56971	.274289	.000000
5.57569	.266610	.000000
5.5817	.258450	.000000
5.58771	.250639	.000000
5.59374	.243682	.000000
5.59978	.237784	.000000
5.60583	.233324	.000000
5.6119	.230319	.000000
5.61798	.228621	.000000
5.62407	.227971	.000000
5.63018	.228336	.000000
5.6363	.229560	.000000
5.64243	.231860	.000000
5.64858	.235043	.000000
5.65474	.239130	.000000
5.66091	.244023	.000000
5.6671	.249536	.000000
5.6733	.255376	.000000
5.67951	.261504	.000000
5.68574	.267483	.000000
5.69198	.273361	.000000
5.69824	.279110	.000000
5.7045	.284671	.000000
5.71079	.290154	.000000
5.71708	.295543	.000000
5.72339	.300547	.000000
5.72972	.305175	.000000
5.73606	.309226	.000000
5.74241	.312626	.000000
5.74877	.315215	.000000
5.75515	.316898	.000000
5.76155	.317579	.000000
5.76796	.317498	.000000
5.77438	.316928	.000000
5.78082	.315946	.000000
5.78727	.314654	.000000
5.79374	.313174	.000000
5.80022	.311601	.000000
5.80671	.310131	.000000
5.81322	.308825	.000000
5.81974	.307708	.000000
5.82628	.306688	.000000
5.83284	.305684	.000000
5.8394	.304523	.000000
5.84599	.303227	.000000
5.85259	.301823	.000000
5.8592	.300559	.000000
5.86583	.299469	.000000
5.87247	.298782	.000000
5.87913	.298297	.000000
5.8858	.298267	.000000
5.89249	.298580	.000000
5.89919	.298993	.000000
5.90591	.299490	.000000
5.91265	.299740	.000000
5.9194	.299490	.000000
5.92616	.298759	.000000
5.93294	.297501	.000000
5.93974	.295761	.000000
5.94655	.293832	.000000
5.95338	.291692	.000000
5.96022	.289321	.000000
5.96708	.286807	.000000
5.97395	.284323	.000000
5.98084	.282292	.000000
5.98775	.280799	.000000
5.99467	.280460	.000000
6.00161	.281710	.000000
6.00856	.285018	.000000
6.01553	.290802	.000000
6.02252	.299209	.000000
6.02952	.309922	.000000
6.03654	.322493	.000000
6.04358	.335602	.000000
6.05063	.349846	.000000
6.0577	.363415	.000000
6.06478	.375009	.000000
6.07188	.385699	.000000
6.079	.395380	.000000
6.08614	.403513	.000000
6.09329	.410395	.000000
6.10046	.416139	.000000
6.10764	.420919	.000000
6.11485	.424850	.000000
6.12206	.428268	.000000
6.1293	.430947	.000000
6.13655	.433109	.000000
6.14383	.434666	.000000
6.15111	.435928	.000000
6.15842	.436754	.000000
6.16574	.437276	.000000
6.17308	.437484	.000000
6.18044	.437461	.000000
6.18781	.437241	.000000
6.19521	.436974	.000000
6.20262	.436376	.000000
6.21005	.435691	.000000
6.21749	.434791	.000000
6.22496	.433807	.000000
6.23244	.432675	.000000
6.23994	.431562	.000000
6.24745	.430545	.000000
6.25499	.429768	.000000
6.26254	.429154	.000000
6.27012	.428866	.000000
6.27771	.428998	.000000
6.28532	.429608	.000000
6.29294	.430483	.000000
6.30059	.431720	.000000
6.30825	.433065	.000000
6.31594	.434353	.000000
6.32364	.435457	.000000
6.33136	.436320	.000000
6.3391	.436744	.000000
6.34686	.436814	.000000
6.35464	.436545	.000000
6.36244	.435927	.000000
6.37025	.435041	.000000
6.37809	.434067	.000000
6.38594	.433218	.000000
6.39382	.432515	.000000
6.40171	.431930	.000000
6.40962	.431448	.000000
6.41756	.430959	.000000
6.42551	.430852	.000000
6.43348	.430678	.000000
6.44147	.430363	.000000
6.44948	.429954	.000000
6.45752	.429379	.000000
6.46556	.428752	.000000
6.47364	.427970	.000000
6.48173	.427061	.000000
6.48984	.426212	.000000
6.49797	.425351	.000000
6.50613	.424728	.000000
6.5143	.424129	.000000
6.52249	.423584	.000000
6.53071	.423262	.000000
6.53894	.423111	.000000
6.5472	.422988	.000000
6.55548	.422925	.000000
6.56378	.422936	.000000
6.57209	.422849	.000000
6.58044	.422723	.000000
6.5888	.422530	.000000
6.59718	.422027	.000000
6.60558	.421333	.000000
6.61401	.420341	.000000
6.62246	.419069	.000000
6.63092	.417487	.000000
6.63941	.415446	.000000
6.64793	.413548	.000000
6.65646	.411574	.000000
6.66502	.409245	.000000
6.67359	.406781	.000000
6.68219	.404209	.000000
6.69082	.401567	.000000
6.69946	.398875	.000000
6.70813	.395876	.000000
6.71681	.392814	.000000
6.72552	.389800	.000000
6.73426	.386754	.000000
6.74302	.383715	.000000
6.7518	.380672	.000000
6.7606	.377779	.000000
6.76942	.375208	.000000
6.77827	.372989	.000000
6.78715	.371258	.000000
6.79604	.370035	.000000
6.80496	.369520	.000000
6.8139	.369464	.000000
6.82287	.369571	.000000
6.83186	.369908	.000000
6.84087	.370323	.000000
6.84991	.370617	.000000
6.85897	.370664	.000000
6.86805	.370293	.000000
6.87716	.369641	.000000
6.88629	.368455	.000000
6.89545	.366734	.000000
6.90463	.364521	.000000
6.91384	.361955	.000000
6.92307	.359181	.000000
6.93233	.356281	.000000
6.94161	.353274	.000000
6.95091	.350124	.000000
6.96024	.346767	.000000
6.9696	.343383	.000000
6.97898	.339875	.000000
6.98838	.336113	.000000
6.99781	.332150	.000000
7.00726	.328269	.000000
7.01675	.324578	.000000
7.02625	.321301	.000000
7.03579	.318767	.000000
7.04535	.317013	.000000
7.05493	.315972	.000000
7.06454	.315506	.000000
7.07418	.315325	.000000
7.08385	.315369	.000000
7.09354	.315336	.000000
7.10325	.315079	.000000
7.113	.314404	.000000
7.12277	.313285	.000000
7.13257	.311826	.000000
7.14239	.310128	.000000
7.15224	.308198	.000000
7.16212	.306282	.000000
7.17203	.304319	.000000
7.18196	.302556	.000000
7.19192	.301057	.000000
7.20191	.299881	.000000
7.21193	.299026	.000000
7.22197	.298552	.000000
7.23204	.298279	.000000
7.24215	.298199	.000000
7.25227	.298072	.000000
7.26243	.297805	.000000
7.27262	.297262	.000000
7.28283	.296290	.000000
7.29307	.294845	.000000
7.30334	.292904	.000000
7.31364	.290514	.000000
7.32397	.287877	.000000
7.33433	.285002	.000000
7.34472	.282116	.000000
7.35514	.279423	.000000
7.36558	.276920	.000000
7.37606	.274514	.000000
7.38657	.272238	.000000
7.39711	.269983	.000000
7.40767	.267678	.000000
7.41827	.265225	.000000
7.4289	.262658	.000000
7.43956	.259974	.000000
7.45025	.257304	.000000
7.46097	.254661	.000000
7.47172	.252181	.000000
7.4825	.249773	.000000
7.49331	.247616	.000000
7.50416	.245532	.000000
7.51503	.243586	.000000
7.52594	.241839	.000000
7.53688	.240434	.000000
7.54785	.239378	.000000
7.55885	.238786	.000000
7.56989	.238657	.000000
7.58095	.238937	.000000
7.59205	.239381	.000000
7.60318	.239974	.000000
7.61434	.240587	.000000
7.62554	.241201	.000000
7.63677	.241666	.000000
7.64803	.241983	.000000
7.65933	.242095	.000000
7.67066	.242023	.000000
7.68203	.241724	.000000
7.69342	.241250	.000000
7.70485	.240554	.000000
7.71632	.239668	.000000
7.72782	.238596	.000000
7.73936	.237437	.000000
7.75092	.236154	.000000
7.76253	.234871	.000000
7.77416	.233618	.000000
7.78584	.232611	.000000
7.79754	.231857	.000000
7.80929	.231358	.000000
7.82107	.231061	.000000
7.83288	.230946	.000000
7.84473	.230800	.000000
7.85662	.230612	.000000
7.86854	.230208	.000000
7.8805	.229595	.000000
7.89249	.228795	.000000
7.90452	.227872	.000000
7.91659	.226847	.000000
7.9287	.225786	.000000
7.94084	.224543	.000000
7.95301	.223118	.000000
7.96523	.221390	.000000
7.97748	.219372	.000000
7.98977	.217057	.000000
8.0021	.214563	.000000
8.01447	.211854	.000000
8.02688	.209056	.000000
8.03932	.206256	.000000
8.05181	.203618	.000000
8.06433	.201048	.000000
8.07689	.198487	.000000
8.08949	.195738	.000000
8.10213	.192893	.000000
8.11481	.189822	.000000
8.12753	.186514	.000000
8.14029	.183041	.000000
8.15309	.179613	.000000
8.16593	.176302	.000000
8.17881	.173351	.000000
8.19173	.170721	.000000
8.20469	.168521	.000000
8.21769	.166645	.000000
8.23073	.165049	.000000
8.24382	.163613	.000000
8.25695	.162309	.000000
8.27012	.160943	.000000
8.28332	.159511	.000000
8.29658	.157918	.000000
8.30987	.156243	.000000
8.32321	.154373	.000000
8.33659	.152341	.000000
8.35002	.150044	.000000
8.36348	.147589	.000000
8.37699	.144968	.000000
8.39055	.142372	.000000
8.40415	.139737	.000000
8.41779	.137215	.000000
8.43148	.134828	.000000
8.44521	.132698	.000000
8.45898	.130718	.000000
8.47281	.128904	.000000
8.48668	.127082	.000000
8.50059	.125336	.000000
8.51455	.123457	.000000
8.52855	.121498	.000000
8.5426	.119359	.000000
8.5567	.117109	.000000
8.57084	.114724	.000000
8.58503	.112384	.000000
8.59927	.109987	.000000
8.61355	.107619	.000000
8.62788	.105213	.000000
8.64226	.102905	.000000
8.65669	.100557	.000000
8.67116	.098222	.000000
8.68569	.095888	.000000
8.70026	.093667	.000000
8.71488	.091399	.000000
8.72955	.089209	.000000
8.74427	.087058	.000000
8.75904	.084973	.000000
8.77386	.082915	.000000
8.78873	.080985	.000000
8.80366	.079148	.000000
8.81863	.077612	.000000
8.83365	.076246	.000000
8.84872	.075086	.000000
8.86385	.074081	.000000
8.87903	.073408	.000000
8.89426	.072959	.000000
8.90954	.073042	.000000
8.92488	.073626	.000000
8.94027	.074680	.000000
8.95571	.076072	.000000
8.9712	.077909	.000000
8.98675	.080060	.000000
9.00235	.082706	.000000
9.018	.085819	.000000
9.03371	.089483	.000000
9.04948	.093616	.000000
9.0653	.098323	.000000
9.08118	.103536	.000000
9.0971	.109384	.000000
9.11309	.115739	.000000
9.12914	.122723	.000000
9.14524	.130224	.000000
9.16139	.138447	.000000
9.17761	.147367	.000000
9.19388	.156939	.000000
9.21021	.166895	.000000
9.2266	.177269	.000000
9.24304	.187917	.000000
9.25955	.198749	.000000
9.27611	.209466	.000000
9.29273	.219643	.000000
9.30942	.228726	.000000
9.32616	.235924	.000000
9.34297	.240246	.000000
9.35983	.241564	.000000
9.37676	.240592	.000000
9.39374	.238334	.000000
9.41079	.235388	.000000
9.4279	.232323	.000000
9.44508	.229248	.000000
9.46231	.226180	.000000
9.47961	.223072	.000000
9.49697	.219811	.000000
9.5144	.216314	.000000
9.53189	.212631	.000000
9.54944	.208740	.000000
9.56706	.204655	.000000
9.58474	.200401	.000000
9.60249	.196199	.000000
9.62031	.191993	.000000
9.63818	.187938	.000000
9.65613	.184002	.000000
9.67415	.180195	.000000
9.69223	.176585	.000000
9.71038	.173194	.000000
9.7286	.169897	.000000
9.74688	.166934	.000000
9.76524	.164181	.000000
9.78367	.161685	.000000
9.80216	.159428	.000000
9.82073	.157419	.000000
9.83936	.155690	.000000
9.85807	.154213	.000000
9.87685	.152927	.000000
9.89569	.151946	.000000
9.91461	.151034	.000000
9.9336	.150223	.000000
9.95267	.149582	.000000
9.97181	.149090	.000000
9.99102	.148903	.000000
10.01031	.149258	.000000
10.02968	.150141	.000000
10.04911	.151833	.000000
10.06863	.154516	.000000
10.08822	.158736	.000000
10.10788	.164520	.000000
10.12762	.170259	.000000
10.14744	.173112	.000000
10.16734	.171818	.000000
10.18732	.167297	.000000
10.20737	.161873	.000000
10.2275	.157430	.000000
10.24772	.154918	.000000
10.26801	.154486	.000000
10.28838	.155992	.000000
10.30884	.159056	.000000
10.32938	.163385	.000000
10.34999	.168275	.000000
10.37069	.172474	.000000
10.39148	.174699	.000000
10.41234	.177575	.000000
10.43329	.187317	.000000
10.45433	.203226	.000000
10.47545	.217623	.000000
10.49665	.227199	.000000
10.51795	.232444	.000000
10.53932	.234634	.000000
10.56079	.234731	.000000
10.58234	.233453	.000000
10.60398	.231317	.000000
10.62571	.228732	.000000
10.64753	.225919	.000000
10.66944	.222993	.000000
10.69144	.220031	.000000
10.71352	.217177	.000000
10.73571	.214234	.000000
10.75798	.211369	.000000
10.78035	.208453	.000000
10.8028	.205457	.000000
10.82536	.202502	.000000
10.84801	.199665	.000000
10.87075	.196886	.000000
10.89359	.194285	.000000
10.91652	.191836	.000000
10.93955	.189595	.000000
10.96268	.187486	.000000
10.98591	.185481	.000000
11.00922	.183533	.000000
11.03265	.181702	.000000
11.05617	.179874	.000000
11.0798	.178148	.000000
11.10352	.176508	.000000
11.12735	.175007	.000000
11.15128	.173644	.000000
11.17532	.172412	.000000
11.19945	.171177	.000000
11.2237	.169995	.000000
11.24804	.168711	.000000
11.2725	.167282	.000000
11.29705	.165540	.000000
11.32172	.163710	.000000
11.3465	.161733	.000000
11.37138	.159351	.000000
11.39637	.156384	.000000
11.42148	.152498	.000000
11.44669	.146912	.000000
11.47201	.139700	.000000
11.49745	.131434	.000000
11.523	.123326	.000000
11.54867	.116195	.000000
11.57445	.110366	.000000
11.60034	.105573	.000000
11.62635	.101569	.000000
11.65248	.098121	.000000
11.67872	.095206	.000000
11.70508	.092282	.000000
11.73156	.089239	.000000
11.75816	.085885	.000000
11.78488	.082308	.000000
11.81173	.079018	.000000
11.8387	.077343	.000000
11.86579	.077946	.000000
11.89301	.080199	.000000
11.92035	.082627	.000000
11.94782	.084564	.000000
11.97541	.085966	.000000
12.00313	.087156	.000000
12.03098	.088246	.000000
12.05896	.089582	.000000
12.08707	.091186	.000000
12.11531	.093009	.000000
12.14369	.094804	.000000
12.17219	.096714	.000000
12.20083	.098542	.000000
12.22961	.100170	.000000
12.25852	.101580	.000000
12.28756	.103019	.000000
12.31675	.104434	.000000
12.34607	.106039	.000000
12.37554	.107879	.000000
12.40515	.109885	.000000
12.43489	.111931	.000000
12.46479	.113973	.000000
12.49483	.115898	.000000
12.52501	.117745	.000000
12.55534	.119485	.000000
12.58581	.121041	.000000
12.61643	.122320	.000000
12.64721	.123638	.000000
12.67813	.124953	.000000
12.70921	.126055	.000000
12.74043	.126841	.000000
12.77181	.127595	.000000
12.80335	.128377	.000000
12.83504	.128996	.000000
12.86689	.129328	.000000
12.8989	.129550	.000000
12.93105	.129444	.000000
12.96338	.129103	.000000
12.99587	.128628	.000000
13.02853	.128119	.000000
13.06134	.127416	.000000
13.09433	.126561	.000000
13.12748	.125486	.000000
13.1608	.124303	.000000
13.19429	.123078	.000000
13.22795	.122180	.000000
13.26178	.121447	.000000
13.29579	.120860	.000000
13.32996	.120195	.000000
13.36432	.119409	.000000
13.39886	.118492	.000000
13.43357	.117620	.000000
13.46846	.116752	.000000
13.50354	.115912	.000000
13.5388	.114919	.000000
13.57424	.113778	.000000
13.60987	.112407	.000000
13.64567	.110902	.000000
13.68167	.109380	.000000
13.71787	.107746	.000000
13.75426	.105888	.000000
13.79084	.104061	.000000
13.82761	.102135	.000000
13.86459	.100274	.000000
13.90176	.098358	.000000
13.93913	.096479	.000000
13.97671	.094540	.000000
14.01448	.092561	.000000
14.05246	.090598	.000000
14.09065	.088633	.000000
14.12904	.086520	.000000
14.16765	.084463	.000000
14.20647	.082338	.000000
14.2455	.080289	.000000
14.28474	.078125	.000000
14.3242	.075970	.000000
14.36388	.073821	.000000
14.40378	.071601	.000000
14.44391	.069484	.000000
14.48426	.067627	.000000
14.52483	.065677	.000000
14.56563	.063818	.000000
14.60666	.062195	.000000
14.64792	.060745	.000000
14.68942	.059135	.000000
14.73114	.057692	.000000
14.77311	.056267	.000000
14.81532	.054903	.000000
14.85777	.053527	.000000
14.90046	.052280	.000000
14.94341	.051553	.000000
14.98659	.051196	.000000
15.03004	.050744	.000000
15.07373	.051083	.000000
15.11768	.051908	.000000
15.16189	.053233	.000000
15.20635	.055156	.000000
15.25107	.057780	.000000
15.29606	.061063	.000000
15.34133	.065159	.000000
15.38685	.069796	.000000
15.43264	.074930	.000000
15.47871	.080231	.000000
15.52506	.085532	.000000
15.57168	.090396	.000000
15.61858	.094570	.000000
15.66575	.097950	.000000
15.71322	.100622	.000000
15.76099	.102008	.000000
15.80904	.102355	.000000
15.85738	.102284	.000000
15.90603	.101646	.000000
15.95497	.100045	.000000
16.00422	.098136	.000000
16.05377	.096126	.000000
16.10363	.093593	.000000
16.1538	.090703	.000000
16.20428	.087603	.000000
16.25507	.084126	.000000
16.30619	.080969	.000000
16.35764	.077941	.000000
16.4094	.074924	.000000
16.4615	.071915	.000000
16.51393	.069212	.000000
16.56669	.066755	.000000
16.61979	.064493	.000000
16.67322	.062297	.000000
16.72699	.060058	.000000
16.78112	.058381	.000000
16.83561	.057327	.000000
16.89045	.056643	.000000
16.94565	.056815	.000000
17.00121	.057900	.000000
17.05713	.059794	.000000
17.11344	.062355	.000000
17.1701	.065468	.000000
17.22715	.069437	.000000
17.28457	.074337	.000000
17.34238	.079410	.000000
17.40058	.085173	.000000
17.45917	.091065	.000000
17.51816	.096519	.000000
17.57754	.102488	.000000
17.63733	.107754	.000000
17.69753	.112305	.000000
17.75814	.115493	.000000
17.81916	.117441	.000000
17.88061	.118842	.000000
17.94248	.120190	.000000
18.00478	.122645	.000000
18.06753	.125679	.000000
18.1307	.128562	.000000
18.19432	.131232	.000000
18.25838	.133358	.000000
18.3229	.133241	.000000
18.38788	.132337	.000000
18.45332	.132346	.000000
18.5192	.134573	.000000
18.58558	.138334	.000000
18.65243	.144203	.000000
18.71977	.151223	.000000
18.7876	.158498	.000000
18.85592	.163856	.000000
18.92473	.166021	.000000
18.99407	.165239	.000000
19.0639	.162708	.000000
19.13425	.158843	.000000
19.20512	.155354	.000000
19.27651	.151475	.000000
19.34844	.147181	.000000
19.42091	.142460	.000000
19.49394	.138872	.000000
19.5675	.135422	.000000
19.64162	.132432	.000000
19.7163	.130919	.000000
19.79156	.130685	.000000
19.86738	.128528	.000000
19.9438	.123702	.000000
20.02078	.116407	.000000
20.09838	.108097	.000000
20.17659	.099507	.000000
20.2554	.091310	.000000
20.33483	.083179	.000000
20.41489	.075868	.000000
20.49558	.069646	.000000
20.57694	.064384	.000000
20.65892	.060826	.000000
20.74155	.061151	.000000
20.82485	.063969	.000000
20.90882	.068409	.000000
20.99347	.073016	.000000
21.07881	.077099	.000000
21.16483	.079589	.000000
21.25157	.080602	.000000
21.33902	.080034	.000000
21.4272	.078021	.000000
21.51611	.075197	.000000
21.60576	.073510	.000000
21.69616	.073613	.000000
21.78735	.076617	.000000
21.87928	.083658	.000000
21.97199	.093487	.000000
22.06548	.104028	.000000
22.15978	.116334	.000000
22.25489	.129282	.000000
22.35081	.140090	.000000
22.44755	.146931	.000000
22.54514	.150823	.000000
22.6436	.152651	.000000
22.74291	.154032	.000000
22.8431	.157026	.000000
22.94417	.163176	.000000
23.04615	.171363	.000000
23.14906	.180213	.000000
23.25287	.187630	.000000
23.35761	.193791	.000000
23.4633	.198178	.000000
23.56995	.201212	.000000
23.67758	.202903	.000000
23.78619	.204655	.000000
23.89578	.206153	.000000
24.00641	.205762	.000000
24.11806	.202862	.000000
24.23077	.197141	.000000
24.34452	.187641	.000000
24.45936	.176564	.000000
24.57528	.166717	.000000
24.69227	.160128	.000000
24.81042	.156286	.000000
24.9297	.154633	.000000
25.05013	.153816	.000000
25.17173	.151911	.000000
25.29452	.146996	.000000
25.41852	.140243	.000000
25.54376	.131690	.000000
25.67022	.122415	.000000
25.79793	.113875	.000000
25.92692	.107821	.000000
26.05721	.104613	.000000
26.18881	.105749	.000000
26.32175	.109690	.000000
26.45601	.112611	.000000
26.59168	.112020	.000000
26.72875	.110076	.000000
26.86724	.108920	.000000
27.00717	.111066	.000000
27.14857	.115580	.000000
27.29146	.120107	.000000
27.4359	.122508	.000000
27.58183	.124491	.000000
27.72933	.125778	.000000
27.87841	.126996	.000000
28.02911	.127493	.000000
28.18144	.127124	.000000
28.33543	.125651	.000000
28.49109	.123145	.000000
28.6485	.120083	.000000
28.80765	.117659	.000000
28.96859	.115328	.000000
29.13133	.113585	.000000
29.29592	.111741	.000000
29.46237	.110117	.000000
29.63077	.107809	.000000
29.80107	.106473	.000000
29.97333	.104784	.000000
30.14759	.102228	.000000
30.32389	.099548	.000000
30.50227	.098013	.000000
30.68275	.095166	.000000
30.86534	.091570	.000000
31.05017	.087272	.000000
31.23721	.084005	.000000
31.42653	.080059	.000000
31.61815	.077844	.000000
31.81213	.076327	.000000
32.0085	.075759	.000000
32.20737	.076306	.000000
32.40866	.079544	.000000
32.61249	.085126	.000000
32.8189	.092596	.000000
33.02794	.101300	.000000
33.23965	.109756	.000000
33.45411	.115047	.000000
33.67128	.119246	.000000
33.89136	.122816	.000000
34.11432	.127439	.000000
34.34025	.131564	.000000
34.56918	.133684	.000000
34.80119	.131914	.000000
35.03633	.130100	.000000
35.27474	.128795	.000000
35.51635	.125783	.000000
35.76129	.122526	.000000
36.00963	.119707	.000000
36.26145	.117086	.000000
36.51681	.115906	.000000
36.77579	.115613	.000000
37.03841	.116506	.000000
37.30488	.117494	.000000
37.5752	.117854	.000000
37.84947	.117499	.000000
38.12777	.117392	.000000
38.4102	.117761	.000000
38.69684	.118731	.000000
38.98788	.119564	.000000
39.28324	.120833	.000000
39.58311	.120155	.000000
39.8876	.120795	.000000
40.1968	.123276	.000000
40.51084	.124911	.000000
40.82982	.126303	.000000
41.15379	.128110	.000000
41.48302	.127442	.000000
41.81756	.126614	.000000
42.15754	.128305	.000000
42.50309	.131980	.000000
42.85436	.133963	.000000
43.21148	.134650	.000000
43.5747	.136995	.000000
43.94397	.140769	.000000
44.31956	.142133	.000000
44.70163	.142938	.000000
45.09034	.145627	.000000
45.48587	.148221	.000000
45.8884	.147857	.000000
46.29801	.149482	.000000
46.71511	.150234	.000000
47.13979	.150100	.000000
47.57227	.154630	.000000
48.01275	.156532	.000000
48.46147	.157048	.000000
48.91865	.160848	.000000
49.38467	.158407	.000000
49.85952	.148538	.000000
50.3436	.144789	.000000
50.83716	.144739	.000000
51.3405	.146970	.000000
51.85391	.151969	.000000
52.37768	.157679	.000000
52.91202	.167220	.000000
53.4575	.173711	.000000
54.01435	.174929	.000000
54.58292	.176963	.000000
55.16359	.178559	.000000
55.75675	.178532	.000000
56.3628	.180338	.000000
56.98234	.182816	.000000
57.61547	.185009	.000000
58.26284	.189644	.000000
58.92492	.196854	.000000
59.60222	.191771	.000000
60.29527	.189497	.000000
61.00463	.189377	.000000
61.73069	.189787	.000000
62.47443	.197995	.000000
63.23631	.199284	.000000
64.017	.189629	.000000
64.81721	.185103	.000000
65.63769	.185354	.000000
66.4792	.192620	.000000
67.3428	.200322	.000000
68.22888	.198500	.000000
69.1386	.195566	.000000
70.07291	.190332	.000000
71.03282	.180088	.000000
72.01939	.171720	.000000
73.03375	.165828	.000000
74.07682	.176511	.000000
75.1504	.201148	.000000
76.25555	.222843	.000000
77.39369	.234894	.000000
78.56632	.244653	.000000
79.77503	.238218	.000000
81.02152	.229537	.000000
82.30759	.238986	.000000
83.63513	.231822	.000000
85.0062	.220449	.000000
86.42296	.248813	.000000
87.88776	.254134	.000000
89.40305	.236757	.000000
90.97155	.232233	.000000
92.59603	.237269	.000000
94.27959	.224381	.000000
96.02551	.230082	.000000
97.83731	.246555	.000000
99.7188	.258533	.000000
