Brown University Keck/NASA Relab Spectrum AV-A1V-025/BKR1AV025
Wavelength(micron)	Reflectance	Standard Deviation
0.32	.015093	.002978
0.325	.015064	.002611
0.33	.015216	.002402
0.335	.015387	.002403
0.34	.015622	.002570
0.345	.015778	.002666
0.35	.015480	.002059
0.355	.015140	.002459
0.36	.015077	.001460
0.365	.015192	.002267
0.37	.015326	.001853
0.375	.015536	.001674
0.38	.015827	.001589
0.385	.016162	.001739
0.39	.016422	.002615
0.395	.016704	.002161
0.4	.016939	.001113
0.405	.017232	.000901
0.41	.017649	.000764
0.415	.018119	.001283
0.42	.018523	.001088
0.425	.018701	.001669
0.43	.018986	.001476
0.435	.019385	.001320
0.44	.019582	.001194
0.445	.020185	.001081
0.45	.020601	.000970
0.455	.020977	.000896
0.46	.021268	.000822
0.465	.021655	.001515
0.47	.021866	.001405
0.475	.022288	.001325
0.48	.022734	.001234
0.485	.023480	.001158
0.49	.024312	.001097
0.495	.025876	.001052
0.5	.027272	.000992
0.505	.028742	.000951
0.51	.030034	.000911
0.515	.031556	.000883
0.52	.033289	.000851
0.525	.035562	.001108
0.53	.037514	.001141
0.535	.039757	.001061
0.54	.043188	.001022
0.545	.046273	.001024
0.55	.049511	.000992
0.555	.052776	.000989
0.56	.056114	.000975
0.565	.059965	.000984
0.57	.063922	.000988
0.575	.068494	.001000
0.58	.073247	.000992
0.585	.078476	.001048
0.59	.083982	.001034
0.595	.089780	.001071
0.6	.095687	.001080
0.605	.101830	.001123
0.61	.107287	.001132
0.615	.112531	.001211
0.62	.117098	.001232
0.625	.121430	.001242
0.63	.125539	.001256
0.635	.129470	.001274
0.64	.133526	.001295
0.645	.137444	.001342
0.65	.142070	.001393
0.655	.148129	.001455
0.66	.155315	.001471
0.665	.163511	.001533
0.67	.172356	.001536
0.675	.181748	.001553
0.68	.191706	.001590
0.685	.201082	.001679
0.69	.210273	.001727
0.695	.219396	.001852
0.7	.227963	.001918
0.705	.236979	.001925
0.71	.245654	.001979
0.715	.254003	.002021
0.72	.261883	.002103
0.725	.269845	.002202
0.73	.277477	.002252
0.735	.286208	.002449
0.74	.292890	.002507
0.745	.299934	.002505
0.75	.306628	.002628
0.755	.312737	.002722
0.76	.318646	.002777
0.765	.322484	.002572
0.77	.328942	.002511
0.775	.333541	.002534
0.78	.337603	.002626
0.785	.342054	.002587
0.79	.345265	.002779
0.795	.348521	.002926
0.8	.350656	.003001
0.805	.353464	.003072
0.81	.355313	.002973
0.815	.357035	.003147
0.82	.358208	.003006
0.825	.359413	.003012
0.83	.360114	.003108
0.835	.360780	.003118
0.84	.361139	.003168
0.845	.361498	.003190
0.85	.361428	.003169
0.855	.361655	.003166
0.86	.362706	.003801
0.865	.361993	.003699
0.87	.361150	.003300
0.875	.360173	.003352
0.88	.359450	.003108
0.885	.356770	.003687
0.89	.356153	.002891
0.895	.355078	.002911
0.9	.354981	.002844
0.905	.354437	.002761
0.91	.355020	.002671
0.915	.354191	.002890
0.92	.355020	.002580
0.925	.354837	.002740
0.93	.355445	.002578
0.935	.355630	.002533
0.94	.356512	.002499
0.945	.356708	.002758
0.95	.358030	.002448
0.955	.358667	.002850
0.96	.359998	.002326
0.965	.360858	.002538
0.97	.362800	.002459
0.975	.363774	.002935
0.98	.366282	.002565
0.985	.367719	.002683
0.99	.370284	.002537
0.995	.372346	.002802
1	.375793	.002907
1.005	.377919	.002964
1.01	.381188	.002728
1.015	.383356	.003005
1.02	.386227	.002735
1.025	.389093	.003116
1.03	.392473	.002809
1.035	.395236	.002875
1.04	.398953	.002808
1.045	.401956	.003053
1.05	.406079	.002771
1.055	.409170	.003099
1.06	.412841	.003028
1.065	.416529	.002882
1.07	.420694	.002869
1.075	.424102	.003004
1.08	.428540	.002969
1.085	.432110	.003194
1.09	.436378	.003376
1.095	.440698	.003471
1.1	.445349	.003088
1.105	.448980	.003579
1.11	.453781	.003369
1.115	.457536	.003297
1.12	.462394	.003321
1.125	.465678	.003447
1.13	.470247	.003254
1.135	.474664	.003319
1.14	.478562	.003284
1.145	.481893	.003196
1.15	.487096	.003288
1.155	.490670	.003796
1.16	.494952	.003338
1.165	.498832	.003405
1.17	.503002	.003322
1.175	.506832	.003318
1.18	.511326	.003164
1.185	.514621	.003372
1.19	.518902	.003397
1.195	.522647	.003139
1.2	.526761	.003177
1.205	.530755	.003158
1.21	.535119	.003020
1.215	.538702	.003096
1.22	.542711	.003202
1.225	.546320	.003058
1.23	.549864	.003270
1.235	.553736	.003363
1.24	.557668	.003451
1.245	.561215	.003338
1.25	.565130	.003113
1.255	.568968	.003250
1.26	.572082	.003283
1.265	.576098	.003124
1.27	.579980	.003289
1.275	.583248	.003508
1.28	.587436	.003435
1.285	.590331	.003456
1.29	.593870	.003516
1.295	.597039	.003408
1.3	.600398	.003397
1.305	.603513	.003567
1.31	.607117	.003321
1.315	.609839	.003662
1.32	.613320	.003637
1.325	.615575	.003699
1.33	.618403	.003377
1.335	.621400	.003510
1.34	.623540	.003768
1.345	.625766	.003750
1.35	.628245	.004049
1.35008	.628257	.000000
1.35025	.628479	.000000
1.35043	.628595	.000000
1.3506	.628559	.000000
1.35078	.628639	.000000
1.35096	.628781	.000000
1.35113	.628830	.000000
1.35131	.628945	.000000
1.35149	.628912	.000000
1.35166	.628870	.000000
1.35184	.629173	.000000
1.35201	.629393	.000000
1.35219	.629491	.000000
1.35237	.629518	.000000
1.35254	.629452	.000000
1.35272	.629431	.000000
1.3529	.629513	.000000
1.35307	.629626	.000000
1.35325	.629723	.000000
1.35343	.629786	.000000
1.3536	.629850	.000000
1.35378	.630007	.000000
1.35396	.630175	.000000
1.35413	.630386	.000000
1.35431	.630471	.000000
1.35449	.630466	.000000
1.35466	.630422	.000000
1.35484	.630492	.000000
1.35502	.630730	.000000
1.35519	.630886	.000000
1.35537	.630977	.000000
1.35555	.631048	.000000
1.35573	.631081	.000000
1.3559	.631109	.000000
1.35608	.631114	.000000
1.35626	.631177	.000000
1.35644	.631329	.000000
1.35661	.631470	.000000
1.35679	.631573	.000000
1.35697	.631575	.000000
1.35715	.631710	.000000
1.35732	.631766	.000000
1.3575	.631823	.000000
1.35768	.631955	.000000
1.35786	.632127	.000000
1.35803	.632252	.000000
1.35821	.632282	.000000
1.35839	.632298	.000000
1.35857	.632357	.000000
1.35875	.632466	.000000
1.35892	.632478	.000000
1.3591	.632494	.000000
1.35928	.632680	.000000
1.35946	.632849	.000000
1.35964	.632885	.000000
1.35981	.632998	.000000
1.35999	.633061	.000000
1.36017	.633055	.000000
1.36035	.633123	.000000
1.36053	.633236	.000000
1.36071	.633398	.000000
1.36089	.633412	.000000
1.36106	.633351	.000000
1.36124	.633525	.000000
1.36142	.633655	.000000
1.3616	.633702	.000000
1.36178	.633813	.000000
1.36196	.633950	.000000
1.36214	.634011	.000000
1.36232	.634013	.000000
1.36249	.634015	.000000
1.36267	.634074	.000000
1.36285	.634197	.000000
1.36303	.634312	.000000
1.36321	.634341	.000000
1.36339	.634336	.000000
1.36357	.634489	.000000
1.36375	.634687	.000000
1.36393	.634802	.000000
1.36411	.634842	.000000
1.36429	.634863	.000000
1.36447	.635058	.000000
1.36465	.635108	.000000
1.36483	.635223	.000000
1.36501	.635278	.000000
1.36519	.635181	.000000
1.36536	.635221	.000000
1.36554	.635407	.000000
1.36572	.635579	.000000
1.3659	.635619	.000000
1.36608	.635708	.000000
1.36626	.635735	.000000
1.36644	.635789	.000000
1.36662	.635987	.000000
1.3668	.636040	.000000
1.36699	.635993	.000000
1.36717	.636059	.000000
1.36735	.636137	.000000
1.36753	.636175	.000000
1.36771	.636217	.000000
1.36789	.636436	.000000
1.36807	.636514	.000000
1.36825	.636465	.000000
1.36843	.636462	.000000
1.36861	.636486	.000000
1.36879	.636570	.000000
1.36897	.636591	.000000
1.36915	.636521	.000000
1.36933	.636690	.000000
1.36951	.636902	.000000
1.36969	.636936	.000000
1.36987	.637009	.000000
1.37006	.637074	.000000
1.37024	.637082	.000000
1.37042	.637035	.000000
1.3706	.637048	.000000
1.37078	.637176	.000000
1.37096	.637378	.000000
1.37114	.637533	.000000
1.37132	.637456	.000000
1.37151	.637468	.000000
1.37169	.637503	.000000
1.37187	.637458	.000000
1.37205	.637501	.000000
1.37223	.637628	.000000
1.37241	.637630	.000000
1.37259	.637772	.000000
1.37278	.637752	.000000
1.37296	.637769	.000000
1.37314	.637929	.000000
1.37332	.637967	.000000
1.3735	.637983	.000000
1.37369	.638028	.000000
1.37387	.637995	.000000
1.37405	.637946	.000000
1.37423	.637967	.000000
1.37441	.638155	.000000
1.3746	.638231	.000000
1.37478	.638191	.000000
1.37496	.638247	.000000
1.37514	.638403	.000000
1.37533	.638513	.000000
1.37551	.638488	.000000
1.37569	.638464	.000000
1.37587	.638528	.000000
1.37606	.638541	.000000
1.37624	.638601	.000000
1.37642	.638681	.000000
1.3766	.638610	.000000
1.37679	.638671	.000000
1.37697	.638763	.000000
1.37715	.638777	.000000
1.37733	.638852	.000000
1.37752	.638838	.000000
1.3777	.638730	.000000
1.37788	.638857	.000000
1.37807	.638991	.000000
1.37825	.638984	.000000
1.37843	.638873	.000000
1.37862	.638880	.000000
1.3788	.638951	.000000
1.37898	.639059	.000000
1.37917	.639128	.000000
1.37935	.639003	.000000
1.37953	.638991	.000000
1.37972	.639074	.000000
1.3799	.639104	.000000
1.38008	.638925	.000000
1.38027	.638798	.000000
1.38045	.638827	.000000
1.38064	.638734	.000000
1.38082	.638572	.000000
1.381	.638537	.000000
1.38119	.638520	.000000
1.38137	.638464	.000000
1.38155	.638466	.000000
1.38174	.638419	.000000
1.38192	.638337	.000000
1.38211	.638433	.000000
1.38229	.638365	.000000
1.38248	.638200	.000000
1.38266	.638143	.000000
1.38284	.638165	.000000
1.38303	.638230	.000000
1.38321	.638276	.000000
1.3834	.638268	.000000
1.38358	.638346	.000000
1.38377	.638358	.000000
1.38395	.638236	.000000
1.38414	.638282	.000000
1.38432	.638495	.000000
1.38451	.638541	.000000
1.38469	.638422	.000000
1.38488	.638398	.000000
1.38506	.638504	.000000
1.38525	.638558	.000000
1.38543	.638563	.000000
1.38562	.638607	.000000
1.3858	.638647	.000000
1.38599	.638645	.000000
1.38617	.638786	.000000
1.38636	.638883	.000000
1.38654	.638737	.000000
1.38673	.638647	.000000
1.38691	.638714	.000000
1.3871	.638747	.000000
1.38728	.638789	.000000
1.38747	.638820	.000000
1.38766	.638734	.000000
1.38784	.638721	.000000
1.38803	.638760	.000000
1.38821	.638774	.000000
1.3884	.638735	.000000
1.38859	.638720	.000000
1.38877	.638742	.000000
1.38896	.638747	.000000
1.38914	.638810	.000000
1.38933	.638720	.000000
1.38952	.638727	.000000
1.3897	.638732	.000000
1.38989	.638584	.000000
1.39007	.638626	.000000
1.39026	.638687	.000000
1.39045	.638730	.000000
1.39063	.638756	.000000
1.39082	.638779	.000000
1.39101	.638789	.000000
1.39119	.638777	.000000
1.39138	.638853	.000000
1.39157	.638959	.000000
1.39175	.639112	.000000
1.39194	.639170	.000000
1.39213	.639192	.000000
1.39231	.639199	.000000
1.3925	.639264	.000000
1.39269	.639431	.000000
1.39288	.639504	.000000
1.39306	.639571	.000000
1.39325	.639665	.000000
1.39344	.639792	.000000
1.39362	.639882	.000000
1.39381	.640067	.000000
1.394	.640223	.000000
1.39419	.640367	.000000
1.39437	.640612	.000000
1.39456	.640729	.000000
1.39475	.640659	.000000
1.39494	.640717	.000000
1.39512	.640950	.000000
1.39531	.641054	.000000
1.3955	.641127	.000000
1.39569	.641290	.000000
1.39588	.641467	.000000
1.39606	.641617	.000000
1.39625	.641742	.000000
1.39644	.641815	.000000
1.39663	.641798	.000000
1.39682	.641968	.000000
1.397	.642180	.000000
1.39719	.642222	.000000
1.39738	.642265	.000000
1.39757	.642354	.000000
1.39776	.642441	.000000
1.39794	.642656	.000000
1.39813	.642874	.000000
1.39832	.642941	.000000
1.39851	.642908	.000000
1.3987	.642926	.000000
1.39889	.642940	.000000
1.39908	.643044	.000000
1.39927	.643247	.000000
1.39945	.643475	.000000
1.39964	.643515	.000000
1.39983	.643588	.000000
1.40002	.643584	.000000
1.40021	.643524	.000000
1.4004	.643623	.000000
1.40059	.643828	.000000
1.40078	.644040	.000000
1.40097	.644165	.000000
1.40116	.644109	.000000
1.40135	.644059	.000000
1.40154	.644165	.000000
1.40172	.644314	.000000
1.40191	.644311	.000000
1.4021	.644337	.000000
1.40229	.644495	.000000
1.40248	.644638	.000000
1.40267	.644641	.000000
1.40286	.644723	.000000
1.40305	.644909	.000000
1.40324	.644914	.000000
1.40343	.644792	.000000
1.40362	.644827	.000000
1.40381	.645069	.000000
1.404	.645255	.000000
1.40419	.645255	.000000
1.40438	.645251	.000000
1.40457	.645314	.000000
1.40476	.645336	.000000
1.40495	.645387	.000000
1.40514	.645496	.000000
1.40533	.645587	.000000
1.40552	.645627	.000000
1.40571	.645656	.000000
1.40591	.645741	.000000
1.4061	.645734	.000000
1.40629	.645811	.000000
1.40648	.645974	.000000
1.40667	.646033	.000000
1.40686	.646009	.000000
1.40705	.645992	.000000
1.40724	.645938	.000000
1.40743	.645981	.000000
1.40762	.646101	.000000
1.40781	.646294	.000000
1.40801	.646355	.000000
1.4082	.646351	.000000
1.40839	.646450	.000000
1.40858	.646456	.000000
1.40877	.646536	.000000
1.40896	.646593	.000000
1.40915	.646553	.000000
1.40934	.646551	.000000
1.40954	.646657	.000000
1.40973	.646765	.000000
1.40992	.646854	.000000
1.41011	.646871	.000000
1.4103	.647000	.000000
1.41049	.647193	.000000
1.41069	.647278	.000000
1.41088	.647335	.000000
1.41107	.647422	.000000
1.41126	.647587	.000000
1.41145	.647738	.000000
1.41165	.647897	.000000
1.41184	.648044	.000000
1.41203	.648230	.000000
1.41222	.648454	.000000
1.41242	.648576	.000000
1.41261	.648736	.000000
1.4128	.648891	.000000
1.41299	.648960	.000000
1.41319	.649075	.000000
1.41338	.649318	.000000
1.41357	.649471	.000000
1.41376	.649563	.000000
1.41396	.649701	.000000
1.41415	.649753	.000000
1.41434	.649788	.000000
1.41454	.649788	.000000
1.41473	.649845	.000000
1.41492	.649949	.000000
1.41511	.650165	.000000
1.41531	.650321	.000000
1.4155	.650345	.000000
1.41569	.650385	.000000
1.41589	.650436	.000000
1.41608	.650544	.000000
1.41627	.650723	.000000
1.41647	.650843	.000000
1.41666	.650874	.000000
1.41685	.650917	.000000
1.41705	.651023	.000000
1.41724	.651239	.000000
1.41744	.651221	.000000
1.41763	.651208	.000000
1.41782	.651432	.000000
1.41802	.651581	.000000
1.41821	.651628	.000000
1.41841	.651698	.000000
1.4186	.651663	.000000
1.41879	.651647	.000000
1.41899	.651896	.000000
1.41918	.652007	.000000
1.41938	.652026	.000000
1.41957	.652082	.000000
1.41976	.652252	.000000
1.41996	.652407	.000000
1.42015	.652431	.000000
1.42035	.652476	.000000
1.42054	.652565	.000000
1.42074	.652734	.000000
1.42093	.652880	.000000
1.42113	.652980	.000000
1.42132	.653034	.000000
1.42152	.653059	.000000
1.42171	.653140	.000000
1.42191	.653302	.000000
1.4221	.653497	.000000
1.4223	.653500	.000000
1.42249	.653505	.000000
1.42269	.653634	.000000
1.42288	.653844	.000000
1.42308	.653955	.000000
1.42327	.654067	.000000
1.42347	.654162	.000000
1.42366	.654239	.000000
1.42386	.654296	.000000
1.42405	.654284	.000000
1.42425	.654303	.000000
1.42445	.654439	.000000
1.42464	.654508	.000000
1.42484	.654611	.000000
1.42503	.654750	.000000
1.42523	.654812	.000000
1.42542	.654863	.000000
1.42562	.654998	.000000
1.42582	.655104	.000000
1.42601	.655056	.000000
1.42621	.655129	.000000
1.4264	.655233	.000000
1.4266	.655388	.000000
1.4268	.655534	.000000
1.42699	.655534	.000000
1.42719	.655655	.000000
1.42739	.655725	.000000
1.42758	.655770	.000000
1.42778	.655912	.000000
1.42798	.655952	.000000
1.42817	.656038	.000000
1.42837	.656211	.000000
1.42857	.656307	.000000
1.42876	.656279	.000000
1.42896	.656307	.000000
1.42916	.656366	.000000
1.42935	.656491	.000000
1.42955	.656562	.000000
1.42975	.656528	.000000
1.42995	.656559	.000000
1.43014	.656728	.000000
1.43034	.656849	.000000
1.43054	.656914	.000000
1.43073	.656915	.000000
1.43093	.656927	.000000
1.43113	.656992	.000000
1.43133	.657127	.000000
1.43152	.657280	.000000
1.43172	.657501	.000000
1.43192	.657577	.000000
1.43212	.657501	.000000
1.43232	.657492	.000000
1.43251	.657583	.000000
1.43271	.657671	.000000
1.43291	.657727	.000000
1.43311	.657784	.000000
1.43331	.657845	.000000
1.4335	.657981	.000000
1.4337	.657955	.000000
1.4339	.657958	.000000
1.4341	.658106	.000000
1.4343	.658118	.000000
1.4345	.658196	.000000
1.43469	.658283	.000000
1.43489	.658344	.000000
1.43509	.658377	.000000
1.43529	.658415	.000000
1.43549	.658450	.000000
1.43569	.658603	.000000
1.43589	.658648	.000000
1.43608	.658693	.000000
1.43628	.658931	.000000
1.43648	.659003	.000000
1.43668	.658980	.000000
1.43688	.658945	.000000
1.43708	.659015	.000000
1.43728	.659053	.000000
1.43748	.659046	.000000
1.43768	.659218	.000000
1.43788	.659371	.000000
1.43808	.659418	.000000
1.43828	.659470	.000000
1.43847	.659395	.000000
1.43867	.659468	.000000
1.43887	.659587	.000000
1.43907	.659588	.000000
1.43927	.659670	.000000
1.43947	.659743	.000000
1.43967	.659790	.000000
1.43987	.659877	.000000
1.44007	.659886	.000000
1.44027	.659927	.000000
1.44047	.660105	.000000
1.44067	.660212	.000000
1.44087	.660216	.000000
1.44107	.660165	.000000
1.44127	.660129	.000000
1.44147	.660259	.000000
1.44167	.660285	.000000
1.44188	.660332	.000000
1.44208	.660527	.000000
1.44228	.660621	.000000
1.44248	.660546	.000000
1.44268	.660588	.000000
1.44288	.660762	.000000
1.44308	.660770	.000000
1.44328	.660723	.000000
1.44348	.660807	.000000
1.44368	.660911	.000000
1.44388	.660977	.000000
1.44408	.661109	.000000
1.44429	.661142	.000000
1.44449	.661207	.000000
1.44469	.661299	.000000
1.44489	.661280	.000000
1.44509	.661257	.000000
1.44529	.661342	.000000
1.44549	.661429	.000000
1.44569	.661502	.000000
1.4459	.661528	.000000
1.4461	.661549	.000000
1.4463	.661643	.000000
1.4465	.661707	.000000
1.4467	.661747	.000000
1.4469	.661801	.000000
1.44711	.661893	.000000
1.44731	.661985	.000000
1.44751	.662023	.000000
1.44771	.662034	.000000
1.44792	.662112	.000000
1.44812	.662152	.000000
1.44832	.662156	.000000
1.44852	.662131	.000000
1.44872	.662234	.000000
1.44893	.662322	.000000
1.44913	.662341	.000000
1.44933	.662441	.000000
1.44953	.662427	.000000
1.44974	.662453	.000000
1.44994	.662552	.000000
1.45014	.662672	.000000
1.45035	.662797	.000000
1.45055	.662757	.000000
1.45075	.662790	.000000
1.45095	.662905	.000000
1.45116	.662958	.000000
1.45136	.662969	.000000
1.45156	.662955	.000000
1.45177	.663091	.000000
1.45197	.663164	.000000
1.45217	.663217	.000000
1.45238	.663247	.000000
1.45258	.663216	.000000
1.45278	.663167	.000000
1.45299	.663268	.000000
1.45319	.663457	.000000
1.45339	.663506	.000000
1.4536	.663480	.000000
1.4538	.663464	.000000
1.45401	.663532	.000000
1.45421	.663678	.000000
1.45441	.663742	.000000
1.45462	.663782	.000000
1.45482	.663892	.000000
1.45503	.663913	.000000
1.45523	.663937	.000000
1.45543	.663961	.000000
1.45564	.663944	.000000
1.45584	.664007	.000000
1.45605	.664041	.000000
1.45625	.664092	.000000
1.45646	.664264	.000000
1.45666	.664337	.000000
1.45687	.664278	.000000
1.45707	.664283	.000000
1.45728	.664392	.000000
1.45748	.664382	.000000
1.45768	.664352	.000000
1.45789	.664439	.000000
1.45809	.664545	.000000
1.4583	.664617	.000000
1.45851	.664655	.000000
1.45871	.664670	.000000
1.45892	.664710	.000000
1.45912	.664818	.000000
1.45933	.664799	.000000
1.45953	.664792	.000000
1.45974	.664815	.000000
1.45994	.664869	.000000
1.46015	.664954	.000000
1.46035	.665082	.000000
1.46056	.665114	.000000
1.46076	.665079	.000000
1.46097	.665178	.000000
1.46118	.665161	.000000
1.46138	.665221	.000000
1.46159	.665423	.000000
1.46179	.665470	.000000
1.462	.665400	.000000
1.46221	.665418	.000000
1.46241	.665472	.000000
1.46262	.665604	.000000
1.46283	.665663	.000000
1.46303	.665680	.000000
1.46324	.665706	.000000
1.46345	.665731	.000000
1.46365	.665696	.000000
1.46386	.665804	.000000
1.46406	.665932	.000000
1.46427	.665929	.000000
1.46448	.666021	.000000
1.46469	.666064	.000000
1.46489	.666078	.000000
1.4651	.666203	.000000
1.46531	.666276	.000000
1.46551	.666226	.000000
1.46572	.666179	.000000
1.46593	.666252	.000000
1.46613	.666297	.000000
1.46634	.666374	.000000
1.46655	.666431	.000000
1.46676	.666551	.000000
1.46696	.666718	.000000
1.46717	.666740	.000000
1.46738	.666692	.000000
1.46759	.666652	.000000
1.4678	.666695	.000000
1.468	.666784	.000000
1.46821	.666820	.000000
1.46842	.666841	.000000
1.46863	.666897	.000000
1.46883	.667071	.000000
1.46904	.667152	.000000
1.46925	.667079	.000000
1.46946	.667107	.000000
1.46967	.667105	.000000
1.46988	.667165	.000000
1.47008	.667250	.000000
1.47029	.667319	.000000
1.4705	.667288	.000000
1.47071	.667319	.000000
1.47092	.667304	.000000
1.47113	.667384	.000000
1.47134	.667603	.000000
1.47154	.667731	.000000
1.47175	.667757	.000000
1.47196	.667764	.000000
1.47217	.667808	.000000
1.47238	.667856	.000000
1.47259	.667842	.000000
1.4728	.667841	.000000
1.47301	.667879	.000000
1.47322	.667968	.000000
1.47343	.668020	.000000
1.47364	.668063	.000000
1.47385	.668058	.000000
1.47405	.668082	.000000
1.47426	.668204	.000000
1.47447	.668270	.000000
1.47468	.668315	.000000
1.47489	.668371	.000000
1.4751	.668412	.000000
1.47531	.668452	.000000
1.47552	.668425	.000000
1.47573	.668477	.000000
1.47594	.668665	.000000
1.47615	.668762	.000000
1.47636	.668746	.000000
1.47657	.668760	.000000
1.47678	.668750	.000000
1.47699	.668814	.000000
1.4772	.668821	.000000
1.47741	.668788	.000000
1.47763	.668873	.000000
1.47784	.669007	.000000
1.47805	.668965	.000000
1.47826	.668903	.000000
1.47847	.668950	.000000
1.47868	.669076	.000000
1.47889	.669278	.000000
1.4791	.669436	.000000
1.47931	.669400	.000000
1.47952	.669335	.000000
1.47973	.669355	.000000
1.47995	.669379	.000000
1.48016	.669407	.000000
1.48037	.669441	.000000
1.48058	.669589	.000000
1.48079	.669681	.000000
1.481	.669610	.000000
1.48121	.669558	.000000
1.48143	.669713	.000000
1.48164	.669768	.000000
1.48185	.669739	.000000
1.48206	.669758	.000000
1.48227	.669827	.000000
1.48248	.669904	.000000
1.4827	.669914	.000000
1.48291	.669911	.000000
1.48312	.669954	.000000
1.48333	.669984	.000000
1.48354	.670065	.000000
1.48376	.670084	.000000
1.48397	.670100	.000000
1.48418	.670185	.000000
1.48439	.670264	.000000
1.48461	.670373	.000000
1.48482	.670437	.000000
1.48503	.670444	.000000
1.48524	.670463	.000000
1.48546	.670569	.000000
1.48567	.670616	.000000
1.48588	.670582	.000000
1.4861	.670557	.000000
1.48631	.670562	.000000
1.48652	.670729	.000000
1.48674	.670814	.000000
1.48695	.670801	.000000
1.48716	.670820	.000000
1.48737	.670759	.000000
1.48759	.670771	.000000
1.4878	.670894	.000000
1.48802	.670995	.000000
1.48823	.670976	.000000
1.48844	.670960	.000000
1.48866	.671037	.000000
1.48887	.671079	.000000
1.48908	.671113	.000000
1.4893	.671219	.000000
1.48951	.671287	.000000
1.48973	.671355	.000000
1.48994	.671423	.000000
1.49015	.671513	.000000
1.49037	.671534	.000000
1.49058	.671491	.000000
1.4908	.671491	.000000
1.49101	.671484	.000000
1.49122	.671529	.000000
1.49144	.671574	.000000
1.49165	.671652	.000000
1.49187	.671729	.000000
1.49208	.671706	.000000
1.4923	.671687	.000000
1.49251	.671790	.000000
1.49273	.671861	.000000
1.49294	.671850	.000000
1.49316	.671956	.000000
1.49337	.671972	.000000
1.49359	.671970	.000000
1.4938	.672015	.000000
1.49402	.672123	.000000
1.49423	.672196	.000000
1.49445	.672099	.000000
1.49466	.672156	.000000
1.49488	.672269	.000000
1.49509	.672287	.000000
1.49531	.672328	.000000
1.49553	.672334	.000000
1.49574	.672433	.000000
1.49596	.672481	.000000
1.49617	.672474	.000000
1.49639	.672450	.000000
1.49661	.672497	.000000
1.49682	.672573	.000000
1.49704	.672626	.000000
1.49725	.672645	.000000
1.49747	.672655	.000000
1.49769	.672697	.000000
1.4979	.672810	.000000
1.49812	.672902	.000000
1.49834	.672916	.000000
1.49855	.672883	.000000
1.49877	.672905	.000000
1.49899	.672881	.000000
1.4992	.672930	.000000
1.49942	.673006	.000000
1.49964	.673074	.000000
1.49985	.673203	.000000
1.50007	.673312	.000000
1.50029	.673336	.000000
1.5005	.673293	.000000
1.50072	.673326	.000000
1.50094	.673456	.000000
1.50116	.673472	.000000
1.50137	.673439	.000000
1.50159	.673502	.000000
1.50181	.673505	.000000
1.50203	.673517	.000000
1.50224	.673561	.000000
1.50246	.673547	.000000
1.50268	.673571	.000000
1.5029	.673557	.000000
1.50311	.673554	.000000
1.50333	.673686	.000000
1.50355	.673868	.000000
1.50377	.673891	.000000
1.50399	.673851	.000000
1.5042	.673856	.000000
1.50442	.673929	.000000
1.50464	.673945	.000000
1.50486	.673983	.000000
1.50508	.674127	.000000
1.5053	.674120	.000000
1.50551	.674146	.000000
1.50573	.674171	.000000
1.50595	.674131	.000000
1.50617	.674103	.000000
1.50639	.674165	.000000
1.50661	.674296	.000000
1.50683	.674325	.000000
1.50705	.674384	.000000
1.50726	.674430	.000000
1.50748	.674463	.000000
1.5077	.674607	.000000
1.50792	.674600	.000000
1.50814	.674584	.000000
1.50836	.674669	.000000
1.50858	.674713	.000000
1.5088	.674741	.000000
1.50902	.674696	.000000
1.50924	.674669	.000000
1.50946	.674737	.000000
1.50968	.674850	.000000
1.5099	.674895	.000000
1.51012	.674953	.000000
1.51034	.674963	.000000
1.51056	.674920	.000000
1.51078	.675012	.000000
1.511	.675137	.000000
1.51122	.675134	.000000
1.51144	.675158	.000000
1.51166	.675184	.000000
1.51188	.675224	.000000
1.5121	.675295	.000000
1.51232	.675370	.000000
1.51254	.675422	.000000
1.51276	.675368	.000000
1.51298	.675241	.000000
1.5132	.675260	.000000
1.51342	.675361	.000000
1.51365	.675438	.000000
1.51387	.675443	.000000
1.51409	.675497	.000000
1.51431	.675566	.000000
1.51453	.675605	.000000
1.51475	.675625	.000000
1.51497	.675672	.000000
1.51519	.675751	.000000
1.51541	.675851	.000000
1.51564	.675923	.000000
1.51586	.675883	.000000
1.51608	.675870	.000000
1.5163	.675963	.000000
1.51652	.675968	.000000
1.51674	.675926	.000000
1.51697	.676032	.000000
1.51719	.676166	.000000
1.51741	.676187	.000000
1.51763	.676072	.000000
1.51785	.676081	.000000
1.51808	.676157	.000000
1.5183	.676284	.000000
1.51852	.676357	.000000
1.51874	.676305	.000000
1.51897	.676268	.000000
1.51919	.676319	.000000
1.51941	.676385	.000000
1.51963	.676470	.000000
1.51986	.676515	.000000
1.52008	.676441	.000000
1.5203	.676451	.000000
1.52053	.676482	.000000
1.52075	.676529	.000000
1.52097	.676593	.000000
1.52119	.676660	.000000
1.52142	.676710	.000000
1.52164	.676799	.000000
1.52186	.676825	.000000
1.52209	.676847	.000000
1.52231	.676879	.000000
1.52254	.676965	.000000
1.52276	.676985	.000000
1.52298	.677018	.000000
1.52321	.676981	.000000
1.52343	.677110	.000000
1.52365	.677223	.000000
1.52388	.677099	.000000
1.5241	.677115	.000000
1.52433	.677221	.000000
1.52455	.677230	.000000
1.52477	.677228	.000000
1.525	.677177	.000000
1.52522	.677245	.000000
1.52545	.677348	.000000
1.52567	.677317	.000000
1.5259	.677341	.000000
1.52612	.677445	.000000
1.52634	.677523	.000000
1.52657	.677553	.000000
1.52679	.677542	.000000
1.52702	.677565	.000000
1.52724	.677577	.000000
1.52747	.677629	.000000
1.52769	.677683	.000000
1.52792	.677668	.000000
1.52814	.677619	.000000
1.52837	.677661	.000000
1.52859	.677782	.000000
1.52882	.677927	.000000
1.52905	.677907	.000000
1.52927	.677881	.000000
1.5295	.677944	.000000
1.52972	.677982	.000000
1.52995	.677937	.000000
1.53017	.677949	.000000
1.5304	.678052	.000000
1.53063	.678130	.000000
1.53085	.678147	.000000
1.53108	.678149	.000000
1.5313	.678245	.000000
1.53153	.678219	.000000
1.53176	.678158	.000000
1.53198	.678206	.000000
1.53221	.678290	.000000
1.53244	.678354	.000000
1.53266	.678457	.000000
1.53289	.678464	.000000
1.53311	.678378	.000000
1.53334	.678391	.000000
1.53357	.678516	.000000
1.5338	.678597	.000000
1.53402	.678573	.000000
1.53425	.678509	.000000
1.53448	.678564	.000000
1.5347	.678695	.000000
1.53493	.678683	.000000
1.53516	.678644	.000000
1.53538	.678674	.000000
1.53561	.678737	.000000
1.53584	.678775	.000000
1.53607	.678796	.000000
1.53629	.678815	.000000
1.53652	.678942	.000000
1.53675	.678990	.000000
1.53698	.678928	.000000
1.53721	.678989	.000000
1.53743	.679096	.000000
1.53766	.679049	.000000
1.53789	.679018	.000000
1.53812	.679072	.000000
1.53835	.679176	.000000
1.53857	.679129	.000000
1.5388	.679032	.000000
1.53903	.679154	.000000
1.53926	.679213	.000000
1.53949	.679218	.000000
1.53972	.679298	.000000
1.53994	.679289	.000000
1.54017	.679289	.000000
1.5404	.679362	.000000
1.54063	.679444	.000000
1.54086	.679501	.000000
1.54109	.679522	.000000
1.54132	.679583	.000000
1.54155	.679574	.000000
1.54178	.679520	.000000
1.54201	.679520	.000000
1.54224	.679571	.000000
1.54246	.679659	.000000
1.54269	.679675	.000000
1.54292	.679689	.000000
1.54315	.679748	.000000
1.54338	.679785	.000000
1.54361	.679818	.000000
1.54384	.679861	.000000
1.54407	.679944	.000000
1.5443	.679913	.000000
1.54453	.679944	.000000
1.54476	.679990	.000000
1.54499	.679915	.000000
1.54522	.679891	.000000
1.54545	.679958	.000000
1.54568	.680037	.000000
1.54591	.680037	.000000
1.54614	.680021	.000000
1.54638	.680052	.000000
1.54661	.680144	.000000
1.54684	.680158	.000000
1.54707	.680264	.000000
1.5473	.680355	.000000
1.54753	.680389	.000000
1.54776	.680363	.000000
1.54799	.680283	.000000
1.54822	.680323	.000000
1.54845	.680374	.000000
1.54868	.680433	.000000
1.54892	.680501	.000000
1.54915	.680501	.000000
1.54938	.680426	.000000
1.54961	.680353	.000000
1.54984	.680405	.000000
1.55007	.680565	.000000
1.55031	.680645	.000000
1.55054	.680685	.000000
1.55077	.680685	.000000
1.551	.680594	.000000
1.55123	.680702	.000000
1.55146	.680798	.000000
1.5517	.680808	.000000
1.55193	.680850	.000000
1.55216	.680893	.000000
1.55239	.680831	.000000
1.55263	.680878	.000000
1.55286	.680923	.000000
1.55309	.680888	.000000
1.55332	.680973	.000000
1.55356	.681083	.000000
1.55379	.681012	.000000
1.55402	.680932	.000000
1.55426	.681078	.000000
1.55449	.681093	.000000
1.55472	.681036	.000000
1.55495	.681152	.000000
1.55519	.681173	.000000
1.55542	.681135	.000000
1.55565	.681182	.000000
1.55589	.681217	.000000
1.55612	.681248	.000000
1.55636	.681284	.000000
1.55659	.681316	.000000
1.55682	.681340	.000000
1.55706	.681404	.000000
1.55729	.681418	.000000
1.55752	.681437	.000000
1.55776	.681493	.000000
1.55799	.681587	.000000
1.55823	.681648	.000000
1.55846	.681670	.000000
1.55869	.681608	.000000
1.55893	.681537	.000000
1.55916	.681552	.000000
1.5594	.681592	.000000
1.55963	.681660	.000000
1.55987	.681759	.000000
1.5601	.681757	.000000
1.56034	.681754	.000000
1.56057	.681855	.000000
1.56081	.681884	.000000
1.56104	.681842	.000000
1.56128	.681895	.000000
1.56151	.681915	.000000
1.56175	.681936	.000000
1.56198	.681941	.000000
1.56222	.681917	.000000
1.56245	.681950	.000000
1.56269	.682016	.000000
1.56292	.681975	.000000
1.56316	.681936	.000000
1.56339	.682002	.000000
1.56363	.682107	.000000
1.56387	.682096	.000000
1.5641	.682100	.000000
1.56434	.682147	.000000
1.56457	.682155	.000000
1.56481	.682171	.000000
1.56505	.682260	.000000
1.56528	.682374	.000000
1.56552	.682397	.000000
1.56576	.682406	.000000
1.56599	.682419	.000000
1.56623	.682400	.000000
1.56646	.682385	.000000
1.5667	.682364	.000000
1.56694	.682402	.000000
1.56717	.682466	.000000
1.56741	.682522	.000000
1.56765	.682532	.000000
1.56789	.682560	.000000
1.56812	.682595	.000000
1.56836	.682644	.000000
1.5686	.682684	.000000
1.56883	.682701	.000000
1.56907	.682764	.000000
1.56931	.682777	.000000
1.56955	.682729	.000000
1.56978	.682677	.000000
1.57002	.682665	.000000
1.57026	.682720	.000000
1.5705	.682779	.000000
1.57074	.682826	.000000
1.57097	.682904	.000000
1.57121	.682922	.000000
1.57145	.682946	.000000
1.57169	.682986	.000000
1.57193	.683045	.000000
1.57216	.683141	.000000
1.5724	.683139	.000000
1.57264	.683076	.000000
1.57288	.683113	.000000
1.57312	.683118	.000000
1.57336	.683109	.000000
1.5736	.683167	.000000
1.57383	.683198	.000000
1.57407	.683290	.000000
1.57431	.683356	.000000
1.57455	.683348	.000000
1.57479	.683391	.000000
1.57503	.683400	.000000
1.57527	.683407	.000000
1.57551	.683426	.000000
1.57575	.683370	.000000
1.57599	.683360	.000000
1.57623	.683445	.000000
1.57647	.683492	.000000
1.57671	.683457	.000000
1.57695	.683518	.000000
1.57719	.683645	.000000
1.57743	.683666	.000000
1.57767	.683631	.000000
1.57791	.683558	.000000
1.57815	.683554	.000000
1.57839	.683662	.000000
1.57863	.683770	.000000
1.57887	.683793	.000000
1.57911	.683756	.000000
1.57935	.683681	.000000
1.57959	.683746	.000000
1.57983	.683867	.000000
1.58007	.683846	.000000
1.58031	.683808	.000000
1.58055	.683798	.000000
1.58079	.683827	.000000
1.58103	.683944	.000000
1.58127	.683970	.000000
1.58152	.683978	.000000
1.58176	.684003	.000000
1.582	.684055	.000000
1.58224	.684090	.000000
1.58248	.684098	.000000
1.58272	.684102	.000000
1.58296	.684184	.000000
1.58321	.684170	.000000
1.58345	.684171	.000000
1.58369	.684236	.000000
1.58393	.684239	.000000
1.58417	.684288	.000000
1.58442	.684279	.000000
1.58466	.684349	.000000
1.5849	.684413	.000000
1.58514	.684352	.000000
1.58538	.684335	.000000
1.58563	.684359	.000000
1.58587	.684368	.000000
1.58611	.684425	.000000
1.58635	.684540	.000000
1.5866	.684583	.000000
1.58684	.684559	.000000
1.58708	.684550	.000000
1.58733	.684599	.000000
1.58757	.684590	.000000
1.58781	.684679	.000000
1.58806	.684750	.000000
1.5883	.684703	.000000
1.58854	.684578	.000000
1.58879	.684540	.000000
1.58903	.684646	.000000
1.58927	.684764	.000000
1.58952	.684776	.000000
1.58976	.684681	.000000
1.59	.684724	.000000
1.59025	.684823	.000000
1.59049	.684808	.000000
1.59074	.684757	.000000
1.59098	.684839	.000000
1.59122	.684927	.000000
1.59147	.684865	.000000
1.59171	.684920	.000000
1.59196	.685054	.000000
1.5922	.685086	.000000
1.59244	.685079	.000000
1.59269	.685089	.000000
1.59293	.685143	.000000
1.59318	.685190	.000000
1.59342	.685179	.000000
1.59367	.685143	.000000
1.59391	.685150	.000000
1.59416	.685230	.000000
1.5944	.685263	.000000
1.59465	.685282	.000000
1.59489	.685285	.000000
1.59514	.685266	.000000
1.59539	.685225	.000000
1.59563	.685272	.000000
1.59588	.685317	.000000
1.59612	.685350	.000000
1.59637	.685324	.000000
1.59661	.685317	.000000
1.59686	.685393	.000000
1.59711	.685411	.000000
1.59735	.685435	.000000
1.5976	.685477	.000000
1.59784	.685532	.000000
1.59809	.685548	.000000
1.59834	.685501	.000000
1.59858	.685489	.000000
1.59883	.685576	.000000
1.59908	.685605	.000000
1.59932	.685664	.000000
1.59957	.685717	.000000
1.59982	.685776	.000000
1.60006	.685756	.000000
1.60031	.685654	.000000
1.60056	.685701	.000000
1.6008	.685819	.000000
1.60105	.685793	.000000
1.6013	.685783	.000000
1.60155	.685821	.000000
1.60179	.685816	.000000
1.60204	.685779	.000000
1.60229	.685880	.000000
1.60254	.685984	.000000
1.60278	.685979	.000000
1.60303	.686002	.000000
1.60328	.686040	.000000
1.60353	.685975	.000000
1.60377	.685956	.000000
1.60402	.686057	.000000
1.60427	.686137	.000000
1.60452	.686127	.000000
1.60477	.686057	.000000
1.60502	.685986	.000000
1.60526	.686050	.000000
1.60551	.686231	.000000
1.60576	.686226	.000000
1.60601	.686229	.000000
1.60626	.686314	.000000
1.60651	.686304	.000000
1.60676	.686327	.000000
1.60701	.686342	.000000
1.60725	.686304	.000000
1.6075	.686339	.000000
1.60775	.686426	.000000
1.608	.686441	.000000
1.60825	.686389	.000000
1.6085	.686363	.000000
1.60875	.686413	.000000
1.609	.686535	.000000
1.60925	.686619	.000000
1.6095	.686648	.000000
1.60975	.686566	.000000
1.61	.686547	.000000
1.61025	.686601	.000000
1.6105	.686664	.000000
1.61075	.686744	.000000
1.611	.686782	.000000
1.61125	.686820	.000000
1.6115	.686881	.000000
1.61175	.686808	.000000
1.612	.686773	.000000
1.61225	.686775	.000000
1.6125	.686796	.000000
1.61275	.686876	.000000
1.613	.686895	.000000
1.61326	.686872	.000000
1.61351	.686964	.000000
1.61376	.686968	.000000
1.61401	.686963	.000000
1.61426	.686989	.000000
1.61451	.686985	.000000
1.61476	.686952	.000000
1.61501	.686978	.000000
1.61527	.687015	.000000
1.61552	.687025	.000000
1.61577	.687030	.000000
1.61602	.687084	.000000
1.61627	.687175	.000000
1.61652	.687196	.000000
1.61678	.687210	.000000
1.61703	.687279	.000000
1.61728	.687302	.000000
1.61753	.687277	.000000
1.61779	.687307	.000000
1.61804	.687310	.000000
1.61829	.687296	.000000
1.61854	.687354	.000000
1.6188	.687382	.000000
1.61905	.687354	.000000
1.6193	.687326	.000000
1.61955	.687389	.000000
1.61981	.687406	.000000
1.62006	.687361	.000000
1.62031	.687392	.000000
1.62057	.687470	.000000
1.62082	.687493	.000000
1.62107	.687536	.000000
1.62133	.687554	.000000
1.62158	.687562	.000000
1.62183	.687668	.000000
1.62209	.687682	.000000
1.62234	.687658	.000000
1.6226	.687694	.000000
1.62285	.687754	.000000
1.6231	.687734	.000000
1.62336	.687787	.000000
1.62361	.687877	.000000
1.62387	.687832	.000000
1.62412	.687757	.000000
1.62438	.687717	.000000
1.62463	.687816	.000000
1.62488	.687927	.000000
1.62514	.687877	.000000
1.62539	.687865	.000000
1.62565	.687886	.000000
1.6259	.687882	.000000
1.62616	.687957	.000000
1.62641	.687917	.000000
1.62667	.687927	.000000
1.62692	.687959	.000000
1.62718	.688018	.000000
1.62743	.688106	.000000
1.62769	.688063	.000000
1.62795	.688129	.000000
1.6282	.688197	.000000
1.62846	.688195	.000000
1.62871	.688178	.000000
1.62897	.688171	.000000
1.62922	.688176	.000000
1.62948	.688169	.000000
1.62974	.688202	.000000
1.62999	.688252	.000000
1.63025	.688376	.000000
1.63051	.688457	.000000
1.63076	.688384	.000000
1.63102	.688384	.000000
1.63127	.688421	.000000
1.63153	.688409	.000000
1.63179	.688407	.000000
1.63204	.688444	.000000
1.6323	.688400	.000000
1.63256	.688393	.000000
1.63282	.688444	.000000
1.63307	.688518	.000000
1.63333	.688527	.000000
1.63359	.688586	.000000
1.63384	.688685	.000000
1.6341	.688664	.000000
1.63436	.688621	.000000
1.63462	.688586	.000000
1.63488	.688572	.000000
1.63513	.688609	.000000
1.63539	.688612	.000000
1.63565	.688610	.000000
1.63591	.688596	.000000
1.63616	.688643	.000000
1.63642	.688692	.000000
1.63668	.688685	.000000
1.63694	.688682	.000000
1.6372	.688829	.000000
1.63746	.688855	.000000
1.63772	.688809	.000000
1.63797	.688842	.000000
1.63823	.688798	.000000
1.63849	.688763	.000000
1.63875	.688831	.000000
1.63901	.688937	.000000
1.63927	.688974	.000000
1.63953	.688955	.000000
1.63979	.688934	.000000
1.64005	.689005	.000000
1.64031	.688982	.000000
1.64057	.688908	.000000
1.64083	.688887	.000000
1.64108	.688984	.000000
1.64134	.689064	.000000
1.6416	.689094	.000000
1.64186	.689101	.000000
1.64212	.689050	.000000
1.64238	.689001	.000000
1.64264	.688993	.000000
1.6429	.689054	.000000
1.64317	.689160	.000000
1.64343	.689210	.000000
1.64369	.689170	.000000
1.64395	.689161	.000000
1.64421	.689297	.000000
1.64447	.689386	.000000
1.64473	.689353	.000000
1.64499	.689290	.000000
1.64525	.689309	.000000
1.64551	.689363	.000000
1.64577	.689366	.000000
1.64603	.689379	.000000
1.6463	.689429	.000000
1.64656	.689441	.000000
1.64682	.689342	.000000
1.64708	.689288	.000000
1.64734	.689417	.000000
1.6476	.689532	.000000
1.64787	.689559	.000000
1.64813	.689521	.000000
1.64839	.689519	.000000
1.64865	.689544	.000000
1.64891	.689617	.000000
1.64918	.689648	.000000
1.64944	.689688	.000000
1.6497	.689651	.000000
1.64996	.689611	.000000
1.65023	.689639	.000000
1.65049	.689721	.000000
1.65075	.689799	.000000
1.65101	.689730	.000000
1.65128	.689749	.000000
1.65154	.689827	.000000
1.6518	.689763	.000000
1.65207	.689697	.000000
1.65233	.689751	.000000
1.65259	.689846	.000000
1.65286	.689858	.000000
1.65312	.689860	.000000
1.65338	.689881	.000000
1.65365	.689858	.000000
1.65391	.689876	.000000
1.65417	.689975	.000000
1.65444	.689968	.000000
1.6547	.689902	.000000
1.65497	.689843	.000000
1.65523	.689940	.000000
1.65549	.690027	.000000
1.65576	.690084	.000000
1.65602	.690136	.000000
1.65629	.690088	.000000
1.65655	.690069	.000000
1.65682	.690128	.000000
1.65708	.690150	.000000
1.65735	.690135	.000000
1.65761	.690107	.000000
1.65788	.690102	.000000
1.65814	.690171	.000000
1.65841	.690206	.000000
1.65867	.690213	.000000
1.65894	.690183	.000000
1.6592	.690189	.000000
1.65947	.690263	.000000
1.65973	.690310	.000000
1.66	.690256	.000000
1.66027	.690199	.000000
1.66053	.690199	.000000
1.6608	.690242	.000000
1.66106	.690348	.000000
1.66133	.690385	.000000
1.6616	.690314	.000000
1.66186	.690326	.000000
1.66213	.690388	.000000
1.66239	.690413	.000000
1.66266	.690399	.000000
1.66293	.690397	.000000
1.66319	.690401	.000000
1.66346	.690387	.000000
1.66373	.690385	.000000
1.664	.690470	.000000
1.66426	.690536	.000000
1.66453	.690592	.000000
1.6648	.690609	.000000
1.66506	.690646	.000000
1.66533	.690640	.000000
1.6656	.690574	.000000
1.66587	.690611	.000000
1.66613	.690713	.000000
1.6664	.690736	.000000
1.66667	.690778	.000000
1.66694	.690745	.000000
1.66721	.690739	.000000
1.66747	.690846	.000000
1.66774	.690929	.000000
1.66801	.690958	.000000
1.66828	.690913	.000000
1.66855	.690868	.000000
1.66882	.690859	.000000
1.66908	.690908	.000000
1.66935	.690925	.000000
1.66962	.690910	.000000
1.66989	.690915	.000000
1.67016	.690917	.000000
1.67043	.690905	.000000
1.6707	.690997	.000000
1.67097	.690981	.000000
1.67124	.691007	.000000
1.67151	.691085	.000000
1.67178	.691124	.000000
1.67204	.691174	.000000
1.67231	.691134	.000000
1.67258	.691059	.000000
1.67285	.691082	.000000
1.67312	.691197	.000000
1.67339	.691211	.000000
1.67366	.691160	.000000
1.67393	.691190	.000000
1.6742	.691278	.000000
1.67447	.691287	.000000
1.67474	.691266	.000000
1.67502	.691263	.000000
1.67529	.691226	.000000
1.67556	.691188	.000000
1.67583	.691242	.000000
1.6761	.691280	.000000
1.67637	.691317	.000000
1.67664	.691372	.000000
1.67691	.691372	.000000
1.67718	.691351	.000000
1.67745	.691336	.000000
1.67773	.691277	.000000
1.678	.691297	.000000
1.67827	.691395	.000000
1.67854	.691504	.000000
1.67881	.691549	.000000
1.67908	.691560	.000000
1.67936	.691513	.000000
1.67963	.691527	.000000
1.6799	.691595	.000000
1.68017	.691655	.000000
1.68044	.691589	.000000
1.68072	.691567	.000000
1.68099	.691704	.000000
1.68126	.691715	.000000
1.68153	.691704	.000000
1.68181	.691746	.000000
1.68208	.691749	.000000
1.68235	.691767	.000000
1.68263	.691781	.000000
1.6829	.691756	.000000
1.68317	.691819	.000000
1.68345	.691801	.000000
1.68372	.691784	.000000
1.68399	.691857	.000000
1.68427	.691847	.000000
1.68454	.691857	.000000
1.68481	.691854	.000000
1.68509	.691833	.000000
1.68536	.691881	.000000
1.68563	.691949	.000000
1.68591	.692041	.000000
1.68618	.692057	.000000
1.68646	.692022	.000000
1.68673	.692038	.000000
1.68701	.692057	.000000
1.68728	.692064	.000000
1.68755	.692059	.000000
1.68783	.692045	.000000
1.6881	.692097	.000000
1.68838	.692175	.000000
1.68865	.692111	.000000
1.68893	.692126	.000000
1.6892	.692212	.000000
1.68948	.692215	.000000
1.68976	.692123	.000000
1.69003	.692088	.000000
1.69031	.692086	.000000
1.69058	.692114	.000000
1.69086	.692175	.000000
1.69113	.692245	.000000
1.69141	.692203	.000000
1.69168	.692201	.000000
1.69196	.692265	.000000
1.69224	.692253	.000000
1.69251	.692215	.000000
1.69279	.692260	.000000
1.69307	.692253	.000000
1.69334	.692318	.000000
1.69362	.692450	.000000
1.6939	.692483	.000000
1.69417	.692451	.000000
1.69445	.692445	.000000
1.69473	.692429	.000000
1.695	.692439	.000000
1.69528	.692505	.000000
1.69556	.692533	.000000
1.69583	.692518	.000000
1.69611	.692585	.000000
1.69639	.692599	.000000
1.69667	.692524	.000000
1.69694	.692509	.000000
1.69722	.692557	.000000
1.6975	.692634	.000000
1.69778	.692710	.000000
1.69806	.692660	.000000
1.69833	.692596	.000000
1.69861	.692641	.000000
1.69889	.692726	.000000
1.69917	.692783	.000000
1.69945	.692763	.000000
1.69973	.692796	.000000
1.7	.692792	.000000
1.70028	.692780	.000000
1.70056	.692752	.000000
1.70084	.692709	.000000
1.70112	.692775	.000000
1.7014	.692877	.000000
1.70168	.692905	.000000
1.70196	.692893	.000000
1.70224	.692872	.000000
1.70252	.692877	.000000
1.7028	.692869	.000000
1.70308	.692921	.000000
1.70336	.693032	.000000
1.70364	.693051	.000000
1.70392	.693058	.000000
1.7042	.693022	.000000
1.70448	.693015	.000000
1.70476	.693091	.000000
1.70504	.693117	.000000
1.70532	.693124	.000000
1.7056	.693150	.000000
1.70588	.693155	.000000
1.70616	.693074	.000000
1.70644	.693039	.000000
1.70672	.693067	.000000
1.707	.693095	.000000
1.70728	.693114	.000000
1.70756	.693081	.000000
1.70784	.693102	.000000
1.70813	.693251	.000000
1.70841	.693272	.000000
1.70869	.693192	.000000
1.70897	.693216	.000000
1.70925	.693272	.000000
1.70953	.693289	.000000
1.70982	.693319	.000000
1.7101	.693312	.000000
1.71038	.693275	.000000
1.71066	.693270	.000000
1.71094	.693343	.000000
1.71123	.693378	.000000
1.71151	.693340	.000000
1.71179	.693254	.000000
1.71207	.693267	.000000
1.71236	.693334	.000000
1.71264	.693367	.000000
1.71292	.693400	.000000
1.71321	.693454	.000000
1.71349	.693390	.000000
1.71377	.693345	.000000
1.71405	.693380	.000000
1.71434	.693446	.000000
1.71462	.693519	.000000
1.71491	.693569	.000000
1.71519	.693545	.000000
1.71547	.693472	.000000
1.71576	.693491	.000000
1.71604	.693585	.000000
1.71632	.693637	.000000
1.71661	.693639	.000000
1.71689	.693663	.000000
1.71718	.693673	.000000
1.71746	.693689	.000000
1.71775	.693672	.000000
1.71803	.693694	.000000
1.71832	.693698	.000000
1.7186	.693656	.000000
1.71888	.693675	.000000
1.71917	.693699	.000000
1.71945	.693748	.000000
1.71974	.693764	.000000
1.72003	.693691	.000000
1.72031	.693746	.000000
1.7206	.693807	.000000
1.72088	.693819	.000000
1.72117	.693818	.000000
1.72145	.693811	.000000
1.72174	.693873	.000000
1.72202	.693944	.000000
1.72231	.693913	.000000
1.7226	.693946	.000000
1.72288	.693976	.000000
1.72317	.693920	.000000
1.72346	.693964	.000000
1.72374	.694012	.000000
1.72403	.693983	.000000
1.72432	.693979	.000000
1.7246	.694049	.000000
1.72489	.694101	.000000
1.72518	.694108	.000000
1.72546	.694103	.000000
1.72575	.694066	.000000
1.72604	.694106	.000000
1.72632	.694195	.000000
1.72661	.694231	.000000
1.7269	.694163	.000000
1.72719	.694075	.000000
1.72748	.694122	.000000
1.72776	.694207	.000000
1.72805	.694207	.000000
1.72834	.694200	.000000
1.72863	.694219	.000000
1.72892	.694221	.000000
1.7292	.694205	.000000
1.72949	.694285	.000000
1.72978	.694339	.000000
1.73007	.694337	.000000
1.73036	.694289	.000000
1.73065	.694283	.000000
1.73094	.694322	.000000
1.73122	.694393	.000000
1.73151	.694452	.000000
1.7318	.694452	.000000
1.73209	.694428	.000000
1.73238	.694459	.000000
1.73267	.694485	.000000
1.73296	.694499	.000000
1.73325	.694462	.000000
1.73354	.694457	.000000
1.73383	.694459	.000000
1.73412	.694436	.000000
1.73441	.694443	.000000
1.7347	.694570	.000000
1.73499	.694645	.000000
1.73528	.694588	.000000
1.73557	.694570	.000000
1.73586	.694614	.000000
1.73615	.694669	.000000
1.73644	.694720	.000000
1.73673	.694690	.000000
1.73702	.694647	.000000
1.73732	.694634	.000000
1.73761	.694728	.000000
1.7379	.694749	.000000
1.73819	.694716	.000000
1.73848	.694720	.000000
1.73877	.694761	.000000
1.73906	.694760	.000000
1.73936	.694772	.000000
1.73965	.694812	.000000
1.73994	.694815	.000000
1.74023	.694801	.000000
1.74052	.694838	.000000
1.74082	.694951	.000000
1.74111	.695057	.000000
1.7414	.695032	.000000
1.74169	.694970	.000000
1.74199	.694913	.000000
1.74228	.694963	.000000
1.74257	.695064	.000000
1.74286	.695027	.000000
1.74316	.695034	.000000
1.74345	.695079	.000000
1.74374	.695072	.000000
1.74404	.695065	.000000
1.74433	.695067	.000000
1.74462	.695123	.000000
1.74492	.695086	.000000
1.74521	.695041	.000000
1.7455	.695095	.000000
1.7458	.695145	.000000
1.74609	.695210	.000000
1.74639	.695220	.000000
1.74668	.695213	.000000
1.74697	.695265	.000000
1.74727	.695293	.000000
1.74756	.695324	.000000
1.74786	.695255	.000000
1.74815	.695245	.000000
1.74845	.695326	.000000
1.74874	.695380	.000000
1.74904	.695309	.000000
1.74933	.695272	.000000
1.74963	.695314	.000000
1.74992	.695307	.000000
1.75022	.695384	.000000
1.75051	.695455	.000000
1.75081	.695389	.000000
1.7511	.695380	.000000
1.7514	.695368	.000000
1.7517	.695394	.000000
1.75199	.695443	.000000
1.75229	.695441	.000000
1.75258	.695422	.000000
1.75288	.695503	.000000
1.75318	.695543	.000000
1.75347	.695498	.000000
1.75377	.695549	.000000
1.75407	.695620	.000000
1.75436	.695641	.000000
1.75466	.695616	.000000
1.75496	.695576	.000000
1.75525	.695561	.000000
1.75555	.695601	.000000
1.75585	.695618	.000000
1.75615	.695629	.000000
1.75644	.695641	.000000
1.75674	.695665	.000000
1.75704	.695686	.000000
1.75734	.695712	.000000
1.75763	.695703	.000000
1.75793	.695677	.000000
1.75823	.695752	.000000
1.75853	.695863	.000000
1.75883	.695882	.000000
1.75913	.695874	.000000
1.75942	.695856	.000000
1.75972	.695893	.000000
1.76002	.695908	.000000
1.76032	.695855	.000000
1.76062	.695841	.000000
1.76092	.695971	.000000
1.76122	.695959	.000000
1.76152	.695881	.000000
1.76181	.695947	.000000
1.76211	.696008	.000000
1.76241	.696011	.000000
1.76271	.696018	.000000
1.76301	.695994	.000000
1.76331	.695968	.000000
1.76361	.696009	.000000
1.76391	.696049	.000000
1.76421	.696060	.000000
1.76451	.696119	.000000
1.76481	.696103	.000000
1.76511	.696006	.000000
1.76541	.696016	.000000
1.76572	.696089	.000000
1.76602	.696114	.000000
1.76632	.696056	.000000
1.76662	.696014	.000000
1.76692	.696006	.000000
1.76722	.696070	.000000
1.76752	.696160	.000000
1.76782	.696180	.000000
1.76812	.696193	.000000
1.76843	.696230	.000000
1.76873	.696258	.000000
1.76903	.696320	.000000
1.76933	.696359	.000000
1.76963	.696393	.000000
1.76993	.696315	.000000
1.77024	.696253	.000000
1.77054	.696279	.000000
1.77084	.696343	.000000
1.77114	.696369	.000000
1.77145	.696366	.000000
1.77175	.696360	.000000
1.77205	.696428	.000000
1.77235	.696494	.000000
1.77266	.696512	.000000
1.77296	.696498	.000000
1.77326	.696470	.000000
1.77357	.696470	.000000
1.77387	.696496	.000000
1.77417	.696499	.000000
1.77448	.696491	.000000
1.77478	.696525	.000000
1.77508	.696583	.000000
1.77539	.696598	.000000
1.77569	.696592	.000000
1.776	.696600	.000000
1.7763	.696637	.000000
1.77661	.696593	.000000
1.77691	.696611	.000000
1.77721	.696708	.000000
1.77752	.696715	.000000
1.77782	.696718	.000000
1.77813	.696701	.000000
1.77843	.696673	.000000
1.77874	.696698	.000000
1.77904	.696734	.000000
1.77935	.696765	.000000
1.77965	.696812	.000000
1.77996	.696802	.000000
1.78027	.696758	.000000
1.78057	.696783	.000000
1.78088	.696748	.000000
1.78118	.696772	.000000
1.78149	.696856	.000000
1.7818	.696962	.000000
1.7821	.696984	.000000
1.78241	.696958	.000000
1.78271	.696892	.000000
1.78302	.696910	.000000
1.78333	.696915	.000000
1.78363	.696868	.000000
1.78394	.696922	.000000
1.78425	.696970	.000000
1.78455	.696960	.000000
1.78486	.696937	.000000
1.78517	.697002	.000000
1.78548	.697026	.000000
1.78578	.697023	.000000
1.78609	.697075	.000000
1.7864	.697123	.000000
1.78671	.697122	.000000
1.78702	.697118	.000000
1.78732	.697106	.000000
1.78763	.697069	.000000
1.78794	.697136	.000000
1.78825	.697212	.000000
1.78856	.697254	.000000
1.78886	.697292	.000000
1.78917	.697351	.000000
1.78948	.697292	.000000
1.78979	.697268	.000000
1.7901	.697288	.000000
1.79041	.697294	.000000
1.79072	.697299	.000000
1.79103	.697327	.000000
1.79134	.697355	.000000
1.79165	.697368	.000000
1.79196	.697344	.000000
1.79227	.697346	.000000
1.79258	.697389	.000000
1.79289	.697382	.000000
1.7932	.697440	.000000
1.79351	.697452	.000000
1.79382	.697405	.000000
1.79413	.697433	.000000
1.79444	.697525	.000000
1.79475	.697539	.000000
1.79506	.697558	.000000
1.79537	.697563	.000000
1.79568	.697554	.000000
1.79599	.697589	.000000
1.7963	.697582	.000000
1.79661	.697534	.000000
1.79692	.697528	.000000
1.79724	.697627	.000000
1.79755	.697699	.000000
1.79786	.697659	.000000
1.79817	.697638	.000000
1.79848	.697647	.000000
1.79879	.697640	.000000
1.79911	.697653	.000000
1.79942	.697737	.000000
1.79973	.697829	.000000
1.80004	.697824	.000000
1.80036	.697832	.000000
1.80067	.697857	.000000
1.80098	.697751	.000000
1.80129	.697692	.000000
1.80161	.697773	.000000
1.80192	.697838	.000000
1.80223	.697900	.000000
1.80255	.697909	.000000
1.80286	.697855	.000000
1.80317	.697853	.000000
1.80349	.697897	.000000
1.8038	.697865	.000000
1.80411	.697885	.000000
1.80443	.697937	.000000
1.80474	.698006	.000000
1.80506	.698022	.000000
1.80537	.697965	.000000
1.80569	.697982	.000000
1.806	.697954	.000000
1.80631	.697956	.000000
1.80663	.698031	.000000
1.80694	.698051	.000000
1.80726	.698048	.000000
1.80757	.698041	.000000
1.80789	.698081	.000000
1.8082	.698034	.000000
1.80852	.698046	.000000
1.80884	.698112	.000000
1.80915	.698163	.000000
1.80947	.698168	.000000
1.80978	.698100	.000000
1.8101	.698091	.000000
1.81041	.698144	.000000
1.81073	.698157	.000000
1.81105	.698157	.000000
1.81136	.698213	.000000
1.81168	.698248	.000000
1.812	.698215	.000000
1.81231	.698269	.000000
1.81263	.698239	.000000
1.81295	.698224	.000000
1.81326	.698321	.000000
1.81358	.698383	.000000
1.8139	.698392	.000000
1.81422	.698350	.000000
1.81453	.698328	.000000
1.81485	.698361	.000000
1.81517	.698382	.000000
1.81549	.698356	.000000
1.8158	.698354	.000000
1.81612	.698343	.000000
1.81644	.698333	.000000
1.81676	.698427	.000000
1.81708	.698474	.000000
1.8174	.698502	.000000
1.81771	.698564	.000000
1.81803	.698516	.000000
1.81835	.698448	.000000
1.81867	.698550	.000000
1.81899	.698637	.000000
1.81931	.698595	.000000
1.81963	.698559	.000000
1.81995	.698543	.000000
1.82027	.698559	.000000
1.82059	.698642	.000000
1.82091	.698615	.000000
1.82123	.698604	.000000
1.82155	.698625	.000000
1.82187	.698655	.000000
1.82219	.698689	.000000
1.82251	.698675	.000000
1.82283	.698698	.000000
1.82315	.698721	.000000
1.82347	.698693	.000000
1.82379	.698764	.000000
1.82411	.698788	.000000
1.82443	.698735	.000000
1.82475	.698757	.000000
1.82507	.698785	.000000
1.82539	.698724	.000000
1.82571	.698773	.000000
1.82604	.698842	.000000
1.82636	.698834	.000000
1.82668	.698813	.000000
1.827	.698863	.000000
1.82732	.698962	.000000
1.82765	.698981	.000000
1.82797	.698964	.000000
1.82829	.698976	.000000
1.82861	.699021	.000000
1.82893	.698981	.000000
1.82926	.699000	.000000
1.82958	.699058	.000000
1.8299	.699020	.000000
1.83023	.699065	.000000
1.83055	.699068	.000000
1.83087	.699039	.000000
1.8312	.699058	.000000
1.83152	.699042	.000000
1.83184	.699007	.000000
1.83217	.699079	.000000
1.83249	.699141	.000000
1.83281	.699098	.000000
1.83314	.699061	.000000
1.83346	.699084	.000000
1.83379	.699193	.000000
1.83411	.699209	.000000
1.83443	.699216	.000000
1.83476	.699216	.000000
1.83508	.699197	.000000
1.83541	.699195	.000000
1.83573	.699167	.000000
1.83606	.699164	.000000
1.83638	.699228	.000000
1.83671	.699265	.000000
1.83703	.699282	.000000
1.83736	.699313	.000000
1.83769	.699313	.000000
1.83801	.699334	.000000
1.83834	.699338	.000000
1.83866	.699308	.000000
1.83899	.699305	.000000
1.83932	.699358	.000000
1.83964	.699336	.000000
1.83997	.699291	.000000
1.8403	.699322	.000000
1.84062	.699379	.000000
1.84095	.699425	.000000
1.84128	.699444	.000000
1.8416	.699421	.000000
1.84193	.699425	.000000
1.84226	.699440	.000000
1.84258	.699449	.000000
1.84291	.699508	.000000
1.84324	.699492	.000000
1.84357	.699496	.000000
1.84389	.699551	.000000
1.84422	.699534	.000000
1.84455	.699538	.000000
1.84488	.699574	.000000
1.84521	.699557	.000000
1.84554	.699560	.000000
1.84586	.699558	.000000
1.84619	.699593	.000000
1.84652	.699616	.000000
1.84685	.699524	.000000
1.84718	.699506	.000000
1.84751	.699565	.000000
1.84784	.699553	.000000
1.84817	.699565	.000000
1.8485	.699551	.000000
1.84883	.699539	.000000
1.84916	.699583	.000000
1.84949	.699677	.000000
1.84982	.699741	.000000
1.85015	.699743	.000000
1.85048	.699694	.000000
1.85081	.699717	.000000
1.85114	.699690	.000000
1.85147	.699678	.000000
1.8518	.699713	.000000
1.85213	.699779	.000000
1.85246	.699715	.000000
1.85279	.699623	.000000
1.85312	.699650	.000000
1.85345	.699683	.000000
1.85378	.699652	.000000
1.85412	.699699	.000000
1.85445	.699800	.000000
1.85478	.699817	.000000
1.85511	.699779	.000000
1.85544	.699743	.000000
1.85577	.699755	.000000
1.85611	.699746	.000000
1.85644	.699677	.000000
1.85677	.699683	.000000
1.8571	.699701	.000000
1.85744	.699602	.000000
1.85777	.699593	.000000
1.8581	.699689	.000000
1.85843	.699649	.000000
1.85877	.699612	.000000
1.8591	.699649	.000000
1.85943	.699682	.000000
1.85977	.699661	.000000
1.8601	.699605	.000000
1.86044	.699604	.000000
1.86077	.699626	.000000
1.8611	.699591	.000000
1.86144	.699588	.000000
1.86177	.699638	.000000
1.86211	.699583	.000000
1.86244	.699517	.000000
1.86277	.699487	.000000
1.86311	.699508	.000000
1.86344	.699477	.000000
1.86378	.699381	.000000
1.86411	.699374	.000000
1.86445	.699350	.000000
1.86478	.699341	.000000
1.86512	.699324	.000000
1.86546	.699272	.000000
1.86579	.699240	.000000
1.86613	.699232	.000000
1.86646	.699117	.000000
1.8668	.699033	.000000
1.86714	.699023	.000000
1.86747	.698945	.000000
1.86781	.698886	.000000
1.86814	.698847	.000000
1.86848	.698802	.000000
1.86882	.698745	.000000
1.86915	.698712	.000000
1.86949	.698655	.000000
1.86983	.698602	.000000
1.87017	.698562	.000000
1.8705	.698432	.000000
1.87084	.698281	.000000
1.87118	.698297	.000000
1.87152	.698244	.000000
1.87185	.698107	.000000
1.87219	.698098	.000000
1.87253	.698005	.000000
1.87287	.697867	.000000
1.87321	.697801	.000000
1.87354	.697718	.000000
1.87388	.697619	.000000
1.87422	.697554	.000000
1.87456	.697497	.000000
1.8749	.697492	.000000
1.87524	.697410	.000000
1.87558	.697235	.000000
1.87592	.697120	.000000
1.87626	.697028	.000000
1.8766	.696904	.000000
1.87694	.696835	.000000
1.87728	.696833	.000000
1.87762	.696804	.000000
1.87796	.696685	.000000
1.8783	.696574	.000000
1.87864	.696532	.000000
1.87898	.696485	.000000
1.87932	.696463	.000000
1.87966	.696419	.000000
1.88	.696345	.000000
1.88034	.696206	.000000
1.88068	.696056	.000000
1.88102	.695976	.000000
1.88136	.695931	.000000
1.8817	.695919	.000000
1.88205	.695872	.000000
1.88239	.695834	.000000
1.88273	.695780	.000000
1.88307	.695688	.000000
1.88341	.695613	.000000
1.88376	.695575	.000000
1.8841	.695570	.000000
1.88444	.695509	.000000
1.88478	.695378	.000000
1.88513	.695342	.000000
1.88547	.695331	.000000
1.88581	.695229	.000000
1.88615	.695109	.000000
1.8865	.695092	.000000
1.88684	.695121	.000000
1.88718	.695107	.000000
1.88753	.695119	.000000
1.88787	.695111	.000000
1.88821	.695062	.000000
1.88856	.695026	.000000
1.8889	.694968	.000000
1.88925	.694871	.000000
1.88959	.694836	.000000
1.88994	.694796	.000000
1.89028	.694720	.000000
1.89062	.694742	.000000
1.89097	.694767	.000000
1.89131	.694758	.000000
1.89166	.694683	.000000
1.892	.694607	.000000
1.89235	.694588	.000000
1.89269	.694548	.000000
1.89304	.694419	.000000
1.89339	.694419	.000000
1.89373	.694469	.000000
1.89408	.694520	.000000
1.89442	.694546	.000000
1.89477	.694502	.000000
1.89512	.694433	.000000
1.89546	.694447	.000000
1.89581	.694495	.000000
1.89616	.694478	.000000
1.8965	.694455	.000000
1.89685	.694468	.000000
1.8972	.694452	.000000
1.89754	.694421	.000000
1.89789	.694374	.000000
1.89824	.694402	.000000
1.89859	.694438	.000000
1.89893	.694452	.000000
1.89928	.694511	.000000
1.89963	.694619	.000000
1.89998	.694581	.000000
1.90033	.694542	.000000
1.90067	.694570	.000000
1.90102	.694619	.000000
1.90137	.694654	.000000
1.90172	.694676	.000000
1.90207	.694718	.000000
1.90242	.694754	.000000
1.90277	.694774	.000000
1.90312	.694817	.000000
1.90346	.694831	.000000
1.90381	.694836	.000000
1.90416	.694867	.000000
1.90451	.694944	.000000
1.90486	.694984	.000000
1.90521	.694977	.000000
1.90556	.695006	.000000
1.90591	.695055	.000000
1.90626	.695105	.000000
1.90661	.695109	.000000
1.90697	.695170	.000000
1.90732	.695231	.000000
1.90767	.695232	.000000
1.90802	.695278	.000000
1.90837	.695335	.000000
1.90872	.695340	.000000
1.90907	.695359	.000000
1.90942	.695344	.000000
1.90977	.695391	.000000
1.91013	.695457	.000000
1.91048	.695500	.000000
1.91083	.695516	.000000
1.91118	.695523	.000000
1.91154	.695616	.000000
1.91189	.695646	.000000
1.91224	.695629	.000000
1.91259	.695667	.000000
1.91295	.695684	.000000
1.9133	.695643	.000000
1.91365	.695684	.000000
1.91401	.695785	.000000
1.91436	.695827	.000000
1.91471	.695785	.000000
1.91507	.695754	.000000
1.91542	.695782	.000000
1.91577	.695816	.000000
1.91613	.695802	.000000
1.91648	.695829	.000000
1.91684	.695907	.000000
1.91719	.695948	.000000
1.91754	.695961	.000000
1.9179	.695988	.000000
1.91825	.695973	.000000
1.91861	.695943	.000000
1.91896	.695990	.000000
1.91932	.696016	.000000
1.91967	.695921	.000000
1.92003	.695891	.000000
1.92039	.695950	.000000
1.92074	.695994	.000000
1.9211	.696060	.000000
1.92145	.696065	.000000
1.92181	.696093	.000000
1.92217	.696148	.000000
1.92252	.696180	.000000
1.92288	.696185	.000000
1.92323	.696134	.000000
1.92359	.696087	.000000
1.92395	.696171	.000000
1.92431	.696209	.000000
1.92466	.696199	.000000
1.92502	.696237	.000000
1.92538	.696253	.000000
1.92573	.696303	.000000
1.92609	.696270	.000000
1.92645	.696258	.000000
1.92681	.696293	.000000
1.92717	.696291	.000000
1.92752	.696303	.000000
1.92788	.696305	.000000
1.92824	.696315	.000000
1.9286	.696284	.000000
1.92896	.696338	.000000
1.92932	.696407	.000000
1.92968	.696357	.000000
1.93004	.696366	.000000
1.9304	.696465	.000000
1.93075	.696512	.000000
1.93111	.696546	.000000
1.93147	.696604	.000000
1.93183	.696618	.000000
1.93219	.696588	.000000
1.93255	.696585	.000000
1.93291	.696567	.000000
1.93327	.696602	.000000
1.93364	.696708	.000000
1.934	.696758	.000000
1.93436	.696750	.000000
1.93472	.696750	.000000
1.93508	.696717	.000000
1.93544	.696727	.000000
1.9358	.696788	.000000
1.93616	.696835	.000000
1.93652	.696866	.000000
1.93689	.696920	.000000
1.93725	.696950	.000000
1.93761	.696922	.000000
1.93797	.696956	.000000
1.93833	.697076	.000000
1.9387	.697142	.000000
1.93906	.697144	.000000
1.93942	.697170	.000000
1.93978	.697175	.000000
1.94015	.697226	.000000
1.94051	.697252	.000000
1.94087	.697217	.000000
1.94124	.697276	.000000
1.9416	.697297	.000000
1.94196	.697309	.000000
1.94233	.697302	.000000
1.94269	.697330	.000000
1.94306	.697374	.000000
1.94342	.697363	.000000
1.94378	.697372	.000000
1.94415	.697428	.000000
1.94451	.697520	.000000
1.94488	.697461	.000000
1.94524	.697412	.000000
1.94561	.697535	.000000
1.94597	.697631	.000000
1.94634	.697686	.000000
1.9467	.697723	.000000
1.94707	.697685	.000000
1.94743	.697634	.000000
1.9478	.697674	.000000
1.94817	.697773	.000000
1.94853	.697813	.000000
1.9489	.697744	.000000
1.94926	.697765	.000000
1.94963	.697855	.000000
1.95	.697864	.000000
1.95036	.697871	.000000
1.95073	.697876	.000000
1.9511	.697895	.000000
1.95147	.698010	.000000
1.95183	.698071	.000000
1.9522	.698067	.000000
1.95257	.698029	.000000
1.95294	.698050	.000000
1.9533	.698091	.000000
1.95367	.698105	.000000
1.95404	.698131	.000000
1.95441	.698206	.000000
1.95478	.698184	.000000
1.95515	.698151	.000000
1.95551	.698224	.000000
1.95588	.698291	.000000
1.95625	.698321	.000000
1.95662	.698354	.000000
1.95699	.698403	.000000
1.95736	.698453	.000000
1.95773	.698441	.000000
1.9581	.698463	.000000
1.95847	.698536	.000000
1.95884	.698542	.000000
1.95921	.698547	.000000
1.95958	.698639	.000000
1.95995	.698693	.000000
1.96032	.698667	.000000
1.96069	.698700	.000000
1.96106	.698757	.000000
1.96143	.698780	.000000
1.9618	.698792	.000000
1.96217	.698839	.000000
1.96255	.698811	.000000
1.96292	.698809	.000000
1.96329	.698914	.000000
1.96366	.698969	.000000
1.96403	.698926	.000000
1.9644	.698907	.000000
1.96478	.698959	.000000
1.96515	.699053	.000000
1.96552	.699127	.000000
1.96589	.699138	.000000
1.96627	.699122	.000000
1.96664	.699178	.000000
1.96701	.699280	.000000
1.96739	.699259	.000000
1.96776	.699275	.000000
1.96813	.699327	.000000
1.96851	.699334	.000000
1.96888	.699369	.000000
1.96925	.699402	.000000
1.96963	.699428	.000000
1.97	.699412	.000000
1.97038	.699426	.000000
1.97075	.699475	.000000
1.97113	.699489	.000000
1.9715	.699494	.000000
1.97188	.699522	.000000
1.97225	.699550	.000000
1.97263	.699583	.000000
1.973	.699581	.000000
1.97338	.699541	.000000
1.97375	.699635	.000000
1.97413	.699710	.000000
1.9745	.699685	.000000
1.97488	.699755	.000000
1.97526	.699770	.000000
1.97563	.699746	.000000
1.97601	.699770	.000000
1.97639	.699835	.000000
1.97676	.699864	.000000
1.97714	.699857	.000000
1.97752	.699883	.000000
1.97789	.699889	.000000
1.97827	.699836	.000000
1.97865	.699883	.000000
1.97903	.699942	.000000
1.9794	.699965	.000000
1.97978	.700014	.000000
1.98016	.700064	.000000
1.98054	.700057	.000000
1.98092	.700068	.000000
1.98129	.700111	.000000
1.98167	.700120	.000000
1.98205	.700102	.000000
1.98243	.700189	.000000
1.98281	.700240	.000000
1.98319	.700294	.000000
1.98357	.700340	.000000
1.98395	.700370	.000000
1.98433	.700337	.000000
1.98471	.700294	.000000
1.98509	.700356	.000000
1.98547	.700441	.000000
1.98585	.700400	.000000
1.98623	.700412	.000000
1.98661	.700471	.000000
1.98699	.700466	.000000
1.98737	.700434	.000000
1.98775	.700506	.000000
1.98813	.700615	.000000
1.98851	.700605	.000000
1.98889	.700575	.000000
1.98928	.700639	.000000
1.98966	.700627	.000000
1.99004	.700615	.000000
1.99042	.700690	.000000
1.9908	.700700	.000000
1.99119	.700725	.000000
1.99157	.700777	.000000
1.99195	.700808	.000000
1.99233	.700756	.000000
1.99272	.700759	.000000
1.9931	.700811	.000000
1.99348	.700791	.000000
1.99387	.700813	.000000
1.99425	.700926	.000000
1.99463	.700954	.000000
1.99502	.700928	.000000
1.9954	.700975	.000000
1.99578	.700970	.000000
1.99617	.700921	.000000
1.99655	.700978	.000000
1.99694	.701150	.000000
1.99732	.701166	.000000
1.99771	.701098	.000000
1.99809	.701062	.000000
1.99848	.701109	.000000
1.99886	.701173	.000000
1.99925	.701161	.000000
1.99963	.701206	.000000
2.00002	.701227	.000000
2.00041	.701270	.000000
2.00079	.701300	.000000
2.00118	.701276	.000000
2.00156	.701343	.000000
2.00195	.701420	.000000
2.00234	.701442	.000000
2.00272	.701364	.000000
2.00311	.701350	.000000
2.0035	.701425	.000000
2.00388	.701507	.000000
2.00427	.701559	.000000
2.00466	.701595	.000000
2.00505	.701642	.000000
2.00543	.701641	.000000
2.00582	.701634	.000000
2.00621	.701597	.000000
2.0066	.701654	.000000
2.00699	.701720	.000000
2.00738	.701783	.000000
2.00776	.701821	.000000
2.00815	.701797	.000000
2.00854	.701780	.000000
2.00893	.701804	.000000
2.00932	.701870	.000000
2.00971	.701917	.000000
2.0101	.701941	.000000
2.01049	.701953	.000000
2.01088	.701983	.000000
2.01127	.701959	.000000
2.01166	.701971	.000000
2.01205	.702000	.000000
2.01244	.702092	.000000
2.01283	.702119	.000000
2.01322	.702103	.000000
2.01361	.702117	.000000
2.014	.702117	.000000
2.01439	.702077	.000000
2.01479	.702101	.000000
2.01518	.702228	.000000
2.01557	.702265	.000000
2.01596	.702195	.000000
2.01635	.702200	.000000
2.01675	.702292	.000000
2.01714	.702324	.000000
2.01753	.702301	.000000
2.01792	.702346	.000000
2.01832	.702426	.000000
2.01871	.702393	.000000
2.0191	.702360	.000000
2.01949	.702419	.000000
2.01989	.702475	.000000
2.02028	.702527	.000000
2.02068	.702581	.000000
2.02107	.702616	.000000
2.02146	.702623	.000000
2.02186	.702605	.000000
2.02225	.702676	.000000
2.02265	.702736	.000000
2.02304	.702749	.000000
2.02344	.702736	.000000
2.02383	.702756	.000000
2.02423	.702821	.000000
2.02462	.702829	.000000
2.02502	.702815	.000000
2.02541	.702796	.000000
2.02581	.702843	.000000
2.0262	.702904	.000000
2.0266	.703005	.000000
2.02699	.703048	.000000
2.02739	.703005	.000000
2.02779	.702993	.000000
2.02818	.703047	.000000
2.02858	.703172	.000000
2.02898	.703286	.000000
2.02938	.703210	.000000
2.02977	.703186	.000000
2.03017	.703229	.000000
2.03057	.703293	.000000
2.03096	.703339	.000000
2.03136	.703389	.000000
2.03176	.703401	.000000
2.03216	.703417	.000000
2.03256	.703457	.000000
2.03296	.703499	.000000
2.03335	.703542	.000000
2.03375	.703594	.000000
2.03415	.703572	.000000
2.03455	.703615	.000000
2.03495	.703690	.000000
2.03535	.703629	.000000
2.03575	.703592	.000000
2.03615	.703674	.000000
2.03655	.703744	.000000
2.03695	.703723	.000000
2.03735	.703745	.000000
2.03775	.703747	.000000
2.03815	.703775	.000000
2.03855	.703872	.000000
2.03895	.703938	.000000
2.03935	.703973	.000000
2.03975	.704027	.000000
2.04016	.704056	.000000
2.04056	.704076	.000000
2.04096	.704140	.000000
2.04136	.704249	.000000
2.04176	.704225	.000000
2.04216	.704131	.000000
2.04257	.704204	.000000
2.04297	.704281	.000000
2.04337	.704262	.000000
2.04377	.704262	.000000
2.04418	.704328	.000000
2.04458	.704371	.000000
2.04498	.704364	.000000
2.04539	.704357	.000000
2.04579	.704354	.000000
2.04619	.704413	.000000
2.0466	.704470	.000000
2.047	.704470	.000000
2.04741	.704515	.000000
2.04781	.704548	.000000
2.04821	.704573	.000000
2.04862	.704599	.000000
2.04902	.704635	.000000
2.04943	.704700	.000000
2.04983	.704739	.000000
2.05024	.704779	.000000
2.05065	.704762	.000000
2.05105	.704807	.000000
2.05146	.704833	.000000
2.05186	.704760	.000000
2.05227	.704750	.000000
2.05268	.704807	.000000
2.05308	.704851	.000000
2.05349	.704861	.000000
2.05389	.704882	.000000
2.0543	.704920	.000000
2.05471	.704978	.000000
2.05512	.705037	.000000
2.05552	.705101	.000000
2.05593	.705094	.000000
2.05634	.705049	.000000
2.05675	.705019	.000000
2.05715	.705033	.000000
2.05756	.705136	.000000
2.05797	.705144	.000000
2.05838	.705127	.000000
2.05879	.705124	.000000
2.0592	.705073	.000000
2.05961	.705096	.000000
2.06001	.705207	.000000
2.06042	.705304	.000000
2.06083	.705341	.000000
2.06124	.705341	.000000
2.06165	.705396	.000000
2.06206	.705402	.000000
2.06247	.705348	.000000
2.06288	.705327	.000000
2.06329	.705334	.000000
2.0637	.705346	.000000
2.06412	.705374	.000000
2.06453	.705376	.000000
2.06494	.705381	.000000
2.06535	.705431	.000000
2.06576	.705487	.000000
2.06617	.705567	.000000
2.06658	.705609	.000000
2.067	.705617	.000000
2.06741	.705575	.000000
2.06782	.705572	.000000
2.06823	.705662	.000000
2.06865	.705645	.000000
2.06906	.705575	.000000
2.06947	.705633	.000000
2.06988	.705666	.000000
2.0703	.705744	.000000
2.07071	.705874	.000000
2.07112	.705920	.000000
2.07154	.705887	.000000
2.07195	.705854	.000000
2.07237	.705881	.000000
2.07278	.705920	.000000
2.07319	.705899	.000000
2.07361	.705895	.000000
2.07402	.705921	.000000
2.07444	.705935	.000000
2.07485	.705958	.000000
2.07527	.706001	.000000
2.07568	.705968	.000000
2.0761	.705958	.000000
2.07652	.705972	.000000
2.07693	.705977	.000000
2.07735	.705996	.000000
2.07776	.706059	.000000
2.07818	.706099	.000000
2.0786	.706137	.000000
2.07901	.706153	.000000
2.07943	.706125	.000000
2.07985	.706050	.000000
2.08026	.706059	.000000
2.08068	.706161	.000000
2.0811	.706210	.000000
2.08152	.706149	.000000
2.08194	.706123	.000000
2.08235	.706189	.000000
2.08277	.706257	.000000
2.08319	.706257	.000000
2.08361	.706260	.000000
2.08403	.706255	.000000
2.08445	.706340	.000000
2.08487	.706418	.000000
2.08528	.706380	.000000
2.0857	.706307	.000000
2.08612	.706281	.000000
2.08654	.706318	.000000
2.08696	.706398	.000000
2.08738	.706445	.000000
2.0878	.706484	.000000
2.08822	.706484	.000000
2.08865	.706424	.000000
2.08907	.706370	.000000
2.08949	.706415	.000000
2.08991	.706519	.000000
2.09033	.706538	.000000
2.09075	.706554	.000000
2.09117	.706575	.000000
2.09159	.706571	.000000
2.09202	.706610	.000000
2.09244	.706585	.000000
2.09286	.706610	.000000
2.09328	.706630	.000000
2.09371	.706646	.000000
2.09413	.706686	.000000
2.09455	.706637	.000000
2.09497	.706643	.000000
2.0954	.706660	.000000
2.09582	.706653	.000000
2.09624	.706733	.000000
2.09667	.706837	.000000
2.09709	.706863	.000000
2.09752	.706816	.000000
2.09794	.706830	.000000
2.09837	.706900	.000000
2.09879	.706933	.000000
2.09922	.706886	.000000
2.09964	.706851	.000000
2.10007	.706905	.000000
2.10049	.706973	.000000
2.10092	.706947	.000000
2.10134	.706987	.000000
2.10177	.707037	.000000
2.10219	.707023	.000000
2.10262	.707034	.000000
2.10305	.707060	.000000
2.10347	.707018	.000000
2.1039	.707046	.000000
2.10433	.707062	.000000
2.10475	.707058	.000000
2.10518	.707060	.000000
2.10561	.707115	.000000
2.10604	.707131	.000000
2.10646	.707187	.000000
2.10689	.707221	.000000
2.10732	.707171	.000000
2.10775	.707195	.000000
2.10818	.707265	.000000
2.10861	.707336	.000000
2.10904	.707279	.000000
2.10946	.707230	.000000
2.10989	.707270	.000000
2.11032	.707305	.000000
2.11075	.707411	.000000
2.11118	.707451	.000000
2.11161	.707451	.000000
2.11204	.707373	.000000
2.11247	.707393	.000000
2.1129	.707503	.000000
2.11333	.707484	.000000
2.11376	.707428	.000000
2.1142	.707493	.000000
2.11463	.707536	.000000
2.11506	.707581	.000000
2.11549	.707581	.000000
2.11592	.707493	.000000
2.11635	.707498	.000000
2.11678	.707578	.000000
2.11722	.707597	.000000
2.11765	.707611	.000000
2.11808	.707642	.000000
2.11851	.707663	.000000
2.11895	.707630	.000000
2.11938	.707661	.000000
2.11981	.707731	.000000
2.12025	.707692	.000000
2.12068	.707652	.000000
2.12111	.707719	.000000
2.12155	.707798	.000000
2.12198	.707779	.000000
2.12242	.707779	.000000
2.12285	.707863	.000000
2.12329	.707898	.000000
2.12372	.707875	.000000
2.12416	.707906	.000000
2.12459	.707891	.000000
2.12503	.707868	.000000
2.12546	.707904	.000000
2.1259	.707929	.000000
2.12633	.707976	.000000
2.12677	.708009	.000000
2.12721	.707974	.000000
2.12764	.707969	.000000
2.12808	.707967	.000000
2.12852	.708024	.000000
2.12895	.708096	.000000
2.12939	.708120	.000000
2.12983	.708132	.000000
2.13027	.708092	.000000
2.1307	.708108	.000000
2.13114	.708094	.000000
2.13158	.708132	.000000
2.13202	.708200	.000000
2.13246	.708216	.000000
2.13289	.708229	.000000
2.13333	.708263	.000000
2.13377	.708235	.000000
2.13421	.708202	.000000
2.13465	.708172	.000000
2.13509	.708169	.000000
2.13553	.708231	.000000
2.13597	.708278	.000000
2.13641	.708311	.000000
2.13685	.708346	.000000
2.13729	.708346	.000000
2.13773	.708322	.000000
2.13817	.708259	.000000
2.13861	.708351	.000000
2.13905	.708454	.000000
2.1395	.708473	.000000
2.13994	.708501	.000000
2.14038	.708535	.000000
2.14082	.708551	.000000
2.14126	.708494	.000000
2.1417	.708457	.000000
2.14215	.708488	.000000
2.14259	.708499	.000000
2.14303	.708555	.000000
2.14348	.708511	.000000
2.14392	.708525	.000000
2.14436	.708581	.000000
2.14481	.708610	.000000
2.14525	.708634	.000000
2.14569	.708669	.000000
2.14614	.708697	.000000
2.14658	.708728	.000000
2.14703	.708730	.000000
2.14747	.708744	.000000
2.14792	.708824	.000000
2.14836	.708767	.000000
2.14881	.708605	.000000
2.14925	.708676	.000000
2.1497	.708867	.000000
2.15014	.708923	.000000
2.15059	.708909	.000000
2.15103	.708966	.000000
2.15148	.708989	.000000
2.15193	.708999	.000000
2.15237	.709053	.000000
2.15282	.709102	.000000
2.15327	.709138	.000000
2.15371	.709093	.000000
2.15416	.709057	.000000
2.15461	.709085	.000000
2.15506	.709123	.000000
2.15551	.709158	.000000
2.15595	.709147	.000000
2.1564	.709165	.000000
2.15685	.709125	.000000
2.1573	.709097	.000000
2.15775	.709128	.000000
2.1582	.709119	.000000
2.15865	.709078	.000000
2.1591	.709123	.000000
2.15955	.709217	.000000
2.16	.709269	.000000
2.16045	.709217	.000000
2.1609	.709205	.000000
2.16135	.709196	.000000
2.1618	.709218	.000000
2.16225	.709286	.000000
2.1627	.709311	.000000
2.16315	.709283	.000000
2.1636	.709262	.000000
2.16405	.709278	.000000
2.1645	.709251	.000000
2.16496	.709290	.000000
2.16541	.709304	.000000
2.16586	.709234	.000000
2.16631	.709208	.000000
2.16677	.709231	.000000
2.16722	.709217	.000000
2.16767	.709257	.000000
2.16813	.709290	.000000
2.16858	.709298	.000000
2.16903	.709316	.000000
2.16949	.709309	.000000
2.16994	.709340	.000000
2.17039	.709352	.000000
2.17085	.709354	.000000
2.1713	.709298	.000000
2.17176	.709288	.000000
2.17221	.709302	.000000
2.17267	.709311	.000000
2.17312	.709326	.000000
2.17358	.709293	.000000
2.17403	.709260	.000000
2.17449	.709272	.000000
2.17495	.709286	.000000
2.1754	.709281	.000000
2.17586	.709311	.000000
2.17632	.709364	.000000
2.17677	.709359	.000000
2.17723	.709385	.000000
2.17769	.709387	.000000
2.17814	.709377	.000000
2.1786	.709382	.000000
2.17906	.709361	.000000
2.17952	.709378	.000000
2.17998	.709324	.000000
2.18043	.709337	.000000
2.18089	.709384	.000000
2.18135	.709338	.000000
2.18181	.709357	.000000
2.18227	.709391	.000000
2.18273	.709411	.000000
2.18319	.709403	.000000
2.18365	.709394	.000000
2.18411	.709396	.000000
2.18457	.709357	.000000
2.18503	.709340	.000000
2.18549	.709345	.000000
2.18595	.709399	.000000
2.18641	.709422	.000000
2.18687	.709370	.000000
2.18733	.709278	.000000
2.18779	.709208	.000000
2.18826	.709208	.000000
2.18872	.709229	.000000
2.18918	.709224	.000000
2.18964	.709241	.000000
2.1901	.709307	.000000
2.19057	.709265	.000000
2.19103	.709265	.000000
2.19149	.709260	.000000
2.19196	.709267	.000000
2.19242	.709377	.000000
2.19288	.709364	.000000
2.19335	.709288	.000000
2.19381	.709276	.000000
2.19428	.709302	.000000
2.19474	.709333	.000000
2.1952	.709323	.000000
2.19567	.709340	.000000
2.19613	.709347	.000000
2.1966	.709377	.000000
2.19707	.709347	.000000
2.19753	.709366	.000000
2.198	.709380	.000000
2.19846	.709351	.000000
2.19893	.709366	.000000
2.1994	.709425	.000000
2.19986	.709491	.000000
2.20033	.709510	.000000
2.2008	.709500	.000000
2.20126	.709514	.000000
2.20173	.709552	.000000
2.2022	.709627	.000000
2.20267	.709726	.000000
2.20313	.709733	.000000
2.2036	.709832	.000000
2.20407	.709884	.000000
2.20454	.709879	.000000
2.20501	.709895	.000000
2.20548	.709964	.000000
2.20595	.710056	.000000
2.20641	.710074	.000000
2.20688	.710081	.000000
2.20735	.710112	.000000
2.20782	.710154	.000000
2.20829	.710122	.000000
2.20876	.710141	.000000
2.20924	.710258	.000000
2.20971	.710282	.000000
2.21018	.710265	.000000
2.21065	.710320	.000000
2.21112	.710379	.000000
2.21159	.710338	.000000
2.21206	.710251	.000000
2.21254	.710326	.000000
2.21301	.710381	.000000
2.21348	.710352	.000000
2.21395	.710313	.000000
2.21442	.710305	.000000
2.2149	.710360	.000000
2.21537	.710385	.000000
2.21584	.710435	.000000
2.21632	.710472	.000000
2.21679	.710492	.000000
2.21727	.710425	.000000
2.21774	.710353	.000000
2.21821	.710386	.000000
2.21869	.710456	.000000
2.21916	.710482	.000000
2.21964	.710482	.000000
2.22011	.710480	.000000
2.22059	.710449	.000000
2.22107	.710404	.000000
2.22154	.710392	.000000
2.22202	.710426	.000000
2.22249	.710506	.000000
2.22297	.710529	.000000
2.22345	.710414	.000000
2.22392	.710334	.000000
2.2244	.710355	.000000
2.22488	.710425	.000000
2.22535	.710402	.000000
2.22583	.710385	.000000
2.22631	.710399	.000000
2.22679	.710390	.000000
2.22727	.710315	.000000
2.22775	.710268	.000000
2.22822	.710249	.000000
2.2287	.710239	.000000
2.22918	.710225	.000000
2.22966	.710239	.000000
2.23014	.710301	.000000
2.23062	.710286	.000000
2.2311	.710244	.000000
2.23158	.710200	.000000
2.23206	.710174	.000000
2.23254	.710218	.000000
2.23302	.710289	.000000
2.2335	.710244	.000000
2.23398	.710160	.000000
2.23447	.710114	.000000
2.23495	.710058	.000000
2.23543	.710047	.000000
2.23591	.709990	.000000
2.23639	.709995	.000000
2.23688	.710060	.000000
2.23736	.710047	.000000
2.23784	.709962	.000000
2.23832	.709921	.000000
2.23881	.709900	.000000
2.23929	.709931	.000000
2.23977	.709910	.000000
2.24026	.709832	.000000
2.24074	.709801	.000000
2.24123	.709801	.000000
2.24171	.709771	.000000
2.2422	.709761	.000000
2.24268	.709745	.000000
2.24317	.709773	.000000
2.24365	.709778	.000000
2.24414	.709670	.000000
2.24462	.709587	.000000
2.24511	.709550	.000000
2.24559	.709516	.000000
2.24608	.709495	.000000
2.24657	.709516	.000000
2.24705	.709505	.000000
2.24754	.709467	.000000
2.24803	.709401	.000000
2.24852	.709410	.000000
2.249	.709403	.000000
2.24949	.709319	.000000
2.24998	.709243	.000000
2.25047	.709205	.000000
2.25096	.709229	.000000
2.25145	.709250	.000000
2.25194	.709218	.000000
2.25242	.709137	.000000
2.25291	.708977	.000000
2.2534	.708867	.000000
2.25389	.708880	.000000
2.25438	.708902	.000000
2.25487	.708888	.000000
2.25536	.708880	.000000
2.25585	.708843	.000000
2.25635	.708831	.000000
2.25684	.708768	.000000
2.25733	.708683	.000000
2.25782	.708640	.000000
2.25831	.708608	.000000
2.2588	.708537	.000000
2.25929	.708541	.000000
2.25979	.708521	.000000
2.26028	.708475	.000000
2.26077	.708461	.000000
2.26127	.708330	.000000
2.26176	.708247	.000000
2.26225	.708205	.000000
2.26275	.708118	.000000
2.26324	.708035	.000000
2.26373	.708047	.000000
2.26423	.708035	.000000
2.26472	.707932	.000000
2.26522	.707882	.000000
2.26571	.707856	.000000
2.26621	.707785	.000000
2.2667	.707745	.000000
2.2672	.707684	.000000
2.26769	.707573	.000000
2.26819	.707453	.000000
2.26869	.707387	.000000
2.26918	.707263	.000000
2.26968	.707164	.000000
2.27018	.707067	.000000
2.27067	.706987	.000000
2.27117	.706954	.000000
2.27167	.706869	.000000
2.27217	.706794	.000000
2.27266	.706716	.000000
2.27316	.706622	.000000
2.27366	.706578	.000000
2.27416	.706483	.000000
2.27466	.706347	.000000
2.27516	.706191	.000000
2.27566	.706100	.000000
2.27616	.706027	.000000
2.27666	.705939	.000000
2.27716	.705758	.000000
2.27766	.705511	.000000
2.27816	.705343	.000000
2.27866	.705174	.000000
2.27916	.705092	.000000
2.27966	.704939	.000000
2.28016	.704731	.000000
2.28066	.704555	.000000
2.28116	.704357	.000000
2.28167	.704183	.000000
2.28217	.704043	.000000
2.28267	.703943	.000000
2.28317	.703791	.000000
2.28368	.703724	.000000
2.28418	.703684	.000000
2.28468	.703648	.000000
2.28518	.703601	.000000
2.28569	.703537	.000000
2.28619	.703505	.000000
2.2867	.703504	.000000
2.2872	.703462	.000000
2.28771	.703417	.000000
2.28821	.703410	.000000
2.28872	.703405	.000000
2.28922	.703396	.000000
2.28973	.703359	.000000
2.29023	.703276	.000000
2.29074	.703243	.000000
2.29124	.703269	.000000
2.29175	.703375	.000000
2.29226	.703353	.000000
2.29276	.703273	.000000
2.29327	.703281	.000000
2.29378	.703274	.000000
2.29429	.703213	.000000
2.29479	.703201	.000000
2.2953	.703220	.000000
2.29581	.703205	.000000
2.29632	.703207	.000000
2.29683	.703247	.000000
2.29734	.703290	.000000
2.29784	.703339	.000000
2.29835	.703313	.000000
2.29886	.703255	.000000
2.29937	.703257	.000000
2.29988	.703269	.000000
2.30039	.703297	.000000
2.3009	.703379	.000000
2.30141	.703448	.000000
2.30193	.703474	.000000
2.30244	.703443	.000000
2.30295	.703438	.000000
2.30346	.703450	.000000
2.30397	.703452	.000000
2.30448	.703443	.000000
2.305	.703505	.000000
2.30551	.703549	.000000
2.30602	.703605	.000000
2.30653	.703618	.000000
2.30705	.703625	.000000
2.30756	.703665	.000000
2.30807	.703697	.000000
2.30859	.703693	.000000
2.3091	.703662	.000000
2.30962	.703636	.000000
2.31013	.703639	.000000
2.31065	.703728	.000000
2.31116	.703817	.000000
2.31168	.703848	.000000
2.31219	.703874	.000000
2.31271	.703954	.000000
2.31322	.704051	.000000
2.31374	.704107	.000000
2.31425	.704142	.000000
2.31477	.704098	.000000
2.31529	.704063	.000000
2.3158	.704048	.000000
2.31632	.704187	.000000
2.31684	.704235	.000000
2.31736	.704223	.000000
2.31788	.704263	.000000
2.31839	.704230	.000000
2.31891	.704209	.000000
2.31943	.704194	.000000
2.31995	.704244	.000000
2.32047	.704255	.000000
2.32099	.704223	.000000
2.32151	.704190	.000000
2.32203	.704143	.000000
2.32255	.704175	.000000
2.32307	.704286	.000000
2.32359	.704291	.000000
2.32411	.704253	.000000
2.32463	.704281	.000000
2.32515	.704296	.000000
2.32567	.704288	.000000
2.3262	.704281	.000000
2.32672	.704265	.000000
2.32724	.704333	.000000
2.32776	.704456	.000000
2.32828	.704487	.000000
2.32881	.704428	.000000
2.32933	.704380	.000000
2.32985	.704312	.000000
2.33038	.704268	.000000
2.3309	.704284	.000000
2.33143	.704289	.000000
2.33195	.704237	.000000
2.33247	.704222	.000000
2.333	.704248	.000000
2.33352	.704249	.000000
2.33405	.704321	.000000
2.33457	.704352	.000000
2.3351	.704362	.000000
2.33563	.704347	.000000
2.33615	.704338	.000000
2.33668	.704340	.000000
2.33721	.704381	.000000
2.33773	.704411	.000000
2.33826	.704335	.000000
2.33879	.704281	.000000
2.33931	.704368	.000000
2.33984	.704362	.000000
2.34037	.704298	.000000
2.3409	.704326	.000000
2.34143	.704319	.000000
2.34196	.704343	.000000
2.34249	.704402	.000000
2.34301	.704390	.000000
2.34354	.704406	.000000
2.34407	.704397	.000000
2.3446	.704312	.000000
2.34513	.704256	.000000
2.34566	.704274	.000000
2.3462	.704268	.000000
2.34673	.704270	.000000
2.34726	.704275	.000000
2.34779	.704244	.000000
2.34832	.704209	.000000
2.34885	.704136	.000000
2.34938	.704126	.000000
2.34992	.704164	.000000
2.35045	.704159	.000000
2.35098	.704133	.000000
2.35152	.704039	.000000
2.35205	.704060	.000000
2.35258	.704044	.000000
2.35312	.703924	.000000
2.35365	.703888	.000000
2.35419	.703942	.000000
2.35472	.703905	.000000
2.35525	.703749	.000000
2.35579	.703679	.000000
2.35632	.703754	.000000
2.35686	.703730	.000000
2.3574	.703669	.000000
2.35793	.703698	.000000
2.35847	.703690	.000000
2.35901	.703580	.000000
2.35954	.703537	.000000
2.36008	.703438	.000000
2.36062	.703358	.000000
2.36115	.703335	.000000
2.36169	.703295	.000000
2.36223	.703222	.000000
2.36277	.703191	.000000
2.36331	.703101	.000000
2.36384	.703034	.000000
2.36438	.703026	.000000
2.36492	.703029	.000000
2.36546	.702963	.000000
2.366	.702848	.000000
2.36654	.702782	.000000
2.36708	.702727	.000000
2.36762	.702697	.000000
2.36816	.702626	.000000
2.3687	.702487	.000000
2.36925	.702421	.000000
2.36979	.702449	.000000
2.37033	.702386	.000000
2.37087	.702284	.000000
2.37141	.702240	.000000
2.37196	.702164	.000000
2.3725	.702141	.000000
2.37304	.702091	.000000
2.37358	.701917	.000000
2.37413	.701886	.000000
2.37467	.701891	.000000
2.37522	.701823	.000000
2.37576	.701743	.000000
2.3763	.701623	.000000
2.37685	.701562	.000000
2.37739	.701479	.000000
2.37794	.701425	.000000
2.37848	.701411	.000000
2.37903	.701286	.000000
2.37958	.701103	.000000
2.38012	.701013	.000000
2.38067	.701003	.000000
2.38122	.700878	.000000
2.38176	.700681	.000000
2.38231	.700605	.000000
2.38286	.700598	.000000
2.3834	.700507	.000000
2.38395	.700394	.000000
2.3845	.700321	.000000
2.38505	.700299	.000000
2.3856	.700254	.000000
2.38615	.700137	.000000
2.3867	.700064	.000000
2.38724	.700068	.000000
2.38779	.700009	.000000
2.38834	.699864	.000000
2.38889	.699796	.000000
2.38945	.699783	.000000
2.39	.699694	.000000
2.39055	.699668	.000000
2.3911	.699678	.000000
2.39165	.699677	.000000
2.3922	.699614	.000000
2.39275	.699520	.000000
2.39331	.699492	.000000
2.39386	.699454	.000000
2.39441	.699431	.000000
2.39496	.699385	.000000
2.39552	.699404	.000000
2.39607	.699463	.000000
2.39663	.699365	.000000
2.39718	.699279	.000000
2.39773	.699221	.000000
2.39829	.699185	.000000
2.39884	.699200	.000000
2.3994	.699212	.000000
2.39995	.699244	.000000
2.40051	.699202	.000000
2.40106	.699160	.000000
2.40162	.699073	.000000
2.40218	.699009	.000000
2.40273	.699023	.000000
2.40329	.698964	.000000
2.40385	.698896	.000000
2.4044	.698872	.000000
2.40496	.698823	.000000
2.40552	.698794	.000000
2.40608	.698738	.000000
2.40664	.698686	.000000
2.4072	.698635	.000000
2.40775	.698597	.000000
2.40831	.698535	.000000
2.40887	.698479	.000000
2.40943	.698439	.000000
2.40999	.698474	.000000
2.41055	.698449	.000000
2.41111	.698446	.000000
2.41167	.698436	.000000
2.41223	.698413	.000000
2.4128	.698342	.000000
2.41336	.698326	.000000
2.41392	.698375	.000000
2.41448	.698371	.000000
2.41504	.698342	.000000
2.41561	.698385	.000000
2.41617	.698321	.000000
2.41673	.698232	.000000
2.4173	.698204	.000000
2.41786	.698201	.000000
2.41842	.698229	.000000
2.41899	.698237	.000000
2.41955	.698291	.000000
2.42012	.698206	.000000
2.42068	.698159	.000000
2.42125	.698168	.000000
2.42181	.698036	.000000
2.42238	.698071	.000000
2.42294	.698184	.000000
2.42351	.698222	.000000
2.42408	.698149	.000000
2.42464	.698001	.000000
2.42521	.697978	.000000
2.42578	.698015	.000000
2.42635	.697989	.000000
2.42691	.697945	.000000
2.42748	.697961	.000000
2.42805	.697932	.000000
2.42862	.697838	.000000
2.42919	.697852	.000000
2.42976	.697878	.000000
2.43033	.697824	.000000
2.4309	.697796	.000000
2.43147	.697780	.000000
2.43204	.697761	.000000
2.43261	.697660	.000000
2.43318	.697601	.000000
2.43375	.697641	.000000
2.43432	.697568	.000000
2.43489	.697415	.000000
2.43546	.697339	.000000
2.43604	.697278	.000000
2.43661	.697228	.000000
2.43718	.697243	.000000
2.43775	.697153	.000000
2.43833	.697052	.000000
2.4389	.697045	.000000
2.43947	.697021	.000000
2.44005	.696917	.000000
2.44062	.696852	.000000
2.4412	.696814	.000000
2.44177	.696758	.000000
2.44235	.696701	.000000
2.44292	.696677	.000000
2.4435	.696555	.000000
2.44407	.696513	.000000
2.44465	.696564	.000000
2.44523	.696529	.000000
2.4458	.696430	.000000
2.44638	.696412	.000000
2.44696	.696428	.000000
2.44754	.696456	.000000
2.44811	.696494	.000000
2.44869	.696536	.000000
2.44927	.696485	.000000
2.44985	.696432	.000000
2.45043	.696458	.000000
2.45101	.696432	.000000
2.45159	.696412	.000000
2.45217	.696395	.000000
2.45275	.696371	.000000
2.45333	.696458	.000000
2.45391	.696505	.000000
2.45449	.696473	.000000
2.45507	.696383	.000000
2.45565	.696329	.000000
2.45623	.696350	.000000
2.45681	.696374	.000000
2.4574	.696411	.000000
2.45798	.696477	.000000
2.45856	.696517	.000000
2.45914	.696496	.000000
2.45973	.696506	.000000
2.46031	.696524	.000000
2.46089	.696477	.000000
2.46148	.696470	.000000
2.46206	.696517	.000000
2.46265	.696553	.000000
2.46323	.696592	.000000
2.46382	.696605	.000000
2.4644	.696578	.000000
2.46499	.696539	.000000
2.46558	.696609	.000000
2.46616	.696659	.000000
2.46675	.696656	.000000
2.46734	.696665	.000000
2.46792	.696626	.000000
2.46851	.696614	.000000
2.4691	.696612	.000000
2.46969	.696612	.000000
2.47027	.696604	.000000
2.47086	.696609	.000000
2.47145	.696600	.000000
2.47204	.696621	.000000
2.47263	.696631	.000000
2.47322	.696678	.000000
2.47381	.696637	.000000
2.4744	.696604	.000000
2.47499	.696671	.000000
2.47558	.696722	.000000
2.47617	.696708	.000000
2.47677	.696652	.000000
2.47736	.696616	.000000
2.47795	.696680	.000000
2.47854	.696711	.000000
2.47913	.696703	.000000
2.47973	.696675	.000000
2.48032	.696614	.000000
2.48091	.696579	.000000
2.48151	.696621	.000000
2.4821	.696600	.000000
2.48269	.696524	.000000
2.48329	.696505	.000000
2.48388	.696553	.000000
2.48448	.696543	.000000
2.48507	.696543	.000000
2.48567	.696508	.000000
2.48627	.696463	.000000
2.48686	.696477	.000000
2.48746	.696477	.000000
2.48806	.696452	.000000
2.48865	.696418	.000000
2.48925	.696350	.000000
2.48985	.696298	.000000
2.49045	.696266	.000000
2.49104	.696310	.000000
2.49164	.696343	.000000
2.49224	.696319	.000000
2.49284	.696289	.000000
2.49344	.696346	.000000
2.49404	.696320	.000000
2.49464	.696294	.000000
2.49524	.696221	.000000
2.49584	.696180	.000000
2.49644	.696220	.000000
2.49704	.696214	.000000
2.49764	.696154	.000000
2.49825	.696147	.000000
2.49885	.696169	.000000
2.49945	.696138	.000000
2.50005	.696126	.000000
2.50066	.696206	.000000
2.50126	.696195	.000000
2.50186	.696174	.000000
2.50247	.696042	.000000
2.50307	.695938	.000000
2.50368	.696006	.000000
2.50428	.696077	.000000
2.50488	.696089	.000000
2.50549	.696032	.000000
2.5061	.695987	.000000
2.5067	.696006	.000000
2.50731	.695987	.000000
2.50791	.695964	.000000
2.50852	.696002	.000000
2.50913	.696060	.000000
2.50973	.696046	.000000
2.51034	.696044	.000000
2.51095	.696037	.000000
2.51156	.696053	.000000
2.51217	.696032	.000000
2.51278	.696034	.000000
2.51338	.696086	.000000
2.51399	.696129	.000000
2.5146	.696141	.000000
2.51521	.696140	.000000
2.51582	.696094	.000000
2.51643	.696039	.000000
2.51704	.695968	.000000
2.51766	.695985	.000000
2.51827	.696063	.000000
2.51888	.696107	.000000
2.51949	.696133	.000000
2.5201	.696124	.000000
2.52072	.696176	.000000
2.52133	.696260	.000000
2.52194	.696199	.000000
2.52256	.696195	.000000
2.52317	.696249	.000000
2.52378	.696230	.000000
2.5244	.696244	.000000
2.52501	.696235	.000000
2.52563	.696181	.000000
2.52624	.696160	.000000
2.52686	.696211	.000000
2.52747	.696268	.000000
2.52809	.696260	.000000
2.52871	.696247	.000000
2.52932	.696275	.000000
2.52994	.696319	.000000
2.53056	.696355	.000000
2.53118	.696306	.000000
2.53179	.696326	.000000
2.53241	.696414	.000000
2.53303	.696411	.000000
2.53365	.696393	.000000
2.53427	.696416	.000000
2.53489	.696350	.000000
2.53551	.696282	.000000
2.53613	.696293	.000000
2.53675	.696345	.000000
2.53737	.696414	.000000
2.53799	.696480	.000000
2.53861	.696416	.000000
2.53923	.696301	.000000
2.53986	.696381	.000000
2.54048	.696458	.000000
2.5411	.696400	.000000
2.54172	.696458	.000000
2.54235	.696412	.000000
2.54297	.696310	.000000
2.54359	.696286	.000000
2.54422	.696360	.000000
2.54484	.696440	.000000
2.54547	.696473	.000000
2.54609	.696539	.000000
2.54672	.696555	.000000
2.54734	.696446	.000000
2.54797	.696465	.000000
2.54859	.696452	.000000
2.54922	.696399	.000000
2.54985	.696508	.000000
2.55048	.696564	.000000
2.5511	.696472	.000000
2.55173	.696353	.000000
2.55236	.696258	.000000
2.55299	.696268	.000000
2.55362	.696320	.000000
2.55424	.696381	.000000
2.55487	.696442	.000000
2.5555	.696498	.000000
2.55613	.696458	.000000
2.55676	.696432	.000000
2.55739	.696472	.000000
2.55803	.696447	.000000
2.55866	.696390	.000000
2.55929	.696371	.000000
2.55992	.696343	.000000
2.56055	.696235	.000000
2.56118	.696081	.000000
2.56182	.696134	.000000
2.56245	.696091	.000000
2.56308	.696084	.000000
2.56372	.696207	.000000
2.56435	.696098	.000000
2.56499	.696077	.000000
2.56562	.696082	.000000
2.56625	.696141	.000000
2.56689	.696143	.000000
2.56753	.696101	.000000
2.56816	.696081	.000000
2.5688	.696053	.000000
2.56943	.695865	.000000
2.57007	.695863	.000000
2.57071	.696002	.000000
2.57135	.696025	.000000
2.57198	.696021	.000000
2.57262	.695867	.000000
2.57326	.695535	.000000
2.5739	.695636	.000000
2.57454	.695827	.000000
2.57518	.695783	.000000
2.57582	.695721	.000000
2.57646	.695571	.000000
2.5771	.695547	.000000
2.57774	.695639	.000000
2.57838	.695589	.000000
2.57902	.695571	.000000
2.57966	.695542	.000000
2.5803	.695394	.000000
2.58095	.695229	.000000
2.58159	.695234	.000000
2.58223	.695168	.000000
2.58287	.695045	.000000
2.58352	.694786	.000000
2.58416	.694652	.000000
2.58481	.694808	.000000
2.58545	.694906	.000000
2.5861	.694871	.000000
2.58674	.694584	.000000
2.58739	.694395	.000000
2.58803	.694468	.000000
2.58868	.694469	.000000
2.58932	.694403	.000000
2.58997	.694396	.000000
2.59062	.694370	.000000
2.59127	.694268	.000000
2.59191	.694118	.000000
2.59256	.693965	.000000
2.59321	.693856	.000000
2.59386	.693291	.000000
2.59451	.692693	.000000
2.59516	.693023	.000000
2.59581	.693075	.000000
2.59646	.693213	.000000
2.59711	.693357	.000000
2.59776	.693183	.000000
2.59841	.693089	.000000
2.59906	.693044	.000000
2.59971	.693004	.000000
2.60036	.692869	.000000
2.60101	.692672	.000000
2.60167	.692439	.000000
2.60232	.692354	.000000
2.60297	.692210	.000000
2.60363	.692055	.000000
2.60428	.691956	.000000
2.60493	.691515	.000000
2.60559	.691094	.000000
2.60624	.691400	.000000
2.6069	.691365	.000000
2.60756	.691124	.000000
2.60821	.691096	.000000
2.60887	.690962	.000000
2.60952	.690597	.000000
2.61018	.690515	.000000
2.61084	.690500	.000000
2.6115	.690387	.000000
2.61215	.690225	.000000
2.61281	.689990	.000000
2.61347	.689813	.000000
2.61413	.689730	.000000
2.61479	.689526	.000000
2.61545	.689196	.000000
2.61611	.688781	.000000
2.61677	.688457	.000000
2.61743	.688438	.000000
2.61809	.688577	.000000
2.61875	.688506	.000000
2.61941	.688212	.000000
2.62007	.687564	.000000
2.62074	.687402	.000000
2.6214	.687689	.000000
2.62206	.687588	.000000
2.62272	.687425	.000000
2.62339	.687218	.000000
2.62405	.687039	.000000
2.62472	.686888	.000000
2.62538	.686601	.000000
2.62604	.686234	.000000
2.62671	.685948	.000000
2.62738	.686047	.000000
2.62804	.686029	.000000
2.62871	.685875	.000000
2.62937	.685576	.000000
2.63004	.685053	.000000
2.63071	.684750	.000000
2.63138	.684995	.000000
2.63204	.684966	.000000
2.63271	.684715	.000000
2.63338	.684479	.000000
2.63405	.684234	.000000
2.63472	.684034	.000000
2.63539	.683893	.000000
2.63606	.683692	.000000
2.63673	.683445	.000000
2.6374	.683162	.000000
2.63807	.682943	.000000
2.63874	.682746	.000000
2.63941	.682578	.000000
2.64009	.682200	.000000
2.64076	.681834	.000000
2.64143	.681575	.000000
2.6421	.681323	.000000
2.64278	.681116	.000000
2.64345	.680895	.000000
2.64412	.680541	.000000
2.6448	.680160	.000000
2.64547	.679790	.000000
2.64615	.679579	.000000
2.64682	.679402	.000000
2.6475	.678943	.000000
2.64818	.678521	.000000
2.64885	.678166	.000000
2.64953	.677741	.000000
2.65021	.677376	.000000
2.65088	.677021	.000000
2.65156	.676580	.000000
2.65224	.676051	.000000
2.65292	.675681	.000000
2.6536	.675377	.000000
2.65428	.674925	.000000
2.65496	.674379	.000000
2.65564	.673886	.000000
2.65632	.673503	.000000
2.657	.673065	.000000
2.65768	.672537	.000000
2.65836	.672007	.000000
2.65904	.671332	.000000
2.65972	.670691	.000000
2.6604	.670182	.000000
2.66109	.669686	.000000
2.66177	.669082	.000000
2.66245	.668538	.000000
2.66314	.667889	.000000
2.66382	.667121	.000000
2.66451	.666016	.000000
2.66519	.665128	.000000
2.66588	.664745	.000000
2.66656	.663708	.000000
2.66725	.662726	.000000
2.66793	.662241	.000000
2.66862	.661426	.000000
2.66931	.660351	.000000
2.67	.658610	.000000
2.67068	.657254	.000000
2.67137	.656568	.000000
2.67206	.655096	.000000
2.67275	.653041	.000000
2.67344	.650717	.000000
2.67413	.648107	.000000
2.67482	.645225	.000000
2.67551	.642267	.000000
2.6762	.639479	.000000
2.67689	.637041	.000000
2.67758	.634813	.000000
2.67827	.632982	.000000
2.67896	.630975	.000000
2.67965	.629035	.000000
2.68035	.627160	.000000
2.68104	.625005	.000000
2.68173	.622639	.000000
2.68243	.619846	.000000
2.68312	.616599	.000000
2.68382	.613052	.000000
2.68451	.608996	.000000
2.68521	.604657	.000000
2.6859	.600427	.000000
2.6866	.596840	.000000
2.68729	.593930	.000000
2.68799	.591314	.000000
2.68869	.588751	.000000
2.68938	.586088	.000000
2.69008	.583342	.000000
2.69078	.580366	.000000
2.69148	.577165	.000000
2.69218	.573760	.000000
2.69288	.570206	.000000
2.69358	.566304	.000000
2.69428	.562484	.000000
2.69498	.558573	.000000
2.69568	.554203	.000000
2.69638	.549573	.000000
2.69708	.544526	.000000
2.69778	.538856	.000000
2.69848	.532560	.000000
2.69918	.525621	.000000
2.69989	.518175	.000000
2.70059	.510443	.000000
2.70129	.502608	.000000
2.702	.494992	.000000
2.7027	.487906	.000000
2.70341	.481621	.000000
2.70411	.476316	.000000
2.70482	.472041	.000000
2.70552	.468716	.000000
2.70623	.466135	.000000
2.70694	.464211	.000000
2.70764	.462758	.000000
2.70835	.461447	.000000
2.70906	.460180	.000000
2.70977	.458969	.000000
2.71047	.457356	.000000
2.71118	.455380	.000000
2.71189	.453423	.000000
2.7126	.451073	.000000
2.71331	.448361	.000000
2.71402	.445603	.000000
2.71473	.442857	.000000
2.71544	.440069	.000000
2.71615	.437532	.000000
2.71686	.435451	.000000
2.71758	.433758	.000000
2.71829	.432316	.000000
2.719	.431294	.000000
2.71971	.430402	.000000
2.72043	.429764	.000000
2.72114	.429730	.000000
2.72186	.430128	.000000
2.72257	.430760	.000000
2.72329	.431495	.000000
2.724	.432274	.000000
2.72472	.433564	.000000
2.72543	.434831	.000000
2.72615	.436093	.000000
2.72687	.437398	.000000
2.72758	.438621	.000000
2.7283	.439798	.000000
2.72902	.440822	.000000
2.72974	.441717	.000000
2.73046	.442495	.000000
2.73118	.443215	.000000
2.7319	.443695	.000000
2.73262	.443907	.000000
2.73334	.443999	.000000
2.73406	.443806	.000000
2.73478	.443476	.000000
2.7355	.443358	.000000
2.73622	.443152	.000000
2.73694	.442714	.000000
2.73767	.442207	.000000
2.73839	.441487	.000000
2.73911	.440757	.000000
2.73984	.439744	.000000
2.74056	.438705	.000000
2.74128	.437712	.000000
2.74201	.436718	.000000
2.74273	.435877	.000000
2.74346	.434945	.000000
2.74419	.433873	.000000
2.74491	.432651	.000000
2.74564	.431318	.000000
2.74637	.429886	.000000
2.74709	.428435	.000000
2.74782	.427029	.000000
2.74855	.425567	.000000
2.74928	.423990	.000000
2.75001	.422522	.000000
2.75074	.421215	.000000
2.75147	.420106	.000000
2.7522	.419487	.000000
2.75293	.419385	.000000
2.75366	.419689	.000000
2.75439	.420314	.000000
2.75512	.421269	.000000
2.75585	.422769	.000000
2.75659	.424534	.000000
2.75732	.426246	.000000
2.75805	.427962	.000000
2.75879	.429604	.000000
2.75952	.430866	.000000
2.76026	.431714	.000000
2.76099	.432227	.000000
2.76173	.432361	.000000
2.76246	.432058	.000000
2.7632	.431627	.000000
2.76393	.430981	.000000
2.76467	.430287	.000000
2.76541	.429490	.000000
2.76615	.428537	.000000
2.76689	.427847	.000000
2.76762	.427202	.000000
2.76836	.426566	.000000
2.7691	.426186	.000000
2.76984	.425861	.000000
2.77058	.425529	.000000
2.77132	.425393	.000000
2.77206	.425320	.000000
2.7728	.425257	.000000
2.77355	.425242	.000000
2.77429	.425273	.000000
2.77503	.425141	.000000
2.77577	.424976	.000000
2.77652	.424875	.000000
2.77726	.424727	.000000
2.778	.424559	.000000
2.77875	.424350	.000000
2.77949	.423990	.000000
2.78024	.423478	.000000
2.78098	.422878	.000000
2.78173	.422185	.000000
2.78248	.421444	.000000
2.78322	.420633	.000000
2.78397	.419824	.000000
2.78472	.419091	.000000
2.78547	.418319	.000000
2.78621	.417502	.000000
2.78696	.416778	.000000
2.78771	.415935	.000000
2.78846	.415095	.000000
2.78921	.414422	.000000
2.78996	.413732	.000000
2.79071	.412928	.000000
2.79146	.412027	.000000
2.79222	.411158	.000000
2.79297	.410272	.000000
2.79372	.409342	.000000
2.79447	.408485	.000000
2.79523	.407608	.000000
2.79598	.406586	.000000
2.79673	.405623	.000000
2.79749	.404712	.000000
2.79824	.403713	.000000
2.799	.402785	.000000
2.79975	.402032	.000000
2.80051	.401163	.000000
2.80127	.400195	.000000
2.80202	.399246	.000000
2.80278	.398335	.000000
2.80354	.397435	.000000
2.8043	.396564	.000000
2.80506	.395620	.000000
2.80582	.394591	.000000
2.80657	.393691	.000000
2.80733	.392813	.000000
2.80809	.391784	.000000
2.80886	.390801	.000000
2.80962	.389841	.000000
2.81038	.388814	.000000
2.81114	.387815	.000000
2.8119	.386807	.000000
2.81266	.385720	.000000
2.81343	.384716	.000000
2.81419	.383772	.000000
2.81496	.382757	.000000
2.81572	.381634	.000000
2.81648	.380510	.000000
2.81725	.379495	.000000
2.81802	.378480	.000000
2.81878	.377419	.000000
2.81955	.376364	.000000
2.82031	.375318	.000000
2.82108	.374234	.000000
2.82185	.373100	.000000
2.82262	.372024	.000000
2.82339	.370957	.000000
2.82416	.369864	.000000
2.82492	.368837	.000000
2.82569	.367869	.000000
2.82646	.366866	.000000
2.82724	.365818	.000000
2.82801	.364792	.000000
2.82878	.363828	.000000
2.82955	.362813	.000000
2.83032	.361864	.000000
2.83109	.360936	.000000
2.83187	.360039	.000000
2.83264	.359043	.000000
2.83342	.358094	.000000
2.83419	.357241	.000000
2.83497	.356302	.000000
2.83574	.355393	.000000
2.83652	.354522	.000000
2.83729	.353690	.000000
2.83807	.352840	.000000
2.83885	.352042	.000000
2.83962	.351258	.000000
2.8404	.350433	.000000
2.84118	.349546	.000000
2.84196	.348663	.000000
2.84274	.347886	.000000
2.84352	.347130	.000000
2.8443	.346341	.000000
2.84508	.345504	.000000
2.84586	.344784	.000000
2.84664	.343988	.000000
2.84742	.343201	.000000
2.8482	.342525	.000000
2.84898	.341694	.000000
2.84977	.340898	.000000
2.85055	.340150	.000000
2.85133	.339358	.000000
2.85212	.338701	.000000
2.8529	.338073	.000000
2.85369	.337297	.000000
2.85447	.336533	.000000
2.85526	.335856	.000000
2.85605	.335138	.000000
2.85683	.334347	.000000
2.85762	.333619	.000000
2.85841	.333000	.000000
2.8592	.332380	.000000
2.85999	.331745	.000000
2.86077	.331245	.000000
2.86156	.330657	.000000
2.86235	.329998	.000000
2.86314	.329487	.000000
2.86393	.328926	.000000
2.86473	.328215	.000000
2.86552	.327598	.000000
2.86631	.326995	.000000
2.8671	.326375	.000000
2.86789	.325909	.000000
2.86869	.325419	.000000
2.86948	.324960	.000000
2.87028	.324570	.000000
2.87107	.324028	.000000
2.87187	.323375	.000000
2.87266	.322871	.000000
2.87346	.322464	.000000
2.87425	.321956	.000000
2.87505	.321503	.000000
2.87585	.321138	.000000
2.87665	.320703	.000000
2.87744	.320255	.000000
2.87824	.319796	.000000
2.87904	.319370	.000000
2.87984	.318873	.000000
2.88064	.318477	.000000
2.88144	.318173	.000000
2.88224	.317804	.000000
2.88304	.317399	.000000
2.88385	.316953	.000000
2.88465	.316591	.000000
2.88545	.316200	.000000
2.88625	.315802	.000000
2.88706	.315380	.000000
2.88786	.314961	.000000
2.88867	.314686	.000000
2.88947	.314478	.000000
2.89028	.314109	.000000
2.89108	.313730	.000000
2.89189	.313400	.000000
2.8927	.313066	.000000
2.8935	.312717	.000000
2.89431	.312503	.000000
2.89512	.312256	.000000
2.89593	.311947	.000000
2.89674	.311610	.000000
2.89755	.311307	.000000
2.89836	.310953	.000000
2.89917	.310605	.000000
2.89998	.310393	.000000
2.90079	.310122	.000000
2.9016	.309908	.000000
2.90241	.309787	.000000
2.90322	.309481	.000000
2.90404	.309177	.000000
2.90485	.309001	.000000
2.90567	.308815	.000000
2.90648	.308664	.000000
2.90729	.308457	.000000
2.90811	.308177	.000000
2.90893	.307967	.000000
2.90974	.307821	.000000
2.91056	.307647	.000000
2.91138	.307397	.000000
2.91219	.307239	.000000
2.91301	.307067	.000000
2.91383	.306853	.000000
2.91465	.306761	.000000
2.91547	.306662	.000000
2.91629	.306465	.000000
2.91711	.306276	.000000
2.91793	.306205	.000000
2.91875	.306074	.000000
2.91957	.305963	.000000
2.92039	.305876	.000000
2.92122	.305813	.000000
2.92204	.305713	.000000
2.92286	.305634	.000000
2.92369	.305560	.000000
2.92451	.305537	.000000
2.92534	.305490	.000000
2.92616	.305448	.000000
2.92699	.305447	.000000
2.92782	.305431	.000000
2.92864	.305405	.000000
2.92947	.305355	.000000
2.9303	.305275	.000000
2.93113	.305247	.000000
2.93195	.305240	.000000
2.93278	.305196	.000000
2.93361	.305229	.000000
2.93444	.305335	.000000
2.93527	.305410	.000000
2.93611	.305415	.000000
2.93694	.305408	.000000
2.93777	.305362	.000000
2.9386	.305329	.000000
2.93943	.305408	.000000
2.94027	.305464	.000000
2.9411	.305535	.000000
2.94194	.305567	.000000
2.94277	.305634	.000000
2.94361	.305674	.000000
2.94444	.305634	.000000
2.94528	.305666	.000000
2.94612	.305786	.000000
2.94695	.305789	.000000
2.94779	.305789	.000000
2.94863	.305876	.000000
2.94947	.305987	.000000
2.95031	.306085	.000000
2.95115	.306246	.000000
2.95199	.306317	.000000
2.95283	.306323	.000000
2.95367	.306453	.000000
2.95451	.306609	.000000
2.95535	.306740	.000000
2.95619	.306947	.000000
2.95704	.307141	.000000
2.95788	.307192	.000000
2.95872	.307369	.000000
2.95957	.307590	.000000
2.96041	.307692	.000000
2.96126	.307791	.000000
2.96211	.307932	.000000
2.96295	.308153	.000000
2.9638	.308344	.000000
2.96465	.308497	.000000
2.96549	.308662	.000000
2.96634	.308956	.000000
2.96719	.309168	.000000
2.96804	.309333	.000000
2.96889	.309585	.000000
2.96974	.309832	.000000
2.97059	.310016	.000000
2.97144	.310193	.000000
2.97229	.310332	.000000
2.97315	.310437	.000000
2.974	.310716	.000000
2.97485	.310974	.000000
2.97571	.311146	.000000
2.97656	.311370	.000000
2.97741	.311664	.000000
2.97827	.311869	.000000
2.97913	.311949	.000000
2.97998	.312133	.000000
2.98084	.312425	.000000
2.9817	.312637	.000000
2.98255	.312861	.000000
2.98341	.313105	.000000
2.98427	.313252	.000000
2.98513	.313320	.000000
2.98599	.313513	.000000
2.98685	.313807	.000000
2.98771	.314099	.000000
2.98857	.314366	.000000
2.98943	.314620	.000000
2.99029	.314844	.000000
2.99116	.315121	.000000
2.99202	.315322	.000000
2.99288	.315514	.000000
2.99375	.315776	.000000
2.99461	.316038	.000000
2.99548	.316245	.000000
2.99634	.316462	.000000
2.99721	.316713	.000000
2.99807	.317052	.000000
2.99894	.317342	.000000
2.99981	.317578	.000000
3.00068	.317794	.000000
3.00155	.318035	.000000
3.00241	.318247	.000000
3.00328	.318506	.000000
3.00415	.318859	.000000
3.00503	.319111	.000000
3.0059	.319348	.000000
3.00677	.319601	.000000
3.00764	.319862	.000000
3.00851	.320151	.000000
3.00939	.320444	.000000
3.01026	.320676	.000000
3.01113	.320962	.000000
3.01201	.321246	.000000
3.01288	.321475	.000000
3.01376	.321774	.000000
3.01463	.322116	.000000
3.01551	.322415	.000000
3.01639	.322547	.000000
3.01727	.322735	.000000
3.01814	.323053	.000000
3.01902	.323333	.000000
3.0199	.323594	.000000
3.02078	.323820	.000000
3.02166	.324075	.000000
3.02254	.324430	.000000
3.02342	.324779	.000000
3.02431	.325066	.000000
3.02519	.325353	.000000
3.02607	.325612	.000000
3.02696	.325957	.000000
3.02784	.326251	.000000
3.02872	.326455	.000000
3.02961	.326653	.000000
3.03049	.326978	.000000
3.03138	.327277	.000000
3.03227	.327543	.000000
3.03315	.327887	.000000
3.03404	.328194	.000000
3.03493	.328462	.000000
3.03582	.328728	.000000
3.03671	.329027	.000000
3.0376	.329369	.000000
3.03849	.329639	.000000
3.03938	.329905	.000000
3.04027	.330158	.000000
3.04116	.330436	.000000
3.04205	.330753	.000000
3.04294	.331133	.000000
3.04384	.331434	.000000
3.04473	.331644	.000000
3.04562	.331929	.000000
3.04652	.332353	.000000
3.04741	.332809	.000000
3.04831	.333066	.000000
3.04921	.333269	.000000
3.0501	.333502	.000000
3.051	.333747	.000000
3.0519	.334104	.000000
3.0528	.334450	.000000
3.0537	.334780	.000000
3.0546	.335001	.000000
3.0555	.335280	.000000
3.0564	.335658	.000000
3.0573	.335913	.000000
3.0582	.336087	.000000
3.0591	.336405	.000000
3.06	.336805	.000000
3.06091	.337111	.000000
3.06181	.337371	.000000
3.06272	.337583	.000000
3.06362	.337818	.000000
3.06453	.338105	.000000
3.06543	.338466	.000000
3.06634	.338637	.000000
3.06725	.338789	.000000
3.06815	.339012	.000000
3.06906	.339227	.000000
3.06997	.339546	.000000
3.07088	.339836	.000000
3.07179	.340077	.000000
3.0727	.340347	.000000
3.07361	.340552	.000000
3.07452	.340757	.000000
3.07543	.340943	.000000
3.07634	.341044	.000000
3.07726	.341249	.000000
3.07817	.341506	.000000
3.07909	.341664	.000000
3.08	.341788	.000000
3.08092	.341958	.000000
3.08183	.342154	.000000
3.08275	.342321	.000000
3.08366	.342474	.000000
3.08458	.342610	.000000
3.0855	.342754	.000000
3.08642	.342893	.000000
3.08734	.343082	.000000
3.08826	.343161	.000000
3.08918	.343216	.000000
3.0901	.343413	.000000
3.09102	.343604	.000000
3.09194	.343701	.000000
3.09286	.343805	.000000
3.09378	.343877	.000000
3.09471	.344045	.000000
3.09563	.344226	.000000
3.09655	.344332	.000000
3.09748	.344362	.000000
3.09841	.344516	.000000
3.09933	.344678	.000000
3.10026	.344817	.000000
3.10119	.344979	.000000
3.10211	.345073	.000000
3.10304	.345081	.000000
3.10397	.345139	.000000
3.1049	.345304	.000000
3.10583	.345547	.000000
3.10676	.345641	.000000
3.10769	.345768	.000000
3.10862	.345886	.000000
3.10956	.345975	.000000
3.11049	.346143	.000000
3.11142	.346282	.000000
3.11236	.346407	.000000
3.11329	.346564	.000000
3.11422	.346666	.000000
3.11516	.346835	.000000
3.1161	.347108	.000000
3.11703	.347163	.000000
3.11797	.347120	.000000
3.11891	.347283	.000000
3.11985	.347560	.000000
3.12079	.347733	.000000
3.12172	.347824	.000000
3.12266	.347958	.000000
3.12361	.348050	.000000
3.12455	.348215	.000000
3.12549	.348488	.000000
3.12643	.348755	.000000
3.12737	.348861	.000000
3.12832	.349002	.000000
3.12926	.349141	.000000
3.13021	.349296	.000000
3.13115	.349512	.000000
3.1321	.349670	.000000
3.13304	.349861	.000000
3.13399	.350087	.000000
3.13494	.350318	.000000
3.13589	.350537	.000000
3.13683	.350659	.000000
3.13778	.350813	.000000
3.13873	.351024	.000000
3.13968	.351260	.000000
3.14063	.351441	.000000
3.14159	.351627	.000000
3.14254	.351748	.000000
3.14349	.351917	.000000
3.14444	.352066	.000000
3.1454	.352240	.000000
3.14635	.352444	.000000
3.14731	.352685	.000000
3.14826	.352889	.000000
3.14922	.353158	.000000
3.15018	.353479	.000000
3.15113	.353758	.000000
3.15209	.354017	.000000
3.15305	.354180	.000000
3.15401	.354453	.000000
3.15497	.354710	.000000
3.15593	.354853	.000000
3.15689	.355108	.000000
3.15785	.355358	.000000
3.15881	.355537	.000000
3.15977	.355680	.000000
3.16074	.355928	.000000
3.1617	.356226	.000000
3.16267	.356471	.000000
3.16363	.356700	.000000
3.1646	.356870	.000000
3.16556	.357058	.000000
3.16653	.357394	.000000
3.1675	.357732	.000000
3.16846	.357927	.000000
3.16943	.358089	.000000
3.1704	.358308	.000000
3.17137	.358582	.000000
3.17234	.358845	.000000
3.17331	.359118	.000000
3.17428	.359436	.000000
3.17525	.359636	.000000
3.17623	.359801	.000000
3.1772	.360037	.000000
3.17817	.360380	.000000
3.17915	.360661	.000000
3.18012	.360981	.000000
3.1811	.361236	.000000
3.18208	.361450	.000000
3.18305	.361725	.000000
3.18403	.361979	.000000
3.18501	.362173	.000000
3.18599	.362390	.000000
3.18696	.362750	.000000
3.18794	.363065	.000000
3.18893	.363280	.000000
3.18991	.363550	.000000
3.19089	.363840	.000000
3.19187	.364007	.000000
3.19285	.364332	.000000
3.19384	.364686	.000000
3.19482	.365003	.000000
3.19581	.365309	.000000
3.19679	.365489	.000000
3.19778	.365733	.000000
3.19876	.366063	.000000
3.19975	.366407	.000000
3.20074	.366612	.000000
3.20173	.366803	.000000
3.20271	.367175	.000000
3.2037	.367518	.000000
3.20469	.367693	.000000
3.20568	.367940	.000000
3.20668	.368368	.000000
3.20767	.368686	.000000
3.20866	.368967	.000000
3.20965	.369204	.000000
3.21065	.369450	.000000
3.21164	.369786	.000000
3.21264	.370170	.000000
3.21363	.370504	.000000
3.21463	.370853	.000000
3.21563	.371105	.000000
3.21662	.371357	.000000
3.21762	.371682	.000000
3.21862	.371932	.000000
3.21962	.372226	.000000
3.22062	.372589	.000000
3.22162	.372900	.000000
3.22262	.373198	.000000
3.22362	.373491	.000000
3.22462	.373796	.000000
3.22563	.374154	.000000
3.22663	.374426	.000000
3.22764	.374642	.000000
3.22864	.375004	.000000
3.22965	.375342	.000000
3.23065	.375591	.000000
3.23166	.375886	.000000
3.23267	.376145	.000000
3.23368	.376384	.000000
3.23468	.376747	.000000
3.23569	.377136	.000000
3.2367	.377456	.000000
3.23771	.377748	.000000
3.23873	.378122	.000000
3.23974	.378553	.000000
3.24075	.378841	.000000
3.24176	.379147	.000000
3.24278	.379418	.000000
3.24379	.379705	.000000
3.24481	.380072	.000000
3.24582	.380327	.000000
3.24684	.380518	.000000
3.24785	.380916	.000000
3.24887	.381276	.000000
3.24989	.381493	.000000
3.25091	.381811	.000000
3.25193	.382175	.000000
3.25295	.382468	.000000
3.25397	.382783	.000000
3.25499	.383127	.000000
3.25601	.383480	.000000
3.25704	.383795	.000000
3.25806	.384081	.000000
3.25908	.384405	.000000
3.26011	.384660	.000000
3.26113	.384923	.000000
3.26216	.385300	.000000
3.26319	.385613	.000000
3.26421	.385922	.000000
3.26524	.386264	.000000
3.26627	.386662	.000000
3.2673	.387017	.000000
3.26833	.387276	.000000
3.26936	.387531	.000000
3.27039	.387806	.000000
3.27142	.388145	.000000
3.27245	.388581	.000000
3.27349	.388896	.000000
3.27452	.389186	.000000
3.27555	.389541	.000000
3.27659	.389800	.000000
3.27763	.390154	.000000
3.27866	.390448	.000000
3.2797	.390665	.000000
3.28074	.390888	.000000
3.28178	.391233	.000000
3.28281	.391645	.000000
3.28385	.391878	.000000
3.28489	.392245	.000000
3.28593	.392700	.000000
3.28698	.393036	.000000
3.28802	.393542	.000000
3.28906	.393938	.000000
3.2901	.394176	.000000
3.29115	.394491	.000000
3.29219	.394828	.000000
3.29324	.395062	.000000
3.29429	.395222	.000000
3.29533	.395495	.000000
3.29638	.395869	.000000
3.29743	.396270	.000000
3.29848	.396588	.000000
3.29953	.396903	.000000
3.30058	.397110	.000000
3.30163	.397433	.000000
3.30268	.397803	.000000
3.30373	.398153	.000000
3.30478	.398458	.000000
3.30584	.398822	.000000
3.30689	.399175	.000000
3.30795	.399479	.000000
3.309	.399807	.000000
3.31006	.400094	.000000
3.31112	.400452	.000000
3.31217	.400664	.000000
3.31323	.400947	.000000
3.31429	.401401	.000000
3.31535	.401686	.000000
3.31641	.401950	.000000
3.31747	.402345	.000000
3.31853	.402682	.000000
3.3196	.402984	.000000
3.32066	.403242	.000000
3.32172	.403523	.000000
3.32279	.403859	.000000
3.32385	.404244	.000000
3.32492	.404662	.000000
3.32598	.404898	.000000
3.32705	.405131	.000000
3.32812	.405546	.000000
3.32919	.405943	.000000
3.33026	.406182	.000000
3.33133	.406454	.000000
3.3324	.406765	.000000
3.33347	.406985	.000000
3.33454	.407244	.000000
3.33561	.407465	.000000
3.33669	.407712	.000000
3.33776	.408091	.000000
3.33884	.408459	.000000
3.33991	.408732	.000000
3.34099	.409012	.000000
3.34206	.409243	.000000
3.34314	.409400	.000000
3.34422	.409627	.000000
3.3453	.409963	.000000
3.34638	.410302	.000000
3.34746	.410545	.000000
3.34854	.410722	.000000
3.34962	.410955	.000000
3.3507	.411176	.000000
3.35179	.411530	.000000
3.35287	.411890	.000000
3.35395	.412132	.000000
3.35504	.412425	.000000
3.35612	.412773	.000000
3.35721	.412992	.000000
3.3583	.413221	.000000
3.35939	.413439	.000000
3.36048	.413672	.000000
3.36156	.414011	.000000
3.36265	.414264	.000000
3.36375	.414454	.000000
3.36484	.414681	.000000
3.36593	.414867	.000000
3.36702	.415114	.000000
3.36812	.415401	.000000
3.36921	.415594	.000000
3.3703	.415750	.000000
3.3714	.415954	.000000
3.3725	.416089	.000000
3.37359	.416364	.000000
3.37469	.416614	.000000
3.37579	.416781	.000000
3.37689	.416809	.000000
3.37799	.416746	.000000
3.37909	.416604	.000000
3.38019	.416579	.000000
3.3813	.416861	.000000
3.3824	.417302	.000000
3.3835	.417780	.000000
3.38461	.418359	.000000
3.38571	.419032	.000000
3.38682	.419558	.000000
3.38792	.420012	.000000
3.38903	.420504	.000000
3.39014	.420898	.000000
3.39125	.421330	.000000
3.39236	.421748	.000000
3.39347	.421988	.000000
3.39458	.422181	.000000
3.39569	.422459	.000000
3.3968	.422708	.000000
3.39791	.423008	.000000
3.39903	.423278	.000000
3.40014	.423585	.000000
3.40126	.423825	.000000
3.40237	.424152	.000000
3.40349	.424435	.000000
3.40461	.424623	.000000
3.40573	.424875	.000000
3.40685	.425242	.000000
3.40797	.425569	.000000
3.40909	.426012	.000000
3.41021	.426465	.000000
3.41133	.426697	.000000
3.41245	.427044	.000000
3.41357	.427463	.000000
3.4147	.427852	.000000
3.41582	.428311	.000000
3.41695	.428812	.000000
3.41807	.429258	.000000
3.4192	.429650	.000000
3.42033	.430046	.000000
3.42146	.430512	.000000
3.42259	.430932	.000000
3.42372	.431417	.000000
3.42485	.431952	.000000
3.42598	.432371	.000000
3.42711	.432837	.000000
3.42825	.433279	.000000
3.42938	.433578	.000000
3.43051	.433996	.000000
3.43165	.434528	.000000
3.43279	.434872	.000000
3.43392	.435269	.000000
3.43506	.435681	.000000
3.4362	.435940	.000000
3.43734	.436270	.000000
3.43848	.436676	.000000
3.43962	.437168	.000000
3.44076	.437559	.000000
3.4419	.437853	.000000
3.44304	.438267	.000000
3.44419	.438724	.000000
3.44533	.439145	.000000
3.44648	.439577	.000000
3.44762	.440045	.000000
3.44877	.440403	.000000
3.44992	.440686	.000000
3.45106	.441086	.000000
3.45221	.441484	.000000
3.45336	.441870	.000000
3.45451	.442162	.000000
3.45566	.442515	.000000
3.45682	.442871	.000000
3.45797	.443220	.000000
3.45912	.443471	.000000
3.46028	.443728	.000000
3.46143	.444086	.000000
3.46259	.444435	.000000
3.46374	.444644	.000000
3.4649	.444811	.000000
3.46606	.444955	.000000
3.46722	.445122	.000000
3.46838	.445295	.000000
3.46954	.445375	.000000
3.4707	.445450	.000000
3.47186	.445499	.000000
3.47302	.445388	.000000
3.47419	.445238	.000000
3.47535	.445085	.000000
3.47652	.444882	.000000
3.47768	.444863	.000000
3.47885	.444943	.000000
3.48002	.445070	.000000
3.48119	.445462	.000000
3.48236	.445883	.000000
3.48353	.446276	.000000
3.4847	.446733	.000000
3.48587	.447152	.000000
3.48704	.447421	.000000
3.48821	.447750	.000000
3.48939	.448290	.000000
3.49056	.448832	.000000
3.49174	.449406	.000000
3.49291	.450077	.000000
3.49409	.450628	.000000
3.49527	.451108	.000000
3.49645	.451481	.000000
3.49763	.452025	.000000
3.49881	.452691	.000000
3.49999	.453209	.000000
3.50117	.453722	.000000
3.50235	.454391	.000000
3.50353	.455157	.000000
3.50472	.455753	.000000
3.5059	.456177	.000000
3.50709	.456746	.000000
3.50828	.457438	.000000
3.50946	.457872	.000000
3.51065	.458305	.000000
3.51184	.458851	.000000
3.51303	.459428	.000000
3.51422	.459954	.000000
3.51541	.460425	.000000
3.5166	.460922	.000000
3.5178	.461494	.000000
3.51899	.461911	.000000
3.52018	.462389	.000000
3.52138	.463022	.000000
3.52258	.463559	.000000
3.52377	.464070	.000000
3.52497	.464569	.000000
3.52617	.465090	.000000
3.52737	.465566	.000000
3.52857	.465944	.000000
3.52977	.466380	.000000
3.53097	.466868	.000000
3.53218	.467381	.000000
3.53338	.467826	.000000
3.53458	.468252	.000000
3.53579	.468756	.000000
3.537	.469107	.000000
3.5382	.469590	.000000
3.53941	.470190	.000000
3.54062	.470614	.000000
3.54183	.470972	.000000
3.54304	.471337	.000000
3.54425	.471735	.000000
3.54546	.472171	.000000
3.54667	.472560	.000000
3.54789	.472882	.000000
3.5491	.473302	.000000
3.55032	.473801	.000000
3.55153	.474293	.000000
3.55275	.474682	.000000
3.55397	.475009	.000000
3.55518	.475456	.000000
3.5564	.475885	.000000
3.55762	.476203	.000000
3.55884	.476586	.000000
3.56007	.477060	.000000
3.56129	.477394	.000000
3.56251	.477761	.000000
3.56374	.478204	.000000
3.56496	.478529	.000000
3.56619	.478882	.000000
3.56742	.479332	.000000
3.56864	.479636	.000000
3.56987	.479871	.000000
3.5711	.480185	.000000
3.57233	.480618	.000000
3.57356	.481007	.000000
3.57479	.481431	.000000
3.57603	.481767	.000000
3.57726	.482147	.000000
3.57849	.482662	.000000
3.57973	.483129	.000000
3.58097	.483411	.000000
3.5822	.483734	.000000
3.58344	.484167	.000000
3.58468	.484622	.000000
3.58592	.484916	.000000
3.58716	.485130	.000000
3.5884	.485625	.000000
3.58964	.485966	.000000
3.59089	.486254	.000000
3.59213	.486635	.000000
3.59338	.486937	.000000
3.59462	.487233	.000000
3.59587	.487584	.000000
3.59712	.488005	.000000
3.59836	.488476	.000000
3.59961	.488825	.000000
3.60086	.489152	.000000
3.60211	.489600	.000000
3.60337	.489984	.000000
3.60462	.490231	.000000
3.60587	.490544	.000000
3.60713	.490909	.000000
3.60838	.491246	.000000
3.60964	.491700	.000000
3.61089	.492014	.000000
3.61215	.492261	.000000
3.61341	.492746	.000000
3.61467	.493227	.000000
3.61593	.493544	.000000
3.61719	.493780	.000000
3.61845	.494006	.000000
3.61972	.494409	.000000
3.62098	.494950	.000000
3.62225	.495320	.000000
3.62351	.495616	.000000
3.62478	.495946	.000000
3.62605	.496273	.000000
3.62731	.496531	.000000
3.62858	.496886	.000000
3.62985	.497221	.000000
3.63112	.497649	.000000
3.6324	.497990	.000000
3.63367	.498301	.000000
3.63494	.498706	.000000
3.63622	.499059	.000000
3.63749	.499340	.000000
3.63877	.499710	.000000
3.64005	.500041	.000000
3.64132	.500414	.000000
3.6426	.500779	.000000
3.64388	.501075	.000000
3.64516	.501414	.000000
3.64645	.501685	.000000
3.64773	.501867	.000000
3.64901	.502145	.000000
3.6503	.502517	.000000
3.65158	.502851	.000000
3.65287	.503053	.000000
3.65416	.503256	.000000
3.65545	.503690	.000000
3.65673	.504061	.000000
3.65802	.504332	.000000
3.65932	.504634	.000000
3.66061	.504982	.000000
3.6619	.505394	.000000
3.66319	.505750	.000000
3.66449	.506148	.000000
3.66578	.506565	.000000
3.66708	.506986	.000000
3.66838	.507363	.000000
3.66967	.507798	.000000
3.67097	.508189	.000000
3.67227	.508564	.000000
3.67357	.508967	.000000
3.67488	.509388	.000000
3.67618	.509612	.000000
3.67748	.509770	.000000
3.67879	.510083	.000000
3.68009	.510521	.000000
3.6814	.510907	.000000
3.68271	.511234	.000000
3.68402	.511484	.000000
3.68532	.511845	.000000
3.68664	.512195	.000000
3.68795	.512506	.000000
3.68926	.512812	.000000
3.69057	.513145	.000000
3.69189	.513523	.000000
3.6932	.513884	.000000
3.69452	.514338	.000000
3.69583	.514689	.000000
3.69715	.514727	.000000
3.69847	.515052	.000000
3.69979	.515546	.000000
3.70111	.515773	.000000
3.70243	.515958	.000000
3.70375	.516250	.000000
3.70508	.516677	.000000
3.7064	.517094	.000000
3.70773	.517292	.000000
3.70905	.517564	.000000
3.71038	.517923	.000000
3.71171	.518125	.000000
3.71304	.518328	.000000
3.71437	.518620	.000000
3.7157	.519071	.000000
3.71703	.519437	.000000
3.71836	.519734	.000000
3.7197	.519985	.000000
3.72103	.520379	.000000
3.72237	.520748	.000000
3.7237	.520967	.000000
3.72504	.521215	.000000
3.72638	.521462	.000000
3.72772	.521688	.000000
3.72906	.521978	.000000
3.7304	.522265	.000000
3.73174	.522594	.000000
3.73309	.522948	.000000
3.73443	.523237	.000000
3.73578	.523438	.000000
3.73712	.523628	.000000
3.73847	.523861	.000000
3.73982	.524151	.000000
3.74117	.524481	.000000
3.74252	.524716	.000000
3.74387	.525112	.000000
3.74522	.525510	.000000
3.74657	.525658	.000000
3.74793	.525859	.000000
3.74928	.526132	.000000
3.75064	.526379	.000000
3.752	.526626	.000000
3.75335	.527005	.000000
3.75471	.527323	.000000
3.75607	.527441	.000000
3.75744	.527618	.000000
3.7588	.527928	.000000
3.76016	.528289	.000000
3.76152	.528538	.000000
3.76289	.528604	.000000
3.76425	.528760	.000000
3.76562	.529184	.000000
3.76699	.529570	.000000
3.76836	.529853	.000000
3.76973	.529959	.000000
3.7711	.530175	.000000
3.77247	.530580	.000000
3.77385	.530750	.000000
3.77522	.530863	.000000
3.77659	.531119	.000000
3.77797	.531286	.000000
3.77935	.531541	.000000
3.78072	.531843	.000000
3.7821	.532130	.000000
3.78348	.532460	.000000
3.78486	.532714	.000000
3.78625	.532841	.000000
3.78763	.532992	.000000
3.78901	.533150	.000000
3.7904	.533376	.000000
3.79178	.533646	.000000
3.79317	.534040	.000000
3.79456	.534411	.000000
3.79595	.534701	.000000
3.79734	.534986	.000000
3.79873	.535047	.000000
3.80012	.535132	.000000
3.80151	.535441	.000000
3.80291	.535752	.000000
3.8043	.535924	.000000
3.8057	.536065	.000000
3.8071	.536281	.000000
3.8085	.536576	.000000
3.80989	.536804	.000000
3.8113	.536901	.000000
3.8127	.537120	.000000
3.8141	.537423	.000000
3.8155	.537701	.000000
3.81691	.537901	.000000
3.81831	.538165	.000000
3.81972	.538537	.000000
3.82113	.538822	.000000
3.82253	.538912	.000000
3.82394	.539171	.000000
3.82536	.539607	.000000
3.82677	.539899	.000000
3.82818	.539948	.000000
3.82959	.540023	.000000
3.83101	.540125	.000000
3.83243	.540509	.000000
3.83384	.540888	.000000
3.83526	.541100	.000000
3.83668	.541371	.000000
3.8381	.541570	.000000
3.83952	.541825	.000000
3.84094	.542187	.000000
3.84236	.542293	.000000
3.84379	.542435	.000000
3.84521	.542725	.000000
3.84664	.543049	.000000
3.84807	.543308	.000000
3.8495	.543487	.000000
3.85093	.543596	.000000
3.85236	.543820	.000000
3.85379	.544085	.000000
3.85522	.544394	.000000
3.85666	.544578	.000000
3.85809	.544985	.000000
3.85953	.545209	.000000
3.86096	.545339	.000000
3.8624	.545524	.000000
3.86384	.545776	.000000
3.86528	.546036	.000000
3.86672	.546335	.000000
3.86816	.546702	.000000
3.86961	.547036	.000000
3.87105	.547218	.000000
3.8725	.547479	.000000
3.87394	.547754	.000000
3.87539	.547873	.000000
3.87684	.548112	.000000
3.87829	.548331	.000000
3.87974	.548534	.000000
3.88119	.548871	.000000
3.88265	.549241	.000000
3.8841	.549462	.000000
3.88556	.549585	.000000
3.88701	.549768	.000000
3.88847	.549989	.000000
3.88993	.550446	.000000
3.89139	.550715	.000000
3.89285	.550934	.000000
3.89431	.551078	.000000
3.89578	.551219	.000000
3.89724	.551612	.000000
3.89871	.552045	.000000
3.90017	.552269	.000000
3.90164	.552349	.000000
3.90311	.552443	.000000
3.90458	.552610	.000000
3.90605	.552869	.000000
3.90752	.553216	.000000
3.90899	.553546	.000000
3.91047	.553729	.000000
3.91194	.553856	.000000
3.91342	.554080	.000000
3.9149	.554386	.000000
3.91638	.554666	.000000
3.91785	.554779	.000000
3.91934	.554906	.000000
3.92082	.555086	.000000
3.9223	.555444	.000000
3.92378	.555823	.000000
3.92527	.555914	.000000
3.92676	.556046	.000000
3.92824	.556301	.000000
3.92973	.556586	.000000
3.93122	.556863	.000000
3.93271	.557028	.000000
3.9342	.557391	.000000
3.9357	.557620	.000000
3.93719	.557867	.000000
3.93869	.557956	.000000
3.94018	.558060	.000000
3.94168	.558090	.000000
3.94318	.558196	.000000
3.94468	.558314	.000000
3.94618	.558297	.000000
3.94768	.558611	.000000
3.94919	.558884	.000000
3.95069	.558889	.000000
3.9522	.558776	.000000
3.9537	.558792	.000000
3.95521	.559040	.000000
3.95672	.559332	.000000
3.95823	.559454	.000000
3.95975	.559491	.000000
3.96126	.559548	.000000
3.96277	.559684	.000000
3.96429	.559991	.000000
3.9658	.560240	.000000
3.96732	.560302	.000000
3.96884	.560478	.000000
3.97036	.560471	.000000
3.97188	.560589	.000000
3.9734	.560824	.000000
3.97492	.561098	.000000
3.97645	.561444	.000000
3.97797	.561834	.000000
3.9795	.561997	.000000
3.98103	.561908	.000000
3.98256	.561993	.000000
3.98409	.562216	.000000
3.98562	.562518	.000000
3.98715	.562743	.000000
3.98868	.562774	.000000
3.99022	.562939	.000000
3.99175	.563217	.000000
3.99329	.563585	.000000
3.99483	.563808	.000000
3.99637	.563789	.000000
3.99791	.563954	.000000
3.99945	.564237	.000000
4.00109	.564474	.000000
4.00418	.564931	.000000
4.00728	.565393	.000000
4.01038	.565807	.000000
4.01348	.566212	.000000
4.01659	.566597	.000000
4.0197	.567001	.000000
4.02282	.567392	.000000
4.02594	.567750	.000000
4.02907	.568103	.000000
4.0322	.568455	.000000
4.03534	.568803	.000000
4.03848	.569145	.000000
4.04163	.569444	.000000
4.04478	.569721	.000000
4.04794	.569976	.000000
4.0511	.570187	.000000
4.05427	.570374	.000000
4.05744	.570557	.000000
4.06062	.570748	.000000
4.0638	.570920	.000000
4.06699	.571054	.000000
4.07018	.571210	.000000
4.07338	.571348	.000000
4.07658	.571483	.000000
4.07979	.571638	.000000
4.083	.571793	.000000
4.08622	.571909	.000000
4.08944	.572008	.000000
4.09267	.572111	.000000
4.0959	.572203	.000000
4.09914	.572304	.000000
4.10238	.572387	.000000
4.10563	.572448	.000000
4.10889	.572493	.000000
4.11215	.572523	.000000
4.11541	.572576	.000000
4.11868	.572578	.000000
4.12195	.572561	.000000
4.12523	.572564	.000000
4.12851	.572540	.000000
4.1318	.572479	.000000
4.1351	.572429	.000000
4.1384	.572383	.000000
4.1417	.572343	.000000
4.14501	.572257	.000000
4.14833	.572163	.000000
4.15165	.572050	.000000
4.15498	.571899	.000000
4.15831	.571782	.000000
4.16165	.571640	.000000
4.16499	.571429	.000000
4.16834	.571212	.000000
4.17169	.570983	.000000
4.17505	.570715	.000000
4.17842	.570400	.000000
4.18178	.570049	.000000
4.18516	.569655	.000000
4.18854	.569210	.000000
4.19193	.568720	.000000
4.19532	.568167	.000000
4.19872	.567477	.000000
4.20212	.566587	.000000
4.20553	.565405	.000000
4.20894	.563822	.000000
4.21236	.561759	.000000
4.21578	.559173	.000000
4.21921	.556089	.000000
4.22265	.552198	.000000
4.22609	.547293	.000000
4.22954	.541477	.000000
4.23299	.534404	.000000
4.23645	.525564	.000000
4.23991	.515855	.000000
4.24338	.506668	.000000
4.24686	.498271	.000000
4.25034	.490565	.000000
4.25382	.482533	.000000
4.25732	.473940	.000000
4.26081	.465818	.000000
4.26432	.458423	.000000
4.26783	.448996	.000000
4.27134	.435721	.000000
4.27487	.424734	.000000
4.27839	.423512	.000000
4.28193	.424999	.000000
4.28546	.419967	.000000
4.28901	.418142	.000000
4.29256	.431402	.000000
4.29612	.452738	.000000
4.29968	.478826	.000000
4.30325	.504905	.000000
4.30682	.521250	.000000
4.3104	.529382	.000000
4.31399	.535375	.000000
4.31758	.541265	.000000
4.32118	.546620	.000000
4.32478	.551002	.000000
4.32839	.554049	.000000
4.33201	.556041	.000000
4.33563	.557441	.000000
4.33926	.558455	.000000
4.34289	.559214	.000000
4.34653	.559750	.000000
4.35018	.560099	.000000
4.35383	.560292	.000000
4.35749	.560367	.000000
4.36115	.560353	.000000
4.36482	.560271	.000000
4.3685	.560125	.000000
4.37218	.559925	.000000
4.37587	.559689	.000000
4.37957	.559390	.000000
4.38327	.559070	.000000
4.38698	.558759	.000000
4.39069	.558394	.000000
4.39442	.557939	.000000
4.39814	.557495	.000000
4.40188	.557231	.000000
4.40562	.557047	.000000
4.40936	.556784	.000000
4.41312	.556750	.000000
4.41687	.557136	.000000
4.42064	.557580	.000000
4.42441	.557902	.000000
4.42819	.557980	.000000
4.43198	.557904	.000000
4.43577	.557768	.000000
4.43956	.557653	.000000
4.44337	.557523	.000000
4.44718	.557375	.000000
4.45099	.557222	.000000
4.45482	.557054	.000000
4.45865	.556875	.000000
4.46249	.556673	.000000
4.46633	.556463	.000000
4.47018	.556273	.000000
4.47404	.556063	.000000
4.4779	.555839	.000000
4.48177	.555585	.000000
4.48565	.555312	.000000
4.48953	.555059	.000000
4.49342	.554782	.000000
4.49732	.554475	.000000
4.50122	.554160	.000000
4.50513	.553852	.000000
4.50905	.553609	.000000
4.51298	.553373	.000000
4.51691	.553102	.000000
4.52085	.552851	.000000
4.52479	.552618	.000000
4.52874	.552363	.000000
4.5327	.552126	.000000
4.53667	.551892	.000000
4.54064	.551689	.000000
4.54462	.551487	.000000
4.5486	.551287	.000000
4.5526	.551068	.000000
4.5566	.550856	.000000
4.56061	.550640	.000000
4.56462	.550415	.000000
4.56864	.550159	.000000
4.57267	.549938	.000000
4.57671	.549686	.000000
4.58075	.549436	.000000
4.5848	.549222	.000000
4.58886	.549022	.000000
4.59292	.548816	.000000
4.59699	.548640	.000000
4.60107	.548470	.000000
4.60516	.548287	.000000
4.60925	.548065	.000000
4.61335	.547844	.000000
4.61746	.547604	.000000
4.62158	.547368	.000000
4.6257	.547135	.000000
4.62983	.546926	.000000
4.63397	.546706	.000000
4.63811	.546485	.000000
4.64226	.546255	.000000
4.64642	.546031	.000000
4.65059	.545826	.000000
4.65476	.545651	.000000
4.65895	.545447	.000000
4.66314	.545259	.000000
4.66733	.545056	.000000
4.67154	.544848	.000000
4.67575	.544682	.000000
4.67997	.544561	.000000
4.6842	.544436	.000000
4.68843	.544297	.000000
4.69267	.544175	.000000
4.69693	.544083	.000000
4.70118	.543982	.000000
4.70545	.543947	.000000
4.70972	.543933	.000000
4.71401	.543933	.000000
4.71829	.543923	.000000
4.72259	.543930	.000000
4.7269	.543980	.000000
4.73121	.544076	.000000
4.73553	.544161	.000000
4.73986	.544293	.000000
4.7442	.544470	.000000
4.74854	.544665	.000000
4.75289	.544830	.000000
4.75725	.544981	.000000
4.76162	.545159	.000000
4.766	.545376	.000000
4.77038	.545565	.000000
4.77478	.545824	.000000
4.77918	.546179	.000000
4.78358	.546606	.000000
4.788	.547104	.000000
4.79243	.547615	.000000
4.79686	.548124	.000000
4.8013	.548631	.000000
4.80575	.549087	.000000
4.81021	.549525	.000000
4.81468	.549909	.000000
4.81915	.550263	.000000
4.82363	.550630	.000000
4.82812	.550988	.000000
4.83262	.551284	.000000
4.83713	.551588	.000000
4.84165	.551885	.000000
4.84617	.552186	.000000
4.85071	.552465	.000000
4.85525	.552714	.000000
4.8598	.552966	.000000
4.86436	.553232	.000000
4.86892	.553460	.000000
4.8735	.553689	.000000
4.87808	.553925	.000000
4.88268	.554172	.000000
4.88728	.554396	.000000
4.89189	.554603	.000000
4.89651	.554772	.000000
4.90114	.554914	.000000
4.90578	.555066	.000000
4.91042	.555241	.000000
4.91508	.555382	.000000
4.91974	.555535	.000000
4.92441	.555676	.000000
4.92909	.555785	.000000
4.93378	.555896	.000000
4.93848	.555997	.000000
4.94319	.556112	.000000
4.9479	.556232	.000000
4.95263	.556336	.000000
4.95737	.556468	.000000
4.96211	.556564	.000000
4.96686	.556616	.000000
4.97162	.556659	.000000
4.9764	.556708	.000000
4.98118	.556767	.000000
4.98596	.556807	.000000
4.99076	.556812	.000000
4.99557	.556844	.000000
5.00039	.556851	.000000
5.00521	.556861	.000000
5.01005	.556890	.000000
5.0149	.556901	.000000
5.01975	.556899	.000000
5.02461	.556911	.000000
5.02949	.556882	.000000
5.03437	.556877	.000000
5.03926	.556833	.000000
5.04417	.556771	.000000
5.04908	.556713	.000000
5.054	.556661	.000000
5.05893	.556598	.000000
5.06387	.556548	.000000
5.06882	.556473	.000000
5.07378	.556419	.000000
5.07875	.556317	.000000
5.08373	.556176	.000000
5.08872	.556028	.000000
5.09372	.555914	.000000
5.09872	.555808	.000000
5.10374	.555726	.000000
5.10877	.555597	.000000
5.11381	.555469	.000000
5.11886	.555326	.000000
5.12392	.555231	.000000
5.12898	.555139	.000000
5.13406	.555012	.000000
5.13915	.554887	.000000
5.14425	.554789	.000000
5.14935	.554664	.000000
5.15447	.554528	.000000
5.1596	.554362	.000000
5.16474	.554184	.000000
5.16989	.554019	.000000
5.17505	.553849	.000000
5.18022	.553658	.000000
5.1854	.553501	.000000
5.19059	.553362	.000000
5.19579	.553272	.000000
5.201	.553126	.000000
5.20623	.552916	.000000
5.21146	.552780	.000000
5.2167	.552625	.000000
5.22195	.552375	.000000
5.22722	.552205	.000000
5.23249	.552026	.000000
5.23778	.551862	.000000
5.24307	.551678	.000000
5.24838	.551476	.000000
5.2537	.551292	.000000
5.25903	.551118	.000000
5.26437	.550929	.000000
5.26972	.550759	.000000
5.27508	.550538	.000000
5.28045	.550342	.000000
5.28583	.550124	.000000
5.29122	.549940	.000000
5.29663	.549723	.000000
5.30204	.549460	.000000
5.30747	.549205	.000000
5.31291	.548948	.000000
5.31836	.548621	.000000
5.32382	.548341	.000000
5.32929	.548063	.000000
5.33477	.547785	.000000
5.34027	.547521	.000000
5.34577	.547283	.000000
5.35129	.547010	.000000
5.35682	.546653	.000000
5.36236	.546262	.000000
5.36791	.545936	.000000
5.37347	.545586	.000000
5.37904	.545247	.000000
5.38463	.544884	.000000
5.39023	.544495	.000000
5.39584	.544083	.000000
5.40146	.543671	.000000
5.40709	.543233	.000000
5.41273	.542793	.000000
5.41839	.542381	.000000
5.42406	.541964	.000000
5.42974	.541335	.000000
5.43543	.540744	.000000
5.44113	.540214	.000000
5.44685	.539659	.000000
5.45257	.539041	.000000
5.45831	.538465	.000000
5.46406	.537888	.000000
5.46983	.537188	.000000
5.4756	.536453	.000000
5.48139	.535735	.000000
5.48719	.534928	.000000
5.493	.534169	.000000
5.49883	.533364	.000000
5.50467	.532553	.000000
5.51052	.531673	.000000
5.51638	.530802	.000000
5.52225	.529902	.000000
5.52814	.528868	.000000
5.53404	.527632	.000000
5.53995	.526320	.000000
5.54588	.524916	.000000
5.55182	.523576	.000000
5.55777	.522336	.000000
5.56373	.521340	.000000
5.56971	.520532	.000000
5.57569	.519981	.000000
5.5817	.519519	.000000
5.58771	.519032	.000000
5.59374	.518674	.000000
5.59978	.518474	.000000
5.60583	.518212	.000000
5.6119	.517885	.000000
5.61798	.517508	.000000
5.62407	.517110	.000000
5.63018	.516698	.000000
5.6363	.516324	.000000
5.64243	.515853	.000000
5.64858	.515014	.000000
5.65474	.514084	.000000
5.66091	.513154	.000000
5.6671	.512136	.000000
5.6733	.511268	.000000
5.67951	.510319	.000000
5.68574	.509297	.000000
5.69198	.508324	.000000
5.69823	.507327	.000000
5.7045	.506350	.000000
5.71079	.505495	.000000
5.71708	.504447	.000000
5.72339	.503360	.000000
5.72972	.502265	.000000
5.73605	.501214	.000000
5.74241	.500124	.000000
5.74877	.499046	.000000
5.75515	.497750	.000000
5.76155	.496571	.000000
5.76796	.495398	.000000
5.77438	.493702	.000000
5.78082	.491929	.000000
5.78727	.490245	.000000
5.79374	.488465	.000000
5.80022	.486675	.000000
5.80671	.484730	.000000
5.81322	.482801	.000000
5.81975	.480955	.000000
5.82628	.478782	.000000
5.83284	.476148	.000000
5.8394	.473478	.000000
5.84599	.470744	.000000
5.85259	.467979	.000000
5.8592	.465017	.000000
5.86583	.461897	.000000
5.87247	.458579	.000000
5.87913	.455411	.000000
5.8858	.451787	.000000
5.89249	.448049	.000000
5.89919	.444367	.000000
5.90591	.440332	.000000
5.91265	.436529	.000000
5.9194	.432934	.000000
5.92616	.429351	.000000
5.93294	.425960	.000000
5.93974	.422183	.000000
5.94655	.417793	.000000
5.95338	.413301	.000000
5.96022	.408668	.000000
5.96708	.403820	.000000
5.97395	.398531	.000000
5.98084	.392893	.000000
5.98775	.387199	.000000
5.99467	.381191	.000000
6.00161	.375017	.000000
6.00856	.368936	.000000
6.01554	.362895	.000000
6.02252	.356684	.000000
6.02952	.350535	.000000
6.03654	.344473	.000000
6.04358	.338727	.000000
6.05063	.332851	.000000
6.0577	.326463	.000000
6.06478	.320368	.000000
6.07188	.314794	.000000
6.079	.309248	.000000
6.08614	.303912	.000000
6.09329	.298955	.000000
6.10046	.294348	.000000
6.10764	.290030	.000000
6.11485	.285927	.000000
6.12206	.281813	.000000
6.1293	.278062	.000000
6.13655	.274737	.000000
6.14383	.271852	.000000
6.15111	.269347	.000000
6.15842	.267250	.000000
6.16574	.265406	.000000
6.17308	.263867	.000000
6.18044	.262692	.000000
6.18781	.261707	.000000
6.19521	.260588	.000000
6.20262	.259637	.000000
6.21005	.258759	.000000
6.21749	.257902	.000000
6.22496	.257103	.000000
6.23244	.256460	.000000
6.23994	.255886	.000000
6.24745	.255436	.000000
6.25499	.255083	.000000
6.26254	.254823	.000000
6.27012	.254551	.000000
6.27771	.254303	.000000
6.28532	.253995	.000000
6.29294	.253644	.000000
6.30059	.253175	.000000
6.30826	.252627	.000000
6.31594	.251913	.000000
6.32364	.251016	.000000
6.33136	.249921	.000000
6.3391	.248911	.000000
6.34686	.247910	.000000
6.35464	.246728	.000000
6.36244	.245560	.000000
6.37025	.244439	.000000
6.37809	.243185	.000000
6.38594	.241949	.000000
6.39382	.240885	.000000
6.40171	.240178	.000000
6.40962	.240020	.000000
6.41756	.240103	.000000
6.42551	.240108	.000000
6.43348	.240299	.000000
6.44147	.240491	.000000
6.44949	.240687	.000000
6.45752	.240890	.000000
6.46557	.241073	.000000
6.47364	.241276	.000000
6.48173	.241506	.000000
6.48984	.241803	.000000
6.49797	.242064	.000000
6.50613	.242159	.000000
6.5143	.242441	.000000
6.52249	.242889	.000000
6.53071	.243268	.000000
6.53894	.243756	.000000
6.5472	.244372	.000000
6.55548	.245023	.000000
6.56378	.245727	.000000
6.57209	.246575	.000000
6.58044	.247340	.000000
6.5888	.248048	.000000
6.59718	.248825	.000000
6.60558	.249591	.000000
6.61401	.250434	.000000
6.62246	.251305	.000000
6.63092	.252301	.000000
6.63941	.253276	.000000
6.64793	.253922	.000000
6.65646	.254489	.000000
6.66502	.255165	.000000
6.67359	.255827	.000000
6.68219	.256446	.000000
6.69082	.256913	.000000
6.69946	.257407	.000000
6.70813	.258048	.000000
6.71682	.258672	.000000
6.72553	.259263	.000000
6.73426	.259924	.000000
6.74302	.260666	.000000
6.7518	.261516	.000000
6.7606	.262418	.000000
6.76942	.263481	.000000
6.77827	.264712	.000000
6.78715	.266108	.000000
6.79604	.267609	.000000
6.80496	.269189	.000000
6.8139	.270957	.000000
6.82287	.272830	.000000
6.83186	.274761	.000000
6.84087	.276637	.000000
6.84991	.278396	.000000
6.85897	.280087	.000000
6.86805	.281456	.000000
6.87716	.282270	.000000
6.88629	.282862	.000000
6.89545	.283076	.000000
6.90463	.282779	.000000
6.91384	.281957	.000000
6.92307	.280723	.000000
6.93233	.279379	.000000
6.9416	.278258	.000000
6.95091	.277515	.000000
6.96024	.277000	.000000
6.9696	.276320	.000000
6.97898	.275571	.000000
6.98838	.274883	.000000
6.99781	.274092	.000000
7.00727	.273157	.000000
7.01675	.272071	.000000
7.02625	.270800	.000000
7.03579	.269370	.000000
7.04535	.267804	.000000
7.05493	.265929	.000000
7.06455	.263930	.000000
7.07418	.261909	.000000
7.08385	.259945	.000000
7.09354	.258001	.000000
7.10325	.256065	.000000
7.113	.254145	.000000
7.12277	.252203	.000000
7.13257	.250210	.000000
7.14239	.248265	.000000
7.15224	.246264	.000000
7.16212	.244227	.000000
7.17203	.242234	.000000
7.18196	.240313	.000000
7.19192	.238563	.000000
7.20191	.237072	.000000
7.21193	.235779	.000000
7.22197	.234658	.000000
7.23204	.233683	.000000
7.24215	.232807	.000000
7.25227	.231872	.000000
7.26243	.231063	.000000
7.27262	.231022	.000000
7.28283	.231602	.000000
7.29307	.232011	.000000
7.30334	.232063	.000000
7.31364	.231854	.000000
7.32397	.231387	.000000
7.33433	.230638	.000000
7.34472	.229944	.000000
7.35514	.229718	.000000
7.36559	.229960	.000000
7.37606	.230377	.000000
7.38657	.230810	.000000
7.39711	.231427	.000000
7.40767	.232522	.000000
7.41827	.233926	.000000
7.4289	.235299	.000000
7.43956	.236627	.000000
7.45025	.238162	.000000
7.46097	.239933	.000000
7.47172	.241841	.000000
7.4825	.243814	.000000
7.49331	.245818	.000000
7.50416	.247801	.000000
7.51503	.249777	.000000
7.52594	.251826	.000000
7.53688	.253922	.000000
7.54785	.256058	.000000
7.55885	.258299	.000000
7.56989	.260748	.000000
7.58095	.263440	.000000
7.59205	.266321	.000000
7.60318	.269443	.000000
7.61435	.272808	.000000
7.62554	.276307	.000000
7.63677	.279915	.000000
7.64804	.283636	.000000
7.65933	.287418	.000000
7.67066	.291287	.000000
7.68203	.295213	.000000
7.69342	.299132	.000000
7.70486	.302914	.000000
7.71632	.306444	.000000
7.72782	.309766	.000000
7.73935	.312898	.000000
7.75092	.315821	.000000
7.76253	.318576	.000000
7.77416	.321206	.000000
7.78584	.323722	.000000
7.79754	.326090	.000000
7.80929	.328316	.000000
7.82107	.330421	.000000
7.83288	.332366	.000000
7.84473	.334121	.000000
7.85662	.335642	.000000
7.86854	.336905	.000000
7.8805	.337879	.000000
7.89249	.338588	.000000
7.90452	.339054	.000000
7.91659	.339292	.000000
7.9287	.339295	.000000
7.94084	.339026	.000000
7.95302	.338478	.000000
7.96523	.337696	.000000
7.97748	.336742	.000000
7.98977	.335602	.000000
8.0021	.334220	.000000
8.01447	.332666	.000000
8.02688	.330888	.000000
8.03932	.328886	.000000
8.05181	.326682	.000000
8.06433	.324252	.000000
8.07689	.321616	.000000
8.08949	.318783	.000000
8.10213	.315668	.000000
8.11481	.312277	.000000
8.12753	.308593	.000000
8.14029	.304612	.000000
8.15309	.300372	.000000
8.16593	.295910	.000000
8.17881	.291238	.000000
8.19173	.286396	.000000
8.20469	.281380	.000000
8.21769	.276228	.000000
8.23073	.270898	.000000
8.24382	.265338	.000000
8.25695	.259519	.000000
8.27012	.253462	.000000
8.28333	.247283	.000000
8.29658	.241064	.000000
8.30988	.234877	.000000
8.32321	.228903	.000000
8.33659	.223202	.000000
8.35002	.217693	.000000
8.36348	.212379	.000000
8.37699	.207146	.000000
8.39055	.202029	.000000
8.40415	.197088	.000000
8.41779	.192355	.000000
8.43148	.187888	.000000
8.44521	.183745	.000000
8.45899	.180006	.000000
8.47281	.176610	.000000
8.48668	.173565	.000000
8.50059	.170963	.000000
8.51455	.168725	.000000
8.52855	.166801	.000000
8.5426	.165070	.000000
8.5567	.163483	.000000
8.57084	.161972	.000000
8.58503	.160532	.000000
8.59927	.159148	.000000
8.61355	.157824	.000000
8.62788	.156527	.000000
8.64226	.155337	.000000
8.65669	.154158	.000000
8.67116	.153011	.000000
8.68569	.151914	.000000
8.70026	.150871	.000000
8.71488	.149907	.000000
8.72955	.149080	.000000
8.74427	.148426	.000000
8.75904	.147952	.000000
8.77386	.147646	.000000
8.78873	.147437	.000000
8.80365	.147390	.000000
8.81863	.147527	.000000
8.83365	.147779	.000000
8.84873	.148188	.000000
8.86385	.148697	.000000
8.87903	.149239	.000000
8.89426	.149695	.000000
8.90954	.150135	.000000
8.92488	.150573	.000000
8.94027	.150993	.000000
8.9557	.151403	.000000
8.9712	.151840	.000000
8.98675	.152238	.000000
9.00235	.152505	.000000
9.018	.152618	.000000
9.03371	.152611	.000000
9.04948	.152493	.000000
9.0653	.152364	.000000
9.08117	.152232	.000000
9.0971	.152187	.000000
9.11309	.152267	.000000
9.12914	.152458	.000000
9.14524	.152729	.000000
9.16139	.153164	.000000
9.17761	.153663	.000000
9.19389	.154217	.000000
9.21022	.154815	.000000
9.2266	.155406	.000000
9.24305	.156167	.000000
9.25956	.157104	.000000
9.27612	.157971	.000000
9.29274	.158721	.000000
9.30942	.159339	.000000
9.32617	.159857	.000000
9.34297	.160236	.000000
9.35983	.160502	.000000
9.37676	.160624	.000000
9.39375	.160672	.000000
9.41079	.160676	.000000
9.4279	.160606	.000000
9.44508	.160431	.000000
9.46231	.160231	.000000
9.47961	.160040	.000000
9.49697	.159822	.000000
9.5144	.159572	.000000
9.53188	.159343	.000000
9.54943	.159096	.000000
9.56705	.158825	.000000
9.58474	.158519	.000000
9.60249	.158185	.000000
9.6203	.157772	.000000
9.63818	.157228	.000000
9.65614	.156562	.000000
9.67415	.155724	.000000
9.69223	.154721	.000000
9.71038	.153583	.000000
9.7286	.152290	.000000
9.74689	.150898	.000000
9.76524	.149382	.000000
9.78366	.147769	.000000
9.80216	.146121	.000000
9.82072	.144484	.000000
9.83936	.142758	.000000
9.85806	.140965	.000000
9.87684	.139067	.000000
9.89569	.137158	.000000
9.91461	.135201	.000000
9.93361	.133161	.000000
9.95267	.131198	.000000
9.97181	.129328	.000000
9.99103	.127510	.000000
10.01032	.125753	.000000
10.02968	.123998	.000000
10.04912	.122232	.000000
10.06863	.120480	.000000
10.08822	.118686	.000000
10.10789	.116870	.000000
10.12763	.115127	.000000
10.14745	.113356	.000000
10.16734	.111605	.000000
10.18731	.110005	.000000
10.20737	.108538	.000000
10.2275	.107123	.000000
10.24771	.105729	.000000
10.268	.104419	.000000
10.28838	.103172	.000000
10.30883	.101977	.000000
10.32937	.100807	.000000
10.34999	.099655	.000000
10.37069	.098485	.000000
10.39147	.097338	.000000
10.41234	.096262	.000000
10.43329	.095181	.000000
10.45432	.094133	.000000
10.47545	.093220	.000000
10.49665	.092341	.000000
10.51794	.091404	.000000
10.53932	.090511	.000000
10.56079	.089600	.000000
10.58234	.088688	.000000
10.60398	.087744	.000000
10.6257	.086744	.000000
10.64752	.085748	.000000
10.66943	.084718	.000000
10.69143	.083588	.000000
10.71352	.082472	.000000
10.7357	.081388	.000000
10.75797	.080296	.000000
10.78034	.079172	.000000
10.8028	.078014	.000000
10.82536	.076851	.000000
10.848	.075727	.000000
10.87075	.074554	.000000
10.89358	.073377	.000000
10.91652	.072200	.000000
10.93955	.071045	.000000
10.96268	.069835	.000000
10.98591	.068623	.000000
11.00923	.067466	.000000
11.03266	.066409	.000000
11.05618	.065325	.000000
11.0798	.064266	.000000
11.10353	.063281	.000000
11.12736	.062399	.000000
11.15129	.061400	.000000
11.17532	.060302	.000000
11.19946	.059191	.000000
11.2237	.058014	.000000
11.24805	.056812	.000000
11.27249	.055656	.000000
11.29705	.054382	.000000
11.32172	.053078	.000000
11.34649	.051756	.000000
11.37138	.050414	.000000
11.39637	.049189	.000000
11.42147	.048028	.000000
11.44669	.046922	.000000
11.47201	.045985	.000000
11.49745	.045123	.000000
11.523	.044272	.000000
11.54866	.043491	.000000
11.57444	.042888	.000000
11.60034	.042228	.000000
11.62635	.041586	.000000
11.65248	.041044	.000000
11.67872	.040432	.000000
11.70508	.039753	.000000
11.73157	.039146	.000000
11.75817	.038548	.000000
11.78489	.037938	.000000
11.81173	.037304	.000000
11.8387	.036649	.000000
11.86579	.036052	.000000
11.893	.035514	.000000
11.92034	.034945	.000000
11.94781	.034391	.000000
11.9754	.033722	.000000
12.00313	.033030	.000000
12.03098	.032481	.000000
12.05896	.031907	.000000
12.08707	.031255	.000000
12.11531	.030609	.000000
12.14368	.029936	.000000
12.17219	.029192	.000000
12.20083	.028351	.000000
12.22961	.027449	.000000
12.25852	.026580	.000000
12.28757	.025737	.000000
12.31676	.024889	.000000
12.34608	.024001	.000000
12.37555	.023069	.000000
12.40514	.022204	.000000
12.43489	.021298	.000000
12.46479	.020384	.000000
12.49482	.019473	.000000
12.525	.018566	.000000
12.55533	.017615	.000000
12.5858	.016675	.000000
12.61644	.015750	.000000
12.64721	.014848	.000000
12.67813	.013962	.000000
12.70921	.013129	.000000
12.74043	.012288	.000000
12.77182	.011537	.000000
12.80335	.010802	.000000
12.83504	.010049	.000000
12.86689	.009323	.000000
12.8989	.008699	.000000
12.93106	.008061	.000000
12.96339	.007420	.000000
12.99588	.006770	.000000
13.02853	.006313	.000000
13.06135	.005895	.000000
13.09433	.005419	.000000
13.12748	.005016	.000000
13.1608	.004774	.000000
13.19429	.004531	.000000
13.22795	.004375	.000000
13.26178	.004335	.000000
13.29579	.004336	.000000
13.32996	.004425	.000000
13.36432	.004653	.000000
13.39885	.004893	.000000
13.43356	.005261	.000000
13.46846	.005678	.000000
13.50353	.006147	.000000
13.53879	.006533	.000000
13.57423	.006886	.000000
13.60986	.007249	.000000
13.64567	.007653	.000000
13.68169	.007985	.000000
13.71789	.008148	.000000
13.75428	.008228	.000000
13.79086	.008339	.000000
13.82763	.008450	.000000
13.86461	.008558	.000000
13.90178	.008795	.000000
13.93915	.009158	.000000
13.97671	.009504	.000000
14.01449	.009801	.000000
14.05247	.010256	.000000
14.09066	.010750	.000000
14.12905	.011127	.000000
14.16766	.011374	.000000
14.20647	.011640	.000000
14.2455	.011864	.000000
14.28474	.012185	.000000
14.3242	.012476	.000000
14.36388	.012464	.000000
14.40378	.012497	.000000
14.44391	.012681	.000000
14.48425	.012851	.000000
14.52482	.012764	.000000
14.56563	.012644	.000000
14.60665	.012597	.000000
14.64791	.012573	.000000
14.68941	.012782	.000000
14.73114	.013103	.000000
14.77311	.013459	.000000
14.81532	.013809	.000000
14.85777	.014162	.000000
14.90046	.014549	.000000
14.9434	.014904	.000000
14.98659	.015319	.000000
15.03003	.015816	.000000
15.07372	.016327	.000000
15.11767	.016871	.000000
15.16187	.017175	.000000
15.20634	.017469	.000000
15.25106	.018083	.000000
15.29606	.018651	.000000
15.34131	.019112	.000000
15.38684	.019456	.000000
15.43263	.019729	.000000
15.4787	.019948	.000000
15.52504	.020087	.000000
15.57167	.020283	.000000
15.61858	.020549	.000000
15.66576	.020413	.000000
15.71324	.020036	.000000
15.761	.019968	.000000
15.80905	.019925	.000000
15.8574	.019630	.000000
15.90604	.019383	.000000
15.95496	.019110	.000000
16.00421	.019021	.000000
16.05376	.018934	.000000
16.10362	.018879	.000000
16.15378	.018627	.000000
16.20426	.018397	.000000
16.25506	.018599	.000000
16.30619	.018884	.000000
16.35763	.019186	.000000
16.40939	.019447	.000000
16.46149	.019494	.000000
16.51391	.019463	.000000
16.56667	.019451	.000000
16.61977	.019803	.000000
16.67322	.020165	.000000
16.72701	.020375	.000000
16.78114	.020462	.000000
16.83563	.020792	.000000
16.89046	.021263	.000000
16.94566	.021712	.000000
17.00122	.021813	.000000
17.05716	.021759	.000000
17.11345	.021971	.000000
17.17012	.022038	.000000
17.22716	.022058	.000000
17.28459	.022230	.000000
17.3424	.022430	.000000
17.4006	.022624	.000000
17.45916	.022442	.000000
17.51815	.022621	.000000
17.57753	.023029	.000000
17.63732	.023170	.000000
17.69752	.023045	.000000
17.75813	.023432	.000000
17.81915	.023994	.000000
17.88061	.024223	.000000
17.94248	.024621	.000000
18.00478	.025035	.000000
18.06752	.025316	.000000
18.13069	.025349	.000000
18.19431	.025231	.000000
18.25837	.025160	.000000
18.3229	.025193	.000000
18.38788	.025370	.000000
18.45331	.025245	.000000
18.51922	.025139	.000000
18.5856	.025064	.000000
18.65245	.025322	.000000
18.71979	.025339	.000000
18.78759	.024760	.000000
18.85591	.024388	.000000
18.92473	.024373	.000000
18.99405	.024425	.000000
19.06388	.024314	.000000
19.13423	.024232	.000000
19.2051	.024307	.000000
19.27651	.023879	.000000
19.34844	.023382	.000000
19.4209	.023017	.000000
19.49392	.022784	.000000
19.56748	.022174	.000000
19.6416	.021604	.000000
19.71628	.021484	.000000
19.79152	.021527	.000000
19.86735	.020895	.000000
19.94376	.020287	.000000
20.02076	.019923	.000000
20.09836	.019444	.000000
20.17656	.019397	.000000
20.25538	.019009	.000000
20.33483	.018272	.000000
20.41489	.018613	.000000
20.49558	.019073	.000000
20.57691	.019054	.000000
20.65889	.018917	.000000
20.74153	.019294	.000000
20.82483	.019376	.000000
20.90878	.019216	.000000
20.99343	.019040	.000000
21.07877	.018769	.000000
21.16481	.018427	.000000
21.25155	.018665	.000000
21.339	.019139	.000000
21.42718	.019770	.000000
21.51611	.019555	.000000
21.60576	.019602	.000000
21.69616	.020090	.000000
21.78732	.020450	.000000
21.87925	.020627	.000000
21.97196	.020561	.000000
22.06546	.020820	.000000
22.15973	.021270	.000000
22.25484	.021682	.000000
22.35076	.021804	.000000
22.44752	.022567	.000000
22.54512	.023267	.000000
22.64357	.023476	.000000
22.74288	.023561	.000000
22.8431	.023658	.000000
22.94417	.023992	.000000
23.04615	.024041	.000000
23.14903	.024303	.000000
23.25284	.024275	.000000
23.35758	.024029	.000000
23.46327	.024588	.000000
23.5699	.026177	.000000
23.67752	.026653	.000000
23.78613	.026055	.000000
23.89575	.025843	.000000
24.00638	.024677	.000000
24.11803	.024550	.000000
24.23073	.025897	.000000
24.34452	.027058	.000000
24.45936	.027680	.000000
24.57528	.026825	.000000
24.6923	.026302	.000000
24.81045	.026015	.000000
24.92973	.027216	.000000
25.05016	.030136	.000000
