Brown University Keck/NASA Relab Spectrum AV-A1V-022/BKR1AV022
Wavelength(micron)	Reflectance	Standard Deviation
0.32	.059347	.002646
0.325	.060898	.002330
0.33	.061942	.002147
0.335	.063656	.002159
0.34	.064863	.002298
0.345	.066417	.002371
0.35	.067202	.001882
0.355	.068823	.002191
0.36	.069749	.001362
0.365	.071737	.002042
0.37	.072863	.001677
0.375	.075033	.001532
0.38	.076555	.001459
0.385	.079485	.001502
0.39	.083222	.002662
0.395	.086277	.002095
0.4	.089914	.001681
0.405	.093138	.001473
0.41	.095938	.001291
0.415	.099777	.001434
0.42	.102877	.001308
0.425	.106021	.001962
0.43	.109117	.001781
0.435	.113018	.001659
0.44	.116277	.001592
0.445	.120546	.001505
0.45	.123185	.001425
0.455	.127094	.001362
0.46	.129070	.001310
0.465	.132524	.001821
0.47	.134141	.001716
0.475	.137173	.001625
0.48	.138919	.001514
0.485	.142820	.001473
0.49	.146127	.001420
0.495	.151588	.001437
0.5	.155752	.001403
0.505	.161039	.001446
0.51	.164204	.001470
0.515	.169291	.001524
0.52	.172980	.001539
0.525	.178705	.001719
0.53	.182709	.001735
0.535	.188529	.001809
0.54	.192569	.001848
0.545	.197810	.001911
0.55	.202261	.001952
0.555	.206956	.001977
0.56	.211099	.001973
0.565	.215588	.001981
0.57	.219589	.001981
0.575	.223896	.001987
0.58	.227680	.001980
0.585	.231790	.001967
0.59	.235213	.001956
0.595	.238842	.001953
0.6	.241805	.001923
0.605	.244852	.001924
0.61	.247115	.001938
0.615	.249513	.001945
0.62	.251148	.001941
0.625	.253006	.001944
0.63	.254227	.001937
0.635	.255715	.001931
0.64	.256702	.001927
0.645	.258098	.001963
0.65	.259164	.002016
0.655	.260636	.002062
0.66	.261966	.002107
0.665	.263636	.002157
0.67	.264941	.002178
0.675	.266487	.002208
0.68	.267627	.002228
0.685	.268999	.002261
0.69	.269965	.002297
0.695	.271196	.002319
0.7	.272037	.002336
0.705	.273117	.002358
0.71	.273873	.002346
0.715	.274873	.002334
0.72	.275431	.002344
0.725	.276345	.002383
0.73	.276875	.002406
0.735	.277661	.002443
0.74	.278084	.002478
0.745	.278833	.002504
0.75	.279152	.002505
0.755	.279641	.002442
0.76	.279764	.002366
0.765	.280111	.002281
0.77	.280142	.002212
0.775	.280413	.002124
0.78	.280331	.002124
0.785	.280564	.002131
0.79	.280444	.002153
0.795	.280575	.002173
0.8	.280366	.002213
0.805	.280413	.002278
0.81	.280210	.002331
0.815	.280107	.002382
0.82	.279750	.002423
0.825	.279551	.002477
0.83	.279116	.002499
0.835	.278843	.002550
0.84	.278394	.002584
0.845	.278120	.002620
0.85	.277657	.002629
0.855	.277303	.002660
0.86	.276273	.003559
0.865	.275986	.003364
0.87	.275491	.003217
0.875	.275071	.003094
0.88	.274680	.002963
0.885	.274624	.003162
0.89	.274113	.003176
0.895	.273974	.003045
0.9	.273238	.002977
0.905	.272700	.002965
0.91	.272152	.002881
0.915	.271869	.002815
0.92	.271319	.002848
0.925	.270580	.002604
0.93	.270362	.002699
0.935	.269638	.002760
0.94	.269220	.002689
0.945	.268966	.002535
0.95	.268532	.002614
0.955	.267717	.002590
0.96	.267215	.002526
0.965	.266720	.002429
0.97	.266502	.002448
0.975	.266092	.002424
0.98	.265403	.002386
0.985	.264901	.002328
0.99	.264431	.002315
0.995	.263936	.002352
1	.263760	.002804
1.005	.263397	.002492
1.01	.262998	.002603
1.015	.262670	.002526
1.02	.262433	.002595
1.025	.262101	.002418
1.03	.261782	.002640
1.035	.261279	.002418
1.04	.261144	.002377
1.045	.260980	.002248
1.05	.260691	.002399
1.055	.260559	.002353
1.06	.260435	.002424
1.065	.260190	.002320
1.07	.260041	.002285
1.075	.260166	.002365
1.08	.259956	.002259
1.085	.259833	.002254
1.09	.259755	.002522
1.095	.259835	.002511
1.1	.260123	.002459
1.105	.259967	.002505
1.11	.259987	.002373
1.115	.259922	.002386
1.12	.259727	.002522
1.125	.259563	.002321
1.13	.259865	.002462
1.135	.259553	.002453
1.14	.259550	.002373
1.145	.259780	.002297
1.15	.259429	.002376
1.155	.259395	.002411
1.16	.259054	.002306
1.165	.259077	.002346
1.17	.258904	.002186
1.175	.259066	.002229
1.18	.258650	.002293
1.185	.258595	.002181
1.19	.258474	.002158
1.195	.258224	.002134
1.2	.258256	.002145
1.205	.258112	.002111
1.21	.257845	.002099
1.215	.257550	.002180
1.22	.257414	.002210
1.225	.257296	.002155
1.23	.257035	.002284
1.235	.256911	.002272
1.24	.256890	.002394
1.245	.256806	.002278
1.25	.256469	.002214
1.255	.256168	.002194
1.26	.256150	.002236
1.265	.255879	.002246
1.27	.255678	.002232
1.275	.255915	.002310
1.28	.255435	.002267
1.285	.255257	.002390
1.29	.255027	.002335
1.295	.254756	.002366
1.3	.254551	.002228
1.305	.254606	.002089
1.31	.254414	.002208
1.315	.254500	.002147
1.32	.254233	.002284
1.325	.254144	.002229
1.33	.253902	.002161
1.335	.253819	.002232
1.34	.253577	.002197
1.345	.253619	.002258
1.35	.253243	.002264
1.355	.253071	.002292
1.36	.252959	.002297
1.365	.252727	.002298
1.37	.252444	.002325
1.375	.252518	.002323
1.38	.252366	.002341
1.385	.252249	.002350
1.39	.252171	.002353
1.395	.251971	.002346
1.4	.251782	.002323
1.405	.251682	.002280
1.41	.251593	.002223
1.415	.251601	.002189
1.42	.251434	.002035
1.425	.251606	.002125
1.43	.251629	.002223
1.435	.251550	.002320
1.44	.251499	.002347
1.445	.251243	.002295
1.45	.251391	.002374
1.455	.251272	.002147
1.46	.251233	.002218
1.465	.251317	.002051
1.47	.251170	.002121
1.475	.251302	.002103
1.48	.251239	.002169
1.485	.251318	.002088
1.49	.251038	.002106
1.495	.251174	.002015
1.5	.250914	.001794
1.505	.251202	.001930
1.51	.250983	.001904
1.515	.251331	.002007
1.52	.251040	.001973
1.525	.251224	.002037
1.53	.251305	.001875
1.535	.251291	.001994
1.54	.251260	.002062
1.545	.251458	.002010
1.55	.251529	.001955
1.555	.251563	.001967
1.56	.251639	.001955
1.565	.251807	.001977
1.57	.251964	.001964
1.575	.251834	.001984
1.58	.251718	.001994
1.585	.251790	.001998
1.59	.251984	.002128
1.595	.251802	.002107
1.6	.251735	.002126
1.605	.251945	.002040
1.61	.251715	.002117
1.615	.251975	.002210
1.62	.252268	.002171
1.625	.252316	.002209
1.63	.252144	.002129
1.635	.252265	.002140
1.64	.252484	.002329
1.645	.252616	.002369
1.65	.252773	.002388
1.655	.252938	.002409
1.66	.252662	.002350
1.665	.252867	.002412
1.67	.252894	.002497
1.675	.253130	.002430
1.68	.253082	.002457
1.685	.253332	.002451
1.69	.253325	.002469
1.695	.253239	.002383
1.7	.253204	.002424
1.705	.253153	.002444
1.71	.253198	.002588
1.715	.252999	.002521
1.72	.253027	.002471
1.725	.252996	.002534
1.73	.252995	.002389
1.735	.252680	.002536
1.74	.252579	.002438
1.745	.252591	.002505
1.75	.252297	.002537
1.755	.252232	.002501
1.76	.252210	.002505
1.765	.252263	.002536
1.77	.252027	.002544
1.775	.252027	.002597
1.78	.252120	.002436
1.785	.252240	.002427
1.79	.252350	.002440
1.795	.252353	.002391
1.8	.252151	.002392
1.805	.252262	.002249
1.81	.252370	.002204
1.815	.252481	.002230
1.82	.252319	.002275
1.825	.252449	.002325
1.83	.252403	.002347
1.835	.252358	.002361
1.84	.252701	.002344
1.845	.252809	.002312
1.85	.252923	.002287
1.85015	.252897	.000000
1.85048	.252844	.000000
1.85081	.252844	.000000
1.85114	.252909	.000000
1.85147	.252994	.000000
1.8518	.253028	.000000
1.85213	.253055	.000000
1.85246	.253052	.000000
1.85279	.253023	.000000
1.85312	.253030	.000000
1.85345	.253011	.000000
1.85378	.252936	.000000
1.85412	.252941	.000000
1.85445	.253014	.000000
1.85478	.253009	.000000
1.85511	.252961	.000000
1.85544	.252989	.000000
1.85577	.253091	.000000
1.85611	.253110	.000000
1.85644	.253024	.000000
1.85677	.252997	.000000
1.8571	.253035	.000000
1.85744	.253013	.000000
1.85777	.253093	.000000
1.8581	.253179	.000000
1.85843	.253118	.000000
1.85877	.253072	.000000
1.8591	.253094	.000000
1.85943	.253030	.000000
1.85977	.253067	.000000
1.8601	.253093	.000000
1.86044	.253067	.000000
1.86077	.253076	.000000
1.8611	.253091	.000000
1.86144	.253122	.000000
1.86177	.253145	.000000
1.86211	.253159	.000000
1.86244	.253159	.000000
1.86277	.253176	.000000
1.86311	.253154	.000000
1.86344	.253173	.000000
1.86378	.253222	.000000
1.86411	.253229	.000000
1.86445	.253173	.000000
1.86478	.253188	.000000
1.86512	.253205	.000000
1.86546	.253229	.000000
1.86579	.253258	.000000
1.86613	.253203	.000000
1.86646	.253185	.000000
1.8668	.253224	.000000
1.86714	.253253	.000000
1.86747	.253236	.000000
1.86781	.253208	.000000
1.86814	.253244	.000000
1.86848	.253203	.000000
1.86882	.253147	.000000
1.86915	.253185	.000000
1.86949	.253258	.000000
1.86983	.253248	.000000
1.87017	.253241	.000000
1.8705	.253203	.000000
1.87084	.253176	.000000
1.87118	.253185	.000000
1.87152	.253234	.000000
1.87185	.253263	.000000
1.87219	.253256	.000000
1.87253	.253266	.000000
1.87287	.253287	.000000
1.87321	.253323	.000000
1.87354	.253350	.000000
1.87388	.253360	.000000
1.87422	.253381	.000000
1.87456	.253350	.000000
1.8749	.253355	.000000
1.87524	.253343	.000000
1.87558	.253377	.000000
1.87592	.253384	.000000
1.87626	.253409	.000000
1.8766	.253428	.000000
1.87694	.253399	.000000
1.87728	.253413	.000000
1.87762	.253403	.000000
1.87796	.253333	.000000
1.8783	.253396	.000000
1.87864	.253467	.000000
1.87898	.253413	.000000
1.87932	.253389	.000000
1.87966	.253423	.000000
1.88	.253442	.000000
1.88034	.253432	.000000
1.88068	.253442	.000000
1.88102	.253500	.000000
1.88136	.253483	.000000
1.8817	.253457	.000000
1.88205	.253483	.000000
1.88239	.253517	.000000
1.88273	.253541	.000000
1.88307	.253493	.000000
1.88341	.253403	.000000
1.88376	.253428	.000000
1.8841	.253519	.000000
1.88444	.253570	.000000
1.88478	.253573	.000000
1.88513	.253575	.000000
1.88547	.253590	.000000
1.88581	.253592	.000000
1.88615	.253546	.000000
1.8865	.253500	.000000
1.88684	.253478	.000000
1.88718	.253517	.000000
1.88753	.253525	.000000
1.88787	.253570	.000000
1.88821	.253580	.000000
1.88856	.253561	.000000
1.8889	.253580	.000000
1.88925	.253566	.000000
1.88959	.253576	.000000
1.88994	.253619	.000000
1.89028	.253600	.000000
1.89062	.253617	.000000
1.89097	.253639	.000000
1.89131	.253622	.000000
1.89166	.253612	.000000
1.892	.253611	.000000
1.89235	.253658	.000000
1.89269	.253619	.000000
1.89304	.253643	.000000
1.89339	.253687	.000000
1.89373	.253668	.000000
1.89408	.253663	.000000
1.89442	.253648	.000000
1.89477	.253595	.000000
1.89512	.253609	.000000
1.89546	.253651	.000000
1.89581	.253672	.000000
1.89616	.253600	.000000
1.8965	.253559	.000000
1.89685	.253575	.000000
1.8972	.253593	.000000
1.89754	.253655	.000000
1.89789	.253713	.000000
1.89824	.253714	.000000
1.89859	.253658	.000000
1.89893	.253624	.000000
1.89928	.253643	.000000
1.89963	.253609	.000000
1.89998	.253604	.000000
1.90033	.253602	.000000
1.90067	.253648	.000000
1.90102	.253680	.000000
1.90137	.253639	.000000
1.90172	.253667	.000000
1.90207	.253696	.000000
1.90242	.253679	.000000
1.90277	.253738	.000000
1.90312	.253830	.000000
1.90346	.253822	.000000
1.90381	.253731	.000000
1.90416	.253709	.000000
1.90451	.253737	.000000
1.90486	.253728	.000000
1.90521	.253646	.000000
1.90556	.253660	.000000
1.90591	.253725	.000000
1.90626	.253772	.000000
1.90661	.253745	.000000
1.90697	.253718	.000000
1.90732	.253675	.000000
1.90767	.253639	.000000
1.90802	.253699	.000000
1.90837	.253779	.000000
1.90872	.253735	.000000
1.90907	.253687	.000000
1.90942	.253704	.000000
1.90977	.253786	.000000
1.91013	.253801	.000000
1.91048	.253706	.000000
1.91083	.253738	.000000
1.91118	.253767	.000000
1.91154	.253721	.000000
1.91189	.253777	.000000
1.91224	.253800	.000000
1.91259	.253786	.000000
1.91295	.253783	.000000
1.9133	.253777	.000000
1.91365	.253762	.000000
1.91401	.253825	.000000
1.91436	.253871	.000000
1.91471	.253846	.000000
1.91507	.253757	.000000
1.91542	.253735	.000000
1.91577	.253813	.000000
1.91613	.253839	.000000
1.91648	.253837	.000000
1.91684	.253830	.000000
1.91719	.253856	.000000
1.91754	.253876	.000000
1.9179	.253917	.000000
1.91825	.253895	.000000
1.91861	.253869	.000000
1.91896	.253866	.000000
1.91932	.253875	.000000
1.91967	.253938	.000000
1.92003	.254013	.000000
1.92039	.254014	.000000
1.92074	.253933	.000000
1.9211	.253921	.000000
1.92145	.253979	.000000
1.92181	.253973	.000000
1.92217	.253977	.000000
1.92252	.254035	.000000
1.92288	.254001	.000000
1.92323	.253914	.000000
1.92359	.253934	.000000
1.92395	.253999	.000000
1.92431	.254025	.000000
1.92466	.254023	.000000
1.92502	.254071	.000000
1.92538	.254093	.000000
1.92573	.254060	.000000
1.92609	.254033	.000000
1.92645	.254007	.000000
1.92681	.254021	.000000
1.92717	.254059	.000000
1.92752	.254139	.000000
1.92788	.254123	.000000
1.92824	.254094	.000000
1.9286	.254137	.000000
1.92896	.254195	.000000
1.92932	.254169	.000000
1.92968	.254103	.000000
1.93004	.254117	.000000
1.9304	.254144	.000000
1.93075	.254190	.000000
1.93111	.254180	.000000
1.93147	.254108	.000000
1.93183	.254101	.000000
1.93219	.254188	.000000
1.93255	.254266	.000000
1.93291	.254237	.000000
1.93327	.254169	.000000
1.93364	.254249	.000000
1.934	.254340	.000000
1.93436	.254311	.000000
1.93472	.254260	.000000
1.93508	.254248	.000000
1.93544	.254231	.000000
1.9358	.254220	.000000
1.93616	.254234	.000000
1.93652	.254231	.000000
1.93689	.254243	.000000
1.93725	.254234	.000000
1.93761	.254249	.000000
1.93797	.254335	.000000
1.93833	.254345	.000000
1.9387	.254340	.000000
1.93906	.254336	.000000
1.93942	.254340	.000000
1.93978	.254381	.000000
1.94015	.254403	.000000
1.94051	.254364	.000000
1.94087	.254336	.000000
1.94124	.254399	.000000
1.9416	.254425	.000000
1.94196	.254490	.000000
1.94233	.254529	.000000
1.94269	.254548	.000000
1.94306	.254486	.000000
1.94342	.254403	.000000
1.94378	.254452	.000000
1.94415	.254479	.000000
1.94451	.254490	.000000
1.94488	.254471	.000000
1.94524	.254456	.000000
1.94561	.254474	.000000
1.94597	.254481	.000000
1.94634	.254546	.000000
1.9467	.254617	.000000
1.94707	.254600	.000000
1.94743	.254604	.000000
1.9478	.254658	.000000
1.94817	.254628	.000000
1.94853	.254536	.000000
1.9489	.254565	.000000
1.94926	.254619	.000000
1.94963	.254629	.000000
1.95	.254583	.000000
1.95036	.254585	.000000
1.95073	.254665	.000000
1.9511	.254651	.000000
1.95147	.254626	.000000
1.95183	.254643	.000000
1.9522	.254650	.000000
1.95257	.254604	.000000
1.95294	.254587	.000000
1.9533	.254599	.000000
1.95367	.254602	.000000
1.95404	.254558	.000000
1.95441	.254571	.000000
1.95478	.254641	.000000
1.95515	.254665	.000000
1.95551	.254703	.000000
1.95588	.254759	.000000
1.95625	.254778	.000000
1.95662	.254795	.000000
1.95699	.254776	.000000
1.95736	.254745	.000000
1.95773	.254723	.000000
1.9581	.254720	.000000
1.95847	.254769	.000000
1.95884	.254808	.000000
1.95921	.254815	.000000
1.95958	.254830	.000000
1.95995	.254806	.000000
1.96032	.254769	.000000
1.96069	.254732	.000000
1.96106	.254728	.000000
1.96143	.254801	.000000
1.9618	.254820	.000000
1.96217	.254795	.000000
1.96255	.254798	.000000
1.96292	.254851	.000000
1.96329	.254866	.000000
1.96366	.254864	.000000
1.96403	.254871	.000000
1.9644	.254922	.000000
1.96478	.254912	.000000
1.96515	.254851	.000000
1.96552	.254870	.000000
1.96589	.254926	.000000
1.96627	.254975	.000000
1.96664	.255021	.000000
1.96701	.255026	.000000
1.96739	.254992	.000000
1.96776	.254968	.000000
1.96813	.254963	.000000
1.96851	.254934	.000000
1.96888	.254967	.000000
1.96925	.254985	.000000
1.96963	.254965	.000000
1.97	.255002	.000000
1.97038	.255011	.000000
1.97075	.254948	.000000
1.97113	.254994	.000000
1.9715	.255008	.000000
1.97188	.254984	.000000
1.97225	.254996	.000000
1.97263	.254958	.000000
1.973	.254926	.000000
1.97338	.254972	.000000
1.97375	.255067	.000000
1.97413	.255074	.000000
1.9745	.255023	.000000
1.97488	.255006	.000000
1.97526	.255011	.000000
1.97563	.255026	.000000
1.97601	.255045	.000000
1.97639	.255038	.000000
1.97676	.255052	.000000
1.97714	.255069	.000000
1.97752	.255047	.000000
1.97789	.255050	.000000
1.97827	.255055	.000000
1.97865	.255033	.000000
1.97903	.255036	.000000
1.9794	.255036	.000000
1.97978	.255089	.000000
1.98016	.255128	.000000
1.98054	.255173	.000000
1.98092	.255243	.000000
1.98129	.255171	.000000
1.98167	.255091	.000000
1.98205	.255147	.000000
1.98243	.255163	.000000
1.98281	.255128	.000000
1.98319	.255140	.000000
1.98357	.255186	.000000
1.98395	.255265	.000000
1.98433	.255314	.000000
1.98471	.255266	.000000
1.98509	.255215	.000000
1.98547	.255181	.000000
1.98585	.255202	.000000
1.98623	.255258	.000000
1.98661	.255246	.000000
1.98699	.255251	.000000
1.98737	.255294	.000000
1.98775	.255278	.000000
1.98813	.255226	.000000
1.98851	.255251	.000000
1.98889	.255294	.000000
1.98928	.255299	.000000
1.98966	.255273	.000000
1.99004	.255318	.000000
1.99042	.255343	.000000
1.9908	.255403	.000000
1.99119	.255404	.000000
1.99157	.255333	.000000
1.99195	.255261	.000000
1.99233	.255318	.000000
1.99272	.255335	.000000
1.9931	.255266	.000000
1.99348	.255321	.000000
1.99387	.255391	.000000
1.99425	.255348	.000000
1.99463	.255347	.000000
1.99502	.255408	.000000
1.9954	.255447	.000000
1.99578	.255456	.000000
1.99617	.255468	.000000
1.99655	.255488	.000000
1.99694	.255486	.000000
1.99732	.255479	.000000
1.99771	.255452	.000000
1.99809	.255384	.000000
1.99848	.255413	.000000
1.99886	.255435	.000000
1.99925	.255404	.000000
1.99963	.255418	.000000
2.00002	.255476	.000000
2.00041	.255461	.000000
2.00079	.255486	.000000
2.00118	.255466	.000000
2.00156	.255469	.000000
2.00195	.255483	.000000
2.00234	.255507	.000000
2.00272	.255558	.000000
2.00311	.255611	.000000
2.0035	.255575	.000000
2.00388	.255554	.000000
2.00427	.255602	.000000
2.00466	.255573	.000000
2.00505	.255551	.000000
2.00543	.255566	.000000
2.00582	.255556	.000000
2.00621	.255585	.000000
2.0066	.255626	.000000
2.00699	.255653	.000000
2.00738	.255665	.000000
2.00776	.255634	.000000
2.00815	.255612	.000000
2.00854	.255640	.000000
2.00893	.255692	.000000
2.00932	.255723	.000000
2.00971	.255655	.000000
2.0101	.255587	.000000
2.01049	.255600	.000000
2.01088	.255604	.000000
2.01127	.255590	.000000
2.01166	.255638	.000000
2.01205	.255652	.000000
2.01244	.255680	.000000
2.01283	.255694	.000000
2.01322	.255726	.000000
2.01361	.255754	.000000
2.014	.255726	.000000
2.01439	.255716	.000000
2.01479	.255737	.000000
2.01518	.255740	.000000
2.01557	.255757	.000000
2.01596	.255805	.000000
2.01635	.255801	.000000
2.01675	.255822	.000000
2.01714	.255847	.000000
2.01753	.255861	.000000
2.01792	.255796	.000000
2.01832	.255730	.000000
2.01871	.255771	.000000
2.0191	.255827	.000000
2.01949	.255854	.000000
2.01989	.255817	.000000
2.02028	.255849	.000000
2.02068	.255916	.000000
2.02107	.255902	.000000
2.02146	.255904	.000000
2.02186	.255958	.000000
2.02225	.255910	.000000
2.02265	.255882	.000000
2.02304	.255909	.000000
2.02344	.255939	.000000
2.02383	.256014	.000000
2.02423	.256016	.000000
2.02462	.256004	.000000
2.02502	.255980	.000000
2.02541	.255963	.000000
2.02581	.255994	.000000
2.0262	.255941	.000000
2.0266	.255905	.000000
2.02699	.255958	.000000
2.02739	.255992	.000000
2.02779	.255972	.000000
2.02818	.255982	.000000
2.02858	.255967	.000000
2.02898	.255979	.000000
2.02938	.256020	.000000
2.02977	.256026	.000000
2.03017	.256031	.000000
2.03057	.256052	.000000
2.03096	.256083	.000000
2.03136	.256100	.000000
2.03176	.256060	.000000
2.03216	.256021	.000000
2.03256	.256021	.000000
2.03296	.256031	.000000
2.03335	.256045	.000000
2.03375	.256069	.000000
2.03415	.256115	.000000
2.03455	.256139	.000000
2.03495	.256186	.000000
2.03535	.256118	.000000
2.03575	.256106	.000000
2.03615	.256205	.000000
2.03655	.256229	.000000
2.03695	.256212	.000000
2.03735	.256183	.000000
2.03775	.256175	.000000
2.03815	.256198	.000000
2.03855	.256209	.000000
2.03895	.256212	.000000
2.03935	.256200	.000000
2.03975	.256193	.000000
2.04016	.256176	.000000
2.04056	.256183	.000000
2.04096	.256207	.000000
2.04136	.256229	.000000
2.04176	.256268	.000000
2.04216	.256307	.000000
2.04257	.256352	.000000
2.04297	.256393	.000000
2.04337	.256359	.000000
2.04377	.256302	.000000
2.04418	.256278	.000000
2.04458	.256347	.000000
2.04498	.256393	.000000
2.04539	.256331	.000000
2.04579	.256313	.000000
2.04619	.256335	.000000
2.0466	.256333	.000000
2.047	.256353	.000000
2.04741	.256413	.000000
2.04781	.256413	.000000
2.04821	.256388	.000000
2.04862	.256372	.000000
2.04902	.256391	.000000
2.04943	.256386	.000000
2.04983	.256420	.000000
2.05024	.256561	.000000
2.05065	.256532	.000000
2.05105	.256403	.000000
2.05146	.256355	.000000
2.05186	.256445	.000000
2.05227	.256491	.000000
2.05268	.256497	.000000
2.05308	.256507	.000000
2.05349	.256505	.000000
2.05389	.256537	.000000
2.0543	.256534	.000000
2.05471	.256508	.000000
2.05512	.256490	.000000
2.05552	.256502	.000000
2.05593	.256520	.000000
2.05634	.256531	.000000
2.05675	.256537	.000000
2.05715	.256565	.000000
2.05756	.256595	.000000
2.05797	.256578	.000000
2.05838	.256512	.000000
2.05879	.256526	.000000
2.0592	.256568	.000000
2.05961	.256602	.000000
2.06001	.256578	.000000
2.06042	.256595	.000000
2.06083	.256623	.000000
2.06124	.256592	.000000
2.06165	.256623	.000000
2.06206	.256708	.000000
2.06247	.256672	.000000
2.06288	.256606	.000000
2.06329	.256641	.000000
2.0637	.256716	.000000
2.06412	.256745	.000000
2.06453	.256745	.000000
2.06494	.256756	.000000
2.06535	.256686	.000000
2.06576	.256612	.000000
2.06617	.256667	.000000
2.06658	.256757	.000000
2.067	.256796	.000000
2.06741	.256779	.000000
2.06782	.256771	.000000
2.06823	.256817	.000000
2.06865	.256810	.000000
2.06906	.256767	.000000
2.06947	.256727	.000000
2.06988	.256727	.000000
2.0703	.256704	.000000
2.07071	.256761	.000000
2.07112	.256819	.000000
2.07154	.256781	.000000
2.07195	.256820	.000000
2.07237	.256926	.000000
2.07278	.256939	.000000
2.07319	.256842	.000000
2.07361	.256859	.000000
2.07402	.256909	.000000
2.07444	.256934	.000000
2.07485	.256902	.000000
2.07527	.256892	.000000
2.07568	.256865	.000000
2.0761	.256836	.000000
2.07652	.256834	.000000
2.07693	.256911	.000000
2.07735	.257021	.000000
2.07776	.257037	.000000
2.07818	.257018	.000000
2.0786	.256957	.000000
2.07901	.256968	.000000
2.07943	.257013	.000000
2.07985	.256999	.000000
2.08026	.256999	.000000
2.08068	.257035	.000000
2.0811	.257028	.000000
2.08152	.257011	.000000
2.08194	.257047	.000000
2.08235	.257098	.000000
2.08277	.257084	.000000
2.08319	.257100	.000000
2.08361	.257120	.000000
2.08403	.257088	.000000
2.08445	.257106	.000000
2.08487	.257134	.000000
2.08528	.257086	.000000
2.0857	.257037	.000000
2.08612	.257008	.000000
2.08654	.257009	.000000
2.08696	.257115	.000000
2.08738	.257190	.000000
2.0878	.257169	.000000
2.08822	.257193	.000000
2.08865	.257226	.000000
2.08907	.257234	.000000
2.08949	.257198	.000000
2.08991	.257198	.000000
2.09033	.257171	.000000
2.09075	.257076	.000000
2.09117	.257088	.000000
2.09159	.257156	.000000
2.09202	.257204	.000000
2.09244	.257197	.000000
2.09286	.257219	.000000
2.09328	.257282	.000000
2.09371	.257279	.000000
2.09413	.257258	.000000
2.09455	.257253	.000000
2.09497	.257290	.000000
2.0954	.257323	.000000
2.09582	.257313	.000000
2.09624	.257297	.000000
2.09667	.257311	.000000
2.09709	.257376	.000000
2.09752	.257388	.000000
2.09794	.257388	.000000
2.09837	.257377	.000000
2.09879	.257357	.000000
2.09922	.257388	.000000
2.09964	.257483	.000000
2.10007	.257495	.000000
2.10049	.257442	.000000
2.10092	.257432	.000000
2.10134	.257444	.000000
2.10177	.257490	.000000
2.10219	.257563	.000000
2.10262	.257534	.000000
2.10305	.257512	.000000
2.10347	.257527	.000000
2.1039	.257486	.000000
2.10433	.257471	.000000
2.10475	.257507	.000000
2.10518	.257543	.000000
2.10561	.257577	.000000
2.10604	.257587	.000000
2.10646	.257561	.000000
2.10689	.257561	.000000
2.10732	.257565	.000000
2.10775	.257555	.000000
2.10818	.257582	.000000
2.10861	.257664	.000000
2.10904	.257727	.000000
2.10946	.257662	.000000
2.10989	.257631	.000000
2.11032	.257650	.000000
2.11075	.257652	.000000
2.11118	.257638	.000000
2.11161	.257631	.000000
2.11204	.257674	.000000
2.11247	.257636	.000000
2.1129	.257619	.000000
2.11333	.257647	.000000
2.11376	.257652	.000000
2.1142	.257679	.000000
2.11463	.257728	.000000
2.11506	.257713	.000000
2.11549	.257740	.000000
2.11592	.257730	.000000
2.11635	.257728	.000000
2.11678	.257750	.000000
2.11722	.257691	.000000
2.11765	.257686	.000000
2.11808	.257779	.000000
2.11851	.257851	.000000
2.11895	.257861	.000000
2.11938	.257819	.000000
2.11981	.257808	.000000
2.12025	.257839	.000000
2.12068	.257837	.000000
2.12111	.257832	.000000
2.12155	.257841	.000000
2.12198	.257825	.000000
2.12242	.257868	.000000
2.12285	.257895	.000000
2.12329	.257854	.000000
2.12372	.257854	.000000
2.12416	.257943	.000000
2.12459	.257962	.000000
2.12503	.257911	.000000
2.12546	.257856	.000000
2.1259	.257890	.000000
2.12633	.257965	.000000
2.12677	.257882	.000000
2.12721	.257871	.000000
2.12764	.257965	.000000
2.12808	.257965	.000000
2.12852	.257980	.000000
2.12895	.257926	.000000
2.12939	.257914	.000000
2.12983	.257970	.000000
2.13027	.258021	.000000
2.1307	.258009	.000000
2.13114	.258004	.000000
2.13158	.258074	.000000
2.13202	.258049	.000000
2.13246	.257970	.000000
2.13289	.258047	.000000
2.13333	.258083	.000000
2.13377	.258015	.000000
2.13421	.257970	.000000
2.13465	.258049	.000000
2.13509	.258175	.000000
2.13553	.258229	.000000
2.13597	.258176	.000000
2.13641	.258146	.000000
2.13685	.258110	.000000
2.13729	.258072	.000000
2.13773	.258125	.000000
2.13817	.258141	.000000
2.13861	.258141	.000000
2.13905	.258135	.000000
2.1395	.258137	.000000
2.13994	.258137	.000000
2.14038	.258171	.000000
2.14082	.258175	.000000
2.14126	.258183	.000000
2.1417	.258234	.000000
2.14215	.258224	.000000
2.14259	.258219	.000000
2.14303	.258229	.000000
2.14348	.258291	.000000
2.14392	.258383	.000000
2.14436	.258440	.000000
2.14481	.258386	.000000
2.14525	.258304	.000000
2.14569	.258302	.000000
2.14614	.258277	.000000
2.14658	.258260	.000000
2.14703	.258258	.000000
2.14747	.258325	.000000
2.14792	.258413	.000000
2.14836	.258437	.000000
2.14881	.258403	.000000
2.14925	.258335	.000000
2.1497	.258309	.000000
2.15014	.258354	.000000
2.15059	.258343	.000000
2.15103	.258376	.000000
2.15148	.258488	.000000
2.15193	.258563	.000000
2.15237	.258505	.000000
2.15282	.258413	.000000
2.15327	.258365	.000000
2.15371	.258435	.000000
2.15416	.258515	.000000
2.15461	.258522	.000000
2.15506	.258529	.000000
2.15551	.258524	.000000
2.15595	.258488	.000000
2.1564	.258510	.000000
2.15685	.258573	.000000
2.1573	.258561	.000000
2.15775	.258466	.000000
2.1582	.258475	.000000
2.15865	.258512	.000000
2.1591	.258561	.000000
2.15955	.258614	.000000
2.16	.258662	.000000
2.16045	.258630	.000000
2.1609	.258606	.000000
2.16135	.258618	.000000
2.1618	.258636	.000000
2.16225	.258686	.000000
2.1627	.258665	.000000
2.16315	.258618	.000000
2.1636	.258609	.000000
2.16405	.258635	.000000
2.1645	.258635	.000000
2.16496	.258645	.000000
2.16541	.258727	.000000
2.16586	.258791	.000000
2.16631	.258754	.000000
2.16677	.258739	.000000
2.16722	.258745	.000000
2.16767	.258739	.000000
2.16813	.258744	.000000
2.16858	.258768	.000000
2.16903	.258802	.000000
2.16949	.258802	.000000
2.16994	.258834	.000000
2.17039	.258832	.000000
2.17085	.258825	.000000
2.1713	.258808	.000000
2.17176	.258752	.000000
2.17221	.258774	.000000
2.17267	.258844	.000000
2.17312	.258807	.000000
2.17358	.258819	.000000
2.17403	.258843	.000000
2.17449	.258878	.000000
2.17495	.258856	.000000
2.1754	.258839	.000000
2.17586	.258875	.000000
2.17632	.258906	.000000
2.17677	.258924	.000000
2.17723	.258955	.000000
2.17769	.258914	.000000
2.17814	.258871	.000000
2.1786	.258912	.000000
2.17906	.258986	.000000
2.17952	.258979	.000000
2.17998	.258999	.000000
2.18043	.259008	.000000
2.18089	.258934	.000000
2.18135	.258933	.000000
2.18181	.259023	.000000
2.18227	.259098	.000000
2.18273	.259124	.000000
2.18319	.259101	.000000
2.18365	.259093	.000000
2.18411	.259054	.000000
2.18457	.258970	.000000
2.18503	.258969	.000000
2.18549	.258999	.000000
2.18595	.259042	.000000
2.18641	.259105	.000000
2.18687	.259149	.000000
2.18733	.259113	.000000
2.18779	.259072	.000000
2.18826	.259044	.000000
2.18872	.259130	.000000
2.18918	.259147	.000000
2.18964	.259149	.000000
2.1901	.259183	.000000
2.19057	.259197	.000000
2.19103	.259234	.000000
2.19149	.259245	.000000
2.19196	.259146	.000000
2.19242	.259190	.000000
2.19288	.259246	.000000
2.19335	.259256	.000000
2.19381	.259255	.000000
2.19428	.259255	.000000
2.19474	.259239	.000000
2.1952	.259234	.000000
2.19567	.259275	.000000
2.19613	.259326	.000000
2.1966	.259328	.000000
2.19707	.259415	.000000
2.19753	.259444	.000000
2.198	.259388	.000000
2.19846	.259389	.000000
2.19893	.259423	.000000
2.1994	.259422	.000000
2.19986	.259444	.000000
2.20033	.259456	.000000
2.2008	.259485	.000000
2.20126	.259504	.000000
2.20173	.259454	.000000
2.2022	.259389	.000000
2.20267	.259386	.000000
2.20313	.259410	.000000
2.2036	.259451	.000000
2.20407	.259546	.000000
2.20454	.259592	.000000
2.20501	.259584	.000000
2.20548	.259584	.000000
2.20595	.259541	.000000
2.20641	.259543	.000000
2.20688	.259577	.000000
2.20735	.259630	.000000
2.20782	.259665	.000000
2.20829	.259647	.000000
2.20876	.259711	.000000
2.20924	.259762	.000000
2.20971	.259749	.000000
2.21018	.259682	.000000
2.21065	.259686	.000000
2.21112	.259708	.000000
2.21159	.259670	.000000
2.21206	.259688	.000000
2.21254	.259757	.000000
2.21301	.259805	.000000
2.21348	.259820	.000000
2.21395	.259810	.000000
2.21442	.259860	.000000
2.2149	.259887	.000000
2.21537	.259841	.000000
2.21584	.259774	.000000
2.21632	.259759	.000000
2.21679	.259790	.000000
2.21727	.259849	.000000
2.21774	.259882	.000000
2.21821	.259882	.000000
2.21869	.259877	.000000
2.21916	.259846	.000000
2.21964	.259853	.000000
2.22011	.259974	.000000
2.22059	.259984	.000000
2.22107	.259987	.000000
2.22154	.260025	.000000
2.22202	.260025	.000000
2.22249	.260066	.000000
2.22297	.260078	.000000
2.22345	.260020	.000000
2.22392	.259987	.000000
2.2244	.260061	.000000
2.22488	.260103	.000000
2.22535	.260081	.000000
2.22583	.260144	.000000
2.22631	.260194	.000000
2.22679	.260129	.000000
2.22727	.260102	.000000
2.22775	.260086	.000000
2.22822	.260090	.000000
2.2287	.260154	.000000
2.22918	.260217	.000000
2.22966	.260211	.000000
2.23014	.260240	.000000
2.23062	.260205	.000000
2.2311	.260148	.000000
2.23158	.260142	.000000
2.23206	.260154	.000000
2.23254	.260233	.000000
2.23302	.260274	.000000
2.2335	.260272	.000000
2.23398	.260287	.000000
2.23447	.260274	.000000
2.23495	.260199	.000000
2.23543	.260209	.000000
2.23591	.260291	.000000
2.23639	.260320	.000000
2.23688	.260364	.000000
2.23736	.260372	.000000
2.23784	.260330	.000000
2.23832	.260360	.000000
2.23881	.260359	.000000
2.23929	.260389	.000000
2.23977	.260388	.000000
2.24026	.260420	.000000
2.24074	.260483	.000000
2.24123	.260493	.000000
2.24171	.260475	.000000
2.2422	.260432	.000000
2.24268	.260389	.000000
2.24317	.260420	.000000
2.24365	.260454	.000000
2.24414	.260470	.000000
2.24462	.260459	.000000
2.24511	.260466	.000000
2.24559	.260488	.000000
2.24608	.260497	.000000
2.24657	.260487	.000000
2.24705	.260529	.000000
2.24754	.260582	.000000
2.24803	.260596	.000000
2.24852	.260608	.000000
2.249	.260642	.000000
2.24949	.260660	.000000
2.24998	.260655	.000000
2.25047	.260638	.000000
2.25096	.260633	.000000
2.25145	.260652	.000000
2.25194	.260652	.000000
2.25242	.260636	.000000
2.25291	.260635	.000000
2.2534	.260679	.000000
2.25389	.260722	.000000
2.25438	.260800	.000000
2.25487	.260836	.000000
2.25536	.260822	.000000
2.25585	.260873	.000000
2.25635	.260875	.000000
2.25684	.260884	.000000
2.25733	.260921	.000000
2.25782	.260848	.000000
2.25831	.260846	.000000
2.2588	.260884	.000000
2.25929	.260947	.000000
2.25979	.261018	.000000
2.26028	.260979	.000000
2.26077	.260940	.000000
2.26127	.260970	.000000
2.26176	.260976	.000000
2.26225	.260930	.000000
2.26275	.260911	.000000
2.26324	.260919	.000000
2.26373	.260979	.000000
2.26423	.260986	.000000
2.26472	.260993	.000000
2.26522	.261054	.000000
2.26571	.261076	.000000
2.26621	.261066	.000000
2.2667	.261076	.000000
2.2672	.261137	.000000
2.26769	.261197	.000000
2.26819	.261245	.000000
2.26869	.261212	.000000
2.26918	.261132	.000000
2.26968	.261100	.000000
2.27018	.261187	.000000
2.27067	.261260	.000000
2.27117	.261258	.000000
2.27167	.261274	.000000
2.27217	.261287	.000000
2.27266	.261367	.000000
2.27316	.261412	.000000
2.27366	.261412	.000000
2.27416	.261383	.000000
2.27466	.261338	.000000
2.27516	.261323	.000000
2.27566	.261364	.000000
2.27616	.261425	.000000
2.27666	.261418	.000000
2.27716	.261357	.000000
2.27766	.261376	.000000
2.27816	.261384	.000000
2.27866	.261381	.000000
2.27916	.261417	.000000
2.27966	.261417	.000000
2.28016	.261372	.000000
2.28066	.261342	.000000
2.28116	.261386	.000000
2.28167	.261417	.000000
2.28217	.261497	.000000
2.28267	.261541	.000000
2.28317	.261573	.000000
2.28368	.261609	.000000
2.28418	.261599	.000000
2.28468	.261619	.000000
2.28518	.261618	.000000
2.28569	.261594	.000000
2.28619	.261637	.000000
2.2867	.261689	.000000
2.2872	.261713	.000000
2.28771	.261669	.000000
2.28821	.261642	.000000
2.28872	.261631	.000000
2.28922	.261654	.000000
2.28973	.261688	.000000
2.29023	.261708	.000000
2.29074	.261718	.000000
2.29124	.261768	.000000
2.29175	.261812	.000000
2.29226	.261798	.000000
2.29276	.261803	.000000
2.29327	.261824	.000000
2.29378	.261839	.000000
2.29429	.261851	.000000
2.29479	.261935	.000000
2.2953	.262011	.000000
2.29581	.261987	.000000
2.29632	.261931	.000000
2.29683	.262008	.000000
2.29734	.262015	.000000
2.29784	.261950	.000000
2.29835	.262015	.000000
2.29886	.262028	.000000
2.29937	.262042	.000000
2.29988	.262044	.000000
2.30039	.262083	.000000
2.3009	.262129	.000000
2.30141	.262057	.000000
2.30193	.262039	.000000
2.30244	.262149	.000000
2.30295	.262178	.000000
2.30346	.262187	.000000
2.30397	.262228	.000000
2.30448	.262194	.000000
2.305	.262197	.000000
2.30551	.262207	.000000
2.30602	.262226	.000000
2.30653	.262292	.000000
2.30705	.262338	.000000
2.30756	.262299	.000000
2.30807	.262272	.000000
2.30859	.262318	.000000
2.3091	.262340	.000000
2.30962	.262330	.000000
2.31013	.262371	.000000
2.31065	.262407	.000000
2.31116	.262442	.000000
2.31168	.262429	.000000
2.31219	.262407	.000000
2.31271	.262403	.000000
2.31322	.262522	.000000
2.31374	.262652	.000000
2.31425	.262643	.000000
2.31477	.262643	.000000
2.31529	.262674	.000000
2.3158	.262660	.000000
2.31632	.262621	.000000
2.31684	.262625	.000000
2.31736	.262623	.000000
2.31788	.262647	.000000
2.31839	.262643	.000000
2.31891	.262621	.000000
2.31943	.262645	.000000
2.31995	.262683	.000000
2.32047	.262700	.000000
2.32099	.262741	.000000
2.32151	.262751	.000000
2.32203	.262705	.000000
2.32255	.262732	.000000
2.32307	.262812	.000000
2.32359	.262833	.000000
2.32411	.262833	.000000
2.32463	.262901	.000000
2.32515	.262952	.000000
2.32567	.263001	.000000
2.3262	.263035	.000000
2.32672	.263030	.000000
2.32724	.263025	.000000
2.32776	.262947	.000000
2.32828	.262950	.000000
2.32881	.263069	.000000
2.32933	.263049	.000000
2.32985	.262989	.000000
2.33038	.263054	.000000
2.3309	.263120	.000000
2.33143	.263108	.000000
2.33195	.263074	.000000
2.33247	.263010	.000000
2.333	.263068	.000000
2.33352	.263165	.000000
2.33405	.263192	.000000
2.33457	.263185	.000000
2.3351	.263175	.000000
2.33563	.263172	.000000
2.33615	.263243	.000000
2.33668	.263318	.000000
2.33721	.263282	.000000
2.33773	.263233	.000000
2.33826	.263246	.000000
2.33879	.263304	.000000
2.33931	.263338	.000000
2.33984	.263316	.000000
2.34037	.263313	.000000
2.3409	.263366	.000000
2.34143	.263427	.000000
2.34196	.263478	.000000
2.34249	.263465	.000000
2.34301	.263405	.000000
2.34354	.263456	.000000
2.34407	.263548	.000000
2.3446	.263604	.000000
2.34513	.263594	.000000
2.34566	.263594	.000000
2.3462	.263582	.000000
2.34673	.263568	.000000
2.34726	.263611	.000000
2.34779	.263681	.000000
2.34832	.263689	.000000
2.34885	.263706	.000000
2.34938	.263766	.000000
2.34992	.263802	.000000
2.35045	.263713	.000000
2.35098	.263713	.000000
2.35152	.263737	.000000
2.35205	.263679	.000000
2.35258	.263678	.000000
2.35312	.263747	.000000
2.35365	.263787	.000000
2.35419	.263819	.000000
2.35472	.263872	.000000
2.35525	.263860	.000000
2.35579	.263925	.000000
2.35632	.264032	.000000
2.35686	.263971	.000000
2.3574	.263851	.000000
2.35793	.263867	.000000
2.35847	.263945	.000000
2.35901	.263984	.000000
2.35954	.264057	.000000
2.36008	.264027	.000000
2.36062	.264022	.000000
2.36115	.264080	.000000
2.36169	.264120	.000000
2.36223	.264115	.000000
2.36277	.264115	.000000
2.36331	.264097	.000000
2.36384	.264156	.000000
2.36438	.264204	.000000
2.36492	.264185	.000000
2.36546	.264161	.000000
2.366	.264197	.000000
2.36654	.264264	.000000
2.36708	.264284	.000000
2.36762	.264245	.000000
2.36816	.264245	.000000
2.3687	.264313	.000000
2.36925	.264332	.000000
2.36979	.264362	.000000
2.37033	.264405	.000000
2.37087	.264427	.000000
2.37141	.264441	.000000
2.37196	.264419	.000000
2.3725	.264417	.000000
2.37304	.264429	.000000
2.37358	.264468	.000000
2.37413	.264453	.000000
2.37467	.264466	.000000
2.37522	.264538	.000000
2.37576	.264543	.000000
2.3763	.264553	.000000
2.37685	.264574	.000000
2.37739	.264594	.000000
2.37794	.264548	.000000
2.37848	.264545	.000000
2.37903	.264632	.000000
2.37958	.264661	.000000
2.38012	.264690	.000000
2.38067	.264696	.000000
2.38122	.264746	.000000
2.38176	.264713	.000000
2.38231	.264642	.000000
2.38286	.264630	.000000
2.3834	.264672	.000000
2.38395	.264800	.000000
2.3845	.264914	.000000
2.38505	.264904	.000000
2.3856	.264805	.000000
2.38615	.264782	.000000
2.3867	.264851	.000000
2.38724	.264959	.000000
2.38779	.264993	.000000
2.38834	.264938	.000000
2.38889	.264955	.000000
2.38945	.264994	.000000
2.39	.265013	.000000
2.39055	.265083	.000000
2.3911	.265071	.000000
2.39165	.265017	.000000
2.3922	.265056	.000000
2.39275	.265085	.000000
2.39331	.265075	.000000
2.39386	.265058	.000000
2.39441	.265081	.000000
2.39496	.265127	.000000
2.39552	.265146	.000000
2.39607	.265235	.000000
2.39663	.265247	.000000
2.39718	.265180	.000000
2.39773	.265197	.000000
2.39829	.265265	.000000
2.39884	.265318	.000000
2.3994	.265405	.000000
2.39995	.265422	.000000
2.40051	.265402	.000000
2.40106	.265393	.000000
2.40162	.265385	.000000
2.40218	.265453	.000000
2.40273	.265524	.000000
2.40329	.265526	.000000
2.40385	.265519	.000000
2.4044	.265557	.000000
2.40496	.265577	.000000
2.40552	.265608	.000000
2.40608	.265635	.000000
2.40664	.265623	.000000
2.4072	.265581	.000000
2.40775	.265609	.000000
2.40831	.265673	.000000
2.40887	.265737	.000000
2.40943	.265719	.000000
2.40999	.265654	.000000
2.41055	.265678	.000000
2.41111	.265695	.000000
2.41167	.265747	.000000
2.41223	.265824	.000000
2.4128	.265817	.000000
2.41336	.265729	.000000
2.41392	.265761	.000000
2.41448	.265838	.000000
2.41504	.265857	.000000
2.41561	.265828	.000000
2.41617	.265855	.000000
2.41673	.265940	.000000
2.4173	.265976	.000000
2.41786	.265955	.000000
2.41842	.265942	.000000
2.41899	.265967	.000000
2.41955	.265986	.000000
2.42012	.266052	.000000
2.42068	.266122	.000000
2.42125	.266121	.000000
2.42181	.266087	.000000
2.42238	.266122	.000000
2.42294	.266126	.000000
2.42351	.266069	.000000
2.42408	.266081	.000000
2.42464	.266133	.000000
2.42521	.266131	.000000
2.42578	.266092	.000000
2.42635	.266105	.000000
2.42691	.266126	.000000
2.42748	.266150	.000000
2.42805	.266231	.000000
2.42862	.266373	.000000
2.42919	.266371	.000000
2.42976	.266334	.000000
2.43033	.266313	.000000
2.4309	.266364	.000000
2.43147	.266419	.000000
2.43204	.266432	.000000
2.43261	.266497	.000000
2.43318	.266523	.000000
2.43375	.266490	.000000
2.43432	.266521	.000000
2.43489	.266593	.000000
2.43546	.266589	.000000
2.43604	.266599	.000000
2.43661	.266598	.000000
2.43718	.266604	.000000
2.43775	.266645	.000000
2.43833	.266690	.000000
2.4389	.266688	.000000
2.43947	.266611	.000000
2.44005	.266587	.000000
2.44062	.266707	.000000
2.4412	.266780	.000000
2.44177	.266758	.000000
2.44235	.266770	.000000
2.44292	.266763	.000000
2.4435	.266759	.000000
2.44407	.266804	.000000
2.44465	.266903	.000000
2.44523	.266959	.000000
2.4458	.266886	.000000
2.44638	.266901	.000000
2.44696	.266925	.000000
2.44754	.266928	.000000
2.44811	.266947	.000000
2.44869	.266959	.000000
2.44927	.267022	.000000
2.44985	.267075	.000000
2.45043	.267102	.000000
2.45101	.267071	.000000
2.45159	.267034	.000000
2.45217	.267029	.000000
2.45275	.267054	.000000
2.45333	.267058	.000000
2.45391	.267100	.000000
2.45449	.267116	.000000
2.45507	.267170	.000000
2.45565	.267282	.000000
2.45623	.267254	.000000
2.45681	.267177	.000000
2.4574	.267167	.000000
2.45798	.267257	.000000
2.45856	.267306	.000000
2.45914	.267337	.000000
2.45973	.267323	.000000
2.46031	.267313	.000000
2.46089	.267378	.000000
2.46148	.267466	.000000
2.46206	.267507	.000000
2.46265	.267480	.000000
2.46323	.267446	.000000
2.46382	.267422	.000000
2.4644	.267487	.000000
2.46499	.267548	.000000
2.46558	.267584	.000000
2.46616	.267622	.000000
2.46675	.267599	.000000
2.46734	.267611	.000000
2.46792	.267686	.000000
2.46851	.267744	.000000
2.4691	.267715	.000000
2.46969	.267664	.000000
2.47027	.267688	.000000
2.47086	.267720	.000000
2.47145	.267748	.000000
2.47204	.267758	.000000
2.47263	.267795	.000000
2.47322	.267799	.000000
2.47381	.267797	.000000
2.4744	.267828	.000000
2.47499	.267867	.000000
2.47558	.267874	.000000
2.47617	.267913	.000000
2.47677	.267903	.000000
2.47736	.267901	.000000
2.47795	.267925	.000000
2.47854	.267961	.000000
2.47913	.268047	.000000
2.47973	.268112	.000000
2.48032	.268158	.000000
2.48091	.268143	.000000
2.48151	.268128	.000000
2.4821	.268099	.000000
2.48269	.268119	.000000
2.48329	.268172	.000000
2.48388	.268223	.000000
2.48448	.268266	.000000
2.48507	.268323	.000000
2.48567	.268349	.000000
2.48627	.268289	.000000
2.48686	.268223	.000000
2.48746	.268235	.000000
2.48806	.268329	.000000
2.48865	.268359	.000000
2.48925	.268352	.000000
2.48985	.268358	.000000
2.49045	.268393	.000000
2.49104	.268467	.000000
2.49164	.268453	.000000
2.49224	.268475	.000000
2.49284	.268526	.000000
2.49344	.268518	.000000
2.49404	.268557	.000000
2.49464	.268542	.000000
2.49524	.268509	.000000
2.49584	.268605	.000000
2.49644	.268705	.000000
2.49704	.268601	.000000
2.49764	.268584	.000000
2.49825	.268666	.000000
2.49885	.268714	.000000
2.49945	.268744	.000000
2.50005	.268763	.000000
2.50066	.268744	.000000
2.50126	.268715	.000000
2.50186	.268700	.000000
2.50247	.268749	.000000
2.50307	.268869	.000000
2.50368	.268894	.000000
2.50428	.268877	.000000
2.50488	.268925	.000000
2.50549	.268962	.000000
2.5061	.268964	.000000
2.5067	.268961	.000000
2.50731	.269020	.000000
2.50791	.269070	.000000
2.50852	.269092	.000000
2.50913	.269124	.000000
2.50973	.269177	.000000
2.51034	.269174	.000000
2.51095	.269117	.000000
2.51156	.269104	.000000
2.51217	.269196	.000000
2.51278	.269257	.000000
2.51338	.269322	.000000
2.51399	.269310	.000000
2.5146	.269313	.000000
2.51521	.269359	.000000
2.51582	.269439	.000000
2.51643	.269531	.000000
2.51704	.269509	.000000
2.51766	.269492	.000000
2.51827	.269518	.000000
2.51888	.269550	.000000
2.51949	.269569	.000000
2.5201	.269542	.000000
2.52072	.269586	.000000
2.52133	.269640	.000000
2.52194	.269654	.000000
2.52256	.269700	.000000
2.52317	.269763	.000000
2.52378	.269749	.000000
2.5244	.269758	.000000
2.52501	.269778	.000000
2.52563	.269801	.000000
2.52624	.269802	.000000
2.52686	.269845	.000000
2.52747	.269910	.000000
2.52809	.269939	.000000
2.52871	.269971	.000000
2.52932	.269979	.000000
2.52994	.269969	.000000
2.53056	.269935	.000000
2.53118	.269957	.000000
2.53179	.269961	.000000
2.53241	.269986	.000000
2.53303	.270102	.000000
2.53365	.270158	.000000
2.53427	.270111	.000000
2.53489	.270083	.000000
2.53551	.270085	.000000
2.53613	.270196	.000000
2.53675	.270245	.000000
2.53737	.270312	.000000
2.53799	.270334	.000000
2.53861	.270359	.000000
2.53923	.270392	.000000
2.53986	.270370	.000000
2.54048	.270359	.000000
2.5411	.270383	.000000
2.54172	.270445	.000000
2.54235	.270480	.000000
2.54297	.270537	.000000
2.54359	.270611	.000000
2.54422	.270627	.000000
2.54484	.270642	.000000
2.54547	.270606	.000000
2.54609	.270598	.000000
2.54672	.270647	.000000
2.54734	.270629	.000000
2.54797	.270632	.000000
2.54859	.270664	.000000
2.54922	.270703	.000000
2.54985	.270799	.000000
2.55048	.270819	.000000
2.5511	.270818	.000000
2.55173	.270845	.000000
2.55236	.270848	.000000
2.55299	.270887	.000000
2.55362	.270986	.000000
2.55424	.271071	.000000
2.55487	.271075	.000000
2.5555	.271109	.000000
2.55613	.271157	.000000
2.55676	.271160	.000000
2.55739	.271119	.000000
2.55803	.271160	.000000
2.55866	.271245	.000000
2.55929	.271259	.000000
2.55992	.271247	.000000
2.56055	.271238	.000000
2.56118	.271228	.000000
2.56182	.271313	.000000
2.56245	.271361	.000000
2.56308	.271434	.000000
2.56372	.271422	.000000
2.56435	.271371	.000000
2.56499	.271453	.000000
2.56562	.271474	.000000
2.56625	.271497	.000000
2.56689	.271543	.000000
2.56753	.271552	.000000
2.56816	.271574	.000000
2.5688	.271644	.000000
2.56943	.271697	.000000
2.57007	.271787	.000000
2.57071	.271814	.000000
2.57135	.271744	.000000
2.57198	.271724	.000000
2.57262	.271765	.000000
2.57326	.271809	.000000
2.5739	.271893	.000000
2.57454	.271848	.000000
2.57518	.271799	.000000
2.57582	.271833	.000000
2.57646	.271840	.000000
2.5771	.271962	.000000
2.57774	.272053	.000000
2.57838	.271993	.000000
2.57902	.272029	.000000
2.57966	.272095	.000000
2.5803	.272065	.000000
2.58095	.272032	.000000
2.58159	.272155	.000000
2.58223	.272298	.000000
2.58287	.272317	.000000
2.58352	.272230	.000000
2.58416	.272266	.000000
2.58481	.272417	.000000
2.58545	.272465	.000000
2.5861	.272465	.000000
2.58674	.272443	.000000
2.58739	.272491	.000000
2.58803	.272514	.000000
2.58868	.272477	.000000
2.58932	.272494	.000000
2.58997	.272572	.000000
2.59062	.272632	.000000
2.59127	.272709	.000000
2.59191	.272767	.000000
2.59256	.272748	.000000
2.59321	.272704	.000000
2.59386	.272610	.000000
2.59451	.272617	.000000
2.59516	.272755	.000000
2.59581	.272763	.000000
2.59646	.272894	.000000
2.59711	.272947	.000000
2.59776	.272959	.000000
2.59841	.273014	.000000
2.59906	.272978	.000000
2.59971	.272947	.000000
2.60036	.272973	.000000
2.60101	.273034	.000000
2.60167	.272998	.000000
2.60232	.273022	.000000
2.60297	.273189	.000000
2.60363	.273273	.000000
2.60428	.273235	.000000
2.60493	.273167	.000000
2.60559	.273204	.000000
2.60624	.273329	.000000
2.6069	.273331	.000000
2.60756	.273308	.000000
2.60821	.273344	.000000
2.60887	.273339	.000000
2.60952	.273342	.000000
2.61018	.273429	.000000
2.61084	.273470	.000000
2.6115	.273503	.000000
2.61215	.273588	.000000
2.61281	.273567	.000000
2.61347	.273537	.000000
2.61413	.273581	.000000
2.61479	.273596	.000000
2.61545	.273574	.000000
2.61611	.273537	.000000
2.61677	.273516	.000000
2.61743	.273595	.000000
2.61809	.273702	.000000
2.61875	.273734	.000000
2.61941	.273733	.000000
2.62007	.273637	.000000
2.62074	.273748	.000000
2.6214	.273940	.000000
2.62206	.273910	.000000
2.62272	.273848	.000000
2.62339	.273818	.000000
2.62405	.273842	.000000
2.62472	.273905	.000000
2.62538	.273959	.000000
2.62604	.273944	.000000
2.62671	.273975	.000000
2.62738	.274155	.000000
2.62804	.274206	.000000
2.62871	.274140	.000000
2.62937	.274124	.000000
2.63004	.274102	.000000
2.63071	.274111	.000000
2.63138	.274225	.000000
2.63204	.274249	.000000
2.63271	.274198	.000000
2.63338	.274203	.000000
2.63405	.274230	.000000
2.63472	.274268	.000000
2.63539	.274404	.000000
2.63606	.274492	.000000
2.63673	.274513	.000000
2.6374	.274462	.000000
2.63807	.274438	.000000
2.63874	.274511	.000000
2.63941	.274542	.000000
2.64009	.274499	.000000
2.64076	.274458	.000000
2.64143	.274535	.000000
2.6421	.274520	.000000
2.64278	.274523	.000000
2.64345	.274605	.000000
2.64412	.274682	.000000
2.6448	.274659	.000000
2.64547	.274637	.000000
2.64615	.274695	.000000
2.64682	.274695	.000000
2.6475	.274665	.000000
2.64818	.274704	.000000
2.64885	.274777	.000000
2.64953	.274813	.000000
2.65021	.274751	.000000
2.65088	.274683	.000000
2.65156	.274634	.000000
2.65224	.274625	.000000
2.65292	.274721	.000000
2.6536	.274808	.000000
2.65428	.274709	.000000
2.65496	.274578	.000000
2.65564	.274607	.000000
2.65632	.274661	.000000
2.657	.274712	.000000
2.65768	.274709	.000000
2.65836	.274591	.000000
2.65904	.274504	.000000
2.65972	.274479	.000000
2.6604	.274566	.000000
2.66109	.274608	.000000
2.66177	.274583	.000000
2.66245	.274612	.000000
2.66314	.274591	.000000
2.66382	.274498	.000000
2.66451	.274406	.000000
2.66519	.274392	.000000
2.66588	.274319	.000000
2.66656	.274152	.000000
2.66725	.274184	.000000
2.66793	.274220	.000000
2.66862	.274000	.000000
2.66931	.273685	.000000
2.67	.273237	.000000
2.67068	.272881	.000000
2.67137	.272552	.000000
2.67206	.272051	.000000
2.67275	.271644	.000000
2.67344	.271399	.000000
2.67413	.271203	.000000
2.67482	.270964	.000000
2.67551	.270828	.000000
2.6762	.270751	.000000
2.67689	.270695	.000000
2.67758	.270717	.000000
2.67827	.270755	.000000
2.67896	.270603	.000000
2.67965	.270577	.000000
2.68035	.270632	.000000
2.68104	.270617	.000000
2.68173	.270458	.000000
2.68243	.270201	.000000
2.68312	.270085	.000000
2.68382	.270002	.000000
2.68451	.269812	.000000
2.68521	.269634	.000000
2.6859	.269484	.000000
2.6866	.269323	.000000
2.68729	.269238	.000000
2.68799	.269094	.000000
2.68869	.269013	.000000
2.68938	.268933	.000000
2.69008	.268814	.000000
2.69078	.268737	.000000
2.69148	.268603	.000000
2.69218	.268438	.000000
2.69288	.268254	.000000
2.69358	.268059	.000000
2.69428	.267952	.000000
2.69498	.267795	.000000
2.69568	.267586	.000000
2.69638	.267448	.000000
2.69708	.267301	.000000
2.69778	.267078	.000000
2.69848	.266811	.000000
2.69918	.266550	.000000
2.69989	.266303	.000000
2.70059	.266013	.000000
2.70129	.265775	.000000
2.702	.265563	.000000
2.7027	.265270	.000000
2.70341	.265003	.000000
2.70411	.264742	.000000
2.70482	.264516	.000000
2.70552	.264212	.000000
2.70623	.264018	.000000
2.70694	.263850	.000000
2.70764	.263505	.000000
2.70835	.263163	.000000
2.70906	.262855	.000000
2.70977	.262570	.000000
2.71047	.262175	.000000
2.71118	.261780	.000000
2.71189	.261628	.000000
2.7126	.261499	.000000
2.71331	.261265	.000000
2.71402	.261136	.000000
2.71473	.260918	.000000
2.71544	.260648	.000000
2.71615	.260538	.000000
2.71686	.260381	.000000
2.71758	.260233	.000000
2.71829	.260098	.000000
2.719	.259877	.000000
2.71971	.259602	.000000
2.72043	.259316	.000000
2.72114	.259057	.000000
2.72186	.258934	.000000
2.72257	.258727	.000000
2.72329	.258449	.000000
2.724	.258250	.000000
2.72472	.258159	.000000
2.72543	.257802	.000000
2.72615	.257459	.000000
2.72687	.257253	.000000
2.72758	.257152	.000000
2.7283	.256895	.000000
2.72902	.256623	.000000
2.72974	.256313	.000000
2.73046	.255933	.000000
2.73118	.255667	.000000
2.7319	.255306	.000000
2.73262	.254973	.000000
2.73334	.254614	.000000
2.73406	.254215	.000000
2.73478	.253784	.000000
2.7355	.253437	.000000
2.73622	.253105	.000000
2.73694	.252830	.000000
2.73767	.252452	.000000
2.73839	.251915	.000000
2.73911	.251488	.000000
2.73984	.251009	.000000
2.74056	.250556	.000000
2.74128	.250101	.000000
2.74201	.249619	.000000
2.74273	.249259	.000000
2.74346	.248821	.000000
2.74419	.248372	.000000
2.74491	.247881	.000000
2.74564	.247355	.000000
2.74637	.246903	.000000
2.74709	.246498	.000000
2.74782	.246079	.000000
2.74855	.245527	.000000
2.74928	.245053	.000000
2.75001	.244644	.000000
2.75074	.244251	.000000
2.75147	.243763	.000000
2.7522	.243283	.000000
2.75293	.242911	.000000
2.75366	.242513	.000000
2.75439	.242092	.000000
2.75512	.241719	.000000
2.75585	.241417	.000000
2.75659	.241099	.000000
2.75732	.240869	.000000
2.75805	.240685	.000000
2.75879	.240416	.000000
2.75952	.240065	.000000
2.76026	.239734	.000000
2.76099	.239456	.000000
2.76173	.239158	.000000
2.76246	.238877	.000000
2.7632	.238639	.000000
2.76393	.238277	.000000
2.76467	.237949	.000000
2.76541	.237741	.000000
2.76615	.237516	.000000
2.76689	.237271	.000000
2.76762	.237012	.000000
2.76836	.236795	.000000
2.7691	.236579	.000000
2.76984	.236282	.000000
2.77058	.235988	.000000
2.77132	.235770	.000000
2.77206	.235613	.000000
2.7728	.235362	.000000
2.77355	.235158	.000000
2.77429	.235017	.000000
2.77503	.234793	.000000
2.77577	.234579	.000000
2.77652	.234441	.000000
2.77726	.234265	.000000
2.778	.234027	.000000
2.77875	.233780	.000000
2.77949	.233608	.000000
2.78024	.233437	.000000
2.78098	.233325	.000000
2.78173	.233137	.000000
2.78248	.232943	.000000
2.78322	.232715	.000000
2.78397	.232504	.000000
2.78472	.232337	.000000
2.78547	.232187	.000000
2.78621	.231948	.000000
2.78696	.231805	.000000
2.78771	.231715	.000000
2.78846	.231553	.000000
2.78921	.231342	.000000
2.78996	.231144	.000000
2.79071	.230940	.000000
2.79146	.230740	.000000
2.79222	.230550	.000000
2.79297	.230347	.000000
2.79372	.230182	.000000
2.79447	.230066	.000000
2.79523	.230030	.000000
2.79598	.229865	.000000
2.79673	.229630	.000000
2.79749	.229427	.000000
2.79824	.229231	.000000
2.799	.229074	.000000
2.79975	.228958	.000000
2.80051	.228785	.000000
2.80127	.228536	.000000
2.80202	.228314	.000000
2.80278	.228200	.000000
2.80354	.228021	.000000
2.8043	.227820	.000000
2.80506	.227710	.000000
2.80582	.227595	.000000
2.80657	.227514	.000000
2.80733	.227457	.000000
2.80809	.227267	.000000
2.80886	.227038	.000000
2.80962	.226830	.000000
2.81038	.226710	.000000
2.81114	.226572	.000000
2.8119	.226405	.000000
2.81266	.226261	.000000
2.81343	.226083	.000000
2.81419	.225924	.000000
2.81496	.225796	.000000
2.81572	.225646	.000000
2.81648	.225505	.000000
2.81725	.225437	.000000
2.81802	.225357	.000000
2.81878	.225238	.000000
2.81955	.225067	.000000
2.82031	.224916	.000000
2.82108	.224788	.000000
2.82185	.224653	.000000
2.82262	.224537	.000000
2.82339	.224496	.000000
2.82416	.224353	.000000
2.82492	.224224	.000000
2.82569	.224154	.000000
2.82646	.224018	.000000
2.82724	.224040	.000000
2.82801	.223931	.000000
2.82878	.223725	.000000
2.82955	.223650	.000000
2.83032	.223624	.000000
2.83109	.223639	.000000
2.83187	.223619	.000000
2.83264	.223553	.000000
2.83342	.223507	.000000
2.83419	.223391	.000000
2.83497	.223300	.000000
2.83574	.223164	.000000
2.83652	.223089	.000000
2.83729	.223047	.000000
2.83807	.223001	.000000
2.83885	.223048	.000000
2.83962	.222975	.000000
2.8404	.222943	.000000
2.84118	.222873	.000000
2.84196	.222796	.000000
2.84274	.222760	.000000
2.84352	.222704	.000000
2.8443	.222633	.000000
2.84508	.222564	.000000
2.84586	.222515	.000000
2.84664	.222447	.000000
2.84742	.222380	.000000
2.8482	.222314	.000000
2.84898	.222244	.000000
2.84977	.222171	.000000
2.85055	.222077	.000000
2.85133	.222028	.000000
2.85212	.221973	.000000
2.8529	.221897	.000000
2.85369	.221823	.000000
2.85447	.221765	.000000
2.85526	.221721	.000000
2.85605	.221682	.000000
2.85683	.221570	.000000
2.85762	.221404	.000000
2.85841	.221248	.000000
2.8592	.221232	.000000
2.85999	.221309	.000000
2.86077	.221263	.000000
2.86156	.221186	.000000
2.86235	.221128	.000000
2.86314	.221150	.000000
2.86393	.221127	.000000
2.86473	.220941	.000000
2.86552	.220731	.000000
2.86631	.220702	.000000
2.8671	.220704	.000000
2.86789	.220760	.000000
2.86869	.220764	.000000
2.86948	.220753	.000000
2.87028	.220699	.000000
2.87107	.220547	.000000
2.87187	.220472	.000000
2.87266	.220513	.000000
2.87346	.220517	.000000
2.87425	.220450	.000000
2.87505	.220278	.000000
2.87585	.220183	.000000
2.87665	.220091	.000000
2.87744	.220048	.000000
2.87824	.220063	.000000
2.87904	.220053	.000000
2.87984	.219956	.000000
2.88064	.219943	.000000
2.88144	.219881	.000000
2.88224	.219856	.000000
2.88304	.219922	.000000
2.88385	.219878	.000000
2.88465	.219748	.000000
2.88545	.219680	.000000
2.88625	.219767	.000000
2.88706	.219682	.000000
2.88786	.219547	.000000
2.88867	.219556	.000000
2.88947	.219622	.000000
2.89028	.219581	.000000
2.89108	.219515	.000000
2.89189	.219501	.000000
2.8927	.219523	.000000
2.8935	.219547	.000000
2.89431	.219525	.000000
2.89512	.219399	.000000
2.89593	.219326	.000000
2.89674	.219345	.000000
2.89755	.219345	.000000
2.89836	.219288	.000000
2.89917	.219244	.000000
2.89998	.219196	.000000
2.90079	.219188	.000000
2.9016	.219254	.000000
2.90241	.219230	.000000
2.90322	.219120	.000000
2.90404	.219091	.000000
2.90485	.219126	.000000
2.90567	.219094	.000000
2.90648	.218994	.000000
2.90729	.218941	.000000
2.90811	.218997	.000000
2.90893	.219057	.000000
2.90974	.219084	.000000
2.91056	.219050	.000000
2.91138	.218990	.000000
2.91219	.218990	.000000
2.91301	.218960	.000000
2.91383	.218919	.000000
2.91465	.218968	.000000
2.91547	.218925	.000000
2.91629	.218811	.000000
2.91711	.218823	.000000
2.91793	.218839	.000000
2.91875	.218845	.000000
2.91957	.218915	.000000
2.92039	.218951	.000000
2.92122	.218944	.000000
2.92204	.218914	.000000
2.92286	.218924	.000000
2.92369	.218953	.000000
2.92451	.218966	.000000
2.92534	.218980	.000000
2.92616	.218990	.000000
2.92699	.218978	.000000
2.92782	.218898	.000000
2.92864	.218968	.000000
2.92947	.219069	.000000
2.9303	.219060	.000000
2.93113	.219079	.000000
2.93195	.219104	.000000
2.93278	.219060	.000000
2.93361	.219092	.000000
2.93444	.219145	.000000
2.93527	.219222	.000000
2.93611	.219317	.000000
2.93694	.219314	.000000
2.93777	.219270	.000000
2.9386	.219247	.000000
2.93943	.219225	.000000
2.94027	.219244	.000000
2.9411	.219268	.000000
2.94194	.219268	.000000
2.94277	.219334	.000000
2.94361	.219399	.000000
2.94444	.219413	.000000
2.94528	.219431	.000000
2.94612	.219493	.000000
2.94695	.219546	.000000
2.94779	.219603	.000000
2.94863	.219641	.000000
2.94947	.219675	.000000
2.95031	.219660	.000000
2.95115	.219638	.000000
2.95199	.219646	.000000
2.95283	.219709	.000000
2.95367	.219871	.000000
2.95451	.219963	.000000
2.95535	.219944	.000000
2.95619	.219960	.000000
2.95704	.220019	.000000
2.95788	.220063	.000000
2.95872	.220087	.000000
2.95957	.220128	.000000
2.96041	.220215	.000000
2.96126	.220241	.000000
2.96211	.220322	.000000
2.96295	.220396	.000000
2.9638	.220428	.000000
2.96465	.220525	.000000
2.96549	.220588	.000000
2.96634	.220653	.000000
2.96719	.220784	.000000
2.96804	.220820	.000000
2.96889	.220808	.000000
2.96974	.220822	.000000
2.97059	.220873	.000000
2.97144	.221007	.000000
2.97229	.221057	.000000
2.97315	.221031	.000000
2.974	.221127	.000000
2.97485	.221186	.000000
2.97571	.221200	.000000
2.97656	.221242	.000000
2.97741	.221365	.000000
2.97827	.221549	.000000
2.97913	.221607	.000000
2.97998	.221604	.000000
2.98084	.221631	.000000
2.9817	.221716	.000000
2.98255	.221800	.000000
2.98341	.221943	.000000
2.98427	.222028	.000000
2.98513	.222028	.000000
2.98599	.222077	.000000
2.98685	.222169	.000000
2.98771	.222185	.000000
2.98857	.222260	.000000
2.98943	.222380	.000000
2.99029	.222578	.000000
2.99116	.222651	.000000
2.99202	.222641	.000000
2.99288	.222689	.000000
2.99375	.222815	.000000
2.99461	.222856	.000000
2.99548	.222897	.000000
2.99634	.222919	.000000
2.99721	.223021	.000000
2.99807	.223227	.000000
2.99894	.223304	.000000
2.99981	.223353	.000000
3.00068	.223510	.000000
3.00155	.223573	.000000
3.00241	.223665	.000000
3.00328	.223757	.000000
3.00415	.223800	.000000
3.00503	.223871	.000000
3.0059	.223950	.000000
3.00677	.223946	.000000
3.00764	.223982	.000000
3.00851	.224144	.000000
3.00939	.224306	.000000
3.01026	.224394	.000000
3.01113	.224522	.000000
3.01201	.224590	.000000
3.01288	.224640	.000000
3.01376	.224687	.000000
3.01463	.224745	.000000
3.01551	.224849	.000000
3.01639	.224996	.000000
3.01727	.225110	.000000
3.01814	.225180	.000000
3.01902	.225197	.000000
3.0199	.225273	.000000
3.02078	.225384	.000000
3.02166	.225478	.000000
3.02254	.225633	.000000
3.02342	.225698	.000000
3.02431	.225772	.000000
3.02519	.225830	.000000
3.02607	.225909	.000000
3.02696	.226031	.000000
3.02784	.226140	.000000
3.02872	.226164	.000000
3.02961	.226200	.000000
3.03049	.226330	.000000
3.03138	.226357	.000000
3.03227	.226422	.000000
3.03315	.226563	.000000
3.03404	.226587	.000000
3.03493	.226618	.000000
3.03582	.226769	.000000
3.03671	.226907	.000000
3.0376	.227059	.000000
3.03849	.227115	.000000
3.03938	.227110	.000000
3.04027	.227180	.000000
3.04116	.227348	.000000
3.04205	.227413	.000000
3.04294	.227365	.000000
3.04384	.227400	.000000
3.04473	.227469	.000000
3.04562	.227614	.000000
3.04652	.227756	.000000
3.04741	.227762	.000000
3.04831	.227745	.000000
3.04921	.227846	.000000
3.0501	.228067	.000000
3.051	.228209	.000000
3.0519	.228279	.000000
3.0528	.228418	.000000
3.0537	.228582	.000000
3.0546	.228568	.000000
3.0555	.228662	.000000
3.0564	.228716	.000000
3.0573	.228783	.000000
3.0582	.228810	.000000
3.0591	.228824	.000000
3.06	.228882	.000000
3.06091	.228940	.000000
3.06181	.229074	.000000
3.06272	.229193	.000000
3.06362	.229245	.000000
3.06453	.229297	.000000
3.06543	.229384	.000000
3.06634	.229481	.000000
3.06725	.229606	.000000
3.06815	.229689	.000000
3.06906	.229677	.000000
3.06997	.229701	.000000
3.07088	.229807	.000000
3.07179	.229856	.000000
3.0727	.229802	.000000
3.07361	.229929	.000000
3.07452	.230153	.000000
3.07543	.230320	.000000
3.07634	.230355	.000000
3.07726	.230391	.000000
3.07817	.230521	.000000
3.07909	.230650	.000000
3.08	.230688	.000000
3.08092	.230700	.000000
3.08183	.230807	.000000
3.08275	.230912	.000000
3.08366	.231040	.000000
3.08458	.231137	.000000
3.0855	.231214	.000000
3.08642	.231260	.000000
3.08734	.231265	.000000
3.08826	.231352	.000000
3.08918	.231459	.000000
3.0901	.231579	.000000
3.09102	.231683	.000000
3.09194	.231780	.000000
3.09286	.231890	.000000
3.09378	.231972	.000000
3.09471	.232015	.000000
3.09563	.232148	.000000
3.09655	.232321	.000000
3.09748	.232441	.000000
3.09841	.232471	.000000
3.09933	.232468	.000000
3.10026	.232557	.000000
3.10119	.232696	.000000
3.10211	.232754	.000000
3.10304	.232758	.000000
3.10397	.232802	.000000
3.1049	.232921	.000000
3.10583	.233091	.000000
3.10676	.233291	.000000
3.10769	.233395	.000000
3.10862	.233463	.000000
3.10956	.233575	.000000
3.11049	.233633	.000000
3.11142	.233676	.000000
3.11236	.233758	.000000
3.11329	.233865	.000000
3.11422	.234005	.000000
3.11516	.234097	.000000
3.1161	.234182	.000000
3.11703	.234313	.000000
3.11797	.234403	.000000
3.11891	.234497	.000000
3.11985	.234540	.000000
3.12079	.234621	.000000
3.12172	.234705	.000000
3.12266	.234814	.000000
3.12361	.234926	.000000
3.12455	.235090	.000000
3.12549	.235172	.000000
3.12643	.235206	.000000
3.12737	.235415	.000000
3.12832	.235659	.000000
3.12926	.235686	.000000
3.13021	.235662	.000000
3.13115	.235756	.000000
3.1321	.235880	.000000
3.13304	.235978	.000000
3.13399	.236059	.000000
3.13494	.236189	.000000
3.13589	.236388	.000000
3.13683	.236545	.000000
3.13778	.236620	.000000
3.13873	.236744	.000000
3.13968	.236889	.000000
3.14063	.236972	.000000
3.14159	.236988	.000000
3.14254	.237030	.000000
3.14349	.237117	.000000
3.14444	.237211	.000000
3.1454	.237363	.000000
3.14635	.237535	.000000
3.14731	.237555	.000000
3.14826	.237673	.000000
3.14922	.237916	.000000
3.15018	.238046	.000000
3.15113	.238100	.000000
3.15209	.238141	.000000
3.15305	.238359	.000000
3.15401	.238523	.000000
3.15497	.238519	.000000
3.15593	.238627	.000000
3.15689	.238734	.000000
3.15785	.238812	.000000
3.15881	.238949	.000000
3.15977	.239073	.000000
3.16074	.239182	.000000
3.1617	.239252	.000000
3.16267	.239370	.000000
3.16363	.239513	.000000
3.1646	.239611	.000000
3.16556	.239661	.000000
3.16653	.239870	.000000
3.1675	.240022	.000000
3.16846	.240136	.000000
3.16943	.240324	.000000
3.1704	.240441	.000000
3.17137	.240410	.000000
3.17234	.240485	.000000
3.17331	.240729	.000000
3.17428	.240894	.000000
3.17525	.241020	.000000
3.17623	.241075	.000000
3.1772	.241114	.000000
3.17817	.241279	.000000
3.17915	.241439	.000000
3.18012	.241499	.000000
3.1811	.241627	.000000
3.18208	.241882	.000000
3.18305	.241988	.000000
3.18403	.241983	.000000
3.18501	.242082	.000000
3.18599	.242215	.000000
3.18696	.242375	.000000
3.18794	.242525	.000000
3.18893	.242634	.000000
3.18991	.242758	.000000
3.19089	.242925	.000000
3.19187	.242900	.000000
3.19285	.242947	.000000
3.19384	.243145	.000000
3.19482	.243356	.000000
3.19581	.243480	.000000
3.19679	.243535	.000000
3.19778	.243641	.000000
3.19876	.243804	.000000
3.19975	.243925	.000000
3.20074	.244032	.000000
3.20173	.244203	.000000
3.20271	.244307	.000000
3.2037	.244431	.000000
3.20469	.244555	.000000
3.20568	.244704	.000000
3.20668	.244777	.000000
3.20767	.244862	.000000
3.20866	.244966	.000000
3.20965	.245096	.000000
3.21065	.245280	.000000
3.21164	.245431	.000000
3.21264	.245586	.000000
3.21363	.245668	.000000
3.21463	.245629	.000000
3.21563	.245775	.000000
3.21662	.245976	.000000
3.21762	.246068	.000000
3.21862	.246065	.000000
3.21962	.246162	.000000
3.22062	.246373	.000000
3.22162	.246576	.000000
3.22262	.246723	.000000
3.22362	.246886	.000000
3.22462	.247046	.000000
3.22563	.247079	.000000
3.22663	.247155	.000000
3.22764	.247365	.000000
3.22864	.247499	.000000
3.22965	.247554	.000000
3.23065	.247712	.000000
3.23166	.247895	.000000
3.23267	.247862	.000000
3.23368	.247954	.000000
3.23468	.248126	.000000
3.23569	.248227	.000000
3.2367	.248338	.000000
3.23771	.248486	.000000
3.23873	.248649	.000000
3.23974	.248810	.000000
3.24075	.248934	.000000
3.24176	.248990	.000000
3.24278	.249053	.000000
3.24379	.249251	.000000
3.24481	.249389	.000000
3.24582	.249493	.000000
3.24684	.249573	.000000
3.24785	.249641	.000000
3.24887	.249697	.000000
3.24989	.249835	.000000
3.25091	.249983	.000000
3.25193	.250166	.000000
3.25295	.250345	.000000
3.25397	.250506	.000000
3.25499	.250604	.000000
3.25601	.250638	.000000
3.25704	.250719	.000000
3.25806	.250816	.000000
3.25908	.250934	.000000
3.26011	.251099	.000000
3.26113	.251186	.000000
3.26216	.251299	.000000
3.26319	.251425	.000000
3.26421	.251585	.000000
3.26524	.251752	.000000
3.26627	.251871	.000000
3.2673	.252012	.000000
3.26833	.252087	.000000
3.26936	.252181	.000000
3.27039	.252319	.000000
3.27142	.252450	.000000
3.27245	.252600	.000000
3.27349	.252716	.000000
3.27452	.252737	.000000
3.27555	.252912	.000000
3.27659	.253147	.000000
3.27763	.253239	.000000
3.27866	.253285	.000000
3.2797	.253282	.000000
3.28074	.253358	.000000
3.28178	.253633	.000000
3.28281	.253803	.000000
3.28385	.253825	.000000
3.28489	.253890	.000000
3.28593	.254001	.000000
3.28698	.254118	.000000
3.28802	.254312	.000000
3.28906	.254425	.000000
3.2901	.254507	.000000
3.29115	.254621	.000000
3.29219	.254764	.000000
3.29324	.254885	.000000
3.29429	.255026	.000000
3.29533	.255096	.000000
3.29638	.255110	.000000
3.29743	.255220	.000000
3.29848	.255268	.000000
3.29953	.255304	.000000
3.30058	.255445	.000000
3.30163	.255594	.000000
3.30268	.255737	.000000
3.30373	.255892	.000000
3.30478	.255956	.000000
3.30584	.256026	.000000
3.30689	.256151	.000000
3.30795	.256229	.000000
3.309	.256296	.000000
3.31006	.256444	.000000
3.31112	.256604	.000000
3.31217	.256628	.000000
3.31323	.256638	.000000
3.31429	.256817	.000000
3.31535	.256989	.000000
3.31641	.257101	.000000
3.31747	.257161	.000000
3.31853	.257175	.000000
3.3196	.257183	.000000
3.32066	.257307	.000000
3.32172	.257428	.000000
3.32279	.257427	.000000
3.32385	.257514	.000000
3.32492	.257595	.000000
3.32598	.257693	.000000
3.32705	.257919	.000000
3.32812	.258011	.000000
3.32919	.257907	.000000
3.33026	.258015	.000000
3.33133	.258141	.000000
3.3324	.258141	.000000
3.33347	.258118	.000000
3.33454	.258207	.000000
3.33561	.258383	.000000
3.33669	.258308	.000000
3.33776	.258306	.000000
3.33884	.258469	.000000
3.33991	.258602	.000000
3.34099	.258563	.000000
3.34206	.258548	.000000
3.34314	.258614	.000000
3.34422	.258623	.000000
3.3453	.258549	.000000
3.34638	.258573	.000000
3.34746	.258657	.000000
3.34854	.258623	.000000
3.34962	.258616	.000000
3.3507	.258609	.000000
3.35179	.258652	.000000
3.35287	.258693	.000000
3.35395	.258611	.000000
3.35504	.258595	.000000
3.35612	.258662	.000000
3.35721	.258660	.000000
3.3583	.258662	.000000
3.35939	.258739	.000000
3.36048	.258786	.000000
3.36156	.258802	.000000
3.36265	.258834	.000000
3.36375	.258933	.000000
3.36484	.258967	.000000
3.36593	.258941	.000000
3.36702	.258931	.000000
3.36812	.258866	.000000
3.36921	.258848	.000000
3.3703	.259001	.000000
3.3714	.259170	.000000
3.3725	.259129	.000000
3.37359	.259163	.000000
3.37469	.259359	.000000
3.37579	.259464	.000000
3.37689	.259452	.000000
3.37799	.259514	.000000
3.37909	.259635	.000000
3.38019	.259684	.000000
3.3813	.259780	.000000
3.3824	.259931	.000000
3.3835	.260091	.000000
3.38461	.260176	.000000
3.38571	.260255	.000000
3.38682	.260430	.000000
3.38792	.260510	.000000
3.38903	.260507	.000000
3.39014	.260519	.000000
3.39125	.260485	.000000
3.39236	.260512	.000000
3.39347	.260556	.000000
3.39458	.260618	.000000
3.39569	.260723	.000000
3.3968	.260679	.000000
3.39791	.260619	.000000
3.39903	.260671	.000000
3.40014	.260752	.000000
3.40126	.260822	.000000
3.40237	.260746	.000000
3.40349	.260672	.000000
3.40461	.260798	.000000
3.40573	.260836	.000000
3.40685	.260768	.000000
3.40797	.260895	.000000
3.40909	.260974	.000000
3.41021	.260972	.000000
3.41133	.260969	.000000
3.41245	.261120	.000000
3.41357	.261367	.000000
3.4147	.261625	.000000
3.41582	.261911	.000000
3.41695	.262006	.000000
3.41807	.262016	.000000
3.4192	.262148	.000000
3.42033	.262349	.000000
3.42146	.262476	.000000
3.42259	.262505	.000000
3.42372	.262769	.000000
3.42485	.263151	.000000
3.42598	.263434	.000000
3.42711	.263575	.000000
3.42825	.263649	.000000
3.42938	.263856	.000000
3.43051	.264056	.000000
3.43165	.264214	.000000
3.43279	.264410	.000000
3.43392	.264540	.000000
3.43506	.264669	.000000
3.4362	.264856	.000000
3.43734	.265023	.000000
3.43848	.265121	.000000
3.43962	.265240	.000000
3.44076	.265325	.000000
3.4419	.265402	.000000
3.44304	.265550	.000000
3.44419	.265654	.000000
3.44533	.265649	.000000
3.44648	.265834	.000000
3.44762	.266003	.000000
3.44877	.266097	.000000
3.44992	.266211	.000000
3.45106	.266386	.000000
3.45221	.266478	.000000
3.45336	.266589	.000000
3.45451	.266715	.000000
3.45566	.266831	.000000
3.45682	.266937	.000000
3.45797	.267024	.000000
3.45912	.267163	.000000
3.46028	.267327	.000000
3.46143	.267519	.000000
3.46259	.267673	.000000
3.46374	.267794	.000000
3.4649	.267836	.000000
3.46606	.267846	.000000
3.46722	.267947	.000000
3.46838	.268037	.000000
3.46954	.268095	.000000
3.4707	.268208	.000000
3.47186	.268337	.000000
3.47302	.268366	.000000
3.47419	.268424	.000000
3.47535	.268499	.000000
3.47652	.268555	.000000
3.47768	.268707	.000000
3.47885	.268787	.000000
3.48002	.268807	.000000
3.48119	.268881	.000000
3.48236	.268969	.000000
3.48353	.269146	.000000
3.4847	.269300	.000000
3.48587	.269373	.000000
3.48704	.269417	.000000
3.48821	.269582	.000000
3.48939	.269785	.000000
3.49056	.269840	.000000
3.49174	.269841	.000000
3.49291	.269881	.000000
3.49409	.269993	.000000
3.49527	.270104	.000000
3.49645	.270151	.000000
3.49763	.270298	.000000
3.49881	.270579	.000000
3.49999	.270726	.000000
3.50117	.270860	.000000
3.50235	.271039	.000000
3.50353	.271250	.000000
3.50472	.271470	.000000
3.5059	.271681	.000000
3.50709	.271809	.000000
3.50828	.271916	.000000
3.50946	.272223	.000000
3.51065	.272559	.000000
3.51184	.272698	.000000
3.51303	.272690	.000000
3.51422	.272859	.000000
3.51541	.273155	.000000
3.5166	.273383	.000000
3.5178	.273530	.000000
3.51899	.273639	.000000
3.52018	.273782	.000000
3.52138	.274092	.000000
3.52258	.274261	.000000
3.52377	.274375	.000000
3.52497	.274569	.000000
3.52617	.274741	.000000
3.52737	.274862	.000000
3.52857	.274935	.000000
3.52977	.275033	.000000
3.53097	.275334	.000000
3.53218	.275584	.000000
3.53338	.275692	.000000
3.53458	.275797	.000000
3.53579	.275956	.000000
3.537	.275987	.000000
3.5382	.276142	.000000
3.53941	.276447	.000000
3.54062	.276654	.000000
3.54183	.276704	.000000
3.54304	.276752	.000000
3.54425	.276966	.000000
3.54546	.277096	.000000
3.54667	.277194	.000000
3.54789	.277365	.000000
3.5491	.277479	.000000
3.55032	.277532	.000000
3.55153	.277552	.000000
3.55275	.277748	.000000
3.55397	.278046	.000000
3.55518	.278060	.000000
3.5564	.278108	.000000
3.55762	.278237	.000000
3.55884	.278392	.000000
3.56007	.278455	.000000
3.56129	.278418	.000000
3.56251	.278462	.000000
3.56374	.278614	.000000
3.56496	.278803	.000000
3.56619	.278874	.000000
3.56742	.279014	.000000
3.56864	.279157	.000000
3.56987	.279176	.000000
3.5711	.279431	.000000
3.57233	.279702	.000000
3.57356	.279631	.000000
3.57479	.279609	.000000
3.57603	.279718	.000000
3.57726	.279760	.000000
3.57849	.279869	.000000
3.57973	.279971	.000000
3.58097	.280017	.000000
3.5822	.280283	.000000
3.58344	.280435	.000000
3.58468	.280382	.000000
3.58592	.280316	.000000
3.58716	.280466	.000000
3.5884	.280656	.000000
3.58964	.280782	.000000
3.59089	.280900	.000000
3.59213	.280989	.000000
3.59338	.281057	.000000
3.59462	.281104	.000000
3.59587	.281173	.000000
3.59712	.281220	.000000
3.59836	.281263	.000000
3.59961	.281426	.000000
3.60086	.281593	.000000
3.60211	.281728	.000000
3.60337	.281803	.000000
3.60462	.281842	.000000
3.60587	.281868	.000000
3.60713	.281895	.000000
3.60838	.282014	.000000
3.60964	.282120	.000000
3.61089	.282266	.000000
3.61215	.282401	.000000
3.61341	.282423	.000000
3.61467	.282472	.000000
3.61593	.282667	.000000
3.61719	.282805	.000000
3.61845	.282820	.000000
3.61972	.282948	.000000
3.62098	.283101	.000000
3.62225	.283190	.000000
3.62351	.283254	.000000
3.62478	.283329	.000000
3.62605	.283406	.000000
3.62731	.283561	.000000
3.62858	.283646	.000000
3.62985	.283703	.000000
3.63112	.283798	.000000
3.6324	.283876	.000000
3.63367	.283934	.000000
3.63494	.283965	.000000
3.63622	.284030	.000000
3.63749	.284173	.000000
3.63877	.284265	.000000
3.64005	.284302	.000000
3.64132	.284464	.000000
3.6426	.284590	.000000
3.64388	.284643	.000000
3.64516	.284703	.000000
3.64645	.284793	.000000
3.64773	.284887	.000000
3.64901	.285018	.000000
3.6503	.285098	.000000
3.65158	.285164	.000000
3.65287	.285101	.000000
3.65416	.285188	.000000
3.65545	.285410	.000000
3.65673	.285471	.000000
3.65802	.285399	.000000
3.65932	.285428	.000000
3.66061	.285616	.000000
3.6619	.285764	.000000
3.66319	.285895	.000000
3.66449	.286081	.000000
3.66578	.286137	.000000
3.66708	.286050	.000000
3.66838	.286151	.000000
3.66967	.286398	.000000
3.67097	.286548	.000000
3.67227	.286565	.000000
3.67357	.286525	.000000
3.67488	.286592	.000000
3.67618	.286674	.000000
3.67748	.286865	.000000
3.67879	.287009	.000000
3.68009	.287081	.000000
3.6814	.287086	.000000
3.68271	.287125	.000000
3.68402	.287304	.000000
3.68532	.287500	.000000
3.68664	.287578	.000000
3.68795	.287691	.000000
3.68926	.287773	.000000
3.69057	.287825	.000000
3.69189	.287848	.000000
3.6932	.288006	.000000
3.69452	.288060	.000000
3.69583	.288151	.000000
3.69715	.288321	.000000
3.69847	.288325	.000000
3.69979	.288207	.000000
3.70111	.288309	.000000
3.70243	.288493	.000000
3.70375	.288664	.000000
3.70508	.288733	.000000
3.7064	.288819	.000000
3.70773	.288906	.000000
3.70905	.289045	.000000
3.71038	.289326	.000000
3.71171	.289314	.000000
3.71304	.289262	.000000
3.71437	.289493	.000000
3.7157	.289514	.000000
3.71703	.289413	.000000
3.71836	.289469	.000000
3.7197	.289624	.000000
3.72103	.289805	.000000
3.72237	.289848	.000000
3.7237	.289892	.000000
3.72504	.289933	.000000
3.72638	.290083	.000000
3.72772	.290228	.000000
3.72906	.290343	.000000
3.7304	.290498	.000000
3.73174	.290478	.000000
3.73309	.290379	.000000
3.73443	.290568	.000000
3.73578	.290780	.000000
3.73712	.290824	.000000
3.73847	.290776	.000000
3.73982	.290727	.000000
3.74117	.290853	.000000
3.74252	.291035	.000000
3.74387	.291146	.000000
3.74522	.291023	.000000
3.74657	.291148	.000000
3.74793	.291328	.000000
3.74928	.291352	.000000
3.75064	.291424	.000000
3.752	.291393	.000000
3.75335	.291471	.000000
3.75471	.291594	.000000
3.75607	.291701	.000000
3.75744	.291756	.000000
3.7588	.291872	.000000
3.76016	.292049	.000000
3.76152	.292081	.000000
3.76289	.292039	.000000
3.76425	.292086	.000000
3.76562	.292350	.000000
3.76699	.292487	.000000
3.76836	.292407	.000000
3.76973	.292447	.000000
3.7711	.292637	.000000
3.77247	.292758	.000000
3.77385	.292807	.000000
3.77522	.292732	.000000
3.77659	.292785	.000000
3.77797	.293030	.000000
3.77935	.293035	.000000
3.78072	.292977	.000000
3.7821	.293151	.000000
3.78348	.293316	.000000
3.78486	.293347	.000000
3.78625	.293356	.000000
3.78763	.293499	.000000
3.78901	.293519	.000000
3.7904	.293495	.000000
3.79178	.293476	.000000
3.79317	.293737	.000000
3.79456	.293879	.000000
3.79595	.293764	.000000
3.79734	.293787	.000000
3.79873	.293850	.000000
3.80012	.293822	.000000
3.80151	.293965	.000000
3.80291	.294190	.000000
3.8043	.294209	.000000
3.8057	.294274	.000000
3.8071	.294337	.000000
3.8085	.294279	.000000
3.80989	.294349	.000000
3.8113	.294420	.000000
3.8127	.294543	.000000
3.8141	.294734	.000000
3.8155	.294749	.000000
3.81691	.294597	.000000
3.81831	.294788	.000000
3.81972	.294862	.000000
3.82113	.294729	.000000
3.82253	.294862	.000000
3.82394	.295057	.000000
3.82536	.295093	.000000
3.82677	.294986	.000000
3.82818	.295093	.000000
3.82959	.295305	.000000
3.83101	.295443	.000000
3.83243	.295424	.000000
3.83384	.295516	.000000
3.83526	.295647	.000000
3.83668	.295630	.000000
3.8381	.295635	.000000
3.83952	.295592	.000000
3.84094	.295519	.000000
3.84236	.295570	.000000
3.84379	.295773	.000000
3.84521	.295940	.000000
3.84664	.295814	.000000
3.84807	.295807	.000000
3.8495	.295962	.000000
3.85093	.296221	.000000
3.85236	.296291	.000000
3.85379	.296189	.000000
3.85522	.296100	.000000
3.85666	.296204	.000000
3.85809	.296480	.000000
3.85953	.296720	.000000
3.86096	.296678	.000000
3.8624	.296690	.000000
3.86384	.296727	.000000
3.86528	.296698	.000000
3.86672	.296638	.000000
3.86816	.296667	.000000
3.86961	.296768	.000000
3.87105	.296909	.000000
3.8725	.297051	.000000
3.87394	.296998	.000000
3.87539	.296933	.000000
3.87684	.297097	.000000
3.87829	.297236	.000000
3.87974	.297320	.000000
3.88119	.297480	.000000
3.88265	.297516	.000000
3.8841	.297414	.000000
3.88556	.297415	.000000
3.88701	.297453	.000000
3.88847	.297552	.000000
3.88993	.297666	.000000
3.89139	.297717	.000000
3.89285	.297691	.000000
3.89431	.297741	.000000
3.89578	.297896	.000000
3.89724	.297799	.000000
3.89871	.297664	.000000
3.90017	.297748	.000000
3.90164	.297906	.000000
3.90311	.297938	.000000
3.90458	.297969	.000000
3.90605	.297976	.000000
3.90752	.298087	.000000
3.90899	.298163	.000000
3.91047	.298168	.000000
3.91194	.298228	.000000
3.91342	.298369	.000000
3.9149	.298548	.000000
3.91638	.298606	.000000
3.91785	.298547	.000000
3.91934	.298412	.000000
3.92082	.298339	.000000
3.9223	.298461	.000000
3.92378	.298593	.000000
3.92527	.298482	.000000
3.92676	.298235	.000000
3.92824	.298202	.000000
3.92973	.298327	.000000
3.93122	.298449	.000000
3.93271	.298564	.000000
3.9342	.298560	.000000
3.9357	.298587	.000000
3.93719	.298608	.000000
3.93869	.298703	.000000
3.94018	.298896	.000000
3.94168	.298678	.000000
3.94318	.298504	.000000
3.94468	.298637	.000000
3.94618	.298586	.000000
3.94768	.298344	.000000
3.94919	.298267	.000000
3.95069	.298419	.000000
3.9522	.298422	.000000
3.9537	.298415	.000000
3.95521	.298453	.000000
3.95672	.298431	.000000
3.95823	.298359	.000000
3.95975	.298455	.000000
3.96126	.298475	.000000
3.96277	.298366	.000000
3.96429	.298465	.000000
3.9658	.298581	.000000
3.96732	.298540	.000000
3.96884	.298432	.000000
3.97036	.298453	.000000
3.97188	.298659	.000000
3.9734	.298865	.000000
3.97492	.298763	.000000
3.97645	.298691	.000000
3.97797	.298720	.000000
3.9795	.298719	.000000
3.98103	.298942	.000000
3.98256	.299008	.000000
3.98409	.298913	.000000
3.98562	.299015	.000000
3.98715	.299112	.000000
3.98868	.299185	.000000
3.99022	.299260	.000000
3.99175	.299395	.000000
3.99329	.299506	.000000
3.99483	.299574	.000000
3.99637	.299645	.000000
3.99791	.299628	.000000
3.99945	.299722	.000000
4.00109	.299877	.000000
4.00418	.300102	.000000
4.00728	.300337	.000000
4.01038	.300571	.000000
4.01348	.300797	.000000
4.01659	.301003	.000000
4.0197	.301228	.000000
4.02282	.301431	.000000
4.02594	.301632	.000000
4.02907	.301852	.000000
4.0322	.302051	.000000
4.03534	.302244	.000000
4.03848	.302407	.000000
4.04163	.302569	.000000
4.04478	.302727	.000000
4.04794	.302882	.000000
4.0511	.303041	.000000
4.05427	.303194	.000000
4.05744	.303332	.000000
4.06062	.303472	.000000
4.0638	.303617	.000000
4.06699	.303719	.000000
4.07018	.303802	.000000
4.07338	.303917	.000000
4.07658	.304043	.000000
4.07979	.304150	.000000
4.083	.304240	.000000
4.08622	.304314	.000000
4.08944	.304435	.000000
4.09267	.304554	.000000
4.0959	.304641	.000000
4.09914	.304765	.000000
4.10238	.304871	.000000
4.10563	.304949	.000000
4.10889	.305036	.000000
4.11214	.305107	.000000
4.11541	.305206	.000000
4.11868	.305305	.000000
4.12195	.305411	.000000
4.12523	.305489	.000000
4.12851	.305557	.000000
4.1318	.305642	.000000
4.1351	.305736	.000000
4.1384	.305820	.000000
4.1417	.305918	.000000
4.14501	.306000	.000000
4.14833	.306084	.000000
4.15165	.306159	.000000
4.15498	.306235	.000000
4.15831	.306310	.000000
4.16165	.306389	.000000
4.16499	.306465	.000000
4.16834	.306532	.000000
4.17169	.306585	.000000
4.17505	.306666	.000000
4.17842	.306758	.000000
4.18179	.306850	.000000
4.18516	.306927	.000000
4.18854	.306981	.000000
4.19193	.307031	.000000
4.19532	.307116	.000000
4.19872	.307217	.000000
4.20212	.307280	.000000
4.20553	.307346	.000000
4.20894	.307380	.000000
4.21236	.307390	.000000
4.21578	.307418	.000000
4.21921	.307413	.000000
4.22265	.307358	.000000
4.22609	.307275	.000000
4.22954	.307138	.000000
4.23299	.306959	.000000
4.23645	.306736	.000000
4.23991	.306452	.000000
4.24338	.306184	.000000
4.24686	.305924	.000000
4.25034	.305685	.000000
4.25382	.305414	.000000
4.25732	.305055	.000000
4.26081	.304705	.000000
4.26432	.304387	.000000
4.26783	.303932	.000000
4.27134	.303274	.000000
4.27487	.302722	.000000
4.27839	.302700	.000000
4.28193	.302806	.000000
4.28546	.302557	.000000
4.28901	.302535	.000000
4.29256	.303368	.000000
4.29612	.304554	.000000
4.29968	.305835	.000000
4.30325	.307007	.000000
4.30682	.307694	.000000
4.3104	.308024	.000000
4.31399	.308263	.000000
4.31758	.308501	.000000
4.32118	.308721	.000000
4.32478	.308908	.000000
4.32839	.309055	.000000
4.332	.309154	.000000
4.33563	.309239	.000000
4.33926	.309288	.000000
4.34289	.309331	.000000
4.34653	.309385	.000000
4.35018	.309425	.000000
4.35383	.309438	.000000
4.35749	.309460	.000000
4.36115	.309481	.000000
4.36482	.309493	.000000
4.3685	.309500	.000000
4.37218	.309493	.000000
4.37587	.309489	.000000
4.37957	.309494	.000000
4.38327	.309510	.000000
4.38698	.309547	.000000
4.39069	.309554	.000000
4.39442	.309559	.000000
4.39814	.309554	.000000
4.40188	.309554	.000000
4.40562	.309549	.000000
4.40936	.309556	.000000
4.41312	.309549	.000000
4.41687	.309552	.000000
4.42064	.309597	.000000
4.42441	.309641	.000000
4.42819	.309636	.000000
4.43197	.309609	.000000
4.43577	.309573	.000000
4.43956	.309525	.000000
4.44337	.309501	.000000
4.44718	.309506	.000000
4.45099	.309494	.000000
4.45482	.309474	.000000
4.45865	.309454	.000000
4.46249	.309442	.000000
4.46633	.309411	.000000
4.47018	.309363	.000000
4.47404	.309304	.000000
4.4779	.309261	.000000
4.48177	.309198	.000000
4.48565	.309132	.000000
4.48953	.309092	.000000
4.49342	.309053	.000000
4.49732	.309005	.000000
4.50122	.308942	.000000
4.50513	.308850	.000000
4.50905	.308775	.000000
4.51298	.308718	.000000
4.51691	.308641	.000000
4.52085	.308535	.000000
4.52479	.308440	.000000
4.52874	.308353	.000000
4.5327	.308256	.000000
4.53667	.308128	.000000
4.54064	.308012	.000000
4.54462	.307917	.000000
4.5486	.307813	.000000
4.5526	.307690	.000000
4.5566	.307562	.000000
4.5606	.307416	.000000
4.56462	.307300	.000000
4.56864	.307159	.000000
4.57267	.307002	.000000
4.57671	.306845	.000000
4.58075	.306699	.000000
4.5848	.306556	.000000
4.58886	.306407	.000000
4.59292	.306246	.000000
4.59699	.306067	.000000
4.60107	.305866	.000000
4.60516	.305694	.000000
4.60925	.305516	.000000
4.61335	.305322	.000000
4.61746	.305109	.000000
4.62158	.304891	.000000
4.6257	.304680	.000000
4.62983	.304484	.000000
4.63397	.304297	.000000
4.63811	.304131	.000000
4.64226	.303942	.000000
4.64642	.303770	.000000
4.65059	.303593	.000000
4.65476	.303400	.000000
4.65895	.303239	.000000
4.66314	.303051	.000000
4.66733	.302850	.000000
4.67154	.302683	.000000
4.67575	.302499	.000000
4.67997	.302305	.000000
4.6842	.302124	.000000
4.68843	.301959	.000000
4.69267	.301790	.000000
4.69693	.301620	.000000
4.70118	.301455	.000000
4.70545	.301288	.000000
4.70972	.301095	.000000
4.71401	.300899	.000000
4.71829	.300709	.000000
4.72259	.300547	.000000
4.7269	.300342	.000000
4.73121	.300141	.000000
4.73553	.299942	.000000
4.73986	.299734	.000000
4.7442	.299511	.000000
4.74854	.299289	.000000
4.75289	.299088	.000000
4.75725	.298875	.000000
4.76162	.298633	.000000
4.766	.298397	.000000
4.77038	.298163	.000000
4.77478	.297955	.000000
4.77918	.297742	.000000
4.78358	.297535	.000000
4.788	.297328	.000000
4.79243	.297104	.000000
4.79686	.296875	.000000
4.8013	.296667	.000000
4.80575	.296458	.000000
4.81021	.296265	.000000
4.81467	.296087	.000000
4.81915	.295914	.000000
4.82363	.295747	.000000
4.82812	.295594	.000000
4.83262	.295427	.000000
4.83713	.295250	.000000
4.84165	.295076	.000000
4.84617	.294868	.000000
4.85071	.294640	.000000
4.85525	.294413	.000000
4.8598	.294155	.000000
4.86436	.293875	.000000
4.86892	.293616	.000000
4.8735	.293381	.000000
4.87808	.293131	.000000
4.88268	.292894	.000000
4.88728	.292659	.000000
4.89189	.292415	.000000
4.89651	.292146	.000000
4.90114	.291877	.000000
4.90577	.291621	.000000
4.91042	.291364	.000000
4.91507	.291073	.000000
4.91974	.290781	.000000
4.92441	.290497	.000000
4.92909	.290199	.000000
4.93378	.289902	.000000
4.93848	.289601	.000000
4.94319	.289311	.000000
4.94791	.289013	.000000
4.95263	.288708	.000000
4.95737	.288411	.000000
4.96211	.288105	.000000
4.96686	.287774	.000000
4.97162	.287423	.000000
4.97639	.287100	.000000
4.98117	.286815	.000000
4.98596	.286568	.000000
4.99076	.286345	.000000
4.99557	.286115	.000000
5.00039	.285859	.000000
5.00521	.285602	.000000
5.01005	.285316	.000000
5.0149	.285008	.000000
5.01975	.284696	.000000
5.02461	.284425	.000000
5.02949	.284159	.000000
5.03437	.283917	.000000
5.03926	.283658	.000000
5.04417	.283408	.000000
5.04908	.283125	.000000
5.054	.282810	.000000
5.05893	.282501	.000000
5.06387	.282169	.000000
5.06882	.281803	.000000
5.07378	.281452	.000000
5.07875	.281115	.000000
5.08373	.280784	.000000
5.08872	.280457	.000000
5.09372	.280113	.000000
5.09872	.279781	.000000
5.10374	.279472	.000000
5.10877	.279162	.000000
5.11381	.278878	.000000
5.11886	.278571	.000000
5.12391	.278287	.000000
5.12898	.278021	.000000
5.13406	.277733	.000000
5.13915	.277455	.000000
5.14425	.277194	.000000
5.14935	.276917	.000000
5.15447	.276642	.000000
5.1596	.276363	.000000
5.16474	.276058	.000000
5.16989	.275746	.000000
5.17505	.275412	.000000
5.18022	.275055	.000000
5.1854	.274726	.000000
5.19059	.274378	.000000
5.19579	.274015	.000000
5.201	.273656	.000000
5.20623	.273295	.000000
5.21146	.272939	.000000
5.2167	.272550	.000000
5.22195	.272109	.000000
5.22722	.271688	.000000
5.23249	.271252	.000000
5.23778	.270806	.000000
5.24307	.270354	.000000
5.24838	.269921	.000000
5.2537	.269499	.000000
5.25903	.269058	.000000
5.26437	.268603	.000000
5.26972	.268170	.000000
5.27508	.267746	.000000
5.28045	.267357	.000000
5.28583	.266938	.000000
5.29122	.266531	.000000
5.29663	.266144	.000000
5.30204	.265749	.000000
5.30747	.265354	.000000
5.31291	.264991	.000000
5.31836	.264598	.000000
5.32382	.264207	.000000
5.32929	.263838	.000000
5.33477	.263463	.000000
5.34027	.263069	.000000
5.34577	.262683	.000000
5.35129	.262270	.000000
5.35682	.261836	.000000
5.36236	.261396	.000000
5.36791	.260962	.000000
5.37347	.260498	.000000
5.37904	.260033	.000000
5.38463	.259560	.000000
5.39023	.259074	.000000
5.39584	.258563	.000000
5.40146	.258047	.000000
5.40709	.257543	.000000
5.41273	.257037	.000000
5.41839	.256491	.000000
5.42406	.255934	.000000
5.42974	.255324	.000000
5.43543	.254711	.000000
5.44113	.254125	.000000
5.44684	.253541	.000000
5.45257	.252932	.000000
5.45831	.252338	.000000
5.46406	.251750	.000000
5.46983	.251156	.000000
5.4756	.250556	.000000
5.48139	.249965	.000000
5.48719	.249345	.000000
5.493	.248726	.000000
5.49883	.248092	.000000
5.50467	.247445	.000000
5.51052	.246753	.000000
5.51638	.246014	.000000
5.52225	.245210	.000000
5.52814	.244348	.000000
5.53404	.243377	.000000
5.53995	.242371	.000000
5.54588	.241336	.000000
5.55182	.240329	.000000
5.55777	.239373	.000000
5.56373	.238497	.000000
5.56971	.237736	.000000
5.57569	.237076	.000000
5.5817	.236463	.000000
5.58771	.235829	.000000
5.59374	.235213	.000000
5.59978	.234664	.000000
5.60583	.234170	.000000
5.6119	.233652	.000000
5.61798	.233132	.000000
5.62407	.232659	.000000
5.63018	.232233	.000000
5.6363	.231867	.000000
5.64243	.231502	.000000
5.64858	.231086	.000000
5.65474	.230713	.000000
5.66091	.230424	.000000
5.6671	.230153	.000000
5.6733	.229950	.000000
5.67951	.229814	.000000
5.68574	.229710	.000000
5.69198	.229647	.000000
5.69824	.229592	.000000
5.7045	.229512	.000000
5.71079	.229456	.000000
5.71708	.229349	.000000
5.72339	.229190	.000000
5.72972	.228965	.000000
5.73606	.228699	.000000
5.74241	.228296	.000000
5.74877	.227769	.000000
5.75515	.227047	.000000
5.76155	.226103	.000000
5.76796	.224922	.000000
5.77438	.223401	.000000
5.78082	.221733	.000000
5.78727	.220079	.000000
5.79374	.218464	.000000
5.80022	.216949	.000000
5.80671	.215540	.000000
5.81322	.214324	.000000
5.81974	.213406	.000000
5.82628	.212743	.000000
5.83284	.212377	.000000
5.8394	.212450	.000000
5.84599	.212884	.000000
5.85259	.213504	.000000
5.8592	.214022	.000000
5.86583	.214211	.000000
5.87247	.213983	.000000
5.87913	.213572	.000000
5.8858	.212937	.000000
5.89249	.212135	.000000
5.89919	.211303	.000000
5.90591	.210296	.000000
5.91265	.209247	.000000
5.9194	.208185	.000000
5.92616	.207051	.000000
5.93294	.205903	.000000
5.93974	.204661	.000000
5.94655	.203260	.000000
5.95338	.201817	.000000
5.96022	.200357	.000000
5.96708	.198877	.000000
5.97395	.197379	.000000
5.98084	.195856	.000000
5.98775	.194382	.000000
5.99467	.192875	.000000
6.00161	.191365	.000000
6.00856	.189922	.000000
6.01553	.188554	.000000
6.02252	.187222	.000000
6.02952	.185973	.000000
6.03654	.184825	.000000
6.04358	.183859	.000000
6.05063	.182956	.000000
6.0577	.181947	.000000
6.06478	.180954	.000000
6.07189	.180107	.000000
6.079	.179286	.000000
6.08614	.178501	.000000
6.09329	.177777	.000000
6.10046	.177138	.000000
6.10764	.176593	.000000
6.11485	.176223	.000000
6.12206	.175933	.000000
6.1293	.175787	.000000
6.13655	.175799	.000000
6.14383	.175949	.000000
6.15111	.176105	.000000
6.15842	.176281	.000000
6.16574	.176458	.000000
6.17308	.176557	.000000
6.18044	.176613	.000000
6.18781	.176572	.000000
6.19521	.176296	.000000
6.20262	.175966	.000000
6.21004	.175664	.000000
6.21749	.175364	.000000
6.22495	.175087	.000000
6.23243	.174858	.000000
6.23993	.174649	.000000
6.24745	.174461	.000000
6.25499	.174267	.000000
6.26255	.174061	.000000
6.27012	.173879	.000000
6.27771	.173686	.000000
6.28532	.173461	.000000
6.29295	.173238	.000000
6.30059	.173013	.000000
6.30826	.172763	.000000
6.31594	.172413	.000000
6.32364	.171950	.000000
6.33136	.171367	.000000
6.3391	.170764	.000000
6.34686	.170136	.000000
6.35464	.169386	.000000
6.36244	.168558	.000000
6.37025	.167761	.000000
6.37809	.166936	.000000
6.38594	.166077	.000000
6.39382	.165163	.000000
6.40171	.164171	.000000
6.40962	.163091	.000000
6.41755	.161811	.000000
6.42551	.160251	.000000
6.43348	.158544	.000000
6.44147	.156714	.000000
6.44949	.154813	.000000
6.45752	.152855	.000000
6.46557	.150896	.000000
6.47364	.148981	.000000
6.48173	.147119	.000000
6.48984	.145291	.000000
6.49798	.143449	.000000
6.50613	.141543	.000000
6.5143	.139669	.000000
6.5225	.137774	.000000
6.53071	.135844	.000000
6.53894	.133938	.000000
6.5472	.132035	.000000
6.55548	.130087	.000000
6.56378	.128157	.000000
6.57209	.126240	.000000
6.58043	.124310	.000000
6.5888	.122390	.000000
6.59718	.120506	.000000
6.60558	.118646	.000000
6.61401	.116845	.000000
6.62245	.115070	.000000
6.63092	.113378	.000000
6.63941	.111720	.000000
6.64792	.110071	.000000
6.65646	.108546	.000000
6.66502	.107180	.000000
6.67359	.105858	.000000
6.68219	.104602	.000000
6.69082	.103372	.000000
6.69946	.102220	.000000
6.70813	.101150	.000000
6.71682	.100183	.000000
6.72553	.099285	.000000
6.73426	.098462	.000000
6.74302	.097719	.000000
6.7518	.097079	.000000
6.7606	.096488	.000000
6.76943	.095988	.000000
6.77827	.095568	.000000
6.78715	.095218	.000000
6.79604	.094908	.000000
6.80496	.094644	.000000
6.8139	.094428	.000000
6.82287	.094280	.000000
6.83186	.094169	.000000
6.84087	.094085	.000000
6.8499	.094048	.000000
6.85896	.094121	.000000
6.86805	.094297	.000000
6.87716	.094520	.000000
6.88629	.094842	.000000
6.89545	.095275	.000000
6.90463	.095746	.000000
6.91384	.096239	.000000
6.92307	.096707	.000000
6.93233	.097140	.000000
6.9416	.097544	.000000
6.95091	.097931	.000000
6.96024	.098362	.000000
6.96959	.098837	.000000
6.97897	.099350	.000000
6.98838	.099960	.000000
6.99781	.100701	.000000
7.00727	.101558	.000000
7.01675	.102484	.000000
7.02626	.103512	.000000
7.03579	.104686	.000000
7.04535	.106014	.000000
7.05493	.107408	.000000
7.06454	.108902	.000000
7.07418	.110464	.000000
7.08385	.112090	.000000
7.09354	.113826	.000000
7.10326	.115698	.000000
7.113	.117627	.000000
7.12277	.119484	.000000
7.13257	.121170	.000000
7.14239	.122658	.000000
7.15224	.123990	.000000
7.16212	.125181	.000000
7.17203	.126218	.000000
7.18196	.127077	.000000
7.19192	.127767	.000000
7.20191	.128304	.000000
7.21193	.128680	.000000
7.22197	.128910	.000000
7.23204	.129101	.000000
7.24214	.129268	.000000
7.25227	.129346	.000000
7.26243	.129338	.000000
7.27261	.129363	.000000
7.28283	.129435	.000000
7.29307	.129438	.000000
7.30334	.129380	.000000
7.31364	.129247	.000000
7.32397	.129057	.000000
7.33433	.128854	.000000
7.34472	.128569	.000000
7.35514	.128207	.000000
7.36558	.127827	.000000
7.37606	.127387	.000000
7.38657	.126862	.000000
7.39711	.126271	.000000
7.40768	.125717	.000000
7.41827	.125232	.000000
7.4289	.124808	.000000
7.43956	.124380	.000000
7.45025	.123964	.000000
7.46097	.123578	.000000
7.47172	.123177	.000000
7.4825	.122731	.000000
7.49331	.122232	.000000
7.50416	.121670	.000000
7.51503	.121082	.000000
7.52594	.120433	.000000
7.53688	.119727	.000000
7.54785	.118993	.000000
7.55885	.118266	.000000
7.56988	.117567	.000000
7.58095	.116911	.000000
7.59205	.116247	.000000
7.60318	.115562	.000000
7.61434	.114853	.000000
7.62554	.114146	.000000
7.63677	.113374	.000000
7.64804	.112516	.000000
7.65933	.111601	.000000
7.67066	.110657	.000000
7.68203	.109677	.000000
7.69343	.108691	.000000
7.70486	.107641	.000000
7.71632	.106510	.000000
7.72782	.105316	.000000
7.73936	.104055	.000000
7.75093	.102672	.000000
7.76253	.101253	.000000
7.77417	.099791	.000000
7.78584	.098271	.000000
7.79755	.096743	.000000
7.80929	.095225	.000000
7.82107	.093682	.000000
7.83288	.092089	.000000
7.84473	.090514	.000000
7.85662	.089022	.000000
7.86854	.087555	.000000
7.8805	.086153	.000000
7.89249	.084862	.000000
7.90452	.083667	.000000
7.91659	.082480	.000000
7.92869	.081252	.000000
7.94083	.079878	.000000
7.95301	.078405	.000000
7.96523	.076836	.000000
7.97748	.075171	.000000
7.98977	.073476	.000000
8.0021	.071771	.000000
8.01447	.070104	.000000
8.02688	.068469	.000000
8.03933	.066856	.000000
8.05181	.065269	.000000
8.06433	.063644	.000000
8.07689	.062002	.000000
8.08949	.060315	.000000
8.10213	.058571	.000000
8.11481	.056809	.000000
8.12753	.055012	.000000
8.14029	.053187	.000000
8.15309	.051366	.000000
8.16593	.049531	.000000
8.17881	.047710	.000000
8.19173	.045894	.000000
8.20469	.044059	.000000
8.21769	.042232	.000000
8.23073	.040445	.000000
8.24382	.038656	.000000
8.25694	.036874	.000000
8.27011	.035085	.000000
8.28332	.033331	.000000
8.29658	.031607	.000000
8.30988	.029927	.000000
8.32321	.028322	.000000
8.3366	.026829	.000000
8.35002	.025436	.000000
8.36349	.024163	.000000
8.377	.022977	.000000
8.39055	.021867	.000000
8.40415	.020856	.000000
8.41779	.019996	.000000
8.43148	.019216	.000000
8.44521	.018498	.000000
8.45899	.017877	.000000
8.47281	.017331	.000000
8.48668	.016820	.000000
8.50059	.016376	.000000
8.51455	.015987	.000000
8.52855	.015650	.000000
8.5426	.015336	.000000
8.5567	.015066	.000000
8.57084	.014829	.000000
8.58503	.014609	.000000
8.59926	.014405	.000000
8.61355	.014238	.000000
8.62788	.014084	.000000
8.64226	.013975	.000000
8.65669	.013842	.000000
8.67116	.013749	.000000
8.68569	.013662	.000000
8.70026	.013595	.000000
8.71488	.013519	.000000
8.72955	.013456	.000000
8.74428	.013416	.000000
8.75905	.013413	.000000
8.77387	.013398	.000000
8.78874	.013411	.000000
8.80366	.013442	.000000
8.81863	.013439	.000000
8.83365	.013451	.000000
8.84873	.013510	.000000
8.86385	.013558	.000000
8.87903	.013612	.000000
8.89426	.013667	.000000
8.90954	.013720	.000000
8.92488	.013784	.000000
8.94027	.013899	.000000
8.9557	.013965	.000000
8.97119	.014011	.000000
8.98674	.014072	.000000
9.00234	.014200	.000000
9.018	.014267	.000000
9.03371	.014319	.000000
9.04947	.014342	.000000
9.06529	.014365	.000000
9.08117	.014427	.000000
9.0971	.014452	.000000
9.11309	.014444	.000000
9.12914	.014483	.000000
9.14524	.014469	.000000
9.16139	.014469	.000000
9.17761	.014512	.000000
9.19388	.014568	.000000
9.21021	.014568	.000000
9.2266	.014580	.000000
9.24305	.014648	.000000
9.25955	.014749	.000000
9.27612	.014846	.000000
9.29274	.014929	.000000
9.30942	.014967	.000000
9.32617	.015052	.000000
9.34297	.015103	.000000
9.35984	.015147	.000000
9.37676	.015190	.000000
9.39375	.015253	.000000
9.4108	.015248	.000000
9.42791	.015233	.000000
9.44508	.015275	.000000
9.46231	.015301	.000000
9.47961	.015279	.000000
9.49697	.015290	.000000
9.51439	.015343	.000000
9.53188	.015411	.000000
9.54943	.015430	.000000
9.56705	.015456	.000000
9.58474	.015466	.000000
9.60249	.015503	.000000
9.6203	.015546	.000000
9.63818	.015575	.000000
9.65613	.015597	.000000
9.67415	.015638	.000000
9.69223	.015710	.000000
9.71038	.015805	.000000
9.7286	.015839	.000000
9.74688	.015873	.000000
9.76524	.015916	.000000
9.78366	.015999	.000000
9.80216	.016067	.000000
9.82072	.016132	.000000
9.83936	.016200	.000000
9.85806	.016277	.000000
9.87684	.016318	.000000
9.89569	.016410	.000000
9.91462	.016522	.000000
9.93361	.016619	.000000
9.95268	.016684	.000000
9.97182	.016776	.000000
9.99103	.016848	.000000
10.01032	.016880	.000000
10.02968	.016962	.000000
10.04912	.017101	.000000
10.06863	.017165	.000000
10.08822	.017263	.000000
10.10788	.017393	.000000
10.12763	.017515	.000000
10.14745	.017664	.000000
10.16734	.017820	.000000
10.18732	.017999	.000000
10.20737	.018240	.000000
10.2275	.018439	.000000
10.24771	.018635	.000000
10.268	.018868	.000000
10.28838	.019173	.000000
10.30883	.019463	.000000
10.32937	.019679	.000000
10.34998	.019940	.000000
10.37069	.020265	.000000
10.39147	.020579	.000000
10.41234	.020931	.000000
10.43329	.021219	.000000
10.45432	.021431	.000000
10.47544	.021613	.000000
10.49665	.021856	.000000
10.51794	.022214	.000000
10.53932	.022657	.000000
10.56079	.023122	.000000
10.58234	.023572	.000000
10.60398	.023991	.000000
10.62571	.024284	.000000
10.64753	.024502	.000000
10.66944	.024695	.000000
10.69144	.024766	.000000
10.71353	.024800	.000000
10.73571	.024875	.000000
10.75799	.024952	.000000
10.78035	.025022	.000000
10.80281	.025126	.000000
10.82536	.025271	.000000
10.848	.025381	.000000
10.87075	.025518	.000000
10.89358	.025707	.000000
10.91652	.025852	.000000
10.93955	.026020	.000000
10.96268	.026293	.000000
10.98591	.026565	.000000
11.00923	.026749	.000000
11.03266	.026947	.000000
11.05618	.027201	.000000
11.0798	.027453	.000000
11.10353	.027714	.000000
11.12736	.027988	.000000
11.15129	.028281	.000000
11.17532	.028630	.000000
11.19946	.029012	.000000
11.2237	.029429	.000000
11.24805	.029893	.000000
11.2725	.030319	.000000
11.29706	.030698	.000000
11.32172	.030981	.000000
11.34649	.031162	.000000
11.37138	.031315	.000000
11.39637	.031547	.000000
11.42147	.031862	.000000
11.44668	.032169	.000000
11.47201	.032462	.000000
11.49745	.032627	.000000
11.523	.032731	.000000
11.54866	.032872	.000000
11.57444	.033004	.000000
11.60033	.033150	.000000
11.62634	.033372	.000000
11.65247	.033613	.000000
11.67872	.034010	.000000
11.70508	.034530	.000000
11.73157	.035062	.000000
11.75817	.035608	.000000
11.78489	.036086	.000000
11.81174	.036375	.000000
11.8387	.036513	.000000
11.86579	.036527	.000000
11.893	.036534	.000000
11.92034	.036748	.000000
11.94781	.037319	.000000
11.9754	.038251	.000000
12.00312	.039360	.000000
12.03097	.040508	.000000
12.05896	.041580	.000000
12.08707	.042464	.000000
12.11531	.043236	.000000
12.14368	.043861	.000000
12.17219	.044370	.000000
12.20083	.044618	.000000
12.2296	.044675	.000000
12.25852	.044558	.000000
12.28757	.044219	.000000
12.31676	.043619	.000000
12.34608	.042808	.000000
12.37555	.041815	.000000
12.40515	.040653	.000000
12.4349	.039351	.000000
12.46478	.038000	.000000
12.49482	.036610	.000000
12.525	.035237	.000000
12.55533	.033956	.000000
12.5858	.032716	.000000
12.61642	.031557	.000000
12.6472	.030547	.000000
12.67813	.029552	.000000
12.7092	.028618	.000000
12.74043	.027804	.000000
12.77181	.027029	.000000
12.80334	.026383	.000000
12.83503	.025746	.000000
12.86688	.025076	.000000
12.8989	.024458	.000000
12.93106	.023918	.000000
12.96339	.023490	.000000
12.99588	.023114	.000000
13.02853	.022730	.000000
13.06135	.022356	.000000
13.09433	.021998	.000000
13.12749	.021647	.000000
13.16081	.021321	.000000
13.1943	.020967	.000000
13.22796	.020652	.000000
13.26179	.020333	.000000
13.29579	.020047	.000000
13.32997	.019805	.000000
13.36433	.019476	.000000
13.39886	.019139	.000000
13.43357	.018792	.000000
13.46846	.018393	.000000
13.50354	.018088	.000000
13.5388	.017768	.000000
13.57424	.017454	.000000
13.60987	.017202	.000000
13.64568	.017030	.000000
13.68168	.016860	.000000
13.71788	.016693	.000000
13.75427	.016558	.000000
13.79085	.016403	.000000
13.82762	.016193	.000000
13.8646	.016038	.000000
13.90177	.015825	.000000
13.93913	.015582	.000000
13.97671	.015381	.000000
14.01448	.015197	.000000
14.05246	.015093	.000000
14.09065	.015040	.000000
14.12904	.014926	.000000
14.16765	.014810	.000000
14.20646	.014675	.000000
14.24549	.014505	.000000
14.28473	.014403	.000000
14.32419	.014394	.000000
14.36387	.014297	.000000
14.40377	.014146	.000000
14.44389	.013996	.000000
14.48424	.013837	.000000
14.52481	.013718	.000000
14.56563	.013611	.000000
14.60666	.013510	.000000
14.64792	.013377	.000000
14.68942	.013152	.000000
14.73115	.012953	.000000
14.77312	.012779	.000000
14.81533	.012721	.000000
14.85778	.012607	.000000
14.90047	.012486	.000000
14.94341	.012457	.000000
14.9866	.012408	.000000
15.03004	.012280	.000000
15.07374	.012149	.000000
15.11768	.011980	.000000
15.16189	.011774	.000000
15.20635	.011534	.000000
15.25107	.011360	.000000
15.29606	.011168	.000000
15.34131	.010956	.000000
15.38684	.010706	.000000
15.43263	.010517	.000000
15.4787	.010442	.000000
15.52504	.010444	.000000
15.57167	.010469	.000000
15.61857	.010536	.000000
15.66575	.010641	.000000
15.71322	.010912	.000000
15.76099	.011188	.000000
15.80904	.011384	.000000
15.85738	.011508	.000000
15.90603	.011612	.000000
15.95497	.011725	.000000
16.00423	.011803	.000000
16.05378	.011839	.000000
16.10364	.011880	.000000
16.15381	.011904	.000000
16.20429	.011982	.000000
16.25509	.012145	.000000
16.3062	.012191	.000000
16.35764	.012197	.000000
16.4094	.012289	.000000
16.4615	.012355	.000000
16.51392	.012420	.000000
16.56668	.012570	.000000
16.61978	.012725	.000000
16.67322	.012788	.000000
16.72701	.012864	.000000
16.78114	.013004	.000000
16.83562	.013251	.000000
16.89046	.013362	.000000
16.94566	.013437	.000000
17.00122	.013655	.000000
17.05714	.013907	.000000
17.11344	.014241	.000000
17.17011	.014517	.000000
17.22715	.014604	.000000
17.28457	.014682	.000000
17.34238	.014960	.000000
17.40057	.015234	.000000
17.45916	.015474	.000000
17.51815	.015704	.000000
17.57753	.015945	.000000
17.63732	.016333	.000000
17.69752	.016531	.000000
17.75812	.016597	.000000
17.81914	.016631	.000000
17.88059	.016713	.000000
17.94246	.016863	.000000
18.00476	.016946	.000000
18.0675	.016882	.000000
18.13067	.017061	.000000
18.19429	.017103	.000000
18.25838	.017130	.000000
18.3229	.017364	.000000
18.38788	.017621	.000000
18.45331	.017759	.000000
18.51922	.017981	.000000
18.5856	.018224	.000000
18.65245	.018429	.000000
18.71979	.018642	.000000
18.78759	.018769	.000000
18.85591	.018884	.000000
18.92473	.019141	.000000
18.99405	.019378	.000000
19.06388	.019398	.000000
19.13423	.019291	.000000
19.2051	.019400	.000000
19.27651	.019602	.000000
19.34844	.019679	.000000
19.4209	.019780	.000000
19.49392	.019892	.000000
19.56748	.019930	.000000
19.6416	.020044	.000000
19.71628	.019941	.000000
19.79152	.019873	.000000
19.86735	.019986	.000000
19.94376	.019994	.000000
20.02076	.019732	.000000
20.09836	.019558	.000000
20.17656	.019609	.000000
20.25538	.019454	.000000
20.33483	.019354	.000000
20.41489	.019304	.000000
20.49558	.019342	.000000
20.57691	.019637	.000000
20.65889	.019621	.000000
20.74153	.019654	.000000
20.82483	.019948	.000000
20.90878	.020005	.000000
20.99343	.020153	.000000
21.07877	.020281	.000000
21.16481	.020439	.000000
21.25155	.020630	.000000
21.339	.020754	.000000
21.42718	.020635	.000000
21.51611	.020274	.000000
21.60576	.020480	.000000
21.69616	.020332	.000000
21.78732	.020010	.000000
21.87925	.020069	.000000
21.97196	.020091	.000000
22.06546	.019679	.000000
22.15973	.019229	.000000
22.25484	.019149	.000000
22.35076	.019456	.000000
22.44752	.019415	.000000
22.54512	.018977	.000000
22.64357	.018730	.000000
22.74288	.019199	.000000
22.8431	.019688	.000000
22.94417	.019686	.000000
23.04615	.019725	.000000
23.14903	.019729	.000000
23.25284	.019771	.000000
23.35758	.020373	.000000
23.46327	.021119	.000000
23.5699	.021669	.000000
23.67752	.021567	.000000
23.78613	.021395	.000000
23.89575	.021638	.000000
24.00638	.022391	.000000
24.11803	.022833	.000000
24.23073	.022488	.000000
24.34452	.022267	.000000
24.45936	.022904	.000000
24.57528	.024192	.000000
24.6923	.025155	.000000
24.81045	.024996	.000000
24.92973	.024795	.000000
25.05016	.025264	.000000
