Brown University Keck/NASA Relab Spectrum AV-A1V-021/BKR1AV021
Wavelength(micron)	Reflectance	Standard Deviation
0.32	.127553	.002790
0.325	.132191	.002476
0.33	.136261	.002338
0.335	.140698	.002339
0.34	.144441	.002485
0.345	.148134	.002563
0.35	.150696	.002295
0.355	.155132	.002425
0.36	.157620	.002348
0.365	.162343	.002305
0.37	.164773	.002130
0.375	.168963	.001852
0.38	.171466	.001826
0.385	.176002	.001877
0.39	.179964	.002866
0.395	.183998	.002400
0.4	.187270	.002113
0.405	.191002	.001852
0.41	.193753	.001835
0.415	.197749	.001881
0.42	.200476	.001912
0.425	.203424	.001904
0.43	.206090	.001940
0.435	.209151	.001937
0.44	.211448	.001830
0.445	.213863	.001727
0.45	.215778	.001664
0.455	.217948	.001695
0.46	.219556	.001745
0.465	.221513	.001777
0.47	.222775	.001831
0.475	.224504	.001865
0.48	.225762	.001786
0.485	.227561	.001712
0.49	.229045	.001669
0.495	.231114	.001620
0.5	.232772	.001599
0.505	.234871	.001587
0.51	.236377	.001571
0.515	.238330	.001577
0.52	.239765	.001613
0.525	.241630	.001638
0.53	.242942	.001665
0.535	.244688	.001715
0.54	.245940	.001734
0.545	.247405	.001727
0.55	.248443	.001738
0.555	.249789	.001741
0.56	.250719	.001728
0.565	.251985	.001733
0.57	.252889	.001741
0.575	.254105	.001761
0.58	.254941	.001771
0.585	.256039	.001777
0.59	.256733	.001784
0.595	.257656	.001783
0.6	.258221	.001749
0.605	.259004	.001756
0.61	.259425	.001772
0.615	.260134	.001780
0.62	.260465	.001791
0.625	.261091	.001813
0.63	.261387	.001802
0.635	.262219	.001800
0.64	.262054	.001763
0.645	.262720	.001715
0.65	.262727	.001722
0.655	.263784	.001870
0.66	.263936	.001886
0.665	.264553	.001824
0.67	.264644	.001875
0.675	.265550	.001688
0.68	.265488	.001738
0.685	.266358	.001707
0.69	.266243	.001724
0.695	.266726	.001739
0.7	.266917	.001750
0.705	.267026	.001745
0.71	.267202	.001757
0.715	.267356	.001717
0.72	.267571	.001793
0.725	.267702	.001750
0.73	.267553	.001845
0.735	.267724	.002025
0.74	.267693	.002016
0.745	.267809	.002028
0.75	.267730	.002131
0.755	.267686	.002075
0.76	.267562	.002037
0.765	.267420	.001998
0.77	.267106	.001841
0.775	.267042	.001932
0.78	.266736	.002004
0.785	.266598	.001896
0.79	.266610	.002065
0.795	.266203	.002041
0.8	.266021	.002073
0.805	.265823	.002124
0.81	.265712	.002163
0.815	.265642	.002263
0.82	.265043	.002295
0.825	.265137	.002331
0.83	.264973	.002365
0.835	.264548	.002331
0.84	.264146	.002410
0.845	.264085	.002441
0.85	.264012	.002353
0.855	.263672	.002357
0.86	.263117	.003219
0.865	.262695	.003022
0.87	.262541	.002892
0.875	.262172	.002688
0.88	.262039	.002659
0.885	.261716	.002866
0.89	.261561	.002758
0.895	.261418	.002582
0.9	.260716	.002402
0.905	.260356	.002402
0.91	.259795	.002313
0.915	.259667	.002237
0.92	.258926	.002201
0.925	.258695	.002163
0.93	.258257	.002063
0.935	.257846	.001968
0.94	.256925	.002019
0.945	.256885	.001879
0.95	.256121	.002010
0.955	.256101	.001812
0.96	.255554	.002137
0.965	.254931	.001712
0.97	.254437	.001930
0.975	.253973	.001711
0.98	.253345	.001827
0.985	.253188	.001667
0.99	.252439	.001602
0.995	.252109	.001561
1	.251591	.002007
1.005	.251423	.001933
1.01	.250769	.001942
1.015	.250331	.001886
1.02	.250034	.001928
1.025	.249621	.001789
1.03	.249112	.001905
1.035	.248695	.001782
1.04	.248301	.001755
1.045	.248345	.001725
1.05	.247698	.001777
1.055	.247449	.001611
1.06	.247180	.001658
1.065	.246892	.001657
1.07	.246634	.001660
1.075	.246528	.001641
1.08	.246272	.001701
1.085	.246458	.001578
1.09	.246196	.001969
1.095	.245915	.001942
1.1	.245952	.001856
1.105	.245869	.001833
1.11	.245631	.001797
1.115	.245580	.001819
1.12	.245419	.001875
1.125	.244898	.001762
1.13	.244996	.001767
1.135	.244683	.001817
1.14	.244731	.001827
1.145	.244733	.001632
1.15	.244183	.001666
1.155	.244184	.001614
1.16	.243766	.001569
1.165	.243761	.001489
1.17	.243558	.001632
1.175	.243826	.001508
1.18	.243325	.001478
1.185	.243026	.001432
1.19	.242658	.001488
1.195	.242470	.001390
1.2	.242521	.001381
1.205	.242103	.001273
1.21	.242044	.001260
1.215	.241930	.001267
1.22	.241538	.001276
1.225	.241371	.001317
1.23	.241101	.001322
1.235	.240729	.001327
1.24	.240481	.001376
1.245	.240371	.001161
1.25	.240091	.001266
1.255	.240178	.001359
1.26	.239966	.001373
1.265	.239831	.001284
1.27	.239515	.001289
1.275	.239311	.001274
1.28	.239163	.001295
1.285	.239040	.001256
1.29	.239002	.001274
1.295	.238727	.001219
1.3	.238723	.001319
1.305	.238498	.001280
1.31	.238417	.001304
1.315	.238519	.001242
1.32	.238192	.001252
1.325	.238186	.001278
1.33	.237962	.001207
1.335	.237904	.001267
1.34	.237911	.001269
1.345	.237859	.001268
1.35	.237645	.001359
1.355	.237352	.001388
1.36	.237317	.001411
1.365	.237159	.001398
1.37	.237257	.001660
1.375	.237181	.001621
1.38	.237082	.001706
1.385	.237105	.001710
1.39	.237192	.001723
1.395	.236731	.001467
1.4	.236705	.001469
1.405	.236747	.001367
1.41	.236480	.001353
1.415	.236377	.001350
1.42	.236370	.001346
1.425	.236397	.001336
1.43	.236454	.001341
1.435	.236387	.001308
1.44	.236397	.001407
1.445	.236016	.001241
1.45	.236260	.001183
1.455	.236218	.001183
1.46	.235918	.001186
1.465	.235903	.001250
1.47	.235964	.001225
1.475	.235801	.001222
1.48	.235896	.001240
1.485	.236003	.001215
1.49	.235809	.001239
1.495	.235794	.001178
1.5	.235642	.001164
1.505	.235644	.001223
1.51	.235533	.001271
1.515	.235350	.001261
1.52	.235331	.001258
1.525	.235440	.001289
1.53	.235526	.001204
1.535	.235387	.001312
1.54	.235236	.001249
1.545	.235323	.001255
1.55	.235374	.001229
1.555	.235526	.001221
1.56	.235275	.001210
1.565	.235138	.001274
1.57	.235280	.001293
1.575	.235176	.001350
1.58	.235359	.001258
1.585	.235293	.001261
1.59	.235430	.001212
1.595	.235274	.001287
1.6	.235341	.001284
1.605	.235403	.001331
1.61	.235388	.001359
1.615	.235436	.001347
1.62	.235441	.001406
1.625	.235289	.001415
1.63	.235096	.001414
1.635	.235405	.001466
1.64	.235416	.001430
1.645	.235618	.001478
1.65	.235588	.001497
1.655	.235578	.001542
1.66	.235865	.001467
1.665	.236083	.001506
1.67	.236183	.001537
1.675	.236301	.001482
1.68	.236523	.001457
1.685	.236611	.001522
1.69	.236587	.001531
1.695	.236422	.001599
1.7	.236526	.001605
1.705	.236548	.001593
1.71	.236564	.001567
1.715	.236432	.001562
1.72	.236415	.001527
1.725	.236382	.001523
1.73	.236378	.001551
1.735	.236274	.001572
1.74	.236203	.001618
1.745	.236237	.001526
1.75	.236169	.001524
1.755	.236086	.001519
1.76	.236104	.001600
1.765	.235986	.001546
1.77	.236177	.001547
1.775	.236300	.001482
1.78	.236451	.001452
1.785	.236446	.001476
1.79	.236582	.001470
1.795	.236532	.001442
1.8	.236600	.001485
1.805	.236327	.001418
1.81	.236426	.001460
1.815	.236398	.001480
1.82	.236232	.001491
1.825	.236458	.001505
1.83	.236576	.001594
1.835	.236414	.001577
1.84	.236913	.001600
1.845	.236879	.001601
1.85	.236888	.001566
1.85015	.236882	.000000
1.85048	.236910	.000000
1.85081	.236980	.000000
1.85114	.236990	.000000
1.85147	.236965	.000000
1.8518	.236921	.000000
1.85213	.236882	.000000
1.85246	.236882	.000000
1.85279	.236967	.000000
1.85312	.237024	.000000
1.85345	.237019	.000000
1.85378	.237023	.000000
1.85412	.237044	.000000
1.85445	.237019	.000000
1.85478	.237046	.000000
1.85511	.237089	.000000
1.85544	.237073	.000000
1.85577	.236944	.000000
1.85611	.236912	.000000
1.85644	.236948	.000000
1.85677	.237024	.000000
1.8571	.237099	.000000
1.85744	.237117	.000000
1.85777	.237121	.000000
1.8581	.237146	.000000
1.85843	.237148	.000000
1.85877	.237155	.000000
1.8591	.237085	.000000
1.85943	.237055	.000000
1.85977	.237078	.000000
1.8601	.237128	.000000
1.86044	.237130	.000000
1.86077	.237083	.000000
1.8611	.237069	.000000
1.86144	.237106	.000000
1.86177	.237128	.000000
1.86211	.237124	.000000
1.86244	.237139	.000000
1.86277	.237108	.000000
1.86311	.237112	.000000
1.86344	.237165	.000000
1.86378	.237149	.000000
1.86411	.237128	.000000
1.86445	.237156	.000000
1.86478	.237210	.000000
1.86512	.237262	.000000
1.86546	.237278	.000000
1.86579	.237283	.000000
1.86613	.237214	.000000
1.86646	.237135	.000000
1.8668	.237201	.000000
1.86714	.237276	.000000
1.86747	.237294	.000000
1.86781	.237281	.000000
1.86814	.237264	.000000
1.86848	.237248	.000000
1.86882	.237233	.000000
1.86915	.237265	.000000
1.86949	.237305	.000000
1.86983	.237315	.000000
1.87017	.237276	.000000
1.8705	.237235	.000000
1.87084	.237298	.000000
1.87118	.237390	.000000
1.87152	.237358	.000000
1.87185	.237326	.000000
1.87219	.237367	.000000
1.87253	.237362	.000000
1.87287	.237326	.000000
1.87321	.237348	.000000
1.87354	.237353	.000000
1.87388	.237356	.000000
1.87422	.237383	.000000
1.87456	.237290	.000000
1.8749	.237244	.000000
1.87524	.237280	.000000
1.87558	.237271	.000000
1.87592	.237301	.000000
1.87626	.237360	.000000
1.8766	.237415	.000000
1.87694	.237474	.000000
1.87728	.237455	.000000
1.87762	.237405	.000000
1.87796	.237458	.000000
1.8783	.237510	.000000
1.87864	.237458	.000000
1.87898	.237362	.000000
1.87932	.237356	.000000
1.87966	.237362	.000000
1.88	.237356	.000000
1.88034	.237351	.000000
1.88068	.237365	.000000
1.88102	.237364	.000000
1.88136	.237358	.000000
1.8817	.237369	.000000
1.88205	.237369	.000000
1.88239	.237353	.000000
1.88273	.237383	.000000
1.88307	.237492	.000000
1.88341	.237465	.000000
1.88376	.237414	.000000
1.8841	.237498	.000000
1.88444	.237465	.000000
1.88478	.237369	.000000
1.88513	.237367	.000000
1.88547	.237431	.000000
1.88581	.237489	.000000
1.88615	.237503	.000000
1.8865	.237478	.000000
1.88684	.237539	.000000
1.88718	.237628	.000000
1.88753	.237583	.000000
1.88787	.237512	.000000
1.88821	.237519	.000000
1.88856	.237510	.000000
1.8889	.237476	.000000
1.88925	.237415	.000000
1.88959	.237446	.000000
1.88994	.237517	.000000
1.89028	.237530	.000000
1.89062	.237535	.000000
1.89097	.237540	.000000
1.89131	.237590	.000000
1.89166	.237578	.000000
1.892	.237528	.000000
1.89235	.237508	.000000
1.89269	.237499	.000000
1.89304	.237494	.000000
1.89339	.237498	.000000
1.89373	.237531	.000000
1.89408	.237548	.000000
1.89442	.237510	.000000
1.89477	.237515	.000000
1.89512	.237508	.000000
1.89546	.237524	.000000
1.89581	.237503	.000000
1.89616	.237462	.000000
1.8965	.237512	.000000
1.89685	.237556	.000000
1.8972	.237573	.000000
1.89754	.237542	.000000
1.89789	.237524	.000000
1.89824	.237510	.000000
1.89859	.237496	.000000
1.89893	.237476	.000000
1.89928	.237503	.000000
1.89963	.237590	.000000
1.89998	.237546	.000000
1.90033	.237498	.000000
1.90067	.237546	.000000
1.90102	.237562	.000000
1.90137	.237558	.000000
1.90172	.237585	.000000
1.90207	.237601	.000000
1.90242	.237551	.000000
1.90277	.237499	.000000
1.90312	.237531	.000000
1.90346	.237590	.000000
1.90381	.237614	.000000
1.90416	.237592	.000000
1.90451	.237597	.000000
1.90486	.237605	.000000
1.90521	.237601	.000000
1.90556	.237644	.000000
1.90591	.237660	.000000
1.90626	.237665	.000000
1.90661	.237606	.000000
1.90697	.237512	.000000
1.90732	.237589	.000000
1.90767	.237717	.000000
1.90802	.237692	.000000
1.90837	.237647	.000000
1.90872	.237608	.000000
1.90907	.237596	.000000
1.90942	.237606	.000000
1.90977	.237619	.000000
1.91013	.237635	.000000
1.91048	.237662	.000000
1.91083	.237669	.000000
1.91118	.237660	.000000
1.91154	.237633	.000000
1.91189	.237633	.000000
1.91224	.237701	.000000
1.91259	.237710	.000000
1.91295	.237722	.000000
1.9133	.237733	.000000
1.91365	.237735	.000000
1.91401	.237683	.000000
1.91436	.237651	.000000
1.91471	.237751	.000000
1.91507	.237799	.000000
1.91542	.237722	.000000
1.91577	.237724	.000000
1.91613	.237739	.000000
1.91648	.237737	.000000
1.91684	.237774	.000000
1.91719	.237758	.000000
1.91754	.237783	.000000
1.9179	.237837	.000000
1.91825	.237789	.000000
1.91861	.237683	.000000
1.91896	.237687	.000000
1.91932	.237747	.000000
1.91967	.237783	.000000
1.92003	.237778	.000000
1.92039	.237767	.000000
1.92074	.237774	.000000
1.9211	.237831	.000000
1.92145	.237905	.000000
1.92181	.237924	.000000
1.92217	.237846	.000000
1.92252	.237799	.000000
1.92288	.237814	.000000
1.92323	.237851	.000000
1.92359	.237867	.000000
1.92395	.237885	.000000
1.92431	.237912	.000000
1.92466	.237858	.000000
1.92502	.237815	.000000
1.92538	.237867	.000000
1.92573	.237855	.000000
1.92609	.237851	.000000
1.92645	.237944	.000000
1.92681	.238003	.000000
1.92717	.238028	.000000
1.92752	.237989	.000000
1.92788	.237896	.000000
1.92824	.237896	.000000
1.9286	.237862	.000000
1.92896	.237839	.000000
1.92932	.237892	.000000
1.92968	.237964	.000000
1.93004	.238026	.000000
1.9304	.238005	.000000
1.93075	.237985	.000000
1.93111	.237992	.000000
1.93147	.238008	.000000
1.93183	.238033	.000000
1.93219	.237996	.000000
1.93255	.238028	.000000
1.93291	.238056	.000000
1.93327	.237953	.000000
1.93364	.237937	.000000
1.934	.238056	.000000
1.93436	.238019	.000000
1.93472	.237989	.000000
1.93508	.238067	.000000
1.93544	.238114	.000000
1.9358	.238192	.000000
1.93616	.238155	.000000
1.93652	.238106	.000000
1.93689	.238067	.000000
1.93725	.238056	.000000
1.93761	.238097	.000000
1.93797	.238103	.000000
1.93833	.238119	.000000
1.9387	.238164	.000000
1.93906	.238131	.000000
1.93942	.238164	.000000
1.93978	.238208	.000000
1.94015	.238210	.000000
1.94051	.238224	.000000
1.94087	.238233	.000000
1.94124	.238255	.000000
1.9416	.238199	.000000
1.94196	.238180	.000000
1.94233	.238151	.000000
1.94269	.238167	.000000
1.94306	.238258	.000000
1.94342	.238272	.000000
1.94378	.238206	.000000
1.94415	.238233	.000000
1.94451	.238237	.000000
1.94488	.238262	.000000
1.94524	.238355	.000000
1.94561	.238346	.000000
1.94597	.238328	.000000
1.94634	.238331	.000000
1.9467	.238308	.000000
1.94707	.238276	.000000
1.94743	.238239	.000000
1.9478	.238303	.000000
1.94817	.238410	.000000
1.94853	.238463	.000000
1.9489	.238415	.000000
1.94926	.238406	.000000
1.94963	.238412	.000000
1.95	.238403	.000000
1.95036	.238374	.000000
1.95073	.238362	.000000
1.9511	.238385	.000000
1.95147	.238422	.000000
1.95183	.238438	.000000
1.9522	.238435	.000000
1.95257	.238460	.000000
1.95294	.238483	.000000
1.9533	.238492	.000000
1.95367	.238501	.000000
1.95404	.238555	.000000
1.95441	.238569	.000000
1.95478	.238501	.000000
1.95515	.238442	.000000
1.95551	.238342	.000000
1.95588	.238342	.000000
1.95625	.238401	.000000
1.95662	.238469	.000000
1.95699	.238480	.000000
1.95736	.238430	.000000
1.95773	.238462	.000000
1.9581	.238487	.000000
1.95847	.238506	.000000
1.95884	.238535	.000000
1.95921	.238483	.000000
1.95958	.238476	.000000
1.95995	.238565	.000000
1.96032	.238576	.000000
1.96069	.238556	.000000
1.96106	.238528	.000000
1.96143	.238483	.000000
1.9618	.238462	.000000
1.96217	.238513	.000000
1.96255	.238528	.000000
1.96292	.238524	.000000
1.96329	.238531	.000000
1.96366	.238526	.000000
1.96403	.238556	.000000
1.9644	.238597	.000000
1.96478	.238590	.000000
1.96515	.238588	.000000
1.96552	.238597	.000000
1.96589	.238638	.000000
1.96627	.238585	.000000
1.96664	.238517	.000000
1.96701	.238505	.000000
1.96739	.238526	.000000
1.96776	.238594	.000000
1.96813	.238642	.000000
1.96851	.238613	.000000
1.96888	.238649	.000000
1.96925	.238719	.000000
1.96963	.238676	.000000
1.97	.238637	.000000
1.97038	.238672	.000000
1.97075	.238667	.000000
1.97113	.238633	.000000
1.9715	.238656	.000000
1.97188	.238715	.000000
1.97225	.238746	.000000
1.97263	.238719	.000000
1.973	.238712	.000000
1.97338	.238667	.000000
1.97375	.238717	.000000
1.97413	.238780	.000000
1.9745	.238783	.000000
1.97488	.238794	.000000
1.97526	.238713	.000000
1.97563	.238697	.000000
1.97601	.238794	.000000
1.97639	.238808	.000000
1.97676	.238769	.000000
1.97714	.238796	.000000
1.97752	.238821	.000000
1.97789	.238788	.000000
1.97827	.238806	.000000
1.97865	.238815	.000000
1.97903	.238813	.000000
1.9794	.238772	.000000
1.97978	.238753	.000000
1.98016	.238830	.000000
1.98054	.238853	.000000
1.98092	.238835	.000000
1.98129	.238806	.000000
1.98167	.238771	.000000
1.98205	.238788	.000000
1.98243	.238846	.000000
1.98281	.238853	.000000
1.98319	.238885	.000000
1.98357	.238901	.000000
1.98395	.238906	.000000
1.98433	.238908	.000000
1.98471	.238885	.000000
1.98509	.238878	.000000
1.98547	.238837	.000000
1.98585	.238815	.000000
1.98623	.238856	.000000
1.98661	.238899	.000000
1.98699	.238871	.000000
1.98737	.238869	.000000
1.98775	.238922	.000000
1.98813	.238974	.000000
1.98851	.238960	.000000
1.98889	.238933	.000000
1.98928	.238937	.000000
1.98966	.238931	.000000
1.99004	.238940	.000000
1.99042	.238969	.000000
1.9908	.238951	.000000
1.99119	.239004	.000000
1.99157	.239022	.000000
1.99195	.238949	.000000
1.99233	.238944	.000000
1.99272	.238958	.000000
1.9931	.238949	.000000
1.99348	.238960	.000000
1.99387	.238976	.000000
1.99425	.238949	.000000
1.99463	.238933	.000000
1.99502	.238946	.000000
1.9954	.239019	.000000
1.99578	.239087	.000000
1.99617	.239012	.000000
1.99655	.238946	.000000
1.99694	.238921	.000000
1.99732	.238963	.000000
1.99771	.239003	.000000
1.99809	.239021	.000000
1.99848	.239035	.000000
1.99886	.239072	.000000
1.99925	.239092	.000000
1.99963	.239051	.000000
2.00002	.239056	.000000
2.00041	.239113	.000000
2.00079	.239115	.000000
2.00118	.239101	.000000
2.00156	.239054	.000000
2.00195	.239010	.000000
2.00234	.239054	.000000
2.00272	.239096	.000000
2.00311	.239160	.000000
2.0035	.239215	.000000
2.00388	.239196	.000000
2.00427	.239188	.000000
2.00466	.239113	.000000
2.00505	.239113	.000000
2.00543	.239128	.000000
2.00582	.239154	.000000
2.00621	.239188	.000000
2.0066	.239231	.000000
2.00699	.239224	.000000
2.00738	.239171	.000000
2.00776	.239128	.000000
2.00815	.239163	.000000
2.00854	.239224	.000000
2.00893	.239240	.000000
2.00932	.239251	.000000
2.00971	.239296	.000000
2.0101	.239342	.000000
2.01049	.239296	.000000
2.01088	.239263	.000000
2.01127	.239299	.000000
2.01166	.239304	.000000
2.01205	.239278	.000000
2.01244	.239276	.000000
2.01283	.239299	.000000
2.01322	.239337	.000000
2.01361	.239329	.000000
2.014	.239329	.000000
2.01439	.239344	.000000
2.01479	.239365	.000000
2.01518	.239413	.000000
2.01557	.239397	.000000
2.01596	.239381	.000000
2.01635	.239421	.000000
2.01675	.239390	.000000
2.01714	.239304	.000000
2.01753	.239299	.000000
2.01792	.239397	.000000
2.01832	.239396	.000000
2.01871	.239324	.000000
2.0191	.239354	.000000
2.01949	.239392	.000000
2.01989	.239353	.000000
2.02028	.239331	.000000
2.02068	.239358	.000000
2.02107	.239381	.000000
2.02146	.239406	.000000
2.02186	.239421	.000000
2.02225	.239417	.000000
2.02265	.239406	.000000
2.02304	.239401	.000000
2.02344	.239429	.000000
2.02383	.239506	.000000
2.02423	.239531	.000000
2.02462	.239479	.000000
2.02502	.239490	.000000
2.02541	.239533	.000000
2.02581	.239558	.000000
2.0262	.239572	.000000
2.0266	.239581	.000000
2.02699	.239546	.000000
2.02739	.239556	.000000
2.02779	.239565	.000000
2.02818	.239554	.000000
2.02858	.239569	.000000
2.02898	.239572	.000000
2.02938	.239554	.000000
2.02977	.239597	.000000
2.03017	.239617	.000000
2.03057	.239610	.000000
2.03096	.239622	.000000
2.03136	.239619	.000000
2.03176	.239538	.000000
2.03216	.239567	.000000
2.03256	.239656	.000000
2.03296	.239694	.000000
2.03335	.239687	.000000
2.03375	.239626	.000000
2.03415	.239594	.000000
2.03455	.239597	.000000
2.03495	.239642	.000000
2.03535	.239710	.000000
2.03575	.239783	.000000
2.03615	.239776	.000000
2.03655	.239712	.000000
2.03695	.239706	.000000
2.03735	.239704	.000000
2.03775	.239735	.000000
2.03815	.239731	.000000
2.03855	.239719	.000000
2.03895	.239719	.000000
2.03935	.239726	.000000
2.03975	.239699	.000000
2.04016	.239667	.000000
2.04056	.239760	.000000
2.04096	.239781	.000000
2.04136	.239717	.000000
2.04176	.239728	.000000
2.04216	.239745	.000000
2.04257	.239774	.000000
2.04297	.239779	.000000
2.04337	.239808	.000000
2.04377	.239822	.000000
2.04418	.239815	.000000
2.04458	.239797	.000000
2.04498	.239819	.000000
2.04539	.239892	.000000
2.04579	.239890	.000000
2.04619	.239881	.000000
2.0466	.239906	.000000
2.047	.239847	.000000
2.04741	.239831	.000000
2.04781	.239892	.000000
2.04821	.239919	.000000
2.04862	.239951	.000000
2.04902	.239969	.000000
2.04943	.239951	.000000
2.04983	.239947	.000000
2.05024	.239910	.000000
2.05065	.239913	.000000
2.05105	.239947	.000000
2.05146	.239976	.000000
2.05186	.240019	.000000
2.05227	.239972	.000000
2.05268	.239947	.000000
2.05308	.239994	.000000
2.05349	.240029	.000000
2.05389	.240070	.000000
2.0543	.240049	.000000
2.05471	.239976	.000000
2.05512	.239938	.000000
2.05552	.239983	.000000
2.05593	.240020	.000000
2.05634	.240045	.000000
2.05675	.240083	.000000
2.05715	.240162	.000000
2.05756	.240197	.000000
2.05797	.240149	.000000
2.05838	.240076	.000000
2.05879	.240033	.000000
2.0592	.239999	.000000
2.05961	.240113	.000000
2.06001	.240208	.000000
2.06042	.240178	.000000
2.06083	.240160	.000000
2.06124	.240135	.000000
2.06165	.240133	.000000
2.06206	.240226	.000000
2.06247	.240245	.000000
2.06288	.240162	.000000
2.06329	.240140	.000000
2.0637	.240212	.000000
2.06412	.240178	.000000
2.06453	.240144	.000000
2.06494	.240160	.000000
2.06535	.240208	.000000
2.06576	.240253	.000000
2.06617	.240270	.000000
2.06658	.240270	.000000
2.067	.240269	.000000
2.06741	.240258	.000000
2.06782	.240265	.000000
2.06823	.240229	.000000
2.06865	.240240	.000000
2.06906	.240299	.000000
2.06947	.240288	.000000
2.06988	.240251	.000000
2.0703	.240249	.000000
2.07071	.240310	.000000
2.07112	.240322	.000000
2.07154	.240279	.000000
2.07195	.240308	.000000
2.07237	.240390	.000000
2.07278	.240376	.000000
2.07319	.240349	.000000
2.07361	.240338	.000000
2.07402	.240324	.000000
2.07444	.240283	.000000
2.07485	.240281	.000000
2.07527	.240338	.000000
2.07568	.240363	.000000
2.0761	.240347	.000000
2.07652	.240308	.000000
2.07693	.240324	.000000
2.07735	.240365	.000000
2.07776	.240361	.000000
2.07818	.240329	.000000
2.0786	.240378	.000000
2.07901	.240415	.000000
2.07943	.240422	.000000
2.07985	.240410	.000000
2.08026	.240399	.000000
2.08068	.240442	.000000
2.0811	.240494	.000000
2.08152	.240494	.000000
2.08194	.240460	.000000
2.08235	.240388	.000000
2.08277	.240428	.000000
2.08319	.240495	.000000
2.08361	.240535	.000000
2.08403	.240610	.000000
2.08445	.240610	.000000
2.08487	.240533	.000000
2.08528	.240569	.000000
2.0857	.240526	.000000
2.08612	.240504	.000000
2.08654	.240528	.000000
2.08696	.240506	.000000
2.08738	.240501	.000000
2.0878	.240486	.000000
2.08822	.240556	.000000
2.08865	.240592	.000000
2.08907	.240570	.000000
2.08949	.240590	.000000
2.08991	.240574	.000000
2.09033	.240520	.000000
2.09075	.240519	.000000
2.09117	.240542	.000000
2.09159	.240581	.000000
2.09202	.240649	.000000
2.09244	.240670	.000000
2.09286	.240638	.000000
2.09328	.240574	.000000
2.09371	.240585	.000000
2.09413	.240644	.000000
2.09455	.240622	.000000
2.09497	.240615	.000000
2.0954	.240651	.000000
2.09582	.240647	.000000
2.09624	.240776	.000000
2.09667	.240769	.000000
2.09709	.240704	.000000
2.09752	.240736	.000000
2.09794	.240745	.000000
2.09837	.240742	.000000
2.09879	.240738	.000000
2.09922	.240713	.000000
2.09964	.240692	.000000
2.10007	.240679	.000000
2.10049	.240708	.000000
2.10092	.240754	.000000
2.10134	.240819	.000000
2.10177	.240819	.000000
2.10219	.240776	.000000
2.10262	.240781	.000000
2.10305	.240829	.000000
2.10347	.240836	.000000
2.1039	.240781	.000000
2.10433	.240799	.000000
2.10475	.240858	.000000
2.10518	.240858	.000000
2.10561	.240867	.000000
2.10604	.240854	.000000
2.10646	.240888	.000000
2.10689	.240926	.000000
2.10732	.240947	.000000
2.10775	.240963	.000000
2.10818	.240910	.000000
2.10861	.240863	.000000
2.10904	.240890	.000000
2.10946	.240938	.000000
2.10989	.240970	.000000
2.11032	.240917	.000000
2.11075	.240886	.000000
2.11118	.240997	.000000
2.11161	.240977	.000000
2.11204	.240838	.000000
2.11247	.240858	.000000
2.1129	.240967	.000000
2.11333	.240995	.000000
2.11376	.241004	.000000
2.1142	.241015	.000000
2.11463	.241002	.000000
2.11506	.240967	.000000
2.11549	.240985	.000000
2.11592	.240967	.000000
2.11635	.241019	.000000
2.11678	.241111	.000000
2.11722	.241215	.000000
2.11765	.241138	.000000
2.11808	.241054	.000000
2.11851	.241083	.000000
2.11895	.241113	.000000
2.11938	.241136	.000000
2.11981	.241079	.000000
2.12025	.241111	.000000
2.12068	.241065	.000000
2.12111	.241060	.000000
2.12155	.241129	.000000
2.12198	.241124	.000000
2.12242	.241133	.000000
2.12285	.241152	.000000
2.12329	.241201	.000000
2.12372	.241202	.000000
2.12416	.241210	.000000
2.12459	.241242	.000000
2.12503	.241245	.000000
2.12546	.241227	.000000
2.1259	.241242	.000000
2.12633	.241235	.000000
2.12677	.241263	.000000
2.12721	.241254	.000000
2.12764	.241279	.000000
2.12808	.241276	.000000
2.12852	.241210	.000000
2.12895	.241244	.000000
2.12939	.241286	.000000
2.12983	.241324	.000000
2.13027	.241340	.000000
2.1307	.241315	.000000
2.13114	.241340	.000000
2.13158	.241349	.000000
2.13202	.241358	.000000
2.13246	.241376	.000000
2.13289	.241379	.000000
2.13333	.241411	.000000
2.13377	.241367	.000000
2.13421	.241302	.000000
2.13465	.241377	.000000
2.13509	.241422	.000000
2.13553	.241392	.000000
2.13597	.241386	.000000
2.13641	.241411	.000000
2.13685	.241454	.000000
2.13729	.241486	.000000
2.13773	.241501	.000000
2.13817	.241490	.000000
2.13861	.241461	.000000
2.13905	.241470	.000000
2.1395	.241472	.000000
2.13994	.241488	.000000
2.14038	.241477	.000000
2.14082	.241497	.000000
2.14126	.241529	.000000
2.1417	.241547	.000000
2.14215	.241556	.000000
2.14259	.241576	.000000
2.14303	.241552	.000000
2.14348	.241527	.000000
2.14392	.241535	.000000
2.14436	.241560	.000000
2.14481	.241556	.000000
2.14525	.241535	.000000
2.14569	.241556	.000000
2.14614	.241497	.000000
2.14658	.241460	.000000
2.14703	.241469	.000000
2.14747	.241565	.000000
2.14792	.241629	.000000
2.14836	.241665	.000000
2.14881	.241677	.000000
2.14925	.241722	.000000
2.1497	.241768	.000000
2.15014	.241765	.000000
2.15059	.241710	.000000
2.15103	.241685	.000000
2.15148	.241704	.000000
2.15193	.241670	.000000
2.15237	.241692	.000000
2.15282	.241717	.000000
2.15327	.241724	.000000
2.15371	.241788	.000000
2.15416	.241858	.000000
2.15461	.241840	.000000
2.15506	.241713	.000000
2.15551	.241686	.000000
2.15595	.241786	.000000
2.1564	.241799	.000000
2.15685	.241802	.000000
2.1573	.241863	.000000
2.15775	.241804	.000000
2.1582	.241715	.000000
2.15865	.241742	.000000
2.1591	.241856	.000000
2.15955	.241942	.000000
2.16	.241922	.000000
2.16045	.241849	.000000
2.1609	.241847	.000000
2.16135	.241897	.000000
2.1618	.241974	.000000
2.16225	.241956	.000000
2.1627	.241876	.000000
2.16315	.241879	.000000
2.1636	.241913	.000000
2.16405	.241902	.000000
2.1645	.241958	.000000
2.16496	.241977	.000000
2.16541	.241929	.000000
2.16586	.241851	.000000
2.16631	.241852	.000000
2.16677	.241960	.000000
2.16722	.242042	.000000
2.16767	.242099	.000000
2.16813	.242067	.000000
2.16858	.242070	.000000
2.16903	.242074	.000000
2.16949	.242031	.000000
2.16994	.242001	.000000
2.17039	.242006	.000000
2.17085	.242010	.000000
2.1713	.242042	.000000
2.17176	.242035	.000000
2.17221	.242052	.000000
2.17267	.242068	.000000
2.17312	.242026	.000000
2.17358	.242040	.000000
2.17403	.242085	.000000
2.17449	.242151	.000000
2.17495	.242163	.000000
2.1754	.242195	.000000
2.17586	.242172	.000000
2.17632	.242140	.000000
2.17677	.242138	.000000
2.17723	.242167	.000000
2.17769	.242211	.000000
2.17814	.242256	.000000
2.1786	.242268	.000000
2.17906	.242202	.000000
2.17952	.242152	.000000
2.17998	.242204	.000000
2.18043	.242226	.000000
2.18089	.242204	.000000
2.18135	.242220	.000000
2.18181	.242190	.000000
2.18227	.242170	.000000
2.18273	.242209	.000000
2.18319	.242267	.000000
2.18365	.242267	.000000
2.18411	.242301	.000000
2.18457	.242334	.000000
2.18503	.242297	.000000
2.18549	.242301	.000000
2.18595	.242351	.000000
2.18641	.242401	.000000
2.18687	.242363	.000000
2.18733	.242361	.000000
2.18779	.242377	.000000
2.18826	.242342	.000000
2.18872	.242345	.000000
2.18918	.242324	.000000
2.18964	.242261	.000000
2.1901	.242301	.000000
2.19057	.242356	.000000
2.19103	.242413	.000000
2.19149	.242445	.000000
2.19196	.242424	.000000
2.19242	.242401	.000000
2.19288	.242447	.000000
2.19335	.242463	.000000
2.19381	.242467	.000000
2.19428	.242474	.000000
2.19474	.242431	.000000
2.1952	.242427	.000000
2.19567	.242488	.000000
2.19613	.242595	.000000
2.1966	.242681	.000000
2.19707	.242649	.000000
2.19753	.242602	.000000
2.198	.242586	.000000
2.19846	.242549	.000000
2.19893	.242536	.000000
2.1994	.242542	.000000
2.19986	.242586	.000000
2.20033	.242663	.000000
2.2008	.242668	.000000
2.20126	.242595	.000000
2.20173	.242540	.000000
2.2022	.242559	.000000
2.20267	.242626	.000000
2.20313	.242672	.000000
2.2036	.242706	.000000
2.20407	.242697	.000000
2.20454	.242672	.000000
2.20501	.242742	.000000
2.20548	.242776	.000000
2.20595	.242763	.000000
2.20641	.242774	.000000
2.20688	.242799	.000000
2.20735	.242793	.000000
2.20782	.242777	.000000
2.20829	.242781	.000000
2.20876	.242776	.000000
2.20924	.242840	.000000
2.20971	.242838	.000000
2.21018	.242797	.000000
2.21065	.242751	.000000
2.21112	.242745	.000000
2.21159	.242786	.000000
2.21206	.242840	.000000
2.21254	.242884	.000000
2.21301	.242826	.000000
2.21348	.242872	.000000
2.21395	.242917	.000000
2.21442	.242918	.000000
2.2149	.243015	.000000
2.21537	.243050	.000000
2.21584	.242938	.000000
2.21632	.242852	.000000
2.21679	.242974	.000000
2.21727	.243022	.000000
2.21774	.242974	.000000
2.21821	.243006	.000000
2.21869	.243081	.000000
2.21916	.243075	.000000
2.21964	.243022	.000000
2.22011	.243029	.000000
2.22059	.243061	.000000
2.22107	.243056	.000000
2.22154	.243002	.000000
2.22202	.242990	.000000
2.22249	.243034	.000000
2.22297	.243052	.000000
2.22345	.243038	.000000
2.22392	.243045	.000000
2.2244	.243117	.000000
2.22488	.243154	.000000
2.22535	.243184	.000000
2.22583	.243217	.000000
2.22631	.243183	.000000
2.22679	.243145	.000000
2.22727	.243193	.000000
2.22775	.243200	.000000
2.22822	.243174	.000000
2.2287	.243168	.000000
2.22918	.243220	.000000
2.22966	.243270	.000000
2.23014	.243288	.000000
2.23062	.243259	.000000
2.2311	.243267	.000000
2.23158	.243347	.000000
2.23206	.243340	.000000
2.23254	.243334	.000000
2.23302	.243370	.000000
2.2335	.243384	.000000
2.23398	.243336	.000000
2.23447	.243347	.000000
2.23495	.243395	.000000
2.23543	.243374	.000000
2.23591	.243359	.000000
2.23639	.243368	.000000
2.23688	.243356	.000000
2.23736	.243358	.000000
2.23784	.243399	.000000
2.23832	.243420	.000000
2.23881	.243454	.000000
2.23929	.243497	.000000
2.23977	.243488	.000000
2.24026	.243461	.000000
2.24074	.243500	.000000
2.24123	.243550	.000000
2.24171	.243543	.000000
2.2422	.243579	.000000
2.24268	.243556	.000000
2.24317	.243522	.000000
2.24365	.243583	.000000
2.24414	.243599	.000000
2.24462	.243604	.000000
2.24511	.243561	.000000
2.24559	.243584	.000000
2.24608	.243624	.000000
2.24657	.243641	.000000
2.24705	.243636	.000000
2.24754	.243629	.000000
2.24803	.243699	.000000
2.24852	.243747	.000000
2.249	.243711	.000000
2.24949	.243736	.000000
2.24998	.243729	.000000
2.25047	.243740	.000000
2.25096	.243770	.000000
2.25145	.243777	.000000
2.25194	.243786	.000000
2.25242	.243795	.000000
2.25291	.243825	.000000
2.2534	.243808	.000000
2.25389	.243815	.000000
2.25438	.243804	.000000
2.25487	.243834	.000000
2.25536	.243843	.000000
2.25585	.243836	.000000
2.25635	.243836	.000000
2.25684	.243804	.000000
2.25733	.243806	.000000
2.25782	.243843	.000000
2.25831	.243902	.000000
2.2588	.243897	.000000
2.25929	.243947	.000000
2.25979	.243990	.000000
2.26028	.244036	.000000
2.26077	.244056	.000000
2.26127	.244020	.000000
2.26176	.244015	.000000
2.26225	.244061	.000000
2.26275	.244088	.000000
2.26324	.244086	.000000
2.26373	.244102	.000000
2.26423	.244081	.000000
2.26472	.244125	.000000
2.26522	.244199	.000000
2.26571	.244240	.000000
2.26621	.244241	.000000
2.2667	.244211	.000000
2.2672	.244252	.000000
2.26769	.244263	.000000
2.26819	.244216	.000000
2.26869	.244209	.000000
2.26918	.244277	.000000
2.26968	.244302	.000000
2.27018	.244275	.000000
2.27067	.244286	.000000
2.27117	.244286	.000000
2.27167	.244288	.000000
2.27217	.244297	.000000
2.27266	.244332	.000000
2.27316	.244356	.000000
2.27366	.244325	.000000
2.27416	.244411	.000000
2.27466	.244504	.000000
2.27516	.244495	.000000
2.27566	.244445	.000000
2.27616	.244386	.000000
2.27666	.244381	.000000
2.27716	.244436	.000000
2.27766	.244522	.000000
2.27816	.244566	.000000
2.27866	.244554	.000000
2.27916	.244520	.000000
2.27966	.244520	.000000
2.28016	.244552	.000000
2.28066	.244565	.000000
2.28116	.244557	.000000
2.28167	.244554	.000000
2.28217	.244599	.000000
2.28267	.244641	.000000
2.28317	.244602	.000000
2.28368	.244665	.000000
2.28418	.244772	.000000
2.28468	.244800	.000000
2.28518	.244738	.000000
2.28569	.244672	.000000
2.28619	.244706	.000000
2.2867	.244724	.000000
2.2872	.244754	.000000
2.28771	.244765	.000000
2.28821	.244790	.000000
2.28872	.244809	.000000
2.28922	.244795	.000000
2.28973	.244813	.000000
2.29023	.244877	.000000
2.29074	.244882	.000000
2.29124	.244888	.000000
2.29175	.244863	.000000
2.29226	.244809	.000000
2.29276	.244877	.000000
2.29327	.244938	.000000
2.29378	.244916	.000000
2.29429	.244891	.000000
2.29479	.244879	.000000
2.2953	.244898	.000000
2.29581	.244990	.000000
2.29632	.244986	.000000
2.29683	.244931	.000000
2.29734	.244972	.000000
2.29784	.245031	.000000
2.29835	.245068	.000000
2.29886	.245068	.000000
2.29937	.245093	.000000
2.29988	.245184	.000000
2.30039	.245227	.000000
2.3009	.245150	.000000
2.30141	.245136	.000000
2.30193	.245122	.000000
2.30244	.245109	.000000
2.30295	.245165	.000000
2.30346	.245254	.000000
2.30397	.245302	.000000
2.30448	.245272	.000000
2.305	.245256	.000000
2.30551	.245336	.000000
2.30602	.245340	.000000
2.30653	.245259	.000000
2.30705	.245322	.000000
2.30756	.245395	.000000
2.30807	.245441	.000000
2.30859	.245440	.000000
2.3091	.245456	.000000
2.30962	.245491	.000000
2.31013	.245532	.000000
2.31065	.245522	.000000
2.31116	.245497	.000000
2.31168	.245465	.000000
2.31219	.245459	.000000
2.31271	.245532	.000000
2.31322	.245632	.000000
2.31374	.245616	.000000
2.31425	.245597	.000000
2.31477	.245620	.000000
2.31529	.245681	.000000
2.3158	.245681	.000000
2.31632	.245695	.000000
2.31684	.245688	.000000
2.31736	.245668	.000000
2.31788	.245691	.000000
2.31839	.245743	.000000
2.31891	.245729	.000000
2.31943	.245723	.000000
2.31995	.245814	.000000
2.32047	.245870	.000000
2.32099	.245823	.000000
2.32151	.245802	.000000
2.32203	.245845	.000000
2.32255	.245848	.000000
2.32307	.245807	.000000
2.32359	.245857	.000000
2.32411	.245898	.000000
2.32463	.245970	.000000
2.32515	.246023	.000000
2.32567	.245972	.000000
2.3262	.245957	.000000
2.32672	.245993	.000000
2.32724	.245989	.000000
2.32776	.245916	.000000
2.32828	.245939	.000000
2.32881	.245993	.000000
2.32933	.245975	.000000
2.32985	.246000	.000000
2.33038	.246073	.000000
2.3309	.246156	.000000
2.33143	.246175	.000000
2.33195	.246227	.000000
2.33247	.246238	.000000
2.333	.246261	.000000
2.33352	.246223	.000000
2.33405	.246211	.000000
2.33457	.246198	.000000
2.3351	.246204	.000000
2.33563	.246272	.000000
2.33615	.246318	.000000
2.33668	.246388	.000000
2.33721	.246438	.000000
2.33773	.246400	.000000
2.33826	.246380	.000000
2.33879	.246434	.000000
2.33931	.246459	.000000
2.33984	.246455	.000000
2.34037	.246489	.000000
2.3409	.246475	.000000
2.34143	.246464	.000000
2.34196	.246452	.000000
2.34249	.246464	.000000
2.34301	.246514	.000000
2.34354	.246518	.000000
2.34407	.246564	.000000
2.3446	.246620	.000000
2.34513	.246648	.000000
2.34566	.246643	.000000
2.3462	.246600	.000000
2.34673	.246568	.000000
2.34726	.246593	.000000
2.34779	.246639	.000000
2.34832	.246654	.000000
2.34885	.246695	.000000
2.34938	.246693	.000000
2.34992	.246723	.000000
2.35045	.246813	.000000
2.35098	.246888	.000000
2.35152	.246868	.000000
2.35205	.246818	.000000
2.35258	.246854	.000000
2.35312	.246857	.000000
2.35365	.246884	.000000
2.35419	.246939	.000000
2.35472	.246977	.000000
2.35525	.247007	.000000
2.35579	.247052	.000000
2.35632	.247055	.000000
2.35686	.247000	.000000
2.3574	.246963	.000000
2.35793	.246993	.000000
2.35847	.247070	.000000
2.35901	.247130	.000000
2.35954	.247096	.000000
2.36008	.247075	.000000
2.36062	.247182	.000000
2.36115	.247157	.000000
2.36169	.247113	.000000
2.36223	.247154	.000000
2.36277	.247248	.000000
2.36331	.247313	.000000
2.36384	.247277	.000000
2.36438	.247282	.000000
2.36492	.247323	.000000
2.36546	.247318	.000000
2.366	.247314	.000000
2.36654	.247330	.000000
2.36708	.247309	.000000
2.36762	.247321	.000000
2.36816	.247327	.000000
2.3687	.247325	.000000
2.36925	.247370	.000000
2.36979	.247416	.000000
2.37033	.247448	.000000
2.37087	.247509	.000000
2.37141	.247562	.000000
2.37196	.247518	.000000
2.3725	.247464	.000000
2.37304	.247504	.000000
2.37358	.247514	.000000
2.37413	.247527	.000000
2.37467	.247509	.000000
2.37522	.247518	.000000
2.37576	.247593	.000000
2.3763	.247621	.000000
2.37685	.247575	.000000
2.37739	.247639	.000000
2.37794	.247770	.000000
2.37848	.247770	.000000
2.37903	.247734	.000000
2.37958	.247737	.000000
2.38012	.247737	.000000
2.38067	.247707	.000000
2.38122	.247736	.000000
2.38176	.247755	.000000
2.38231	.247737	.000000
2.38286	.247802	.000000
2.3834	.247812	.000000
2.38395	.247834	.000000
2.3845	.247879	.000000
2.38505	.247873	.000000
2.3856	.247932	.000000
2.38615	.247950	.000000
2.3867	.247977	.000000
2.38724	.247962	.000000
2.38779	.247946	.000000
2.38834	.247957	.000000
2.38889	.247957	.000000
2.38945	.248002	.000000
2.39	.248093	.000000
2.39055	.248070	.000000
2.3911	.248052	.000000
2.39165	.247995	.000000
2.3922	.248020	.000000
2.39275	.248027	.000000
2.39331	.248032	.000000
2.39386	.248102	.000000
2.39441	.248162	.000000
2.39496	.248186	.000000
2.39552	.248193	.000000
2.39607	.248225	.000000
2.39663	.248261	.000000
2.39718	.248286	.000000
2.39773	.248284	.000000
2.39829	.248327	.000000
2.39884	.248350	.000000
2.3994	.248350	.000000
2.39995	.248355	.000000
2.40051	.248330	.000000
2.40106	.248346	.000000
2.40162	.248421	.000000
2.40218	.248462	.000000
2.40273	.248486	.000000
2.40329	.248505	.000000
2.40385	.248564	.000000
2.4044	.248582	.000000
2.40496	.248559	.000000
2.40552	.248566	.000000
2.40608	.248541	.000000
2.40664	.248577	.000000
2.4072	.248625	.000000
2.40775	.248589	.000000
2.40831	.248623	.000000
2.40887	.248687	.000000
2.40943	.248670	.000000
2.40999	.248759	.000000
2.41055	.248834	.000000
2.41111	.248819	.000000
2.41167	.248802	.000000
2.41223	.248753	.000000
2.4128	.248745	.000000
2.41336	.248771	.000000
2.41392	.248830	.000000
2.41448	.248875	.000000
2.41504	.248862	.000000
2.41561	.248873	.000000
2.41617	.248898	.000000
2.41673	.248905	.000000
2.4173	.248882	.000000
2.41786	.248882	.000000
2.41842	.248977	.000000
2.41899	.249066	.000000
2.41955	.249066	.000000
2.42012	.249025	.000000
2.42068	.249025	.000000
2.42125	.248998	.000000
2.42181	.249027	.000000
2.42238	.249037	.000000
2.42294	.249012	.000000
2.42351	.249114	.000000
2.42408	.249205	.000000
2.42464	.249112	.000000
2.42521	.249093	.000000
2.42578	.249134	.000000
2.42635	.249159	.000000
2.42691	.249186	.000000
2.42748	.249241	.000000
2.42805	.249344	.000000
2.42862	.249352	.000000
2.42919	.249286	.000000
2.42976	.249257	.000000
2.43033	.249268	.000000
2.4309	.249311	.000000
2.43147	.249377	.000000
2.43204	.249398	.000000
2.43261	.249391	.000000
2.43318	.249419	.000000
2.43375	.249412	.000000
2.43432	.249444	.000000
2.43489	.249491	.000000
2.43546	.249464	.000000
2.43604	.249443	.000000
2.43661	.249452	.000000
2.43718	.249448	.000000
2.43775	.249496	.000000
2.43833	.249552	.000000
2.4389	.249548	.000000
2.43947	.249550	.000000
2.44005	.249571	.000000
2.44062	.249693	.000000
2.4412	.249732	.000000
2.44177	.249662	.000000
2.44235	.249652	.000000
2.44292	.249693	.000000
2.4435	.249723	.000000
2.44407	.249753	.000000
2.44465	.249773	.000000
2.44523	.249769	.000000
2.4458	.249752	.000000
2.44638	.249794	.000000
2.44696	.249823	.000000
2.44754	.249839	.000000
2.44811	.249935	.000000
2.44869	.249975	.000000
2.44927	.249939	.000000
2.44985	.249927	.000000
2.45043	.249916	.000000
2.45101	.249971	.000000
2.45159	.250053	.000000
2.45217	.250046	.000000
2.45275	.250041	.000000
2.45333	.250037	.000000
2.45391	.250044	.000000
2.45449	.250050	.000000
2.45507	.250043	.000000
2.45565	.250109	.000000
2.45623	.250148	.000000
2.45681	.250193	.000000
2.4574	.250159	.000000
2.45798	.250176	.000000
2.45856	.250276	.000000
2.45914	.250300	.000000
2.45973	.250264	.000000
2.46031	.250326	.000000
2.46089	.250275	.000000
2.46148	.250278	.000000
2.46206	.250351	.000000
2.46265	.250346	.000000
2.46323	.250307	.000000
2.46382	.250325	.000000
2.4644	.250384	.000000
2.46499	.250393	.000000
2.46558	.250389	.000000
2.46616	.250471	.000000
2.46675	.250593	.000000
2.46734	.250609	.000000
2.46792	.250580	.000000
2.46851	.250651	.000000
2.4691	.250659	.000000
2.46969	.250637	.000000
2.47027	.250618	.000000
2.47086	.250639	.000000
2.47145	.250675	.000000
2.47204	.250732	.000000
2.47263	.250730	.000000
2.47322	.250675	.000000
2.47381	.250684	.000000
2.4744	.250693	.000000
2.47499	.250775	.000000
2.47558	.250826	.000000
2.47617	.250817	.000000
2.47677	.250796	.000000
2.47736	.250891	.000000
2.47795	.250960	.000000
2.47854	.250930	.000000
2.47913	.250930	.000000
2.47973	.250944	.000000
2.48032	.250909	.000000
2.48091	.250941	.000000
2.48151	.250955	.000000
2.4821	.251050	.000000
2.48269	.251085	.000000
2.48329	.251073	.000000
2.48388	.251142	.000000
2.48448	.251201	.000000
2.48507	.251255	.000000
2.48567	.251260	.000000
2.48627	.251251	.000000
2.48686	.251248	.000000
2.48746	.251194	.000000
2.48806	.251184	.000000
2.48865	.251257	.000000
2.48925	.251250	.000000
2.48985	.251269	.000000
2.49045	.251337	.000000
2.49104	.251330	.000000
2.49164	.251346	.000000
2.49224	.251339	.000000
2.49284	.251346	.000000
2.49344	.251446	.000000
2.49404	.251501	.000000
2.49464	.251526	.000000
2.49524	.251525	.000000
2.49584	.251546	.000000
2.49644	.251519	.000000
2.49704	.251469	.000000
2.49764	.251587	.000000
2.49825	.251698	.000000
2.49885	.251669	.000000
2.49945	.251658	.000000
2.50005	.251744	.000000
2.50066	.251789	.000000
2.50126	.251769	.000000
2.50186	.251766	.000000
2.50247	.251742	.000000
2.50307	.251708	.000000
2.50368	.251741	.000000
2.50428	.251841	.000000
2.50488	.251896	.000000
2.50549	.251841	.000000
2.5061	.251816	.000000
2.5067	.251782	.000000
2.50731	.251841	.000000
2.50791	.251935	.000000
2.50852	.252001	.000000
2.50913	.252030	.000000
2.50973	.252071	.000000
2.51034	.252098	.000000
2.51095	.252107	.000000
2.51156	.252130	.000000
2.51217	.252099	.000000
2.51278	.252030	.000000
2.51338	.252126	.000000
2.51399	.252241	.000000
2.5146	.252221	.000000
2.51521	.252196	.000000
2.51582	.252212	.000000
2.51643	.252285	.000000
2.51704	.252305	.000000
2.51766	.252321	.000000
2.51827	.252369	.000000
2.51888	.252437	.000000
2.51949	.252414	.000000
2.5201	.252460	.000000
2.52072	.252589	.000000
2.52133	.252621	.000000
2.52194	.252548	.000000
2.52256	.252512	.000000
2.52317	.252548	.000000
2.52378	.252578	.000000
2.5244	.252607	.000000
2.52501	.252592	.000000
2.52563	.252635	.000000
2.52624	.252699	.000000
2.52686	.252708	.000000
2.52747	.252701	.000000
2.52809	.252799	.000000
2.52871	.252883	.000000
2.52932	.252889	.000000
2.52994	.252848	.000000
2.53056	.252874	.000000
2.53118	.252865	.000000
2.53179	.252858	.000000
2.53241	.252914	.000000
2.53303	.252980	.000000
2.53365	.253028	.000000
2.53427	.253014	.000000
2.53489	.253085	.000000
2.53551	.253103	.000000
2.53613	.253153	.000000
2.53675	.253171	.000000
2.53737	.253137	.000000
2.53799	.253157	.000000
2.53861	.253176	.000000
2.53923	.253239	.000000
2.53986	.253269	.000000
2.54048	.253226	.000000
2.5411	.253219	.000000
2.54172	.253290	.000000
2.54235	.253387	.000000
2.54297	.253471	.000000
2.54359	.253485	.000000
2.54422	.253405	.000000
2.54484	.253415	.000000
2.54547	.253480	.000000
2.54609	.253540	.000000
2.54672	.253617	.000000
2.54734	.253589	.000000
2.54797	.253524	.000000
2.54859	.253564	.000000
2.54922	.253603	.000000
2.54985	.253644	.000000
2.55048	.253694	.000000
2.5511	.253735	.000000
2.55173	.253778	.000000
2.55236	.253835	.000000
2.55299	.253921	.000000
2.55362	.253967	.000000
2.55424	.253964	.000000
2.55487	.253981	.000000
2.5555	.254031	.000000
2.55613	.254073	.000000
2.55676	.254031	.000000
2.55739	.254058	.000000
2.55803	.254142	.000000
2.55866	.254151	.000000
2.55929	.254169	.000000
2.55992	.254167	.000000
2.56055	.254142	.000000
2.56118	.254171	.000000
2.56182	.254219	.000000
2.56245	.254297	.000000
2.56308	.254337	.000000
2.56372	.254369	.000000
2.56435	.254374	.000000
2.56499	.254356	.000000
2.56562	.254324	.000000
2.56625	.254444	.000000
2.56689	.254565	.000000
2.56753	.254599	.000000
2.56816	.254608	.000000
2.5688	.254540	.000000
2.56943	.254496	.000000
2.57007	.254608	.000000
2.57071	.254640	.000000
2.57135	.254612	.000000
2.57198	.254694	.000000
2.57262	.254808	.000000
2.57326	.254858	.000000
2.5739	.254842	.000000
2.57454	.254821	.000000
2.57518	.254851	.000000
2.57582	.254896	.000000
2.57646	.254913	.000000
2.5771	.254930	.000000
2.57774	.254937	.000000
2.57838	.254994	.000000
2.57902	.255096	.000000
2.57966	.255162	.000000
2.5803	.255099	.000000
2.58095	.255074	.000000
2.58159	.255212	.000000
2.58223	.255224	.000000
2.58287	.255172	.000000
2.58352	.255128	.000000
2.58416	.255233	.000000
2.58481	.255290	.000000
2.58545	.255278	.000000
2.5861	.255228	.000000
2.58674	.255180	.000000
2.58739	.255230	.000000
2.58803	.255374	.000000
2.58868	.255474	.000000
2.58932	.255469	.000000
2.58997	.255478	.000000
2.59062	.255487	.000000
2.59127	.255546	.000000
2.59191	.255546	.000000
2.59256	.255490	.000000
2.59321	.255522	.000000
2.59386	.255522	.000000
2.59451	.255547	.000000
2.59516	.255728	.000000
2.59581	.255772	.000000
2.59646	.255754	.000000
2.59711	.255803	.000000
2.59776	.255837	.000000
2.59841	.255819	.000000
2.59906	.255842	.000000
2.59971	.255867	.000000
2.60036	.255871	.000000
2.60101	.255903	.000000
2.60167	.255931	.000000
2.60232	.256021	.000000
2.60297	.256083	.000000
2.60363	.256022	.000000
2.60428	.255972	.000000
2.60493	.256040	.000000
2.60559	.256094	.000000
2.60624	.256204	.000000
2.6069	.256229	.000000
2.60756	.256245	.000000
2.60821	.256263	.000000
2.60887	.256238	.000000
2.60952	.256220	.000000
2.61018	.256272	.000000
2.61084	.256310	.000000
2.6115	.256363	.000000
2.61215	.256381	.000000
2.61281	.256392	.000000
2.61347	.256487	.000000
2.61413	.256531	.000000
2.61479	.256531	.000000
2.61545	.256467	.000000
2.61611	.256487	.000000
2.61677	.256556	.000000
2.61743	.256622	.000000
2.61809	.256790	.000000
2.61875	.256817	.000000
2.61941	.256717	.000000
2.62007	.256658	.000000
2.62074	.256683	.000000
2.6214	.256749	.000000
2.62206	.256776	.000000
2.62272	.256836	.000000
2.62339	.256858	.000000
2.62405	.256920	.000000
2.62472	.256904	.000000
2.62538	.256826	.000000
2.62604	.256817	.000000
2.62671	.256833	.000000
2.62738	.256899	.000000
2.62804	.256979	.000000
2.62871	.257051	.000000
2.62937	.257065	.000000
2.63004	.257029	.000000
2.63071	.257020	.000000
2.63138	.257169	.000000
2.63204	.257269	.000000
2.63271	.257320	.000000
2.63338	.257310	.000000
2.63405	.257247	.000000
2.63472	.257183	.000000
2.63539	.257163	.000000
2.63606	.257204	.000000
2.63673	.257179	.000000
2.6374	.257286	.000000
2.63807	.257481	.000000
2.63874	.257467	.000000
2.63941	.257422	.000000
2.64009	.257394	.000000
2.64076	.257369	.000000
2.64143	.257386	.000000
2.6421	.257519	.000000
2.64278	.257527	.000000
2.64345	.257533	.000000
2.64412	.257547	.000000
2.6448	.257606	.000000
2.64547	.257615	.000000
2.64615	.257674	.000000
2.64682	.257724	.000000
2.6475	.257645	.000000
2.64818	.257563	.000000
2.64885	.257570	.000000
2.64953	.257624	.000000
2.65021	.257645	.000000
2.65088	.257640	.000000
2.65156	.257661	.000000
2.65224	.257622	.000000
2.65292	.257652	.000000
2.6536	.257767	.000000
2.65428	.257781	.000000
2.65496	.257758	.000000
2.65564	.257699	.000000
2.65632	.257656	.000000
2.657	.257626	.000000
2.65768	.257694	.000000
2.65836	.257752	.000000
2.65904	.257661	.000000
2.65972	.257619	.000000
2.6604	.257692	.000000
2.66109	.257727	.000000
2.66177	.257677	.000000
2.66245	.257649	.000000
2.66314	.257685	.000000
2.66382	.257667	.000000
2.66451	.257574	.000000
2.66519	.257599	.000000
2.66588	.257595	.000000
2.66656	.257438	.000000
2.66725	.257392	.000000
2.66793	.257340	.000000
2.66862	.257245	.000000
2.66931	.257069	.000000
2.67	.256594	.000000
2.67068	.256215	.000000
2.67137	.255953	.000000
2.67206	.255481	.000000
2.67275	.255031	.000000
2.67344	.254703	.000000
2.67413	.254576	.000000
2.67482	.254537	.000000
2.67551	.254467	.000000
2.6762	.254324	.000000
2.67689	.254281	.000000
2.67758	.254314	.000000
2.67827	.254255	.000000
2.67896	.254133	.000000
2.67965	.254110	.000000
2.68035	.254231	.000000
2.68104	.254226	.000000
2.68173	.254083	.000000
2.68243	.253921	.000000
2.68312	.253776	.000000
2.68382	.253710	.000000
2.68451	.253614	.000000
2.68521	.253558	.000000
2.6859	.253424	.000000
2.6866	.253330	.000000
2.68729	.253242	.000000
2.68799	.253033	.000000
2.68869	.252905	.000000
2.68938	.252803	.000000
2.69008	.252721	.000000
2.69078	.252626	.000000
2.69148	.252457	.000000
2.69218	.252396	.000000
2.69288	.252294	.000000
2.69358	.252096	.000000
2.69428	.252030	.000000
2.69498	.251848	.000000
2.69568	.251658	.000000
2.69638	.251562	.000000
2.69708	.251355	.000000
2.69778	.251225	.000000
2.69848	.251134	.000000
2.69918	.250878	.000000
2.69989	.250641	.000000
2.70059	.250389	.000000
2.70129	.250141	.000000
2.702	.250030	.000000
2.7027	.249866	.000000
2.70341	.249627	.000000
2.70411	.249437	.000000
2.70482	.249169	.000000
2.70552	.248950	.000000
2.70623	.248873	.000000
2.70694	.248612	.000000
2.70764	.248282	.000000
2.70835	.247987	.000000
2.70906	.247732	.000000
2.70977	.247486	.000000
2.71047	.247177	.000000
2.71118	.247016	.000000
2.71189	.246845	.000000
2.7126	.246588	.000000
2.71331	.246422	.000000
2.71402	.246193	.000000
2.71473	.246039	.000000
2.71544	.245966	.000000
2.71615	.245723	.000000
2.71686	.245418	.000000
2.71758	.245265	.000000
2.71829	.245061	.000000
2.719	.244802	.000000
2.71971	.244611	.000000
2.72043	.244384	.000000
2.72114	.244218	.000000
2.72186	.244063	.000000
2.72257	.243756	.000000
2.72329	.243392	.000000
2.724	.243133	.000000
2.72472	.242915	.000000
2.72543	.242665	.000000
2.72615	.242381	.000000
2.72687	.242151	.000000
2.72758	.241856	.000000
2.7283	.241640	.000000
2.72902	.241472	.000000
2.72974	.241102	.000000
2.73046	.240626	.000000
2.73118	.240308	.000000
2.7319	.240103	.000000
2.73262	.239744	.000000
2.73334	.239315	.000000
2.73406	.238956	.000000
2.73478	.238721	.000000
2.7355	.238419	.000000
2.73622	.238021	.000000
2.73694	.237658	.000000
2.73767	.237210	.000000
2.73839	.236717	.000000
2.73911	.236315	.000000
2.73984	.235880	.000000
2.74056	.235425	.000000
2.74128	.234941	.000000
2.74201	.234475	.000000
2.74273	.234107	.000000
2.74346	.233700	.000000
2.74419	.233194	.000000
2.74491	.232739	.000000
2.74564	.232341	.000000
2.74637	.231777	.000000
2.74709	.231302	.000000
2.74782	.230945	.000000
2.74855	.230466	.000000
2.74928	.230011	.000000
2.75001	.229586	.000000
2.75074	.229195	.000000
2.75147	.228900	.000000
2.7522	.228557	.000000
2.75293	.228082	.000000
2.75366	.227640	.000000
2.75439	.227331	.000000
2.75512	.226984	.000000
2.75585	.226647	.000000
2.75659	.226452	.000000
2.75732	.226168	.000000
2.75805	.225779	.000000
2.75879	.225467	.000000
2.75952	.225206	.000000
2.76026	.224988	.000000
2.76099	.224690	.000000
2.76173	.224335	.000000
2.76246	.223956	.000000
2.7632	.223731	.000000
2.76393	.223569	.000000
2.76467	.223363	.000000
2.76541	.223147	.000000
2.76615	.222912	.000000
2.76689	.222654	.000000
2.76762	.222380	.000000
2.76836	.222180	.000000
2.7691	.222006	.000000
2.76984	.221813	.000000
2.77058	.221639	.000000
2.77132	.221421	.000000
2.77206	.221155	.000000
2.7728	.221003	.000000
2.77355	.220856	.000000
2.77429	.220717	.000000
2.77503	.220553	.000000
2.77577	.220369	.000000
2.77652	.220189	.000000
2.77726	.220076	.000000
2.778	.219892	.000000
2.77875	.219639	.000000
2.77949	.219551	.000000
2.78024	.219501	.000000
2.78098	.219357	.000000
2.78173	.219132	.000000
2.78248	.218917	.000000
2.78322	.218807	.000000
2.78397	.218657	.000000
2.78472	.218485	.000000
2.78547	.218332	.000000
2.78621	.218217	.000000
2.78696	.218196	.000000
2.78771	.218098	.000000
2.78846	.217898	.000000
2.78921	.217776	.000000
2.78996	.217682	.000000
2.79071	.217539	.000000
2.79146	.217401	.000000
2.79222	.217196	.000000
2.79297	.217073	.000000
2.79372	.217035	.000000
2.79447	.216869	.000000
2.79523	.216709	.000000
2.79598	.216644	.000000
2.79673	.216484	.000000
2.79749	.216337	.000000
2.79824	.216221	.000000
2.799	.216125	.000000
2.79975	.216019	.000000
2.80051	.215868	.000000
2.80127	.215752	.000000
2.80202	.215587	.000000
2.80278	.215405	.000000
2.80354	.215246	.000000
2.8043	.215191	.000000
2.80506	.215207	.000000
2.80582	.215114	.000000
2.80657	.214941	.000000
2.80733	.214816	.000000
2.80809	.214662	.000000
2.80886	.214491	.000000
2.80962	.214338	.000000
2.81038	.214296	.000000
2.81114	.214191	.000000
2.8119	.214113	.000000
2.81266	.214016	.000000
2.81343	.213943	.000000
2.81419	.213934	.000000
2.81496	.213804	.000000
2.81572	.213684	.000000
2.81648	.213561	.000000
2.81725	.213463	.000000
2.81802	.213416	.000000
2.81878	.213348	.000000
2.81955	.213261	.000000
2.82031	.213200	.000000
2.82108	.213182	.000000
2.82185	.213059	.000000
2.82262	.212916	.000000
2.82339	.212936	.000000
2.82416	.212947	.000000
2.82492	.212839	.000000
2.82569	.212702	.000000
2.82646	.212607	.000000
2.82724	.212600	.000000
2.82801	.212582	.000000
2.82878	.212522	.000000
2.82955	.212463	.000000
2.83032	.212466	.000000
2.83109	.212486	.000000
2.83187	.212548	.000000
2.83264	.212466	.000000
2.83342	.212388	.000000
2.83419	.212470	.000000
2.83497	.212436	.000000
2.83574	.212313	.000000
2.83652	.212318	.000000
2.83729	.212334	.000000
2.83807	.212382	.000000
2.83885	.212411	.000000
2.83962	.212372	.000000
2.8404	.212315	.000000
2.84118	.212236	.000000
2.84196	.212220	.000000
2.84274	.212195	.000000
2.84352	.212240	.000000
2.8443	.212240	.000000
2.84508	.212222	.000000
2.84586	.212248	.000000
2.84664	.212277	.000000
2.84742	.212170	.000000
2.8482	.212079	.000000
2.84898	.212054	.000000
2.84977	.212018	.000000
2.85055	.212000	.000000
2.85133	.212011	.000000
2.85212	.211954	.000000
2.8529	.211907	.000000
2.85369	.211956	.000000
2.85447	.211895	.000000
2.85526	.211843	.000000
2.85605	.211856	.000000
2.85683	.211831	.000000
2.85762	.211816	.000000
2.85841	.211729	.000000
2.8592	.211627	.000000
2.85999	.211584	.000000
2.86077	.211563	.000000
2.86156	.211543	.000000
2.86235	.211545	.000000
2.86314	.211499	.000000
2.86393	.211436	.000000
2.86473	.211395	.000000
2.86552	.211363	.000000
2.86631	.211325	.000000
2.8671	.211406	.000000
2.86789	.211400	.000000
2.86869	.211299	.000000
2.86948	.211290	.000000
2.87028	.211268	.000000
2.87107	.211288	.000000
2.87187	.211284	.000000
2.87266	.211229	.000000
2.87346	.211097	.000000
2.87425	.211115	.000000
2.87505	.211102	.000000
2.87585	.211031	.000000
2.87665	.211016	.000000
2.87744	.211081	.000000
2.87824	.211050	.000000
2.87904	.211056	.000000
2.87984	.211066	.000000
2.88064	.211084	.000000
2.88144	.211074	.000000
2.88224	.211070	.000000
2.88304	.210991	.000000
2.88385	.210925	.000000
2.88465	.210931	.000000
2.88545	.210841	.000000
2.88625	.210731	.000000
2.88706	.210816	.000000
2.88786	.210874	.000000
2.88867	.210856	.000000
2.88947	.210786	.000000
2.89028	.210754	.000000
2.89108	.210816	.000000
2.89189	.210834	.000000
2.8927	.210795	.000000
2.8935	.210772	.000000
2.89431	.210786	.000000
2.89512	.210754	.000000
2.89593	.210758	.000000
2.89674	.210718	.000000
2.89755	.210702	.000000
2.89836	.210668	.000000
2.89917	.210688	.000000
2.89998	.210758	.000000
2.90079	.210779	.000000
2.9016	.210770	.000000
2.90241	.210741	.000000
2.90322	.210716	.000000
2.90404	.210643	.000000
2.90485	.210641	.000000
2.90567	.210658	.000000
2.90648	.210647	.000000
2.90729	.210734	.000000
2.90811	.210793	.000000
2.90893	.210741	.000000
2.90974	.210720	.000000
2.91056	.210658	.000000
2.91138	.210572	.000000
2.91219	.210547	.000000
2.91301	.210590	.000000
2.91383	.210572	.000000
2.91465	.210541	.000000
2.91547	.210611	.000000
2.91629	.210674	.000000
2.91711	.210738	.000000
2.91793	.210774	.000000
2.91875	.210766	.000000
2.91957	.210747	.000000
2.92039	.210825	.000000
2.92122	.210877	.000000
2.92204	.210815	.000000
2.92286	.210779	.000000
2.92369	.210783	.000000
2.92451	.210809	.000000
2.92534	.210820	.000000
2.92616	.210809	.000000
2.92699	.210763	.000000
2.92782	.210674	.000000
2.92864	.210741	.000000
2.92947	.210791	.000000
2.9303	.210840	.000000
2.93113	.210861	.000000
2.93195	.210931	.000000
2.93278	.211015	.000000
2.93361	.211029	.000000
2.93444	.211011	.000000
2.93527	.211031	.000000
2.93611	.211088	.000000
2.93694	.211090	.000000
2.93777	.211084	.000000
2.9386	.211086	.000000
2.93943	.211083	.000000
2.94027	.211070	.000000
2.9411	.211193	.000000
2.94194	.211302	.000000
2.94277	.211259	.000000
2.94361	.211216	.000000
2.94444	.211279	.000000
2.94528	.211213	.000000
2.94612	.211245	.000000
2.94695	.211297	.000000
2.94779	.211382	.000000
2.94863	.211497	.000000
2.94947	.211581	.000000
2.95031	.211591	.000000
2.95115	.211563	.000000
2.95199	.211591	.000000
2.95283	.211620	.000000
2.95367	.211643	.000000
2.95451	.211709	.000000
2.95535	.211732	.000000
2.95619	.211670	.000000
2.95704	.211711	.000000
2.95788	.211775	.000000
2.95872	.211795	.000000
2.95957	.211918	.000000
2.96041	.212009	.000000
2.96126	.212040	.000000
2.96211	.211998	.000000
2.96295	.212057	.000000
2.9638	.212145	.000000
2.96465	.212252	.000000
2.96549	.212266	.000000
2.96634	.212273	.000000
2.96719	.212315	.000000
2.96804	.212322	.000000
2.96889	.212347	.000000
2.96974	.212522	.000000
2.97059	.212554	.000000
2.97144	.212541	.000000
2.97229	.212675	.000000
2.97315	.212750	.000000
2.974	.212745	.000000
2.97485	.212772	.000000
2.97571	.212911	.000000
2.97656	.213013	.000000
2.97741	.213006	.000000
2.97827	.213043	.000000
2.97913	.213139	.000000
2.97998	.213286	.000000
2.98084	.213377	.000000
2.9817	.213372	.000000
2.98255	.213402	.000000
2.98341	.213464	.000000
2.98427	.213514	.000000
2.98513	.213541	.000000
2.98599	.213495	.000000
2.98685	.213530	.000000
2.98771	.213613	.000000
2.98857	.213639	.000000
2.98943	.213709	.000000
2.99029	.213918	.000000
2.99116	.214011	.000000
2.99202	.213961	.000000
2.99288	.213998	.000000
2.99375	.214077	.000000
2.99461	.214120	.000000
2.99548	.214225	.000000
2.99634	.214346	.000000
2.99721	.214518	.000000
2.99807	.214566	.000000
2.99894	.214587	.000000
2.99981	.214682	.000000
3.00068	.214714	.000000
3.00155	.214816	.000000
3.00241	.214927	.000000
3.00328	.214971	.000000
3.00415	.215109	.000000
3.00503	.215170	.000000
3.0059	.215178	.000000
3.00677	.215214	.000000
3.00764	.215277	.000000
3.00851	.215396	.000000
3.00939	.215584	.000000
3.01026	.215641	.000000
3.01113	.215646	.000000
3.01201	.215736	.000000
3.01288	.215862	.000000
3.01376	.215886	.000000
3.01463	.215909	.000000
3.01551	.215977	.000000
3.01639	.216062	.000000
3.01727	.216161	.000000
3.01814	.216219	.000000
3.01902	.216225	.000000
3.0199	.216341	.000000
3.02078	.216371	.000000
3.02166	.216425	.000000
3.02254	.216459	.000000
3.02342	.216577	.000000
3.02431	.216639	.000000
3.02519	.216709	.000000
3.02607	.216848	.000000
3.02696	.216869	.000000
3.02784	.217005	.000000
3.02872	.217178	.000000
3.02961	.217200	.000000
3.03049	.217155	.000000
3.03138	.217200	.000000
3.03227	.217282	.000000
3.03315	.217343	.000000
3.03404	.217435	.000000
3.03493	.217460	.000000
3.03582	.217525	.000000
3.03671	.217684	.000000
3.0376	.217789	.000000
3.03849	.217776	.000000
3.03938	.217805	.000000
3.04027	.217875	.000000
3.04116	.217910	.000000
3.04205	.217946	.000000
3.04294	.217998	.000000
3.04384	.218148	.000000
3.04473	.218259	.000000
3.04562	.218328	.000000
3.04652	.218357	.000000
3.04741	.218491	.000000
3.04831	.218564	.000000
3.04921	.218567	.000000
3.0501	.218587	.000000
3.051	.218648	.000000
3.0519	.218778	.000000
3.0528	.218898	.000000
3.0537	.218966	.000000
3.0546	.218944	.000000
3.0555	.218883	.000000
3.0564	.218950	.000000
3.0573	.219057	.000000
3.0582	.219182	.000000
3.0591	.219283	.000000
3.06	.219255	.000000
3.06091	.219287	.000000
3.06181	.219442	.000000
3.06272	.219483	.000000
3.06362	.219492	.000000
3.06453	.219619	.000000
3.06543	.219673	.000000
3.06634	.219714	.000000
3.06725	.219830	.000000
3.06815	.219873	.000000
3.06906	.219965	.000000
3.06997	.220082	.000000
3.07088	.220049	.000000
3.07179	.220051	.000000
3.0727	.220174	.000000
3.07361	.220258	.000000
3.07452	.220410	.000000
3.07543	.220465	.000000
3.07634	.220448	.000000
3.07726	.220523	.000000
3.07817	.220619	.000000
3.07909	.220714	.000000
3.08	.220660	.000000
3.08092	.220723	.000000
3.08183	.220835	.000000
3.08275	.220949	.000000
3.08366	.221033	.000000
3.08458	.221044	.000000
3.0855	.221092	.000000
3.08642	.221194	.000000
3.08734	.221337	.000000
3.08826	.221472	.000000
3.08918	.221581	.000000
3.0901	.221694	.000000
3.09102	.221694	.000000
3.09194	.221669	.000000
3.09286	.221751	.000000
3.09378	.221714	.000000
3.09471	.221746	.000000
3.09563	.221883	.000000
3.09655	.221971	.000000
3.09748	.222024	.000000
3.09841	.222135	.000000
3.09933	.222194	.000000
3.10026	.222276	.000000
3.10119	.222388	.000000
3.10211	.222481	.000000
3.10304	.222485	.000000
3.10397	.222551	.000000
3.1049	.222760	.000000
3.10583	.222933	.000000
3.10676	.223053	.000000
3.10769	.223129	.000000
3.10862	.223072	.000000
3.10956	.223078	.000000
3.11049	.223176	.000000
3.11142	.223276	.000000
3.11236	.223383	.000000
3.11329	.223438	.000000
3.11422	.223579	.000000
3.11516	.223742	.000000
3.1161	.223747	.000000
3.11703	.223808	.000000
3.11797	.223990	.000000
3.11891	.224111	.000000
3.11985	.224224	.000000
3.12079	.224344	.000000
3.12172	.224424	.000000
3.12266	.224452	.000000
3.12361	.224579	.000000
3.12455	.224706	.000000
3.12549	.224752	.000000
3.12643	.224863	.000000
3.12737	.224867	.000000
3.12832	.224883	.000000
3.12926	.225013	.000000
3.13021	.225211	.000000
3.13115	.225388	.000000
3.1321	.225476	.000000
3.13304	.225640	.000000
3.13399	.225658	.000000
3.13494	.225699	.000000
3.13589	.225852	.000000
3.13683	.226006	.000000
3.13778	.226026	.000000
3.13873	.226065	.000000
3.13968	.226211	.000000
3.14063	.226363	.000000
3.14159	.226467	.000000
3.14254	.226574	.000000
3.14349	.226640	.000000
3.14444	.226713	.000000
3.1454	.226761	.000000
3.14635	.226875	.000000
3.14731	.227068	.000000
3.14826	.227181	.000000
3.14922	.227243	.000000
3.15018	.227263	.000000
3.15113	.227340	.000000
3.15209	.227443	.000000
3.15305	.227493	.000000
3.15401	.227625	.000000
3.15497	.227763	.000000
3.15593	.227822	.000000
3.15689	.227857	.000000
3.15785	.227952	.000000
3.15881	.228095	.000000
3.15977	.228309	.000000
3.16074	.228470	.000000
3.1617	.228495	.000000
3.16267	.228606	.000000
3.16363	.228748	.000000
3.1646	.228870	.000000
3.16556	.228959	.000000
3.16653	.229031	.000000
3.1675	.229145	.000000
3.16846	.229164	.000000
3.16943	.229218	.000000
3.1704	.229300	.000000
3.17137	.229450	.000000
3.17234	.229556	.000000
3.17331	.229572	.000000
3.17428	.229736	.000000
3.17525	.229970	.000000
3.17623	.230102	.000000
3.1772	.230120	.000000
3.17817	.230143	.000000
3.17915	.230207	.000000
3.18012	.230309	.000000
3.1811	.230516	.000000
3.18208	.230702	.000000
3.18305	.230732	.000000
3.18403	.230764	.000000
3.18501	.230877	.000000
3.18599	.231068	.000000
3.18696	.231318	.000000
3.18794	.231421	.000000
3.18893	.231471	.000000
3.18991	.231575	.000000
3.19089	.231595	.000000
3.19187	.231596	.000000
3.19285	.231802	.000000
3.19384	.231932	.000000
3.19482	.232057	.000000
3.19581	.232153	.000000
3.19679	.232253	.000000
3.19778	.232428	.000000
3.19876	.232580	.000000
3.19975	.232718	.000000
3.20074	.232725	.000000
3.20173	.232789	.000000
3.20271	.232937	.000000
3.2037	.233016	.000000
3.20469	.233107	.000000
3.20568	.233266	.000000
3.20668	.233448	.000000
3.20767	.233459	.000000
3.20866	.233475	.000000
3.20965	.233625	.000000
3.21065	.233785	.000000
3.21164	.233876	.000000
3.21264	.233969	.000000
3.21363	.234068	.000000
3.21463	.234146	.000000
3.21563	.234273	.000000
3.21662	.234355	.000000
3.21762	.234482	.000000
3.21862	.234619	.000000
3.21962	.234642	.000000
3.22062	.234810	.000000
3.22162	.235108	.000000
3.22262	.235198	.000000
3.22362	.235192	.000000
3.22462	.235316	.000000
3.22563	.235444	.000000
3.22663	.235542	.000000
3.22764	.235551	.000000
3.22864	.235664	.000000
3.22965	.235924	.000000
3.23065	.236116	.000000
3.23166	.236235	.000000
3.23267	.236239	.000000
3.23368	.236369	.000000
3.23468	.236551	.000000
3.23569	.236642	.000000
3.2367	.236655	.000000
3.23771	.236717	.000000
3.23873	.236937	.000000
3.23974	.237124	.000000
3.24075	.237201	.000000
3.24176	.237346	.000000
3.24278	.237487	.000000
3.24379	.237574	.000000
3.24481	.237622	.000000
3.24582	.237774	.000000
3.24684	.237930	.000000
3.24785	.237983	.000000
3.24887	.238006	.000000
3.24989	.238021	.000000
3.25091	.238174	.000000
3.25193	.238378	.000000
3.25295	.238476	.000000
3.25397	.238590	.000000
3.25499	.238735	.000000
3.25601	.238788	.000000
3.25704	.238940	.000000
3.25806	.239051	.000000
3.25908	.239144	.000000
3.26011	.239224	.000000
3.26113	.239385	.000000
3.26216	.239529	.000000
3.26319	.239622	.000000
3.26421	.239735	.000000
3.26524	.239863	.000000
3.26627	.239974	.000000
3.2673	.239960	.000000
3.26833	.239956	.000000
3.26936	.240101	.000000
3.27039	.240254	.000000
3.27142	.240392	.000000
3.27245	.240447	.000000
3.27349	.240483	.000000
3.27452	.240608	.000000
3.27555	.240867	.000000
3.27659	.241047	.000000
3.27763	.241097	.000000
3.27866	.241042	.000000
3.2797	.241115	.000000
3.28074	.241302	.000000
3.28178	.241492	.000000
3.28281	.241652	.000000
3.28385	.241758	.000000
3.28489	.241785	.000000
3.28593	.241927	.000000
3.28698	.242074	.000000
3.28802	.242127	.000000
3.28906	.242233	.000000
3.2901	.242376	.000000
3.29115	.242499	.000000
3.29219	.242522	.000000
3.29324	.242595	.000000
3.29429	.242633	.000000
3.29533	.242724	.000000
3.29638	.242842	.000000
3.29743	.242892	.000000
3.29848	.242945	.000000
3.29953	.243115	.000000
3.30058	.243388	.000000
3.30163	.243467	.000000
3.30268	.243506	.000000
3.30373	.243733	.000000
3.30478	.243879	.000000
3.30584	.243886	.000000
3.30689	.243875	.000000
3.30795	.243890	.000000
3.309	.244034	.000000
3.31006	.244188	.000000
3.31112	.244166	.000000
3.31217	.244163	.000000
3.31323	.244327	.000000
3.31429	.244563	.000000
3.31535	.244654	.000000
3.31641	.244709	.000000
3.31747	.244838	.000000
3.31853	.245020	.000000
3.3196	.245052	.000000
3.32066	.245079	.000000
3.32172	.245066	.000000
3.32279	.245063	.000000
3.32385	.245123	.000000
3.32492	.245213	.000000
3.32598	.245373	.000000
3.32705	.245461	.000000
3.32812	.245670	.000000
3.32919	.245777	.000000
3.33026	.245745	.000000
3.33133	.245772	.000000
3.3324	.245802	.000000
3.33347	.245832	.000000
3.33454	.245975	.000000
3.33561	.246066	.000000
3.33669	.246068	.000000
3.33776	.246111	.000000
3.33884	.246220	.000000
3.33991	.246302	.000000
3.34099	.246309	.000000
3.34206	.246334	.000000
3.34314	.246422	.000000
3.34422	.246475	.000000
3.3453	.246505	.000000
3.34638	.246602	.000000
3.34746	.246680	.000000
3.34854	.246663	.000000
3.34962	.246695	.000000
3.3507	.246791	.000000
3.35179	.246755	.000000
3.35287	.246777	.000000
3.35395	.246909	.000000
3.35504	.246868	.000000
3.35612	.246904	.000000
3.35721	.247046	.000000
3.3583	.247104	.000000
3.35939	.247173	.000000
3.36048	.247220	.000000
3.36156	.247279	.000000
3.36265	.247371	.000000
3.36375	.247479	.000000
3.36484	.247609	.000000
3.36593	.247662	.000000
3.36702	.247616	.000000
3.36812	.247712	.000000
3.36921	.247936	.000000
3.3703	.248016	.000000
3.3714	.248130	.000000
3.3725	.248223	.000000
3.37359	.248332	.000000
3.37469	.248489	.000000
3.37579	.248582	.000000
3.37689	.248652	.000000
3.37799	.248775	.000000
3.37909	.248816	.000000
3.38019	.248861	.000000
3.3813	.248862	.000000
3.3824	.248952	.000000
3.3835	.249203	.000000
3.38461	.249423	.000000
3.38571	.249634	.000000
3.38682	.249750	.000000
3.38792	.249678	.000000
3.38903	.249643	.000000
3.39014	.249689	.000000
3.39125	.249777	.000000
3.39236	.249903	.000000
3.39347	.249953	.000000
3.39458	.249964	.000000
3.39569	.250050	.000000
3.3968	.250150	.000000
3.39791	.250094	.000000
3.39903	.249993	.000000
3.40014	.250053	.000000
3.40126	.250200	.000000
3.40237	.250284	.000000
3.40349	.250244	.000000
3.40461	.250278	.000000
3.40573	.250300	.000000
3.40685	.250341	.000000
3.40797	.250446	.000000
3.40909	.250521	.000000
3.41021	.250573	.000000
3.41133	.250655	.000000
3.41245	.250648	.000000
3.41357	.250637	.000000
3.4147	.250759	.000000
3.41582	.250982	.000000
3.41695	.251139	.000000
3.41807	.251289	.000000
3.4192	.251405	.000000
3.42033	.251542	.000000
3.42146	.251726	.000000
3.42259	.251878	.000000
3.42372	.252091	.000000
3.42485	.252291	.000000
3.42598	.252448	.000000
3.42711	.252582	.000000
3.42825	.252612	.000000
3.42938	.252648	.000000
3.43051	.252908	.000000
3.43165	.253178	.000000
3.43279	.253299	.000000
3.43392	.253437	.000000
3.43506	.253506	.000000
3.4362	.253633	.000000
3.43734	.253835	.000000
3.43848	.253956	.000000
3.43962	.254001	.000000
3.44076	.254117	.000000
3.4419	.254303	.000000
3.44304	.254467	.000000
3.44419	.254610	.000000
3.44533	.254730	.000000
3.44648	.254749	.000000
3.44762	.254842	.000000
3.44877	.254894	.000000
3.44992	.254974	.000000
3.45106	.255135	.000000
3.45221	.255308	.000000
3.45336	.255424	.000000
3.45451	.255537	.000000
3.45566	.255681	.000000
3.45682	.255874	.000000
3.45797	.255917	.000000
3.45912	.256015	.000000
3.46028	.256115	.000000
3.46143	.256133	.000000
3.46259	.256220	.000000
3.46374	.256270	.000000
3.4649	.256304	.000000
3.46606	.256415	.000000
3.46722	.256619	.000000
3.46838	.256731	.000000
3.46954	.256683	.000000
3.4707	.256779	.000000
3.47186	.256903	.000000
3.47302	.256781	.000000
3.47419	.256795	.000000
3.47535	.256986	.000000
3.47652	.257078	.000000
3.47768	.257040	.000000
3.47885	.257156	.000000
3.48002	.257376	.000000
3.48119	.257461	.000000
3.48236	.257431	.000000
3.48353	.257540	.000000
3.4847	.257690	.000000
3.48587	.257761	.000000
3.48704	.257919	.000000
3.48821	.258086	.000000
3.48939	.258004	.000000
3.49056	.258118	.000000
3.49174	.258236	.000000
3.49291	.258272	.000000
3.49409	.258372	.000000
3.49527	.258483	.000000
3.49645	.258602	.000000
3.49763	.258758	.000000
3.49881	.258909	.000000
3.49999	.258927	.000000
3.50117	.258974	.000000
3.50235	.259061	.000000
3.50353	.259259	.000000
3.50472	.259492	.000000
3.5059	.259722	.000000
3.50709	.259945	.000000
3.50828	.260111	.000000
3.50946	.260277	.000000
3.51065	.260475	.000000
3.51184	.260624	.000000
3.51303	.260661	.000000
3.51422	.260752	.000000
3.51541	.260931	.000000
3.5166	.261124	.000000
3.5178	.261236	.000000
3.51899	.261411	.000000
3.52018	.261622	.000000
3.52138	.261800	.000000
3.52258	.261916	.000000
3.52377	.262070	.000000
3.52497	.262204	.000000
3.52617	.262295	.000000
3.52737	.262356	.000000
3.52857	.262623	.000000
3.52977	.262964	.000000
3.53097	.263011	.000000
3.53218	.263059	.000000
3.53338	.263086	.000000
3.53458	.263170	.000000
3.53579	.263411	.000000
3.537	.263596	.000000
3.5382	.263761	.000000
3.53941	.263891	.000000
3.54062	.263991	.000000
3.54183	.264093	.000000
3.54304	.264170	.000000
3.54425	.264277	.000000
3.54546	.264570	.000000
3.54667	.264718	.000000
3.54789	.264629	.000000
3.5491	.264662	.000000
3.55032	.264882	.000000
3.55153	.265082	.000000
3.55275	.265170	.000000
3.55397	.265170	.000000
3.55518	.265195	.000000
3.5564	.265287	.000000
3.55762	.265448	.000000
3.55884	.265630	.000000
3.56007	.265661	.000000
3.56129	.265684	.000000
3.56251	.265716	.000000
3.56374	.265886	.000000
3.56496	.266173	.000000
3.56619	.266266	.000000
3.56742	.266150	.000000
3.56864	.266182	.000000
3.56987	.266455	.000000
3.5711	.266614	.000000
3.57233	.266560	.000000
3.57356	.266684	.000000
3.57479	.266903	.000000
3.57603	.266821	.000000
3.57726	.266957	.000000
3.57849	.267223	.000000
3.57973	.267310	.000000
3.58097	.267419	.000000
3.5822	.267487	.000000
3.58344	.267435	.000000
3.58468	.267451	.000000
3.58592	.267598	.000000
3.58716	.267701	.000000
3.5884	.267860	.000000
3.58964	.268089	.000000
3.59089	.268162	.000000
3.59213	.268242	.000000
3.59338	.268271	.000000
3.59462	.268144	.000000
3.59587	.268166	.000000
3.59712	.268301	.000000
3.59836	.268483	.000000
3.59961	.268558	.000000
3.60086	.268648	.000000
3.60211	.268773	.000000
3.60337	.268955	.000000
3.60462	.269071	.000000
3.60587	.269142	.000000
3.60713	.269157	.000000
3.60838	.269208	.000000
3.60964	.269262	.000000
3.61089	.269396	.000000
3.61215	.269482	.000000
3.61341	.269482	.000000
3.61467	.269619	.000000
3.61593	.269753	.000000
3.61719	.269740	.000000
3.61845	.269953	.000000
3.61972	.270165	.000000
3.62098	.270230	.000000
3.62225	.270198	.000000
3.62351	.270242	.000000
3.62478	.270312	.000000
3.62605	.270390	.000000
3.62731	.270564	.000000
3.62858	.270671	.000000
3.62985	.270644	.000000
3.63112	.270733	.000000
3.6324	.270847	.000000
3.63367	.270939	.000000
3.63494	.270997	.000000
3.63622	.271183	.000000
3.63749	.271367	.000000
3.63877	.271326	.000000
3.64005	.271333	.000000
3.64132	.271480	.000000
3.6426	.271628	.000000
3.64388	.271705	.000000
3.64516	.271810	.000000
3.64645	.271821	.000000
3.64773	.271837	.000000
3.64901	.271979	.000000
3.6503	.272071	.000000
3.65158	.272144	.000000
3.65287	.272210	.000000
3.65416	.272238	.000000
3.65545	.272562	.000000
3.65673	.272760	.000000
3.65802	.272701	.000000
3.65932	.272737	.000000
3.66061	.272901	.000000
3.6619	.273131	.000000
3.66319	.273236	.000000
3.66449	.273260	.000000
3.66578	.273281	.000000
3.66708	.273435	.000000
3.66838	.273585	.000000
3.66967	.273620	.000000
3.67097	.273656	.000000
3.67227	.273708	.000000
3.67357	.273628	.000000
3.67488	.273619	.000000
3.67618	.273744	.000000
3.67748	.273954	.000000
3.67879	.274144	.000000
3.68009	.274238	.000000
3.6814	.274265	.000000
3.68271	.274256	.000000
3.68402	.274381	.000000
3.68532	.274611	.000000
3.68664	.274690	.000000
3.68795	.274699	.000000
3.68926	.274781	.000000
3.69057	.274818	.000000
3.69189	.274979	.000000
3.6932	.275168	.000000
3.69452	.275215	.000000
3.69583	.275272	.000000
3.69715	.275304	.000000
3.69847	.275438	.000000
3.69979	.275629	.000000
3.70111	.275676	.000000
3.70243	.275645	.000000
3.70375	.275554	.000000
3.70508	.275661	.000000
3.7064	.275961	.000000
3.70773	.276043	.000000
3.70905	.276118	.000000
3.71038	.276179	.000000
3.71171	.276242	.000000
3.71304	.276231	.000000
3.71437	.276286	.000000
3.7157	.276400	.000000
3.71703	.276475	.000000
3.71836	.276440	.000000
3.7197	.276561	.000000
3.72103	.276797	.000000
3.72237	.276838	.000000
3.7237	.276804	.000000
3.72504	.276949	.000000
3.72638	.277072	.000000
3.72772	.277236	.000000
3.72906	.277388	.000000
3.7304	.277427	.000000
3.73174	.277459	.000000
3.73309	.277434	.000000
3.73443	.277450	.000000
3.73578	.277554	.000000
3.73712	.277677	.000000
3.73847	.277725	.000000
3.73982	.277750	.000000
3.74117	.277824	.000000
3.74252	.277890	.000000
3.74387	.277966	.000000
3.74522	.278036	.000000
3.74657	.278216	.000000
3.74793	.278359	.000000
3.74928	.278381	.000000
3.75064	.278431	.000000
3.752	.278545	.000000
3.75335	.278759	.000000
3.75471	.278904	.000000
3.75607	.278988	.000000
3.75744	.279045	.000000
3.7588	.278993	.000000
3.76016	.278966	.000000
3.76152	.279139	.000000
3.76289	.279373	.000000
3.76425	.279305	.000000
3.76562	.279289	.000000
3.76699	.279504	.000000
3.76836	.279622	.000000
3.76973	.279600	.000000
3.7711	.279639	.000000
3.77247	.279773	.000000
3.77385	.279775	.000000
3.77522	.279845	.000000
3.77659	.279850	.000000
3.77797	.279720	.000000
3.77935	.279821	.000000
3.78072	.280029	.000000
3.7821	.280138	.000000
3.78348	.280107	.000000
3.78486	.280061	.000000
3.78625	.280113	.000000
3.78763	.280261	.000000
3.78901	.280466	.000000
3.7904	.280400	.000000
3.79178	.280459	.000000
3.79317	.280554	.000000
3.79456	.280643	.000000
3.79595	.280802	.000000
3.79734	.280882	.000000
3.79873	.281034	.000000
3.80012	.281077	.000000
3.80151	.281066	.000000
3.80291	.281018	.000000
3.8043	.280946	.000000
3.8057	.280964	.000000
3.8071	.281123	.000000
3.8085	.281396	.000000
3.80989	.281448	.000000
3.8113	.281355	.000000
3.8127	.281311	.000000
3.8141	.281393	.000000
3.8155	.281487	.000000
3.81691	.281484	.000000
3.81831	.281525	.000000
3.81972	.281791	.000000
3.82113	.281764	.000000
3.82253	.281670	.000000
3.82394	.281702	.000000
3.82536	.281921	.000000
3.82677	.282173	.000000
3.82818	.282252	.000000
3.82959	.282214	.000000
3.83101	.282280	.000000
3.83243	.282350	.000000
3.83384	.282293	.000000
3.83526	.282323	.000000
3.83668	.282527	.000000
3.8381	.282664	.000000
3.83952	.282582	.000000
3.84094	.282627	.000000
3.84236	.282752	.000000
3.84379	.282957	.000000
3.84521	.282953	.000000
3.84664	.282839	.000000
3.84807	.282705	.000000
3.8495	.282709	.000000
3.85093	.282955	.000000
3.85236	.283112	.000000
3.85379	.283046	.000000
3.85522	.283035	.000000
3.85666	.283173	.000000
3.85809	.283376	.000000
3.85953	.283393	.000000
3.86096	.283343	.000000
3.8624	.283439	.000000
3.86384	.283589	.000000
3.86528	.283644	.000000
3.86672	.283721	.000000
3.86816	.283909	.000000
3.86961	.283762	.000000
3.87105	.283668	.000000
3.8725	.283732	.000000
3.87394	.283841	.000000
3.87539	.283935	.000000
3.87684	.284000	.000000
3.87829	.284028	.000000
3.87974	.284060	.000000
3.88119	.284266	.000000
3.88265	.284400	.000000
3.8841	.284282	.000000
3.88556	.284334	.000000
3.88701	.284442	.000000
3.88847	.284403	.000000
3.88993	.284428	.000000
3.89139	.284691	.000000
3.89285	.284766	.000000
3.89431	.284680	.000000
3.89578	.284753	.000000
3.89724	.284819	.000000
3.89871	.284700	.000000
3.90017	.284703	.000000
3.90164	.284798	.000000
3.90311	.284860	.000000
3.90458	.284841	.000000
3.90605	.284771	.000000
3.90752	.284819	.000000
3.90899	.285060	.000000
3.91047	.285273	.000000
3.91194	.285157	.000000
3.91342	.285016	.000000
3.9149	.284917	.000000
3.91638	.284896	.000000
3.91785	.285064	.000000
3.91934	.285239	.000000
3.92082	.285323	.000000
3.9223	.285355	.000000
3.92378	.285260	.000000
3.92527	.285396	.000000
3.92676	.285521	.000000
3.92824	.285432	.000000
3.92973	.285353	.000000
3.93122	.285328	.000000
3.93271	.285458	.000000
3.9342	.285523	.000000
3.9357	.285330	.000000
3.93719	.285458	.000000
3.93869	.285641	.000000
3.94018	.285624	.000000
3.94168	.285378	.000000
3.94318	.285303	.000000
3.94468	.285360	.000000
3.94618	.285308	.000000
3.94768	.285294	.000000
3.94919	.285348	.000000
3.95069	.285276	.000000
3.9522	.285119	.000000
3.9537	.285078	.000000
3.95521	.285042	.000000
3.95672	.284933	.000000
3.95823	.285116	.000000
3.95975	.285360	.000000
3.96126	.285382	.000000
3.96277	.285321	.000000
3.96429	.285317	.000000
3.9658	.285269	.000000
3.96732	.285355	.000000
3.96884	.285451	.000000
3.97036	.285535	.000000
3.97188	.285416	.000000
3.9734	.285314	.000000
3.97492	.285441	.000000
3.97645	.285669	.000000
3.97797	.285833	.000000
3.9795	.285833	.000000
3.98103	.285967	.000000
3.98256	.286003	.000000
3.98409	.285821	.000000
3.98562	.285969	.000000
3.98715	.286065	.000000
3.98868	.286039	.000000
3.99022	.286232	.000000
3.99175	.286412	.000000
3.99329	.286544	.000000
3.99483	.286640	.000000
3.99637	.286740	.000000
3.99791	.286801	.000000
3.99945	.286648	.000000
4.00109	.286715	.000000
4.00418	.286951	.000000
4.00728	.287155	.000000
4.01038	.287367	.000000
4.01348	.287589	.000000
4.01659	.287803	.000000
4.0197	.288038	.000000
4.02282	.288265	.000000
4.02594	.288471	.000000
4.02907	.288660	.000000
4.0322	.288835	.000000
4.03534	.289040	.000000
4.03849	.289251	.000000
4.04163	.289440	.000000
4.04479	.289635	.000000
4.04794	.289817	.000000
4.05111	.289960	.000000
4.05427	.290090	.000000
4.05745	.290233	.000000
4.06062	.290374	.000000
4.0638	.290502	.000000
4.06699	.290626	.000000
4.07018	.290752	.000000
4.07338	.290876	.000000
4.07658	.290992	.000000
4.07979	.291126	.000000
4.083	.291243	.000000
4.08622	.291361	.000000
4.08944	.291506	.000000
4.09267	.291627	.000000
4.0959	.291720	.000000
4.09914	.291833	.000000
4.10238	.291945	.000000
4.10563	.292042	.000000
4.10889	.292134	.000000
4.11214	.292220	.000000
4.11541	.292327	.000000
4.11868	.292415	.000000
4.12195	.292502	.000000
4.12523	.292597	.000000
4.12851	.292709	.000000
4.1318	.292822	.000000
4.1351	.292883	.000000
4.1384	.292950	.000000
4.1417	.293077	.000000
4.14502	.293161	.000000
4.14833	.293245	.000000
4.15165	.293375	.000000
4.15498	.293475	.000000
4.15831	.293559	.000000
4.16165	.293643	.000000
4.16499	.293724	.000000
4.16834	.293815	.000000
4.17169	.293911	.000000
4.17505	.294016	.000000
4.17842	.294120	.000000
4.18179	.294220	.000000
4.18516	.294311	.000000
4.18854	.294407	.000000
4.19193	.294507	.000000
4.19532	.294629	.000000
4.19871	.294736	.000000
4.20212	.294816	.000000
4.20553	.294911	.000000
4.20894	.295006	.000000
4.21236	.295088	.000000
4.21578	.295170	.000000
4.21921	.295231	.000000
4.22265	.295314	.000000
4.22609	.295372	.000000
4.22954	.295402	.000000
4.23299	.295422	.000000
4.23645	.295438	.000000
4.23991	.295464	.000000
4.24338	.295516	.000000
4.24686	.295547	.000000
4.25034	.295556	.000000
4.25383	.295550	.000000
4.25732	.295534	.000000
4.26082	.295529	.000000
4.26432	.295506	.000000
4.26783	.295447	.000000
4.27135	.295357	.000000
4.27487	.295297	.000000
4.27839	.295354	.000000
4.28193	.295425	.000000
4.28547	.295450	.000000
4.28901	.295491	.000000
4.29256	.295700	.000000
4.29612	.296004	.000000
4.29968	.296320	.000000
4.30325	.296595	.000000
4.30682	.296770	.000000
4.3104	.296886	.000000
4.31399	.297004	.000000
4.31758	.297091	.000000
4.32118	.297193	.000000
4.32478	.297279	.000000
4.32839	.297341	.000000
4.33201	.297400	.000000
4.33563	.297448	.000000
4.33926	.297504	.000000
4.34289	.297550	.000000
4.34653	.297589	.000000
4.35018	.297639	.000000
4.35383	.297686	.000000
4.35749	.297716	.000000
4.36115	.297766	.000000
4.36482	.297837	.000000
4.3685	.297886	.000000
4.37218	.297891	.000000
4.37588	.297896	.000000
4.37957	.297914	.000000
4.38327	.297939	.000000
4.38698	.297973	.000000
4.3907	.298009	.000000
4.39442	.298043	.000000
4.39814	.298068	.000000
4.40188	.298096	.000000
4.40562	.298103	.000000
4.40936	.298136	.000000
4.41311	.298150	.000000
4.41687	.298146	.000000
4.42064	.298159	.000000
4.42441	.298175	.000000
4.42819	.298177	.000000
4.43197	.298168	.000000
4.43577	.298182	.000000
4.43956	.298186	.000000
4.44337	.298170	.000000
4.44718	.298166	.000000
4.451	.298166	.000000
4.45482	.298187	.000000
4.45865	.298193	.000000
4.46249	.298146	.000000
4.46633	.298089	.000000
4.47018	.298064	.000000
4.47404	.298073	.000000
4.4779	.298052	.000000
4.48177	.298002	.000000
4.48565	.297966	.000000
4.48953	.297950	.000000
4.49342	.297943	.000000
4.49732	.297909	.000000
4.50122	.297841	.000000
4.50513	.297796	.000000
4.50905	.297730	.000000
4.51298	.297655	.000000
4.51691	.297596	.000000
4.52084	.297541	.000000
4.52479	.297439	.000000
4.52874	.297341	.000000
4.5327	.297257	.000000
4.53667	.297164	.000000
4.54064	.297066	.000000
4.54462	.296961	.000000
4.5486	.296843	.000000
4.5526	.296716	.000000
4.5566	.296605	.000000
4.56061	.296466	.000000
4.56462	.296318	.000000
4.56864	.296168	.000000
4.57267	.296011	.000000
4.57671	.295843	.000000
4.58075	.295709	.000000
4.5848	.295577	.000000
4.58886	.295436	.000000
4.59292	.295257	.000000
4.59699	.295066	.000000
4.60107	.294890	.000000
4.60516	.294684	.000000
4.60925	.294470	.000000
4.61335	.294281	.000000
4.61746	.294077	.000000
4.62158	.293875	.000000
4.6257	.293663	.000000
4.62983	.293447	.000000
4.63396	.293258	.000000
4.63811	.293074	.000000
4.64226	.292852	.000000
4.64642	.292636	.000000
4.65059	.292442	.000000
4.65476	.292277	.000000
4.65895	.292099	.000000
4.66314	.291933	.000000
4.66733	.291765	.000000
4.67154	.291585	.000000
4.67575	.291413	.000000
4.67997	.291226	.000000
4.6842	.291043	.000000
4.68843	.290865	.000000
4.69268	.290669	.000000
4.69693	.290486	.000000
4.70118	.290315	.000000
4.70545	.290115	.000000
4.70972	.289901	.000000
4.71401	.289717	.000000
4.7183	.289526	.000000
4.72259	.289328	.000000
4.7269	.289135	.000000
4.73121	.288931	.000000
4.73553	.288697	.000000
4.73986	.288472	.000000
4.7442	.288240	.000000
4.74854	.287992	.000000
4.75289	.287763	.000000
4.75725	.287524	.000000
4.76162	.287239	.000000
4.766	.286983	.000000
4.77038	.286749	.000000
4.77477	.286508	.000000
4.77917	.286255	.000000
4.78358	.286005	.000000
4.788	.285762	.000000
4.79243	.285514	.000000
4.79686	.285271	.000000
4.8013	.285039	.000000
4.80575	.284803	.000000
4.81021	.284614	.000000
4.81467	.284416	.000000
4.81915	.284223	.000000
4.82363	.284034	.000000
4.82812	.283857	.000000
4.83262	.283660	.000000
4.83713	.283448	.000000
4.84165	.283232	.000000
4.84617	.283019	.000000
4.85071	.282800	.000000
4.85525	.282546	.000000
4.8598	.282250	.000000
4.86436	.281934	.000000
4.86893	.281646	.000000
4.8735	.281382	.000000
4.87809	.281095	.000000
4.88268	.280795	.000000
4.88728	.280505	.000000
4.89189	.280248	.000000
4.89651	.279975	.000000
4.90114	.279697	.000000
4.90577	.279413	.000000
4.91042	.279102	.000000
4.91507	.278770	.000000
4.91974	.278472	.000000
4.92441	.278136	.000000
4.92909	.277797	.000000
4.93378	.277470	.000000
4.93848	.277163	.000000
4.94319	.276852	.000000
4.9479	.276533	.000000
4.95263	.276213	.000000
4.95736	.275868	.000000
4.96211	.275506	.000000
4.96686	.275151	.000000
4.97162	.274786	.000000
4.97639	.274438	.000000
4.98118	.274127	.000000
4.98596	.273861	.000000
4.99076	.273611	.000000
4.99557	.273395	.000000
5.00039	.273135	.000000
5.00522	.272829	.000000
5.01005	.272519	.000000
5.0149	.272192	.000000
5.01975	.271865	.000000
5.02462	.271580	.000000
5.02949	.271296	.000000
5.03437	.271015	.000000
5.03926	.270753	.000000
5.04416	.270469	.000000
5.04908	.270156	.000000
5.054	.269842	.000000
5.05893	.269464	.000000
5.06387	.269073	.000000
5.06882	.268716	.000000
5.07378	.268387	.000000
5.07875	.268007	.000000
5.08373	.267634	.000000
5.08872	.267310	.000000
5.09371	.267016	.000000
5.09872	.266739	.000000
5.10374	.266446	.000000
5.10877	.266139	.000000
5.11381	.265862	.000000
5.11886	.265569	.000000
5.12391	.265277	.000000
5.12898	.265005	.000000
5.13406	.264739	.000000
5.13915	.264480	.000000
5.14425	.264196	.000000
5.14936	.263911	.000000
5.15447	.263648	.000000
5.1596	.263350	.000000
5.16474	.263052	.000000
5.16989	.262759	.000000
5.17505	.262452	.000000
5.18022	.262118	.000000
5.1854	.261768	.000000
5.19059	.261416	.000000
5.19579	.261084	.000000
5.201	.260740	.000000
5.20622	.260375	.000000
5.21146	.259992	.000000
5.2167	.259574	.000000
5.22195	.259152	.000000
5.22722	.258740	.000000
5.23249	.258310	.000000
5.23778	.257870	.000000
5.24307	.257413	.000000
5.24838	.256965	.000000
5.2537	.256510	.000000
5.25903	.256065	.000000
5.26436	.255646	.000000
5.26971	.255240	.000000
5.27508	.254808	.000000
5.28045	.254394	.000000
5.28583	.253958	.000000
5.29122	.253546	.000000
5.29663	.253157	.000000
5.30204	.252773	.000000
5.30747	.252376	.000000
5.31291	.252005	.000000
5.31836	.251632	.000000
5.32382	.251250	.000000
5.32929	.250848	.000000
5.33477	.250450	.000000
5.34027	.250046	.000000
5.34577	.249660	.000000
5.35129	.249255	.000000
5.35681	.248850	.000000
5.36235	.248428	.000000
5.36791	.248005	.000000
5.37347	.247548	.000000
5.37904	.247100	.000000
5.38463	.246650	.000000
5.39023	.246188	.000000
5.39583	.245698	.000000
5.40146	.245188	.000000
5.40709	.244674	.000000
5.41273	.244163	.000000
5.41839	.243627	.000000
5.42406	.243093	.000000
5.42974	.242533	.000000
5.43543	.241961	.000000
5.44113	.241394	.000000
5.44685	.240795	.000000
5.45257	.240199	.000000
5.45831	.239615	.000000
5.46406	.239042	.000000
5.46983	.238492	.000000
5.4756	.237917	.000000
5.48139	.237337	.000000
5.48719	.236712	.000000
5.49301	.236103	.000000
5.49883	.235503	.000000
5.50467	.234885	.000000
5.51052	.234201	.000000
5.51638	.233464	.000000
5.52225	.232691	.000000
5.52814	.231807	.000000
5.53404	.230877	.000000
5.53995	.229911	.000000
5.54588	.228884	.000000
5.55181	.227884	.000000
5.55777	.226968	.000000
5.56373	.226152	.000000
5.5697	.225418	.000000
5.57569	.224749	.000000
5.5817	.224103	.000000
5.58771	.223476	.000000
5.59374	.222885	.000000
5.59978	.222308	.000000
5.60583	.221747	.000000
5.6119	.221242	.000000
5.61798	.220737	.000000
5.62407	.220265	.000000
5.63018	.219848	.000000
5.6363	.219457	.000000
5.64243	.219078	.000000
5.64858	.218707	.000000
5.65474	.218348	.000000
5.66091	.218080	.000000
5.6671	.217855	.000000
5.6733	.217726	.000000
5.67951	.217655	.000000
5.68574	.217601	.000000
5.69198	.217596	.000000
5.69824	.217623	.000000
5.7045	.217625	.000000
5.71078	.217641	.000000
5.71708	.217637	.000000
5.72339	.217610	.000000
5.72972	.217546	.000000
5.73605	.217450	.000000
5.74241	.217307	.000000
5.74877	.217134	.000000
5.75515	.216878	.000000
5.76155	.216555	.000000
5.76796	.216143	.000000
5.77438	.215616	.000000
5.78082	.215007	.000000
5.78727	.214364	.000000
5.79373	.213664	.000000
5.80022	.212923	.000000
5.80671	.212166	.000000
5.81322	.211420	.000000
5.81975	.210679	.000000
5.82628	.209938	.000000
5.83284	.209188	.000000
5.83941	.208460	.000000
5.84599	.207751	.000000
5.85259	.207062	.000000
5.8592	.206340	.000000
5.86583	.205580	.000000
5.87247	.204751	.000000
5.87913	.203910	.000000
5.8858	.203012	.000000
5.89249	.202016	.000000
5.89919	.201034	.000000
5.90591	.200019	.000000
5.91265	.198914	.000000
5.91939	.197784	.000000
5.92616	.196609	.000000
5.93294	.195391	.000000
5.93974	.194111	.000000
5.94655	.192761	.000000
5.95338	.191369	.000000
5.96022	.189960	.000000
5.96708	.188512	.000000
5.97395	.187069	.000000
5.98084	.185600	.000000
5.98775	.184146	.000000
5.99467	.182686	.000000
6.00161	.181264	.000000
6.00856	.179939	.000000
6.01554	.178670	.000000
6.02252	.177477	.000000
6.02952	.176401	.000000
6.03654	.175395	.000000
6.04358	.174494	.000000
6.05063	.173683	.000000
6.0577	.172901	.000000
6.06478	.172135	.000000
6.07188	.171440	.000000
6.079	.170767	.000000
6.08614	.170149	.000000
6.09329	.169566	.000000
6.10046	.169062	.000000
6.10764	.168642	.000000
6.11484	.168414	.000000
6.12206	.168316	.000000
6.1293	.168380	.000000
6.13655	.168584	.000000
6.14382	.168896	.000000
6.15111	.169216	.000000
6.15842	.169562	.000000
6.16574	.169891	.000000
6.17308	.170162	.000000
6.18044	.170360	.000000
6.18781	.170496	.000000
6.19521	.170490	.000000
6.20262	.170399	.000000
6.21005	.170244	.000000
6.21749	.170098	.000000
6.22496	.169928	.000000
6.23244	.169735	.000000
6.23994	.169546	.000000
6.24745	.169383	.000000
6.25499	.169219	.000000
6.26254	.169035	.000000
6.27012	.168860	.000000
6.27771	.168721	.000000
6.28532	.168546	.000000
6.29294	.168330	.000000
6.30059	.168103	.000000
6.30826	.167873	.000000
6.31594	.167607	.000000
6.32364	.167255	.000000
6.33136	.166768	.000000
6.3391	.166218	.000000
6.34686	.165591	.000000
6.35464	.164861	.000000
6.36243	.164079	.000000
6.37025	.163275	.000000
6.37809	.162456	.000000
6.38594	.161593	.000000
6.39382	.160604	.000000
6.40171	.159493	.000000
6.40962	.158244	.000000
6.41756	.156792	.000000
6.42551	.155139	.000000
6.43348	.153326	.000000
6.44147	.151334	.000000
6.44948	.149252	.000000
6.45751	.147118	.000000
6.46557	.144974	.000000
6.47364	.142838	.000000
6.48173	.140753	.000000
6.48984	.138697	.000000
6.49797	.136639	.000000
6.50613	.134568	.000000
6.5143	.132532	.000000
6.52249	.130459	.000000
6.53071	.128368	.000000
6.53894	.126274	.000000
6.5472	.124158	.000000
6.55548	.122021	.000000
6.56377	.119908	.000000
6.57209	.117827	.000000
6.58043	.115795	.000000
6.58879	.113793	.000000
6.59718	.111833	.000000
6.60558	.109879	.000000
6.61401	.107970	.000000
6.62246	.106124	.000000
6.63092	.104371	.000000
6.63941	.102657	.000000
6.64793	.100996	.000000
6.65646	.099411	.000000
6.66502	.097911	.000000
6.67359	.096486	.000000
6.68219	.095122	.000000
6.69081	.093833	.000000
6.69946	.092681	.000000
6.70813	.091594	.000000
6.71681	.090583	.000000
6.72553	.089669	.000000
6.73426	.088856	.000000
6.74302	.088117	.000000
6.7518	.087458	.000000
6.7606	.086873	.000000
6.76942	.086371	.000000
6.77827	.085950	.000000
6.78715	.085605	.000000
6.79604	.085289	.000000
6.80496	.085044	.000000
6.8139	.084857	.000000
6.82287	.084680	.000000
6.83186	.084566	.000000
6.84087	.084494	.000000
6.84991	.084444	.000000
6.85897	.084505	.000000
6.86805	.084668	.000000
6.87716	.084916	.000000
6.88629	.085269	.000000
6.89545	.085712	.000000
6.90463	.086169	.000000
6.91384	.086655	.000000
6.92307	.087169	.000000
6.93232	.087676	.000000
6.9416	.088123	.000000
6.95091	.088531	.000000
6.96024	.089005	.000000
6.96959	.089542	.000000
6.97897	.090146	.000000
6.98838	.090854	.000000
6.99781	.091644	.000000
7.00727	.092547	.000000
7.01675	.093570	.000000
7.02625	.094724	.000000
7.03579	.095984	.000000
7.04535	.097423	.000000
7.05493	.099012	.000000
7.06455	.100741	.000000
7.07419	.102594	.000000
7.08385	.104558	.000000
7.09354	.106606	.000000
7.10326	.108686	.000000
7.113	.110722	.000000
7.12277	.112643	.000000
7.13257	.114430	.000000
7.14239	.116086	.000000
7.15224	.117644	.000000
7.16212	.119073	.000000
7.17203	.120326	.000000
7.18196	.121383	.000000
7.19192	.122233	.000000
7.20191	.122897	.000000
7.21193	.123426	.000000
7.22197	.123828	.000000
7.23204	.124103	.000000
7.24214	.124263	.000000
7.25227	.124347	.000000
7.26243	.124345	.000000
7.27261	.124260	.000000
7.28283	.124149	.000000
7.29307	.124021	.000000
7.30334	.123846	.000000
7.31364	.123656	.000000
7.32397	.123424	.000000
7.33433	.123115	.000000
7.34472	.122753	.000000
7.35514	.122337	.000000
7.36559	.121894	.000000
7.37606	.121380	.000000
7.38657	.120812	.000000
7.39711	.120216	.000000
7.40768	.119575	.000000
7.41827	.118923	.000000
7.4289	.118301	.000000
7.43956	.117671	.000000
7.45025	.117075	.000000
7.46097	.116489	.000000
7.47172	.115871	.000000
7.4825	.115205	.000000
7.49331	.114516	.000000
7.50415	.113800	.000000
7.51503	.113041	.000000
7.52594	.112236	.000000
7.53687	.111409	.000000
7.54785	.110534	.000000
7.55885	.109660	.000000
7.56989	.108792	.000000
7.58095	.107922	.000000
7.59205	.107060	.000000
7.60318	.106180	.000000
7.61435	.105269	.000000
7.62555	.104358	.000000
7.63678	.103396	.000000
7.64804	.102405	.000000
7.65934	.101384	.000000
7.67067	.100339	.000000
7.68203	.099271	.000000
7.69343	.098205	.000000
7.70486	.097077	.000000
7.71632	.095890	.000000
7.72782	.094688	.000000
7.73936	.093463	.000000
7.75092	.092195	.000000
7.76253	.090921	.000000
7.77416	.089594	.000000
7.78584	.088224	.000000
7.79754	.086830	.000000
7.80929	.085434	.000000
7.82106	.084027	.000000
7.83288	.082584	.000000
7.84473	.081145	.000000
7.85661	.079715	.000000
7.86854	.078243	.000000
7.88049	.076781	.000000
7.89249	.075303	.000000
7.90452	.073810	.000000
7.91659	.072301	.000000
7.9287	.070803	.000000
7.94084	.069284	.000000
7.95302	.067727	.000000
7.96523	.066139	.000000
7.97749	.064539	.000000
7.98978	.062925	.000000
8.00211	.061331	.000000
8.01447	.059724	.000000
8.02688	.058087	.000000
8.03933	.056421	.000000
8.05181	.054814	.000000
8.06433	.053221	.000000
8.07689	.051607	.000000
8.08949	.049993	.000000
8.10213	.048397	.000000
8.11481	.046759	.000000
8.12753	.045150	.000000
8.14029	.043556	.000000
8.15308	.041994	.000000
8.16592	.040481	.000000
8.1788	.038978	.000000
8.19172	.037412	.000000
8.20468	.035894	.000000
8.21769	.034428	.000000
8.23073	.032952	.000000
8.24382	.031445	.000000
8.25695	.030009	.000000
8.27012	.028574	.000000
8.28333	.027163	.000000
8.29658	.025799	.000000
8.30988	.024487	.000000
8.32321	.023224	.000000
8.33659	.022023	.000000
8.35001	.020921	.000000
8.36348	.019948	.000000
8.37699	.019019	.000000
8.39055	.018171	.000000
8.40415	.017450	.000000
8.41779	.016793	.000000
8.43148	.016189	.000000
8.44521	.015684	.000000
8.45899	.015222	.000000
8.47281	.014791	.000000
8.48667	.014457	.000000
8.50059	.014182	.000000
8.51454	.013888	.000000
8.52855	.013634	.000000
8.5426	.013418	.000000
8.5567	.013243	.000000
8.57084	.013075	.000000
8.58503	.012927	.000000
8.59927	.012799	.000000
8.61355	.012675	.000000
8.62788	.012538	.000000
8.64226	.012456	.000000
8.65669	.012411	.000000
8.67117	.012359	.000000
8.68569	.012293	.000000
8.70026	.012236	.000000
8.71489	.012206	.000000
8.72956	.012206	.000000
8.74428	.012159	.000000
8.75905	.012156	.000000
8.77387	.012195	.000000
8.78873	.012217	.000000
8.80366	.012220	.000000
8.81863	.012242	.000000
8.83365	.012268	.000000
8.84872	.012365	.000000
8.86385	.012456	.000000
8.87903	.012522	.000000
8.89426	.012602	.000000
8.90954	.012690	.000000
8.92488	.012784	.000000
8.94026	.012925	.000000
8.9557	.013065	.000000
8.9712	.013179	.000000
8.98675	.013259	.000000
9.00235	.013327	.000000
9.018	.013404	.000000
9.03372	.013484	.000000
9.04948	.013540	.000000
9.0653	.013584	.000000
9.08118	.013624	.000000
9.09711	.013632	.000000
9.1131	.013643	.000000
9.12914	.013691	.000000
9.14524	.013686	.000000
9.1614	.013674	.000000
9.17761	.013686	.000000
9.19389	.013693	.000000
9.21022	.013736	.000000
9.2266	.013825	.000000
9.24305	.013873	.000000
9.25956	.013938	.000000
9.27612	.014016	.000000
9.29274	.014106	.000000
9.30942	.014184	.000000
9.32616	.014261	.000000
9.34297	.014325	.000000
9.35983	.014402	.000000
9.37676	.014457	.000000
9.39374	.014481	.000000
9.41079	.014531	.000000
9.4279	.014573	.000000
9.44508	.014547	.000000
9.46231	.014568	.000000
9.47961	.014606	.000000
9.49697	.014623	.000000
9.5144	.014664	.000000
9.53188	.014688	.000000
9.54944	.014675	.000000
9.56706	.014681	.000000
9.58474	.014732	.000000
9.60249	.014779	.000000
9.62031	.014816	.000000
9.63819	.014864	.000000
9.65614	.014918	.000000
9.67415	.014982	.000000
9.69223	.015031	.000000
9.71038	.015082	.000000
9.7286	.015123	.000000
9.74689	.015156	.000000
9.76524	.015202	.000000
9.78367	.015268	.000000
9.80216	.015339	.000000
9.82073	.015413	.000000
9.83936	.015491	.000000
9.85807	.015536	.000000
9.87684	.015573	.000000
9.89569	.015670	.000000
9.91461	.015763	.000000
9.93361	.015829	.000000
9.95267	.015871	.000000
9.97181	.015902	.000000
9.99103	.015930	.000000
10.01031	.015982	.000000
10.02968	.015988	.000000
10.04911	.016050	.000000
10.06863	.016146	.000000
10.08822	.016227	.000000
10.10788	.016273	.000000
10.12762	.016329	.000000
10.14744	.016427	.000000
10.16734	.016582	.000000
10.18731	.016780	.000000
10.20737	.016984	.000000
10.2275	.017177	.000000
10.24771	.017421	.000000
10.268	.017621	.000000
10.28838	.017827	.000000
10.30883	.018068	.000000
10.32938	.018294	.000000
10.34999	.018534	.000000
10.37069	.018778	.000000
10.39148	.019005	.000000
10.41234	.019237	.000000
10.43329	.019412	.000000
10.45433	.019618	.000000
10.47545	.019800	.000000
10.49665	.020003	.000000
10.51794	.020292	.000000
10.53932	.020689	.000000
10.56078	.021157	.000000
10.58233	.021589	.000000
10.60398	.021914	.000000
10.62571	.022146	.000000
10.64753	.022317	.000000
10.66944	.022496	.000000
10.69144	.022615	.000000
10.71353	.022658	.000000
10.73571	.022719	.000000
10.75798	.022769	.000000
10.78035	.022817	.000000
10.80281	.022937	.000000
10.82536	.023131	.000000
10.84801	.023322	.000000
10.87075	.023455	.000000
10.89359	.023583	.000000
10.91652	.023731	.000000
10.93955	.024001	.000000
10.96267	.024256	.000000
10.9859	.024419	.000000
11.00923	.024587	.000000
11.03265	.024787	.000000
11.05617	.024963	.000000
11.0798	.025174	.000000
11.10352	.025437	.000000
11.12736	.025679	.000000
11.15129	.025940	.000000
11.17532	.026276	.000000
11.19946	.026608	.000000
11.2237	.026976	.000000
11.24804	.027331	.000000
11.2725	.027704	.000000
11.29706	.028018	.000000
11.32172	.028201	.000000
11.3465	.028347	.000000
11.37138	.028552	.000000
11.39637	.028765	.000000
11.42148	.029011	.000000
11.44669	.029211	.000000
11.472	.029350	.000000
11.49744	.029504	.000000
11.52299	.029622	.000000
11.54866	.029618	.000000
11.57443	.029647	.000000
11.60033	.029763	.000000
11.62634	.029970	.000000
11.65247	.030195	.000000
11.67871	.030404	.000000
11.70508	.030716	.000000
11.73156	.031148	.000000
11.75816	.031527	.000000
11.78488	.031829	.000000
11.81173	.032055	.000000
11.8387	.032166	.000000
11.86579	.032129	.000000
11.89301	.032036	.000000
11.92035	.032155	.000000
11.94782	.032680	.000000
11.97541	.033507	.000000
12.00313	.034502	.000000
12.03098	.035544	.000000
12.05896	.036530	.000000
12.08707	.037417	.000000
12.11531	.038194	.000000
12.14369	.038817	.000000
12.17219	.039289	.000000
12.20083	.039542	.000000
12.2296	.039592	.000000
12.25851	.039474	.000000
12.28756	.039203	.000000
12.31675	.038733	.000000
12.34607	.037991	.000000
12.37554	.036982	.000000
12.40515	.035875	.000000
12.4349	.034807	.000000
12.46479	.033616	.000000
12.49483	.032250	.000000
12.52501	.030941	.000000
12.55534	.029793	.000000
12.58581	.028713	.000000
12.61643	.027574	.000000
12.64721	.026558	.000000
12.67813	.025660	.000000
12.70921	.024826	.000000
12.74043	.024072	.000000
12.77182	.023383	.000000
12.80335	.022758	.000000
12.83504	.022165	.000000
12.86688	.021619	.000000
12.89889	.021087	.000000
12.93106	.020632	.000000
12.96338	.020307	.000000
12.99587	.019900	.000000
13.02853	.019480	.000000
13.06134	.019160	.000000
13.09434	.018898	.000000
13.12749	.018559	.000000
13.16081	.018209	.000000
13.1943	.017969	.000000
13.22796	.017773	.000000
13.26179	.017541	.000000
13.29579	.017318	.000000
13.32997	.017141	.000000
13.36433	.016914	.000000
13.39886	.016620	.000000
13.43357	.016370	.000000
13.46846	.016093	.000000
13.50354	.015816	.000000
13.5388	.015602	.000000
13.57424	.015370	.000000
13.60987	.015161	.000000
13.64568	.015073	.000000
13.68168	.015031	.000000
13.71788	.014936	.000000
13.75427	.014714	.000000
13.79085	.014531	.000000
13.82762	.014359	.000000
13.8646	.014138	.000000
13.90177	.013904	.000000
13.93913	.013831	.000000
13.97671	.013741	.000000
14.01448	.013490	.000000
14.05246	.013300	.000000
14.09065	.013247	.000000
14.12904	.013254	.000000
14.16765	.013191	.000000
14.20646	.013049	.000000
14.24549	.012977	.000000
14.28473	.012858	.000000
14.32419	.012772	.000000
14.36387	.012704	.000000
14.40377	.012568	.000000
14.44389	.012504	.000000
14.48424	.012472	.000000
14.52481	.012265	.000000
14.56563	.012034	.000000
14.60666	.011854	.000000
14.64792	.011658	.000000
14.68942	.011504	.000000
14.73115	.011426	.000000
14.77312	.011318	.000000
14.81533	.011213	.000000
14.85778	.011095	.000000
14.90047	.011067	.000000
14.94341	.011010	.000000
14.9866	.010917	.000000
15.03004	.010831	.000000
15.07374	.010708	.000000
15.11768	.010547	.000000
15.16189	.010326	.000000
15.20635	.010099	.000000
15.25107	.009949	.000000
15.29606	.009697	.000000
15.34131	.009374	.000000
15.38684	.009137	.000000
15.43263	.009017	.000000
15.4787	.008751	.000000
15.52504	.008547	.000000
15.57167	.008604	.000000
15.61857	.008713	.000000
15.66575	.008719	.000000
15.71322	.008956	.000000
15.76099	.009238	.000000
15.80904	.009436	.000000
15.85738	.009717	.000000
15.90603	.009874	.000000
15.95497	.009904	.000000
16.00423	.010051	.000000
16.05378	.010265	.000000
16.10364	.010327	.000000
16.15381	.010254	.000000
16.20429	.010192	.000000
16.25509	.010154	.000000
16.3062	.010179	.000000
16.35764	.010247	.000000
16.4094	.010315	.000000
16.4615	.010395	.000000
16.51392	.010440	.000000
16.56668	.010631	.000000
16.61978	.010917	.000000
16.67322	.011118	.000000
16.72701	.011158	.000000
16.78114	.011331	.000000
16.83562	.011570	.000000
16.89046	.011792	.000000
16.94566	.011979	.000000
17.00122	.012133	.000000
17.05714	.012352	.000000
17.11344	.012568	.000000
17.17011	.012718	.000000
17.22715	.012900	.000000
17.28457	.013174	.000000
17.34238	.013561	.000000
17.40057	.013868	.000000
17.45916	.014175	.000000
17.51815	.014561	.000000
17.57753	.014816	.000000
17.63732	.014947	.000000
17.69752	.015118	.000000
17.75812	.015332	.000000
17.81914	.015432	.000000
17.88059	.015495	.000000
17.94246	.015461	.000000
18.00476	.015423	.000000
18.0675	.015559	.000000
18.13067	.015605	.000000
18.19429	.015582	.000000
18.25838	.015611	.000000
18.3229	.015566	.000000
18.38788	.015827	.000000
18.45331	.016148	.000000
18.51922	.016314	.000000
18.5856	.016559	.000000
18.65245	.016762	.000000
18.71979	.016973	.000000
18.78761	.017282	.000000
18.85593	.017291	.000000
18.92475	.017289	.000000
18.99407	.017309	.000000
19.0639	.017446	.000000
19.13425	.017643	.000000
19.20512	.017725	.000000
19.27651	.017909	.000000
19.34844	.017975	.000000
19.4209	.017959	.000000
19.49392	.018048	.000000
19.56748	.018232	.000000
19.6416	.018389	.000000
19.71628	.018323	.000000
19.79154	.018221	.000000
19.86737	.018050	.000000
19.94378	.017994	.000000
20.02078	.018118	.000000
20.09838	.017852	.000000
20.17659	.017702	.000000
20.2554	.017650	.000000
20.33483	.017678	.000000
20.41489	.017793	.000000
20.49558	.017943	.000000
20.57692	.018043	.000000
20.6589	.018007	.000000
20.74153	.018485	.000000
20.82483	.018828	.000000
20.9088	.018725	.000000
20.99345	.018693	.000000
21.07879	.018891	.000000
21.16483	.019234	.000000
21.25155	.019114	.000000
21.339	.018914	.000000
21.42718	.019014	.000000
21.51609	.019080	.000000
21.60574	.018962	.000000
21.69614	.018673	.000000
21.7873	.018402	.000000
21.87923	.018036	.000000
21.97194	.017605	.000000
22.06544	.017423	.000000
22.15973	.017686	.000000
22.25484	.017571	.000000
22.35076	.017162	.000000
22.44752	.016993	.000000
22.54512	.017012	.000000
22.64357	.016939	.000000
22.74288	.016970	.000000
22.84307	.017014	.000000
22.94415	.016893	.000000
23.04612	.017105	.000000
23.14901	.017223	.000000
23.25281	.017509	.000000
23.35755	.017764	.000000
23.46325	.018028	.000000
23.5699	.018594	.000000
23.67752	.019030	.000000
23.78613	.018728	.000000
23.89575	.018796	.000000
24.00638	.019800	.000000
24.11803	.020644	.000000
24.23073	.021317	.000000
24.34452	.021262	.000000
24.45936	.021103	.000000
24.57528	.021923	.000000
24.6923	.022153	.000000
24.81045	.021967	.000000
24.92973	.022076	.000000
25.05016	.022731	.000000
