Brown University Keck/NASA Relab Spectrum AV-A1V-024/BKR1AV024
Wavelength(micron)	Reflectance	Standard Deviation
0.32	.021617	.002961
0.325	.021716	.002584
0.33	.021947	.002385
0.335	.022142	.002382
0.34	.022580	.002542
0.345	.022823	.002639
0.35	.022646	.002045
0.355	.022527	.002433
0.36	.022654	.001455
0.365	.022889	.002246
0.37	.023261	.001833
0.375	.023624	.001664
0.38	.024290	.001579
0.385	.025008	.001630
0.39	.025583	.002803
0.395	.026161	.002167
0.4	.027089	.001017
0.405	.028745	.001339
0.41	.029628	.001108
0.415	.030580	.001291
0.42	.031875	.001092
0.425	.032448	.001675
0.43	.033641	.001488
0.435	.034938	.001352
0.44	.036375	.001201
0.445	.037751	.001100
0.45	.039206	.000998
0.455	.040480	.000923
0.46	.041673	.000853
0.465	.042757	.001541
0.47	.043810	.001424
0.475	.044821	.001343
0.48	.046288	.001253
0.485	.047954	.001179
0.49	.050419	.001125
0.495	.053508	.001078
0.5	.056996	.001025
0.505	.060186	.000999
0.51	.063385	.000970
0.515	.066666	.000944
0.52	.070835	.000912
0.525	.075279	.001164
0.53	.080149	.001140
0.535	.085091	.001144
0.54	.090699	.001127
0.545	.096142	.001139
0.55	.102219	.001142
0.555	.107548	.001129
0.56	.113555	.001151
0.565	.119256	.001140
0.57	.125537	.001155
0.575	.131857	.001195
0.58	.138909	.001218
0.585	.145331	.001264
0.59	.152479	.001278
0.595	.158815	.001277
0.6	.165935	.001327
0.605	.171955	.001385
0.61	.177903	.001341
0.615	.182664	.001441
0.62	.187428	.001452
0.625	.190835	.001440
0.63	.194928	.001457
0.635	.197971	.001425
0.64	.201846	.001446
0.645	.204355	.001477
0.65	.208484	.001492
0.655	.212600	.001577
0.66	.217996	.001593
0.665	.223032	.001578
0.67	.228754	.001611
0.675	.233931	.001605
0.68	.239652	.001597
0.685	.244233	.001614
0.69	.249227	.001655
0.695	.252961	.001699
0.7	.257234	.001753
0.705	.260626	.001720
0.71	.264512	.001761
0.715	.267508	.001765
0.72	.270658	.001878
0.725	.273291	.001793
0.73	.276112	.001919
0.735	.278813	.002080
0.74	.280966	.002070
0.745	.282911	.002090
0.75	.284676	.002159
0.755	.286036	.002131
0.76	.287487	.002083
0.765	.288606	.002030
0.77	.289732	.001973
0.775	.290715	.001894
0.78	.291868	.001919
0.785	.292705	.001922
0.79	.293354	.002024
0.795	.293687	.002061
0.8	.294116	.002117
0.805	.294487	.002116
0.81	.294903	.002200
0.815	.295200	.002396
0.82	.295223	.002357
0.825	.295084	.002323
0.83	.294909	.002394
0.835	.294909	.002384
0.84	.294778	.002466
0.845	.294602	.002481
0.85	.294539	.002456
0.855	.294372	.002385
0.86	.294006	.003386
0.865	.293732	.003264
0.87	.293501	.002909
0.875	.293129	.002808
0.88	.292682	.002622
0.885	.292138	.003069
0.89	.291956	.002741
0.895	.291725	.002747
0.9	.291478	.002525
0.905	.290865	.002487
0.91	.290662	.002498
0.915	.290448	.002461
0.92	.290229	.002435
0.925	.289980	.002372
0.93	.289667	.002356
0.935	.289446	.002181
0.94	.289340	.002164
0.945	.288928	.002059
0.95	.288809	.001997
0.955	.288484	.002100
0.96	.288338	.001985
0.965	.288368	.002003
0.97	.288486	.002072
0.975	.288045	.002065
0.98	.288331	.001962
0.985	.288152	.001944
0.99	.288270	.001823
0.995	.288009	.001962
1	.288723	.002237
1.005	.288849	.002164
1.01	.288711	.002138
1.015	.288683	.002285
1.02	.288893	.002068
1.025	.289217	.002119
1.03	.289221	.002054
1.035	.289387	.002043
1.04	.289634	.001971
1.045	.289697	.002101
1.05	.290069	.001956
1.055	.290227	.002019
1.06	.290479	.001983
1.065	.290915	.001924
1.07	.291430	.001935
1.075	.291697	.001965
1.08	.291908	.001988
1.085	.292328	.001972
1.09	.292746	.002289
1.095	.293146	.002250
1.1	.293899	.002279
1.105	.294220	.002327
1.11	.294316	.002325
1.115	.294788	.002259
1.12	.295365	.002233
1.125	.295488	.002241
1.13	.295912	.002245
1.135	.296605	.002209
1.14	.296734	.002110
1.145	.296902	.001997
1.15	.297357	.002031
1.155	.297529	.002067
1.16	.297636	.002070
1.165	.298144	.002061
1.17	.298225	.002075
1.175	.298467	.002016
1.18	.298833	.001943
1.185	.298563	.001809
1.19	.298976	.001959
1.195	.299312	.001806
1.2	.299447	.001847
1.205	.299595	.001710
1.21	.299875	.001763
1.215	.299904	.001674
1.22	.299948	.001758
1.225	.299920	.001851
1.23	.299901	.001772
1.235	.300263	.001675
1.24	.300310	.001676
1.245	.300442	.001683
1.25	.300691	.001623
1.255	.301027	.001689
1.26	.300934	.001692
1.265	.301254	.001727
1.27	.301307	.001644
1.275	.301166	.001680
1.28	.301474	.001732
1.285	.301568	.001716
1.29	.301622	.001699
1.295	.301881	.001619
1.3	.301761	.001562
1.305	.301768	.001572
1.31	.302253	.001560
1.315	.302437	.001565
1.32	.302525	.001649
1.325	.302440	.001707
1.33	.302409	.001566
1.335	.302626	.001664
1.34	.302710	.001771
1.345	.302536	.001798
1.35	.302528	.001762
1.355	.302567	.001768
1.36	.302456	.001760
1.365	.302529	.001779
1.37	.302621	.001775
1.375	.302614	.001766
1.38	.302656	.001750
1.385	.302751	.001780
1.39	.302659	.001806
1.395	.302684	.001848
1.4	.302692	.001865
1.405	.302624	.001885
1.41	.302954	.001865
1.415	.303024	.001835
1.42	.303073	.001787
1.425	.303201	.001757
1.43	.303255	.001743
1.435	.303264	.001742
1.44	.303227	.001754
1.445	.303541	.001742
1.45	.303542	.001756
1.455	.303746	.001672
1.46	.304002	.001710
1.465	.303775	.001726
1.47	.303744	.001745
1.475	.304269	.001677
1.48	.304262	.001771
1.485	.304546	.001802
1.49	.304718	.001831
1.495	.304622	.001801
1.5	.304598	.001841
1.505	.304858	.001776
1.51	.304825	.001698
1.515	.305176	.001763
1.52	.305340	.001660
1.525	.305378	.001776
1.53	.305313	.001688
1.535	.305502	.001671
1.54	.305478	.001661
1.545	.305540	.001604
1.55	.305787	.001592
1.555	.306066	.001589
1.56	.306221	.001611
1.565	.306214	.001714
1.57	.306413	.001667
1.575	.306701	.001642
1.58	.306655	.001603
1.585	.306896	.001712
1.59	.307019	.001644
1.595	.306898	.001627
1.6	.307022	.001644
1.605	.307005	.001824
1.61	.307134	.001762
1.615	.307215	.001829
1.62	.307684	.001844
1.625	.307807	.001932
1.63	.307754	.001893
1.635	.307846	.001870
1.64	.307947	.001911
1.645	.308409	.001911
1.65	.308680	.001983
1.655	.309241	.001982
1.66	.309535	.001970
1.665	.309722	.001986
1.67	.309780	.002056
1.675	.310166	.002046
1.68	.310205	.001960
1.685	.310534	.002022
1.69	.310861	.002113
1.695	.311020	.002182
1.7	.311029	.002211
1.705	.311191	.002275
1.71	.311398	.002209
1.715	.311514	.002165
1.72	.311464	.002040
1.725	.311653	.002164
1.73	.311840	.002197
1.735	.311558	.002085
1.74	.311673	.002153
1.745	.311612	.002180
1.75	.311527	.002190
1.755	.311615	.002089
1.76	.311890	.002201
1.765	.311881	.002138
1.77	.312054	.002245
1.775	.311871	.002168
1.78	.312028	.002060
1.785	.312330	.002120
1.79	.312455	.001981
1.795	.312477	.001958
1.8	.312500	.001964
1.805	.312620	.001828
1.81	.312669	.001836
1.815	.312938	.001861
1.82	.313099	.001869
1.825	.313182	.001921
1.83	.313343	.001963
1.835	.313390	.001990
1.84	.313511	.002025
1.845	.313759	.002022
1.85	.313887	.002035
1.85015	.313939	.000000
1.85048	.314052	.000000
1.85081	.313946	.000000
1.85114	.313864	.000000
1.85147	.313847	.000000
1.8518	.313827	.000000
1.85213	.313860	.000000
1.85246	.313955	.000000
1.85279	.313990	.000000
1.85312	.313940	.000000
1.85345	.313944	.000000
1.85378	.313972	.000000
1.85412	.313977	.000000
1.85445	.313995	.000000
1.85478	.314056	.000000
1.85511	.314109	.000000
1.85544	.314102	.000000
1.85577	.314122	.000000
1.85611	.314145	.000000
1.85644	.314107	.000000
1.85677	.314069	.000000
1.8571	.314142	.000000
1.85744	.314217	.000000
1.85777	.314228	.000000
1.8581	.314200	.000000
1.85843	.314177	.000000
1.85877	.314175	.000000
1.8591	.314226	.000000
1.85943	.314237	.000000
1.85977	.314244	.000000
1.8601	.314279	.000000
1.86044	.314310	.000000
1.86077	.314305	.000000
1.8611	.314283	.000000
1.86144	.314274	.000000
1.86177	.314354	.000000
1.86211	.314394	.000000
1.86244	.314393	.000000
1.86277	.314347	.000000
1.86311	.314312	.000000
1.86344	.314369	.000000
1.86378	.314376	.000000
1.86411	.314382	.000000
1.86445	.314372	.000000
1.86478	.314420	.000000
1.86512	.314327	.000000
1.86546	.314272	.000000
1.86579	.314361	.000000
1.86613	.314415	.000000
1.86646	.314458	.000000
1.8668	.314477	.000000
1.86714	.314460	.000000
1.86747	.314455	.000000
1.86781	.314532	.000000
1.86814	.314576	.000000
1.86848	.314532	.000000
1.86882	.314495	.000000
1.86915	.314504	.000000
1.86949	.314526	.000000
1.86983	.314566	.000000
1.87017	.314614	.000000
1.8705	.314594	.000000
1.87084	.314528	.000000
1.87118	.314565	.000000
1.87152	.314632	.000000
1.87185	.314682	.000000
1.87219	.314634	.000000
1.87253	.314574	.000000
1.87287	.314566	.000000
1.87321	.314576	.000000
1.87354	.314614	.000000
1.87388	.314671	.000000
1.87422	.314607	.000000
1.87456	.314583	.000000
1.8749	.314640	.000000
1.87524	.314786	.000000
1.87558	.314825	.000000
1.87592	.314728	.000000
1.87626	.314658	.000000
1.8766	.314653	.000000
1.87694	.314667	.000000
1.87728	.314709	.000000
1.87762	.314779	.000000
1.87796	.314762	.000000
1.8783	.314724	.000000
1.87864	.314702	.000000
1.87898	.314718	.000000
1.87932	.314819	.000000
1.87966	.314834	.000000
1.88	.314812	.000000
1.88034	.314865	.000000
1.88068	.314907	.000000
1.88102	.314942	.000000
1.88136	.314951	.000000
1.8817	.314900	.000000
1.88205	.314902	.000000
1.88239	.314923	.000000
1.88273	.314927	.000000
1.88307	.314925	.000000
1.88341	.314940	.000000
1.88376	.314933	.000000
1.8841	.315000	.000000
1.88444	.315057	.000000
1.88478	.315039	.000000
1.88513	.314964	.000000
1.88547	.314984	.000000
1.88581	.315070	.000000
1.88615	.315057	.000000
1.8865	.315035	.000000
1.88684	.315063	.000000
1.88718	.315107	.000000
1.88753	.315138	.000000
1.88787	.315198	.000000
1.88821	.315167	.000000
1.88856	.315086	.000000
1.8889	.315092	.000000
1.88925	.315136	.000000
1.88959	.315193	.000000
1.88994	.315178	.000000
1.89028	.315125	.000000
1.89062	.315092	.000000
1.89097	.315121	.000000
1.89131	.315193	.000000
1.89166	.315240	.000000
1.892	.315255	.000000
1.89235	.315226	.000000
1.89269	.315202	.000000
1.89304	.315172	.000000
1.89339	.315167	.000000
1.89373	.315163	.000000
1.89408	.315150	.000000
1.89442	.315139	.000000
1.89477	.315180	.000000
1.89512	.315264	.000000
1.89546	.315315	.000000
1.89581	.315310	.000000
1.89616	.315264	.000000
1.8965	.315187	.000000
1.89685	.315220	.000000
1.8972	.315288	.000000
1.89754	.315334	.000000
1.89789	.315330	.000000
1.89824	.315348	.000000
1.89859	.315410	.000000
1.89893	.315401	.000000
1.89928	.315374	.000000
1.89963	.315407	.000000
1.89998	.315429	.000000
1.90033	.315423	.000000
1.90067	.315432	.000000
1.90102	.315476	.000000
1.90137	.315376	.000000
1.90172	.315363	.000000
1.90207	.315392	.000000
1.90242	.315354	.000000
1.90277	.315383	.000000
1.90312	.315482	.000000
1.90346	.315573	.000000
1.90381	.315553	.000000
1.90416	.315458	.000000
1.90451	.315438	.000000
1.90486	.315515	.000000
1.90521	.315529	.000000
1.90556	.315471	.000000
1.90591	.315500	.000000
1.90626	.315548	.000000
1.90661	.315537	.000000
1.90697	.315590	.000000
1.90732	.315612	.000000
1.90767	.315568	.000000
1.90802	.315553	.000000
1.90837	.315561	.000000
1.90872	.315586	.000000
1.90907	.315606	.000000
1.90942	.315634	.000000
1.90977	.315674	.000000
1.91013	.315709	.000000
1.91048	.315712	.000000
1.91083	.315632	.000000
1.91118	.315669	.000000
1.91154	.315736	.000000
1.91189	.315709	.000000
1.91224	.315711	.000000
1.91259	.315745	.000000
1.91295	.315762	.000000
1.9133	.315826	.000000
1.91365	.315848	.000000
1.91401	.315813	.000000
1.91436	.315810	.000000
1.91471	.315881	.000000
1.91507	.315907	.000000
1.91542	.315846	.000000
1.91577	.315846	.000000
1.91613	.315897	.000000
1.91648	.315938	.000000
1.91684	.315945	.000000
1.91719	.315908	.000000
1.91754	.315967	.000000
1.9179	.315989	.000000
1.91825	.315927	.000000
1.91861	.315993	.000000
1.91896	.316024	.000000
1.91932	.316009	.000000
1.91967	.315952	.000000
1.92003	.315897	.000000
1.92039	.315875	.000000
1.92074	.315890	.000000
1.9211	.316005	.000000
1.92145	.316121	.000000
1.92181	.316101	.000000
1.92217	.316060	.000000
1.92252	.316031	.000000
1.92288	.316082	.000000
1.92323	.316156	.000000
1.92359	.316199	.000000
1.92395	.316221	.000000
1.92431	.316176	.000000
1.92466	.316130	.000000
1.92502	.316229	.000000
1.92538	.316271	.000000
1.92573	.316242	.000000
1.92609	.316242	.000000
1.92645	.316214	.000000
1.92681	.316253	.000000
1.92717	.316329	.000000
1.92752	.316328	.000000
1.92788	.316249	.000000
1.92824	.316234	.000000
1.9286	.316315	.000000
1.92896	.316395	.000000
1.92932	.316436	.000000
1.92968	.316426	.000000
1.93004	.316421	.000000
1.9304	.316406	.000000
1.93075	.316434	.000000
1.93111	.316483	.000000
1.93147	.316487	.000000
1.93183	.316434	.000000
1.93219	.316419	.000000
1.93255	.316412	.000000
1.93291	.316441	.000000
1.93327	.316522	.000000
1.93364	.316525	.000000
1.934	.316500	.000000
1.93436	.316507	.000000
1.93472	.316547	.000000
1.93508	.316599	.000000
1.93544	.316608	.000000
1.9358	.316599	.000000
1.93616	.316606	.000000
1.93652	.316586	.000000
1.93689	.316589	.000000
1.93725	.316571	.000000
1.93761	.316555	.000000
1.93797	.316655	.000000
1.93833	.316718	.000000
1.9387	.316732	.000000
1.93906	.316765	.000000
1.93942	.316772	.000000
1.93978	.316822	.000000
1.94015	.316871	.000000
1.94051	.316860	.000000
1.94087	.316842	.000000
1.94124	.316840	.000000
1.9416	.316833	.000000
1.94196	.316884	.000000
1.94233	.316963	.000000
1.94269	.316939	.000000
1.94306	.316919	.000000
1.94342	.316963	.000000
1.94378	.316981	.000000
1.94415	.316985	.000000
1.94451	.317012	.000000
1.94488	.317031	.000000
1.94524	.316974	.000000
1.94561	.316934	.000000
1.94597	.317003	.000000
1.94634	.317104	.000000
1.9467	.317095	.000000
1.94707	.317053	.000000
1.94743	.317012	.000000
1.9478	.317036	.000000
1.94817	.317078	.000000
1.94853	.317107	.000000
1.9489	.317140	.000000
1.94926	.317195	.000000
1.94963	.317175	.000000
1.95	.317093	.000000
1.95036	.317128	.000000
1.95073	.317215	.000000
1.9511	.317259	.000000
1.95147	.317204	.000000
1.95183	.317236	.000000
1.9522	.317283	.000000
1.95257	.317259	.000000
1.95294	.317226	.000000
1.9533	.317309	.000000
1.95367	.317380	.000000
1.95404	.317344	.000000
1.95441	.317302	.000000
1.95478	.317300	.000000
1.95515	.317289	.000000
1.95551	.317371	.000000
1.95588	.317453	.000000
1.95625	.317483	.000000
1.95662	.317512	.000000
1.95699	.317470	.000000
1.95736	.317355	.000000
1.95773	.317338	.000000
1.9581	.317419	.000000
1.95847	.317477	.000000
1.95884	.317497	.000000
1.95921	.317514	.000000
1.95958	.317468	.000000
1.95995	.317475	.000000
1.96032	.317519	.000000
1.96069	.317571	.000000
1.96106	.317518	.000000
1.96143	.317485	.000000
1.9618	.317550	.000000
1.96217	.317651	.000000
1.96255	.317664	.000000
1.96292	.317637	.000000
1.96329	.317677	.000000
1.96366	.317697	.000000
1.96403	.317680	.000000
1.9644	.317618	.000000
1.96478	.317631	.000000
1.96515	.317671	.000000
1.96552	.317682	.000000
1.96589	.317704	.000000
1.96627	.317779	.000000
1.96664	.317814	.000000
1.96701	.317831	.000000
1.96739	.317770	.000000
1.96776	.317721	.000000
1.96813	.317660	.000000
1.96851	.317697	.000000
1.96888	.317831	.000000
1.96925	.317875	.000000
1.96963	.317854	.000000
1.97	.317858	.000000
1.97038	.317873	.000000
1.97075	.317862	.000000
1.97113	.317862	.000000
1.9715	.317891	.000000
1.97188	.317867	.000000
1.97225	.317876	.000000
1.97263	.317920	.000000
1.973	.317973	.000000
1.97338	.317953	.000000
1.97375	.317928	.000000
1.97413	.318008	.000000
1.9745	.318025	.000000
1.97488	.317983	.000000
1.97526	.318048	.000000
1.97563	.318114	.000000
1.97601	.318096	.000000
1.97639	.318025	.000000
1.97676	.318004	.000000
1.97714	.318087	.000000
1.97752	.318102	.000000
1.97789	.318118	.000000
1.97827	.318144	.000000
1.97865	.318145	.000000
1.97903	.318158	.000000
1.9794	.318156	.000000
1.97978	.318178	.000000
1.98016	.318231	.000000
1.98054	.318279	.000000
1.98092	.318316	.000000
1.98129	.318356	.000000
1.98167	.318318	.000000
1.98205	.318297	.000000
1.98243	.318336	.000000
1.98281	.318376	.000000
1.98319	.318433	.000000
1.98357	.318416	.000000
1.98395	.318336	.000000
1.98433	.318374	.000000
1.98471	.318420	.000000
1.98509	.318352	.000000
1.98547	.318376	.000000
1.98585	.318409	.000000
1.98623	.318446	.000000
1.98661	.318435	.000000
1.98699	.318411	.000000
1.98737	.318479	.000000
1.98775	.318559	.000000
1.98813	.318543	.000000
1.98851	.318462	.000000
1.98889	.318458	.000000
1.98928	.318535	.000000
1.98966	.318572	.000000
1.99004	.318570	.000000
1.99042	.318550	.000000
1.9908	.318524	.000000
1.99119	.318497	.000000
1.99157	.318583	.000000
1.99195	.318598	.000000
1.99233	.318596	.000000
1.99272	.318616	.000000
1.9931	.318616	.000000
1.99348	.318625	.000000
1.99387	.318645	.000000
1.99425	.318632	.000000
1.99463	.318656	.000000
1.99502	.318726	.000000
1.9954	.318784	.000000
1.99578	.318826	.000000
1.99617	.318770	.000000
1.99655	.318748	.000000
1.99694	.318814	.000000
1.99732	.318848	.000000
1.99771	.318845	.000000
1.99809	.318852	.000000
1.99848	.318861	.000000
1.99886	.318870	.000000
1.99925	.318887	.000000
1.99963	.318929	.000000
2.00002	.318997	.000000
2.00041	.319013	.000000
2.00079	.318925	.000000
2.00118	.318845	.000000
2.00156	.318856	.000000
2.00195	.318891	.000000
2.00234	.318942	.000000
2.00272	.318953	.000000
2.00311	.318975	.000000
2.0035	.318969	.000000
2.00388	.318958	.000000
2.00427	.318993	.000000
2.00466	.318962	.000000
2.00505	.319028	.000000
2.00543	.319129	.000000
2.00582	.319099	.000000
2.00621	.319059	.000000
2.0066	.319046	.000000
2.00699	.319090	.000000
2.00738	.319081	.000000
2.00776	.319139	.000000
2.00815	.319207	.000000
2.00854	.319200	.000000
2.00893	.319150	.000000
2.00932	.319160	.000000
2.00971	.319138	.000000
2.0101	.319172	.000000
2.01049	.319231	.000000
2.01088	.319224	.000000
2.01127	.319205	.000000
2.01166	.319242	.000000
2.01205	.319315	.000000
2.01244	.319346	.000000
2.01283	.319306	.000000
2.01322	.319220	.000000
2.01361	.319227	.000000
2.014	.319310	.000000
2.01439	.319288	.000000
2.01479	.319345	.000000
2.01518	.319431	.000000
2.01557	.319464	.000000
2.01596	.319440	.000000
2.01635	.319427	.000000
2.01675	.319442	.000000
2.01714	.319436	.000000
2.01753	.319445	.000000
2.01792	.319526	.000000
2.01832	.319522	.000000
2.01871	.319506	.000000
2.0191	.319559	.000000
2.01949	.319583	.000000
2.01989	.319535	.000000
2.02028	.319539	.000000
2.02068	.319617	.000000
2.02107	.319619	.000000
2.02146	.319588	.000000
2.02186	.319566	.000000
2.02225	.319604	.000000
2.02265	.319628	.000000
2.02304	.319594	.000000
2.02344	.319636	.000000
2.02383	.319734	.000000
2.02423	.319771	.000000
2.02462	.319747	.000000
2.02502	.319749	.000000
2.02541	.319745	.000000
2.02581	.319723	.000000
2.0262	.319744	.000000
2.0266	.319784	.000000
2.02699	.319780	.000000
2.02739	.319791	.000000
2.02779	.319881	.000000
2.02818	.319950	.000000
2.02858	.319941	.000000
2.02898	.319821	.000000
2.02938	.319822	.000000
2.02977	.319868	.000000
2.03017	.319888	.000000
2.03057	.319903	.000000
2.03096	.319961	.000000
2.03136	.320033	.000000
2.03176	.320064	.000000
2.03216	.319965	.000000
2.03256	.319938	.000000
2.03296	.319982	.000000
2.03335	.320055	.000000
2.03375	.320037	.000000
2.03415	.319969	.000000
2.03455	.320035	.000000
2.03495	.320068	.000000
2.03535	.320088	.000000
2.03575	.320113	.000000
2.03615	.320145	.000000
2.03655	.320210	.000000
2.03695	.320251	.000000
2.03735	.320238	.000000
2.03775	.320168	.000000
2.03815	.320156	.000000
2.03855	.320205	.000000
2.03895	.320265	.000000
2.03935	.320364	.000000
2.03975	.320393	.000000
2.04016	.320375	.000000
2.04056	.320309	.000000
2.04096	.320280	.000000
2.04136	.320348	.000000
2.04176	.320390	.000000
2.04216	.320415	.000000
2.04257	.320408	.000000
2.04297	.320362	.000000
2.04337	.320322	.000000
2.04377	.320361	.000000
2.04418	.320447	.000000
2.04458	.320498	.000000
2.04498	.320534	.000000
2.04539	.320542	.000000
2.04579	.320573	.000000
2.04619	.320560	.000000
2.0466	.320496	.000000
2.047	.320487	.000000
2.04741	.320536	.000000
2.04781	.320602	.000000
2.04821	.320652	.000000
2.04862	.320644	.000000
2.04902	.320674	.000000
2.04943	.320703	.000000
2.04983	.320675	.000000
2.05024	.320666	.000000
2.05065	.320686	.000000
2.05105	.320705	.000000
2.05146	.320697	.000000
2.05186	.320631	.000000
2.05227	.320653	.000000
2.05268	.320738	.000000
2.05308	.320685	.000000
2.05349	.320674	.000000
2.05389	.320729	.000000
2.0543	.320800	.000000
2.05471	.320835	.000000
2.05512	.320840	.000000
2.05552	.320831	.000000
2.05593	.320738	.000000
2.05634	.320703	.000000
2.05675	.320763	.000000
2.05715	.320904	.000000
2.05756	.320965	.000000
2.05797	.320946	.000000
2.05838	.320946	.000000
2.05879	.320915	.000000
2.0592	.320921	.000000
2.05961	.320959	.000000
2.06001	.320979	.000000
2.06042	.320992	.000000
2.06083	.321067	.000000
2.06124	.321036	.000000
2.06165	.321018	.000000
2.06206	.321025	.000000
2.06247	.321021	.000000
2.06288	.321042	.000000
2.06329	.321054	.000000
2.0637	.321080	.000000
2.06412	.321062	.000000
2.06453	.321020	.000000
2.06494	.320985	.000000
2.06535	.321010	.000000
2.06576	.321056	.000000
2.06617	.321078	.000000
2.06658	.321109	.000000
2.067	.321201	.000000
2.06741	.321237	.000000
2.06782	.321283	.000000
2.06823	.321342	.000000
2.06865	.321342	.000000
2.06906	.321289	.000000
2.06947	.321320	.000000
2.06988	.321307	.000000
2.0703	.321223	.000000
2.07071	.321201	.000000
2.07112	.321283	.000000
2.07154	.321327	.000000
2.07195	.321298	.000000
2.07237	.321389	.000000
2.07278	.321497	.000000
2.07319	.321448	.000000
2.07361	.321435	.000000
2.07402	.321457	.000000
2.07444	.321453	.000000
2.07485	.321422	.000000
2.07527	.321433	.000000
2.07568	.321486	.000000
2.0761	.321516	.000000
2.07652	.321499	.000000
2.07693	.321534	.000000
2.07735	.321565	.000000
2.07776	.321521	.000000
2.07818	.321549	.000000
2.0786	.321626	.000000
2.07901	.321646	.000000
2.07943	.321657	.000000
2.07985	.321653	.000000
2.08026	.321644	.000000
2.08068	.321613	.000000
2.0811	.321596	.000000
2.08152	.321651	.000000
2.08194	.321732	.000000
2.08235	.321741	.000000
2.08277	.321730	.000000
2.08319	.321688	.000000
2.08361	.321693	.000000
2.08403	.321816	.000000
2.08445	.321843	.000000
2.08487	.321761	.000000
2.08528	.321783	.000000
2.0857	.321873	.000000
2.08612	.321900	.000000
2.08654	.321893	.000000
2.08696	.321867	.000000
2.08738	.321842	.000000
2.0878	.321880	.000000
2.08822	.321900	.000000
2.08865	.321906	.000000
2.08907	.321887	.000000
2.08949	.321893	.000000
2.08991	.321968	.000000
2.09033	.321977	.000000
2.09075	.322006	.000000
2.09117	.322004	.000000
2.09159	.322019	.000000
2.09202	.322069	.000000
2.09244	.322089	.000000
2.09286	.322072	.000000
2.09328	.322058	.000000
2.09371	.322036	.000000
2.09413	.322076	.000000
2.09455	.322129	.000000
2.09497	.322147	.000000
2.0954	.322114	.000000
2.09582	.322169	.000000
2.09624	.322263	.000000
2.09667	.322261	.000000
2.09709	.322199	.000000
2.09752	.322231	.000000
2.09794	.322303	.000000
2.09837	.322407	.000000
2.09879	.322416	.000000
2.09922	.322338	.000000
2.09964	.322316	.000000
2.10007	.322363	.000000
2.10049	.322349	.000000
2.10092	.322363	.000000
2.10134	.322372	.000000
2.10177	.322396	.000000
2.10219	.322422	.000000
2.10262	.322383	.000000
2.10305	.322354	.000000
2.10347	.322411	.000000
2.1039	.322502	.000000
2.10433	.322510	.000000
2.10475	.322471	.000000
2.10518	.322438	.000000
2.10561	.322464	.000000
2.10604	.322501	.000000
2.10646	.322554	.000000
2.10689	.322616	.000000
2.10732	.322581	.000000
2.10775	.322568	.000000
2.10818	.322654	.000000
2.10861	.322658	.000000
2.10904	.322634	.000000
2.10946	.322556	.000000
2.10989	.322574	.000000
2.11032	.322689	.000000
2.11075	.322658	.000000
2.11118	.322612	.000000
2.11161	.322729	.000000
2.11204	.322804	.000000
2.11247	.322739	.000000
2.1129	.322682	.000000
2.11333	.322702	.000000
2.11376	.322766	.000000
2.1142	.322830	.000000
2.11463	.322856	.000000
2.11506	.322858	.000000
2.11549	.322830	.000000
2.11592	.322843	.000000
2.11635	.322870	.000000
2.11678	.322852	.000000
2.11722	.322874	.000000
2.11765	.322938	.000000
2.11808	.322951	.000000
2.11851	.322929	.000000
2.11895	.322940	.000000
2.11938	.322966	.000000
2.11981	.322942	.000000
2.12025	.322958	.000000
2.12068	.322999	.000000
2.12111	.323010	.000000
2.12155	.322991	.000000
2.12198	.322967	.000000
2.12242	.323053	.000000
2.12285	.323158	.000000
2.12329	.323125	.000000
2.12372	.323123	.000000
2.12416	.323172	.000000
2.12459	.323150	.000000
2.12503	.323138	.000000
2.12546	.323165	.000000
2.1259	.323150	.000000
2.12633	.323152	.000000
2.12677	.323205	.000000
2.12721	.323249	.000000
2.12764	.323308	.000000
2.12808	.323366	.000000
2.12852	.323319	.000000
2.12895	.323370	.000000
2.12939	.323394	.000000
2.12983	.323339	.000000
2.13027	.323335	.000000
2.1307	.323332	.000000
2.13114	.323357	.000000
2.13158	.323423	.000000
2.13202	.323423	.000000
2.13246	.323379	.000000
2.13289	.323407	.000000
2.13333	.323473	.000000
2.13377	.323414	.000000
2.13421	.323388	.000000
2.13465	.323431	.000000
2.13509	.323454	.000000
2.13553	.323453	.000000
2.13597	.323475	.000000
2.13641	.323511	.000000
2.13685	.323588	.000000
2.13729	.323626	.000000
2.13773	.323606	.000000
2.13817	.323641	.000000
2.13861	.323670	.000000
2.13905	.323641	.000000
2.1395	.323636	.000000
2.13994	.323670	.000000
2.14038	.323687	.000000
2.14082	.323676	.000000
2.14126	.323716	.000000
2.1417	.323714	.000000
2.14215	.323731	.000000
2.14259	.323830	.000000
2.14303	.323894	.000000
2.14348	.323907	.000000
2.14392	.323885	.000000
2.14436	.323857	.000000
2.14481	.323903	.000000
2.14525	.323938	.000000
2.14569	.323930	.000000
2.14614	.323934	.000000
2.14658	.323923	.000000
2.14703	.323903	.000000
2.14747	.323907	.000000
2.14792	.323989	.000000
2.14836	.324037	.000000
2.14881	.324007	.000000
2.14925	.323993	.000000
2.1497	.324073	.000000
2.15014	.324090	.000000
2.15059	.324048	.000000
2.15103	.324095	.000000
2.15148	.324134	.000000
2.15193	.324166	.000000
2.15237	.324174	.000000
2.15282	.324143	.000000
2.15327	.324112	.000000
2.15371	.324110	.000000
2.15416	.324086	.000000
2.15461	.324097	.000000
2.15506	.324130	.000000
2.15551	.324130	.000000
2.15595	.324174	.000000
2.1564	.324245	.000000
2.15685	.324276	.000000
2.1573	.324284	.000000
2.15775	.324273	.000000
2.1582	.324309	.000000
2.15865	.324393	.000000
2.1591	.324386	.000000
2.15955	.324344	.000000
2.16	.324357	.000000
2.16045	.324392	.000000
2.1609	.324401	.000000
2.16135	.324390	.000000
2.1618	.324419	.000000
2.16225	.324456	.000000
2.1627	.324465	.000000
2.16315	.324472	.000000
2.1636	.324489	.000000
2.16405	.324573	.000000
2.1645	.324566	.000000
2.16496	.324571	.000000
2.16541	.324575	.000000
2.16586	.324551	.000000
2.16631	.324617	.000000
2.16677	.324593	.000000
2.16722	.324562	.000000
2.16767	.324560	.000000
2.16813	.324619	.000000
2.16858	.324653	.000000
2.16903	.324668	.000000
2.16949	.324685	.000000
2.16994	.324650	.000000
2.17039	.324708	.000000
2.17085	.324800	.000000
2.1713	.324763	.000000
2.17176	.324730	.000000
2.17221	.324721	.000000
2.17267	.324732	.000000
2.17312	.324729	.000000
2.17358	.324714	.000000
2.17403	.324741	.000000
2.17449	.324756	.000000
2.17495	.324750	.000000
2.1754	.324822	.000000
2.17586	.324857	.000000
2.17632	.324840	.000000
2.17677	.324880	.000000
2.17723	.324917	.000000
2.17769	.324866	.000000
2.17814	.324873	.000000
2.1786	.324893	.000000
2.17906	.324875	.000000
2.17952	.324999	.000000
2.17998	.325060	.000000
2.18043	.324983	.000000
2.18089	.325018	.000000
2.18135	.325071	.000000
2.18181	.325076	.000000
2.18227	.325065	.000000
2.18273	.325047	.000000
2.18319	.325016	.000000
2.18365	.325043	.000000
2.18411	.325087	.000000
2.18457	.325111	.000000
2.18503	.325124	.000000
2.18549	.325155	.000000
2.18595	.325150	.000000
2.18641	.325122	.000000
2.18687	.325159	.000000
2.18733	.325173	.000000
2.18779	.325241	.000000
2.18826	.325254	.000000
2.18872	.325241	.000000
2.18918	.325283	.000000
2.18964	.325386	.000000
2.1901	.325349	.000000
2.19057	.325243	.000000
2.19103	.325236	.000000
2.19149	.325267	.000000
2.19196	.325243	.000000
2.19242	.325287	.000000
2.19288	.325305	.000000
2.19335	.325318	.000000
2.19381	.325349	.000000
2.19428	.325351	.000000
2.19474	.325369	.000000
2.1952	.325388	.000000
2.19567	.325494	.000000
2.19613	.325576	.000000
2.1966	.325563	.000000
2.19707	.325534	.000000
2.19753	.325518	.000000
2.198	.325512	.000000
2.19846	.325539	.000000
2.19893	.325560	.000000
2.1994	.325624	.000000
2.19986	.325684	.000000
2.20033	.325668	.000000
2.2008	.325673	.000000
2.20126	.325686	.000000
2.20173	.325732	.000000
2.2022	.325713	.000000
2.20267	.325768	.000000
2.20313	.325865	.000000
2.2036	.325799	.000000
2.20407	.325745	.000000
2.20454	.325821	.000000
2.20501	.325823	.000000
2.20548	.325745	.000000
2.20595	.325783	.000000
2.20641	.325862	.000000
2.20688	.325836	.000000
2.20735	.325787	.000000
2.20782	.325851	.000000
2.20829	.325946	.000000
2.20876	.325955	.000000
2.20924	.325999	.000000
2.20971	.326004	.000000
2.21018	.326025	.000000
2.21065	.326069	.000000
2.21112	.326091	.000000
2.21159	.326127	.000000
2.21206	.326076	.000000
2.21254	.326111	.000000
2.21301	.326206	.000000
2.21348	.326213	.000000
2.21395	.326204	.000000
2.21442	.326219	.000000
2.2149	.326151	.000000
2.21537	.326166	.000000
2.21584	.326217	.000000
2.21632	.326239	.000000
2.21679	.326270	.000000
2.21727	.326253	.000000
2.21774	.326279	.000000
2.21821	.326345	.000000
2.21869	.326356	.000000
2.21916	.326345	.000000
2.21964	.326352	.000000
2.22011	.326389	.000000
2.22059	.326444	.000000
2.22107	.326479	.000000
2.22154	.326438	.000000
2.22202	.326462	.000000
2.22249	.326521	.000000
2.22297	.326495	.000000
2.22345	.326429	.000000
2.22392	.326449	.000000
2.2244	.326513	.000000
2.22488	.326570	.000000
2.22535	.326653	.000000
2.22583	.326726	.000000
2.22631	.326733	.000000
2.22679	.326718	.000000
2.22727	.326762	.000000
2.22775	.326817	.000000
2.22822	.326770	.000000
2.2287	.326713	.000000
2.22918	.326704	.000000
2.22966	.326713	.000000
2.23014	.326728	.000000
2.23062	.326759	.000000
2.2311	.326821	.000000
2.23158	.326817	.000000
2.23206	.326825	.000000
2.23254	.326938	.000000
2.23302	.326964	.000000
2.2335	.326962	.000000
2.23398	.326995	.000000
2.23447	.326964	.000000
2.23495	.326925	.000000
2.23543	.326916	.000000
2.23591	.326934	.000000
2.23639	.326953	.000000
2.23688	.327033	.000000
2.23736	.327059	.000000
2.23784	.327035	.000000
2.23832	.327070	.000000
2.23881	.327064	.000000
2.23929	.327118	.000000
2.23977	.327172	.000000
2.24026	.327185	.000000
2.24074	.327187	.000000
2.24123	.327172	.000000
2.24171	.327215	.000000
2.2422	.327196	.000000
2.24268	.327224	.000000
2.24317	.327251	.000000
2.24365	.327291	.000000
2.24414	.327295	.000000
2.24462	.327341	.000000
2.24511	.327396	.000000
2.24559	.327416	.000000
2.24608	.327418	.000000
2.24657	.327438	.000000
2.24705	.327405	.000000
2.24754	.327398	.000000
2.24803	.327410	.000000
2.24852	.327436	.000000
2.249	.327469	.000000
2.24949	.327498	.000000
2.24998	.327528	.000000
2.25047	.327520	.000000
2.25096	.327557	.000000
2.25145	.327603	.000000
2.25194	.327623	.000000
2.25242	.327623	.000000
2.25291	.327583	.000000
2.2534	.327595	.000000
2.25389	.327614	.000000
2.25438	.327667	.000000
2.25487	.327764	.000000
2.25536	.327764	.000000
2.25585	.327714	.000000
2.25635	.327691	.000000
2.25684	.327709	.000000
2.25733	.327731	.000000
2.25782	.327764	.000000
2.25831	.327797	.000000
2.2588	.327850	.000000
2.25929	.327879	.000000
2.25979	.327855	.000000
2.26028	.327815	.000000
2.26077	.327831	.000000
2.26127	.327857	.000000
2.26176	.327879	.000000
2.26225	.327888	.000000
2.26275	.327885	.000000
2.26324	.327958	.000000
2.26373	.327974	.000000
2.26423	.327983	.000000
2.26472	.328000	.000000
2.26522	.327993	.000000
2.26571	.328005	.000000
2.26621	.328080	.000000
2.2667	.328101	.000000
2.2672	.328066	.000000
2.26769	.328095	.000000
2.26819	.328159	.000000
2.26869	.328201	.000000
2.26918	.328225	.000000
2.26968	.328188	.000000
2.27018	.328218	.000000
2.27067	.328238	.000000
2.27117	.328276	.000000
2.27167	.328296	.000000
2.27217	.328324	.000000
2.27266	.328355	.000000
2.27316	.328307	.000000
2.27366	.328351	.000000
2.27416	.328463	.000000
2.27466	.328454	.000000
2.27516	.328362	.000000
2.27566	.328362	.000000
2.27616	.328403	.000000
2.27666	.328432	.000000
2.27716	.328456	.000000
2.27766	.328500	.000000
2.27816	.328536	.000000
2.27866	.328544	.000000
2.27916	.328536	.000000
2.27966	.328542	.000000
2.28016	.328503	.000000
2.28066	.328461	.000000
2.28116	.328516	.000000
2.28167	.328600	.000000
2.28217	.328650	.000000
2.28267	.328652	.000000
2.28317	.328613	.000000
2.28368	.328644	.000000
2.28418	.328685	.000000
2.28468	.328679	.000000
2.28518	.328664	.000000
2.28569	.328679	.000000
2.28619	.328705	.000000
2.2867	.328743	.000000
2.2872	.328873	.000000
2.28771	.328921	.000000
2.28821	.328855	.000000
2.28872	.328893	.000000
2.28922	.328941	.000000
2.28973	.328974	.000000
2.29023	.328976	.000000
2.29074	.328974	.000000
2.29124	.328990	.000000
2.29175	.328985	.000000
2.29226	.329005	.000000
2.29276	.329025	.000000
2.29327	.329014	.000000
2.29378	.329118	.000000
2.29429	.329186	.000000
2.29479	.329190	.000000
2.2953	.329197	.000000
2.29581	.329219	.000000
2.29632	.329214	.000000
2.29683	.329223	.000000
2.29734	.329292	.000000
2.29784	.329318	.000000
2.29835	.329320	.000000
2.29886	.329270	.000000
2.29937	.329314	.000000
2.29988	.329470	.000000
2.30039	.329583	.000000
2.3009	.329580	.000000
2.30141	.329541	.000000
2.30193	.329475	.000000
2.30244	.329479	.000000
2.30295	.329550	.000000
2.30346	.329602	.000000
2.30397	.329657	.000000
2.30448	.329671	.000000
2.305	.329657	.000000
2.30551	.329710	.000000
2.30602	.329799	.000000
2.30653	.329772	.000000
2.30705	.329814	.000000
2.30756	.329896	.000000
2.30807	.329843	.000000
2.30859	.329862	.000000
2.3091	.329880	.000000
2.30962	.329847	.000000
2.31013	.329884	.000000
2.31065	.329995	.000000
2.31116	.330063	.000000
2.31168	.330014	.000000
2.31219	.330052	.000000
2.31271	.330098	.000000
2.31322	.330087	.000000
2.31374	.330085	.000000
2.31425	.330107	.000000
2.31477	.330147	.000000
2.31529	.330222	.000000
2.3158	.330274	.000000
2.31632	.330281	.000000
2.31684	.330283	.000000
2.31736	.330288	.000000
2.31788	.330350	.000000
2.31839	.330350	.000000
2.31891	.330310	.000000
2.31943	.330354	.000000
2.31995	.330426	.000000
2.32047	.330504	.000000
2.32099	.330587	.000000
2.32151	.330559	.000000
2.32203	.330534	.000000
2.32255	.330545	.000000
2.32307	.330614	.000000
2.32359	.330596	.000000
2.32411	.330548	.000000
2.32463	.330587	.000000
2.32515	.330607	.000000
2.32567	.330673	.000000
2.3262	.330775	.000000
2.32672	.330748	.000000
2.32724	.330764	.000000
2.32776	.330808	.000000
2.32828	.330865	.000000
2.32881	.330841	.000000
2.32933	.330858	.000000
2.32985	.330894	.000000
2.33038	.330903	.000000
2.3309	.330975	.000000
2.33143	.331022	.000000
2.33195	.330955	.000000
2.33247	.330869	.000000
2.333	.330907	.000000
2.33352	.331008	.000000
2.33405	.331119	.000000
2.33457	.331158	.000000
2.3351	.331134	.000000
2.33563	.331138	.000000
2.33615	.331226	.000000
2.33668	.331226	.000000
2.33721	.331237	.000000
2.33773	.331277	.000000
2.33826	.331269	.000000
2.33879	.331277	.000000
2.33931	.331312	.000000
2.33984	.331332	.000000
2.34037	.331330	.000000
2.3409	.331345	.000000
2.34143	.331416	.000000
2.34196	.331454	.000000
2.34249	.331540	.000000
2.34301	.331550	.000000
2.34354	.331579	.000000
2.34407	.331636	.000000
2.3446	.331562	.000000
2.34513	.331564	.000000
2.34566	.331608	.000000
2.3462	.331639	.000000
2.34673	.331692	.000000
2.34726	.331694	.000000
2.34779	.331753	.000000
2.34832	.331835	.000000
2.34885	.331859	.000000
2.34938	.331830	.000000
2.34992	.331767	.000000
2.35045	.331760	.000000
2.35098	.331859	.000000
2.35152	.331949	.000000
2.35205	.331998	.000000
2.35258	.332029	.000000
2.35312	.332069	.000000
2.35365	.332128	.000000
2.35419	.332077	.000000
2.35472	.331998	.000000
2.35525	.332035	.000000
2.35579	.332121	.000000
2.35632	.332176	.000000
2.35686	.332137	.000000
2.3574	.332130	.000000
2.35793	.332234	.000000
2.35847	.332254	.000000
2.35901	.332218	.000000
2.35954	.332245	.000000
2.36008	.332287	.000000
2.36062	.332298	.000000
2.36115	.332359	.000000
2.36169	.332372	.000000
2.36223	.332329	.000000
2.36277	.332315	.000000
2.36331	.332350	.000000
2.36384	.332412	.000000
2.36438	.332417	.000000
2.36492	.332467	.000000
2.36546	.332547	.000000
2.366	.332560	.000000
2.36654	.332529	.000000
2.36708	.332522	.000000
2.36762	.332540	.000000
2.36816	.332553	.000000
2.3687	.332652	.000000
2.36925	.332677	.000000
2.36979	.332725	.000000
2.37033	.332752	.000000
2.37087	.332738	.000000
2.37141	.332767	.000000
2.37196	.332804	.000000
2.3725	.332802	.000000
2.37304	.332798	.000000
2.37358	.332785	.000000
2.37413	.332760	.000000
2.37467	.332765	.000000
2.37522	.332813	.000000
2.37576	.332853	.000000
2.3763	.332877	.000000
2.37685	.332977	.000000
2.37739	.332976	.000000
2.37794	.332921	.000000
2.37848	.332987	.000000
2.37903	.333016	.000000
2.37958	.333111	.000000
2.38012	.333186	.000000
2.38067	.333159	.000000
2.38122	.333100	.000000
2.38176	.333109	.000000
2.38231	.333179	.000000
2.38286	.333184	.000000
2.3834	.333181	.000000
2.38395	.333201	.000000
2.3845	.333239	.000000
2.38505	.333267	.000000
2.3856	.333322	.000000
2.38615	.333331	.000000
2.3867	.333334	.000000
2.38724	.333327	.000000
2.38779	.333344	.000000
2.38834	.333329	.000000
2.38889	.333382	.000000
2.38945	.333417	.000000
2.39	.333431	.000000
2.39055	.333507	.000000
2.3911	.333580	.000000
2.39165	.333642	.000000
2.3922	.333644	.000000
2.39275	.333582	.000000
2.39331	.333596	.000000
2.39386	.333626	.000000
2.39441	.333622	.000000
2.39496	.333686	.000000
2.39552	.333785	.000000
2.39607	.333756	.000000
2.39663	.333763	.000000
2.39718	.333803	.000000
2.39773	.333851	.000000
2.39829	.333867	.000000
2.39884	.333878	.000000
2.3994	.333836	.000000
2.39995	.333895	.000000
2.40051	.333959	.000000
2.40106	.333922	.000000
2.40162	.333873	.000000
2.40218	.333911	.000000
2.40273	.333981	.000000
2.40329	.333953	.000000
2.40385	.333909	.000000
2.4044	.334006	.000000
2.40496	.334041	.000000
2.40552	.334019	.000000
2.40608	.334081	.000000
2.40664	.334123	.000000
2.4072	.334195	.000000
2.40775	.334242	.000000
2.40831	.334253	.000000
2.40887	.334292	.000000
2.40943	.334312	.000000
2.40999	.334339	.000000
2.41055	.334350	.000000
2.41111	.334376	.000000
2.41167	.334396	.000000
2.41223	.334427	.000000
2.4128	.334455	.000000
2.41336	.334482	.000000
2.41392	.334466	.000000
2.41448	.334473	.000000
2.41504	.334512	.000000
2.41561	.334587	.000000
2.41617	.334585	.000000
2.41673	.334610	.000000
2.4173	.334649	.000000
2.41786	.334634	.000000
2.41842	.334653	.000000
2.41899	.334740	.000000
2.41955	.334799	.000000
2.42012	.334828	.000000
2.42068	.334848	.000000
2.42125	.334830	.000000
2.42181	.334819	.000000
2.42238	.334891	.000000
2.42294	.334929	.000000
2.42351	.334931	.000000
2.42408	.334933	.000000
2.42464	.334986	.000000
2.42521	.335037	.000000
2.42578	.335030	.000000
2.42635	.335039	.000000
2.42691	.335108	.000000
2.42748	.335125	.000000
2.42805	.335068	.000000
2.42862	.335086	.000000
2.42919	.335165	.000000
2.42976	.335187	.000000
2.43033	.335240	.000000
2.4309	.335260	.000000
2.43147	.335253	.000000
2.43204	.335282	.000000
2.43261	.335324	.000000
2.43318	.335368	.000000
2.43375	.335467	.000000
2.43432	.335476	.000000
2.43489	.335482	.000000
2.43546	.335485	.000000
2.43604	.335511	.000000
2.43661	.335546	.000000
2.43718	.335553	.000000
2.43775	.335615	.000000
2.43833	.335615	.000000
2.4389	.335604	.000000
2.43947	.335628	.000000
2.44005	.335667	.000000
2.44062	.335694	.000000
2.4412	.335634	.000000
2.44177	.335612	.000000
2.44235	.335733	.000000
2.44292	.335722	.000000
2.4435	.335709	.000000
2.44407	.335782	.000000
2.44465	.335815	.000000
2.44523	.335831	.000000
2.4458	.335831	.000000
2.44638	.335842	.000000
2.44696	.335846	.000000
2.44754	.335877	.000000
2.44811	.335916	.000000
2.44869	.335930	.000000
2.44927	.335941	.000000
2.44985	.336071	.000000
2.45043	.336154	.000000
2.45101	.336154	.000000
2.45159	.336090	.000000
2.45217	.336066	.000000
2.45275	.336086	.000000
2.45333	.336112	.000000
2.45391	.336134	.000000
2.45449	.336156	.000000
2.45507	.336188	.000000
2.45565	.336267	.000000
2.45623	.336337	.000000
2.45681	.336445	.000000
2.4574	.336463	.000000
2.45798	.336401	.000000
2.45856	.336395	.000000
2.45914	.336432	.000000
2.45973	.336527	.000000
2.46031	.336567	.000000
2.46089	.336545	.000000
2.46148	.336491	.000000
2.46206	.336534	.000000
2.46265	.336578	.000000
2.46323	.336635	.000000
2.46382	.336732	.000000
2.4644	.336776	.000000
2.46499	.336712	.000000
2.46558	.336774	.000000
2.46616	.336791	.000000
2.46675	.336741	.000000
2.46734	.336827	.000000
2.46792	.336965	.000000
2.46851	.337005	.000000
2.4691	.336943	.000000
2.46969	.336917	.000000
2.47027	.336919	.000000
2.47086	.336926	.000000
2.47145	.336983	.000000
2.47204	.337080	.000000
2.47263	.337184	.000000
2.47322	.337199	.000000
2.47381	.337118	.000000
2.4744	.337065	.000000
2.47499	.337139	.000000
2.47558	.337265	.000000
2.47617	.337314	.000000
2.47677	.337270	.000000
2.47736	.337210	.000000
2.47795	.337236	.000000
2.47854	.337303	.000000
2.47913	.337311	.000000
2.47973	.337375	.000000
2.48032	.337420	.000000
2.48091	.337441	.000000
2.48151	.337490	.000000
2.4821	.337479	.000000
2.48269	.337519	.000000
2.48329	.337514	.000000
2.48388	.337505	.000000
2.48448	.337580	.000000
2.48507	.337662	.000000
2.48567	.337624	.000000
2.48627	.337680	.000000
2.48686	.337812	.000000
2.48746	.337816	.000000
2.48806	.337735	.000000
2.48865	.337710	.000000
2.48925	.337816	.000000
2.48985	.337896	.000000
2.49045	.337917	.000000
2.49104	.337950	.000000
2.49164	.338043	.000000
2.49224	.338047	.000000
2.49284	.338003	.000000
2.49344	.338012	.000000
2.49404	.338078	.000000
2.49464	.338118	.000000
2.49524	.338156	.000000
2.49584	.338140	.000000
2.49644	.338140	.000000
2.49704	.338210	.000000
2.49764	.338239	.000000
2.49825	.338277	.000000
2.49885	.338301	.000000
2.49945	.338303	.000000
2.50005	.338318	.000000
2.50066	.338376	.000000
2.50126	.338484	.000000
2.50186	.338508	.000000
2.50247	.338444	.000000
2.50307	.338464	.000000
2.50368	.338526	.000000
2.50428	.338583	.000000
2.50488	.338634	.000000
2.50549	.338636	.000000
2.5061	.338651	.000000
2.5067	.338667	.000000
2.50731	.338717	.000000
2.50791	.338737	.000000
2.50852	.338757	.000000
2.50913	.338810	.000000
2.50973	.338825	.000000
2.51034	.338911	.000000
2.51095	.338966	.000000
2.51156	.338942	.000000
2.51217	.338971	.000000
2.51278	.339013	.000000
2.51338	.339059	.000000
2.51399	.339107	.000000
2.5146	.339105	.000000
2.51521	.339156	.000000
2.51582	.339105	.000000
2.51643	.339094	.000000
2.51704	.339216	.000000
2.51766	.339216	.000000
2.51827	.339262	.000000
2.51888	.339381	.000000
2.51949	.339416	.000000
2.5201	.339429	.000000
2.52072	.339471	.000000
2.52133	.339520	.000000
2.52194	.339535	.000000
2.52256	.339546	.000000
2.52317	.339568	.000000
2.52378	.339584	.000000
2.5244	.339674	.000000
2.52501	.339835	.000000
2.52563	.339839	.000000
2.52624	.339795	.000000
2.52686	.339769	.000000
2.52747	.339802	.000000
2.52809	.339837	.000000
2.52871	.339866	.000000
2.52932	.339945	.000000
2.52994	.340027	.000000
2.53056	.340047	.000000
2.53118	.339987	.000000
2.53179	.340009	.000000
2.53241	.340126	.000000
2.53303	.340152	.000000
2.53365	.340097	.000000
2.53427	.340174	.000000
2.53489	.340209	.000000
2.53551	.340194	.000000
2.53613	.340285	.000000
2.53675	.340340	.000000
2.53737	.340335	.000000
2.53799	.340361	.000000
2.53861	.340454	.000000
2.53923	.340454	.000000
2.53986	.340492	.000000
2.54048	.340569	.000000
2.5411	.340586	.000000
2.54172	.340577	.000000
2.54235	.340683	.000000
2.54297	.340774	.000000
2.54359	.340760	.000000
2.54422	.340829	.000000
2.54484	.340857	.000000
2.54547	.340882	.000000
2.54609	.340923	.000000
2.54672	.340895	.000000
2.54734	.340858	.000000
2.54797	.340869	.000000
2.54859	.340966	.000000
2.54922	.341009	.000000
2.54985	.341080	.000000
2.55048	.341029	.000000
2.5511	.340996	.000000
2.55173	.341100	.000000
2.55236	.341164	.000000
2.55299	.341204	.000000
2.55362	.341184	.000000
2.55424	.341225	.000000
2.55487	.341272	.000000
2.5555	.341316	.000000
2.55613	.341384	.000000
2.55676	.341428	.000000
2.55739	.341527	.000000
2.55803	.341523	.000000
2.55866	.341547	.000000
2.55929	.341622	.000000
2.55992	.341627	.000000
2.56055	.341569	.000000
2.56118	.341583	.000000
2.56182	.341644	.000000
2.56245	.341737	.000000
2.56308	.341788	.000000
2.56372	.341821	.000000
2.56435	.341715	.000000
2.56499	.341752	.000000
2.56562	.341918	.000000
2.56625	.342028	.000000
2.56689	.342087	.000000
2.56753	.342127	.000000
2.56816	.342158	.000000
2.5688	.342164	.000000
2.56943	.342105	.000000
2.57007	.342178	.000000
2.57071	.342303	.000000
2.57135	.342305	.000000
2.57198	.342250	.000000
2.57262	.342270	.000000
2.57326	.342301	.000000
2.5739	.342343	.000000
2.57454	.342488	.000000
2.57518	.342473	.000000
2.57582	.342398	.000000
2.57646	.342442	.000000
2.5771	.342506	.000000
2.57774	.342576	.000000
2.57838	.342585	.000000
2.57902	.342647	.000000
2.57966	.342762	.000000
2.5803	.342737	.000000
2.58095	.342707	.000000
2.58159	.342750	.000000
2.58223	.342717	.000000
2.58287	.342797	.000000
2.58352	.342837	.000000
2.58416	.342751	.000000
2.58481	.342821	.000000
2.58545	.342956	.000000
2.5861	.342993	.000000
2.58674	.342934	.000000
2.58739	.342945	.000000
2.58803	.343048	.000000
2.58868	.343112	.000000
2.58932	.343167	.000000
2.58997	.343288	.000000
2.59062	.343363	.000000
2.59127	.343319	.000000
2.59191	.343279	.000000
2.59256	.343262	.000000
2.59321	.343277	.000000
2.59386	.343194	.000000
2.59451	.343090	.000000
2.59516	.343167	.000000
2.59581	.343304	.000000
2.59646	.343458	.000000
2.59711	.343507	.000000
2.59776	.343513	.000000
2.59841	.343606	.000000
2.59906	.343601	.000000
2.59971	.343606	.000000
2.60036	.343676	.000000
2.60101	.343689	.000000
2.60167	.343637	.000000
2.60232	.343659	.000000
2.60297	.343643	.000000
2.60363	.343676	.000000
2.60428	.343740	.000000
2.60493	.343771	.000000
2.60559	.343694	.000000
2.60624	.343756	.000000
2.6069	.343881	.000000
2.60756	.343967	.000000
2.60821	.343978	.000000
2.60887	.343908	.000000
2.60952	.343899	.000000
2.61018	.343969	.000000
2.61084	.344057	.000000
2.6115	.344137	.000000
2.61215	.344143	.000000
2.61281	.344046	.000000
2.61347	.344064	.000000
2.61413	.344196	.000000
2.61479	.344231	.000000
2.61545	.344236	.000000
2.61611	.344192	.000000
2.61677	.344051	.000000
2.61743	.344015	.000000
2.61809	.344187	.000000
2.61875	.344302	.000000
2.61941	.344296	.000000
2.62007	.344194	.000000
2.62074	.344157	.000000
2.6214	.344318	.000000
2.62206	.344432	.000000
2.62272	.344507	.000000
2.62339	.344560	.000000
2.62405	.344571	.000000
2.62472	.344578	.000000
2.62538	.344586	.000000
2.62604	.344544	.000000
2.62671	.344520	.000000
2.62738	.344542	.000000
2.62804	.344659	.000000
2.62871	.344774	.000000
2.62937	.344736	.000000
2.63004	.344588	.000000
2.63071	.344498	.000000
2.63138	.344646	.000000
2.63204	.344763	.000000
2.63271	.344760	.000000
2.63338	.344723	.000000
2.63405	.344758	.000000
2.63472	.344857	.000000
2.63539	.344939	.000000
2.63606	.344977	.000000
2.63673	.344979	.000000
2.6374	.344963	.000000
2.63807	.344897	.000000
2.63874	.344873	.000000
2.63941	.344956	.000000
2.64009	.344950	.000000
2.64076	.344939	.000000
2.64143	.344917	.000000
2.6421	.344990	.000000
2.64278	.345047	.000000
2.64345	.344963	.000000
2.64412	.344886	.000000
2.6448	.344888	.000000
2.64547	.344921	.000000
2.64615	.344957	.000000
2.64682	.344935	.000000
2.6475	.344965	.000000
2.64818	.345040	.000000
2.64885	.345082	.000000
2.64953	.345085	.000000
2.65021	.345087	.000000
2.65088	.345012	.000000
2.65156	.344921	.000000
2.65224	.344932	.000000
2.65292	.344868	.000000
2.6536	.344802	.000000
2.65428	.344805	.000000
2.65496	.344789	.000000
2.65564	.344705	.000000
2.65632	.344674	.000000
2.657	.344683	.000000
2.65768	.344661	.000000
2.65836	.344586	.000000
2.65904	.344426	.000000
2.65972	.344295	.000000
2.6604	.344265	.000000
2.66109	.344156	.000000
2.66177	.343987	.000000
2.66245	.343930	.000000
2.66314	.343901	.000000
2.66382	.343874	.000000
2.66451	.343789	.000000
2.66519	.343623	.000000
2.66588	.343535	.000000
2.66656	.343301	.000000
2.66725	.343072	.000000
2.66793	.343026	.000000
2.66862	.342892	.000000
2.66931	.342537	.000000
2.67	.341831	.000000
2.67068	.341078	.000000
2.67137	.340610	.000000
2.67206	.340139	.000000
2.67275	.339493	.000000
2.67344	.338869	.000000
2.67413	.338285	.000000
2.67482	.337719	.000000
2.67551	.337289	.000000
2.6762	.336868	.000000
2.67689	.336496	.000000
2.67758	.336273	.000000
2.67827	.336095	.000000
2.67896	.335802	.000000
2.67965	.335659	.000000
2.68035	.335496	.000000
2.68104	.335174	.000000
2.68173	.334883	.000000
2.68243	.334524	.000000
2.68312	.334180	.000000
2.68382	.333816	.000000
2.68451	.333386	.000000
2.68521	.332882	.000000
2.6859	.332304	.000000
2.6866	.331866	.000000
2.68729	.331568	.000000
2.68799	.331264	.000000
2.68869	.331019	.000000
2.68938	.330790	.000000
2.69008	.330541	.000000
2.69078	.330202	.000000
2.69148	.329779	.000000
2.69218	.329369	.000000
2.69288	.328988	.000000
2.69358	.328610	.000000
2.69428	.328293	.000000
2.69498	.327899	.000000
2.69568	.327361	.000000
2.69638	.326823	.000000
2.69708	.326301	.000000
2.69778	.325706	.000000
2.69848	.325020	.000000
2.69918	.324145	.000000
2.69989	.323185	.000000
2.70059	.322167	.000000
2.70129	.321137	.000000
2.702	.320110	.000000
2.7027	.319101	.000000
2.70341	.318118	.000000
2.70411	.317173	.000000
2.70482	.316306	.000000
2.70552	.315645	.000000
2.70623	.315127	.000000
2.70694	.314631	.000000
2.70764	.314197	.000000
2.70835	.313734	.000000
2.70906	.313239	.000000
2.70977	.312756	.000000
2.71047	.312199	.000000
2.71118	.311584	.000000
2.71189	.311132	.000000
2.7126	.310808	.000000
2.71331	.310506	.000000
2.71402	.310224	.000000
2.71473	.309984	.000000
2.71544	.309721	.000000
2.71615	.309468	.000000
2.71686	.309206	.000000
2.71758	.308963	.000000
2.71829	.308809	.000000
2.719	.308624	.000000
2.71971	.308295	.000000
2.72043	.307993	.000000
2.72114	.307778	.000000
2.72186	.307634	.000000
2.72257	.307539	.000000
2.72329	.307462	.000000
2.724	.307346	.000000
2.72472	.307456	.000000
2.72543	.307507	.000000
2.72615	.307383	.000000
2.72687	.307282	.000000
2.72758	.307227	.000000
2.7283	.307174	.000000
2.72902	.307070	.000000
2.72974	.306962	.000000
2.73046	.306761	.000000
2.73118	.306567	.000000
2.7319	.306383	.000000
2.73262	.306078	.000000
2.73334	.305717	.000000
2.73406	.305340	.000000
2.73478	.304937	.000000
2.7355	.304514	.000000
2.73622	.304016	.000000
2.73694	.303522	.000000
2.73767	.303024	.000000
2.73839	.302570	.000000
2.73911	.302028	.000000
2.73984	.301400	.000000
2.74056	.300923	.000000
2.74128	.300478	.000000
2.74201	.299965	.000000
2.74273	.299385	.000000
2.74346	.298808	.000000
2.74419	.298219	.000000
2.74491	.297547	.000000
2.74564	.296902	.000000
2.74637	.296284	.000000
2.74709	.295636	.000000
2.74782	.295010	.000000
2.74855	.294325	.000000
2.74928	.293598	.000000
2.75001	.292977	.000000
2.75074	.292452	.000000
2.75147	.291883	.000000
2.7522	.291222	.000000
2.75293	.290739	.000000
2.75366	.290444	.000000
2.75439	.290230	.000000
2.75512	.289995	.000000
2.75585	.289781	.000000
2.75659	.289686	.000000
2.75732	.289699	.000000
2.75805	.289734	.000000
2.75879	.289660	.000000
2.75952	.289549	.000000
2.76026	.289556	.000000
2.76099	.289508	.000000
2.76173	.289243	.000000
2.76246	.288934	.000000
2.7632	.288650	.000000
2.76393	.288384	.000000
2.76467	.288088	.000000
2.76541	.287824	.000000
2.76615	.287475	.000000
2.76689	.287044	.000000
2.76762	.286658	.000000
2.76836	.286376	.000000
2.7691	.286111	.000000
2.76984	.285860	.000000
2.77058	.285550	.000000
2.77132	.285323	.000000
2.77206	.285164	.000000
2.7728	.284961	.000000
2.77355	.284701	.000000
2.77429	.284432	.000000
2.77503	.284238	.000000
2.77577	.284051	.000000
2.77652	.283864	.000000
2.77726	.283727	.000000
2.778	.283539	.000000
2.77875	.283273	.000000
2.77949	.283097	.000000
2.78024	.282859	.000000
2.78098	.282592	.000000
2.78173	.282396	.000000
2.78248	.282114	.000000
2.78322	.281785	.000000
2.78397	.281479	.000000
2.78472	.281204	.000000
2.78547	.280921	.000000
2.78621	.280582	.000000
2.78696	.280262	.000000
2.78771	.280057	.000000
2.78846	.279813	.000000
2.78921	.279595	.000000
2.78996	.279425	.000000
2.79071	.279097	.000000
2.79146	.278726	.000000
2.79222	.278455	.000000
2.79297	.278228	.000000
2.79372	.277977	.000000
2.79447	.277701	.000000
2.79523	.277378	.000000
2.79598	.277054	.000000
2.79673	.276820	.000000
2.79749	.276536	.000000
2.79824	.276234	.000000
2.799	.275905	.000000
2.79975	.275577	.000000
2.80051	.275345	.000000
2.80127	.275030	.000000
2.80202	.274698	.000000
2.80278	.274360	.000000
2.80354	.273984	.000000
2.8043	.273620	.000000
2.80506	.273351	.000000
2.80582	.273100	.000000
2.80657	.272838	.000000
2.80733	.272556	.000000
2.80809	.272203	.000000
2.80886	.271892	.000000
2.80962	.271648	.000000
2.81038	.271383	.000000
2.81114	.271094	.000000
2.8119	.270783	.000000
2.81266	.270433	.000000
2.81343	.270045	.000000
2.81419	.269702	.000000
2.81496	.269433	.000000
2.81572	.269109	.000000
2.81648	.268771	.000000
2.81725	.268496	.000000
2.81802	.268218	.000000
2.81878	.267941	.000000
2.81955	.267542	.000000
2.82031	.267196	.000000
2.82108	.266914	.000000
2.82185	.266671	.000000
2.82262	.266387	.000000
2.82339	.266111	.000000
2.82416	.265799	.000000
2.82492	.265355	.000000
2.82569	.265148	.000000
2.82646	.265010	.000000
2.82724	.264686	.000000
2.82801	.264340	.000000
2.82878	.264071	.000000
2.82955	.263896	.000000
2.83032	.263725	.000000
2.83109	.263420	.000000
2.83187	.263140	.000000
2.83264	.262929	.000000
2.83342	.262773	.000000
2.83419	.262664	.000000
2.83497	.262411	.000000
2.83574	.262125	.000000
2.83652	.261940	.000000
2.83729	.261626	.000000
2.83807	.261316	.000000
2.83885	.261078	.000000
2.83962	.260853	.000000
2.8404	.260632	.000000
2.84118	.260496	.000000
2.84196	.260293	.000000
2.84274	.260011	.000000
2.84352	.259833	.000000
2.8443	.259648	.000000
2.84508	.259390	.000000
2.84586	.259172	.000000
2.84664	.258960	.000000
2.84742	.258810	.000000
2.8482	.258643	.000000
2.84898	.258358	.000000
2.84977	.258065	.000000
2.85055	.257955	.000000
2.85133	.257765	.000000
2.85212	.257507	.000000
2.8529	.257292	.000000
2.85369	.257128	.000000
2.85447	.256952	.000000
2.85526	.256712	.000000
2.85605	.256480	.000000
2.85683	.256291	.000000
2.85762	.256093	.000000
2.85841	.255932	.000000
2.8592	.255799	.000000
2.85999	.255636	.000000
2.86077	.255330	.000000
2.86156	.255140	.000000
2.86235	.254984	.000000
2.86314	.254762	.000000
2.86393	.254627	.000000
2.86473	.254466	.000000
2.86552	.254275	.000000
2.86631	.254151	.000000
2.8671	.253926	.000000
2.86789	.253633	.000000
2.86869	.253455	.000000
2.86948	.253481	.000000
2.87028	.253422	.000000
2.87107	.253226	.000000
2.87187	.252917	.000000
2.87266	.252798	.000000
2.87346	.252714	.000000
2.87425	.252529	.000000
2.87505	.252370	.000000
2.87585	.252306	.000000
2.87665	.252212	.000000
2.87744	.252031	.000000
2.87824	.251927	.000000
2.87904	.251874	.000000
2.87984	.251740	.000000
2.88064	.251575	.000000
2.88144	.251504	.000000
2.88224	.251399	.000000
2.88304	.251150	.000000
2.88385	.251042	.000000
2.88465	.251021	.000000
2.88545	.250898	.000000
2.88625	.250761	.000000
2.88706	.250698	.000000
2.88786	.250528	.000000
2.88867	.250382	.000000
2.88947	.250319	.000000
2.89028	.250248	.000000
2.89108	.250211	.000000
2.89189	.250078	.000000
2.8927	.249922	.000000
2.8935	.249735	.000000
2.89431	.249662	.000000
2.89512	.249589	.000000
2.89593	.249550	.000000
2.89674	.249583	.000000
2.89755	.249620	.000000
2.89836	.249492	.000000
2.89917	.249393	.000000
2.89998	.249413	.000000
2.90079	.249276	.000000
2.9016	.249148	.000000
2.90241	.249086	.000000
2.90322	.249012	.000000
2.90404	.248970	.000000
2.90485	.248924	.000000
2.90567	.248886	.000000
2.90648	.248754	.000000
2.90729	.248646	.000000
2.90811	.248697	.000000
2.90893	.248743	.000000
2.90974	.248732	.000000
2.91056	.248670	.000000
2.91138	.248644	.000000
2.91219	.248516	.000000
2.91301	.248421	.000000
2.91383	.248485	.000000
2.91465	.248544	.000000
2.91547	.248430	.000000
2.91629	.248320	.000000
2.91711	.248353	.000000
2.91793	.248410	.000000
2.91875	.248344	.000000
2.91957	.248218	.000000
2.92039	.248146	.000000
2.92122	.248130	.000000
2.92204	.248154	.000000
2.92286	.248187	.000000
2.92369	.248199	.000000
2.92451	.248168	.000000
2.92534	.248234	.000000
2.92616	.248322	.000000
2.92699	.248289	.000000
2.92782	.248218	.000000
2.92864	.248315	.000000
2.92947	.248313	.000000
2.9303	.248265	.000000
2.93113	.248359	.000000
2.93195	.248322	.000000
2.93278	.248322	.000000
2.93361	.248439	.000000
2.93444	.248456	.000000
2.93527	.248357	.000000
2.93611	.248320	.000000
2.93694	.248549	.000000
2.93777	.248685	.000000
2.9386	.248661	.000000
2.93943	.248714	.000000
2.94027	.248780	.000000
2.9411	.248807	.000000
2.94194	.248866	.000000
2.94277	.248928	.000000
2.94361	.248954	.000000
2.94444	.248921	.000000
2.94528	.248961	.000000
2.94612	.249080	.000000
2.94695	.249038	.000000
2.94779	.249069	.000000
2.94863	.249181	.000000
2.94947	.249265	.000000
2.95031	.249435	.000000
2.95115	.249479	.000000
2.95199	.249452	.000000
2.95283	.249453	.000000
2.95367	.249576	.000000
2.95451	.249730	.000000
2.95535	.249783	.000000
2.95619	.249854	.000000
2.95704	.249981	.000000
2.95788	.250023	.000000
2.95872	.250129	.000000
2.95957	.250310	.000000
2.96041	.250464	.000000
2.96126	.250572	.000000
2.96211	.250682	.000000
2.96295	.250845	.000000
2.9638	.250759	.000000
2.96465	.250744	.000000
2.96549	.250896	.000000
2.96634	.251008	.000000
2.96719	.251064	.000000
2.96804	.251237	.000000
2.96889	.251460	.000000
2.96974	.251615	.000000
2.97059	.251720	.000000
2.97144	.251802	.000000
2.97229	.251938	.000000
2.97315	.252128	.000000
2.974	.252291	.000000
2.97485	.252315	.000000
2.97571	.252469	.000000
2.97656	.252538	.000000
2.97741	.252624	.000000
2.97827	.252809	.000000
2.97913	.252915	.000000
2.97998	.253098	.000000
2.98084	.253263	.000000
2.9817	.253351	.000000
2.98255	.253362	.000000
2.98341	.253483	.000000
2.98427	.253657	.000000
2.98513	.253761	.000000
2.98599	.253862	.000000
2.98685	.253984	.000000
2.98771	.254127	.000000
2.98857	.254327	.000000
2.98943	.254479	.000000
2.99029	.254616	.000000
2.99116	.254805	.000000
2.99202	.254978	.000000
2.99288	.254991	.000000
2.99375	.255097	.000000
2.99461	.255341	.000000
2.99548	.255467	.000000
2.99634	.255535	.000000
2.99721	.255733	.000000
2.99807	.255885	.000000
2.99894	.255961	.000000
2.99981	.256139	.000000
3.00068	.256379	.000000
3.00155	.256520	.000000
3.00241	.256655	.000000
3.00328	.256785	.000000
3.00415	.256945	.000000
3.00503	.257109	.000000
3.0059	.257258	.000000
3.00677	.257325	.000000
3.00764	.257424	.000000
3.00851	.257560	.000000
3.00939	.257651	.000000
3.01026	.257851	.000000
3.01113	.258094	.000000
3.01201	.258354	.000000
3.01288	.258493	.000000
3.01376	.258599	.000000
3.01463	.258786	.000000
3.01551	.258918	.000000
3.01639	.259077	.000000
3.01727	.259176	.000000
3.01814	.259268	.000000
3.01902	.259478	.000000
3.0199	.259678	.000000
3.02078	.259784	.000000
3.02166	.259938	.000000
3.02254	.260099	.000000
3.02342	.260198	.000000
3.02431	.260394	.000000
3.02519	.260533	.000000
3.02607	.260545	.000000
3.02696	.260756	.000000
3.02784	.261014	.000000
3.02872	.261053	.000000
3.02961	.261183	.000000
3.03049	.261399	.000000
3.03138	.261574	.000000
3.03227	.261809	.000000
3.03315	.261907	.000000
3.03404	.262030	.000000
3.03493	.262261	.000000
3.03582	.262343	.000000
3.03671	.262444	.000000
3.0376	.262579	.000000
3.03849	.262687	.000000
3.03938	.262819	.000000
3.04027	.262977	.000000
3.04116	.263150	.000000
3.04205	.263295	.000000
3.04294	.263427	.000000
3.04384	.263625	.000000
3.04473	.263832	.000000
3.04562	.263980	.000000
3.04652	.264095	.000000
3.04741	.264234	.000000
3.04831	.264348	.000000
3.04921	.264394	.000000
3.0501	.264533	.000000
3.051	.264807	.000000
3.0519	.264972	.000000
3.0528	.265124	.000000
3.0537	.265168	.000000
3.0546	.265177	.000000
3.0555	.265386	.000000
3.0564	.265622	.000000
3.0573	.265724	.000000
3.0582	.265794	.000000
3.0591	.266058	.000000
3.06	.266286	.000000
3.06091	.266407	.000000
3.06181	.266532	.000000
3.06272	.266715	.000000
3.06362	.266902	.000000
3.06453	.266995	.000000
3.06543	.267123	.000000
3.06634	.267266	.000000
3.06725	.267522	.000000
3.06815	.267661	.000000
3.06906	.267797	.000000
3.06997	.267897	.000000
3.07088	.268011	.000000
3.07179	.268084	.000000
3.0727	.268134	.000000
3.07361	.268342	.000000
3.07452	.268452	.000000
3.07543	.268469	.000000
3.07634	.268586	.000000
3.07726	.268749	.000000
3.07817	.268939	.000000
3.07909	.269073	.000000
3.08	.269151	.000000
3.08092	.269291	.000000
3.08183	.269453	.000000
3.08275	.269567	.000000
3.08366	.269697	.000000
3.08458	.269807	.000000
3.0855	.269959	.000000
3.08642	.270264	.000000
3.08734	.270497	.000000
3.08826	.270497	.000000
3.08918	.270574	.000000
3.0901	.270764	.000000
3.09102	.270962	.000000
3.09194	.270999	.000000
3.09286	.271072	.000000
3.09378	.271273	.000000
3.09471	.271447	.000000
3.09563	.271665	.000000
3.09655	.271808	.000000
3.09748	.271875	.000000
3.09841	.272093	.000000
3.09933	.272262	.000000
3.10026	.272342	.000000
3.10119	.272383	.000000
3.10211	.272491	.000000
3.10304	.272619	.000000
3.10397	.272805	.000000
3.1049	.272988	.000000
3.10583	.273071	.000000
3.10676	.273259	.000000
3.10769	.273453	.000000
3.10862	.273530	.000000
3.10956	.273688	.000000
3.11049	.273856	.000000
3.11142	.273981	.000000
3.11236	.274076	.000000
3.11329	.274092	.000000
3.11422	.274217	.000000
3.11516	.274449	.000000
3.1161	.274642	.000000
3.11703	.274768	.000000
3.11797	.274995	.000000
3.11891	.275244	.000000
3.11985	.275310	.000000
3.12079	.275324	.000000
3.12172	.275416	.000000
3.12266	.275641	.000000
3.12361	.275848	.000000
3.12455	.276084	.000000
3.12549	.276220	.000000
3.12643	.276306	.000000
3.12737	.276439	.000000
3.12832	.276503	.000000
3.12926	.276619	.000000
3.13021	.276855	.000000
3.13115	.277054	.000000
3.1321	.277135	.000000
3.13304	.277285	.000000
3.13399	.277496	.000000
3.13494	.277631	.000000
3.13589	.277735	.000000
3.13683	.277878	.000000
3.13778	.277973	.000000
3.13873	.278109	.000000
3.13968	.278210	.000000
3.14063	.278398	.000000
3.14159	.278629	.000000
3.14254	.278874	.000000
3.14349	.279019	.000000
3.14444	.279127	.000000
3.1454	.279299	.000000
3.14635	.279473	.000000
3.14731	.279661	.000000
3.14826	.279875	.000000
3.14922	.280015	.000000
3.15018	.280135	.000000
3.15113	.280253	.000000
3.15209	.280375	.000000
3.15305	.280545	.000000
3.15401	.280769	.000000
3.15497	.280853	.000000
3.15593	.281027	.000000
3.15689	.281219	.000000
3.15785	.281259	.000000
3.15881	.281452	.000000
3.15977	.281715	.000000
3.16074	.281904	.000000
3.1617	.282076	.000000
3.16267	.282211	.000000
3.16363	.282369	.000000
3.1646	.282497	.000000
3.16556	.282631	.000000
3.16653	.282823	.000000
3.1675	.282969	.000000
3.16846	.283114	.000000
3.16943	.283145	.000000
3.1704	.283253	.000000
3.17137	.283465	.000000
3.17234	.283727	.000000
3.17331	.283802	.000000
3.17428	.283835	.000000
3.17525	.283963	.000000
3.17623	.284296	.000000
3.1772	.284523	.000000
3.17817	.284595	.000000
3.17915	.284734	.000000
3.18012	.284943	.000000
3.1811	.285126	.000000
3.18208	.285215	.000000
3.18305	.285375	.000000
3.18403	.285602	.000000
3.18501	.285730	.000000
3.18599	.285836	.000000
3.18696	.286105	.000000
3.18794	.286281	.000000
3.18893	.286323	.000000
3.18991	.286431	.000000
3.19089	.286696	.000000
3.19187	.286889	.000000
3.19285	.287079	.000000
3.19384	.287233	.000000
3.19482	.287326	.000000
3.19581	.287529	.000000
3.19679	.287619	.000000
3.19778	.287771	.000000
3.19876	.287961	.000000
3.19975	.288113	.000000
3.20074	.288311	.000000
3.20173	.288421	.000000
3.20271	.288604	.000000
3.2037	.288871	.000000
3.20469	.288998	.000000
3.20568	.289056	.000000
3.20668	.289159	.000000
3.20767	.289441	.000000
3.20866	.289704	.000000
3.20965	.289816	.000000
3.21065	.289946	.000000
3.21164	.290113	.000000
3.21264	.290255	.000000
3.21363	.290340	.000000
3.21463	.290484	.000000
3.21563	.290702	.000000
3.21662	.290887	.000000
3.21762	.291061	.000000
3.21862	.291253	.000000
3.21962	.291421	.000000
3.22062	.291595	.000000
3.22162	.291744	.000000
3.22262	.291844	.000000
3.22362	.292018	.000000
3.22462	.292172	.000000
3.22563	.292342	.000000
3.22663	.292529	.000000
3.22764	.292624	.000000
3.22864	.292714	.000000
3.22965	.292945	.000000
3.23065	.293118	.000000
3.23166	.293320	.000000
3.23267	.293604	.000000
3.23368	.293710	.000000
3.23468	.293851	.000000
3.23569	.294034	.000000
3.2367	.294123	.000000
3.23771	.294292	.000000
3.23873	.294568	.000000
3.23974	.294837	.000000
3.24075	.294964	.000000
3.24176	.295006	.000000
3.24278	.295165	.000000
3.24379	.295383	.000000
3.24481	.295500	.000000
3.24582	.295562	.000000
3.24684	.295702	.000000
3.24785	.295875	.000000
3.24887	.295983	.000000
3.24989	.296156	.000000
3.25091	.296447	.000000
3.25193	.296670	.000000
3.25295	.296822	.000000
3.25397	.296956	.000000
3.25499	.297069	.000000
3.25601	.297192	.000000
3.25704	.297247	.000000
3.25806	.297386	.000000
3.25908	.297631	.000000
3.26011	.297893	.000000
3.26113	.298072	.000000
3.26216	.298102	.000000
3.26319	.298307	.000000
3.26421	.298556	.000000
3.26524	.298676	.000000
3.26627	.298881	.000000
3.2673	.299004	.000000
3.26833	.299138	.000000
3.26936	.299337	.000000
3.27039	.299550	.000000
3.27142	.299716	.000000
3.27245	.299932	.000000
3.27349	.300106	.000000
3.27452	.300190	.000000
3.27555	.300353	.000000
3.27659	.300480	.000000
3.27763	.300588	.000000
3.27866	.300732	.000000
3.2797	.300818	.000000
3.28074	.301073	.000000
3.28178	.301309	.000000
3.28281	.301421	.000000
3.28385	.301594	.000000
3.28489	.301783	.000000
3.28593	.301995	.000000
3.28698	.302158	.000000
3.28802	.302244	.000000
3.28906	.302305	.000000
3.2901	.302524	.000000
3.29115	.302770	.000000
3.29219	.302865	.000000
3.29324	.302940	.000000
3.29429	.303121	.000000
3.29533	.303345	.000000
3.29638	.303537	.000000
3.29743	.303645	.000000
3.29848	.303784	.000000
3.29953	.303916	.000000
3.30058	.304046	.000000
3.30163	.304123	.000000
3.30268	.304260	.000000
3.30373	.304447	.000000
3.30478	.304538	.000000
3.30584	.304666	.000000
3.30689	.304912	.000000
3.30795	.305126	.000000
3.309	.305234	.000000
3.31006	.305287	.000000
3.31112	.305393	.000000
3.31217	.305620	.000000
3.31323	.305911	.000000
3.31429	.306070	.000000
3.31535	.306076	.000000
3.31641	.306288	.000000
3.31747	.306433	.000000
3.31853	.306398	.000000
3.3196	.306488	.000000
3.32066	.306653	.000000
3.32172	.306797	.000000
3.32279	.306944	.000000
3.32385	.307066	.000000
3.32492	.307161	.000000
3.32598	.307220	.000000
3.32705	.307337	.000000
3.32812	.307392	.000000
3.32919	.307464	.000000
3.33026	.307564	.000000
3.33133	.307714	.000000
3.3324	.307918	.000000
3.33347	.308004	.000000
3.33454	.307956	.000000
3.33561	.307936	.000000
3.33669	.308044	.000000
3.33776	.308185	.000000
3.33884	.308210	.000000
3.33991	.308258	.000000
3.34099	.308218	.000000
3.34206	.308258	.000000
3.34314	.308340	.000000
3.34422	.308340	.000000
3.3453	.308492	.000000
3.34638	.308600	.000000
3.34746	.308551	.000000
3.34854	.308555	.000000
3.34962	.308560	.000000
3.3507	.308500	.000000
3.35179	.308480	.000000
3.35287	.308544	.000000
3.35395	.308600	.000000
3.35504	.308617	.000000
3.35612	.308635	.000000
3.35721	.308681	.000000
3.3583	.308719	.000000
3.35939	.308727	.000000
3.36048	.308763	.000000
3.36156	.308769	.000000
3.36265	.308789	.000000
3.36375	.308877	.000000
3.36484	.309085	.000000
3.36593	.309056	.000000
3.36702	.308965	.000000
3.36812	.308910	.000000
3.36921	.308968	.000000
3.3703	.309084	.000000
3.3714	.309129	.000000
3.3725	.309087	.000000
3.37359	.309126	.000000
3.37469	.309166	.000000
3.37579	.309382	.000000
3.37689	.309421	.000000
3.37799	.309358	.000000
3.37909	.309472	.000000
3.38019	.309719	.000000
3.3813	.309831	.000000
3.3824	.309928	.000000
3.3835	.310050	.000000
3.38461	.310248	.000000
3.38571	.310455	.000000
3.38682	.310460	.000000
3.38792	.310601	.000000
3.38903	.310766	.000000
3.39014	.310912	.000000
3.39125	.311180	.000000
3.39236	.311330	.000000
3.39347	.311238	.000000
3.39458	.311308	.000000
3.39569	.311418	.000000
3.3968	.311456	.000000
3.39791	.311553	.000000
3.39903	.311698	.000000
3.40014	.311747	.000000
3.40126	.311725	.000000
3.40237	.311661	.000000
3.40349	.311601	.000000
3.40461	.311716	.000000
3.40573	.311875	.000000
3.40685	.311912	.000000
3.40797	.312058	.000000
3.40909	.312240	.000000
3.41021	.312467	.000000
3.41133	.312520	.000000
3.41245	.312569	.000000
3.41357	.312857	.000000
3.4147	.313140	.000000
3.41582	.313344	.000000
3.41695	.313532	.000000
3.41807	.313704	.000000
3.4192	.313928	.000000
3.42033	.314204	.000000
3.42146	.314440	.000000
3.42259	.314610	.000000
3.42372	.314956	.000000
3.42485	.315354	.000000
3.42598	.315696	.000000
3.42711	.315971	.000000
3.42825	.316176	.000000
3.42938	.316322	.000000
3.43051	.316478	.000000
3.43165	.316719	.000000
3.43279	.316923	.000000
3.43392	.317212	.000000
3.43506	.317536	.000000
3.4362	.317730	.000000
3.43734	.317847	.000000
3.43848	.318080	.000000
3.43962	.318299	.000000
3.44076	.318442	.000000
3.4419	.318656	.000000
3.44304	.318830	.000000
3.44419	.318929	.000000
3.44533	.319139	.000000
3.44648	.319255	.000000
3.44762	.319493	.000000
3.44877	.319656	.000000
3.44992	.319740	.000000
3.45106	.319813	.000000
3.45221	.319949	.000000
3.45336	.320104	.000000
3.45451	.320214	.000000
3.45566	.320428	.000000
3.45682	.320685	.000000
3.45797	.320961	.000000
3.45912	.321173	.000000
3.46028	.321345	.000000
3.46143	.321486	.000000
3.46259	.321547	.000000
3.46374	.321538	.000000
3.4649	.321646	.000000
3.46606	.321668	.000000
3.46722	.321708	.000000
3.46838	.321836	.000000
3.46954	.321902	.000000
3.4707	.321986	.000000
3.47186	.322166	.000000
3.47302	.322230	.000000
3.47419	.322001	.000000
3.47535	.321836	.000000
3.47652	.321854	.000000
3.47768	.321926	.000000
3.47885	.321937	.000000
3.48002	.321924	.000000
3.48119	.322037	.000000
3.48236	.322316	.000000
3.48353	.322484	.000000
3.4847	.322513	.000000
3.48587	.322671	.000000
3.48704	.322845	.000000
3.48821	.322934	.000000
3.48939	.323123	.000000
3.49056	.323356	.000000
3.49174	.323465	.000000
3.49291	.323579	.000000
3.49409	.323729	.000000
3.49527	.323989	.000000
3.49645	.324414	.000000
3.49763	.324714	.000000
3.49881	.324794	.000000
3.49999	.324897	.000000
3.50117	.325124	.000000
3.50235	.325426	.000000
3.50353	.325785	.000000
3.50472	.326037	.000000
3.5059	.326416	.000000
3.50709	.326795	.000000
3.50828	.327158	.000000
3.50946	.327462	.000000
3.51065	.327853	.000000
3.51184	.328207	.000000
3.51303	.328401	.000000
3.51422	.328712	.000000
3.51541	.329166	.000000
3.5166	.329431	.000000
3.5178	.329607	.000000
3.51899	.329997	.000000
3.52018	.330389	.000000
3.52138	.330552	.000000
3.52258	.330768	.000000
3.52377	.331129	.000000
3.52497	.331427	.000000
3.52617	.331702	.000000
3.52737	.331907	.000000
3.52857	.332172	.000000
3.52977	.332415	.000000
3.53097	.332560	.000000
3.53218	.332879	.000000
3.53338	.333199	.000000
3.53458	.333410	.000000
3.53579	.333655	.000000
3.537	.333840	.000000
3.5382	.333997	.000000
3.53941	.334193	.000000
3.54062	.334398	.000000
3.54183	.334495	.000000
3.54304	.334722	.000000
3.54425	.334986	.000000
3.54546	.335253	.000000
3.54667	.335403	.000000
3.54789	.335410	.000000
3.5491	.335491	.000000
3.55032	.335831	.000000
3.55153	.336156	.000000
3.55275	.336198	.000000
3.55397	.336309	.000000
3.55518	.336584	.000000
3.5564	.336846	.000000
3.55762	.337010	.000000
3.55884	.337181	.000000
3.56007	.337322	.000000
3.56129	.337391	.000000
3.56251	.337578	.000000
3.56374	.337777	.000000
3.56496	.337950	.000000
3.56619	.338003	.000000
3.56742	.338111	.000000
3.56864	.338378	.000000
3.56987	.338601	.000000
3.5711	.338832	.000000
3.57233	.339044	.000000
3.57356	.339074	.000000
3.57479	.339118	.000000
3.57603	.339246	.000000
3.57726	.339339	.000000
3.57849	.339469	.000000
3.57973	.339617	.000000
3.58097	.339740	.000000
3.5822	.339897	.000000
3.58344	.340124	.000000
3.58468	.340339	.000000
3.58592	.340523	.000000
3.58716	.340544	.000000
3.5884	.340606	.000000
3.58964	.340798	.000000
3.59089	.341102	.000000
3.59213	.341166	.000000
3.59338	.341250	.000000
3.59462	.341428	.000000
3.59587	.341552	.000000
3.59712	.341550	.000000
3.59836	.341627	.000000
3.59961	.341840	.000000
3.60086	.342026	.000000
3.60211	.342202	.000000
3.60337	.342303	.000000
3.60462	.342468	.000000
3.60587	.342592	.000000
3.60713	.342651	.000000
3.60838	.342777	.000000
3.60964	.342947	.000000
3.61089	.343204	.000000
3.61215	.343332	.000000
3.61341	.343330	.000000
3.61467	.343495	.000000
3.61593	.343670	.000000
3.61719	.343714	.000000
3.61845	.343925	.000000
3.61972	.344124	.000000
3.62098	.344102	.000000
3.62225	.344192	.000000
3.62351	.344313	.000000
3.62478	.344322	.000000
3.62605	.344403	.000000
3.62731	.344650	.000000
3.62858	.344835	.000000
3.62985	.344945	.000000
3.63112	.345023	.000000
3.6324	.345225	.000000
3.63367	.345410	.000000
3.63494	.345402	.000000
3.63622	.345554	.000000
3.63749	.345801	.000000
3.63877	.345864	.000000
3.64005	.345944	.000000
3.64132	.346116	.000000
3.6426	.346283	.000000
3.64388	.346393	.000000
3.64516	.346532	.000000
3.64645	.346651	.000000
3.64773	.346649	.000000
3.64901	.346610	.000000
3.6503	.346740	.000000
3.65158	.347033	.000000
3.65287	.347178	.000000
3.65416	.347321	.000000
3.65545	.347421	.000000
3.65673	.347427	.000000
3.65802	.347597	.000000
3.65932	.347938	.000000
3.66061	.348046	.000000
3.6619	.348080	.000000
3.66319	.348212	.000000
3.66449	.348414	.000000
3.66578	.348483	.000000
3.66708	.348511	.000000
3.66838	.348697	.000000
3.66967	.348901	.000000
3.67097	.348988	.000000
3.67227	.349089	.000000
3.67357	.349175	.000000
3.67488	.349355	.000000
3.67618	.349585	.000000
3.67748	.349737	.000000
3.67879	.349816	.000000
3.68009	.349825	.000000
3.6814	.350092	.000000
3.68271	.350299	.000000
3.68402	.350250	.000000
3.68532	.350431	.000000
3.68664	.350731	.000000
3.68795	.350912	.000000
3.68926	.351013	.000000
3.69057	.350878	.000000
3.69189	.350982	.000000
3.6932	.351317	.000000
3.69452	.351445	.000000
3.69583	.351454	.000000
3.69715	.351573	.000000
3.69847	.351874	.000000
3.69979	.351910	.000000
3.70111	.351835	.000000
3.70243	.352015	.000000
3.70375	.352276	.000000
3.70508	.352414	.000000
3.7064	.352445	.000000
3.70773	.352465	.000000
3.70905	.352586	.000000
3.71038	.352756	.000000
3.71171	.352794	.000000
3.71304	.352774	.000000
3.71437	.353016	.000000
3.7157	.353234	.000000
3.71703	.353285	.000000
3.71836	.353532	.000000
3.7197	.353644	.000000
3.72103	.353682	.000000
3.72237	.353746	.000000
3.7237	.353874	.000000
3.72504	.354103	.000000
3.72638	.354241	.000000
3.72772	.354310	.000000
3.72906	.354495	.000000
3.7304	.354587	.000000
3.73174	.354581	.000000
3.73309	.354804	.000000
3.73443	.354859	.000000
3.73578	.354975	.000000
3.73712	.355198	.000000
3.73847	.355365	.000000
3.73982	.355255	.000000
3.74117	.355202	.000000
3.74252	.355335	.000000
3.74387	.355478	.000000
3.74522	.355687	.000000
3.74657	.355868	.000000
3.74793	.356029	.000000
3.74928	.356238	.000000
3.75064	.356256	.000000
3.752	.356372	.000000
3.75335	.356518	.000000
3.75471	.356423	.000000
3.75607	.356439	.000000
3.75744	.356718	.000000
3.7588	.356787	.000000
3.76016	.356871	.000000
3.76152	.356924	.000000
3.76289	.357038	.000000
3.76425	.357298	.000000
3.76562	.357426	.000000
3.76699	.357536	.000000
3.76836	.357541	.000000
3.76973	.357622	.000000
3.7711	.357785	.000000
3.77247	.357929	.000000
3.77385	.358091	.000000
3.77522	.358169	.000000
3.77659	.358101	.000000
3.77797	.358059	.000000
3.77935	.358219	.000000
3.78072	.358323	.000000
3.7821	.358631	.000000
3.78348	.358847	.000000
3.78486	.358616	.000000
3.78625	.358526	.000000
3.78763	.358649	.000000
3.78901	.358819	.000000
3.7904	.359132	.000000
3.79178	.359258	.000000
3.79317	.359284	.000000
3.79456	.359390	.000000
3.79595	.359529	.000000
3.79734	.359663	.000000
3.79873	.359725	.000000
3.80012	.359572	.000000
3.80151	.359658	.000000
3.80291	.359762	.000000
3.8043	.359707	.000000
3.8057	.360033	.000000
3.8071	.360318	.000000
3.8085	.360284	.000000
3.80989	.360329	.000000
3.8113	.360415	.000000
3.8127	.360496	.000000
3.8141	.360516	.000000
3.8155	.360577	.000000
3.81691	.360697	.000000
3.81831	.360890	.000000
3.81972	.361082	.000000
3.82113	.361250	.000000
3.82253	.361168	.000000
3.82394	.361115	.000000
3.82536	.361241	.000000
3.82677	.361355	.000000
3.82818	.361527	.000000
3.82959	.361679	.000000
3.83101	.361710	.000000
3.83243	.361602	.000000
3.83384	.361624	.000000
3.83526	.361682	.000000
3.83668	.361827	.000000
3.8381	.362036	.000000
3.83952	.362125	.000000
3.84094	.362169	.000000
3.84236	.362188	.000000
3.84379	.362061	.000000
3.84521	.362080	.000000
3.84664	.362129	.000000
3.84807	.362387	.000000
3.8495	.362640	.000000
3.85093	.362762	.000000
3.85236	.362967	.000000
3.85379	.363132	.000000
3.85522	.363070	.000000
3.85666	.363079	.000000
3.85809	.363246	.000000
3.85953	.363345	.000000
3.86096	.363529	.000000
3.8624	.363586	.000000
3.86384	.363590	.000000
3.86528	.363656	.000000
3.86672	.363621	.000000
3.86816	.363712	.000000
3.86961	.363925	.000000
3.87105	.364141	.000000
3.8725	.364130	.000000
3.87394	.364161	.000000
3.87539	.364450	.000000
3.87684	.364469	.000000
3.87829	.364359	.000000
3.87974	.364388	.000000
3.88119	.364476	.000000
3.88265	.364672	.000000
3.8841	.364822	.000000
3.88556	.364912	.000000
3.88701	.364961	.000000
3.88847	.365032	.000000
3.88993	.365197	.000000
3.89139	.365243	.000000
3.89285	.365291	.000000
3.89431	.365296	.000000
3.89578	.365369	.000000
3.89724	.365479	.000000
3.89871	.365686	.000000
3.90017	.365842	.000000
3.90164	.366054	.000000
3.90311	.366039	.000000
3.90458	.365962	.000000
3.90605	.366006	.000000
3.90752	.366026	.000000
3.90899	.366213	.000000
3.91047	.366422	.000000
3.91194	.366504	.000000
3.91342	.366545	.000000
3.9149	.366574	.000000
3.91638	.366577	.000000
3.91785	.366610	.000000
3.91934	.366499	.000000
3.92082	.366438	.000000
3.9223	.366565	.000000
3.92378	.366627	.000000
3.92527	.366797	.000000
3.92676	.366989	.000000
3.92824	.367074	.000000
3.92973	.367127	.000000
3.93122	.367110	.000000
3.93271	.367158	.000000
3.9342	.367416	.000000
3.9357	.367476	.000000
3.93719	.367335	.000000
3.93869	.367224	.000000
3.94018	.367247	.000000
3.94168	.367357	.000000
3.94318	.367399	.000000
3.94468	.367198	.000000
3.94618	.367101	.000000
3.94768	.367171	.000000
3.94919	.367176	.000000
3.95069	.367002	.000000
3.9522	.366814	.000000
3.9537	.366896	.000000
3.95521	.367013	.000000
3.95672	.366828	.000000
3.95823	.366717	.000000
3.95975	.366975	.000000
3.96126	.367004	.000000
3.96277	.367000	.000000
3.96429	.367161	.000000
3.9658	.367458	.000000
3.96732	.367561	.000000
3.96884	.367366	.000000
3.97036	.367132	.000000
3.97188	.367083	.000000
3.9734	.367059	.000000
3.97492	.367313	.000000
3.97645	.367548	.000000
3.97797	.367570	.000000
3.9795	.367731	.000000
3.98103	.367892	.000000
3.98256	.367901	.000000
3.98409	.368053	.000000
3.98562	.368291	.000000
3.98715	.368304	.000000
3.98868	.368311	.000000
3.99022	.368447	.000000
3.99175	.368674	.000000
3.99329	.368860	.000000
3.99483	.369067	.000000
3.99637	.369278	.000000
3.99791	.369278	.000000
3.99945	.369329	.000000
4.00109	.369508	.000000
4.00418	.369849	.000000
4.00728	.370166	.000000
4.01038	.370469	.000000
4.01348	.370799	.000000
4.01659	.371119	.000000
4.0197	.371442	.000000
4.02282	.371738	.000000
4.02594	.372016	.000000
4.02907	.372302	.000000
4.0322	.372556	.000000
4.03534	.372780	.000000
4.03848	.373009	.000000
4.04163	.373243	.000000
4.04478	.373470	.000000
4.04794	.373637	.000000
4.0511	.373781	.000000
4.05427	.373948	.000000
4.05744	.374123	.000000
4.06062	.374275	.000000
4.0638	.374442	.000000
4.06699	.374576	.000000
4.07018	.374709	.000000
4.07338	.374880	.000000
4.07658	.375030	.000000
4.07979	.375160	.000000
4.083	.375273	.000000
4.08622	.375361	.000000
4.08944	.375500	.000000
4.09267	.375617	.000000
4.0959	.375712	.000000
4.09914	.375822	.000000
4.10238	.375947	.000000
4.10563	.376080	.000000
4.10889	.376177	.000000
4.11214	.376260	.000000
4.11541	.376373	.000000
4.11868	.376476	.000000
4.12195	.376544	.000000
4.12523	.376626	.000000
4.12851	.376701	.000000
4.1318	.376769	.000000
4.1351	.376857	.000000
4.1384	.376915	.000000
4.1417	.376998	.000000
4.14501	.377091	.000000
4.14833	.377177	.000000
4.15165	.377258	.000000
4.15498	.377340	.000000
4.15831	.377413	.000000
4.16165	.377457	.000000
4.16499	.377510	.000000
4.16834	.377582	.000000
4.17169	.377615	.000000
4.17505	.377653	.000000
4.17842	.377699	.000000
4.18179	.377730	.000000
4.18516	.377734	.000000
4.18854	.377723	.000000
4.19193	.377719	.000000
4.19532	.377724	.000000
4.19872	.377702	.000000
4.20212	.377640	.000000
4.20553	.377532	.000000
4.20894	.377353	.000000
4.21236	.377102	.000000
4.21578	.376794	.000000
4.21921	.376410	.000000
4.22265	.375886	.000000
4.22609	.375161	.000000
4.22954	.374261	.000000
4.23299	.373129	.000000
4.23645	.371658	.000000
4.23991	.369984	.000000
4.24338	.368311	.000000
4.24686	.366713	.000000
4.25034	.365197	.000000
4.25382	.363553	.000000
4.25732	.361721	.000000
4.26081	.359897	.000000
4.26432	.358178	.000000
4.26783	.355888	.000000
4.27134	.352564	.000000
4.27487	.349712	.000000
4.27839	.349364	.000000
4.28193	.349761	.000000
4.28546	.348447	.000000
4.28901	.348016	.000000
4.29256	.351566	.000000
4.29612	.356954	.000000
4.29968	.362905	.000000
4.30325	.368361	.000000
4.30682	.371593	.000000
4.3104	.373142	.000000
4.31399	.374279	.000000
4.31758	.375409	.000000
4.32118	.376412	.000000
4.32478	.377201	.000000
4.32839	.377755	.000000
4.332	.378167	.000000
4.33563	.378482	.000000
4.33926	.378711	.000000
4.34289	.378914	.000000
4.34653	.379055	.000000
4.35018	.379143	.000000
4.35383	.379222	.000000
4.35749	.379286	.000000
4.36115	.379335	.000000
4.36482	.379370	.000000
4.3685	.379392	.000000
4.37218	.379409	.000000
4.37587	.379394	.000000
4.37957	.379377	.000000
4.38327	.379354	.000000
4.38698	.379319	.000000
4.39069	.379280	.000000
4.39442	.379242	.000000
4.39814	.379205	.000000
4.40188	.379204	.000000
4.40562	.379202	.000000
4.40936	.379205	.000000
4.41312	.379220	.000000
4.41687	.379262	.000000
4.42064	.379334	.000000
4.42441	.379390	.000000
4.42819	.379409	.000000
4.43197	.379431	.000000
4.43577	.379407	.000000
4.43956	.379376	.000000
4.44337	.379335	.000000
4.44718	.379310	.000000
4.45099	.379302	.000000
4.45482	.379277	.000000
4.45865	.379242	.000000
4.46249	.379229	.000000
4.46633	.379187	.000000
4.47018	.379152	.000000
4.47404	.379099	.000000
4.4779	.379020	.000000
4.48177	.378975	.000000
4.48565	.378911	.000000
4.48953	.378821	.000000
4.49342	.378748	.000000
4.49732	.378658	.000000
4.50122	.378570	.000000
4.50513	.378480	.000000
4.50905	.378402	.000000
4.51298	.378336	.000000
4.51691	.378253	.000000
4.52085	.378164	.000000
4.52479	.378050	.000000
4.52874	.377918	.000000
4.5327	.377829	.000000
4.53667	.377739	.000000
4.54064	.377637	.000000
4.54462	.377521	.000000
4.5486	.377413	.000000
4.5526	.377301	.000000
4.5566	.377175	.000000
4.5606	.377053	.000000
4.56462	.376924	.000000
4.56864	.376778	.000000
4.57267	.376624	.000000
4.57671	.376481	.000000
4.58075	.376344	.000000
4.5848	.376196	.000000
4.58886	.376040	.000000
4.59292	.375888	.000000
4.59699	.375745	.000000
4.60107	.375577	.000000
4.60516	.375416	.000000
4.60925	.375237	.000000
4.61335	.375028	.000000
4.61746	.374821	.000000
4.62158	.374636	.000000
4.6257	.374457	.000000
4.62983	.374277	.000000
4.63397	.374087	.000000
4.63811	.373918	.000000
4.64226	.373730	.000000
4.64642	.373501	.000000
4.65059	.373325	.000000
4.65476	.373155	.000000
4.65895	.372950	.000000
4.66314	.372771	.000000
4.66733	.372600	.000000
4.67154	.372410	.000000
4.67575	.372205	.000000
4.67997	.372020	.000000
4.6842	.371864	.000000
4.68843	.371725	.000000
4.69267	.371555	.000000
4.69693	.371401	.000000
4.70118	.371242	.000000
4.70545	.371070	.000000
4.70972	.370892	.000000
4.71401	.370742	.000000
4.71829	.370607	.000000
4.72259	.370464	.000000
4.7269	.370279	.000000
4.73121	.370087	.000000
4.73553	.369882	.000000
4.73986	.369708	.000000
4.7442	.369543	.000000
4.74854	.369378	.000000
4.75289	.369214	.000000
4.75725	.369020	.000000
4.76162	.368831	.000000
4.766	.368677	.000000
4.77038	.368480	.000000
4.77478	.368271	.000000
4.77918	.368123	.000000
4.78358	.368026	.000000
4.788	.367952	.000000
4.79243	.367870	.000000
4.79686	.367760	.000000
4.8013	.367652	.000000
4.80575	.367529	.000000
4.81021	.367431	.000000
4.81467	.367328	.000000
4.81915	.367226	.000000
4.82363	.367110	.000000
4.82812	.367006	.000000
4.83262	.366872	.000000
4.83713	.366740	.000000
4.84165	.366614	.000000
4.84617	.366475	.000000
4.85071	.366312	.000000
4.85525	.366112	.000000
4.8598	.365928	.000000
4.86436	.365759	.000000
4.86892	.365545	.000000
4.8735	.365347	.000000
4.87808	.365157	.000000
4.88268	.364948	.000000
4.88728	.364750	.000000
4.89189	.364573	.000000
4.89651	.364395	.000000
4.90114	.364216	.000000
4.90577	.363978	.000000
4.91042	.363742	.000000
4.91507	.363507	.000000
4.91974	.363302	.000000
4.92441	.363081	.000000
4.92909	.362830	.000000
4.93378	.362576	.000000
4.93848	.362347	.000000
4.94319	.362098	.000000
4.94791	.361869	.000000
4.95263	.361604	.000000
4.95737	.361338	.000000
4.96211	.361085	.000000
4.96686	.360809	.000000
4.97162	.360533	.000000
4.97639	.360254	.000000
4.98117	.359958	.000000
4.98596	.359740	.000000
4.99076	.359557	.000000
4.99557	.359365	.000000
5.00039	.359161	.000000
5.00521	.358938	.000000
5.01005	.358696	.000000
5.0149	.358446	.000000
5.01975	.358180	.000000
5.02461	.357929	.000000
5.02949	.357660	.000000
5.03437	.357411	.000000
5.03926	.357193	.000000
5.04417	.356983	.000000
5.04908	.356727	.000000
5.054	.356443	.000000
5.05893	.356145	.000000
5.06387	.355848	.000000
5.06882	.355524	.000000
5.07378	.355198	.000000
5.07875	.354881	.000000
5.08373	.354596	.000000
5.08872	.354285	.000000
5.09372	.353966	.000000
5.09872	.353690	.000000
5.10374	.353428	.000000
5.10877	.353144	.000000
5.11381	.352880	.000000
5.11886	.352615	.000000
5.12391	.352370	.000000
5.12898	.352124	.000000
5.13406	.351868	.000000
5.13915	.351621	.000000
5.14425	.351399	.000000
5.14935	.351185	.000000
5.15447	.350967	.000000
5.1596	.350720	.000000
5.16474	.350455	.000000
5.16989	.350217	.000000
5.17505	.349959	.000000
5.18022	.349657	.000000
5.1854	.349355	.000000
5.19059	.349049	.000000
5.19579	.348771	.000000
5.201	.348470	.000000
5.20623	.348132	.000000
5.21146	.347822	.000000
5.2167	.347498	.000000
5.22195	.347103	.000000
5.22722	.346698	.000000
5.23249	.346290	.000000
5.23778	.345911	.000000
5.24307	.345468	.000000
5.24838	.345025	.000000
5.2537	.344628	.000000
5.25903	.344209	.000000
5.26437	.343795	.000000
5.26972	.343425	.000000
5.27508	.343048	.000000
5.28045	.342673	.000000
5.28583	.342314	.000000
5.29122	.341950	.000000
5.29663	.341556	.000000
5.30204	.341161	.000000
5.30747	.340789	.000000
5.31291	.340439	.000000
5.31836	.340069	.000000
5.32382	.339703	.000000
5.32929	.339319	.000000
5.33477	.338923	.000000
5.34027	.338565	.000000
5.34577	.338233	.000000
5.35129	.337882	.000000
5.35682	.337466	.000000
5.36236	.337012	.000000
5.36791	.336606	.000000
5.37347	.336205	.000000
5.37904	.335786	.000000
5.38463	.335350	.000000
5.39023	.334905	.000000
5.39584	.334442	.000000
5.40146	.333966	.000000
5.40709	.333474	.000000
5.41273	.332999	.000000
5.41839	.332518	.000000
5.42406	.331987	.000000
5.42974	.331348	.000000
5.43543	.330729	.000000
5.44113	.330156	.000000
5.44684	.329572	.000000
5.45257	.328943	.000000
5.45831	.328340	.000000
5.46406	.327751	.000000
5.46983	.327136	.000000
5.4756	.326519	.000000
5.48139	.325891	.000000
5.48719	.325195	.000000
5.493	.324553	.000000
5.49883	.323899	.000000
5.50467	.323216	.000000
5.51052	.322490	.000000
5.51638	.321712	.000000
5.52225	.320849	.000000
5.52814	.319868	.000000
5.53404	.318786	.000000
5.53995	.317587	.000000
5.54588	.316271	.000000
5.55182	.314978	.000000
5.55777	.313787	.000000
5.56373	.312809	.000000
5.56971	.312033	.000000
5.57569	.311427	.000000
5.5817	.310971	.000000
5.58771	.310568	.000000
5.59374	.310244	.000000
5.59978	.309942	.000000
5.60583	.309560	.000000
5.6119	.309135	.000000
5.61798	.308699	.000000
5.62407	.308245	.000000
5.63018	.307815	.000000
5.6363	.307458	.000000
5.64243	.307096	.000000
5.64858	.306616	.000000
5.65474	.306164	.000000
5.66091	.305772	.000000
5.6671	.305391	.000000
5.6733	.305155	.000000
5.67951	.304919	.000000
5.68574	.304677	.000000
5.69198	.304483	.000000
5.69824	.304282	.000000
5.7045	.304110	.000000
5.71079	.303969	.000000
5.71708	.303681	.000000
5.72339	.303308	.000000
5.72972	.302867	.000000
5.73606	.302374	.000000
5.74241	.301708	.000000
5.74877	.300785	.000000
5.75515	.299454	.000000
5.76155	.297794	.000000
5.76796	.295667	.000000
5.77438	.292884	.000000
5.78082	.289911	.000000
5.78727	.286975	.000000
5.79374	.284150	.000000
5.80022	.281552	.000000
5.80671	.279226	.000000
5.81322	.277331	.000000
5.81974	.276029	.000000
5.82628	.275248	.000000
5.83284	.275057	.000000
5.8394	.275760	.000000
5.84599	.277296	.000000
5.85259	.279227	.000000
5.8592	.280877	.000000
5.86583	.281834	.000000
5.87247	.282028	.000000
5.87913	.281878	.000000
5.8858	.281265	.000000
5.89249	.280426	.000000
5.89919	.279539	.000000
5.90591	.278382	.000000
5.91265	.277190	.000000
5.9194	.275985	.000000
5.92616	.274709	.000000
5.93294	.273505	.000000
5.93974	.272057	.000000
5.94655	.270277	.000000
5.95338	.268469	.000000
5.96022	.266590	.000000
5.96708	.264666	.000000
5.97395	.262603	.000000
5.98084	.260432	.000000
5.98775	.258264	.000000
5.99467	.255963	.000000
6.00161	.253611	.000000
6.00856	.251295	.000000
6.01553	.249025	.000000
6.02252	.246737	.000000
6.02952	.244514	.000000
6.03654	.242367	.000000
6.04358	.240419	.000000
6.05063	.238471	.000000
6.0577	.236221	.000000
6.06478	.234059	.000000
6.07188	.232152	.000000
6.079	.230164	.000000
6.08614	.228172	.000000
6.09329	.226303	.000000
6.10046	.224544	.000000
6.10764	.222903	.000000
6.11485	.221402	.000000
6.12206	.219903	.000000
6.1293	.218563	.000000
6.13655	.217435	.000000
6.14383	.216498	.000000
6.15111	.215608	.000000
6.15842	.214806	.000000
6.16574	.214003	.000000
6.17308	.213172	.000000
6.18044	.212395	.000000
6.18781	.211544	.000000
6.19521	.210480	.000000
6.20262	.209430	.000000
6.21005	.208421	.000000
6.21749	.207500	.000000
6.22496	.206693	.000000
6.23244	.206067	.000000
6.23994	.205532	.000000
6.24745	.205091	.000000
6.25499	.204721	.000000
6.26254	.204410	.000000
6.27012	.204123	.000000
6.27771	.203839	.000000
6.28532	.203502	.000000
6.29294	.203174	.000000
6.30059	.202794	.000000
6.30825	.202380	.000000
6.31594	.201856	.000000
6.32364	.201188	.000000
6.33136	.200406	.000000
6.3391	.199676	.000000
6.34686	.198978	.000000
6.35464	.198109	.000000
6.36244	.197181	.000000
6.37025	.196271	.000000
6.37809	.195242	.000000
6.38594	.194191	.000000
6.39382	.193210	.000000
6.40171	.192377	.000000
6.40962	.191762	.000000
6.41756	.191035	.000000
6.42551	.190080	.000000
6.43348	.189129	.000000
6.44147	.188040	.000000
6.44948	.186854	.000000
6.45752	.185558	.000000
6.46557	.184201	.000000
6.47364	.182848	.000000
6.48173	.181496	.000000
6.48984	.180179	.000000
6.49798	.178788	.000000
6.50613	.177270	.000000
6.5143	.175853	.000000
6.52249	.174466	.000000
6.53071	.173029	.000000
6.53894	.171597	.000000
6.5472	.170173	.000000
6.55548	.168749	.000000
6.56378	.167326	.000000
6.57209	.165906	.000000
6.58043	.164421	.000000
6.58879	.162918	.000000
6.59718	.161441	.000000
6.60558	.159925	.000000
6.61401	.158437	.000000
6.62245	.156926	.000000
6.63092	.155480	.000000
6.63941	.153995	.000000
6.64793	.152459	.000000
6.65646	.151092	.000000
6.66502	.149909	.000000
6.67359	.148716	.000000
6.68219	.147526	.000000
6.69082	.146334	.000000
6.69946	.145236	.000000
6.70813	.144234	.000000
6.71681	.143301	.000000
6.72553	.142424	.000000
6.73426	.141644	.000000
6.74302	.140965	.000000
6.7518	.140432	.000000
6.7606	.139945	.000000
6.76942	.139553	.000000
6.77827	.139262	.000000
6.78715	.139066	.000000
6.79604	.138911	.000000
6.80496	.138830	.000000
6.8139	.138850	.000000
6.82287	.138947	.000000
6.83185	.139059	.000000
6.84087	.139165	.000000
6.8499	.139279	.000000
6.85896	.139480	.000000
6.86805	.139692	.000000
6.87716	.139881	.000000
6.88629	.140146	.000000
6.89545	.140436	.000000
6.90463	.140707	.000000
6.91384	.140919	.000000
6.92307	.141042	.000000
6.93233	.141137	.000000
6.9416	.141239	.000000
6.95091	.141404	.000000
6.96024	.141668	.000000
6.96959	.141944	.000000
6.97897	.142263	.000000
6.98838	.142713	.000000
6.99781	.143266	.000000
7.00727	.143919	.000000
7.01675	.144644	.000000
7.02625	.145437	.000000
7.03579	.146336	.000000
7.04535	.147389	.000000
7.05493	.148437	.000000
7.06454	.149490	.000000
7.07418	.150535	.000000
7.08385	.151553	.000000
7.09354	.152637	.000000
7.10326	.153955	.000000
7.113	.155440	.000000
7.12277	.156816	.000000
7.13257	.157935	.000000
7.14239	.158843	.000000
7.15224	.159581	.000000
7.16212	.160156	.000000
7.17203	.160580	.000000
7.18196	.160859	.000000
7.19192	.161016	.000000
7.20191	.161084	.000000
7.21193	.161034	.000000
7.22197	.160943	.000000
7.23204	.160963	.000000
7.24214	.161009	.000000
7.25227	.160935	.000000
7.26243	.160844	.000000
7.27261	.161108	.000000
7.28283	.161666	.000000
7.29307	.162118	.000000
7.30334	.162378	.000000
7.31364	.162479	.000000
7.32397	.162449	.000000
7.33433	.162259	.000000
7.34472	.161988	.000000
7.35514	.161787	.000000
7.36559	.161701	.000000
7.37607	.161605	.000000
7.38657	.161411	.000000
7.39711	.161234	.000000
7.40768	.161313	.000000
7.41827	.161677	.000000
7.4289	.162074	.000000
7.43956	.162459	.000000
7.45025	.162929	.000000
7.46097	.163471	.000000
7.47172	.164015	.000000
7.4825	.164492	.000000
7.49331	.164888	.000000
7.50416	.165188	.000000
7.51503	.165393	.000000
7.52594	.165514	.000000
7.53688	.165569	.000000
7.54785	.165565	.000000
7.55885	.165536	.000000
7.56988	.165605	.000000
7.58095	.165789	.000000
7.59205	.165977	.000000
7.60318	.166135	.000000
7.61434	.166305	.000000
7.62554	.166418	.000000
7.63677	.166444	.000000
7.64803	.166400	.000000
7.65933	.166288	.000000
7.67067	.166109	.000000
7.68203	.165821	.000000
7.69343	.165426	.000000
7.70486	.164899	.000000
7.71632	.164194	.000000
7.72782	.163315	.000000
7.73936	.162248	.000000
7.75092	.160987	.000000
7.76253	.159539	.000000
7.77416	.157933	.000000
7.78584	.156264	.000000
7.79754	.154512	.000000
7.80929	.152675	.000000
7.82107	.150748	.000000
7.83288	.148787	.000000
7.84473	.146834	.000000
7.85661	.144972	.000000
7.86854	.143260	.000000
7.88049	.141735	.000000
7.89249	.140476	.000000
7.90452	.139440	.000000
7.91659	.138453	.000000
7.9287	.137329	.000000
7.94084	.135923	.000000
7.95302	.134219	.000000
7.96523	.132220	.000000
7.97749	.129990	.000000
7.98978	.127568	.000000
8.00211	.125067	.000000
8.01448	.122574	.000000
8.02688	.120146	.000000
8.03933	.117853	.000000
8.05181	.115652	.000000
8.06433	.113375	.000000
8.07689	.110922	.000000
8.08949	.108265	.000000
8.10213	.105448	.000000
8.11481	.102502	.000000
8.12753	.099421	.000000
8.14029	.096216	.000000
8.15309	.092948	.000000
8.16593	.089646	.000000
8.1788	.086270	.000000
8.19172	.082832	.000000
8.20468	.079387	.000000
8.21769	.075877	.000000
8.23073	.072313	.000000
8.24382	.068729	.000000
8.25694	.065153	.000000
8.27012	.061576	.000000
8.28333	.058047	.000000
8.29658	.054554	.000000
8.30988	.051151	.000000
8.32321	.047879	.000000
8.33659	.044796	.000000
8.35002	.041856	.000000
8.36349	.039140	.000000
8.377	.036626	.000000
8.39055	.034297	.000000
8.40415	.032176	.000000
8.41779	.030281	.000000
8.43148	.028522	.000000
8.44521	.026925	.000000
8.45899	.025488	.000000
8.47281	.024203	.000000
8.48667	.023070	.000000
8.50059	.022036	.000000
8.51454	.021049	.000000
8.52855	.020185	.000000
8.5426	.019438	.000000
8.5567	.018755	.000000
8.57084	.018135	.000000
8.58503	.017607	.000000
8.59927	.017113	.000000
8.61355	.016654	.000000
8.62788	.016243	.000000
8.64226	.015908	.000000
8.65669	.015627	.000000
8.67117	.015357	.000000
8.68569	.015088	.000000
8.70026	.014874	.000000
8.71489	.014662	.000000
8.72956	.014488	.000000
8.74428	.014349	.000000
8.75905	.014243	.000000
8.77387	.014147	.000000
8.78873	.014094	.000000
8.80366	.013997	.000000
8.81863	.013917	.000000
8.83365	.013845	.000000
8.84872	.013767	.000000
8.86385	.013741	.000000
8.87903	.013726	.000000
8.89426	.013671	.000000
8.90954	.013651	.000000
8.92488	.013649	.000000
8.94026	.013657	.000000
8.9557	.013624	.000000
8.9712	.013611	.000000
8.98675	.013605	.000000
9.00235	.013607	.000000
9.018	.013589	.000000
9.03372	.013571	.000000
9.04948	.013549	.000000
9.0653	.013573	.000000
9.08118	.013574	.000000
9.09711	.013573	.000000
9.1131	.013536	.000000
9.12914	.013501	.000000
9.14524	.013408	.000000
9.1614	.013395	.000000
9.17761	.013432	.000000
9.19389	.013428	.000000
9.21022	.013389	.000000
9.2266	.013399	.000000
9.24305	.013406	.000000
9.25956	.013395	.000000
9.27612	.013421	.000000
9.29274	.013424	.000000
9.30942	.013406	.000000
9.32616	.013452	.000000
9.34297	.013466	.000000
9.35983	.013465	.000000
9.37676	.013422	.000000
9.39374	.013373	.000000
9.41079	.013302	.000000
9.4279	.013265	.000000
9.44508	.013236	.000000
9.46231	.013194	.000000
9.47961	.013170	.000000
9.49697	.013206	.000000
9.5144	.013205	.000000
9.53188	.013212	.000000
9.54944	.013228	.000000
9.56706	.013311	.000000
9.58474	.013388	.000000
9.60249	.013437	.000000
9.62031	.013485	.000000
9.63819	.013560	.000000
9.65614	.013567	.000000
9.67415	.013604	.000000
9.69223	.013712	.000000
9.71038	.013792	.000000
9.7286	.013864	.000000
9.74689	.013973	.000000
9.76524	.014049	.000000
9.78367	.014153	.000000
9.80216	.014279	.000000
9.82073	.014395	.000000
9.83936	.014481	.000000
9.85807	.014612	.000000
9.87684	.014730	.000000
9.89569	.014859	.000000
9.91461	.014978	.000000
9.93361	.015127	.000000
9.95267	.015284	.000000
9.97181	.015432	.000000
9.99103	.015573	.000000
10.01031	.015703	.000000
10.02968	.015824	.000000
10.04911	.015998	.000000
10.06863	.016165	.000000
10.08822	.016333	.000000
10.10788	.016540	.000000
10.12762	.016740	.000000
10.14744	.016926	.000000
10.16734	.017186	.000000
10.18731	.017426	.000000
10.20737	.017717	.000000
10.2275	.018039	.000000
10.24771	.018387	.000000
10.268	.018740	.000000
10.28838	.019110	.000000
10.30883	.019482	.000000
10.32937	.019865	.000000
10.34999	.020309	.000000
10.37069	.020787	.000000
10.39147	.021302	.000000
10.41234	.021805	.000000
10.43329	.022200	.000000
10.45432	.022548	.000000
10.47545	.022825	.000000
10.49665	.023118	.000000
10.51794	.023498	.000000
10.53932	.024007	.000000
10.56079	.024544	.000000
10.58234	.025064	.000000
10.60398	.025508	.000000
10.6257	.025834	.000000
10.64752	.026036	.000000
10.66943	.026191	.000000
10.69143	.026244	.000000
10.71352	.026259	.000000
10.7357	.026279	.000000
10.75797	.026299	.000000
10.78034	.026338	.000000
10.8028	.026398	.000000
10.82536	.026481	.000000
10.848	.026647	.000000
10.87075	.026808	.000000
10.89358	.026967	.000000
10.91652	.027107	.000000
10.93955	.027326	.000000
10.96268	.027577	.000000
10.98591	.027806	.000000
11.00923	.027984	.000000
11.03266	.028187	.000000
11.05618	.028492	.000000
11.0798	.028818	.000000
11.10353	.029097	.000000
11.12736	.029432	.000000
11.15129	.029834	.000000
11.17532	.030186	.000000
11.19946	.030629	.000000
11.2237	.031200	.000000
11.24805	.031731	.000000
11.27249	.032242	.000000
11.29705	.032741	.000000
11.32172	.033195	.000000
11.34649	.033446	.000000
11.37138	.033734	.000000
11.39637	.034144	.000000
11.42147	.034561	.000000
11.44669	.034938	.000000
11.47201	.035295	.000000
11.49745	.035555	.000000
11.523	.035784	.000000
11.54866	.036013	.000000
11.57444	.036240	.000000
11.60034	.036555	.000000
11.62635	.036816	.000000
11.65248	.037047	.000000
11.67872	.037501	.000000
11.70508	.038038	.000000
11.73157	.038539	.000000
11.75817	.039028	.000000
11.78489	.039502	.000000
11.81173	.039819	.000000
11.8387	.039876	.000000
11.86579	.039791	.000000
11.893	.039663	.000000
11.92034	.039681	.000000
11.94781	.040201	.000000
11.9754	.041071	.000000
12.00313	.042030	.000000
12.03098	.042944	.000000
12.05896	.043791	.000000
12.08707	.044487	.000000
12.11531	.044985	.000000
12.14368	.045311	.000000
12.17219	.045540	.000000
12.20083	.045594	.000000
12.22961	.045457	.000000
12.25852	.045075	.000000
12.28757	.044535	.000000
12.31676	.043769	.000000
12.34608	.042825	.000000
12.37555	.041719	.000000
12.40514	.040472	.000000
12.43489	.039151	.000000
12.46479	.037748	.000000
12.49482	.036346	.000000
12.525	.034933	.000000
12.55533	.033508	.000000
12.5858	.032247	.000000
12.61643	.031061	.000000
12.6472	.029902	.000000
12.67813	.028831	.000000
12.7092	.027789	.000000
12.74043	.026764	.000000
12.77181	.025849	.000000
12.80334	.025036	.000000
12.83504	.024243	.000000
12.86689	.023464	.000000
12.8989	.022772	.000000
12.93106	.022049	.000000
12.96339	.021325	.000000
12.99588	.020782	.000000
13.02854	.020264	.000000
13.06135	.019661	.000000
13.09433	.019054	.000000
13.12748	.018435	.000000
13.1608	.017913	.000000
13.19429	.017422	.000000
13.22795	.016926	.000000
13.26178	.016394	.000000
13.29579	.015830	.000000
13.32996	.015282	.000000
13.36432	.014788	.000000
13.39885	.014325	.000000
13.43356	.013812	.000000
13.46846	.013269	.000000
13.50353	.012829	.000000
13.53879	.012481	.000000
13.57423	.012145	.000000
13.60985	.011817	.000000
13.64567	.011623	.000000
13.68167	.011434	.000000
13.71787	.011205	.000000
13.75426	.011041	.000000
13.79084	.010936	.000000
13.82761	.010759	.000000
13.86459	.010585	.000000
13.90177	.010407	.000000
13.93914	.010261	.000000
13.97672	.010120	.000000
14.01449	.010012	.000000
14.05247	.009871	.000000
14.09066	.009737	.000000
14.12905	.009659	.000000
14.16766	.009521	.000000
14.20647	.009424	.000000
14.2455	.009382	.000000
14.28474	.009249	.000000
14.3242	.009150	.000000
14.36388	.009111	.000000
14.40378	.009091	.000000
14.44391	.009007	.000000
14.48425	.008924	.000000
14.52482	.008816	.000000
14.56562	.008694	.000000
14.60665	.008621	.000000
14.64791	.008577	.000000
14.68941	.008449	.000000
14.73114	.008342	.000000
14.77311	.008278	.000000
14.81532	.008278	.000000
14.85777	.008258	.000000
14.90046	.008254	.000000
14.9434	.008315	.000000
14.98659	.008405	.000000
15.03003	.008337	.000000
15.07372	.008331	.000000
15.11767	.008309	.000000
15.16188	.008289	.000000
15.20636	.008445	.000000
15.25108	.008491	.000000
15.29607	.008500	.000000
15.34133	.008458	.000000
15.38685	.008419	.000000
15.43265	.008469	.000000
15.47871	.008600	.000000
15.52506	.008743	.000000
15.57167	.008840	.000000
15.61858	.008985	.000000
15.66576	.009073	.000000
15.71324	.009183	.000000
15.761	.009364	.000000
15.80905	.009450	.000000
15.8574	.009410	.000000
15.90604	.009527	.000000
15.95498	.009719	.000000
16.00422	.009735	.000000
16.05377	.009646	.000000
16.10363	.009584	.000000
16.1538	.009651	.000000
16.20428	.009798	.000000
16.25507	.009765	.000000
16.30619	.009785	.000000
16.35763	.009897	.000000
16.40939	.009975	.000000
16.46148	.010025	.000000
16.51391	.010219	.000000
16.56667	.010343	.000000
16.61977	.010334	.000000
16.67321	.010402	.000000
16.727	.010583	.000000
16.78112	.010825	.000000
16.83561	.010883	.000000
16.89045	.010949	.000000
16.94564	.011086	.000000
17.00121	.011156	.000000
17.05713	.011306	.000000
17.11343	.011471	.000000
17.17009	.011665	.000000
17.22716	.011832	.000000
17.28459	.011962	.000000
17.34239	.012093	.000000
17.40059	.012203	.000000
17.45918	.012282	.000000
17.51816	.012483	.000000
17.57755	.012610	.000000
17.63734	.012668	.000000
17.69753	.012789	.000000
17.75813	.012924	.000000
17.81916	.013054	.000000
17.88061	.013292	.000000
17.94248	.013439	.000000
18.00478	.013580	.000000
18.06752	.013818	.000000
18.13069	.013886	.000000
18.1943	.013873	.000000
18.25837	.014021	.000000
18.32288	.014211	.000000
18.38786	.014682	.000000
18.4533	.015028	.000000
18.5192	.015114	.000000
18.58558	.015271	.000000
18.65244	.015436	.000000
18.71977	.015579	.000000
18.78759	.015876	.000000
18.85591	.016126	.000000
18.92473	.016068	.000000
18.99405	.015995	.000000
19.06388	.016128	.000000
19.13423	.016401	.000000
19.2051	.016586	.000000
19.27649	.016456	.000000
19.34842	.016359	.000000
19.42089	.016289	.000000
19.4939	.016242	.000000
19.56746	.016242	.000000
19.64158	.016139	.000000
19.71626	.016082	.000000
19.79152	.016126	.000000
19.86735	.016189	.000000
19.94376	.016090	.000000
20.02076	.015747	.000000
20.09836	.015498	.000000
20.17657	.015196	.000000
20.25538	.015002	.000000
20.33481	.014814	.000000
20.41487	.014614	.000000
20.49556	.014526	.000000
20.57689	.014662	.000000
20.65887	.014892	.000000
20.74151	.015185	.000000
20.82481	.015292	.000000
20.90878	.015321	.000000
20.99343	.015436	.000000
21.07877	.015460	.000000
21.16481	.015260	.000000
21.25155	.015207	.000000
21.339	.015725	.000000
21.42718	.016101	.000000
21.51609	.015786	.000000
21.60574	.015685	.000000
21.69614	.015321	.000000
21.7873	.015092	.000000
21.87923	.015154	.000000
21.97194	.015171	.000000
22.06544	.015065	.000000
22.15973	.015099	.000000
22.25484	.014920	.000000
22.35076	.014865	.000000
22.44752	.015207	.000000
22.54512	.015334	.000000
22.64357	.015143	.000000
22.74288	.014786	.000000
22.84307	.014722	.000000
22.94415	.015123	.000000
23.04612	.015497	.000000
23.14901	.015442	.000000
23.25281	.015800	.000000
23.35755	.016807	.000000
23.46325	.017142	.000000
23.5699	.016831	.000000
23.67752	.017135	.000000
23.78613	.017441	.000000
23.89575	.017554	.000000
24.00638	.017410	.000000
24.11803	.017190	.000000
24.23073	.017911	.000000
24.34452	.018453	.000000
24.45936	.018448	.000000
24.57528	.018638	.000000
24.6923	.018292	.000000
24.81045	.017865	.000000
24.92973	.018654	.000000
25.05016	.020092	.000000
