Brown University Keck/NASA Relab Spectrum AV-A1V-002/BKR1AV002
Wavelength(micron)	Reflectance	Standard Deviation
0.32	.043871	.004016
0.325	.043897	.003606
0.33	.043934	.003538
0.335	.043933	.003459
0.34	.043827	.003305
0.345	.043759	.003289
0.35	.043627	.003020
0.355	.043597	.002915
0.36	.043596	.002695
0.365	.043766	.002602
0.37	.043964	.002399
0.375	.044301	.002461
0.38	.044529	.002658
0.385	.044773	.002775
0.39	.044910	.002836
0.395	.045081	.002850
0.4	.045909	.002867
0.405	.045692	.002511
0.41	.045469	.002254
0.415	.045359	.002136
0.42	.045551	.002078
0.425	.045386	.002388
0.43	.045783	.002184
0.435	.045276	.002009
0.44	.045328	.001833
0.445	.044857	.001157
0.45	.044740	.001064
0.455	.044810	.000971
0.46	.044878	.000908
0.465	.045186	.001664
0.47	.045244	.001532
0.475	.045277	.001433
0.48	.045467	.001355
0.485	.046049	.001268
0.49	.046244	.001203
0.495	.046652	.001137
0.5	.047093	.001105
0.505	.047609	.001043
0.51	.047991	.001018
0.515	.048549	.000982
0.52	.049094	.000963
0.525	.050149	.001191
0.53	.050918	.001176
0.535	.052307	.001137
0.54	.054119	.001110
0.545	.056619	.001099
0.55	.060429	.001072
0.555	.065681	.001070
0.56	.073088	.001076
0.565	.082626	.001066
0.57	.094793	.001120
0.575	.110327	.001154
0.58	.128016	.001238
0.585	.147592	.001374
0.59	.163749	.001501
0.595	.181142	.001618
0.6	.196167	.001829
0.605	.210967	.001801
0.61	.221928	.001990
0.615	.231834	.002152
0.62	.238730	.002067
0.625	.246250	.002219
0.63	.250256	.002361
0.635	.256007	.002666
0.64	.260647	.002547
0.645	.266071	.002406
0.65	.270305	.002685
0.655	.274930	.002978
0.66	.279810	.002649
0.665	.285209	.002810
0.67	.290327	.002871
0.675	.295779	.002862
0.68	.301453	.002917
0.685	.306819	.002983
0.69	.312157	.003049
0.695	.318074	.003094
0.7	.322997	.003077
0.705	.328100	.003425
0.71	.332443	.003367
0.715	.336982	.003405
0.72	.340415	.003554
0.725	.344151	.003334
0.73	.346136	.003483
0.735	.348107	.003633
0.74	.348867	.003637
0.745	.349215	.003685
0.75	.349521	.003732
0.755	.348136	.003470
0.76	.347152	.003561
0.765	.345922	.003227
0.77	.343321	.003125
0.775	.341199	.003167
0.78	.338589	.003152
0.785	.336368	.003135
0.79	.334110	.003118
0.795	.330406	.003092
0.8	.328608	.003067
0.805	.326758	.003190
0.81	.324279	.003136
0.815	.322161	.003141
0.82	.320265	.003327
0.825	.318857	.003041
0.83	.317324	.003146
0.835	.316051	.003167
0.84	.315248	.003063
0.845	.314537	.003446
0.85	.313705	.003209
0.855	.313202	.003309
0.86	.313529	.004041
0.865	.313368	.003999
0.87	.313672	.003877
0.875	.314207	.003701
0.88	.314705	.003536
0.885	.316248	.003940
0.89	.317110	.003817
0.895	.319162	.003661
0.9	.319946	.003743
0.905	.321757	.003585
0.91	.323317	.003568
0.915	.324874	.003496
0.92	.326840	.003613
0.925	.328859	.003648
0.93	.330970	.003612
0.935	.332658	.003661
0.94	.334985	.003378
0.945	.337469	.003624
0.95	.339367	.003407
0.955	.341480	.003500
0.96	.343538	.003487
0.965	.345046	.003522
0.97	.347073	.003487
0.975	.348610	.003635
0.98	.350037	.003565
0.985	.351536	.003359
0.99	.352884	.003256
0.995	.353932	.003229
1	.355053	.003488
1.005	.355459	.003430
1.01	.356095	.003305
1.015	.356511	.003452
1.02	.356893	.003442
1.025	.357347	.003360
1.03	.357483	.003338
1.035	.357887	.003464
1.04	.357950	.003464
1.045	.358316	.003386
1.05	.358036	.003465
1.055	.358232	.003485
1.06	.358092	.003348
1.065	.358343	.003324
1.07	.358291	.003522
1.075	.358240	.003536
1.08	.358243	.003433
1.085	.358256	.003582
1.09	.358417	.003590
1.095	.358084	.003670
1.1	.358245	.003611
1.105	.358063	.003579
1.11	.357861	.003707
1.115	.357981	.003305
1.12	.357605	.003573
1.125	.357244	.003310
1.13	.356865	.003441
1.135	.356622	.003344
1.14	.356451	.003325
1.145	.355774	.003469
1.15	.355408	.003468
1.155	.354807	.003313
1.16	.354384	.003310
1.165	.353810	.003114
1.17	.353235	.003072
1.175	.352787	.003101
1.18	.352236	.003145
1.185	.351414	.002943
1.19	.350932	.002746
1.195	.350277	.002944
1.2	.349852	.003074
1.205	.349151	.002968
1.21	.348425	.003109
1.215	.347824	.002997
1.22	.347210	.002848
1.225	.346685	.002862
1.23	.346189	.002872
1.235	.345664	.003100
1.24	.345472	.003050
1.245	.345233	.003002
1.25	.344787	.002920
1.255	.344411	.002990
1.26	.344038	.002948
1.265	.343837	.002914
1.27	.343460	.002966
1.275	.343143	.003038
1.28	.342604	.002919
1.285	.342268	.002874
1.29	.341594	.003043
1.295	.341210	.002865
1.3	.341301	.003029
1.305	.341051	.003294
1.31	.340718	.003318
1.315	.340730	.003219
1.32	.340129	.003279
1.325	.339885	.003349
1.33	.339552	.003371
1.335	.338999	.003135
1.34	.338652	.003201
1.345	.338281	.003075
1.35	.338082	.003043
1.35008	.338071	.000000
1.35025	.338221	.000000
1.35043	.338278	.000000
1.3506	.338222	.000000
1.35078	.338186	.000000
1.35096	.338082	.000000
1.35113	.338052	.000000
1.35131	.338157	.000000
1.35148	.338292	.000000
1.35166	.338278	.000000
1.35184	.338171	.000000
1.35201	.338017	.000000
1.35219	.337904	.000000
1.35237	.337954	.000000
1.35254	.338021	.000000
1.35272	.338057	.000000
1.3529	.338165	.000000
1.35307	.338042	.000000
1.35325	.337881	.000000
1.35343	.337900	.000000
1.3536	.337898	.000000
1.35378	.337883	.000000
1.35396	.337825	.000000
1.35413	.337820	.000000
1.35431	.337967	.000000
1.35449	.337929	.000000
1.35466	.337760	.000000
1.35484	.337725	.000000
1.35502	.337793	.000000
1.35519	.337837	.000000
1.35537	.337860	.000000
1.35555	.337829	.000000
1.35573	.337716	.000000
1.3559	.337647	.000000
1.35608	.337741	.000000
1.35626	.337796	.000000
1.35644	.337785	.000000
1.35661	.337729	.000000
1.35679	.337685	.000000
1.35697	.337683	.000000
1.35715	.337672	.000000
1.35732	.337683	.000000
1.3575	.337789	.000000
1.35768	.337871	.000000
1.35786	.337862	.000000
1.35803	.337772	.000000
1.35821	.337814	.000000
1.35839	.337917	.000000
1.35857	.337902	.000000
1.35875	.337777	.000000
1.35892	.337666	.000000
1.3591	.337605	.000000
1.35928	.337641	.000000
1.35946	.337739	.000000
1.35964	.337697	.000000
1.35981	.337599	.000000
1.35999	.337708	.000000
1.36017	.337645	.000000
1.36035	.337495	.000000
1.36053	.337526	.000000
1.36071	.337518	.000000
1.36089	.337528	.000000
1.36106	.337514	.000000
1.36124	.337449	.000000
1.36142	.337440	.000000
1.3616	.337432	.000000
1.36178	.337489	.000000
1.36196	.337470	.000000
1.36214	.337428	.000000
1.36232	.337372	.000000
1.36249	.337407	.000000
1.36267	.337422	.000000
1.36285	.337424	.000000
1.36303	.337424	.000000
1.36321	.337505	.000000
1.36339	.337422	.000000
1.36357	.337344	.000000
1.36375	.337370	.000000
1.36393	.337324	.000000
1.36411	.337294	.000000
1.36429	.337355	.000000
1.36447	.337349	.000000
1.36465	.337252	.000000
1.36483	.337165	.000000
1.36501	.337173	.000000
1.36519	.337213	.000000
1.36537	.337275	.000000
1.36554	.337332	.000000
1.36572	.337267	.000000
1.3659	.337301	.000000
1.36608	.337357	.000000
1.36626	.337263	.000000
1.36644	.337042	.000000
1.36662	.337044	.000000
1.3668	.337265	.000000
1.36698	.337296	.000000
1.36717	.337242	.000000
1.36735	.337215	.000000
1.36753	.337071	.000000
1.36771	.336948	.000000
1.36789	.337021	.000000
1.36807	.337163	.000000
1.36825	.337188	.000000
1.36843	.337079	.000000
1.36861	.337037	.000000
1.36879	.337038	.000000
1.36897	.337077	.000000
1.36915	.337096	.000000
1.36933	.337004	.000000
1.36951	.337010	.000000
1.36969	.337050	.000000
1.36987	.337065	.000000
1.37006	.337077	.000000
1.37024	.336962	.000000
1.37042	.336925	.000000
1.3706	.337063	.000000
1.37078	.337152	.000000
1.37096	.337090	.000000
1.37114	.337069	.000000
1.37132	.337159	.000000
1.37151	.337204	.000000
1.37169	.337138	.000000
1.37187	.337040	.000000
1.37205	.337008	.000000
1.37223	.336946	.000000
1.37241	.336933	.000000
1.37259	.336983	.000000
1.37278	.337058	.000000
1.37296	.336962	.000000
1.37314	.336900	.000000
1.37332	.336908	.000000
1.3735	.336920	.000000
1.37369	.336966	.000000
1.37387	.336824	.000000
1.37405	.336710	.000000
1.37423	.336789	.000000
1.37441	.336893	.000000
1.3746	.336975	.000000
1.37478	.336875	.000000
1.37496	.336758	.000000
1.37514	.336856	.000000
1.37532	.336776	.000000
1.37551	.336701	.000000
1.37569	.336716	.000000
1.37587	.336822	.000000
1.37605	.336816	.000000
1.37624	.336745	.000000
1.37642	.336668	.000000
1.3766	.336802	.000000
1.37679	.336908	.000000
1.37697	.336831	.000000
1.37715	.336724	.000000
1.37733	.336691	.000000
1.37752	.336612	.000000
1.3777	.336549	.000000
1.37788	.336683	.000000
1.37807	.336747	.000000
1.37825	.336678	.000000
1.37843	.336612	.000000
1.37862	.336614	.000000
1.3788	.336672	.000000
1.37898	.336695	.000000
1.37917	.336532	.000000
1.37935	.336488	.000000
1.37953	.336643	.000000
1.37972	.336643	.000000
1.3799	.336647	.000000
1.38008	.336620	.000000
1.38027	.336484	.000000
1.38045	.336478	.000000
1.38064	.336599	.000000
1.38082	.336643	.000000
1.381	.336616	.000000
1.38119	.336455	.000000
1.38137	.336394	.000000
1.38156	.336480	.000000
1.38174	.336518	.000000
1.38192	.336549	.000000
1.38211	.336403	.000000
1.38229	.336273	.000000
1.38248	.336365	.000000
1.38266	.336469	.000000
1.38284	.336470	.000000
1.38303	.336405	.000000
1.38321	.336375	.000000
1.3834	.336419	.000000
1.38358	.336413	.000000
1.38377	.336409	.000000
1.38395	.336401	.000000
1.38414	.336321	.000000
1.38432	.336350	.000000
1.38451	.336405	.000000
1.38469	.336428	.000000
1.38488	.336390	.000000
1.38506	.336296	.000000
1.38525	.336319	.000000
1.38543	.336363	.000000
1.38562	.336357	.000000
1.3858	.336290	.000000
1.38599	.336252	.000000
1.38617	.336353	.000000
1.38636	.336423	.000000
1.38654	.336325	.000000
1.38673	.336263	.000000
1.38691	.336271	.000000
1.3871	.336248	.000000
1.38728	.336305	.000000
1.38747	.336240	.000000
1.38766	.336188	.000000
1.38784	.336302	.000000
1.38803	.336236	.000000
1.38821	.336204	.000000
1.3884	.336186	.000000
1.38859	.336123	.000000
1.38877	.336158	.000000
1.38896	.336142	.000000
1.38914	.336162	.000000
1.38933	.336204	.000000
1.38952	.336140	.000000
1.3897	.336069	.000000
1.38989	.336079	.000000
1.39007	.336071	.000000
1.39026	.336106	.000000
1.39045	.336173	.000000
1.39063	.336181	.000000
1.39082	.336137	.000000
1.39101	.336098	.000000
1.39119	.336089	.000000
1.39138	.336110	.000000
1.39157	.336089	.000000
1.39175	.336050	.000000
1.39194	.335993	.000000
1.39213	.335966	.000000
1.39231	.336043	.000000
1.3925	.335998	.000000
1.39269	.335918	.000000
1.39287	.335822	.000000
1.39306	.335812	.000000
1.39325	.335925	.000000
1.39344	.335843	.000000
1.39362	.335741	.000000
1.39381	.335833	.000000
1.394	.335858	.000000
1.39419	.335954	.000000
1.39437	.335964	.000000
1.39456	.335822	.000000
1.39475	.335833	.000000
1.39494	.335791	.000000
1.39512	.335789	.000000
1.39531	.335847	.000000
1.3955	.335931	.000000
1.39569	.335799	.000000
1.39588	.335701	.000000
1.39606	.335824	.000000
1.39625	.335943	.000000
1.39644	.335885	.000000
1.39663	.335768	.000000
1.39682	.335718	.000000
1.397	.335697	.000000
1.39719	.335766	.000000
1.39738	.335787	.000000
1.39757	.335686	.000000
1.39776	.335705	.000000
1.39794	.335831	.000000
1.39813	.335693	.000000
1.39832	.335528	.000000
1.39851	.335657	.000000
1.3987	.335743	.000000
1.39889	.335636	.000000
1.39908	.335511	.000000
1.39927	.335505	.000000
1.39945	.335605	.000000
1.39964	.335586	.000000
1.39983	.335517	.000000
1.40002	.335617	.000000
1.40021	.335626	.000000
1.4004	.335490	.000000
1.40059	.335381	.000000
1.40078	.335384	.000000
1.40097	.335498	.000000
1.40116	.335536	.000000
1.40135	.335394	.000000
1.40153	.335325	.000000
1.40172	.335427	.000000
1.40191	.335459	.000000
1.4021	.335419	.000000
1.40229	.335469	.000000
1.40248	.335463	.000000
1.40267	.335373	.000000
1.40286	.335427	.000000
1.40305	.335471	.000000
1.40324	.335444	.000000
1.40343	.335394	.000000
1.40362	.335344	.000000
1.40381	.335290	.000000
1.404	.335225	.000000
1.40419	.335144	.000000
1.40438	.335160	.000000
1.40457	.335263	.000000
1.40476	.335283	.000000
1.40495	.335354	.000000
1.40514	.335398	.000000
1.40533	.335336	.000000
1.40552	.335194	.000000
1.40571	.335121	.000000
1.40591	.335123	.000000
1.4061	.335166	.000000
1.40629	.335154	.000000
1.40648	.335093	.000000
1.40667	.335120	.000000
1.40686	.335158	.000000
1.40705	.335194	.000000
1.40724	.335083	.000000
1.40743	.335049	.000000
1.40762	.335083	.000000
1.40781	.335073	.000000
1.40801	.335050	.000000
1.4082	.335114	.000000
1.40839	.335050	.000000
1.40858	.334985	.000000
1.40877	.334918	.000000
1.40896	.334949	.000000
1.40915	.334985	.000000
1.40934	.335062	.000000
1.40954	.334993	.000000
1.40973	.334828	.000000
1.40992	.334824	.000000
1.41011	.334814	.000000
1.4103	.334837	.000000
1.41049	.334935	.000000
1.41069	.334972	.000000
1.41088	.334887	.000000
1.41107	.334832	.000000
1.41126	.334851	.000000
1.41145	.334795	.000000
1.41165	.334930	.000000
1.41184	.334991	.000000
1.41203	.334851	.000000
1.41222	.334776	.000000
1.41242	.334778	.000000
1.41261	.334730	.000000
1.4128	.334569	.000000
1.41299	.334565	.000000
1.41319	.334699	.000000
1.41338	.334651	.000000
1.41357	.334582	.000000
1.41376	.334548	.000000
1.41396	.334553	.000000
1.41415	.334507	.000000
1.41434	.334532	.000000
1.41454	.334582	.000000
1.41473	.334527	.000000
1.41492	.334552	.000000
1.41511	.334527	.000000
1.41531	.334440	.000000
1.4155	.334431	.000000
1.41569	.334450	.000000
1.41589	.334413	.000000
1.41608	.334377	.000000
1.41627	.334371	.000000
1.41647	.334394	.000000
1.41666	.334461	.000000
1.41685	.334413	.000000
1.41705	.334388	.000000
1.41724	.334396	.000000
1.41744	.334385	.000000
1.41763	.334421	.000000
1.41782	.334465	.000000
1.41802	.334448	.000000
1.41821	.334421	.000000
1.41841	.334362	.000000
1.4186	.334346	.000000
1.41879	.334312	.000000
1.41899	.334162	.000000
1.41918	.334089	.000000
1.41938	.334158	.000000
1.41957	.334202	.000000
1.41976	.334227	.000000
1.41996	.334221	.000000
1.42015	.334206	.000000
1.42035	.334160	.000000
1.42054	.334158	.000000
1.42074	.334156	.000000
1.42093	.334041	.000000
1.42113	.334062	.000000
1.42132	.334099	.000000
1.42152	.334039	.000000
1.42171	.333970	.000000
1.42191	.334007	.000000
1.4221	.334183	.000000
1.4223	.334154	.000000
1.42249	.334051	.000000
1.42269	.334177	.000000
1.42288	.334158	.000000
1.42308	.333936	.000000
1.42327	.333857	.000000
1.42347	.333978	.000000
1.42366	.333960	.000000
1.42386	.333920	.000000
1.42405	.333966	.000000
1.42425	.334014	.000000
1.42445	.334014	.000000
1.42464	.333909	.000000
1.42484	.333861	.000000
1.42503	.333901	.000000
1.42523	.333920	.000000
1.42542	.333899	.000000
1.42562	.333861	.000000
1.42582	.333868	.000000
1.42601	.333874	.000000
1.42621	.333865	.000000
1.4264	.333960	.000000
1.4266	.333888	.000000
1.4268	.333740	.000000
1.42699	.333761	.000000
1.42719	.333774	.000000
1.42739	.333607	.000000
1.42758	.333613	.000000
1.42778	.333782	.000000
1.42798	.333834	.000000
1.42817	.333715	.000000
1.42837	.333738	.000000
1.42857	.333797	.000000
1.42876	.333742	.000000
1.42896	.333619	.000000
1.42916	.333565	.000000
1.42935	.333604	.000000
1.42955	.333696	.000000
1.42975	.333646	.000000
1.42995	.333533	.000000
1.43014	.333531	.000000
1.43034	.333565	.000000
1.43054	.333577	.000000
1.43073	.333577	.000000
1.43093	.333581	.000000
1.43113	.333556	.000000
1.43133	.333490	.000000
1.43152	.333471	.000000
1.43172	.333511	.000000
1.43192	.333508	.000000
1.43212	.333419	.000000
1.43232	.333362	.000000
1.43251	.333446	.000000
1.43271	.333546	.000000
1.43291	.333559	.000000
1.43311	.333490	.000000
1.43331	.333385	.000000
1.4335	.333427	.000000
1.4337	.333579	.000000
1.4339	.333458	.000000
1.4341	.333272	.000000
1.4343	.333300	.000000
1.43449	.333348	.000000
1.43469	.333302	.000000
1.43489	.333227	.000000
1.43509	.333243	.000000
1.43529	.333293	.000000
1.43549	.333339	.000000
1.43569	.333410	.000000
1.43589	.333366	.000000
1.43608	.333333	.000000
1.43628	.333308	.000000
1.43648	.333241	.000000
1.43668	.333118	.000000
1.43688	.333085	.000000
1.43708	.333220	.000000
1.43728	.333266	.000000
1.43748	.333220	.000000
1.43768	.333227	.000000
1.43788	.333179	.000000
1.43808	.333264	.000000
1.43828	.333323	.000000
1.43847	.333249	.000000
1.43867	.333158	.000000
1.43887	.333059	.000000
1.43907	.333082	.000000
1.43927	.333235	.000000
1.43947	.333273	.000000
1.43967	.333210	.000000
1.43987	.333155	.000000
1.44007	.333133	.000000
1.44027	.333049	.000000
1.44047	.332976	.000000
1.44067	.332980	.000000
1.44087	.333062	.000000
1.44107	.333118	.000000
1.44127	.333160	.000000
1.44147	.333143	.000000
1.44167	.333082	.000000
1.44188	.333078	.000000
1.44208	.333105	.000000
1.44228	.333055	.000000
1.44248	.332957	.000000
1.44268	.332951	.000000
1.44288	.333003	.000000
1.44308	.333049	.000000
1.44328	.333156	.000000
1.44348	.333172	.000000
1.44368	.333078	.000000
1.44388	.333001	.000000
1.44408	.332867	.000000
1.44429	.332788	.000000
1.44449	.332809	.000000
1.44469	.332947	.000000
1.44489	.333097	.000000
1.44509	.333028	.000000
1.44529	.332963	.000000
1.44549	.332803	.000000
1.44569	.332807	.000000
1.4459	.333026	.000000
1.4461	.333068	.000000
1.4463	.333057	.000000
1.4465	.332980	.000000
1.4467	.332913	.000000
1.44691	.332943	.000000
1.44711	.332932	.000000
1.44731	.332988	.000000
1.44751	.333062	.000000
1.44771	.332976	.000000
1.44792	.332847	.000000
1.44812	.332832	.000000
1.44832	.332888	.000000
1.44852	.332909	.000000
1.44872	.332836	.000000
1.44893	.332757	.000000
1.44913	.332840	.000000
1.44933	.332949	.000000
1.44953	.332890	.000000
1.44974	.332784	.000000
1.44994	.332665	.000000
1.45014	.332596	.000000
1.45035	.332644	.000000
1.45055	.332694	.000000
1.45075	.332815	.000000
1.45095	.332811	.000000
1.45116	.332673	.000000
1.45136	.332625	.000000
1.45156	.332696	.000000
1.45177	.332771	.000000
1.45197	.332734	.000000
1.45217	.332776	.000000
1.45238	.332842	.000000
1.45258	.332803	.000000
1.45278	.332750	.000000
1.45299	.332863	.000000
1.45319	.332798	.000000
1.45339	.332721	.000000
1.4536	.332786	.000000
1.4538	.332736	.000000
1.45401	.332675	.000000
1.45421	.332711	.000000
1.45441	.332715	.000000
1.45462	.332744	.000000
1.45482	.332755	.000000
1.45503	.332776	.000000
1.45523	.332778	.000000
1.45543	.332809	.000000
1.45564	.332775	.000000
1.45584	.332627	.000000
1.45605	.332673	.000000
1.45625	.332752	.000000
1.45646	.332790	.000000
1.45666	.332776	.000000
1.45687	.332677	.000000
1.45707	.332648	.000000
1.45728	.332565	.000000
1.45748	.332498	.000000
1.45768	.332585	.000000
1.45789	.332669	.000000
1.45809	.332707	.000000
1.4583	.332638	.000000
1.45851	.332590	.000000
1.45871	.332517	.000000
1.45892	.332546	.000000
1.45912	.332669	.000000
1.45933	.332636	.000000
1.45953	.332552	.000000
1.45974	.332577	.000000
1.45994	.332633	.000000
1.46015	.332631	.000000
1.46035	.332583	.000000
1.46056	.332675	.000000
1.46077	.332788	.000000
1.46097	.332634	.000000
1.46118	.332517	.000000
1.46138	.332587	.000000
1.46159	.332636	.000000
1.46179	.332590	.000000
1.462	.332448	.000000
1.46221	.332381	.000000
1.46241	.332456	.000000
1.46262	.332502	.000000
1.46283	.332563	.000000
1.46303	.332510	.000000
1.46324	.332468	.000000
1.46344	.332554	.000000
1.46365	.332531	.000000
1.46386	.332468	.000000
1.46406	.332506	.000000
1.46427	.332479	.000000
1.46448	.332404	.000000
1.46469	.332391	.000000
1.46489	.332460	.000000
1.4651	.332429	.000000
1.46531	.332425	.000000
1.46551	.332404	.000000
1.46572	.332347	.000000
1.46593	.332318	.000000
1.46614	.332360	.000000
1.46634	.332450	.000000
1.46655	.332406	.000000
1.46676	.332425	.000000
1.46696	.332483	.000000
1.46717	.332491	.000000
1.46738	.332352	.000000
1.46759	.332260	.000000
1.4678	.332393	.000000
1.468	.332395	.000000
1.46821	.332362	.000000
1.46842	.332483	.000000
1.46863	.332487	.000000
1.46883	.332316	.000000
1.46904	.332406	.000000
1.46925	.332464	.000000
1.46946	.332381	.000000
1.46967	.332425	.000000
1.46988	.332475	.000000
1.47008	.332395	.000000
1.47029	.332360	.000000
1.4705	.332333	.000000
1.47071	.332266	.000000
1.47092	.332276	.000000
1.47113	.332299	.000000
1.47134	.332324	.000000
1.47154	.332379	.000000
1.47175	.332304	.000000
1.47196	.332232	.000000
1.47217	.332272	.000000
1.47238	.332324	.000000
1.47259	.332341	.000000
1.4728	.332210	.000000
1.47301	.332124	.000000
1.47322	.332170	.000000
1.47343	.332262	.000000
1.47364	.332366	.000000
1.47384	.332400	.000000
1.47405	.332341	.000000
1.47426	.332391	.000000
1.47447	.332360	.000000
1.47468	.332299	.000000
1.47489	.332304	.000000
1.4751	.332266	.000000
1.47531	.332208	.000000
1.47552	.332174	.000000
1.47573	.332182	.000000
1.47594	.332201	.000000
1.47615	.332256	.000000
1.47636	.332283	.000000
1.47657	.332203	.000000
1.47678	.332222	.000000
1.47699	.332320	.000000
1.4772	.332245	.000000
1.47741	.332187	.000000
1.47763	.332230	.000000
1.47784	.332199	.000000
1.47805	.332203	.000000
1.47826	.332195	.000000
1.47847	.332101	.000000
1.47868	.332137	.000000
1.47889	.332260	.000000
1.4791	.332182	.000000
1.47931	.332018	.000000
1.47952	.331969	.000000
1.47973	.332065	.000000
1.47995	.332134	.000000
1.48016	.332114	.000000
1.48037	.332147	.000000
1.48058	.332086	.000000
1.48079	.332084	.000000
1.481	.332107	.000000
1.48121	.332149	.000000
1.48143	.332184	.000000
1.48164	.332122	.000000
1.48185	.332074	.000000
1.48206	.332095	.000000
1.48227	.332124	.000000
1.48248	.332203	.000000
1.4827	.332111	.000000
1.48291	.332042	.000000
1.48312	.332111	.000000
1.48333	.332113	.000000
1.48354	.332086	.000000
1.48376	.332022	.000000
1.48397	.331999	.000000
1.48418	.332065	.000000
1.48439	.332137	.000000
1.48461	.332168	.000000
1.48482	.332059	.000000
1.48503	.331963	.000000
1.48524	.331853	.000000
1.48546	.331880	.000000
1.48567	.331926	.000000
1.48588	.331865	.000000
1.4861	.331863	.000000
1.48631	.331938	.000000
1.48652	.332042	.000000
1.48674	.332020	.000000
1.48695	.331915	.000000
1.48716	.331898	.000000
1.48737	.331947	.000000
1.48759	.331978	.000000
1.4878	.331959	.000000
1.48802	.332009	.000000
1.48823	.332051	.000000
1.48844	.331949	.000000
1.48866	.331882	.000000
1.48887	.331924	.000000
1.48908	.331876	.000000
1.4893	.331817	.000000
1.48951	.331938	.000000
1.48973	.331976	.000000
1.48994	.331949	.000000
1.49015	.331971	.000000
1.49037	.331924	.000000
1.49058	.331951	.000000
1.4908	.331932	.000000
1.49101	.331986	.000000
1.49122	.332038	.000000
1.49144	.331938	.000000
1.49165	.331819	.000000
1.49187	.331817	.000000
1.49208	.331817	.000000
1.4923	.331834	.000000
1.49251	.331947	.000000
1.49273	.332045	.000000
1.49294	.331888	.000000
1.49316	.331756	.000000
1.49337	.331773	.000000
1.49359	.331809	.000000
1.4938	.331852	.000000
1.49402	.331917	.000000
1.49423	.331919	.000000
1.49445	.331926	.000000
1.49466	.331978	.000000
1.49488	.331988	.000000
1.4951	.331873	.000000
1.49531	.331823	.000000
1.49553	.331857	.000000
1.49574	.331871	.000000
1.49596	.331863	.000000
1.49617	.331809	.000000
1.49639	.331782	.000000
1.49661	.331844	.000000
1.49682	.331857	.000000
1.49704	.331796	.000000
1.49725	.331777	.000000
1.49747	.331781	.000000
1.49769	.331738	.000000
1.4979	.331723	.000000
1.49812	.331738	.000000
1.49834	.331708	.000000
1.49855	.331750	.000000
1.49877	.331832	.000000
1.49899	.331769	.000000
1.4992	.331779	.000000
1.49942	.331786	.000000
1.49964	.331754	.000000
1.49985	.331746	.000000
1.50007	.331800	.000000
1.50029	.331734	.000000
1.5005	.331669	.000000
1.50072	.331763	.000000
1.50094	.331819	.000000
1.50116	.331775	.000000
1.50137	.331719	.000000
1.50159	.331821	.000000
1.50181	.331873	.000000
1.50202	.331782	.000000
1.50224	.331754	.000000
1.50246	.331731	.000000
1.50268	.331692	.000000
1.5029	.331650	.000000
1.50311	.331644	.000000
1.50333	.331769	.000000
1.50355	.331871	.000000
1.50377	.331734	.000000
1.50399	.331579	.000000
1.5042	.331518	.000000
1.50442	.331554	.000000
1.50464	.331635	.000000
1.50486	.331761	.000000
1.50508	.331727	.000000
1.5053	.331646	.000000
1.50551	.331631	.000000
1.50573	.331635	.000000
1.50595	.331669	.000000
1.50617	.331654	.000000
1.50639	.331635	.000000
1.50661	.331637	.000000
1.50683	.331675	.000000
1.50705	.331742	.000000
1.50726	.331671	.000000
1.50748	.331627	.000000
1.5077	.331729	.000000
1.50792	.331744	.000000
1.50814	.331614	.000000
1.50836	.331600	.000000
1.50858	.331612	.000000
1.5088	.331527	.000000
1.50902	.331483	.000000
1.50924	.331619	.000000
1.50946	.331685	.000000
1.50968	.331673	.000000
1.5099	.331608	.000000
1.51012	.331537	.000000
1.51034	.331568	.000000
1.51056	.331548	.000000
1.51078	.331460	.000000
1.511	.331537	.000000
1.51122	.331625	.000000
1.51144	.331569	.000000
1.51166	.331468	.000000
1.51188	.331487	.000000
1.5121	.331539	.000000
1.51232	.331571	.000000
1.51254	.331487	.000000
1.51276	.331426	.000000
1.51298	.331483	.000000
1.5132	.331475	.000000
1.51342	.331518	.000000
1.51365	.331548	.000000
1.51387	.331470	.000000
1.51409	.331464	.000000
1.51431	.331506	.000000
1.51453	.331497	.000000
1.51475	.331445	.000000
1.51497	.331535	.000000
1.51519	.331589	.000000
1.51542	.331612	.000000
1.51564	.331587	.000000
1.51586	.331491	.000000
1.51608	.331479	.000000
1.5163	.331458	.000000
1.51652	.331401	.000000
1.51674	.331387	.000000
1.51697	.331483	.000000
1.51719	.331454	.000000
1.51741	.331339	.000000
1.51763	.331308	.000000
1.51785	.331349	.000000
1.51808	.331355	.000000
1.5183	.331389	.000000
1.51852	.331404	.000000
1.51874	.331441	.000000
1.51897	.331387	.000000
1.51919	.331312	.000000
1.51941	.331305	.000000
1.51963	.331393	.000000
1.51986	.331387	.000000
1.52008	.331376	.000000
1.5203	.331401	.000000
1.52053	.331349	.000000
1.52075	.331408	.000000
1.52097	.331404	.000000
1.52119	.331339	.000000
1.52142	.331285	.000000
1.52164	.331272	.000000
1.52186	.331420	.000000
1.52209	.331464	.000000
1.52231	.331397	.000000
1.52253	.331441	.000000
1.52276	.331406	.000000
1.52298	.331343	.000000
1.52321	.331324	.000000
1.52343	.331368	.000000
1.52365	.331324	.000000
1.52388	.331224	.000000
1.5241	.331186	.000000
1.52433	.331132	.000000
1.52455	.331105	.000000
1.52477	.331182	.000000
1.525	.331280	.000000
1.52522	.331332	.000000
1.52545	.331314	.000000
1.52567	.331301	.000000
1.5259	.331203	.000000
1.52612	.331161	.000000
1.52634	.331211	.000000
1.52657	.331232	.000000
1.52679	.331232	.000000
1.52702	.331239	.000000
1.52724	.331282	.000000
1.52747	.331291	.000000
1.52769	.331205	.000000
1.52792	.331165	.000000
1.52814	.331295	.000000
1.52837	.331285	.000000
1.52859	.331142	.000000
1.52882	.331157	.000000
1.52905	.331109	.000000
1.52927	.331061	.000000
1.5295	.331151	.000000
1.52972	.331145	.000000
1.52995	.331090	.000000
1.53017	.331019	.000000
1.5304	.331059	.000000
1.53063	.331155	.000000
1.53085	.331170	.000000
1.53108	.331239	.000000
1.5313	.331170	.000000
1.53153	.330959	.000000
1.53176	.330938	.000000
1.53198	.331099	.000000
1.53221	.331124	.000000
1.53243	.331023	.000000
1.53266	.330973	.000000
1.53289	.331042	.000000
1.53311	.331069	.000000
1.53334	.330955	.000000
1.53357	.330986	.000000
1.5338	.331086	.000000
1.53402	.331038	.000000
1.53425	.331078	.000000
1.53448	.331143	.000000
1.5347	.331092	.000000
1.53493	.331042	.000000
1.53516	.330977	.000000
1.53538	.330992	.000000
1.53561	.331026	.000000
1.53584	.331026	.000000
1.53607	.330986	.000000
1.53629	.331024	.000000
1.53652	.331011	.000000
1.53675	.330961	.000000
1.53698	.330998	.000000
1.53721	.331015	.000000
1.53743	.330921	.000000
1.53766	.330842	.000000
1.53789	.330969	.000000
1.53812	.331071	.000000
1.53835	.330921	.000000
1.53857	.330827	.000000
1.5388	.330921	.000000
1.53903	.330961	.000000
1.53926	.330942	.000000
1.53949	.331028	.000000
1.53972	.331053	.000000
1.53995	.330919	.000000
1.54017	.330804	.000000
1.5404	.330746	.000000
1.54063	.330852	.000000
1.54086	.330946	.000000
1.54109	.330898	.000000
1.54132	.330875	.000000
1.54155	.330844	.000000
1.54178	.330863	.000000
1.54201	.330973	.000000
1.54224	.330952	.000000
1.54246	.330850	.000000
1.54269	.330842	.000000
1.54292	.330977	.000000
1.54315	.330982	.000000
1.54338	.330863	.000000
1.54361	.330907	.000000
1.54384	.330965	.000000
1.54407	.330907	.000000
1.5443	.330917	.000000
1.54453	.330978	.000000
1.54476	.330980	.000000
1.54499	.330919	.000000
1.54522	.330783	.000000
1.54545	.330733	.000000
1.54568	.330852	.000000
1.54591	.330904	.000000
1.54614	.330882	.000000
1.54638	.330867	.000000
1.54661	.330777	.000000
1.54684	.330777	.000000
1.54707	.330840	.000000
1.5473	.330886	.000000
1.54753	.330869	.000000
1.54776	.330712	.000000
1.54799	.330712	.000000
1.54822	.330859	.000000
1.54845	.330879	.000000
1.54868	.330794	.000000
1.54892	.330821	.000000
1.54915	.330909	.000000
1.54938	.330898	.000000
1.54961	.330748	.000000
1.54984	.330716	.000000
1.55007	.330752	.000000
1.55031	.330762	.000000
1.55054	.330813	.000000
1.55077	.330873	.000000
1.551	.330905	.000000
1.55123	.330894	.000000
1.55146	.330815	.000000
1.5517	.330767	.000000
1.55193	.330698	.000000
1.55216	.330808	.000000
1.55239	.330900	.000000
1.55263	.330823	.000000
1.55286	.330735	.000000
1.55309	.330677	.000000
1.55332	.330654	.000000
1.55356	.330616	.000000
1.55379	.330610	.000000
1.55402	.330635	.000000
1.55426	.330691	.000000
1.55449	.330694	.000000
1.55472	.330694	.000000
1.55495	.330719	.000000
1.55519	.330668	.000000
1.55542	.330662	.000000
1.55565	.330583	.000000
1.55589	.330616	.000000
1.55612	.330746	.000000
1.55636	.330729	.000000
1.55659	.330675	.000000
1.55682	.330608	.000000
1.55706	.330585	.000000
1.55729	.330671	.000000
1.55752	.330710	.000000
1.55776	.330704	.000000
1.55799	.330729	.000000
1.55823	.330673	.000000
1.55846	.330677	.000000
1.55869	.330752	.000000
1.55893	.330758	.000000
1.55916	.330633	.000000
1.5594	.330579	.000000
1.55963	.330618	.000000
1.55987	.330652	.000000
1.5601	.330710	.000000
1.56034	.330689	.000000
1.56057	.330662	.000000
1.56081	.330575	.000000
1.56104	.330514	.000000
1.56128	.330531	.000000
1.56151	.330514	.000000
1.56175	.330566	.000000
1.56198	.330558	.000000
1.56222	.330545	.000000
1.56245	.330598	.000000
1.56269	.330562	.000000
1.56292	.330587	.000000
1.56316	.330581	.000000
1.56339	.330495	.000000
1.56363	.330491	.000000
1.56387	.330560	.000000
1.5641	.330485	.000000
1.56434	.330456	.000000
1.56457	.330449	.000000
1.56481	.330453	.000000
1.56505	.330460	.000000
1.56528	.330522	.000000
1.56552	.330560	.000000
1.56576	.330476	.000000
1.56599	.330370	.000000
1.56623	.330405	.000000
1.56646	.330351	.000000
1.5667	.330357	.000000
1.56694	.330422	.000000
1.56718	.330422	.000000
1.56741	.330422	.000000
1.56765	.330433	.000000
1.56789	.330412	.000000
1.56812	.330387	.000000
1.56836	.330387	.000000
1.5686	.330391	.000000
1.56883	.330391	.000000
1.56907	.330399	.000000
1.56931	.330355	.000000
1.56955	.330324	.000000
1.56978	.330374	.000000
1.57002	.330437	.000000
1.57026	.330359	.000000
1.5705	.330305	.000000
1.57074	.330328	.000000
1.57097	.330290	.000000
1.57121	.330290	.000000
1.57145	.330278	.000000
1.57169	.330326	.000000
1.57193	.330405	.000000
1.57216	.330405	.000000
1.5724	.330420	.000000
1.57264	.330458	.000000
1.57288	.330345	.000000
1.57312	.330245	.000000
1.57336	.330255	.000000
1.5736	.330249	.000000
1.57383	.330270	.000000
1.57407	.330305	.000000
1.57431	.330332	.000000
1.57455	.330276	.000000
1.57479	.330295	.000000
1.57503	.330339	.000000
1.57527	.330320	.000000
1.57551	.330272	.000000
1.57575	.330278	.000000
1.57599	.330278	.000000
1.57623	.330276	.000000
1.57647	.330288	.000000
1.57671	.330270	.000000
1.57695	.330194	.000000
1.57719	.330124	.000000
1.57743	.330205	.000000
1.57767	.330205	.000000
1.57791	.330195	.000000
1.57815	.330263	.000000
1.57839	.330240	.000000
1.57863	.330217	.000000
1.57887	.330255	.000000
1.57911	.330242	.000000
1.57935	.330205	.000000
1.57959	.330224	.000000
1.57983	.330293	.000000
1.58007	.330280	.000000
1.58031	.330195	.000000
1.58055	.330203	.000000
1.58079	.330167	.000000
1.58103	.330075	.000000
1.58127	.330084	.000000
1.58152	.330205	.000000
1.58176	.330236	.000000
1.582	.330157	.000000
1.58224	.330169	.000000
1.58248	.330159	.000000
1.58272	.330124	.000000
1.58296	.330092	.000000
1.58321	.330048	.000000
1.58345	.330132	.000000
1.58369	.330245	.000000
1.58393	.330186	.000000
1.58417	.330075	.000000
1.58442	.330073	.000000
1.58466	.330075	.000000
1.5849	.330071	.000000
1.58514	.330086	.000000
1.58538	.330092	.000000
1.58563	.330123	.000000
1.58587	.330090	.000000
1.58611	.330094	.000000
1.58635	.330161	.000000
1.5866	.330148	.000000
1.58684	.330053	.000000
1.58708	.330046	.000000
1.58733	.330078	.000000
1.58757	.330124	.000000
1.58781	.330148	.000000
1.58806	.330144	.000000
1.5883	.330086	.000000
1.58854	.330025	.000000
1.58879	.330036	.000000
1.58903	.330107	.000000
1.58927	.330098	.000000
1.58952	.330113	.000000
1.58976	.330109	.000000
1.59	.330065	.000000
1.59025	.330050	.000000
1.59049	.330067	.000000
1.59074	.330073	.000000
1.59098	.330057	.000000
1.59122	.330065	.000000
1.59147	.330077	.000000
1.59171	.330065	.000000
1.59196	.330021	.000000
1.5922	.329936	.000000
1.59245	.329929	.000000
1.59269	.329896	.000000
1.59293	.329894	.000000
1.59318	.329946	.000000
1.59342	.329969	.000000
1.59367	.329929	.000000
1.59391	.329887	.000000
1.59416	.329837	.000000
1.5944	.329871	.000000
1.59465	.330013	.000000
1.59489	.330002	.000000
1.59514	.329921	.000000
1.59539	.329965	.000000
1.59563	.330029	.000000
1.59588	.329984	.000000
1.59612	.329986	.000000
1.59637	.330000	.000000
1.59661	.329913	.000000
1.59686	.329933	.000000
1.5971	.329910	.000000
1.59735	.329837	.000000
1.5976	.329959	.000000
1.59784	.329990	.000000
1.59809	.329869	.000000
1.59834	.329831	.000000
1.59858	.329885	.000000
1.59883	.329887	.000000
1.59908	.329911	.000000
1.59932	.329952	.000000
1.59957	.329783	.000000
1.59982	.329745	.000000
1.60006	.329881	.000000
1.60031	.329942	.000000
1.60056	.329938	.000000
1.6008	.329927	.000000
1.60105	.329900	.000000
1.6013	.329840	.000000
1.60155	.329802	.000000
1.60179	.329892	.000000
1.60204	.329975	.000000
1.60229	.329992	.000000
1.60254	.329938	.000000
1.60278	.329911	.000000
1.60303	.329812	.000000
1.60328	.329725	.000000
1.60353	.329894	.000000
1.60377	.329994	.000000
1.60402	.329961	.000000
1.60427	.329877	.000000
1.60452	.329812	.000000
1.60477	.329814	.000000
1.60502	.329860	.000000
1.60526	.329862	.000000
1.60551	.329796	.000000
1.60576	.329812	.000000
1.60601	.329850	.000000
1.60626	.329789	.000000
1.60651	.329775	.000000
1.60676	.329793	.000000
1.60701	.329819	.000000
1.60725	.329817	.000000
1.6075	.329829	.000000
1.60775	.329829	.000000
1.608	.329816	.000000
1.60825	.329802	.000000
1.6085	.329817	.000000
1.60875	.329867	.000000
1.609	.329806	.000000
1.60925	.329716	.000000
1.6095	.329695	.000000
1.60975	.329764	.000000
1.61	.329802	.000000
1.61025	.329848	.000000
1.6105	.329864	.000000
1.61075	.329798	.000000
1.611	.329808	.000000
1.61125	.329783	.000000
1.6115	.329693	.000000
1.61175	.329635	.000000
1.612	.329677	.000000
1.61225	.329723	.000000
1.6125	.329781	.000000
1.61275	.329835	.000000
1.613	.329850	.000000
1.61326	.329806	.000000
1.61351	.329769	.000000
1.61376	.329689	.000000
1.61401	.329635	.000000
1.61426	.329589	.000000
1.61451	.329643	.000000
1.61476	.329722	.000000
1.61501	.329754	.000000
1.61527	.329783	.000000
1.61552	.329748	.000000
1.61577	.329689	.000000
1.61602	.329722	.000000
1.61627	.329727	.000000
1.61653	.329700	.000000
1.61678	.329674	.000000
1.61703	.329647	.000000
1.61728	.329702	.000000
1.61753	.329723	.000000
1.61779	.329758	.000000
1.61804	.329812	.000000
1.61829	.329852	.000000
1.61854	.329808	.000000
1.6188	.329714	.000000
1.61905	.329662	.000000
1.6193	.329712	.000000
1.61955	.329775	.000000
1.61981	.329733	.000000
1.62006	.329595	.000000
1.62031	.329564	.000000
1.62057	.329610	.000000
1.62082	.329631	.000000
1.62107	.329555	.000000
1.62133	.329566	.000000
1.62158	.329652	.000000
1.62183	.329664	.000000
1.62209	.329631	.000000
1.62234	.329679	.000000
1.6226	.329674	.000000
1.62285	.329599	.000000
1.6231	.329551	.000000
1.62336	.329583	.000000
1.62361	.329672	.000000
1.62387	.329683	.000000
1.62412	.329698	.000000
1.62438	.329666	.000000
1.62463	.329555	.000000
1.62488	.329512	.000000
1.62514	.329618	.000000
1.62539	.329666	.000000
1.62565	.329597	.000000
1.6259	.329514	.000000
1.62616	.329568	.000000
1.62641	.329597	.000000
1.62667	.329501	.000000
1.62692	.329497	.000000
1.62718	.329549	.000000
1.62743	.329501	.000000
1.62769	.329445	.000000
1.62795	.329533	.000000
1.6282	.329572	.000000
1.62846	.329539	.000000
1.62871	.329514	.000000
1.62897	.329505	.000000
1.62922	.329480	.000000
1.62948	.329495	.000000
1.62974	.329501	.000000
1.62999	.329478	.000000
1.63025	.329505	.000000
1.6305	.329524	.000000
1.63076	.329614	.000000
1.63102	.329639	.000000
1.63127	.329597	.000000
1.63153	.329553	.000000
1.63179	.329489	.000000
1.63204	.329491	.000000
1.6323	.329489	.000000
1.63256	.329491	.000000
1.63282	.329476	.000000
1.63307	.329422	.000000
1.63333	.329462	.000000
1.63359	.329493	.000000
1.63384	.329430	.000000
1.6341	.329436	.000000
1.63436	.329476	.000000
1.63462	.329401	.000000
1.63488	.329361	.000000
1.63513	.329342	.000000
1.63539	.329384	.000000
1.63565	.329422	.000000
1.63591	.329443	.000000
1.63616	.329401	.000000
1.63642	.329359	.000000
1.63668	.329439	.000000
1.63694	.329464	.000000
1.6372	.329457	.000000
1.63746	.329474	.000000
1.63772	.329445	.000000
1.63797	.329403	.000000
1.63823	.329418	.000000
1.63849	.329416	.000000
1.63875	.329407	.000000
1.63901	.329428	.000000
1.63927	.329422	.000000
1.63953	.329370	.000000
1.63979	.329397	.000000
1.64005	.329428	.000000
1.64031	.329418	.000000
1.64057	.329384	.000000
1.64082	.329439	.000000
1.64108	.329466	.000000
1.64134	.329485	.000000
1.6416	.329449	.000000
1.64186	.329380	.000000
1.64212	.329315	.000000
1.64238	.329297	.000000
1.64264	.329345	.000000
1.6429	.329353	.000000
1.64317	.329405	.000000
1.64343	.329388	.000000
1.64369	.329265	.000000
1.64395	.329238	.000000
1.64421	.329246	.000000
1.64447	.329253	.000000
1.64473	.329359	.000000
1.64499	.329382	.000000
1.64525	.329288	.000000
1.64551	.329374	.000000
1.64577	.329405	.000000
1.64603	.329313	.000000
1.6463	.329311	.000000
1.64656	.329282	.000000
1.64682	.329295	.000000
1.64708	.329343	.000000
1.64734	.329336	.000000
1.6476	.329301	.000000
1.64787	.329286	.000000
1.64813	.329249	.000000
1.64839	.329219	.000000
1.64865	.329188	.000000
1.64891	.329161	.000000
1.64918	.329184	.000000
1.64944	.329311	.000000
1.6497	.329249	.000000
1.64996	.329104	.000000
1.65023	.329171	.000000
1.65049	.329282	.000000
1.65075	.329319	.000000
1.65101	.329313	.000000
1.65128	.329328	.000000
1.65154	.329295	.000000
1.6518	.329271	.000000
1.65207	.329342	.000000
1.65233	.329307	.000000
1.65259	.329224	.000000
1.65286	.329207	.000000
1.65312	.329182	.000000
1.65338	.329175	.000000
1.65365	.329242	.000000
1.65391	.329255	.000000
1.65417	.329311	.000000
1.65444	.329269	.000000
1.6547	.329224	.000000
1.65497	.329155	.000000
1.65523	.329136	.000000
1.65549	.329157	.000000
1.65576	.329201	.000000
1.65602	.329240	.000000
1.65629	.329221	.000000
1.65655	.329182	.000000
1.65682	.329125	.000000
1.65708	.329106	.000000
1.65735	.329082	.000000
1.65761	.329111	.000000
1.65788	.329198	.000000
1.65814	.329253	.000000
1.65841	.329211	.000000
1.65867	.329121	.000000
1.65894	.329100	.000000
1.6592	.329127	.000000
1.65947	.329117	.000000
1.65973	.329090	.000000
1.66	.329205	.000000
1.66027	.329207	.000000
1.66053	.329159	.000000
1.6608	.329207	.000000
1.66106	.329207	.000000
1.66133	.329109	.000000
1.6616	.328994	.000000
1.66186	.329040	.000000
1.66213	.329092	.000000
1.66239	.329102	.000000
1.66266	.329038	.000000
1.66293	.329021	.000000
1.66319	.329079	.000000
1.66346	.329113	.000000
1.66373	.329050	.000000
1.664	.329010	.000000
1.66426	.329038	.000000
1.66453	.329163	.000000
1.6648	.329223	.000000
1.66506	.329140	.000000
1.66533	.329056	.000000
1.6656	.329042	.000000
1.66587	.329065	.000000
1.66613	.329067	.000000
1.6664	.329121	.000000
1.66667	.329144	.000000
1.66694	.329132	.000000
1.66721	.329163	.000000
1.66747	.329109	.000000
1.66774	.329025	.000000
1.66801	.329065	.000000
1.66828	.329059	.000000
1.66855	.328987	.000000
1.66882	.328969	.000000
1.66908	.329010	.000000
1.66935	.329033	.000000
1.66962	.329002	.000000
1.66989	.329017	.000000
1.67016	.329031	.000000
1.67043	.329098	.000000
1.6707	.329117	.000000
1.67097	.329017	.000000
1.67124	.328952	.000000
1.67151	.328904	.000000
1.67178	.328883	.000000
1.67204	.328919	.000000
1.67231	.328990	.000000
1.67258	.329011	.000000
1.67285	.329040	.000000
1.67312	.329044	.000000
1.67339	.328998	.000000
1.67366	.328956	.000000
1.67393	.328965	.000000
1.6742	.328979	.000000
1.67447	.328981	.000000
1.67475	.329040	.000000
1.67502	.329094	.000000
1.67529	.328996	.000000
1.67556	.328925	.000000
1.67583	.328988	.000000
1.6761	.329035	.000000
1.67637	.329058	.000000
1.67664	.329054	.000000
1.67691	.329138	.000000
1.67718	.329079	.000000
1.67745	.329027	.000000
1.67773	.329019	.000000
1.678	.328956	.000000
1.67827	.328962	.000000
1.67854	.328983	.000000
1.67881	.328960	.000000
1.67908	.328946	.000000
1.67936	.329019	.000000
1.67963	.328988	.000000
1.6799	.328935	.000000
1.68017	.328958	.000000
1.68044	.328962	.000000
1.68072	.328960	.000000
1.68099	.328988	.000000
1.68126	.328942	.000000
1.68153	.328929	.000000
1.68181	.328967	.000000
1.68208	.328977	.000000
1.68235	.328950	.000000
1.68263	.328942	.000000
1.6829	.329017	.000000
1.68317	.328990	.000000
1.68345	.328896	.000000
1.68372	.328927	.000000
1.68399	.328969	.000000
1.68427	.328992	.000000
1.68454	.328981	.000000
1.68481	.329006	.000000
1.68509	.329050	.000000
1.68536	.329019	.000000
1.68563	.328866	.000000
1.68591	.328829	.000000
1.68618	.328969	.000000
1.68646	.329013	.000000
1.68673	.329008	.000000
1.68701	.328983	.000000
1.68728	.328942	.000000
1.68755	.328910	.000000
1.68783	.328891	.000000
1.6881	.328906	.000000
1.68838	.328929	.000000
1.68865	.328889	.000000
1.68893	.328852	.000000
1.6892	.328873	.000000
1.68948	.328891	.000000
1.68975	.328927	.000000
1.69003	.328908	.000000
1.69031	.328864	.000000
1.69058	.328871	.000000
1.69086	.328887	.000000
1.69113	.328879	.000000
1.69141	.328910	.000000
1.69168	.328902	.000000
1.69196	.328804	.000000
1.69224	.328749	.000000
1.69251	.328798	.000000
1.69279	.328891	.000000
1.69307	.328960	.000000
1.69334	.328958	.000000
1.69362	.328814	.000000
1.6939	.328775	.000000
1.69417	.328777	.000000
1.69445	.328785	.000000
1.69473	.328860	.000000
1.695	.328810	.000000
1.69528	.328770	.000000
1.69556	.328749	.000000
1.69583	.328743	.000000
1.69611	.328756	.000000
1.69639	.328739	.000000
1.69667	.328668	.000000
1.69694	.328785	.000000
1.69722	.328833	.000000
1.6975	.328775	.000000
1.69778	.328841	.000000
1.69806	.328852	.000000
1.69833	.328812	.000000
1.69861	.328846	.000000
1.69889	.328798	.000000
1.69917	.328743	.000000
1.69945	.328787	.000000
1.69973	.328875	.000000
1.7	.328816	.000000
1.70028	.328703	.000000
1.70056	.328668	.000000
1.70084	.328693	.000000
1.70112	.328793	.000000
1.7014	.328822	.000000
1.70168	.328774	.000000
1.70196	.328766	.000000
1.70224	.328729	.000000
1.70252	.328637	.000000
1.7028	.328647	.000000
1.70308	.328710	.000000
1.70336	.328676	.000000
1.70364	.328603	.000000
1.70392	.328683	.000000
1.7042	.328745	.000000
1.70448	.328791	.000000
1.70476	.328774	.000000
1.70504	.328745	.000000
1.70532	.328718	.000000
1.7056	.328689	.000000
1.70588	.328620	.000000
1.70616	.328599	.000000
1.70644	.328706	.000000
1.70672	.328722	.000000
1.707	.328633	.000000
1.70728	.328706	.000000
1.70756	.328795	.000000
1.70784	.328795	.000000
1.70813	.328712	.000000
1.70841	.328695	.000000
1.70869	.328662	.000000
1.70897	.328580	.000000
1.70925	.328612	.000000
1.70953	.328656	.000000
1.70982	.328614	.000000
1.7101	.328578	.000000
1.71038	.328645	.000000
1.71066	.328656	.000000
1.71094	.328572	.000000
1.71123	.328616	.000000
1.71151	.328585	.000000
1.71179	.328538	.000000
1.71207	.328541	.000000
1.71236	.328557	.000000
1.71264	.328585	.000000
1.71292	.328614	.000000
1.71321	.328609	.000000
1.71349	.328513	.000000
1.71377	.328491	.000000
1.71405	.328547	.000000
1.71434	.328553	.000000
1.71462	.328503	.000000
1.71491	.328465	.000000
1.71519	.328438	.000000
1.71547	.328453	.000000
1.71576	.328470	.000000
1.71604	.328351	.000000
1.71632	.328305	.000000
1.71661	.328459	.000000
1.71689	.328520	.000000
1.71718	.328499	.000000
1.71746	.328424	.000000
1.71775	.328495	.000000
1.71803	.328582	.000000
1.71832	.328520	.000000
1.7186	.328419	.000000
1.71889	.328401	.000000
1.71917	.328455	.000000
1.71946	.328451	.000000
1.71974	.328440	.000000
1.72003	.328465	.000000
1.72031	.328526	.000000
1.7206	.328499	.000000
1.72088	.328426	.000000
1.72117	.328478	.000000
1.72145	.328451	.000000
1.72174	.328330	.000000
1.72202	.328342	.000000
1.72231	.328365	.000000
1.7226	.328411	.000000
1.72288	.328420	.000000
1.72317	.328428	.000000
1.72346	.328453	.000000
1.72374	.328482	.000000
1.72403	.328397	.000000
1.72432	.328334	.000000
1.7246	.328323	.000000
1.72489	.328401	.000000
1.72518	.328453	.000000
1.72546	.328434	.000000
1.72575	.328426	.000000
1.72604	.328357	.000000
1.72633	.328399	.000000
1.72661	.328465	.000000
1.7269	.328430	.000000
1.72719	.328397	.000000
1.72748	.328486	.000000
1.72776	.328534	.000000
1.72805	.328562	.000000
1.72834	.328513	.000000
1.72863	.328434	.000000
1.72892	.328482	.000000
1.7292	.328453	.000000
1.72949	.328338	.000000
1.72978	.328253	.000000
1.73007	.328342	.000000
1.73036	.328401	.000000
1.73065	.328399	.000000
1.73094	.328405	.000000
1.73122	.328365	.000000
1.73151	.328307	.000000
1.7318	.328359	.000000
1.73209	.328399	.000000
1.73238	.328363	.000000
1.73267	.328361	.000000
1.73296	.328363	.000000
1.73325	.328374	.000000
1.73354	.328413	.000000
1.73383	.328457	.000000
1.73412	.328424	.000000
1.73441	.328376	.000000
1.7347	.328380	.000000
1.73499	.328426	.000000
1.73528	.328445	.000000
1.73557	.328388	.000000
1.73586	.328326	.000000
1.73615	.328309	.000000
1.73644	.328349	.000000
1.73673	.328386	.000000
1.73702	.328338	.000000
1.73732	.328386	.000000
1.73761	.328401	.000000
1.7379	.328349	.000000
1.73819	.328351	.000000
1.73848	.328346	.000000
1.73877	.328380	.000000
1.73906	.328422	.000000
1.73936	.328357	.000000
1.73965	.328319	.000000
1.73994	.328376	.000000
1.74023	.328399	.000000
1.74052	.328365	.000000
1.74082	.328332	.000000
1.74111	.328355	.000000
1.7414	.328376	.000000
1.74169	.328415	.000000
1.74199	.328401	.000000
1.74228	.328384	.000000
1.74257	.328369	.000000
1.74286	.328334	.000000
1.74316	.328342	.000000
1.74345	.328328	.000000
1.74374	.328321	.000000
1.74404	.328330	.000000
1.74433	.328311	.000000
1.74462	.328376	.000000
1.74492	.328326	.000000
1.74521	.328288	.000000
1.7455	.328334	.000000
1.7458	.328367	.000000
1.74609	.328395	.000000
1.74639	.328405	.000000
1.74668	.328334	.000000
1.74697	.328286	.000000
1.74727	.328326	.000000
1.74756	.328365	.000000
1.74786	.328367	.000000
1.74815	.328336	.000000
1.74845	.328328	.000000
1.74874	.328290	.000000
1.74904	.328309	.000000
1.74933	.328324	.000000
1.74963	.328300	.000000
1.74992	.328305	.000000
1.75022	.328376	.000000
1.75051	.328351	.000000
1.75081	.328321	.000000
1.7511	.328323	.000000
1.7514	.328321	.000000
1.7517	.328313	.000000
1.75199	.328324	.000000
1.75229	.328277	.000000
1.75258	.328186	.000000
1.75288	.328192	.000000
1.75318	.328257	.000000
1.75347	.328284	.000000
1.75377	.328269	.000000
1.75407	.328273	.000000
1.75436	.328267	.000000
1.75466	.328182	.000000
1.75496	.328219	.000000
1.75525	.328263	.000000
1.75555	.328284	.000000
1.75585	.328319	.000000
1.75615	.328328	.000000
1.75644	.328282	.000000
1.75674	.328194	.000000
1.75704	.328227	.000000
1.75734	.328286	.000000
1.75763	.328332	.000000
1.75793	.328252	.000000
1.75823	.328096	.000000
1.75853	.328073	.000000
1.75883	.328225	.000000
1.75913	.328252	.000000
1.75942	.328156	.000000
1.75972	.328194	.000000
1.76002	.328161	.000000
1.76032	.328140	.000000
1.76062	.328223	.000000
1.76092	.328167	.000000
1.76122	.328146	.000000
1.76152	.328267	.000000
1.76181	.328261	.000000
1.76211	.328198	.000000
1.76241	.328223	.000000
1.76271	.328277	.000000
1.76301	.328250	.000000
1.76331	.328177	.000000
1.76361	.328227	.000000
1.76391	.328267	.000000
1.76421	.328202	.000000
1.76451	.328292	.000000
1.76481	.328296	.000000
1.76511	.328158	.000000
1.76541	.328133	.000000
1.76571	.328211	.000000
1.76602	.328169	.000000
1.76632	.328133	.000000
1.76662	.328129	.000000
1.76692	.328206	.000000
1.76722	.328277	.000000
1.76752	.328309	.000000
1.76782	.328240	.000000
1.76812	.328213	.000000
1.76842	.328221	.000000
1.76873	.328232	.000000
1.76903	.328211	.000000
1.76933	.328161	.000000
1.76963	.328108	.000000
1.76993	.328056	.000000
1.77024	.328054	.000000
1.77054	.328098	.000000
1.77084	.328133	.000000
1.77114	.328221	.000000
1.77145	.328263	.000000
1.77175	.328177	.000000
1.77205	.328131	.000000
1.77235	.328167	.000000
1.77266	.328158	.000000
1.77296	.328115	.000000
1.77326	.328181	.000000
1.77357	.328236	.000000
1.77387	.328179	.000000
1.77417	.328054	.000000
1.77448	.328060	.000000
1.77478	.328088	.000000
1.77508	.328125	.000000
1.77539	.328219	.000000
1.77569	.328165	.000000
1.776	.328104	.000000
1.7763	.328106	.000000
1.77661	.328152	.000000
1.77691	.328173	.000000
1.77721	.328115	.000000
1.77752	.327996	.000000
1.77782	.327991	.000000
1.77813	.328085	.000000
1.77843	.328154	.000000
1.77874	.328142	.000000
1.77904	.328121	.000000
1.77935	.328062	.000000
1.77965	.328010	.000000
1.77996	.328008	.000000
1.78027	.328025	.000000
1.78057	.328033	.000000
1.78088	.328033	.000000
1.78118	.328014	.000000
1.78149	.328004	.000000
1.7818	.328040	.000000
1.7821	.328092	.000000
1.78241	.328039	.000000
1.78271	.328027	.000000
1.78302	.328092	.000000
1.78333	.328111	.000000
1.78363	.328064	.000000
1.78394	.328039	.000000
1.78425	.328065	.000000
1.78456	.328119	.000000
1.78486	.328125	.000000
1.78517	.328033	.000000
1.78548	.328054	.000000
1.78578	.328039	.000000
1.78609	.327968	.000000
1.7864	.328023	.000000
1.78671	.328104	.000000
1.78702	.328127	.000000
1.78732	.328056	.000000
1.78763	.328035	.000000
1.78794	.328017	.000000
1.78825	.327989	.000000
1.78856	.328035	.000000
1.78886	.328048	.000000
1.78917	.328071	.000000
1.78948	.328127	.000000
1.78979	.328135	.000000
1.7901	.328096	.000000
1.79041	.328065	.000000
1.79072	.328037	.000000
1.79103	.328100	.000000
1.79134	.328196	.000000
1.79165	.328173	.000000
1.79196	.328025	.000000
1.79227	.328000	.000000
1.79258	.328025	.000000
1.79289	.327985	.000000
1.7932	.327975	.000000
1.79351	.328029	.000000
1.79382	.327971	.000000
1.79413	.327948	.000000
1.79444	.328062	.000000
1.79475	.328117	.000000
1.79506	.328010	.000000
1.79537	.327914	.000000
1.79568	.327987	.000000
1.79599	.328083	.000000
1.7963	.328048	.000000
1.79661	.327977	.000000
1.79692	.327956	.000000
1.79724	.327935	.000000
1.79755	.327872	.000000
1.79786	.327935	.000000
1.79817	.328025	.000000
1.79848	.328044	.000000
1.79879	.328050	.000000
1.79911	.327981	.000000
1.79942	.327958	.000000
1.79973	.327998	.000000
1.80004	.328019	.000000
1.80036	.328040	.000000
1.80067	.328033	.000000
1.80098	.327996	.000000
1.80129	.327958	.000000
1.80161	.327948	.000000
1.80192	.327968	.000000
1.80223	.328019	.000000
1.80255	.327966	.000000
1.80286	.327946	.000000
1.80317	.327954	.000000
1.80349	.327954	.000000
1.8038	.327946	.000000
1.80411	.327933	.000000
1.80443	.327985	.000000
1.80474	.328040	.000000
1.80506	.327977	.000000
1.80537	.327877	.000000
1.80569	.327877	.000000
1.806	.327946	.000000
1.80631	.327954	.000000
1.80663	.327981	.000000
1.80694	.327998	.000000
1.80726	.328039	.000000
1.80757	.328058	.000000
1.80789	.328088	.000000
1.8082	.328056	.000000
1.80852	.327973	.000000
1.80884	.327981	.000000
1.80915	.328040	.000000
1.80947	.328062	.000000
1.80978	.327910	.000000
1.8101	.327781	.000000
1.81041	.327841	.000000
1.81073	.327952	.000000
1.81105	.328012	.000000
1.81136	.328012	.000000
1.81168	.328014	.000000
1.812	.327991	.000000
1.81231	.327933	.000000
1.81263	.327945	.000000
1.81295	.327943	.000000
1.81326	.327952	.000000
1.81358	.327973	.000000
1.8139	.327943	.000000
1.81422	.327941	.000000
1.81453	.327966	.000000
1.81485	.327979	.000000
1.81517	.327981	.000000
1.81549	.328004	.000000
1.8158	.327991	.000000
1.81612	.327973	.000000
1.81644	.327983	.000000
1.81676	.327935	.000000
1.81708	.327877	.000000
1.8174	.327898	.000000
1.81771	.327879	.000000
1.81803	.327908	.000000
1.81835	.327971	.000000
1.81867	.327960	.000000
1.81899	.327985	.000000
1.81931	.327937	.000000
1.81963	.327866	.000000
1.81995	.327902	.000000
1.82027	.327875	.000000
1.82059	.327914	.000000
1.82091	.327891	.000000
1.82123	.327929	.000000
1.82155	.327902	.000000
1.82187	.327891	.000000
1.82219	.327889	.000000
1.82251	.327864	.000000
1.82283	.327856	.000000
1.82315	.327874	.000000
1.82347	.327839	.000000
1.82379	.327874	.000000
1.82411	.327862	.000000
1.82443	.327866	.000000
1.82475	.327900	.000000
1.82507	.327925	.000000
1.82539	.327862	.000000
1.82571	.327858	.000000
1.82604	.327914	.000000
1.82636	.327956	.000000
1.82668	.327900	.000000
1.827	.327799	.000000
1.82732	.327887	.000000
1.82765	.327987	.000000
1.82797	.327941	.000000
1.82829	.327870	.000000
1.82861	.327885	.000000
1.82893	.327898	.000000
1.82926	.327891	.000000
1.82958	.327827	.000000
1.8299	.327758	.000000
1.83023	.327770	.000000
1.83055	.327860	.000000
1.83087	.327827	.000000
1.8312	.327822	.000000
1.83152	.327945	.000000
1.83184	.327998	.000000
1.83217	.327946	.000000
1.83249	.327883	.000000
1.83281	.327837	.000000
1.83314	.327895	.000000
1.83346	.327856	.000000
1.83379	.327851	.000000
1.83411	.327870	.000000
1.83443	.327822	.000000
1.83476	.327787	.000000
1.83508	.327816	.000000
1.83541	.327918	.000000
1.83573	.327897	.000000
1.83606	.327789	.000000
1.83638	.327714	.000000
1.83671	.327783	.000000
1.83703	.327780	.000000
1.83736	.327745	.000000
1.83769	.327741	.000000
1.83801	.327780	.000000
1.83834	.327793	.000000
1.83866	.327743	.000000
1.83899	.327749	.000000
1.83932	.327851	.000000
1.83964	.327804	.000000
1.83997	.327739	.000000
1.84029	.327816	.000000
1.84062	.327843	.000000
1.84095	.327849	.000000
1.84128	.327843	.000000
1.8416	.327780	.000000
1.84193	.327730	.000000
1.84226	.327778	.000000
1.84258	.327812	.000000
1.84291	.327774	.000000
1.84324	.327789	.000000
1.84357	.327766	.000000
1.84389	.327776	.000000
1.84422	.327895	.000000
1.84455	.327858	.000000
1.84488	.327730	.000000
1.84521	.327714	.000000
1.84554	.327722	.000000
1.84586	.327707	.000000
1.84619	.327755	.000000
1.84652	.327781	.000000
1.84685	.327760	.000000
1.84718	.327768	.000000
1.84751	.327804	.000000
1.84784	.327728	.000000
1.84817	.327710	.000000
1.8485	.327780	.000000
1.84883	.327733	.000000
1.84916	.327666	.000000
1.84949	.327632	.000000
1.84982	.327632	.000000
1.85015	.327639	.000000
1.85048	.327699	.000000
1.85081	.327697	.000000
1.85114	.327647	.000000
1.85147	.327662	.000000
1.8518	.327724	.000000
1.85213	.327743	.000000
1.85246	.327776	.000000
1.85279	.327774	.000000
1.85312	.327685	.000000
1.85345	.327613	.000000
1.85378	.327540	.000000
1.85411	.327565	.000000
1.85445	.327720	.000000
1.85478	.327764	.000000
1.85511	.327714	.000000
1.85544	.327653	.000000
1.85577	.327655	.000000
1.85611	.327668	.000000
1.85644	.327628	.000000
1.85677	.327613	.000000
1.8571	.327605	.000000
1.85744	.327634	.000000
1.85777	.327699	.000000
1.8581	.327680	.000000
1.85843	.327641	.000000
1.85877	.327599	.000000
1.8591	.327609	.000000
1.85943	.327634	.000000
1.85977	.327643	.000000
1.8601	.327599	.000000
1.86044	.327570	.000000
1.86077	.327622	.000000
1.8611	.327614	.000000
1.86144	.327618	.000000
1.86177	.327691	.000000
1.86211	.327662	.000000
1.86244	.327567	.000000
1.86277	.327549	.000000
1.86311	.327568	.000000
1.86344	.327591	.000000
1.86378	.327603	.000000
1.86411	.327655	.000000
1.86445	.327591	.000000
1.86478	.327492	.000000
1.86512	.327524	.000000
1.86546	.327515	.000000
1.86579	.327501	.000000
1.86613	.327517	.000000
1.86646	.327517	.000000
1.8668	.327611	.000000
1.86714	.327639	.000000
1.86747	.327543	.000000
1.86781	.327451	.000000
1.86814	.327446	.000000
1.86848	.327534	.000000
1.86882	.327578	.000000
1.86915	.327526	.000000
1.86949	.327478	.000000
1.86983	.327496	.000000
1.87017	.327494	.000000
1.8705	.327415	.000000
1.87084	.327286	.000000
1.87118	.327283	.000000
1.87152	.327384	.000000
1.87185	.327405	.000000
1.87219	.327380	.000000
1.87253	.327361	.000000
1.87287	.327365	.000000
1.87321	.327340	.000000
1.87354	.327340	.000000
1.87388	.327296	.000000
1.87422	.327309	.000000
1.87456	.327357	.000000
1.8749	.327323	.000000
1.87524	.327311	.000000
1.87558	.327327	.000000
1.87592	.327332	.000000
1.87626	.327317	.000000
1.8766	.327275	.000000
1.87694	.327275	.000000
1.87728	.327261	.000000
1.87762	.327212	.000000
1.87796	.327127	.000000
1.8783	.327093	.000000
1.87864	.327085	.000000
1.87898	.327056	.000000
1.87932	.327160	.000000
1.87966	.327221	.000000
1.88	.327181	.000000
1.88034	.327133	.000000
1.88068	.327073	.000000
1.88102	.327077	.000000
1.88136	.327056	.000000
1.8817	.327027	.000000
1.88205	.326920	.000000
1.88239	.326870	.000000
1.88273	.326901	.000000
1.88307	.326881	.000000
1.88341	.326832	.000000
1.88376	.326868	.000000
1.8841	.326897	.000000
1.88444	.326866	.000000
1.88478	.326791	.000000
1.88512	.326709	.000000
1.88547	.326684	.000000
1.88581	.326734	.000000
1.88615	.326691	.000000
1.8865	.326649	.000000
1.88684	.326603	.000000
1.88718	.326584	.000000
1.88753	.326582	.000000
1.88787	.326643	.000000
1.88821	.326659	.000000
1.88856	.326530	.000000
1.8889	.326425	.000000
1.88925	.326444	.000000
1.88959	.326404	.000000
1.88994	.326319	.000000
1.89028	.326348	.000000
1.89062	.326336	.000000
1.89097	.326275	.000000
1.89131	.326275	.000000
1.89166	.326212	.000000
1.892	.326120	.000000
1.89235	.326125	.000000
1.89269	.326170	.000000
1.89304	.326181	.000000
1.89339	.326097	.000000
1.89373	.326064	.000000
1.89408	.326033	.000000
1.89442	.325974	.000000
1.89477	.325891	.000000
1.89512	.325857	.000000
1.89546	.325814	.000000
1.89581	.325743	.000000
1.89616	.325690	.000000
1.8965	.325694	.000000
1.89685	.325632	.000000
1.8972	.325534	.000000
1.89754	.325517	.000000
1.89789	.325494	.000000
1.89824	.325425	.000000
1.89859	.325373	.000000
1.89893	.325331	.000000
1.89928	.325256	.000000
1.89963	.325262	.000000
1.89998	.325260	.000000
1.90033	.325068	.000000
1.90067	.324966	.000000
1.90102	.324974	.000000
1.90137	.324936	.000000
1.90172	.324930	.000000
1.90207	.324909	.000000
1.90242	.324834	.000000
1.90277	.324732	.000000
1.90312	.324680	.000000
1.90347	.324602	.000000
1.90381	.324467	.000000
1.90416	.324346	.000000
1.90451	.324345	.000000
1.90486	.324400	.000000
1.90521	.324308	.000000
1.90556	.324281	.000000
1.90591	.324254	.000000
1.90626	.324141	.000000
1.90661	.323976	.000000
1.90697	.323894	.000000
1.90732	.323857	.000000
1.90767	.323759	.000000
1.90802	.323704	.000000
1.90837	.323761	.000000
1.90872	.323752	.000000
1.90907	.323642	.000000
1.90942	.323494	.000000
1.90978	.323366	.000000
1.91013	.323278	.000000
1.91048	.323247	.000000
1.91083	.323233	.000000
1.91118	.323151	.000000
1.91154	.323034	.000000
1.91189	.322942	.000000
1.91224	.322869	.000000
1.91259	.322763	.000000
1.91295	.322729	.000000
1.9133	.322665	.000000
1.91365	.322598	.000000
1.914	.322539	.000000
1.91436	.322468	.000000
1.91471	.322403	.000000
1.91507	.322305	.000000
1.91542	.322293	.000000
1.91577	.322226	.000000
1.91613	.322094	.000000
1.91648	.322065	.000000
1.91684	.322057	.000000
1.91719	.321980	.000000
1.91754	.321969	.000000
1.9179	.321959	.000000
1.91825	.321835	.000000
1.91861	.321750	.000000
1.91896	.321693	.000000
1.91932	.321623	.000000
1.91967	.321520	.000000
1.92003	.321434	.000000
1.92039	.321393	.000000
1.92074	.321422	.000000
1.9211	.321399	.000000
1.92145	.321318	.000000
1.92181	.321259	.000000
1.92217	.321199	.000000
1.92252	.321161	.000000
1.92288	.321109	.000000
1.92323	.321065	.000000
1.92359	.321052	.000000
1.92395	.320975	.000000
1.92431	.320979	.000000
1.92466	.320946	.000000
1.92502	.320902	.000000
1.92538	.320879	.000000
1.92573	.320841	.000000
1.92609	.320789	.000000
1.92645	.320664	.000000
1.92681	.320629	.000000
1.92717	.320652	.000000
1.92752	.320581	.000000
1.92788	.320491	.000000
1.92824	.320530	.000000
1.9286	.320562	.000000
1.92896	.320509	.000000
1.92932	.320453	.000000
1.92968	.320392	.000000
1.93004	.320273	.000000
1.9304	.320251	.000000
1.93075	.320263	.000000
1.93111	.320274	.000000
1.93147	.320230	.000000
1.93183	.320205	.000000
1.93219	.320230	.000000
1.93255	.320215	.000000
1.93291	.320157	.000000
1.93327	.320098	.000000
1.93363	.320058	.000000
1.934	.320048	.000000
1.93436	.320119	.000000
1.93472	.320132	.000000
1.93508	.320077	.000000
1.93544	.320012	.000000
1.9358	.319990	.000000
1.93616	.320025	.000000
1.93652	.320084	.000000
1.93689	.320090	.000000
1.93725	.320081	.000000
1.93761	.320038	.000000
1.93797	.319987	.000000
1.93833	.319942	.000000
1.9387	.319904	.000000
1.93906	.319902	.000000
1.93942	.319908	.000000
1.93978	.319896	.000000
1.94015	.319916	.000000
1.94051	.319962	.000000
1.94087	.319935	.000000
1.94124	.319927	.000000
1.9416	.320008	.000000
1.94196	.320092	.000000
1.94233	.320109	.000000
1.94269	.320063	.000000
1.94306	.320077	.000000
1.94342	.320171	.000000
1.94378	.320171	.000000
1.94415	.320171	.000000
1.94451	.320215	.000000
1.94488	.320209	.000000
1.94524	.320263	.000000
1.94561	.320294	.000000
1.94597	.320334	.000000
1.94634	.320376	.000000
1.9467	.320349	.000000
1.94707	.320368	.000000
1.94743	.320422	.000000
1.9478	.320474	.000000
1.94817	.320528	.000000
1.94853	.320583	.000000
1.9489	.320562	.000000
1.94926	.320591	.000000
1.94963	.320639	.000000
1.95	.320706	.000000
1.95036	.320754	.000000
1.95073	.320725	.000000
1.9511	.320727	.000000
1.95147	.320770	.000000
1.95183	.320771	.000000
1.9522	.320816	.000000
1.95257	.320879	.000000
1.95294	.320898	.000000
1.9533	.320910	.000000
1.95367	.320940	.000000
1.95404	.321017	.000000
1.95441	.321098	.000000
1.95478	.321119	.000000
1.95515	.321088	.000000
1.95551	.321094	.000000
1.95588	.321169	.000000
1.95625	.321148	.000000
1.95662	.321249	.000000
1.95699	.321326	.000000
1.95736	.321268	.000000
1.95773	.321217	.000000
1.9581	.321253	.000000
1.95847	.321334	.000000
1.95884	.321387	.000000
1.95921	.321359	.000000
1.95958	.321370	.000000
1.95995	.321380	.000000
1.96032	.321399	.000000
1.96069	.321426	.000000
1.96106	.321545	.000000
1.96143	.321622	.000000
1.9618	.321610	.000000
1.96217	.321629	.000000
1.96255	.321643	.000000
1.96292	.321614	.000000
1.96329	.321614	.000000
1.96366	.321658	.000000
1.96403	.321754	.000000
1.9644	.321785	.000000
1.96478	.321779	.000000
1.96515	.321875	.000000
1.96552	.321867	.000000
1.96589	.321798	.000000
1.96627	.321827	.000000
1.96664	.321881	.000000
1.96701	.321888	.000000
1.96739	.321858	.000000
1.96776	.321942	.000000
1.96813	.321986	.000000
1.96851	.322049	.000000
1.96888	.322101	.000000
1.96925	.322088	.000000
1.96963	.322107	.000000
1.97	.322142	.000000
1.97038	.322186	.000000
1.97075	.322241	.000000
1.97113	.322192	.000000
1.9715	.322182	.000000
1.97188	.322243	.000000
1.97225	.322243	.000000
1.97263	.322274	.000000
1.973	.322345	.000000
1.97338	.322314	.000000
1.97375	.322289	.000000
1.97413	.322351	.000000
1.9745	.322360	.000000
1.97488	.322393	.000000
1.97526	.322414	.000000
1.97563	.322474	.000000
1.97601	.322500	.000000
1.97639	.322491	.000000
1.97676	.322516	.000000
1.97714	.322447	.000000
1.97752	.322472	.000000
1.97789	.322629	.000000
1.97827	.322671	.000000
1.97865	.322581	.000000
1.97903	.322520	.000000
1.9794	.322548	.000000
1.97978	.322667	.000000
1.98016	.322744	.000000
1.98054	.322784	.000000
1.98092	.322769	.000000
1.98129	.322771	.000000
1.98167	.322869	.000000
1.98205	.322944	.000000
1.98243	.322909	.000000
1.98281	.322850	.000000
1.98319	.322850	.000000
1.98357	.322902	.000000
1.98395	.322894	.000000
1.98433	.322961	.000000
1.98471	.323015	.000000
1.98509	.323044	.000000
1.98547	.323078	.000000
1.98585	.323120	.000000
1.98623	.323090	.000000
1.98661	.323099	.000000
1.98699	.323149	.000000
1.98737	.323222	.000000
1.98775	.323276	.000000
1.98813	.323237	.000000
1.98851	.323237	.000000
1.98889	.323289	.000000
1.98928	.323329	.000000
1.98966	.323416	.000000
1.99004	.323447	.000000
1.99042	.323429	.000000
1.9908	.323441	.000000
1.99119	.323466	.000000
1.99157	.323525	.000000
1.99195	.323583	.000000
1.99233	.323598	.000000
1.99272	.323613	.000000
1.9931	.323627	.000000
1.99348	.323658	.000000
1.99387	.323700	.000000
1.99425	.323731	.000000
1.99463	.323750	.000000
1.99502	.323763	.000000
1.9954	.323784	.000000
1.99579	.323761	.000000
1.99617	.323802	.000000
1.99655	.323878	.000000
1.99694	.323936	.000000
1.99732	.323953	.000000
1.99771	.323894	.000000
1.99809	.323880	.000000
1.99848	.323968	.000000
1.99886	.324032	.000000
1.99925	.324015	.000000
1.99963	.324026	.000000
2.00002	.324039	.000000
2.0004	.324130	.000000
2.00079	.324226	.000000
2.00118	.324199	.000000
2.00156	.324141	.000000
2.00195	.324103	.000000
2.00234	.324180	.000000
2.00272	.324291	.000000
2.00311	.324362	.000000
2.0035	.324354	.000000
2.00388	.324325	.000000
2.00427	.324356	.000000
2.00466	.324329	.000000
2.00505	.324302	.000000
2.00543	.324341	.000000
2.00582	.324394	.000000
2.00621	.324406	.000000
2.0066	.324396	.000000
2.00699	.324416	.000000
2.00738	.324498	.000000
2.00776	.324535	.000000
2.00815	.324500	.000000
2.00854	.324515	.000000
2.00893	.324515	.000000
2.00932	.324565	.000000
2.00971	.324598	.000000
2.0101	.324615	.000000
2.01049	.324617	.000000
2.01088	.324621	.000000
2.01127	.324677	.000000
2.01166	.324686	.000000
2.01205	.324654	.000000
2.01244	.324646	.000000
2.01283	.324719	.000000
2.01322	.324763	.000000
2.01361	.324757	.000000
2.014	.324767	.000000
2.01439	.324786	.000000
2.01479	.324820	.000000
2.01518	.324876	.000000
2.01557	.324920	.000000
2.01596	.324932	.000000
2.01635	.324922	.000000
2.01675	.324842	.000000
2.01714	.324920	.000000
2.01753	.324982	.000000
2.01792	.324928	.000000
2.01832	.324957	.000000
2.01871	.325043	.000000
2.0191	.325055	.000000
2.01949	.325047	.000000
2.01989	.325043	.000000
2.02028	.325043	.000000
2.02068	.325066	.000000
2.02107	.325072	.000000
2.02146	.325106	.000000
2.02186	.325172	.000000
2.02225	.325195	.000000
2.02265	.325174	.000000
2.02304	.325183	.000000
2.02344	.325227	.000000
2.02383	.325275	.000000
2.02423	.325273	.000000
2.02462	.325252	.000000
2.02502	.325268	.000000
2.02541	.325316	.000000
2.02581	.325367	.000000
2.0262	.325398	.000000
2.0266	.325367	.000000
2.027	.325298	.000000
2.02739	.325296	.000000
2.02779	.325321	.000000
2.02818	.325371	.000000
2.02858	.325433	.000000
2.02898	.325339	.000000
2.02938	.325317	.000000
2.02977	.325381	.000000
2.03017	.325423	.000000
2.03057	.325517	.000000
2.03097	.325479	.000000
2.03136	.325433	.000000
2.03176	.325461	.000000
2.03216	.325486	.000000
2.03256	.325461	.000000
2.03296	.325461	.000000
2.03335	.325561	.000000
2.03375	.325569	.000000
2.03415	.325578	.000000
2.03455	.325686	.000000
2.03495	.325655	.000000
2.03535	.325596	.000000
2.03575	.325655	.000000
2.03615	.325648	.000000
2.03655	.325609	.000000
2.03695	.325575	.000000
2.03735	.325567	.000000
2.03775	.325628	.000000
2.03815	.325701	.000000
2.03855	.325694	.000000
2.03895	.325755	.000000
2.03935	.325786	.000000
2.03975	.325720	.000000
2.04016	.325665	.000000
2.04056	.325705	.000000
2.04096	.325742	.000000
2.04136	.325697	.000000
2.04176	.325715	.000000
2.04216	.325788	.000000
2.04257	.325841	.000000
2.04297	.325797	.000000
2.04337	.325770	.000000
2.04377	.325839	.000000
2.04418	.325891	.000000
2.04458	.325981	.000000
2.04498	.325910	.000000
2.04539	.325853	.000000
2.04579	.325882	.000000
2.04619	.325836	.000000
2.0466	.325859	.000000
2.047	.325887	.000000
2.04741	.325893	.000000
2.04781	.325955	.000000
2.04821	.325955	.000000
2.04862	.325878	.000000
2.04902	.325893	.000000
2.04943	.325962	.000000
2.04983	.325976	.000000
2.05024	.325945	.000000
2.05065	.325916	.000000
2.05105	.325945	.000000
2.05146	.326058	.000000
2.05186	.326123	.000000
2.05227	.326056	.000000
2.05267	.325966	.000000
2.05308	.325951	.000000
2.05349	.326043	.000000
2.05389	.326148	.000000
2.0543	.326074	.000000
2.05471	.326020	.000000
2.05512	.326125	.000000
2.05552	.326129	.000000
2.05593	.326112	.000000
2.05634	.326158	.000000
2.05675	.326170	.000000
2.05715	.326104	.000000
2.05756	.326097	.000000
2.05797	.326085	.000000
2.05838	.326085	.000000
2.05879	.326097	.000000
2.0592	.326028	.000000
2.05961	.326022	.000000
2.06001	.326102	.000000
2.06042	.326097	.000000
2.06083	.326108	.000000
2.06124	.326208	.000000
2.06165	.326269	.000000
2.06206	.326225	.000000
2.06247	.326210	.000000
2.06288	.326233	.000000
2.06329	.326158	.000000
2.0637	.326112	.000000
2.06412	.326085	.000000
2.06453	.326118	.000000
2.06494	.326231	.000000
2.06535	.326250	.000000
2.06576	.326241	.000000
2.06617	.326248	.000000
2.06658	.326237	.000000
2.067	.326239	.000000
2.06741	.326194	.000000
2.06782	.326206	.000000
2.06823	.326277	.000000
2.06864	.326265	.000000
2.06906	.326242	.000000
2.06947	.326254	.000000
2.06988	.326252	.000000
2.0703	.326323	.000000
2.07071	.326348	.000000
2.07112	.326302	.000000
2.07154	.326377	.000000
2.07195	.326392	.000000
2.07237	.326319	.000000
2.07278	.326258	.000000
2.07319	.326308	.000000
2.07361	.326346	.000000
2.07402	.326371	.000000
2.07444	.326383	.000000
2.07485	.326267	.000000
2.07527	.326212	.000000
2.07568	.326361	.000000
2.0761	.326471	.000000
2.07652	.326392	.000000
2.07693	.326308	.000000
2.07735	.326321	.000000
2.07776	.326394	.000000
2.07818	.326440	.000000
2.0786	.326402	.000000
2.07901	.326417	.000000
2.07943	.326469	.000000
2.07985	.326469	.000000
2.08026	.326392	.000000
2.08068	.326375	.000000
2.0811	.326423	.000000
2.08152	.326413	.000000
2.08194	.326427	.000000
2.08235	.326486	.000000
2.08277	.326548	.000000
2.08319	.326528	.000000
2.08361	.326494	.000000
2.08403	.326477	.000000
2.08445	.326596	.000000
2.08487	.326649	.000000
2.08528	.326546	.000000
2.0857	.326473	.000000
2.08612	.326526	.000000
2.08654	.326548	.000000
2.08696	.326563	.000000
2.08738	.326572	.000000
2.0878	.326576	.000000
2.08822	.326661	.000000
2.08864	.326668	.000000
2.08907	.326571	.000000
2.08949	.326517	.000000
2.08991	.326467	.000000
2.09033	.326463	.000000
2.09075	.326540	.000000
2.09117	.326615	.000000
2.09159	.326655	.000000
2.09202	.326699	.000000
2.09244	.326734	.000000
2.09286	.326661	.000000
2.09328	.326574	.000000
2.09371	.326578	.000000
2.09413	.326674	.000000
2.09455	.326688	.000000
2.09497	.326628	.000000
2.0954	.326661	.000000
2.09582	.326741	.000000
2.09625	.326793	.000000
2.09667	.326707	.000000
2.09709	.326584	.000000
2.09752	.326638	.000000
2.09794	.326724	.000000
2.09837	.326780	.000000
2.09879	.326741	.000000
2.09922	.326680	.000000
2.09964	.326680	.000000
2.10007	.326732	.000000
2.10049	.326751	.000000
2.10092	.326764	.000000
2.10134	.326770	.000000
2.10177	.326709	.000000
2.10219	.326703	.000000
2.10262	.326732	.000000
2.10305	.326701	.000000
2.10347	.326739	.000000
2.1039	.326828	.000000
2.10433	.326876	.000000
2.10475	.326833	.000000
2.10518	.326816	.000000
2.10561	.326841	.000000
2.10604	.326826	.000000
2.10646	.326826	.000000
2.10689	.326851	.000000
2.10732	.326832	.000000
2.10775	.326824	.000000
2.10818	.326862	.000000
2.10861	.326889	.000000
2.10904	.326904	.000000
2.10946	.326962	.000000
2.10989	.326958	.000000
2.11032	.326931	.000000
2.11075	.326880	.000000
2.11118	.326826	.000000
2.11161	.326853	.000000
2.11204	.326853	.000000
2.11247	.326920	.000000
2.1129	.326962	.000000
2.11333	.326962	.000000
2.11376	.326835	.000000
2.1142	.326810	.000000
2.11463	.326880	.000000
2.11506	.326937	.000000
2.11549	.326918	.000000
2.11592	.326926	.000000
2.11635	.326933	.000000
2.11678	.326964	.000000
2.11722	.326981	.000000
2.11765	.326975	.000000
2.11808	.327045	.000000
2.11851	.327052	.000000
2.11895	.326983	.000000
2.11938	.326937	.000000
2.11981	.326977	.000000
2.12025	.327000	.000000
2.12068	.326981	.000000
2.12111	.327000	.000000
2.12155	.327079	.000000
2.12198	.327066	.000000
2.12242	.326979	.000000
2.12285	.327022	.000000
2.12329	.327064	.000000
2.12372	.327056	.000000
2.12416	.327089	.000000
2.12459	.327158	.000000
2.12503	.327140	.000000
2.12546	.327043	.000000
2.1259	.327035	.000000
2.12633	.327093	.000000
2.12677	.327112	.000000
2.12721	.327093	.000000
2.12764	.327131	.000000
2.12808	.327144	.000000
2.12852	.327046	.000000
2.12895	.327002	.000000
2.12939	.327104	.000000
2.12983	.327171	.000000
2.13027	.327121	.000000
2.1307	.327121	.000000
2.13114	.327133	.000000
2.13158	.327179	.000000
2.13202	.327202	.000000
2.13246	.327177	.000000
2.13289	.327173	.000000
2.13333	.327169	.000000
2.13377	.327198	.000000
2.13421	.327212	.000000
2.13465	.327187	.000000
2.13509	.327125	.000000
2.13553	.327114	.000000
2.13597	.327154	.000000
2.13641	.327210	.000000
2.13685	.327233	.000000
2.13729	.327273	.000000
2.13773	.327321	.000000
2.13817	.327252	.000000
2.13861	.327212	.000000
2.13905	.327283	.000000
2.1395	.327279	.000000
2.13994	.327250	.000000
2.14038	.327240	.000000
2.14082	.327259	.000000
2.14126	.327286	.000000
2.1417	.327259	.000000
2.14215	.327215	.000000
2.14259	.327219	.000000
2.14303	.327269	.000000
2.14348	.327250	.000000
2.14392	.327238	.000000
2.14436	.327330	.000000
2.14481	.327286	.000000
2.14525	.327252	.000000
2.14569	.327338	.000000
2.14614	.327373	.000000
2.14658	.327365	.000000
2.14703	.327344	.000000
2.14747	.327346	.000000
2.14792	.327425	.000000
2.14836	.327394	.000000
2.14881	.327350	.000000
2.14925	.327425	.000000
2.1497	.327377	.000000
2.15014	.327354	.000000
2.15059	.327392	.000000
2.15103	.327398	.000000
2.15148	.327375	.000000
2.15193	.327409	.000000
2.15237	.327449	.000000
2.15282	.327403	.000000
2.15327	.327348	.000000
2.15372	.327388	.000000
2.15416	.327390	.000000
2.15461	.327259	.000000
2.15506	.327332	.000000
2.15551	.327411	.000000
2.15595	.327369	.000000
2.1564	.327411	.000000
2.15685	.327471	.000000
2.1573	.327457	.000000
2.15775	.327457	.000000
2.1582	.327476	.000000
2.15865	.327428	.000000
2.1591	.327392	.000000
2.15955	.327363	.000000
2.16	.327409	.000000
2.16045	.327467	.000000
2.1609	.327384	.000000
2.16135	.327352	.000000
2.1618	.327463	.000000
2.16225	.327543	.000000
2.1627	.327580	.000000
2.16315	.327638	.000000
2.1636	.327622	.000000
2.16405	.327520	.000000
2.1645	.327474	.000000
2.16496	.327494	.000000
2.16541	.327486	.000000
2.16586	.327448	.000000
2.16631	.327511	.000000
2.16677	.327570	.000000
2.16722	.327570	.000000
2.16767	.327534	.000000
2.16812	.327538	.000000
2.16858	.327513	.000000
2.16903	.327482	.000000
2.16949	.327461	.000000
2.16994	.327501	.000000
2.17039	.327524	.000000
2.17085	.327465	.000000
2.1713	.327545	.000000
2.17176	.327630	.000000
2.17221	.327653	.000000
2.17267	.327643	.000000
2.17312	.327643	.000000
2.17358	.327616	.000000
2.17403	.327622	.000000
2.17449	.327703	.000000
2.17495	.327764	.000000
2.1754	.327730	.000000
2.17586	.327716	.000000
2.17632	.327758	.000000
2.17677	.327718	.000000
2.17723	.327684	.000000
2.17769	.327745	.000000
2.17814	.327768	.000000
2.1786	.327630	.000000
2.17906	.327597	.000000
2.17952	.327701	.000000
2.17998	.327661	.000000
2.18043	.327630	.000000
2.18089	.327691	.000000
2.18135	.327687	.000000
2.18181	.327674	.000000
2.18227	.327657	.000000
2.18273	.327636	.000000
2.18319	.327628	.000000
2.18365	.327657	.000000
2.18411	.327695	.000000
2.18457	.327687	.000000
2.18503	.327709	.000000
2.18549	.327778	.000000
2.18595	.327814	.000000
2.18641	.327803	.000000
2.18687	.327718	.000000
2.18733	.327680	.000000
2.18779	.327701	.000000
2.18826	.327760	.000000
2.18872	.327791	.000000
2.18918	.327791	.000000
2.18964	.327781	.000000
2.1901	.327741	.000000
2.19057	.327770	.000000
2.19103	.327839	.000000
2.19149	.327826	.000000
2.19196	.327789	.000000
2.19242	.327820	.000000
2.19288	.327835	.000000
2.19335	.327816	.000000
2.19381	.327789	.000000
2.19428	.327851	.000000
2.19474	.327908	.000000
2.19521	.327891	.000000
2.19567	.327908	.000000
2.19613	.327923	.000000
2.1966	.327908	.000000
2.19707	.327931	.000000
2.19753	.327962	.000000
2.198	.327918	.000000
2.19846	.327852	.000000
2.19893	.327872	.000000
2.1994	.327923	.000000
2.19986	.327918	.000000
2.20033	.327866	.000000
2.2008	.327925	.000000
2.20126	.327981	.000000
2.20173	.327920	.000000
2.2022	.327893	.000000
2.20267	.327923	.000000
2.20313	.327973	.000000
2.2036	.327989	.000000
2.20407	.327987	.000000
2.20454	.327985	.000000
2.20501	.327987	.000000
2.20548	.328040	.000000
2.20595	.328025	.000000
2.20641	.328019	.000000
2.20688	.328039	.000000
2.20735	.328029	.000000
2.20782	.327977	.000000
2.20829	.327983	.000000
2.20876	.328054	.000000
2.20924	.328010	.000000
2.20971	.327993	.000000
2.21018	.327969	.000000
2.21065	.327981	.000000
2.21112	.328025	.000000
2.21159	.328069	.000000
2.21206	.328158	.000000
2.21253	.328182	.000000
2.21301	.328184	.000000
2.21348	.328161	.000000
2.21395	.328081	.000000
2.21442	.328056	.000000
2.2149	.328054	.000000
2.21537	.328106	.000000
2.21584	.328200	.000000
2.21632	.328198	.000000
2.21679	.328131	.000000
2.21727	.328111	.000000
2.21774	.328102	.000000
2.21821	.328111	.000000
2.21869	.328177	.000000
2.21916	.328190	.000000
2.21964	.328148	.000000
2.22011	.328123	.000000
2.22059	.328117	.000000
2.22107	.328123	.000000
2.22154	.328125	.000000
2.22202	.328154	.000000
2.22249	.328136	.000000
2.22297	.328092	.000000
2.22345	.328144	.000000
2.22392	.328182	.000000
2.2244	.328173	.000000
2.22488	.328236	.000000
2.22535	.328253	.000000
2.22583	.328227	.000000
2.22631	.328282	.000000
2.22679	.328319	.000000
2.22727	.328219	.000000
2.22775	.328154	.000000
2.22822	.328192	.000000
2.2287	.328221	.000000
2.22918	.328250	.000000
2.22966	.328217	.000000
2.23014	.328179	.000000
2.23062	.328171	.000000
2.2311	.328163	.000000
2.23158	.328171	.000000
2.23206	.328215	.000000
2.23254	.328227	.000000
2.23302	.328213	.000000
2.2335	.328196	.000000
2.23398	.328194	.000000
2.23447	.328244	.000000
2.23495	.328253	.000000
2.23543	.328181	.000000
2.23591	.328221	.000000
2.23639	.328321	.000000
2.23688	.328355	.000000
2.23736	.328324	.000000
2.23784	.328240	.000000
2.23832	.328225	.000000
2.23881	.328315	.000000
2.23929	.328307	.000000
2.23978	.328253	.000000
2.24026	.328300	.000000
2.24074	.328374	.000000
2.24123	.328424	.000000
2.24171	.328374	.000000
2.2422	.328336	.000000
2.24268	.328342	.000000
2.24317	.328361	.000000
2.24365	.328386	.000000
2.24414	.328346	.000000
2.24462	.328271	.000000
2.24511	.328328	.000000
2.2456	.328380	.000000
2.24608	.328340	.000000
2.24657	.328324	.000000
2.24706	.328313	.000000
2.24754	.328275	.000000
2.24803	.328290	.000000
2.24852	.328323	.000000
2.249	.328292	.000000
2.24949	.328275	.000000
2.24998	.328317	.000000
2.25047	.328298	.000000
2.25096	.328330	.000000
2.25145	.328384	.000000
2.25194	.328319	.000000
2.25242	.328273	.000000
2.25291	.328324	.000000
2.2534	.328340	.000000
2.25389	.328365	.000000
2.25438	.328430	.000000
2.25487	.328407	.000000
2.25536	.328388	.000000
2.25585	.328392	.000000
2.25634	.328390	.000000
2.25684	.328359	.000000
2.25733	.328332	.000000
2.25782	.328415	.000000
2.25831	.328420	.000000
2.2588	.328361	.000000
2.25929	.328394	.000000
2.25979	.328386	.000000
2.26028	.328348	.000000
2.26077	.328369	.000000
2.26127	.328355	.000000
2.26176	.328382	.000000
2.26225	.328424	.000000
2.26275	.328376	.000000
2.26324	.328348	.000000
2.26373	.328321	.000000
2.26423	.328372	.000000
2.26472	.328445	.000000
2.26522	.328486	.000000
2.26571	.328434	.000000
2.26621	.328367	.000000
2.2667	.328369	.000000
2.2672	.328470	.000000
2.26769	.328499	.000000
2.26819	.328536	.000000
2.26869	.328528	.000000
2.26918	.328497	.000000
2.26968	.328503	.000000
2.27018	.328497	.000000
2.27067	.328495	.000000
2.27117	.328443	.000000
2.27167	.328384	.000000
2.27217	.328342	.000000
2.27266	.328397	.000000
2.27316	.328493	.000000
2.27366	.328490	.000000
2.27416	.328467	.000000
2.27466	.328513	.000000
2.27516	.328507	.000000
2.27566	.328491	.000000
2.27616	.328476	.000000
2.27666	.328399	.000000
2.27716	.328413	.000000
2.27766	.328465	.000000
2.27816	.328511	.000000
2.27866	.328470	.000000
2.27916	.328486	.000000
2.27966	.328518	.000000
2.28016	.328453	.000000
2.28066	.328499	.000000
2.28116	.328568	.000000
2.28167	.328514	.000000
2.28217	.328442	.000000
2.28267	.328470	.000000
2.28317	.328478	.000000
2.28368	.328482	.000000
2.28418	.328518	.000000
2.28468	.328578	.000000
2.28519	.328626	.000000
2.28569	.328514	.000000
2.28619	.328442	.000000
2.2867	.328474	.000000
2.2872	.328497	.000000
2.28771	.328553	.000000
2.28821	.328518	.000000
2.28872	.328407	.000000
2.28922	.328428	.000000
2.28973	.328493	.000000
2.29023	.328511	.000000
2.29074	.328526	.000000
2.29124	.328440	.000000
2.29175	.328455	.000000
2.29226	.328463	.000000
2.29276	.328430	.000000
2.29327	.328461	.000000
2.29378	.328445	.000000
2.29429	.328369	.000000
2.29479	.328438	.000000
2.2953	.328507	.000000
2.29581	.328530	.000000
2.29632	.328503	.000000
2.29683	.328474	.000000
2.29734	.328472	.000000
2.29784	.328436	.000000
2.29835	.328380	.000000
2.29886	.328434	.000000
2.29937	.328490	.000000
2.29988	.328422	.000000
2.30039	.328361	.000000
2.3009	.328357	.000000
2.30141	.328305	.000000
2.30192	.328301	.000000
2.30244	.328313	.000000
2.30295	.328294	.000000
2.30346	.328334	.000000
2.30397	.328411	.000000
2.30448	.328384	.000000
2.305	.328319	.000000
2.30551	.328280	.000000
2.30602	.328294	.000000
2.30653	.328271	.000000
2.30705	.328317	.000000
2.30756	.328311	.000000
2.30807	.328367	.000000
2.30859	.328420	.000000
2.3091	.328336	.000000
2.30962	.328207	.000000
2.31013	.328154	.000000
2.31065	.328196	.000000
2.31116	.328146	.000000
2.31168	.328148	.000000
2.31219	.328190	.000000
2.31271	.328240	.000000
2.31322	.328248	.000000
2.31374	.328138	.000000
2.31425	.328098	.000000
2.31477	.328133	.000000
2.31529	.328071	.000000
2.31581	.328006	.000000
2.31632	.327973	.000000
2.31684	.327973	.000000
2.31736	.327998	.000000
2.31788	.328039	.000000
2.31839	.328025	.000000
2.31891	.328010	.000000
2.31943	.327989	.000000
2.31995	.328012	.000000
2.32047	.328054	.000000
2.32099	.328042	.000000
2.32151	.328029	.000000
2.32203	.327920	.000000
2.32255	.327849	.000000
2.32307	.327874	.000000
2.32359	.327827	.000000
2.32411	.327852	.000000
2.32463	.327887	.000000
2.32515	.327858	.000000
2.32567	.327787	.000000
2.3262	.327762	.000000
2.32672	.327751	.000000
2.32724	.327710	.000000
2.32776	.327687	.000000
2.32828	.327687	.000000
2.32881	.327651	.000000
2.32933	.327632	.000000
2.32985	.327591	.000000
2.33038	.327524	.000000
2.3309	.327565	.000000
2.33143	.327626	.000000
2.33195	.327611	.000000
2.33247	.327634	.000000
2.333	.327578	.000000
2.33352	.327448	.000000
2.33405	.327428	.000000
2.33457	.327453	.000000
2.3351	.327494	.000000
2.33563	.327446	.000000
2.33615	.327336	.000000
2.33668	.327296	.000000
2.33721	.327273	.000000
2.33773	.327256	.000000
2.33826	.327213	.000000
2.33879	.327235	.000000
2.33931	.327233	.000000
2.33984	.327190	.000000
2.34037	.327116	.000000
2.3409	.327052	.000000
2.34143	.326970	.000000
2.34196	.326885	.000000
2.34249	.326893	.000000
2.34301	.326906	.000000
2.34354	.326858	.000000
2.34407	.326830	.000000
2.3446	.326824	.000000
2.34513	.326749	.000000
2.34566	.326709	.000000
2.3462	.326738	.000000
2.34673	.326728	.000000
2.34726	.326684	.000000
2.34779	.326619	.000000
2.34832	.326561	.000000
2.34885	.326523	.000000
2.34938	.326501	.000000
2.34992	.326444	.000000
2.35045	.326342	.000000
2.35098	.326256	.000000
2.35152	.326294	.000000
2.35205	.326265	.000000
2.35258	.326221	.000000
2.35312	.326179	.000000
2.35365	.326108	.000000
2.35419	.326093	.000000
2.35472	.326070	.000000
2.35525	.326054	.000000
2.35579	.326029	.000000
2.35633	.325987	.000000
2.35686	.325999	.000000
2.3574	.325957	.000000
2.35793	.325851	.000000
2.35847	.325855	.000000
2.35901	.325774	.000000
2.35954	.325686	.000000
2.36008	.325669	.000000
2.36062	.325711	.000000
2.36115	.325674	.000000
2.36169	.325573	.000000
2.36223	.325519	.000000
2.36277	.325473	.000000
2.36331	.325408	.000000
2.36384	.325383	.000000
2.36438	.325293	.000000
2.36492	.325175	.000000
2.36546	.325191	.000000
2.366	.325195	.000000
2.36654	.325141	.000000
2.36708	.325126	.000000
2.36762	.325093	.000000
2.36816	.325024	.000000
2.3687	.324924	.000000
2.36925	.324928	.000000
2.36979	.324951	.000000
2.37033	.324936	.000000
2.37087	.324809	.000000
2.37141	.324703	.000000
2.37196	.324682	.000000
2.3725	.324665	.000000
2.37304	.324607	.000000
2.37358	.324606	.000000
2.37413	.324588	.000000
2.37467	.324512	.000000
2.37522	.324410	.000000
2.37576	.324308	.000000
2.3763	.324237	.000000
2.37685	.324251	.000000
2.37739	.324210	.000000
2.37794	.324170	.000000
2.37848	.324204	.000000
2.37903	.324229	.000000
2.37958	.324095	.000000
2.38012	.324011	.000000
2.38067	.323967	.000000
2.38122	.323832	.000000
2.38176	.323769	.000000
2.38231	.323803	.000000
2.38286	.323805	.000000
2.3834	.323752	.000000
2.38395	.323677	.000000
2.3845	.323610	.000000
2.38505	.323560	.000000
2.3856	.323606	.000000
2.38615	.323602	.000000
2.3867	.323475	.000000
2.38725	.323333	.000000
2.38779	.323253	.000000
2.38834	.323222	.000000
2.3889	.323193	.000000
2.38945	.323174	.000000
2.39	.323184	.000000
2.39055	.323212	.000000
2.3911	.323159	.000000
2.39165	.322967	.000000
2.3922	.322875	.000000
2.39275	.322857	.000000
2.39331	.322882	.000000
2.39386	.322915	.000000
2.39441	.322848	.000000
2.39496	.322832	.000000
2.39552	.322767	.000000
2.39607	.322700	.000000
2.39662	.322608	.000000
2.39718	.322535	.000000
2.39773	.322518	.000000
2.39829	.322491	.000000
2.39884	.322464	.000000
2.3994	.322410	.000000
2.39995	.322391	.000000
2.40051	.322406	.000000
2.40106	.322310	.000000
2.40162	.322238	.000000
2.40218	.322257	.000000
2.40273	.322284	.000000
2.40329	.322190	.000000
2.40385	.322136	.000000
2.40441	.322211	.000000
2.40496	.322107	.000000
2.40552	.321980	.000000
2.40608	.321973	.000000
2.40664	.322015	.000000
2.4072	.322005	.000000
2.40775	.321948	.000000
2.40831	.321871	.000000
2.40887	.321817	.000000
2.40943	.321813	.000000
2.40999	.321790	.000000
2.41055	.321852	.000000
2.41111	.321881	.000000
2.41167	.321844	.000000
2.41224	.321858	.000000
2.4128	.321867	.000000
2.41336	.321835	.000000
2.41392	.321727	.000000
2.41448	.321664	.000000
2.41504	.321623	.000000
2.41561	.321587	.000000
2.41617	.321579	.000000
2.41673	.321562	.000000
2.4173	.321576	.000000
2.41786	.321547	.000000
2.41842	.321627	.000000
2.41899	.321650	.000000
2.41955	.321625	.000000
2.42012	.321618	.000000
2.42068	.321512	.000000
2.42125	.321495	.000000
2.42181	.321572	.000000
2.42238	.321520	.000000
2.42294	.321476	.000000
2.42351	.321468	.000000
2.42408	.321522	.000000
2.42464	.321566	.000000
2.42521	.321497	.000000
2.42578	.321537	.000000
2.42635	.321633	.000000
2.42691	.321595	.000000
2.42748	.321608	.000000
2.42805	.321629	.000000
2.42862	.321612	.000000
2.42919	.321648	.000000
2.42976	.321610	.000000
2.43033	.321549	.000000
2.4309	.321480	.000000
2.43147	.321458	.000000
2.43204	.321468	.000000
2.43261	.321560	.000000
2.43318	.321587	.000000
2.43375	.321589	.000000
2.43432	.321622	.000000
2.43489	.321643	.000000
2.43546	.321645	.000000
2.43604	.321587	.000000
2.43661	.321641	.000000
2.43718	.321662	.000000
2.43775	.321583	.000000
2.43833	.321579	.000000
2.4389	.321658	.000000
2.43947	.321677	.000000
2.44005	.321698	.000000
2.44062	.321719	.000000
2.4412	.321750	.000000
2.44177	.321744	.000000
2.44235	.321693	.000000
2.44292	.321650	.000000
2.4435	.321620	.000000
2.44407	.321627	.000000
2.44465	.321712	.000000
2.44523	.321771	.000000
2.4458	.321804	.000000
2.44638	.321767	.000000
2.44696	.321641	.000000
2.44754	.321583	.000000
2.44811	.321666	.000000
2.44869	.321683	.000000
2.44927	.321668	.000000
2.44985	.321677	.000000
2.45043	.321702	.000000
2.45101	.321789	.000000
2.45159	.321829	.000000
2.45217	.321813	.000000
2.45275	.321852	.000000
2.45333	.321829	.000000
2.45391	.321787	.000000
2.45449	.321779	.000000
2.45507	.321777	.000000
2.45565	.321781	.000000
2.45623	.321758	.000000
2.45681	.321771	.000000
2.4574	.321808	.000000
2.45798	.321792	.000000
2.45856	.321742	.000000
2.45914	.321741	.000000
2.45973	.321733	.000000
2.46031	.321723	.000000
2.4609	.321721	.000000
2.46148	.321758	.000000
2.46206	.321758	.000000
2.46265	.321756	.000000
2.46323	.321760	.000000
2.46382	.321779	.000000
2.4644	.321815	.000000
2.46499	.321817	.000000
2.46558	.321840	.000000
2.46616	.321806	.000000
2.46675	.321737	.000000
2.46734	.321741	.000000
2.46792	.321762	.000000
2.46851	.321758	.000000
2.4691	.321739	.000000
2.46969	.321706	.000000
2.47027	.321706	.000000
2.47086	.321742	.000000
2.47145	.321775	.000000
2.47204	.321767	.000000
2.47263	.321758	.000000
2.47322	.321729	.000000
2.47381	.321656	.000000
2.4744	.321562	.000000
2.47499	.321535	.000000
2.47558	.321545	.000000
2.47617	.321583	.000000
2.47677	.321583	.000000
2.47736	.321514	.000000
2.47795	.321514	.000000
2.47854	.321537	.000000
2.47913	.321558	.000000
2.47973	.321620	.000000
2.48032	.321583	.000000
2.48091	.321506	.000000
2.48151	.321526	.000000
2.4821	.321531	.000000
2.48269	.321543	.000000
2.48329	.321528	.000000
2.48388	.321524	.000000
2.48448	.321526	.000000
2.48507	.321528	.000000
2.48567	.321462	.000000
2.48627	.321389	.000000
2.48686	.321395	.000000
2.48746	.321441	.000000
2.48806	.321445	.000000
2.48865	.321403	.000000
2.48925	.321407	.000000
2.48985	.321384	.000000
2.49045	.321313	.000000
2.49104	.321359	.000000
2.49164	.321374	.000000
2.49224	.321313	.000000
2.49284	.321339	.000000
2.49344	.321387	.000000
2.49404	.321341	.000000
2.49464	.321313	.000000
2.49524	.321353	.000000
2.49584	.321397	.000000
2.49644	.321347	.000000
2.49704	.321284	.000000
2.49764	.321226	.000000
2.49825	.321278	.000000
2.49885	.321268	.000000
2.49945	.321201	.000000
2.50005	.321203	.000000
2.50066	.321171	.000000
2.50126	.321169	.000000
2.50186	.321123	.000000
2.50247	.321144	.000000
2.50307	.321169	.000000
2.50367	.321226	.000000
2.50428	.321232	.000000
2.50488	.321140	.000000
2.50549	.321178	.000000
2.5061	.321157	.000000
2.5067	.321178	.000000
2.50731	.321199	.000000
2.50791	.321094	.000000
2.50852	.321046	.000000
2.50913	.321067	.000000
2.50973	.321138	.000000
2.51034	.321134	.000000
2.51095	.320992	.000000
2.51156	.320992	.000000
2.51217	.321008	.000000
2.51278	.320958	.000000
2.51338	.320963	.000000
2.51399	.320954	.000000
2.5146	.320915	.000000
2.51521	.320860	.000000
2.51582	.320881	.000000
2.51643	.320937	.000000
2.51704	.320986	.000000
2.51766	.321023	.000000
2.51827	.321017	.000000
2.51888	.320996	.000000
2.51949	.320986	.000000
2.5201	.320979	.000000
2.52072	.320944	.000000
2.52133	.320967	.000000
2.52194	.320983	.000000
2.52256	.320933	.000000
2.52317	.320887	.000000
2.52378	.320935	.000000
2.5244	.320923	.000000
2.52501	.320885	.000000
2.52563	.320883	.000000
2.52624	.320848	.000000
2.52686	.320810	.000000
2.52747	.320818	.000000
2.52809	.320798	.000000
2.52871	.320798	.000000
2.52932	.320885	.000000
2.52994	.320919	.000000
2.53056	.320865	.000000
2.53118	.320827	.000000
2.53179	.320802	.000000
2.53241	.320800	.000000
2.53303	.320837	.000000
2.53365	.320933	.000000
2.53427	.320973	.000000
2.53489	.320950	.000000
2.53551	.320896	.000000
2.53613	.320823	.000000
2.53675	.320827	.000000
2.53737	.320777	.000000
2.53799	.320819	.000000
2.53861	.320929	.000000
2.53923	.320856	.000000
2.53986	.320837	.000000
2.54048	.320906	.000000
2.5411	.320898	.000000
2.54172	.320892	.000000
2.54235	.320869	.000000
2.54297	.320881	.000000
2.54359	.320946	.000000
2.54422	.320935	.000000
2.54484	.320977	.000000
2.54547	.320990	.000000
2.54609	.320990	.000000
2.54672	.321044	.000000
2.54734	.320996	.000000
2.54797	.320961	.000000
2.54859	.321107	.000000
2.54922	.321113	.000000
2.54985	.321055	.000000
2.55048	.321021	.000000
2.5511	.321031	.000000
2.55173	.321025	.000000
2.55236	.320983	.000000
2.55299	.321088	.000000
2.55362	.321192	.000000
2.55424	.321163	.000000
2.55487	.321146	.000000
2.5555	.321080	.000000
2.55613	.321090	.000000
2.55676	.321130	.000000
2.55739	.321197	.000000
2.55802	.321265	.000000
2.55866	.321274	.000000
2.55929	.321171	.000000
2.55992	.321186	.000000
2.56055	.321115	.000000
2.56118	.321067	.000000
2.56182	.321228	.000000
2.56245	.321211	.000000
2.56308	.321305	.000000
2.56372	.321338	.000000
2.56435	.321182	.000000
2.56499	.321267	.000000
2.56562	.321399	.000000
2.56626	.321391	.000000
2.56689	.321339	.000000
2.56753	.321353	.000000
2.56816	.321328	.000000
2.5688	.321263	.000000
2.56943	.321136	.000000
2.57007	.321263	.000000
2.57071	.321428	.000000
2.57135	.321395	.000000
2.57198	.321345	.000000
2.57262	.321228	.000000
2.57326	.321148	.000000
2.5739	.321343	.000000
2.57454	.321414	.000000
2.57518	.321439	.000000
2.57582	.321529	.000000
2.57646	.321370	.000000
2.5771	.321176	.000000
2.57774	.321242	.000000
2.57838	.321332	.000000
2.57902	.321416	.000000
2.57966	.321510	.000000
2.5803	.321449	.000000
2.58095	.321341	.000000
2.58159	.321437	.000000
2.58223	.321554	.000000
2.58287	.321480	.000000
2.58352	.321265	.000000
2.58416	.321305	.000000
2.58481	.321529	.000000
2.58545	.321574	.000000
2.58609	.321583	.000000
2.58674	.321462	.000000
2.58739	.321416	.000000
2.58803	.321455	.000000
2.58868	.321380	.000000
2.58932	.321435	.000000
2.58997	.321587	.000000
2.59062	.321574	.000000
2.59127	.321581	.000000
2.59191	.321614	.000000
2.59256	.321556	.000000
2.59321	.321620	.000000
2.59386	.321322	.000000
2.59451	.321027	.000000
2.59516	.321345	.000000
2.59581	.321316	.000000
2.59646	.321422	.000000
2.59711	.321560	.000000
2.59776	.321493	.000000
2.59841	.321439	.000000
2.59906	.321439	.000000
2.59971	.321505	.000000
2.60036	.321506	.000000
2.60101	.321443	.000000
2.60167	.321339	.000000
2.60232	.321326	.000000
2.60297	.321267	.000000
2.60363	.321186	.000000
2.60428	.321188	.000000
2.60493	.321046	.000000
2.60559	.320944	.000000
2.60624	.321336	.000000
2.6069	.321363	.000000
2.60755	.321205	.000000
2.60821	.321307	.000000
2.60887	.321263	.000000
2.60952	.321171	.000000
2.61018	.321159	.000000
2.61084	.321197	.000000
2.61149	.321207	.000000
2.61215	.321138	.000000
2.61281	.321057	.000000
2.61347	.321002	.000000
2.61413	.321052	.000000
2.61479	.321027	.000000
2.61545	.320961	.000000
2.61611	.320794	.000000
2.61677	.320758	.000000
2.61743	.320900	.000000
2.61809	.321050	.000000
2.61875	.320937	.000000
2.61941	.320718	.000000
2.62007	.320443	.000000
2.62074	.320591	.000000
2.6214	.320835	.000000
2.62206	.320658	.000000
2.62272	.320495	.000000
2.62339	.320434	.000000
2.62405	.320439	.000000
2.62472	.320449	.000000
2.62538	.320418	.000000
2.62604	.320205	.000000
2.62671	.320037	.000000
2.62738	.320203	.000000
2.62804	.320259	.000000
2.62871	.320167	.000000
2.62937	.320002	.000000
2.63004	.319720	.000000
2.63071	.319672	.000000
2.63138	.319906	.000000
2.63204	.319824	.000000
2.63271	.319628	.000000
2.63338	.319505	.000000
2.63405	.319405	.000000
2.63472	.319432	.000000
2.63539	.319457	.000000
2.63606	.319353	.000000
2.63673	.319252	.000000
2.6374	.319167	.000000
2.63807	.319138	.000000
2.63874	.319071	.000000
2.63941	.318991	.000000
2.64008	.318856	.000000
2.64076	.318714	.000000
2.64143	.318584	.000000
2.6421	.318519	.000000
2.64278	.318530	.000000
2.64345	.318499	.000000
2.64412	.318361	.000000
2.6448	.318286	.000000
2.64547	.318160	.000000
2.64615	.318050	.000000
2.64682	.317953	.000000
2.6475	.317809	.000000
2.64818	.317730	.000000
2.64885	.317647	.000000
2.64953	.317408	.000000
2.65021	.317294	.000000
2.65088	.317289	.000000
2.65156	.317085	.000000
2.65224	.316786	.000000
2.65292	.316747	.000000
2.6536	.316717	.000000
2.65428	.316519	.000000
2.65496	.316358	.000000
2.65564	.316268	.000000
2.65632	.316170	.000000
2.657	.315940	.000000
2.65768	.315738	.000000
2.65836	.315586	.000000
2.65904	.315396	.000000
2.65972	.315274	.000000
2.66041	.315233	.000000
2.66109	.315082	.000000
2.66177	.314886	.000000
2.66245	.314754	.000000
2.66314	.314644	.000000
2.66382	.314412	.000000
2.66451	.313904	.000000
2.66519	.313721	.000000
2.66588	.313856	.000000
2.66656	.313322	.000000
2.66725	.312973	.000000
2.66793	.313048	.000000
2.66862	.312827	.000000
2.66931	.312449	.000000
2.66999	.311689	.000000
2.67068	.311349	.000000
2.67137	.311436	.000000
2.67206	.311054	.000000
2.67275	.310595	.000000
2.67344	.310200	.000000
2.67413	.309879	.000000
2.67482	.309620	.000000
2.67551	.309242	.000000
2.6762	.308885	.000000
2.67689	.308661	.000000
2.67758	.308411	.000000
2.67827	.308064	.000000
2.67896	.307439	.000000
2.67966	.307203	.000000
2.68035	.307181	.000000
2.68104	.306836	.000000
2.68173	.306402	.000000
2.68243	.305888	.000000
2.68312	.305399	.000000
2.68382	.305040	.000000
2.68451	.304689	.000000
2.68521	.304240	.000000
2.6859	.303693	.000000
2.6866	.303171	.000000
2.68729	.302724	.000000
2.68799	.302238	.000000
2.68869	.301680	.000000
2.68938	.301133	.000000
2.69008	.300553	.000000
2.69078	.299995	.000000
2.69148	.299438	.000000
2.69218	.298836	.000000
2.69288	.298061	.000000
2.69358	.297343	.000000
2.69428	.296888	.000000
2.69498	.296347	.000000
2.69568	.295633	.000000
2.69638	.295004	.000000
2.69708	.294384	.000000
2.69778	.293676	.000000
2.69848	.292918	.000000
2.69918	.292135	.000000
2.69989	.291442	.000000
2.70059	.290682	.000000
2.70129	.289907	.000000
2.702	.289312	.000000
2.7027	.288612	.000000
2.70341	.287779	.000000
2.70411	.286913	.000000
2.70482	.286169	.000000
2.70552	.285478	.000000
2.70623	.284655	.000000
2.70694	.283818	.000000
2.70764	.283056	.000000
2.70835	.282149	.000000
2.70906	.281229	.000000
2.70976	.280475	.000000
2.71047	.279374	.000000
2.71118	.278410	.000000
2.71189	.277921	.000000
2.7126	.277084	.000000
2.71331	.276131	.000000
2.71402	.275221	.000000
2.71473	.274193	.000000
2.71544	.273239	.000000
2.71615	.272247	.000000
2.71686	.271107	.000000
2.71758	.270126	.000000
2.71829	.269276	.000000
2.719	.268207	.000000
2.71972	.266962	.000000
2.72043	.265824	.000000
2.72114	.264692	.000000
2.72186	.263537	.000000
2.72257	.262328	.000000
2.72329	.261002	.000000
2.724	.259718	.000000
2.72472	.258626	.000000
2.72543	.257425	.000000
2.72615	.256099	.000000
2.72687	.254752	.000000
2.72758	.253268	.000000
2.7283	.251854	.000000
2.72902	.250564	.000000
2.72974	.249217	.000000
2.73046	.247734	.000000
2.73118	.246299	.000000
2.7319	.244886	.000000
2.73262	.243257	.000000
2.73334	.241643	.000000
2.73406	.240121	.000000
2.73478	.238438	.000000
2.7355	.236873	.000000
2.73622	.235343	.000000
2.73694	.233668	.000000
2.73767	.231920	.000000
2.73839	.230120	.000000
2.73911	.228387	.000000
2.73984	.226602	.000000
2.74056	.224923	.000000
2.74128	.223242	.000000
2.74201	.221369	.000000
2.74273	.219564	.000000
2.74346	.217835	.000000
2.74419	.216067	.000000
2.74491	.214179	.000000
2.74564	.212381	.000000
2.74637	.210673	.000000
2.74709	.208888	.000000
2.74782	.206983	.000000
2.74855	.205168	.000000
2.74928	.203391	.000000
2.75001	.201577	.000000
2.75074	.199787	.000000
2.75147	.197993	.000000
2.7522	.196187	.000000
2.75293	.194402	.000000
2.75366	.192568	.000000
2.75439	.190724	.000000
2.75512	.188973	.000000
2.75585	.187254	.000000
2.75659	.185648	.000000
2.75732	.184097	.000000
2.75805	.182295	.000000
2.75879	.180614	.000000
2.75952	.178976	.000000
2.76026	.177337	.000000
2.76099	.175731	.000000
2.76173	.174140	.000000
2.76246	.172605	.000000
2.7632	.171091	.000000
2.76393	.169615	.000000
2.76467	.168170	.000000
2.76541	.166700	.000000
2.76615	.165249	.000000
2.76688	.163852	.000000
2.76762	.162400	.000000
2.76836	.161020	.000000
2.7691	.159727	.000000
2.76984	.158376	.000000
2.77058	.157042	.000000
2.77132	.155756	.000000
2.77206	.154553	.000000
2.7728	.153342	.000000
2.77355	.152049	.000000
2.77429	.150903	.000000
2.77503	.149863	.000000
2.77577	.148693	.000000
2.77652	.147505	.000000
2.77726	.146421	.000000
2.778	.145488	.000000
2.77875	.144419	.000000
2.77949	.143477	.000000
2.78024	.142458	.000000
2.78098	.141364	.000000
2.78173	.140495	.000000
2.78248	.139639	.000000
2.78322	.138724	.000000
2.78397	.137906	.000000
2.78472	.137162	.000000
2.78547	.136402	.000000
2.78621	.135496	.000000
2.78696	.134632	.000000
2.78771	.133890	.000000
2.78846	.133155	.000000
2.78921	.132437	.000000
2.78996	.131785	.000000
2.79071	.131178	.000000
2.79146	.130568	.000000
2.79222	.129929	.000000
2.79297	.129300	.000000
2.79372	.128607	.000000
2.79447	.127918	.000000
2.79523	.127379	.000000
2.79598	.126903	.000000
2.79673	.126417	.000000
2.79749	.125872	.000000
2.79824	.125277	.000000
2.799	.124761	.000000
2.79976	.124289	.000000
2.80051	.123717	.000000
2.80127	.123228	.000000
2.80202	.122810	.000000
2.80278	.122416	.000000
2.80354	.121969	.000000
2.8043	.121397	.000000
2.80506	.120939	.000000
2.80582	.120553	.000000
2.80657	.120035	.000000
2.80733	.119580	.000000
2.80809	.119229	.000000
2.80886	.118899	.000000
2.80962	.118498	.000000
2.81038	.118104	.000000
2.81114	.117872	.000000
2.8119	.117517	.000000
2.81267	.117126	.000000
2.81343	.116817	.000000
2.81419	.116460	.000000
2.81496	.116105	.000000
2.81572	.115851	.000000
2.81648	.115441	.000000
2.81725	.114980	.000000
2.81802	.114652	.000000
2.81878	.114307	.000000
2.81955	.114063	.000000
2.82032	.113773	.000000
2.82108	.113430	.000000
2.82185	.113217	.000000
2.82262	.112898	.000000
2.82339	.112562	.000000
2.82416	.112296	.000000
2.82493	.111991	.000000
2.82569	.111618	.000000
2.82646	.111275	.000000
2.82724	.111087	.000000
2.82801	.110933	.000000
2.82878	.110655	.000000
2.82955	.110363	.000000
2.83032	.110062	.000000
2.83109	.109822	.000000
2.83187	.109605	.000000
2.83264	.109340	.000000
2.83342	.109039	.000000
2.83419	.108868	.000000
2.83496	.108707	.000000
2.83574	.108406	.000000
2.83652	.108156	.000000
2.83729	.108060	.000000
2.83807	.107840	.000000
2.83885	.107638	.000000
2.83962	.107389	.000000
2.8404	.107149	.000000
2.84118	.106961	.000000
2.84196	.106715	.000000
2.84274	.106470	.000000
2.84352	.106220	.000000
2.8443	.106034	.000000
2.84508	.105900	.000000
2.84586	.105748	.000000
2.84664	.105581	.000000
2.84742	.105318	.000000
2.8482	.105044	.000000
2.84898	.104911	.000000
2.84977	.104854	.000000
2.85055	.104631	.000000
2.85133	.104430	.000000
2.85212	.104320	.000000
2.8529	.104267	.000000
2.85369	.104184	.000000
2.85447	.103981	.000000
2.85526	.103777	.000000
2.85605	.103497	.000000
2.85683	.103349	.000000
2.85762	.103344	.000000
2.85841	.103119	.000000
2.8592	.102971	.000000
2.85999	.102910	.000000
2.86077	.102847	.000000
2.86156	.102674	.000000
2.86235	.102486	.000000
2.86314	.102413	.000000
2.86393	.102344	.000000
2.86473	.102267	.000000
2.86552	.102154	.000000
2.86631	.102054	.000000
2.8671	.102064	.000000
2.86789	.101979	.000000
2.86869	.101832	.000000
2.86948	.101778	.000000
2.87028	.101707	.000000
2.87107	.101576	.000000
2.87187	.101534	.000000
2.87266	.101494	.000000
2.87346	.101500	.000000
2.87425	.101430	.000000
2.87505	.101331	.000000
2.87585	.101363	.000000
2.87665	.101419	.000000
2.87744	.101404	.000000
2.87824	.101319	.000000
2.87904	.101281	.000000
2.87984	.101281	.000000
2.88064	.101210	.000000
2.88144	.101106	.000000
2.88224	.101175	.000000
2.88304	.101200	.000000
2.88385	.101198	.000000
2.88465	.101160	.000000
2.88545	.101112	.000000
2.88625	.101168	.000000
2.88706	.101237	.000000
2.88786	.101308	.000000
2.88867	.101350	.000000
2.88947	.101346	.000000
2.89028	.101473	.000000
2.89108	.101471	.000000
2.89189	.101265	.000000
2.8927	.101223	.000000
2.8935	.101444	.000000
2.89431	.101494	.000000
2.89512	.101452	.000000
2.89593	.101457	.000000
2.89674	.101444	.000000
2.89755	.101490	.000000
2.89836	.101498	.000000
2.89917	.101515	.000000
2.89998	.101580	.000000
2.90079	.101609	.000000
2.9016	.101672	.000000
2.90241	.101690	.000000
2.90322	.101722	.000000
2.90404	.101745	.000000
2.90485	.101736	.000000
2.90567	.101826	.000000
2.90648	.101895	.000000
2.90729	.101929	.000000
2.90811	.101960	.000000
2.90893	.102085	.000000
2.90974	.102282	.000000
2.91056	.102407	.000000
2.91138	.102448	.000000
2.91219	.102486	.000000
2.91301	.102557	.000000
2.91383	.102632	.000000
2.91465	.102618	.000000
2.91547	.102636	.000000
2.91629	.102638	.000000
2.91711	.102714	.000000
2.91793	.102868	.000000
2.91875	.103040	.000000
2.91957	.103060	.000000
2.92039	.103056	.000000
2.92122	.103227	.000000
2.92204	.103359	.000000
2.92286	.103459	.000000
2.92369	.103482	.000000
2.92451	.103587	.000000
2.92534	.103768	.000000
2.92616	.103845	.000000
2.92699	.103881	.000000
2.92782	.103937	.000000
2.92864	.104044	.000000
2.92947	.104238	.000000
2.9303	.104359	.000000
2.93113	.104384	.000000
2.93195	.104524	.000000
2.93278	.104718	.000000
2.93361	.104877	.000000
2.93444	.105019	.000000
2.93527	.105159	.000000
2.93611	.105364	.000000
2.93694	.105591	.000000
2.93777	.105765	.000000
2.9386	.105890	.000000
2.93944	.106053	.000000
2.94027	.106170	.000000
2.9411	.106370	.000000
2.94194	.106637	.000000
2.94277	.106804	.000000
2.94361	.106878	.000000
2.94444	.107009	.000000
2.94528	.107324	.000000
2.94612	.107638	.000000
2.94695	.107807	.000000
2.94779	.107972	.000000
2.94863	.108241	.000000
2.94947	.108392	.000000
2.95031	.108513	.000000
2.95115	.108828	.000000
2.95199	.108970	.000000
2.95283	.109116	.000000
2.95367	.109385	.000000
2.95451	.109657	.000000
2.95535	.109845	.000000
2.95619	.110047	.000000
2.95704	.110250	.000000
2.95788	.110524	.000000
2.95872	.110760	.000000
2.95957	.110927	.000000
2.96041	.111177	.000000
2.96126	.111359	.000000
2.96211	.111670	.000000
2.96295	.112006	.000000
2.9638	.112217	.000000
2.96465	.112369	.000000
2.96549	.112595	.000000
2.96634	.112823	.000000
2.96719	.113086	.000000
2.96804	.113324	.000000
2.96889	.113570	.000000
2.96974	.113838	.000000
2.97059	.114101	.000000
2.97144	.114337	.000000
2.97229	.114512	.000000
2.97315	.114673	.000000
2.974	.114957	.000000
2.97485	.115184	.000000
2.97571	.115368	.000000
2.97656	.115627	.000000
2.97741	.115803	.000000
2.97827	.115928	.000000
2.97913	.116187	.000000
2.97998	.116448	.000000
2.98084	.116646	.000000
2.9817	.116826	.000000
2.98255	.117058	.000000
2.98341	.117410	.000000
2.98427	.117715	.000000
2.98513	.117897	.000000
2.98599	.118068	.000000
2.98685	.118317	.000000
2.98771	.118584	.000000
2.98857	.118807	.000000
2.98943	.119070	.000000
2.99029	.119213	.000000
2.99116	.119375	.000000
2.99202	.119603	.000000
2.99288	.119925	.000000
2.99375	.120288	.000000
2.99461	.120513	.000000
2.99548	.120766	.000000
2.99634	.120983	.000000
2.99721	.121115	.000000
2.99807	.121324	.000000
2.99894	.121618	.000000
2.99981	.121936	.000000
3.00068	.122234	.000000
3.00155	.122449	.000000
3.00242	.122593	.000000
3.00328	.122765	.000000
3.00415	.122994	.000000
3.00502	.123190	.000000
3.0059	.123435	.000000
3.00677	.123807	.000000
3.00764	.124061	.000000
3.00851	.124191	.000000
3.00939	.124349	.000000
3.01026	.124516	.000000
3.01113	.124679	.000000
3.01201	.124953	.000000
3.01288	.125289	.000000
3.01376	.125506	.000000
3.01464	.125682	.000000
3.01551	.125824	.000000
3.01639	.126060	.000000
3.01727	.126310	.000000
3.01814	.126511	.000000
3.01902	.126738	.000000
3.0199	.126841	.000000
3.02078	.126976	.000000
3.02166	.127212	.000000
3.02254	.127427	.000000
3.02342	.127542	.000000
3.02431	.127814	.000000
3.02519	.128100	.000000
3.02607	.128286	.000000
3.02696	.128361	.000000
3.02784	.128503	.000000
3.02872	.128797	.000000
3.02961	.129025	.000000
3.03049	.129150	.000000
3.03138	.129271	.000000
3.03227	.129445	.000000
3.03315	.129651	.000000
3.03404	.129858	.000000
3.03493	.130113	.000000
3.03582	.130330	.000000
3.03671	.130461	.000000
3.0376	.130599	.000000
3.03849	.130825	.000000
3.03938	.131075	.000000
3.04027	.131199	.000000
3.04116	.131230	.000000
3.04205	.131357	.000000
3.04294	.131503	.000000
3.04384	.131664	.000000
3.04473	.131840	.000000
3.04562	.132042	.000000
3.04652	.132255	.000000
3.04742	.132393	.000000
3.04831	.132569	.000000
3.04921	.132734	.000000
3.0501	.132869	.000000
3.051	.133026	.000000
3.0519	.133137	.000000
3.0528	.133320	.000000
3.0537	.133483	.000000
3.0546	.133648	.000000
3.0555	.133757	.000000
3.0564	.134030	.000000
3.0573	.134204	.000000
3.0582	.134270	.000000
3.0591	.134517	.000000
3.06	.134724	.000000
3.06091	.134853	.000000
3.06181	.134916	.000000
3.06272	.134978	.000000
3.06362	.135091	.000000
3.06453	.135388	.000000
3.06543	.135573	.000000
3.06634	.135730	.000000
3.06725	.136020	.000000
3.06815	.136173	.000000
3.06906	.136327	.000000
3.06997	.136532	.000000
3.07088	.136772	.000000
3.07179	.136931	.000000
3.0727	.137165	.000000
3.07361	.137359	.000000
3.07452	.137566	.000000
3.07543	.137824	.000000
3.07635	.138063	.000000
3.07726	.138369	.000000
3.07817	.138747	.000000
3.07909	.138977	.000000
3.08	.139155	.000000
3.08092	.139380	.000000
3.08183	.139593	.000000
3.08275	.139865	.000000
3.08366	.140142	.000000
3.08458	.140380	.000000
3.0855	.140669	.000000
3.08642	.140959	.000000
3.08734	.141193	.000000
3.08825	.141448	.000000
3.08917	.141784	.000000
3.0901	.142093	.000000
3.09102	.142475	.000000
3.09194	.142740	.000000
3.09286	.143041	.000000
3.09378	.143433	.000000
3.09471	.143663	.000000
3.09563	.143895	.000000
3.09656	.144254	.000000
3.09748	.144732	.000000
3.09841	.145100	.000000
3.09933	.145384	.000000
3.10026	.145693	.000000
3.10119	.146058	.000000
3.10211	.146357	.000000
3.10304	.146630	.000000
3.10397	.147013	.000000
3.1049	.147393	.000000
3.10583	.147787	.000000
3.10676	.148102	.000000
3.10769	.148370	.000000
3.10862	.148698	.000000
3.10956	.149051	.000000
3.11049	.149424	.000000
3.11142	.149742	.000000
3.11235	.150149	.000000
3.11329	.150539	.000000
3.11422	.150849	.000000
3.11516	.151218	.000000
3.1161	.151592	.000000
3.11703	.151824	.000000
3.11797	.152035	.000000
3.11891	.152377	.000000
3.11985	.152809	.000000
3.12079	.153158	.000000
3.12172	.153500	.000000
3.12266	.153904	.000000
3.1236	.154242	.000000
3.12455	.154574	.000000
3.12549	.155075	.000000
3.12643	.155476	.000000
3.12737	.155729	.000000
3.12832	.156004	.000000
3.12926	.156384	.000000
3.13021	.156806	.000000
3.13115	.157194	.000000
3.1321	.157562	.000000
3.13304	.157896	.000000
3.13399	.158236	.000000
3.13494	.158541	.000000
3.13589	.158886	.000000
3.13683	.159352	.000000
3.13778	.159636	.000000
3.13873	.159930	.000000
3.13968	.160254	.000000
3.14063	.160621	.000000
3.14159	.160947	.000000
3.14254	.161260	.000000
3.14349	.161601	.000000
3.14444	.162001	.000000
3.1454	.162413	.000000
3.14635	.162879	.000000
3.14731	.163183	.000000
3.14826	.163474	.000000
3.14922	.163808	.000000
3.15017	.164146	.000000
3.15113	.164559	.000000
3.15209	.164954	.000000
3.15305	.165349	.000000
3.15401	.165654	.000000
3.15497	.165959	.000000
3.15593	.166397	.000000
3.15689	.166867	.000000
3.15785	.167203	.000000
3.15881	.167475	.000000
3.15977	.167865	.000000
3.16074	.168216	.000000
3.1617	.168602	.000000
3.16267	.168857	.000000
3.16363	.169114	.000000
3.1646	.169532	.000000
3.16556	.169882	.000000
3.16653	.170296	.000000
3.1675	.170757	.000000
3.16846	.171144	.000000
3.16943	.171473	.000000
3.1704	.171839	.000000
3.17137	.172248	.000000
3.17234	.172653	.000000
3.17331	.173035	.000000
3.17428	.173328	.000000
3.17526	.173618	.000000
3.17623	.173921	.000000
3.1772	.174318	.000000
3.17817	.174867	.000000
3.17915	.175282	.000000
3.18012	.175546	.000000
3.1811	.175903	.000000
3.18208	.176356	.000000
3.18305	.176700	.000000
3.18403	.177091	.000000
3.18501	.177609	.000000
3.18599	.178022	.000000
3.18697	.178321	.000000
3.18795	.178640	.000000
3.18893	.179004	.000000
3.18991	.179365	.000000
3.19089	.179722	.000000
3.19187	.180139	.000000
3.19285	.180593	.000000
3.19384	.181021	.000000
3.19482	.181378	.000000
3.1958	.181724	.000000
3.19679	.182075	.000000
3.19778	.182491	.000000
3.19876	.182933	.000000
3.19975	.183351	.000000
3.20074	.183708	.000000
3.20173	.184157	.000000
3.20271	.184608	.000000
3.2037	.184947	.000000
3.20469	.185408	.000000
3.20568	.185721	.000000
3.20668	.186018	.000000
3.20767	.186561	.000000
3.20866	.187022	.000000
3.20965	.187388	.000000
3.21065	.187801	.000000
3.21164	.188323	.000000
3.21264	.188833	.000000
3.21363	.189169	.000000
3.21463	.189461	.000000
3.21563	.189891	.000000
3.21662	.190399	.000000
3.21762	.190816	.000000
3.21862	.191180	.000000
3.21962	.191635	.000000
3.22062	.191980	.000000
3.22162	.192364	.000000
3.22262	.192819	.000000
3.22362	.193209	.000000
3.22462	.193671	.000000
3.22563	.194038	.000000
3.22663	.194437	.000000
3.22764	.194897	.000000
3.22864	.195220	.000000
3.22965	.195690	.000000
3.23065	.196179	.000000
3.23166	.196674	.000000
3.23267	.197050	.000000
3.23368	.197373	.000000
3.23468	.197684	.000000
3.23569	.198077	.000000
3.2367	.198599	.000000
3.23771	.199104	.000000
3.23873	.199528	.000000
3.23974	.199944	.000000
3.24075	.200338	.000000
3.24176	.200696	.000000
3.24278	.201048	.000000
3.24379	.201558	.000000
3.24481	.202024	.000000
3.24582	.202329	.000000
3.24684	.202636	.000000
3.24785	.203093	.000000
3.24887	.203607	.000000
3.24989	.203953	.000000
3.25091	.204350	.000000
3.25193	.204753	.000000
3.25295	.205129	.000000
3.25397	.205536	.000000
3.25499	.205960	.000000
3.25601	.206438	.000000
3.25704	.206818	.000000
3.25806	.207167	.000000
3.25908	.207480	.000000
3.26011	.207837	.000000
3.26113	.208336	.000000
3.26216	.208743	.000000
3.26319	.209113	.000000
3.26421	.209575	.000000
3.26524	.210026	.000000
3.26627	.210445	.000000
3.2673	.210913	.000000
3.26833	.211349	.000000
3.26936	.211798	.000000
3.27039	.212116	.000000
3.27142	.212475	.000000
3.27245	.212876	.000000
3.27349	.213195	.000000
3.27452	.213548	.000000
3.27555	.214037	.000000
3.27659	.214359	.000000
3.27763	.214778	.000000
3.27866	.215294	.000000
3.2797	.215683	.000000
3.28074	.216033	.000000
3.28178	.216382	.000000
3.28281	.216764	.000000
3.28385	.217203	.000000
3.28489	.217554	.000000
3.28593	.217894	.000000
3.28698	.218253	.000000
3.28802	.218652	.000000
3.28906	.219130	.000000
3.2901	.219471	.000000
3.29115	.219759	.000000
3.29219	.220120	.000000
3.29324	.220437	.000000
3.29429	.220842	.000000
3.29533	.221318	.000000
3.29638	.221799	.000000
3.29743	.222139	.000000
3.29848	.222559	.000000
3.29953	.223047	.000000
3.30058	.223357	.000000
3.30163	.223716	.000000
3.30268	.224100	.000000
3.30373	.224363	.000000
3.30478	.224733	.000000
3.30584	.225154	.000000
3.30689	.225558	.000000
3.30795	.225802	.000000
3.309	.226188	.000000
3.31006	.226583	.000000
3.31112	.226919	.000000
3.31217	.227272	.000000
3.31323	.227692	.000000
3.31429	.228120	.000000
3.31535	.228610	.000000
3.31641	.228968	.000000
3.31747	.229201	.000000
3.31853	.229594	.000000
3.3196	.229993	.000000
3.32066	.230360	.000000
3.32172	.230728	.000000
3.32279	.231116	.000000
3.32385	.231488	.000000
3.32492	.231843	.000000
3.32598	.232146	.000000
3.32705	.232522	.000000
3.32812	.232950	.000000
3.32919	.233301	.000000
3.33026	.233658	.000000
3.33133	.234044	.000000
3.3324	.234357	.000000
3.33347	.234758	.000000
3.33454	.235088	.000000
3.33561	.235330	.000000
3.33669	.235612	.000000
3.33776	.235988	.000000
3.33884	.236333	.000000
3.33991	.236704	.000000
3.34099	.237066	.000000
3.34206	.237404	.000000
3.34314	.237657	.000000
3.34422	.237917	.000000
3.3453	.238229	.000000
3.34638	.238550	.000000
3.34746	.238909	.000000
3.34854	.239289	.000000
3.34962	.239636	.000000
3.3507	.239918	.000000
3.35179	.240277	.000000
3.35287	.240609	.000000
3.35395	.240766	.000000
3.35504	.241090	.000000
3.35612	.241449	.000000
3.35721	.241745	.000000
3.3583	.242037	.000000
3.35939	.242388	.000000
3.36048	.242729	.000000
3.36156	.242986	.000000
3.36265	.243267	.000000
3.36375	.243518	.000000
3.36484	.243925	.000000
3.36593	.244274	.000000
3.36702	.244512	.000000
3.36812	.244836	.000000
3.36921	.245164	.000000
3.3703	.245475	.000000
3.3714	.245917	.000000
3.3725	.246183	.000000
3.37359	.246465	.000000
3.37469	.246813	.000000
3.37579	.247181	.000000
3.37689	.247628	.000000
3.37799	.247981	.000000
3.37909	.248068	.000000
3.38019	.248417	.000000
3.3813	.248970	.000000
3.3824	.249311	.000000
3.3835	.249534	.000000
3.38461	.249912	.000000
3.38571	.250355	.000000
3.38682	.250528	.000000
3.38792	.250741	.000000
3.38903	.251094	.000000
3.39014	.251497	.000000
3.39125	.251748	.000000
3.39236	.251952	.000000
3.39347	.252278	.000000
3.39458	.252512	.000000
3.39569	.252595	.000000
3.3968	.252892	.000000
3.39791	.253222	.000000
3.39903	.253527	.000000
3.40014	.253827	.000000
3.40126	.254065	.000000
3.40237	.254316	.000000
3.40349	.254425	.000000
3.40461	.254717	.000000
3.40573	.255099	.000000
3.40685	.255316	.000000
3.40797	.255592	.000000
3.40909	.255914	.000000
3.41021	.256145	.000000
3.41133	.256381	.000000
3.41245	.256663	.000000
3.41357	.257022	.000000
3.4147	.257409	.000000
3.41582	.257617	.000000
3.41695	.257916	.000000
3.41807	.258227	.000000
3.4192	.258565	.000000
3.42033	.258889	.000000
3.42146	.259319	.000000
3.42259	.259729	.000000
3.42372	.260027	.000000
3.42485	.260455	.000000
3.42598	.260839	.000000
3.42711	.261153	.000000
3.42825	.261531	.000000
3.42938	.261967	.000000
3.43051	.262379	.000000
3.43165	.262579	.000000
3.43279	.262740	.000000
3.43392	.263064	.000000
3.43506	.263391	.000000
3.4362	.263786	.000000
3.43734	.264283	.000000
3.43848	.264590	.000000
3.43962	.264765	.000000
3.44076	.265124	.000000
3.4419	.265542	.000000
3.44304	.265926	.000000
3.44419	.266279	.000000
3.44533	.266511	.000000
3.44648	.266768	.000000
3.44762	.267050	.000000
3.44877	.267384	.000000
3.44992	.267739	.000000
3.45106	.267919	.000000
3.45221	.268248	.000000
3.45336	.268578	.000000
3.45451	.268933	.000000
3.45566	.269409	.000000
3.45682	.269635	.000000
3.45797	.269850	.000000
3.45912	.270207	.000000
3.46028	.270623	.000000
3.46143	.270944	.000000
3.46259	.271266	.000000
3.46374	.271471	.000000
3.4649	.271625	.000000
3.46606	.271903	.000000
3.46722	.272243	.000000
3.46838	.272494	.000000
3.46954	.272788	.000000
3.4707	.272989	.000000
3.47186	.273147	.000000
3.47302	.273527	.000000
3.47419	.273868	.000000
3.47535	.274003	.000000
3.47652	.274227	.000000
3.47768	.274563	.000000
3.47885	.274954	.000000
3.48002	.275213	.000000
3.48119	.275378	.000000
3.48236	.275574	.000000
3.48353	.275931	.000000
3.4847	.276313	.000000
3.48587	.276541	.000000
3.48704	.276751	.000000
3.48821	.276981	.000000
3.48939	.277211	.000000
3.49056	.277507	.000000
3.49174	.277674	.000000
3.49291	.277846	.000000
3.49409	.278036	.000000
3.49527	.278215	.000000
3.49645	.278537	.000000
3.49763	.278806	.000000
3.49881	.279099	.000000
3.49999	.279351	.000000
3.50117	.279550	.000000
3.50235	.279875	.000000
3.50353	.280310	.000000
3.50472	.280629	.000000
3.5059	.280953	.000000
3.50709	.281302	.000000
3.50828	.281663	.000000
3.50946	.281995	.000000
3.51065	.282369	.000000
3.51184	.282742	.000000
3.51303	.283027	.000000
3.51422	.283296	.000000
3.51541	.283597	.000000
3.5166	.283841	.000000
3.5178	.284240	.000000
3.51899	.284609	.000000
3.52018	.285042	.000000
3.52138	.285430	.000000
3.52258	.285589	.000000
3.52377	.285848	.000000
3.52497	.286157	.000000
3.52617	.286453	.000000
3.52737	.286729	.000000
3.52857	.287044	.000000
3.52977	.287360	.000000
3.53097	.287616	.000000
3.53218	.287869	.000000
3.53338	.288126	.000000
3.53458	.288420	.000000
3.53579	.288719	.000000
3.537	.289053	.000000
3.5382	.289237	.000000
3.53941	.289512	.000000
3.54062	.289775	.000000
3.54183	.289949	.000000
3.54304	.290298	.000000
3.54425	.290667	.000000
3.54546	.290901	.000000
3.54667	.291189	.000000
3.54789	.291390	.000000
3.5491	.291496	.000000
3.55032	.291667	.000000
3.55153	.291981	.000000
3.55275	.292265	.000000
3.55397	.292451	.000000
3.55518	.292743	.000000
3.5564	.292927	.000000
3.55762	.293094	.000000
3.55884	.293342	.000000
3.56007	.293637	.000000
3.56129	.293843	.000000
3.56251	.294035	.000000
3.56374	.294372	.000000
3.56496	.294593	.000000
3.56619	.294875	.000000
3.56742	.295176	.000000
3.56864	.295284	.000000
3.56987	.295437	.000000
3.5711	.295650	.000000
3.57233	.295867	.000000
3.57356	.296243	.000000
3.57479	.296520	.000000
3.57603	.296656	.000000
3.57726	.296846	.000000
3.57849	.297092	.000000
3.57973	.297310	.000000
3.58097	.297512	.000000
3.5822	.297778	.000000
3.58344	.297978	.000000
3.58468	.298193	.000000
3.58592	.298485	.000000
3.58716	.298663	.000000
3.5884	.298728	.000000
3.58964	.299058	.000000
3.59089	.299413	.000000
3.59213	.299669	.000000
3.59338	.299897	.000000
3.59462	.299972	.000000
3.59587	.300143	.000000
3.59712	.300342	.000000
3.59836	.300553	.000000
3.59961	.300782	.000000
3.60086	.300924	.000000
3.60211	.301238	.000000
3.60337	.301515	.000000
3.60462	.301768	.000000
3.60587	.301920	.000000
3.60713	.302023	.000000
3.60838	.302146	.000000
3.60964	.302303	.000000
3.61089	.302622	.000000
3.61215	.302983	.000000
3.61341	.303290	.000000
3.61467	.303595	.000000
3.61593	.303773	.000000
3.61719	.303958	.000000
3.61845	.304078	.000000
3.61972	.304284	.000000
3.62098	.304547	.000000
3.62225	.304762	.000000
3.62351	.304884	.000000
3.62478	.305024	.000000
3.62605	.305186	.000000
3.62731	.305299	.000000
3.62858	.305688	.000000
3.62985	.305953	.000000
3.63112	.306120	.000000
3.6324	.306500	.000000
3.63367	.306746	.000000
3.63494	.306824	.000000
3.63622	.306821	.000000
3.63749	.306980	.000000
3.63877	.307325	.000000
3.64005	.307590	.000000
3.64132	.307771	.000000
3.6426	.307960	.000000
3.64388	.308210	.000000
3.64516	.308486	.000000
3.64645	.308734	.000000
3.64773	.308903	.000000
3.64901	.309072	.000000
3.6503	.309221	.000000
3.65158	.309402	.000000
3.65287	.309647	.000000
3.65416	.309927	.000000
3.65545	.310075	.000000
3.65673	.310210	.000000
3.65802	.310428	.000000
3.65932	.310697	.000000
3.66061	.310845	.000000
3.6619	.311000	.000000
3.66319	.311263	.000000
3.66449	.311438	.000000
3.66578	.311545	.000000
3.66708	.311693	.000000
3.66838	.311967	.000000
3.66967	.312196	.000000
3.67097	.312357	.000000
3.67227	.312631	.000000
3.67357	.312886	.000000
3.67488	.312975	.000000
3.67618	.313138	.000000
3.67748	.313234	.000000
3.67879	.313418	.000000
3.68009	.313725	.000000
3.6814	.314036	.000000
3.68271	.314316	.000000
3.68402	.314410	.000000
3.68532	.314610	.000000
3.68664	.314780	.000000
3.68795	.315118	.000000
3.68926	.315443	.000000
3.69057	.315362	.000000
3.69189	.315233	.000000
3.6932	.315423	.000000
3.69452	.315847	.000000
3.69583	.316082	.000000
3.69715	.316227	.000000
3.69847	.316496	.000000
3.69979	.316763	.000000
3.70111	.316832	.000000
3.70243	.317010	.000000
3.70375	.317204	.000000
3.70508	.317233	.000000
3.7064	.317421	.000000
3.70773	.317732	.000000
3.70905	.317945	.000000
3.71038	.317991	.000000
3.71171	.318029	.000000
3.71304	.318275	.000000
3.71437	.318490	.000000
3.7157	.318728	.000000
3.71703	.319018	.000000
3.71836	.319184	.000000
3.7197	.319211	.000000
3.72103	.319396	.000000
3.72237	.319557	.000000
3.7237	.319733	.000000
3.72504	.319989	.000000
3.72638	.320100	.000000
3.72772	.320319	.000000
3.72906	.320551	.000000
3.7304	.320647	.000000
3.73174	.320737	.000000
3.73309	.320913	.000000
3.73443	.321094	.000000
3.73578	.321253	.000000
3.73712	.321439	.000000
3.73847	.321539	.000000
3.73982	.321501	.000000
3.74117	.321516	.000000
3.74252	.321658	.000000
3.74387	.321898	.000000
3.74522	.322145	.000000
3.74657	.322247	.000000
3.74793	.322389	.000000
3.74928	.322633	.000000
3.75064	.322796	.000000
3.752	.322861	.000000
3.75335	.322988	.000000
3.75471	.323130	.000000
3.75607	.323047	.000000
3.75744	.323245	.000000
3.7588	.323560	.000000
3.76016	.323874	.000000
3.76152	.324013	.000000
3.76289	.324130	.000000
3.76425	.324323	.000000
3.76562	.324393	.000000
3.76699	.324446	.000000
3.76836	.324500	.000000
3.76973	.324790	.000000
3.7711	.325099	.000000
3.77247	.325229	.000000
3.77385	.325352	.000000
3.77522	.325425	.000000
3.77659	.325511	.000000
3.77797	.325584	.000000
3.77935	.325642	.000000
3.78072	.325638	.000000
3.7821	.325841	.000000
3.78348	.326166	.000000
3.78486	.326254	.000000
3.78625	.326244	.000000
3.78763	.326419	.000000
3.78901	.326582	.000000
3.7904	.326586	.000000
3.79178	.326682	.000000
3.79317	.326926	.000000
3.79456	.327050	.000000
3.79595	.326889	.000000
3.79734	.326970	.000000
3.79873	.327208	.000000
3.80012	.327307	.000000
3.80151	.327442	.000000
3.80291	.327707	.000000
3.8043	.327923	.000000
3.8057	.327994	.000000
3.8071	.327933	.000000
3.8085	.328085	.000000
3.80989	.328367	.000000
3.8113	.328378	.000000
3.8127	.328296	.000000
3.8141	.328348	.000000
3.8155	.328547	.000000
3.81691	.328614	.000000
3.81831	.328743	.000000
3.81972	.328973	.000000
3.82113	.329111	.000000
3.82253	.329257	.000000
3.82394	.329255	.000000
3.82536	.329150	.000000
3.82677	.329255	.000000
3.82818	.329380	.000000
3.82959	.329334	.000000
3.83101	.329376	.000000
3.83243	.329758	.000000
3.83384	.329900	.000000
3.83526	.329873	.000000
3.83668	.329975	.000000
3.8381	.330111	.000000
3.83952	.330088	.000000
3.84094	.330182	.000000
3.84236	.330343	.000000
3.84379	.330311	.000000
3.84521	.330130	.000000
3.84664	.330305	.000000
3.84807	.330595	.000000
3.8495	.330804	.000000
3.85093	.330973	.000000
3.85236	.330852	.000000
3.85379	.330821	.000000
3.85522	.331055	.000000
3.85666	.331180	.000000
3.85809	.331186	.000000
3.85953	.331119	.000000
3.86096	.331166	.000000
3.8624	.331259	.000000
3.86384	.331099	.000000
3.86528	.331301	.000000
3.86672	.331464	.000000
3.86816	.331262	.000000
3.86961	.331237	.000000
3.87105	.331431	.000000
3.8725	.331383	.000000
3.87394	.331257	.000000
3.87539	.331424	.000000
3.87684	.331598	.000000
3.87829	.331635	.000000
3.87974	.331721	.000000
3.88119	.331940	.000000
3.88265	.332057	.000000
3.8841	.332057	.000000
3.88556	.332086	.000000
3.88701	.332132	.000000
3.88847	.332233	.000000
3.88993	.332316	.000000
3.89139	.332494	.000000
3.89285	.332502	.000000
3.89431	.332443	.000000
3.89578	.332314	.000000
3.89724	.332450	.000000
3.89871	.332494	.000000
3.90017	.332475	.000000
3.90164	.332615	.000000
3.90311	.332613	.000000
3.90458	.332594	.000000
3.90605	.332638	.000000
3.90752	.332734	.000000
3.90899	.332753	.000000
3.91047	.332742	.000000
3.91194	.332752	.000000
3.91342	.332746	.000000
3.9149	.332801	.000000
3.91638	.332826	.000000
3.91785	.332627	.000000
3.91934	.332619	.000000
3.92082	.332894	.000000
3.9223	.332951	.000000
3.92378	.332901	.000000
3.92527	.332669	.000000
3.92676	.332661	.000000
3.92824	.332945	.000000
3.92973	.332907	.000000
3.93122	.332596	.000000
3.93271	.332420	.000000
3.9342	.332469	.000000
3.9357	.332696	.000000
3.93719	.332748	.000000
3.93869	.332531	.000000
3.94018	.332414	.000000
3.94168	.332398	.000000
3.94318	.332423	.000000
3.94468	.332464	.000000
3.94618	.332387	.000000
3.94768	.332372	.000000
3.94919	.332239	.000000
3.95069	.332049	.000000
3.9522	.331865	.000000
3.9537	.331673	.000000
3.95521	.331608	.000000
3.95672	.331617	.000000
3.95823	.331577	.000000
3.95975	.331506	.000000
3.96126	.331545	.000000
3.96277	.331454	.000000
3.96429	.331236	.000000
3.9658	.331095	.000000
3.96732	.331174	.000000
3.96884	.331107	.000000
3.97036	.330936	.000000
3.97188	.330769	.000000
3.9734	.330625	.000000
3.97492	.330587	.000000
3.97645	.330666	.000000
3.97797	.330702	.000000
3.9795	.330535	.000000
3.98103	.330192	.000000
3.98256	.329887	.000000
3.98409	.329846	.000000
3.98562	.329723	.000000
3.98715	.329512	.000000
3.98868	.329297	.000000
3.99022	.329432	.000000
3.99175	.329683	.000000
3.99329	.329591	.000000
3.99483	.329313	.000000
3.99637	.329023	.000000
3.99791	.328983	.000000
3.99945	.328820	.000000
4.00109	.328653	.000000
4.00418	.328455	.000000
4.00728	.328255	.000000
4.01038	.328014	.000000
4.01348	.327737	.000000
4.01659	.327448	.000000
4.0197	.327192	.000000
4.02282	.326927	.000000
4.02594	.326645	.000000
4.02907	.326358	.000000
4.0322	.326068	.000000
4.03534	.325801	.000000
4.03849	.325592	.000000
4.04163	.325406	.000000
4.04479	.325243	.000000
4.04794	.325135	.000000
4.05111	.325093	.000000
4.05427	.325122	.000000
4.05745	.325149	.000000
4.06062	.325118	.000000
4.0638	.325033	.000000
4.06699	.324932	.000000
4.07018	.324801	.000000
4.07338	.324565	.000000
4.07658	.324297	.000000
4.07979	.323984	.000000
4.083	.323621	.000000
4.08622	.323247	.000000
4.08944	.322846	.000000
4.09267	.322355	.000000
4.0959	.321810	.000000
4.09914	.321230	.000000
4.10238	.320612	.000000
4.10563	.319987	.000000
4.10889	.319376	.000000
4.11214	.318749	.000000
4.11541	.318137	.000000
4.11868	.317528	.000000
4.12195	.316911	.000000
4.12523	.316356	.000000
4.12851	.315917	.000000
4.1318	.315537	.000000
4.1351	.315260	.000000
4.1384	.315132	.000000
4.1417	.315093	.000000
4.14502	.315064	.000000
4.14833	.315038	.000000
4.15165	.315020	.000000
4.15498	.314942	.000000
4.15831	.314836	.000000
4.16165	.314733	.000000
4.16499	.314602	.000000
4.16834	.314460	.000000
4.17169	.314270	.000000
4.17505	.314026	.000000
4.17841	.313740	.000000
4.18178	.313501	.000000
4.18516	.313335	.000000
4.18854	.313241	.000000
4.19193	.313215	.000000
4.19532	.313276	.000000
4.19871	.313307	.000000
4.20212	.313324	.000000
4.20552	.313357	.000000
4.20894	.313393	.000000
4.21236	.313387	.000000
4.21578	.313351	.000000
4.21921	.313284	.000000
4.22265	.313170	.000000
4.22609	.312957	.000000
4.22954	.312704	.000000
4.23299	.312418	.000000
4.23645	.312111	.000000
4.23991	.311758	.000000
4.24338	.311369	.000000
4.24686	.310964	.000000
4.25034	.310532	.000000
4.25383	.310033	.000000
4.25732	.309490	.000000
4.26082	.308991	.000000
4.26432	.308588	.000000
4.26783	.308262	.000000
4.27134	.308003	.000000
4.27486	.307749	.000000
4.27839	.307471	.000000
4.28192	.307176	.000000
4.28546	.306884	.000000
4.28901	.306567	.000000
4.29256	.306266	.000000
4.29612	.306024	.000000
4.29968	.305855	.000000
4.30325	.305725	.000000
4.30682	.305589	.000000
4.3104	.305422	.000000
4.31399	.305247	.000000
4.31758	.305095	.000000
4.32118	.304952	.000000
4.32478	.304762	.000000
4.32839	.304522	.000000
4.33201	.304293	.000000
4.33563	.304065	.000000
4.33926	.303798	.000000
4.34289	.303522	.000000
4.34653	.303226	.000000
4.35018	.302869	.000000
4.35383	.302453	.000000
4.35749	.302008	.000000
4.36115	.301501	.000000
4.36482	.300943	.000000
4.3685	.300315	.000000
4.37218	.299642	.000000
4.37587	.298980	.000000
4.37957	.298304	.000000
4.38327	.297606	.000000
4.38698	.296923	.000000
4.39069	.296263	.000000
4.39441	.295604	.000000
4.39814	.294917	.000000
4.40188	.294242	.000000
4.40562	.293541	.000000
4.40936	.292829	.000000
4.41311	.292127	.000000
4.41687	.291457	.000000
4.42064	.290868	.000000
4.42441	.290435	.000000
4.42819	.290170	.000000
4.43197	.290133	.000000
4.43577	.290337	.000000
4.43956	.290701	.000000
4.44337	.291131	.000000
4.44718	.291603	.000000
4.451	.292066	.000000
4.45482	.292530	.000000
4.45865	.292960	.000000
4.46249	.293348	.000000
4.46633	.293712	.000000
4.47018	.294052	.000000
4.47404	.294344	.000000
4.4779	.294591	.000000
4.48177	.294777	.000000
4.48565	.294910	.000000
4.48953	.294935	.000000
4.49342	.294904	.000000
4.49732	.294854	.000000
4.50122	.294756	.000000
4.50513	.294583	.000000
4.50905	.294351	.000000
4.51297	.294056	.000000
4.51691	.293756	.000000
4.52084	.293474	.000000
4.52479	.293194	.000000
4.52874	.292891	.000000
4.5327	.292638	.000000
4.53667	.292379	.000000
4.54064	.292085	.000000
4.54462	.291763	.000000
4.5486	.291423	.000000
4.5526	.291079	.000000
4.5566	.290780	.000000
4.56061	.290509	.000000
4.56462	.290272	.000000
4.56864	.290057	.000000
4.57267	.289826	.000000
4.57671	.289531	.000000
4.58075	.289199	.000000
4.5848	.288817	.000000
4.58886	.288429	.000000
4.59292	.288051	.000000
4.59699	.287750	.000000
4.60107	.287560	.000000
4.60516	.287479	.000000
4.60925	.287550	.000000
4.61335	.287809	.000000
4.61746	.288289	.000000
4.62157	.288955	.000000
4.6257	.289680	.000000
4.62983	.290373	.000000
4.63396	.290962	.000000
4.63811	.291425	.000000
4.64226	.291726	.000000
4.64642	.291851	.000000
4.65059	.291866	.000000
4.65476	.291824	.000000
4.65895	.291716	.000000
4.66314	.291565	.000000
4.66733	.291365	.000000
4.67154	.291164	.000000
4.67575	.290959	.000000
4.67997	.290707	.000000
4.6842	.290341	.000000
4.68843	.289922	.000000
4.69268	.289481	.000000
4.69693	.288999	.000000
4.70119	.288470	.000000
4.70545	.287886	.000000
4.70972	.287228	.000000
4.71401	.286493	.000000
4.7183	.285656	.000000
4.72259	.284722	.000000
4.7269	.283674	.000000
4.73121	.282488	.000000
4.73553	.281189	.000000
4.73986	.279869	.000000
4.74419	.278694	.000000
4.74854	.277875	.000000
4.75289	.277509	.000000
4.75725	.277599	.000000
4.76162	.277984	.000000
4.766	.278574	.000000
4.77038	.279224	.000000
4.77477	.279863	.000000
4.77917	.280469	.000000
4.78358	.281078	.000000
4.788	.281774	.000000
4.79243	.282653	.000000
4.79686	.283703	.000000
4.8013	.284935	.000000
4.80575	.286349	.000000
4.81021	.287879	.000000
4.81467	.289429	.000000
4.81915	.290897	.000000
4.82363	.292215	.000000
4.82812	.293355	.000000
4.83262	.294273	.000000
4.83713	.294944	.000000
4.84165	.295364	.000000
4.84617	.295612	.000000
4.85071	.295710	.000000
4.85525	.295708	.000000
4.8598	.295568	.000000
4.86436	.295303	.000000
4.86892	.294890	.000000
4.8735	.294353	.000000
4.87809	.293747	.000000
4.88268	.293048	.000000
4.88728	.292260	.000000
4.89189	.291502	.000000
4.89651	.290868	.000000
4.90114	.290463	.000000
4.90577	.290318	.000000
4.91042	.290398	.000000
4.91507	.290596	.000000
4.91974	.290822	.000000
4.92441	.291112	.000000
4.92909	.291598	.000000
4.93378	.292325	.000000
4.93848	.293296	.000000
4.94319	.294349	.000000
4.9479	.295359	.000000
4.95263	.296228	.000000
4.95736	.296949	.000000
4.96211	.297466	.000000
4.96686	.297811	.000000
4.97162	.298024	.000000
4.97639	.298195	.000000
4.98117	.298347	.000000
4.98596	.298558	.000000
4.99076	.298780	.000000
4.99557	.298972	.000000
5.00039	.299083	.000000
5.00522	.299141	.000000
5.01005	.299143	.000000
5.0149	.299137	.000000
5.01975	.299101	.000000
5.02462	.299078	.000000
5.02949	.299055	.000000
5.03437	.299020	.000000
5.03926	.298980	.000000
5.04417	.298926	.000000
5.04908	.298819	.000000
5.054	.298663	.000000
5.05893	.298479	.000000
5.06387	.298323	.000000
5.06882	.298172	.000000
5.07378	.298001	.000000
5.07875	.297828	.000000
5.08373	.297694	.000000
5.08872	.297527	.000000
5.09371	.297364	.000000
5.09872	.297199	.000000
5.10374	.297053	.000000
5.10877	.296905	.000000
5.11381	.296760	.000000
5.11886	.296581	.000000
5.12391	.296437	.000000
5.12898	.296261	.000000
5.13406	.296092	.000000
5.13915	.295925	.000000
5.14425	.295744	.000000
5.14936	.295547	.000000
5.15447	.295386	.000000
5.1596	.295194	.000000
5.16474	.294967	.000000
5.16989	.294727	.000000
5.17505	.294495	.000000
5.18022	.294244	.000000
5.1854	.294010	.000000
5.19059	.293726	.000000
5.19579	.293430	.000000
5.201	.293119	.000000
5.20622	.292810	.000000
5.21146	.292484	.000000
5.2167	.292150	.000000
5.22195	.291786	.000000
5.22722	.291421	.000000
5.23249	.291020	.000000
5.23778	.290644	.000000
5.24307	.290241	.000000
5.24838	.289828	.000000
5.2537	.289385	.000000
5.25903	.288965	.000000
5.26437	.288516	.000000
5.26971	.288076	.000000
5.27508	.287616	.000000
5.28045	.287170	.000000
5.28583	.286706	.000000
5.29122	.286223	.000000
5.29663	.285716	.000000
5.30204	.285215	.000000
5.30747	.284714	.000000
5.31291	.284248	.000000
5.31836	.283732	.000000
5.32382	.283227	.000000
5.32929	.282734	.000000
5.33477	.282231	.000000
5.34027	.281682	.000000
5.34577	.281166	.000000
5.35129	.280663	.000000
5.35682	.280101	.000000
5.36235	.279481	.000000
5.36791	.278913	.000000
5.37347	.278332	.000000
5.37904	.277748	.000000
5.38463	.277173	.000000
5.39023	.276651	.000000
5.39583	.276096	.000000
5.40146	.275524	.000000
5.40709	.274974	.000000
5.41273	.274415	.000000
5.41839	.273809	.000000
5.42406	.273189	.000000
5.42974	.272502	.000000
5.43543	.271832	.000000
5.44113	.271197	.000000
5.44685	.270606	.000000
5.45257	.270048	.000000
5.45831	.269514	.000000
5.46406	.268975	.000000
5.46983	.268418	.000000
5.4756	.267802	.000000
5.48139	.267194	.000000
5.48719	.266511	.000000
5.49301	.265824	.000000
5.49883	.265125	.000000
5.50467	.264387	.000000
5.51052	.263573	.000000
5.51638	.262754	.000000
5.52225	.261863	.000000
5.52814	.260915	.000000
5.53404	.259915	.000000
5.53995	.258935	.000000
5.54588	.257929	.000000
5.55181	.256910	.000000
5.55777	.255878	.000000
5.56373	.254938	.000000
5.5697	.254028	.000000
5.57569	.253174	.000000
5.5817	.252359	.000000
5.58771	.251507	.000000
5.59374	.250620	.000000
5.59978	.249781	.000000
5.60583	.248906	.000000
5.6119	.247989	.000000
5.61798	.247078	.000000
5.62407	.246162	.000000
5.63018	.245210	.000000
5.6363	.244314	.000000
5.64243	.243434	.000000
5.64858	.242484	.000000
5.65474	.241534	.000000
5.66091	.240651	.000000
5.6671	.239711	.000000
5.6733	.238845	.000000
5.67951	.237957	.000000
5.68574	.237036	.000000
5.69198	.236134	.000000
5.69824	.235249	.000000
5.7045	.234320	.000000
5.71079	.233436	.000000
5.71708	.232430	.000000
5.72339	.231359	.000000
5.72972	.230191	.000000
5.73605	.228980	.000000
5.74241	.227687	.000000
5.74877	.226307	.000000
5.75515	.224756	.000000
5.76155	.223187	.000000
5.76796	.221555	.000000
5.77438	.219683	.000000
5.78082	.217631	.000000
5.78727	.215564	.000000
5.79373	.213392	.000000
5.80022	.211151	.000000
5.80671	.208783	.000000
5.81322	.206376	.000000
5.81974	.203916	.000000
5.82628	.201309	.000000
5.83284	.198434	.000000
5.8394	.195484	.000000
5.84599	.192380	.000000
5.85259	.189185	.000000
5.8592	.185861	.000000
5.86583	.182376	.000000
5.87247	.178640	.000000
5.87913	.174821	.000000
5.8858	.170782	.000000
5.89249	.166593	.000000
5.8992	.162206	.000000
5.90591	.157616	.000000
5.91265	.152941	.000000
5.9194	.148199	.000000
5.92616	.143333	.000000
5.93294	.138453	.000000
5.93974	.133381	.000000
5.94655	.128254	.000000
5.95338	.123209	.000000
5.96022	.118292	.000000
5.96708	.113522	.000000
5.97395	.108989	.000000
5.98084	.104700	.000000
5.98775	.100705	.000000
5.99467	.096957	.000000
6.00161	.093484	.000000
6.00856	.090258	.000000
6.01553	.087267	.000000
6.02252	.084467	.000000
6.02952	.081920	.000000
6.03654	.079583	.000000
6.04358	.077518	.000000
6.05063	.075661	.000000
6.0577	.074001	.000000
6.06478	.072577	.000000
6.07189	.071451	.000000
6.079	.070520	.000000
6.08614	.069810	.000000
6.09329	.069378	.000000
6.10046	.069253	.000000
6.10764	.069407	.000000
6.11485	.069887	.000000
6.12206	.070687	.000000
6.1293	.071880	.000000
6.13655	.073521	.000000
6.14383	.075615	.000000
6.15111	.078090	.000000
6.15842	.080984	.000000
6.16574	.084229	.000000
6.17308	.087618	.000000
6.18044	.091162	.000000
6.18781	.094902	.000000
6.19521	.098612	.000000
6.20262	.102233	.000000
6.21004	.105804	.000000
6.21749	.109315	.000000
6.22495	.112777	.000000
6.23244	.116137	.000000
6.23994	.119380	.000000
6.24745	.122474	.000000
6.25499	.125419	.000000
6.26254	.128162	.000000
6.27012	.130693	.000000
6.27771	.132984	.000000
6.28532	.135055	.000000
6.29295	.136924	.000000
6.30059	.138606	.000000
6.30826	.140122	.000000
6.31594	.141479	.000000
6.32364	.142659	.000000
6.33136	.143703	.000000
6.3391	.144682	.000000
6.34686	.145593	.000000
6.35464	.146248	.000000
6.36244	.146852	.000000
6.37025	.147487	.000000
6.37809	.147983	.000000
6.38594	.148370	.000000
6.39382	.148683	.000000
6.40171	.148942	.000000
6.40962	.149243	.000000
6.41755	.149445	.000000
6.42551	.149376	.000000
6.43348	.149247	.000000
6.44147	.149059	.000000
6.44948	.148817	.000000
6.45751	.148543	.000000
6.46556	.148209	.000000
6.47364	.147850	.000000
6.48173	.147426	.000000
6.48984	.146994	.000000
6.49798	.146470	.000000
6.50613	.145764	.000000
6.5143	.145093	.000000
6.5225	.144438	.000000
6.53071	.143678	.000000
6.53895	.142905	.000000
6.5472	.142139	.000000
6.55548	.141310	.000000
6.56378	.140424	.000000
6.57209	.139530	.000000
6.58044	.138559	.000000
6.5888	.137511	.000000
6.59718	.136440	.000000
6.60558	.135317	.000000
6.61401	.134191	.000000
6.62245	.133043	.000000
6.63092	.131896	.000000
6.63941	.130737	.000000
6.64792	.129451	.000000
6.65646	.128100	.000000
6.66501	.126830	.000000
6.6736	.125606	.000000
6.68219	.124375	.000000
6.69082	.123115	.000000
6.69946	.121879	.000000
6.70813	.120697	.000000
6.71682	.119549	.000000
6.72553	.118432	.000000
6.73426	.117366	.000000
6.74302	.116310	.000000
6.7518	.115303	.000000
6.7606	.114349	.000000
6.76943	.113441	.000000
6.77828	.112562	.000000
6.78715	.111731	.000000
6.79604	.110927	.000000
6.80496	.110160	.000000
6.8139	.109461	.000000
6.82287	.108849	.000000
6.83186	.108308	.000000
6.84087	.107778	.000000
6.84991	.107318	.000000
6.85897	.106986	.000000
6.86805	.106698	.000000
6.87716	.106443	.000000
6.88629	.106301	.000000
6.89545	.106197	.000000
6.90463	.106165	.000000
6.91384	.106165	.000000
6.92307	.106130	.000000
6.93233	.106124	.000000
6.94161	.106115	.000000
6.95091	.106086	.000000
6.96024	.106095	.000000
6.9696	.106136	.000000
6.97898	.106222	.000000
6.98838	.106431	.000000
6.99781	.106711	.000000
7.00727	.107063	.000000
7.01675	.107508	.000000
7.02626	.108059	.000000
7.03579	.108667	.000000
7.04535	.109317	.000000
7.05493	.110033	.000000
7.06455	.110787	.000000
7.07418	.111566	.000000
7.08385	.112370	.000000
7.09354	.113144	.000000
7.10325	.113831	.000000
7.113	.114454	.000000
7.12277	.115026	.000000
7.13256	.115489	.000000
7.14239	.115844	.000000
7.15224	.116091	.000000
7.16212	.116262	.000000
7.17202	.116318	.000000
7.18196	.116254	.000000
7.19192	.116122	.000000
7.20191	.115921	.000000
7.21193	.115637	.000000
7.22197	.115243	.000000
7.23204	.114742	.000000
7.24214	.114192	.000000
7.25227	.113593	.000000
7.26243	.112977	.000000
7.27261	.112324	.000000
7.28283	.111630	.000000
7.29307	.110918	.000000
7.30334	.110168	.000000
7.31364	.109406	.000000
7.32397	.108621	.000000
7.33433	.107734	.000000
7.34472	.106784	.000000
7.35514	.105792	.000000
7.36558	.104762	.000000
7.37606	.103685	.000000
7.38657	.102572	.000000
7.39711	.101457	.000000
7.40768	.100402	.000000
7.41827	.099360	.000000
7.4289	.098281	.000000
7.43956	.097249	.000000
7.45025	.096276	.000000
7.46097	.095290	.000000
7.47172	.094248	.000000
7.4825	.093166	.000000
7.49331	.092062	.000000
7.50416	.090916	.000000
7.51503	.089727	.000000
7.52594	.088477	.000000
7.53688	.087192	.000000
7.54785	.085877	.000000
7.55885	.084544	.000000
7.56988	.083160	.000000
7.58095	.081750	.000000
7.59205	.080374	.000000
7.60318	.079042	.000000
7.61435	.077733	.000000
7.62554	.076469	.000000
7.63677	.075196	.000000
7.64804	.073905	.000000
7.65933	.072612	.000000
7.67066	.071314	.000000
7.68203	.069927	.000000
7.69342	.068449	.000000
7.70485	.066914	.000000
7.71632	.065302	.000000
7.72782	.063550	.000000
7.73936	.061650	.000000
7.75093	.059549	.000000
7.76253	.057256	.000000
7.77417	.054667	.000000
7.78584	.051785	.000000
7.79755	.048678	.000000
7.80929	.045531	.000000
7.82107	.042532	.000000
7.83288	.039788	.000000
7.84473	.037291	.000000
7.85662	.035094	.000000
7.86854	.033221	.000000
7.8805	.031596	.000000
7.89249	.030181	.000000
7.90452	.028953	.000000
7.91659	.027882	.000000
7.92869	.026981	.000000
7.94083	.026186	.000000
7.95301	.025470	.000000
7.96523	.024845	.000000
7.97748	.024330	.000000
7.98977	.023887	.000000
8.0021	.023496	.000000
8.01447	.023137	.000000
8.02688	.022811	.000000
8.03932	.022548	.000000
8.05181	.022333	.000000
8.06433	.022183	.000000
8.07689	.022093	.000000
8.08949	.021959	.000000
8.10213	.021853	.000000
8.11481	.021776	.000000
8.12753	.021709	.000000
8.14029	.021665	.000000
8.15309	.021652	.000000
8.16593	.021652	.000000
8.17881	.021713	.000000
8.19173	.021757	.000000
8.20469	.021819	.000000
8.21769	.021882	.000000
8.23073	.021974	.000000
8.24382	.022068	.000000
8.25694	.022179	.000000
8.27011	.022293	.000000
8.28332	.022429	.000000
8.29658	.022536	.000000
8.30987	.022605	.000000
8.32321	.022709	.000000
8.33659	.022845	.000000
8.35001	.022924	.000000
8.36348	.022997	.000000
8.37699	.023060	.000000
8.39055	.023099	.000000
8.40414	.023154	.000000
8.41779	.023193	.000000
8.43148	.023162	.000000
8.44521	.023148	.000000
8.45899	.023171	.000000
8.47281	.023216	.000000
8.48668	.023252	.000000
8.50059	.023244	.000000
8.51455	.023018	.000000
8.52855	.022471	.000000
8.5426	.021813	.000000
8.5567	.021233	.000000
8.57084	.020830	.000000
8.58503	.020577	.000000
8.59927	.020400	.000000
8.61355	.020324	.000000
8.62788	.020312	.000000
8.64226	.020360	.000000
8.65669	.020454	.000000
8.67116	.020608	.000000
8.68569	.020732	.000000
8.70026	.020901	.000000
8.71489	.021074	.000000
8.72956	.021139	.000000
8.74428	.021026	.000000
8.75905	.020709	.000000
8.77387	.020305	.000000
8.78874	.019955	.000000
8.80366	.019662	.000000
8.81863	.019366	.000000
8.83365	.019082	.000000
8.84872	.018873	.000000
8.86385	.018662	.000000
8.87903	.018462	.000000
8.89426	.018315	.000000
8.90954	.018199	.000000
8.92487	.018098	.000000
8.94026	.018034	.000000
8.9557	.018046	.000000
8.9712	.018232	.000000
8.98675	.018635	.000000
9.00235	.019132	.000000
9.018	.019589	.000000
9.03371	.019838	.000000
9.04948	.019817	.000000
9.0653	.019744	.000000
9.08118	.019723	.000000
9.09711	.019767	.000000
9.1131	.019792	.000000
9.12914	.019892	.000000
9.14524	.020065	.000000
9.1614	.020293	.000000
9.17761	.020527	.000000
9.19388	.020811	.000000
9.21021	.021078	.000000
9.2266	.021412	.000000
9.24305	.021790	.000000
9.25955	.022143	.000000
9.27612	.022513	.000000
9.29274	.022997	.000000
9.30942	.023540	.000000
9.32616	.024089	.000000
9.34297	.024530	.000000
9.35983	.024858	.000000
9.37676	.025069	.000000
9.39374	.025175	.000000
9.41079	.025184	.000000
9.42791	.025144	.000000
9.44508	.025014	.000000
9.46231	.024874	.000000
9.47961	.024749	.000000
9.49697	.024630	.000000
9.5144	.024409	.000000
9.53189	.024156	.000000
9.54944	.023853	.000000
9.56706	.023588	.000000
9.58474	.023329	.000000
9.60249	.022989	.000000
9.62031	.022575	.000000
9.63819	.022074	.000000
9.65614	.021452	.000000
9.67415	.020754	.000000
9.69223	.020195	.000000
9.71038	.020164	.000000
9.7286	.020627	.000000
9.74688	.021176	.000000
9.76524	.021427	.000000
9.78366	.021565	.000000
9.80216	.022041	.000000
9.82073	.022937	.000000
9.83936	.023903	.000000
9.85807	.024657	.000000
9.87684	.025177	.000000
9.89569	.025585	.000000
9.91462	.025868	.000000
9.93361	.026052	.000000
9.95268	.026211	.000000
9.97182	.026367	.000000
9.99103	.026485	.000000
10.01032	.026662	.000000
10.02968	.026888	.000000
10.04912	.027126	.000000
10.06863	.027324	.000000
10.08821	.027572	.000000
10.10788	.027813	.000000
10.12762	.028063	.000000
10.14744	.028389	.000000
10.16734	.028748	.000000
10.18731	.029090	.000000
10.20737	.029468	.000000
10.2275	.029849	.000000
10.24772	.030250	.000000
10.26801	.030642	.000000
10.28838	.031032	.000000
10.30884	.031471	.000000
10.32937	.031916	.000000
10.34999	.032402	.000000
10.37069	.032960	.000000
10.39148	.033469	.000000
10.41234	.033912	.000000
10.43329	.034284	.000000
10.45433	.034626	.000000
10.47545	.034917	.000000
10.49665	.035152	.000000
10.51794	.035491	.000000
10.53932	.036005	.000000
10.56078	.036474	.000000
10.58233	.036907	.000000
10.60398	.037264	.000000
10.62571	.037556	.000000
10.64753	.037709	.000000
10.66944	.037752	.000000
10.69144	.037733	.000000
10.71353	.037706	.000000
10.73571	.037635	.000000
10.75798	.037533	.000000
10.78035	.037456	.000000
10.80281	.037420	.000000
10.82536	.037410	.000000
10.84801	.037462	.000000
10.87075	.037504	.000000
10.89359	.037539	.000000
10.91652	.037637	.000000
10.93955	.037711	.000000
10.96267	.037786	.000000
10.9859	.037928	.000000
11.00923	.038022	.000000
11.03265	.038164	.000000
11.05617	.038262	.000000
11.0798	.038339	.000000
11.10352	.038531	.000000
11.12736	.038707	.000000
11.15129	.038915	.000000
11.17532	.039185	.000000
11.19946	.039492	.000000
11.2237	.039895	.000000
11.24804	.040310	.000000
11.2725	.040644	.000000
11.29706	.040976	.000000
11.32172	.041334	.000000
11.3465	.041576	.000000
11.37138	.041776	.000000
11.39637	.042060	.000000
11.42148	.042353	.000000
11.44669	.042687	.000000
11.472	.042919	.000000
11.49744	.042990	.000000
11.52299	.043038	.000000
11.54866	.043069	.000000
11.57443	.043154	.000000
11.60033	.043317	.000000
11.62634	.043440	.000000
11.65247	.043549	.000000
11.67871	.043766	.000000
11.70508	.043998	.000000
11.73156	.044228	.000000
11.75816	.044487	.000000
11.78488	.044650	.000000
11.81173	.044643	.000000
11.8387	.044570	.000000
11.86579	.044293	.000000
11.89301	.044019	.000000
11.92035	.043925	.000000
11.94782	.044111	.000000
11.97541	.044608	.000000
12.00313	.045264	.000000
12.03098	.045955	.000000
12.05896	.046456	.000000
12.08707	.046765	.000000
12.11531	.046970	.000000
12.14369	.047076	.000000
12.17219	.047011	.000000
12.20083	.046777	.000000
12.2296	.046427	.000000
12.25851	.046017	.000000
12.28756	.045495	.000000
12.31675	.044716	.000000
12.34607	.043771	.000000
12.37554	.042714	.000000
12.40515	.041613	.000000
12.4349	.040438	.000000
12.46479	.039183	.000000
12.49483	.037970	.000000
12.52501	.036840	.000000
12.55534	.035683	.000000
12.58581	.034559	.000000
12.61643	.033542	.000000
12.64721	.032642	.000000
12.67813	.031832	.000000
12.70921	.031051	.000000
12.74043	.030218	.000000
12.77182	.029460	.000000
12.80335	.028823	.000000
12.83504	.028203	.000000
12.86688	.027589	.000000
12.89889	.027004	.000000
12.93106	.026472	.000000
12.96338	.026012	.000000
12.99587	.025472	.000000
13.02853	.025002	.000000
13.06134	.024540	.000000
13.09433	.023993	.000000
13.12748	.023559	.000000
13.1608	.023193	.000000
13.19429	.022749	.000000
13.22795	.022214	.000000
13.26178	.021763	.000000
13.29579	.021429	.000000
13.32996	.021022	.000000
13.36432	.020596	.000000
13.39885	.020243	.000000
13.43356	.019838	.000000
13.46846	.019337	.000000
13.50353	.018906	.000000
13.53879	.018480	.000000
13.57423	.018126	.000000
13.60985	.017766	.000000
13.64567	.017340	.000000
13.68167	.016933	.000000
13.71787	.016570	.000000
13.75426	.016208	.000000
13.79084	.015709	.000000
13.82761	.015223	.000000
13.86459	.014837	.000000
13.90177	.014390	.000000
13.93914	.014043	.000000
13.97672	.013780	.000000
14.01449	.013594	.000000
14.05247	.013590	.000000
14.09066	.013648	.000000
14.12905	.013657	.000000
14.16766	.013707	.000000
14.20647	.013809	.000000
14.2455	.014001	.000000
14.28474	.014172	.000000
14.3242	.014415	.000000
14.36388	.014624	.000000
14.40378	.014799	.000000
14.44391	.014847	.000000
14.48425	.014791	.000000
14.52482	.014580	.000000
14.56562	.014269	.000000
14.60665	.014001	.000000
14.64791	.013651	.000000
14.68941	.013252	.000000
14.73114	.012964	.000000
14.77311	.012680	.000000
14.81532	.012395	.000000
14.85777	.012105	.000000
14.90046	.011825	.000000
14.9434	.011604	.000000
14.98659	.011341	.000000
15.03003	.011078	.000000
15.07372	.010900	.000000
15.11767	.010717	.000000
15.16188	.010504	.000000
15.20636	.010312	.000000
15.25108	.010195	.000000
15.29607	.010059	.000000
15.34133	.010023	.000000
15.38685	.010048	.000000
15.43265	.010105	.000000
15.47871	.010238	.000000
15.52506	.010395	.000000
15.57167	.010472	.000000
15.61858	.010627	.000000
15.66576	.010884	.000000
15.71324	.011080	.000000
15.761	.011307	.000000
15.80905	.011558	.000000
15.8574	.011719	.000000
15.90604	.011997	.000000
15.95498	.012521	.000000
16.00422	.013114	.000000
16.05377	.013582	.000000
16.10363	.013941	.000000
16.1538	.014221	.000000
16.20428	.014707	.000000
16.25507	.015457	.000000
16.30619	.016321	.000000
16.35763	.017104	.000000
16.40939	.017714	.000000
16.46148	.017798	.000000
16.51391	.017495	.000000
16.56667	.017240	.000000
16.61977	.016977	.000000
16.67321	.016877	.000000
16.727	.017037	.000000
16.78112	.017086	.000000
16.83561	.016977	.000000
16.89045	.016964	.000000
16.94564	.016985	.000000
17.00121	.016852	.000000
17.05713	.016804	.000000
17.11343	.016781	.000000
17.17009	.016908	.000000
17.22716	.017038	.000000
17.28459	.017025	.000000
17.34239	.017104	.000000
17.40059	.017322	.000000
17.45918	.017378	.000000
17.51816	.017428	.000000
17.57755	.017453	.000000
17.63734	.017470	.000000
17.69753	.017620	.000000
17.75813	.017808	.000000
17.81916	.017841	.000000
17.88061	.017879	.000000
17.94248	.017981	.000000
18.00478	.018113	.000000
18.06752	.018313	.000000
18.13069	.018424	.000000
18.1943	.018520	.000000
18.25837	.018806	.000000
18.32288	.019025	.000000
18.38786	.019124	.000000
18.4533	.019234	.000000
18.5192	.019318	.000000
18.58558	.019462	.000000
18.65244	.019614	.000000
18.71977	.019577	.000000
18.78759	.019664	.000000
18.85591	.019882	.000000
18.92473	.019915	.000000
18.99405	.019976	.000000
19.06388	.020095	.000000
19.13423	.020067	.000000
19.2051	.020145	.000000
19.27651	.020232	.000000
19.34844	.020395	.000000
19.4209	.020395	.000000
19.49392	.020166	.000000
19.56748	.020042	.000000
19.6416	.019986	.000000
19.71628	.020044	.000000
19.79152	.020374	.000000
19.86735	.020640	.000000
19.94376	.020823	.000000
20.02076	.020995	.000000
20.09836	.021212	.000000
20.17656	.021427	.000000
20.25538	.021684	.000000
20.33483	.021893	.000000
20.41489	.021861	.000000
20.49558	.021844	.000000
20.57691	.022078	.000000
20.65889	.022128	.000000
20.74153	.022129	.000000
20.82483	.022279	.000000
20.90878	.022398	.000000
20.99343	.022387	.000000
21.07877	.022502	.000000
21.16481	.022561	.000000
21.25155	.022440	.000000
21.339	.022139	.000000
21.42718	.022129	.000000
21.51611	.022231	.000000
21.60576	.022055	.000000
21.69616	.021997	.000000
21.78732	.021744	.000000
21.87925	.021358	.000000
21.97196	.021264	.000000
22.06546	.020999	.000000
22.15973	.020234	.000000
22.25484	.019900	.000000
22.35076	.020157	.000000
22.44752	.020086	.000000
22.54512	.020381	.000000
22.64357	.021009	.000000
22.74288	.021024	.000000
22.8431	.020792	.000000
22.94417	.020871	.000000
23.04615	.021427	.000000
23.14903	.022124	.000000
23.25284	.022807	.000000
23.35758	.023262	.000000
23.46327	.023173	.000000
23.5699	.023123	.000000
23.67752	.023141	.000000
23.78613	.023624	.000000
23.89575	.024037	.000000
24.00638	.024613	.000000
24.11803	.025432	.000000
24.23073	.026023	.000000
24.34452	.026758	.000000
24.45936	.027320	.000000
24.57528	.026791	.000000
24.6923	.026670	.000000
24.81045	.027293	.000000
24.92973	.027610	.000000
25.05016	.027276	.000000
