Brown University Keck/NASA Relab Spectrum JB-JLB-G87/BKR1JBG87
Wavelength(micron)	Reflectance
0.3	0.01998
0.305	0.01933
0.31	0.01924
0.315	0.01977
0.32	0.02047
0.325	0.02139
0.33	0.02259
0.335	0.02409
0.34	0.02596
0.345	0.02827
0.35	0.03131
0.355	0.03602
0.36	0.04312
0.365	0.05214
0.37	0.05981
0.375	0.06736
0.38	0.08119
0.385	0.09165
0.39	0.10909
0.395	0.13153
0.4	0.15801
0.405	0.18180
0.41	0.20165
0.415	0.21439
0.42	0.22046
0.425	0.21972
0.43	0.21584
0.435	0.21288
0.44	0.22870
0.445	0.25237
0.45	0.27516
0.455	0.29411
0.46	0.30650
0.465	0.31513
0.47	0.31960
0.475	0.32957
0.48	0.33693
0.485	0.34556
0.49	0.35605
0.495	0.36600
0.5	0.37982
0.505	0.39481
0.51	0.41104
0.515	0.42735
0.52	0.44609
0.525	0.46504
0.53	0.48662
0.535	0.50771
0.54	0.53148
0.545	0.55066
0.55	0.57082
0.555	0.58864
0.56	0.60648
0.565	0.62036
0.57	0.63470
0.575	0.64337
0.58	0.65315
0.585	0.65878
0.59	0.66372
0.595	0.66756
0.6	0.67450
0.605	0.67526
0.61	0.68044
0.615	0.67961
0.62	0.68332
0.625	0.68553
0.63	0.68713
0.635	0.69202
0.64	0.69576
0.645	0.69497
0.65	0.69924
0.655	0.70276
0.66	0.71066
0.665	0.70756
0.67	0.71232
0.675	0.71259
0.68	0.72290
0.685	0.72406
0.69	0.72761
0.695	0.73163
0.7	0.73586
0.705	0.73966
0.71	0.74383
0.715	0.74500
0.72	0.74674
0.725	0.74842
0.73	0.74907
0.735	0.74780
0.74	0.74659
0.745	0.74405
0.75	0.74111
0.755	0.73781
0.76	0.73478
0.765	0.73018
0.77	0.72693
0.775	0.72041
0.78	0.71533
0.785	0.70761
0.79	0.70239
0.795	0.69552
0.8	0.68974
0.805	0.68300
0.81	0.67635
0.815	0.67212
0.82	0.66602
0.825	0.66100
0.83	0.65737
0.835	0.64904
0.84	0.64476
0.845	0.64234
0.85	0.63758
0.855	0.63449
0.86	0.63017
0.865	0.62517
0.87	0.62364
0.875	0.61897
0.88	0.61781
0.885	0.61535
0.89	0.61236
0.895	0.61196
0.9	0.60950
0.905	0.60875
0.91	0.60696
0.915	0.60600
0.92	0.60630
0.925	0.60776
0.93	0.60538
0.935	0.60739
0.94	0.60755
0.945	0.60862
0.95	0.60981
0.955	0.61129
0.96	0.61232
0.965	0.61415
0.97	0.61522
0.975	0.61892
0.98	0.61927
0.985	0.62318
0.99	0.62486
0.995	0.62798
1	0.63012
1.005	0.63463
1.01	0.63698
1.015	0.64056
1.02	0.64461
1.025	0.64854
1.03	0.65107
1.035	0.65549
1.04	0.65983
1.045	0.66389
1.05	0.66654
1.055	0.67097
1.06	0.67440
1.065	0.67818
1.07	0.68162
1.075	0.68575
1.08	0.68858
1.085	0.69243
1.09	0.69609
1.095	0.69902
1.1	0.70280
1.105	0.70620
1.11	0.70949
1.115	0.71278
1.12	0.71580
1.125	0.71967
1.13	0.72125
1.135	0.72577
1.14	0.72817
1.145	0.73150
1.15	0.73346
1.155	0.73706
1.16	0.73872
1.165	0.74099
1.17	0.74299
1.175	0.74542
1.18	0.74800
1.185	0.75049
1.19	0.75293
1.195	0.75636
1.2	0.75917
1.205	0.76203
1.21	0.76395
1.215	0.76863
1.22	0.77142
1.225	0.77448
1.23	0.77713
1.235	0.77956
1.24	0.78357
1.245	0.78612
1.25	0.78925
1.255	0.79250
1.26	0.79478
1.265	0.79864
1.27	0.80082
1.275	0.80441
1.28	0.80522
1.285	0.80794
1.29	0.81041
1.295	0.81287
1.3	0.81491
1.305	0.81704
1.31	0.81886
1.315	0.82066
1.32	0.82290
1.325	0.82380
1.33	0.82446
1.3303	0.82448
1.3305	0.82449
1.3307	0.82447
1.3308	0.82454
1.331	0.82460
1.3312	0.82465
1.3314	0.82485
1.3315	0.82493
1.3317	0.82490
1.3319	0.82504
1.332	0.82506
1.3322	0.82490
1.3324	0.82494
1.3326	0.82499
1.3327	0.82494
1.3329	0.82502
1.3331	0.82504
1.3332	0.82506
1.3334	0.82520
1.3336	0.82526
1.3338	0.82504
1.3339	0.82501
1.3341	0.82504
1.3343	0.82518
1.3344	0.82542
1.3346	0.82541
1.3348	0.82525
1.335	0.82496
1.3351	0.82503
1.3353	0.82539
1.3355	0.82551
1.3356	0.82542
1.3358	0.82551
1.336	0.82568
1.3362	0.82562
1.3363	0.82547
1.3365	0.82548
1.3367	0.82561
1.3368	0.82548
1.337	0.82538
1.3372	0.82557
1.3374	0.82569
1.3375	0.82582
1.3377	0.82574
1.3379	0.82556
1.3381	0.82556
1.3382	0.82578
1.3384	0.82593
1.3386	0.82582
1.3388	0.82580
1.3389	0.82579
1.3391	0.82596
1.3393	0.82614
1.3394	0.82609
1.3396	0.82590
1.3398	0.82590
1.34	0.82580
1.3401	0.82560
1.3403	0.82552
1.3405	0.82565
1.3407	0.82573
1.3408	0.82580
1.341	0.82581
1.3412	0.82575
1.3413	0.82582
1.3415	0.82606
1.3417	0.82603
1.3419	0.82600
1.342	0.82605
1.3422	0.82599
1.3424	0.82594
1.3426	0.82581
1.3427	0.82590
1.3429	0.82603
1.3431	0.82591
1.3433	0.82575
1.3434	0.82582
1.3436	0.82594
1.3438	0.82595
1.3439	0.82581
1.3441	0.82595
1.3443	0.82602
1.3445	0.82589
1.3447	0.82595
1.3448	0.82597
1.345	0.82614
1.3452	0.82621
1.3453	0.82608
1.3455	0.82610
1.3457	0.82600
1.3459	0.82591
1.3461	0.82608
1.3462	0.82610
1.3464	0.82584
1.3466	0.82591
1.3468	0.82603
1.3469	0.82607
1.3471	0.82600
1.3473	0.82586
1.3474	0.82564
1.3476	0.82558
1.3478	0.82591
1.348	0.82617
1.3482	0.82604
1.3483	0.82601
1.3485	0.82590
1.3487	0.82580
1.3488	0.82588
1.349	0.82599
1.3492	0.82594
1.3494	0.82574
1.3496	0.82571
1.3497	0.82566
1.3499	0.82553
1.3501	0.82541
1.3503	0.82539
1.3504	0.82547
1.3506	0.82553
1.3508	0.82554
1.351	0.82558
1.3511	0.82559
1.3513	0.82561
1.3515	0.82557
1.3517	0.82556
1.3518	0.82551
1.352	0.82553
1.3522	0.82557
1.3524	0.82542
1.3525	0.82524
1.3527	0.82530
1.3529	0.82542
1.3531	0.82540
1.3533	0.82541
1.3534	0.82537
1.3536	0.82543
1.3538	0.82543
1.354	0.82534
1.3541	0.82543
1.3543	0.82544
1.3545	0.82537
1.3547	0.82523
1.3548	0.82516
1.355	0.82520
1.3552	0.82538
1.3554	0.82534
1.3556	0.82523
1.3557	0.82514
1.3559	0.82504
1.3561	0.82517
1.3563	0.82524
1.3564	0.82512
1.3566	0.82504
1.3568	0.82504
1.357	0.82508
1.3572	0.82502
1.3573	0.82510
1.3575	0.82522
1.3577	0.82515
1.3579	0.82515
1.358	0.82499
1.3582	0.82473
1.3584	0.82463
1.3586	0.82475
1.3588	0.82485
1.3589	0.82473
1.3591	0.82464
1.3593	0.82465
1.3595	0.82480
1.3596	0.82488
1.3598	0.82489
1.36	0.82486
1.3602	0.82488
1.3603	0.82493
1.3605	0.82488
1.3607	0.82485
1.3609	0.82482
1.3611	0.82472
1.3612	0.82468
1.3614	0.82476
1.3616	0.82481
1.3618	0.82471
1.362	0.82456
1.3621	0.82453
1.3623	0.82477
1.3625	0.82498
1.3627	0.82499
1.3628	0.82482
1.363	0.82480
1.3632	0.82493
1.3634	0.82504
1.3636	0.82482
1.3638	0.82454
1.3639	0.82448
1.3641	0.82459
1.3643	0.82456
1.3645	0.82458
1.3647	0.82458
1.3648	0.82450
1.365	0.82461
1.3652	0.82471
1.3654	0.82469
1.3655	0.82453
1.3657	0.82437
1.3659	0.82440
1.3661	0.82455
1.3663	0.82459
1.3664	0.82442
1.3666	0.82426
1.3668	0.82423
1.367	0.82427
1.3672	0.82448
1.3673	0.82451
1.3675	0.82434
1.3677	0.82416
1.3679	0.82407
1.3681	0.82401
1.3683	0.82407
1.3684	0.82435
1.3686	0.82442
1.3688	0.82434
1.369	0.82428
1.3692	0.82413
1.3693	0.82389
1.3695	0.82388
1.3697	0.82395
1.3699	0.82388
1.3701	0.82383
1.3702	0.82400
1.3704	0.82415
1.3706	0.82403
1.3708	0.82386
1.371	0.82385
1.3711	0.82393
1.3713	0.82397
1.3715	0.82392
1.3717	0.82375
1.3719	0.82363
1.3721	0.82368
1.3722	0.82356
1.3724	0.82352
1.3726	0.82358
1.3728	0.82354
1.373	0.82344
1.3731	0.82355
1.3733	0.82365
1.3735	0.82357
1.3737	0.82347
1.3739	0.82331
1.3741	0.82311
1.3742	0.82314
1.3744	0.82332
1.3746	0.82339
1.3748	0.82339
1.375	0.82345
1.3751	0.82330
1.3753	0.82318
1.3755	0.82317
1.3757	0.82306
1.3759	0.82309
1.3761	0.82316
1.3762	0.82311
1.3764	0.82286
1.3766	0.82276
1.3768	0.82283
1.377	0.82289
1.3772	0.82283
1.3773	0.82277
1.3775	0.82283
1.3777	0.82288
1.3779	0.82285
1.3781	0.82271
1.3783	0.82257
1.3784	0.82257
1.3786	0.82271
1.3788	0.82270
1.379	0.82261
1.3792	0.82233
1.3793	0.82231
1.3795	0.82252
1.3797	0.82255
1.3799	0.82247
1.3801	0.82225
1.3803	0.82213
1.3804	0.82222
1.3806	0.82227
1.3808	0.82221
1.381	0.82205
1.3812	0.82195
1.3814	0.82191
1.3816	0.82191
1.3817	0.82186
1.3819	0.82196
1.3821	0.82187
1.3823	0.82165
1.3825	0.82166
1.3827	0.82175
1.3828	0.82198
1.383	0.82215
1.3832	0.82190
1.3834	0.82158
1.3836	0.82153
1.3838	0.82154
1.3839	0.82164
1.3841	0.82171
1.3843	0.82148
1.3845	0.82146
1.3847	0.82157
1.3849	0.82151
1.3851	0.82131
1.3853	0.82119
1.3854	0.82125
1.3856	0.82107
1.3858	0.82106
1.386	0.82112
1.3862	0.82104
1.3864	0.82096
1.3865	0.82084
1.3867	0.82079
1.3869	0.82088
1.3871	0.82076
1.3873	0.82056
1.3875	0.82052
1.3877	0.82041
1.3878	0.82041
1.388	0.82064
1.3882	0.82068
1.3884	0.82047
1.3886	0.82007
1.3888	0.82001
1.389	0.82003
1.3891	0.81987
1.3893	0.81976
1.3895	0.81972
1.3897	0.81952
1.3899	0.81947
1.3901	0.81954
1.3903	0.81935
1.3904	0.81911
1.3906	0.81921
1.3908	0.81929
1.391	0.81908
1.3912	0.81905
1.3914	0.81901
1.3916	0.81885
1.3918	0.81852
1.3919	0.81835
1.3921	0.81831
1.3923	0.81835
1.3925	0.81837
1.3927	0.81825
1.3929	0.81811
1.3931	0.81798
1.3933	0.81808
1.3934	0.81804
1.3936	0.81784
1.3938	0.81780
1.394	0.81772
1.3942	0.81758
1.3944	0.81738
1.3946	0.81703
1.3948	0.81693
1.3949	0.81697
1.3951	0.81697
1.3953	0.81688
1.3955	0.81673
1.3957	0.81665
1.3959	0.81672
1.3961	0.81667
1.3963	0.81645
1.3964	0.81618
1.3966	0.81599
1.3968	0.81595
1.397	0.81602
1.3972	0.81587
1.3974	0.81571
1.3976	0.81552
1.3978	0.81538
1.3979	0.81533
1.3981	0.81539
1.3983	0.81549
1.3985	0.81537
1.3987	0.81499
1.3989	0.81467
1.3991	0.81468
1.3993	0.81454
1.3994	0.81431
1.3996	0.81407
1.3998	0.81382
1.4	0.81371
1.4002	0.81347
1.4004	0.81326
1.4006	0.81317
1.4008	0.81300
1.401	0.81280
1.4012	0.81247
1.4013	0.81214
1.4015	0.81198
1.4017	0.81191
1.4019	0.81178
1.4021	0.81154
1.4023	0.81133
1.4025	0.81121
1.4027	0.81097
1.4029	0.81080
1.4031	0.81071
1.4032	0.81046
1.4034	0.81014
1.4036	0.80993
1.4038	0.80969
1.404	0.80943
1.4042	0.80919
1.4044	0.80897
1.4046	0.80874
1.4048	0.80855
1.4049	0.80847
1.4051	0.80825
1.4053	0.80794
1.4055	0.80783
1.4057	0.80761
1.4059	0.80719
1.4061	0.80680
1.4063	0.80658
1.4065	0.80644
1.4067	0.80623
1.4069	0.80593
1.4071	0.80554
1.4072	0.80528
1.4074	0.80493
1.4076	0.80477
1.4078	0.80468
1.408	0.80448
1.4082	0.80411
1.4084	0.80374
1.4086	0.80352
1.4088	0.80310
1.409	0.80266
1.4092	0.80242
1.4093	0.80223
1.4095	0.80213
1.4097	0.80177
1.4099	0.80135
1.4101	0.80115
1.4103	0.80084
1.4105	0.80027
1.4107	0.79996
1.4109	0.79962
1.4111	0.79909
1.4113	0.79874
1.4114	0.79859
1.4117	0.79844
1.4118	0.79798
1.412	0.79745
1.4122	0.79692
1.4124	0.79645
1.4126	0.79618
1.4128	0.79589
1.413	0.79556
1.4132	0.79510
1.4134	0.79458
1.4136	0.79394
1.4138	0.79357
1.414	0.79310
1.4142	0.79247
1.4143	0.79189
1.4145	0.79119
1.4147	0.79062
1.4149	0.79023
1.4151	0.78949
1.4153	0.78901
1.4155	0.78903
1.4157	0.78891
1.4159	0.78877
1.4161	0.78877
1.4163	0.78906
1.4165	0.78917
1.4167	0.78893
1.4168	0.78882
1.4171	0.78875
1.4172	0.78863
1.4174	0.78843
1.4176	0.78825
1.4178	0.78830
1.418	0.78800
1.4182	0.78760
1.4184	0.78735
1.4186	0.78697
1.4188	0.78668
1.419	0.78657
1.4192	0.78624
1.4194	0.78580
1.4196	0.78556
1.4198	0.78512
1.42	0.78465
1.4202	0.78439
1.4203	0.78402
1.4205	0.78370
1.4207	0.78318
1.4209	0.78276
1.4211	0.78246
1.4213	0.78200
1.4215	0.78141
1.4217	0.78106
1.4219	0.78096
1.4221	0.78082
1.4223	0.78044
1.4225	0.77996
1.4227	0.77962
1.4229	0.77934
1.4231	0.77897
1.4233	0.77859
1.4235	0.77825
1.4237	0.77783
1.4239	0.77744
1.4241	0.77705
1.4243	0.77675
1.4244	0.77645
1.4246	0.77606
1.4248	0.77565
1.425	0.77525
1.4252	0.77498
1.4254	0.77476
1.4256	0.77438
1.4258	0.77399
1.426	0.77386
1.4262	0.77350
1.4264	0.77317
1.4266	0.77297
1.4268	0.77273
1.427	0.77239
1.4272	0.77201
1.4274	0.77174
1.4276	0.77145
1.4278	0.77120
1.428	0.77097
1.4282	0.77060
1.4284	0.77038
1.4286	0.77031
1.4288	0.77004
1.429	0.76963
1.4292	0.76947
1.4293	0.76925
1.4296	0.76889
1.4298	0.76861
1.4299	0.76815
1.4301	0.76788
1.4303	0.76770
1.4305	0.76729
1.4307	0.76696
1.4309	0.76669
1.4311	0.76635
1.4313	0.76601
1.4315	0.76563
1.4317	0.76520
1.4319	0.76481
1.4321	0.76434
1.4323	0.76401
1.4325	0.76368
1.4327	0.76326
1.4329	0.76276
1.4331	0.76205
1.4333	0.76146
1.4335	0.76119
1.4337	0.76083
1.4339	0.76031
1.4341	0.75971
1.4343	0.75911
1.4345	0.75861
1.4347	0.75804
1.4349	0.75743
1.4351	0.75693
1.4353	0.75639
1.4355	0.75569
1.4357	0.75507
1.4359	0.75447
1.4361	0.75393
1.4363	0.75329
1.4365	0.75268
1.4367	0.75208
1.4369	0.75139
1.4371	0.75059
1.4373	0.74983
1.4375	0.74928
1.4377	0.74884
1.4379	0.74817
1.4381	0.74731
1.4383	0.74657
1.4385	0.74590
1.4387	0.74529
1.4389	0.74456
1.4391	0.74369
1.4393	0.74297
1.4395	0.74239
1.4397	0.74163
1.4399	0.74087
1.4401	0.74027
1.4403	0.73953
1.4405	0.73875
1.4407	0.73816
1.4409	0.73763
1.4411	0.73686
1.4413	0.73609
1.4415	0.73549
1.4417	0.73496
1.4419	0.73434
1.4421	0.73372
1.4423	0.73316
1.4425	0.73248
1.4427	0.73182
1.4429	0.73117
1.4431	0.73063
1.4433	0.73015
1.4435	0.72966
1.4437	0.72914
1.4439	0.72848
1.4441	0.72818
1.4443	0.72787
1.4445	0.72746
1.4447	0.72701
1.4449	0.72651
1.4451	0.72619
1.4453	0.72602
1.4455	0.72588
1.4457	0.72561
1.4459	0.72528
1.4461	0.72517
1.4463	0.72518
1.4465	0.72508
1.4467	0.72507
1.4469	0.72513
1.4471	0.72528
1.4473	0.72521
1.4475	0.72515
1.4477	0.72524
1.4479	0.72555
1.4481	0.72584
1.4483	0.72617
1.4485	0.72640
1.4487	0.72650
1.4489	0.72680
1.4491	0.72721
1.4493	0.72757
1.4495	0.72780
1.4497	0.72817
1.4499	0.72857
1.4501	0.72885
1.4503	0.72933
1.4506	0.72989
1.4508	0.73038
1.4509	0.73059
1.4512	0.73086
1.4514	0.73127
1.4516	0.73166
1.4518	0.73203
1.452	0.73243
1.4522	0.73280
1.4524	0.73321
1.4526	0.73361
1.4528	0.73397
1.453	0.73426
1.4532	0.73454
1.4534	0.73485
1.4536	0.73518
1.4538	0.73531
1.454	0.73560
1.4542	0.73596
1.4544	0.73624
1.4546	0.73654
1.4548	0.73669
1.455	0.73681
1.4552	0.73697
1.4554	0.73711
1.4556	0.73728
1.4558	0.73748
1.4561	0.73770
1.4563	0.73771
1.4565	0.73794
1.4567	0.73823
1.4569	0.73828
1.4571	0.73836
1.4573	0.73826
1.4575	0.73794
1.4577	0.73796
1.4579	0.73818
1.4581	0.73823
1.4583	0.73834
1.4585	0.73846
1.4587	0.73861
1.4589	0.73871
1.4591	0.73871
1.4593	0.73872
1.4595	0.73849
1.4597	0.73831
1.4599	0.73836
1.4602	0.73841
1.4603	0.73823
1.4606	0.73812
1.4608	0.73808
1.461	0.73788
1.4612	0.73780
1.4614	0.73788
1.4616	0.73793
1.4618	0.73785
1.462	0.73759
1.4622	0.73736
1.4624	0.73744
1.4626	0.73746
1.4628	0.73728
1.463	0.73706
1.4632	0.73689
1.4634	0.73659
1.4637	0.73641
1.4639	0.73654
1.4641	0.73646
1.4643	0.73611
1.4645	0.73594
1.4647	0.73598
1.4649	0.73576
1.4651	0.73544
1.4653	0.73534
1.4655	0.73548
1.4657	0.73557
1.4659	0.73551
1.4661	0.73537
1.4663	0.73519
1.4666	0.73525
1.4668	0.73534
1.467	0.73532
1.4672	0.73517
1.4674	0.73525
1.4676	0.73526
1.4678	0.73518
1.468	0.73528
1.4682	0.73541
1.4684	0.73540
1.4686	0.73545
1.4688	0.73555
1.469	0.73559
1.4693	0.73570
1.4695	0.73562
1.4697	0.73569
1.4699	0.73585
1.4701	0.73611
1.4703	0.73623
1.4705	0.73625
1.4707	0.73625
1.4709	0.73629
1.4711	0.73644
1.4713	0.73672
1.4715	0.73698
1.4718	0.73724
1.472	0.73751
1.4722	0.73771
1.4724	0.73791
1.4726	0.73792
1.4728	0.73811
1.473	0.73847
1.4732	0.73877
1.4734	0.73897
1.4736	0.73923
1.4738	0.73959
1.4741	0.73985
1.4743	0.74006
1.4745	0.74027
1.4747	0.74057
1.4749	0.74090
1.4751	0.74116
1.4753	0.74133
1.4755	0.74152
1.4757	0.74185
1.4759	0.74209
1.4762	0.74232
1.4764	0.74263
1.4766	0.74287
1.4768	0.74306
1.477	0.74343
1.4772	0.74360
1.4774	0.74372
1.4776	0.74413
1.4778	0.74446
1.4781	0.74452
1.4783	0.74463
1.4785	0.74488
1.4787	0.74507
1.4789	0.74513
1.4791	0.74509
1.4793	0.74511
1.4795	0.74524
1.4797	0.74546
1.4799	0.74570
1.4802	0.74584
1.4804	0.74573
1.4806	0.74566
1.4808	0.74584
1.481	0.74588
1.4812	0.74585
1.4814	0.74579
1.4816	0.74569
1.4818	0.74581
1.4821	0.74583
1.4823	0.74575
1.4825	0.74560
1.4827	0.74564
1.4829	0.74557
1.4831	0.74555
1.4833	0.74550
1.4835	0.74525
1.4838	0.74498
1.484	0.74492
1.4842	0.74498
1.4844	0.74492
1.4846	0.74470
1.4848	0.74446
1.485	0.74426
1.4852	0.74425
1.4855	0.74428
1.4857	0.74416
1.4859	0.74400
1.4861	0.74375
1.4863	0.74346
1.4865	0.74344
1.4867	0.74349
1.4869	0.74346
1.4872	0.74338
1.4874	0.74333
1.4876	0.74330
1.4878	0.74314
1.488	0.74295
1.4882	0.74291
1.4884	0.74285
1.4887	0.74273
1.4889	0.74276
1.4891	0.74289
1.4893	0.74282
1.4895	0.74265
1.4897	0.74258
1.4899	0.74264
1.4902	0.74260
1.4904	0.74246
1.4906	0.74249
1.4908	0.74244
1.491	0.74243
1.4912	0.74264
1.4914	0.74282
1.4917	0.74282
1.4919	0.74284
1.4921	0.74293
1.4923	0.74327
1.4925	0.74346
1.4927	0.74336
1.4929	0.74342
1.4932	0.74362
1.4934	0.74393
1.4936	0.74409
1.4938	0.74416
1.494	0.74424
1.4942	0.74441
1.4944	0.74469
1.4947	0.74495
1.4949	0.74535
1.4951	0.74561
1.4953	0.74590
1.4955	0.74620
1.4957	0.74619
1.496	0.74625
1.4962	0.74671
1.4964	0.74718
1.4966	0.74736
1.4968	0.74758
1.497	0.74792
1.4973	0.74829
1.4975	0.74849
1.4977	0.74865
1.4979	0.74904
1.4981	0.74948
1.4983	0.74975
1.4986	0.75004
1.4988	0.75038
1.499	0.75076
1.4992	0.75113
1.4994	0.75134
1.4996	0.75164
1.4998	0.75183
1.5001	0.75203
1.5003	0.75227
1.5005	0.75257
1.5007	0.75290
1.5009	0.75325
1.5012	0.75357
1.5014	0.75384
1.5016	0.75415
1.5018	0.75443
1.502	0.75469
1.5022	0.75502
1.5025	0.75534
1.5027	0.75549
1.5029	0.75560
1.5031	0.75586
1.5033	0.75621
1.5036	0.75655
1.5038	0.75672
1.504	0.75690
1.5042	0.75697
1.5044	0.75724
1.5046	0.75759
1.5049	0.75778
1.5051	0.75797
1.5053	0.75825
1.5055	0.75852
1.5057	0.75856
1.5059	0.75878
1.5062	0.75889
1.5064	0.75901
1.5066	0.75929
1.5068	0.75936
1.5071	0.75949
1.5073	0.75970
1.5075	0.75988
1.5077	0.76013
1.5079	0.76038
1.5081	0.76042
1.5084	0.76038
1.5086	0.76053
1.5088	0.76081
1.509	0.76102
1.5092	0.76110
1.5095	0.76106
1.5097	0.76110
1.5099	0.76133
1.5101	0.76159
1.5103	0.76170
1.5106	0.76175
1.5108	0.76188
1.511	0.76194
1.5112	0.76203
1.5114	0.76211
1.5117	0.76217
1.5119	0.76228
1.5121	0.76239
1.5123	0.76236
1.5125	0.76240
1.5128	0.76248
1.513	0.76255
1.5132	0.76275
1.5134	0.76281
1.5137	0.76270
1.5139	0.76282
1.5141	0.76288
1.5143	0.76288
1.5145	0.76302
1.5148	0.76320
1.515	0.76324
1.5152	0.76322
1.5154	0.76325
1.5156	0.76330
1.5159	0.76340
1.5161	0.76350
1.5163	0.76352
1.5165	0.76355
1.5167	0.76363
1.517	0.76368
1.5172	0.76369
1.5174	0.76364
1.5176	0.76365
1.5178	0.76368
1.5181	0.76381
1.5183	0.76393
1.5185	0.76384
1.5187	0.76390
1.519	0.76390
1.5192	0.76398
1.5194	0.76394
1.5196	0.76396
1.5199	0.76398
1.5201	0.76393
1.5203	0.76400
1.5205	0.76406
1.5208	0.76397
1.521	0.76398
1.5212	0.76397
1.5214	0.76395
1.5216	0.76407
1.5219	0.76420
1.5221	0.76434
1.5223	0.76439
1.5225	0.76419
1.5228	0.76398
1.523	0.76396
1.5232	0.76398
1.5234	0.76416
1.5237	0.76421
1.5239	0.76404
1.5241	0.76399
1.5243	0.76397
1.5246	0.76394
1.5248	0.76384
1.525	0.76386
1.5252	0.76398
1.5254	0.76412
1.5257	0.76415
1.5259	0.76396
1.5261	0.76386
1.5263	0.76394
1.5266	0.76397
1.5268	0.76386
1.527	0.76375
1.5272	0.76370
1.5275	0.76370
1.5277	0.76364
1.5279	0.76362
1.5281	0.76364
1.5284	0.76365
1.5286	0.76359
1.5288	0.76344
1.5291	0.76349
1.5293	0.76367
1.5295	0.76356
1.5297	0.76344
1.5299	0.76349
1.5302	0.76341
1.5304	0.76341
1.5306	0.76345
1.5308	0.76344
1.5311	0.76333
1.5313	0.76334
1.5315	0.76347
1.5318	0.76347
1.532	0.76341
1.5322	0.76328
1.5324	0.76325
1.5327	0.76319
1.5329	0.76310
1.5331	0.76314
1.5333	0.76323
1.5336	0.76306
1.5338	0.76290
1.534	0.76283
1.5343	0.76286
1.5345	0.76270
1.5347	0.76271
1.5349	0.76293
1.5352	0.76310
1.5354	0.76313
1.5356	0.76304
1.5358	0.76307
1.5361	0.76319
1.5363	0.76322
1.5365	0.76313
1.5368	0.76314
1.537	0.76320
1.5372	0.76328
1.5374	0.76333
1.5377	0.76334
1.5379	0.76346
1.5381	0.76358
1.5383	0.76366
1.5386	0.76371
1.5388	0.76368
1.539	0.76372
1.5393	0.76385
1.5395	0.76406
1.5397	0.76409
1.5399	0.76429
1.5402	0.76448
1.5404	0.76460
1.5406	0.76471
1.5409	0.76480
1.5411	0.76502
1.5413	0.76519
1.5416	0.76529
1.5418	0.76545
1.542	0.76565
1.5422	0.76578
1.5425	0.76595
1.5427	0.76615
1.5429	0.76635
1.5432	0.76661
1.5434	0.76696
1.5436	0.76714
1.5438	0.76741
1.5441	0.76758
1.5443	0.76768
1.5445	0.76809
1.5448	0.76829
1.545	0.76845
1.5452	0.76884
1.5454	0.76907
1.5457	0.76912
1.5459	0.76945
1.5461	0.76987
1.5464	0.77002
1.5466	0.77016
1.5468	0.77038
1.5471	0.77072
1.5473	0.77099
1.5475	0.77115
1.5478	0.77158
1.548	0.77199
1.5482	0.77218
1.5484	0.77240
1.5487	0.77275
1.5489	0.77293
1.5492	0.77309
1.5494	0.77340
1.5496	0.77367
1.5498	0.77388
1.5501	0.77419
1.5503	0.77469
1.5505	0.77509
1.5508	0.77510
1.551	0.77518
1.5512	0.77553
1.5515	0.77589
1.5517	0.77612
1.5519	0.77641
1.5522	0.77674
1.5524	0.77705
1.5526	0.77741
1.5529	0.77759
1.5531	0.77781
1.5533	0.77812
1.5536	0.77830
1.5538	0.77845
1.554	0.77876
1.5543	0.77905
1.5545	0.77940
1.5547	0.77961
1.5549	0.77981
1.5552	0.78011
1.5554	0.78048
1.5557	0.78068
1.5559	0.78097
1.5561	0.78125
1.5564	0.78128
1.5566	0.78135
1.5568	0.78150
1.5571	0.78181
1.5573	0.78216
1.5575	0.78244
1.5578	0.78272
1.558	0.78298
1.5582	0.78315
1.5585	0.78355
1.5587	0.78382
1.5589	0.78388
1.5592	0.78404
1.5594	0.78438
1.5596	0.78449
1.5599	0.78458
1.5601	0.78481
1.5603	0.78513
1.5606	0.78534
1.5608	0.78549
1.561	0.78583
1.5613	0.78614
1.5615	0.78608
1.5618	0.78622
1.562	0.78648
1.5622	0.78661
1.5624	0.78669
1.5627	0.78687
1.5629	0.78708
1.5632	0.78731
1.5634	0.78765
1.5636	0.78784
1.5639	0.78800
1.5641	0.78819
1.5643	0.78841
1.5646	0.78861
1.5648	0.78881
1.5651	0.78900
1.5653	0.78914
1.5655	0.78922
1.5658	0.78947
1.566	0.78966
1.5662	0.78977
1.5665	0.79002
1.5667	0.79016
1.5669	0.79028
1.5672	0.79047
1.5674	0.79069
1.5677	0.79097
1.5679	0.79115
1.5681	0.79122
1.5684	0.79148
1.5686	0.79151
1.5688	0.79162
1.5691	0.79171
1.5693	0.79185
1.5696	0.79216
1.5698	0.79233
1.57	0.79247
1.5703	0.79251
1.5705	0.79262
1.5707	0.79293
1.571	0.79321
1.5712	0.79325
1.5714	0.79329
1.5717	0.79343
1.5719	0.79370
1.5722	0.79385
1.5724	0.79394
1.5726	0.79400
1.5729	0.79413
1.5731	0.79430
1.5734	0.79453
1.5736	0.79459
1.5738	0.79465
1.5741	0.79490
1.5743	0.79509
1.5746	0.79513
1.5748	0.79539
1.575	0.79558
1.5753	0.79558
1.5755	0.79571
1.5758	0.79587
1.576	0.79590
1.5762	0.79609
1.5765	0.79630
1.5767	0.79634
1.5769	0.79646
1.5772	0.79669
1.5774	0.79681
1.5777	0.79695
1.5779	0.79716
1.5782	0.79724
1.5784	0.79730
1.5786	0.79746
1.5789	0.79758
1.5791	0.79782
1.5793	0.79796
1.5796	0.79797
1.5798	0.79812
1.5801	0.79835
1.5803	0.79849
1.5806	0.79850
1.5808	0.79863
1.581	0.79880
1.5813	0.79891
1.5815	0.79903
1.5818	0.79908
1.582	0.79921
1.5822	0.79948
1.5825	0.79962
1.5827	0.79968
1.583	0.79983
1.5832	0.80005
1.5834	0.80026
1.5837	0.80024
1.5839	0.80018
1.5842	0.80023
1.5844	0.80027
1.5847	0.80037
1.5849	0.80058
1.5851	0.80078
1.5854	0.80090
1.5856	0.80097
1.5859	0.80108
1.5861	0.80121
1.5863	0.80132
1.5866	0.80134
1.5868	0.80142
1.5871	0.80166
1.5873	0.80183
1.5876	0.80200
1.5878	0.80221
1.5881	0.80239
1.5883	0.80247
1.5885	0.80249
1.5888	0.80270
1.589	0.80276
1.5893	0.80276
1.5895	0.80284
1.5898	0.80304
1.59	0.80324
1.5903	0.80335
1.5905	0.80360
1.5907	0.80368
1.591	0.80355
1.5912	0.80372
1.5915	0.80390
1.5917	0.80415
1.592	0.80419
1.5922	0.80413
1.5924	0.80430
1.5927	0.80445
1.5929	0.80457
1.5932	0.80473
1.5934	0.80475
1.5937	0.80490
1.5939	0.80505
1.5942	0.80509
1.5944	0.80534
1.5947	0.80544
1.5949	0.80544
1.5951	0.80544
1.5954	0.80564
1.5956	0.80589
1.5959	0.80598
1.5961	0.80610
1.5964	0.80620
1.5966	0.80640
1.5969	0.80650
1.5971	0.80659
1.5973	0.80667
1.5976	0.80663
1.5978	0.80668
1.5981	0.80692
1.5983	0.80709
1.5986	0.80719
1.5988	0.80721
1.5991	0.80725
1.5993	0.80739
1.5996	0.80758
1.5998	0.80776
1.6001	0.80782
1.6003	0.80776
1.6006	0.80782
1.6008	0.80806
1.6011	0.80828
1.6013	0.80840
1.6016	0.80851
1.6018	0.80862
1.602	0.80879
1.6023	0.80895
1.6025	0.80893
1.6028	0.80908
1.603	0.80935
1.6033	0.80935
1.6035	0.80942
1.6038	0.80948
1.604	0.80970
1.6043	0.81007
1.6045	0.80995
1.6048	0.80985
1.605	0.81011
1.6053	0.81027
1.6055	0.81018
1.6058	0.81017
1.606	0.81020
1.6063	0.81037
1.6065	0.81065
1.6068	0.81081
1.607	0.81087
1.6073	0.81091
1.6075	0.81108
1.6078	0.81122
1.608	0.81135
1.6083	0.81146
1.6085	0.81138
1.6088	0.81144
1.609	0.81148
1.6093	0.81168
1.6095	0.81186
1.6098	0.81201
1.61	0.81211
1.6103	0.81222
1.6105	0.81231
1.6108	0.81222
1.611	0.81229
1.6113	0.81260
1.6115	0.81275
1.6118	0.81276
1.612	0.81274
1.6123	0.81278
1.6125	0.81294
1.6128	0.81299
1.613	0.81309
1.6133	0.81328
1.6135	0.81318
1.6138	0.81318
1.614	0.81333
1.6143	0.81355
1.6145	0.81370
1.6148	0.81372
1.615	0.81383
1.6153	0.81394
1.6155	0.81400
1.6158	0.81408
1.616	0.81400
1.6163	0.81401
1.6165	0.81414
1.6168	0.81427
1.617	0.81439
1.6173	0.81444
1.6175	0.81458
1.6178	0.81467
1.618	0.81468
1.6183	0.81489
1.6185	0.81504
1.6188	0.81499
1.6191	0.81484
1.6193	0.81500
1.6196	0.81522
1.6198	0.81521
1.6201	0.81513
1.6203	0.81524
1.6206	0.81545
1.6208	0.81551
1.6211	0.81550
1.6213	0.81549
1.6216	0.81563
1.6218	0.81590
1.6221	0.81587
1.6223	0.81571
1.6226	0.81581
1.6228	0.81594
1.6231	0.81606
1.6234	0.81616
1.6236	0.81628
1.6239	0.81622
1.6241	0.81620
1.6244	0.81632
1.6246	0.81651
1.6249	0.81656
1.6251	0.81655
1.6254	0.81668
1.6257	0.81672
1.6259	0.81677
1.6262	0.81686
1.6264	0.81693
1.6267	0.81706
1.6269	0.81715
1.6272	0.81708
1.6274	0.81716
1.6277	0.81739
1.6279	0.81746
1.6282	0.81749
1.6285	0.81756
1.6287	0.81753
1.629	0.81747
1.6292	0.81758
1.6295	0.81771
1.6297	0.81779
1.63	0.81781
1.6303	0.81794
1.6305	0.81794
1.6308	0.81800
1.631	0.81808
1.6313	0.81806
1.6315	0.81806
1.6318	0.81811
1.632	0.81833
1.6323	0.81855
1.6326	0.81855
1.6328	0.81848
1.6331	0.81860
1.6333	0.81871
1.6336	0.81872
1.6338	0.81877
1.6341	0.81884
1.6344	0.81886
1.6346	0.81879
1.6349	0.81891
1.6351	0.81907
1.6354	0.81919
1.6357	0.81934
1.6359	0.81925
1.6362	0.81916
1.6364	0.81922
1.6367	0.81931
1.6369	0.81949
1.6372	0.81962
1.6375	0.81960
1.6377	0.81958
1.638	0.81966
1.6382	0.81972
1.6385	0.81970
1.6388	0.81982
1.639	0.81988
1.6393	0.81996
1.6395	0.82007
1.6398	0.82001
1.6401	0.82014
1.6403	0.82029
1.6406	0.82025
1.6408	0.82022
1.6411	0.82028
1.6413	0.82039
1.6416	0.82046
1.6419	0.82037
1.6421	0.82040
1.6424	0.82061
1.6426	0.82076
1.6429	0.82090
1.6432	0.82097
1.6434	0.82079
1.6437	0.82070
1.6439	0.82092
1.6442	0.82091
1.6445	0.82083
1.6447	0.82085
1.645	0.82099
1.6453	0.82103
1.6455	0.82109
1.6458	0.82122
1.646	0.82135
1.6463	0.82135
1.6466	0.82132
1.6468	0.82123
1.6471	0.82123
1.6473	0.82136
1.6476	0.82138
1.6479	0.82138
1.6481	0.82143
1.6484	0.82153
1.6487	0.82153
1.6489	0.82150
1.6492	0.82161
1.6494	0.82176
1.6497	0.82185
1.65	0.82179
1.6502	0.82171
1.6505	0.82171
1.6508	0.82174
1.651	0.82185
1.6513	0.82193
1.6515	0.82191
1.6518	0.82187
1.6521	0.82198
1.6523	0.82201
1.6526	0.82196
1.6529	0.82188
1.6531	0.82182
1.6534	0.82192
1.6537	0.82192
1.6539	0.82196
1.6542	0.82203
1.6544	0.82209
1.6547	0.82213
1.655	0.82218
1.6552	0.82214
1.6555	0.82205
1.6558	0.82204
1.656	0.82207
1.6563	0.82213
1.6566	0.82220
1.6568	0.82214
1.6571	0.82210
1.6573	0.82220
1.6576	0.82218
1.6579	0.82220
1.6581	0.82234
1.6584	0.82229
1.6587	0.82220
1.6589	0.82228
1.6592	0.82236
1.6595	0.82226
1.6597	0.82221
1.66	0.82233
1.6603	0.82230
1.6605	0.82219
1.6608	0.82216
1.6611	0.82226
1.6613	0.82241
1.6616	0.82241
1.6619	0.82244
1.6621	0.82241
1.6624	0.82239
1.6627	0.82242
1.6629	0.82238
1.6632	0.82228
1.6635	0.82231
1.6637	0.82244
1.664	0.82246
1.6643	0.82244
1.6645	0.82254
1.6648	0.82255
1.6651	0.82249
1.6653	0.82241
1.6656	0.82234
1.6659	0.82240
1.6661	0.82250
1.6664	0.82253
1.6667	0.82259
1.6669	0.82252
1.6672	0.82243
1.6675	0.82237
1.6677	0.82238
1.668	0.82240
1.6683	0.82241
1.6686	0.82229
1.6688	0.82224
1.6691	0.82234
1.6693	0.82249
1.6696	0.82252
1.6699	0.82244
1.6702	0.82235
1.6704	0.82236
1.6707	0.82237
1.671	0.82247
1.6712	0.82249
1.6715	0.82240
1.6718	0.82227
1.672	0.82211
1.6723	0.82210
1.6726	0.82218
1.6728	0.82218
1.6731	0.82211
1.6734	0.82204
1.6737	0.82202
1.6739	0.82219
1.6742	0.82222
1.6745	0.82211
1.6748	0.82205
1.675	0.82202
1.6753	0.82201
1.6756	0.82192
1.6758	0.82188
1.6761	0.82182
1.6764	0.82178
1.6766	0.82180
1.6769	0.82187
1.6772	0.82177
1.6774	0.82173
1.6777	0.82176
1.678	0.82180
1.6783	0.82179
1.6785	0.82167
1.6788	0.82170
1.6791	0.82157
1.6794	0.82146
1.6796	0.82145
1.6799	0.82142
1.6802	0.82141
1.6804	0.82143
1.6807	0.82147
1.681	0.82142
1.6813	0.82126
1.6815	0.82112
1.6818	0.82124
1.6821	0.82133
1.6823	0.82131
1.6826	0.82116
1.6829	0.82094
1.6832	0.82097
1.6834	0.82109
1.6837	0.82099
1.684	0.82055
1.6843	0.82055
1.6845	0.82073
1.6848	0.82066
1.6851	0.82047
1.6854	0.82034
1.6856	0.82027
1.6859	0.82028
1.6862	0.82032
1.6865	0.82031
1.6867	0.82015
1.687	0.82010
1.6873	0.82006
1.6876	0.82007
1.6878	0.82011
1.6881	0.81999
1.6884	0.81995
1.6887	0.81992
1.6889	0.81981
1.6892	0.81961
1.6895	0.81940
1.6898	0.81925
1.69	0.81915
1.6903	0.81919
1.6906	0.81930
1.6909	0.81924
1.6911	0.81895
1.6914	0.81878
1.6917	0.81877
1.692	0.81868
1.6922	0.81856
1.6925	0.81852
1.6928	0.81841
1.6931	0.81820
1.6933	0.81804
1.6936	0.81793
1.6939	0.81790
1.6942	0.81782
1.6944	0.81761
1.6947	0.81749
1.695	0.81740
1.6953	0.81724
1.6956	0.81720
1.6958	0.81719
1.6961	0.81705
1.6964	0.81683
1.6967	0.81664
1.6969	0.81662
1.6972	0.81655
1.6975	0.81633
1.6978	0.81617
1.6981	0.81604
1.6983	0.81583
1.6986	0.81562
1.6989	0.81559
1.6992	0.81546
1.6994	0.81521
1.6997	0.81510
1.7	0.81502
1.7003	0.81479
1.7006	0.81462
1.7008	0.81433
1.7011	0.81397
1.7014	0.81387
1.7017	0.81374
1.702	0.81355
1.7022	0.81342
1.7025	0.81328
1.7028	0.81300
1.7031	0.81275
1.7034	0.81270
1.7036	0.81251
1.7039	0.81239
1.7042	0.81235
1.7045	0.81212
1.7048	0.81190
1.705	0.81168
1.7053	0.81139
1.7056	0.81121
1.7059	0.81106
1.7062	0.81074
1.7064	0.81041
1.7067	0.81038
1.707	0.81019
1.7073	0.80982
1.7076	0.80952
1.7078	0.80945
1.7081	0.80915
1.7084	0.80868
1.7087	0.80836
1.709	0.80816
1.7093	0.80810
1.7095	0.80802
1.7098	0.80754
1.7101	0.80710
1.7104	0.80686
1.7107	0.80661
1.7109	0.80637
1.7112	0.80611
1.7115	0.80580
1.7118	0.80562
1.7121	0.80547
1.7124	0.80500
1.7126	0.80465
1.7129	0.80438
1.7132	0.80393
1.7135	0.80362
1.7138	0.80335
1.7141	0.80309
1.7143	0.80289
1.7146	0.80251
1.7149	0.80207
1.7152	0.80173
1.7155	0.80142
1.7158	0.80105
1.716	0.80067
1.7163	0.80038
1.7166	0.80020
1.7169	0.79992
1.7172	0.79956
1.7175	0.79916
1.7178	0.79883
1.718	0.79848
1.7183	0.79802
1.7186	0.79764
1.7189	0.79722
1.7192	0.79685
1.7195	0.79662
1.7197	0.79619
1.72	0.79588
1.7203	0.79567
1.7206	0.79532
1.7209	0.79492
1.7212	0.79450
1.7214	0.79406
1.7217	0.79360
1.722	0.79327
1.7223	0.79299
1.7226	0.79247
1.7229	0.79203
1.7232	0.79173
1.7235	0.79124
1.7237	0.79087
1.724	0.79059
1.7243	0.79014
1.7246	0.78975
1.7249	0.78940
1.7252	0.78910
1.7255	0.78871
1.7258	0.78826
1.726	0.78794
1.7263	0.78752
1.7266	0.78707
1.7269	0.78668
1.7272	0.78631
1.7275	0.78585
1.7278	0.78537
1.7281	0.78495
1.7283	0.78463
1.7286	0.78431
1.7289	0.78396
1.7292	0.78358
1.7295	0.78308
1.7298	0.78262
1.7301	0.78218
1.7304	0.78183
1.7307	0.78147
1.7309	0.78104
1.7312	0.78069
1.7315	0.78033
1.7318	0.77987
1.7321	0.77932
1.7324	0.77893
1.7327	0.77860
1.733	0.77828
1.7333	0.77797
1.7335	0.77761
1.7338	0.77714
1.7341	0.77669
1.7344	0.77623
1.7347	0.77567
1.735	0.77520
1.7353	0.77482
1.7356	0.77456
1.7359	0.77431
1.7362	0.77398
1.7364	0.77369
1.7367	0.77332
1.737	0.77280
1.7373	0.77228
1.7376	0.77191
1.7379	0.77167
1.7382	0.77138
1.7385	0.77087
1.7388	0.77041
1.7391	0.77017
1.7394	0.76986
1.7397	0.76957
1.7399	0.76930
1.7402	0.76887
1.7405	0.76854
1.7408	0.76824
1.7411	0.76796
1.7414	0.76760
1.7417	0.76723
1.742	0.76691
1.7423	0.76659
1.7426	0.76637
1.7429	0.76616
1.7432	0.76587
1.7434	0.76563
1.7437	0.76535
1.744	0.76505
1.7443	0.76496
1.7446	0.76485
1.7449	0.76453
1.7452	0.76424
1.7455	0.76418
1.7458	0.76402
1.7461	0.76374
1.7464	0.76351
1.7467	0.76334
1.747	0.76327
1.7473	0.76309
1.7476	0.76286
1.7479	0.76286
1.7482	0.76285
1.7484	0.76263
1.7487	0.76260
1.749	0.76270
1.7493	0.76257
1.7496	0.76233
1.7499	0.76233
1.7502	0.76237
1.7505	0.76232
1.7508	0.76230
1.7511	0.76238
1.7514	0.76256
1.7517	0.76262
1.752	0.76262
1.7523	0.76273
1.7526	0.76281
1.7529	0.76290
1.7532	0.76305
1.7535	0.76316
1.7538	0.76311
1.7541	0.76329
1.7544	0.76349
1.7547	0.76370
1.755	0.76386
1.7553	0.76389
1.7556	0.76406
1.7558	0.76431
1.7562	0.76440
1.7564	0.76449
1.7567	0.76474
1.757	0.76489
1.7573	0.76506
1.7576	0.76517
1.7579	0.76523
1.7582	0.76537
1.7585	0.76559
1.7588	0.76585
1.7591	0.76601
1.7594	0.76615
1.7597	0.76633
1.76	0.76646
1.7603	0.76658
1.7606	0.76672
1.7609	0.76690
1.7612	0.76699
1.7615	0.76721
1.7618	0.76745
1.7621	0.76745
1.7624	0.76750
1.7627	0.76764
1.763	0.76773
1.7633	0.76773
1.7636	0.76794
1.7639	0.76818
1.7642	0.76815
1.7645	0.76811
1.7648	0.76805
1.7651	0.76823
1.7654	0.76843
1.7657	0.76847
1.766	0.76852
1.7663	0.76854
1.7666	0.76858
1.7669	0.76862
1.7672	0.76858
1.7675	0.76865
1.7678	0.76860
1.7681	0.76855
1.7684	0.76859
1.7687	0.76874
1.769	0.76882
1.7693	0.76880
1.7696	0.76870
1.7699	0.76870
1.7702	0.76873
1.7705	0.76872
1.7708	0.76876
1.7711	0.76884
1.7714	0.76885
1.7718	0.76880
1.7721	0.76872
1.7723	0.76861
1.7727	0.76868
1.773	0.76876
1.7733	0.76871
1.7736	0.76877
1.7739	0.76894
1.7742	0.76902
1.7745	0.76892
1.7748	0.76890
1.7751	0.76898
1.7754	0.76903
1.7757	0.76892
1.776	0.76897
1.7763	0.76910
1.7766	0.76906
1.7769	0.76904
1.7772	0.76912
1.7775	0.76911
1.7778	0.76915
1.7781	0.76934
1.7784	0.76940
1.7787	0.76936
1.779	0.76937
1.7793	0.76951
1.7797	0.76967
1.78	0.76966
1.7803	0.76973
1.7806	0.76986
1.7809	0.77002
1.7812	0.77006
1.7815	0.77018
1.7818	0.77043
1.7821	0.77064
1.7824	0.77073
1.7827	0.77088
1.783	0.77104
1.7833	0.77123
1.7836	0.77135
1.7839	0.77148
1.7843	0.77151
1.7846	0.77162
1.7849	0.77193
1.7852	0.77217
1.7855	0.77220
1.7858	0.77232
1.7861	0.77255
1.7864	0.77277
1.7867	0.77299
1.787	0.77317
1.7873	0.77331
1.7876	0.77354
1.7879	0.77379
1.7883	0.77392
1.7886	0.77411
1.7889	0.77428
1.7892	0.77455
1.7895	0.77483
1.7898	0.77502
1.7901	0.77517
1.7904	0.77521
1.7907	0.77531
1.791	0.77561
1.7913	0.77580
1.7917	0.77595
1.792	0.77611
1.7923	0.77640
1.7926	0.77666
1.7929	0.77671
1.7932	0.77684
1.7935	0.77709
1.7938	0.77714
1.7941	0.77718
1.7944	0.77747
1.7948	0.77776
1.7951	0.77780
1.7954	0.77786
1.7957	0.77807
1.796	0.77831
1.7963	0.77855
1.7966	0.77867
1.7969	0.77877
1.7972	0.77884
1.7976	0.77887
1.7979	0.77892
1.7982	0.77903
1.7985	0.77916
1.7988	0.77928
1.7991	0.77940
1.7994	0.77953
1.7997	0.77965
1.8	0.77984
1.8004	0.77988
1.8007	0.77989
1.801	0.77998
1.8013	0.78010
1.8016	0.78016
1.8019	0.78007
1.8022	0.78015
1.8026	0.78024
1.8029	0.78027
1.8032	0.78027
1.8035	0.78035
1.8038	0.78054
1.8041	0.78070
1.8044	0.78068
1.8047	0.78061
1.8051	0.78054
1.8054	0.78053
1.8057	0.78056
1.806	0.78057
1.8063	0.78064
1.8066	0.78070
1.8069	0.78064
1.8073	0.78051
1.8076	0.78043
1.8079	0.78046
1.8082	0.78057
1.8085	0.78065
1.8088	0.78071
1.8092	0.78065
1.8095	0.78059
1.8098	0.78053
1.8101	0.78053
1.8104	0.78055
1.8107	0.78042
1.8111	0.78029
1.8114	0.78035
1.8117	0.78035
1.812	0.78034
1.8123	0.78031
1.8126	0.78031
1.8129	0.78030
1.8133	0.78018
1.8136	0.78009
1.8139	0.78012
1.8142	0.78010
1.8145	0.78011
1.8148	0.78004
1.8152	0.77998
1.8155	0.78003
1.8158	0.77995
1.8161	0.77994
1.8164	0.77996
1.8168	0.77988
1.8171	0.77965
1.8174	0.77956
1.8177	0.77959
1.818	0.77954
1.8183	0.77954
1.8187	0.77945
1.819	0.77941
1.8193	0.77945
1.8196	0.77944
1.8199	0.77933
1.8203	0.77919
1.8206	0.77914
1.8209	0.77915
1.8212	0.77913
1.8216	0.77897
1.8219	0.77884
1.8222	0.77872
1.8225	0.77863
1.8228	0.77856
1.8232	0.77843
1.8235	0.77836
1.8238	0.77829
1.8241	0.77812
1.8244	0.77788
1.8248	0.77782
1.8251	0.77778
1.8254	0.77762
1.8257	0.77745
1.826	0.77730
1.8264	0.77714
1.8267	0.77695
1.827	0.77679
1.8273	0.77656
1.8277	0.77627
1.828	0.77602
1.8283	0.77589
1.8286	0.77577
1.8289	0.77543
1.8293	0.77502
1.8296	0.77471
1.8299	0.77442
1.8302	0.77408
1.8306	0.77374
1.8309	0.77345
1.8312	0.77300
1.8315	0.77256
1.8318	0.77217
1.8322	0.77181
1.8325	0.77138
1.8328	0.77096
1.8331	0.77057
1.8335	0.77011
1.8338	0.76957
1.8341	0.76897
1.8344	0.76841
1.8348	0.76791
1.8351	0.76737
1.8354	0.76688
1.8357	0.76631
1.8361	0.76565
1.8364	0.76520
1.8367	0.76468
1.837	0.76412
1.8374	0.76349
1.8377	0.76285
1.838	0.76232
1.8383	0.76158
1.8387	0.76084
1.839	0.76015
1.8393	0.75956
1.8396	0.75894
1.84	0.75834
1.8403	0.75767
1.8406	0.75694
1.8409	0.75619
1.8413	0.75540
1.8416	0.75478
1.8419	0.75412
1.8423	0.75327
1.8426	0.75256
1.8429	0.75190
1.8432	0.75120
1.8436	0.75050
1.8439	0.74986
1.8442	0.74925
1.8446	0.74852
1.8449	0.74794
1.8452	0.74745
1.8455	0.74681
1.8459	0.74624
1.8462	0.74569
1.8465	0.74517
1.8468	0.74482
1.8472	0.74441
1.8475	0.74400
1.8478	0.74372
1.8482	0.74332
1.8485	0.74302
1.8488	0.74285
1.8492	0.74270
1.8495	0.74249
1.8498	0.74236
1.8502	0.74236
1.8505	0.74238
1.8508	0.74245
1.8511	0.74238
1.8515	0.74231
1.8518	0.74238
1.8521	0.74245
1.8525	0.74253
1.8528	0.74258
1.8531	0.74268
1.8534	0.74278
1.8538	0.74280
1.8541	0.74278
1.8544	0.74268
1.8548	0.74272
1.8551	0.74282
1.8554	0.74279
1.8558	0.74279
1.8561	0.74273
1.8564	0.74258
1.8568	0.74242
1.8571	0.74222
1.8574	0.74213
1.8578	0.74203
1.8581	0.74192
1.8584	0.74176
1.8588	0.74141
1.8591	0.74109
1.8594	0.74092
1.8598	0.74074
1.8601	0.74046
1.8604	0.74022
1.8608	0.74008
1.8611	0.73986
1.8614	0.73968
1.8618	0.73949
1.8621	0.73924
1.8624	0.73902
1.8628	0.73894
1.8631	0.73880
1.8634	0.73861
1.8638	0.73852
1.8641	0.73842
1.8644	0.73844
1.8648	0.73850
1.8651	0.73848
1.8655	0.73846
1.8658	0.73838
1.8661	0.73833
1.8665	0.73838
1.8668	0.73839
1.8671	0.73832
1.8675	0.73832
1.8678	0.73835
1.8681	0.73833
1.8685	0.73817
1.8688	0.73804
1.8692	0.73807
1.8695	0.73801
1.8698	0.73785
1.8702	0.73773
1.8705	0.73752
1.8708	0.73739
1.8712	0.73716
1.8715	0.73688
1.8718	0.73650
1.8722	0.73624
1.8725	0.73597
1.8729	0.73576
1.8732	0.73552
1.8735	0.73506
1.8739	0.73463
1.8742	0.73414
1.8746	0.73350
1.8749	0.73302
1.8752	0.73262
1.8756	0.73201
1.8759	0.73128
1.8763	0.73067
1.8766	0.73005
1.8769	0.72947
1.8773	0.72876
1.8776	0.72794
1.878	0.72716
1.8783	0.72641
1.8786	0.72564
1.879	0.72485
1.8793	0.72397
1.8797	0.72312
1.88	0.72218
1.8803	0.72121
1.8807	0.72034
1.881	0.71952
1.8814	0.71869
1.8817	0.71774
1.8821	0.71671
1.8824	0.71583
1.8827	0.71485
1.8831	0.71378
1.8834	0.71281
1.8838	0.71184
1.8841	0.71076
1.8844	0.70970
1.8848	0.70866
1.8851	0.70754
1.8855	0.70641
1.8858	0.70539
1.8862	0.70422
1.8865	0.70319
1.8868	0.70213
1.8872	0.70106
1.8875	0.69997
1.8879	0.69871
1.8882	0.69748
1.8886	0.69638
1.8889	0.69527
1.8893	0.69413
1.8896	0.69310
1.8899	0.69202
1.8903	0.69083
1.8906	0.68971
1.891	0.68860
1.8913	0.68743
1.8917	0.68622
1.892	0.68491
1.8923	0.68371
1.8927	0.68244
1.893	0.68116
1.8934	0.68002
1.8937	0.67885
1.8941	0.67773
1.8944	0.67655
1.8948	0.67541
1.8951	0.67413
1.8955	0.67286
1.8958	0.67162
1.8962	0.67038
1.8965	0.66918
1.8968	0.66800
1.8972	0.66684
1.8975	0.66546
1.8979	0.66411
1.8982	0.66287
1.8986	0.66160
1.8989	0.66031
1.8993	0.65910
1.8996	0.65789
1.9	0.65660
1.9003	0.65528
1.9007	0.65398
1.901	0.65265
1.9014	0.65140
1.9017	0.65012
1.9021	0.64883
1.9024	0.64752
1.9028	0.64618
1.9031	0.64493
1.9035	0.64366
1.9038	0.64234
1.9042	0.64096
1.9045	0.63966
1.9049	0.63846
1.9052	0.63722
1.9056	0.63593
1.9059	0.63460
1.9063	0.63339
1.9066	0.63221
1.907	0.63093
1.9073	0.62954
1.9077	0.62823
1.908	0.62700
1.9084	0.62579
1.9087	0.62446
1.9091	0.62323
1.9094	0.62210
1.9098	0.62086
1.9101	0.61965
1.9105	0.61846
1.9108	0.61704
1.9112	0.61567
1.9115	0.61456
1.9119	0.61343
1.9122	0.61209
1.9126	0.61069
1.9129	0.60932
1.9133	0.60803
1.9137	0.60681
1.914	0.60556
1.9144	0.60433
1.9147	0.60294
1.9151	0.60157
1.9154	0.60038
1.9158	0.59921
1.9161	0.59779
1.9165	0.59634
1.9168	0.59500
1.9172	0.59373
1.9175	0.59239
1.9179	0.59097
1.9183	0.58973
1.9186	0.58840
1.919	0.58694
1.9193	0.58551
1.9197	0.58407
1.92	0.58263
1.9204	0.58122
1.9207	0.57981
1.9211	0.57842
1.9214	0.57707
1.9218	0.57558
1.9222	0.57407
1.9225	0.57260
1.9229	0.57112
1.9232	0.56971
1.9236	0.56826
1.9239	0.56676
1.9243	0.56523
1.9247	0.56396
1.925	0.56271
1.9254	0.56118
1.9257	0.55957
1.9261	0.55800
1.9264	0.55651
1.9268	0.55513
1.9272	0.55370
1.9275	0.55218
1.9279	0.55076
1.9282	0.54936
1.9286	0.54793
1.929	0.54660
1.9293	0.54518
1.9297	0.54370
1.93	0.54241
1.9304	0.54110
1.9308	0.53972
1.9311	0.53838
1.9315	0.53715
1.9318	0.53601
1.9322	0.53488
1.9326	0.53368
1.9329	0.53257
1.9333	0.53148
1.9336	0.53038
1.934	0.52938
1.9344	0.52841
1.9347	0.52744
1.9351	0.52664
1.9354	0.52599
1.9358	0.52526
1.9362	0.52449
1.9365	0.52386
1.9369	0.52335
1.9373	0.52289
1.9376	0.52225
1.938	0.52165
1.9383	0.52128
1.9387	0.52087
1.9391	0.52053
1.9394	0.52028
1.9398	0.52006
1.9402	0.51986
1.9405	0.51970
1.9409	0.51948
1.9412	0.51931
1.9416	0.51925
1.942	0.51929
1.9423	0.51927
1.9427	0.51917
1.9431	0.51912
1.9434	0.51914
1.9438	0.51915
1.9442	0.51924
1.9445	0.51925
1.9449	0.51924
1.9452	0.51935
1.9456	0.51945
1.946	0.51952
1.9463	0.51960
1.9467	0.51979
1.9471	0.51989
1.9474	0.51983
1.9478	0.52005
1.9482	0.52048
1.9485	0.52084
1.9489	0.52106
1.9493	0.52121
1.9496	0.52148
1.95	0.52185
1.9504	0.52214
1.9507	0.52251
1.9511	0.52307
1.9515	0.52373
1.9518	0.52438
1.9522	0.52517
1.9526	0.52592
1.9529	0.52658
1.9533	0.52751
1.9537	0.52851
1.954	0.52954
1.9544	0.53068
1.9548	0.53186
1.9552	0.53305
1.9555	0.53424
1.9559	0.53549
1.9563	0.53688
1.9566	0.53826
1.957	0.53958
1.9574	0.54093
1.9577	0.54238
1.9581	0.54370
1.9585	0.54491
1.9588	0.54612
1.9592	0.54727
1.9596	0.54839
1.9599	0.54943
1.9603	0.55044
1.9607	0.55148
1.9611	0.55228
1.9614	0.55309
1.9618	0.55370
1.9622	0.55414
1.9626	0.55470
1.9629	0.55518
1.9633	0.55557
1.9637	0.55599
1.964	0.55625
1.9644	0.55647
1.9648	0.55663
1.9652	0.55670
1.9655	0.55677
1.9659	0.55680
1.9663	0.55674
1.9666	0.55680
1.967	0.55697
1.9674	0.55703
1.9678	0.55705
1.9681	0.55697
1.9685	0.55688
1.9689	0.55696
1.9693	0.55717
1.9696	0.55716
1.97	0.55710
1.9704	0.55725
1.9708	0.55743
1.9711	0.55741
1.9715	0.55753
1.9719	0.55772
1.9723	0.55783
1.9726	0.55800
1.973	0.55814
1.9734	0.55840
1.9738	0.55867
1.9741	0.55901
1.9745	0.55926
1.9749	0.55946
1.9753	0.55982
1.9756	0.56017
1.976	0.56043
1.9764	0.56074
1.9768	0.56118
1.9771	0.56155
1.9775	0.56188
1.9779	0.56228
1.9783	0.56277
1.9787	0.56328
1.979	0.56374
1.9794	0.56402
1.9798	0.56438
1.9802	0.56483
1.9805	0.56516
1.9809	0.56546
1.9813	0.56589
1.9817	0.56623
1.9821	0.56666
1.9824	0.56716
1.9828	0.56750
1.9832	0.56792
1.9836	0.56840
1.9839	0.56883
1.9843	0.56925
1.9847	0.56962
1.9851	0.56993
1.9855	0.57042
1.9858	0.57089
1.9862	0.57124
1.9866	0.57167
1.987	0.57220
1.9874	0.57282
1.9878	0.57348
1.9881	0.57413
1.9885	0.57480
1.9889	0.57545
1.9893	0.57620
1.9897	0.57698
1.99	0.57774
1.9904	0.57855
1.9908	0.57954
1.9912	0.58067
1.9916	0.58179
1.9919	0.58296
1.9923	0.58408
1.9927	0.58515
1.9931	0.58632
1.9935	0.58769
1.9939	0.58911
1.9943	0.59049
1.9946	0.59195
1.995	0.59352
1.9954	0.59500
1.9958	0.59645
1.9962	0.59791
1.9966	0.59953
1.9969	0.60115
1.9973	0.60261
1.9977	0.60416
1.9981	0.60584
1.9985	0.60736
1.9989	0.60880
1.9993	0.61036
1.9996	0.61190
2	0.61331
2.0004	0.61486
2.0008	0.61626
2.0012	0.61758
2.0016	0.61894
2.0019	0.62023
2.0023	0.62150
2.0027	0.62266
2.0031	0.62386
2.0035	0.62496
2.0039	0.62606
2.0043	0.62737
2.0047	0.62857
2.0051	0.62952
2.0054	0.63047
2.0058	0.63153
2.0062	0.63266
2.0066	0.63361
2.007	0.63451
2.0074	0.63549
2.0078	0.63640
2.0082	0.63731
2.0085	0.63828
2.0089	0.63909
2.0093	0.63986
2.0097	0.64065
2.0101	0.64148
2.0105	0.64226
2.0109	0.64303
2.0113	0.64384
2.0117	0.64449
2.0121	0.64524
2.0124	0.64599
2.0128	0.64659
2.0132	0.64719
2.0136	0.64777
2.014	0.64843
2.0144	0.64922
2.0148	0.64978
2.0152	0.65029
2.0156	0.65091
2.016	0.65153
2.0163	0.65195
2.0168	0.65235
2.0171	0.65298
2.0175	0.65368
2.0179	0.65421
2.0183	0.65469
2.0187	0.65513
2.0191	0.65543
2.0195	0.65591
2.0199	0.65644
2.0203	0.65686
2.0207	0.65720
2.0211	0.65761
2.0215	0.65810
2.0219	0.65853
2.0223	0.65889
2.0227	0.65916
2.023	0.65948
2.0234	0.65989
2.0238	0.66029
2.0242	0.66066
2.0246	0.66097
2.025	0.66132
2.0254	0.66176
2.0258	0.66204
2.0262	0.66217
2.0266	0.66233
2.027	0.66267
2.0274	0.66305
2.0278	0.66334
2.0282	0.66357
2.0286	0.66386
2.029	0.66417
2.0294	0.66443
2.0298	0.66472
2.0302	0.66491
2.0306	0.66511
2.031	0.66533
2.0314	0.66558
2.0318	0.66582
2.0322	0.66603
2.0326	0.66625
2.033	0.66639
2.0333	0.66663
2.0338	0.66689
2.0342	0.66711
2.0346	0.66739
2.0349	0.66749
2.0353	0.66747
2.0358	0.66767
2.0362	0.66797
2.0366	0.66818
2.0369	0.66842
2.0373	0.66868
2.0378	0.66887
2.0382	0.66895
2.0386	0.66895
2.0389	0.66924
2.0393	0.66949
2.0398	0.66958
2.0402	0.66968
2.0406	0.66984
2.041	0.67004
2.0414	0.67014
2.0418	0.67035
2.0422	0.67052
2.0426	0.67065
2.043	0.67074
2.0434	0.67088
2.0438	0.67103
2.0442	0.67110
2.0446	0.67125
2.045	0.67152
2.0454	0.67169
2.0458	0.67180
2.0462	0.67187
2.0466	0.67202
2.047	0.67214
2.0474	0.67223
2.0478	0.67233
2.0482	0.67235
2.0486	0.67241
2.049	0.67250
2.0494	0.67263
2.0498	0.67274
2.0502	0.67283
2.0506	0.67294
2.0511	0.67301
2.0515	0.67301
2.0519	0.67307
2.0523	0.67309
2.0527	0.67306
2.0531	0.67309
2.0535	0.67298
2.0539	0.67299
2.0543	0.67312
2.0547	0.67315
2.0551	0.67314
2.0555	0.67324
2.0559	0.67324
2.0563	0.67319
2.0568	0.67318
2.0571	0.67304
2.0576	0.67288
2.058	0.67292
2.0584	0.67297
2.0588	0.67294
2.0592	0.67282
2.0596	0.67279
2.06	0.67273
2.0604	0.67261
2.0608	0.67256
2.0612	0.67258
2.0616	0.67256
2.0621	0.67249
2.0625	0.67242
2.0629	0.67234
2.0633	0.67232
2.0637	0.67226
2.0641	0.67221
2.0645	0.67216
2.0649	0.67198
2.0654	0.67194
2.0658	0.67198
2.0662	0.67202
2.0666	0.67201
2.067	0.67200
2.0674	0.67190
2.0678	0.67185
2.0682	0.67194
2.0686	0.67211
2.0691	0.67211
2.0695	0.67196
2.0699	0.67195
2.0703	0.67204
2.0707	0.67215
2.0711	0.67218
2.0715	0.67207
2.0719	0.67197
2.0724	0.67205
2.0728	0.67212
2.0732	0.67216
2.0736	0.67208
2.074	0.67202
2.0744	0.67212
2.0749	0.67217
2.0753	0.67213
2.0757	0.67211
2.0761	0.67210
2.0765	0.67204
2.0769	0.67194
2.0774	0.67187
2.0778	0.67185
2.0782	0.67180
2.0786	0.67178
2.079	0.67173
2.0794	0.67174
2.0799	0.67191
2.0803	0.67191
2.0807	0.67171
2.0811	0.67165
2.0815	0.67156
2.0819	0.67145
2.0824	0.67136
2.0828	0.67118
2.0832	0.67108
2.0836	0.67095
2.084	0.67082
2.0844	0.67082
2.0849	0.67082
2.0853	0.67064
2.0857	0.67054
2.0861	0.67048
2.0865	0.67037
2.087	0.67025
2.0874	0.67015
2.0878	0.66993
2.0882	0.66973
2.0886	0.66967
2.0891	0.66957
2.0895	0.66936
2.0899	0.66929
2.0903	0.66920
2.0908	0.66899
2.0912	0.66868
2.0916	0.66858
2.092	0.66852
2.0924	0.66831
2.0929	0.66812
2.0933	0.66795
2.0937	0.66774
2.0941	0.66750
2.0946	0.66731
2.095	0.66720
2.0954	0.66696
2.0958	0.66669
2.0963	0.66637
2.0967	0.66619
2.0971	0.66608
2.0975	0.66587
2.0979	0.66564
2.0984	0.66544
2.0988	0.66525
2.0992	0.66510
2.0996	0.66483
2.1001	0.66452
2.1005	0.66426
2.1009	0.66410
2.1013	0.66392
2.1018	0.66369
2.1022	0.66338
2.1026	0.66306
2.1031	0.66288
2.1035	0.66263
2.1039	0.66241
2.1043	0.66212
2.1048	0.66173
2.1052	0.66152
2.1056	0.66128
2.106	0.66100
2.1065	0.66076
2.1069	0.66057
2.1073	0.66034
2.1078	0.66005
2.1082	0.65971
2.1086	0.65941
2.109	0.65923
2.1095	0.65901
2.1099	0.65874
2.1103	0.65846
2.1108	0.65811
2.1112	0.65780
2.1116	0.65762
2.112	0.65726
2.1125	0.65688
2.1129	0.65672
2.1133	0.65650
2.1138	0.65631
2.1142	0.65606
2.1146	0.65576
2.1151	0.65544
2.1155	0.65512
2.1159	0.65474
2.1164	0.65438
2.1168	0.65419
2.1172	0.65410
2.1176	0.65389
2.1181	0.65361
2.1185	0.65330
2.1189	0.65305
2.1194	0.65284
2.1198	0.65245
2.1203	0.65202
2.1207	0.65175
2.1211	0.65154
2.1216	0.65133
2.122	0.65099
2.1224	0.65062
2.1229	0.65040
2.1233	0.65017
2.1237	0.64993
2.1242	0.64957
2.1246	0.64924
2.125	0.64897
2.1255	0.64872
2.1259	0.64855
2.1263	0.64838
2.1268	0.64807
2.1272	0.64775
2.1276	0.64747
2.1281	0.64711
2.1285	0.64682
2.1289	0.64657
2.1294	0.64644
2.1298	0.64632
2.1303	0.64605
2.1307	0.64570
2.1311	0.64546
2.1316	0.64519
2.132	0.64485
2.1325	0.64461
2.1329	0.64442
2.1333	0.64416
2.1338	0.64389
2.1342	0.64374
2.1346	0.64344
2.1351	0.64321
2.1355	0.64297
2.136	0.64267
2.1364	0.64237
2.1369	0.64203
2.1373	0.64189
2.1377	0.64177
2.1382	0.64142
2.1386	0.64102
2.1391	0.64080
2.1395	0.64053
2.1399	0.64022
2.1404	0.63995
2.1408	0.63975
2.1413	0.63943
2.1417	0.63902
2.1421	0.63877
2.1426	0.63857
2.143	0.63823
2.1435	0.63784
2.1439	0.63767
2.1444	0.63742
2.1448	0.63704
2.1453	0.63663
2.1457	0.63622
2.1461	0.63593
2.1466	0.63562
2.147	0.63529
2.1475	0.63500
2.1479	0.63465
2.1484	0.63431
2.1488	0.63401
2.1493	0.63369
2.1497	0.63327
2.1501	0.63280
2.1506	0.63234
2.151	0.63200
2.1515	0.63164
2.1519	0.63117
2.1524	0.63092
2.1528	0.63067
2.1533	0.63020
2.1537	0.62982
2.1542	0.62944
2.1546	0.62895
2.1551	0.62859
2.1555	0.62827
2.1559	0.62788
2.1564	0.62752
2.1569	0.62717
2.1573	0.62677
2.1578	0.62649
2.1582	0.62613
2.1586	0.62572
2.1591	0.62533
2.1596	0.62500
2.16	0.62457
2.1604	0.62423
2.1609	0.62402
2.1614	0.62358
2.1618	0.62319
2.1623	0.62297
2.1627	0.62255
2.1631	0.62209
2.1636	0.62177
2.1641	0.62135
2.1645	0.62099
2.165	0.62081
2.1654	0.62047
2.1659	0.62001
2.1663	0.61962
2.1668	0.61932
2.1672	0.61887
2.1677	0.61849
2.1681	0.61822
2.1686	0.61791
2.169	0.61752
2.1695	0.61711
2.1699	0.61676
2.1704	0.61635
2.1709	0.61605
2.1713	0.61574
2.1718	0.61532
2.1722	0.61503
2.1727	0.61473
2.1731	0.61427
2.1736	0.61392
2.174	0.61365
2.1745	0.61326
2.1749	0.61289
2.1754	0.61262
2.1759	0.61245
2.1763	0.61228
2.1768	0.61197
2.1772	0.61165
2.1777	0.61133
2.1781	0.61094
2.1786	0.61074
2.1791	0.61064
2.1795	0.61029
2.18	0.60984
2.1804	0.60967
2.1809	0.60952
2.1814	0.60930
2.1818	0.60898
2.1823	0.60861
2.1827	0.60841
2.1832	0.60814
2.1836	0.60781
2.1841	0.60751
2.1846	0.60718
2.185	0.60680
2.1855	0.60655
2.1859	0.60626
2.1864	0.60592
2.1869	0.60557
2.1873	0.60522
2.1878	0.60490
2.1883	0.60453
2.1887	0.60415
2.1892	0.60373
2.1896	0.60335
2.1901	0.60301
2.1906	0.60258
2.191	0.60211
2.1915	0.60164
2.192	0.60122
2.1924	0.60092
2.1929	0.60058
2.1934	0.60013
2.1938	0.59974
2.1943	0.59922
2.1947	0.59883
2.1952	0.59854
2.1957	0.59804
2.1961	0.59748
2.1966	0.59706
2.1971	0.59660
2.1975	0.59620
2.198	0.59596
2.1985	0.59548
2.1989	0.59492
2.1994	0.59455
2.1999	0.59405
2.2003	0.59354
2.2008	0.59307
2.2013	0.59255
2.2017	0.59205
2.2022	0.59161
2.2027	0.59102
2.2031	0.59031
2.2036	0.58972
2.2041	0.58925
2.2045	0.58860
2.205	0.58797
2.2055	0.58734
2.2059	0.58661
2.2064	0.58601
2.2069	0.58545
2.2074	0.58484
2.2078	0.58420
2.2083	0.58360
2.2088	0.58314
2.2092	0.58279
2.2097	0.58242
2.2102	0.58216
2.2106	0.58201
2.2111	0.58180
2.2116	0.58155
2.2121	0.58137
2.2125	0.58119
2.213	0.58112
2.2135	0.58096
2.2139	0.58077
2.2144	0.58060
2.2149	0.58050
2.2154	0.58035
2.2158	0.58024
2.2163	0.58016
2.2168	0.58000
2.2173	0.57989
2.2177	0.57988
2.2182	0.57984
2.2187	0.57982
2.2192	0.57991
2.2196	0.57997
2.2201	0.58007
2.2206	0.58028
2.2211	0.58047
2.2215	0.58068
2.222	0.58098
2.2225	0.58129
2.223	0.58163
2.2234	0.58201
2.2239	0.58242
2.2244	0.58286
2.2249	0.58320
2.2254	0.58347
2.2258	0.58396
2.2263	0.58447
2.2268	0.58472
2.2273	0.58499
2.2278	0.58542
2.2282	0.58574
2.2287	0.58605
2.2292	0.58645
2.2297	0.58674
2.2301	0.58688
2.2306	0.58710
2.2311	0.58726
2.2316	0.58742
2.2321	0.58765
2.2325	0.58781
2.233	0.58799
2.2335	0.58800
2.234	0.58785
2.2345	0.58788
2.2349	0.58803
2.2354	0.58815
2.2359	0.58801
2.2364	0.58782
2.2369	0.58759
2.2374	0.58739
2.2378	0.58727
2.2383	0.58706
2.2388	0.58673
2.2393	0.58641
2.2398	0.58609
2.2403	0.58570
2.2407	0.58526
2.2412	0.58475
2.2417	0.58424
2.2422	0.58372
2.2427	0.58320
2.2432	0.58259
2.2436	0.58197
2.2441	0.58131
2.2446	0.58052
2.2451	0.57976
2.2456	0.57898
2.2461	0.57802
2.2466	0.57699
2.2471	0.57595
2.2475	0.57489
2.248	0.57375
2.2485	0.57248
2.249	0.57121
2.2495	0.57006
2.25	0.56877
2.2505	0.56749
2.251	0.56624
2.2514	0.56476
2.2519	0.56333
2.2524	0.56196
2.2529	0.56058
2.2534	0.55920
2.2539	0.55784
2.2544	0.55653
2.2549	0.55532
2.2554	0.55410
2.2559	0.55295
2.2563	0.55173
2.2568	0.55064
2.2573	0.54964
2.2578	0.54863
2.2583	0.54787
2.2588	0.54703
2.2593	0.54606
2.2598	0.54544
2.2603	0.54494
2.2608	0.54436
2.2613	0.54369
2.2618	0.54320
2.2623	0.54282
2.2628	0.54245
2.2632	0.54207
2.2637	0.54175
2.2642	0.54154
2.2647	0.54135
2.2652	0.54117
2.2657	0.54110
2.2662	0.54109
2.2667	0.54100
2.2672	0.54095
2.2677	0.54093
2.2682	0.54110
2.2687	0.54144
2.2692	0.54163
2.2697	0.54195
2.2702	0.54249
2.2707	0.54308
2.2712	0.54365
2.2717	0.54432
2.2722	0.54500
2.2727	0.54564
2.2732	0.54647
2.2737	0.54739
2.2742	0.54829
2.2747	0.54926
2.2752	0.55019
2.2757	0.55109
2.2762	0.55217
2.2767	0.55337
2.2772	0.55456
2.2777	0.55581
2.2782	0.55710
2.2787	0.55830
2.2792	0.55952
2.2797	0.56086
2.2802	0.56202
2.2807	0.56328
2.2812	0.56465
2.2817	0.56599
2.2822	0.56743
2.2827	0.56878
2.2832	0.57001
2.2837	0.57114
2.2842	0.57213
2.2847	0.57321
2.2852	0.57437
2.2857	0.57539
2.2862	0.57634
2.2867	0.57725
2.2872	0.57804
2.2877	0.57879
2.2882	0.57957
2.2887	0.58033
2.2892	0.58106
2.2897	0.58168
2.2902	0.58227
2.2907	0.58281
2.2912	0.58345
2.2918	0.58394
2.2923	0.58429
2.2928	0.58473
2.2933	0.58518
2.2938	0.58559
2.2943	0.58595
2.2948	0.58634
2.2953	0.58659
2.2958	0.58686
2.2963	0.58730
2.2968	0.58761
2.2973	0.58784
2.2978	0.58838
2.2984	0.58896
2.2989	0.58942
2.2994	0.58978
2.2999	0.59021
2.3004	0.59080
2.3009	0.59133
2.3014	0.59186
2.3019	0.59248
2.3024	0.59309
2.3029	0.59374
2.3035	0.59430
2.304	0.59486
2.3045	0.59550
2.305	0.59612
2.3055	0.59669
2.306	0.59723
2.3065	0.59775
2.3071	0.59824
2.3076	0.59873
2.3081	0.59927
2.3086	0.59975
2.3091	0.60029
2.3096	0.60076
2.3101	0.60109
2.3106	0.60143
2.3112	0.60182
2.3117	0.60215
2.3122	0.60251
2.3127	0.60286
2.3132	0.60313
2.3137	0.60330
2.3143	0.60360
2.3148	0.60385
2.3153	0.60414
2.3158	0.60443
2.3163	0.60453
2.3168	0.60457
2.3174	0.60477
2.3179	0.60514
2.3184	0.60524
2.3189	0.60512
2.3194	0.60517
2.3199	0.60538
2.3205	0.60560
2.321	0.60573
2.3215	0.60585
2.322	0.60589
2.3226	0.60575
2.3231	0.60560
2.3236	0.60565
2.3241	0.60577
2.3246	0.60576
2.3251	0.60567
2.3257	0.60551
2.3262	0.60537
2.3267	0.60525
2.3272	0.60530
2.3278	0.60528
2.3283	0.60516
2.3288	0.60501
2.3293	0.60483
2.3299	0.60473
2.3304	0.60462
2.3309	0.60447
2.3314	0.60428
2.3319	0.60408
2.3325	0.60379
2.333	0.60348
2.3335	0.60329
2.3341	0.60310
2.3346	0.60283
2.3351	0.60252
2.3356	0.60228
2.3361	0.60207
2.3367	0.60182
2.3372	0.60148
2.3377	0.60114
2.3383	0.60075
2.3388	0.60044
2.3393	0.60017
2.3398	0.59968
2.3404	0.59923
2.3409	0.59895
2.3414	0.59860
2.342	0.59816
2.3425	0.59767
2.343	0.59717
2.3435	0.59666
2.3441	0.59630
2.3446	0.59583
2.3451	0.59536
2.3457	0.59490
2.3462	0.59432
2.3467	0.59376
2.3473	0.59339
2.3478	0.59290
2.3483	0.59242
2.3489	0.59204
2.3494	0.59146
2.3499	0.59080
2.3504	0.59030
2.351	0.58983
2.3515	0.58928
2.3521	0.58874
2.3526	0.58821
2.3531	0.58761
2.3536	0.58701
2.3542	0.58647
2.3547	0.58580
2.3553	0.58523
2.3558	0.58461
2.3563	0.58401
2.3569	0.58347
2.3574	0.58291
2.3579	0.58225
2.3585	0.58157
2.359	0.58091
2.3595	0.58009
2.3601	0.57925
2.3606	0.57850
2.3611	0.57787
2.3617	0.57727
2.3622	0.57668
2.3628	0.57597
2.3633	0.57509
2.3638	0.57431
2.3644	0.57345
2.3649	0.57263
2.3655	0.57196
2.366	0.57124
2.3665	0.57032
2.3671	0.56944
2.3676	0.56867
2.3682	0.56784
2.3687	0.56678
2.3693	0.56573
2.3698	0.56481
2.3703	0.56392
2.3709	0.56297
2.3714	0.56187
2.372	0.56096
2.3725	0.56014
2.373	0.55916
2.3736	0.55814
2.3741	0.55710
2.3747	0.55604
2.3752	0.55488
2.3758	0.55373
2.3763	0.55270
2.3769	0.55160
2.3774	0.55040
2.3779	0.54923
2.3785	0.54811
2.379	0.54692
2.3796	0.54579
2.3801	0.54451
2.3807	0.54320
2.3812	0.54215
2.3818	0.54106
2.3823	0.53982
2.3829	0.53846
2.3834	0.53725
2.3839	0.53605
2.3845	0.53484
2.3851	0.53348
2.3856	0.53209
2.3861	0.53091
2.3867	0.52962
2.3873	0.52832
2.3878	0.52701
2.3883	0.52565
2.3889	0.52416
2.3894	0.52271
2.39	0.52140
2.3906	0.52013
2.3911	0.51884
2.3916	0.51745
2.3922	0.51608
2.3928	0.51476
2.3933	0.51330
2.3939	0.51189
2.3944	0.51061
2.395	0.50944
2.3955	0.50816
2.3961	0.50677
2.3966	0.50549
2.3972	0.50424
2.3977	0.50284
2.3983	0.50154
2.3988	0.50020
2.3994	0.49899
2.3999	0.49784
2.4005	0.49658
2.4011	0.49530
2.4016	0.49405
2.4022	0.49294
2.4027	0.49192
2.4033	0.49081
2.4039	0.48966
2.4044	0.48849
2.405	0.48736
2.4055	0.48628
2.4061	0.48535
2.4066	0.48431
2.4072	0.48323
2.4078	0.48222
2.4083	0.48129
2.4089	0.48043
2.4094	0.47951
2.41	0.47856
2.4106	0.47779
2.4111	0.47718
2.4117	0.47647
2.4122	0.47564
2.4128	0.47479
2.4134	0.47416
2.4139	0.47347
2.4145	0.47267
2.415	0.47199
2.4156	0.47146
2.4162	0.47092
2.4167	0.47034
2.4173	0.46975
2.4179	0.46918
2.4184	0.46857
2.419	0.46796
2.4196	0.46743
2.4201	0.46698
2.4207	0.46652
2.4213	0.46618
2.4218	0.46575
2.4224	0.46520
2.4229	0.46473
2.4235	0.46432
2.4241	0.46386
2.4246	0.46334
2.4252	0.46283
2.4258	0.46225
2.4264	0.46176
2.4269	0.46142
2.4275	0.46091
2.4281	0.46039
2.4286	0.45995
2.4292	0.45954
2.4298	0.45907
2.4303	0.45858
2.4309	0.45808
2.4315	0.45749
2.432	0.45688
2.4326	0.45641
2.4332	0.45596
2.4338	0.45537
2.4343	0.45486
2.4349	0.45432
2.4355	0.45379
2.436	0.45333
2.4366	0.45277
2.4372	0.45234
2.4378	0.45184
2.4383	0.45125
2.4389	0.45069
2.4395	0.45011
2.4401	0.44950
2.4406	0.44898
2.4412	0.44851
2.4418	0.44812
2.4424	0.44768
2.4429	0.44718
2.4435	0.44663
2.4441	0.44602
2.4446	0.44548
2.4452	0.44501
2.4458	0.44448
2.4464	0.44397
2.447	0.44342
2.4475	0.44289
2.4481	0.44246
2.4487	0.44197
2.4493	0.44141
2.4499	0.44086
2.4504	0.44023
2.451	0.43973
2.4516	0.43921
2.4522	0.43856
2.4528	0.43784
2.4533	0.43725
2.4539	0.43685
2.4545	0.43634
2.4551	0.43577
2.4556	0.43525
2.4562	0.43469
2.4568	0.43417
2.4574	0.43355
2.458	0.43307
2.4586	0.43268
2.4591	0.43215
2.4597	0.43157
2.4603	0.43105
2.4609	0.43054
2.4615	0.43008
2.4621	0.42962
2.4626	0.42919
2.4632	0.42882
2.4638	0.42840
2.4644	0.42781
2.465	0.42729
2.4656	0.42693
2.4662	0.42657
2.4668	0.42608
2.4673	0.42552
2.4679	0.42504
2.4685	0.42472
2.4691	0.42436
2.4697	0.42398
2.4703	0.42362
2.4709	0.42317
2.4714	0.42281
2.472	0.42238
2.4726	0.42195
2.4732	0.42164
2.4738	0.42135
2.4744	0.42100
2.475	0.42068
2.4756	0.42037
2.4762	0.42000
2.4768	0.41967
2.4774	0.41933
2.4779	0.41895
2.4785	0.41861
2.4791	0.41834
2.4797	0.41803
2.4803	0.41771
2.4809	0.41729
2.4815	0.41692
2.4821	0.41664
2.4827	0.41633
2.4833	0.41596
2.4839	0.41560
2.4845	0.41518
2.4851	0.41477
2.4857	0.41441
2.4863	0.41404
2.4869	0.41364
2.4875	0.41325
2.4881	0.41290
2.4886	0.41256
2.4893	0.41208
2.4899	0.41165
2.4904	0.41125
2.491	0.41085
2.4916	0.41042
2.4922	0.40994
2.4928	0.40945
2.4934	0.40906
2.494	0.40873
2.4946	0.40829
2.4952	0.40774
2.4958	0.40739
2.4964	0.40721
2.497	0.40688
2.4976	0.40648
2.4983	0.40611
2.4989	0.40572
2.4994	0.40534
2.5001	0.40503
2.5007	0.40487
2.5013	0.40482
2.5019	0.40468
2.5025	0.40454
2.5031	0.40466
2.5037	0.40462
2.5043	0.40446
2.5049	0.40444
2.5055	0.40449
2.5061	0.40460
2.5067	0.40479
2.5073	0.40493
2.5079	0.40504
2.5085	0.40525
2.5091	0.40536
2.5097	0.40544
2.5103	0.40555
2.5109	0.40569
2.5116	0.40596
2.5122	0.40620
2.5128	0.40634
2.5134	0.40660
2.514	0.40680
2.5146	0.40676
2.5152	0.40686
2.5158	0.40706
2.5164	0.40724
2.517	0.40736
2.5177	0.40746
2.5183	0.40766
2.5189	0.40779
2.5195	0.40780
2.5201	0.40783
2.5207	0.40809
2.5213	0.40823
2.5219	0.40824
2.5226	0.40821
2.5232	0.40806
2.5238	0.40806
2.5244	0.40807
2.525	0.40815
2.5256	0.40824
2.5262	0.40845
2.5269	0.40852
2.5275	0.40841
2.5281	0.40838
2.5287	0.40843
2.5293	0.40836
2.5299	0.40832
2.5306	0.40831
2.5312	0.40827
2.5318	0.40822
2.5324	0.40811
2.533	0.40804
2.5336	0.40799
2.5343	0.40793
2.5349	0.40792
2.5355	0.40772
2.5361	0.40741
2.5368	0.40737
2.5374	0.40721
2.538	0.40697
2.5386	0.40683
2.5392	0.40665
2.5399	0.40646
2.5405	0.40625
2.5411	0.40614
2.5417	0.40580
2.5424	0.40548
2.543	0.40524
2.5436	0.40497
2.5442	0.40480
2.5448	0.40449
2.5455	0.40412
2.5461	0.40392
2.5467	0.40367
2.5473	0.40325
2.548	0.40282
2.5486	0.40248
2.5492	0.40219
2.5499	0.40183
2.5505	0.40137
2.5511	0.40085
2.5517	0.40044
2.5524	0.40012
2.553	0.39970
2.5536	0.39919
2.5542	0.39884
2.5549	0.39847
2.5555	0.39801
2.5561	0.39751
2.5568	0.39694
2.5574	0.39647
2.558	0.39601
2.5587	0.39545
2.5593	0.39492
2.5599	0.39452
2.5606	0.39407
2.5612	0.39367
2.5618	0.39320
2.5624	0.39250
2.5631	0.39184
2.5637	0.39132
2.5644	0.39093
2.565	0.39048
2.5656	0.38993
2.5663	0.38935
2.5669	0.38878
2.5675	0.38829
2.5682	0.38768
2.5688	0.38714
2.5694	0.38671
2.5701	0.38612
2.5707	0.38558
2.5714	0.38508
2.572	0.38453
2.5726	0.38395
2.5733	0.38345
2.5739	0.38299
2.5745	0.38255
2.5752	0.38198
2.5758	0.38140
2.5765	0.38086
2.5771	0.38030
2.5777	0.37984
2.5784	0.37930
2.579	0.37864
2.5797	0.37799
2.5803	0.37743
2.5809	0.37686
2.5816	0.37624
2.5822	0.37568
2.5829	0.37516
2.5835	0.37465
2.5842	0.37404
2.5848	0.37329
2.5854	0.37263
2.5861	0.37192
2.5867	0.37132
2.5874	0.37072
2.588	0.36988
2.5887	0.36917
2.5893	0.36865
2.59	0.36795
2.5906	0.36724
2.5913	0.36665
2.5919	0.36597
2.5926	0.36533
2.5932	0.36468
2.5939	0.36421
2.5945	0.36392
2.5952	0.36317
2.5958	0.36249
2.5965	0.36194
2.5971	0.36129
2.5978	0.36072
2.5984	0.36021
2.5991	0.35971
2.5997	0.35923
2.6004	0.35872
2.601	0.35831
2.6017	0.35792
2.6023	0.35749
2.603	0.35715
2.6036	0.35678
2.6043	0.35644
2.6049	0.35618
2.6056	0.35586
2.6062	0.35529
2.6069	0.35481
2.6076	0.35469
2.6082	0.35448
2.6089	0.35426
2.6095	0.35417
2.6102	0.35403
2.6108	0.35383
2.6115	0.35353
2.6121	0.35326
2.6128	0.35315
2.6135	0.35306
2.6141	0.35283
2.6148	0.35257
2.6154	0.35234
2.6161	0.35224
2.6168	0.35217
2.6174	0.35207
2.6181	0.35179
2.6188	0.35150
2.6194	0.35129
2.6201	0.35112
2.6207	0.35099
2.6214	0.35092
2.6221	0.35080
2.6227	0.35058
2.6234	0.35040
2.6241	0.35030
2.6247	0.35030
2.6254	0.35023
2.626	0.35006
2.6267	0.35003
2.6274	0.34993
2.628	0.34993
2.6287	0.35009
2.6294	0.35011
2.63	0.35006
2.6307	0.35009
2.6314	0.35004
2.632	0.34994
2.6327	0.34993
2.6334	0.34997
2.6341	0.35004
2.6347	0.35003
2.6354	0.35002
2.6361	0.35006
2.6367	0.35001
2.6374	0.34987
2.6381	0.34979
2.6387	0.34978
2.6394	0.34976
2.6401	0.34972
2.6408	0.34971
2.6414	0.34957
2.6421	0.34945
2.6428	0.34944
2.6434	0.34923
2.6441	0.34900
2.6448	0.34878
2.6455	0.34851
2.6461	0.34831
2.6468	0.34798
2.6475	0.34767
2.6482	0.34744
2.6489	0.34722
2.6495	0.34685
2.6502	0.34645
2.6509	0.34605
2.6516	0.34571
2.6522	0.34536
2.6529	0.34501
2.6536	0.34463
2.6543	0.34422
2.655	0.34383
2.6556	0.34333
2.6563	0.34281
2.657	0.34233
2.6577	0.34187
2.6584	0.34147
2.659	0.34099
2.6597	0.34056
2.6604	0.33998
2.6611	0.33947
2.6618	0.33916
2.6624	0.33861
2.6631	0.33790
2.6638	0.33737
2.6645	0.33686
2.6652	0.33629
2.6659	0.33564
2.6666	0.33500
2.6673	0.33435
2.6679	0.33350
2.6686	0.33283
2.6693	0.33222
2.67	0.33158
2.6707	0.33083
2.6714	0.32978
2.6721	0.32901
2.6728	0.32829
2.6734	0.32751
2.6741	0.32672
2.6748	0.32598
2.6755	0.32524
2.6762	0.32438
2.6769	0.32356
2.6776	0.32275
2.6783	0.32191
2.679	0.32117
2.6797	0.32031
2.6804	0.31927
2.681	0.31823
2.6817	0.31728
2.6824	0.31626
2.6831	0.31522
2.6838	0.31397
2.6845	0.31264
2.6852	0.31129
2.6859	0.30990
2.6866	0.30844
2.6873	0.30678
2.688	0.30492
2.6887	0.30298
2.6894	0.30094
2.6901	0.29879
2.6908	0.29644
2.6915	0.29388
2.6922	0.29101
2.6929	0.28798
2.6936	0.28473
2.6943	0.28115
2.695	0.27746
2.6957	0.27368
2.6964	0.26935
2.6971	0.26476
2.6978	0.25995
2.6985	0.25468
2.6992	0.24904
2.6999	0.24317
2.7006	0.23712
2.7013	0.23083
2.702	0.22455
2.7027	0.21865
2.7034	0.21358
2.7041	0.20973
2.7048	0.20728
2.7055	0.20647
2.7062	0.20720
2.7069	0.20901
2.7076	0.21151
2.7084	0.21444
2.7091	0.21730
2.7098	0.22002
2.7105	0.22261
2.7112	0.22487
2.7119	0.22646
2.7126	0.22758
2.7133	0.22869
2.714	0.22939
2.7147	0.22949
2.7154	0.22939
2.7161	0.22908
2.7169	0.22859
2.7176	0.22767
2.7183	0.22647
2.719	0.22504
2.7197	0.22350
2.7204	0.22181
2.7211	0.21988
2.7219	0.21788
2.7226	0.21583
2.7233	0.21377
2.724	0.21178
2.7247	0.20981
2.7254	0.20802
2.7261	0.20652
2.7269	0.20520
2.7276	0.20413
2.7283	0.20307
2.729	0.20184
2.7297	0.20059
2.7305	0.19926
2.7312	0.19752
2.7319	0.19567
2.7326	0.19386
2.7333	0.19200
2.7341	0.19003
2.7348	0.18801
2.7355	0.18594
2.7362	0.18407
2.7369	0.18229
2.7377	0.18058
2.7384	0.17914
2.7391	0.17796
2.7398	0.17699
2.7406	0.17586
2.7413	0.17475
2.742	0.17377
2.7427	0.17265
2.7435	0.17157
2.7442	0.17034
2.7449	0.16915
2.7456	0.16790
2.7464	0.16650
2.7471	0.16502
2.7478	0.16353
2.7486	0.16206
2.7493	0.16050
2.75	0.15894
2.7507	0.15719
2.7515	0.15527
2.7522	0.15361
2.7529	0.15192
2.7537	0.15018
2.7544	0.14833
2.7551	0.14658
2.7559	0.14462
2.7566	0.14238
2.7573	0.14015
2.7581	0.13783
2.7588	0.13515
2.7595	0.13222
2.7603	0.12918
2.761	0.12628
2.7617	0.12394
2.7625	0.12277
2.7632	0.12309
2.7639	0.12424
2.7647	0.12526
2.7654	0.12566
2.7661	0.12556
2.7669	0.12504
2.7676	0.12424
2.7684	0.12323
2.7691	0.12208
2.7698	0.12104
2.7706	0.11996
2.7713	0.11877
2.7721	0.11746
2.7728	0.11624
2.7736	0.11511
2.7743	0.11379
2.775	0.11231
2.7758	0.11089
2.7765	0.10949
2.7773	0.10800
2.778	0.10643
2.7788	0.10488
2.7795	0.10325
2.7802	0.10173
2.781	0.10031
2.7817	0.09872
2.7825	0.09691
2.7832	0.09516
2.784	0.09363
2.7847	0.09223
2.7855	0.09084
2.7862	0.08959
2.787	0.08844
2.7877	0.08739
2.7885	0.08631
2.7892	0.08543
2.79	0.08482
2.7907	0.08428
2.7915	0.08358
2.7922	0.08263
2.793	0.08179
2.7937	0.08105
2.7945	0.08044
2.7952	0.07977
2.796	0.07910
2.7967	0.07841
2.7975	0.07773
2.7982	0.07718
2.799	0.07670
2.7998	0.07619
2.8005	0.07584
2.8013	0.07554
2.802	0.07527
2.8028	0.07499
2.8035	0.07468
2.8043	0.07442
2.8051	0.07409
2.8058	0.07390
2.8066	0.07386
2.8073	0.07379
2.8081	0.07336
2.8089	0.07300
2.8096	0.07289
2.8104	0.07261
2.8111	0.07220
2.8119	0.07178
2.8127	0.07140
2.8134	0.07105
2.8142	0.07073
2.815	0.07021
2.8157	0.06986
2.8165	0.06965
2.8173	0.06920
2.818	0.06857
2.8188	0.06811
2.8196	0.06762
2.8203	0.06725
2.8211	0.06672
2.8219	0.06619
2.8226	0.06561
2.8234	0.06514
2.8242	0.06476
2.8249	0.06426
2.8257	0.06372
2.8265	0.06318
2.8272	0.06275
2.828	0.06225
2.8288	0.06171
2.8296	0.06137
2.8303	0.06111
2.8311	0.06066
2.8319	0.06014
2.8326	0.05967
2.8334	0.05917
2.8342	0.05870
2.835	0.05825
2.8357	0.05771
2.8365	0.05715
2.8373	0.05667
2.8381	0.05610
2.8389	0.05546
2.8396	0.05500
2.8404	0.05458
2.8412	0.05405
2.842	0.05348
2.8427	0.05303
2.8435	0.05241
2.8443	0.05194
2.8451	0.05168
2.8459	0.05111
2.8466	0.05043
2.8474	0.04982
2.8482	0.04924
2.849	0.04864
2.8498	0.04795
2.8506	0.04754
2.8513	0.04712
2.8521	0.04637
2.8529	0.04574
2.8537	0.04510
2.8545	0.04462
2.8553	0.04419
2.8561	0.04364
2.8568	0.04310
2.8576	0.04247
2.8584	0.04170
2.8592	0.04107
2.86	0.04063
2.8608	0.04011
2.8616	0.03947
2.8624	0.03872
2.8631	0.03805
2.8639	0.03764
2.8647	0.03719
2.8655	0.03654
2.8663	0.03599
2.8671	0.03558
2.8679	0.03498
2.8687	0.03426
2.8695	0.03382
2.8703	0.03351
2.8711	0.03304
2.8719	0.03241
2.8727	0.03186
2.8735	0.03140
2.8743	0.03108
2.8751	0.03070
2.8759	0.03020
2.8766	0.02960
2.8774	0.02911
2.8782	0.02873
2.879	0.02842
2.8798	0.02804
2.8806	0.02754
2.8814	0.02714
2.8822	0.02684
2.883	0.02645
2.8839	0.02598
2.8846	0.02553
2.8854	0.02523
2.8863	0.02491
2.8871	0.02440
2.8879	0.02396
2.8887	0.02368
2.8895	0.02343
2.8903	0.02306
2.8911	0.02277
2.8919	0.02234
2.8927	0.02201
2.8935	0.02186
2.8943	0.02155
2.8951	0.02119
2.8959	0.02092
2.8967	0.02063
2.8976	0.02029
2.8984	0.01989
2.8992	0.01956
2.9	0.01931
2.9008	0.01905
2.9016	0.01876
2.9024	0.01834
2.9032	0.01806
2.904	0.01766
2.9049	0.01727
2.9057	0.01706
2.9065	0.01687
2.9073	0.01660
2.9081	0.01645
2.9089	0.01620
2.9097	0.01587
2.9106	0.01567
2.9114	0.01540
2.9122	0.01509
2.913	0.01496
2.9138	0.01474
2.9146	0.01443
2.9155	0.01420
2.9163	0.01395
2.9171	0.01371
2.9179	0.01352
2.9188	0.01326
2.9196	0.01310
2.9204	0.01305
2.9212	0.01283
2.922	0.01260
2.9229	0.01252
2.9237	0.01248
2.9245	0.01242
2.9253	0.01228
2.9262	0.01219
2.927	0.01210
2.9278	0.01202
2.9286	0.01198
2.9295	0.01194
2.9303	0.01199
2.9311	0.01196
2.932	0.01198
2.9328	0.01203
2.9336	0.01203
2.9344	0.01212
2.9353	0.01202
2.9361	0.01204
2.9369	0.01197
2.9378	0.01192
2.9386	0.01205
2.9394	0.01210
2.9403	0.01199
2.9411	0.01196
2.9419	0.01215
2.9428	0.01212
2.9436	0.01199
2.9444	0.01204
2.9453	0.01223
2.9461	0.01214
2.9469	0.01217
2.9478	0.01231
2.9486	0.01235
2.9495	0.01238
2.9503	0.01239
2.9511	0.01255
2.952	0.01283
2.9528	0.01311
2.9537	0.01339
2.9545	0.01349
2.9554	0.01369
2.9562	0.01397
2.957	0.01447
2.9579	0.01473
2.9587	0.01494
2.9596	0.01519
2.9604	0.01561
2.9613	0.01603
2.9621	0.01635
2.9629	0.01663
2.9638	0.01683
2.9646	0.01723
2.9655	0.01767
2.9663	0.01802
2.9672	0.01844
2.968	0.01872
2.9689	0.01902
2.9697	0.01941
2.9706	0.02002
2.9714	0.02049
2.9723	0.02076
2.9731	0.02102
2.974	0.02131
2.9749	0.02172
2.9757	0.02207
2.9766	0.02239
2.9774	0.02283
2.9783	0.02309
2.9791	0.02332
2.98	0.02371
2.9808	0.02408
2.9817	0.02430
2.9826	0.02462
2.9834	0.02479
2.9843	0.02504
2.9851	0.02529
2.986	0.02548
2.9869	0.02589
2.9877	0.02616
2.9886	0.02646
2.9894	0.02683
2.9903	0.02699
2.9912	0.02709
2.992	0.02746
2.9929	0.02790
2.9938	0.02811
2.9946	0.02832
2.9955	0.02845
2.9963	0.02860
2.9972	0.02885
2.9981	0.02924
2.9989	0.02944
2.9998	0.02960
3.0007	0.02980
3.0016	0.02995
3.0024	0.03005
3.0033	0.03021
3.0041	0.03046
3.005	0.03081
3.0059	0.03105
3.0068	0.03128
3.0076	0.03138
3.0085	0.03158
3.0094	0.03185
3.0103	0.03209
3.0111	0.03226
3.012	0.03235
3.0129	0.03237
3.0138	0.03255
3.0146	0.03282
3.0155	0.03308
3.0164	0.03324
3.0173	0.03343
3.0181	0.03365
3.019	0.03387
3.0199	0.03405
3.0208	0.03418
3.0217	0.03452
3.0225	0.03481
3.0234	0.03500
3.0243	0.03508
3.0252	0.03517
3.0261	0.03535
3.027	0.03571
3.0278	0.03610
3.0287	0.03636
3.0296	0.03664
3.0305	0.03687
3.0314	0.03706
3.0323	0.03716
3.0331	0.03735
3.034	0.03766
3.0349	0.03790
3.0358	0.03806
3.0367	0.03838
3.0376	0.03867
3.0385	0.03895
3.0394	0.03916
3.0403	0.03923
3.0412	0.03935
3.0421	0.03968
3.0429	0.04000
3.0438	0.04011
3.0447	0.04026
3.0456	0.04054
3.0465	0.04099
3.0474	0.04116
3.0483	0.04129
3.0492	0.04150
3.0501	0.04165
3.051	0.04193
3.0519	0.04230
3.0528	0.04253
3.0537	0.04270
3.0546	0.04294
3.0555	0.04305
3.0564	0.04332
3.0573	0.04367
3.0582	0.04388
3.0591	0.04412
3.06	0.04414
3.0609	0.04440
3.0618	0.04486
3.0627	0.04505
3.0636	0.04500
3.0645	0.04499
3.0654	0.04522
3.0663	0.04544
3.0673	0.04555
3.0681	0.04581
3.0691	0.04609
3.07	0.04627
3.0709	0.04649
3.0718	0.04650
3.0727	0.04653
3.0736	0.04670
3.0745	0.04692
3.0754	0.04707
3.0764	0.04724
3.0773	0.04747
3.0782	0.04773
3.0791	0.04788
3.08	0.04804
3.0809	0.04819
3.0818	0.04823
3.0828	0.04823
3.0837	0.04858
3.0846	0.04887
3.0855	0.04914
3.0864	0.04934
3.0873	0.04939
3.0883	0.04966
3.0892	0.05001
3.0901	0.05032
3.091	0.05068
3.0919	0.05083
3.0929	0.05096
3.0938	0.05113
3.0947	0.05145
3.0956	0.05164
3.0966	0.05174
3.0975	0.05190
3.0984	0.05206
3.0993	0.05227
3.1003	0.05259
3.1012	0.05286
3.1021	0.05307
3.103	0.05334
3.104	0.05345
3.1049	0.05344
3.1058	0.05375
3.1068	0.05416
3.1077	0.05450
3.1086	0.05469
3.1096	0.05477
3.1105	0.05514
3.1114	0.05529
3.1124	0.05539
3.1133	0.05560
3.1142	0.05572
3.1152	0.05600
3.1161	0.05615
3.117	0.05636
3.118	0.05670
3.1189	0.05687
3.1199	0.05711
3.1208	0.05726
3.1217	0.05745
3.1227	0.05774
3.1236	0.05785
3.1246	0.05798
3.1255	0.05816
3.1264	0.05841
3.1274	0.05877
3.1283	0.05888
3.1293	0.05889
3.1302	0.05904
3.1311	0.05934
3.1321	0.05969
3.133	0.05981
3.134	0.05982
3.1349	0.05984
3.1359	0.06011
3.1368	0.06051
3.1378	0.06079
3.1387	0.06105
3.1397	0.06128
3.1406	0.06143
3.1416	0.06143
3.1425	0.06152
3.1435	0.06178
3.1444	0.06191
3.1454	0.06213
3.1464	0.06239
3.1473	0.06268
3.1483	0.06297
3.1492	0.06322
3.1502	0.06339
3.1511	0.06360
3.1521	0.06382
3.1531	0.06393
3.154	0.06396
3.155	0.06415
3.1559	0.06449
3.1569	0.06471
3.1579	0.06511
3.1588	0.06529
3.1598	0.06533
3.1607	0.06558
3.1617	0.06596
3.1627	0.06620
3.1636	0.06627
3.1646	0.06654
3.1656	0.06684
3.1665	0.06702
3.1675	0.06745
3.1685	0.06793
3.1694	0.06816
3.1704	0.06841
3.1714	0.06865
3.1723	0.06871
3.1733	0.06895
3.1743	0.06923
3.1753	0.06941
3.1762	0.06975
3.1772	0.07019
3.1782	0.07041
3.1791	0.07058
3.1801	0.07103
3.1811	0.07141
3.1821	0.07159
3.1831	0.07184
3.184	0.07214
3.185	0.07244
3.186	0.07276
3.187	0.07302
3.1879	0.07326
3.1889	0.07366
3.1899	0.07397
3.1909	0.07421
3.1919	0.07431
3.1929	0.07454
3.1938	0.07490
3.1948	0.07520
3.1958	0.07554
3.1968	0.07605
3.1978	0.07638
3.1988	0.07643
3.1998	0.07667
3.2007	0.07717
3.2017	0.07760
3.2027	0.07781
3.2037	0.07808
3.2047	0.07835
3.2057	0.07859
3.2067	0.07888
3.2077	0.07919
3.2087	0.07949
3.2096	0.07981
3.2106	0.08021
3.2116	0.08041
3.2126	0.08063
3.2136	0.08090
3.2146	0.08120
3.2156	0.08156
3.2166	0.08193
3.2176	0.08216
3.2186	0.08238
3.2196	0.08264
3.2206	0.08303
3.2216	0.08328
3.2226	0.08348
3.2236	0.08373
3.2246	0.08418
3.2256	0.08448
3.2266	0.08467
3.2276	0.08499
3.2286	0.08518
3.2296	0.08541
3.2306	0.08582
3.2317	0.08626
3.2327	0.08647
3.2337	0.08674
3.2347	0.08709
3.2357	0.08736
3.2367	0.08768
3.2377	0.08791
3.2387	0.08812
3.2397	0.08835
3.2408	0.08864
3.2418	0.08898
3.2428	0.08938
3.2438	0.08969
3.2448	0.08981
3.2458	0.08997
3.2468	0.09033
3.2479	0.09073
3.2489	0.09110
3.2499	0.09134
3.2509	0.09149
3.2519	0.09187
3.2529	0.09223
3.254	0.09253
3.255	0.09290
3.256	0.09303
3.257	0.09337
3.2581	0.09383
3.2591	0.09410
3.2601	0.09440
3.2611	0.09461
3.2622	0.09506
3.2632	0.09541
3.2642	0.09571
3.2652	0.09612
3.2663	0.09651
3.2673	0.09669
3.2683	0.09689
3.2694	0.09725
3.2704	0.09775
3.2714	0.09806
3.2724	0.09819
3.2735	0.09854
3.2745	0.09891
3.2756	0.09919
3.2766	0.09950
3.2776	0.09979
3.2787	0.10005
3.2797	0.10055
3.2807	0.10101
3.2818	0.10131
3.2828	0.10160
3.2839	0.10199
3.2849	0.10225
3.2859	0.10242
3.287	0.10287
3.288	0.10335
3.2891	0.10371
3.2901	0.10392
3.2911	0.10429
3.2922	0.10478
3.2932	0.10508
3.2943	0.10546
3.2953	0.10585
3.2964	0.10607
3.2974	0.10625
3.2985	0.10666
3.2995	0.10716
3.3006	0.10744
3.3016	0.10779
3.3027	0.10816
3.3037	0.10853
3.3048	0.10892
3.3058	0.10923
3.3069	0.10962
3.3079	0.11008
3.309	0.11040
3.3101	0.11061
3.3111	0.11101
3.3122	0.11138
3.3132	0.11156
3.3143	0.11186
3.3154	0.11231
3.3164	0.11275
3.3175	0.11306
3.3185	0.11335
3.3196	0.11378
3.3207	0.11421
3.3217	0.11447
3.3228	0.11472
3.3239	0.11492
3.3249	0.11527
3.326	0.11562
3.3271	0.11595
3.3281	0.11626
3.3292	0.11644
3.3303	0.11681
3.3313	0.11725
3.3324	0.11770
3.3335	0.11806
3.3345	0.11828
3.3356	0.11856
3.3367	0.11887
3.3378	0.11917
3.3388	0.11943
3.3399	0.11975
3.341	0.12005
3.3421	0.12028
3.3431	0.12060
3.3442	0.12105
3.3453	0.12133
3.3464	0.12153
3.3475	0.12183
3.3485	0.12212
3.3496	0.12252
3.3507	0.12285
3.3518	0.12293
3.3529	0.12309
3.3539	0.12355
3.355	0.12392
3.3561	0.12410
3.3572	0.12422
3.3583	0.12459
3.3594	0.12498
3.3605	0.12529
3.3616	0.12555
3.3627	0.12575
3.3638	0.12605
3.3648	0.12640
3.3659	0.12663
3.367	0.12682
3.3681	0.12708
3.3692	0.12747
3.3703	0.12764
3.3714	0.12791
3.3725	0.12820
3.3736	0.12835
3.3747	0.12846
3.3758	0.12868
3.3769	0.12897
3.378	0.12938
3.3791	0.12969
3.3802	0.12997
3.3813	0.13023
3.3824	0.13060
3.3835	0.13085
3.3846	0.13111
3.3857	0.13148
3.3868	0.13174
3.3879	0.13189
3.389	0.13219
3.3901	0.13266
3.3913	0.13322
3.3924	0.13346
3.3935	0.13362
3.3946	0.13395
3.3957	0.13434
3.3968	0.13468
3.3979	0.13484
3.399	0.13502
3.4001	0.13527
3.4013	0.13556
3.4024	0.13579
3.4035	0.13601
3.4046	0.13618
3.4057	0.13645
3.4068	0.13680
3.408	0.13707
3.4091	0.13733
3.4102	0.13761
3.4113	0.13776
3.4124	0.13807
3.4136	0.13847
3.4147	0.13874
3.4158	0.13891
3.4169	0.13924
3.4181	0.13964
3.4192	0.13990
3.4203	0.14012
3.4215	0.14041
3.4226	0.14070
3.4237	0.14101
3.4249	0.14143
3.426	0.14177
3.4271	0.14222
3.4283	0.14265
3.4294	0.14304
3.4305	0.14334
3.4316	0.14369
3.4328	0.14406
3.4339	0.14447
3.4351	0.14494
3.4362	0.14548
3.4373	0.14574
3.4385	0.14604
3.4396	0.14652
3.4408	0.14696
3.4419	0.14746
3.443	0.14787
3.4442	0.14819
3.4453	0.14840
3.4465	0.14866
3.4476	0.14903
3.4488	0.14932
3.4499	0.14975
3.4511	0.15014
3.4522	0.15038
3.4534	0.15069
3.4545	0.15106
3.4557	0.15150
3.4568	0.15210
3.458	0.15249
3.4591	0.15258
3.4603	0.15281
3.4614	0.15318
3.4626	0.15370
3.4637	0.15421
3.4649	0.15450
3.4661	0.15470
3.4672	0.15513
3.4684	0.15545
3.4695	0.15567
3.4707	0.15607
3.4719	0.15643
3.473	0.15676
3.4742	0.15696
3.4754	0.15722
3.4765	0.15753
3.4777	0.15777
3.4789	0.15787
3.48	0.15814
3.4812	0.15857
3.4824	0.15898
3.4835	0.15945
3.4847	0.15974
3.4859	0.16007
3.487	0.16036
3.4882	0.16061
3.4894	0.16092
3.4906	0.16120
3.4917	0.16143
3.4929	0.16171
3.4941	0.16210
3.4953	0.16242
3.4964	0.16279
3.4976	0.16314
3.4988	0.16332
3.5	0.16358
3.5012	0.16394
3.5024	0.16430
3.5035	0.16481
3.5047	0.16518
3.5059	0.16542
3.5071	0.16584
3.5083	0.16632
3.5095	0.16665
3.5106	0.16693
3.5118	0.16744
3.513	0.16806
3.5142	0.16851
3.5154	0.16894
3.5166	0.16939
3.5178	0.16968
3.519	0.17011
3.5202	0.17067
3.5214	0.17112
3.5226	0.17161
3.5238	0.17196
3.525	0.17231
3.5262	0.17278
3.5274	0.17329
3.5286	0.17379
3.5298	0.17411
3.531	0.17453
3.5322	0.17496
3.5334	0.17543
3.5346	0.17604
3.5358	0.17644
3.537	0.17691
3.5382	0.17738
3.5394	0.17761
3.5406	0.17773
3.5418	0.17813
3.543	0.17884
3.5443	0.17923
3.5455	0.17973
3.5467	0.18045
3.5479	0.18078
3.5491	0.18107
3.5503	0.18143
3.5515	0.18161
3.5528	0.18217
3.554	0.18277
3.5552	0.18320
3.5564	0.18351
3.5576	0.18391
3.5589	0.18442
3.5601	0.18482
3.5613	0.18510
3.5625	0.18560
3.5637	0.18608
3.565	0.18648
3.5662	0.18697
3.5674	0.18736
3.5686	0.18762
3.5699	0.18810
3.5711	0.18876
3.5723	0.18903
3.5736	0.18925
3.5748	0.18959
3.576	0.19018
3.5773	0.19057
3.5785	0.19080
3.5797	0.19104
3.581	0.19155
3.5822	0.19218
3.5834	0.19272
3.5847	0.19325
3.5859	0.19372
3.5872	0.19401
3.5884	0.19443
3.5896	0.19493
3.5909	0.19542
3.5921	0.19593
3.5934	0.19634
3.5946	0.19659
3.5959	0.19695
3.5971	0.19741
3.5984	0.19794
3.5996	0.19853
3.6009	0.19903
3.6021	0.19946
3.6034	0.19988
3.6046	0.20016
3.6059	0.20057
3.6071	0.20103
3.6084	0.20133
3.6096	0.20168
3.6109	0.20222
3.6121	0.20297
3.6134	0.20341
3.6147	0.20369
3.6159	0.20422
3.6172	0.20475
3.6184	0.20532
3.6197	0.20571
3.621	0.20607
3.6223	0.20655
3.6235	0.20704
3.6248	0.20739
3.6261	0.20765
3.6273	0.20836
3.6286	0.20904
3.6299	0.20915
3.6311	0.20919
3.6324	0.20971
3.6337	0.21025
3.6349	0.21075
3.6362	0.21124
3.6375	0.21155
3.6388	0.21197
3.6401	0.21259
3.6413	0.21292
3.6426	0.21337
3.6439	0.21390
3.6452	0.21437
3.6464	0.21481
3.6477	0.21496
3.649	0.21530
3.6503	0.21592
3.6543	0.21678
3.6569	0.21765
3.6594	0.21849
3.662	0.21933
3.6646	0.22016
3.6672	0.22094
3.6698	0.22176
3.6724	0.22263
3.675	0.22344
3.6776	0.22424
3.6802	0.22504
3.6828	0.22584
3.6854	0.22663
3.6881	0.22739
3.6907	0.22815
3.6933	0.22894
3.6959	0.22973
3.6986	0.23051
3.7012	0.23126
3.7039	0.23200
3.7065	0.23274
3.7092	0.23347
3.7118	0.23418
3.7145	0.23484
3.7171	0.23554
3.7198	0.23624
3.7225	0.23692
3.7252	0.23760
3.7278	0.23826
3.7305	0.23892
3.7332	0.23959
3.7359	0.24026
3.7386	0.24091
3.7413	0.24160
3.744	0.24228
3.7467	0.24297
3.7494	0.24365
3.7521	0.24427
3.7548	0.24488
3.7576	0.24551
3.7603	0.24612
3.763	0.24666
3.7657	0.24722
3.7685	0.24786
3.7712	0.24848
3.774	0.24905
3.7767	0.24961
3.7795	0.25018
3.7822	0.25073
3.785	0.25132
3.7877	0.25189
3.7905	0.25244
3.7933	0.25298
3.7961	0.25354
3.7988	0.25407
3.8016	0.25460
3.8044	0.25520
3.8072	0.25580
3.81	0.25630
3.8128	0.25681
3.8156	0.25735
3.8184	0.25784
3.8212	0.25830
3.8241	0.25878
3.8269	0.25923
3.8297	0.25962
3.8325	0.26003
3.8354	0.26048
3.8382	0.26092
3.8411	0.26130
3.8439	0.26161
3.8468	0.26193
3.8496	0.26221
3.8525	0.26245
3.8553	0.26262
3.8582	0.26266
3.8611	0.26258
3.8639	0.26242
3.8668	0.26224
3.8697	0.26213
3.8726	0.26232
3.8755	0.26291
3.8784	0.26374
3.8813	0.26458
3.8842	0.26530
3.8871	0.26594
3.89	0.26647
3.893	0.26689
3.8959	0.26723
3.8988	0.26753
3.9017	0.26780
3.9047	0.26805
3.9076	0.26823
3.9106	0.26837
3.9135	0.26855
3.9165	0.26870
3.9194	0.26880
3.9224	0.26890
3.9254	0.26894
3.9284	0.26901
3.9313	0.26901
3.9343	0.26895
3.9373	0.26887
3.9403	0.26882
3.9433	0.26868
3.9463	0.26841
3.9493	0.26811
3.9523	0.26777
3.9553	0.26737
3.9583	0.26685
3.9614	0.26619
3.9644	0.26552
3.9674	0.26480
3.9705	0.26413
3.9735	0.26376
3.9766	0.26375
3.9796	0.26403
3.9826	0.26455
3.9857	0.26505
3.9888	0.26546
3.9919	0.26575
3.9949	0.26594
3.998	0.26602
4.0011	0.26603
4.0042	0.26597
4.0073	0.26590
4.0104	0.26574
4.0135	0.26555
4.0166	0.26528
4.0197	0.26504
4.0228	0.26476
4.0259	0.26445
4.0291	0.26418
4.0322	0.26386
4.0353	0.26345
4.0385	0.26307
4.0416	0.26268
4.0448	0.26225
4.0479	0.26182
4.0511	0.26139
4.0543	0.26091
4.0574	0.26039
4.0606	0.25988
4.0638	0.25937
4.067	0.25883
4.0702	0.25829
4.0734	0.25771
4.0766	0.25711
4.0798	0.25648
4.083	0.25586
4.0862	0.25521
4.0894	0.25453
4.0927	0.25384
4.0959	0.25315
4.0991	0.25249
4.1024	0.25181
4.1056	0.25108
4.1089	0.25038
4.1121	0.24963
4.1154	0.24889
4.1187	0.24818
4.122	0.24745
4.1252	0.24666
4.1285	0.24586
4.1318	0.24509
4.1351	0.24430
4.1384	0.24347
4.1417	0.24269
4.145	0.24184
4.1483	0.24095
4.1516	0.24001
4.155	0.23908
4.1583	0.23814
4.1616	0.23717
4.165	0.23616
4.1683	0.23511
4.1717	0.23404
4.175	0.23293
4.1784	0.23180
4.1818	0.23064
4.1852	0.22946
4.1885	0.22830
4.1919	0.22708
4.1953	0.22583
4.1987	0.22460
4.2021	0.22336
4.2055	0.22211
4.2089	0.22089
4.2124	0.21966
4.2158	0.21838
4.2192	0.21706
4.2226	0.21577
4.2261	0.21442
4.2295	0.21302
4.233	0.21159
4.2365	0.21014
4.2399	0.20864
4.2434	0.20710
4.2469	0.20551
4.2503	0.20386
4.2538	0.20215
4.2573	0.20048
4.2608	0.19882
4.2643	0.19718
4.2678	0.19562
4.2713	0.19426
4.2749	0.19293
4.2784	0.19158
4.2819	0.19022
4.2855	0.18884
4.289	0.18737
4.2926	0.18591
4.2961	0.18440
4.2997	0.18289
4.3033	0.18141
4.3068	0.18001
4.3104	0.17861
4.314	0.17725
4.3176	0.17592
4.3212	0.17463
4.3248	0.17341
4.3284	0.17226
4.332	0.17117
4.3356	0.17013
4.3393	0.16912
4.3429	0.16816
4.3465	0.16723
4.3502	0.16636
4.3538	0.16547
4.3575	0.16460
4.3611	0.16374
4.3648	0.16289
4.3685	0.16200
4.3722	0.16109
4.3759	0.16026
4.3796	0.15939
4.3833	0.15848
4.387	0.15760
4.3907	0.15669
4.3944	0.15574
4.3981	0.15476
4.4019	0.15380
4.4056	0.15282
4.4094	0.15183
4.4131	0.15080
4.4169	0.14978
4.4206	0.14876
4.4244	0.14782
4.4282	0.14688
4.432	0.14590
4.4358	0.14496
4.4396	0.14406
4.4434	0.14319
4.4472	0.14238
4.451	0.14164
4.4548	0.14091
4.4586	0.14019
4.4625	0.13951
4.4663	0.13885
4.4702	0.13824
4.474	0.13762
4.4779	0.13700
4.4818	0.13640
4.4856	0.13584
4.4895	0.13529
4.4934	0.13475
4.4973	0.13420
4.5012	0.13373
4.5051	0.13325
4.509	0.13275
4.513	0.13229
4.5169	0.13183
4.5208	0.13134
4.5248	0.13082
4.5287	0.13028
4.5327	0.12974
4.5367	0.12922
4.5406	0.12869
4.5446	0.12814
4.5486	0.12764
4.5526	0.12716
4.5566	0.12679
4.5606	0.12652
4.5646	0.12628
4.5686	0.12605
4.5727	0.12590
4.5767	0.12586
4.5808	0.12592
4.5848	0.12604
4.5889	0.12625
4.5929	0.12656
4.597	0.12701
4.6011	0.12753
4.6052	0.12804
4.6093	0.12856
4.6134	0.12908
4.6175	0.12954
4.6216	0.12999
4.6257	0.13041
4.6298	0.13085
4.634	0.13130
4.6381	0.13173
4.6423	0.13209
4.6464	0.13240
4.6506	0.13258
4.6548	0.13261
4.659	0.13248
4.6631	0.13218
4.6673	0.13170
4.6715	0.13111
4.6758	0.13043
4.68	0.12960
4.6842	0.12868
4.6884	0.12775
4.6927	0.12669
4.6969	0.12557
4.7012	0.12446
4.7055	0.12332
4.7097	0.12211
4.714	0.12083
4.7183	0.11947
4.7226	0.11816
4.7269	0.11699
4.7312	0.11614
4.7355	0.11570
4.7399	0.11578
4.7442	0.11645
4.7485	0.11754
4.7529	0.11896
4.7573	0.12074
4.7616	0.12266
4.766	0.12452
4.7704	0.12617
4.7748	0.12751
4.7792	0.12849
4.7836	0.12906
4.788	0.12924
4.7924	0.12921
4.7969	0.12899
4.8013	0.12868
4.8058	0.12840
4.8102	0.12834
4.8147	0.12866
4.8191	0.12953
4.8236	0.13084
4.8281	0.13229
4.8326	0.13356
4.8371	0.13439
4.8416	0.13471
4.8462	0.13460
4.8507	0.13403
4.8553	0.13313
4.8598	0.13204
4.8644	0.13085
4.8689	0.12951
4.8735	0.12806
4.8781	0.12654
4.8827	0.12501
4.8873	0.12347
4.8919	0.12199
4.8965	0.12057
4.9011	0.11912
4.9058	0.11768
4.9104	0.11637
4.9151	0.11517
4.9197	0.11409
4.9244	0.11309
4.9291	0.11226
4.9338	0.11166
4.9385	0.11135
4.9432	0.11130
4.9479	0.11168
4.9526	0.11261
4.9574	0.11403
4.9621	0.11585
4.9669	0.11798
4.9716	0.12027
4.9764	0.12271
4.9812	0.12530
4.986	0.12785
4.9908	0.13007
4.9956	0.13183
5.0004	0.13307
5.0052	0.13386
5.01	0.13419
5.0149	0.13415
5.0198	0.13380
5.0246	0.13316
5.0295	0.13222
5.0344	0.13109
5.0393	0.12977
5.0442	0.12831
5.0491	0.12675
5.054	0.12519
5.0589	0.12361
5.0639	0.12205
5.0688	0.12064
5.0738	0.11954
5.0788	0.11886
5.0837	0.11880
5.0887	0.11959
5.0937	0.12139
5.0987	0.12424
5.1037	0.12805
5.1088	0.13254
5.1138	0.13743
5.1189	0.14250
5.1239	0.14757
5.129	0.15252
5.1341	0.15726
5.1391	0.16164
5.1443	0.16574
5.1494	0.16949
5.1545	0.17286
5.1596	0.17587
5.1647	0.17867
5.1699	0.18119
5.175	0.18351
5.1802	0.18563
5.1854	0.18755
5.1906	0.18929
5.1958	0.19093
5.201	0.19239
5.2062	0.19371
5.2115	0.19495
5.2167	0.19602
5.222	0.19689
5.2272	0.19767
5.2325	0.19835
5.2378	0.19897
5.2431	0.19942
5.2484	0.19976
5.2537	0.19999
5.259	0.20022
5.2644	0.20039
5.2697	0.20049
5.2751	0.20049
5.2805	0.20043
5.2858	0.20032
5.2912	0.20029
5.2966	0.20015
5.302	0.20000
5.3075	0.19983
5.3129	0.19963
5.3184	0.19939
5.3238	0.19914
5.3293	0.19883
5.3348	0.19848
5.3403	0.19806
5.3458	0.19769
5.3513	0.19724
5.3568	0.19670
5.3624	0.19616
5.3679	0.19564
5.3735	0.19507
5.379	0.19456
5.3846	0.19405
5.3902	0.19353
5.3958	0.19294
5.4015	0.19233
5.4071	0.19166
5.4127	0.19101
5.4184	0.19038
5.4241	0.18964
5.4297	0.18867
5.4354	0.18777
5.4411	0.18682
5.4469	0.18588
5.4526	0.18487
5.4583	0.18384
5.4641	0.18277
5.4698	0.18161
5.4756	0.18042
5.4814	0.17915
5.4872	0.17780
5.493	0.17650
5.4988	0.17510
5.5047	0.17370
5.5105	0.17220
5.5164	0.17072
5.5223	0.16923
5.5281	0.16773
5.534	0.16619
5.54	0.16471
5.5459	0.16326
5.5518	0.16192
5.5578	0.16059
5.5637	0.15928
5.5697	0.15803
5.5757	0.15699
5.5817	0.15583
5.5877	0.15464
5.5937	0.15351
5.5998	0.15244
5.6058	0.15130
5.6119	0.15018
5.618	0.14901
5.6241	0.14787
5.6302	0.14672
5.6363	0.14570
5.6424	0.14465
5.6486	0.14348
5.6547	0.14236
5.6609	0.14123
5.6671	0.14005
5.6733	0.13897
5.6795	0.13779
5.6857	0.13662
5.692	0.13540
5.6982	0.13413
5.7045	0.13289
5.7108	0.13161
5.7171	0.13014
5.7234	0.12873
5.7297	0.12731
5.7361	0.12593
5.7424	0.12455
5.7488	0.12321
5.7551	0.12172
5.7615	0.12040
5.768	0.11895
5.7744	0.11732
5.7808	0.11570
5.7873	0.11412
5.7937	0.11252
5.8002	0.11092
5.8067	0.10919
5.8132	0.10749
5.8197	0.10577
5.8263	0.10376
5.8328	0.10154
5.8394	0.09938
5.846	0.09718
5.8526	0.09494
5.8592	0.09257
5.8658	0.09013
5.8725	0.08768
5.8791	0.08528
5.8858	0.08248
5.8925	0.07970
5.8992	0.07669
5.9059	0.07357
5.9126	0.07053
5.9194	0.06763
5.9262	0.06515
5.9329	0.06348
5.9397	0.06256
5.9465	0.06234
5.9534	0.06268
5.9602	0.06311
5.9671	0.06345
5.974	0.06356
5.9808	0.06338
5.9878	0.06300
5.9947	0.06238
6.0016	0.06164
6.0086	0.06084
6.0155	0.06000
6.0225	0.05908
6.0295	0.05803
6.0365	0.05700
6.0436	0.05615
6.0506	0.05520
6.0577	0.05405
6.0648	0.05307
6.0719	0.05216
6.079	0.05119
6.0861	0.05019
6.0933	0.04922
6.1005	0.04836
6.1076	0.04762
6.1149	0.04703
6.1221	0.04662
6.1293	0.04654
6.1365	0.04675
6.1438	0.04707
6.1511	0.04720
6.1584	0.04711
6.1657	0.04698
6.1731	0.04712
6.1804	0.04791
6.1878	0.04925
6.1952	0.05069
6.2026	0.05215
6.21	0.05358
6.2175	0.05492
6.225	0.05612
6.2324	0.05721
6.2399	0.05825
6.2475	0.05921
6.255	0.06010
6.2625	0.06094
6.2701	0.06182
6.2777	0.06269
6.2853	0.06349
6.293	0.06428
6.3006	0.06503
6.3083	0.06580
6.3159	0.06662
6.3236	0.06738
6.3314	0.06813
6.3391	0.06903
6.3469	0.06994
6.3546	0.07064
6.3624	0.07140
6.3703	0.07225
6.3781	0.07299
6.3859	0.07373
6.3938	0.07447
6.4017	0.07519
6.4096	0.07602
6.4175	0.07664
6.4255	0.07701
6.4335	0.07749
6.4415	0.07796
6.4495	0.07837
6.4575	0.07876
6.4656	0.07921
6.4736	0.07964
6.4817	0.08002
6.4898	0.08047
6.498	0.08083
6.5061	0.08106
6.5143	0.08142
6.5225	0.08189
6.5307	0.08231
6.5389	0.08276
6.5472	0.08331
6.5555	0.08384
6.5638	0.08436
6.5721	0.08495
6.5804	0.08542
6.5888	0.08586
6.5972	0.08623
6.6056	0.08654
6.614	0.08680
6.6225	0.08701
6.6309	0.08725
6.6394	0.08735
6.6479	0.08720
6.6565	0.08706
6.665	0.08698
6.6736	0.08685
6.6822	0.08662
6.6908	0.08624
6.6995	0.08586
6.7081	0.08552
6.7168	0.08504
6.7255	0.08447
6.7343	0.08383
6.743	0.08315
6.7518	0.08243
6.7606	0.08168
6.7694	0.08092
6.7783	0.08005
6.7871	0.07916
6.796	0.07809
6.805	0.07700
6.8139	0.07610
6.8229	0.07534
6.8319	0.07455
6.8409	0.07379
6.8499	0.07313
6.859	0.07251
6.868	0.07173
6.8772	0.07083
6.8863	0.07007
6.8955	0.06938
6.9046	0.06865
6.9138	0.06784
6.9231	0.06701
6.9323	0.06616
6.9416	0.06523
6.9509	0.06433
6.9602	0.06338
6.9696	0.06231
6.979	0.06129
6.9884	0.06036
6.9978	0.05949
7.0073	0.05870
7.0168	0.05812
7.0263	0.05784
7.0358	0.05781
7.0454	0.05795
7.0549	0.05807
7.0645	0.05826
7.0742	0.05853
7.0839	0.05874
7.0935	0.05884
7.1033	0.05896
7.113	0.05900
7.1228	0.05886
7.1326	0.05869
7.1424	0.05850
7.1522	0.05823
7.1621	0.05789
7.172	0.05756
7.182	0.05710
7.1919	0.05657
7.2019	0.05608
7.2119	0.05555
7.222	0.05496
7.232	0.05441
7.2421	0.05387
7.2523	0.05333
7.2624	0.05284
7.2726	0.05232
7.2828	0.05183
7.2931	0.05134
7.3033	0.05077
7.3136	0.05018
7.324	0.04961
7.3343	0.04896
7.3447	0.04828
7.3551	0.04760
7.3656	0.04690
7.3761	0.04617
7.3866	0.04541
7.3971	0.04466
7.4077	0.04391
7.4183	0.04312
7.4289	0.04240
7.4396	0.04167
7.4503	0.04095
7.461	0.04025
7.4717	0.03957
7.4825	0.03890
7.4933	0.03822
7.5042	0.03749
7.515	0.03685
7.5259	0.03620
7.5369	0.03552
7.5479	0.03477
7.5589	0.03406
7.5699	0.03339
7.581	0.03270
7.592	0.03201
7.6032	0.03135
7.6143	0.03069
7.6255	0.03001
7.6368	0.02927
7.648	0.02861
7.6593	0.02796
7.6707	0.02726
7.682	0.02657
7.6934	0.02585
7.7049	0.02512
7.7163	0.02441
7.7278	0.02364
7.7394	0.02288
7.7509	0.02215
7.7625	0.02139
7.7742	0.02058
7.7858	0.01975
7.7975	0.01890
7.8093	0.01805
7.8211	0.01722
7.8329	0.01643
7.8447	0.01565
7.8566	0.01485
7.8685	0.01404
7.8805	0.01330
7.8925	0.01252
7.9045	0.01173
7.9166	0.01097
7.9287	0.01028
7.9408	0.00961
7.953	0.00898
7.9652	0.00842
7.9775	0.00799
7.9898	0.00766
8.0021	0.00747
8.0145	0.00739
8.0269	0.00736
8.0393	0.00738
8.0518	0.00735
8.0643	0.00723
8.0769	0.00716
8.0895	0.00707
8.1021	0.00705
8.1148	0.00706
8.1275	0.00708
8.1403	0.00712
8.1531	0.00718
8.1659	0.00729
8.1788	0.00751
8.1917	0.00774
8.2047	0.00799
8.2177	0.00821
8.2307	0.00848
8.2438	0.00874
8.2569	0.00907
8.2701	0.00941
8.2833	0.00970
8.2966	0.00998
8.3099	0.01035
8.3232	0.01072
8.3366	0.01108
8.35	0.01152
8.3635	0.01202
8.377	0.01253
8.3905	0.01314
8.4042	0.01380
8.4178	0.01456
8.4315	0.01543
8.4452	0.01632
8.459	0.01724
8.4728	0.01820
8.4867	0.01916
8.5006	0.02014
8.5145	0.02115
8.5285	0.02222
8.5426	0.02322
8.5567	0.02416
8.5708	0.02494
8.585	0.02564
8.5993	0.02627
8.6135	0.02688
8.6279	0.02747
8.6423	0.02801
8.6567	0.02856
8.6712	0.02915
8.6857	0.02969
8.7003	0.03022
8.7149	0.03071
8.7296	0.03113
8.7443	0.03142
8.759	0.03164
8.7739	0.03175
8.7887	0.03162
8.8037	0.03121
8.8186	0.03083
8.8337	0.03031
8.8487	0.02965
8.8638	0.02883
8.879	0.02795
8.8943	0.02708
8.9095	0.02623
8.9249	0.02539
8.9403	0.02463
8.9557	0.02382
8.9712	0.02303
8.9867	0.02225
9.0023	0.02149
9.018	0.02078
9.0337	0.02012
9.0495	0.01945
9.0653	0.01887
9.0812	0.01840
9.0971	0.01799
9.1131	0.01757
9.1291	0.01724
9.1452	0.01703
9.1614	0.01690
9.1776	0.01675
9.1939	0.01673
9.2102	0.01677
9.2266	0.01693
9.243	0.01731
9.2595	0.01786
9.2761	0.01842
9.2927	0.01887
9.3094	0.01920
9.3262	0.01945
9.343	0.01959
9.3598	0.01958
9.3768	0.01952
9.3937	0.01929
9.4108	0.01879
9.4279	0.01817
9.4451	0.01739
9.4623	0.01663
9.4796	0.01593
9.497	0.01524
9.5144	0.01451
9.5319	0.01386
9.5494	0.01323
9.5671	0.01280
9.5847	0.01253
9.6025	0.01229
9.6203	0.01221
9.6382	0.01232
9.6561	0.01251
9.6742	0.01274
9.6922	0.01294
9.7104	0.01312
9.7286	0.01328
9.7469	0.01336
9.7652	0.01351
9.7837	0.01371
9.8022	0.01378
9.8207	0.01389
9.8394	0.01407
9.8581	0.01421
9.8768	0.01439
9.8957	0.01472
9.9146	0.01511
9.9336	0.01568
9.9527	0.01655
9.9718	0.01759
9.991	0.01843
10.0103	0.01914
10.0297	0.01974
10.0491	0.02019
10.0686	0.02064
10.0882	0.02136
10.1079	0.02251
10.1276	0.02393
10.1475	0.02536
10.1673	0.02674
10.1873	0.02814
10.2074	0.02932
10.2275	0.03035
10.2477	0.03113
10.268	0.03178
10.2884	0.03238
10.3088	0.03298
10.3294	0.03350
10.35	0.03384
10.3707	0.03428
10.3915	0.03472
10.4123	0.03511
10.4333	0.03546
10.4543	0.03571
10.4754	0.03583
10.4967	0.03593
10.5179	0.03607
10.5393	0.03618
10.5608	0.03621
10.5823	0.03615
10.604	0.03598
10.6257	0.03582
10.6475	0.03569
10.6694	0.03561
10.6914	0.03560
10.7135	0.03557
10.7357	0.03540
10.758	0.03520
10.7803	0.03496
10.8028	0.03455
10.8254	0.03406
10.848	0.03362
10.8708	0.03326
10.8936	0.03291
10.9165	0.03247
10.9395	0.03215
10.9627	0.03201
10.9859	0.03209
11.0092	0.03219
11.0327	0.03234
11.0562	0.03257
11.0798	0.03266
11.1035	0.03258
11.1274	0.03260
11.1513	0.03269
11.1753	0.03268
11.1995	0.03248
11.2237	0.03228
11.248	0.03215
11.2725	0.03212
11.2971	0.03215
11.3217	0.03217
11.3465	0.03210
11.3714	0.03199
11.3964	0.03188
11.4215	0.03174
11.4467	0.03167
11.472	0.03165
11.4974	0.03159
11.523	0.03159
11.5487	0.03152
11.5744	0.03152
11.6003	0.03143
11.6263	0.03135
11.6525	0.03124
11.6787	0.03111
11.7051	0.03095
11.7316	0.03077
11.7582	0.03058
11.7849	0.03030
11.8117	0.03013
11.8387	0.02997
11.8658	0.02977
11.893	0.02957
11.9203	0.02927
11.9478	0.02905
11.9754	0.02879
12.0031	0.02851
12.031	0.02812
12.059	0.02770
12.0871	0.02736
12.1153	0.02710
12.1437	0.02677
12.1722	0.02638
12.2008	0.02596
12.2296	0.02554
12.2585	0.02505
12.2876	0.02461
12.3168	0.02431
12.3461	0.02401
12.3755	0.02364
12.4052	0.02327
12.4349	0.02298
12.4648	0.02293
12.4948	0.02272
12.525	0.02245
12.5553	0.02237
12.5858	0.02225
12.6164	0.02203
12.6472	0.02200
12.6781	0.02199
12.7092	0.02188
12.7404	0.02188
12.7718	0.02192
12.8033	0.02186
12.835	0.02179
12.8669	0.02174
12.8989	0.02165
12.9311	0.02158
12.9634	0.02132
12.9959	0.02109
13.0285	0.02099
13.0613	0.02086
13.0943	0.02055
13.1275	0.02030
13.1608	0.02008
13.1943	0.01968
13.228	0.01932
13.2618	0.01899
13.2958	0.01870
13.33	0.01847
13.3643	0.01822
13.3988	0.01785
13.4336	0.01746
13.4685	0.01717
13.5035	0.01694
13.5388	0.01644
13.5742	0.01597
13.6099	0.01563
13.6457	0.01535
13.6817	0.01497
13.7179	0.01458
13.7543	0.01428
13.7909	0.01384
13.8276	0.01344
13.8646	0.01302
13.9018	0.01260
13.9392	0.01223
13.9767	0.01181
14.0145	0.01150
14.0525	0.01119
14.0907	0.01085
14.129	0.01056
14.1677	0.01025
14.2065	0.01012
14.2455	0.01014
14.2847	0.01010
14.3242	0.01022
14.3639	0.01057
14.4038	0.01111
14.4439	0.01168
14.4843	0.01236
14.5248	0.01333
14.5656	0.01433
14.6067	0.01509
14.6479	0.01570
14.6894	0.01615
14.7311	0.01637
14.7731	0.01640
14.8153	0.01616
14.8578	0.01595
14.9005	0.01562
14.9434	0.01494
14.9866	0.01415
15.03	0.01321
15.0737	0.01220
15.1177	0.01137
15.1619	0.01075
15.2063	0.01013
15.2511	0.00962
15.296	0.00923
15.3413	0.00869
15.3868	0.00828
15.4326	0.00810
15.4787	0.00799
15.525	0.00792
15.5717	0.00794
15.6186	0.00823
15.6658	0.00873
15.7132	0.00929
15.761	0.00981
15.809	0.01006
15.8574	0.00992
15.906	0.00967
15.955	0.00949
16.0042	0.00956
16.0538	0.00945
16.1036	0.00926
16.1538	0.00940
16.2043	0.00977
16.2551	0.01026
16.3062	0.01080
16.3576	0.01158
16.4094	0.01211
16.4615	0.01246
16.5139	0.01288
16.5667	0.01323
16.6198	0.01345
16.6732	0.01325
16.727	0.01268
16.7811	0.01254
16.8356	0.01263
16.8904	0.01227
16.9457	0.01182
17.0012	0.01159
17.0572	0.01144
17.1134	0.01131
17.1701	0.01130
17.2272	0.01135
17.2846	0.01140
17.3424	0.01170
17.4006	0.01170
17.4592	0.01152
17.5182	0.01176
17.5775	0.01175
17.6373	0.01155
17.6975	0.01150
17.7581	0.01175
17.8192	0.01204
17.8806	0.01232
17.9425	0.01271
18.0048	0.01338
18.0675	0.01378
18.1307	0.01396
18.1943	0.01462
18.2584	0.01526
18.3229	0.01572
18.3879	0.01624
18.4533	0.01669
18.5192	0.01685
18.5856	0.01685
18.6524	0.01720
18.7198	0.01766
18.7876	0.01810
18.8559	0.01807
18.9247	0.01783
18.9941	0.01803
19.0639	0.01842
19.1342	0.01828
19.2051	0.01800
19.2765	0.01806
19.3484	0.01829
19.4209	0.01851
19.4939	0.01846
19.5675	0.01839
19.6416	0.01860
19.7163	0.01872
19.7915	0.01872
19.8673	0.01880
19.9438	0.01869
20.0208	0.01816
20.0984	0.01791
20.1766	0.01795
20.2554	0.01794
20.3348	0.01748
20.4149	0.01723
20.4956	0.01711
20.5769	0.01701
20.6589	0.01689
20.7415	0.01716
20.8248	0.01799
20.9088	0.01876
20.9934	0.01932
21.0788	0.01996
21.1648	0.02082
21.2516	0.02157
21.339	0.02166
21.4272	0.02173
21.5161	0.02189
21.6058	0.02224
21.6962	0.02228
21.7873	0.02219
21.8793	0.02189
21.972	0.02186
22.0655	0.02162
22.1598	0.02057
22.2549	0.01997
22.3508	0.02040
22.4475	0.02016
22.5451	0.02085
22.6436	0.02140
22.7429	0.02169
22.8431	0.02221
22.9442	0.02327
23.0462	0.02375
23.1491	0.02371
23.2529	0.02293
23.3576	0.02218
23.4633	0.02199
23.5699	0.02257
23.6776	0.02275
23.7862	0.02286
23.8958	0.02259
24.0064	0.02284
24.1181	0.02283
24.2307	0.02247
24.3445	0.02244
24.4593	0.02275
24.5753	0.02277
24.6923	0.02256
24.8104	0.02230
24.9297	0.02203
25.0502	0.02172
25.1718	0.02222
25.2946	0.02219
25.4186	0.02218
25.5438	0.02222
25.6702	0.02248
25.7979	0.02144
25.9269	0.02069
26.0572	0.02035
26.1888	0.02062
26.3217	0.02069
26.456	0.01991
26.5917	0.01935
26.7288	0.01999
26.8673	0.01950
27.0072	0.01860
27.1486	0.01789
27.2915	0.01780
27.4359	0.01728
27.5818	0.01722
27.7293	0.01690
27.8784	0.01618
28.0291	0.01583
28.1814	0.01624
28.3354	0.01521
28.4911	0.01342
28.6485	0.01326
28.8077	0.01425
28.9686	0.01556
29.1314	0.01582
29.296	0.01573
29.4624	0.01634
29.6308	0.01627
29.8011	0.01696
29.9733	0.01673
30.1475	0.01663
30.3238	0.01700
30.5022	0.01742
30.6827	0.01705
30.8653	0.01750
31.0502	0.01607
31.2372	0.01578
31.4266	0.01707
31.6182	0.01811
31.8122	0.01869
32.0086	0.01879
32.2074	0.01885
32.4087	0.02025
32.6125	0.02122
32.8189	0.02275
33.0279	0.02305
33.2396	0.02198
33.4541	0.02060
33.6713	0.02003
33.8914	0.01908
34.1143	0.02092
34.3403	0.02074
34.5693	0.01975
34.8013	0.01916
35.0364	0.02010
35.2747	0.01849
35.5164	0.01747
35.7613	0.01875
36.0096	0.01842
36.2614	0.01649
36.5167	0.01748
36.7757	0.01907
37.0384	0.02095
37.3049	0.02195
37.5752	0.02232
37.8495	0.02234
38.1279	0.02369
38.4103	0.02377
38.6969	0.02706
38.9879	0.02888
39.2832	0.02839
39.5831	0.02590
39.8876	0.02632
40.1968	0.02719
40.5108	0.03214
40.8298	0.03596
41.1539	0.03630
41.4831	0.03525
41.8176	0.03699
42.1576	0.03738
42.5032	0.03700
42.8544	0.03626
43.2116	0.03651
43.5747	0.04067
43.944	0.04683
44.3196	0.04693
44.7016	0.04586
45.0903	0.04646
45.4859	0.04781
45.8884	0.04285
46.2981	0.03875
46.7152	0.03426
47.1399	0.03478
47.5724	0.03269
48.0129	0.03552
48.4616	0.04153
48.9188	0.04386
49.3847	0.04691
49.8595	0.04726
50.3436	0.04828
50.8372	0.05026
51.3405	0.04584
51.8539	0.04619
52.3777	0.04479
52.9122	0.04123
53.4576	0.04284
54.0145	0.04674
54.5831	0.05020
55.1637	0.04383
55.7569	0.03501
56.363	0.04015
56.9823	0.03532
57.6155	0.03430
58.2628	0.04073
58.9249	0.03952
59.6022	0.03908
60.2953	0.03754
61.0046	0.03860
61.7309	0.05031
62.4746	0.05354
63.2365	0.03608
64.0172	0.02833
64.8174	0.04215
65.6379	0.04918
66.4794	0.05459
67.3428	0.06315
68.2289	0.06817
69.1386	0.06827
70.0729	0.06869
71.0328	0.05413
72.0194	0.04202
73.0338	0.04234
74.0771	0.04395
75.1507	0.05193
76.2558	0.06384
77.394	0.06215
78.5666	0.06186
79.7754	0.07207
81.0219	0.06624
82.3079	0.05598
83.6355	0.07697
85.0065	0.06585
86.4233	0.06311
87.8881	0.09078
89.4031	0.10616
90.9715	0.09740
92.596	0.08133
94.2796	0.09368
96.0255	0.10577
97.8373	0.07622
99.7188	0.02283
