Brown University Keck/NASA Relab Spectrum KW-JFM-002-B/BKR0KW002B
Wavelength(micron)	Reflectance	Standard Deviation
0.3	.191798	.003858
0.305	.199904	.002841
0.31	.213589	.002399
0.315	.231552	.002248
0.32	.250383	.002169
0.325	.272811	.002104
0.33	.294698	.002330
0.335	.320979	.002307
0.34	.345531	.002291
0.345	.372079	.002597
0.35	.395692	.002848
0.355	.419944	.003848
0.36	.441574	.005257
0.365	.465364	.003929
0.37	.484192	.003453
0.375	.502253	.003606
0.38	.513868	.003453
0.385	.527490	.003682
0.39	.544247	.003886
0.395	.557738	.004792
0.4	.569322	.004472
0.405	.581832	.004929
0.41	.592526	.004523
0.415	.604275	.004282
0.42	.614521	.004188
0.425	.623184	.003833
0.43	.625461	.004681
0.435	.629529	.004427
0.44	.638280	.004254
0.445	.645297	.004103
0.45	.648086	.003726
0.455	.653105	.003900
0.46	.657704	.003781
0.465	.664643	.004557
0.47	.669343	.004624
0.475	.674409	.004389
0.48	.678399	.004179
0.485	.683523	.004364
0.49	.687204	.004031
0.495	.695205	.004253
0.5	.700108	.004182
0.505	.705784	.003928
0.51	.708108	.003949
0.515	.711593	.003931
0.52	.720239	.003929
0.525	.726276	.004013
0.53	.729649	.004252
0.535	.735118	.004042
0.54	.738392	.004130
0.545	.741625	.004269
0.55	.742613	.004325
0.555	.745172	.004144
0.56	.750944	.004260
0.565	.759770	.004338
0.57	.765469	.004309
0.575	.771679	.004276
0.58	.776362	.004185
0.585	.782003	.004547
0.59	.785557	.004287
0.595	.790780	.004476
0.6	.794218	.004612
0.605	.797928	.004434
0.61	.801280	.004541
0.615	.804176	.004790
0.62	.806672	.004690
0.625	.810473	.004965
0.63	.812790	.004962
0.635	.815737	.004691
0.64	.818396	.004693
0.645	.821372	.004904
0.65	.823682	.004802
0.655	.826230	.004882
0.66	.828789	.004806
0.665	.831379	.005054
0.67	.833044	.004916
0.675	.835776	.005002
0.68	.837639	.004992
0.685	.840164	.005167
0.69	.841717	.004981
0.695	.843613	.005124
0.7	.843663	.005022
0.705	.844506	.005050
0.71	.844492	.005241
0.715	.843446	.005219
0.72	.841879	.005213
0.725	.838810	.005272
0.73	.835315	.005180
0.735	.830335	.005430
0.74	.824421	.005509
0.745	.817457	.005323
0.75	.808380	.005389
0.755	.798463	.005398
0.76	.785887	.004677
0.765	.774374	.004640
0.77	.760115	.004440
0.775	.745355	.004472
0.78	.730139	.004383
0.785	.713877	.004410
0.79	.695721	.004244
0.795	.678725	.004302
0.8	.660332	.004391
0.805	.643113	.004377
0.81	.624212	.004164
0.815	.605661	.004136
0.82	.586828	.004316
0.825	.569356	.004213
0.83	.551511	.004216
0.835	.535321	.004084
0.84	.516409	.003190
0.845	.502754	.003274
0.85	.487055	.003050
0.855	.474521	.003129
0.86	.460703	.003054
0.865	.449531	.002816
0.87	.437621	.002870
0.875	.428933	.002997
0.88	.419539	.002905
0.885	.412044	.003127
0.89	.404031	.002708
0.895	.400694	.002967
0.89909	.396489	.000000
0.89924	.395962	.000000
0.8994	.395664	.000000
0.89956	.395833	.000000
0.89971	.396221	.000000
0.89987	.396968	.000000
0.90002	.397203	.000000
0.90018	.396497	.000000
0.90034	.395484	.000000
0.90049	.395465	.000000
0.90065	.395680	.000000
0.90081	.395073	.000000
0.90096	.394720	.000000
0.90112	.395309	.000000
0.90128	.395526	.000000
0.90143	.395094	.000000
0.90159	.394643	.000000
0.90175	.394711	.000000
0.9019	.394831	.000000
0.90206	.394404	.000000
0.90222	.393914	.000000
0.90237	.394107	.000000
0.90253	.394164	.000000
0.90269	.394036	.000000
0.90284	.394400	.000000
0.903	.394149	.000000
0.90316	.393477	.000000
0.90332	.394310	.000000
0.90347	.394904	.000000
0.90363	.394088	.000000
0.90379	.393378	.000000
0.90395	.393159	.000000
0.9041	.393360	.000000
0.90426	.393509	.000000
0.90442	.393168	.000000
0.90458	.393095	.000000
0.90474	.392077	.000000
0.90489	.392021	.000000
0.90505	.392315	.000000
0.90521	.392429	.000000
0.90537	.392416	.000000
0.90553	.392769	.000000
0.90568	.392839	.000000
0.90584	.392466	.000000
0.906	.392380	.000000
0.90616	.392212	.000000
0.90632	.392055	.000000
0.90648	.392502	.000000
0.90663	.391523	.000000
0.90679	.390457	.000000
0.90695	.391144	.000000
0.90711	.391700	.000000
0.90727	.391324	.000000
0.90743	.391473	.000000
0.90759	.391850	.000000
0.90774	.391927	.000000
0.9079	.391522	.000000
0.90806	.391363	.000000
0.90822	.391604	.000000
0.90838	.391504	.000000
0.90854	.391092	.000000
0.9087	.391311	.000000
0.90886	.391429	.000000
0.90902	.391865	.000000
0.90918	.392448	.000000
0.90934	.392443	.000000
0.9095	.392009	.000000
0.90966	.391217	.000000
0.90982	.391010	.000000
0.90998	.391092	.000000
0.91013	.391350	.000000
0.91029	.391460	.000000
0.91045	.391123	.000000
0.91061	.390640	.000000
0.91077	.391024	.000000
0.91093	.391690	.000000
0.91109	.391277	.000000
0.91125	.390404	.000000
0.91141	.390742	.000000
0.91158	.390648	.000000
0.91174	.390545	.000000
0.9119	.390864	.000000
0.91206	.390835	.000000
0.91222	.390551	.000000
0.91238	.390340	.000000
0.91254	.390031	.000000
0.9127	.390012	.000000
0.91286	.390120	.000000
0.91302	.390804	.000000
0.91318	.390792	.000000
0.91334	.390658	.000000
0.9135	.391541	.000000
0.91366	.391573	.000000
0.91382	.390613	.000000
0.91399	.390520	.000000
0.91415	.390263	.000000
0.91431	.389739	.000000
0.91447	.389822	.000000
0.91463	.390114	.000000
0.91479	.390498	.000000
0.91495	.390809	.000000
0.91511	.390664	.000000
0.91528	.390190	.000000
0.91544	.389678	.000000
0.9156	.389315	.000000
0.91576	.389898	.000000
0.91592	.390645	.000000
0.91608	.390757	.000000
0.91625	.390371	.000000
0.91641	.389514	.000000
0.91657	.389746	.000000
0.91673	.390502	.000000
0.91689	.390653	.000000
0.91706	.390345	.000000
0.91722	.390851	.000000
0.91738	.391105	.000000
0.91754	.390669	.000000
0.91771	.390227	.000000
0.91787	.389908	.000000
0.91803	.390054	.000000
0.91819	.390216	.000000
0.91836	.390561	.000000
0.91852	.391024	.000000
0.91868	.390895	.000000
0.91884	.390502	.000000
0.91901	.390431	.000000
0.91917	.390671	.000000
0.91933	.391027	.000000
0.9195	.390990	.000000
0.91966	.391319	.000000
0.91982	.391458	.000000
0.91999	.391105	.000000
0.92015	.391262	.000000
0.92031	.391112	.000000
0.92048	.391207	.000000
0.92064	.391398	.000000
0.9208	.390613	.000000
0.92097	.390916	.000000
0.92113	.391543	.000000
0.92129	.390856	.000000
0.92146	.390729	.000000
0.92162	.391230	.000000
0.92179	.391207	.000000
0.92195	.390924	.000000
0.92211	.390767	.000000
0.92228	.390809	.000000
0.92244	.391206	.000000
0.92261	.391965	.000000
0.92277	.391846	.000000
0.92293	.391646	.000000
0.9231	.391854	.000000
0.92326	.391619	.000000
0.92343	.391259	.000000
0.92359	.391419	.000000
0.92376	.391847	.000000
0.92392	.391928	.000000
0.92409	.392275	.000000
0.92425	.392722	.000000
0.92441	.392458	.000000
0.92458	.392061	.000000
0.92474	.392066	.000000
0.92491	.393022	.000000
0.92507	.393318	.000000
0.92524	.392759	.000000
0.9254	.392278	.000000
0.92557	.391982	.000000
0.92574	.391982	.000000
0.9259	.392030	.000000
0.92607	.392750	.000000
0.92623	.393098	.000000
0.9264	.392866	.000000
0.92656	.393208	.000000
0.92673	.393587	.000000
0.92689	.393592	.000000
0.92706	.393349	.000000
0.92723	.393202	.000000
0.92739	.393325	.000000
0.92756	.393495	.000000
0.92772	.393757	.000000
0.92789	.393535	.000000
0.92805	.393354	.000000
0.92822	.393918	.000000
0.92839	.394038	.000000
0.92855	.394020	.000000
0.92872	.394603	.000000
0.92889	.394929	.000000
0.92905	.394906	.000000
0.92922	.395259	.000000
0.92939	.394982	.000000
0.92955	.394865	.000000
0.92972	.395055	.000000
0.92989	.394901	.000000
0.93005	.394705	.000000
0.93022	.394883	.000000
0.93039	.395453	.000000
0.93055	.395507	.000000
0.93072	.395512	.000000
0.93089	.395609	.000000
0.93105	.395568	.000000
0.93122	.395674	.000000
0.93139	.396123	.000000
0.93156	.396660	.000000
0.93172	.396657	.000000
0.93189	.396724	.000000
0.93206	.396827	.000000
0.93223	.397184	.000000
0.93239	.397438	.000000
0.93256	.397342	.000000
0.93273	.397294	.000000
0.9329	.397530	.000000
0.93307	.398007	.000000
0.93323	.398219	.000000
0.9334	.397945	.000000
0.93357	.398021	.000000
0.93374	.398366	.000000
0.93391	.398352	.000000
0.93407	.398496	.000000
0.93424	.398208	.000000
0.93441	.398272	.000000
0.93458	.398562	.000000
0.93475	.398596	.000000
0.93492	.398941	.000000
0.93508	.399423	.000000
0.93525	.399264	.000000
0.93542	.398969	.000000
0.93559	.399298	.000000
0.93576	.399714	.000000
0.93593	.400089	.000000
0.9361	.400416	.000000
0.93627	.400487	.000000
0.93644	.400257	.000000
0.93661	.400417	.000000
0.93677	.401014	.000000
0.93694	.401106	.000000
0.93711	.401211	.000000
0.93728	.401454	.000000
0.93745	.401846	.000000
0.93762	.401508	.000000
0.93779	.401513	.000000
0.93796	.401830	.000000
0.93813	.401905	.000000
0.9383	.402282	.000000
0.93847	.402815	.000000
0.93864	.403091	.000000
0.93881	.403175	.000000
0.93898	.403560	.000000
0.93915	.403876	.000000
0.93932	.403774	.000000
0.93949	.403683	.000000
0.93966	.403747	.000000
0.93983	.403776	.000000
0.94	.403662	.000000
0.94017	.404019	.000000
0.94034	.404259	.000000
0.94051	.404424	.000000
0.94068	.405130	.000000
0.94085	.405286	.000000
0.94102	.405235	.000000
0.9412	.405668	.000000
0.94137	.406248	.000000
0.94154	.406347	.000000
0.94171	.406167	.000000
0.94188	.406645	.000000
0.94205	.406935	.000000
0.94222	.406671	.000000
0.94239	.406700	.000000
0.94256	.407011	.000000
0.94274	.407541	.000000
0.94291	.407688	.000000
0.94308	.407651	.000000
0.94325	.408074	.000000
0.94342	.408461	.000000
0.94359	.408557	.000000
0.94377	.408620	.000000
0.94394	.409365	.000000
0.94411	.409744	.000000
0.94428	.409655	.000000
0.94445	.409728	.000000
0.94463	.410178	.000000
0.9448	.410525	.000000
0.94497	.410621	.000000
0.94514	.410708	.000000
0.94531	.410930	.000000
0.94549	.411408	.000000
0.94566	.411938	.000000
0.94583	.412257	.000000
0.946	.412438	.000000
0.94618	.412459	.000000
0.94635	.412892	.000000
0.94652	.413005	.000000
0.94669	.412991	.000000
0.94687	.413273	.000000
0.94704	.413576	.000000
0.94721	.413632	.000000
0.94739	.413924	.000000
0.94756	.414177	.000000
0.94773	.414047	.000000
0.94791	.414715	.000000
0.94808	.415487	.000000
0.94825	.415361	.000000
0.94843	.415410	.000000
0.9486	.416053	.000000
0.94877	.416456	.000000
0.94895	.416591	.000000
0.94912	.416740	.000000
0.94929	.416991	.000000
0.94947	.417133	.000000
0.94964	.417182	.000000
0.94982	.417386	.000000
0.94999	.417517	.000000
0.95016	.417849	.000000
0.95034	.418148	.000000
0.95051	.418877	.000000
0.95069	.419387	.000000
0.95086	.419296	.000000
0.95104	.419230	.000000
0.95121	.419659	.000000
0.95139	.419996	.000000
0.95156	.420510	.000000
0.95173	.421064	.000000
0.95191	.421417	.000000
0.95208	.421300	.000000
0.95226	.421503	.000000
0.95243	.422193	.000000
0.95261	.422282	.000000
0.95278	.422410	.000000
0.95296	.422961	.000000
0.95313	.423290	.000000
0.95331	.423628	.000000
0.95348	.424056	.000000
0.95366	.424417	.000000
0.95384	.424638	.000000
0.95401	.424542	.000000
0.95419	.424766	.000000
0.95436	.425822	.000000
0.95454	.426144	.000000
0.95471	.425985	.000000
0.95489	.426517	.000000
0.95507	.426948	.000000
0.95524	.427228	.000000
0.95542	.427607	.000000
0.95559	.427946	.000000
0.95577	.428288	.000000
0.95595	.428508	.000000
0.95612	.428764	.000000
0.9563	.429041	.000000
0.95647	.428934	.000000
0.95665	.429081	.000000
0.95683	.429870	.000000
0.957	.430676	.000000
0.95718	.431265	.000000
0.95736	.431421	.000000
0.95753	.431648	.000000
0.95771	.432002	.000000
0.95789	.432258	.000000
0.95807	.432953	.000000
0.95824	.433075	.000000
0.95842	.433282	.000000
0.9586	.433819	.000000
0.95877	.433951	.000000
0.95895	.434232	.000000
0.95913	.434407	.000000
0.95931	.434935	.000000
0.95948	.435704	.000000
0.95966	.436069	.000000
0.95984	.436480	.000000
0.96002	.436944	.000000
0.96019	.437043	.000000
0.96037	.437146	.000000
0.96055	.437566	.000000
0.96073	.438287	.000000
0.96091	.438868	.000000
0.96108	.439085	.000000
0.96126	.439126	.000000
0.96144	.439338	.000000
0.96162	.439682	.000000
0.9618	.440017	.000000
0.96198	.440534	.000000
0.96215	.441021	.000000
0.96233	.441337	.000000
0.96251	.441725	.000000
0.96269	.442181	.000000
0.96287	.442598	.000000
0.96305	.443040	.000000
0.96323	.443298	.000000
0.96341	.443596	.000000
0.96359	.443792	.000000
0.96376	.444095	.000000
0.96394	.444803	.000000
0.96412	.445274	.000000
0.9643	.445728	.000000
0.96448	.446181	.000000
0.96466	.446483	.000000
0.96484	.446902	.000000
0.96502	.447168	.000000
0.9652	.447672	.000000
0.96538	.447965	.000000
0.96556	.448505	.000000
0.96574	.448764	.000000
0.96592	.448960	.000000
0.9661	.449582	.000000
0.96628	.450091	.000000
0.96646	.450807	.000000
0.96664	.451171	.000000
0.96682	.451443	.000000
0.967	.451986	.000000
0.96718	.452232	.000000
0.96736	.452796	.000000
0.96754	.453161	.000000
0.96772	.453264	.000000
0.9679	.453632	.000000
0.96808	.454219	.000000
0.96826	.454852	.000000
0.96844	.455466	.000000
0.96863	.455988	.000000
0.96881	.456336	.000000
0.96899	.456851	.000000
0.96917	.457368	.000000
0.96935	.457793	.000000
0.96953	.458178	.000000
0.96971	.458316	.000000
0.96989	.458373	.000000
0.97008	.458969	.000000
0.97026	.460007	.000000
0.97044	.460451	.000000
0.97062	.460482	.000000
0.9708	.460944	.000000
0.97098	.461562	.000000
0.97117	.462146	.000000
0.97135	.462625	.000000
0.97153	.462781	.000000
0.97171	.462974	.000000
0.97189	.463541	.000000
0.97208	.464202	.000000
0.97226	.464741	.000000
0.97244	.465076	.000000
0.97262	.465237	.000000
0.97281	.465776	.000000
0.97299	.466381	.000000
0.97317	.467012	.000000
0.97335	.467398	.000000
0.97354	.467981	.000000
0.97372	.468461	.000000
0.9739	.469102	.000000
0.97409	.469524	.000000
0.97427	.470013	.000000
0.97445	.470483	.000000
0.97463	.470669	.000000
0.97482	.471003	.000000
0.975	.471552	.000000
0.97518	.472595	.000000
0.97537	.473311	.000000
0.97555	.473370	.000000
0.97573	.473384	.000000
0.97592	.473639	.000000
0.9761	.474121	.000000
0.97629	.475004	.000000
0.97647	.475481	.000000
0.97665	.476098	.000000
0.97684	.476921	.000000
0.97702	.477251	.000000
0.97721	.477630	.000000
0.97739	.477980	.000000
0.97757	.478387	.000000
0.97776	.479267	.000000
0.97794	.479733	.000000
0.97813	.479967	.000000
0.97831	.480467	.000000
0.9785	.480932	.000000
0.97868	.481381	.000000
0.97887	.482021	.000000
0.97905	.482721	.000000
0.97924	.483437	.000000
0.97942	.483555	.000000
0.97961	.483725	.000000
0.97979	.484498	.000000
0.97998	.485342	.000000
0.98016	.485893	.000000
0.98035	.486445	.000000
0.98053	.486930	.000000
0.98072	.487539	.000000
0.9809	.488164	.000000
0.98109	.488329	.000000
0.98127	.488459	.000000
0.98146	.488961	.000000
0.98165	.489510	.000000
0.98183	.489904	.000000
0.98202	.490262	.000000
0.9822	.490947	.000000
0.98239	.491615	.000000
0.98258	.492125	.000000
0.98276	.492824	.000000
0.98295	.493472	.000000
0.98314	.493953	.000000
0.98332	.494410	.000000
0.98351	.494999	.000000
0.9837	.495116	.000000
0.98388	.495597	.000000
0.98407	.496266	.000000
0.98426	.496896	.000000
0.98444	.497549	.000000
0.98463	.497794	.000000
0.98482	.498171	.000000
0.985	.499007	.000000
0.98519	.499654	.000000
0.98538	.499981	.000000
0.98557	.500405	.000000
0.98575	.500815	.000000
0.98594	.501891	.000000
0.98613	.502763	.000000
0.98632	.503137	.000000
0.9865	.503215	.000000
0.98669	.503283	.000000
0.98688	.503838	.000000
0.98707	.504637	.000000
0.98725	.505297	.000000
0.98744	.505936	.000000
0.98763	.506460	.000000
0.98782	.506787	.000000
0.98801	.507369	.000000
0.98819	.508091	.000000
0.98838	.508655	.000000
0.98857	.509049	.000000
0.98876	.509337	.000000
0.98895	.509998	.000000
0.98914	.510610	.000000
0.98933	.511250	.000000
0.98952	.511871	.000000
0.9897	.512300	.000000
0.98989	.513028	.000000
0.99008	.513690	.000000
0.99027	.514000	.000000
0.99046	.514469	.000000
0.99065	.515182	.000000
0.99084	.515924	.000000
0.99103	.516415	.000000
0.99122	.517066	.000000
0.99141	.517512	.000000
0.9916	.517917	.000000
0.99179	.518628	.000000
0.99198	.519234	.000000
0.99217	.519403	.000000
0.99236	.519851	.000000
0.99255	.520358	.000000
0.99274	.521006	.000000
0.99293	.521791	.000000
0.99312	.522385	.000000
0.99331	.522703	.000000
0.9935	.523245	.000000
0.99369	.523919	.000000
0.99388	.524703	.000000
0.99407	.525557	.000000
0.99426	.526346	.000000
0.99445	.526711	.000000
0.99464	.526746	.000000
0.99483	.527044	.000000
0.99502	.527657	.000000
0.99521	.528174	.000000
0.9954	.528857	.000000
0.9956	.529400	.000000
0.99579	.529786	.000000
0.99598	.530596	.000000
0.99617	.531362	.000000
0.99636	.531858	.000000
0.99655	.532530	.000000
0.99674	.533081	.000000
0.99694	.533405	.000000
0.99713	.533795	.000000
0.99732	.534670	.000000
0.99751	.535451	.000000
0.9977	.535705	.000000
0.99789	.536187	.000000
0.99809	.536914	.000000
0.99828	.537290	.000000
0.99847	.537883	.000000
0.99866	.538706	.000000
0.99886	.539310	.000000
0.99905	.539466	.000000
0.99924	.540200	.000000
0.99943	.541010	.000000
0.99963	.541324	.000000
0.99982	.541750	.000000
1.00001	.542539	.000000
1.0002	.542967	.000000
1.0004	.543043	.000000
1.00059	.543394	.000000
1.00078	.544428	.000000
1.00098	.545194	.000000
1.00117	.545766	.000000
1.00136	.546751	.000000
1.00156	.547560	.000000
1.00175	.547931	.000000
1.00194	.548191	.000000
1.00214	.548749	.000000
1.00233	.549359	.000000
1.00253	.550238	.000000
1.00272	.550865	.000000
1.00291	.551007	.000000
1.00311	.551138	.000000
1.0033	.551841	.000000
1.0035	.552784	.000000
1.00369	.553565	.000000
1.00388	.554043	.000000
1.00408	.554225	.000000
1.00427	.554461	.000000
1.00447	.555355	.000000
1.00466	.556174	.000000
1.00486	.556694	.000000
1.00505	.557205	.000000
1.00525	.557944	.000000
1.00544	.558711	.000000
1.00564	.559491	.000000
1.00583	.559738	.000000
1.00603	.560011	.000000
1.00622	.560907	.000000
1.00642	.561610	.000000
1.00661	.562017	.000000
1.00681	.562592	.000000
1.007	.563035	.000000
1.0072	.563608	.000000
1.0074	.564263	.000000
1.00759	.564831	.000000
1.00779	.565458	.000000
1.00798	.566143	.000000
1.00818	.566680	.000000
1.00837	.566881	.000000
1.00857	.567229	.000000
1.00877	.567909	.000000
1.00896	.568849	.000000
1.00916	.569815	.000000
1.00936	.570433	.000000
1.00955	.570777	.000000
1.00975	.571232	.000000
1.00995	.571568	.000000
1.01014	.572259	.000000
1.01034	.572964	.000000
1.01054	.573414	.000000
1.01073	.573708	.000000
1.01093	.574101	.000000
1.01113	.574984	.000000
1.01133	.575807	.000000
1.01152	.576186	.000000
1.01172	.576540	.000000
1.01192	.576979	.000000
1.01211	.577918	.000000
1.01231	.578910	.000000
1.01251	.579302	.000000
1.01271	.579577	.000000
1.01291	.580365	.000000
1.0131	.581222	.000000
1.0133	.581654	.000000
1.0135	.581989	.000000
1.0137	.582364	.000000
1.0139	.582837	.000000
1.01409	.583668	.000000
1.01429	.584411	.000000
1.01449	.585150	.000000
1.01469	.585768	.000000
1.01489	.586268	.000000
1.01509	.586631	.000000
1.01529	.586994	.000000
1.01548	.587631	.000000
1.01568	.588433	.000000
1.01588	.589246	.000000
1.01608	.589722	.000000
1.01628	.590069	.000000
1.01648	.590774	.000000
1.01668	.591256	.000000
1.01688	.591556	.000000
1.01708	.591951	.000000
1.01728	.592408	.000000
1.01748	.593056	.000000
1.01768	.593871	.000000
1.01788	.594362	.000000
1.01808	.594949	.000000
1.01828	.595514	.000000
1.01848	.596128	.000000
1.01868	.596546	.000000
1.01888	.597024	.000000
1.01908	.597711	.000000
1.01928	.598375	.000000
1.01948	.598989	.000000
1.01968	.599465	.000000
1.01988	.600052	.000000
1.02008	.600560	.000000
1.02028	.601189	.000000
1.02048	.601960	.000000
1.02068	.602496	.000000
1.02088	.602801	.000000
1.02108	.603172	.000000
1.02129	.603804	.000000
1.02149	.604392	.000000
1.02169	.604763	.000000
1.02189	.605333	.000000
1.02209	.606106	.000000
1.02229	.606824	.000000
1.02249	.607533	.000000
1.0227	.608031	.000000
1.0229	.608381	.000000
1.0231	.608952	.000000
1.0233	.609510	.000000
1.0235	.609944	.000000
1.02371	.610399	.000000
1.02391	.611052	.000000
1.02411	.611705	.000000
1.02431	.612082	.000000
1.02451	.612742	.000000
1.02472	.613544	.000000
1.02492	.614245	.000000
1.02512	.614743	.000000
1.02532	.615123	.000000
1.02553	.615587	.000000
1.02573	.615982	.000000
1.02593	.616429	.000000
1.02614	.616972	.000000
1.02634	.617610	.000000
1.02654	.618281	.000000
1.02675	.618833	.000000
1.02695	.619397	.000000
1.02715	.619993	.000000
1.02736	.620270	.000000
1.02756	.620850	.000000
1.02776	.621631	.000000
1.02797	.622127	.000000
1.02817	.622556	.000000
1.02838	.623080	.000000
1.02858	.623624	.000000
1.02878	.624209	.000000
1.02899	.624726	.000000
1.02919	.625203	.000000
1.0294	.625586	.000000
1.0296	.626315	.000000
1.02981	.627146	.000000
1.03001	.627609	.000000
1.03021	.627847	.000000
1.03042	.628358	.000000
1.03062	.629029	.000000
1.03083	.629625	.000000
1.03103	.630164	.000000
1.03124	.630794	.000000
1.03144	.631316	.000000
1.03165	.631757	.000000
1.03185	.632235	.000000
1.03206	.632578	.000000
1.03227	.633051	.000000
1.03247	.633667	.000000
1.03268	.634221	.000000
1.03288	.634704	.000000
1.03309	.635238	.000000
1.03329	.635750	.000000
1.0335	.636376	.000000
1.03371	.636821	.000000
1.03391	.636962	.000000
1.03412	.637506	.000000
1.03432	.638234	.000000
1.03453	.638820	.000000
1.03474	.639577	.000000
1.03494	.640018	.000000
1.03515	.640413	.000000
1.03536	.640954	.000000
1.03556	.641552	.000000
1.03577	.642094	.000000
1.03598	.642600	.000000
1.03619	.643282	.000000
1.03639	.643582	.000000
1.0366	.643920	.000000
1.03681	.644573	.000000
1.03701	.645281	.000000
1.03722	.645693	.000000
1.03743	.645996	.000000
1.03764	.646363	.000000
1.03784	.646963	.000000
1.03805	.647517	.000000
1.03826	.648063	.000000
1.03847	.648636	.000000
1.03868	.649051	.000000
1.03888	.649386	.000000
1.03909	.649780	.000000
1.0393	.650310	.000000
1.03951	.651049	.000000
1.03972	.651677	.000000
1.03993	.652142	.000000
1.04013	.652751	.000000
1.04034	.653263	.000000
1.04055	.653650	.000000
1.04076	.654269	.000000
1.04097	.654443	.000000
1.04118	.654880	.000000
1.04139	.655773	.000000
1.0416	.656238	.000000
1.04181	.656314	.000000
1.04202	.656703	.000000
1.04223	.657370	.000000
1.04244	.657712	.000000
1.04264	.658221	.000000
1.04285	.658990	.000000
1.04306	.659525	.000000
1.04327	.659742	.000000
1.04348	.660170	.000000
1.04369	.660761	.000000
1.0439	.661349	.000000
1.04411	.661746	.000000
1.04432	.662292	.000000
1.04454	.662844	.000000
1.04475	.663147	.000000
1.04496	.663522	.000000
1.04517	.663970	.000000
1.04538	.664327	.000000
1.04559	.664821	.000000
1.0458	.665323	.000000
1.04601	.665822	.000000
1.04622	.666180	.000000
1.04643	.666622	.000000
1.04664	.667134	.000000
1.04686	.667664	.000000
1.04707	.668175	.000000
1.04728	.668656	.000000
1.04749	.669116	.000000
1.0477	.669479	.000000
1.04791	.670041	.000000
1.04812	.670588	.000000
1.04834	.671073	.000000
1.04855	.671515	.000000
1.04876	.671978	.000000
1.04897	.672421	.000000
1.04919	.672902	.000000
1.0494	.673064	.000000
1.04961	.673393	.000000
1.04982	.674020	.000000
1.05004	.674527	.000000
1.05025	.674810	.000000
1.05046	.675206	.000000
1.05067	.675795	.000000
1.05089	.676160	.000000
1.0511	.676458	.000000
1.05131	.676939	.000000
1.05153	.677590	.000000
1.05174	.678204	.000000
1.05195	.678765	.000000
1.05217	.679081	.000000
1.05238	.679300	.000000
1.05259	.679567	.000000
1.05281	.679952	.000000
1.05302	.680416	.000000
1.05323	.680989	.000000
1.05345	.681493	.000000
1.05366	.681788	.000000
1.05388	.682360	.000000
1.05409	.682781	.000000
1.05431	.683076	.000000
1.05452	.683586	.000000
1.05473	.684152	.000000
1.05495	.684508	.000000
1.05516	.684886	.000000
1.05538	.685287	.000000
1.05559	.685707	.000000
1.05581	.686000	.000000
1.05602	.686290	.000000
1.05624	.686687	.000000
1.05645	.687065	.000000
1.05667	.687560	.000000
1.05688	.688286	.000000
1.0571	.688691	.000000
1.05732	.689112	.000000
1.05753	.689490	.000000
1.05775	.689709	.000000
1.05796	.689987	.000000
1.05818	.690473	.000000
1.05839	.690883	.000000
1.05861	.691129	.000000
1.05883	.691611	.000000
1.05904	.692035	.000000
1.05926	.692521	.000000
1.05948	.692936	.000000
1.05969	.693284	.000000
1.05991	.693629	.000000
1.06013	.694060	.000000
1.06034	.694543	.000000
1.06056	.695034	.000000
1.06078	.695410	.000000
1.06099	.695564	.000000
1.06121	.695941	.000000
1.06143	.696344	.000000
1.06165	.696630	.000000
1.06186	.697018	.000000
1.06208	.697329	.000000
1.0623	.697668	.000000
1.06252	.698062	.000000
1.06273	.698297	.000000
1.06295	.698671	.000000
1.06317	.699131	.000000
1.06339	.699649	.000000
1.06361	.699973	.000000
1.06382	.700259	.000000
1.06404	.700761	.000000
1.06426	.701153	.000000
1.06448	.701564	.000000
1.0647	.701987	.000000
1.06492	.702418	.000000
1.06514	.702707	.000000
1.06535	.702925	.000000
1.06557	.703390	.000000
1.06579	.703999	.000000
1.06601	.704273	.000000
1.06623	.704597	.000000
1.06645	.704949	.000000
1.06667	.705106	.000000
1.06689	.705415	.000000
1.06711	.705858	.000000
1.06733	.706214	.000000
1.06755	.706485	.000000
1.06777	.706634	.000000
1.06799	.707019	.000000
1.06821	.707458	.000000
1.06843	.707883	.000000
1.06865	.708257	.000000
1.06887	.708801	.000000
1.06909	.709213	.000000
1.06931	.709292	.000000
1.06953	.709453	.000000
1.06975	.709749	.000000
1.06997	.710329	.000000
1.07019	.710572	.000000
1.07041	.710812	.000000
1.07063	.711367	.000000
1.07085	.711602	.000000
1.07108	.711871	.000000
1.0713	.712388	.000000
1.07152	.712843	.000000
1.07174	.713109	.000000
1.07196	.713368	.000000
1.07218	.713527	.000000
1.07241	.713812	.000000
1.07263	.714079	.000000
1.07285	.714543	.000000
1.07307	.714946	.000000
1.07329	.715102	.000000
1.07352	.715447	.000000
1.07374	.715866	.000000
1.07396	.716163	.000000
1.07418	.716605	.000000
1.07441	.716970	.000000
1.07463	.717133	.000000
1.07485	.717386	.000000
1.07507	.717535	.000000
1.0753	.717624	.000000
1.07552	.717940	.000000
1.07574	.718408	.000000
1.07597	.718966	.000000
1.07619	.719478	.000000
1.07641	.719615	.000000
1.07664	.719772	.000000
1.07686	.720118	.000000
1.07708	.720613	.000000
1.07731	.720822	.000000
1.07753	.720981	.000000
1.07776	.721132	.000000
1.07798	.721524	.000000
1.0782	.721956	.000000
1.07843	.722194	.000000
1.07865	.722366	.000000
1.07888	.722480	.000000
1.0791	.722744	.000000
1.07933	.723249	.000000
1.07955	.723563	.000000
1.07978	.723782	.000000
1.08	.724184	.000000
1.08023	.724370	.000000
1.08045	.724578	.000000
1.08068	.724887	.000000
1.0809	.725247	.000000
1.08113	.725490	.000000
1.08135	.725729	.000000
1.08158	.726112	.000000
1.0818	.726365	.000000
1.08203	.726501	.000000
1.08225	.726795	.000000
1.08248	.727160	.000000
1.08271	.727322	.000000
1.08293	.727644	.000000
1.08316	.728007	.000000
1.08339	.728326	.000000
1.08361	.728471	.000000
1.08384	.728591	.000000
1.08406	.729043	.000000
1.08429	.729512	.000000
1.08452	.729810	.000000
1.08475	.729896	.000000
1.08497	.730089	.000000
1.0852	.730402	.000000
1.08543	.730781	.000000
1.08565	.731110	.000000
1.08588	.731324	.000000
1.08611	.731469	.000000
1.08634	.731685	.000000
1.08656	.731793	.000000
1.08679	.731895	.000000
1.08702	.732220	.000000
1.08725	.732463	.000000
1.08748	.732809	.000000
1.0877	.733208	.000000
1.08793	.733234	.000000
1.08816	.733451	.000000
1.08839	.733772	.000000
1.08862	.734005	.000000
1.08885	.734279	.000000
1.08907	.734481	.000000
1.0893	.734930	.000000
1.08953	.735231	.000000
1.08976	.735424	.000000
1.08999	.735638	.000000
1.09022	.735782	.000000
1.09045	.736009	.000000
1.09068	.736237	.000000
1.09091	.736612	.000000
1.09114	.736762	.000000
1.09137	.736762	.000000
1.0916	.737020	.000000
1.09183	.737198	.000000
1.09206	.737329	.000000
1.09229	.737716	.000000
1.09252	.738130	.000000
1.09275	.738340	.000000
1.09298	.738387	.000000
1.09321	.738496	.000000
1.09344	.738839	.000000
1.09367	.739121	.000000
1.0939	.739252	.000000
1.09413	.739648	.000000
1.09436	.739929	.000000
1.09459	.739933	.000000
1.09482	.739983	.000000
1.09505	.740109	.000000
1.09529	.740458	.000000
1.09552	.740793	.000000
1.09575	.740923	.000000
1.09598	.741213	.000000
1.09621	.741635	.000000
1.09644	.741812	.000000
1.09668	.741818	.000000
1.09691	.741964	.000000
1.09714	.742322	.000000
1.09737	.742619	.000000
1.0976	.742687	.000000
1.09784	.742821	.000000
1.09807	.743178	.000000
1.0983	.743367	.000000
1.09854	.743584	.000000
1.09877	.743751	.000000
1.099	.743821	.000000
1.09923	.744190	.000000
1.09947	.744524	.000000
1.0997	.744571	.000000
1.09993	.744774	.000000
1.10017	.744947	.000000
1.1004	.744971	.000000
1.10063	.745154	.000000
1.10087	.745456	.000000
1.1011	.745650	.000000
1.10134	.745645	.000000
1.10157	.745780	.000000
1.1018	.746110	.000000
1.10204	.746246	.000000
1.10227	.746492	.000000
1.10251	.746745	.000000
1.10274	.746946	.000000
1.10298	.747014	.000000
1.10321	.747170	.000000
1.10344	.747247	.000000
1.10368	.747461	.000000
1.10391	.747771	.000000
1.10415	.748069	.000000
1.10439	.748150	.000000
1.10462	.748221	.000000
1.10486	.748427	.000000
1.10509	.748688	.000000
1.10533	.748835	.000000
1.10556	.749135	.000000
1.1058	.749240	.000000
1.10603	.749263	.000000
1.10627	.749452	.000000
1.10651	.749690	.000000
1.10674	.749886	.000000
1.10698	.750099	.000000
1.10722	.750230	.000000
1.10745	.750338	.000000
1.10769	.750619	.000000
1.10792	.750844	.000000
1.10816	.750940	.000000
1.1084	.751064	.000000
1.10864	.751260	.000000
1.10887	.751429	.000000
1.10911	.751379	.000000
1.10935	.751432	.000000
1.10958	.751758	.000000
1.10982	.751950	.000000
1.11006	.752041	.000000
1.1103	.752239	.000000
1.11054	.752417	.000000
1.11077	.752663	.000000
1.11101	.752905	.000000
1.11125	.752856	.000000
1.11149	.752728	.000000
1.11173	.752960	.000000
1.11196	.753240	.000000
1.1122	.753434	.000000
1.11244	.753551	.000000
1.11268	.753642	.000000
1.11292	.753836	.000000
1.11316	.753950	.000000
1.1134	.753885	.000000
1.11364	.754253	.000000
1.11388	.754628	.000000
1.11411	.754664	.000000
1.11435	.754818	.000000
1.11459	.755040	.000000
1.11483	.755058	.000000
1.11507	.755114	.000000
1.11531	.755208	.000000
1.11555	.755361	.000000
1.11579	.755563	.000000
1.11603	.755633	.000000
1.11627	.755874	.000000
1.11651	.756116	.000000
1.11675	.756192	.000000
1.11699	.756257	.000000
1.11724	.756402	.000000
1.11748	.756605	.000000
1.11772	.756780	.000000
1.11796	.756947	.000000
1.1182	.757052	.000000
1.11844	.757059	.000000
1.11868	.756906	.000000
1.11892	.757093	.000000
1.11916	.757297	.000000
1.11941	.757454	.000000
1.11965	.757699	.000000
1.11989	.757797	.000000
1.12013	.757809	.000000
1.12037	.758019	.000000
1.12062	.758314	.000000
1.12086	.758421	.000000
1.1211	.758363	.000000
1.12134	.758554	.000000
1.12159	.758695	.000000
1.12183	.758690	.000000
1.12207	.758893	.000000
1.12231	.759038	.000000
1.12256	.759165	.000000
1.1228	.759307	.000000
1.12304	.759254	.000000
1.12329	.759343	.000000
1.12353	.759545	.000000
1.12377	.759758	.000000
1.12402	.759845	.000000
1.12426	.759835	.000000
1.12451	.760075	.000000
1.12475	.760347	.000000
1.12499	.760415	.000000
1.12524	.760511	.000000
1.12548	.760558	.000000
1.12573	.760697	.000000
1.12597	.760848	.000000
1.12621	.760991	.000000
1.12646	.761144	.000000
1.1267	.761169	.000000
1.12695	.761133	.000000
1.12719	.761216	.000000
1.12744	.761430	.000000
1.12768	.761519	.000000
1.12793	.761622	.000000
1.12818	.761775	.000000
1.12842	.761783	.000000
1.12867	.761886	.000000
1.12891	.762029	.000000
1.12916	.762087	.000000
1.1294	.762107	.000000
1.12965	.762225	.000000
1.1299	.762426	.000000
1.13014	.762564	.000000
1.13039	.762666	.000000
1.13064	.762696	.000000
1.13088	.762862	.000000
1.13113	.762920	.000000
1.13138	.762922	.000000
1.13162	.763069	.000000
1.13187	.763194	.000000
1.13212	.763353	.000000
1.13236	.763644	.000000
1.13261	.763835	.000000
1.13286	.763855	.000000
1.13311	.763816	.000000
1.13335	.763850	.000000
1.1336	.764027	.000000
1.13385	.764083	.000000
1.1341	.764116	.000000
1.13435	.764292	.000000
1.13459	.764299	.000000
1.13484	.764430	.000000
1.13509	.764629	.000000
1.13534	.764692	.000000
1.13559	.764666	.000000
1.13584	.764720	.000000
1.13609	.764869	.000000
1.13633	.765028	.000000
1.13658	.765138	.000000
1.13683	.765198	.000000
1.13708	.765250	.000000
1.13733	.765234	.000000
1.13758	.765361	.000000
1.13783	.765590	.000000
1.13808	.765754	.000000
1.13833	.765684	.000000
1.13858	.765775	.000000
1.13883	.765925	.000000
1.13908	.765954	.000000
1.13933	.766019	.000000
1.13958	.766113	.000000
1.13983	.766217	.000000
1.14008	.766275	.000000
1.14033	.766202	.000000
1.14058	.766267	.000000
1.14084	.766343	.000000
1.14109	.766457	.000000
1.14134	.766732	.000000
1.14159	.766834	.000000
1.14184	.766755	.000000
1.14209	.766820	.000000
1.14234	.767134	.000000
1.1426	.767276	.000000
1.14285	.767153	.000000
1.1431	.767223	.000000
1.14335	.767323	.000000
1.1436	.767385	.000000
1.14386	.767482	.000000
1.14411	.767599	.000000
1.14436	.767568	.000000
1.14461	.767688	.000000
1.14487	.767818	.000000
1.14512	.767819	.000000
1.14537	.767929	.000000
1.14562	.768086	.000000
1.14588	.768189	.000000
1.14613	.768169	.000000
1.14638	.768266	.000000
1.14664	.768491	.000000
1.14689	.768564	.000000
1.14715	.768503	.000000
1.1474	.768608	.000000
1.14765	.768875	.000000
1.14791	.768974	.000000
1.14816	.768874	.000000
1.14842	.768824	.000000
1.14867	.768906	.000000
1.14893	.769141	.000000
1.14918	.769253	.000000
1.14943	.769339	.000000
1.14969	.769391	.000000
1.14994	.769297	.000000
1.1502	.769344	.000000
1.15045	.769562	.000000
1.15071	.769723	.000000
1.15097	.769841	.000000
1.15122	.769846	.000000
1.15148	.769833	.000000
1.15173	.769841	.000000
1.15199	.769883	.000000
1.15224	.769961	.000000
1.1525	.770000	.000000
1.15276	.770091	.000000
1.15301	.770231	.000000
1.15327	.770377	.000000
1.15353	.770528	.000000
1.15378	.770534	.000000
1.15404	.770567	.000000
1.1543	.770572	.000000
1.15455	.770544	.000000
1.15481	.770645	.000000
1.15507	.770795	.000000
1.15533	.770831	.000000
1.15558	.770808	.000000
1.15584	.770905	.000000
1.1561	.770922	.000000
1.15636	.771025	.000000
1.15661	.771108	.000000
1.15687	.771165	.000000
1.15713	.771220	.000000
1.15739	.771291	.000000
1.15765	.771458	.000000
1.15791	.771523	.000000
1.15816	.771502	.000000
1.15842	.771578	.000000
1.15868	.771568	.000000
1.15894	.771626	.000000
1.1592	.771837	.000000
1.15946	.771824	.000000
1.15972	.771814	.000000
1.15998	.771945	.000000
1.16024	.771999	.000000
1.1605	.772023	.000000
1.16076	.772070	.000000
1.16102	.772119	.000000
1.16128	.772185	.000000
1.16154	.772291	.000000
1.1618	.772210	.000000
1.16206	.772244	.000000
1.16232	.772331	.000000
1.16258	.772386	.000000
1.16284	.772568	.000000
1.1631	.772731	.000000
1.16336	.772901	.000000
1.16362	.772900	.000000
1.16388	.772837	.000000
1.16415	.772905	.000000
1.16441	.772952	.000000
1.16467	.773018	.000000
1.16493	.773206	.000000
1.16519	.773284	.000000
1.16545	.773316	.000000
1.16572	.773358	.000000
1.16598	.773311	.000000
1.16624	.773431	.000000
1.1665	.773629	.000000
1.16676	.773690	.000000
1.16703	.773679	.000000
1.16729	.773650	.000000
1.16755	.773601	.000000
1.16782	.773643	.000000
1.16808	.773723	.000000
1.16834	.773791	.000000
1.16861	.773911	.000000
1.16887	.774058	.000000
1.16913	.774029	.000000
1.1694	.773977	.000000
1.16966	.773972	.000000
1.16992	.774032	.000000
1.17019	.774147	.000000
1.17045	.774194	.000000
1.17072	.774274	.000000
1.17098	.774470	.000000
1.17125	.774520	.000000
1.17151	.774554	.000000
1.17178	.774567	.000000
1.17204	.774581	.000000
1.1723	.774698	.000000
1.17257	.774662	.000000
1.17284	.774589	.000000
1.1731	.774721	.000000
1.17337	.774727	.000000
1.17363	.774615	.000000
1.1739	.774779	.000000
1.17416	.774845	.000000
1.17443	.775016	.000000
1.1747	.775194	.000000
1.17496	.775160	.000000
1.17523	.775160	.000000
1.17549	.775171	.000000
1.17576	.775218	.000000
1.17603	.775281	.000000
1.17629	.775241	.000000
1.17656	.775260	.000000
1.17683	.775404	.000000
1.1771	.775477	.000000
1.17736	.775659	.000000
1.17763	.775746	.000000
1.1779	.775711	.000000
1.17817	.775782	.000000
1.17843	.775837	.000000
1.1787	.775939	.000000
1.17897	.776017	.000000
1.17924	.776059	.000000
1.17951	.776083	.000000
1.17977	.775999	.000000
1.18004	.776036	.000000
1.18031	.776007	.000000
1.18058	.775979	.000000
1.18085	.776067	.000000
1.18112	.776184	.000000
1.18139	.776316	.000000
1.18166	.776558	.000000
1.18193	.776632	.000000
1.18219	.776506	.000000
1.18246	.776547	.000000
1.18273	.776666	.000000
1.183	.776773	.000000
1.18327	.776806	.000000
1.18354	.776864	.000000
1.18381	.776807	.000000
1.18408	.776835	.000000
1.18436	.776994	.000000
1.18463	.776960	.000000
1.1849	.776833	.000000
1.18517	.776730	.000000
1.18544	.776830	.000000
1.18571	.776974	.000000
1.18598	.777036	.000000
1.18625	.777227	.000000
1.18652	.777363	.000000
1.1868	.777402	.000000
1.18707	.777507	.000000
1.18734	.777452	.000000
1.18761	.777405	.000000
1.18788	.777451	.000000
1.18816	.777512	.000000
1.18843	.777556	.000000
1.1887	.777651	.000000
1.18897	.777711	.000000
1.18925	.777632	.000000
1.18952	.777700	.000000
1.18979	.777786	.000000
1.19006	.777802	.000000
1.19034	.777776	.000000
1.19061	.777731	.000000
1.19088	.777872	.000000
1.19116	.778031	.000000
1.19143	.778024	.000000
1.19171	.777956	.000000
1.19198	.777948	.000000
1.19225	.778016	.000000
1.19253	.778105	.000000
1.1928	.778071	.000000
1.19308	.778120	.000000
1.19335	.778163	.000000
1.19363	.778254	.000000
1.1939	.778382	.000000
1.19418	.778400	.000000
1.19445	.778413	.000000
1.19473	.778476	.000000
1.195	.778557	.000000
1.19528	.778628	.000000
1.19555	.778586	.000000
1.19583	.778601	.000000
1.1961	.778703	.000000
1.19638	.778740	.000000
1.19666	.778768	.000000
1.19693	.778816	.000000
1.19721	.778844	.000000
1.19749	.778868	.000000
1.19776	.778857	.000000
1.19804	.778967	.000000
1.19832	.779067	.000000
1.19859	.779048	.000000
1.19887	.779012	.000000
1.19915	.779077	.000000
1.19942	.779053	.000000
1.1997	.779121	.000000
1.19998	.779241	.000000
1.20026	.779331	.000000
1.20054	.779367	.000000
1.20081	.779370	.000000
1.20109	.779367	.000000
1.20137	.779425	.000000
1.20165	.779480	.000000
1.20193	.779456	.000000
1.20221	.779513	.000000
1.20248	.779602	.000000
1.20276	.779638	.000000
1.20304	.779693	.000000
1.20332	.779840	.000000
1.2036	.779809	.000000
1.20388	.779717	.000000
1.20416	.779719	.000000
1.20444	.779803	.000000
1.20472	.779814	.000000
1.205	.779806	.000000
1.20528	.779895	.000000
1.20556	.779918	.000000
1.20584	.779957	.000000
1.20612	.780001	.000000
1.2064	.780030	.000000
1.20668	.780190	.000000
1.20696	.780159	.000000
1.20724	.780091	.000000
1.20753	.780098	.000000
1.20781	.780154	.000000
1.20809	.780171	.000000
1.20837	.780300	.000000
1.20865	.780321	.000000
1.20893	.780291	.000000
1.20921	.780252	.000000
1.2095	.780269	.000000
1.20978	.780388	.000000
1.21006	.780504	.000000
1.21034	.780542	.000000
1.21063	.780519	.000000
1.21091	.780480	.000000
1.21119	.780511	.000000
1.21148	.780615	.000000
1.21176	.780751	.000000
1.21204	.780830	.000000
1.21233	.780793	.000000
1.21261	.780757	.000000
1.21289	.780825	.000000
1.21318	.780964	.000000
1.21346	.780929	.000000
1.21374	.780961	.000000
1.21403	.781086	.000000
1.21431	.781148	.000000
1.2146	.781149	.000000
1.21488	.781114	.000000
1.21517	.781120	.000000
1.21545	.781024	.000000
1.21574	.781018	.000000
1.21602	.781159	.000000
1.21631	.781182	.000000
1.21659	.781139	.000000
1.21688	.781193	.000000
1.21716	.781245	.000000
1.21745	.781233	.000000
1.21774	.781248	.000000
1.21802	.781290	.000000
1.21831	.781407	.000000
1.21859	.781569	.000000
1.21888	.781463	.000000
1.21917	.781400	.000000
1.21945	.781530	.000000
1.21974	.781684	.000000
1.22003	.781708	.000000
1.22031	.781647	.000000
1.2206	.781601	.000000
1.22089	.781622	.000000
1.22118	.781617	.000000
1.22146	.781689	.000000
1.22175	.781776	.000000
1.22204	.781799	.000000
1.22233	.781818	.000000
1.22262	.781831	.000000
1.2229	.781917	.000000
1.22319	.781980	.000000
1.22348	.781935	.000000
1.22377	.781925	.000000
1.22406	.781930	.000000
1.22435	.782034	.000000
1.22464	.782131	.000000
1.22493	.782181	.000000
1.22522	.782325	.000000
1.22551	.782301	.000000
1.2258	.782209	.000000
1.22609	.782350	.000000
1.22638	.782444	.000000
1.22667	.782358	.000000
1.22696	.782298	.000000
1.22725	.782312	.000000
1.22754	.782280	.000000
1.22783	.782272	.000000
1.22812	.782358	.000000
1.22841	.782460	.000000
1.2287	.782508	.000000
1.22899	.782411	.000000
1.22928	.782445	.000000
1.22958	.782534	.000000
1.22987	.782539	.000000
1.23016	.782500	.000000
1.23045	.782504	.000000
1.23074	.782418	.000000
1.23103	.782487	.000000
1.23133	.782701	.000000
1.23162	.782787	.000000
1.23191	.782711	.000000
1.23221	.782742	.000000
1.2325	.782737	.000000
1.23279	.782743	.000000
1.23308	.782789	.000000
1.23338	.782881	.000000
1.23367	.782938	.000000
1.23396	.782925	.000000
1.23426	.782841	.000000
1.23455	.782928	.000000
1.23485	.783106	.000000
1.23514	.783103	.000000
1.23543	.783186	.000000
1.23573	.783145	.000000
1.23602	.782962	.000000
1.23632	.783019	.000000
1.23661	.783071	.000000
1.23691	.783077	.000000
1.2372	.783088	.000000
1.2375	.783199	.000000
1.23779	.783314	.000000
1.23809	.783265	.000000
1.23839	.783106	.000000
1.23868	.782985	.000000
1.23898	.783038	.000000
1.23927	.783212	.000000
1.23957	.783278	.000000
1.23987	.783297	.000000
1.24016	.783372	.000000
1.24046	.783451	.000000
1.24076	.783414	.000000
1.24105	.783396	.000000
1.24135	.783440	.000000
1.24165	.783336	.000000
1.24195	.783348	.000000
1.24224	.783429	.000000
1.24254	.783406	.000000
1.24284	.783497	.000000
1.24314	.783620	.000000
1.24343	.783571	.000000
1.24373	.783411	.000000
1.24403	.783359	.000000
1.24433	.783459	.000000
1.24463	.783550	.000000
1.24493	.783532	.000000
1.24523	.783458	.000000
1.24553	.783573	.000000
1.24582	.783689	.000000
1.24612	.783652	.000000
1.24642	.783717	.000000
1.24672	.783756	.000000
1.24702	.783670	.000000
1.24732	.783608	.000000
1.24762	.783589	.000000
1.24792	.783634	.000000
1.24822	.783715	.000000
1.24852	.783759	.000000
1.24883	.783806	.000000
1.24913	.783910	.000000
1.24943	.783984	.000000
1.24973	.783968	.000000
1.25003	.783808	.000000
1.25033	.783753	.000000
1.25063	.783803	.000000
1.25093	.783907	.000000
1.25124	.783957	.000000
1.25154	.783840	.000000
1.25184	.783770	.000000
1.25214	.783735	.000000
1.25245	.783691	.000000
1.25275	.783803	.000000
1.25305	.783918	.000000
1.25335	.783954	.000000
1.25366	.784041	.000000
1.25396	.784078	.000000
1.25426	.783955	.000000
1.25457	.783947	.000000
1.25487	.784077	.000000
1.25517	.784056	.000000
1.25548	.783983	.000000
1.25578	.783942	.000000
1.25609	.784002	.000000
1.25639	.784065	.000000
1.2567	.784041	.000000
1.257	.784049	.000000
1.25731	.784098	.000000
1.25761	.784070	.000000
1.25792	.783950	.000000
1.25822	.783947	.000000
1.25853	.784094	.000000
1.25883	.784172	.000000
1.25914	.784184	.000000
1.25944	.784159	.000000
1.25975	.784145	.000000
1.26005	.784172	.000000
1.26036	.784192	.000000
1.26067	.784124	.000000
1.26097	.784099	.000000
1.26128	.784099	.000000
1.26159	.784192	.000000
1.2619	.784213	.000000
1.2622	.784247	.000000
1.26251	.784237	.000000
1.26282	.784222	.000000
1.26312	.784284	.000000
1.26343	.784396	.000000
1.26374	.784357	.000000
1.26405	.784261	.000000
1.26436	.784125	.000000
1.26467	.784120	.000000
1.26497	.784137	.000000
1.26528	.784169	.000000
1.26559	.784070	.000000
1.2659	.784039	.000000
1.26621	.784072	.000000
1.26652	.784163	.000000
1.26683	.784231	.000000
1.26714	.784224	.000000
1.26745	.784193	.000000
1.26776	.784184	.000000
1.26807	.784226	.000000
1.26838	.784187	.000000
1.26869	.784206	.000000
1.269	.784252	.000000
1.26931	.784258	.000000
1.26962	.784213	.000000
1.26993	.784114	.000000
1.27024	.784052	.000000
1.27055	.784124	.000000
1.27086	.784252	.000000
1.27118	.784187	.000000
1.27149	.784043	.000000
1.2718	.783978	.000000
1.27211	.784054	.000000
1.27242	.784101	.000000
1.27274	.784116	.000000
1.27305	.784104	.000000
1.27336	.784111	.000000
1.27367	.784174	.000000
1.27399	.784214	.000000
1.2743	.784231	.000000
1.27461	.784234	.000000
1.27493	.784161	.000000
1.27524	.784070	.000000
1.27555	.783968	.000000
1.27587	.783960	.000000
1.27618	.784043	.000000
1.2765	.784167	.000000
1.27681	.784227	.000000
1.27713	.784158	.000000
1.27744	.784056	.000000
1.27776	.784015	.000000
1.27807	.783984	.000000
1.27839	.784030	.000000
1.2787	.784096	.000000
1.27902	.784018	.000000
1.27933	.783847	.000000
1.27965	.783856	.000000
1.27996	.784036	.000000
1.28028	.783989	.000000
1.2806	.783821	.000000
1.28091	.783847	.000000
1.28123	.783809	.000000
1.28155	.783785	.000000
1.28186	.783785	.000000
1.28218	.783801	.000000
1.2825	.783816	.000000
1.28281	.783767	.000000
1.28313	.783827	.000000
1.28345	.783861	.000000
1.28377	.783874	.000000
1.28408	.783842	.000000
1.2844	.783806	.000000
1.28472	.783788	.000000
1.28504	.783795	.000000
1.28536	.783775	.000000
1.28568	.783736	.000000
1.286	.783636	.000000
1.28631	.783623	.000000
1.28663	.783673	.000000
1.28695	.783626	.000000
1.28727	.783579	.000000
1.28759	.783592	.000000
1.28791	.783526	.000000
1.28823	.783450	.000000
1.28855	.783417	.000000
1.28887	.783412	.000000
1.28919	.783344	.000000
1.28951	.783351	.000000
1.28983	.783419	.000000
1.29016	.783340	.000000
1.29048	.783231	.000000
1.2908	.783257	.000000
1.29112	.783414	.000000
1.29144	.783435	.000000
1.29176	.783270	.000000
1.29208	.783114	.000000
1.29241	.783066	.000000
1.29273	.783127	.000000
1.29305	.783179	.000000
1.29337	.783174	.000000
1.2937	.783079	.000000
1.29402	.783025	.000000
1.29434	.783033	.000000
1.29467	.783017	.000000
1.29499	.782894	.000000
1.29531	.782829	.000000
1.29564	.782862	.000000
1.29596	.782829	.000000
1.29628	.782764	.000000
1.29661	.782721	.000000
1.29693	.782679	.000000
1.29726	.782695	.000000
1.29758	.782738	.000000
1.29791	.782785	.000000
1.29823	.782763	.000000
1.29856	.782726	.000000
1.29888	.782588	.000000
1.29921	.782466	.000000
1.29953	.782518	.000000
1.29986	.782505	.000000
1.30018	.782382	.000000
1.30051	.782356	.000000
1.30084	.782322	.000000
1.30116	.782295	.000000
1.30149	.782256	.000000
1.30182	.782204	.000000
1.30214	.782090	.000000
1.30247	.782128	.000000
1.3028	.782186	.000000
1.30313	.782171	.000000
1.30345	.782050	.000000
1.30378	.781954	.000000
1.30411	.782008	.000000
1.30444	.782013	.000000
1.30477	.781984	.000000
1.30509	.781888	.000000
1.30542	.781841	.000000
1.30575	.781891	.000000
1.30608	.781925	.000000
1.30641	.781789	.000000
1.30674	.781671	.000000
1.30707	.781627	.000000
1.3074	.781580	.000000
1.30773	.781557	.000000
1.30806	.781486	.000000
1.30839	.781449	.000000
1.30872	.781402	.000000
1.30905	.781305	.000000
1.30938	.781279	.000000
1.30971	.781324	.000000
1.31004	.781314	.000000
1.31037	.781207	.000000
1.3107	.781125	.000000
1.31103	.781136	.000000
1.31137	.781104	.000000
1.3117	.781078	.000000
1.31203	.780981	.000000
1.31236	.780898	.000000
1.31269	.780890	.000000
1.31303	.780861	.000000
1.31336	.780864	.000000
1.31369	.780833	.000000
1.31402	.780770	.000000
1.31436	.780734	.000000
1.31469	.780623	.000000
1.31502	.780584	.000000
1.31536	.780587	.000000
1.31569	.780493	.000000
1.31603	.780372	.000000
1.31636	.780320	.000000
1.31669	.780266	.000000
1.31703	.780286	.000000
1.31736	.780282	.000000
1.3177	.780237	.000000
1.31803	.780174	.000000
1.31837	.780135	.000000
1.3187	.780150	.000000
1.31904	.780009	.000000
1.31937	.779826	.000000
1.31971	.779675	.000000
1.32005	.779688	.000000
1.32038	.779693	.000000
1.32072	.779579	.000000
1.32106	.779540	.000000
1.32139	.779523	.000000
1.32173	.779391	.000000
1.32207	.779320	.000000
1.3224	.779302	.000000
1.32274	.779241	.000000
1.32308	.779200	.000000
1.32342	.779150	.000000
1.32375	.779113	.000000
1.32409	.779012	.000000
1.32443	.778910	.000000
1.32477	.778883	.000000
1.32511	.778818	.000000
1.32545	.778743	.000000
1.32578	.778763	.000000
1.32612	.778732	.000000
1.32646	.778612	.000000
1.3268	.778461	.000000
1.32714	.778358	.000000
1.32748	.778252	.000000
1.32782	.778217	.000000
1.32816	.778244	.000000
1.3285	.778225	.000000
1.32884	.778103	.000000
1.32918	.777966	.000000
1.32952	.777894	.000000
1.32986	.777838	.000000
1.33021	.777726	.000000
1.33055	.777648	.000000
1.33089	.777635	.000000
1.33123	.777609	.000000
1.33157	.777530	.000000
1.33191	.777397	.000000
1.33226	.777327	.000000
1.3326	.777253	.000000
1.33294	.777135	.000000
1.33328	.777024	.000000
1.33363	.777024	.000000
1.33397	.777080	.000000
1.33431	.776939	.000000
1.33466	.776780	.000000
1.335	.776681	.000000
1.33535	.776610	.000000
1.33569	.776550	.000000
1.33603	.776453	.000000
1.33638	.776394	.000000
1.33672	.776305	.000000
1.33707	.776252	.000000
1.33741	.776179	.000000
1.33776	.776059	.000000
1.3381	.775971	.000000
1.33845	.775923	.000000
1.33879	.775766	.000000
1.33914	.775631	.000000
1.33948	.775542	.000000
1.33983	.775477	.000000
1.34018	.775435	.000000
1.34052	.775375	.000000
1.34087	.775268	.000000
1.34122	.775131	.000000
1.34156	.775025	.000000
1.34191	.774943	.000000
1.34226	.774845	.000000
1.34261	.774758	.000000
1.34295	.774766	.000000
1.3433	.774690	.000000
1.34365	.774518	.000000
1.344	.774414	.000000
1.34435	.774368	.000000
1.3447	.774238	.000000
1.34504	.774133	.000000
1.34539	.774063	.000000
1.34574	.773959	.000000
1.34609	.773974	.000000
1.34644	.773898	.000000
1.34679	.773744	.000000
1.34714	.773606	.000000
1.34749	.773530	.000000
1.34784	.773413	.000000
1.34819	.773253	.000000
1.34854	.773165	.000000
1.34889	.773183	.000000
1.34925	.773131	.000000
1.3496	.772961	.000000
1.34995	.772885	.000000
1.3503	.772746	.000000
1.35065	.772641	.000000
1.351	.772560	.000000
1.35135	.772355	.000000
1.35171	.772235	.000000
1.35206	.772171	.000000
1.35241	.772153	.000000
1.35277	.772085	.000000
1.35312	.771983	.000000
1.35347	.771852	.000000
1.35383	.771761	.000000
1.35418	.771557	.000000
1.35453	.771315	.000000
1.35489	.771247	.000000
1.35524	.771205	.000000
1.35559	.771111	.000000
1.35595	.771050	.000000
1.3563	.770935	.000000
1.35666	.770787	.000000
1.35701	.770661	.000000
1.35737	.770577	.000000
1.35772	.770476	.000000
1.35808	.770345	.000000
1.35844	.770299	.000000
1.35879	.770186	.000000
1.35915	.769937	.000000
1.3595	.769836	.000000
1.35986	.769826	.000000
1.36022	.769736	.000000
1.36057	.769532	.000000
1.36093	.769344	.000000
1.36129	.769258	.000000
1.36165	.769096	.000000
1.362	.768987	.000000
1.36236	.768935	.000000
1.36272	.768872	.000000
1.36308	.768734	.000000
1.36344	.768653	.000000
1.3638	.768529	.000000
1.36415	.768354	.000000
1.36451	.768132	.000000
1.36487	.768074	.000000
1.36523	.768048	.000000
1.36559	.767908	.000000
1.36595	.767847	.000000
1.36631	.767727	.000000
1.36667	.767523	.000000
1.36703	.767366	.000000
1.36739	.767228	.000000
1.36775	.767061	.000000
1.36811	.766880	.000000
1.36848	.766695	.000000
1.36884	.766658	.000000
1.3692	.766560	.000000
1.36956	.766408	.000000
1.36992	.766254	.000000
1.37028	.766163	.000000
1.37065	.765990	.000000
1.37101	.765789	.000000
1.37137	.765653	.000000
1.37173	.765509	.000000
1.3721	.765404	.000000
1.37246	.765269	.000000
1.37282	.765138	.000000
1.37319	.765041	.000000
1.37355	.764922	.000000
1.37391	.764830	.000000
1.37428	.764694	.000000
1.37464	.764456	.000000
1.37501	.764265	.000000
1.37537	.764091	.000000
1.37574	.763934	.000000
1.3761	.763881	.000000
1.37647	.763845	.000000
1.37683	.763604	.000000
1.3772	.763442	.000000
1.37757	.763330	.000000
1.37793	.763182	.000000
1.3783	.762946	.000000
1.37866	.762829	.000000
1.37903	.762792	.000000
1.3794	.762640	.000000
1.37976	.762479	.000000
1.38013	.762278	.000000
1.3805	.762034	.000000
1.38087	.761976	.000000
1.38124	.761930	.000000
1.3816	.761802	.000000
1.38197	.761734	.000000
1.38234	.761478	.000000
1.38271	.761204	.000000
1.38308	.761127	.000000
1.38345	.760974	.000000
1.38382	.760803	.000000
1.38419	.760736	.000000
1.38455	.760587	.000000
1.38492	.760372	.000000
1.38529	.760210	.000000
1.38566	.760031	.000000
1.38604	.759908	.000000
1.38641	.759871	.000000
1.38678	.759728	.000000
1.38715	.759542	.000000
1.38752	.759426	.000000
1.38789	.759236	.000000
1.38826	.759022	.000000
1.38863	.758867	.000000
1.38901	.758742	.000000
1.38938	.758619	.000000
1.38975	.758515	.000000
1.39012	.758372	.000000
1.3905	.758262	.000000
1.39087	.758091	.000000
1.39124	.757778	.000000
1.39162	.757496	.000000
1.39199	.757297	.000000
1.39236	.757175	.000000
1.39274	.757159	.000000
1.39311	.757107	.000000
1.39349	.756935	.000000
1.39386	.756752	.000000
1.39423	.756553	.000000
1.39461	.756330	.000000
1.39499	.756112	.000000
1.39536	.755963	.000000
1.39574	.755826	.000000
1.39611	.755690	.000000
1.39649	.755539	.000000
1.39686	.755393	.000000
1.39724	.755189	.000000
1.39762	.754977	.000000
1.39799	.754786	.000000
1.39837	.754695	.000000
1.39875	.754588	.000000
1.39913	.754400	.000000
1.3995	.754246	.000000
1.39988	.754055	.000000
1.40026	.753721	.000000
1.40064	.753525	.000000
1.40102	.753504	.000000
1.4014	.753402	.000000
1.40177	.753247	.000000
1.40215	.753055	.000000
1.40253	.752830	.000000
1.40291	.752594	.000000
1.40329	.752425	.000000
1.40367	.752330	.000000
1.40405	.752205	.000000
1.40443	.751915	.000000
1.40481	.751607	.000000
1.40519	.751521	.000000
1.40557	.751448	.000000
1.40596	.751210	.000000
1.40634	.751042	.000000
1.40672	.750893	.000000
1.4071	.750705	.000000
1.40748	.750499	.000000
1.40786	.750314	.000000
1.40825	.750129	.000000
1.40863	.749891	.000000
1.40901	.749715	.000000
1.40939	.749501	.000000
1.40978	.749305	.000000
1.41016	.749138	.000000
1.41055	.748991	.000000
1.41093	.748812	.000000
1.41131	.748537	.000000
1.4117	.748292	.000000
1.41208	.748122	.000000
1.41247	.748002	.000000
1.41285	.747821	.000000
1.41324	.747618	.000000
1.41362	.747443	.000000
1.41401	.747327	.000000
1.41439	.747157	.000000
1.41478	.746917	.000000
1.41517	.746700	.000000
1.41555	.746457	.000000
1.41594	.746283	.000000
1.41632	.746105	.000000
1.41671	.745878	.000000
1.4171	.745750	.000000
1.41749	.745562	.000000
1.41787	.745307	.000000
1.41826	.745172	.000000
1.41865	.745018	.000000
1.41904	.744694	.000000
1.41943	.744437	.000000
1.41982	.744263	.000000
1.4202	.744108	.000000
1.42059	.743921	.000000
1.42098	.743716	.000000
1.42137	.743497	.000000
1.42176	.743353	.000000
1.42215	.743187	.000000
1.42254	.742943	.000000
1.42293	.742671	.000000
1.42332	.742449	.000000
1.42371	.742287	.000000
1.42411	.742083	.000000
1.4245	.741836	.000000
1.42489	.741699	.000000
1.42528	.741511	.000000
1.42567	.741237	.000000
1.42606	.740997	.000000
1.42646	.740858	.000000
1.42685	.740715	.000000
1.42724	.740529	.000000
1.42763	.740270	.000000
1.42803	.740040	.000000
1.42842	.739823	.000000
1.42881	.739680	.000000
1.42921	.739482	.000000
1.4296	.739218	.000000
1.43	.738991	.000000
1.43039	.738799	.000000
1.43079	.738562	.000000
1.43118	.738269	.000000
1.43158	.738070	.000000
1.43197	.737867	.000000
1.43237	.737655	.000000
1.43276	.737494	.000000
1.43316	.737287	.000000
1.43356	.737038	.000000
1.43395	.736822	.000000
1.43435	.736659	.000000
1.43475	.736453	.000000
1.43514	.736202	.000000
1.43554	.735959	.000000
1.43594	.735683	.000000
1.43634	.735502	.000000
1.43673	.735328	.000000
1.43713	.735132	.000000
1.43753	.734917	.000000
1.43793	.734716	.000000
1.43833	.734525	.000000
1.43873	.734261	.000000
1.43913	.733989	.000000
1.43953	.733778	.000000
1.43993	.733550	.000000
1.44033	.733274	.000000
1.44073	.733073	.000000
1.44113	.732897	.000000
1.44153	.732637	.000000
1.44193	.732390	.000000
1.44233	.732161	.000000
1.44273	.731931	.000000
1.44313	.731709	.000000
1.44353	.731387	.000000
1.44394	.731098	.000000
1.44434	.730915	.000000
1.44474	.730710	.000000
1.44514	.730418	.000000
1.44555	.730147	.000000
1.44595	.729959	.000000
1.44635	.729781	.000000
1.44676	.729533	.000000
1.44716	.729245	.000000
1.44756	.729091	.000000
1.44797	.728851	.000000
1.44837	.728565	.000000
1.44878	.728322	.000000
1.44918	.728066	.000000
1.44959	.727826	.000000
1.44999	.727653	.000000
1.4504	.727413	.000000
1.4508	.727136	.000000
1.45121	.726936	.000000
1.45162	.726667	.000000
1.45202	.726355	.000000
1.45243	.726105	.000000
1.45284	.725866	.000000
1.45324	.725593	.000000
1.45365	.725402	.000000
1.45406	.725242	.000000
1.45447	.724989	.000000
1.45488	.724788	.000000
1.45528	.724605	.000000
1.45569	.724231	.000000
1.4561	.723860	.000000
1.45651	.723596	.000000
1.45692	.723395	.000000
1.45733	.723230	.000000
1.45774	.723017	.000000
1.45815	.722718	.000000
1.45856	.722400	.000000
1.45897	.722220	.000000
1.45938	.722018	.000000
1.45979	.721778	.000000
1.4602	.721509	.000000
1.46061	.721289	.000000
1.46102	.721038	.000000
1.46144	.720722	.000000
1.46185	.720521	.000000
1.46226	.720270	.000000
1.46267	.719954	.000000
1.46309	.719656	.000000
1.4635	.719408	.000000
1.46391	.719235	.000000
1.46433	.718945	.000000
1.46474	.718676	.000000
1.46515	.718476	.000000
1.46557	.718233	.000000
1.46598	.717943	.000000
1.4664	.717704	.000000
1.46681	.717444	.000000
1.46723	.717158	.000000
1.46764	.716924	.000000
1.46806	.716753	.000000
1.46847	.716545	.000000
1.46889	.716239	.000000
1.46931	.715868	.000000
1.46972	.715578	.000000
1.47014	.715374	.000000
1.47056	.715113	.000000
1.47097	.714815	.000000
1.47139	.714520	.000000
1.47181	.714217	.000000
1.47223	.714039	.000000
1.47264	.713892	.000000
1.47306	.713600	.000000
1.47348	.713310	.000000
1.4739	.713013	.000000
1.47432	.712709	.000000
1.47474	.712489	.000000
1.47516	.712286	.000000
1.47558	.712045	.000000
1.476	.711737	.000000
1.47642	.711478	.000000
1.47684	.711155	.000000
1.47726	.710817	.000000
1.47768	.710546	.000000
1.4781	.710292	.000000
1.47852	.709989	.000000
1.47894	.709707	.000000
1.47937	.709470	.000000
1.47979	.709284	.000000
1.48021	.709001	.000000
1.48063	.708702	.000000
1.48106	.708459	.000000
1.48148	.708226	.000000
1.4819	.707970	.000000
1.48233	.707666	.000000
1.48275	.707353	.000000
1.48318	.707048	.000000
1.4836	.706789	.000000
1.48402	.706499	.000000
1.48445	.706177	.000000
1.48487	.705947	.000000
1.4853	.705679	.000000
1.48573	.705326	.000000
1.48615	.705020	.000000
1.48658	.704782	.000000
1.487	.704545	.000000
1.48743	.704278	.000000
1.48786	.704007	.000000
1.48828	.703729	.000000
1.48871	.703400	.000000
1.48914	.703074	.000000
1.48957	.702830	.000000
1.49	.702574	.000000
1.49042	.702323	.000000
1.49085	.702052	.000000
1.49128	.701770	.000000
1.49171	.701464	.000000
1.49214	.701125	.000000
1.49257	.700808	.000000
1.493	.700519	.000000
1.49343	.700272	.000000
1.49386	.700007	.000000
1.49429	.699721	.000000
1.49472	.699452	.000000
1.49515	.699134	.000000
1.49558	.698883	.000000
1.49601	.698640	.000000
1.49645	.698321	.000000
1.49688	.698016	.000000
1.49731	.697691	.000000
1.49774	.697410	.000000
1.49818	.697124	.000000
1.49861	.696842	.000000
1.49904	.696600	.000000
1.49948	.696301	.000000
1.49991	.695954	.000000
1.50034	.695653	.000000
1.50078	.695369	.000000
1.50121	.695066	.000000
1.50165	.694835	.000000
1.50208	.694598	.000000
1.50252	.694268	.000000
1.50295	.693919	.000000
1.50339	.693628	.000000
1.50382	.693364	.000000
1.50426	.693041	.000000
1.5047	.692725	.000000
1.50513	.692437	.000000
1.50557	.692168	.000000
1.50601	.691904	.000000
1.50645	.691648	.000000
1.50688	.691314	.000000
1.50732	.690963	.000000
1.50776	.690684	.000000
1.5082	.690404	.000000
1.50864	.690083	.000000
1.50908	.689767	.000000
1.50952	.689456	.000000
1.50996	.689155	.000000
1.5104	.688863	.000000
1.51084	.688560	.000000
1.51128	.688298	.000000
1.51172	.688006	.000000
1.51216	.687672	.000000
1.5126	.687334	.000000
1.51304	.687034	.000000
1.51348	.686708	.000000
1.51392	.686415	.000000
1.51437	.686136	.000000
1.51481	.685846	.000000
1.51525	.685558	.000000
1.51569	.685265	.000000
1.51614	.684946	.000000
1.51658	.684610	.000000
1.51702	.684262	.000000
1.51747	.683988	.000000
1.51791	.683706	.000000
1.51836	.683379	.000000
1.5188	.683058	.000000
1.51925	.682739	.000000
1.51969	.682417	.000000
1.52014	.682114	.000000
1.52058	.681833	.000000
1.52103	.681522	.000000
1.52148	.681213	.000000
1.52192	.680868	.000000
1.52237	.680495	.000000
1.52282	.680226	.000000
1.52326	.679922	.000000
1.52371	.679614	.000000
1.52416	.679329	.000000
1.52461	.679039	.000000
1.52506	.678734	.000000
1.52551	.678439	.000000
1.52595	.678110	.000000
1.5264	.677744	.000000
1.52685	.677475	.000000
1.5273	.677216	.000000
1.52775	.676899	.000000
1.5282	.676508	.000000
1.52865	.676199	.000000
1.5291	.675927	.000000
1.52956	.675651	.000000
1.53001	.675353	.000000
1.53046	.674953	.000000
1.53091	.674600	.000000
1.53136	.674264	.000000
1.53182	.673987	.000000
1.53227	.673662	.000000
1.53272	.673305	.000000
1.53317	.673027	.000000
1.53363	.672714	.000000
1.53408	.672392	.000000
1.53454	.672076	.000000
1.53499	.671700	.000000
1.53544	.671363	.000000
1.5359	.671079	.000000
1.53635	.670789	.000000
1.53681	.670516	.000000
1.53727	.670187	.000000
1.53772	.669806	.000000
1.53818	.669437	.000000
1.53863	.669156	.000000
1.53909	.668868	.000000
1.53955	.668560	.000000
1.54	.668249	.000000
1.54046	.667854	.000000
1.54092	.667522	.000000
1.54138	.667238	.000000
1.54184	.666908	.000000
1.5423	.666572	.000000
1.54275	.666271	.000000
1.54321	.665947	.000000
1.54367	.665589	.000000
1.54413	.665242	.000000
1.54459	.664944	.000000
1.54505	.664635	.000000
1.54551	.664278	.000000
1.54597	.663941	.000000
1.54644	.663664	.000000
1.5469	.663386	.000000
1.54736	.663005	.000000
1.54782	.662605	.000000
1.54828	.662286	.000000
1.54875	.662062	.000000
1.54921	.661787	.000000
1.54967	.661435	.000000
1.55013	.661088	.000000
1.5506	.660766	.000000
1.55106	.660396	.000000
1.55153	.660066	.000000
1.55199	.659755	.000000
1.55245	.659421	.000000
1.55292	.659063	.000000
1.55339	.658750	.000000
1.55385	.658514	.000000
1.55432	.658203	.000000
1.55478	.657824	.000000
1.55525	.657458	.000000
1.55572	.657177	.000000
1.55618	.656842	.000000
1.55665	.656525	.000000
1.55712	.656188	.000000
1.55759	.655818	.000000
1.55805	.655426	.000000
1.55852	.655066	.000000
1.55899	.654759	.000000
1.55946	.654451	.000000
1.55993	.654124	.000000
1.5604	.653866	.000000
1.56087	.653545	.000000
1.56134	.653202	.000000
1.56181	.652865	.000000
1.56228	.652520	.000000
1.56275	.652233	.000000
1.56322	.651935	.000000
1.56369	.651543	.000000
1.56416	.651138	.000000
1.56464	.650820	.000000
1.56511	.650555	.000000
1.56558	.650253	.000000
1.56605	.649934	.000000
1.56653	.649574	.000000
1.567	.649228	.000000
1.56747	.648874	.000000
1.56795	.648484	.000000
1.56842	.648120	.000000
1.5689	.647841	.000000
1.56937	.647625	.000000
1.56985	.647246	.000000
1.57032	.646866	.000000
1.5708	.646589	.000000
1.57127	.646268	.000000
1.57175	.645885	.000000
1.57223	.645540	.000000
1.5727	.645224	.000000
1.57318	.644925	.000000
1.57366	.644555	.000000
1.57414	.644171	.000000
1.57461	.643818	.000000
1.57509	.643481	.000000
1.57557	.643154	.000000
1.57605	.642799	.000000
1.57653	.642477	.000000
1.57701	.642153	.000000
1.57749	.641791	.000000
1.57797	.641480	.000000
1.57845	.641135	.000000
1.57893	.640747	.000000
1.57941	.640374	.000000
1.57989	.640052	.000000
1.58037	.639760	.000000
1.58086	.639431	.000000
1.58134	.639094	.000000
1.58182	.638715	.000000
1.5823	.638344	.000000
1.58279	.638041	.000000
1.58327	.637732	.000000
1.58375	.637409	.000000
1.58424	.637058	.000000
1.58472	.636745	.000000
1.58521	.636398	.000000
1.58569	.636037	.000000
1.58618	.635744	.000000
1.58666	.635418	.000000
1.58715	.635029	.000000
1.58763	.634712	.000000
1.58812	.634410	.000000
1.58861	.634070	.000000
1.58909	.633681	.000000
1.58958	.633375	.000000
1.59007	.633080	.000000
1.59055	.632743	.000000
1.59104	.632350	.000000
1.59153	.632027	.000000
1.59202	.631723	.000000
1.59251	.631371	.000000
1.593	.631042	.000000
1.59349	.630707	.000000
1.59398	.630372	.000000
1.59447	.630041	.000000
1.59496	.629668	.000000
1.59545	.629353	.000000
1.59594	.629079	.000000
1.59643	.628721	.000000
1.59692	.628314	.000000
1.59742	.627984	.000000
1.59791	.627664	.000000
1.5984	.627371	.000000
1.59889	.627073	.000000
1.59939	.626707	.000000
1.59988	.626328	.000000
1.60037	.626001	.000000
1.60087	.625681	.000000
1.60136	.625234	.000000
1.60186	.624870	.000000
1.60235	.624575	.000000
1.60285	.624287	.000000
1.60334	.624009	.000000
1.60384	.623710	.000000
1.60434	.623358	.000000
1.60483	.623029	.000000
1.60533	.622707	.000000
1.60583	.622295	.000000
1.60632	.621921	.000000
1.60682	.621617	.000000
1.60732	.621257	.000000
1.60782	.620886	.000000
1.60832	.620547	.000000
1.60882	.620236	.000000
1.60932	.619919	.000000
1.60981	.619593	.000000
1.61031	.619302	.000000
1.61082	.618953	.000000
1.61132	.618608	.000000
1.61182	.618295	.000000
1.61232	.617960	.000000
1.61282	.617639	.000000
1.61332	.617317	.000000
1.61382	.616980	.000000
1.61433	.616638	.000000
1.61483	.616241	.000000
1.61533	.615882	.000000
1.61584	.615603	.000000
1.61634	.615329	.000000
1.61684	.615018	.000000
1.61735	.614688	.000000
1.61785	.614318	.000000
1.61836	.613949	.000000
1.61886	.613602	.000000
1.61937	.613270	.000000
1.61987	.612920	.000000
1.62038	.612570	.000000
1.62089	.612219	.000000
1.62139	.611920	.000000
1.6219	.611634	.000000
1.62241	.611342	.000000
1.62292	.610978	.000000
1.62342	.610634	.000000
1.62393	.610296	.000000
1.62444	.609993	.000000
1.62495	.609680	.000000
1.62546	.609320	.000000
1.62597	.608967	.000000
1.62648	.608648	.000000
1.62699	.608287	.000000
1.6275	.607943	.000000
1.62801	.607663	.000000
1.62852	.607394	.000000
1.62904	.607085	.000000
1.62955	.606704	.000000
1.63006	.606338	.000000
1.63057	.605986	.000000
1.63109	.605646	.000000
1.6316	.605364	.000000
1.63211	.605063	.000000
1.63263	.604671	.000000
1.63314	.604317	.000000
1.63365	.603984	.000000
1.63417	.603587	.000000
1.63468	.603227	.000000
1.6352	.602974	.000000
1.63572	.602720	.000000
1.63623	.602383	.000000
1.63675	.602070	.000000
1.63727	.601746	.000000
1.63778	.601411	.000000
1.6383	.601084	.000000
1.63882	.600722	.000000
1.63934	.600363	.000000
1.63985	.600029	.000000
1.64037	.599703	.000000
1.64089	.599397	.000000
1.64141	.599109	.000000
1.64193	.598774	.000000
1.64245	.598443	.000000
1.64297	.598168	.000000
1.64349	.597866	.000000
1.64401	.597554	.000000
1.64454	.597202	.000000
1.64506	.596876	.000000
1.64558	.596541	.000000
1.6461	.596235	.000000
1.64663	.595943	.000000
1.64715	.595621	.000000
1.64767	.595316	.000000
1.6482	.595057	.000000
1.64872	.594761	.000000
1.64924	.594386	.000000
1.64977	.594038	.000000
1.65029	.593708	.000000
1.65082	.593332	.000000
1.65135	.592983	.000000
1.65187	.592703	.000000
1.6524	.592455	.000000
1.65292	.592199	.000000
1.65345	.591812	.000000
1.65398	.591472	.000000
1.65451	.591196	.000000
1.65504	.590897	.000000
1.65556	.590488	.000000
1.65609	.590119	.000000
1.65662	.589865	.000000
1.65715	.589565	.000000
1.65768	.589277	.000000
1.65821	.588987	.000000
1.65874	.588748	.000000
1.65927	.588434	.000000
1.6598	.588089	.000000
1.66034	.587797	.000000
1.66087	.587491	.000000
1.6614	.587175	.000000
1.66193	.586863	.000000
1.66246	.586527	.000000
1.663	.586156	.000000
1.66353	.585837	.000000
1.66407	.585575	.000000
1.6646	.585267	.000000
1.66513	.584938	.000000
1.66567	.584672	.000000
1.6662	.584403	.000000
1.66674	.584034	.000000
1.66728	.583718	.000000
1.66781	.583457	.000000
1.66835	.583161	.000000
1.66889	.582851	.000000
1.66942	.582557	.000000
1.66996	.582263	.000000
1.6705	.581985	.000000
1.67104	.581722	.000000
1.67158	.581372	.000000
1.67212	.581082	.000000
1.67265	.580891	.000000
1.67319	.580629	.000000
1.67373	.580220	.000000
1.67428	.579836	.000000
1.67482	.579554	.000000
1.67536	.579347	.000000
1.6759	.579049	.000000
1.67644	.578731	.000000
1.67698	.578424	.000000
1.67753	.578100	.000000
1.67807	.577810	.000000
1.67861	.577515	.000000
1.67916	.577252	.000000
1.6797	.576987	.000000
1.68024	.576669	.000000
1.68079	.576394	.000000
1.68133	.576078	.000000
1.68188	.575760	.000000
1.68242	.575470	.000000
1.68297	.575222	.000000
1.68352	.574937	.000000
1.68406	.574586	.000000
1.68461	.574297	.000000
1.68516	.574085	.000000
1.68571	.573815	.000000
1.68625	.573518	.000000
1.6868	.573239	.000000
1.68735	.572906	.000000
1.6879	.572583	.000000
1.68845	.572284	.000000
1.689	.572020	.000000
1.68955	.571751	.000000
1.6901	.571459	.000000
1.69065	.571174	.000000
1.6912	.570876	.000000
1.69176	.570636	.000000
1.69231	.570403	.000000
1.69286	.570158	.000000
1.69341	.569845	.000000
1.69397	.569531	.000000
1.69452	.569244	.000000
1.69508	.568948	.000000
1.69563	.568698	.000000
1.69618	.568442	.000000
1.69674	.568178	.000000
1.69729	.567914	.000000
1.69785	.567611	.000000
1.69841	.567282	.000000
1.69896	.566981	.000000
1.69952	.566741	.000000
1.70008	.566479	.000000
1.70064	.566203	.000000
1.70119	.565917	.000000
1.70175	.565612	.000000
1.70231	.565346	.000000
1.70287	.565175	.000000
1.70343	.564961	.000000
1.70399	.564617	.000000
1.70455	.564253	.000000
1.70511	.563992	.000000
1.70567	.563773	.000000
1.70623	.563532	.000000
1.70679	.563284	.000000
1.70736	.563036	.000000
1.70792	.562793	.000000
1.70848	.562511	.000000
1.70904	.562226	.000000
1.70961	.561936	.000000
1.71017	.561674	.000000
1.71074	.561418	.000000
1.7113	.561214	.000000
1.71187	.560969	.000000
1.71243	.560668	.000000
1.713	.560410	.000000
1.71356	.560183	.000000
1.71413	.559930	.000000
1.7147	.559621	.000000
1.71526	.559393	.000000
1.71583	.559192	.000000
1.7164	.558918	.000000
1.71697	.558651	.000000
1.71754	.558440	.000000
1.7181	.558234	.000000
1.71867	.558025	.000000
1.71924	.557771	.000000
1.71981	.557476	.000000
1.72039	.557240	.000000
1.72096	.557001	.000000
1.72153	.556685	.000000
1.7221	.556408	.000000
1.72267	.556216	.000000
1.72324	.556016	.000000
1.72382	.555835	.000000
1.72439	.555624	.000000
1.72496	.555370	.000000
1.72554	.555145	.000000
1.72611	.554944	.000000
1.72669	.554719	.000000
1.72726	.554485	.000000
1.72784	.554221	.000000
1.72841	.553983	.000000
1.72899	.553766	.000000
1.72957	.553541	.000000
1.73014	.553350	.000000
1.73072	.553097	.000000
1.7313	.552914	.000000
1.73188	.552768	.000000
1.73246	.552538	.000000
1.73304	.552242	.000000
1.73362	.551977	.000000
1.7342	.551764	.000000
1.73478	.551532	.000000
1.73536	.551294	.000000
1.73594	.551085	.000000
1.73652	.550892	.000000
1.7371	.550691	.000000
1.73768	.550424	.000000
1.73827	.550200	.000000
1.73885	.550045	.000000
1.73943	.549845	.000000
1.74002	.549632	.000000
1.7406	.549447	.000000
1.74118	.549259	.000000
1.74177	.549005	.000000
1.74235	.548685	.000000
1.74294	.548467	.000000
1.74353	.548358	.000000
1.74411	.548225	.000000
1.7447	.548029	.000000
1.74529	.547811	.000000
1.74588	.547623	.000000
1.74646	.547419	.000000
1.74705	.547182	.000000
1.74764	.546968	.000000
1.74823	.546772	.000000
1.74882	.546597	.000000
1.74941	.546442	.000000
1.75	.546252	.000000
1.75059	.546029	.000000
1.75118	.545855	.000000
1.75177	.545667	.000000
1.75237	.545492	.000000
1.75296	.545287	.000000
1.75355	.545035	.000000
1.75414	.544859	.000000
1.75474	.544705	.000000
1.75533	.544533	.000000
1.75593	.544363	.000000
1.75652	.544127	.000000
1.75712	.543893	.000000
1.75771	.543715	.000000
1.75831	.543589	.000000
1.75891	.543456	.000000
1.7595	.543271	.000000
1.7601	.543111	.000000
1.7607	.542986	.000000
1.7613	.542795	.000000
1.76189	.542562	.000000
1.76249	.542325	.000000
1.76309	.542142	.000000
1.76369	.541980	.000000
1.76429	.541873	.000000
1.76489	.541713	.000000
1.76549	.541521	.000000
1.76609	.541428	.000000
1.7667	.541306	.000000
1.7673	.541097	.000000
1.7679	.540920	.000000
1.7685	.540783	.000000
1.76911	.540600	.000000
1.76971	.540410	.000000
1.77032	.540255	.000000
1.77092	.540146	.000000
1.77153	.540039	.000000
1.77213	.539890	.000000
1.77274	.539722	.000000
1.77334	.539602	.000000
1.77395	.539467	.000000
1.77456	.539273	.000000
1.77516	.539108	.000000
1.77577	.538975	.000000
1.77638	.538848	.000000
1.77699	.538716	.000000
1.7776	.538575	.000000
1.77821	.538435	.000000
1.77882	.538309	.000000
1.77943	.538213	.000000
1.78004	.538098	.000000
1.78065	.537940	.000000
1.78126	.537794	.000000
1.78188	.537666	.000000
1.78249	.537552	.000000
1.7831	.537447	.000000
1.78371	.537288	.000000
1.78433	.537128	.000000
1.78494	.536976	.000000
1.78556	.536877	.000000
1.78617	.536794	.000000
1.78679	.536671	.000000
1.7874	.536548	.000000
1.78802	.536449	.000000
1.78864	.536342	.000000
1.78925	.536238	.000000
1.78987	.536088	.000000
1.79049	.535965	.000000
1.79111	.535856	.000000
1.79173	.535769	.000000
1.79235	.535681	.000000
1.79297	.535566	.000000
1.79359	.535475	.000000
1.79421	.535381	.000000
1.79483	.535258	.000000
1.79545	.535168	.000000
1.79607	.535121	.000000
1.79669	.534991	.000000
1.79732	.534876	.000000
1.79794	.534831	.000000
1.79856	.534727	.000000
1.79919	.534609	.000000
1.79981	.534516	.000000
1.80044	.534375	.000000
1.80106	.534262	.000000
1.80169	.534181	.000000
1.80232	.534139	.000000
1.80294	.534061	.000000
1.80357	.533987	.000000
1.8042	.533996	.000000
1.80483	.533936	.000000
1.80545	.533752	.000000
1.80608	.533674	.000000
1.80671	.533604	.000000
1.80734	.533533	.000000
1.80797	.533465	.000000
1.8086	.533372	.000000
1.80923	.533296	.000000
1.80987	.533232	.000000
1.8105	.533189	.000000
1.81113	.533134	.000000
1.81176	.533052	.000000
1.8124	.532972	.000000
1.81303	.532935	.000000
1.81366	.532890	.000000
1.8143	.532827	.000000
1.81493	.532747	.000000
1.81557	.532708	.000000
1.81621	.532665	.000000
1.81684	.532575	.000000
1.81748	.532512	.000000
1.81812	.532473	.000000
1.81875	.532459	.000000
1.81939	.532425	.000000
1.82003	.532352	.000000
1.82067	.532345	.000000
1.82131	.532305	.000000
1.82195	.532234	.000000
1.82259	.532188	.000000
1.82323	.532174	.000000
1.82387	.532183	.000000
1.82451	.532190	.000000
1.82516	.532117	.000000
1.8258	.532015	.000000
1.82644	.532007	.000000
1.82709	.531994	.000000
1.82773	.532012	.000000
1.82837	.532012	.000000
1.82902	.531989	.000000
1.82966	.531919	.000000
1.83031	.531863	.000000
1.83096	.531851	.000000
1.8316	.531864	.000000
1.83225	.531880	.000000
1.8329	.531898	.000000
1.83355	.531880	.000000
1.8342	.531853	.000000
1.83484	.531840	.000000
1.83549	.531856	.000000
1.83614	.531824	.000000
1.83679	.531801	.000000
1.83745	.531775	.000000
1.8381	.531825	.000000
1.83875	.531880	.000000
1.8394	.531837	.000000
1.84005	.531856	.000000
1.84071	.531838	.000000
1.84136	.531838	.000000
1.84201	.531905	.000000
1.84267	.531882	.000000
1.84332	.531850	.000000
1.84398	.531877	.000000
1.84464	.531919	.000000
1.84529	.531945	.000000
1.84595	.531966	.000000
1.84661	.531970	.000000
1.84727	.532026	.000000
1.84792	.532081	.000000
1.84858	.532054	.000000
1.84924	.532072	.000000
1.8499	.532146	.000000
1.85056	.532196	.000000
1.85122	.532240	.000000
1.85188	.532281	.000000
1.85255	.532285	.000000
1.85321	.532321	.000000
1.85387	.532387	.000000
1.85453	.532477	.000000
1.8552	.532543	.000000
1.85586	.532592	.000000
1.85653	.532627	.000000
1.85719	.532679	.000000
1.85786	.532681	.000000
1.85852	.532708	.000000
1.85919	.532835	.000000
1.85986	.532942	.000000
1.86052	.532984	.000000
1.86119	.532980	.000000
1.86186	.533016	.000000
1.86253	.533118	.000000
1.8632	.533183	.000000
1.86387	.533261	.000000
1.86454	.533369	.000000
1.86521	.533470	.000000
1.86588	.533528	.000000
1.86655	.533603	.000000
1.86722	.533667	.000000
1.8679	.533778	.000000
1.86857	.533849	.000000
1.86924	.533930	.000000
1.86992	.534022	.000000
1.87059	.534061	.000000
1.87127	.534176	.000000
1.87194	.534311	.000000
1.87262	.534383	.000000
1.8733	.534460	.000000
1.87397	.534539	.000000
1.87465	.534596	.000000
1.87533	.534727	.000000
1.87601	.534892	.000000
1.87669	.535022	.000000
1.87736	.535142	.000000
1.87804	.535221	.000000
1.87873	.535341	.000000
1.87941	.535448	.000000
1.88009	.535576	.000000
1.88077	.535686	.000000
1.88145	.535791	.000000
1.88214	.535876	.000000
1.88282	.535981	.000000
1.8835	.536106	.000000
1.88419	.536248	.000000
1.88487	.536399	.000000
1.88556	.536551	.000000
1.88624	.536632	.000000
1.88693	.536744	.000000
1.88762	.536908	.000000
1.8883	.537057	.000000
1.88899	.537219	.000000
1.88968	.537397	.000000
1.89037	.537517	.000000
1.89106	.537671	.000000
1.89175	.537826	.000000
1.89244	.537977	.000000
1.89313	.538111	.000000
1.89382	.538251	.000000
1.89451	.538362	.000000
1.89521	.538500	.000000
1.8959	.538683	.000000
1.89659	.538842	.000000
1.89729	.539020	.000000
1.89798	.539242	.000000
1.89868	.539391	.000000
1.89937	.539548	.000000
1.90007	.539752	.000000
1.90077	.539926	.000000
1.90146	.540076	.000000
1.90216	.540200	.000000
1.90286	.540389	.000000
1.90356	.540569	.000000
1.90426	.540741	.000000
1.90496	.540904	.000000
1.90566	.541099	.000000
1.90636	.541278	.000000
1.90706	.541432	.000000
1.90776	.541662	.000000
1.90846	.541854	.000000
1.90916	.542024	.000000
1.90987	.542208	.000000
1.91057	.542464	.000000
1.91128	.542720	.000000
1.91198	.542933	.000000
1.91269	.543062	.000000
1.91339	.543247	.000000
1.9141	.543514	.000000
1.9148	.543751	.000000
1.91551	.543992	.000000
1.91622	.544208	.000000
1.91693	.544384	.000000
1.91764	.544585	.000000
1.91835	.544823	.000000
1.91906	.545061	.000000
1.91977	.545259	.000000
1.92048	.545481	.000000
1.92119	.545756	.000000
1.9219	.545977	.000000
1.92261	.546233	.000000
1.92333	.546515	.000000
1.92404	.546746	.000000
1.92476	.547004	.000000
1.92547	.547223	.000000
1.92619	.547432	.000000
1.9269	.547723	.000000
1.92762	.547984	.000000
1.92834	.548266	.000000
1.92905	.548533	.000000
1.92977	.548792	.000000
1.93049	.549061	.000000
1.93121	.549306	.000000
1.93193	.549559	.000000
1.93265	.549841	.000000
1.93337	.550111	.000000
1.93409	.550432	.000000
1.93481	.550727	.000000
1.93553	.550965	.000000
1.93626	.551242	.000000
1.93698	.551529	.000000
1.9377	.551811	.000000
1.93843	.552146	.000000
1.93915	.552478	.000000
1.93988	.552773	.000000
1.94061	.553040	.000000
1.94133	.553314	.000000
1.94206	.553596	.000000
1.94279	.553931	.000000
1.94351	.554234	.000000
1.94424	.554536	.000000
1.94497	.554839	.000000
1.9457	.555153	.000000
1.94643	.555454	.000000
1.94716	.555726	.000000
1.9479	.556065	.000000
1.94863	.556378	.000000
1.94936	.556664	.000000
1.95009	.557005	.000000
1.95083	.557363	.000000
1.95156	.557721	.000000
1.9523	.558037	.000000
1.95303	.558341	.000000
1.95377	.558652	.000000
1.9545	.559007	.000000
1.95524	.559347	.000000
1.95598	.559702	.000000
1.95672	.560068	.000000
1.95746	.560425	.000000
1.9582	.560752	.000000
1.95894	.561074	.000000
1.95968	.561380	.000000
1.96042	.561721	.000000
1.96116	.562092	.000000
1.9619	.562474	.000000
1.96264	.562869	.000000
1.96339	.563252	.000000
1.96413	.563595	.000000
1.96487	.563943	.000000
1.96562	.564306	.000000
1.96636	.564694	.000000
1.96711	.565071	.000000
1.96786	.565376	.000000
1.9686	.565717	.000000
1.96935	.566077	.000000
1.9701	.566435	.000000
1.97085	.566826	.000000
1.9716	.567224	.000000
1.97235	.567598	.000000
1.9731	.567951	.000000
1.97385	.568329	.000000
1.9746	.568732	.000000
1.97535	.569142	.000000
1.97611	.569486	.000000
1.97686	.569878	.000000
1.97761	.570322	.000000
1.97837	.570740	.000000
1.97912	.571135	.000000
1.97988	.571537	.000000
1.98064	.571922	.000000
1.98139	.572313	.000000
1.98215	.572747	.000000
1.98291	.573175	.000000
1.98367	.573589	.000000
1.98443	.574011	.000000
1.98519	.574456	.000000
1.98595	.574928	.000000
1.98671	.575312	.000000
1.98747	.575684	.000000
1.98823	.576055	.000000
1.98899	.576413	.000000
1.98976	.576894	.000000
1.99052	.577359	.000000
1.99129	.577787	.000000
1.99205	.578228	.000000
1.99282	.578633	.000000
1.99358	.579064	.000000
1.99435	.579535	.000000
1.99512	.580018	.000000
1.99589	.580496	.000000
1.99665	.580930	.000000
1.99742	.581366	.000000
1.99819	.581829	.000000
1.99896	.582299	.000000
1.99973	.582704	.000000
2.00051	.583133	.000000
2.00128	.583613	.000000
2.00205	.584063	.000000
2.00282	.584544	.000000
2.0036	.585030	.000000
2.00437	.585466	.000000
2.00515	.585947	.000000
2.00592	.586435	.000000
2.0067	.586923	.000000
2.00748	.587399	.000000
2.00825	.587880	.000000
2.00903	.588300	.000000
2.00981	.588752	.000000
2.01059	.589290	.000000
2.01137	.589797	.000000
2.01215	.590257	.000000
2.01293	.590699	.000000
2.01371	.591219	.000000
2.0145	.591762	.000000
2.01528	.592225	.000000
2.01606	.592697	.000000
2.01685	.593205	.000000
2.01763	.593730	.000000
2.01842	.594271	.000000
2.0192	.594770	.000000
2.01999	.595260	.000000
2.02078	.595759	.000000
2.02157	.596274	.000000
2.02235	.596820	.000000
2.02314	.597364	.000000
2.02393	.597884	.000000
2.02472	.598399	.000000
2.02552	.598895	.000000
2.02631	.599376	.000000
2.0271	.599904	.000000
2.02789	.600395	.000000
2.02869	.600917	.000000
2.02948	.601421	.000000
2.03027	.601923	.000000
2.03107	.602464	.000000
2.03187	.603041	.000000
2.03266	.603598	.000000
2.03346	.604126	.000000
2.03426	.604663	.000000
2.03506	.605186	.000000
2.03585	.605704	.000000
2.03665	.606258	.000000
2.03745	.606798	.000000
2.03826	.607365	.000000
2.03906	.607946	.000000
2.03986	.608473	.000000
2.04066	.609019	.000000
2.04147	.609579	.000000
2.04227	.610150	.000000
2.04307	.610748	.000000
2.04388	.611277	.000000
2.04469	.611807	.000000
2.04549	.612358	.000000
2.0463	.612912	.000000
2.04711	.613474	.000000
2.04792	.614062	.000000
2.04873	.614644	.000000
2.04954	.615185	.000000
2.05035	.615734	.000000
2.05116	.616274	.000000
2.05197	.616824	.000000
2.05278	.617417	.000000
2.05359	.618018	.000000
2.05441	.618615	.000000
2.05522	.619149	.000000
2.05604	.619713	.000000
2.05685	.620319	.000000
2.05767	.620886	.000000
2.05849	.621484	.000000
2.0593	.622051	.000000
2.06012	.622611	.000000
2.06094	.623201	.000000
2.06176	.623805	.000000
2.06258	.624372	.000000
2.0634	.624930	.000000
2.06422	.625526	.000000
2.06505	.626106	.000000
2.06587	.626647	.000000
2.06669	.627229	.000000
2.06752	.627828	.000000
2.06834	.628416	.000000
2.06917	.629048	.000000
2.06999	.629638	.000000
2.07082	.630218	.000000
2.07165	.630812	.000000
2.07247	.631405	.000000
2.0733	.632009	.000000
2.07413	.632604	.000000
2.07496	.633195	.000000
2.07579	.633772	.000000
2.07662	.634331	.000000
2.07746	.634943	.000000
2.07829	.635566	.000000
2.07912	.636173	.000000
2.07996	.636745	.000000
2.08079	.637338	.000000
2.08163	.637957	.000000
2.08246	.638516	.000000
2.0833	.639089	.000000
2.08414	.639703	.000000
2.08498	.640299	.000000
2.08581	.640931	.000000
2.08665	.641527	.000000
2.08749	.642132	.000000
2.08833	.642793	.000000
2.08918	.643408	.000000
2.09002	.644021	.000000
2.09086	.644649	.000000
2.0917	.645265	.000000
2.09255	.645866	.000000
2.09339	.646438	.000000
2.09424	.647047	.000000
2.09508	.647689	.000000
2.09593	.648278	.000000
2.09678	.648907	.000000
2.09763	.649542	.000000
2.09848	.650104	.000000
2.09933	.650695	.000000
2.10018	.651348	.000000
2.10103	.651972	.000000
2.10188	.652572	.000000
2.10273	.653195	.000000
2.10359	.653778	.000000
2.10444	.654427	.000000
2.10529	.655065	.000000
2.10615	.655645	.000000
2.107	.656251	.000000
2.10786	.656823	.000000
2.10872	.657403	.000000
2.10958	.658085	.000000
2.11044	.658691	.000000
2.11129	.659293	.000000
2.11215	.659967	.000000
2.11302	.660578	.000000
2.11388	.661197	.000000
2.11474	.661816	.000000
2.1156	.662378	.000000
2.11647	.662959	.000000
2.11733	.663585	.000000
2.1182	.664210	.000000
2.11906	.664819	.000000
2.11993	.665459	.000000
2.12079	.666133	.000000
2.12166	.666731	.000000
2.12253	.667311	.000000
2.1234	.667953	.000000
2.12427	.668578	.000000
2.12514	.669184	.000000
2.12601	.669786	.000000
2.12688	.670357	.000000
2.12776	.671002	.000000
2.12863	.671679	.000000
2.1295	.672324	.000000
2.13038	.672933	.000000
2.13126	.673526	.000000
2.13213	.674102	.000000
2.13301	.674687	.000000
2.13389	.675313	.000000
2.13477	.675974	.000000
2.13564	.676615	.000000
2.13652	.677249	.000000
2.13741	.677859	.000000
2.13829	.678426	.000000
2.13917	.679070	.000000
2.14005	.679729	.000000
2.14094	.680323	.000000
2.14182	.680889	.000000
2.14271	.681485	.000000
2.14359	.682099	.000000
2.14448	.682736	.000000
2.14537	.683329	.000000
2.14625	.683905	.000000
2.14714	.684510	.000000
2.14803	.685148	.000000
2.14892	.685794	.000000
2.14981	.686412	.000000
2.15071	.686982	.000000
2.1516	.687568	.000000
2.15249	.688166	.000000
2.15339	.688751	.000000
2.15428	.689323	.000000
2.15518	.689935	.000000
2.15607	.690553	.000000
2.15697	.691167	.000000
2.15787	.691795	.000000
2.15876	.692429	.000000
2.15966	.693018	.000000
2.16056	.693605	.000000
2.16146	.694169	.000000
2.16237	.694718	.000000
2.16327	.695303	.000000
2.16417	.695902	.000000
2.16507	.696519	.000000
2.16598	.697086	.000000
2.16688	.697676	.000000
2.16779	.698334	.000000
2.1687	.698928	.000000
2.1696	.699491	.000000
2.17051	.700092	.000000
2.17142	.700686	.000000
2.17233	.701227	.000000
2.17324	.701830	.000000
2.17415	.702465	.000000
2.17507	.703009	.000000
2.17598	.703530	.000000
2.17689	.704103	.000000
2.17781	.704665	.000000
2.17872	.705242	.000000
2.17964	.705849	.000000
2.18055	.706476	.000000
2.18147	.707031	.000000
2.18239	.707557	.000000
2.18331	.708105	.000000
2.18423	.708675	.000000
2.18515	.709295	.000000
2.18607	.709849	.000000
2.18699	.710399	.000000
2.18792	.710982	.000000
2.18884	.711578	.000000
2.18976	.712166	.000000
2.19069	.712756	.000000
2.19161	.713287	.000000
2.19254	.713843	.000000
2.19347	.714386	.000000
2.1944	.714948	.000000
2.19533	.715494	.000000
2.19626	.716045	.000000
2.19719	.716595	.000000
2.19812	.717161	.000000
2.19905	.717738	.000000
2.19998	.718256	.000000
2.20092	.718800	.000000
2.20185	.719379	.000000
2.20279	.719993	.000000
2.20372	.720553	.000000
2.20466	.721026	.000000
2.2056	.721558	.000000
2.20654	.722157	.000000
2.20748	.722697	.000000
2.20842	.723210	.000000
2.20936	.723735	.000000
2.2103	.724299	.000000
2.21124	.724843	.000000
2.21219	.725365	.000000
2.21313	.725901	.000000
2.21408	.726405	.000000
2.21502	.726911	.000000
2.21597	.727403	.000000
2.21692	.727959	.000000
2.21786	.728522	.000000
2.21881	.729023	.000000
2.21976	.729482	.000000
2.22071	.729979	.000000
2.22167	.730496	.000000
2.22262	.731024	.000000
2.22357	.731537	.000000
2.22453	.732051	.000000
2.22548	.732582	.000000
2.22644	.733102	.000000
2.22739	.733587	.000000
2.22835	.734039	.000000
2.22931	.734518	.000000
2.23027	.735009	.000000
2.23123	.735487	.000000
2.23219	.735986	.000000
2.23315	.736454	.000000
2.23411	.736895	.000000
2.23507	.737358	.000000
2.23604	.737844	.000000
2.237	.738368	.000000
2.23797	.738825	.000000
2.23893	.739239	.000000
2.2399	.739751	.000000
2.24087	.740211	.000000
2.24184	.740600	.000000
2.24281	.741078	.000000
2.24378	.741587	.000000
2.24475	.742047	.000000
2.24572	.742462	.000000
2.2467	.742884	.000000
2.24767	.743301	.000000
2.24864	.743769	.000000
2.24962	.744273	.000000
2.2506	.744723	.000000
2.25157	.745073	.000000
2.25255	.745475	.000000
2.25353	.745856	.000000
2.25451	.746236	.000000
2.25549	.746671	.000000
2.25647	.747095	.000000
2.25746	.747536	.000000
2.25844	.747983	.000000
2.25942	.748404	.000000
2.26041	.748880	.000000
2.26139	.749355	.000000
2.26238	.749776	.000000
2.26337	.750209	.000000
2.26436	.750645	.000000
2.26535	.751030	.000000
2.26634	.751489	.000000
2.26733	.751936	.000000
2.26832	.752346	.000000
2.26931	.752757	.000000
2.27031	.753174	.000000
2.2713	.753650	.000000
2.2723	.754061	.000000
2.27329	.754434	.000000
2.27429	.754831	.000000
2.27529	.755273	.000000
2.27629	.755686	.000000
2.27729	.756059	.000000
2.27829	.756487	.000000
2.27929	.756942	.000000
2.28029	.757350	.000000
2.28129	.757713	.000000
2.2823	.758084	.000000
2.2833	.758441	.000000
2.28431	.758878	.000000
2.28532	.759340	.000000
2.28632	.759659	.000000
2.28733	.759981	.000000
2.28834	.760436	.000000
2.28935	.760885	.000000
2.29036	.761264	.000000
2.29138	.761605	.000000
2.29239	.762001	.000000
2.2934	.762410	.000000
2.29442	.762790	.000000
2.29543	.763157	.000000
2.29645	.763484	.000000
2.29747	.763871	.000000
2.29849	.764258	.000000
2.29951	.764555	.000000
2.30053	.764953	.000000
2.30155	.765329	.000000
2.30257	.765655	.000000
2.30359	.766042	.000000
2.30462	.766419	.000000
2.30564	.766745	.000000
2.30667	.767040	.000000
2.30769	.767388	.000000
2.30872	.767725	.000000
2.30975	.768014	.000000
2.31078	.768339	.000000
2.31181	.768702	.000000
2.31284	.769097	.000000
2.31387	.769418	.000000
2.31491	.769726	.000000
2.31594	.770078	.000000
2.31698	.770431	.000000
2.31801	.770773	.000000
2.31905	.771105	.000000
2.32009	.771385	.000000
2.32112	.771748	.000000
2.32216	.772111	.000000
2.3232	.772446	.000000
2.32425	.772786	.000000
2.32529	.773091	.000000
2.32633	.773386	.000000
2.32738	.773682	.000000
2.32842	.774039	.000000
2.32947	.774376	.000000
2.33051	.774690	.000000
2.33156	.774969	.000000
2.33261	.775265	.000000
2.33366	.775589	.000000
2.33471	.775918	.000000
2.33576	.776219	.000000
2.33682	.776500	.000000
2.33787	.776757	.000000
2.33893	.777028	.000000
2.33998	.777348	.000000
2.34104	.777650	.000000
2.34209	.777870	.000000
2.34315	.778144	.000000
2.34421	.778458	.000000
2.34527	.778750	.000000
2.34633	.779032	.000000
2.3474	.779273	.000000
2.34846	.779498	.000000
2.34952	.779780	.000000
2.35059	.780075	.000000
2.35166	.780354	.000000
2.35272	.780611	.000000
2.35379	.780882	.000000
2.35486	.781154	.000000
2.35593	.781457	.000000
2.357	.781763	.000000
2.35807	.781972	.000000
2.35915	.782158	.000000
2.36022	.782343	.000000
2.36129	.782572	.000000
2.36237	.782841	.000000
2.36345	.783043	.000000
2.36452	.783241	.000000
2.3656	.783489	.000000
2.36668	.783730	.000000
2.36776	.783962	.000000
2.36885	.784175	.000000
2.36993	.784393	.000000
2.37101	.784611	.000000
2.3721	.784824	.000000
2.37318	.785054	.000000
2.37427	.785256	.000000
2.37536	.785425	.000000
2.37645	.785629	.000000
2.37754	.785859	.000000
2.37863	.786026	.000000
2.37972	.786120	.000000
2.38081	.786293	.000000
2.38191	.786552	.000000
2.383	.786768	.000000
2.3841	.786981	.000000
2.38519	.787213	.000000
2.38629	.787361	.000000
2.38739	.787489	.000000
2.38849	.787620	.000000
2.38959	.787822	.000000
2.39069	.788099	.000000
2.39179	.788295	.000000
2.3929	.788464	.000000
2.394	.788627	.000000
2.39511	.788807	.000000
2.39622	.788966	.000000
2.39732	.789157	.000000
2.39843	.789319	.000000
2.39954	.789484	.000000
2.40065	.789671	.000000
2.40177	.789838	.000000
2.40288	.789975	.000000
2.40399	.790134	.000000
2.40511	.790312	.000000
2.40622	.790463	.000000
2.40734	.790607	.000000
2.40846	.790776	.000000
2.40958	.790941	.000000
2.4107	.791121	.000000
2.41182	.791288	.000000
2.41294	.791411	.000000
2.41407	.791571	.000000
2.41519	.791719	.000000
2.41632	.791858	.000000
2.41744	.791994	.000000
2.41857	.792140	.000000
2.4197	.792253	.000000
2.42083	.792312	.000000
2.42196	.792423	.000000
2.42309	.792491	.000000
2.42423	.792595	.000000
2.42536	.792700	.000000
2.42649	.792775	.000000
2.42763	.792892	.000000
2.42877	.793005	.000000
2.42991	.793131	.000000
2.43105	.793241	.000000
2.43219	.793301	.000000
2.43333	.793390	.000000
2.43447	.793540	.000000
2.43561	.793646	.000000
2.43676	.793784	.000000
2.4379	.793948	.000000
2.43905	.794048	.000000
2.4402	.794120	.000000
2.44135	.794228	.000000
2.4425	.794288	.000000
2.44365	.794330	.000000
2.4448	.794424	.000000
2.44595	.794484	.000000
2.44711	.794533	.000000
2.44826	.794609	.000000
2.44942	.794678	.000000
2.45058	.794771	.000000
2.45174	.794855	.000000
2.4529	.794909	.000000
2.45406	.795006	.000000
2.45522	.795046	.000000
2.45638	.795075	.000000
2.45755	.795137	.000000
2.45871	.795156	.000000
2.45988	.795187	.000000
2.46105	.795208	.000000
2.46221	.795241	.000000
2.46338	.795348	.000000
2.46455	.795432	.000000
2.46573	.795487	.000000
2.4669	.795521	.000000
2.46807	.795600	.000000
2.46925	.795707	.000000
2.47043	.795751	.000000
2.4716	.795751	.000000
2.47278	.795780	.000000
2.47396	.795801	.000000
2.47514	.795822	.000000
2.47632	.795942	.000000
2.47751	.796033	.000000
2.47869	.796015	.000000
2.47988	.796026	.000000
2.48106	.796047	.000000
2.48225	.796068	.000000
2.48344	.796132	.000000
2.48463	.796188	.000000
2.48582	.796205	.000000
2.48701	.796209	.000000
2.48821	.796188	.000000
2.4894	.796243	.000000
2.4906	.796328	.000000
2.49179	.796384	.000000
2.49299	.796388	.000000
2.49419	.796383	.000000
2.49539	.796422	.000000
2.49659	.796415	.000000
2.49779	.796433	.000000
2.499	.796430	.000000
2.5002	.796427	.000000
2.50141	.796433	.000000
2.50262	.796483	.000000
2.50383	.796475	.000000
2.50503	.796439	.000000
2.50625	.796443	.000000
2.50746	.796441	.000000
2.50867	.796496	.000000
2.50989	.796537	.000000
2.5111	.796529	.000000
2.51232	.796540	.000000
2.51353	.796587	.000000
2.51475	.796639	.000000
2.51597	.796631	.000000
2.51719	.796593	.000000
2.51842	.796509	.000000
2.51964	.796474	.000000
2.52087	.796493	.000000
2.52209	.796546	.000000
2.52332	.796585	.000000
2.52455	.796595	.000000
2.52578	.796595	.000000
2.52701	.796584	.000000
2.52824	.796483	.000000
2.52947	.796399	.000000
2.53071	.796482	.000000
2.53194	.796613	.000000
2.53318	.796582	.000000
2.53442	.796530	.000000
2.53566	.796603	.000000
2.5369	.796623	.000000
2.53814	.796559	.000000
2.53938	.796525	.000000
2.54063	.796448	.000000
2.54187	.796517	.000000
2.54312	.796580	.000000
2.54437	.796546	.000000
2.54562	.796516	.000000
2.54687	.796508	.000000
2.54812	.796566	.000000
2.54937	.796516	.000000
2.55063	.796449	.000000
2.55188	.796422	.000000
2.55314	.796368	.000000
2.55439	.796276	.000000
2.55565	.796243	.000000
2.55691	.796297	.000000
2.55817	.796248	.000000
2.55944	.796294	.000000
2.5607	.796324	.000000
2.56197	.796279	.000000
2.56323	.796321	.000000
2.5645	.796320	.000000
2.56577	.796122	.000000
2.56704	.796025	.000000
2.56831	.796038	.000000
2.56958	.796057	.000000
2.57086	.795981	.000000
2.57213	.795934	.000000
2.57341	.795934	.000000
2.57469	.795915	.000000
2.57597	.795992	.000000
2.57725	.796022	.000000
2.57853	.795819	.000000
2.57981	.795764	.000000
2.5811	.795837	.000000
2.58238	.795714	.000000
2.58367	.795578	.000000
2.58496	.795560	.000000
2.58624	.795555	.000000
2.58754	.795644	.000000
2.58883	.795591	.000000
2.59012	.795411	.000000
2.59141	.795310	.000000
2.59271	.795250	.000000
2.59401	.794805	.000000
2.59531	.794716	.000000
2.5966	.794781	.000000
2.59791	.795040	.000000
2.59921	.795038	.000000
2.60051	.794973	.000000
2.60182	.794986	.000000
2.60312	.795038	.000000
2.60443	.794857	.000000
2.60574	.794463	.000000
2.60705	.794589	.000000
2.60836	.794664	.000000
2.60967	.794646	.000000
2.61099	.794583	.000000
2.6123	.794526	.000000
2.61362	.794424	.000000
2.61494	.794233	.000000
2.61626	.794199	.000000
2.61758	.794194	.000000
2.6189	.793933	.000000
2.62022	.793680	.000000
2.62155	.793697	.000000
2.62287	.793687	.000000
2.6242	.793590	.000000
2.62553	.793459	.000000
2.62686	.793390	.000000
2.62819	.793303	.000000
2.62952	.793070	.000000
2.63086	.792916	.000000
2.63219	.792984	.000000
2.63353	.793070	.000000
2.63487	.792866	.000000
2.63621	.792631	.000000
2.63755	.792525	.000000
2.63889	.792373	.000000
2.64023	.792229	.000000
2.64158	.792162	.000000
2.64293	.792067	.000000
2.64427	.791989	.000000
2.64562	.791950	.000000
2.64697	.791638	.000000
2.64832	.791369	.000000
2.64968	.791276	.000000
2.65103	.791246	.000000
2.65239	.791317	.000000
2.65375	.791116	.000000
2.6551	.790939	.000000
2.65646	.790766	.000000
2.65783	.790534	.000000
2.65919	.790435	.000000
2.66055	.790290	.000000
2.66192	.790098	.000000
2.66329	.789846	.000000
2.66466	.789400	.000000
2.66603	.789010	.000000
2.6674	.788495	.000000
2.66877	.787850	.000000
2.67014	.786764	.000000
2.67152	.785834	.000000
2.6729	.785175	.000000
2.67427	.784190	.000000
2.67565	.783297	.000000
2.67704	.782700	.000000
2.67842	.781697	.000000
2.6798	.780381	.000000
2.68119	.779259	.000000
2.68258	.778136	.000000
2.68396	.777003	.000000
2.68535	.775817	.000000
2.68675	.774628	.000000
2.68814	.773358	.000000
2.68953	.772116	.000000
2.69093	.770760	.000000
2.69233	.769334	.000000
2.69372	.767657	.000000
2.69512	.765639	.000000
2.69653	.762970	.000000
2.69793	.759566	.000000
2.69933	.755375	.000000
2.70074	.751246	.000000
2.70215	.747738	.000000
2.70356	.744744	.000000
2.70497	.742136	.000000
2.70638	.739934	.000000
2.70779	.738279	.000000
2.70921	.737287	.000000
2.71062	.736346	.000000
2.71204	.735886	.000000
2.71346	.735989	.000000
2.71488	.736231	.000000
2.7163	.736573	.000000
2.71772	.736623	.000000
2.71915	.735866	.000000
2.72058	.735881	.000000
2.722	.736595	.000000
2.72343	.736647	.000000
2.72486	.736569	.000000
2.7263	.736464	.000000
2.72773	.736145	.000000
2.72917	.735771	.000000
2.7306	.735453	.000000
2.73204	.735048	.000000
2.73348	.734343	.000000
2.73493	.733486	.000000
2.73637	.732595	.000000
2.73781	.731844	.000000
2.73926	.731115	.000000
2.74071	.730235	.000000
2.74216	.729352	.000000
2.74361	.728378	.000000
2.74506	.727444	.000000
2.74651	.726465	.000000
2.74797	.725469	.000000
2.74943	.724399	.000000
2.75089	.723230	.000000
2.75234	.721926	.000000
2.75381	.720369	.000000
2.75527	.718859	.000000
2.75673	.717162	.000000
2.7582	.715606	.000000
2.75967	.713989	.000000
2.76114	.712344	.000000
2.76261	.711293	.000000
2.76408	.711215	.000000
2.76556	.711356	.000000
2.76703	.711124	.000000
2.76851	.710366	.000000
2.76999	.709308	.000000
2.77147	.708306	.000000
2.77295	.707308	.000000
2.77443	.706389	.000000
2.77592	.705514	.000000
2.77741	.704558	.000000
2.77889	.703539	.000000
2.78038	.702629	.000000
2.78188	.701930	.000000
2.78337	.701146	.000000
2.78486	.700238	.000000
2.78636	.699376	.000000
2.78786	.698514	.000000
2.78936	.697548	.000000
2.79086	.696732	.000000
2.79236	.696001	.000000
2.79387	.695227	.000000
2.79537	.694452	.000000
2.79688	.693726	.000000
2.79839	.693080	.000000
2.7999	.692400	.000000
2.80141	.691724	.000000
2.80293	.691186	.000000
2.80444	.690384	.000000
2.80596	.689354	.000000
2.80748	.688427	.000000
2.809	.687572	.000000
2.81052	.686707	.000000
2.81205	.685992	.000000
2.81357	.685249	.000000
2.8151	.684468	.000000
2.81663	.683578	.000000
2.81816	.682720	.000000
2.81969	.681960	.000000
2.82123	.681334	.000000
2.82276	.680777	.000000
2.8243	.680197	.000000
2.82584	.679609	.000000
2.82738	.678856	.000000
2.82892	.677874	.000000
2.83047	.676589	.000000
2.83201	.674977	.000000
2.83356	.673104	.000000
2.83511	.670786	.000000
2.83666	.667948	.000000
2.83821	.664531	.000000
2.83977	.660717	.000000
2.84132	.657027	.000000
2.84288	.653824	.000000
2.84444	.651460	.000000
2.846	.650295	.000000
2.84757	.650393	.000000
2.84913	.651706	.000000
2.8507	.653895	.000000
2.85226	.656672	.000000
2.85383	.659833	.000000
2.8554	.662919	.000000
2.85698	.665516	.000000
2.85855	.667735	.000000
2.86013	.669569	.000000
2.86171	.670869	.000000
2.86329	.671735	.000000
2.86487	.672437	.000000
2.86645	.672960	.000000
2.86804	.673247	.000000
2.86963	.673362	.000000
2.87122	.673448	.000000
2.87281	.673451	.000000
2.8744	.673394	.000000
2.87599	.673304	.000000
2.87759	.673145	.000000
2.87919	.672900	.000000
2.88079	.672656	.000000
2.88239	.672387	.000000
2.88399	.672087	.000000
2.8856	.671752	.000000
2.8872	.671361	.000000
2.88881	.670958	.000000
2.89042	.670613	.000000
2.89203	.670464	.000000
2.89365	.670409	.000000
2.89526	.670370	.000000
2.89688	.670273	.000000
2.8985	.670156	.000000
2.90012	.669992	.000000
2.90174	.669809	.000000
2.90337	.669610	.000000
2.90499	.669262	.000000
2.90662	.668876	.000000
2.90825	.668521	.000000
2.90988	.668084	.000000
2.91152	.667468	.000000
2.91315	.666864	.000000
2.91479	.666315	.000000
2.91643	.665778	.000000
2.91807	.665262	.000000
2.91972	.664716	.000000
2.92136	.664170	.000000
2.92301	.663770	.000000
2.92466	.663364	.000000
2.92631	.662979	.000000
2.92796	.662695	.000000
2.92961	.662545	.000000
2.93127	.662449	.000000
2.93293	.662396	.000000
2.93459	.662436	.000000
2.93625	.662577	.000000
2.93791	.662655	.000000
2.93958	.662749	.000000
2.94124	.662990	.000000
2.94291	.663240	.000000
2.94459	.663434	.000000
2.94626	.663710	.000000
2.94793	.663944	.000000
2.94961	.664111	.000000
2.95129	.664320	.000000
2.95297	.664497	.000000
2.95465	.664610	.000000
2.95634	.664858	.000000
2.95802	.665036	.000000
2.95971	.665054	.000000
2.9614	.665153	.000000
2.96309	.665241	.000000
2.96479	.665322	.000000
2.96648	.665417	.000000
2.96818	.665427	.000000
2.96988	.665506	.000000
2.97158	.665605	.000000
2.97329	.665646	.000000
2.97499	.665798	.000000
2.9767	.665887	.000000
2.97841	.665842	.000000
2.98012	.665879	.000000
2.98184	.665957	.000000
2.98355	.666018	.000000
2.98527	.666054	.000000
2.98699	.666107	.000000
2.98871	.666083	.000000
2.99043	.666107	.000000
2.99216	.666156	.000000
2.99389	.666213	.000000
2.99562	.666261	.000000
2.99735	.666188	.000000
2.99908	.666120	.000000
3.00082	.666138	.000000
3.00255	.666164	.000000
3.00429	.666192	.000000
3.00604	.666273	.000000
3.00778	.666401	.000000
3.00953	.666485	.000000
3.01127	.666601	.000000
3.01302	.666712	.000000
3.01477	.666814	.000000
3.01653	.667013	.000000
3.01828	.667202	.000000
3.02004	.667373	.000000
3.0218	.667523	.000000
3.02356	.667622	.000000
3.02533	.667716	.000000
3.02709	.667878	.000000
3.02886	.668092	.000000
3.03063	.668121	.000000
3.03241	.668142	.000000
3.03418	.668226	.000000
3.03596	.668332	.000000
3.03773	.668447	.000000
3.03952	.668542	.000000
3.0413	.668672	.000000
3.04308	.668763	.000000
3.04487	.668769	.000000
3.04666	.668819	.000000
3.04845	.668837	.000000
3.05024	.668831	.000000
3.05204	.668861	.000000
3.05383	.668870	.000000
3.05563	.668844	.000000
3.05744	.668777	.000000
3.05924	.668785	.000000
3.06105	.668876	.000000
3.06285	.668879	.000000
3.06466	.668806	.000000
3.06648	.668767	.000000
3.06829	.668722	.000000
3.07011	.668730	.000000
3.07193	.668720	.000000
3.07375	.668683	.000000
3.07557	.668686	.000000
3.0774	.668648	.000000
3.07922	.668545	.000000
3.08105	.668507	.000000
3.08288	.668456	.000000
3.08472	.668442	.000000
3.08655	.668418	.000000
3.08839	.668362	.000000
3.09023	.668341	.000000
3.09208	.668270	.000000
3.09392	.668212	.000000
3.09577	.668173	.000000
3.09762	.668128	.000000
3.09947	.668128	.000000
3.10132	.668137	.000000
3.10318	.668121	.000000
3.10504	.668024	.000000
3.1069	.667983	.000000
3.10876	.668066	.000000
3.11062	.668034	.000000
3.11249	.668001	.000000
3.11436	.668037	.000000
3.11623	.668053	.000000
3.11811	.668003	.000000
3.11998	.667988	.000000
3.12186	.668081	.000000
3.12374	.668186	.000000
3.12562	.668081	.000000
3.12751	.667966	.000000
3.1294	.668022	.000000
3.13129	.668110	.000000
3.13318	.668059	.000000
3.13507	.667978	.000000
3.13697	.667931	.000000
3.13887	.667962	.000000
3.14077	.667974	.000000
3.14267	.667938	.000000
3.14458	.667920	.000000
3.14649	.667933	.000000
3.1484	.667885	.000000
3.15031	.667850	.000000
3.15223	.667920	.000000
3.15414	.667985	.000000
3.15606	.667949	.000000
3.15798	.667888	.000000
3.15991	.667922	.000000
3.16184	.667943	.000000
3.16376	.667897	.000000
3.1657	.667791	.000000
3.16763	.667714	.000000
3.16957	.667718	.000000
3.1715	.667693	.000000
3.17345	.667713	.000000
3.17539	.667648	.000000
3.17733	.667585	.000000
3.17928	.667572	.000000
3.18123	.667504	.000000
3.18319	.667350	.000000
3.18514	.667296	.000000
3.1871	.667296	.000000
3.18906	.667285	.000000
3.19102	.667236	.000000
3.19299	.667138	.000000
3.19495	.667125	.000000
3.19692	.667194	.000000
3.1989	.667162	.000000
3.20087	.667040	.000000
3.20285	.666955	.000000
3.20483	.666898	.000000
3.20681	.666770	.000000
3.20879	.666610	.000000
3.21078	.666530	.000000
3.21277	.666507	.000000
3.21476	.666540	.000000
3.21676	.666490	.000000
3.21875	.666313	.000000
3.22075	.666187	.000000
3.22275	.666166	.000000
3.22476	.666158	.000000
3.22676	.666125	.000000
3.22877	.666042	.000000
3.23078	.666021	.000000
3.2328	.665963	.000000
3.23481	.665824	.000000
3.23683	.665851	.000000
3.23886	.665806	.000000
3.24088	.665715	.000000
3.24291	.665772	.000000
3.24494	.665842	.000000
3.24697	.665808	.000000
3.249	.665770	.000000
3.25104	.665801	.000000
3.25308	.665777	.000000
3.25512	.665738	.000000
3.25717	.665754	.000000
3.25921	.665803	.000000
3.26126	.665864	.000000
3.26332	.665989	.000000
3.26537	.666125	.000000
3.26743	.666248	.000000
3.26949	.666354	.000000
3.27155	.666457	.000000
3.27362	.666598	.000000
3.27568	.666678	.000000
3.27776	.666749	.000000
3.27983	.666825	.000000
3.2819	.667044	.000000
3.28398	.667253	.000000
3.28606	.667374	.000000
3.28815	.667504	.000000
3.29023	.667659	.000000
3.29232	.667812	.000000
3.29441	.668004	.000000
3.29651	.668186	.000000
3.2986	.668395	.000000
3.3007	.668526	.000000
3.30281	.668604	.000000
3.30491	.668814	.000000
3.30702	.669091	.000000
3.30913	.669218	.000000
3.31124	.669370	.000000
3.31336	.669565	.000000
3.31548	.669697	.000000
3.3176	.669858	.000000
3.31972	.670070	.000000
3.32185	.670264	.000000
3.32398	.670439	.000000
3.32611	.670640	.000000
3.32825	.670846	.000000
3.33038	.671005	.000000
3.33252	.671040	.000000
3.33467	.670984	.000000
3.33681	.671057	.000000
3.33896	.671157	.000000
3.34111	.671152	.000000
3.34327	.671092	.000000
3.34542	.671071	.000000
3.34758	.671002	.000000
3.34975	.670933	.000000
3.35191	.670922	.000000
3.35408	.670830	.000000
3.35625	.670645	.000000
3.35842	.670447	.000000
3.3606	.670209	.000000
3.36278	.669979	.000000
3.36496	.669736	.000000
3.36715	.669359	.000000
3.36933	.669043	.000000
3.37153	.668844	.000000
3.37372	.668508	.000000
3.37592	.668213	.000000
3.37811	.668092	.000000
3.38032	.667944	.000000
3.38252	.667792	.000000
3.38473	.667757	.000000
3.38694	.667679	.000000
3.38915	.667507	.000000
3.39137	.667353	.000000
3.39359	.667292	.000000
3.39581	.667164	.000000
3.39804	.667083	.000000
3.40027	.667094	.000000
3.4025	.667084	.000000
3.40473	.667100	.000000
3.40697	.667207	.000000
3.40921	.667379	.000000
3.41145	.667650	.000000
3.4137	.667897	.000000
3.41595	.668003	.000000
3.4182	.668153	.000000
3.42045	.668371	.000000
3.42271	.668614	.000000
3.42497	.668803	.000000
3.42723	.668923	.000000
3.4295	.668951	.000000
3.43177	.668926	.000000
3.43404	.668967	.000000
3.43632	.668947	.000000
3.4386	.668889	.000000
3.44088	.668845	.000000
3.44316	.668857	.000000
3.44545	.668847	.000000
3.44774	.668855	.000000
3.45004	.668784	.000000
3.45233	.668706	.000000
3.45463	.668633	.000000
3.45694	.668439	.000000
3.45924	.668270	.000000
3.46155	.668059	.000000
3.46386	.667805	.000000
3.46618	.667598	.000000
3.4685	.667436	.000000
3.47082	.667373	.000000
3.47315	.667329	.000000
3.47547	.667227	.000000
3.4778	.667177	.000000
3.48014	.667193	.000000
3.48247	.667175	.000000
3.48481	.667293	.000000
3.48716	.667429	.000000
3.4895	.667585	.000000
3.49185	.667988	.000000
3.49421	.668351	.000000
3.49656	.668735	.000000
3.49892	.669155	.000000
3.50129	.669526	.000000
3.50365	.669848	.000000
3.50602	.670193	.000000
3.50839	.670546	.000000
3.51077	.670734	.000000
3.51315	.670807	.000000
3.51553	.670966	.000000
3.51791	.671183	.000000
3.5203	.671355	.000000
3.52269	.671599	.000000
3.52509	.671773	.000000
3.52749	.671884	.000000
3.52989	.671995	.000000
3.53229	.672059	.000000
3.5347	.672095	.000000
3.53711	.672124	.000000
3.53953	.672176	.000000
3.54194	.672233	.000000
3.54436	.672249	.000000
3.54679	.672202	.000000
3.54922	.672207	.000000
3.55165	.672244	.000000
3.55408	.672296	.000000
3.55652	.672226	.000000
3.55896	.672212	.000000
3.5614	.672218	.000000
3.56385	.672179	.000000
3.5663	.672166	.000000
3.56876	.672139	.000000
3.57121	.672068	.000000
3.57367	.671941	.000000
3.57614	.671881	.000000
3.57861	.671782	.000000
3.58108	.671688	.000000
3.58355	.671552	.000000
3.58603	.671410	.000000
3.58851	.671416	.000000
3.591	.671437	.000000
3.59349	.671381	.000000
3.59598	.671308	.000000
3.59848	.671201	.000000
3.60099	.671126	.000000
3.60349	.671070	.000000
3.60599	.671060	.000000
3.6085	.671079	.000000
3.61102	.671052	.000000
3.61353	.670969	.000000
3.61605	.670932	.000000
3.61858	.670901	.000000
3.6211	.670878	.000000
3.62363	.670820	.000000
3.62617	.670771	.000000
3.62871	.670684	.000000
3.63125	.670624	.000000
3.63379	.670535	.000000
3.63634	.670478	.000000
3.63889	.670430	.000000
3.64145	.670392	.000000
3.64401	.670318	.000000
3.64657	.670226	.000000
3.64913	.670127	.000000
3.6517	.670112	.000000
3.65428	.670057	.000000
3.65685	.669986	.000000
3.65944	.669876	.000000
3.66202	.669806	.000000
3.66461	.669765	.000000
3.6672	.669689	.000000
3.6698	.669603	.000000
3.67239	.669581	.000000
3.675	.669495	.000000
3.6776	.669398	.000000
3.68021	.669339	.000000
3.68283	.669283	.000000
3.68544	.669198	.000000
3.68806	.669129	.000000
3.69069	.669082	.000000
3.69332	.669056	.000000
3.69595	.668923	.000000
3.69859	.668853	.000000
3.70123	.668813	.000000
3.70387	.668708	.000000
3.70652	.668584	.000000
3.70917	.668562	.000000
3.71182	.668490	.000000
3.71448	.668448	.000000
3.71715	.668382	.000000
3.71981	.668296	.000000
3.72248	.668171	.000000
3.72516	.668071	.000000
3.72784	.667977	.000000
3.73052	.667888	.000000
3.7332	.667804	.000000
3.73589	.667758	.000000
3.73859	.667676	.000000
3.74128	.667609	.000000
3.74398	.667533	.000000
3.74669	.667473	.000000
3.7494	.667416	.000000
3.75211	.667339	.000000
3.75483	.667251	.000000
3.75755	.667217	.000000
3.76028	.667128	.000000
3.763	.667039	.000000
3.76574	.666930	.000000
3.76847	.666872	.000000
3.77121	.666797	.000000
3.77396	.666723	.000000
3.77671	.666613	.000000
3.77946	.666532	.000000
3.78222	.666402	.000000
3.78498	.666271	.000000
3.78774	.666161	.000000
3.79051	.666096	.000000
3.79328	.666000	.000000
3.79606	.665880	.000000
3.79884	.665712	.000000
3.80163	.665621	.000000
3.80442	.665474	.000000
3.80721	.665338	.000000
3.81001	.665211	.000000
3.81281	.665124	.000000
3.81561	.664991	.000000
3.81842	.664874	.000000
3.82124	.664761	.000000
3.82405	.664635	.000000
3.82688	.664458	.000000
3.8297	.664314	.000000
3.83253	.664147	.000000
3.83537	.664004	.000000
3.83821	.663891	.000000
3.84105	.663771	.000000
3.8439	.663622	.000000
3.84675	.663520	.000000
3.8496	.663387	.000000
3.85246	.663232	.000000
3.85533	.663052	.000000
3.8582	.662922	.000000
3.86107	.662752	.000000
3.86395	.662611	.000000
3.86683	.662482	.000000
3.86971	.662339	.000000
3.8726	.662143	.000000
3.8755	.662017	.000000
3.8784	.661872	.000000
3.8813	.661728	.000000
3.88421	.661544	.000000
3.88712	.661378	.000000
3.89004	.661176	.000000
3.89296	.661007	.000000
3.89588	.660810	.000000
3.89881	.660685	.000000
3.90174	.660555	.000000
3.90468	.660455	.000000
3.90762	.660296	.000000
3.91057	.660149	.000000
3.91352	.659964	.000000
3.91648	.659776	.000000
3.91944	.659582	.000000
3.9224	.659411	.000000
3.92537	.659224	.000000
3.92835	.659039	.000000
3.93132	.658799	.000000
3.93431	.658605	.000000
3.93729	.658401	.000000
3.94029	.658177	.000000
3.94328	.657952	.000000
3.94628	.657753	.000000
3.94929	.657500	.000000
3.9523	.657275	.000000
3.95531	.657040	.000000
3.95833	.656810	.000000
3.96136	.656559	.000000
3.96438	.656356	.000000
3.96742	.656105	.000000
3.97046	.655878	.000000
3.9735	.655650	.000000
3.97655	.655413	.000000
3.9796	.655151	.000000
3.98265	.654976	.000000
3.98572	.654739	.000000
3.98878	.654503	.000000
3.99185	.654242	.000000
3.99493	.653937	.000000
3.99801	.653649	.000000
4.00109	.653456	.000000
4.00418	.653239	.000000
4.00728	.652986	.000000
4.01038	.652725	.000000
4.01348	.652534	.000000
4.01659	.652270	.000000
4.0197	.652021	.000000
4.02282	.651783	.000000
4.02594	.651549	.000000
4.02907	.651250	.000000
4.0322	.650966	.000000
4.03534	.650708	.000000
4.03848	.650512	.000000
4.04163	.650279	.000000
4.04478	.650036	.000000
4.04794	.649774	.000000
4.0511	.649516	.000000
4.05427	.649252	.000000
4.05744	.649053	.000000
4.06062	.648802	.000000
4.0638	.648546	.000000
4.06699	.648275	.000000
4.07018	.648061	.000000
4.07338	.647821	.000000
4.07658	.647591	.000000
4.07979	.647331	.000000
4.083	.647109	.000000
4.08622	.646866	.000000
4.08944	.646626	.000000
4.09267	.646373	.000000
4.0959	.646146	.000000
4.09914	.645890	.000000
4.10238	.645649	.000000
4.10563	.645412	.000000
4.10889	.645208	.000000
4.11214	.644936	.000000
4.11541	.644722	.000000
4.11868	.644504	.000000
4.12195	.644246	.000000
4.12523	.643949	.000000
4.12851	.643698	.000000
4.1318	.643439	.000000
4.1351	.643201	.000000
4.1384	.642935	.000000
4.1417	.642708	.000000
4.14501	.642456	.000000
4.14833	.642185	.000000
4.15165	.641871	.000000
4.15498	.641620	.000000
4.15831	.641357	.000000
4.16165	.641124	.000000
4.16499	.640847	.000000
4.16834	.640633	.000000
4.17169	.640358	.000000
4.17505	.640066	.000000
4.17842	.639810	.000000
4.18179	.639598	.000000
4.18516	.639348	.000000
4.18854	.639110	.000000
4.19193	.638856	.000000
4.19532	.638600	.000000
4.19872	.638383	.000000
4.20212	.638193	.000000
4.20553	.637932	.000000
4.20894	.637723	.000000
4.21236	.637471	.000000
4.21578	.637231	.000000
4.21921	.637009	.000000
4.22265	.636841	.000000
4.22609	.636594	.000000
4.22954	.636320	.000000
4.23299	.636055	.000000
4.23645	.635800	.000000
4.23991	.635536	.000000
4.24338	.635344	.000000
4.24686	.635037	.000000
4.25034	.634778	.000000
4.25382	.634464	.000000
4.25732	.634151	.000000
4.26081	.633847	.000000
4.26432	.633532	.000000
4.26783	.633184	.000000
4.27134	.632931	.000000
4.27487	.632606	.000000
4.27839	.632436	.000000
4.28193	.632291	.000000
4.28546	.632129	.000000
4.28901	.631893	.000000
4.29256	.631664	.000000
4.29612	.631423	.000000
4.29968	.631198	.000000
4.30325	.630935	.000000
4.30682	.630692	.000000
4.3104	.630454	.000000
4.31399	.630195	.000000
4.31758	.629950	.000000
4.32118	.629733	.000000
4.32478	.629503	.000000
4.32839	.629318	.000000
4.332	.629087	.000000
4.33563	.628857	.000000
4.33926	.628611	.000000
4.34289	.628423	.000000
4.34653	.628210	.000000
4.35018	.627993	.000000
4.35383	.627775	.000000
4.35749	.627617	.000000
4.36115	.627412	.000000
4.36482	.627219	.000000
4.3685	.627039	.000000
4.37218	.626890	.000000
4.37587	.626687	.000000
4.37957	.626506	.000000
4.38327	.626297	.000000
4.38698	.626153	.000000
4.39069	.625950	.000000
4.39442	.625761	.000000
4.39814	.625542	.000000
4.40188	.625307	.000000
4.40562	.625058	.000000
4.40936	.624863	.000000
4.41312	.624635	.000000
4.41687	.624413	.000000
4.42064	.624186	.000000
4.42441	.623979	.000000
4.42819	.623710	.000000
4.43197	.623455	.000000
4.43577	.623212	.000000
4.43956	.622989	.000000
4.44337	.622689	.000000
4.44718	.622419	.000000
4.45099	.622116	.000000
4.45482	.621798	.000000
4.45865	.621427	.000000
4.46249	.621106	.000000
4.46633	.620764	.000000
4.47018	.620351	.000000
4.47404	.619890	.000000
4.4779	.619478	.000000
4.48177	.619026	.000000
4.48565	.618530	.000000
4.48953	.617971	.000000
4.49342	.617372	.000000
4.49732	.616643	.000000
4.50122	.615865	.000000
4.50513	.614971	.000000
4.50905	.613928	.000000
4.51298	.612687	.000000
4.51691	.611287	.000000
4.52085	.609615	.000000
4.52479	.607758	.000000
4.52874	.605698	.000000
4.5327	.603490	.000000
4.53667	.601171	.000000
4.54064	.598864	.000000
4.54462	.596483	.000000
4.5486	.594113	.000000
4.5526	.591684	.000000
4.5566	.589196	.000000
4.5606	.586641	.000000
4.56462	.584104	.000000
4.56864	.581507	.000000
4.57267	.578868	.000000
4.57671	.576123	.000000
4.58075	.573330	.000000
4.5848	.570388	.000000
4.58886	.567355	.000000
4.59292	.564143	.000000
4.59699	.560728	.000000
4.60107	.557099	.000000
4.60516	.553377	.000000
4.60925	.549606	.000000
4.61335	.545828	.000000
4.61746	.542033	.000000
4.62158	.538404	.000000
4.6257	.534942	.000000
4.62983	.531623	.000000
4.63397	.528434	.000000
4.63811	.525460	.000000
4.64226	.522546	.000000
4.64642	.519736	.000000
4.65059	.517094	.000000
4.65476	.514711	.000000
4.65895	.512608	.000000
4.66314	.510900	.000000
4.66733	.509601	.000000
4.67154	.508629	.000000
4.67575	.507719	.000000
4.67997	.506798	.000000
4.6842	.505752	.000000
4.68843	.504603	.000000
4.69267	.503372	.000000
4.69693	.502118	.000000
4.70118	.500730	.000000
4.70545	.499263	.000000
4.70972	.497679	.000000
4.71401	.495978	.000000
4.71829	.494055	.000000
4.72259	.491939	.000000
4.7269	.489645	.000000
4.73121	.487116	.000000
4.73553	.484383	.000000
4.73986	.481436	.000000
4.7442	.478272	.000000
4.74854	.475029	.000000
4.75289	.471703	.000000
4.75725	.468435	.000000
4.76162	.465212	.000000
4.766	.462107	.000000
4.77038	.459090	.000000
4.77478	.456142	.000000
4.77918	.453132	.000000
4.78358	.450091	.000000
4.788	.446996	.000000
4.79243	.443861	.000000
4.79686	.440783	.000000
4.8013	.437870	.000000
4.80575	.435142	.000000
4.81021	.432641	.000000
4.81467	.430405	.000000
4.81915	.428412	.000000
4.82363	.426663	.000000
4.82812	.425232	.000000
4.83262	.424087	.000000
4.83713	.423342	.000000
4.84165	.422909	.000000
4.84617	.422768	.000000
4.85071	.422851	.000000
4.85525	.423199	.000000
4.8598	.423750	.000000
4.86436	.424382	.000000
4.86892	.425080	.000000
4.8735	.425924	.000000
4.87808	.426833	.000000
4.88268	.427774	.000000
4.88728	.428621	.000000
4.89189	.429354	.000000
4.89651	.429985	.000000
4.90114	.430523	.000000
4.90577	.430946	.000000
4.91042	.431296	.000000
4.91507	.431568	.000000
4.91974	.431879	.000000
4.92441	.432171	.000000
4.92909	.432427	.000000
4.93378	.432626	.000000
4.93848	.432759	.000000
4.94319	.432733	.000000
4.94791	.432544	.000000
4.95263	.432187	.000000
4.95737	.431682	.000000
4.96211	.430980	.000000
4.96686	.430149	.000000
4.97162	.429117	.000000
4.97639	.427904	.000000
4.98117	.426518	.000000
4.98596	.424968	.000000
4.99076	.423283	.000000
4.99557	.421438	.000000
5.00039	.419416	.000000
5.00521	.417300	.000000
5.01005	.415073	.000000
5.0149	.412777	.000000
5.01975	.410392	.000000
5.02461	.407988	.000000
5.02949	.405506	.000000
5.03437	.402851	.000000
5.03926	.399975	.000000
5.04417	.396965	.000000
5.04908	.393840	.000000
5.054	.390650	.000000
5.05893	.387442	.000000
5.06387	.384278	.000000
5.06882	.381168	.000000
5.07378	.378128	.000000
5.07875	.375102	.000000
5.08373	.372106	.000000
5.08872	.369098	.000000
5.09372	.366133	.000000
5.09872	.363251	.000000
5.10374	.360528	.000000
5.10877	.357941	.000000
5.11381	.355523	.000000
5.11886	.353255	.000000
5.12391	.351196	.000000
5.12898	.349372	.000000
5.13406	.347841	.000000
5.13915	.346820	.000000
5.14425	.346534	.000000
5.14935	.347144	.000000
5.15447	.348719	.000000
5.1596	.351131	.000000
5.16474	.354292	.000000
5.16989	.358036	.000000
5.17505	.362200	.000000
5.18022	.366650	.000000
5.1854	.371256	.000000
5.19059	.375873	.000000
5.19579	.380377	.000000
5.201	.384678	.000000
5.20623	.388737	.000000
5.21146	.392385	.000000
5.2167	.395713	.000000
5.22195	.398689	.000000
5.22722	.401304	.000000
5.23249	.403517	.000000
5.23778	.405383	.000000
5.24307	.406954	.000000
5.24838	.408356	.000000
5.2537	.409662	.000000
5.25903	.411035	.000000
5.26437	.412597	.000000
5.26972	.414494	.000000
5.27508	.416719	.000000
5.28045	.419184	.000000
5.28583	.421752	.000000
5.29122	.424404	.000000
5.29663	.427021	.000000
5.30204	.429441	.000000
5.30747	.431607	.000000
5.31291	.433576	.000000
5.31836	.435291	.000000
5.32382	.436704	.000000
5.32929	.437773	.000000
5.33477	.438569	.000000
5.34027	.439063	.000000
5.34577	.439264	.000000
5.35129	.439097	.000000
5.35682	.438645	.000000
5.36236	.437854	.000000
5.36791	.436696	.000000
5.37347	.435043	.000000
5.37904	.432971	.000000
5.38463	.430515	.000000
5.39023	.427657	.000000
5.39584	.424419	.000000
5.40146	.421000	.000000
5.40709	.417477	.000000
5.41273	.414034	.000000
5.41839	.410739	.000000
5.42406	.407789	.000000
5.42974	.405422	.000000
5.43543	.403609	.000000
5.44113	.402237	.000000
5.44684	.401347	.000000
5.45257	.400899	.000000
5.45831	.400869	.000000
5.46406	.401218	.000000
5.46983	.402018	.000000
5.4756	.403209	.000000
5.48139	.404809	.000000
5.48719	.406742	.000000
5.493	.409030	.000000
5.49883	.411530	.000000
5.50467	.414152	.000000
5.51052	.416717	.000000
5.51638	.419105	.000000
5.52225	.421080	.000000
5.52814	.422473	.000000
5.53404	.422958	.000000
5.53995	.422484	.000000
5.54588	.420910	.000000
5.55182	.418441	.000000
5.55777	.415257	.000000
5.56373	.411756	.000000
5.56971	.408331	.000000
5.57569	.405287	.000000
5.5817	.402765	.000000
5.58771	.400865	.000000
5.59374	.399342	.000000
5.59978	.398037	.000000
5.60583	.396811	.000000
5.6119	.395611	.000000
5.61798	.394318	.000000
5.62407	.392960	.000000
5.63018	.391483	.000000
5.6363	.389921	.000000
5.64243	.388312	.000000
5.64858	.386729	.000000
5.65474	.385172	.000000
5.66091	.383773	.000000
5.6671	.382438	.000000
5.6733	.381145	.000000
5.67951	.380000	.000000
5.68574	.378963	.000000
5.69198	.377940	.000000
5.69824	.377054	.000000
5.7045	.376152	.000000
5.71079	.375240	.000000
5.71708	.374376	.000000
5.72339	.373446	.000000
5.72972	.372502	.000000
5.73606	.371640	.000000
5.74241	.370885	.000000
5.74877	.370431	.000000
5.75515	.370297	.000000
5.76155	.370239	.000000
5.76796	.370506	.000000
5.77438	.371005	.000000
5.78082	.371345	.000000
5.78727	.371648	.000000
5.79374	.371880	.000000
5.80022	.371995	.000000
5.80671	.371948	.000000
5.81322	.371784	.000000
5.81974	.371666	.000000
5.82628	.371761	.000000
5.83284	.371925	.000000
5.8394	.372299	.000000
5.84599	.372960	.000000
5.85259	.373936	.000000
5.8592	.375172	.000000
5.86583	.376567	.000000
5.87247	.377704	.000000
5.87913	.378446	.000000
5.8858	.378922	.000000
5.89249	.378721	.000000
5.89919	.377788	.000000
5.90591	.376301	.000000
5.91265	.373989	.000000
5.9194	.371050	.000000
5.92616	.367442	.000000
5.93294	.363250	.000000
5.93974	.358154	.000000
5.94655	.352672	.000000
5.95338	.346509	.000000
5.96022	.339822	.000000
5.96708	.332583	.000000
5.97395	.325275	.000000
5.98084	.318255	.000000
5.98775	.311814	.000000
5.99467	.306177	.000000
6.00161	.301789	.000000
6.00856	.298335	.000000
6.01553	.295906	.000000
6.02252	.294330	.000000
6.02952	.293583	.000000
6.03654	.293246	.000000
6.04358	.293265	.000000
6.05063	.293714	.000000
6.0577	.294569	.000000
6.06478	.295214	.000000
6.07188	.296036	.000000
6.079	.296907	.000000
6.08614	.297797	.000000
6.09329	.298461	.000000
6.10046	.299008	.000000
6.10764	.299175	.000000
6.11485	.298942	.000000
6.12206	.298211	.000000
6.1293	.296938	.000000
6.13655	.294978	.000000
6.14383	.292509	.000000
6.15111	.289550	.000000
6.15842	.286315	.000000
6.16574	.282890	.000000
6.17308	.279600	.000000
6.18044	.276450	.000000
6.18781	.273719	.000000
6.19521	.271590	.000000
6.20262	.270186	.000000
6.21005	.269470	.000000
6.21749	.269416	.000000
6.22496	.269753	.000000
6.23244	.270297	.000000
6.23994	.270829	.000000
6.24745	.271188	.000000
6.25499	.271193	.000000
6.26254	.270905	.000000
6.27012	.270294	.000000
6.27771	.269544	.000000
6.28532	.268729	.000000
6.29294	.267947	.000000
6.30059	.267412	.000000
6.30825	.267260	.000000
6.31594	.267564	.000000
6.32364	.268418	.000000
6.33136	.269860	.000000
6.3391	.271908	.000000
6.34686	.274840	.000000
6.35464	.278202	.000000
6.36244	.281654	.000000
6.37025	.285489	.000000
6.37809	.289351	.000000
6.38594	.292927	.000000
6.39382	.296230	.000000
6.40171	.299088	.000000
6.40962	.301673	.000000
6.41756	.304151	.000000
6.42551	.306163	.000000
6.43348	.307676	.000000
6.44147	.308920	.000000
6.44948	.309827	.000000
6.45752	.310506	.000000
6.46556	.311060	.000000
6.47364	.311540	.000000
6.48173	.311901	.000000
6.48984	.312199	.000000
6.49797	.312479	.000000
6.50613	.312659	.000000
6.5143	.312471	.000000
6.52249	.312024	.000000
6.53071	.311185	.000000
6.53894	.309785	.000000
6.5472	.307773	.000000
6.55548	.305278	.000000
6.56378	.302438	.000000
6.57209	.299323	.000000
6.58044	.296190	.000000
6.5888	.293217	.000000
6.59718	.290380	.000000
6.60558	.287937	.000000
6.61401	.285977	.000000
6.62246	.284577	.000000
6.63092	.283783	.000000
6.63941	.283674	.000000
6.64793	.284366	.000000
6.65646	.285630	.000000
6.66502	.287473	.000000
6.67359	.289737	.000000
6.68219	.292168	.000000
6.69082	.294522	.000000
6.69946	.296473	.000000
6.70813	.298028	.000000
6.71681	.299284	.000000
6.72552	.300199	.000000
6.73426	.300910	.000000
6.74302	.301390	.000000
6.7518	.301682	.000000
6.7606	.301789	.000000
6.76942	.301699	.000000
6.77827	.301503	.000000
6.78715	.301314	.000000
6.79604	.301014	.000000
6.80496	.300690	.000000
6.8139	.300285	.000000
6.82287	.299681	.000000
6.83186	.298916	.000000
6.84087	.298093	.000000
6.84991	.297166	.000000
6.85897	.296167	.000000
6.86805	.295111	.000000
6.87716	.294049	.000000
6.88629	.292829	.000000
6.89545	.291618	.000000
6.90463	.290339	.000000
6.91384	.289035	.000000
6.92307	.287752	.000000
6.93233	.286454	.000000
6.94161	.285094	.000000
6.95091	.283757	.000000
6.96024	.282378	.000000
6.9696	.281222	.000000
6.97898	.280162	.000000
6.98838	.279219	.000000
6.99781	.278377	.000000
7.00726	.277714	.000000
7.01675	.277205	.000000
7.02625	.276890	.000000
7.03579	.276637	.000000
7.04535	.276506	.000000
7.05493	.276403	.000000
7.06454	.276306	.000000
7.07418	.276094	.000000
7.08385	.275785	.000000
7.09354	.275290	.000000
7.10325	.274607	.000000
7.113	.273691	.000000
7.12277	.272645	.000000
7.13257	.271341	.000000
7.14239	.269831	.000000
7.15224	.268105	.000000
7.16212	.266273	.000000
7.17203	.264326	.000000
7.18196	.262385	.000000
7.19192	.260384	.000000
7.20191	.258349	.000000
7.21193	.256314	.000000
7.22197	.254362	.000000
7.23204	.252366	.000000
7.24215	.250411	.000000
7.25227	.248443	.000000
7.26243	.246555	.000000
7.27262	.244639	.000000
7.28283	.242725	.000000
7.29307	.240707	.000000
7.30334	.238565	.000000
7.31364	.236177	.000000
7.32397	.233664	.000000
7.33433	.230976	.000000
7.34472	.228128	.000000
7.35514	.224974	.000000
7.36558	.221630	.000000
7.37606	.218364	.000000
7.38657	.215974	.000000
7.39711	.214853	.000000
7.40767	.214703	.000000
7.41827	.214703	.000000
7.4289	.214421	.000000
7.43956	.213473	.000000
7.45025	.212025	.000000
7.46097	.210124	.000000
7.47172	.207902	.000000
7.4825	.205441	.000000
7.49331	.202983	.000000
7.50416	.200717	.000000
7.51503	.198837	.000000
7.52594	.197094	.000000
7.53688	.195367	.000000
7.54785	.193418	.000000
7.55885	.191314	.000000
7.56989	.189037	.000000
7.58095	.186714	.000000
7.59205	.184270	.000000
7.60318	.181907	.000000
7.61434	.179568	.000000
7.62554	.177357	.000000
7.63677	.175118	.000000
7.64803	.172817	.000000
7.65933	.170371	.000000
7.67067	.167873	.000000
7.68203	.165266	.000000
7.69343	.162653	.000000
7.70486	.159962	.000000
7.71632	.157324	.000000
7.72782	.154680	.000000
7.73936	.152160	.000000
7.75092	.149665	.000000
7.76253	.147247	.000000
7.77416	.144787	.000000
7.78584	.142308	.000000
7.79754	.139609	.000000
7.80929	.136801	.000000
7.82107	.133739	.000000
7.83288	.130540	.000000
7.84473	.127171	.000000
7.85661	.123802	.000000
7.86854	.120414	.000000
7.88049	.117085	.000000
7.89249	.113696	.000000
7.90452	.110384	.000000
7.91659	.107066	.000000
7.9287	.103761	.000000
7.94084	.100387	.000000
7.95302	.097140	.000000
7.96523	.093843	.000000
7.97749	.090618	.000000
7.98978	.087374	.000000
8.00211	.084186	.000000
8.01448	.080962	.000000
8.02688	.077798	.000000
8.03933	.074559	.000000
8.05181	.071366	.000000
8.06433	.068103	.000000
8.07689	.064913	.000000
8.08949	.061659	.000000
8.10213	.058478	.000000
8.11481	.055266	.000000
8.12753	.052165	.000000
8.14029	.049063	.000000
8.15309	.046104	.000000
8.16593	.043151	.000000
8.1788	.040369	.000000
8.19172	.037644	.000000
8.20468	.035086	.000000
8.21769	.032583	.000000
8.23073	.030291	.000000
8.24382	.028044	.000000
8.25694	.025996	.000000
8.27012	.024011	.000000
8.28333	.022190	.000000
8.29658	.020457	.000000
8.30988	.019012	.000000
8.32321	.017712	.000000
8.33659	.016619	.000000
8.35002	.015642	.000000
8.36348	.014968	.000000
8.37699	.014511	.000000
8.39055	.014396	.000000
8.40415	.014485	.000000
8.41779	.015017	.000000
8.43148	.015935	.000000
8.44521	.017401	.000000
8.45898	.019350	.000000
8.47281	.021939	.000000
8.48668	.025067	.000000
8.50059	.028884	.000000
8.51455	.033395	.000000
8.52855	.038707	.000000
8.5426	.044573	.000000
8.5567	.051167	.000000
8.57084	.058367	.000000
8.58503	.066135	.000000
8.59927	.074273	.000000
8.61355	.082856	.000000
8.62788	.091507	.000000
8.64226	.099972	.000000
8.65669	.107748	.000000
8.67116	.114136	.000000
8.68569	.117849	.000000
8.70026	.117339	.000000
8.71488	.111879	.000000
8.72955	.105550	.000000
8.74427	.105738	.000000
8.75904	.114405	.000000
8.77386	.125697	.000000
8.78873	.134039	.000000
8.80366	.137166	.000000
8.81863	.135366	.000000
8.83365	.129926	.000000
8.84872	.122737	.000000
8.86385	.115750	.000000
8.87903	.111408	.000000
8.89426	.110838	.000000
8.90954	.113132	.000000
8.92488	.116327	.000000
8.94027	.119240	.000000
8.95571	.121244	.000000
8.9712	.122459	.000000
8.98675	.122980	.000000
9.00235	.122949	.000000
9.018	.122402	.000000
9.03371	.121543	.000000
9.04948	.120510	.000000
9.0653	.119611	.000000
9.08118	.118854	.000000
9.0971	.118284	.000000
9.11309	.117812	.000000
9.12914	.117496	.000000
9.14524	.117227	.000000
9.16139	.117062	.000000
9.17761	.116887	.000000
9.19388	.116845	.000000
9.21021	.116855	.000000
9.2266	.116829	.000000
9.24304	.116856	.000000
9.25955	.117088	.000000
9.27611	.117362	.000000
9.29273	.117780	.000000
9.30942	.118227	.000000
9.32617	.118700	.000000
9.34297	.119019	.000000
9.35983	.119210	.000000
9.37676	.119218	.000000
9.39375	.118956	.000000
9.41079	.118272	.000000
9.42791	.117203	.000000
9.44508	.115721	.000000
9.46231	.113982	.000000
9.47961	.111858	.000000
9.49697	.109530	.000000
9.5144	.106946	.000000
9.53188	.104064	.000000
9.54944	.100610	.000000
9.56705	.096268	.000000
9.58474	.090436	.000000
9.60249	.083202	.000000
9.6203	.074791	.000000
9.63818	.065884	.000000
9.65613	.057448	.000000
9.67415	.050655	.000000
9.69223	.046075	.000000
9.71038	.044123	.000000
9.7286	.044664	.000000
9.74689	.047596	.000000
9.76524	.052405	.000000
9.78367	.058718	.000000
9.80216	.065976	.000000
9.82072	.073667	.000000
9.83936	.080782	.000000
9.85806	.086451	.000000
9.87684	.089793	.000000
9.89569	.090528	.000000
9.91461	.088698	.000000
9.9336	.084955	.000000
9.95267	.080337	.000000
9.97181	.076396	.000000
9.99103	.074773	.000000
10.01031	.076793	.000000
10.02968	.082051	.000000
10.04911	.088933	.000000
10.06863	.095727	.000000
10.08822	.102156	.000000
10.10788	.108947	.000000
10.12763	.116513	.000000
10.14745	.123528	.000000
10.16734	.128531	.000000
10.18732	.130548	.000000
10.20737	.129456	.000000
10.2275	.125380	.000000
10.24771	.118945	.000000
10.268	.111486	.000000
10.28838	.105457	.000000
10.30883	.103086	.000000
10.32937	.104808	.000000
10.34998	.108628	.000000
10.37069	.112331	.000000
10.39147	.114731	.000000
10.41234	.115891	.000000
10.43329	.116014	.000000
10.45432	.115447	.000000
10.47544	.114248	.000000
10.49665	.112526	.000000
10.51794	.110280	.000000
10.53932	.107854	.000000
10.56079	.105370	.000000
10.58234	.102997	.000000
10.60398	.100933	.000000
10.62571	.099522	.000000
10.64753	.098710	.000000
10.66944	.098626	.000000
10.69144	.099243	.000000
10.71353	.100424	.000000
10.73571	.101571	.000000
10.75799	.102020	.000000
10.78035	.101109	.000000
10.80281	.098705	.000000
10.82536	.094891	.000000
10.848	.090141	.000000
10.87075	.084631	.000000
10.89358	.078687	.000000
10.91652	.072792	.000000
10.93955	.067826	.000000
10.96268	.064494	.000000
10.98591	.063522	.000000
11.00923	.064538	.000000
11.03266	.066431	.000000
11.05618	.067787	.000000
11.0798	.068014	.000000
11.10353	.067088	.000000
11.12736	.065383	.000000
11.15129	.063272	.000000
11.17532	.061689	.000000
11.19946	.061490	.000000
11.2237	.063565	.000000
11.24805	.068510	.000000
11.2725	.076011	.000000
11.29706	.084202	.000000
11.32172	.091614	.000000
11.34649	.097359	.000000
11.37138	.101380	.000000
11.39637	.103954	.000000
11.42147	.105417	.000000
11.44668	.105890	.000000
11.47201	.105738	.000000
11.49745	.105153	.000000
11.523	.104380	.000000
11.54866	.103411	.000000
11.57444	.102326	.000000
11.60033	.101200	.000000
11.62634	.100132	.000000
11.65247	.098841	.000000
11.67872	.097438	.000000
11.70508	.095620	.000000
11.73157	.093401	.000000
11.75817	.091068	.000000
11.78489	.089250	.000000
11.81174	.088430	.000000
11.8387	.088669	.000000
11.86579	.089550	.000000
11.893	.091029	.000000
11.92034	.092785	.000000
11.94781	.094524	.000000
11.9754	.095930	.000000
12.00312	.097122	.000000
12.03097	.098431	.000000
12.05896	.100421	.000000
12.08707	.103129	.000000
12.11531	.106196	.000000
12.14368	.109120	.000000
12.17219	.111834	.000000
12.20083	.114224	.000000
12.2296	.116416	.000000
12.25852	.118408	.000000
12.28757	.120267	.000000
12.31676	.121867	.000000
12.34608	.123308	.000000
12.37555	.124672	.000000
12.40515	.126000	.000000
12.4349	.127021	.000000
12.46478	.127960	.000000
12.49482	.128780	.000000
12.525	.129417	.000000
12.55533	.129825	.000000
12.5858	.130144	.000000
12.61642	.130318	.000000
12.6472	.130368	.000000
12.67813	.130397	.000000
12.7092	.130439	.000000
12.74043	.130446	.000000
12.77181	.130488	.000000
12.80334	.130493	.000000
12.83503	.130405	.000000
12.86688	.129964	.000000
12.8989	.129005	.000000
12.93106	.127384	.000000
12.96339	.125269	.000000
12.99588	.122570	.000000
13.02853	.119562	.000000
13.06135	.116414	.000000
13.09433	.113302	.000000
13.12749	.110222	.000000
13.16081	.107125	.000000
13.1943	.103611	.000000
13.22796	.099416	.000000
13.26179	.094135	.000000
13.29579	.087667	.000000
13.32997	.079936	.000000
13.36432	.071826	.000000
13.39885	.065348	.000000
13.43356	.062337	.000000
13.46846	.062248	.000000
13.50353	.062786	.000000
13.53879	.061885	.000000
13.57423	.059097	.000000
13.60986	.055037	.000000
13.64568	.051180	.000000
13.68169	.048708	.000000
13.71788	.048129	.000000
13.75427	.048824	.000000
13.79085	.050025	.000000
13.82763	.051357	.000000
13.8646	.052938	.000000
13.90177	.054708	.000000
13.93915	.056455	.000000
13.97672	.057719	.000000
14.01449	.058440	.000000
14.05247	.058386	.000000
14.09066	.057745	.000000
14.12904	.056487	.000000
14.16764	.055149	.000000
14.20646	.054201	.000000
14.24549	.053871	.000000
14.28473	.054308	.000000
14.3242	.055543	.000000
14.36388	.056596	.000000
14.40378	.056619	.000000
14.4439	.055261	.000000
14.48425	.052918	.000000
14.52482	.050370	.000000
14.56562	.048312	.000000
14.60665	.046517	.000000
14.64792	.044771	.000000
14.68942	.043021	.000000
14.73115	.041971	.000000
14.77312	.041915	.000000
14.81533	.042467	.000000
14.85778	.042462	.000000
14.90048	.041084	.000000
14.94342	.038326	.000000
14.98659	.034929	.000000
15.03003	.031151	.000000
15.07372	.027895	.000000
15.11767	.025725	.000000
15.16187	.025171	.000000
15.20634	.026357	.000000
15.25106	.028541	.000000
15.29606	.030783	.000000
15.34131	.032756	.000000
15.38684	.034449	.000000
15.43263	.035613	.000000
15.4787	.035941	.000000
15.52504	.036006	.000000
15.57167	.035933	.000000
15.61858	.035906	.000000
15.66576	.036181	.000000
15.71324	.037155	.000000
15.761	.038357	.000000
15.80905	.040091	.000000
15.8574	.042561	.000000
15.90604	.045798	.000000
15.95496	.049863	.000000
16.00421	.055073	.000000
16.05376	.061150	.000000
16.10362	.068095	.000000
16.15378	.075732	.000000
16.20426	.083601	.000000
16.25506	.091471	.000000
16.30619	.098901	.000000
16.35763	.105339	.000000
16.40939	.111027	.000000
16.46149	.115760	.000000
16.51391	.119620	.000000
16.56667	.122611	.000000
16.61977	.125098	.000000
16.67322	.126924	.000000
16.72701	.128237	.000000
16.78114	.129088	.000000
16.83563	.129615	.000000
16.89046	.129895	.000000
16.94566	.130015	.000000
17.00122	.130075	.000000
17.05716	.130342	.000000
17.11345	.130549	.000000
17.17012	.130830	.000000
17.22716	.130799	.000000
17.28459	.129964	.000000
17.3424	.127604	.000000
17.4006	.124659	.000000
17.45916	.120779	.000000
17.51815	.115334	.000000
17.57753	.109890	.000000
17.63732	.105321	.000000
17.69752	.101927	.000000
17.75813	.101378	.000000
17.81915	.103209	.000000
17.88061	.105701	.000000
17.94248	.108163	.000000
18.00478	.111385	.000000
18.06752	.115123	.000000
18.13069	.118721	.000000
18.19431	.121129	.000000
18.25837	.120902	.000000
18.3229	.118136	.000000
18.38788	.114151	.000000
18.45331	.110971	.000000
18.51922	.108971	.000000
18.5856	.107999	.000000
18.65245	.106958	.000000
18.71979	.103705	.000000
18.78759	.099915	.000000
18.85591	.099580	.000000
18.92473	.104385	.000000
18.99405	.111181	.000000
19.06388	.119078	.000000
19.13423	.127111	.000000
19.20512	.133065	.000000
19.27651	.136808	.000000
19.34846	.138530	.000000
19.42093	.138243	.000000
19.49394	.137626	.000000
19.5675	.136821	.000000
19.64162	.135912	.000000
19.7163	.134248	.000000
19.79156	.132453	.000000
19.86737	.129838	.000000
19.94378	.126243	.000000
20.02078	.122248	.000000
20.09838	.118601	.000000
20.17659	.114496	.000000
20.2554	.110600	.000000
20.33483	.106687	.000000
20.41491	.103131	.000000
20.49561	.099181	.000000
20.57694	.095922	.000000
20.65892	.092417	.000000
20.74155	.088748	.000000
20.82485	.085090	.000000
20.90882	.081472	.000000
20.99345	.076771	.000000
21.07879	.072704	.000000
21.16483	.071946	.000000
21.25157	.074981	.000000
21.33902	.079282	.000000
21.4272	.084505	.000000
21.51611	.091240	.000000
21.60579	.099476	.000000
21.69619	.106946	.000000
21.78735	.112434	.000000
21.87928	.114622	.000000
21.97199	.115024	.000000
22.06548	.114457	.000000
22.15978	.113342	.000000
22.25486	.111303	.000000
22.35079	.108824	.000000
22.44754	.104639	.000000
22.54514	.099238	.000000
22.64359	.093812	.000000
22.74291	.089914	.000000
22.8431	.088173	.000000
22.9442	.088505	.000000
23.04617	.088215	.000000
23.14906	.086384	.000000
23.25287	.083079	.000000
23.35761	.079586	.000000
23.4633	.076422	.000000
23.56995	.074342	.000000
23.67755	.071836	.000000
23.78616	.068486	.000000
23.89578	.064027	.000000
24.00641	.059708	.000000
24.11806	.056516	.000000
24.23077	.056792	.000000
24.34452	.061856	.000000
24.45933	.070621	.000000
24.57525	.078295	.000000
24.69227	.083844	.000000
24.81042	.086681	.000000
24.9297	.087669	.000000
25.05013	.087494	.000000
25.17173	.086274	.000000
25.29456	.084845	.000000
25.41855	.083846	.000000
25.54376	.082802	.000000
25.67022	.082316	.000000
25.79793	.080912	.000000
25.92692	.079160	.000000
26.05721	.076983	.000000
26.18878	.076638	.000000
26.32171	.077534	.000000
26.45601	.079893	.000000
26.59168	.083742	.000000
26.72875	.087194	.000000
26.86724	.088533	.000000
27.00717	.088066	.000000
27.14861	.085187	.000000
27.2915	.082666	.000000
27.4359	.082226	.000000
27.58183	.085312	.000000
27.72933	.091181	.000000
27.87841	.098711	.000000
28.02911	.105166	.000000
28.1814	.110274	.000000
28.33539	.112289	.000000
28.49108	.112195	.000000
28.64849	.110548	.000000
28.80765	.107933	.000000
28.96859	.104826	.000000
29.13133	.102496	.000000
29.29596	.100053	.000000
29.46241	.100727	.000000
29.63077	.105193	.000000
29.80106	.112443	.000000
29.97332	.116513	.000000
30.14759	.117569	.000000
30.32389	.116583	.000000
30.50222	.112659	.000000
30.68271	.104936	.000000
30.86534	.100080	.000000
31.05017	.099118	.000000
31.23721	.100630	.000000
31.42653	.101840	.000000
31.61815	.103293	.000000
31.81218	.104865	.000000
32.00855	.107053	.000000
32.20737	.108257	.000000
32.40866	.109125	.000000
32.61249	.108931	.000000
32.8189	.107572	.000000
33.02794	.104155	.000000
33.2396	.099060	.000000
33.45405	.095603	.000000
33.67128	.094895	.000000
33.89136	.094639	.000000
34.11432	.094700	.000000
34.34025	.094849	.000000
34.56918	.095507	.000000
34.80125	.096785	.000000
35.03639	.098298	.000000
35.27474	.098386	.000000
35.51635	.093521	.000000
35.76129	.087189	.000000
36.00963	.085077	.000000
36.26145	.086797	.000000
36.51674	.091466	.000000
36.77573	.098166	.000000
37.03841	.104660	.000000
37.30488	.107426	.000000
37.5752	.109307	.000000
37.84947	.110349	.000000
38.12777	.109945	.000000
38.41028	.110170	.000000
38.69692	.114588	.000000
38.98788	.120059	.000000
39.28324	.125070	.000000
39.58311	.129119	.000000
39.8876	.128889	.000000
40.1968	.121743	.000000
40.51076	.110127	.000000
40.82975	.098039	.000000
41.15379	.087131	.000000
41.48302	.077432	.000000
41.81756	.071418	.000000
42.15754	.068562	.000000
42.50309	.065924	.000000
42.85445	.068178	.000000
43.21157	.076635	.000000
43.5747	.086357	.000000
43.94397	.097080	.000000
44.31956	.103347	.000000
44.70163	.106859	.000000
45.09034	.110326	.000000
45.48577	.112753	.000000
45.8883	.113417	.000000
46.29801	.117033	.000000
46.71511	.122439	.000000
47.13979	.122146	.000000
47.57227	.121341	.000000
48.01275	.122112	.000000
48.46159	.117143	.000000
48.91878	.112126	.000000
49.38467	.108011	.000000
49.85952	.105448	.000000
50.3436	.103338	.000000
50.83716	.100503	.000000
51.3405	.096200	.000000
51.85377	.097440	.000000
52.37755	.101513	.000000
52.91202	.109999	.000000
53.4575	.111312	.000000
54.01435	.108822	.000000
54.58292	.112685	.000000
55.16359	.120221	.000000
55.7569	.120166	.000000
56.36296	.123124	.000000
56.98233	.126428	.000000
57.61547	.128341	.000000
58.26284	.134800	.000000
58.92491	.141180	.000000
59.60221	.142841	.000000
60.29509	.145627	.000000
61.00445	.146761	.000000
61.73069	.148871	.000000
62.47443	.152066	.000000
63.23631	.158549	.000000
64.017	.157384	.000000
64.81721	.151252	.000000
65.63791	.156466	.000000
66.47942	.167320	.000000
67.3428	.157857	.000000
68.22888	.143829	.000000
69.1386	.128583	.000000
70.07291	.121334	.000000
71.03282	.113707	.000000
72.01913	.116430	.000000
73.03348	.114885	.000000
74.07682	.128932	.000000
75.1504	.163665	.000000
76.25555	.190499	.000000
77.39369	.182896	.000000
78.56632	.188700	.000000
79.77537	.208022	.000000
81.02186	.200375	.000000
82.30792	.191798	.000000
83.63548	.177438	.000000
85.00655	.183275	.000000
86.42333	.199129	.000000
87.88814	.184419	.000000
89.40307	.178568	.000000
90.97155	.192281	.000000
92.59603	.205203	.000000
94.27959	.199871	.000000
96.02551	.202115	.000000
97.83731	.209577	.000000
99.7188	.220096	.000000
