Brown University Keck/NASA Relab Spectrum KW-JFM-002-A/BKR0KW002A
Wavelength(micron)	Reflectance	Standard Deviation
0.3	.195355	.003906
0.305	.203689	.003034
0.31	.218127	.002953
0.315	.236911	.002313
0.32	.256555	.002632
0.325	.279744	.002241
0.33	.301969	.003024
0.335	.329017	.002328
0.34	.353528	.002703
0.345	.380753	.002613
0.35	.404723	.002789
0.355	.428352	.003813
0.36	.450102	.005209
0.365	.474357	.003774
0.37	.491268	.005970
0.375	.510680	.003335
0.38	.521659	.004220
0.385	.536293	.003396
0.39	.553356	.003629
0.395	.566288	.004492
0.4	.576363	.005068
0.405	.589373	.004835
0.41	.598858	.005180
0.415	.610823	.004176
0.42	.619667	.004598
0.425	.629615	.004041
0.43	.631172	.004732
0.435	.635652	.004434
0.44	.644030	.004709
0.445	.650980	.004186
0.45	.653227	.004371
0.455	.658872	.004150
0.46	.662394	.004679
0.465	.669161	.004729
0.47	.673263	.004873
0.475	.678310	.004642
0.48	.682121	.004739
0.485	.687315	.004544
0.49	.690698	.004644
0.495	.698038	.004405
0.5	.702914	.004587
0.505	.707890	.004144
0.51	.710145	.004595
0.515	.713438	.004059
0.52	.721178	.004361
0.525	.726808	.004112
0.53	.729412	.004186
0.535	.735423	.004049
0.54	.738297	.004331
0.545	.741376	.004160
0.55	.742504	.004340
0.555	.744984	.004043
0.56	.750046	.004158
0.565	.757749	.004110
0.57	.762978	.004160
0.575	.768380	.004258
0.58	.772776	.004188
0.585	.777784	.004469
0.59	.781148	.004352
0.595	.785303	.004429
0.6	.789181	.004623
0.605	.792349	.004350
0.61	.795395	.004585
0.615	.797797	.004431
0.62	.800575	.004547
0.625	.803184	.004417
0.63	.805984	.004403
0.635	.808322	.004255
0.64	.811089	.004247
0.645	.813304	.004441
0.65	.815772	.004289
0.655	.818102	.004333
0.66	.820572	.004527
0.665	.822203	.004486
0.67	.825282	.004816
0.675	.826703	.004435
0.68	.827848	.004290
0.685	.830670	.004406
0.69	.832264	.004428
0.695	.833253	.004656
0.7	.833638	.004532
0.705	.834247	.004477
0.71	.835056	.004559
0.715	.834048	.004638
0.72	.833880	.004705
0.725	.830932	.004549
0.73	.828993	.004786
0.735	.824031	.004945
0.74	.820049	.005027
0.745	.814853	.004777
0.75	.807894	.004848
0.755	.798929	.004791
0.76	.786896	.004073
0.765	.778764	.004056
0.77	.767173	.004637
0.775	.752795	.003801
0.78	.740478	.004363
0.785	.725003	.003871
0.79	.709978	.004303
0.795	.692742	.003925
0.8	.676627	.004258
0.805	.659441	.003967
0.81	.642329	.004042
0.815	.624207	.003823
0.82	.606804	.004181
0.825	.588547	.003821
0.83	.571868	.003959
0.835	.555379	.003909
0.84	.536218	.003109
0.845	.523385	.003101
0.85	.507779	.002823
0.855	.494641	.003007
0.86	.480941	.002920
0.865	.469150	.002698
0.87	.457740	.002770
0.875	.447889	.002874
0.88	.439323	.002985
0.885	.430514	.002954
0.89	.421867	.002653
0.895	.418549	.002812
0.89909	.414346	.000000
0.89924	.413934	.000000
0.8994	.414068	.000000
0.89956	.413846	.000000
0.89971	.413204	.000000
0.89987	.413553	.000000
0.90002	.413772	.000000
0.90018	.413382	.000000
0.90034	.413072	.000000
0.90049	.412821	.000000
0.90065	.413275	.000000
0.90081	.413817	.000000
0.90096	.413191	.000000
0.90112	.412586	.000000
0.90128	.412534	.000000
0.90143	.412457	.000000
0.90159	.412146	.000000
0.90175	.412258	.000000
0.9019	.412330	.000000
0.90206	.412369	.000000
0.90222	.411950	.000000
0.90237	.411555	.000000
0.90253	.411159	.000000
0.90269	.411325	.000000
0.90284	.412181	.000000
0.903	.412080	.000000
0.90316	.411823	.000000
0.90332	.412047	.000000
0.90347	.412067	.000000
0.90363	.412481	.000000
0.90379	.412467	.000000
0.90395	.412127	.000000
0.9041	.411534	.000000
0.90426	.410622	.000000
0.90442	.410849	.000000
0.90458	.411069	.000000
0.90474	.410955	.000000
0.90489	.411538	.000000
0.90505	.411416	.000000
0.90521	.411061	.000000
0.90537	.410922	.000000
0.90553	.410726	.000000
0.90568	.410372	.000000
0.90584	.409669	.000000
0.906	.409776	.000000
0.90616	.409942	.000000
0.90632	.409454	.000000
0.90648	.409394	.000000
0.90663	.409099	.000000
0.90679	.408672	.000000
0.90695	.408935	.000000
0.90711	.409962	.000000
0.90727	.409744	.000000
0.90743	.408846	.000000
0.90759	.409109	.000000
0.90774	.409483	.000000
0.9079	.409895	.000000
0.90806	.409823	.000000
0.90822	.409376	.000000
0.90838	.409210	.000000
0.90854	.409758	.000000
0.9087	.409686	.000000
0.90886	.409347	.000000
0.90902	.410091	.000000
0.90918	.409784	.000000
0.90934	.409327	.000000
0.9095	.409804	.000000
0.90966	.409910	.000000
0.90982	.409694	.000000
0.90998	.409625	.000000
0.91013	.409029	.000000
0.91029	.408408	.000000
0.91045	.408280	.000000
0.91061	.408334	.000000
0.91077	.408426	.000000
0.91093	.408466	.000000
0.91109	.407957	.000000
0.91125	.408233	.000000
0.91141	.408163	.000000
0.91158	.409059	.000000
0.91174	.409513	.000000
0.9119	.409073	.000000
0.91206	.408630	.000000
0.91222	.408279	.000000
0.91238	.408208	.000000
0.91254	.408098	.000000
0.9127	.408341	.000000
0.91286	.408198	.000000
0.91302	.408438	.000000
0.91318	.408756	.000000
0.91334	.408935	.000000
0.9135	.409012	.000000
0.91366	.409364	.000000
0.91382	.408659	.000000
0.91399	.407910	.000000
0.91415	.408200	.000000
0.91431	.407748	.000000
0.91447	.407746	.000000
0.91463	.407940	.000000
0.91479	.408089	.000000
0.91495	.408640	.000000
0.91511	.408439	.000000
0.91528	.408357	.000000
0.91544	.408530	.000000
0.9156	.408312	.000000
0.91576	.407743	.000000
0.91592	.407505	.000000
0.91608	.407560	.000000
0.91625	.408317	.000000
0.91641	.409066	.000000
0.91657	.409054	.000000
0.91673	.408992	.000000
0.91689	.408813	.000000
0.91706	.408254	.000000
0.91722	.408049	.000000
0.91738	.408523	.000000
0.91754	.408964	.000000
0.91771	.409049	.000000
0.91787	.408160	.000000
0.91803	.407731	.000000
0.91819	.408759	.000000
0.91836	.409545	.000000
0.91852	.409476	.000000
0.91868	.409567	.000000
0.91884	.409543	.000000
0.91901	.409314	.000000
0.91917	.408940	.000000
0.91933	.408769	.000000
0.9195	.409227	.000000
0.91966	.409922	.000000
0.91982	.409397	.000000
0.91999	.408853	.000000
0.92015	.409237	.000000
0.92031	.409620	.000000
0.92048	.409255	.000000
0.92064	.408726	.000000
0.9208	.409046	.000000
0.92097	.409538	.000000
0.92113	.409419	.000000
0.92129	.409166	.000000
0.92146	.408595	.000000
0.92162	.408321	.000000
0.92179	.408885	.000000
0.92195	.409682	.000000
0.92211	.409799	.000000
0.92228	.409327	.000000
0.92244	.409257	.000000
0.92261	.409917	.000000
0.92277	.409881	.000000
0.92293	.409702	.000000
0.9231	.409861	.000000
0.92326	.409930	.000000
0.92343	.409701	.000000
0.92359	.409682	.000000
0.92376	.409570	.000000
0.92392	.410059	.000000
0.92409	.410590	.000000
0.92425	.410079	.000000
0.92441	.410481	.000000
0.92458	.410953	.000000
0.92474	.410248	.000000
0.92491	.410255	.000000
0.92507	.410654	.000000
0.92524	.410481	.000000
0.9254	.410762	.000000
0.92557	.411600	.000000
0.92574	.412018	.000000
0.9259	.411854	.000000
0.92607	.411901	.000000
0.92623	.412049	.000000
0.9264	.411704	.000000
0.92656	.411129	.000000
0.92673	.410762	.000000
0.92689	.411300	.000000
0.92706	.411873	.000000
0.92723	.412040	.000000
0.92739	.412345	.000000
0.92756	.412196	.000000
0.92772	.412327	.000000
0.92789	.412846	.000000
0.92805	.412755	.000000
0.92822	.412588	.000000
0.92839	.412784	.000000
0.92855	.413012	.000000
0.92872	.412930	.000000
0.92889	.412797	.000000
0.92905	.412514	.000000
0.92922	.412814	.000000
0.92939	.413663	.000000
0.92955	.414336	.000000
0.92972	.414234	.000000
0.92989	.413797	.000000
0.93005	.413881	.000000
0.93022	.414102	.000000
0.93039	.414000	.000000
0.93055	.413956	.000000
0.93072	.414047	.000000
0.93089	.414226	.000000
0.93105	.414283	.000000
0.93122	.414361	.000000
0.93139	.415015	.000000
0.93156	.415458	.000000
0.93172	.415006	.000000
0.93189	.414986	.000000
0.93206	.415368	.000000
0.93223	.415085	.000000
0.93239	.415075	.000000
0.93256	.415366	.000000
0.93273	.415768	.000000
0.9329	.416190	.000000
0.93307	.416326	.000000
0.93323	.416555	.000000
0.9334	.416493	.000000
0.93357	.416775	.000000
0.93374	.417401	.000000
0.93391	.417559	.000000
0.93407	.417937	.000000
0.93424	.417972	.000000
0.93441	.417952	.000000
0.93458	.418140	.000000
0.93475	.418071	.000000
0.93492	.417954	.000000
0.93508	.418331	.000000
0.93525	.418527	.000000
0.93542	.418369	.000000
0.93559	.418337	.000000
0.93576	.418632	.000000
0.93593	.418986	.000000
0.9361	.419609	.000000
0.93627	.419997	.000000
0.93644	.419501	.000000
0.93661	.419659	.000000
0.93677	.420384	.000000
0.93694	.420324	.000000
0.93711	.420275	.000000
0.93728	.420665	.000000
0.93745	.420841	.000000
0.93762	.420744	.000000
0.93779	.420975	.000000
0.93796	.421076	.000000
0.93813	.421307	.000000
0.9383	.421804	.000000
0.93847	.422330	.000000
0.93864	.422209	.000000
0.93881	.422499	.000000
0.93898	.423137	.000000
0.93915	.423524	.000000
0.93932	.423268	.000000
0.93949	.422548	.000000
0.93966	.422541	.000000
0.93983	.422839	.000000
0.94	.423167	.000000
0.94017	.423715	.000000
0.94034	.423929	.000000
0.94051	.423777	.000000
0.94068	.423772	.000000
0.94085	.424109	.000000
0.94102	.424653	.000000
0.9412	.425343	.000000
0.94137	.425425	.000000
0.94154	.425253	.000000
0.94171	.425661	.000000
0.94188	.425773	.000000
0.94205	.425805	.000000
0.94222	.426018	.000000
0.94239	.426092	.000000
0.94256	.425859	.000000
0.94274	.426028	.000000
0.94291	.426705	.000000
0.94308	.427373	.000000
0.94325	.427405	.000000
0.94342	.427949	.000000
0.94359	.428113	.000000
0.94377	.427785	.000000
0.94394	.428235	.000000
0.94411	.428798	.000000
0.94428	.429089	.000000
0.94445	.429512	.000000
0.94463	.429573	.000000
0.9448	.429862	.000000
0.94497	.430367	.000000
0.94514	.430515	.000000
0.94531	.431005	.000000
0.94549	.431061	.000000
0.94566	.430995	.000000
0.94583	.431046	.000000
0.946	.431362	.000000
0.94618	.431975	.000000
0.94635	.431865	.000000
0.94652	.431819	.000000
0.94669	.432648	.000000
0.94687	.433276	.000000
0.94704	.433452	.000000
0.94721	.433523	.000000
0.94739	.433896	.000000
0.94756	.434043	.000000
0.94773	.434311	.000000
0.94791	.434896	.000000
0.94808	.435281	.000000
0.94825	.435333	.000000
0.94843	.435132	.000000
0.9486	.435104	.000000
0.94877	.435573	.000000
0.94895	.436132	.000000
0.94912	.436718	.000000
0.94929	.437244	.000000
0.94947	.437321	.000000
0.94964	.437512	.000000
0.94982	.437405	.000000
0.94999	.437348	.000000
0.95016	.438105	.000000
0.95034	.438401	.000000
0.95051	.438662	.000000
0.95069	.439168	.000000
0.95086	.439461	.000000
0.95104	.439840	.000000
0.95121	.440429	.000000
0.95139	.440357	.000000
0.95156	.440563	.000000
0.95173	.440771	.000000
0.95191	.440952	.000000
0.95208	.441428	.000000
0.95226	.441855	.000000
0.95243	.442568	.000000
0.95261	.442895	.000000
0.95278	.442948	.000000
0.95296	.443251	.000000
0.95313	.443565	.000000
0.95331	.443620	.000000
0.95348	.443787	.000000
0.95366	.444459	.000000
0.95384	.444796	.000000
0.95401	.445035	.000000
0.95419	.445616	.000000
0.95436	.445837	.000000
0.95454	.445782	.000000
0.95471	.446407	.000000
0.95489	.446676	.000000
0.95507	.446581	.000000
0.95524	.446912	.000000
0.95542	.447631	.000000
0.95559	.448386	.000000
0.95577	.448741	.000000
0.95595	.448659	.000000
0.95612	.448741	.000000
0.9563	.449296	.000000
0.95647	.449703	.000000
0.95665	.449986	.000000
0.95683	.450361	.000000
0.957	.450637	.000000
0.95718	.450652	.000000
0.95736	.450785	.000000
0.95753	.451392	.000000
0.95771	.451883	.000000
0.95789	.452153	.000000
0.95807	.452729	.000000
0.95824	.453337	.000000
0.95842	.453632	.000000
0.9586	.453821	.000000
0.95877	.454513	.000000
0.95895	.455114	.000000
0.95913	.454881	.000000
0.95931	.454970	.000000
0.95948	.455409	.000000
0.95966	.456134	.000000
0.95984	.456809	.000000
0.96002	.456969	.000000
0.96019	.457381	.000000
0.96037	.457852	.000000
0.96055	.458301	.000000
0.96073	.459055	.000000
0.96091	.459297	.000000
0.96108	.459254	.000000
0.96126	.459222	.000000
0.96144	.459609	.000000
0.96162	.460148	.000000
0.9618	.460510	.000000
0.96198	.460832	.000000
0.96215	.461406	.000000
0.96233	.461957	.000000
0.96251	.462222	.000000
0.96269	.462297	.000000
0.96287	.462503	.000000
0.96305	.463017	.000000
0.96323	.463481	.000000
0.96341	.464148	.000000
0.96359	.464369	.000000
0.96376	.464890	.000000
0.96394	.465509	.000000
0.96412	.466013	.000000
0.9643	.466705	.000000
0.96448	.466888	.000000
0.96466	.467053	.000000
0.96484	.467608	.000000
0.96502	.467800	.000000
0.9652	.468100	.000000
0.96538	.468669	.000000
0.96556	.469108	.000000
0.96574	.469251	.000000
0.96592	.469760	.000000
0.9661	.470465	.000000
0.96628	.470912	.000000
0.96646	.471304	.000000
0.96664	.471652	.000000
0.96682	.472240	.000000
0.967	.472461	.000000
0.96718	.472399	.000000
0.96736	.473186	.000000
0.96754	.473885	.000000
0.96772	.473853	.000000
0.9679	.474245	.000000
0.96808	.475086	.000000
0.96826	.476052	.000000
0.96844	.476373	.000000
0.96863	.476740	.000000
0.96881	.477259	.000000
0.96899	.477308	.000000
0.96917	.477420	.000000
0.96935	.477820	.000000
0.96953	.478423	.000000
0.96971	.478804	.000000
0.96989	.479035	.000000
0.97008	.479453	.000000
0.97026	.479966	.000000
0.97044	.480664	.000000
0.97062	.481200	.000000
0.9708	.481478	.000000
0.97098	.481785	.000000
0.97117	.482448	.000000
0.97135	.483066	.000000
0.97153	.483761	.000000
0.97171	.483999	.000000
0.97189	.484414	.000000
0.97208	.485069	.000000
0.97226	.485543	.000000
0.97244	.485868	.000000
0.97262	.486337	.000000
0.97281	.486719	.000000
0.97299	.486965	.000000
0.97317	.487517	.000000
0.97335	.487956	.000000
0.97354	.488415	.000000
0.97372	.489214	.000000
0.9739	.489603	.000000
0.97409	.489735	.000000
0.97427	.490098	.000000
0.97445	.490694	.000000
0.97463	.491314	.000000
0.97482	.491694	.000000
0.975	.492334	.000000
0.97518	.493061	.000000
0.97537	.493712	.000000
0.97555	.493798	.000000
0.97573	.493727	.000000
0.97592	.494729	.000000
0.9761	.495322	.000000
0.97629	.495519	.000000
0.97647	.496374	.000000
0.97665	.497047	.000000
0.97684	.497596	.000000
0.97702	.498015	.000000
0.97721	.498408	.000000
0.97739	.498795	.000000
0.97757	.498983	.000000
0.97776	.499474	.000000
0.97794	.499755	.000000
0.97813	.500336	.000000
0.97831	.501053	.000000
0.9785	.501572	.000000
0.97868	.502466	.000000
0.97887	.503054	.000000
0.97905	.502997	.000000
0.97924	.503426	.000000
0.97942	.504250	.000000
0.97961	.504935	.000000
0.97979	.505376	.000000
0.97998	.506014	.000000
0.98016	.506469	.000000
0.98035	.506719	.000000
0.98053	.507337	.000000
0.98072	.507826	.000000
0.9809	.508080	.000000
0.98109	.508579	.000000
0.98127	.508993	.000000
0.98146	.509683	.000000
0.98165	.510289	.000000
0.98183	.510616	.000000
0.98202	.511413	.000000
0.9822	.511904	.000000
0.98239	.512070	.000000
0.98258	.512453	.000000
0.98276	.512927	.000000
0.98295	.513448	.000000
0.98314	.514364	.000000
0.98332	.514875	.000000
0.98351	.515275	.000000
0.9837	.515627	.000000
0.98388	.516260	.000000
0.98407	.516724	.000000
0.98426	.517158	.000000
0.98444	.517714	.000000
0.98463	.518330	.000000
0.98482	.519008	.000000
0.985	.519531	.000000
0.98519	.519991	.000000
0.98538	.520507	.000000
0.98557	.520973	.000000
0.98575	.521502	.000000
0.98594	.521947	.000000
0.98613	.522443	.000000
0.98632	.523291	.000000
0.9865	.523693	.000000
0.98669	.523750	.000000
0.98688	.524172	.000000
0.98707	.524863	.000000
0.98725	.525647	.000000
0.98744	.526260	.000000
0.98763	.527044	.000000
0.98782	.527561	.000000
0.98801	.527926	.000000
0.98819	.528424	.000000
0.98838	.528831	.000000
0.98857	.529241	.000000
0.98876	.529645	.000000
0.98895	.530197	.000000
0.98914	.530836	.000000
0.98933	.531314	.000000
0.98952	.531968	.000000
0.9897	.532932	.000000
0.98989	.533529	.000000
0.99008	.533855	.000000
0.99027	.534550	.000000
0.99046	.535262	.000000
0.99065	.535657	.000000
0.99084	.536227	.000000
0.99103	.536994	.000000
0.99122	.537431	.000000
0.99141	.537657	.000000
0.9916	.538119	.000000
0.99179	.538717	.000000
0.99198	.539499	.000000
0.99217	.540092	.000000
0.99236	.540524	.000000
0.99255	.541097	.000000
0.99274	.541618	.000000
0.99293	.542117	.000000
0.99312	.542608	.000000
0.99331	.543066	.000000
0.9935	.543602	.000000
0.99369	.543904	.000000
0.99388	.544594	.000000
0.99407	.545528	.000000
0.99426	.546111	.000000
0.99445	.546454	.000000
0.99464	.546542	.000000
0.99483	.546721	.000000
0.99502	.547496	.000000
0.99521	.548205	.000000
0.9954	.548736	.000000
0.9956	.549211	.000000
0.99579	.549829	.000000
0.99598	.550578	.000000
0.99617	.551087	.000000
0.99636	.551273	.000000
0.99655	.551640	.000000
0.99674	.552261	.000000
0.99694	.553197	.000000
0.99713	.553877	.000000
0.99732	.554557	.000000
0.99751	.555214	.000000
0.9977	.555364	.000000
0.99789	.555877	.000000
0.99809	.556716	.000000
0.99828	.557168	.000000
0.99847	.557413	.000000
0.99866	.557826	.000000
0.99886	.558622	.000000
0.99905	.559399	.000000
0.99924	.559893	.000000
0.99943	.560142	.000000
0.99963	.560506	.000000
0.99982	.561241	.000000
1.00001	.562216	.000000
1.0002	.562678	.000000
1.0004	.562892	.000000
1.00059	.563288	.000000
1.00078	.563958	.000000
1.00098	.564699	.000000
1.00117	.565467	.000000
1.00136	.565992	.000000
1.00156	.566629	.000000
1.00175	.567329	.000000
1.00194	.567806	.000000
1.00214	.568458	.000000
1.00233	.569037	.000000
1.00253	.569303	.000000
1.00272	.569441	.000000
1.00291	.569764	.000000
1.00311	.570308	.000000
1.0033	.571223	.000000
1.0035	.571777	.000000
1.00369	.572316	.000000
1.00388	.572899	.000000
1.00408	.573447	.000000
1.00427	.574194	.000000
1.00447	.574875	.000000
1.00466	.575611	.000000
1.00486	.576143	.000000
1.00505	.576338	.000000
1.00525	.577033	.000000
1.00544	.577676	.000000
1.00564	.578392	.000000
1.00583	.579046	.000000
1.00603	.579494	.000000
1.00622	.579982	.000000
1.00642	.580397	.000000
1.00661	.580880	.000000
1.00681	.581759	.000000
1.007	.582357	.000000
1.0072	.582749	.000000
1.0074	.583206	.000000
1.00759	.583690	.000000
1.00779	.584475	.000000
1.00798	.585195	.000000
1.00818	.585738	.000000
1.00837	.586227	.000000
1.00857	.586817	.000000
1.00877	.587244	.000000
1.00896	.587497	.000000
1.00916	.587825	.000000
1.00936	.588366	.000000
1.00955	.589176	.000000
1.00975	.589824	.000000
1.00995	.590384	.000000
1.01014	.591034	.000000
1.01034	.591514	.000000
1.01054	.592137	.000000
1.01073	.592605	.000000
1.01093	.592975	.000000
1.01113	.593541	.000000
1.01133	.594196	.000000
1.01152	.594613	.000000
1.01172	.594996	.000000
1.01192	.595681	.000000
1.01211	.596237	.000000
1.01231	.596683	.000000
1.01251	.597338	.000000
1.01271	.597942	.000000
1.01291	.598183	.000000
1.0131	.598540	.000000
1.0133	.599161	.000000
1.0135	.599784	.000000
1.0137	.600553	.000000
1.0139	.601159	.000000
1.01409	.601808	.000000
1.01429	.602218	.000000
1.01449	.602637	.000000
1.01469	.603199	.000000
1.01489	.603740	.000000
1.01509	.604290	.000000
1.01529	.604752	.000000
1.01548	.605336	.000000
1.01568	.605897	.000000
1.01588	.606380	.000000
1.01608	.606974	.000000
1.01628	.607743	.000000
1.01648	.608272	.000000
1.01668	.608741	.000000
1.01688	.609294	.000000
1.01708	.609773	.000000
1.01728	.610051	.000000
1.01748	.610434	.000000
1.01768	.611260	.000000
1.01788	.611831	.000000
1.01808	.612243	.000000
1.01828	.612878	.000000
1.01848	.613536	.000000
1.01868	.613973	.000000
1.01888	.614467	.000000
1.01908	.615308	.000000
1.01928	.615978	.000000
1.01948	.616157	.000000
1.01968	.616557	.000000
1.01988	.617241	.000000
1.02008	.617643	.000000
1.02028	.618182	.000000
1.02048	.618766	.000000
1.02068	.619232	.000000
1.02088	.619729	.000000
1.02108	.620446	.000000
1.02129	.621031	.000000
1.02149	.621528	.000000
1.02169	.621975	.000000
1.02189	.622421	.000000
1.02209	.622891	.000000
1.02229	.623439	.000000
1.02249	.623975	.000000
1.0227	.624378	.000000
1.0229	.624934	.000000
1.0231	.625663	.000000
1.0233	.626105	.000000
1.0235	.626695	.000000
1.02371	.627246	.000000
1.02391	.627505	.000000
1.02411	.627889	.000000
1.02431	.628433	.000000
1.02451	.629210	.000000
1.02472	.629674	.000000
1.02492	.630222	.000000
1.02512	.631081	.000000
1.02532	.631689	.000000
1.02553	.632103	.000000
1.02573	.632458	.000000
1.02593	.633047	.000000
1.02614	.633734	.000000
1.02634	.634256	.000000
1.02654	.634558	.000000
1.02675	.634873	.000000
1.02695	.635291	.000000
1.02715	.635538	.000000
1.02736	.636072	.000000
1.02756	.636765	.000000
1.02776	.637242	.000000
1.02797	.637624	.000000
1.02817	.638440	.000000
1.02838	.639001	.000000
1.02858	.639373	.000000
1.02878	.639976	.000000
1.02899	.640594	.000000
1.02919	.640816	.000000
1.0294	.641058	.000000
1.0296	.641945	.000000
1.02981	.642742	.000000
1.03001	.643109	.000000
1.03021	.643144	.000000
1.03042	.643441	.000000
1.03062	.644223	.000000
1.03083	.644916	.000000
1.03103	.645231	.000000
1.03124	.645461	.000000
1.03144	.646243	.000000
1.03165	.647060	.000000
1.03185	.647286	.000000
1.03206	.647598	.000000
1.03227	.648077	.000000
1.03247	.648751	.000000
1.03268	.649251	.000000
1.03288	.649477	.000000
1.03309	.650182	.000000
1.03329	.650915	.000000
1.0335	.651379	.000000
1.03371	.651753	.000000
1.03391	.652046	.000000
1.03412	.652552	.000000
1.03432	.652893	.000000
1.03453	.653205	.000000
1.03474	.653917	.000000
1.03494	.654560	.000000
1.03515	.654913	.000000
1.03536	.655353	.000000
1.03556	.655851	.000000
1.03577	.656228	.000000
1.03598	.656862	.000000
1.03619	.657645	.000000
1.03639	.658000	.000000
1.0366	.658350	.000000
1.03681	.658951	.000000
1.03701	.659621	.000000
1.03722	.659984	.000000
1.03743	.659964	.000000
1.03764	.660259	.000000
1.03784	.661118	.000000
1.03805	.661882	.000000
1.03826	.662173	.000000
1.03847	.662518	.000000
1.03868	.662928	.000000
1.03888	.663287	.000000
1.03909	.663905	.000000
1.0393	.664426	.000000
1.03951	.664809	.000000
1.03972	.665054	.000000
1.03993	.665534	.000000
1.04013	.666476	.000000
1.04034	.667084	.000000
1.04055	.667100	.000000
1.04076	.667326	.000000
1.04097	.667728	.000000
1.04118	.668299	.000000
1.04139	.668797	.000000
1.0416	.669192	.000000
1.04181	.669815	.000000
1.04202	.670503	.000000
1.04223	.670842	.000000
1.04244	.671043	.000000
1.04264	.671396	.000000
1.04285	.671996	.000000
1.04306	.672590	.000000
1.04327	.673103	.000000
1.04348	.673552	.000000
1.04369	.673950	.000000
1.0439	.674431	.000000
1.04411	.674772	.000000
1.04432	.675141	.000000
1.04454	.675588	.000000
1.04475	.676014	.000000
1.04496	.676590	.000000
1.04517	.677023	.000000
1.04538	.677388	.000000
1.04559	.677688	.000000
1.0458	.678047	.000000
1.04601	.678681	.000000
1.04622	.679206	.000000
1.04643	.679648	.000000
1.04664	.679832	.000000
1.04686	.680237	.000000
1.04707	.680689	.000000
1.04728	.681011	.000000
1.04749	.681393	.000000
1.0477	.681922	.000000
1.04791	.682559	.000000
1.04812	.683006	.000000
1.04834	.683311	.000000
1.04855	.683704	.000000
1.04876	.683903	.000000
1.04897	.684285	.000000
1.04919	.684845	.000000
1.0494	.685571	.000000
1.04961	.686055	.000000
1.04982	.686260	.000000
1.05004	.686328	.000000
1.05025	.686590	.000000
1.05046	.686893	.000000
1.05067	.687481	.000000
1.05089	.688251	.000000
1.0511	.688749	.000000
1.05131	.688986	.000000
1.05153	.689311	.000000
1.05174	.689675	.000000
1.05195	.689924	.000000
1.05217	.690251	.000000
1.05238	.690678	.000000
1.05259	.691053	.000000
1.05281	.691410	.000000
1.05302	.691802	.000000
1.05323	.692322	.000000
1.05345	.692944	.000000
1.05366	.693200	.000000
1.05388	.693624	.000000
1.05409	.694143	.000000
1.05431	.694550	.000000
1.05452	.694990	.000000
1.05473	.695211	.000000
1.05495	.695592	.000000
1.05516	.696012	.000000
1.05538	.696245	.000000
1.05559	.696739	.000000
1.05581	.697226	.000000
1.05602	.697372	.000000
1.05624	.697595	.000000
1.05645	.698012	.000000
1.05667	.698417	.000000
1.05688	.698906	.000000
1.0571	.699340	.000000
1.05732	.699583	.000000
1.05753	.699732	.000000
1.05775	.700360	.000000
1.05796	.700979	.000000
1.05818	.701368	.000000
1.05839	.701706	.000000
1.05861	.701763	.000000
1.05883	.702232	.000000
1.05904	.702899	.000000
1.05926	.703075	.000000
1.05948	.703086	.000000
1.05969	.703374	.000000
1.05991	.703815	.000000
1.06013	.704326	.000000
1.06034	.704570	.000000
1.06056	.704957	.000000
1.06078	.705346	.000000
1.06099	.705640	.000000
1.06121	.706144	.000000
1.06143	.706600	.000000
1.06165	.707047	.000000
1.06186	.707350	.000000
1.06208	.707556	.000000
1.0623	.707715	.000000
1.06252	.708018	.000000
1.06273	.708484	.000000
1.06295	.708948	.000000
1.06317	.709335	.000000
1.06339	.709774	.000000
1.06361	.710050	.000000
1.06382	.710070	.000000
1.06404	.710506	.000000
1.06426	.710969	.000000
1.06448	.711187	.000000
1.0647	.711422	.000000
1.06492	.711773	.000000
1.06514	.712093	.000000
1.06535	.712661	.000000
1.06557	.713125	.000000
1.06579	.713312	.000000
1.06601	.713488	.000000
1.06623	.713768	.000000
1.06645	.714041	.000000
1.06667	.714378	.000000
1.06689	.714585	.000000
1.06711	.715016	.000000
1.06733	.715545	.000000
1.06755	.715491	.000000
1.06777	.715803	.000000
1.06799	.716412	.000000
1.06821	.716659	.000000
1.06843	.716853	.000000
1.06865	.717349	.000000
1.06887	.717757	.000000
1.06909	.717903	.000000
1.06931	.718139	.000000
1.06953	.718461	.000000
1.06975	.718809	.000000
1.06997	.719233	.000000
1.07019	.719328	.000000
1.07041	.719430	.000000
1.07063	.719948	.000000
1.07085	.720326	.000000
1.07108	.720522	.000000
1.0713	.721098	.000000
1.07152	.721648	.000000
1.07174	.721857	.000000
1.07196	.721820	.000000
1.07218	.721825	.000000
1.07241	.722098	.000000
1.07263	.722395	.000000
1.07285	.722845	.000000
1.07307	.723214	.000000
1.07329	.723495	.000000
1.07352	.723852	.000000
1.07374	.724088	.000000
1.07396	.724510	.000000
1.07418	.724989	.000000
1.07441	.725223	.000000
1.07463	.725354	.000000
1.07485	.725490	.000000
1.07507	.725488	.000000
1.0753	.725790	.000000
1.07552	.726371	.000000
1.07574	.726699	.000000
1.07597	.726856	.000000
1.07619	.726920	.000000
1.07641	.727168	.000000
1.07664	.727724	.000000
1.07686	.728024	.000000
1.07708	.728216	.000000
1.07731	.728446	.000000
1.07753	.728652	.000000
1.07776	.728941	.000000
1.07798	.729251	.000000
1.0782	.729739	.000000
1.07843	.730087	.000000
1.07865	.730089	.000000
1.07888	.730221	.000000
1.0791	.730355	.000000
1.07933	.730571	.000000
1.07955	.730948	.000000
1.07978	.731311	.000000
1.08	.731633	.000000
1.08023	.731735	.000000
1.08045	.731876	.000000
1.08068	.732055	.000000
1.0809	.732479	.000000
1.08113	.732922	.000000
1.08135	.733154	.000000
1.08158	.733339	.000000
1.0818	.733594	.000000
1.08203	.733788	.000000
1.08225	.734075	.000000
1.08248	.734364	.000000
1.08271	.734540	.000000
1.08293	.734639	.000000
1.08316	.734708	.000000
1.08339	.734959	.000000
1.08361	.735259	.000000
1.08384	.735599	.000000
1.08406	.736001	.000000
1.08429	.736198	.000000
1.08452	.736364	.000000
1.08475	.736463	.000000
1.08497	.736701	.000000
1.0852	.736977	.000000
1.08543	.737166	.000000
1.08565	.737500	.000000
1.08588	.737833	.000000
1.08611	.738005	.000000
1.08634	.738282	.000000
1.08656	.738444	.000000
1.08679	.738509	.000000
1.08702	.738677	.000000
1.08725	.738913	.000000
1.08748	.739250	.000000
1.0877	.739543	.000000
1.08793	.739695	.000000
1.08816	.739946	.000000
1.08839	.740234	.000000
1.08862	.740358	.000000
1.08885	.740585	.000000
1.08907	.740898	.000000
1.0893	.741216	.000000
1.08953	.741368	.000000
1.08976	.741556	.000000
1.08999	.741625	.000000
1.09022	.741792	.000000
1.09045	.742288	.000000
1.09068	.742541	.000000
1.09091	.742638	.000000
1.09114	.742881	.000000
1.09137	.743204	.000000
1.0916	.743350	.000000
1.09183	.743425	.000000
1.09206	.743666	.000000
1.09229	.744030	.000000
1.09252	.744406	.000000
1.09275	.744400	.000000
1.09298	.744334	.000000
1.09321	.744452	.000000
1.09344	.744643	.000000
1.09367	.744910	.000000
1.0939	.745217	.000000
1.09413	.745398	.000000
1.09436	.745513	.000000
1.09459	.745641	.000000
1.09482	.745830	.000000
1.09505	.746039	.000000
1.09529	.746203	.000000
1.09552	.746431	.000000
1.09575	.746615	.000000
1.09598	.746897	.000000
1.09621	.747186	.000000
1.09644	.747119	.000000
1.09668	.747116	.000000
1.09691	.747371	.000000
1.09714	.747768	.000000
1.09737	.748017	.000000
1.0976	.748103	.000000
1.09784	.748185	.000000
1.09807	.748466	.000000
1.0983	.748608	.000000
1.09854	.748895	.000000
1.09877	.749215	.000000
1.099	.749329	.000000
1.09923	.749444	.000000
1.09947	.749612	.000000
1.0997	.749782	.000000
1.09993	.749898	.000000
1.10017	.749985	.000000
1.1004	.750179	.000000
1.10063	.750461	.000000
1.10087	.750571	.000000
1.1011	.750615	.000000
1.10134	.750740	.000000
1.10157	.750915	.000000
1.1018	.751161	.000000
1.10204	.751313	.000000
1.10227	.751553	.000000
1.10251	.751906	.000000
1.10274	.751956	.000000
1.10298	.751857	.000000
1.10321	.752032	.000000
1.10344	.752295	.000000
1.10368	.752484	.000000
1.10391	.752584	.000000
1.10415	.752584	.000000
1.10439	.752879	.000000
1.10462	.753221	.000000
1.10486	.753547	.000000
1.10509	.753696	.000000
1.10533	.753648	.000000
1.10556	.753671	.000000
1.1058	.753854	.000000
1.10603	.754026	.000000
1.10627	.754194	.000000
1.10651	.754423	.000000
1.10674	.754432	.000000
1.10698	.754433	.000000
1.10722	.754582	.000000
1.10745	.754974	.000000
1.10769	.755344	.000000
1.10792	.755453	.000000
1.10816	.755550	.000000
1.1084	.755743	.000000
1.10864	.755924	.000000
1.10887	.756018	.000000
1.10911	.755984	.000000
1.10935	.756011	.000000
1.10958	.756282	.000000
1.10982	.756409	.000000
1.11006	.756540	.000000
1.1103	.756679	.000000
1.11054	.756642	.000000
1.11077	.756900	.000000
1.11101	.757116	.000000
1.11125	.757103	.000000
1.11149	.757150	.000000
1.11173	.757317	.000000
1.11196	.757637	.000000
1.1122	.757805	.000000
1.11244	.757796	.000000
1.11268	.758041	.000000
1.11292	.758237	.000000
1.11316	.758183	.000000
1.1134	.758252	.000000
1.11364	.758536	.000000
1.11388	.758632	.000000
1.11411	.758613	.000000
1.11435	.758684	.000000
1.11459	.758736	.000000
1.11483	.758935	.000000
1.11507	.759082	.000000
1.11531	.759170	.000000
1.11555	.759503	.000000
1.11579	.759824	.000000
1.11603	.759942	.000000
1.11627	.759943	.000000
1.11651	.760092	.000000
1.11675	.760235	.000000
1.11699	.760256	.000000
1.11724	.760367	.000000
1.11748	.760451	.000000
1.11772	.760518	.000000
1.11796	.760745	.000000
1.1182	.760973	.000000
1.11844	.761079	.000000
1.11868	.760878	.000000
1.11892	.760863	.000000
1.11916	.761074	.000000
1.11941	.761268	.000000
1.11965	.761494	.000000
1.11989	.761456	.000000
1.12013	.761504	.000000
1.12037	.761786	.000000
1.12062	.761960	.000000
1.12086	.762070	.000000
1.1211	.762069	.000000
1.12134	.762318	.000000
1.12159	.762591	.000000
1.12183	.762692	.000000
1.12207	.762755	.000000
1.12231	.762690	.000000
1.12256	.762774	.000000
1.1228	.762988	.000000
1.12304	.763088	.000000
1.12329	.763122	.000000
1.12353	.763244	.000000
1.12377	.763432	.000000
1.12402	.763561	.000000
1.12426	.763676	.000000
1.12451	.763834	.000000
1.12475	.763993	.000000
1.12499	.763912	.000000
1.12524	.763889	.000000
1.12548	.764090	.000000
1.12573	.764268	.000000
1.12597	.764316	.000000
1.12621	.764380	.000000
1.12646	.764425	.000000
1.1267	.764383	.000000
1.12695	.764577	.000000
1.12719	.764752	.000000
1.12744	.764924	.000000
1.12768	.765058	.000000
1.12793	.765055	.000000
1.12818	.765210	.000000
1.12842	.765318	.000000
1.12867	.765388	.000000
1.12891	.765467	.000000
1.12916	.765674	.000000
1.1294	.765820	.000000
1.12965	.765894	.000000
1.1299	.765956	.000000
1.13014	.765977	.000000
1.13039	.765954	.000000
1.13064	.766128	.000000
1.13088	.766354	.000000
1.13113	.766421	.000000
1.13138	.766381	.000000
1.13162	.766271	.000000
1.13187	.766455	.000000
1.13212	.766877	.000000
1.13236	.766954	.000000
1.13261	.766932	.000000
1.13286	.767016	.000000
1.13311	.767131	.000000
1.13335	.767160	.000000
1.1336	.767183	.000000
1.13385	.767212	.000000
1.1341	.767242	.000000
1.13435	.767352	.000000
1.13459	.767461	.000000
1.13484	.767641	.000000
1.13509	.767766	.000000
1.13534	.767952	.000000
1.13559	.768027	.000000
1.13584	.768086	.000000
1.13609	.768066	.000000
1.13633	.768178	.000000
1.13658	.768297	.000000
1.13683	.768418	.000000
1.13708	.768459	.000000
1.13733	.768424	.000000
1.13758	.768567	.000000
1.13783	.768632	.000000
1.13808	.768669	.000000
1.13833	.768841	.000000
1.13858	.769042	.000000
1.13883	.769175	.000000
1.13908	.769273	.000000
1.13933	.769268	.000000
1.13958	.769232	.000000
1.13983	.769387	.000000
1.14008	.769583	.000000
1.14033	.769567	.000000
1.14058	.769525	.000000
1.14084	.769565	.000000
1.14109	.769714	.000000
1.14134	.769737	.000000
1.14159	.769726	.000000
1.14184	.769781	.000000
1.14209	.769962	.000000
1.14234	.770062	.000000
1.1426	.770185	.000000
1.14285	.770260	.000000
1.1431	.770285	.000000
1.14335	.770235	.000000
1.1436	.770340	.000000
1.14386	.770563	.000000
1.14411	.770667	.000000
1.14436	.770575	.000000
1.14461	.770610	.000000
1.14487	.770811	.000000
1.14512	.771019	.000000
1.14537	.771112	.000000
1.14562	.771129	.000000
1.14588	.771261	.000000
1.14613	.771372	.000000
1.14638	.771392	.000000
1.14664	.771432	.000000
1.14689	.771585	.000000
1.14715	.771621	.000000
1.1474	.771486	.000000
1.14765	.771613	.000000
1.14791	.771886	.000000
1.14816	.771988	.000000
1.14842	.771972	.000000
1.14867	.771966	.000000
1.14893	.772017	.000000
1.14918	.772074	.000000
1.14943	.772100	.000000
1.14969	.772152	.000000
1.14994	.772218	.000000
1.1502	.772313	.000000
1.15045	.772526	.000000
1.15071	.772723	.000000
1.15097	.772727	.000000
1.15122	.772720	.000000
1.15148	.772874	.000000
1.15173	.772822	.000000
1.15199	.772777	.000000
1.15224	.772935	.000000
1.1525	.773100	.000000
1.15276	.773090	.000000
1.15301	.772958	.000000
1.15327	.773099	.000000
1.15353	.773308	.000000
1.15378	.773415	.000000
1.15404	.773422	.000000
1.1543	.773316	.000000
1.15455	.773345	.000000
1.15481	.773578	.000000
1.15507	.773692	.000000
1.15533	.773708	.000000
1.15558	.773713	.000000
1.15584	.773812	.000000
1.1561	.773968	.000000
1.15636	.774053	.000000
1.15661	.773985	.000000
1.15687	.773934	.000000
1.15713	.774016	.000000
1.15739	.774105	.000000
1.15765	.774237	.000000
1.15791	.774258	.000000
1.15816	.774170	.000000
1.15842	.774274	.000000
1.15868	.774562	.000000
1.15894	.774527	.000000
1.1592	.774504	.000000
1.15946	.774448	.000000
1.15972	.774626	.000000
1.15998	.774872	.000000
1.16024	.774889	.000000
1.1605	.774891	.000000
1.16076	.774919	.000000
1.16102	.775132	.000000
1.16128	.775262	.000000
1.16154	.775318	.000000
1.1618	.775232	.000000
1.16206	.775120	.000000
1.16232	.775107	.000000
1.16258	.775311	.000000
1.16284	.775423	.000000
1.1631	.775463	.000000
1.16336	.775628	.000000
1.16362	.775686	.000000
1.16388	.775510	.000000
1.16415	.775395	.000000
1.16441	.775594	.000000
1.16467	.775770	.000000
1.16493	.775890	.000000
1.16519	.775931	.000000
1.16545	.775971	.000000
1.16572	.776006	.000000
1.16598	.776199	.000000
1.16624	.776343	.000000
1.1665	.776445	.000000
1.16676	.776547	.000000
1.16703	.776532	.000000
1.16729	.776369	.000000
1.16755	.776328	.000000
1.16782	.776395	.000000
1.16808	.776478	.000000
1.16834	.776574	.000000
1.16861	.776639	.000000
1.16887	.776649	.000000
1.16913	.776711	.000000
1.1694	.776671	.000000
1.16966	.776802	.000000
1.16992	.776905	.000000
1.17019	.776962	.000000
1.17045	.777026	.000000
1.17072	.777046	.000000
1.17098	.777148	.000000
1.17125	.777173	.000000
1.17151	.777234	.000000
1.17178	.777381	.000000
1.17204	.777475	.000000
1.1723	.777525	.000000
1.17257	.777574	.000000
1.17284	.777507	.000000
1.1731	.777592	.000000
1.17337	.777632	.000000
1.17363	.777542	.000000
1.1739	.777676	.000000
1.17416	.777788	.000000
1.17443	.777897	.000000
1.1747	.778009	.000000
1.17496	.777992	.000000
1.17523	.777857	.000000
1.17549	.777810	.000000
1.17576	.777875	.000000
1.17603	.777905	.000000
1.17629	.777899	.000000
1.17656	.778068	.000000
1.17683	.778285	.000000
1.1771	.778304	.000000
1.17736	.778424	.000000
1.17763	.778518	.000000
1.1779	.778446	.000000
1.17817	.778436	.000000
1.17843	.778667	.000000
1.1787	.778774	.000000
1.17897	.778697	.000000
1.17924	.778635	.000000
1.17951	.778743	.000000
1.17977	.778872	.000000
1.18004	.779099	.000000
1.18031	.779009	.000000
1.18058	.778858	.000000
1.18085	.778811	.000000
1.18112	.778888	.000000
1.18139	.778979	.000000
1.18166	.779310	.000000
1.18193	.779531	.000000
1.18219	.779341	.000000
1.18246	.779238	.000000
1.18273	.779367	.000000
1.183	.779426	.000000
1.18327	.779573	.000000
1.18354	.779687	.000000
1.18381	.779615	.000000
1.18408	.779774	.000000
1.18436	.779841	.000000
1.18463	.779778	.000000
1.1849	.779753	.000000
1.18517	.779694	.000000
1.18544	.779784	.000000
1.18571	.779888	.000000
1.18598	.779969	.000000
1.18625	.780054	.000000
1.18652	.780103	.000000
1.1868	.780118	.000000
1.18707	.780133	.000000
1.18734	.780260	.000000
1.18761	.780347	.000000
1.18788	.780453	.000000
1.18816	.780493	.000000
1.18843	.780451	.000000
1.1887	.780503	.000000
1.18897	.780409	.000000
1.18925	.780334	.000000
1.18952	.780561	.000000
1.18979	.780736	.000000
1.19006	.780719	.000000
1.19034	.780520	.000000
1.19061	.780432	.000000
1.19088	.780687	.000000
1.19116	.780920	.000000
1.19143	.780980	.000000
1.19171	.781025	.000000
1.19198	.781047	.000000
1.19225	.781067	.000000
1.19253	.781158	.000000
1.1928	.781149	.000000
1.19308	.781220	.000000
1.19335	.781263	.000000
1.19363	.781256	.000000
1.1939	.781387	.000000
1.19418	.781369	.000000
1.19445	.781342	.000000
1.19473	.781434	.000000
1.195	.781573	.000000
1.19528	.781516	.000000
1.19555	.781496	.000000
1.19583	.781506	.000000
1.1961	.781476	.000000
1.19638	.781585	.000000
1.19666	.781712	.000000
1.19693	.781796	.000000
1.19721	.781978	.000000
1.19749	.782024	.000000
1.19776	.781918	.000000
1.19804	.781930	.000000
1.19832	.781975	.000000
1.19859	.782035	.000000
1.19887	.782106	.000000
1.19915	.782089	.000000
1.19942	.782059	.000000
1.1997	.782127	.000000
1.19998	.782166	.000000
1.20026	.782112	.000000
1.20054	.782124	.000000
1.20081	.782263	.000000
1.20109	.782424	.000000
1.20137	.782415	.000000
1.20165	.782384	.000000
1.20193	.782464	.000000
1.20221	.782575	.000000
1.20248	.782615	.000000
1.20276	.782580	.000000
1.20304	.782645	.000000
1.20332	.782717	.000000
1.2036	.782719	.000000
1.20388	.782737	.000000
1.20416	.782817	.000000
1.20444	.782842	.000000
1.20472	.782762	.000000
1.205	.782831	.000000
1.20528	.783050	.000000
1.20556	.783166	.000000
1.20584	.783060	.000000
1.20612	.783099	.000000
1.2064	.783326	.000000
1.20668	.783491	.000000
1.20696	.783352	.000000
1.20724	.783253	.000000
1.20753	.783283	.000000
1.20781	.783290	.000000
1.20809	.783196	.000000
1.20837	.783362	.000000
1.20865	.783615	.000000
1.20893	.783613	.000000
1.20921	.783512	.000000
1.2095	.783506	.000000
1.20978	.783666	.000000
1.21006	.783695	.000000
1.21034	.783722	.000000
1.21063	.783697	.000000
1.21091	.783665	.000000
1.21119	.783764	.000000
1.21148	.783800	.000000
1.21176	.783837	.000000
1.21204	.783965	.000000
1.21233	.783965	.000000
1.21261	.783841	.000000
1.21289	.783961	.000000
1.21318	.784082	.000000
1.21346	.784037	.000000
1.21374	.784222	.000000
1.21403	.784489	.000000
1.21431	.784504	.000000
1.2146	.784331	.000000
1.21488	.784403	.000000
1.21517	.784531	.000000
1.21545	.784403	.000000
1.21574	.784336	.000000
1.21602	.784375	.000000
1.21631	.784410	.000000
1.21659	.784440	.000000
1.21688	.784464	.000000
1.21716	.784504	.000000
1.21745	.784579	.000000
1.21774	.784676	.000000
1.21802	.784683	.000000
1.21831	.784733	.000000
1.21859	.784879	.000000
1.21888	.784985	.000000
1.21917	.785026	.000000
1.21945	.785057	.000000
1.21974	.785102	.000000
1.22003	.785040	.000000
1.22031	.785052	.000000
1.2206	.785052	.000000
1.22089	.785023	.000000
1.22118	.785137	.000000
1.22146	.785167	.000000
1.22175	.785212	.000000
1.22204	.785311	.000000
1.22233	.785380	.000000
1.22262	.785309	.000000
1.2229	.785219	.000000
1.22319	.785231	.000000
1.22348	.785244	.000000
1.22377	.785252	.000000
1.22406	.785286	.000000
1.22435	.785348	.000000
1.22464	.785519	.000000
1.22493	.785649	.000000
1.22522	.785571	.000000
1.22551	.785631	.000000
1.2258	.785651	.000000
1.22609	.785556	.000000
1.22638	.785633	.000000
1.22667	.785738	.000000
1.22696	.785803	.000000
1.22725	.785822	.000000
1.22754	.785765	.000000
1.22783	.785772	.000000
1.22812	.785845	.000000
1.22841	.785989	.000000
1.2287	.786023	.000000
1.22899	.785901	.000000
1.22928	.785989	.000000
1.22958	.786125	.000000
1.22987	.786152	.000000
1.23016	.786143	.000000
1.23045	.786155	.000000
1.23074	.786137	.000000
1.23103	.786145	.000000
1.23133	.786271	.000000
1.23162	.786323	.000000
1.23191	.786304	.000000
1.23221	.786344	.000000
1.2325	.786264	.000000
1.23279	.786304	.000000
1.23308	.786375	.000000
1.23338	.786308	.000000
1.23367	.786256	.000000
1.23396	.786375	.000000
1.23426	.786430	.000000
1.23455	.786530	.000000
1.23485	.786654	.000000
1.23514	.786641	.000000
1.23543	.786602	.000000
1.23573	.786525	.000000
1.23602	.786465	.000000
1.23632	.786617	.000000
1.23661	.786699	.000000
1.23691	.786653	.000000
1.2372	.786708	.000000
1.2375	.786808	.000000
1.23779	.786823	.000000
1.23809	.786792	.000000
1.23839	.786849	.000000
1.23868	.786842	.000000
1.23898	.786783	.000000
1.23927	.786782	.000000
1.23957	.786885	.000000
1.23987	.787028	.000000
1.24016	.787044	.000000
1.24046	.787127	.000000
1.24076	.787157	.000000
1.24105	.787110	.000000
1.24135	.787190	.000000
1.24165	.787200	.000000
1.24195	.787235	.000000
1.24224	.787197	.000000
1.24254	.787117	.000000
1.24284	.787252	.000000
1.24314	.787376	.000000
1.24343	.787329	.000000
1.24373	.787356	.000000
1.24403	.787438	.000000
1.24433	.787456	.000000
1.24463	.787391	.000000
1.24493	.787369	.000000
1.24523	.787336	.000000
1.24553	.787518	.000000
1.24582	.787661	.000000
1.24612	.787572	.000000
1.24642	.787634	.000000
1.24672	.787738	.000000
1.24702	.787646	.000000
1.24732	.787544	.000000
1.24762	.787510	.000000
1.24792	.787549	.000000
1.24822	.787560	.000000
1.24852	.787619	.000000
1.24883	.787718	.000000
1.24913	.787783	.000000
1.24943	.787855	.000000
1.24973	.787832	.000000
1.25003	.787716	.000000
1.25033	.787671	.000000
1.25063	.787853	.000000
1.25093	.787977	.000000
1.25124	.787976	.000000
1.25154	.787961	.000000
1.25184	.787986	.000000
1.25214	.788108	.000000
1.25245	.788071	.000000
1.25275	.787979	.000000
1.25305	.787989	.000000
1.25335	.788048	.000000
1.25366	.788153	.000000
1.25396	.788153	.000000
1.25426	.788031	.000000
1.25457	.787989	.000000
1.25487	.788175	.000000
1.25517	.788224	.000000
1.25548	.788188	.000000
1.25578	.788059	.000000
1.25609	.788085	.000000
1.25639	.788227	.000000
1.2567	.788255	.000000
1.257	.788217	.000000
1.25731	.788280	.000000
1.25761	.788265	.000000
1.25792	.788195	.000000
1.25822	.788267	.000000
1.25853	.788342	.000000
1.25883	.788317	.000000
1.25914	.788311	.000000
1.25944	.788428	.000000
1.25975	.788451	.000000
1.26005	.788399	.000000
1.26036	.788428	.000000
1.26067	.788545	.000000
1.26097	.788605	.000000
1.26128	.788508	.000000
1.26159	.788555	.000000
1.2619	.788553	.000000
1.2622	.788548	.000000
1.26251	.788590	.000000
1.26282	.788558	.000000
1.26312	.788565	.000000
1.26343	.788691	.000000
1.26374	.788783	.000000
1.26405	.788684	.000000
1.26436	.788607	.000000
1.26467	.788733	.000000
1.26497	.788731	.000000
1.26528	.788671	.000000
1.26559	.788733	.000000
1.2659	.788763	.000000
1.26621	.788729	.000000
1.26652	.788775	.000000
1.26683	.788795	.000000
1.26714	.788872	.000000
1.26745	.788825	.000000
1.26776	.788775	.000000
1.26807	.788816	.000000
1.26838	.788909	.000000
1.26869	.788935	.000000
1.269	.788810	.000000
1.26931	.788775	.000000
1.26962	.788860	.000000
1.26993	.788912	.000000
1.27024	.788909	.000000
1.27055	.788905	.000000
1.27086	.788945	.000000
1.27118	.788888	.000000
1.27149	.788830	.000000
1.2718	.788852	.000000
1.27211	.788955	.000000
1.27242	.788957	.000000
1.27274	.788965	.000000
1.27305	.788989	.000000
1.27336	.788997	.000000
1.27367	.789044	.000000
1.27399	.789029	.000000
1.2743	.788970	.000000
1.27461	.788997	.000000
1.27493	.789106	.000000
1.27524	.789074	.000000
1.27555	.788895	.000000
1.27587	.788852	.000000
1.27618	.788972	.000000
1.2765	.789130	.000000
1.27681	.789123	.000000
1.27713	.788984	.000000
1.27744	.788932	.000000
1.27776	.788981	.000000
1.27807	.789006	.000000
1.27839	.789022	.000000
1.2787	.788967	.000000
1.27902	.788919	.000000
1.27933	.788917	.000000
1.27965	.789004	.000000
1.27996	.789150	.000000
1.28028	.789031	.000000
1.2806	.788873	.000000
1.28091	.788880	.000000
1.28123	.788947	.000000
1.28155	.788972	.000000
1.28186	.789026	.000000
1.28218	.789009	.000000
1.2825	.788965	.000000
1.28281	.788977	.000000
1.28313	.788991	.000000
1.28345	.788987	.000000
1.28377	.788972	.000000
1.28408	.789011	.000000
1.2844	.788914	.000000
1.28472	.788713	.000000
1.28504	.788798	.000000
1.28536	.788905	.000000
1.28568	.788924	.000000
1.286	.788862	.000000
1.28631	.788932	.000000
1.28663	.788986	.000000
1.28695	.788962	.000000
1.28727	.788909	.000000
1.28759	.788954	.000000
1.28791	.788964	.000000
1.28823	.789004	.000000
1.28855	.788994	.000000
1.28887	.788984	.000000
1.28919	.788947	.000000
1.28951	.788867	.000000
1.28983	.788823	.000000
1.29016	.788778	.000000
1.29048	.788821	.000000
1.2908	.788880	.000000
1.29112	.788947	.000000
1.29144	.788981	.000000
1.29176	.788853	.000000
1.29208	.788744	.000000
1.29241	.788775	.000000
1.29273	.788892	.000000
1.29305	.788898	.000000
1.29337	.788764	.000000
1.2937	.788701	.000000
1.29402	.788694	.000000
1.29434	.788622	.000000
1.29467	.788564	.000000
1.29499	.788552	.000000
1.29531	.788624	.000000
1.29564	.788681	.000000
1.29596	.788636	.000000
1.29628	.788589	.000000
1.29661	.788527	.000000
1.29693	.788564	.000000
1.29726	.788517	.000000
1.29758	.788440	.000000
1.29791	.788502	.000000
1.29823	.788520	.000000
1.29856	.788560	.000000
1.29888	.788497	.000000
1.29921	.788441	.000000
1.29953	.788492	.000000
1.29986	.788465	.000000
1.30018	.788430	.000000
1.30051	.788399	.000000
1.30084	.788384	.000000
1.30116	.788384	.000000
1.30149	.788374	.000000
1.30182	.788282	.000000
1.30214	.788207	.000000
1.30247	.788247	.000000
1.3028	.788314	.000000
1.30313	.788267	.000000
1.30345	.788212	.000000
1.30378	.788237	.000000
1.30411	.788262	.000000
1.30444	.788269	.000000
1.30477	.788217	.000000
1.30509	.788175	.000000
1.30542	.788213	.000000
1.30575	.788230	.000000
1.30608	.788203	.000000
1.30641	.788086	.000000
1.30674	.787986	.000000
1.30707	.787999	.000000
1.3074	.787932	.000000
1.30773	.787900	.000000
1.30806	.787922	.000000
1.30839	.787935	.000000
1.30872	.787946	.000000
1.30905	.787924	.000000
1.30938	.787882	.000000
1.30971	.787915	.000000
1.31004	.787879	.000000
1.31037	.787691	.000000
1.3107	.787572	.000000
1.31103	.787629	.000000
1.31137	.787617	.000000
1.3117	.787622	.000000
1.31203	.787644	.000000
1.31236	.787575	.000000
1.31269	.787542	.000000
1.31303	.787599	.000000
1.31336	.787602	.000000
1.31369	.787520	.000000
1.31402	.787428	.000000
1.31436	.787363	.000000
1.31469	.787403	.000000
1.31502	.787395	.000000
1.31536	.787443	.000000
1.31569	.787488	.000000
1.31603	.787354	.000000
1.31636	.787244	.000000
1.31669	.787192	.000000
1.31703	.787123	.000000
1.31736	.787100	.000000
1.3177	.787041	.000000
1.31803	.786966	.000000
1.31837	.786981	.000000
1.3187	.787095	.000000
1.31904	.787033	.000000
1.31937	.786892	.000000
1.31971	.786860	.000000
1.32005	.786895	.000000
1.32038	.786792	.000000
1.32072	.786701	.000000
1.32106	.786629	.000000
1.32139	.786621	.000000
1.32173	.786641	.000000
1.32207	.786532	.000000
1.3224	.786472	.000000
1.32274	.786488	.000000
1.32308	.786432	.000000
1.32342	.786393	.000000
1.32375	.786378	.000000
1.32409	.786287	.000000
1.32443	.786259	.000000
1.32477	.786261	.000000
1.32511	.786195	.000000
1.32545	.786113	.000000
1.32578	.786088	.000000
1.32612	.786011	.000000
1.32646	.785953	.000000
1.3268	.785924	.000000
1.32714	.785983	.000000
1.32748	.785948	.000000
1.32782	.785752	.000000
1.32816	.785633	.000000
1.3285	.785691	.000000
1.32884	.785745	.000000
1.32918	.785633	.000000
1.32952	.785576	.000000
1.32986	.785562	.000000
1.33021	.785497	.000000
1.33055	.785371	.000000
1.33089	.785370	.000000
1.33123	.785385	.000000
1.33157	.785353	.000000
1.33191	.785222	.000000
1.33226	.785152	.000000
1.3326	.785060	.000000
1.33294	.784946	.000000
1.33328	.784951	.000000
1.33363	.784951	.000000
1.33397	.784938	.000000
1.33431	.784772	.000000
1.33466	.784675	.000000
1.335	.784616	.000000
1.33535	.784579	.000000
1.33569	.784567	.000000
1.33603	.784512	.000000
1.33638	.784495	.000000
1.33672	.784437	.000000
1.33707	.784375	.000000
1.33741	.784301	.000000
1.33776	.784194	.000000
1.3381	.784182	.000000
1.33845	.784219	.000000
1.33879	.784117	.000000
1.33914	.783980	.000000
1.33948	.783799	.000000
1.33983	.783683	.000000
1.34018	.783660	.000000
1.34052	.783638	.000000
1.34087	.783623	.000000
1.34122	.783504	.000000
1.34156	.783385	.000000
1.34191	.783392	.000000
1.34226	.783388	.000000
1.34261	.783355	.000000
1.34295	.783318	.000000
1.3433	.783182	.000000
1.34365	.783079	.000000
1.344	.783075	.000000
1.34435	.782965	.000000
1.3447	.782816	.000000
1.34504	.782792	.000000
1.34539	.782816	.000000
1.34574	.782715	.000000
1.34609	.782687	.000000
1.34644	.782601	.000000
1.34679	.782467	.000000
1.34714	.782266	.000000
1.34749	.782163	.000000
1.34784	.782263	.000000
1.34819	.782295	.000000
1.34854	.782168	.000000
1.34889	.782106	.000000
1.34925	.782079	.000000
1.3496	.782018	.000000
1.34995	.781972	.000000
1.3503	.781883	.000000
1.35065	.781729	.000000
1.351	.781588	.000000
1.35135	.781551	.000000
1.35171	.781476	.000000
1.35206	.781359	.000000
1.35241	.781278	.000000
1.35277	.781183	.000000
1.35312	.781143	.000000
1.35347	.781171	.000000
1.35383	.781149	.000000
1.35418	.780950	.000000
1.35453	.780799	.000000
1.35489	.780828	.000000
1.35524	.780702	.000000
1.35559	.780496	.000000
1.35595	.780441	.000000
1.3563	.780364	.000000
1.35666	.780252	.000000
1.35701	.780143	.000000
1.35737	.780106	.000000
1.35772	.780041	.000000
1.35808	.779908	.000000
1.35844	.779833	.000000
1.35879	.779741	.000000
1.35915	.779649	.000000
1.3595	.779655	.000000
1.35986	.779644	.000000
1.36022	.779531	.000000
1.36057	.779342	.000000
1.36093	.779203	.000000
1.36129	.779128	.000000
1.36165	.778950	.000000
1.362	.778863	.000000
1.36236	.778763	.000000
1.36272	.778714	.000000
1.36308	.778733	.000000
1.36344	.778657	.000000
1.3638	.778491	.000000
1.36415	.778346	.000000
1.36451	.778270	.000000
1.36487	.778205	.000000
1.36523	.778173	.000000
1.36559	.778002	.000000
1.36595	.777870	.000000
1.36631	.777738	.000000
1.36667	.777671	.000000
1.36703	.777559	.000000
1.36739	.777411	.000000
1.36775	.777348	.000000
1.36811	.777284	.000000
1.36848	.777158	.000000
1.36884	.777083	.000000
1.3692	.776966	.000000
1.36956	.776750	.000000
1.36992	.776555	.000000
1.37028	.776505	.000000
1.37065	.776448	.000000
1.37101	.776272	.000000
1.37137	.776137	.000000
1.37173	.776021	.000000
1.3721	.775919	.000000
1.37246	.775751	.000000
1.37282	.775599	.000000
1.37319	.775584	.000000
1.37355	.775509	.000000
1.37391	.775443	.000000
1.37428	.775385	.000000
1.37464	.775262	.000000
1.37501	.775108	.000000
1.37537	.774963	.000000
1.37574	.774824	.000000
1.3761	.774752	.000000
1.37647	.774703	.000000
1.37683	.774532	.000000
1.3772	.774423	.000000
1.37757	.774311	.000000
1.37793	.774207	.000000
1.3783	.773993	.000000
1.37866	.773822	.000000
1.37903	.773810	.000000
1.3794	.773750	.000000
1.37976	.773670	.000000
1.38013	.773492	.000000
1.3805	.773353	.000000
1.38087	.773263	.000000
1.38124	.773144	.000000
1.3816	.773047	.000000
1.38197	.772945	.000000
1.38234	.772678	.000000
1.38271	.772499	.000000
1.38308	.772489	.000000
1.38345	.772338	.000000
1.38382	.772213	.000000
1.38419	.772214	.000000
1.38455	.772045	.000000
1.38492	.771802	.000000
1.38529	.771722	.000000
1.38566	.771670	.000000
1.38604	.771533	.000000
1.38641	.771402	.000000
1.38678	.771261	.000000
1.38715	.771186	.000000
1.38752	.771129	.000000
1.38789	.770973	.000000
1.38826	.770818	.000000
1.38863	.770687	.000000
1.38901	.770625	.000000
1.38938	.770498	.000000
1.38975	.770396	.000000
1.39012	.770171	.000000
1.3905	.770072	.000000
1.39087	.769997	.000000
1.39124	.769788	.000000
1.39162	.769553	.000000
1.39199	.769382	.000000
1.39236	.769255	.000000
1.39274	.769168	.000000
1.39311	.769101	.000000
1.39349	.769041	.000000
1.39386	.768887	.000000
1.39423	.768644	.000000
1.39461	.768413	.000000
1.39499	.768289	.000000
1.39536	.768217	.000000
1.39574	.768099	.000000
1.39611	.767920	.000000
1.39649	.767771	.000000
1.39686	.767687	.000000
1.39724	.767557	.000000
1.39762	.767443	.000000
1.39799	.767292	.000000
1.39837	.767192	.000000
1.39875	.767034	.000000
1.39913	.766877	.000000
1.3995	.766740	.000000
1.39988	.766626	.000000
1.40026	.766448	.000000
1.40064	.766264	.000000
1.40102	.766158	.000000
1.4014	.766070	.000000
1.40177	.765972	.000000
1.40215	.765743	.000000
1.40253	.765542	.000000
1.40291	.765396	.000000
1.40329	.765276	.000000
1.40367	.765202	.000000
1.40405	.765050	.000000
1.40443	.764865	.000000
1.40481	.764711	.000000
1.40519	.764594	.000000
1.40557	.764430	.000000
1.40596	.764221	.000000
1.40634	.764051	.000000
1.40672	.763934	.000000
1.4071	.763812	.000000
1.40748	.763639	.000000
1.40786	.763521	.000000
1.40825	.763372	.000000
1.40863	.763194	.000000
1.40901	.763016	.000000
1.40939	.762789	.000000
1.40978	.762660	.000000
1.41016	.762559	.000000
1.41055	.762393	.000000
1.41093	.762216	.000000
1.41131	.762087	.000000
1.4117	.761975	.000000
1.41208	.761739	.000000
1.41247	.761588	.000000
1.41285	.761387	.000000
1.41324	.761171	.000000
1.41362	.761079	.000000
1.41401	.760995	.000000
1.41439	.760794	.000000
1.41478	.760575	.000000
1.41517	.760483	.000000
1.41555	.760390	.000000
1.41594	.760196	.000000
1.41632	.760022	.000000
1.41671	.759826	.000000
1.4171	.759618	.000000
1.41749	.759461	.000000
1.41787	.759314	.000000
1.41826	.759173	.000000
1.41865	.758997	.000000
1.41904	.758798	.000000
1.41943	.758702	.000000
1.41982	.758528	.000000
1.4202	.758366	.000000
1.42059	.758173	.000000
1.42098	.757965	.000000
1.42137	.757748	.000000
1.42176	.757599	.000000
1.42215	.757493	.000000
1.42254	.757346	.000000
1.42293	.757128	.000000
1.42332	.756912	.000000
1.42371	.756714	.000000
1.42411	.756574	.000000
1.4245	.756391	.000000
1.42489	.756198	.000000
1.42528	.755997	.000000
1.42567	.755791	.000000
1.42606	.755656	.000000
1.42646	.755535	.000000
1.42685	.755364	.000000
1.42724	.755209	.000000
1.42763	.755115	.000000
1.42803	.754922	.000000
1.42842	.754654	.000000
1.42881	.754482	.000000
1.42921	.754264	.000000
1.4296	.754033	.000000
1.43	.753865	.000000
1.43039	.753698	.000000
1.43079	.753480	.000000
1.43118	.753274	.000000
1.43158	.753093	.000000
1.43197	.752871	.000000
1.43237	.752670	.000000
1.43276	.752517	.000000
1.43316	.752305	.000000
1.43356	.752107	.000000
1.43395	.751938	.000000
1.43435	.751802	.000000
1.43475	.751715	.000000
1.43514	.751516	.000000
1.43554	.751273	.000000
1.43594	.751100	.000000
1.43634	.750985	.000000
1.43673	.750817	.000000
1.43713	.750625	.000000
1.43753	.750419	.000000
1.43793	.750220	.000000
1.43833	.749993	.000000
1.43873	.749782	.000000
1.43913	.749585	.000000
1.43953	.749360	.000000
1.43993	.749151	.000000
1.44033	.749000	.000000
1.44073	.748863	.000000
1.44113	.748670	.000000
1.44153	.748391	.000000
1.44193	.748124	.000000
1.44233	.747940	.000000
1.44273	.747722	.000000
1.44313	.747511	.000000
1.44353	.747346	.000000
1.44394	.747125	.000000
1.44434	.746942	.000000
1.44474	.746748	.000000
1.44514	.746555	.000000
1.44555	.746356	.000000
1.44595	.746183	.000000
1.44635	.745984	.000000
1.44676	.745815	.000000
1.44716	.745621	.000000
1.44756	.745436	.000000
1.44797	.745081	.000000
1.44837	.744822	.000000
1.44878	.744708	.000000
1.44918	.744537	.000000
1.44959	.744343	.000000
1.44999	.744190	.000000
1.4504	.743931	.000000
1.4508	.743686	.000000
1.45121	.743549	.000000
1.45162	.743328	.000000
1.45202	.742973	.000000
1.45243	.742725	.000000
1.45284	.742567	.000000
1.45324	.742438	.000000
1.45365	.742283	.000000
1.45406	.742021	.000000
1.45447	.741784	.000000
1.45488	.741620	.000000
1.45528	.741454	.000000
1.45569	.741208	.000000
1.4561	.740930	.000000
1.45651	.740643	.000000
1.45692	.740392	.000000
1.45733	.740303	.000000
1.45774	.740085	.000000
1.45815	.739750	.000000
1.45856	.739528	.000000
1.45897	.739332	.000000
1.45938	.739158	.000000
1.45979	.738992	.000000
1.4602	.738754	.000000
1.46061	.738484	.000000
1.46102	.738252	.000000
1.46144	.738025	.000000
1.46185	.737888	.000000
1.46226	.737664	.000000
1.46267	.737401	.000000
1.46309	.737124	.000000
1.4635	.736843	.000000
1.46391	.736679	.000000
1.46433	.736557	.000000
1.46474	.736357	.000000
1.46515	.736027	.000000
1.46557	.735724	.000000
1.46598	.735545	.000000
1.4664	.735379	.000000
1.46681	.735121	.000000
1.46723	.734852	.000000
1.46764	.734652	.000000
1.46806	.734492	.000000
1.46847	.734225	.000000
1.46889	.733978	.000000
1.46931	.733715	.000000
1.46972	.733475	.000000
1.47014	.733308	.000000
1.47056	.733117	.000000
1.47097	.732842	.000000
1.47139	.732566	.000000
1.47181	.732338	.000000
1.47223	.732144	.000000
1.47264	.731921	.000000
1.47306	.731720	.000000
1.47348	.731551	.000000
1.4739	.731296	.000000
1.47432	.731082	.000000
1.47474	.730809	.000000
1.47516	.730489	.000000
1.47558	.730226	.000000
1.476	.729998	.000000
1.47642	.729770	.000000
1.47684	.729496	.000000
1.47726	.729283	.000000
1.47768	.729091	.000000
1.4781	.728813	.000000
1.47852	.728555	.000000
1.47894	.728365	.000000
1.47937	.728117	.000000
1.47979	.727918	.000000
1.48021	.727689	.000000
1.48063	.727443	.000000
1.48106	.727151	.000000
1.48148	.726918	.000000
1.4819	.726686	.000000
1.48233	.726379	.000000
1.48275	.726156	.000000
1.48318	.725939	.000000
1.4836	.725639	.000000
1.48402	.725324	.000000
1.48445	.725081	.000000
1.48487	.724934	.000000
1.4853	.724671	.000000
1.48573	.724371	.000000
1.48615	.724185	.000000
1.48658	.723931	.000000
1.487	.723606	.000000
1.48743	.723349	.000000
1.48786	.723123	.000000
1.48828	.722921	.000000
1.48871	.722698	.000000
1.48914	.722412	.000000
1.48957	.722155	.000000
1.49	.721861	.000000
1.49042	.721571	.000000
1.49085	.721378	.000000
1.49128	.721214	.000000
1.49171	.720959	.000000
1.49214	.720586	.000000
1.49257	.720269	.000000
1.493	.720008	.000000
1.49343	.719749	.000000
1.49386	.719531	.000000
1.49429	.719342	.000000
1.49472	.719069	.000000
1.49515	.718791	.000000
1.49558	.718526	.000000
1.49601	.718250	.000000
1.49645	.718039	.000000
1.49688	.717754	.000000
1.49731	.717476	.000000
1.49774	.717253	.000000
1.49818	.717019	.000000
1.49861	.716756	.000000
1.49904	.716495	.000000
1.49948	.716252	.000000
1.49991	.715945	.000000
1.50034	.715585	.000000
1.50078	.715300	.000000
1.50121	.715063	.000000
1.50165	.714865	.000000
1.50208	.714625	.000000
1.50252	.714341	.000000
1.50295	.714061	.000000
1.50339	.713773	.000000
1.50382	.713532	.000000
1.50426	.713289	.000000
1.5047	.713055	.000000
1.50513	.712787	.000000
1.50557	.712502	.000000
1.50601	.712217	.000000
1.50645	.711956	.000000
1.50688	.711688	.000000
1.50732	.711418	.000000
1.50776	.711122	.000000
1.5082	.710824	.000000
1.50864	.710539	.000000
1.50908	.710263	.000000
1.50952	.710015	.000000
1.50996	.709769	.000000
1.5104	.709489	.000000
1.51084	.709198	.000000
1.51128	.708990	.000000
1.51172	.708693	.000000
1.51216	.708338	.000000
1.5126	.708035	.000000
1.51304	.707787	.000000
1.51348	.707540	.000000
1.51392	.707277	.000000
1.51437	.707057	.000000
1.51481	.706769	.000000
1.51525	.706521	.000000
1.51569	.706226	.000000
1.51614	.705907	.000000
1.51658	.705644	.000000
1.51702	.705369	.000000
1.51747	.705098	.000000
1.51791	.704830	.000000
1.51836	.704572	.000000
1.5188	.704292	.000000
1.51925	.703977	.000000
1.51969	.703694	.000000
1.52014	.703451	.000000
1.52058	.703095	.000000
1.52103	.702750	.000000
1.52148	.702540	.000000
1.52192	.702291	.000000
1.52237	.701957	.000000
1.52282	.701673	.000000
1.52326	.701345	.000000
1.52371	.701060	.000000
1.52416	.700837	.000000
1.52461	.700567	.000000
1.52506	.700278	.000000
1.52551	.699938	.000000
1.52595	.699675	.000000
1.5264	.699440	.000000
1.52685	.699211	.000000
1.5273	.698938	.000000
1.52775	.698559	.000000
1.5282	.698188	.000000
1.52865	.697936	.000000
1.5291	.697667	.000000
1.52956	.697390	.000000
1.53001	.697114	.000000
1.53046	.696803	.000000
1.53091	.696538	.000000
1.53136	.696290	.000000
1.53182	.695999	.000000
1.53227	.695716	.000000
1.53272	.695401	.000000
1.53317	.695061	.000000
1.53363	.694739	.000000
1.53408	.694444	.000000
1.53454	.694193	.000000
1.53499	.693908	.000000
1.53544	.693636	.000000
1.5359	.693366	.000000
1.53635	.693029	.000000
1.53681	.692719	.000000
1.53727	.692415	.000000
1.53772	.692120	.000000
1.53818	.691768	.000000
1.53863	.691490	.000000
1.53909	.691313	.000000
1.53955	.690994	.000000
1.54	.690648	.000000
1.54046	.690380	.000000
1.54092	.690102	.000000
1.54138	.689795	.000000
1.54184	.689452	.000000
1.5423	.689088	.000000
1.54275	.688802	.000000
1.54321	.688529	.000000
1.54367	.688259	.000000
1.54413	.687925	.000000
1.54459	.687655	.000000
1.54505	.687384	.000000
1.54551	.687045	.000000
1.54597	.686725	.000000
1.54644	.686409	.000000
1.5469	.686146	.000000
1.54736	.685878	.000000
1.54782	.685563	.000000
1.54828	.685237	.000000
1.54875	.684964	.000000
1.54921	.684665	.000000
1.54967	.684367	.000000
1.55013	.684059	.000000
1.5506	.683746	.000000
1.55106	.683465	.000000
1.55153	.683170	.000000
1.55199	.682893	.000000
1.55245	.682614	.000000
1.55292	.682314	.000000
1.55339	.681987	.000000
1.55385	.681659	.000000
1.55432	.681336	.000000
1.55478	.681073	.000000
1.55525	.680807	.000000
1.55572	.680514	.000000
1.55618	.680200	.000000
1.55665	.679876	.000000
1.55712	.679552	.000000
1.55759	.679246	.000000
1.55805	.678961	.000000
1.55852	.678635	.000000
1.55899	.678290	.000000
1.55946	.677978	.000000
1.55993	.677734	.000000
1.5604	.677434	.000000
1.56087	.677067	.000000
1.56134	.676784	.000000
1.56181	.676513	.000000
1.56228	.676174	.000000
1.56275	.675888	.000000
1.56322	.675595	.000000
1.56369	.675307	.000000
1.56416	.674970	.000000
1.56464	.674642	.000000
1.56511	.674355	.000000
1.56558	.674021	.000000
1.56605	.673761	.000000
1.56653	.673480	.000000
1.567	.673131	.000000
1.56747	.672800	.000000
1.56795	.672532	.000000
1.56842	.672242	.000000
1.5689	.671945	.000000
1.56937	.671592	.000000
1.56985	.671276	.000000
1.57032	.670956	.000000
1.5708	.670632	.000000
1.57127	.670309	.000000
1.57175	.669998	.000000
1.57223	.669723	.000000
1.5727	.669413	.000000
1.57318	.669051	.000000
1.57366	.668703	.000000
1.57414	.668433	.000000
1.57461	.668100	.000000
1.57509	.667765	.000000
1.57557	.667499	.000000
1.57605	.667208	.000000
1.57653	.666874	.000000
1.57701	.666563	.000000
1.57749	.666325	.000000
1.57797	.666050	.000000
1.57845	.665690	.000000
1.57893	.665317	.000000
1.57941	.664955	.000000
1.57989	.664633	.000000
1.58037	.664359	.000000
1.58086	.664076	.000000
1.58134	.663768	.000000
1.58182	.663416	.000000
1.5823	.663096	.000000
1.58279	.662786	.000000
1.58327	.662419	.000000
1.58375	.662180	.000000
1.58424	.661932	.000000
1.58472	.661525	.000000
1.58521	.661135	.000000
1.58569	.660927	.000000
1.58618	.660698	.000000
1.58666	.660416	.000000
1.58715	.660073	.000000
1.58763	.659668	.000000
1.58812	.659344	.000000
1.58861	.659018	.000000
1.58909	.658666	.000000
1.58958	.658392	.000000
1.59007	.658090	.000000
1.59055	.657800	.000000
1.59104	.657455	.000000
1.59153	.657099	.000000
1.59202	.656859	.000000
1.59251	.656584	.000000
1.593	.656256	.000000
1.59349	.655935	.000000
1.59398	.655590	.000000
1.59447	.655280	.000000
1.59496	.654962	.000000
1.59545	.654632	.000000
1.59594	.654334	.000000
1.59643	.653995	.000000
1.59692	.653632	.000000
1.59742	.653330	.000000
1.59791	.653094	.000000
1.5984	.652778	.000000
1.59889	.652389	.000000
1.59939	.652061	.000000
1.59988	.651773	.000000
1.60037	.651476	.000000
1.60087	.651195	.000000
1.60136	.650837	.000000
1.60186	.650483	.000000
1.60235	.650182	.000000
1.60285	.649874	.000000
1.60334	.649622	.000000
1.60384	.649354	.000000
1.60434	.649051	.000000
1.60483	.648728	.000000
1.60533	.648324	.000000
1.60583	.647976	.000000
1.60632	.647701	.000000
1.60682	.647435	.000000
1.60732	.647159	.000000
1.60782	.646814	.000000
1.60832	.646460	.000000
1.60882	.646161	.000000
1.60932	.645856	.000000
1.60981	.645511	.000000
1.61031	.645198	.000000
1.61082	.644873	.000000
1.61132	.644516	.000000
1.61182	.644220	.000000
1.61232	.643977	.000000
1.61282	.643679	.000000
1.61332	.643349	.000000
1.61382	.642989	.000000
1.61433	.642709	.000000
1.61483	.642443	.000000
1.61533	.642139	.000000
1.61584	.641768	.000000
1.61634	.641428	.000000
1.61684	.641198	.000000
1.61735	.640868	.000000
1.61785	.640533	.000000
1.61836	.640269	.000000
1.61886	.639935	.000000
1.61937	.639589	.000000
1.61987	.639281	.000000
1.62038	.638991	.000000
1.62089	.638669	.000000
1.62139	.638370	.000000
1.6219	.638046	.000000
1.62241	.637733	.000000
1.62292	.637423	.000000
1.62342	.637078	.000000
1.62393	.636777	.000000
1.62444	.636495	.000000
1.62495	.636179	.000000
1.62546	.635842	.000000
1.62597	.635566	.000000
1.62648	.635234	.000000
1.62699	.634879	.000000
1.6275	.634621	.000000
1.62801	.634327	.000000
1.62852	.634020	.000000
1.62904	.633709	.000000
1.62955	.633340	.000000
1.63006	.633034	.000000
1.63057	.632724	.000000
1.63109	.632449	.000000
1.6316	.632111	.000000
1.63211	.631789	.000000
1.63263	.631488	.000000
1.63314	.631210	.000000
1.63365	.630915	.000000
1.63417	.630545	.000000
1.63468	.630183	.000000
1.6352	.629907	.000000
1.63572	.629604	.000000
1.63623	.629259	.000000
1.63675	.628946	.000000
1.63727	.628681	.000000
1.63778	.628431	.000000
1.6383	.628172	.000000
1.63882	.627882	.000000
1.63934	.627529	.000000
1.63985	.627192	.000000
1.64037	.626887	.000000
1.64089	.626557	.000000
1.64141	.626249	.000000
1.64193	.625904	.000000
1.64245	.625576	.000000
1.64297	.625336	.000000
1.64349	.625035	.000000
1.64401	.624764	.000000
1.64454	.624499	.000000
1.64506	.624198	.000000
1.64558	.623881	.000000
1.6461	.623581	.000000
1.64663	.623203	.000000
1.64715	.622846	.000000
1.64767	.622588	.000000
1.6482	.622352	.000000
1.64872	.622052	.000000
1.64924	.621721	.000000
1.64977	.621429	.000000
1.65029	.621166	.000000
1.65082	.620820	.000000
1.65135	.620493	.000000
1.65187	.620203	.000000
1.6524	.619925	.000000
1.65292	.619672	.000000
1.65345	.619366	.000000
1.65398	.619059	.000000
1.65451	.618773	.000000
1.65504	.618443	.000000
1.65556	.618098	.000000
1.65609	.617813	.000000
1.65662	.617581	.000000
1.65715	.617336	.000000
1.65768	.617060	.000000
1.65821	.616763	.000000
1.65874	.616445	.000000
1.65927	.616103	.000000
1.6598	.615834	.000000
1.66034	.615576	.000000
1.66087	.615268	.000000
1.6614	.614914	.000000
1.66193	.614541	.000000
1.66246	.614259	.000000
1.663	.614030	.000000
1.66353	.613742	.000000
1.66407	.613399	.000000
1.6646	.613122	.000000
1.66513	.612861	.000000
1.66567	.612593	.000000
1.6662	.612340	.000000
1.66674	.612069	.000000
1.66728	.611741	.000000
1.66781	.611436	.000000
1.66835	.611151	.000000
1.66889	.610868	.000000
1.66942	.610575	.000000
1.66996	.610285	.000000
1.6705	.610026	.000000
1.67104	.609734	.000000
1.67158	.609424	.000000
1.67212	.609180	.000000
1.67265	.608930	.000000
1.67319	.608654	.000000
1.67373	.608289	.000000
1.67428	.607894	.000000
1.67482	.607596	.000000
1.67536	.607371	.000000
1.6759	.607132	.000000
1.67644	.606875	.000000
1.67698	.606607	.000000
1.67753	.606339	.000000
1.67807	.606071	.000000
1.67861	.605800	.000000
1.67916	.605522	.000000
1.6797	.605227	.000000
1.68024	.604906	.000000
1.68079	.604641	.000000
1.68133	.604368	.000000
1.68188	.604027	.000000
1.68242	.603710	.000000
1.68297	.603529	.000000
1.68352	.603335	.000000
1.68406	.603037	.000000
1.68461	.602680	.000000
1.68516	.602400	.000000
1.68571	.602181	.000000
1.68625	.601916	.000000
1.6868	.601662	.000000
1.68735	.601382	.000000
1.6879	.601101	.000000
1.68845	.600871	.000000
1.689	.600556	.000000
1.68955	.600211	.000000
1.6901	.599918	.000000
1.69065	.599681	.000000
1.6912	.599426	.000000
1.69176	.599113	.000000
1.69231	.598863	.000000
1.69286	.598649	.000000
1.69341	.598416	.000000
1.69397	.598148	.000000
1.69452	.597862	.000000
1.69508	.597550	.000000
1.69563	.597312	.000000
1.69618	.597056	.000000
1.69674	.596773	.000000
1.69729	.596534	.000000
1.69785	.596282	.000000
1.69841	.595999	.000000
1.69896	.595726	.000000
1.69952	.595497	.000000
1.70008	.595237	.000000
1.70064	.594966	.000000
1.70119	.594701	.000000
1.70175	.594410	.000000
1.70231	.594115	.000000
1.70287	.593859	.000000
1.70343	.593648	.000000
1.70399	.593430	.000000
1.70455	.593164	.000000
1.70511	.592921	.000000
1.70567	.592652	.000000
1.70623	.592382	.000000
1.70679	.592166	.000000
1.70736	.591938	.000000
1.70792	.591662	.000000
1.70848	.591325	.000000
1.70904	.591037	.000000
1.70961	.590841	.000000
1.71017	.590617	.000000
1.71074	.590317	.000000
1.7113	.590108	.000000
1.71187	.589917	.000000
1.71243	.589699	.000000
1.713	.589461	.000000
1.71356	.589203	.000000
1.71413	.588922	.000000
1.7147	.588647	.000000
1.71526	.588389	.000000
1.71583	.588182	.000000
1.7164	.587949	.000000
1.71697	.587692	.000000
1.71754	.587453	.000000
1.7181	.587267	.000000
1.71867	.587074	.000000
1.71924	.586847	.000000
1.71981	.586597	.000000
1.72039	.586354	.000000
1.72096	.586143	.000000
1.72153	.585885	.000000
1.7221	.585606	.000000
1.72267	.585390	.000000
1.72324	.585197	.000000
1.72382	.584998	.000000
1.72439	.584797	.000000
1.72496	.584537	.000000
1.72554	.584301	.000000
1.72611	.584085	.000000
1.72669	.583904	.000000
1.72726	.583670	.000000
1.72784	.583402	.000000
1.72841	.583207	.000000
1.72899	.583050	.000000
1.72957	.582827	.000000
1.73014	.582591	.000000
1.73072	.582338	.000000
1.7313	.582117	.000000
1.73188	.581889	.000000
1.73246	.581692	.000000
1.73304	.581471	.000000
1.73362	.581238	.000000
1.7342	.581072	.000000
1.73478	.580871	.000000
1.73536	.580663	.000000
1.73594	.580459	.000000
1.73652	.580273	.000000
1.7371	.580071	.000000
1.73768	.579821	.000000
1.73827	.579638	.000000
1.73885	.579453	.000000
1.73943	.579228	.000000
1.74002	.579032	.000000
1.7406	.578781	.000000
1.74118	.578578	.000000
1.74177	.578423	.000000
1.74235	.578267	.000000
1.74294	.578093	.000000
1.74353	.577905	.000000
1.74411	.577711	.000000
1.7447	.577480	.000000
1.74529	.577295	.000000
1.74588	.577121	.000000
1.74646	.576942	.000000
1.74705	.576770	.000000
1.74764	.576542	.000000
1.74823	.576331	.000000
1.74882	.576173	.000000
1.74941	.575972	.000000
1.75	.575778	.000000
1.75059	.575616	.000000
1.75118	.575440	.000000
1.75177	.575204	.000000
1.75237	.575036	.000000
1.75296	.574901	.000000
1.75355	.574648	.000000
1.75414	.574472	.000000
1.75474	.574365	.000000
1.75533	.574169	.000000
1.75593	.574025	.000000
1.75652	.573830	.000000
1.75712	.573604	.000000
1.75771	.573410	.000000
1.75831	.573264	.000000
1.75891	.573157	.000000
1.7595	.572956	.000000
1.7601	.572717	.000000
1.7607	.572542	.000000
1.7613	.572459	.000000
1.76189	.572336	.000000
1.76249	.572109	.000000
1.76309	.571909	.000000
1.76369	.571757	.000000
1.76429	.571615	.000000
1.76489	.571467	.000000
1.76549	.571318	.000000
1.76609	.571164	.000000
1.7667	.570963	.000000
1.7673	.570824	.000000
1.7679	.570709	.000000
1.7685	.570526	.000000
1.76911	.570308	.000000
1.76971	.570161	.000000
1.77032	.570065	.000000
1.77092	.569942	.000000
1.77153	.569804	.000000
1.77213	.569628	.000000
1.77274	.569476	.000000
1.77334	.569377	.000000
1.77395	.569238	.000000
1.77456	.569062	.000000
1.77516	.568948	.000000
1.77577	.568799	.000000
1.77638	.568675	.000000
1.77699	.568595	.000000
1.7776	.568469	.000000
1.77821	.568282	.000000
1.77882	.568158	.000000
1.77943	.568066	.000000
1.78004	.567932	.000000
1.78065	.567758	.000000
1.78126	.567637	.000000
1.78188	.567535	.000000
1.78249	.567356	.000000
1.7831	.567200	.000000
1.78371	.567121	.000000
1.78433	.567014	.000000
1.78494	.566887	.000000
1.78556	.566825	.000000
1.78617	.566746	.000000
1.78679	.566627	.000000
1.7874	.566473	.000000
1.78802	.566371	.000000
1.78864	.566309	.000000
1.78925	.566187	.000000
1.78987	.566024	.000000
1.79049	.565914	.000000
1.79111	.565837	.000000
1.79173	.565751	.000000
1.79235	.565661	.000000
1.79297	.565572	.000000
1.79359	.565478	.000000
1.79421	.565319	.000000
1.79483	.565185	.000000
1.79545	.565120	.000000
1.79607	.565038	.000000
1.79669	.564939	.000000
1.79732	.564870	.000000
1.79794	.564778	.000000
1.79856	.564696	.000000
1.79919	.564632	.000000
1.79981	.564552	.000000
1.80044	.564487	.000000
1.80106	.564385	.000000
1.80169	.564254	.000000
1.80232	.564189	.000000
1.80294	.564174	.000000
1.80357	.564097	.000000
1.8042	.563984	.000000
1.80483	.563904	.000000
1.80545	.563807	.000000
1.80608	.563730	.000000
1.80671	.563688	.000000
1.80734	.563653	.000000
1.80797	.563561	.000000
1.8086	.563457	.000000
1.80923	.563417	.000000
1.80987	.563353	.000000
1.8105	.563281	.000000
1.81113	.563219	.000000
1.81176	.563164	.000000
1.8124	.563093	.000000
1.81303	.563038	.000000
1.81366	.562996	.000000
1.8143	.562924	.000000
1.81493	.562829	.000000
1.81557	.562770	.000000
1.81621	.562747	.000000
1.81684	.562735	.000000
1.81748	.562688	.000000
1.81812	.562621	.000000
1.81875	.562554	.000000
1.81939	.562554	.000000
1.82003	.562526	.000000
1.82067	.562489	.000000
1.82131	.562428	.000000
1.82195	.562400	.000000
1.82259	.562373	.000000
1.82323	.562289	.000000
1.82387	.562268	.000000
1.82451	.562261	.000000
1.82516	.562211	.000000
1.8258	.562186	.000000
1.82644	.562166	.000000
1.82709	.562124	.000000
1.82773	.562124	.000000
1.82837	.562097	.000000
1.82902	.562008	.000000
1.82966	.562011	.000000
1.83031	.562015	.000000
1.83096	.561985	.000000
1.8316	.561980	.000000
1.83225	.561956	.000000
1.8329	.561948	.000000
1.83355	.561941	.000000
1.8342	.561960	.000000
1.83484	.561953	.000000
1.83549	.561923	.000000
1.83614	.561914	.000000
1.83679	.561911	.000000
1.83745	.561911	.000000
1.8381	.561970	.000000
1.83875	.561985	.000000
1.8394	.561950	.000000
1.84005	.561990	.000000
1.84071	.562022	.000000
1.84136	.562022	.000000
1.84201	.562027	.000000
1.84267	.562052	.000000
1.84332	.562082	.000000
1.84398	.562087	.000000
1.84464	.562062	.000000
1.84529	.562102	.000000
1.84595	.562140	.000000
1.84661	.562161	.000000
1.84727	.562228	.000000
1.84792	.562284	.000000
1.84858	.562273	.000000
1.84924	.562305	.000000
1.8499	.562358	.000000
1.85056	.562378	.000000
1.85122	.562397	.000000
1.85188	.562434	.000000
1.85255	.562437	.000000
1.85321	.562509	.000000
1.85387	.562574	.000000
1.85453	.562621	.000000
1.8552	.562640	.000000
1.85586	.562683	.000000
1.85653	.562743	.000000
1.85719	.562800	.000000
1.85786	.562862	.000000
1.85852	.562901	.000000
1.85919	.562958	.000000
1.85986	.563046	.000000
1.86052	.563147	.000000
1.86119	.563174	.000000
1.86186	.563227	.000000
1.86253	.563331	.000000
1.8632	.563368	.000000
1.86387	.563450	.000000
1.86454	.563591	.000000
1.86521	.563703	.000000
1.86588	.563726	.000000
1.86655	.563750	.000000
1.86722	.563837	.000000
1.8679	.563953	.000000
1.86857	.564016	.000000
1.86924	.564080	.000000
1.86992	.564170	.000000
1.87059	.564239	.000000
1.87127	.564349	.000000
1.87194	.564487	.000000
1.87262	.564549	.000000
1.8733	.564614	.000000
1.87397	.564745	.000000
1.87465	.564820	.000000
1.87533	.564919	.000000
1.87601	.565018	.000000
1.87669	.565075	.000000
1.87736	.565240	.000000
1.87804	.565378	.000000
1.87873	.565478	.000000
1.87941	.565621	.000000
1.88009	.565763	.000000
1.88077	.565860	.000000
1.88145	.565912	.000000
1.88214	.566007	.000000
1.88282	.566197	.000000
1.8835	.566364	.000000
1.88419	.566475	.000000
1.88487	.566528	.000000
1.88556	.566617	.000000
1.88624	.566783	.000000
1.88693	.566888	.000000
1.88762	.567016	.000000
1.8883	.567208	.000000
1.88899	.567386	.000000
1.88968	.567540	.000000
1.89037	.567672	.000000
1.89106	.567835	.000000
1.89175	.567984	.000000
1.89244	.568099	.000000
1.89313	.568193	.000000
1.89382	.568315	.000000
1.89451	.568474	.000000
1.89521	.568650	.000000
1.8959	.568804	.000000
1.89659	.568975	.000000
1.89729	.569148	.000000
1.89798	.569295	.000000
1.89868	.569451	.000000
1.89937	.569595	.000000
1.90007	.569789	.000000
1.90077	.569945	.000000
1.90146	.570086	.000000
1.90216	.570251	.000000
1.90286	.570457	.000000
1.90356	.570650	.000000
1.90426	.570831	.000000
1.90496	.570982	.000000
1.90566	.571183	.000000
1.90636	.571347	.000000
1.90706	.571499	.000000
1.90776	.571737	.000000
1.90846	.571906	.000000
1.90916	.572052	.000000
1.90987	.572268	.000000
1.91057	.572475	.000000
1.91128	.572651	.000000
1.91198	.572862	.000000
1.91269	.573080	.000000
1.91339	.573341	.000000
1.9141	.573574	.000000
1.9148	.573752	.000000
1.91551	.573959	.000000
1.91622	.574187	.000000
1.91693	.574388	.000000
1.91764	.574624	.000000
1.91835	.574894	.000000
1.91906	.575091	.000000
1.91977	.575324	.000000
1.92048	.575542	.000000
1.92119	.575751	.000000
1.9219	.575972	.000000
1.92261	.576217	.000000
1.92333	.576485	.000000
1.92404	.576750	.000000
1.92476	.576961	.000000
1.92547	.577141	.000000
1.92619	.577369	.000000
1.9269	.577644	.000000
1.92762	.577892	.000000
1.92834	.578126	.000000
1.92905	.578392	.000000
1.92977	.578634	.000000
1.93049	.578897	.000000
1.93121	.579181	.000000
1.93193	.579436	.000000
1.93265	.579695	.000000
1.93337	.579968	.000000
1.93409	.580270	.000000
1.93481	.580561	.000000
1.93553	.580826	.000000
1.93626	.581079	.000000
1.93698	.581353	.000000
1.9377	.581628	.000000
1.93843	.581951	.000000
1.93915	.582254	.000000
1.93988	.582529	.000000
1.94061	.582737	.000000
1.94133	.583001	.000000
1.94206	.583398	.000000
1.94279	.583701	.000000
1.94351	.583974	.000000
1.94424	.584309	.000000
1.94497	.584576	.000000
1.9457	.584839	.000000
1.94643	.585170	.000000
1.94716	.585470	.000000
1.9479	.585793	.000000
1.94863	.586076	.000000
1.94936	.586398	.000000
1.95009	.586768	.000000
1.95083	.587044	.000000
1.95156	.587327	.000000
1.9523	.587669	.000000
1.95303	.587992	.000000
1.95377	.588324	.000000
1.9545	.588655	.000000
1.95524	.588989	.000000
1.95598	.589272	.000000
1.95672	.589583	.000000
1.95746	.589947	.000000
1.9582	.590247	.000000
1.95894	.590561	.000000
1.95968	.590947	.000000
1.96042	.591287	.000000
1.96116	.591637	.000000
1.9619	.591995	.000000
1.96264	.592310	.000000
1.96339	.592626	.000000
1.96413	.592980	.000000
1.96487	.593388	.000000
1.96562	.593728	.000000
1.96636	.594072	.000000
1.96711	.594382	.000000
1.96786	.594683	.000000
1.9686	.595056	.000000
1.96935	.595403	.000000
1.9701	.595736	.000000
1.97085	.596103	.000000
1.9716	.596527	.000000
1.97235	.596914	.000000
1.9731	.597292	.000000
1.97385	.597641	.000000
1.9746	.598017	.000000
1.97535	.598435	.000000
1.97611	.598811	.000000
1.97686	.599188	.000000
1.97761	.599538	.000000
1.97837	.599900	.000000
1.97912	.600352	.000000
1.97988	.600781	.000000
1.98064	.601164	.000000
1.98139	.601558	.000000
1.98215	.601911	.000000
1.98291	.602194	.000000
1.98367	.602598	.000000
1.98443	.603028	.000000
1.98519	.603439	.000000
1.98595	.603888	.000000
1.98671	.604306	.000000
1.98747	.604713	.000000
1.98823	.605055	.000000
1.98899	.605393	.000000
1.98976	.605850	.000000
1.99052	.606314	.000000
1.99129	.606751	.000000
1.99205	.607180	.000000
1.99282	.607545	.000000
1.99358	.607964	.000000
1.99435	.608456	.000000
1.99512	.608900	.000000
1.99589	.609316	.000000
1.99665	.609741	.000000
1.99742	.610151	.000000
1.99819	.610558	.000000
1.99896	.611017	.000000
1.99973	.611441	.000000
2.00051	.611868	.000000
2.00128	.612340	.000000
2.00205	.612759	.000000
2.00282	.613196	.000000
2.0036	.613601	.000000
2.00437	.614037	.000000
2.00515	.614524	.000000
2.00592	.614951	.000000
2.0067	.615400	.000000
2.00748	.615921	.000000
2.00825	.616420	.000000
2.00903	.616859	.000000
2.00981	.617246	.000000
2.01059	.617681	.000000
2.01137	.618178	.000000
2.01215	.618716	.000000
2.01293	.619168	.000000
2.01371	.619612	.000000
2.0145	.620079	.000000
2.01528	.620560	.000000
2.01606	.621044	.000000
2.01685	.621505	.000000
2.01763	.622005	.000000
2.01842	.622466	.000000
2.0192	.622916	.000000
2.01999	.623415	.000000
2.02078	.623938	.000000
2.02157	.624449	.000000
2.02235	.624945	.000000
2.02314	.625429	.000000
2.02393	.625904	.000000
2.02472	.626435	.000000
2.02552	.626917	.000000
2.02631	.627383	.000000
2.0271	.627880	.000000
2.02789	.628395	.000000
2.02869	.628914	.000000
2.02948	.629376	.000000
2.03027	.629827	.000000
2.03107	.630361	.000000
2.03187	.630932	.000000
2.03266	.631478	.000000
2.03346	.631974	.000000
2.03426	.632446	.000000
2.03506	.632972	.000000
2.03585	.633473	.000000
2.03665	.633963	.000000
2.03745	.634518	.000000
2.03826	.635069	.000000
2.03906	.635601	.000000
2.03986	.636052	.000000
2.04066	.636549	.000000
2.04147	.637093	.000000
2.04227	.637633	.000000
2.04307	.638157	.000000
2.04388	.638651	.000000
2.04469	.639200	.000000
2.04549	.639741	.000000
2.0463	.640292	.000000
2.04711	.640810	.000000
2.04792	.641331	.000000
2.04873	.641865	.000000
2.04954	.642357	.000000
2.05035	.642865	.000000
2.05116	.643391	.000000
2.05197	.643958	.000000
2.05278	.644570	.000000
2.05359	.645144	.000000
2.05441	.645703	.000000
2.05522	.646249	.000000
2.05604	.646784	.000000
2.05685	.647315	.000000
2.05767	.647815	.000000
2.05849	.648341	.000000
2.0593	.648916	.000000
2.06012	.649505	.000000
2.06094	.650061	.000000
2.06176	.650599	.000000
2.06258	.651136	.000000
2.0634	.651691	.000000
2.06422	.652264	.000000
2.06505	.652811	.000000
2.06587	.653354	.000000
2.06669	.653940	.000000
2.06752	.654489	.000000
2.06834	.655019	.000000
2.06917	.655549	.000000
2.06999	.656070	.000000
2.07082	.656640	.000000
2.07165	.657241	.000000
2.07247	.657837	.000000
2.0733	.658418	.000000
2.07413	.658956	.000000
2.07496	.659534	.000000
2.07579	.660122	.000000
2.07662	.660674	.000000
2.07746	.661203	.000000
2.07829	.661739	.000000
2.07912	.662309	.000000
2.07996	.662897	.000000
2.08079	.663516	.000000
2.08163	.664076	.000000
2.08246	.664655	.000000
2.0833	.665228	.000000
2.08414	.665814	.000000
2.08498	.666384	.000000
2.08581	.666911	.000000
2.08665	.667442	.000000
2.08749	.667995	.000000
2.08833	.668562	.000000
2.08918	.669145	.000000
2.09002	.669770	.000000
2.09086	.670380	.000000
2.0917	.670976	.000000
2.09255	.671522	.000000
2.09339	.672066	.000000
2.09424	.672664	.000000
2.09508	.673284	.000000
2.09593	.673843	.000000
2.09678	.674409	.000000
2.09763	.675022	.000000
2.09848	.675576	.000000
2.09933	.676141	.000000
2.10018	.676725	.000000
2.10103	.677283	.000000
2.10188	.677852	.000000
2.10273	.678380	.000000
2.10359	.678944	.000000
2.10444	.679584	.000000
2.10529	.680162	.000000
2.10615	.680726	.000000
2.107	.681348	.000000
2.10786	.681922	.000000
2.10872	.682445	.000000
2.10958	.683049	.000000
2.11044	.683620	.000000
2.11129	.684183	.000000
2.11215	.684796	.000000
2.11302	.685357	.000000
2.11388	.685935	.000000
2.11474	.686578	.000000
2.1156	.687194	.000000
2.11647	.687745	.000000
2.11733	.688288	.000000
2.1182	.688874	.000000
2.11906	.689457	.000000
2.11993	.690045	.000000
2.12079	.690614	.000000
2.12166	.691219	.000000
2.12253	.691797	.000000
2.1234	.692373	.000000
2.12427	.692982	.000000
2.12514	.693538	.000000
2.12601	.694081	.000000
2.12688	.694642	.000000
2.12776	.695228	.000000
2.12863	.695829	.000000
2.1295	.696412	.000000
2.13038	.696987	.000000
2.13126	.697578	.000000
2.13213	.698188	.000000
2.13301	.698775	.000000
2.13389	.699318	.000000
2.13477	.699856	.000000
2.13564	.700433	.000000
2.13652	.701041	.000000
2.13741	.701673	.000000
2.13829	.702224	.000000
2.13917	.702743	.000000
2.14005	.703316	.000000
2.14094	.703880	.000000
2.14182	.704439	.000000
2.14271	.704994	.000000
2.14359	.705565	.000000
2.14448	.706146	.000000
2.14537	.706705	.000000
2.14625	.707285	.000000
2.14714	.707848	.000000
2.14803	.708390	.000000
2.14892	.708930	.000000
2.14981	.709541	.000000
2.15071	.710157	.000000
2.1516	.710705	.000000
2.15249	.711268	.000000
2.15339	.711829	.000000
2.15428	.712356	.000000
2.15518	.712879	.000000
2.15607	.713426	.000000
2.15697	.713992	.000000
2.15787	.714607	.000000
2.15876	.715215	.000000
2.15966	.715751	.000000
2.16056	.716282	.000000
2.16146	.716818	.000000
2.16237	.717359	.000000
2.16327	.717948	.000000
2.16417	.718508	.000000
2.16507	.719027	.000000
2.16598	.719564	.000000
2.16688	.720130	.000000
2.16779	.720643	.000000
2.1687	.721130	.000000
2.1696	.721668	.000000
2.17051	.722269	.000000
2.17142	.722844	.000000
2.17233	.723425	.000000
2.17324	.723974	.000000
2.17415	.724498	.000000
2.17507	.724967	.000000
2.17598	.725455	.000000
2.17689	.725996	.000000
2.17781	.726557	.000000
2.17872	.727118	.000000
2.17964	.727627	.000000
2.18055	.728174	.000000
2.18147	.728715	.000000
2.18239	.729235	.000000
2.18331	.729762	.000000
2.18423	.730273	.000000
2.18515	.730772	.000000
2.18607	.731276	.000000
2.18699	.731824	.000000
2.18792	.732388	.000000
2.18884	.732941	.000000
2.18976	.733463	.000000
2.19069	.733976	.000000
2.19161	.734462	.000000
2.19254	.734976	.000000
2.19347	.735478	.000000
2.1944	.735974	.000000
2.19533	.736473	.000000
2.19626	.736972	.000000
2.19719	.737521	.000000
2.19812	.738057	.000000
2.19905	.738581	.000000
2.19998	.739082	.000000
2.20092	.739558	.000000
2.20185	.740111	.000000
2.20279	.740673	.000000
2.20372	.741157	.000000
2.20466	.741608	.000000
2.2056	.742090	.000000
2.20654	.742621	.000000
2.20748	.743132	.000000
2.20842	.743601	.000000
2.20936	.744061	.000000
2.2103	.744539	.000000
2.21124	.745061	.000000
2.21219	.745616	.000000
2.21313	.746136	.000000
2.21408	.746612	.000000
2.21502	.747032	.000000
2.21597	.747434	.000000
2.21692	.747967	.000000
2.21786	.748498	.000000
2.21881	.748952	.000000
2.21976	.749396	.000000
2.22071	.749878	.000000
2.22167	.750327	.000000
2.22262	.750777	.000000
2.22357	.751266	.000000
2.22453	.751734	.000000
2.22548	.752166	.000000
2.22644	.752618	.000000
2.22739	.753055	.000000
2.22835	.753507	.000000
2.22931	.753983	.000000
2.23027	.754420	.000000
2.23123	.754882	.000000
2.23219	.755328	.000000
2.23315	.755760	.000000
2.23411	.756195	.000000
2.23507	.756644	.000000
2.23604	.757091	.000000
2.237	.757485	.000000
2.23797	.757905	.000000
2.23893	.758332	.000000
2.2399	.758744	.000000
2.24087	.759159	.000000
2.24184	.759588	.000000
2.24281	.760015	.000000
2.24378	.760424	.000000
2.24475	.760821	.000000
2.24572	.761208	.000000
2.2467	.761595	.000000
2.24767	.761990	.000000
2.24864	.762414	.000000
2.24962	.762790	.000000
2.2506	.763206	.000000
2.25157	.763624	.000000
2.25255	.764023	.000000
2.25353	.764368	.000000
2.25451	.764698	.000000
2.25549	.765093	.000000
2.25647	.765482	.000000
2.25746	.765884	.000000
2.25844	.766309	.000000
2.25942	.766669	.000000
2.26041	.767029	.000000
2.26139	.767468	.000000
2.26238	.767877	.000000
2.26337	.768205	.000000
2.26436	.768583	.000000
2.26535	.769017	.000000
2.26634	.769443	.000000
2.26733	.769846	.000000
2.26832	.770240	.000000
2.26931	.770533	.000000
2.27031	.770848	.000000
2.2713	.771317	.000000
2.2723	.771725	.000000
2.27329	.772033	.000000
2.27429	.772368	.000000
2.27529	.772777	.000000
2.27629	.773114	.000000
2.27729	.773412	.000000
2.27829	.773800	.000000
2.27929	.774167	.000000
2.28029	.774574	.000000
2.28129	.774921	.000000
2.2823	.775232	.000000
2.2833	.775616	.000000
2.28431	.776024	.000000
2.28532	.776388	.000000
2.28632	.776708	.000000
2.28733	.777016	.000000
2.28834	.777383	.000000
2.28935	.777748	.000000
2.29036	.778041	.000000
2.29138	.778396	.000000
2.29239	.778795	.000000
2.2934	.779133	.000000
2.29442	.779490	.000000
2.29543	.779801	.000000
2.29645	.780101	.000000
2.29747	.780439	.000000
2.29849	.780756	.000000
2.29951	.781039	.000000
2.30053	.781357	.000000
2.30155	.781679	.000000
2.30257	.782010	.000000
2.30359	.782347	.000000
2.30462	.782667	.000000
2.30564	.782973	.000000
2.30667	.783305	.000000
2.30769	.783660	.000000
2.30872	.783998	.000000
2.30975	.784246	.000000
2.31078	.784544	.000000
2.31181	.784810	.000000
2.31284	.785092	.000000
2.31387	.785340	.000000
2.31491	.785609	.000000
2.31594	.785963	.000000
2.31698	.786298	.000000
2.31801	.786611	.000000
2.31905	.786939	.000000
2.32009	.787244	.000000
2.32112	.787520	.000000
2.32216	.787776	.000000
2.3232	.788073	.000000
2.32425	.788384	.000000
2.32529	.788729	.000000
2.32633	.789039	.000000
2.32738	.789289	.000000
2.32842	.789592	.000000
2.32947	.789913	.000000
2.33051	.790235	.000000
2.33156	.790483	.000000
2.33261	.790699	.000000
2.33366	.790947	.000000
2.33471	.791223	.000000
2.33576	.791518	.000000
2.33682	.791799	.000000
2.33787	.792034	.000000
2.33893	.792308	.000000
2.33998	.792596	.000000
2.34104	.792853	.000000
2.34209	.793035	.000000
2.34315	.793238	.000000
2.34421	.793519	.000000
2.34527	.793846	.000000
2.34633	.794146	.000000
2.3474	.794328	.000000
2.34846	.794489	.000000
2.34952	.794718	.000000
2.35059	.794941	.000000
2.35166	.795165	.000000
2.35272	.795443	.000000
2.35379	.795765	.000000
2.35486	.795979	.000000
2.35593	.796132	.000000
2.357	.796336	.000000
2.35807	.796616	.000000
2.35915	.796875	.000000
2.36022	.797093	.000000
2.36129	.797246	.000000
2.36237	.797381	.000000
2.36345	.797537	.000000
2.36452	.797775	.000000
2.3656	.798054	.000000
2.36668	.798282	.000000
2.36776	.798438	.000000
2.36885	.798595	.000000
2.36993	.798783	.000000
2.37101	.798984	.000000
2.3721	.799163	.000000
2.37318	.799319	.000000
2.37427	.799450	.000000
2.37536	.799637	.000000
2.37645	.799848	.000000
2.37754	.800076	.000000
2.37863	.800277	.000000
2.37972	.800403	.000000
2.38081	.800548	.000000
2.38191	.800739	.000000
2.383	.800900	.000000
2.3841	.801051	.000000
2.38519	.801218	.000000
2.38629	.801377	.000000
2.38739	.801570	.000000
2.38849	.801729	.000000
2.38959	.801821	.000000
2.39069	.802019	.000000
2.39179	.802231	.000000
2.3929	.802394	.000000
2.394	.802541	.000000
2.39511	.802677	.000000
2.39622	.802846	.000000
2.39732	.803007	.000000
2.39843	.803169	.000000
2.39954	.803375	.000000
2.40065	.803496	.000000
2.40177	.803655	.000000
2.40288	.803851	.000000
2.40399	.804043	.000000
2.40511	.804167	.000000
2.40622	.804253	.000000
2.40734	.804333	.000000
2.40846	.804449	.000000
2.40958	.804646	.000000
2.4107	.804817	.000000
2.41182	.804909	.000000
2.41294	.804996	.000000
2.41407	.805176	.000000
2.41519	.805303	.000000
2.41632	.805387	.000000
2.41744	.805571	.000000
2.41857	.805705	.000000
2.4197	.805722	.000000
2.42083	.805743	.000000
2.42196	.805820	.000000
2.42309	.805938	.000000
2.42423	.806103	.000000
2.42536	.806212	.000000
2.42649	.806254	.000000
2.42763	.806366	.000000
2.42877	.806407	.000000
2.42991	.806462	.000000
2.43105	.806587	.000000
2.43219	.806726	.000000
2.43333	.806854	.000000
2.43447	.806934	.000000
2.43561	.806966	.000000
2.43676	.807061	.000000
2.4379	.807217	.000000
2.43905	.807299	.000000
2.4402	.807351	.000000
2.44135	.807472	.000000
2.4425	.807555	.000000
2.44365	.807644	.000000
2.4448	.807713	.000000
2.44595	.807761	.000000
2.44711	.807827	.000000
2.44826	.807911	.000000
2.44942	.807931	.000000
2.45058	.807994	.000000
2.45174	.808101	.000000
2.4529	.808182	.000000
2.45406	.808292	.000000
2.45522	.808344	.000000
2.45638	.808364	.000000
2.45755	.808438	.000000
2.45871	.808458	.000000
2.45988	.808468	.000000
2.46105	.808527	.000000
2.46221	.808570	.000000
2.46338	.808572	.000000
2.46455	.808589	.000000
2.46573	.808644	.000000
2.4669	.808723	.000000
2.46807	.808795	.000000
2.46925	.808822	.000000
2.47043	.808884	.000000
2.4716	.808986	.000000
2.47278	.808996	.000000
2.47396	.808972	.000000
2.47514	.808999	.000000
2.47632	.809075	.000000
2.47751	.809121	.000000
2.47869	.809110	.000000
2.47988	.809152	.000000
2.48106	.809205	.000000
2.48225	.809265	.000000
2.48344	.809301	.000000
2.48463	.809304	.000000
2.48582	.809322	.000000
2.48701	.809301	.000000
2.48821	.809321	.000000
2.4894	.809354	.000000
2.4906	.809414	.000000
2.49179	.809445	.000000
2.49299	.809466	.000000
2.49419	.809466	.000000
2.49539	.809490	.000000
2.49659	.809513	.000000
2.49779	.809559	.000000
2.499	.809602	.000000
2.5002	.809636	.000000
2.50141	.809622	.000000
2.50262	.809590	.000000
2.50383	.809577	.000000
2.50503	.809575	.000000
2.50625	.809619	.000000
2.50746	.809657	.000000
2.50867	.809682	.000000
2.50989	.809691	.000000
2.5111	.809681	.000000
2.51232	.809706	.000000
2.51353	.809751	.000000
2.51475	.809781	.000000
2.51597	.809835	.000000
2.51719	.809878	.000000
2.51842	.809837	.000000
2.51964	.809790	.000000
2.52087	.809843	.000000
2.52209	.809838	.000000
2.52332	.809843	.000000
2.52455	.809847	.000000
2.52578	.809821	.000000
2.52701	.809823	.000000
2.52824	.809833	.000000
2.52947	.809877	.000000
2.53071	.809945	.000000
2.53194	.809950	.000000
2.53318	.809887	.000000
2.53442	.809888	.000000
2.53566	.809986	.000000
2.5369	.810022	.000000
2.53814	.809902	.000000
2.53938	.809872	.000000
2.54063	.809907	.000000
2.54187	.809955	.000000
2.54312	.809960	.000000
2.54437	.809957	.000000
2.54562	.809964	.000000
2.54687	.809934	.000000
2.54812	.809878	.000000
2.54937	.809877	.000000
2.55063	.809892	.000000
2.55188	.809847	.000000
2.55314	.809796	.000000
2.55439	.809801	.000000
2.55565	.809749	.000000
2.55691	.809721	.000000
2.55817	.809743	.000000
2.55944	.809838	.000000
2.5607	.809915	.000000
2.56197	.809898	.000000
2.56323	.809842	.000000
2.5645	.809828	.000000
2.56577	.809729	.000000
2.56704	.809652	.000000
2.56831	.809656	.000000
2.56958	.809622	.000000
2.57086	.809575	.000000
2.57213	.809570	.000000
2.57341	.809666	.000000
2.57469	.809691	.000000
2.57597	.809639	.000000
2.57725	.809559	.000000
2.57853	.809408	.000000
2.57981	.809441	.000000
2.5811	.809481	.000000
2.58238	.809353	.000000
2.58367	.809289	.000000
2.58496	.809279	.000000
2.58624	.809257	.000000
2.58754	.809245	.000000
2.58883	.809172	.000000
2.59012	.809086	.000000
2.59141	.809066	.000000
2.59271	.809036	.000000
2.59401	.808691	.000000
2.59531	.808614	.000000
2.5966	.808735	.000000
2.59791	.808927	.000000
2.59921	.808827	.000000
2.60051	.808807	.000000
2.60182	.808863	.000000
2.60312	.808781	.000000
2.60443	.808599	.000000
2.60574	.808329	.000000
2.60705	.808403	.000000
2.60836	.808371	.000000
2.60967	.808348	.000000
2.61099	.808358	.000000
2.6123	.808341	.000000
2.61362	.808209	.000000
2.61494	.808127	.000000
2.61626	.808168	.000000
2.61758	.808108	.000000
2.6189	.807864	.000000
2.62022	.807691	.000000
2.62155	.807651	.000000
2.62287	.807579	.000000
2.6242	.807422	.000000
2.62553	.807323	.000000
2.62686	.807272	.000000
2.62819	.807185	.000000
2.62952	.807080	.000000
2.63086	.806971	.000000
2.63219	.806964	.000000
2.63353	.806968	.000000
2.63487	.806802	.000000
2.63621	.806589	.000000
2.63755	.806494	.000000
2.63889	.806355	.000000
2.64023	.806217	.000000
2.64158	.806186	.000000
2.64293	.806107	.000000
2.64427	.806068	.000000
2.64562	.805998	.000000
2.64697	.805743	.000000
2.64832	.805542	.000000
2.64968	.805435	.000000
2.65103	.805321	.000000
2.65239	.805243	.000000
2.65375	.805075	.000000
2.6551	.804938	.000000
2.65646	.804790	.000000
2.65783	.804608	.000000
2.65919	.804476	.000000
2.66055	.804270	.000000
2.66192	.804080	.000000
2.66329	.803787	.000000
2.66466	.803379	.000000
2.66603	.803029	.000000
2.6674	.802586	.000000
2.66877	.801977	.000000
2.67014	.800927	.000000
2.67152	.799877	.000000
2.6729	.799031	.000000
2.67427	.797986	.000000
2.67565	.797004	.000000
2.67704	.796195	.000000
2.67842	.795035	.000000
2.6798	.793662	.000000
2.68119	.792384	.000000
2.68258	.791054	.000000
2.68396	.789722	.000000
2.68535	.788363	.000000
2.68675	.787041	.000000
2.68814	.785651	.000000
2.68953	.784233	.000000
2.69093	.782727	.000000
2.69233	.781188	.000000
2.69372	.779309	.000000
2.69512	.777029	.000000
2.69653	.774176	.000000
2.69793	.770670	.000000
2.69933	.766393	.000000
2.70074	.762129	.000000
2.70215	.758441	.000000
2.70356	.755249	.000000
2.70497	.752435	.000000
2.70638	.750164	.000000
2.70779	.748506	.000000
2.70921	.747374	.000000
2.71062	.746396	.000000
2.71204	.745971	.000000
2.71346	.745984	.000000
2.71488	.746053	.000000
2.7163	.746234	.000000
2.71772	.746244	.000000
2.71915	.745530	.000000
2.72058	.745307	.000000
2.722	.745813	.000000
2.72343	.745753	.000000
2.72486	.745564	.000000
2.7263	.745440	.000000
2.72773	.745073	.000000
2.72917	.744743	.000000
2.7306	.744602	.000000
2.73204	.744281	.000000
2.73348	.743710	.000000
2.73493	.743016	.000000
2.73637	.742264	.000000
2.73781	.741460	.000000
2.73926	.740613	.000000
2.74071	.739794	.000000
2.74216	.738983	.000000
2.74361	.738051	.000000
2.74506	.737104	.000000
2.74651	.736138	.000000
2.74797	.735140	.000000
2.74943	.734038	.000000
2.75089	.732844	.000000
2.75234	.731507	.000000
2.75381	.729936	.000000
2.75527	.728394	.000000
2.75673	.726776	.000000
2.7582	.725302	.000000
2.75967	.723743	.000000
2.76114	.722182	.000000
2.76261	.721211	.000000
2.76408	.721117	.000000
2.76556	.721256	.000000
2.76703	.721023	.000000
2.76851	.720320	.000000
2.76999	.719389	.000000
2.77147	.718394	.000000
2.77295	.717439	.000000
2.77443	.716560	.000000
2.77592	.715679	.000000
2.77741	.714733	.000000
2.77889	.713743	.000000
2.78038	.712838	.000000
2.78188	.712068	.000000
2.78337	.711284	.000000
2.78486	.710485	.000000
2.78636	.709645	.000000
2.78786	.708794	.000000
2.78936	.707868	.000000
2.79086	.707030	.000000
2.79236	.706344	.000000
2.79387	.705640	.000000
2.79537	.704863	.000000
2.79688	.704160	.000000
2.79839	.703475	.000000
2.7999	.702771	.000000
2.80141	.702093	.000000
2.80293	.701443	.000000
2.80444	.700641	.000000
2.80596	.699794	.000000
2.80748	.699018	.000000
2.809	.698213	.000000
2.81052	.697354	.000000
2.81205	.696585	.000000
2.81357	.695915	.000000
2.8151	.695225	.000000
2.81663	.694391	.000000
2.81816	.693651	.000000
2.81969	.693033	.000000
2.82123	.692430	.000000
2.82276	.691910	.000000
2.8243	.691440	.000000
2.82584	.690911	.000000
2.82738	.690216	.000000
2.82892	.689271	.000000
2.83047	.688139	.000000
2.83201	.686756	.000000
2.83356	.685139	.000000
2.83511	.683051	.000000
2.83666	.680522	.000000
2.83821	.677688	.000000
2.83977	.674553	.000000
2.84132	.671388	.000000
2.84288	.668634	.000000
2.84444	.666678	.000000
2.846	.665717	.000000
2.84757	.665672	.000000
2.84913	.666673	.000000
2.8507	.668450	.000000
2.85226	.670808	.000000
2.85383	.673448	.000000
2.8554	.675948	.000000
2.85698	.678089	.000000
2.85855	.679958	.000000
2.86013	.681467	.000000
2.86171	.682557	.000000
2.86329	.683280	.000000
2.86487	.683877	.000000
2.86645	.684262	.000000
2.86804	.684421	.000000
2.86963	.684500	.000000
2.87122	.684530	.000000
2.87281	.684443	.000000
2.8744	.684349	.000000
2.87599	.684247	.000000
2.87759	.684001	.000000
2.87919	.683758	.000000
2.88079	.683575	.000000
2.88239	.683377	.000000
2.88399	.683069	.000000
2.8856	.682657	.000000
2.8872	.682245	.000000
2.88881	.681904	.000000
2.89042	.681617	.000000
2.89203	.681483	.000000
2.89365	.681462	.000000
2.89526	.681498	.000000
2.89688	.681478	.000000
2.8985	.681420	.000000
2.90012	.681307	.000000
2.90174	.681189	.000000
2.90337	.681060	.000000
2.90499	.680775	.000000
2.90662	.680422	.000000
2.90825	.680063	.000000
2.90988	.679675	.000000
2.91152	.679298	.000000
2.91315	.678934	.000000
2.91479	.678496	.000000
2.91643	.678003	.000000
2.91807	.677529	.000000
2.91972	.677100	.000000
2.92136	.676685	.000000
2.92301	.676347	.000000
2.92466	.675992	.000000
2.92631	.675643	.000000
2.92796	.675389	.000000
2.92961	.675312	.000000
2.93127	.675205	.000000
2.93293	.675139	.000000
2.93459	.675208	.000000
2.93625	.675362	.000000
2.93791	.675452	.000000
2.93958	.675550	.000000
2.94124	.675737	.000000
2.94291	.675940	.000000
2.94459	.676080	.000000
2.94626	.676276	.000000
2.94793	.676474	.000000
2.94961	.676655	.000000
2.95129	.676819	.000000
2.95297	.676918	.000000
2.95465	.677050	.000000
2.95634	.677229	.000000
2.95802	.677397	.000000
2.95971	.677484	.000000
2.9614	.677521	.000000
2.96309	.677574	.000000
2.96479	.677594	.000000
2.96648	.677628	.000000
2.96818	.677700	.000000
2.96988	.677787	.000000
2.97158	.677908	.000000
2.97329	.678050	.000000
2.97499	.678109	.000000
2.9767	.678164	.000000
2.97841	.678184	.000000
2.98012	.678253	.000000
2.98184	.678330	.000000
2.98355	.678323	.000000
2.98527	.678382	.000000
2.98699	.678519	.000000
2.98871	.678626	.000000
2.99043	.678718	.000000
2.99216	.678742	.000000
2.99389	.678691	.000000
2.99562	.678758	.000000
2.99735	.678782	.000000
2.99908	.678810	.000000
3.00082	.678886	.000000
3.00255	.678931	.000000
3.00429	.678976	.000000
3.00604	.679075	.000000
3.00778	.679160	.000000
3.00953	.679296	.000000
3.01127	.679482	.000000
3.01302	.679628	.000000
3.01477	.679748	.000000
3.01653	.679961	.000000
3.01828	.680194	.000000
3.02004	.680353	.000000
3.0218	.680450	.000000
3.02356	.680550	.000000
3.02533	.680738	.000000
3.02709	.680952	.000000
3.02886	.681083	.000000
3.03063	.681200	.000000
3.03241	.681376	.000000
3.03418	.681570	.000000
3.03596	.681686	.000000
3.03773	.681736	.000000
3.03952	.681788	.000000
3.0413	.681858	.000000
3.04308	.681971	.000000
3.04487	.682068	.000000
3.04666	.682142	.000000
3.04845	.682225	.000000
3.05024	.682301	.000000
3.05204	.682420	.000000
3.05383	.682481	.000000
3.05563	.682460	.000000
3.05744	.682441	.000000
3.05924	.682476	.000000
3.06105	.682530	.000000
3.06285	.682552	.000000
3.06466	.682567	.000000
3.06648	.682577	.000000
3.06829	.682564	.000000
3.07011	.682589	.000000
3.07193	.682701	.000000
3.07375	.682760	.000000
3.07557	.682698	.000000
3.0774	.682626	.000000
3.07922	.682597	.000000
3.08105	.682582	.000000
3.08288	.682629	.000000
3.08472	.682629	.000000
3.08655	.682577	.000000
3.08839	.682579	.000000
3.09023	.682632	.000000
3.09208	.682672	.000000
3.09392	.682671	.000000
3.09577	.682560	.000000
3.09762	.682503	.000000
3.09947	.682463	.000000
3.10132	.682470	.000000
3.10318	.682483	.000000
3.10504	.682453	.000000
3.1069	.682548	.000000
3.10876	.682582	.000000
3.11062	.682538	.000000
3.11249	.682631	.000000
3.11436	.682667	.000000
3.11623	.682617	.000000
3.11811	.682579	.000000
3.11998	.682570	.000000
3.12186	.682602	.000000
3.12374	.682682	.000000
3.12562	.682698	.000000
3.12751	.682714	.000000
3.1294	.682748	.000000
3.13129	.682818	.000000
3.13318	.682801	.000000
3.13507	.682801	.000000
3.13697	.682835	.000000
3.13887	.682840	.000000
3.14077	.682888	.000000
3.14267	.682966	.000000
3.14458	.682974	.000000
3.14649	.682955	.000000
3.1484	.682981	.000000
3.15031	.683059	.000000
3.15223	.683205	.000000
3.15414	.683265	.000000
3.15606	.683099	.000000
3.15798	.683064	.000000
3.15991	.683136	.000000
3.16184	.683160	.000000
3.16376	.683202	.000000
3.1657	.683205	.000000
3.16763	.683185	.000000
3.16957	.683177	.000000
3.1715	.683177	.000000
3.17345	.683257	.000000
3.17539	.683292	.000000
3.17733	.683238	.000000
3.17928	.683185	.000000
3.18123	.683156	.000000
3.18319	.683240	.000000
3.18514	.683210	.000000
3.1871	.683143	.000000
3.18906	.683233	.000000
3.19102	.683212	.000000
3.19299	.683163	.000000
3.19495	.683153	.000000
3.19692	.683120	.000000
3.1989	.683111	.000000
3.20087	.683061	.000000
3.20285	.683113	.000000
3.20483	.683133	.000000
3.20681	.683032	.000000
3.20879	.683054	.000000
3.21078	.683044	.000000
3.21277	.683026	.000000
3.21476	.683051	.000000
3.21676	.683019	.000000
3.21875	.682966	.000000
3.22075	.682952	.000000
3.22275	.682865	.000000
3.22476	.682848	.000000
3.22676	.682904	.000000
3.22877	.682905	.000000
3.23078	.682949	.000000
3.2328	.682962	.000000
3.23481	.682905	.000000
3.23683	.682942	.000000
3.23886	.682914	.000000
3.24088	.682821	.000000
3.24291	.682855	.000000
3.24494	.682984	.000000
3.24697	.683051	.000000
3.249	.683022	.000000
3.25104	.683022	.000000
3.25308	.683046	.000000
3.25512	.683094	.000000
3.25717	.683185	.000000
3.25921	.683237	.000000
3.26126	.683275	.000000
3.26332	.683463	.000000
3.26537	.683627	.000000
3.26743	.683758	.000000
3.26949	.683937	.000000
3.27155	.684134	.000000
3.27362	.684225	.000000
3.27568	.684270	.000000
3.27776	.684433	.000000
3.27983	.684660	.000000
3.2819	.684845	.000000
3.28398	.685017	.000000
3.28606	.685257	.000000
3.28815	.685429	.000000
3.29023	.685592	.000000
3.29232	.685751	.000000
3.29441	.685898	.000000
3.29651	.686040	.000000
3.2986	.686265	.000000
3.3007	.686503	.000000
3.30281	.686700	.000000
3.30491	.686888	.000000
3.30702	.687114	.000000
3.30913	.687405	.000000
3.31124	.687580	.000000
3.31336	.687675	.000000
3.31548	.687849	.000000
3.3176	.688043	.000000
3.31972	.688209	.000000
3.32185	.688342	.000000
3.32398	.688486	.000000
3.32611	.688738	.000000
3.32825	.688941	.000000
3.33038	.689065	.000000
3.33252	.689107	.000000
3.33467	.689102	.000000
3.33681	.689142	.000000
3.33896	.689179	.000000
3.34111	.689229	.000000
3.34327	.689199	.000000
3.34542	.689149	.000000
3.34758	.689187	.000000
3.34975	.689145	.000000
3.35191	.688976	.000000
3.35408	.688851	.000000
3.35625	.688700	.000000
3.35842	.688512	.000000
3.3606	.688321	.000000
3.36278	.688119	.000000
3.36496	.687717	.000000
3.36715	.687219	.000000
3.36933	.686774	.000000
3.37153	.686389	.000000
3.37372	.686029	.000000
3.37592	.685796	.000000
3.37811	.685709	.000000
3.38032	.685566	.000000
3.38252	.685406	.000000
3.38473	.685337	.000000
3.38694	.685295	.000000
3.38915	.685223	.000000
3.39137	.685118	.000000
3.39359	.685022	.000000
3.39581	.684893	.000000
3.39804	.684670	.000000
3.40027	.684441	.000000
3.4025	.684324	.000000
3.40473	.684262	.000000
3.40697	.684284	.000000
3.40921	.684329	.000000
3.41145	.684459	.000000
3.4137	.684607	.000000
3.41595	.684838	.000000
3.4182	.685180	.000000
3.42045	.685535	.000000
3.42271	.685844	.000000
3.42497	.686196	.000000
3.42723	.686516	.000000
3.4295	.686777	.000000
3.43177	.686930	.000000
3.43404	.687055	.000000
3.43632	.687127	.000000
3.4386	.687323	.000000
3.44088	.687571	.000000
3.44316	.687697	.000000
3.44545	.687707	.000000
3.44774	.687683	.000000
3.45004	.687705	.000000
3.45233	.687700	.000000
3.45463	.687680	.000000
3.45694	.687647	.000000
3.45924	.687558	.000000
3.46155	.687395	.000000
3.46386	.687266	.000000
3.46618	.687251	.000000
3.4685	.687173	.000000
3.47082	.687007	.000000
3.47315	.686933	.000000
3.47547	.686888	.000000
3.4778	.686911	.000000
3.48014	.686978	.000000
3.48247	.687013	.000000
3.48481	.687035	.000000
3.48716	.687134	.000000
3.4895	.687307	.000000
3.49185	.687452	.000000
3.49421	.687647	.000000
3.49656	.687930	.000000
3.49892	.688268	.000000
3.50129	.688675	.000000
3.50365	.689135	.000000
3.50602	.689629	.000000
3.50839	.690165	.000000
3.51077	.690577	.000000
3.51315	.690946	.000000
3.51553	.691256	.000000
3.51791	.691579	.000000
3.5203	.691847	.000000
3.52269	.692093	.000000
3.52509	.692366	.000000
3.52749	.692530	.000000
3.52989	.692696	.000000
3.53229	.692949	.000000
3.5347	.693081	.000000
3.53711	.693069	.000000
3.53953	.693130	.000000
3.54194	.693312	.000000
3.54436	.693518	.000000
3.54679	.693599	.000000
3.54922	.693619	.000000
3.55165	.693657	.000000
3.55408	.693743	.000000
3.55652	.693738	.000000
3.55896	.693754	.000000
3.5614	.693754	.000000
3.56385	.693744	.000000
3.5663	.693831	.000000
3.56876	.693847	.000000
3.57121	.693821	.000000
3.57367	.693828	.000000
3.57614	.693788	.000000
3.57861	.693724	.000000
3.58108	.693744	.000000
3.58355	.693704	.000000
3.58603	.693639	.000000
3.58851	.693625	.000000
3.591	.693666	.000000
3.59349	.693575	.000000
3.59598	.693480	.000000
3.59848	.693522	.000000
3.60099	.693502	.000000
3.60349	.693458	.000000
3.60599	.693478	.000000
3.6085	.693553	.000000
3.61102	.693624	.000000
3.61353	.693575	.000000
3.61605	.693520	.000000
3.61858	.693488	.000000
3.6211	.693498	.000000
3.62363	.693483	.000000
3.62617	.693485	.000000
3.62871	.693433	.000000
3.63125	.693366	.000000
3.63379	.693312	.000000
3.63634	.693289	.000000
3.63889	.693274	.000000
3.64145	.693282	.000000
3.64401	.693235	.000000
3.64657	.693190	.000000
3.64913	.693113	.000000
3.6517	.693081	.000000
3.65428	.693059	.000000
3.65685	.693039	.000000
3.65944	.692987	.000000
3.66202	.692961	.000000
3.66461	.692945	.000000
3.6672	.692922	.000000
3.6698	.692873	.000000
3.67239	.692882	.000000
3.675	.692840	.000000
3.6776	.692788	.000000
3.68021	.692766	.000000
3.68283	.692748	.000000
3.68544	.692703	.000000
3.68806	.692664	.000000
3.69069	.692642	.000000
3.69332	.692637	.000000
3.69595	.692569	.000000
3.69859	.692552	.000000
3.70123	.692487	.000000
3.70387	.692383	.000000
3.70652	.692353	.000000
3.70917	.692378	.000000
3.71182	.692321	.000000
3.71448	.692286	.000000
3.71715	.692220	.000000
3.71981	.692172	.000000
3.72248	.692138	.000000
3.72516	.692095	.000000
3.72784	.692046	.000000
3.73052	.691994	.000000
3.7332	.691919	.000000
3.73589	.691905	.000000
3.73859	.691815	.000000
3.74128	.691743	.000000
3.74398	.691696	.000000
3.74669	.691644	.000000
3.7494	.691587	.000000
3.75211	.691522	.000000
3.75483	.691468	.000000
3.75755	.691460	.000000
3.76028	.691395	.000000
3.763	.691378	.000000
3.76574	.691336	.000000
3.76847	.691232	.000000
3.77121	.691142	.000000
3.77396	.691135	.000000
3.77671	.691098	.000000
3.77946	.691031	.000000
3.78222	.690917	.000000
3.78498	.690877	.000000
3.78774	.690810	.000000
3.79051	.690690	.000000
3.79328	.690572	.000000
3.79606	.690500	.000000
3.79884	.690408	.000000
3.80163	.690350	.000000
3.80442	.690234	.000000
3.80721	.690107	.000000
3.81001	.690003	.000000
3.81281	.689918	.000000
3.81561	.689817	.000000
3.81842	.689758	.000000
3.82124	.689631	.000000
3.82405	.689514	.000000
3.82688	.689388	.000000
3.8297	.689286	.000000
3.83253	.689201	.000000
3.83537	.689130	.000000
3.83821	.689048	.000000
3.84105	.688966	.000000
3.8439	.688836	.000000
3.84675	.688715	.000000
3.8496	.688628	.000000
3.85246	.688536	.000000
3.85533	.688395	.000000
3.8582	.688263	.000000
3.86107	.688104	.000000
3.86395	.687958	.000000
3.86683	.687836	.000000
3.86971	.687722	.000000
3.8726	.687549	.000000
3.8755	.687404	.000000
3.8784	.687261	.000000
3.8813	.687157	.000000
3.88421	.687010	.000000
3.88712	.686871	.000000
3.89004	.686707	.000000
3.89296	.686580	.000000
3.89588	.686442	.000000
3.89881	.686332	.000000
3.90174	.686174	.000000
3.90468	.686019	.000000
3.90762	.685846	.000000
3.91057	.685699	.000000
3.91352	.685515	.000000
3.91648	.685364	.000000
3.91944	.685257	.000000
3.9224	.685141	.000000
3.92537	.684950	.000000
3.92835	.684766	.000000
3.93132	.684593	.000000
3.93431	.684459	.000000
3.93729	.684277	.000000
3.94029	.684083	.000000
3.94328	.683887	.000000
3.94628	.683729	.000000
3.94929	.683555	.000000
3.9523	.683354	.000000
3.95531	.683121	.000000
3.95833	.682905	.000000
3.96136	.682644	.000000
3.96438	.682458	.000000
3.96742	.682229	.000000
3.97046	.682026	.000000
3.9735	.681842	.000000
3.97655	.681644	.000000
3.9796	.681433	.000000
3.98265	.681261	.000000
3.98572	.681029	.000000
3.98878	.680810	.000000
3.99185	.680586	.000000
3.99493	.680336	.000000
3.99801	.680103	.000000
4.00109	.679931	.000000
4.00418	.679725	.000000
4.00728	.679544	.000000
4.01038	.679321	.000000
4.01348	.679100	.000000
4.01659	.678872	.000000
4.0197	.678650	.000000
4.02282	.678382	.000000
4.02594	.678145	.000000
4.02907	.677914	.000000
4.0322	.677720	.000000
4.03534	.677507	.000000
4.03848	.677298	.000000
4.04163	.677099	.000000
4.04478	.676908	.000000
4.04794	.676688	.000000
4.0511	.676466	.000000
4.05427	.676191	.000000
4.05744	.675990	.000000
4.06062	.675767	.000000
4.0638	.675560	.000000
4.06699	.675335	.000000
4.07018	.675109	.000000
4.07338	.674890	.000000
4.07658	.674721	.000000
4.07979	.674474	.000000
4.083	.674270	.000000
4.08622	.674029	.000000
4.08944	.673806	.000000
4.09267	.673578	.000000
4.0959	.673374	.000000
4.09914	.673118	.000000
4.10238	.672908	.000000
4.10563	.672714	.000000
4.10889	.672535	.000000
4.11214	.672304	.000000
4.11541	.672126	.000000
4.11868	.671930	.000000
4.12195	.671693	.000000
4.12523	.671435	.000000
4.12851	.671230	.000000
4.1318	.670976	.000000
4.1351	.670758	.000000
4.1384	.670515	.000000
4.1417	.670289	.000000
4.14501	.670048	.000000
4.14833	.669788	.000000
4.15165	.669520	.000000
4.15498	.669296	.000000
4.15831	.669045	.000000
4.16165	.668824	.000000
4.16499	.668551	.000000
4.16834	.668310	.000000
4.17169	.668073	.000000
4.17505	.667837	.000000
4.17842	.667584	.000000
4.18179	.667397	.000000
4.18516	.667156	.000000
4.18854	.666924	.000000
4.19193	.666712	.000000
4.19532	.666533	.000000
4.19872	.666357	.000000
4.20212	.666173	.000000
4.20553	.665933	.000000
4.20894	.665749	.000000
4.21236	.665529	.000000
4.21578	.665312	.000000
4.21921	.665081	.000000
4.22265	.664893	.000000
4.22609	.664650	.000000
4.22954	.664379	.000000
4.23299	.664119	.000000
4.23645	.663896	.000000
4.23991	.663637	.000000
4.24338	.663485	.000000
4.24686	.663168	.000000
4.25034	.662833	.000000
4.25382	.662518	.000000
4.25732	.662237	.000000
4.26081	.661920	.000000
4.26432	.661590	.000000
4.26783	.661269	.000000
4.27134	.661043	.000000
4.27487	.660719	.000000
4.27839	.660592	.000000
4.28193	.660537	.000000
4.28546	.660472	.000000
4.28901	.660366	.000000
4.29256	.660244	.000000
4.29612	.660009	.000000
4.29968	.659787	.000000
4.30325	.659537	.000000
4.30682	.659299	.000000
4.3104	.659061	.000000
4.31399	.658859	.000000
4.31758	.658614	.000000
4.32118	.658413	.000000
4.32478	.658224	.000000
4.32839	.658078	.000000
4.332	.657869	.000000
4.33563	.657665	.000000
4.33926	.657434	.000000
4.34289	.657229	.000000
4.34653	.657060	.000000
4.35018	.656933	.000000
4.35383	.656740	.000000
4.35749	.656553	.000000
4.36115	.656368	.000000
4.36482	.656223	.000000
4.3685	.656075	.000000
4.37218	.655918	.000000
4.37587	.655707	.000000
4.37957	.655539	.000000
4.38327	.655367	.000000
4.38698	.655235	.000000
4.39069	.655052	.000000
4.39442	.654888	.000000
4.39814	.654680	.000000
4.40188	.654486	.000000
4.40562	.654292	.000000
4.40936	.654086	.000000
4.41312	.653826	.000000
4.41687	.653632	.000000
4.42064	.653407	.000000
4.42441	.653216	.000000
4.42819	.652995	.000000
4.43197	.652769	.000000
4.43577	.652511	.000000
4.43956	.652277	.000000
4.44337	.651982	.000000
4.44718	.651731	.000000
4.45099	.651451	.000000
4.45482	.651183	.000000
4.45865	.650863	.000000
4.46249	.650555	.000000
4.46633	.650205	.000000
4.47018	.649828	.000000
4.47404	.649431	.000000
4.4779	.649063	.000000
4.48177	.648576	.000000
4.48565	.648083	.000000
4.48953	.647552	.000000
4.49342	.647010	.000000
4.49732	.646370	.000000
4.50122	.645650	.000000
4.50513	.644797	.000000
4.50905	.643831	.000000
4.51298	.642694	.000000
4.51691	.641428	.000000
4.52085	.639920	.000000
4.52479	.638197	.000000
4.52874	.636281	.000000
4.5327	.634233	.000000
4.53667	.632077	.000000
4.54064	.629944	.000000
4.54462	.627701	.000000
4.5486	.625491	.000000
4.5526	.623223	.000000
4.5566	.620920	.000000
4.5606	.618534	.000000
4.56462	.616113	.000000
4.56864	.613635	.000000
4.57267	.611173	.000000
4.57671	.608594	.000000
4.58075	.605944	.000000
4.5848	.603166	.000000
4.58886	.600263	.000000
4.59292	.597182	.000000
4.59699	.593973	.000000
4.60107	.590587	.000000
4.60516	.587080	.000000
4.60925	.583484	.000000
4.61335	.579905	.000000
4.61746	.576326	.000000
4.62158	.572869	.000000
4.6257	.569565	.000000
4.62983	.566423	.000000
4.63397	.563383	.000000
4.63811	.560471	.000000
4.64226	.557619	.000000
4.64642	.554967	.000000
4.65059	.552454	.000000
4.65476	.550117	.000000
4.65895	.548084	.000000
4.66314	.546495	.000000
4.66733	.545240	.000000
4.67154	.544225	.000000
4.67575	.543272	.000000
4.67997	.542378	.000000
4.6842	.541407	.000000
4.68843	.540310	.000000
4.69267	.539147	.000000
4.69693	.537933	.000000
4.70118	.536557	.000000
4.70545	.535110	.000000
4.70972	.533609	.000000
4.71401	.531994	.000000
4.71829	.530104	.000000
4.72259	.528030	.000000
4.7269	.525774	.000000
4.73121	.523292	.000000
4.73553	.520583	.000000
4.73986	.517704	.000000
4.7442	.514635	.000000
4.74854	.511478	.000000
4.75289	.508228	.000000
4.75725	.505017	.000000
4.76162	.501870	.000000
4.766	.498819	.000000
4.77038	.495875	.000000
4.77478	.492984	.000000
4.77918	.490053	.000000
4.78358	.487102	.000000
4.788	.484044	.000000
4.79243	.480984	.000000
4.79686	.477976	.000000
4.8013	.475077	.000000
4.80575	.472344	.000000
4.81021	.469864	.000000
4.81467	.467611	.000000
4.81915	.465616	.000000
4.82363	.463880	.000000
4.82812	.462416	.000000
4.83262	.461260	.000000
4.83713	.460445	.000000
4.84165	.459974	.000000
4.84617	.459810	.000000
4.85071	.459872	.000000
4.85525	.460163	.000000
4.8598	.460636	.000000
4.86436	.461235	.000000
4.86892	.461940	.000000
4.8735	.462769	.000000
4.87808	.463645	.000000
4.88268	.464506	.000000
4.88728	.465313	.000000
4.89189	.466064	.000000
4.89651	.466653	.000000
4.90114	.467125	.000000
4.90577	.467527	.000000
4.91042	.467866	.000000
4.91507	.468152	.000000
4.91974	.468467	.000000
4.92441	.468738	.000000
4.92909	.468986	.000000
4.93378	.469143	.000000
4.93848	.469281	.000000
4.94319	.469276	.000000
4.94791	.469063	.000000
4.95263	.468681	.000000
4.95737	.468135	.000000
4.96211	.467400	.000000
4.96686	.466554	.000000
4.97162	.465523	.000000
4.97639	.464283	.000000
4.98117	.462888	.000000
4.98596	.461386	.000000
4.99076	.459711	.000000
4.99557	.457862	.000000
5.00039	.455851	.000000
5.00521	.453744	.000000
5.01005	.451537	.000000
5.0149	.449230	.000000
5.01975	.446830	.000000
5.02461	.444382	.000000
5.02949	.441881	.000000
5.03437	.439240	.000000
5.03926	.436383	.000000
5.04417	.433372	.000000
5.04908	.430193	.000000
5.054	.426983	.000000
5.05893	.423725	.000000
5.06387	.420468	.000000
5.06882	.417296	.000000
5.07378	.414199	.000000
5.07875	.411097	.000000
5.08373	.408012	.000000
5.08872	.404943	.000000
5.09372	.401901	.000000
5.09872	.398943	.000000
5.10374	.396122	.000000
5.10877	.393472	.000000
5.11381	.391025	.000000
5.11886	.388729	.000000
5.12391	.386634	.000000
5.12898	.384743	.000000
5.13406	.383177	.000000
5.13915	.382167	.000000
5.14425	.381903	.000000
5.14935	.382502	.000000
5.15447	.384028	.000000
5.1596	.386461	.000000
5.16474	.389648	.000000
5.16989	.393397	.000000
5.17505	.397582	.000000
5.18022	.402062	.000000
5.1854	.406731	.000000
5.19059	.411377	.000000
5.19579	.415869	.000000
5.201	.420208	.000000
5.20623	.424271	.000000
5.21146	.427957	.000000
5.2167	.431332	.000000
5.22195	.434310	.000000
5.22722	.436881	.000000
5.23249	.439076	.000000
5.23778	.440954	.000000
5.24307	.442535	.000000
5.24838	.443961	.000000
5.2537	.445301	.000000
5.25903	.446710	.000000
5.26437	.448294	.000000
5.26972	.450156	.000000
5.27508	.452312	.000000
5.28045	.454725	.000000
5.28583	.457237	.000000
5.29122	.459828	.000000
5.29663	.462377	.000000
5.30204	.464796	.000000
5.30747	.466943	.000000
5.31291	.468867	.000000
5.31836	.470517	.000000
5.32382	.471949	.000000
5.32929	.473079	.000000
5.33477	.473888	.000000
5.34027	.474339	.000000
5.34577	.474466	.000000
5.35129	.474298	.000000
5.35682	.473823	.000000
5.36236	.473005	.000000
5.36791	.471868	.000000
5.37347	.470267	.000000
5.37904	.468261	.000000
5.38463	.465824	.000000
5.39023	.463000	.000000
5.39584	.459838	.000000
5.40146	.456472	.000000
5.40709	.452975	.000000
5.41273	.449540	.000000
5.41839	.446253	.000000
5.42406	.443365	.000000
5.42974	.441037	.000000
5.43543	.439198	.000000
5.44113	.437813	.000000
5.44684	.436891	.000000
5.45257	.436418	.000000
5.45831	.436378	.000000
5.46406	.436740	.000000
5.46983	.437505	.000000
5.4756	.438637	.000000
5.48139	.440220	.000000
5.48719	.442153	.000000
5.493	.444412	.000000
5.49883	.446854	.000000
5.50467	.449438	.000000
5.51052	.451989	.000000
5.51638	.454369	.000000
5.52225	.456336	.000000
5.52814	.457737	.000000
5.53404	.458261	.000000
5.53995	.457881	.000000
5.54588	.456432	.000000
5.55182	.454087	.000000
5.55777	.450996	.000000
5.56373	.447626	.000000
5.56971	.444323	.000000
5.57569	.441384	.000000
5.5817	.438946	.000000
5.58771	.437075	.000000
5.59374	.435509	.000000
5.59978	.434181	.000000
5.60583	.432953	.000000
5.6119	.431737	.000000
5.61798	.430406	.000000
5.62407	.429034	.000000
5.63018	.427549	.000000
5.6363	.425973	.000000
5.64243	.424321	.000000
5.64858	.422722	.000000
5.65474	.421156	.000000
5.66091	.419706	.000000
5.6671	.418291	.000000
5.6733	.416964	.000000
5.67951	.415763	.000000
5.68574	.414681	.000000
5.69198	.413615	.000000
5.69824	.412688	.000000
5.7045	.411744	.000000
5.71079	.410865	.000000
5.71708	.410051	.000000
5.72339	.409133	.000000
5.72972	.408163	.000000
5.73606	.407232	.000000
5.74241	.406425	.000000
5.74877	.405957	.000000
5.75515	.405795	.000000
5.76155	.405706	.000000
5.76796	.405956	.000000
5.77438	.406416	.000000
5.78082	.406691	.000000
5.78727	.406909	.000000
5.79374	.407011	.000000
5.80022	.407049	.000000
5.80671	.406984	.000000
5.81322	.406771	.000000
5.81974	.406604	.000000
5.82628	.406688	.000000
5.83284	.406837	.000000
5.8394	.407167	.000000
5.84599	.407753	.000000
5.85259	.408609	.000000
5.8592	.409726	.000000
5.86583	.411000	.000000
5.87247	.412035	.000000
5.87913	.412688	.000000
5.8858	.413110	.000000
5.89249	.412794	.000000
5.89919	.411809	.000000
5.90591	.410360	.000000
5.91265	.408086	.000000
5.9194	.405137	.000000
5.92616	.401481	.000000
5.93294	.397260	.000000
5.93974	.392199	.000000
5.94655	.386738	.000000
5.95338	.380558	.000000
5.96022	.373845	.000000
5.96708	.366572	.000000
5.97395	.359181	.000000
5.98084	.352107	.000000
5.98775	.345632	.000000
5.99467	.339891	.000000
6.00161	.335357	.000000
6.00856	.331748	.000000
6.01553	.329219	.000000
6.02252	.327499	.000000
6.02952	.326585	.000000
6.03654	.326146	.000000
6.04358	.326056	.000000
6.05063	.326416	.000000
6.0577	.327233	.000000
6.06478	.327814	.000000
6.07188	.328521	.000000
6.079	.329283	.000000
6.08614	.330105	.000000
6.09329	.330636	.000000
6.10046	.331026	.000000
6.10764	.331058	.000000
6.11485	.330804	.000000
6.12206	.330055	.000000
6.1293	.328712	.000000
6.13655	.326700	.000000
6.14383	.324197	.000000
6.15111	.321142	.000000
6.15842	.317822	.000000
6.16574	.314305	.000000
6.17308	.310882	.000000
6.18044	.307655	.000000
6.18781	.304903	.000000
6.19521	.302726	.000000
6.20262	.301247	.000000
6.21005	.300490	.000000
6.21749	.300406	.000000
6.22496	.300715	.000000
6.23244	.301230	.000000
6.23994	.301683	.000000
6.24745	.301999	.000000
6.25499	.302019	.000000
6.26254	.301723	.000000
6.27012	.301053	.000000
6.27771	.300249	.000000
6.28532	.299378	.000000
6.29294	.298559	.000000
6.30059	.297998	.000000
6.30825	.297804	.000000
6.31594	.298050	.000000
6.32364	.298867	.000000
6.33136	.300281	.000000
6.3391	.302284	.000000
6.34686	.305158	.000000
6.35464	.308494	.000000
6.36244	.311936	.000000
6.37025	.315759	.000000
6.37809	.319608	.000000
6.38594	.323131	.000000
6.39382	.326392	.000000
6.40171	.329191	.000000
6.40962	.331726	.000000
6.41756	.334183	.000000
6.42551	.336092	.000000
6.43348	.337566	.000000
6.44147	.338782	.000000
6.44948	.339651	.000000
6.45752	.340269	.000000
6.46556	.340710	.000000
6.47364	.341125	.000000
6.48173	.341448	.000000
6.48984	.341696	.000000
6.49797	.341906	.000000
6.50613	.341981	.000000
6.5143	.341740	.000000
6.52249	.341249	.000000
6.53071	.340343	.000000
6.53894	.338859	.000000
6.5472	.336809	.000000
6.55548	.334284	.000000
6.56378	.331401	.000000
6.57209	.328266	.000000
6.58044	.325121	.000000
6.5888	.322088	.000000
6.59718	.319187	.000000
6.60558	.316658	.000000
6.61401	.314602	.000000
6.62246	.313106	.000000
6.63092	.312237	.000000
6.63941	.312064	.000000
6.64793	.312738	.000000
6.65646	.313949	.000000
6.66502	.315727	.000000
6.67359	.317923	.000000
6.68219	.320296	.000000
6.69082	.322584	.000000
6.69946	.324490	.000000
6.70813	.326015	.000000
6.71681	.327186	.000000
6.72552	.327993	.000000
6.73426	.328598	.000000
6.74302	.328953	.000000
6.7518	.329146	.000000
6.7606	.329142	.000000
6.76942	.328996	.000000
6.77827	.328698	.000000
6.78715	.328333	.000000
6.79604	.327941	.000000
6.80496	.327541	.000000
6.8139	.327010	.000000
6.82287	.326312	.000000
6.83186	.325486	.000000
6.84087	.324572	.000000
6.84991	.323515	.000000
6.85897	.322364	.000000
6.86805	.321175	.000000
6.87716	.320003	.000000
6.88629	.318692	.000000
6.89545	.317387	.000000
6.90463	.315975	.000000
6.91384	.314557	.000000
6.92307	.313135	.000000
6.93233	.311704	.000000
6.94161	.310242	.000000
6.95091	.308820	.000000
6.96024	.307365	.000000
6.9696	.306067	.000000
6.97898	.304833	.000000
6.98838	.303768	.000000
6.99781	.302796	.000000
7.00726	.302029	.000000
7.01675	.301383	.000000
7.02625	.300949	.000000
7.03579	.300564	.000000
7.04535	.300304	.000000
7.05493	.300075	.000000
7.06454	.299854	.000000
7.07418	.299489	.000000
7.08385	.299021	.000000
7.09354	.298377	.000000
7.10325	.297593	.000000
7.113	.296606	.000000
7.12277	.295419	.000000
7.13257	.293950	.000000
7.14239	.292321	.000000
7.15224	.290451	.000000
7.16212	.288474	.000000
7.17203	.286399	.000000
7.18196	.284345	.000000
7.19192	.282255	.000000
7.20191	.280135	.000000
7.21193	.277976	.000000
7.22197	.275852	.000000
7.23204	.273712	.000000
7.24215	.271660	.000000
7.25227	.269559	.000000
7.26243	.267514	.000000
7.27262	.265422	.000000
7.28283	.263339	.000000
7.29307	.261168	.000000
7.30334	.258880	.000000
7.31364	.256340	.000000
7.32397	.253693	.000000
7.33433	.250838	.000000
7.34472	.247805	.000000
7.35514	.244514	.000000
7.36558	.241057	.000000
7.37606	.237616	.000000
7.38657	.235038	.000000
7.39711	.233666	.000000
7.40767	.233273	.000000
7.41827	.233027	.000000
7.4289	.232494	.000000
7.43956	.231355	.000000
7.45025	.229681	.000000
7.46097	.227537	.000000
7.47172	.225132	.000000
7.4825	.222481	.000000
7.49331	.219846	.000000
7.50416	.217358	.000000
7.51503	.215231	.000000
7.52594	.213226	.000000
7.53688	.211221	.000000
7.54785	.209014	.000000
7.55885	.206652	.000000
7.56989	.204123	.000000
7.58095	.201546	.000000
7.59205	.198846	.000000
7.60318	.196227	.000000
7.61434	.193616	.000000
7.62554	.191082	.000000
7.63677	.188508	.000000
7.64803	.185959	.000000
7.65933	.183272	.000000
7.67067	.180507	.000000
7.68203	.177570	.000000
7.69343	.174631	.000000
7.70486	.171641	.000000
7.71632	.168702	.000000
7.72782	.165761	.000000
7.73936	.162961	.000000
7.75092	.160172	.000000
7.76253	.157434	.000000
7.77416	.154590	.000000
7.78584	.151797	.000000
7.79754	.148834	.000000
7.80929	.145736	.000000
7.82107	.142376	.000000
7.83288	.138944	.000000
7.84473	.135352	.000000
7.85661	.131765	.000000
7.86854	.128070	.000000
7.88049	.124464	.000000
7.89249	.120850	.000000
7.90452	.117323	.000000
7.91659	.113773	.000000
7.9287	.110266	.000000
7.94084	.106645	.000000
7.95302	.103098	.000000
7.96523	.099574	.000000
7.97749	.096172	.000000
7.98978	.092672	.000000
8.00211	.089192	.000000
8.01448	.085700	.000000
8.02688	.082315	.000000
8.03933	.078869	.000000
8.05181	.075507	.000000
8.06433	.072069	.000000
8.07689	.068691	.000000
8.08949	.065209	.000000
8.10213	.061851	.000000
8.11481	.058482	.000000
8.12753	.055258	.000000
8.14029	.052032	.000000
8.15309	.048888	.000000
8.16593	.045765	.000000
8.1788	.042851	.000000
8.19172	.039990	.000000
8.20468	.037306	.000000
8.21769	.034688	.000000
8.23073	.032296	.000000
8.24382	.029947	.000000
8.25694	.027826	.000000
8.27012	.025755	.000000
8.28333	.023854	.000000
8.29658	.022069	.000000
8.30988	.020565	.000000
8.32321	.019201	.000000
8.33659	.018104	.000000
8.35002	.017125	.000000
8.36348	.016414	.000000
8.37699	.015872	.000000
8.39055	.015701	.000000
8.40415	.015703	.000000
8.41779	.016066	.000000
8.43148	.016773	.000000
8.44521	.017959	.000000
8.45898	.019528	.000000
8.47281	.021729	.000000
8.48668	.024301	.000000
8.50059	.027436	.000000
8.51455	.031107	.000000
8.52855	.035504	.000000
8.5426	.040384	.000000
8.5567	.045824	.000000
8.57084	.051766	.000000
8.58503	.058284	.000000
8.59927	.065110	.000000
8.61355	.072255	.000000
8.62788	.079396	.000000
8.64226	.086331	.000000
8.65669	.092511	.000000
8.67116	.097398	.000000
8.68569	.099748	.000000
8.70026	.098293	.000000
8.71488	.092734	.000000
8.72955	.086768	.000000
8.74427	.086616	.000000
8.75904	.093771	.000000
8.77386	.103031	.000000
8.78873	.109622	.000000
8.80366	.111744	.000000
8.81863	.109880	.000000
8.83365	.105124	.000000
8.84872	.099078	.000000
8.86385	.093278	.000000
8.87903	.089649	.000000
8.89426	.089090	.000000
8.90954	.090977	.000000
8.92488	.093704	.000000
8.94027	.096400	.000000
8.95571	.098472	.000000
8.9712	.099927	.000000
8.98675	.100659	.000000
9.00235	.100820	.000000
9.018	.100411	.000000
9.03371	.099758	.000000
9.04948	.098870	.000000
9.0653	.097981	.000000
9.08118	.097204	.000000
9.0971	.096623	.000000
9.11309	.096125	.000000
9.12914	.095903	.000000
9.14524	.095673	.000000
9.16139	.095564	.000000
9.17761	.095509	.000000
9.19388	.095571	.000000
9.21021	.095608	.000000
9.2266	.095742	.000000
9.24304	.095829	.000000
9.25955	.096015	.000000
9.27611	.096197	.000000
9.29273	.096444	.000000
9.30942	.096670	.000000
9.32617	.096934	.000000
9.34297	.097047	.000000
9.35983	.097006	.000000
9.37676	.096650	.000000
9.39375	.096065	.000000
9.41079	.095044	.000000
9.42791	.093576	.000000
9.44508	.091731	.000000
9.46231	.089642	.000000
9.47961	.087293	.000000
9.49697	.084861	.000000
9.5144	.082190	.000000
9.53188	.079490	.000000
9.54944	.076534	.000000
9.56705	.073027	.000000
9.58474	.068629	.000000
9.60249	.063283	.000000
9.6203	.057011	.000000
9.63818	.050516	.000000
9.65613	.044380	.000000
9.67415	.039369	.000000
9.69223	.035957	.000000
9.71038	.034505	.000000
9.7286	.034839	.000000
9.74689	.036927	.000000
9.76524	.040329	.000000
9.78367	.044800	.000000
9.80216	.049892	.000000
9.82072	.055308	.000000
9.83936	.060357	.000000
9.85806	.064524	.000000
9.87684	.067061	.000000
9.89569	.067792	.000000
9.91461	.066664	.000000
9.9336	.064144	.000000
9.95267	.060910	.000000
9.97181	.058185	.000000
9.99103	.057100	.000000
10.01031	.058587	.000000
10.02968	.062350	.000000
10.04911	.067388	.000000
10.06863	.072454	.000000
10.08822	.077430	.000000
10.10788	.082580	.000000
10.12763	.088204	.000000
10.14745	.093575	.000000
10.16734	.097561	.000000
10.18732	.099405	.000000
10.20737	.099093	.000000
10.2275	.096507	.000000
10.24771	.092126	.000000
10.268	.086859	.000000
10.28838	.082573	.000000
10.30883	.080900	.000000
10.32937	.082243	.000000
10.34998	.085114	.000000
10.37069	.087953	.000000
10.39147	.089939	.000000
10.41234	.091118	.000000
10.43329	.091423	.000000
10.45432	.091212	.000000
10.47544	.090480	.000000
10.49665	.089277	.000000
10.51794	.087659	.000000
10.53932	.085871	.000000
10.56079	.083938	.000000
10.58234	.082111	.000000
10.60398	.080574	.000000
10.62571	.079461	.000000
10.64753	.078629	.000000
10.66944	.078343	.000000
10.69144	.078527	.000000
10.71353	.079121	.000000
10.73571	.079726	.000000
10.75799	.079942	.000000
10.78035	.079227	.000000
10.80281	.077425	.000000
10.82536	.074568	.000000
10.848	.071067	.000000
10.87075	.066949	.000000
10.89358	.062524	.000000
10.91652	.058091	.000000
10.93955	.054480	.000000
10.96268	.052206	.000000
10.98591	.051635	.000000
11.00923	.052471	.000000
11.03266	.054008	.000000
11.05618	.055169	.000000
11.0798	.055452	.000000
11.10353	.054673	.000000
11.12736	.053370	.000000
11.15129	.051854	.000000
11.17532	.050575	.000000
11.19946	.050103	.000000
11.2237	.051436	.000000
11.24805	.054851	.000000
11.2725	.060078	.000000
11.29706	.065844	.000000
11.32172	.071309	.000000
11.34649	.075745	.000000
11.37138	.079115	.000000
11.39637	.081406	.000000
11.42147	.082903	.000000
11.44668	.083704	.000000
11.47201	.084159	.000000
11.49745	.084054	.000000
11.523	.083730	.000000
11.54866	.083318	.000000
11.57444	.082883	.000000
11.60033	.082299	.000000
11.62634	.081702	.000000
11.65247	.080816	.000000
11.67872	.079843	.000000
11.70508	.078607	.000000
11.73157	.077174	.000000
11.75817	.075784	.000000
11.78489	.075080	.000000
11.81174	.075097	.000000
11.8387	.076159	.000000
11.86579	.078051	.000000
11.893	.080600	.000000
11.92034	.083399	.000000
11.94781	.086288	.000000
11.9754	.088961	.000000
12.00312	.091399	.000000
12.03097	.093776	.000000
12.05896	.097070	.000000
12.08707	.101277	.000000
12.11531	.105903	.000000
12.14368	.110267	.000000
12.17219	.114240	.000000
12.20083	.117841	.000000
12.2296	.121301	.000000
12.25852	.124510	.000000
12.28757	.127456	.000000
12.31676	.130092	.000000
12.34608	.132602	.000000
12.37555	.134778	.000000
12.40515	.136761	.000000
12.4349	.138613	.000000
12.46478	.140309	.000000
12.49482	.141683	.000000
12.525	.142887	.000000
12.55533	.143826	.000000
12.5858	.144530	.000000
12.61642	.145019	.000000
12.6472	.145439	.000000
12.67813	.145642	.000000
12.7092	.145935	.000000
12.74043	.146278	.000000
12.77181	.146514	.000000
12.80334	.146561	.000000
12.83503	.146499	.000000
12.86688	.145977	.000000
12.8989	.144974	.000000
12.93106	.143279	.000000
12.96339	.140976	.000000
12.99588	.138047	.000000
13.02853	.134577	.000000
13.06135	.130884	.000000
13.09433	.127308	.000000
13.12749	.123741	.000000
13.16081	.120220	.000000
13.1943	.116250	.000000
13.22796	.111314	.000000
13.26179	.105017	.000000
13.29579	.097187	.000000
13.32997	.087906	.000000
13.36432	.078204	.000000
13.39885	.069883	.000000
13.43356	.065490	.000000
13.46846	.065089	.000000
13.50353	.066160	.000000
13.53879	.065646	.000000
13.57423	.062677	.000000
13.60986	.057961	.000000
13.64568	.053102	.000000
13.68169	.049376	.000000
13.71788	.047544	.000000
13.75427	.047369	.000000
13.79085	.048419	.000000
13.82763	.050319	.000000
13.8646	.052933	.000000
13.90177	.056082	.000000
13.93915	.059337	.000000
13.97672	.061888	.000000
14.01449	.063464	.000000
14.05247	.063774	.000000
14.09066	.063109	.000000
14.12904	.061638	.000000
14.16764	.059702	.000000
14.20646	.057557	.000000
14.24549	.055775	.000000
14.28473	.054410	.000000
14.3242	.053437	.000000
14.36388	.052444	.000000
14.40378	.051216	.000000
14.4439	.049416	.000000
14.48425	.047592	.000000
14.52482	.046219	.000000
14.56562	.045514	.000000
14.60665	.044984	.000000
14.64792	.044444	.000000
14.68942	.043626	.000000
14.73115	.043032	.000000
14.77312	.043328	.000000
14.81533	.044435	.000000
14.85778	.044705	.000000
14.90048	.043402	.000000
14.94342	.040531	.000000
14.98659	.036897	.000000
15.03003	.032795	.000000
15.07372	.029009	.000000
15.11767	.026130	.000000
15.16187	.024671	.000000
15.20634	.024525	.000000
15.25106	.025514	.000000
15.29606	.026962	.000000
15.34131	.028547	.000000
15.38684	.030111	.000000
15.43263	.031374	.000000
15.4787	.032049	.000000
15.52504	.032539	.000000
15.57167	.033023	.000000
15.61858	.033923	.000000
15.66576	.035319	.000000
15.71324	.036999	.000000
15.761	.038818	.000000
15.80905	.041166	.000000
15.8574	.043998	.000000
15.90604	.047405	.000000
15.95496	.051349	.000000
16.00421	.055696	.000000
16.05376	.060165	.000000
16.10362	.065132	.000000
16.15378	.070620	.000000
16.20426	.076078	.000000
16.25506	.080870	.000000
16.30619	.085397	.000000
16.35763	.089495	.000000
16.40939	.093096	.000000
16.46149	.095981	.000000
16.51391	.098418	.000000
16.56667	.100177	.000000
16.61977	.101543	.000000
16.67322	.102466	.000000
16.72701	.103335	.000000
16.78114	.103575	.000000
16.83563	.103392	.000000
16.89046	.103314	.000000
16.94566	.103421	.000000
17.00122	.103451	.000000
17.05716	.103494	.000000
17.11345	.103170	.000000
17.17012	.102486	.000000
17.22716	.101565	.000000
17.28459	.100314	.000000
17.3424	.098373	.000000
17.4006	.095749	.000000
17.45916	.092171	.000000
17.51815	.088262	.000000
17.57753	.083818	.000000
17.63732	.079895	.000000
17.69752	.076711	.000000
17.75813	.075692	.000000
17.81915	.076912	.000000
17.88061	.079021	.000000
17.94248	.081577	.000000
18.00478	.084482	.000000
18.06752	.087591	.000000
18.13069	.090666	.000000
18.19431	.092562	.000000
18.25837	.092595	.000000
18.3229	.090800	.000000
18.38788	.088453	.000000
18.45331	.086087	.000000
18.51922	.084777	.000000
18.5856	.084141	.000000
18.65245	.082808	.000000
18.71979	.079704	.000000
18.78759	.076356	.000000
18.85591	.075782	.000000
18.92473	.079522	.000000
18.99405	.085214	.000000
19.06388	.091257	.000000
19.13423	.097289	.000000
19.20514	.102386	.000000
19.27653	.105975	.000000
19.34846	.108743	.000000
19.42093	.110055	.000000
19.49394	.110088	.000000
19.5675	.109443	.000000
19.64162	.109391	.000000
19.7163	.108810	.000000
19.79156	.108060	.000000
19.86738	.106047	.000000
19.9438	.103593	.000000
20.0208	.100612	.000000
20.0984	.098115	.000000
20.17661	.095347	.000000
20.25542	.092310	.000000
20.33486	.089555	.000000
20.41491	.086926	.000000
20.49561	.084089	.000000
20.57694	.081967	.000000
20.65892	.079366	.000000
20.74155	.076753	.000000
20.82485	.074075	.000000
20.90882	.071359	.000000
20.99347	.067082	.000000
21.07881	.063030	.000000
21.16485	.061342	.000000
21.25159	.063653	.000000
21.33905	.066402	.000000
21.42722	.069341	.000000
21.51613	.073657	.000000
21.60579	.079271	.000000
21.69619	.084019	.000000
21.78735	.087373	.000000
21.87928	.089200	.000000
21.97199	.089505	.000000
22.06548	.088661	.000000
22.15978	.088097	.000000
22.25489	.087407	.000000
22.35081	.086127	.000000
22.44757	.083330	.000000
22.54517	.080311	.000000
22.64362	.077619	.000000
22.74294	.075398	.000000
22.84313	.073861	.000000
22.9442	.074379	.000000
23.04617	.074533	.000000
23.14906	.073590	.000000
23.25287	.071759	.000000
23.35761	.069989	.000000
23.4633	.067730	.000000
23.56995	.065356	.000000
23.67758	.062216	.000000
23.78619	.058932	.000000
23.8958	.054675	.000000
24.00643	.050004	.000000
24.11809	.046420	.000000
24.23079	.045916	.000000
24.3445	.048450	.000000
24.45933	.053951	.000000
24.57525	.060245	.000000
24.69227	.065678	.000000
24.81042	.068887	.000000
24.9297	.070411	.000000
25.05013	.070746	.000000
25.17173	.070354	.000000
25.29452	.069574	.000000
25.41852	.069676	.000000
25.54373	.069709	.000000
25.67018	.069831	.000000
25.7979	.069011	.000000
25.92689	.067807	.000000
26.05717	.066241	.000000
26.18878	.064985	.000000
26.32171	.064306	.000000
26.45601	.065032	.000000
26.59168	.066626	.000000
26.72875	.068952	.000000
26.86724	.070431	.000000
27.00717	.070810	.000000
27.14857	.069384	.000000
27.29146	.067787	.000000
27.43586	.066824	.000000
27.58179	.068239	.000000
27.72929	.071768	.000000
27.87837	.076984	.000000
28.02907	.082014	.000000
28.1814	.086328	.000000
28.33539	.088370	.000000
28.49108	.088599	.000000
28.64849	.086568	.000000
28.80765	.083679	.000000
28.96859	.080952	.000000
29.13133	.079667	.000000
29.29592	.078904	.000000
29.46237	.080530	.000000
29.63073	.084464	.000000
29.80102	.090274	.000000
29.97328	.094447	.000000
30.14754	.095951	.000000
30.32384	.095539	.000000
30.50222	.093096	.000000
30.68271	.086117	.000000
30.86534	.080753	.000000
31.05016	.080386	.000000
31.23721	.083764	.000000
31.42653	.086320	.000000
31.61815	.088909	.000000
31.81213	.091449	.000000
32.0085	.094558	.000000
32.20731	.097155	.000000
32.40861	.099552	.000000
32.61244	.100301	.000000
32.81884	.099651	.000000
33.02788	.096047	.000000
33.2396	.090971	.000000
33.45405	.087850	.000000
33.67128	.086841	.000000
33.89136	.085955	.000000
34.11432	.085043	.000000
34.34025	.083548	.000000
34.56918	.083089	.000000
34.80119	.084204	.000000
35.03633	.087169	.000000
35.27468	.090354	.000000
35.51629	.087993	.000000
35.76123	.081302	.000000
36.00957	.075954	.000000
36.26138	.073685	.000000
36.51674	.075579	.000000
36.77573	.079909	.000000
37.03841	.085080	.000000
37.30488	.089090	.000000
37.5752	.092461	.000000
37.84947	.094719	.000000
38.12777	.097408	.000000
38.4102	.100912	.000000
38.69684	.107018	.000000
38.9878	.114094	.000000
39.28316	.120753	.000000
39.58303	.125779	.000000
39.88752	.126370	.000000
40.19672	.119889	.000000
40.51076	.107378	.000000
40.82974	.093193	.000000
41.15379	.080414	.000000
41.48302	.068142	.000000
41.81756	.059697	.000000
42.15754	.055219	.000000
42.50309	.052151	.000000
42.85436	.053883	.000000
43.21148	.060526	.000000
43.5746	.065678	.000000
43.94388	.073863	.000000
44.31946	.081356	.000000
44.70153	.085879	.000000
45.09024	.089462	.000000
45.48577	.091749	.000000
45.88829	.092158	.000000
46.29801	.097511	.000000
46.71511	.103714	.000000
47.13979	.105590	.000000
47.57227	.106276	.000000
48.01275	.107913	.000000
48.46147	.103794	.000000
48.91865	.097792	.000000
49.38455	.091438	.000000
49.8594	.088847	.000000
50.34347	.089138	.000000
50.83703	.085884	.000000
51.34037	.082419	.000000
51.85377	.081809	.000000
52.37755	.083121	.000000
52.91202	.089527	.000000
53.4575	.091743	.000000
54.01435	.092458	.000000
54.58292	.097566	.000000
55.16359	.106504	.000000
55.75675	.108065	.000000
56.3628	.106851	.000000
56.98217	.107643	.000000
57.61531	.110306	.000000
58.26267	.114036	.000000
58.92474	.116365	.000000
59.60204	.118293	.000000
60.29509	.117827	.000000
61.00445	.116719	.000000
61.73069	.121405	.000000
62.47443	.122734	.000000
63.23631	.121904	.000000
64.01701	.117239	.000000
64.81722	.110554	.000000
65.6377	.112759	.000000
66.4792	.121309	.000000
67.34256	.112128	.000000
68.22865	.100071	.000000
69.13838	.083484	.000000
70.07267	.078169	.000000
71.03257	.079220	.000000
72.01913	.077535	.000000
73.03348	.076011	.000000
74.07682	.091217	.000000
75.1504	.115436	.000000
76.25555	.133240	.000000
77.39369	.115437	.000000
78.56632	.112969	.000000
79.77503	.140807	.000000
81.02152	.138385	.000000
82.30759	.133967	.000000
83.63513	.116147	.000000
85.0062	.104736	.000000
86.42296	.119767	.000000
87.88776	.115411	.000000
89.40305	.112054	.000000
90.97155	.123438	.000000
92.59603	.112779	.000000
94.27959	.103216	.000000
96.02551	.110637	.000000
97.83731	.116861	.000000
99.7188	.110892	.000000
