Brown University Keck/NASA Relab Spectrum YY-S2K-005/BKR1YY005
Wavelength(micron)	Reflectance	Standard Deviation
0.3	.521931	.010932
0.305	.525098	.008439
0.31	.528867	.007058
0.315	.533289	.005863
0.32	.536623	.005090
0.325	.541867	.004765
0.33	.545891	.004636
0.335	.551040	.004643
0.34	.553888	.004638
0.345	.558850	.004770
0.35	.561660	.004762
0.355	.565922	.004818
0.36	.568857	.004763
0.365	.574320	.004791
0.37	.578562	.004846
0.375	.584092	.004944
0.38	.587815	.004868
0.385	.594081	.004982
0.39	.597717	.004882
0.395	.602660	.004747
0.4	.606099	.004796
0.405	.611901	.004848
0.41	.614721	.004765
0.415	.619694	.004822
0.42	.621327	.005968
0.425	.627154	.005928
0.43	.630685	.005954
0.435	.635153	.006023
0.44	.637126	.005944
0.445	.643383	.007268
0.45	.645438	.007311
0.455	.649642	.007443
0.46	.651259	.007507
0.465	.655152	.007616
0.47	.656336	.007697
0.475	.659910	.007758
0.48	.660796	.007767
0.485	.664730	.007811
0.49	.666255	.007816
0.495	.670335	.007875
0.5	.672149	.007903
0.505	.676974	.007957
0.51	.678866	.008011
0.515	.683589	.008087
0.52	.685530	.008106
0.525	.690464	.008191
0.53	.692169	.008156
0.535	.696816	.008222
0.54	.698569	.008231
0.545	.702934	.008248
0.55	.704035	.008324
0.555	.708177	.008422
0.56	.709274	.008408
0.565	.713262	.008458
0.57	.713932	.008523
0.575	.717867	.008547
0.58	.718363	.008640
0.585	.721664	.008753
0.59	.721756	.008826
0.595	.724921	.008942
0.6	.724561	.008994
0.605	.727248	.009056
0.61	.726674	.009041
0.615	.729152	.009080
0.62	.728166	.009079
0.625	.730587	.009120
0.63	.729732	.009096
0.635	.732055	.009194
0.64	.731095	.009231
0.645	.733423	.009271
0.65	.732545	.009306
0.655	.734732	.009321
0.66	.733884	.009232
0.665	.736190	.009171
0.67	.735176	.009042
0.675	.737310	.008971
0.68	.736348	.008921
0.685	.738365	.008975
0.69	.737280	.009020
0.695	.739500	.009129
0.7	.738656	.009191
0.705	.740784	.009282
0.71	.740036	.009232
0.715	.742240	.009229
0.72	.741166	.009178
0.725	.743530	.009115
0.73	.742632	.009083
0.735	.744430	.009163
0.74	.743513	.009156
0.745	.745744	.009238
0.75	.744647	.009284
0.755	.745783	.009270
0.76	.744968	.009230
0.765	.746743	.009279
0.77	.745752	.009218
0.775	.747405	.009284
0.78	.747130	.009314
0.785	.749047	.009346
0.79	.748279	.009315
0.795	.750174	.009369
0.8	.749461	.009382
0.805	.751276	.009431
0.81	.750951	.009350
0.815	.752673	.009317
0.82	.752100	.009247
0.825	.753976	.009153
0.83	.753519	.009044
0.835	.754978	.009072
0.84	.754325	.009064
0.845	.755990	.009083
0.85	.755568	.009041
0.855	.756838	.009082
0.86	.756873	.008116
0.865	.756375	.007944
0.87	.756833	.007941
0.875	.755721	.007869
0.88	.757058	.007031
0.885	.756003	.007046
0.89	.756863	.006989
0.895	.756185	.006846
0.9	.756365	.006944
0.905	.755928	.006683
0.91	.756537	.006787
0.915	.755380	.006820
0.92	.756481	.006656
0.925	.755751	.006571
0.93	.755845	.006481
0.935	.755500	.006556
0.94	.755559	.006546
0.945	.754907	.006601
0.95	.755839	.006689
0.955	.754457	.006524
0.96	.754196	.006532
0.965	.753792	.006372
0.97	.753878	.006336
0.975	.753342	.006206
0.98	.753722	.006194
0.985	.753233	.006411
0.99	.753378	.006295
0.995	.753187	.006415
1	.753034	.006078
1.005	.752684	.006290
1.01	.752605	.006288
1.015	.752282	.006292
1.02	.752602	.006345
1.025	.751970	.006244
1.03	.752207	.006207
1.035	.752618	.006043
1.04	.751995	.006157
1.045	.751371	.005997
1.05	.752027	.006245
1.055	.751856	.006082
1.06	.751657	.006137
1.065	.751588	.006096
1.07	.751896	.006098
1.075	.751591	.006143
1.08	.752115	.006134
1.085	.751451	.006065
1.09	.752290	.006135
1.095	.752514	.005946
1.1	.752662	.005924
1.105	.752859	.005980
1.11	.753107	.005963
1.115	.752900	.005693
1.12	.753251	.005785
1.125	.753580	.006189
1.13	.753650	.006050
1.135	.753995	.006020
1.14	.754166	.005820
1.145	.753601	.005935
1.15	.754424	.006055
1.155	.754689	.005999
1.16	.754651	.006007
1.165	.755233	.006018
1.17	.755390	.006399
1.175	.755607	.006262
1.18	.756153	.006094
1.185	.755667	.006036
1.19	.756408	.005705
1.195	.756221	.005669
1.2	.757093	.005671
1.205	.756806	.005608
1.21	.757281	.005633
1.215	.757222	.005845
1.22	.757794	.005879
1.225	.758106	.005818
1.23	.757991	.006056
1.235	.758409	.006184
1.24	.758616	.005958
1.245	.758392	.005898
1.25	.758985	.005937
1.255	.758800	.005998
1.26	.759005	.005710
1.265	.759339	.005582
1.27	.759661	.005979
1.275	.759663	.006023
1.28	.759738	.005900
1.285	.759928	.005915
1.29	.760515	.005959
1.295	.760905	.005930
1.30018	.760641	.000000
1.30051	.760541	.000000
1.30084	.760484	.000000
1.30116	.760474	.000000
1.30149	.760470	.000000
1.30182	.760463	.000000
1.30214	.760495	.000000
1.30247	.760539	.000000
1.3028	.760579	.000000
1.30312	.760581	.000000
1.30345	.760506	.000000
1.30378	.760497	.000000
1.30411	.760557	.000000
1.30444	.760532	.000000
1.30476	.760490	.000000
1.30509	.760530	.000000
1.30542	.760532	.000000
1.30575	.760570	.000000
1.30608	.760661	.000000
1.30641	.760599	.000000
1.30674	.760523	.000000
1.30707	.760584	.000000
1.3074	.760762	.000000
1.30773	.760635	.000000
1.30806	.760488	.000000
1.30839	.760597	.000000
1.30872	.760668	.000000
1.30905	.760724	.000000
1.30938	.760746	.000000
1.30971	.760704	.000000
1.31004	.760653	.000000
1.31037	.760588	.000000
1.3107	.760601	.000000
1.31103	.760610	.000000
1.31136	.760575	.000000
1.3117	.760602	.000000
1.31203	.760624	.000000
1.31236	.760673	.000000
1.31269	.760626	.000000
1.31302	.760604	.000000
1.31336	.760695	.000000
1.31369	.760715	.000000
1.31402	.760675	.000000
1.31436	.760755	.000000
1.31469	.760795	.000000
1.31502	.760653	.000000
1.31536	.760679	.000000
1.31569	.760793	.000000
1.31602	.760731	.000000
1.31636	.760635	.000000
1.31669	.760628	.000000
1.31703	.760673	.000000
1.31736	.760762	.000000
1.3177	.760799	.000000
1.31803	.760859	.000000
1.31837	.760917	.000000
1.3187	.760929	.000000
1.31904	.760897	.000000
1.31937	.760875	.000000
1.31971	.760940	.000000
1.32005	.760922	.000000
1.32038	.760909	.000000
1.32072	.760850	.000000
1.32105	.760853	.000000
1.32139	.761037	.000000
1.32173	.761097	.000000
1.32206	.760964	.000000
1.3224	.760826	.000000
1.32274	.760893	.000000
1.32308	.761042	.000000
1.32341	.761037	.000000
1.32375	.761046	.000000
1.32409	.761126	.000000
1.32443	.761086	.000000
1.32477	.761097	.000000
1.32511	.761176	.000000
1.32544	.761160	.000000
1.32578	.761113	.000000
1.32612	.761060	.000000
1.32646	.761051	.000000
1.3268	.761060	.000000
1.32714	.761055	.000000
1.32748	.761106	.000000
1.32782	.761131	.000000
1.32816	.761131	.000000
1.3285	.761124	.000000
1.32884	.761107	.000000
1.32918	.761215	.000000
1.32952	.761287	.000000
1.32986	.761273	.000000
1.33021	.761251	.000000
1.33055	.761267	.000000
1.33089	.761305	.000000
1.33123	.761291	.000000
1.33157	.761258	.000000
1.33191	.761256	.000000
1.33226	.761218	.000000
1.3326	.761264	.000000
1.33294	.761304	.000000
1.33328	.761256	.000000
1.33363	.761249	.000000
1.33397	.761278	.000000
1.33431	.761356	.000000
1.33466	.761389	.000000
1.335	.761404	.000000
1.33534	.761447	.000000
1.33569	.761335	.000000
1.33603	.761240	.000000
1.33638	.761409	.000000
1.33672	.761523	.000000
1.33707	.761462	.000000
1.33741	.761409	.000000
1.33776	.761344	.000000
1.3381	.761396	.000000
1.33845	.761369	.000000
1.33879	.761246	.000000
1.33914	.761347	.000000
1.33948	.761551	.000000
1.33983	.761582	.000000
1.34018	.761473	.000000
1.34052	.761394	.000000
1.34087	.761382	.000000
1.34122	.761440	.000000
1.34156	.761482	.000000
1.34191	.761529	.000000
1.34226	.761565	.000000
1.34261	.761498	.000000
1.34295	.761420	.000000
1.3433	.761509	.000000
1.34365	.761596	.000000
1.344	.761634	.000000
1.34435	.761622	.000000
1.34469	.761567	.000000
1.34504	.761538	.000000
1.34539	.761507	.000000
1.34574	.761503	.000000
1.34609	.761556	.000000
1.34644	.761636	.000000
1.34679	.761605	.000000
1.34714	.761473	.000000
1.34749	.761518	.000000
1.34784	.761629	.000000
1.34819	.761620	.000000
1.34854	.761638	.000000
1.34889	.761705	.000000
1.34924	.761683	.000000
1.3496	.761711	.000000
1.34995	.761700	.000000
1.3503	.761647	.000000
1.35065	.761711	.000000
1.351	.761701	.000000
1.35135	.761676	.000000
1.35171	.761741	.000000
1.35206	.761712	.000000
1.35241	.761680	.000000
1.35276	.761711	.000000
1.35312	.761767	.000000
1.35347	.761734	.000000
1.35382	.761723	.000000
1.35418	.761705	.000000
1.35453	.761672	.000000
1.35489	.761656	.000000
1.35524	.761709	.000000
1.35559	.761605	.000000
1.35595	.761562	.000000
1.3563	.761787	.000000
1.35666	.761758	.000000
1.35701	.761594	.000000
1.35737	.761705	.000000
1.35772	.761809	.000000
1.35808	.761772	.000000
1.35844	.761738	.000000
1.35879	.761803	.000000
1.35915	.761780	.000000
1.3595	.761627	.000000
1.35986	.761674	.000000
1.36022	.761783	.000000
1.36057	.761718	.000000
1.36093	.761594	.000000
1.36129	.761647	.000000
1.36165	.761631	.000000
1.362	.761507	.000000
1.36236	.761451	.000000
1.36272	.761692	.000000
1.36308	.761812	.000000
1.36344	.761774	.000000
1.36379	.761745	.000000
1.36415	.761700	.000000
1.36451	.761592	.000000
1.36487	.761594	.000000
1.36523	.761691	.000000
1.36559	.761660	.000000
1.36595	.761623	.000000
1.36631	.761651	.000000
1.36667	.761676	.000000
1.36703	.761596	.000000
1.36739	.761560	.000000
1.36775	.761565	.000000
1.36811	.761627	.000000
1.36847	.761591	.000000
1.36884	.761612	.000000
1.3692	.761745	.000000
1.36956	.761745	.000000
1.36992	.761740	.000000
1.37028	.761716	.000000
1.37064	.761611	.000000
1.37101	.761574	.000000
1.37137	.761600	.000000
1.37173	.761632	.000000
1.3721	.761718	.000000
1.37246	.761780	.000000
1.37282	.761783	.000000
1.37319	.761790	.000000
1.37355	.761772	.000000
1.37391	.761769	.000000
1.37428	.761772	.000000
1.37464	.761740	.000000
1.37501	.761721	.000000
1.37537	.761789	.000000
1.37574	.761790	.000000
1.3761	.761734	.000000
1.37647	.761767	.000000
1.37683	.761767	.000000
1.3772	.761750	.000000
1.37756	.761727	.000000
1.37793	.761727	.000000
1.3783	.761709	.000000
1.37866	.761665	.000000
1.37903	.761681	.000000
1.3794	.761774	.000000
1.37976	.761747	.000000
1.38013	.761709	.000000
1.3805	.761622	.000000
1.38087	.761614	.000000
1.38123	.761709	.000000
1.3816	.761776	.000000
1.38197	.761761	.000000
1.38234	.761631	.000000
1.38271	.761454	.000000
1.38308	.761511	.000000
1.38345	.761645	.000000
1.38381	.761640	.000000
1.38418	.761620	.000000
1.38455	.761591	.000000
1.38492	.761572	.000000
1.38529	.761603	.000000
1.38566	.761696	.000000
1.38603	.761618	.000000
1.3864	.761540	.000000
1.38678	.761634	.000000
1.38715	.761718	.000000
1.38752	.761656	.000000
1.38789	.761522	.000000
1.38826	.761431	.000000
1.38863	.761503	.000000
1.389	.761536	.000000
1.38938	.761454	.000000
1.38975	.761434	.000000
1.39012	.761355	.000000
1.39049	.761289	.000000
1.39087	.761324	.000000
1.39124	.761273	.000000
1.39161	.761115	.000000
1.39199	.760868	.000000
1.39236	.760742	.000000
1.39274	.760733	.000000
1.39311	.760697	.000000
1.39348	.760590	.000000
1.39386	.760492	.000000
1.39423	.760399	.000000
1.39461	.760168	.000000
1.39498	.759861	.000000
1.39536	.759727	.000000
1.39574	.759680	.000000
1.39611	.759538	.000000
1.39649	.759266	.000000
1.39686	.759166	.000000
1.39724	.759066	.000000
1.39762	.758837	.000000
1.39799	.758715	.000000
1.39837	.758541	.000000
1.39875	.758287	.000000
1.39912	.758112	.000000
1.3995	.757892	.000000
1.39988	.757671	.000000
1.40026	.757491	.000000
1.40064	.757267	.000000
1.40102	.757149	.000000
1.40139	.757044	.000000
1.40177	.756895	.000000
1.40215	.756773	.000000
1.40253	.756643	.000000
1.40291	.756534	.000000
1.40329	.756416	.000000
1.40367	.756281	.000000
1.40405	.756228	.000000
1.40443	.756132	.000000
1.40481	.755842	.000000
1.40519	.755758	.000000
1.40557	.755731	.000000
1.40595	.755645	.000000
1.40634	.755531	.000000
1.40672	.755478	.000000
1.4071	.755404	.000000
1.40748	.755338	.000000
1.40786	.755280	.000000
1.40825	.755142	.000000
1.40863	.754951	.000000
1.40901	.754850	.000000
1.40939	.754775	.000000
1.40978	.754792	.000000
1.41016	.754870	.000000
1.41054	.754868	.000000
1.41093	.754823	.000000
1.41131	.754737	.000000
1.4117	.754770	.000000
1.41208	.754848	.000000
1.41247	.754908	.000000
1.41285	.754981	.000000
1.41324	.754993	.000000
1.41362	.755084	.000000
1.41401	.755257	.000000
1.41439	.755404	.000000
1.41478	.755571	.000000
1.41516	.755767	.000000
1.41555	.756047	.000000
1.41594	.756317	.000000
1.41632	.756608	.000000
1.41671	.756795	.000000
1.4171	.756926	.000000
1.41749	.757158	.000000
1.41787	.757449	.000000
1.41826	.757651	.000000
1.41865	.757891	.000000
1.41904	.758108	.000000
1.41943	.758279	.000000
1.41981	.758568	.000000
1.4202	.758853	.000000
1.42059	.759086	.000000
1.42098	.759255	.000000
1.42137	.759442	.000000
1.42176	.759611	.000000
1.42215	.759745	.000000
1.42254	.759890	.000000
1.42293	.760116	.000000
1.42332	.760297	.000000
1.42371	.760415	.000000
1.4241	.760403	.000000
1.4245	.760486	.000000
1.42489	.760619	.000000
1.42528	.760731	.000000
1.42567	.760908	.000000
1.42606	.760982	.000000
1.42645	.761029	.000000
1.42685	.761140	.000000
1.42724	.761229	.000000
1.42763	.761289	.000000
1.42803	.761349	.000000
1.42842	.761394	.000000
1.42881	.761413	.000000
1.42921	.761505	.000000
1.4296	.761534	.000000
1.43	.761551	.000000
1.43039	.761627	.000000
1.43078	.761689	.000000
1.43118	.761736	.000000
1.43157	.761747	.000000
1.43197	.761743	.000000
1.43237	.761741	.000000
1.43276	.761756	.000000
1.43316	.761803	.000000
1.43355	.761830	.000000
1.43395	.761870	.000000
1.43435	.761841	.000000
1.43474	.761816	.000000
1.43514	.761789	.000000
1.43554	.761829	.000000
1.43594	.761836	.000000
1.43633	.761830	.000000
1.43673	.761878	.000000
1.43713	.761899	.000000
1.43753	.761965	.000000
1.43793	.761992	.000000
1.43833	.761932	.000000
1.43873	.761945	.000000
1.43912	.761945	.000000
1.43952	.761948	.000000
1.43992	.761952	.000000
1.44032	.761968	.000000
1.44072	.762025	.000000
1.44112	.762065	.000000
1.44153	.762048	.000000
1.44193	.762016	.000000
1.44233	.761998	.000000
1.44273	.761987	.000000
1.44313	.762027	.000000
1.44353	.762083	.000000
1.44393	.762134	.000000
1.44434	.762161	.000000
1.44474	.762030	.000000
1.44514	.762065	.000000
1.44554	.762121	.000000
1.44595	.762068	.000000
1.44635	.762197	.000000
1.44675	.762281	.000000
1.44716	.762170	.000000
1.44756	.762143	.000000
1.44797	.762199	.000000
1.44837	.762168	.000000
1.44878	.762168	.000000
1.44918	.762172	.000000
1.44959	.762306	.000000
1.44999	.762350	.000000
1.4504	.762301	.000000
1.4508	.762310	.000000
1.45121	.762248	.000000
1.45162	.762234	.000000
1.45202	.762294	.000000
1.45243	.762386	.000000
1.45284	.762433	.000000
1.45324	.762392	.000000
1.45365	.762348	.000000
1.45406	.762354	.000000
1.45447	.762419	.000000
1.45487	.762472	.000000
1.45528	.762483	.000000
1.45569	.762492	.000000
1.4561	.762501	.000000
1.45651	.762497	.000000
1.45692	.762479	.000000
1.45733	.762463	.000000
1.45774	.762433	.000000
1.45815	.762346	.000000
1.45856	.762357	.000000
1.45897	.762415	.000000
1.45938	.762455	.000000
1.45979	.762468	.000000
1.4602	.762477	.000000
1.46061	.762504	.000000
1.46102	.762599	.000000
1.46144	.762684	.000000
1.46185	.762666	.000000
1.46226	.762572	.000000
1.46267	.762537	.000000
1.46308	.762546	.000000
1.4635	.762592	.000000
1.46391	.762546	.000000
1.46432	.762532	.000000
1.46474	.762553	.000000
1.46515	.762584	.000000
1.46557	.762593	.000000
1.46598	.762575	.000000
1.4664	.762622	.000000
1.46681	.762641	.000000
1.46723	.762673	.000000
1.46764	.762768	.000000
1.46806	.762760	.000000
1.46847	.762684	.000000
1.46889	.762646	.000000
1.4693	.762719	.000000
1.46972	.762773	.000000
1.47014	.762760	.000000
1.47055	.762677	.000000
1.47097	.762644	.000000
1.47139	.762686	.000000
1.47181	.762686	.000000
1.47222	.762697	.000000
1.47264	.762719	.000000
1.47306	.762806	.000000
1.47348	.762815	.000000
1.4739	.762804	.000000
1.47432	.762771	.000000
1.47474	.762710	.000000
1.47516	.762733	.000000
1.47558	.762782	.000000
1.476	.762826	.000000
1.47642	.762835	.000000
1.47684	.762822	.000000
1.47726	.762898	.000000
1.47768	.762902	.000000
1.4781	.762826	.000000
1.47852	.762822	.000000
1.47894	.762831	.000000
1.47937	.762777	.000000
1.47979	.762793	.000000
1.48021	.762848	.000000
1.48063	.762835	.000000
1.48106	.762842	.000000
1.48148	.762848	.000000
1.4819	.762817	.000000
1.48233	.762829	.000000
1.48275	.762851	.000000
1.48317	.762869	.000000
1.4836	.762837	.000000
1.48402	.762822	.000000
1.48445	.762917	.000000
1.48487	.762951	.000000
1.4853	.762868	.000000
1.48572	.762842	.000000
1.48615	.762924	.000000
1.48658	.762978	.000000
1.487	.762886	.000000
1.48743	.762831	.000000
1.48786	.762860	.000000
1.48828	.762984	.000000
1.48871	.763067	.000000
1.48914	.763004	.000000
1.48957	.762918	.000000
1.48999	.763006	.000000
1.49042	.763091	.000000
1.49085	.762995	.000000
1.49128	.762900	.000000
1.49171	.762942	.000000
1.49214	.762951	.000000
1.49257	.762993	.000000
1.493	.763033	.000000
1.49343	.763067	.000000
1.49386	.763082	.000000
1.49429	.763040	.000000
1.49472	.763038	.000000
1.49515	.763138	.000000
1.49558	.763115	.000000
1.49601	.763064	.000000
1.49644	.763073	.000000
1.49688	.763040	.000000
1.49731	.763013	.000000
1.49774	.763033	.000000
1.49817	.763055	.000000
1.49861	.763111	.000000
1.49904	.763138	.000000
1.49947	.763102	.000000
1.49991	.763062	.000000
1.50034	.763106	.000000
1.50078	.763100	.000000
1.50121	.763100	.000000
1.50165	.763144	.000000
1.50208	.763131	.000000
1.50252	.763095	.000000
1.50295	.763067	.000000
1.50339	.763147	.000000
1.50382	.763225	.000000
1.50426	.763171	.000000
1.5047	.763207	.000000
1.50513	.763294	.000000
1.50557	.763235	.000000
1.50601	.763067	.000000
1.50644	.762998	.000000
1.50688	.763044	.000000
1.50732	.763084	.000000
1.50776	.763111	.000000
1.5082	.763131	.000000
1.50864	.763104	.000000
1.50908	.763089	.000000
1.50952	.763077	.000000
1.50995	.763098	.000000
1.51039	.763166	.000000
1.51083	.763173	.000000
1.51127	.763207	.000000
1.51172	.763236	.000000
1.51216	.763209	.000000
1.5126	.763176	.000000
1.51304	.763220	.000000
1.51348	.763293	.000000
1.51392	.763253	.000000
1.51436	.763200	.000000
1.51481	.763209	.000000
1.51525	.763216	.000000
1.51569	.763264	.000000
1.51614	.763284	.000000
1.51658	.763233	.000000
1.51702	.763271	.000000
1.51747	.763256	.000000
1.51791	.763262	.000000
1.51836	.763342	.000000
1.5188	.763354	.000000
1.51925	.763333	.000000
1.51969	.763342	.000000
1.52014	.763353	.000000
1.52058	.763331	.000000
1.52103	.763274	.000000
1.52148	.763207	.000000
1.52192	.763184	.000000
1.52237	.763269	.000000
1.52282	.763329	.000000
1.52326	.763382	.000000
1.52371	.763383	.000000
1.52416	.763325	.000000
1.52461	.763373	.000000
1.52506	.763433	.000000
1.5255	.763431	.000000
1.52595	.763458	.000000
1.5264	.763454	.000000
1.52685	.763367	.000000
1.5273	.763304	.000000
1.52775	.763345	.000000
1.5282	.763300	.000000
1.52865	.763289	.000000
1.5291	.763334	.000000
1.52955	.763320	.000000
1.53001	.763318	.000000
1.53046	.763327	.000000
1.53091	.763325	.000000
1.53136	.763269	.000000
1.53181	.763285	.000000
1.53227	.763369	.000000
1.53272	.763420	.000000
1.53317	.763394	.000000
1.53363	.763338	.000000
1.53408	.763329	.000000
1.53453	.763331	.000000
1.53499	.763325	.000000
1.53544	.763329	.000000
1.5359	.763376	.000000
1.53635	.763398	.000000
1.53681	.763414	.000000
1.53726	.763440	.000000
1.53772	.763374	.000000
1.53818	.763282	.000000
1.53863	.763298	.000000
1.53909	.763340	.000000
1.53955	.763398	.000000
1.54	.763382	.000000
1.54046	.763345	.000000
1.54092	.763371	.000000
1.54138	.763434	.000000
1.54184	.763434	.000000
1.54229	.763403	.000000
1.54275	.763440	.000000
1.54321	.763454	.000000
1.54367	.763472	.000000
1.54413	.763411	.000000
1.54459	.763360	.000000
1.54505	.763320	.000000
1.54551	.763238	.000000
1.54597	.763233	.000000
1.54643	.763358	.000000
1.5469	.763411	.000000
1.54736	.763420	.000000
1.54782	.763429	.000000
1.54828	.763407	.000000
1.54874	.763403	.000000
1.54921	.763414	.000000
1.54967	.763431	.000000
1.55013	.763445	.000000
1.5506	.763454	.000000
1.55106	.763454	.000000
1.55152	.763440	.000000
1.55199	.763403	.000000
1.55245	.763380	.000000
1.55292	.763374	.000000
1.55338	.763378	.000000
1.55385	.763411	.000000
1.55432	.763514	.000000
1.55478	.763532	.000000
1.55525	.763522	.000000
1.55571	.763480	.000000
1.55618	.763449	.000000
1.55665	.763378	.000000
1.55712	.763362	.000000
1.55758	.763413	.000000
1.55805	.763354	.000000
1.55852	.763398	.000000
1.55899	.763471	.000000
1.55946	.763496	.000000
1.55993	.763433	.000000
1.5604	.763422	.000000
1.56087	.763460	.000000
1.56134	.763498	.000000
1.56181	.763536	.000000
1.56228	.763489	.000000
1.56275	.763447	.000000
1.56322	.763414	.000000
1.56369	.763429	.000000
1.56416	.763487	.000000
1.56463	.763494	.000000
1.56511	.763480	.000000
1.56558	.763472	.000000
1.56605	.763463	.000000
1.56653	.763500	.000000
1.567	.763509	.000000
1.56747	.763482	.000000
1.56795	.763462	.000000
1.56842	.763491	.000000
1.5689	.763540	.000000
1.56937	.763543	.000000
1.56985	.763543	.000000
1.57032	.763534	.000000
1.5708	.763518	.000000
1.57127	.763523	.000000
1.57175	.763529	.000000
1.57223	.763491	.000000
1.5727	.763474	.000000
1.57318	.763527	.000000
1.57366	.763554	.000000
1.57413	.763512	.000000
1.57461	.763558	.000000
1.57509	.763605	.000000
1.57557	.763601	.000000
1.57605	.763565	.000000
1.57653	.763471	.000000
1.57701	.763480	.000000
1.57749	.763578	.000000
1.57797	.763647	.000000
1.57845	.763611	.000000
1.57893	.763551	.000000
1.57941	.763569	.000000
1.57989	.763551	.000000
1.58037	.763471	.000000
1.58085	.763520	.000000
1.58134	.763583	.000000
1.58182	.763565	.000000
1.5823	.763538	.000000
1.58278	.763487	.000000
1.58327	.763492	.000000
1.58375	.763552	.000000
1.58424	.763591	.000000
1.58472	.763583	.000000
1.5852	.763532	.000000
1.58569	.763485	.000000
1.58617	.763487	.000000
1.58666	.763560	.000000
1.58715	.763612	.000000
1.58763	.763601	.000000
1.58812	.763551	.000000
1.5886	.763571	.000000
1.58909	.763545	.000000
1.58958	.763534	.000000
1.59007	.763529	.000000
1.59055	.763603	.000000
1.59104	.763643	.000000
1.59153	.763525	.000000
1.59202	.763511	.000000
1.59251	.763507	.000000
1.593	.763525	.000000
1.59349	.763605	.000000
1.59398	.763618	.000000
1.59447	.763545	.000000
1.59496	.763534	.000000
1.59545	.763549	.000000
1.59594	.763592	.000000
1.59643	.763620	.000000
1.59692	.763596	.000000
1.59741	.763571	.000000
1.59791	.763545	.000000
1.5984	.763532	.000000
1.59889	.763551	.000000
1.59939	.763487	.000000
1.59988	.763485	.000000
1.60037	.763416	.000000
1.60087	.763438	.000000
1.60136	.763554	.000000
1.60186	.763609	.000000
1.60235	.763554	.000000
1.60285	.763498	.000000
1.60334	.763503	.000000
1.60384	.763498	.000000
1.60433	.763525	.000000
1.60483	.763527	.000000
1.60533	.763482	.000000
1.60582	.763525	.000000
1.60632	.763600	.000000
1.60682	.763581	.000000
1.60732	.763581	.000000
1.60782	.763618	.000000
1.60832	.763589	.000000
1.60881	.763538	.000000
1.60931	.763523	.000000
1.60981	.763603	.000000
1.61031	.763591	.000000
1.61081	.763496	.000000
1.61131	.763494	.000000
1.61182	.763547	.000000
1.61232	.763520	.000000
1.61282	.763560	.000000
1.61332	.763598	.000000
1.61382	.763592	.000000
1.61432	.763561	.000000
1.61483	.763522	.000000
1.61533	.763565	.000000
1.61583	.763598	.000000
1.61634	.763620	.000000
1.61684	.763527	.000000
1.61735	.763489	.000000
1.61785	.763565	.000000
1.61836	.763560	.000000
1.61886	.763545	.000000
1.61937	.763571	.000000
1.61987	.763631	.000000
1.62038	.763623	.000000
1.62089	.763580	.000000
1.62139	.763569	.000000
1.6219	.763623	.000000
1.62241	.763660	.000000
1.62291	.763629	.000000
1.62342	.763596	.000000
1.62393	.763578	.000000
1.62444	.763592	.000000
1.62495	.763636	.000000
1.62546	.763707	.000000
1.62597	.763720	.000000
1.62648	.763661	.000000
1.62699	.763618	.000000
1.6275	.763572	.000000
1.62801	.763543	.000000
1.62852	.763583	.000000
1.62903	.763645	.000000
1.62955	.763641	.000000
1.63006	.763614	.000000
1.63057	.763612	.000000
1.63108	.763554	.000000
1.6316	.763498	.000000
1.63211	.763509	.000000
1.63262	.763567	.000000
1.63314	.763580	.000000
1.63365	.763592	.000000
1.63417	.763616	.000000
1.63468	.763585	.000000
1.6352	.763565	.000000
1.63571	.763502	.000000
1.63623	.763460	.000000
1.63675	.763496	.000000
1.63726	.763512	.000000
1.63778	.763554	.000000
1.6383	.763605	.000000
1.63882	.763569	.000000
1.63933	.763534	.000000
1.63985	.763536	.000000
1.64037	.763540	.000000
1.64089	.763565	.000000
1.64141	.763578	.000000
1.64193	.763523	.000000
1.64245	.763529	.000000
1.64297	.763532	.000000
1.64349	.763518	.000000
1.64401	.763520	.000000
1.64453	.763511	.000000
1.64506	.763551	.000000
1.64558	.763523	.000000
1.6461	.763485	.000000
1.64662	.763494	.000000
1.64715	.763487	.000000
1.64767	.763487	.000000
1.64819	.763502	.000000
1.64872	.763491	.000000
1.64924	.763453	.000000
1.64977	.763487	.000000
1.65029	.763436	.000000
1.65082	.763403	.000000
1.65134	.763469	.000000
1.65187	.763516	.000000
1.6524	.763489	.000000
1.65292	.763442	.000000
1.65345	.763434	.000000
1.65398	.763494	.000000
1.65451	.763551	.000000
1.65503	.763512	.000000
1.65556	.763434	.000000
1.65609	.763389	.000000
1.65662	.763351	.000000
1.65715	.763380	.000000
1.65768	.763429	.000000
1.65821	.763483	.000000
1.65874	.763491	.000000
1.65927	.763476	.000000
1.6598	.763447	.000000
1.66033	.763394	.000000
1.66087	.763364	.000000
1.6614	.763416	.000000
1.66193	.763462	.000000
1.66246	.763433	.000000
1.663	.763454	.000000
1.66353	.763476	.000000
1.66406	.763509	.000000
1.6646	.763587	.000000
1.66513	.763627	.000000
1.66567	.763520	.000000
1.6662	.763471	.000000
1.66674	.763436	.000000
1.66727	.763349	.000000
1.66781	.763376	.000000
1.66835	.763413	.000000
1.66888	.763393	.000000
1.66942	.763413	.000000
1.66996	.763480	.000000
1.6705	.763511	.000000
1.67104	.763469	.000000
1.67157	.763376	.000000
1.67211	.763349	.000000
1.67265	.763407	.000000
1.67319	.763451	.000000
1.67373	.763478	.000000
1.67427	.763489	.000000
1.67481	.763514	.000000
1.67536	.763558	.000000
1.6759	.763534	.000000
1.67644	.763516	.000000
1.67698	.763529	.000000
1.67752	.763494	.000000
1.67807	.763467	.000000
1.67861	.763529	.000000
1.67915	.763589	.000000
1.6797	.763571	.000000
1.68024	.763549	.000000
1.68079	.763558	.000000
1.68133	.763560	.000000
1.68188	.763540	.000000
1.68242	.763567	.000000
1.68297	.763523	.000000
1.68352	.763512	.000000
1.68406	.763525	.000000
1.68461	.763449	.000000
1.68516	.763434	.000000
1.6857	.763532	.000000
1.68625	.763592	.000000
1.6868	.763561	.000000
1.68735	.763516	.000000
1.6879	.763489	.000000
1.68845	.763520	.000000
1.689	.763536	.000000
1.68955	.763494	.000000
1.6901	.763523	.000000
1.69065	.763560	.000000
1.6912	.763571	.000000
1.69176	.763560	.000000
1.69231	.763509	.000000
1.69286	.763502	.000000
1.69341	.763538	.000000
1.69397	.763514	.000000
1.69452	.763514	.000000
1.69507	.763531	.000000
1.69563	.763509	.000000
1.69618	.763523	.000000
1.69674	.763532	.000000
1.69729	.763514	.000000
1.69785	.763502	.000000
1.69841	.763520	.000000
1.69896	.763496	.000000
1.69952	.763454	.000000
1.70008	.763442	.000000
1.70063	.763460	.000000
1.70119	.763505	.000000
1.70175	.763496	.000000
1.70231	.763453	.000000
1.70287	.763420	.000000
1.70343	.763396	.000000
1.70399	.763407	.000000
1.70455	.763405	.000000
1.70511	.763369	.000000
1.70567	.763325	.000000
1.70623	.763344	.000000
1.70679	.763367	.000000
1.70735	.763322	.000000
1.70792	.763325	.000000
1.70848	.763347	.000000
1.70904	.763334	.000000
1.70961	.763364	.000000
1.71017	.763371	.000000
1.71073	.763322	.000000
1.7113	.763329	.000000
1.71186	.763422	.000000
1.71243	.763420	.000000
1.71299	.763331	.000000
1.71356	.763240	.000000
1.71413	.763285	.000000
1.71469	.763304	.000000
1.71526	.763249	.000000
1.71583	.763235	.000000
1.7164	.763236	.000000
1.71697	.763196	.000000
1.71753	.763215	.000000
1.7181	.763251	.000000
1.71867	.763258	.000000
1.71924	.763267	.000000
1.71981	.763262	.000000
1.72038	.763264	.000000
1.72095	.763227	.000000
1.72153	.763285	.000000
1.7221	.763314	.000000
1.72267	.763276	.000000
1.72324	.763220	.000000
1.72382	.763147	.000000
1.72439	.763202	.000000
1.72496	.763244	.000000
1.72554	.763220	.000000
1.72611	.763189	.000000
1.72669	.763160	.000000
1.72726	.763195	.000000
1.72784	.763245	.000000
1.72841	.763245	.000000
1.72899	.763238	.000000
1.72957	.763211	.000000
1.73014	.763211	.000000
1.73072	.763244	.000000
1.7313	.763262	.000000
1.73188	.763244	.000000
1.73246	.763233	.000000
1.73303	.763231	.000000
1.73361	.763242	.000000
1.73419	.763247	.000000
1.73477	.763260	.000000
1.73535	.763231	.000000
1.73594	.763256	.000000
1.73652	.763260	.000000
1.7371	.763216	.000000
1.73768	.763196	.000000
1.73826	.763207	.000000
1.73885	.763229	.000000
1.73943	.763198	.000000
1.74001	.763162	.000000
1.7406	.763167	.000000
1.74118	.763187	.000000
1.74177	.763244	.000000
1.74235	.763256	.000000
1.74294	.763218	.000000
1.74352	.763198	.000000
1.74411	.763245	.000000
1.7447	.763293	.000000
1.74529	.763258	.000000
1.74587	.763245	.000000
1.74646	.763227	.000000
1.74705	.763156	.000000
1.74764	.763131	.000000
1.74823	.763164	.000000
1.74882	.763164	.000000
1.74941	.763187	.000000
1.75	.763220	.000000
1.75059	.763265	.000000
1.75118	.763236	.000000
1.75177	.763196	.000000
1.75236	.763204	.000000
1.75296	.763169	.000000
1.75355	.763189	.000000
1.75414	.763196	.000000
1.75474	.763176	.000000
1.75533	.763149	.000000
1.75592	.763144	.000000
1.75652	.763155	.000000
1.75711	.763138	.000000
1.75771	.763129	.000000
1.75831	.763147	.000000
1.7589	.763131	.000000
1.7595	.763091	.000000
1.7601	.763095	.000000
1.76069	.763098	.000000
1.76129	.763131	.000000
1.76189	.763175	.000000
1.76249	.763185	.000000
1.76309	.763155	.000000
1.76369	.763084	.000000
1.76429	.763075	.000000
1.76489	.763107	.000000
1.76549	.763031	.000000
1.76609	.763002	.000000
1.76669	.763038	.000000
1.7673	.763104	.000000
1.7679	.763091	.000000
1.7685	.763044	.000000
1.76911	.763029	.000000
1.76971	.763038	.000000
1.77031	.762978	.000000
1.77092	.762948	.000000
1.77152	.762987	.000000
1.77213	.763004	.000000
1.77273	.762987	.000000
1.77334	.763007	.000000
1.77395	.763022	.000000
1.77455	.763033	.000000
1.77516	.763013	.000000
1.77577	.763002	.000000
1.77638	.763015	.000000
1.77699	.763013	.000000
1.7776	.762982	.000000
1.77821	.762964	.000000
1.77882	.762995	.000000
1.77943	.763069	.000000
1.78004	.763062	.000000
1.78065	.762991	.000000
1.78126	.762964	.000000
1.78187	.763029	.000000
1.78249	.763024	.000000
1.7831	.763017	.000000
1.78371	.763042	.000000
1.78433	.763017	.000000
1.78494	.762924	.000000
1.78556	.762898	.000000
1.78617	.762915	.000000
1.78679	.762946	.000000
1.7874	.762940	.000000
1.78802	.762942	.000000
1.78864	.762968	.000000
1.78925	.762960	.000000
1.78987	.762888	.000000
1.79049	.762844	.000000
1.79111	.762839	.000000
1.79173	.762826	.000000
1.79235	.762895	.000000
1.79296	.762957	.000000
1.79358	.762882	.000000
1.79421	.762835	.000000
1.79483	.762860	.000000
1.79545	.762877	.000000
1.79607	.762855	.000000
1.79669	.762866	.000000
1.79732	.762882	.000000
1.79794	.762853	.000000
1.79856	.762886	.000000
1.79919	.762908	.000000
1.79981	.762862	.000000
1.80044	.762846	.000000
1.80106	.762842	.000000
1.80169	.762898	.000000
1.80231	.762891	.000000
1.80294	.762860	.000000
1.80357	.762866	.000000
1.80419	.762857	.000000
1.80482	.762873	.000000
1.80545	.762889	.000000
1.80608	.762893	.000000
1.80671	.762902	.000000
1.80734	.762871	.000000
1.80797	.762898	.000000
1.8086	.762904	.000000
1.80923	.762839	.000000
1.80986	.762853	.000000
1.8105	.762893	.000000
1.81113	.762873	.000000
1.81176	.762829	.000000
1.81239	.762837	.000000
1.81303	.762835	.000000
1.81366	.762802	.000000
1.8143	.762780	.000000
1.81493	.762802	.000000
1.81557	.762771	.000000
1.8162	.762751	.000000
1.81684	.762817	.000000
1.81748	.762799	.000000
1.81811	.762800	.000000
1.81875	.762793	.000000
1.81939	.762740	.000000
1.82003	.762704	.000000
1.82067	.762726	.000000
1.82131	.762713	.000000
1.82195	.762651	.000000
1.82259	.762633	.000000
1.82323	.762684	.000000
1.82387	.762695	.000000
1.82451	.762695	.000000
1.82515	.762690	.000000
1.8258	.762666	.000000
1.82644	.762630	.000000
1.82708	.762597	.000000
1.82773	.762597	.000000
1.82837	.762608	.000000
1.82902	.762639	.000000
1.82966	.762601	.000000
1.83031	.762581	.000000
1.83095	.762581	.000000
1.8316	.762584	.000000
1.83225	.762597	.000000
1.8329	.762575	.000000
1.83354	.762550	.000000
1.83419	.762526	.000000
1.83484	.762532	.000000
1.83549	.762528	.000000
1.83614	.762495	.000000
1.83679	.762463	.000000
1.83744	.762450	.000000
1.83809	.762495	.000000
1.83875	.762503	.000000
1.8394	.762455	.000000
1.84005	.762439	.000000
1.8407	.762441	.000000
1.84136	.762401	.000000
1.84201	.762426	.000000
1.84267	.762419	.000000
1.84332	.762437	.000000
1.84398	.762492	.000000
1.84463	.762463	.000000
1.84529	.762388	.000000
1.84595	.762404	.000000
1.84661	.762377	.000000
1.84726	.762343	.000000
1.84792	.762386	.000000
1.84858	.762363	.000000
1.84924	.762355	.000000
1.8499	.762413	.000000
1.85056	.762421	.000000
1.85122	.762384	.000000
1.85188	.762403	.000000
1.85254	.762406	.000000
1.85321	.762335	.000000
1.85387	.762294	.000000
1.85453	.762305	.000000
1.85519	.762355	.000000
1.85586	.762344	.000000
1.85652	.762341	.000000
1.85719	.762348	.000000
1.85785	.762346	.000000
1.85852	.762337	.000000
1.85919	.762324	.000000
1.85985	.762308	.000000
1.86052	.762241	.000000
1.86119	.762226	.000000
1.86186	.762235	.000000
1.86253	.762261	.000000
1.8632	.762323	.000000
1.86386	.762290	.000000
1.86454	.762212	.000000
1.86521	.762275	.000000
1.86588	.762390	.000000
1.86655	.762337	.000000
1.86722	.762248	.000000
1.86789	.762214	.000000
1.86857	.762203	.000000
1.86924	.762225	.000000
1.86991	.762196	.000000
1.87059	.762228	.000000
1.87126	.762286	.000000
1.87194	.762283	.000000
1.87262	.762261	.000000
1.87329	.762301	.000000
1.87397	.762321	.000000
1.87465	.762248	.000000
1.87533	.762230	.000000
1.876	.762232	.000000
1.87668	.762192	.000000
1.87736	.762214	.000000
1.87804	.762219	.000000
1.87872	.762192	.000000
1.8794	.762188	.000000
1.88009	.762196	.000000
1.88077	.762185	.000000
1.88145	.762112	.000000
1.88213	.762096	.000000
1.88282	.762121	.000000
1.8835	.762125	.000000
1.88418	.762121	.000000
1.88487	.762092	.000000
1.88556	.762001	.000000
1.88624	.761907	.000000
1.88693	.761867	.000000
1.88761	.761867	.000000
1.8883	.761818	.000000
1.88899	.761760	.000000
1.88968	.761761	.000000
1.89037	.761796	.000000
1.89106	.761727	.000000
1.89175	.761665	.000000
1.89244	.761681	.000000
1.89313	.761661	.000000
1.89382	.761627	.000000
1.89451	.761538	.000000
1.8952	.761453	.000000
1.8959	.761449	.000000
1.89659	.761460	.000000
1.89729	.761440	.000000
1.89798	.761427	.000000
1.89867	.761385	.000000
1.89937	.761320	.000000
1.90007	.761289	.000000
1.90076	.761209	.000000
1.90146	.761138	.000000
1.90216	.761196	.000000
1.90286	.761160	.000000
1.90355	.761173	.000000
1.90425	.761176	.000000
1.90495	.761133	.000000
1.90565	.761129	.000000
1.90635	.761086	.000000
1.90705	.761066	.000000
1.90776	.760993	.000000
1.90846	.760944	.000000
1.90916	.760984	.000000
1.90986	.761009	.000000
1.91057	.760939	.000000
1.91127	.760917	.000000
1.91198	.760911	.000000
1.91268	.760868	.000000
1.91339	.760868	.000000
1.9141	.760889	.000000
1.9148	.760882	.000000
1.91551	.760826	.000000
1.91622	.760795	.000000
1.91693	.760808	.000000
1.91764	.760788	.000000
1.91834	.760746	.000000
1.91905	.760713	.000000
1.91977	.760739	.000000
1.92048	.760690	.000000
1.92119	.760617	.000000
1.9219	.760622	.000000
1.92261	.760672	.000000
1.92333	.760691	.000000
1.92404	.760682	.000000
1.92475	.760608	.000000
1.92547	.760601	.000000
1.92618	.760637	.000000
1.9269	.760617	.000000
1.92762	.760653	.000000
1.92833	.760688	.000000
1.92905	.760639	.000000
1.92977	.760593	.000000
1.93049	.760584	.000000
1.93121	.760610	.000000
1.93193	.760588	.000000
1.93265	.760581	.000000
1.93337	.760646	.000000
1.93409	.760697	.000000
1.93481	.760699	.000000
1.93553	.760670	.000000
1.93625	.760706	.000000
1.93698	.760733	.000000
1.9377	.760677	.000000
1.93843	.760681	.000000
1.93915	.760664	.000000
1.93988	.760633	.000000
1.9406	.760595	.000000
1.94133	.760583	.000000
1.94206	.760621	.000000
1.94278	.760650	.000000
1.94351	.760691	.000000
1.94424	.760710	.000000
1.94497	.760751	.000000
1.9457	.760766	.000000
1.94643	.760719	.000000
1.94716	.760677	.000000
1.94789	.760655	.000000
1.94863	.760688	.000000
1.94936	.760764	.000000
1.95009	.760761	.000000
1.95083	.760733	.000000
1.95156	.760715	.000000
1.95229	.760704	.000000
1.95303	.760701	.000000
1.95377	.760770	.000000
1.9545	.760808	.000000
1.95524	.760775	.000000
1.95598	.760741	.000000
1.95671	.760746	.000000
1.95745	.760788	.000000
1.95819	.760791	.000000
1.95893	.760764	.000000
1.95967	.760751	.000000
1.96041	.760750	.000000
1.96116	.760717	.000000
1.9619	.760764	.000000
1.96264	.760788	.000000
1.96338	.760766	.000000
1.96413	.760804	.000000
1.96487	.760839	.000000
1.96562	.760846	.000000
1.96636	.760837	.000000
1.96711	.760820	.000000
1.96785	.760757	.000000
1.9686	.760744	.000000
1.96935	.760721	.000000
1.9701	.760704	.000000
1.97085	.760737	.000000
1.9716	.760762	.000000
1.97235	.760764	.000000
1.9731	.760804	.000000
1.97385	.760826	.000000
1.9746	.760820	.000000
1.97535	.760779	.000000
1.9761	.760728	.000000
1.97686	.760784	.000000
1.97761	.760837	.000000
1.97837	.760824	.000000
1.97912	.760795	.000000
1.97988	.760781	.000000
1.98063	.760762	.000000
1.98139	.760724	.000000
1.98215	.760759	.000000
1.98291	.760733	.000000
1.98367	.760684	.000000
1.98442	.760731	.000000
1.98518	.760748	.000000
1.98594	.760751	.000000
1.98671	.760779	.000000
1.98747	.760753	.000000
1.98823	.760690	.000000
1.98899	.760668	.000000
1.98976	.760697	.000000
1.99052	.760686	.000000
1.99128	.760684	.000000
1.99205	.760681	.000000
1.99281	.760639	.000000
1.99358	.760593	.000000
1.99435	.760622	.000000
1.99512	.760664	.000000
1.99588	.760624	.000000
1.99665	.760621	.000000
1.99742	.760633	.000000
1.99819	.760595	.000000
1.99896	.760593	.000000
1.99973	.760670	.000000
2.0005	.760668	.000000
2.00128	.760617	.000000
2.00205	.760646	.000000
2.00282	.760639	.000000
2.0036	.760602	.000000
2.00437	.760615	.000000
2.00515	.760621	.000000
2.00592	.760650	.000000
2.0067	.760719	.000000
2.00747	.760681	.000000
2.00825	.760632	.000000
2.00903	.760617	.000000
2.00981	.760570	.000000
2.01059	.760592	.000000
2.01137	.760626	.000000
2.01215	.760646	.000000
2.01293	.760653	.000000
2.01371	.760686	.000000
2.01449	.760684	.000000
2.01528	.760686	.000000
2.01606	.760695	.000000
2.01685	.760650	.000000
2.01763	.760664	.000000
2.01842	.760711	.000000
2.0192	.760675	.000000
2.01999	.760633	.000000
2.02078	.760672	.000000
2.02156	.760697	.000000
2.02235	.760672	.000000
2.02314	.760648	.000000
2.02393	.760672	.000000
2.02472	.760666	.000000
2.02551	.760691	.000000
2.0263	.760681	.000000
2.0271	.760693	.000000
2.02789	.760691	.000000
2.02868	.760668	.000000
2.02948	.760670	.000000
2.03027	.760693	.000000
2.03107	.760728	.000000
2.03186	.760757	.000000
2.03266	.760702	.000000
2.03346	.760670	.000000
2.03425	.760637	.000000
2.03505	.760630	.000000
2.03585	.760697	.000000
2.03665	.760726	.000000
2.03745	.760679	.000000
2.03825	.760710	.000000
2.03905	.760719	.000000
2.03986	.760744	.000000
2.04066	.760768	.000000
2.04146	.760724	.000000
2.04227	.760641	.000000
2.04307	.760621	.000000
2.04388	.760655	.000000
2.04468	.760641	.000000
2.04549	.760653	.000000
2.0463	.760684	.000000
2.0471	.760659	.000000
2.04791	.760653	.000000
2.04872	.760615	.000000
2.04953	.760612	.000000
2.05034	.760639	.000000
2.05115	.760659	.000000
2.05197	.760642	.000000
2.05278	.760599	.000000
2.05359	.760617	.000000
2.05441	.760648	.000000
2.05522	.760652	.000000
2.05603	.760581	.000000
2.05685	.760532	.000000
2.05767	.760563	.000000
2.05848	.760575	.000000
2.0593	.760601	.000000
2.06012	.760597	.000000
2.06094	.760521	.000000
2.06176	.760444	.000000
2.06258	.760441	.000000
2.0634	.760483	.000000
2.06422	.760550	.000000
2.06504	.760532	.000000
2.06587	.760504	.000000
2.06669	.760448	.000000
2.06751	.760381	.000000
2.06834	.760354	.000000
2.06916	.760392	.000000
2.06999	.760439	.000000
2.07082	.760448	.000000
2.07164	.760443	.000000
2.07247	.760412	.000000
2.0733	.760408	.000000
2.07413	.760410	.000000
2.07496	.760330	.000000
2.07579	.760308	.000000
2.07662	.760343	.000000
2.07745	.760343	.000000
2.07829	.760294	.000000
2.07912	.760241	.000000
2.07995	.760228	.000000
2.08079	.760237	.000000
2.08162	.760221	.000000
2.08246	.760219	.000000
2.0833	.760197	.000000
2.08413	.760157	.000000
2.08497	.760099	.000000
2.08581	.760090	.000000
2.08665	.760103	.000000
2.08749	.760048	.000000
2.08833	.760009	.000000
2.08917	.759996	.000000
2.09002	.759999	.000000
2.09086	.759970	.000000
2.0917	.759880	.000000
2.09255	.759816	.000000
2.09339	.759796	.000000
2.09424	.759809	.000000
2.09508	.759800	.000000
2.09593	.759785	.000000
2.09678	.759763	.000000
2.09763	.759732	.000000
2.09847	.759672	.000000
2.09932	.759643	.000000
2.10017	.759591	.000000
2.10103	.759553	.000000
2.10188	.759553	.000000
2.10273	.759525	.000000
2.10358	.759511	.000000
2.10444	.759449	.000000
2.10529	.759415	.000000
2.10615	.759444	.000000
2.107	.759393	.000000
2.10786	.759342	.000000
2.10872	.759340	.000000
2.10957	.759336	.000000
2.11043	.759271	.000000
2.11129	.759275	.000000
2.11215	.759300	.000000
2.11301	.759249	.000000
2.11387	.759187	.000000
2.11474	.759148	.000000
2.1156	.759167	.000000
2.11646	.759160	.000000
2.11733	.759095	.000000
2.11819	.759019	.000000
2.11906	.758997	.000000
2.11992	.758986	.000000
2.12079	.758922	.000000
2.12166	.758966	.000000
2.12253	.758991	.000000
2.1234	.759004	.000000
2.12427	.759039	.000000
2.12514	.759069	.000000
2.12601	.759011	.000000
2.12688	.758955	.000000
2.12775	.758960	.000000
2.12863	.759008	.000000
2.1295	.759009	.000000
2.13038	.758986	.000000
2.13125	.758955	.000000
2.13213	.758979	.000000
2.13301	.758973	.000000
2.13388	.758989	.000000
2.13476	.758964	.000000
2.13564	.758931	.000000
2.13652	.758908	.000000
2.1374	.758915	.000000
2.13828	.758879	.000000
2.13917	.758844	.000000
2.14005	.758884	.000000
2.14093	.758899	.000000
2.14182	.758855	.000000
2.1427	.758824	.000000
2.14359	.758762	.000000
2.14448	.758744	.000000
2.14536	.758762	.000000
2.14625	.758739	.000000
2.14714	.758724	.000000
2.14803	.758722	.000000
2.14892	.758650	.000000
2.14981	.758537	.000000
2.1507	.758475	.000000
2.15159	.758465	.000000
2.15249	.758463	.000000
2.15338	.758417	.000000
2.15428	.758350	.000000
2.15517	.758281	.000000
2.15607	.758163	.000000
2.15696	.758099	.000000
2.15786	.758078	.000000
2.15876	.757989	.000000
2.15966	.757949	.000000
2.16056	.757894	.000000
2.16146	.757807	.000000
2.16236	.757698	.000000
2.16327	.757564	.000000
2.16417	.757478	.000000
2.16507	.757369	.000000
2.16598	.757273	.000000
2.16688	.757124	.000000
2.16779	.756895	.000000
2.16869	.756764	.000000
2.1696	.756717	.000000
2.17051	.756563	.000000
2.17142	.756388	.000000
2.17233	.756158	.000000
2.17324	.755909	.000000
2.17415	.755698	.000000
2.17506	.755467	.000000
2.17598	.755137	.000000
2.17689	.754817	.000000
2.1778	.754494	.000000
2.17872	.754136	.000000
2.17963	.753805	.000000
2.18055	.753433	.000000
2.18147	.753046	.000000
2.18239	.752625	.000000
2.18331	.752200	.000000
2.18423	.751760	.000000
2.18515	.751250	.000000
2.18607	.750666	.000000
2.18699	.750114	.000000
2.18791	.749604	.000000
2.18884	.749135	.000000
2.18976	.748668	.000000
2.19069	.748156	.000000
2.19161	.747711	.000000
2.19254	.747257	.000000
2.19347	.746817	.000000
2.19439	.746474	.000000
2.19532	.746111	.000000
2.19625	.745767	.000000
2.19718	.745537	.000000
2.19812	.745344	.000000
2.19905	.745197	.000000
2.19998	.745155	.000000
2.20091	.745095	.000000
2.20185	.745077	.000000
2.20278	.745075	.000000
2.20372	.745108	.000000
2.20466	.745215	.000000
2.2056	.745406	.000000
2.20653	.745551	.000000
2.20747	.745766	.000000
2.20841	.746129	.000000
2.20936	.746476	.000000
2.2103	.746885	.000000
2.21124	.747301	.000000
2.21218	.747713	.000000
2.21313	.748114	.000000
2.21407	.748612	.000000
2.21502	.749110	.000000
2.21597	.749566	.000000
2.21691	.750009	.000000
2.21786	.750456	.000000
2.21881	.750928	.000000
2.21976	.751351	.000000
2.22071	.751784	.000000
2.22166	.752234	.000000
2.22261	.752586	.000000
2.22357	.752928	.000000
2.22452	.753240	.000000
2.22548	.753560	.000000
2.22643	.753873	.000000
2.22739	.754107	.000000
2.22835	.754314	.000000
2.2293	.754486	.000000
2.23026	.754568	.000000
2.23122	.754723	.000000
2.23218	.754879	.000000
2.23315	.754928	.000000
2.23411	.754955	.000000
2.23507	.754977	.000000
2.23603	.754968	.000000
2.237	.754922	.000000
2.23796	.754799	.000000
2.23893	.754710	.000000
2.2399	.754630	.000000
2.24087	.754474	.000000
2.24184	.754316	.000000
2.2428	.754263	.000000
2.24378	.754232	.000000
2.24475	.754105	.000000
2.24572	.754060	.000000
2.24669	.754190	.000000
2.24767	.754279	.000000
2.24864	.754328	.000000
2.24962	.754372	.000000
2.25059	.754447	.000000
2.25157	.754557	.000000
2.25255	.754708	.000000
2.25353	.754830	.000000
2.25451	.754881	.000000
2.25549	.754942	.000000
2.25647	.755080	.000000
2.25745	.755169	.000000
2.25844	.755258	.000000
2.25942	.755362	.000000
2.26041	.755476	.000000
2.26139	.755569	.000000
2.26238	.755631	.000000
2.26337	.755682	.000000
2.26435	.755727	.000000
2.26534	.755794	.000000
2.26633	.755865	.000000
2.26732	.755932	.000000
2.26832	.755983	.000000
2.26931	.756003	.000000
2.2703	.756047	.000000
2.2713	.756074	.000000
2.27229	.756099	.000000
2.27329	.756089	.000000
2.27429	.756101	.000000
2.27528	.756092	.000000
2.27628	.756078	.000000
2.27728	.756067	.000000
2.27828	.756018	.000000
2.27929	.755974	.000000
2.28029	.755967	.000000
2.28129	.755934	.000000
2.2823	.755896	.000000
2.2833	.755851	.000000
2.28431	.755736	.000000
2.28531	.755596	.000000
2.28632	.755473	.000000
2.28733	.755435	.000000
2.28834	.755393	.000000
2.28935	.755244	.000000
2.29036	.755119	.000000
2.29137	.754986	.000000
2.29239	.754850	.000000
2.2934	.754773	.000000
2.29442	.754641	.000000
2.29543	.754481	.000000
2.29645	.754372	.000000
2.29747	.754259	.000000
2.29848	.754125	.000000
2.2995	.754007	.000000
2.30052	.753960	.000000
2.30154	.753896	.000000
2.30257	.753793	.000000
2.30359	.753700	.000000
2.30461	.753633	.000000
2.30564	.753560	.000000
2.30666	.753462	.000000
2.30769	.753360	.000000
2.30872	.753315	.000000
2.30975	.753237	.000000
2.31078	.753088	.000000
2.31181	.752975	.000000
2.31284	.752901	.000000
2.31387	.752795	.000000
2.3149	.752666	.000000
2.31594	.752537	.000000
2.31697	.752410	.000000
2.31801	.752292	.000000
2.31905	.752101	.000000
2.32008	.751913	.000000
2.32112	.751798	.000000
2.32216	.751669	.000000
2.3232	.751498	.000000
2.32424	.751317	.000000
2.32529	.751141	.000000
2.32633	.750961	.000000
2.32737	.750725	.000000
2.32842	.750499	.000000
2.32946	.750359	.000000
2.33051	.750191	.000000
2.33156	.750022	.000000
2.33261	.749836	.000000
2.33366	.749582	.000000
2.33471	.749328	.000000
2.33576	.749170	.000000
2.33681	.748986	.000000
2.33787	.748801	.000000
2.33892	.748639	.000000
2.33998	.748461	.000000
2.34103	.748220	.000000
2.34209	.748018	.000000
2.34315	.747900	.000000
2.34421	.747744	.000000
2.34527	.747600	.000000
2.34633	.747480	.000000
2.34739	.747353	.000000
2.34846	.747295	.000000
2.34952	.747195	.000000
2.35059	.747054	.000000
2.35165	.747019	.000000
2.35272	.746990	.000000
2.35379	.747006	.000000
2.35486	.747054	.000000
2.35593	.747070	.000000
2.357	.747172	.000000
2.35807	.747304	.000000
2.35914	.747400	.000000
2.36022	.747419	.000000
2.36129	.747495	.000000
2.36237	.747675	.000000
2.36344	.747824	.000000
2.36452	.747905	.000000
2.3656	.747962	.000000
2.36668	.747973	.000000
2.36776	.748060	.000000
2.36884	.748172	.000000
2.36993	.748260	.000000
2.37101	.748369	.000000
2.37209	.748430	.000000
2.37318	.748427	.000000
2.37427	.748474	.000000
2.37535	.748574	.000000
2.37644	.748619	.000000
2.37753	.748627	.000000
2.37862	.748628	.000000
2.37972	.748630	.000000
2.38081	.748683	.000000
2.3819	.748725	.000000
2.383	.748685	.000000
2.38409	.748725	.000000
2.38519	.748777	.000000
2.38629	.748796	.000000
2.38739	.748812	.000000
2.38849	.748808	.000000
2.38959	.748857	.000000
2.39069	.748857	.000000
2.39179	.748885	.000000
2.39289	.748910	.000000
2.394	.748910	.000000
2.39511	.748899	.000000
2.39621	.748841	.000000
2.39732	.748814	.000000
2.39843	.748810	.000000
2.39954	.748727	.000000
2.40065	.748677	.000000
2.40176	.748672	.000000
2.40288	.748708	.000000
2.40399	.748610	.000000
2.4051	.748476	.000000
2.40622	.748425	.000000
2.40734	.748252	.000000
2.40846	.748049	.000000
2.40958	.748002	.000000
2.4107	.747855	.000000
2.41182	.747673	.000000
2.41294	.747519	.000000
2.41406	.747384	.000000
2.41519	.747252	.000000
2.41631	.747141	.000000
2.41744	.747061	.000000
2.41857	.746959	.000000
2.4197	.746779	.000000
2.42083	.746605	.000000
2.42196	.746483	.000000
2.42309	.746322	.000000
2.42422	.746156	.000000
2.42536	.746004	.000000
2.42649	.745862	.000000
2.42763	.745729	.000000
2.42876	.745577	.000000
2.4299	.745442	.000000
2.43104	.745284	.000000
2.43218	.745179	.000000
2.43332	.745148	.000000
2.43447	.745112	.000000
2.43561	.744981	.000000
2.43675	.744839	.000000
2.4379	.744778	.000000
2.43905	.744765	.000000
2.4402	.744748	.000000
2.44134	.744750	.000000
2.44249	.744730	.000000
2.44364	.744712	.000000
2.4448	.744730	.000000
2.44595	.744727	.000000
2.4471	.744739	.000000
2.44826	.744787	.000000
2.44942	.744810	.000000
2.45057	.744859	.000000
2.45173	.744894	.000000
2.45289	.744923	.000000
2.45405	.744961	.000000
2.45522	.745041	.000000
2.45638	.745106	.000000
2.45754	.745114	.000000
2.45871	.745201	.000000
2.45987	.745306	.000000
2.46104	.745319	.000000
2.46221	.745373	.000000
2.46338	.745459	.000000
2.46455	.745531	.000000
2.46572	.745530	.000000
2.4669	.745591	.000000
2.46807	.745702	.000000
2.46924	.745749	.000000
2.47042	.745824	.000000
2.4716	.745951	.000000
2.47278	.745955	.000000
2.47396	.745933	.000000
2.47514	.745953	.000000
2.47632	.745995	.000000
2.4775	.746005	.000000
2.47869	.746040	.000000
2.47987	.746073	.000000
2.48106	.746009	.000000
2.48225	.745998	.000000
2.48344	.746078	.000000
2.48463	.746069	.000000
2.48582	.746038	.000000
2.48701	.746067	.000000
2.4882	.746042	.000000
2.4894	.746016	.000000
2.49059	.746045	.000000
2.49179	.746060	.000000
2.49299	.746125	.000000
2.49419	.746174	.000000
2.49539	.746194	.000000
2.49659	.746178	.000000
2.49779	.746194	.000000
2.49899	.746238	.000000
2.5002	.746258	.000000
2.50141	.746289	.000000
2.50261	.746387	.000000
2.50382	.746425	.000000
2.50503	.746518	.000000
2.50624	.746570	.000000
2.50745	.746589	.000000
2.50867	.746639	.000000
2.50988	.746705	.000000
2.5111	.746794	.000000
2.51231	.746794	.000000
2.51353	.746872	.000000
2.51475	.747032	.000000
2.51597	.747103	.000000
2.51719	.747175	.000000
2.51841	.747230	.000000
2.51964	.747252	.000000
2.52086	.747288	.000000
2.52209	.747388	.000000
2.52332	.747519	.000000
2.52454	.747555	.000000
2.52577	.747551	.000000
2.527	.747651	.000000
2.52824	.747738	.000000
2.52947	.747755	.000000
2.5307	.747771	.000000
2.53194	.747780	.000000
2.53318	.747762	.000000
2.53441	.747787	.000000
2.53565	.747875	.000000
2.53689	.747818	.000000
2.53814	.747727	.000000
2.53938	.747704	.000000
2.54062	.747668	.000000
2.54187	.747635	.000000
2.54312	.747633	.000000
2.54436	.747559	.000000
2.54561	.747402	.000000
2.54686	.747337	.000000
2.54811	.747364	.000000
2.54937	.747281	.000000
2.55062	.747153	.000000
2.55188	.747064	.000000
2.55313	.747081	.000000
2.55439	.746985	.000000
2.55565	.746826	.000000
2.55691	.746763	.000000
2.55817	.746721	.000000
2.55943	.746699	.000000
2.5607	.746621	.000000
2.56196	.746567	.000000
2.56323	.746529	.000000
2.5645	.746529	.000000
2.56577	.746298	.000000
2.56704	.746053	.000000
2.56831	.746065	.000000
2.56958	.746127	.000000
2.57085	.745920	.000000
2.57213	.745698	.000000
2.57341	.745773	.000000
2.57468	.745771	.000000
2.57596	.745737	.000000
2.57724	.745820	.000000
2.57852	.745633	.000000
2.57981	.745531	.000000
2.58109	.745733	.000000
2.58238	.745662	.000000
2.58366	.745470	.000000
2.58495	.745413	.000000
2.58624	.745364	.000000
2.58753	.745564	.000000
2.58882	.745535	.000000
2.59012	.745397	.000000
2.59141	.745315	.000000
2.59271	.745206	.000000
2.594	.744623	.000000
2.5953	.744641	.000000
2.5966	.744549	.000000
2.5979	.744521	.000000
2.5992	.744431	.000000
2.60051	.744391	.000000
2.60181	.744427	.000000
2.60312	.744402	.000000
2.60443	.744267	.000000
2.60573	.743953	.000000
2.60704	.743915	.000000
2.60836	.743875	.000000
2.60967	.743746	.000000
2.61098	.743657	.000000
2.6123	.743642	.000000
2.61361	.743675	.000000
2.61493	.743619	.000000
2.61625	.743775	.000000
2.61757	.743867	.000000
2.61889	.743486	.000000
2.62022	.743230	.000000
2.62154	.743346	.000000
2.62287	.743508	.000000
2.6242	.743473	.000000
2.62552	.743404	.000000
2.62685	.743488	.000000
2.62819	.743521	.000000
2.62952	.743519	.000000
2.63085	.743602	.000000
2.63219	.743553	.000000
2.63352	.743780	.000000
2.63486	.743938	.000000
2.6362	.743777	.000000
2.63754	.743709	.000000
2.63889	.743682	.000000
2.64023	.743590	.000000
2.64157	.743553	.000000
2.64292	.743524	.000000
2.64427	.743444	.000000
2.64562	.743497	.000000
2.64697	.743350	.000000
2.64832	.743059	.000000
2.64967	.742830	.000000
2.65103	.742589	.000000
2.65238	.742516	.000000
2.65374	.742345	.000000
2.6551	.742145	.000000
2.65646	.741938	.000000
2.65782	.741659	.000000
2.65918	.741532	.000000
2.66055	.741228	.000000
2.66192	.740712	.000000
2.66328	.740018	.000000
2.66465	.739241	.000000
2.66602	.738589	.000000
2.66739	.737619	.000000
2.66876	.736246	.000000
2.67014	.734604	.000000
2.67151	.733359	.000000
2.67289	.732604	.000000
2.67427	.731892	.000000
2.67565	.731436	.000000
2.67703	.731452	.000000
2.67841	.731247	.000000
2.6798	.730849	.000000
2.68118	.730716	.000000
2.68257	.730549	.000000
2.68396	.730422	.000000
2.68535	.730106	.000000
2.68674	.729608	.000000
2.68813	.728862	.000000
2.68953	.728070	.000000
2.69092	.726909	.000000
2.69232	.725694	.000000
2.69372	.724402	.000000
2.69512	.722936	.000000
2.69652	.721102	.000000
2.69792	.719153	.000000
2.69933	.717327	.000000
2.70073	.715749	.000000
2.70214	.713914	.000000
2.70355	.711918	.000000
2.70496	.709849	.000000
2.70637	.707622	.000000
2.70779	.705097	.000000
2.7092	.702094	.000000
2.71062	.698140	.000000
2.71203	.693693	.000000
2.71345	.689141	.000000
2.71487	.684013	.000000
2.7163	.678364	.000000
2.71772	.672677	.000000
2.71914	.666844	.000000
2.72057	.661066	.000000
2.722	.655090	.000000
2.72343	.649352	.000000
2.72486	.643984	.000000
2.72629	.639000	.000000
2.72773	.634413	.000000
2.72916	.630201	.000000
2.7306	.626263	.000000
2.73204	.622726	.000000
2.73348	.619377	.000000
2.73492	.616334	.000000
2.73636	.613490	.000000
2.73781	.611145	.000000
2.73925	.609119	.000000
2.7407	.607078	.000000
2.74215	.605123	.000000
2.7436	.603168	.000000
2.74505	.601499	.000000
2.74651	.600075	.000000
2.74796	.598776	.000000
2.74942	.597552	.000000
2.75088	.596379	.000000
2.75234	.595479	.000000
2.7538	.594669	.000000
2.75526	.594271	.000000
2.75673	.594248	.000000
2.7582	.594546	.000000
2.75966	.595145	.000000
2.76113	.596026	.000000
2.7626	.597203	.000000
2.76408	.598624	.000000
2.76555	.600097	.000000
2.76703	.601763	.000000
2.7685	.603483	.000000
2.76998	.605301	.000000
2.77146	.607412	.000000
2.77295	.609513	.000000
2.77443	.611635	.000000
2.77591	.613946	.000000
2.7774	.616020	.000000
2.77889	.617192	.000000
2.78038	.617791	.000000
2.78187	.620083	.000000
2.78336	.624517	.000000
2.78486	.628713	.000000
2.78636	.632003	.000000
2.78785	.634947	.000000
2.78935	.637507	.000000
2.79085	.639734	.000000
2.79236	.641757	.000000
2.79386	.643530	.000000
2.79537	.644996	.000000
2.79688	.646298	.000000
2.79838	.647455	.000000
2.7999	.648451	.000000
2.80141	.649339	.000000
2.80292	.650204	.000000
2.80444	.650720	.000000
2.80596	.650801	.000000
2.80748	.650878	.000000
2.809	.650912	.000000
2.81052	.650918	.000000
2.81204	.650874	.000000
2.81357	.650803	.000000
2.8151	.650736	.000000
2.81663	.650445	.000000
2.81816	.650189	.000000
2.81969	.650135	.000000
2.82122	.649957	.000000
2.82276	.649811	.000000
2.8243	.649588	.000000
2.82583	.649374	.000000
2.82738	.649292	.000000
2.82892	.649110	.000000
2.83046	.648789	.000000
2.83201	.648580	.000000
2.83356	.648411	.000000
2.8351	.648129	.000000
2.83666	.647850	.000000
2.83821	.647512	.000000
2.83976	.647156	.000000
2.84132	.646762	.000000
2.84288	.646289	.000000
2.84444	.645824	.000000
2.846	.645401	.000000
2.84756	.644831	.000000
2.84912	.644144	.000000
2.85069	.643507	.000000
2.85226	.643092	.000000
2.85383	.642787	.000000
2.8554	.642324	.000000
2.85697	.641699	.000000
2.85855	.640978	.000000
2.86012	.640137	.000000
2.8617	.639174	.000000
2.86328	.637801	.000000
2.86486	.635854	.000000
2.86645	.633200	.000000
2.86803	.629598	.000000
2.86962	.625471	.000000
2.87121	.622461	.000000
2.8728	.622483	.000000
2.87439	.625293	.000000
2.87599	.628477	.000000
2.87758	.630682	.000000
2.87918	.631936	.000000
2.88078	.632679	.000000
2.88238	.633258	.000000
2.88399	.633580	.000000
2.88559	.633712	.000000
2.8872	.633894	.000000
2.88881	.633945	.000000
2.89042	.633756	.000000
2.89203	.633456	.000000
2.89364	.632949	.000000
2.89526	.632357	.000000
2.89687	.631738	.000000
2.89849	.631046	.000000
2.90011	.630270	.000000
2.90174	.629320	.000000
2.90336	.628381	.000000
2.90499	.627623	.000000
2.90662	.626897	.000000
2.90825	.626170	.000000
2.90988	.625573	.000000
2.91151	.625146	.000000
2.91315	.624857	.000000
2.91479	.624721	.000000
2.91643	.624817	.000000
2.91807	.625013	.000000
2.91971	.625353	.000000
2.92135	.625831	.000000
2.923	.626187	.000000
2.92465	.626457	.000000
2.9263	.626755	.000000
2.92795	.626890	.000000
2.92961	.626890	.000000
2.93126	.626791	.000000
2.93292	.626628	.000000
2.93458	.626343	.000000
2.93624	.625923	.000000
2.93791	.625300	.000000
2.93957	.624445	.000000
2.94124	.623271	.000000
2.94291	.621780	.000000
2.94458	.619989	.000000
2.94625	.617871	.000000
2.94793	.615382	.000000
2.9496	.612481	.000000
2.95128	.609343	.000000
2.95296	.605937	.000000
2.95465	.602480	.000000
2.95633	.599445	.000000
2.95802	.597236	.000000
2.95971	.596262	.000000
2.9614	.596829	.000000
2.96309	.598902	.000000
2.96478	.602269	.000000
2.96648	.606534	.000000
2.96818	.610932	.000000
2.96988	.615268	.000000
2.97158	.619290	.000000
2.97328	.622804	.000000
2.97499	.625843	.000000
2.9767	.628286	.000000
2.97841	.630275	.000000
2.98012	.631847	.000000
2.98183	.633129	.000000
2.98355	.634139	.000000
2.98526	.634946	.000000
2.98698	.635501	.000000
2.98871	.635854	.000000
2.99043	.636084	.000000
2.99215	.636212	.000000
2.99388	.636210	.000000
2.99561	.636088	.000000
2.99734	.635888	.000000
2.99908	.635560	.000000
3.00081	.635098	.000000
3.00255	.634575	.000000
3.00429	.634086	.000000
3.00603	.633601	.000000
3.00777	.633131	.000000
3.00952	.632746	.000000
3.01127	.632450	.000000
3.01302	.632201	.000000
3.01477	.632128	.000000
3.01652	.632150	.000000
3.01828	.632286	.000000
3.02004	.632506	.000000
3.0218	.632800	.000000
3.02356	.633264	.000000
3.02532	.633881	.000000
3.02709	.634486	.000000
3.02886	.635035	.000000
3.03063	.635643	.000000
3.0324	.636377	.000000
3.03417	.637251	.000000
3.03595	.638081	.000000
3.03773	.638851	.000000
3.03951	.639688	.000000
3.04129	.640638	.000000
3.04308	.641556	.000000
3.04486	.642469	.000000
3.04665	.643338	.000000
3.04844	.644159	.000000
3.05024	.645083	.000000
3.05203	.645986	.000000
3.05383	.646731	.000000
3.05563	.647519	.000000
3.05743	.648360	.000000
3.05923	.649079	.000000
3.06104	.649768	.000000
3.06285	.650540	.000000
3.06466	.651194	.000000
3.06647	.651586	.000000
3.06828	.652057	.000000
3.0701	.652651	.000000
3.07192	.653192	.000000
3.07374	.653584	.000000
3.07556	.653931	.000000
3.07739	.654365	.000000
3.07922	.654741	.000000
3.08105	.655074	.000000
3.08288	.655511	.000000
3.08471	.655897	.000000
3.08655	.656333	.000000
3.08839	.656727	.000000
3.09023	.657006	.000000
3.09207	.657246	.000000
3.09392	.657464	.000000
3.09576	.657648	.000000
3.09761	.657875	.000000
3.09946	.658136	.000000
3.10132	.658309	.000000
3.10317	.658371	.000000
3.10503	.658387	.000000
3.10689	.658396	.000000
3.10875	.658449	.000000
3.11062	.658463	.000000
3.11248	.658443	.000000
3.11435	.658371	.000000
3.11623	.658342	.000000
3.1181	.658427	.000000
3.11998	.658483	.000000
3.12185	.658583	.000000
3.12374	.658705	.000000
3.12562	.658886	.000000
3.1275	.659208	.000000
3.12939	.659491	.000000
3.13128	.659878	.000000
3.13317	.660430	.000000
3.13507	.661021	.000000
3.13696	.661762	.000000
3.13886	.662610	.000000
3.14076	.663498	.000000
3.14267	.664336	.000000
3.14457	.665164	.000000
3.14648	.666069	.000000
3.14839	.667019	.000000
3.1503	.667892	.000000
3.15222	.668603	.000000
3.15414	.669289	.000000
3.15606	.669996	.000000
3.15798	.670722	.000000
3.1599	.671307	.000000
3.16183	.671840	.000000
3.16376	.672403	.000000
3.16569	.672873	.000000
3.16762	.673320	.000000
3.16956	.673825	.000000
3.1715	.674295	.000000
3.17344	.674739	.000000
3.17538	.675191	.000000
3.17733	.675678	.000000
3.17928	.676119	.000000
3.18123	.676561	.000000
3.18318	.677038	.000000
3.18513	.677487	.000000
3.18709	.677917	.000000
3.18905	.678368	.000000
3.19101	.678793	.000000
3.19298	.679189	.000000
3.19495	.679656	.000000
3.19692	.680154	.000000
3.19889	.680586	.000000
3.20086	.681011	.000000
3.20284	.681423	.000000
3.20482	.681992	.000000
3.2068	.682522	.000000
3.20879	.682931	.000000
3.21077	.683312	.000000
3.21276	.683761	.000000
3.21475	.684319	.000000
3.21675	.684747	.000000
3.21874	.685167	.000000
3.22074	.685781	.000000
3.22275	.686250	.000000
3.22475	.686575	.000000
3.22676	.687036	.000000
3.22877	.687528	.000000
3.23078	.687977	.000000
3.23279	.688366	.000000
3.23481	.688636	.000000
3.23683	.688880	.000000
3.23885	.689276	.000000
3.24087	.689672	.000000
3.2429	.689997	.000000
3.24493	.690351	.000000
3.24696	.690691	.000000
3.249	.691014	.000000
3.25103	.691356	.000000
3.25307	.691648	.000000
3.25511	.691911	.000000
3.25716	.692175	.000000
3.25921	.692436	.000000
3.26126	.692622	.000000
3.26331	.692851	.000000
3.26536	.693121	.000000
3.26742	.693377	.000000
3.26948	.693690	.000000
3.27154	.694000	.000000
3.27361	.694200	.000000
3.27568	.694353	.000000
3.27775	.694685	.000000
3.27982	.695077	.000000
3.2819	.695357	.000000
3.28397	.695521	.000000
3.28606	.695764	.000000
3.28814	.696042	.000000
3.29023	.696351	.000000
3.29231	.696640	.000000
3.29441	.696930	.000000
3.2965	.697301	.000000
3.2986	.697617	.000000
3.3007	.697918	.000000
3.3028	.698260	.000000
3.30491	.698627	.000000
3.30701	.698923	.000000
3.30912	.699201	.000000
3.31124	.699522	.000000
3.31335	.699769	.000000
3.31547	.700018	.000000
3.31759	.700327	.000000
3.31972	.700558	.000000
3.32184	.700805	.000000
3.32397	.701059	.000000
3.3261	.701332	.000000
3.32824	.701540	.000000
3.33038	.701626	.000000
3.33252	.701726	.000000
3.33466	.701871	.000000
3.33681	.701973	.000000
3.33895	.702033	.000000
3.3411	.702114	.000000
3.34326	.702180	.000000
3.34542	.702104	.000000
3.34758	.701924	.000000
3.34974	.701840	.000000
3.3519	.701764	.000000
3.35407	.701677	.000000
3.35624	.701624	.000000
3.35842	.701608	.000000
3.36059	.701695	.000000
3.36277	.701535	.000000
3.36495	.701232	.000000
3.36714	.700890	.000000
3.36933	.700560	.000000
3.37152	.700371	.000000
3.37371	.700222	.000000
3.37591	.700107	.000000
3.37811	.700133	.000000
3.38031	.700320	.000000
3.38251	.700552	.000000
3.38472	.700745	.000000
3.38693	.700821	.000000
3.38915	.700739	.000000
3.39136	.700639	.000000
3.39358	.700441	.000000
3.39581	.700038	.000000
3.39803	.699600	.000000
3.40026	.699125	.000000
3.40249	.698643	.000000
3.40472	.698133	.000000
3.40696	.697666	.000000
3.4092	.697221	.000000
3.41144	.696956	.000000
3.41369	.696852	.000000
3.41594	.696872	.000000
3.41819	.697154	.000000
3.42044	.697697	.000000
3.4227	.698356	.000000
3.42496	.699254	.000000
3.42723	.700233	.000000
3.42949	.701259	.000000
3.43176	.702151	.000000
3.43404	.702968	.000000
3.43631	.703733	.000000
3.43859	.704376	.000000
3.44087	.704874	.000000
3.44316	.705339	.000000
3.44544	.705740	.000000
3.44774	.706038	.000000
3.45003	.706325	.000000
3.45233	.706508	.000000
3.45463	.706734	.000000
3.45693	.706993	.000000
3.45924	.707044	.000000
3.46154	.706975	.000000
3.46386	.706970	.000000
3.46617	.706892	.000000
3.46849	.706656	.000000
3.47081	.706494	.000000
3.47314	.706289	.000000
3.47546	.706083	.000000
3.47779	.705913	.000000
3.48013	.705615	.000000
3.48247	.705246	.000000
3.48481	.704848	.000000
3.48715	.704441	.000000
3.4895	.703847	.000000
3.49185	.703144	.000000
3.4942	.702396	.000000
3.49656	.701639	.000000
3.49891	.700956	.000000
3.50128	.700607	.000000
3.50364	.700569	.000000
3.50601	.700634	.000000
3.50838	.700787	.000000
3.51076	.701037	.000000
3.51314	.701439	.000000
3.51552	.701657	.000000
3.51791	.701780	.000000
3.52029	.701804	.000000
3.52268	.701553	.000000
3.52508	.701206	.000000
3.52748	.700901	.000000
3.52988	.700590	.000000
3.53228	.700211	.000000
3.53469	.699768	.000000
3.5371	.699268	.000000
3.53952	.698767	.000000
3.54193	.698222	.000000
3.54435	.697593	.000000
3.54678	.696987	.000000
3.54921	.696442	.000000
3.55164	.695848	.000000
3.55407	.695245	.000000
3.55651	.694714	.000000
3.55895	.694093	.000000
3.56139	.693417	.000000
3.56384	.692854	.000000
3.56629	.692455	.000000
3.56875	.691979	.000000
3.57121	.691383	.000000
3.57367	.690858	.000000
3.57613	.690295	.000000
3.5786	.689655	.000000
3.58107	.689183	.000000
3.58355	.688809	.000000
3.58602	.688353	.000000
3.58851	.687835	.000000
3.59099	.687410	.000000
3.59348	.687049	.000000
3.59597	.686626	.000000
3.59847	.686311	.000000
3.60099	.686015	.000000
3.60349	.685705	.000000
3.60599	.685458	.000000
3.6085	.685249	.000000
3.61102	.685045	.000000
3.61353	.684849	.000000
3.61605	.684680	.000000
3.61858	.684489	.000000
3.6211	.684382	.000000
3.62363	.684239	.000000
3.62617	.684093	.000000
3.62871	.683885	.000000
3.63125	.683630	.000000
3.63379	.683385	.000000
3.63634	.683129	.000000
3.63889	.682889	.000000
3.64145	.682662	.000000
3.644	.682299	.000000
3.64657	.681906	.000000
3.64913	.681514	.000000
3.6517	.681015	.000000
3.65428	.680390	.000000
3.65685	.679732	.000000
3.65943	.679015	.000000
3.66202	.678199	.000000
3.66461	.677229	.000000
3.6672	.676168	.000000
3.66979	.675011	.000000
3.67239	.673740	.000000
3.675	.672381	.000000
3.6776	.671015	.000000
3.68021	.669536	.000000
3.68283	.668001	.000000
3.68544	.666378	.000000
3.68806	.664725	.000000
3.69069	.663026	.000000
3.69332	.661317	.000000
3.69595	.659588	.000000
3.69859	.657873	.000000
3.70123	.656151	.000000
3.70387	.654474	.000000
3.70652	.652792	.000000
3.70917	.651163	.000000
3.71182	.649583	.000000
3.71448	.648102	.000000
3.71715	.646694	.000000
3.71981	.645357	.000000
3.72248	.644128	.000000
3.72516	.643072	.000000
3.72783	.642139	.000000
3.73052	.641341	.000000
3.7332	.640660	.000000
3.73589	.640193	.000000
3.73859	.639850	.000000
3.74128	.639610	.000000
3.74398	.639508	.000000
3.74669	.639627	.000000
3.7494	.639850	.000000
3.75211	.640188	.000000
3.75483	.640642	.000000
3.75755	.641183	.000000
3.76027	.641814	.000000
3.763	.642498	.000000
3.76574	.643232	.000000
3.76847	.644081	.000000
3.77121	.644871	.000000
3.77396	.645701	.000000
3.77671	.646520	.000000
3.77946	.647276	.000000
3.78222	.647957	.000000
3.78498	.648622	.000000
3.78774	.649197	.000000
3.79051	.649684	.000000
3.79328	.650024	.000000
3.79606	.650300	.000000
3.79884	.650453	.000000
3.80163	.650491	.000000
3.80441	.650433	.000000
3.80721	.650267	.000000
3.81001	.649986	.000000
3.81281	.649652	.000000
3.81561	.649181	.000000
3.81842	.648647	.000000
3.82124	.648044	.000000
3.82405	.647428	.000000
3.82688	.646794	.000000
3.8297	.646177	.000000
3.83253	.645546	.000000
3.83537	.644965	.000000
3.83821	.644415	.000000
3.84105	.643946	.000000
3.8439	.643576	.000000
3.84675	.643329	.000000
3.8496	.643152	.000000
3.85246	.643101	.000000
3.85533	.643114	.000000
3.8582	.643272	.000000
3.86107	.643519	.000000
3.86395	.643919	.000000
3.86683	.644442	.000000
3.86971	.645156	.000000
3.8726	.645919	.000000
3.8755	.646731	.000000
3.8784	.647592	.000000
3.8813	.648538	.000000
3.88421	.649474	.000000
3.88712	.650449	.000000
3.89004	.651397	.000000
3.89296	.652362	.000000
3.89588	.653257	.000000
3.89881	.654113	.000000
3.90174	.654868	.000000
3.90468	.655541	.000000
3.90762	.656035	.000000
3.91057	.656436	.000000
3.91352	.656728	.000000
3.91648	.656917	.000000
3.91944	.656941	.000000
3.9224	.656805	.000000
3.92537	.656505	.000000
3.92835	.656085	.000000
3.93132	.655551	.000000
3.93431	.654912	.000000
3.93729	.654109	.000000
3.94029	.653214	.000000
3.94328	.652242	.000000
3.94628	.651208	.000000
3.94929	.649991	.000000
3.9523	.648758	.000000
3.95531	.647548	.000000
3.95833	.646302	.000000
3.96136	.644949	.000000
3.96439	.643612	.000000
3.96742	.642260	.000000
3.97046	.640989	.000000
3.9735	.639725	.000000
3.97655	.638549	.000000
3.9796	.637371	.000000
3.98265	.636292	.000000
3.98572	.635293	.000000
3.98878	.634381	.000000
3.99185	.633554	.000000
3.99493	.632808	.000000
3.99801	.632179	.000000
4.00109	.631683	.000000
4.00418	.631244	.000000
4.00728	.630980	.000000
4.01038	.630786	.000000
4.01348	.630713	.000000
4.01659	.630724	.000000
4.0197	.630835	.000000
4.02282	.630982	.000000
4.02594	.631244	.000000
4.02907	.631536	.000000
4.0322	.631868	.000000
4.03534	.632203	.000000
4.03849	.632597	.000000
4.04163	.632980	.000000
4.04479	.633325	.000000
4.04794	.633549	.000000
4.05111	.633719	.000000
4.05427	.633781	.000000
4.05745	.633732	.000000
4.06062	.633509	.000000
4.0638	.633162	.000000
4.06699	.632646	.000000
4.07018	.631954	.000000
4.07338	.631069	.000000
4.07658	.630034	.000000
4.07979	.628759	.000000
4.083	.627353	.000000
4.08622	.625814	.000000
4.08944	.624145	.000000
4.09267	.622323	.000000
4.0959	.620412	.000000
4.09914	.618434	.000000
4.10238	.616423	.000000
4.10563	.614298	.000000
4.10889	.612209	.000000
4.11214	.610133	.000000
4.11541	.608115	.000000
4.11868	.606068	.000000
4.12195	.604053	.000000
4.12523	.602111	.000000
4.12851	.600253	.000000
4.1318	.598417	.000000
4.1351	.596702	.000000
4.1384	.595009	.000000
4.1417	.593389	.000000
4.14502	.591799	.000000
4.14833	.590286	.000000
4.15165	.588800	.000000
4.15498	.587345	.000000
4.15831	.585887	.000000
4.16165	.584470	.000000
4.16499	.582971	.000000
4.16834	.581493	.000000
4.17169	.579849	.000000
4.17505	.578096	.000000
4.17842	.576134	.000000
4.18179	.574112	.000000
4.18516	.571895	.000000
4.18854	.569640	.000000
4.19193	.567254	.000000
4.19532	.564914	.000000
4.19871	.562818	.000000
4.20212	.561203	.000000
4.20553	.559995	.000000
4.20894	.559274	.000000
4.21236	.558967	.000000
4.21578	.558892	.000000
4.21921	.558654	.000000
4.22265	.558090	.000000
4.22609	.557439	.000000
4.22954	.556538	.000000
4.23299	.555817	.000000
4.23645	.554640	.000000
4.23991	.554311	.000000
4.24338	.553525	.000000
4.24686	.552511	.000000
4.25034	.550295	.000000
4.25383	.548697	.000000
4.25732	.547340	.000000
4.26082	.547060	.000000
4.26432	.545532	.000000
4.26783	.543324	.000000
4.27135	.543116	.000000
4.27487	.544032	.000000
4.27839	.543663	.000000
4.28193	.543313	.000000
4.28547	.542575	.000000
4.28901	.541950	.000000
4.29256	.541284	.000000
4.29612	.540657	.000000
4.29968	.540748	.000000
4.30325	.541202	.000000
4.30682	.541983	.000000
4.3104	.543080	.000000
4.31399	.544432	.000000
4.31758	.545500	.000000
4.32118	.545977	.000000
4.32478	.545698	.000000
4.32839	.545273	.000000
4.33201	.544898	.000000
4.33563	.544482	.000000
4.33926	.543507	.000000
4.34289	.541605	.000000
4.34653	.539084	.000000
4.35018	.536305	.000000
4.35383	.532852	.000000
4.35749	.528972	.000000
4.36115	.524656	.000000
4.36482	.520040	.000000
4.3685	.514961	.000000
4.37218	.509646	.000000
4.37588	.504104	.000000
4.37957	.498348	.000000
4.38327	.492263	.000000
4.38698	.486132	.000000
4.3907	.480024	.000000
4.39442	.474206	.000000
4.39814	.468580	.000000
4.40188	.463252	.000000
4.40562	.458243	.000000
4.40936	.453654	.000000
4.41311	.449298	.000000
4.41687	.445199	.000000
4.42064	.441152	.000000
4.42441	.437252	.000000
4.42819	.433521	.000000
4.43197	.430126	.000000
4.43577	.427136	.000000
4.43956	.424593	.000000
4.44337	.421957	.000000
4.44718	.418795	.000000
4.451	.414709	.000000
4.45482	.409974	.000000
4.45865	.405195	.000000
4.46249	.401404	.000000
4.46633	.399239	.000000
4.47018	.399050	.000000
4.47404	.400483	.000000
4.4779	.403026	.000000
4.48177	.405863	.000000
4.48565	.408699	.000000
4.48953	.411600	.000000
4.49342	.415231	.000000
4.49732	.420192	.000000
4.50122	.426862	.000000
4.50513	.435214	.000000
4.50905	.445095	.000000
4.51298	.455818	.000000
4.51691	.466660	.000000
4.52084	.476974	.000000
4.52479	.486610	.000000
4.52874	.495551	.000000
4.5327	.503914	.000000
4.53667	.511732	.000000
4.54064	.519103	.000000
4.54462	.525891	.000000
4.5486	.532047	.000000
4.5526	.537360	.000000
4.5566	.541761	.000000
4.56061	.545207	.000000
4.56462	.547876	.000000
4.56864	.549812	.000000
4.57267	.551156	.000000
4.57671	.551899	.000000
4.58075	.552201	.000000
4.5848	.552023	.000000
4.58886	.551505	.000000
4.59292	.550591	.000000
4.59699	.549358	.000000
4.60107	.547750	.000000
4.60516	.545861	.000000
4.60925	.543549	.000000
4.61335	.540904	.000000
4.61746	.537823	.000000
4.62158	.534209	.000000
4.6257	.529954	.000000
4.62983	.525043	.000000
4.63396	.519274	.000000
4.63811	.512854	.000000
4.64226	.505977	.000000
4.64642	.499042	.000000
4.65059	.492109	.000000
4.65476	.485164	.000000
4.65895	.477864	.000000
4.66314	.470060	.000000
4.66733	.461806	.000000
4.67154	.453798	.000000
4.67575	.446928	.000000
4.67997	.442423	.000000
4.6842	.441206	.000000
4.68843	.443949	.000000
4.69268	.450112	.000000
4.69693	.458101	.000000
4.70118	.466150	.000000
4.70545	.473152	.000000
4.70972	.478543	.000000
4.71401	.482380	.000000
4.7183	.484759	.000000
4.72259	.486031	.000000
4.7269	.486407	.000000
4.73121	.486098	.000000
4.73553	.485141	.000000
4.73986	.483737	.000000
4.7442	.481909	.000000
4.74854	.479806	.000000
4.75289	.477363	.000000
4.75725	.474718	.000000
4.76162	.471837	.000000
4.766	.468780	.000000
4.77038	.465445	.000000
4.77477	.461950	.000000
4.77917	.458246	.000000
4.78358	.454383	.000000
4.788	.450343	.000000
4.79243	.446180	.000000
4.79686	.441764	.000000
4.8013	.437175	.000000
4.80575	.432384	.000000
4.81021	.427490	.000000
4.81467	.422426	.000000
4.81915	.417203	.000000
4.82363	.411716	.000000
4.82812	.405987	.000000
4.83262	.399942	.000000
4.83713	.393571	.000000
4.84165	.386747	.000000
4.84617	.379505	.000000
4.85071	.371665	.000000
4.85525	.363200	.000000
4.8598	.354040	.000000
4.86436	.344089	.000000
4.86893	.333160	.000000
4.8735	.321204	.000000
4.87809	.308102	.000000
4.88268	.293892	.000000
4.88728	.278477	.000000
4.89189	.262087	.000000
4.89651	.245091	.000000
4.90114	.228167	.000000
4.90578	.212209	.000000
4.91042	.198021	.000000
4.91508	.185971	.000000
4.91974	.176222	.000000
4.92441	.168676	.000000
4.92909	.163058	.000000
4.93378	.158836	.000000
4.93848	.155414	.000000
4.94319	.152223	.000000
4.9479	.148784	.000000
4.95263	.144706	.000000
4.95736	.139764	.000000
4.96211	.133989	.000000
4.96686	.127777	.000000
4.97162	.121610	.000000
4.97639	.116097	.000000
4.98117	.111610	.000000
4.98596	.108214	.000000
4.99076	.105729	.000000
4.99557	.103912	.000000
5.00039	.102541	.000000
5.00522	.101500	.000000
5.01005	.100755	.000000
5.0149	.100388	.000000
5.01975	.100412	.000000
5.02462	.100702	.000000
5.02949	.101082	.000000
5.03437	.101409	.000000
5.03926	.101627	.000000
5.04417	.101812	.000000
5.04908	.101969	.000000
5.054	.102110	.000000
5.05893	.102341	.000000
5.06387	.102819	.000000
5.06882	.103592	.000000
5.07378	.104822	.000000
5.07875	.106593	.000000
5.08373	.108824	.000000
5.08872	.111367	.000000
5.09371	.113970	.000000
5.09872	.116302	.000000
5.10374	.118148	.000000
5.10877	.119394	.000000
5.11381	.120011	.000000
5.11886	.120124	.000000
5.12392	.120006	.000000
5.12898	.119950	.000000
5.13406	.120217	.000000
5.13915	.120783	.000000
5.14425	.121559	.000000
5.14936	.122458	.000000
5.15447	.123370	.000000
5.1596	.124207	.000000
5.16474	.124990	.000000
5.16989	.125735	.000000
5.17505	.126474	.000000
5.18022	.127223	.000000
5.1854	.127922	.000000
5.19059	.128334	.000000
5.19579	.128135	.000000
5.201	.127065	.000000
5.20622	.125012	.000000
5.21146	.121748	.000000
5.2167	.117269	.000000
5.22195	.111832	.000000
5.22722	.105700	.000000
5.23249	.099329	.000000
5.23778	.093101	.000000
5.24307	.087319	.000000
5.24838	.082216	.000000
5.2537	.077821	.000000
5.25903	.074041	.000000
5.26437	.070762	.000000
5.26972	.067912	.000000
5.27508	.065472	.000000
5.28045	.063365	.000000
5.28583	.061576	.000000
5.29122	.060096	.000000
5.29663	.058946	.000000
5.30204	.058072	.000000
5.30747	.057345	.000000
5.31291	.056750	.000000
5.31836	.056279	.000000
5.32382	.055874	.000000
5.32929	.055531	.000000
5.33477	.055249	.000000
5.34027	.055091	.000000
5.34577	.055079	.000000
5.35129	.055338	.000000
5.35682	.056041	.000000
5.36235	.057149	.000000
5.36791	.058728	.000000
5.37347	.060878	.000000
5.37904	.063714	.000000
5.38463	.067351	.000000
5.39023	.071892	.000000
5.39584	.077277	.000000
5.40146	.083401	.000000
5.40709	.089989	.000000
5.41273	.096792	.000000
5.41839	.103433	.000000
5.42406	.109832	.000000
5.42974	.115679	.000000
5.43543	.120654	.000000
5.44113	.124527	.000000
5.44685	.127154	.000000
5.45257	.128462	.000000
5.45831	.128485	.000000
5.46406	.127375	.000000
5.46983	.125481	.000000
5.4756	.122981	.000000
5.48139	.120082	.000000
5.48719	.117041	.000000
5.493	.113857	.000000
5.49883	.110513	.000000
5.50467	.107100	.000000
5.51052	.103716	.000000
5.51638	.100405	.000000
5.52225	.097171	.000000
5.52814	.094145	.000000
5.53404	.091404	.000000
5.53995	.088965	.000000
5.54588	.086934	.000000
5.55181	.085241	.000000
5.55777	.083849	.000000
5.56373	.082763	.000000
5.56971	.082006	.000000
5.57569	.081544	.000000
5.5817	.081508	.000000
5.58771	.081931	.000000
5.59374	.082725	.000000
5.59978	.083815	.000000
5.60583	.085248	.000000
5.6119	.086995	.000000
5.61798	.089253	.000000
5.62407	.092207	.000000
5.63018	.095981	.000000
5.6363	.100684	.000000
5.64243	.106673	.000000
5.64858	.113854	.000000
5.65474	.121695	.000000
5.66091	.130078	.000000
5.6671	.138383	.000000
5.6733	.146250	.000000
5.67951	.153396	.000000
5.68574	.159421	.000000
5.69198	.164157	.000000
5.69824	.167753	.000000
5.70451	.169969	.000000
5.71079	.171085	.000000
5.71708	.171303	.000000
5.72339	.170754	.000000
5.72972	.169475	.000000
5.73606	.167670	.000000
5.74241	.165452	.000000
5.74877	.163018	.000000
5.75515	.160449	.000000
5.76155	.157663	.000000
5.76796	.154571	.000000
5.77438	.151721	.000000
5.78082	.148590	.000000
5.78727	.145282	.000000
5.79373	.141863	.000000
5.80022	.138477	.000000
5.80671	.135008	.000000
5.81322	.131480	.000000
5.81974	.127706	.000000
5.82628	.124022	.000000
5.83284	.120320	.000000
5.8394	.116567	.000000
5.84599	.112716	.000000
5.85259	.108855	.000000
5.8592	.104957	.000000
5.86583	.101104	.000000
5.87247	.097291	.000000
5.87913	.093346	.000000
5.8858	.089404	.000000
5.89249	.085766	.000000
5.8992	.081962	.000000
5.90591	.078547	.000000
5.91265	.075452	.000000
5.9194	.072751	.000000
5.92616	.070673	.000000
5.93294	.069291	.000000
5.93974	.068673	.000000
5.94655	.068940	.000000
5.95338	.069843	.000000
5.96022	.071354	.000000
5.96708	.073348	.000000
5.97395	.075866	.000000
5.98084	.078560	.000000
5.98775	.081266	.000000
5.99467	.084062	.000000
6.00161	.086685	.000000
6.00856	.088892	.000000
6.01553	.090637	.000000
6.02252	.091947	.000000
6.02952	.092696	.000000
6.03654	.093072	.000000
6.04358	.093117	.000000
6.05063	.093108	.000000
6.0577	.093250	.000000
6.06478	.092970	.000000
6.07189	.092120	.000000
6.079	.090725	.000000
6.08614	.088628	.000000
6.09329	.085907	.000000
6.10046	.082863	.000000
6.10764	.079592	.000000
6.11485	.076066	.000000
6.12206	.072495	.000000
6.1293	.068835	.000000
6.13655	.064946	.000000
6.14383	.061006	.000000
6.15111	.057215	.000000
6.15842	.053636	.000000
6.16574	.050383	.000000
6.17308	.047715	.000000
6.18044	.045589	.000000
6.18781	.043989	.000000
6.19521	.042932	.000000
6.20262	.042302	.000000
6.21004	.042062	.000000
6.21749	.042124	.000000
6.22495	.042407	.000000
6.23243	.042839	.000000
6.23993	.043475	.000000
6.24745	.044341	.000000
6.25499	.045435	.000000
6.26255	.046739	.000000
6.27012	.048270	.000000
6.27771	.050031	.000000
6.28532	.051942	.000000
6.29295	.053921	.000000
6.30059	.056049	.000000
6.30826	.058385	.000000
6.31594	.061035	.000000
6.32364	.063932	.000000
6.33136	.066880	.000000
6.3391	.069610	.000000
6.34686	.072344	.000000
6.35464	.075074	.000000
6.36244	.077802	.000000
6.37025	.080952	.000000
6.37809	.084565	.000000
6.38594	.088165	.000000
6.39382	.091489	.000000
6.40171	.094101	.000000
6.40962	.095862	.000000
6.41755	.097042	.000000
6.42551	.097631	.000000
6.43348	.097297	.000000
6.44147	.096190	.000000
6.44949	.094265	.000000
6.45752	.091593	.000000
6.46557	.088274	.000000
6.47364	.084289	.000000
6.48173	.079828	.000000
6.48984	.074952	.000000
6.49798	.069743	.000000
6.50613	.064571	.000000
6.5143	.059603	.000000
6.5225	.054902	.000000
6.53071	.051166	.000000
6.53894	.048525	.000000
6.5472	.046950	.000000
6.55548	.046222	.000000
6.56378	.046151	.000000
6.57209	.046394	.000000
6.58043	.046926	.000000
6.5888	.047573	.000000
6.59718	.048301	.000000
6.60558	.048894	.000000
6.61401	.049359	.000000
6.62245	.049755	.000000
6.63092	.050062	.000000
6.63941	.050076	.000000
6.64792	.049758	.000000
6.65646	.048959	.000000
6.66502	.047753	.000000
6.67359	.046296	.000000
6.68219	.044879	.000000
6.69082	.043689	.000000
6.69946	.042903	.000000
6.70813	.042572	.000000
6.71682	.042627	.000000
6.72553	.042868	.000000
6.73426	.043237	.000000
6.74302	.043691	.000000
6.7518	.044363	.000000
6.7606	.045232	.000000
6.76943	.046185	.000000
6.77827	.047057	.000000
6.78715	.047811	.000000
6.79604	.048470	.000000
6.80496	.048990	.000000
6.8139	.049295	.000000
6.82287	.049542	.000000
6.83186	.049760	.000000
6.84087	.049940	.000000
6.8499	.050058	.000000
6.85896	.050160	.000000
6.86805	.050339	.000000
6.87716	.050603	.000000
6.88629	.050726	.000000
6.89545	.050645	.000000
6.90463	.050274	.000000
6.91384	.049667	.000000
6.92307	.048839	.000000
6.93233	.047773	.000000
6.9416	.046470	.000000
6.95091	.045010	.000000
6.96024	.043448	.000000
6.96959	.041967	.000000
6.97897	.040476	.000000
6.98838	.039005	.000000
6.99781	.037582	.000000
7.00727	.036211	.000000
7.01675	.034812	.000000
7.02626	.033452	.000000
7.03579	.032111	.000000
7.04535	.030800	.000000
7.05493	.029628	.000000
7.06454	.028684	.000000
7.07418	.027790	.000000
7.08385	.026947	.000000
7.09354	.025988	.000000
7.10325	.024865	.000000
7.113	.023521	.000000
7.12277	.022061	.000000
7.13257	.020502	.000000
7.14239	.018957	.000000
7.15224	.017571	.000000
7.16212	.016408	.000000
7.17203	.015331	.000000
7.18196	.014404	.000000
7.19192	.013513	.000000
7.20191	.012599	.000000
7.21193	.011634	.000000
7.22197	.010681	.000000
7.23204	.009633	.000000
7.24214	.008619	.000000
7.25227	.007698	.000000
7.26243	.006892	.000000
7.27261	.006147	.000000
7.28283	.005557	.000000
7.29307	.005026	.000000
7.30334	.004559	.000000
7.31364	.004147	.000000
7.32397	.003838	.000000
7.33433	.003564	.000000
7.34472	.003359	.000000
7.35514	.003155	.000000
7.36559	.003104	.000000
7.37606	.003095	.000000
7.38657	.003159	.000000
7.39711	.003313	.000000
7.40767	.003631	.000000
7.41827	.004063	.000000
7.4289	.004719	.000000
7.43956	.005673	.000000
7.45025	.006930	.000000
7.46097	.008492	.000000
7.47172	.010532	.000000
7.4825	.013082	.000000
7.49331	.016154	.000000
7.50416	.019772	.000000
7.51503	.024024	.000000
7.52594	.028798	.000000
7.53688	.033982	.000000
7.54785	.039355	.000000
7.55885	.044861	.000000
7.56988	.050537	.000000
7.58095	.056441	.000000
7.59205	.062608	.000000
7.60318	.069191	.000000
7.61434	.076402	.000000
7.62554	.084336	.000000
7.63677	.093037	.000000
7.64803	.102239	.000000
7.65933	.111514	.000000
7.67067	.120386	.000000
7.68203	.128580	.000000
7.69343	.136231	.000000
7.70486	.143747	.000000
7.71632	.151376	.000000
7.72782	.159187	.000000
7.73936	.166825	.000000
7.75092	.173898	.000000
7.76253	.180089	.000000
7.77416	.185289	.000000
7.78584	.189694	.000000
7.79754	.194141	.000000
7.80929	.199440	.000000
7.82107	.206139	.000000
7.83288	.214160	.000000
7.84473	.223386	.000000
7.85662	.233618	.000000
7.86854	.244795	.000000
7.8805	.256874	.000000
7.89249	.269802	.000000
7.90452	.283396	.000000
7.91659	.297752	.000000
7.9287	.312668	.000000
7.94084	.328017	.000000
7.95302	.343137	.000000
7.96523	.357337	.000000
7.97748	.370163	.000000
7.98977	.381764	.000000
8.0021	.392298	.000000
8.01447	.402657	.000000
8.02688	.413282	.000000
8.03932	.424602	.000000
8.05181	.436545	.000000
8.06433	.449171	.000000
8.07689	.462233	.000000
8.08949	.475608	.000000
8.10213	.488790	.000000
8.11481	.502297	.000000
8.12753	.515893	.000000
8.14029	.528638	.000000
8.15309	.538819	.000000
8.16593	.545307	.000000
8.17881	.547630	.000000
8.19173	.546659	.000000
8.20469	.543167	.000000
8.21769	.538412	.000000
8.23073	.532786	.000000
8.24382	.526828	.000000
8.25695	.520970	.000000
8.27012	.515590	.000000
8.28333	.510724	.000000
8.29658	.506869	.000000
8.30988	.503817	.000000
8.32321	.501754	.000000
8.33659	.500384	.000000
8.35002	.499814	.000000
8.36348	.500065	.000000
8.37699	.501087	.000000
8.39055	.502611	.000000
8.40415	.504677	.000000
8.41779	.506929	.000000
8.43148	.509565	.000000
8.44521	.512202	.000000
8.45899	.514605	.000000
8.47281	.516244	.000000
8.48667	.516703	.000000
8.50059	.515650	.000000
8.51454	.512976	.000000
8.52855	.507810	.000000
8.5426	.499629	.000000
8.5567	.486992	.000000
8.57084	.467901	.000000
8.58503	.439319	.000000
8.59927	.400605	.000000
8.61355	.361660	.000000
8.62788	.345530	.000000
8.64226	.364915	.000000
8.65669	.403802	.000000
8.67117	.438476	.000000
8.68569	.461176	.000000
8.70026	.474622	.000000
8.71489	.482652	.000000
8.72956	.487555	.000000
8.74428	.490746	.000000
8.75905	.492675	.000000
8.77387	.494390	.000000
8.78873	.496101	.000000
8.80366	.497938	.000000
8.81863	.499520	.000000
8.83365	.500622	.000000
8.84872	.500973	.000000
8.86385	.500884	.000000
8.87903	.500185	.000000
8.89426	.499115	.000000
8.90954	.497560	.000000
8.92487	.495847	.000000
8.94026	.494021	.000000
8.9557	.492179	.000000
8.9712	.490247	.000000
8.98675	.488394	.000000
9.00235	.486401	.000000
9.018	.484390	.000000
9.03371	.482225	.000000
9.04948	.480122	.000000
9.0653	.478111	.000000
9.08118	.476264	.000000
9.09711	.474514	.000000
9.1131	.473078	.000000
9.12914	.471604	.000000
9.14524	.470195	.000000
9.1614	.468611	.000000
9.17761	.467190	.000000
9.19389	.465854	.000000
9.21021	.464615	.000000
9.2266	.463311	.000000
9.24305	.461881	.000000
9.25955	.459926	.000000
9.27611	.457394	.000000
9.29274	.453331	.000000
9.30942	.446448	.000000
9.32616	.434834	.000000
9.34297	.417759	.000000
9.35983	.395751	.000000
9.37676	.370012	.000000
9.39374	.341964	.000000
9.41079	.314952	.000000
9.4279	.291717	.000000
9.44507	.272850	.000000
9.46231	.257444	.000000
9.47961	.244820	.000000
9.49697	.234350	.000000
9.5144	.225522	.000000
9.53188	.217858	.000000
9.54944	.210950	.000000
9.56705	.204544	.000000
9.58474	.199094	.000000
9.60249	.194966	.000000
9.6203	.191856	.000000
9.63818	.188937	.000000
9.65613	.185941	.000000
9.67415	.182921	.000000
9.69223	.180191	.000000
9.71038	.177680	.000000
9.7286	.175364	.000000
9.74689	.173184	.000000
9.76524	.171077	.000000
9.78367	.169027	.000000
9.80216	.167259	.000000
9.82072	.165695	.000000
9.83936	.164278	.000000
9.85806	.162733	.000000
9.87684	.161098	.000000
9.89569	.159488	.000000
9.91461	.157926	.000000
9.9336	.156384	.000000
9.95267	.154793	.000000
9.97181	.153193	.000000
9.99103	.151756	.000000
10.01031	.150464	.000000
10.02968	.149369	.000000
10.04911	.148421	.000000
10.06863	.147736	.000000
10.08822	.147345	.000000
10.10788	.147138	.000000
10.12763	.147033	.000000
10.14745	.147035	.000000
10.16734	.146889	.000000
10.18732	.146642	.000000
10.20737	.146301	.000000
10.2275	.145916	.000000
10.24771	.145398	.000000
10.268	.144813	.000000
10.28838	.144267	.000000
10.30883	.143820	.000000
10.32937	.143487	.000000
10.34998	.143258	.000000
10.37069	.142999	.000000
10.39147	.142684	.000000
10.41234	.142296	.000000
10.43329	.141838	.000000
10.45432	.141371	.000000
10.47544	.141086	.000000
10.49665	.140777	.000000
10.51794	.140388	.000000
10.53932	.139880	.000000
10.56079	.139386	.000000
10.58234	.139041	.000000
10.60398	.138886	.000000
10.62571	.138872	.000000
10.64753	.139044	.000000
10.66944	.139228	.000000
10.69144	.139378	.000000
10.71353	.139362	.000000
10.73571	.139282	.000000
10.75799	.139313	.000000
10.78035	.139371	.000000
10.80281	.139384	.000000
10.82536	.139362	.000000
10.848	.139295	.000000
10.87075	.139266	.000000
10.89358	.139177	.000000
10.91652	.138973	.000000
10.93955	.138577	.000000
10.96268	.138147	.000000
10.98591	.137624	.000000
11.00923	.137092	.000000
11.03266	.136496	.000000
11.05618	.135795	.000000
11.0798	.134897	.000000
11.10353	.134040	.000000
11.12736	.133181	.000000
11.15129	.132169	.000000
11.17532	.131226	.000000
11.19946	.130438	.000000
11.2237	.129758	.000000
11.24805	.129197	.000000
11.2725	.128676	.000000
11.29706	.128064	.000000
11.32172	.127361	.000000
11.34649	.126549	.000000
11.37138	.125501	.000000
11.39637	.124207	.000000
11.42147	.122907	.000000
11.44668	.121604	.000000
11.47201	.120193	.000000
11.49745	.118920	.000000
11.523	.117810	.000000
11.54866	.116733	.000000
11.57444	.115759	.000000
11.60033	.114809	.000000
11.62634	.113690	.000000
11.65247	.112286	.000000
11.67872	.110658	.000000
11.70508	.108773	.000000
11.73157	.106633	.000000
11.75817	.104274	.000000
11.78489	.101778	.000000
11.81174	.099318	.000000
11.8387	.096710	.000000
11.86579	.093813	.000000
11.893	.090696	.000000
11.92034	.087504	.000000
11.94781	.084182	.000000
11.9754	.080525	.000000
12.00312	.076438	.000000
12.03097	.072102	.000000
12.05896	.067456	.000000
12.08707	.062432	.000000
12.11531	.057071	.000000
12.14368	.051615	.000000
12.17219	.046152	.000000
12.20083	.040794	.000000
12.2296	.035790	.000000
12.25852	.031962	.000000
12.28757	.031884	.000000
12.31676	.040551	.000000
12.34608	.062533	.000000
12.37555	.095044	.000000
12.40515	.126354	.000000
12.4349	.146971	.000000
12.46478	.156413	.000000
12.49482	.157992	.000000
12.525	.153879	.000000
12.55533	.145147	.000000
12.5858	.134421	.000000
12.61642	.127306	.000000
12.6472	.129170	.000000
12.67813	.140757	.000000
12.7092	.157154	.000000
12.74043	.171274	.000000
12.77181	.178494	.000000
12.80334	.178051	.000000
12.83503	.171072	.000000
12.86688	.159799	.000000
12.8989	.147333	.000000
12.93106	.136770	.000000
12.96339	.129393	.000000
12.99588	.124620	.000000
13.02853	.121697	.000000
13.06135	.120071	.000000
13.09433	.119196	.000000
13.12749	.118838	.000000
13.16081	.118865	.000000
13.1943	.119060	.000000
13.22796	.119219	.000000
13.26179	.119588	.000000
13.29579	.120104	.000000
13.32997	.120613	.000000
13.36432	.120845	.000000
13.39885	.120845	.000000
13.43356	.120822	.000000
13.46846	.120574	.000000
13.50353	.120246	.000000
13.53879	.119942	.000000
13.57423	.119717	.000000
13.60986	.119657	.000000
13.64568	.119612	.000000
13.68169	.119314	.000000
13.71788	.118693	.000000
13.75427	.117861	.000000
13.79085	.116762	.000000
13.82763	.115430	.000000
13.8646	.113868	.000000
13.90177	.111717	.000000
13.93915	.109082	.000000
13.97672	.106132	.000000
14.01449	.102673	.000000
14.05247	.098677	.000000
14.09066	.094236	.000000
14.12904	.089195	.000000
14.16764	.083246	.000000
14.20646	.076371	.000000
14.24549	.069350	.000000
14.28473	.064580	.000000
14.3242	.066388	.000000
14.36388	.075428	.000000
14.40378	.084612	.000000
14.4439	.089522	.000000
14.48425	.092312	.000000
14.52482	.095130	.000000
14.56562	.098259	.000000
14.60665	.101594	.000000
14.64792	.104800	.000000
14.68942	.108032	.000000
14.73115	.111209	.000000
14.77312	.113959	.000000
14.81533	.116268	.000000
14.85778	.118565	.000000
14.90048	.120705	.000000
14.94342	.122564	.000000
14.98659	.124416	.000000
15.03003	.126008	.000000
15.07372	.127442	.000000
15.11767	.128756	.000000
15.16187	.129898	.000000
15.20634	.130910	.000000
15.25106	.131533	.000000
15.29606	.131798	.000000
15.34131	.132042	.000000
15.38684	.132229	.000000
15.43263	.132341	.000000
15.4787	.132474	.000000
15.52504	.132650	.000000
15.57167	.132966	.000000
15.61858	.133397	.000000
15.66576	.133709	.000000
15.71324	.134058	.000000
15.761	.134567	.000000
15.80905	.135052	.000000
15.8574	.135370	.000000
15.90604	.135473	.000000
15.95496	.135121	.000000
16.00421	.134183	.000000
16.05376	.133182	.000000
16.10362	.132051	.000000
16.15378	.131143	.000000
16.20426	.130540	.000000
16.25506	.130027	.000000
16.30619	.129935	.000000
16.35763	.130343	.000000
16.40939	.130342	.000000
16.46149	.130051	.000000
16.51391	.129679	.000000
16.56667	.129332	.000000
16.61977	.128514	.000000
16.67322	.127370	.000000
16.72701	.126262	.000000
16.78114	.124625	.000000
16.83563	.122487	.000000
16.89046	.119859	.000000
16.94566	.116991	.000000
17.00122	.114079	.000000
17.05716	.110940	.000000
17.11345	.107754	.000000
17.17012	.104368	.000000
17.22716	.100837	.000000
17.28459	.096962	.000000
17.3424	.093217	.000000
17.4006	.089713	.000000
17.45916	.086788	.000000
17.51815	.084788	.000000
17.57753	.084812	.000000
17.63732	.088271	.000000
17.69752	.095711	.000000
17.75813	.108604	.000000
17.81915	.127464	.000000
17.88061	.149560	.000000
17.94248	.176659	.000000
18.00478	.207824	.000000
18.06752	.241093	.000000
18.13069	.272361	.000000
18.19431	.294255	.000000
18.25837	.304071	.000000
18.32288	.305106	.000000
18.38786	.298680	.000000
18.4533	.288753	.000000
18.5192	.274730	.000000
18.58558	.255072	.000000
18.65244	.235387	.000000
18.71979	.215690	.000000
18.78761	.197338	.000000
18.85593	.181377	.000000
18.92475	.168033	.000000
18.99407	.158597	.000000
19.0639	.150546	.000000
19.13425	.149750	.000000
19.2051	.155169	.000000
19.27649	.166471	.000000
19.34842	.175887	.000000
19.42089	.198922	.000000
19.4939	.226158	.000000
19.56746	.264623	.000000
19.64158	.322617	.000000
19.71626	.382753	.000000
19.79152	.424226	.000000
19.86735	.450012	.000000
19.94378	.462678	.000000
20.02078	.466876	.000000
20.09838	.467675	.000000
20.17659	.466202	.000000
20.2554	.461865	.000000
20.33483	.454919	.000000
20.41489	.446319	.000000
20.49558	.438209	.000000
20.57691	.429979	.000000
20.65889	.421939	.000000
20.74153	.413787	.000000
20.82483	.405669	.000000
20.9088	.397495	.000000
20.99345	.388436	.000000
21.07879	.378290	.000000
21.16483	.368134	.000000
21.25157	.357865	.000000
21.33902	.348316	.000000
21.4272	.339386	.000000
21.51611	.331087	.000000
21.60576	.323244	.000000
21.69616	.316194	.000000
21.78732	.309711	.000000
21.87925	.303490	.000000
21.97196	.297563	.000000
22.06546	.290502	.000000
22.15976	.278479	.000000
22.25486	.257332	.000000
22.35081	.231031	.000000
22.44757	.209147	.000000
22.54517	.193827	.000000
22.64362	.182572	.000000
22.74294	.173395	.000000
22.84313	.166017	.000000
22.9442	.160032	.000000
23.04615	.154704	.000000
23.14903	.149420	.000000
23.25284	.144737	.000000
23.35758	.140065	.000000
23.46327	.135083	.000000
23.56992	.130387	.000000
23.67755	.125757	.000000
23.78619	.121401	.000000
23.8958	.116566	.000000
24.00643	.111054	.000000
24.11809	.104552	.000000
24.23079	.096912	.000000
24.34455	.087895	.000000
24.45939	.076404	.000000
24.57528	.063730	.000000
24.6923	.060833	.000000
24.81045	.094468	.000000
24.92973	.156457	.000000
25.05016	.198927	.000000
25.17177	.214178	.000000
25.29455	.213958	.000000
25.41852	.196466	.000000
25.54373	.168618	.000000
25.67019	.155085	.000000
25.7979	.169604	.000000
25.92689	.206615	.000000
26.05717	.245038	.000000
26.18878	.268320	.000000
26.32171	.276757	.000000
26.45601	.277434	.000000
26.59168	.274314	.000000
26.72875	.266588	.000000
26.86724	.257223	.000000
27.00717	.247955	.000000
27.14857	.236146	.000000
27.29146	.222941	.000000
27.43586	.210180	.000000
27.58179	.199292	.000000
27.72929	.191160	.000000
27.87837	.186597	.000000
28.02907	.184457	.000000
28.1814	.184012	.000000
28.33539	.184632	.000000
28.49108	.184239	.000000
28.64849	.183249	.000000
28.80765	.183360	.000000
28.96859	.184733	.000000
29.13133	.185843	.000000
29.29592	.187663	.000000
29.46237	.189516	.000000
29.63073	.191482	.000000
29.80102	.194168	.000000
29.97328	.196851	.000000
30.14754	.199654	.000000
30.32384	.203695	.000000
30.50222	.208066	.000000
30.68271	.210198	.000000
30.86534	.213339	.000000
31.05017	.214511	.000000
31.23721	.215056	.000000
31.42653	.217508	.000000
31.61815	.221479	.000000
31.81213	.226060	.000000
32.0085	.228214	.000000
32.20731	.231322	.000000
32.40861	.234417	.000000
32.61244	.236635	.000000
32.81884	.239040	.000000
33.02788	.242520	.000000
33.2396	.241107	.000000
33.45405	.238884	.000000
33.67128	.236829	.000000
33.89136	.234940	.000000
34.11432	.232470	.000000
34.34025	.232426	.000000
34.56918	.231582	.000000
34.80119	.226888	.000000
35.03633	.222461	.000000
35.27468	.220123	.000000
35.51628	.216667	.000000
35.76122	.210723	.000000
36.00956	.198003	.000000
36.26145	.183382	.000000
36.51681	.169631	.000000
36.77579	.153520	.000000
37.03848	.135528	.000000
37.30494	.118803	.000000
37.57527	.108026	.000000
37.84954	.111917	.000000
38.12777	.125265	.000000
38.4102	.139048	.000000
38.69684	.154657	.000000
38.9878	.175410	.000000
39.28316	.202495	.000000
39.58303	.227097	.000000
39.88752	.243434	.000000
40.19672	.263962	.000000
40.51076	.282857	.000000
40.82974	.294317	.000000
41.15379	.301946	.000000
41.48302	.310465	.000000
41.81756	.319996	.000000
42.15754	.327627	.000000
42.50309	.332927	.000000
42.85436	.340062	.000000
43.21148	.347693	.000000
43.5746	.355458	.000000
43.94388	.364962	.000000
44.31946	.368185	.000000
44.70153	.371133	.000000
45.09024	.377819	.000000
45.48577	.377677	.000000
45.88829	.378655	.000000
46.29801	.385950	.000000
46.71511	.392336	.000000
47.13979	.390956	.000000
47.57227	.392752	.000000
48.01275	.398330	.000000
48.46147	.393570	.000000
48.91865	.395682	.000000
49.38455	.400160	.000000
49.8594	.392262	.000000
50.34347	.389611	.000000
50.83703	.391991	.000000
51.34037	.396941	.000000
51.85377	.396727	.000000
52.37755	.397072	.000000
52.91202	.401513	.000000
53.4575	.402748	.000000
54.01435	.405280	.000000
54.58292	.406960	.000000
55.16359	.403889	.000000
55.75675	.406265	.000000
56.3628	.408761	.000000
56.98217	.406276	.000000
57.61531	.404236	.000000
58.26267	.407872	.000000
58.92474	.406474	.000000
59.60204	.397251	.000000
60.29509	.388760	.000000
61.00445	.390734	.000000
61.73069	.399874	.000000
62.47443	.401015	.000000
63.23631	.397613	.000000
64.01701	.395221	.000000
64.81722	.399035	.000000
65.6377	.405231	.000000
66.4792	.403740	.000000
67.34256	.387541	.000000
68.22865	.383595	.000000
69.13838	.382006	.000000
70.07267	.379872	.000000
71.03257	.390073	.000000
72.01913	.393063	.000000
73.03348	.375810	.000000
74.07682	.367547	.000000
75.1504	.366205	.000000
76.25555	.356741	.000000
77.39369	.338130	.000000
78.56632	.339025	.000000
79.77503	.363171	.000000
81.02152	.373076	.000000
82.30759	.383109	.000000
83.63513	.369716	.000000
85.0062	.354835	.000000
86.42296	.337892	.000000
87.88776	.345537	.000000
89.40305	.362107	.000000
90.97155	.357515	.000000
92.59603	.346153	.000000
94.27959	.330282	.000000
96.02551	.315011	.000000
97.83731	.340427	.000000
99.7188	.359313	.000000
