Brown University Keck/NASA Relab Spectrum AV-A1V-003/BKR1AV003
Wavelength(micron)	Reflectance	Standard Deviation
0.32	.465396	.005738
0.325	.489851	.005557
0.33	.511101	.005709
0.335	.530540	.005807
0.34	.548198	.005850
0.345	.561735	.005933
0.35	.574239	.005923
0.355	.583051	.005934
0.36	.592235	.005855
0.365	.597881	.005826
0.37	.604261	.005789
0.375	.608257	.005822
0.38	.614415	.005971
0.385	.618370	.006065
0.39	.624995	.006221
0.395	.629078	.006313
0.4	.635498	.006235
0.405	.638854	.005919
0.41	.642644	.006072
0.415	.645368	.006102
0.42	.649436	.006077
0.425	.651592	.006079
0.43	.656228	.005974
0.435	.659089	.005756
0.44	.663866	.005623
0.445	.664744	.005136
0.45	.669446	.005225
0.455	.671652	.005334
0.46	.676102	.005414
0.465	.678268	.005532
0.47	.681060	.005704
0.475	.682708	.005829
0.48	.686737	.005865
0.485	.687987	.005894
0.49	.692106	.005888
0.495	.695021	.005780
0.5	.699446	.005725
0.505	.701490	.005635
0.51	.706645	.005606
0.515	.709375	.005549
0.52	.714269	.005631
0.525	.717516	.005617
0.53	.722873	.005678
0.535	.725847	.005709
0.54	.731164	.005753
0.545	.734189	.005684
0.55	.739294	.005689
0.555	.742690	.005686
0.56	.749119	.006035
0.565	.753080	.006070
0.57	.758571	.006195
0.575	.762542	.006213
0.58	.768769	.006276
0.585	.772378	.005986
0.59	.778553	.006068
0.595	.783435	.006118
0.6	.789883	.006301
0.605	.794299	.006421
0.61	.800444	.006532
0.615	.804673	.006628
0.62	.810315	.006694
0.625	.814236	.006743
0.63	.819687	.006766
0.635	.822690	.006783
0.64	.827661	.006897
0.645	.831162	.006998
0.65	.835758	.007079
0.655	.838624	.007167
0.66	.843227	.007267
0.665	.845919	.007228
0.67	.849760	.007158
0.675	.853279	.007153
0.68	.856753	.007187
0.685	.858378	.007174
0.69	.862105	.007235
0.695	.864384	.007294
0.7	.866928	.007294
0.705	.868965	.007269
0.71	.873474	.007263
0.715	.874216	.007282
0.72	.876637	.007374
0.725	.877992	.007442
0.73	.880683	.007442
0.735	.881552	.007567
0.74	.884911	.007584
0.745	.886527	.007648
0.75	.889031	.007592
0.755	.889208	.007575
0.76	.890907	.007450
0.765	.891148	.007315
0.77	.892135	.007130
0.775	.890970	.007104
0.78	.892342	.007078
0.785	.892168	.007109
0.79	.892748	.007201
0.795	.892642	.007261
0.8	.894076	.007228
0.805	.893460	.007195
0.81	.894188	.007231
0.815	.893610	.007199
0.82	.894115	.007256
0.825	.893524	.007319
0.83	.894240	.007344
0.835	.893831	.007290
0.84	.894443	.007219
0.845	.893982	.007129
0.85	.894404	.007056
0.855	.893926	.007119
0.86	.895318	.007756
0.865	.892260	.007869
0.87	.893765	.007796
0.875	.893342	.007764
0.88	.893918	.007599
0.885	.895432	.007788
0.89	.894114	.007625
0.895	.893783	.007513
0.9	.893392	.007461
0.905	.893448	.007415
0.91	.893465	.007499
0.915	.893388	.007328
0.92	.893106	.007550
0.925	.893340	.007830
0.93	.893547	.007501
0.935	.893972	.007758
0.94	.893927	.007558
0.945	.893655	.007468
0.95	.894269	.007630
0.955	.893930	.007305
0.96	.894276	.007440
0.965	.894313	.007398
0.97	.894512	.007476
0.975	.894870	.007266
0.98	.895303	.007262
0.985	.895324	.007203
0.99	.896073	.007270
0.995	.896244	.006902
1	.896748	.007333
1.005	.897564	.007210
1.01	.897393	.007278
1.015	.898462	.007173
1.02	.898956	.007195
1.025	.899561	.007328
1.03	.899566	.007571
1.035	.900496	.007826
1.04	.901090	.007478
1.045	.901800	.007324
1.05	.902504	.007490
1.055	.902887	.007642
1.06	.903797	.007342
1.065	.904209	.007560
1.07	.905316	.007491
1.075	.905685	.007578
1.08	.906672	.007245
1.085	.907217	.007239
1.09	.908221	.007289
1.095	.909703	.007517
1.1	.910891	.007282
1.105	.910971	.007251
1.11	.912169	.007369
1.115	.913546	.007115
1.12	.914459	.007237
1.125	.914472	.007115
1.13	.916018	.006971
1.135	.916929	.007088
1.14	.917397	.007046
1.145	.917895	.007023
1.15	.918537	.006905
1.155	.919755	.007066
1.16	.920521	.006732
1.165	.921171	.006714
1.17	.922018	.006495
1.175	.922681	.006663
1.18	.923278	.006703
1.185	.923957	.006648
1.19	.924706	.006406
1.195	.925148	.006329
1.2	.926313	.006431
1.205	.927450	.006476
1.21	.927443	.006451
1.215	.927568	.006626
1.22	.928967	.006752
1.225	.928921	.006755
1.23	.929925	.006386
1.235	.930037	.006735
1.24	.930959	.006889
1.245	.931780	.006840
1.25	.932313	.007051
1.255	.932767	.007130
1.26	.933467	.007084
1.265	.934359	.007193
1.27	.934410	.007372
1.275	.935108	.007529
1.28	.935254	.007420
1.285	.936028	.007333
1.29	.936272	.007446
1.295	.937098	.007456
1.3	.937948	.007435
1.305	.938214	.007326
1.31	.938307	.007216
1.315	.939044	.007191
1.32	.939669	.007276
1.325	.940037	.007119
1.33	.940340	.007098
1.335	.940304	.007054
1.34	.940342	.007110
1.345	.940557	.006971
1.35	.940754	.007096
1.35008	.940798	.000000
1.35025	.940864	.000000
1.35043	.940880	.000000
1.3506	.940862	.000000
1.35078	.940837	.000000
1.35096	.940814	.000000
1.35113	.940744	.000000
1.35131	.940835	.000000
1.35149	.940989	.000000
1.35166	.941039	.000000
1.35184	.941094	.000000
1.35201	.941159	.000000
1.35219	.941246	.000000
1.35237	.941157	.000000
1.35254	.940959	.000000
1.35272	.941041	.000000
1.3529	.941209	.000000
1.35307	.941119	.000000
1.35325	.941075	.000000
1.35343	.941084	.000000
1.3536	.940971	.000000
1.35378	.940957	.000000
1.35396	.941057	.000000
1.35413	.941087	.000000
1.35431	.940925	.000000
1.35449	.940792	.000000
1.35466	.940908	.000000
1.35484	.941146	.000000
1.35502	.941207	.000000
1.35519	.941218	.000000
1.35537	.941173	.000000
1.35555	.941227	.000000
1.35573	.941305	.000000
1.3559	.941300	.000000
1.35608	.941282	.000000
1.35626	.941257	.000000
1.35644	.941352	.000000
1.35661	.941227	.000000
1.35679	.940982	.000000
1.35697	.940941	.000000
1.35715	.940953	.000000
1.35732	.941130	.000000
1.3575	.941257	.000000
1.35768	.941212	.000000
1.35786	.941271	.000000
1.35803	.941269	.000000
1.35821	.941157	.000000
1.35839	.941228	.000000
1.35857	.941296	.000000
1.35875	.941194	.000000
1.35892	.941109	.000000
1.3591	.941118	.000000
1.35928	.941143	.000000
1.35946	.941160	.000000
1.35964	.941312	.000000
1.35981	.941430	.000000
1.35999	.941305	.000000
1.36017	.941132	.000000
1.36035	.941123	.000000
1.36053	.941223	.000000
1.36071	.941278	.000000
1.36089	.941236	.000000
1.36106	.941253	.000000
1.36124	.941207	.000000
1.36142	.941212	.000000
1.3616	.941246	.000000
1.36178	.941275	.000000
1.36196	.941464	.000000
1.36214	.941437	.000000
1.36232	.941234	.000000
1.36249	.941271	.000000
1.36267	.941345	.000000
1.36285	.941323	.000000
1.36303	.941318	.000000
1.36321	.941405	.000000
1.36339	.941452	.000000
1.36357	.941450	.000000
1.36375	.941345	.000000
1.36393	.941228	.000000
1.36411	.941139	.000000
1.36429	.941266	.000000
1.36447	.941277	.000000
1.36465	.941153	.000000
1.36483	.941152	.000000
1.36501	.941166	.000000
1.36519	.941148	.000000
1.36536	.941034	.000000
1.36554	.941041	.000000
1.36572	.941121	.000000
1.3659	.941082	.000000
1.36608	.941098	.000000
1.36626	.941057	.000000
1.36644	.941016	.000000
1.36662	.941076	.000000
1.3668	.941178	.000000
1.36699	.941066	.000000
1.36717	.940980	.000000
1.36735	.941005	.000000
1.36753	.940891	.000000
1.36771	.940737	.000000
1.36789	.940740	.000000
1.36807	.940967	.000000
1.36825	.941016	.000000
1.36843	.940883	.000000
1.36861	.940960	.000000
1.36879	.941155	.000000
1.36897	.941159	.000000
1.36915	.941125	.000000
1.36933	.941046	.000000
1.36951	.940951	.000000
1.36969	.940880	.000000
1.36987	.940869	.000000
1.37006	.940916	.000000
1.37024	.940971	.000000
1.37042	.941034	.000000
1.3706	.941109	.000000
1.37078	.940982	.000000
1.37096	.940912	.000000
1.37114	.941026	.000000
1.37132	.941076	.000000
1.37151	.941150	.000000
1.37169	.941100	.000000
1.37187	.941005	.000000
1.37205	.941007	.000000
1.37223	.941062	.000000
1.37241	.941253	.000000
1.37259	.941239	.000000
1.37278	.941141	.000000
1.37296	.941152	.000000
1.37314	.941150	.000000
1.37332	.941148	.000000
1.3735	.941175	.000000
1.37369	.941130	.000000
1.37387	.941134	.000000
1.37405	.941289	.000000
1.37423	.941287	.000000
1.37441	.941302	.000000
1.3746	.941391	.000000
1.37478	.941448	.000000
1.37496	.941395	.000000
1.37514	.941262	.000000
1.37533	.941144	.000000
1.37551	.941193	.000000
1.37569	.941244	.000000
1.37587	.941294	.000000
1.37606	.941259	.000000
1.37624	.941339	.000000
1.37642	.941404	.000000
1.3766	.941423	.000000
1.37679	.941495	.000000
1.37697	.941534	.000000
1.37715	.941518	.000000
1.37733	.941516	.000000
1.37752	.941534	.000000
1.3777	.941529	.000000
1.37788	.941459	.000000
1.37807	.941516	.000000
1.37825	.941541	.000000
1.37843	.941480	.000000
1.37862	.941504	.000000
1.3788	.941516	.000000
1.37898	.941566	.000000
1.37917	.941554	.000000
1.37935	.941455	.000000
1.37953	.941327	.000000
1.37972	.941421	.000000
1.3799	.941504	.000000
1.38008	.941591	.000000
1.38027	.941507	.000000
1.38045	.941286	.000000
1.38064	.941320	.000000
1.38082	.941534	.000000
1.381	.941527	.000000
1.38119	.941618	.000000
1.38137	.941622	.000000
1.38155	.941534	.000000
1.38174	.941564	.000000
1.38192	.941620	.000000
1.38211	.941591	.000000
1.38229	.941559	.000000
1.38248	.941543	.000000
1.38266	.941498	.000000
1.38284	.941482	.000000
1.38303	.941473	.000000
1.38321	.941475	.000000
1.3834	.941523	.000000
1.38358	.941600	.000000
1.38377	.941475	.000000
1.38395	.941430	.000000
1.38414	.941564	.000000
1.38432	.941561	.000000
1.38451	.941545	.000000
1.38469	.941625	.000000
1.38488	.941656	.000000
1.38506	.941659	.000000
1.38525	.941663	.000000
1.38543	.941704	.000000
1.38562	.941584	.000000
1.3858	.941513	.000000
1.38599	.941643	.000000
1.38617	.941741	.000000
1.38636	.941657	.000000
1.38654	.941484	.000000
1.38673	.941468	.000000
1.38691	.941530	.000000
1.3871	.941538	.000000
1.38728	.941545	.000000
1.38747	.941516	.000000
1.38766	.941427	.000000
1.38784	.941416	.000000
1.38803	.941405	.000000
1.38821	.941496	.000000
1.3884	.941543	.000000
1.38859	.941389	.000000
1.38877	.941395	.000000
1.38896	.941493	.000000
1.38914	.941656	.000000
1.38933	.941716	.000000
1.38952	.941632	.000000
1.3897	.941629	.000000
1.38989	.941677	.000000
1.39007	.941636	.000000
1.39026	.941496	.000000
1.39045	.941418	.000000
1.39063	.941591	.000000
1.39082	.941745	.000000
1.39101	.941566	.000000
1.39119	.941398	.000000
1.39138	.941441	.000000
1.39157	.941432	.000000
1.39175	.941396	.000000
1.39194	.941359	.000000
1.39213	.941364	.000000
1.39231	.941443	.000000
1.3925	.941455	.000000
1.39269	.941479	.000000
1.39288	.941464	.000000
1.39306	.941436	.000000
1.39325	.941496	.000000
1.39344	.941539	.000000
1.39362	.941446	.000000
1.39381	.941334	.000000
1.394	.941420	.000000
1.39419	.941504	.000000
1.39437	.941409	.000000
1.39456	.941332	.000000
1.39475	.941302	.000000
1.39494	.941248	.000000
1.39512	.941273	.000000
1.39531	.941294	.000000
1.3955	.941300	.000000
1.39569	.941382	.000000
1.39588	.941416	.000000
1.39606	.941334	.000000
1.39625	.941296	.000000
1.39644	.941294	.000000
1.39663	.941286	.000000
1.39682	.941280	.000000
1.397	.941166	.000000
1.39719	.941164	.000000
1.39738	.941203	.000000
1.39757	.941150	.000000
1.39776	.941214	.000000
1.39794	.941241	.000000
1.39813	.941139	.000000
1.39832	.941123	.000000
1.39851	.941166	.000000
1.3987	.941169	.000000
1.39889	.941162	.000000
1.39908	.941153	.000000
1.39927	.941051	.000000
1.39945	.940964	.000000
1.39964	.941035	.000000
1.39983	.941014	.000000
1.40002	.941035	.000000
1.40021	.941112	.000000
1.4004	.941082	.000000
1.40059	.941068	.000000
1.40078	.941155	.000000
1.40097	.941223	.000000
1.40116	.941071	.000000
1.40135	.940944	.000000
1.40154	.940960	.000000
1.40172	.941069	.000000
1.40191	.941009	.000000
1.4021	.940957	.000000
1.40229	.941035	.000000
1.40248	.941110	.000000
1.40267	.940989	.000000
1.40286	.940887	.000000
1.40305	.940923	.000000
1.40324	.940946	.000000
1.40343	.940967	.000000
1.40362	.941003	.000000
1.40381	.941025	.000000
1.404	.941021	.000000
1.40419	.940869	.000000
1.40438	.940723	.000000
1.40457	.940816	.000000
1.40476	.940841	.000000
1.40495	.940785	.000000
1.40514	.940871	.000000
1.40533	.940866	.000000
1.40552	.940832	.000000
1.40571	.940767	.000000
1.40591	.940773	.000000
1.4061	.940883	.000000
1.40629	.940991	.000000
1.40648	.941043	.000000
1.40667	.940889	.000000
1.40686	.940755	.000000
1.40705	.940830	.000000
1.40724	.940778	.000000
1.40743	.940714	.000000
1.40762	.940619	.000000
1.40781	.940678	.000000
1.40801	.940778	.000000
1.4082	.940721	.000000
1.40839	.940630	.000000
1.40858	.940692	.000000
1.40877	.940639	.000000
1.40896	.940576	.000000
1.40915	.940524	.000000
1.40934	.940497	.000000
1.40954	.940605	.000000
1.40973	.940744	.000000
1.40992	.940733	.000000
1.41011	.940701	.000000
1.4103	.940742	.000000
1.41049	.940690	.000000
1.41069	.940626	.000000
1.41088	.940630	.000000
1.41107	.940628	.000000
1.41126	.940601	.000000
1.41145	.940531	.000000
1.41165	.940598	.000000
1.41184	.940669	.000000
1.41203	.940651	.000000
1.41222	.940644	.000000
1.41242	.940710	.000000
1.41261	.940633	.000000
1.4128	.940562	.000000
1.41299	.940606	.000000
1.41319	.940619	.000000
1.41338	.940648	.000000
1.41357	.940667	.000000
1.41376	.940624	.000000
1.41396	.940487	.000000
1.41415	.940497	.000000
1.41434	.940660	.000000
1.41454	.940660	.000000
1.41473	.940628	.000000
1.41492	.940705	.000000
1.41511	.940667	.000000
1.41531	.940601	.000000
1.4155	.940540	.000000
1.41569	.940617	.000000
1.41589	.940510	.000000
1.41608	.940469	.000000
1.41627	.940574	.000000
1.41647	.940587	.000000
1.41666	.940572	.000000
1.41685	.940574	.000000
1.41705	.940553	.000000
1.41724	.940480	.000000
1.41744	.940619	.000000
1.41763	.940714	.000000
1.41782	.940574	.000000
1.41802	.940540	.000000
1.41821	.940598	.000000
1.41841	.940680	.000000
1.4186	.940689	.000000
1.41879	.940605	.000000
1.41899	.940660	.000000
1.41918	.940780	.000000
1.41938	.940848	.000000
1.41957	.940848	.000000
1.41976	.940707	.000000
1.41996	.940710	.000000
1.42015	.940748	.000000
1.42035	.940723	.000000
1.42054	.940758	.000000
1.42074	.940683	.000000
1.42093	.940715	.000000
1.42113	.940803	.000000
1.42132	.940787	.000000
1.42152	.940769	.000000
1.42171	.940833	.000000
1.42191	.940914	.000000
1.4221	.940926	.000000
1.4223	.940948	.000000
1.42249	.940907	.000000
1.42269	.940935	.000000
1.42288	.940978	.000000
1.42308	.940908	.000000
1.42327	.940941	.000000
1.42347	.940984	.000000
1.42366	.941032	.000000
1.42386	.940976	.000000
1.42405	.940935	.000000
1.42425	.940873	.000000
1.42445	.940835	.000000
1.42464	.940941	.000000
1.42484	.941071	.000000
1.42503	.941100	.000000
1.42523	.941116	.000000
1.42542	.941032	.000000
1.42562	.940928	.000000
1.42582	.941003	.000000
1.42601	.940973	.000000
1.42621	.940851	.000000
1.4264	.940914	.000000
1.4266	.941000	.000000
1.4268	.941046	.000000
1.42699	.941160	.000000
1.42719	.941141	.000000
1.42739	.941207	.000000
1.42758	.941203	.000000
1.42778	.941162	.000000
1.42798	.941286	.000000
1.42817	.941273	.000000
1.42837	.941298	.000000
1.42857	.941366	.000000
1.42876	.941277	.000000
1.42896	.941148	.000000
1.42916	.941212	.000000
1.42935	.941314	.000000
1.42955	.941450	.000000
1.42975	.941377	.000000
1.42995	.941269	.000000
1.43014	.941252	.000000
1.43034	.941253	.000000
1.43054	.941287	.000000
1.43073	.941361	.000000
1.43093	.941468	.000000
1.43113	.941468	.000000
1.43133	.941378	.000000
1.43152	.941386	.000000
1.43172	.941489	.000000
1.43192	.941598	.000000
1.43212	.941566	.000000
1.43232	.941350	.000000
1.43251	.941237	.000000
1.43271	.941286	.000000
1.43291	.941396	.000000
1.43311	.941495	.000000
1.43331	.941423	.000000
1.4335	.941368	.000000
1.4337	.941404	.000000
1.4339	.941396	.000000
1.4341	.941429	.000000
1.4343	.941454	.000000
1.4345	.941482	.000000
1.43469	.941505	.000000
1.43489	.941498	.000000
1.43509	.941513	.000000
1.43529	.941545	.000000
1.43549	.941657	.000000
1.43569	.941761	.000000
1.43589	.941759	.000000
1.43608	.941720	.000000
1.43628	.941750	.000000
1.43648	.941750	.000000
1.43668	.941781	.000000
1.43688	.941770	.000000
1.43708	.941822	.000000
1.43728	.941840	.000000
1.43748	.941736	.000000
1.43768	.941731	.000000
1.43788	.941857	.000000
1.43808	.941936	.000000
1.43828	.941886	.000000
1.43847	.941813	.000000
1.43867	.941934	.000000
1.43887	.941856	.000000
1.43907	.941823	.000000
1.43927	.941790	.000000
1.43947	.941829	.000000
1.43967	.941913	.000000
1.43987	.941909	.000000
1.44007	.941900	.000000
1.44027	.941895	.000000
1.44047	.941952	.000000
1.44067	.942131	.000000
1.44087	.942111	.000000
1.44107	.941963	.000000
1.44127	.941888	.000000
1.44147	.941893	.000000
1.44167	.942011	.000000
1.44188	.941983	.000000
1.44208	.941895	.000000
1.44228	.941863	.000000
1.44248	.941893	.000000
1.44268	.942058	.000000
1.44288	.942106	.000000
1.44308	.942086	.000000
1.44328	.942081	.000000
1.44348	.942172	.000000
1.44368	.942336	.000000
1.44388	.942222	.000000
1.44408	.942061	.000000
1.44429	.942183	.000000
1.44449	.942327	.000000
1.44469	.942195	.000000
1.44489	.942113	.000000
1.44509	.942165	.000000
1.44529	.942272	.000000
1.44549	.942319	.000000
1.44569	.942258	.000000
1.4459	.942281	.000000
1.4461	.942344	.000000
1.4463	.942424	.000000
1.4465	.942515	.000000
1.4467	.942451	.000000
1.4469	.942429	.000000
1.44711	.942479	.000000
1.44731	.942399	.000000
1.44751	.942363	.000000
1.44771	.942429	.000000
1.44792	.942419	.000000
1.44812	.942438	.000000
1.44832	.942417	.000000
1.44852	.942327	.000000
1.44872	.942276	.000000
1.44893	.942442	.000000
1.44913	.942640	.000000
1.44933	.942551	.000000
1.44953	.942424	.000000
1.44974	.942419	.000000
1.44994	.942529	.000000
1.45014	.942499	.000000
1.45035	.942472	.000000
1.45055	.942599	.000000
1.45075	.942714	.000000
1.45095	.942660	.000000
1.45116	.942558	.000000
1.45136	.942490	.000000
1.45156	.942513	.000000
1.45177	.942585	.000000
1.45197	.942506	.000000
1.45217	.942510	.000000
1.45238	.942540	.000000
1.45258	.942488	.000000
1.45278	.942617	.000000
1.45299	.942799	.000000
1.45319	.942824	.000000
1.45339	.942823	.000000
1.4536	.942890	.000000
1.4538	.942781	.000000
1.45401	.942619	.000000
1.45421	.942624	.000000
1.45441	.942690	.000000
1.45462	.942765	.000000
1.45482	.942856	.000000
1.45503	.942771	.000000
1.45523	.942655	.000000
1.45543	.942665	.000000
1.45564	.942765	.000000
1.45584	.942783	.000000
1.45605	.942660	.000000
1.45625	.942653	.000000
1.45646	.942694	.000000
1.45666	.942714	.000000
1.45687	.942733	.000000
1.45707	.942733	.000000
1.45728	.942749	.000000
1.45748	.942703	.000000
1.45768	.942740	.000000
1.45789	.942871	.000000
1.45809	.942928	.000000
1.4583	.942824	.000000
1.45851	.942801	.000000
1.45871	.942815	.000000
1.45892	.942851	.000000
1.45912	.942739	.000000
1.45933	.942651	.000000
1.45953	.942803	.000000
1.45974	.942933	.000000
1.45994	.942930	.000000
1.46015	.942848	.000000
1.46035	.942853	.000000
1.46056	.942915	.000000
1.46076	.942955	.000000
1.46097	.942965	.000000
1.46118	.942919	.000000
1.46138	.943033	.000000
1.46159	.943139	.000000
1.46179	.943023	.000000
1.462	.942840	.000000
1.46221	.942949	.000000
1.46241	.943082	.000000
1.46262	.943082	.000000
1.46283	.943049	.000000
1.46303	.943087	.000000
1.46324	.943041	.000000
1.46345	.943078	.000000
1.46365	.943058	.000000
1.46386	.943055	.000000
1.46406	.943171	.000000
1.46427	.943121	.000000
1.46448	.943055	.000000
1.46469	.943066	.000000
1.46489	.943042	.000000
1.4651	.943014	.000000
1.46531	.943057	.000000
1.46551	.943119	.000000
1.46572	.943083	.000000
1.46593	.943087	.000000
1.46613	.943139	.000000
1.46634	.943126	.000000
1.46655	.943091	.000000
1.46676	.943198	.000000
1.46696	.943178	.000000
1.46717	.943155	.000000
1.46738	.943151	.000000
1.46759	.943083	.000000
1.4678	.943073	.000000
1.468	.943166	.000000
1.46821	.943196	.000000
1.46842	.943276	.000000
1.46863	.943223	.000000
1.46883	.943142	.000000
1.46904	.943173	.000000
1.46925	.943126	.000000
1.46946	.943219	.000000
1.46967	.943348	.000000
1.46988	.943301	.000000
1.47008	.943268	.000000
1.47029	.943323	.000000
1.4705	.943350	.000000
1.47071	.943366	.000000
1.47092	.943414	.000000
1.47113	.943384	.000000
1.47134	.943280	.000000
1.47154	.943380	.000000
1.47175	.943346	.000000
1.47196	.943250	.000000
1.47217	.943273	.000000
1.47238	.943298	.000000
1.47259	.943432	.000000
1.4728	.943434	.000000
1.47301	.943343	.000000
1.47322	.943312	.000000
1.47343	.943332	.000000
1.47364	.943432	.000000
1.47385	.943598	.000000
1.47405	.943725	.000000
1.47426	.943707	.000000
1.47447	.943662	.000000
1.47468	.943568	.000000
1.47489	.943518	.000000
1.4751	.943548	.000000
1.47531	.943541	.000000
1.47552	.943450	.000000
1.47573	.943478	.000000
1.47594	.943607	.000000
1.47615	.943573	.000000
1.47636	.943552	.000000
1.47657	.943586	.000000
1.47678	.943543	.000000
1.47699	.943555	.000000
1.4772	.943645	.000000
1.47741	.943713	.000000
1.47763	.943814	.000000
1.47784	.943822	.000000
1.47805	.943802	.000000
1.47826	.943763	.000000
1.47847	.943629	.000000
1.47868	.943666	.000000
1.47889	.943680	.000000
1.4791	.943575	.000000
1.47931	.943609	.000000
1.47952	.943671	.000000
1.47973	.943655	.000000
1.47995	.943621	.000000
1.48016	.943614	.000000
1.48037	.943654	.000000
1.48058	.943757	.000000
1.48079	.943811	.000000
1.481	.943686	.000000
1.48121	.943730	.000000
1.48143	.943773	.000000
1.48164	.943743	.000000
1.48185	.943763	.000000
1.48206	.943739	.000000
1.48227	.943818	.000000
1.48248	.943886	.000000
1.4827	.943914	.000000
1.48291	.943879	.000000
1.48312	.943845	.000000
1.48333	.943855	.000000
1.48354	.943873	.000000
1.48376	.943830	.000000
1.48397	.943829	.000000
1.48418	.943822	.000000
1.48439	.943825	.000000
1.48461	.943907	.000000
1.48482	.943952	.000000
1.48503	.943979	.000000
1.48524	.943772	.000000
1.48546	.943684	.000000
1.48567	.943884	.000000
1.48588	.943950	.000000
1.4861	.944013	.000000
1.48631	.944077	.000000
1.48652	.944115	.000000
1.48674	.944158	.000000
1.48695	.944088	.000000
1.48716	.943900	.000000
1.48737	.943795	.000000
1.48759	.943893	.000000
1.4878	.944029	.000000
1.48802	.944131	.000000
1.48823	.944136	.000000
1.48844	.944081	.000000
1.48866	.944152	.000000
1.48887	.944154	.000000
1.48908	.944118	.000000
1.4893	.944159	.000000
1.48951	.944220	.000000
1.48973	.944190	.000000
1.48994	.944166	.000000
1.49015	.944047	.000000
1.49037	.943998	.000000
1.49058	.944102	.000000
1.4908	.944077	.000000
1.49101	.944004	.000000
1.49122	.944065	.000000
1.49144	.944188	.000000
1.49165	.944225	.000000
1.49187	.944268	.000000
1.49208	.944265	.000000
1.4923	.944195	.000000
1.49251	.944222	.000000
1.49273	.944234	.000000
1.49294	.944122	.000000
1.49316	.944109	.000000
1.49337	.944204	.000000
1.49359	.944197	.000000
1.4938	.944125	.000000
1.49402	.944166	.000000
1.49423	.944174	.000000
1.49445	.944143	.000000
1.49466	.944136	.000000
1.49488	.944229	.000000
1.49509	.944374	.000000
1.49531	.944363	.000000
1.49553	.944234	.000000
1.49574	.944183	.000000
1.49596	.944258	.000000
1.49617	.944320	.000000
1.49639	.944301	.000000
1.49661	.944186	.000000
1.49682	.944143	.000000
1.49704	.944188	.000000
1.49725	.944318	.000000
1.49747	.944433	.000000
1.49769	.944440	.000000
1.4979	.944340	.000000
1.49812	.944384	.000000
1.49834	.944460	.000000
1.49855	.944438	.000000
1.49877	.944286	.000000
1.49899	.944315	.000000
1.4992	.944399	.000000
1.49942	.944447	.000000
1.49964	.944454	.000000
1.49985	.944354	.000000
1.50007	.944274	.000000
1.50029	.944293	.000000
1.5005	.944340	.000000
1.50072	.944326	.000000
1.50094	.944411	.000000
1.50116	.944508	.000000
1.50137	.944502	.000000
1.50159	.944552	.000000
1.50181	.944506	.000000
1.50203	.944472	.000000
1.50224	.944490	.000000
1.50246	.944429	.000000
1.50268	.944442	.000000
1.5029	.944438	.000000
1.50311	.944417	.000000
1.50333	.944485	.000000
1.50355	.944488	.000000
1.50377	.944451	.000000
1.50399	.944447	.000000
1.5042	.944524	.000000
1.50442	.944547	.000000
1.50464	.944613	.000000
1.50486	.944658	.000000
1.50508	.944608	.000000
1.5053	.944581	.000000
1.50551	.944552	.000000
1.50573	.944554	.000000
1.50595	.944472	.000000
1.50617	.944442	.000000
1.50639	.944535	.000000
1.50661	.944586	.000000
1.50683	.944629	.000000
1.50705	.944681	.000000
1.50726	.944769	.000000
1.50748	.944737	.000000
1.5077	.944624	.000000
1.50792	.944545	.000000
1.50814	.944635	.000000
1.50836	.944708	.000000
1.50858	.944647	.000000
1.5088	.944608	.000000
1.50902	.944622	.000000
1.50924	.944679	.000000
1.50946	.944717	.000000
1.50968	.944720	.000000
1.5099	.944669	.000000
1.51012	.944665	.000000
1.51034	.944676	.000000
1.51056	.944579	.000000
1.51078	.944578	.000000
1.511	.944699	.000000
1.51122	.944694	.000000
1.51144	.944601	.000000
1.51166	.944622	.000000
1.51188	.944754	.000000
1.5121	.944712	.000000
1.51232	.944649	.000000
1.51254	.944720	.000000
1.51276	.944851	.000000
1.51298	.944901	.000000
1.5132	.944833	.000000
1.51342	.944753	.000000
1.51365	.944640	.000000
1.51387	.944645	.000000
1.51409	.944731	.000000
1.51431	.944810	.000000
1.51453	.944810	.000000
1.51475	.944794	.000000
1.51497	.944833	.000000
1.51519	.944890	.000000
1.51541	.944940	.000000
1.51564	.944878	.000000
1.51586	.944865	.000000
1.51608	.944878	.000000
1.5163	.944883	.000000
1.51652	.944976	.000000
1.51674	.945003	.000000
1.51697	.944846	.000000
1.51719	.944830	.000000
1.51741	.944892	.000000
1.51763	.944787	.000000
1.51785	.944787	.000000
1.51808	.944890	.000000
1.5183	.944928	.000000
1.51852	.944947	.000000
1.51874	.944937	.000000
1.51897	.944908	.000000
1.51919	.944928	.000000
1.51941	.944915	.000000
1.51963	.944905	.000000
1.51986	.944878	.000000
1.52008	.944926	.000000
1.5203	.944965	.000000
1.52053	.944888	.000000
1.52075	.944980	.000000
1.52097	.945006	.000000
1.52119	.944928	.000000
1.52142	.944903	.000000
1.52164	.944928	.000000
1.52186	.944974	.000000
1.52209	.945051	.000000
1.52231	.945078	.000000
1.52254	.945107	.000000
1.52276	.945108	.000000
1.52298	.945028	.000000
1.52321	.944951	.000000
1.52343	.945005	.000000
1.52365	.945028	.000000
1.52388	.945035	.000000
1.5241	.945090	.000000
1.52433	.945115	.000000
1.52455	.945035	.000000
1.52477	.945028	.000000
1.525	.945015	.000000
1.52522	.945026	.000000
1.52545	.944985	.000000
1.52567	.944989	.000000
1.5259	.944983	.000000
1.52612	.945069	.000000
1.52634	.945142	.000000
1.52657	.945176	.000000
1.52679	.945212	.000000
1.52702	.945192	.000000
1.52724	.945112	.000000
1.52747	.945035	.000000
1.52769	.944987	.000000
1.52792	.944969	.000000
1.52814	.944967	.000000
1.52837	.945042	.000000
1.52859	.945048	.000000
1.52882	.945039	.000000
1.52905	.945130	.000000
1.52927	.945142	.000000
1.5295	.945099	.000000
1.52972	.945078	.000000
1.52995	.945110	.000000
1.53017	.945083	.000000
1.5304	.945030	.000000
1.53063	.945085	.000000
1.53085	.945155	.000000
1.53108	.945157	.000000
1.5313	.945090	.000000
1.53153	.945046	.000000
1.53176	.945124	.000000
1.53198	.945101	.000000
1.53221	.945142	.000000
1.53244	.945232	.000000
1.53266	.945289	.000000
1.53289	.945262	.000000
1.53311	.945174	.000000
1.53334	.945208	.000000
1.53357	.945221	.000000
1.5338	.945232	.000000
1.53402	.945241	.000000
1.53425	.945260	.000000
1.53448	.945185	.000000
1.5347	.945058	.000000
1.53493	.945085	.000000
1.53516	.945232	.000000
1.53538	.945237	.000000
1.53561	.945214	.000000
1.53584	.945275	.000000
1.53607	.945328	.000000
1.53629	.945355	.000000
1.53652	.945346	.000000
1.53675	.945366	.000000
1.53698	.945351	.000000
1.53721	.945285	.000000
1.53743	.945239	.000000
1.53766	.945173	.000000
1.53789	.945176	.000000
1.53812	.945217	.000000
1.53835	.945212	.000000
1.53857	.945219	.000000
1.5388	.945283	.000000
1.53903	.945389	.000000
1.53926	.945357	.000000
1.53949	.945246	.000000
1.53972	.945239	.000000
1.53994	.945258	.000000
1.54017	.945248	.000000
1.5404	.945319	.000000
1.54063	.945385	.000000
1.54086	.945285	.000000
1.54109	.945350	.000000
1.54132	.945373	.000000
1.54155	.945321	.000000
1.54178	.945317	.000000
1.54201	.945351	.000000
1.54224	.945355	.000000
1.54246	.945434	.000000
1.54269	.945480	.000000
1.54292	.945432	.000000
1.54315	.945362	.000000
1.54338	.945237	.000000
1.54361	.945214	.000000
1.54384	.945300	.000000
1.54407	.945310	.000000
1.5443	.945341	.000000
1.54453	.945417	.000000
1.54476	.945475	.000000
1.54499	.945342	.000000
1.54522	.945292	.000000
1.54545	.945435	.000000
1.54568	.945475	.000000
1.54591	.945371	.000000
1.54614	.945355	.000000
1.54638	.945396	.000000
1.54661	.945292	.000000
1.54684	.945228	.000000
1.54707	.945273	.000000
1.5473	.945416	.000000
1.54753	.945510	.000000
1.54776	.945426	.000000
1.54799	.945384	.000000
1.54822	.945496	.000000
1.54845	.945480	.000000
1.54868	.945446	.000000
1.54892	.945484	.000000
1.54915	.945496	.000000
1.54938	.945466	.000000
1.54961	.945380	.000000
1.54984	.945316	.000000
1.55007	.945398	.000000
1.55031	.945442	.000000
1.55054	.945421	.000000
1.55077	.945396	.000000
1.551	.945441	.000000
1.55123	.945382	.000000
1.55146	.945346	.000000
1.5517	.945392	.000000
1.55193	.945364	.000000
1.55216	.945369	.000000
1.55239	.945455	.000000
1.55263	.945523	.000000
1.55286	.945569	.000000
1.55309	.945616	.000000
1.55332	.945637	.000000
1.55356	.945607	.000000
1.55379	.945543	.000000
1.55402	.945400	.000000
1.55426	.945389	.000000
1.55449	.945473	.000000
1.55472	.945466	.000000
1.55495	.945376	.000000
1.55519	.945367	.000000
1.55542	.945464	.000000
1.55565	.945528	.000000
1.55589	.945482	.000000
1.55612	.945469	.000000
1.55636	.945523	.000000
1.55659	.945555	.000000
1.55682	.945593	.000000
1.55706	.945637	.000000
1.55729	.945682	.000000
1.55752	.945750	.000000
1.55776	.945657	.000000
1.55799	.945537	.000000
1.55823	.945518	.000000
1.55846	.945532	.000000
1.55869	.945543	.000000
1.55893	.945539	.000000
1.55916	.945582	.000000
1.5594	.945610	.000000
1.55963	.945668	.000000
1.55987	.945636	.000000
1.5601	.945618	.000000
1.56034	.945728	.000000
1.56057	.945743	.000000
1.56081	.945698	.000000
1.56104	.945678	.000000
1.56128	.945587	.000000
1.56151	.945539	.000000
1.56175	.945493	.000000
1.56198	.945591	.000000
1.56222	.945669	.000000
1.56245	.945669	.000000
1.56269	.945648	.000000
1.56292	.945610	.000000
1.56316	.945543	.000000
1.56339	.945612	.000000
1.56363	.945682	.000000
1.56387	.945630	.000000
1.5641	.945560	.000000
1.56434	.945648	.000000
1.56457	.945696	.000000
1.56481	.945630	.000000
1.56505	.945646	.000000
1.56528	.945677	.000000
1.56552	.945652	.000000
1.56576	.945657	.000000
1.56599	.945652	.000000
1.56623	.945680	.000000
1.56646	.945684	.000000
1.5667	.945648	.000000
1.56694	.945687	.000000
1.56717	.945787	.000000
1.56741	.945770	.000000
1.56765	.945694	.000000
1.56789	.945657	.000000
1.56812	.945602	.000000
1.56836	.945648	.000000
1.5686	.945730	.000000
1.56883	.945714	.000000
1.56907	.945684	.000000
1.56931	.945657	.000000
1.56955	.945637	.000000
1.56978	.945598	.000000
1.57002	.945678	.000000
1.57026	.945766	.000000
1.5705	.945741	.000000
1.57074	.945753	.000000
1.57097	.945814	.000000
1.57121	.945650	.000000
1.57145	.945587	.000000
1.57169	.945746	.000000
1.57193	.945884	.000000
1.57216	.945925	.000000
1.5724	.945866	.000000
1.57264	.945850	.000000
1.57288	.945807	.000000
1.57312	.945734	.000000
1.57336	.945677	.000000
1.5736	.945714	.000000
1.57383	.945787	.000000
1.57407	.945705	.000000
1.57431	.945757	.000000
1.57455	.945850	.000000
1.57479	.945864	.000000
1.57503	.945837	.000000
1.57527	.945830	.000000
1.57551	.945795	.000000
1.57575	.945784	.000000
1.57599	.945809	.000000
1.57623	.945839	.000000
1.57647	.945854	.000000
1.57671	.945848	.000000
1.57695	.945807	.000000
1.57719	.945871	.000000
1.57743	.945925	.000000
1.57767	.945889	.000000
1.57791	.945871	.000000
1.57815	.945932	.000000
1.57839	.945882	.000000
1.57863	.945768	.000000
1.57887	.945786	.000000
1.57911	.945841	.000000
1.57935	.945762	.000000
1.57959	.945796	.000000
1.57983	.945861	.000000
1.58007	.945798	.000000
1.58031	.945854	.000000
1.58055	.945930	.000000
1.58079	.945873	.000000
1.58103	.945852	.000000
1.58127	.945904	.000000
1.58152	.945918	.000000
1.58176	.945814	.000000
1.582	.945770	.000000
1.58224	.945848	.000000
1.58248	.945871	.000000
1.58272	.945818	.000000
1.58296	.945861	.000000
1.58321	.945932	.000000
1.58345	.945963	.000000
1.58369	.945952	.000000
1.58393	.945961	.000000
1.58417	.945877	.000000
1.58442	.945880	.000000
1.58466	.945866	.000000
1.5849	.945854	.000000
1.58514	.945829	.000000
1.58538	.945809	.000000
1.58563	.945825	.000000
1.58587	.945770	.000000
1.58611	.945859	.000000
1.58635	.945957	.000000
1.5866	.945943	.000000
1.58684	.945982	.000000
1.58708	.945932	.000000
1.58733	.945829	.000000
1.58757	.945823	.000000
1.58781	.945893	.000000
1.58806	.945866	.000000
1.5883	.945834	.000000
1.58854	.945843	.000000
1.58879	.945902	.000000
1.58903	.945877	.000000
1.58927	.945848	.000000
1.58952	.945871	.000000
1.58976	.945918	.000000
1.59	.945946	.000000
1.59025	.945930	.000000
1.59049	.945936	.000000
1.59074	.945963	.000000
1.59098	.945982	.000000
1.59122	.945918	.000000
1.59147	.946011	.000000
1.59171	.946070	.000000
1.59196	.945970	.000000
1.5922	.945896	.000000
1.59244	.945812	.000000
1.59269	.945748	.000000
1.59293	.945791	.000000
1.59318	.945895	.000000
1.59342	.945880	.000000
1.59367	.945866	.000000
1.59391	.945913	.000000
1.59416	.945846	.000000
1.5944	.945827	.000000
1.59465	.945914	.000000
1.59489	.945920	.000000
1.59514	.945941	.000000
1.59539	.945932	.000000
1.59563	.945875	.000000
1.59588	.945862	.000000
1.59612	.945866	.000000
1.59637	.945871	.000000
1.59661	.945870	.000000
1.59686	.945955	.000000
1.59711	.945979	.000000
1.59735	.945934	.000000
1.5976	.946013	.000000
1.59784	.946023	.000000
1.59809	.946011	.000000
1.59834	.945975	.000000
1.59858	.945998	.000000
1.59883	.946061	.000000
1.59908	.946032	.000000
1.59932	.945909	.000000
1.59957	.945895	.000000
1.59982	.945914	.000000
1.60006	.945961	.000000
1.60031	.946050	.000000
1.60056	.946084	.000000
1.6008	.946041	.000000
1.60105	.946025	.000000
1.6013	.946050	.000000
1.60155	.946038	.000000
1.60179	.946047	.000000
1.60204	.946039	.000000
1.60229	.946055	.000000
1.60254	.945986	.000000
1.60278	.945929	.000000
1.60303	.945980	.000000
1.60328	.946016	.000000
1.60353	.946073	.000000
1.60377	.946102	.000000
1.60402	.945977	.000000
1.60427	.945904	.000000
1.60452	.946029	.000000
1.60477	.946145	.000000
1.60502	.946138	.000000
1.60526	.946106	.000000
1.60551	.946079	.000000
1.60576	.945991	.000000
1.60601	.946009	.000000
1.60626	.946066	.000000
1.60651	.946059	.000000
1.60676	.946038	.000000
1.60701	.946084	.000000
1.60725	.946014	.000000
1.6075	.945993	.000000
1.60775	.945988	.000000
1.608	.946025	.000000
1.60825	.946048	.000000
1.6085	.946072	.000000
1.60875	.946032	.000000
1.609	.945988	.000000
1.60925	.946004	.000000
1.6095	.946009	.000000
1.60975	.946038	.000000
1.61	.946070	.000000
1.61025	.946147	.000000
1.6105	.946145	.000000
1.61075	.946068	.000000
1.611	.946043	.000000
1.61125	.946027	.000000
1.6115	.945991	.000000
1.61175	.946057	.000000
1.612	.946188	.000000
1.61225	.946204	.000000
1.6125	.946088	.000000
1.61275	.946127	.000000
1.613	.946193	.000000
1.61326	.946081	.000000
1.61351	.945991	.000000
1.61376	.946032	.000000
1.61401	.946086	.000000
1.61426	.946100	.000000
1.61451	.946143	.000000
1.61476	.946168	.000000
1.61501	.946129	.000000
1.61527	.946166	.000000
1.61552	.946163	.000000
1.61577	.946106	.000000
1.61602	.946204	.000000
1.61627	.946232	.000000
1.61652	.946141	.000000
1.61678	.946136	.000000
1.61703	.946161	.000000
1.61728	.946175	.000000
1.61753	.946202	.000000
1.61779	.946154	.000000
1.61804	.946181	.000000
1.61829	.946150	.000000
1.61854	.946207	.000000
1.6188	.946245	.000000
1.61905	.946147	.000000
1.6193	.946039	.000000
1.61955	.946113	.000000
1.61981	.946223	.000000
1.62006	.946206	.000000
1.62031	.946168	.000000
1.62057	.946209	.000000
1.62082	.946193	.000000
1.62107	.946139	.000000
1.62133	.946232	.000000
1.62158	.946234	.000000
1.62183	.946161	.000000
1.62209	.946222	.000000
1.62234	.946213	.000000
1.6226	.946200	.000000
1.62285	.946227	.000000
1.6231	.946282	.000000
1.62336	.946240	.000000
1.62361	.946147	.000000
1.62387	.946206	.000000
1.62412	.946300	.000000
1.62438	.946220	.000000
1.62463	.946209	.000000
1.62488	.946286	.000000
1.62514	.946227	.000000
1.62539	.946163	.000000
1.62565	.946148	.000000
1.6259	.946168	.000000
1.62616	.946197	.000000
1.62641	.946206	.000000
1.62667	.946204	.000000
1.62692	.946257	.000000
1.62718	.946313	.000000
1.62743	.946206	.000000
1.62769	.946154	.000000
1.62795	.946216	.000000
1.6282	.946256	.000000
1.62846	.946259	.000000
1.62871	.946252	.000000
1.62897	.946313	.000000
1.62922	.946220	.000000
1.62948	.946179	.000000
1.62974	.946216	.000000
1.62999	.946266	.000000
1.63025	.946277	.000000
1.63051	.946256	.000000
1.63076	.946333	.000000
1.63102	.946306	.000000
1.63127	.946274	.000000
1.63153	.946311	.000000
1.63179	.946277	.000000
1.63204	.946236	.000000
1.6323	.946191	.000000
1.63256	.946184	.000000
1.63282	.946195	.000000
1.63307	.946299	.000000
1.63333	.946304	.000000
1.63359	.946195	.000000
1.63384	.946197	.000000
1.6341	.946240	.000000
1.63436	.946295	.000000
1.63462	.946284	.000000
1.63488	.946186	.000000
1.63513	.946182	.000000
1.63539	.946290	.000000
1.63565	.946306	.000000
1.63591	.946277	.000000
1.63616	.946209	.000000
1.63642	.946172	.000000
1.63668	.946198	.000000
1.63694	.946257	.000000
1.6372	.946315	.000000
1.63746	.946277	.000000
1.63772	.946222	.000000
1.63797	.946222	.000000
1.63823	.946238	.000000
1.63849	.946259	.000000
1.63875	.946254	.000000
1.63901	.946231	.000000
1.63927	.946220	.000000
1.63953	.946204	.000000
1.63979	.946249	.000000
1.64005	.946263	.000000
1.64031	.946195	.000000
1.64057	.946175	.000000
1.64083	.946106	.000000
1.64108	.946118	.000000
1.64134	.946206	.000000
1.6416	.946218	.000000
1.64186	.946143	.000000
1.64212	.946141	.000000
1.64238	.946198	.000000
1.64264	.946220	.000000
1.6429	.946252	.000000
1.64317	.946272	.000000
1.64343	.946259	.000000
1.64369	.946213	.000000
1.64395	.946179	.000000
1.64421	.946245	.000000
1.64447	.946307	.000000
1.64473	.946329	.000000
1.64499	.946340	.000000
1.64525	.946363	.000000
1.64551	.946320	.000000
1.64577	.946159	.000000
1.64603	.946147	.000000
1.6463	.946191	.000000
1.64656	.946241	.000000
1.64682	.946252	.000000
1.64708	.946184	.000000
1.64734	.946175	.000000
1.6476	.946202	.000000
1.64787	.946282	.000000
1.64813	.946286	.000000
1.64839	.946240	.000000
1.64865	.946243	.000000
1.64891	.946222	.000000
1.64918	.946148	.000000
1.64944	.946129	.000000
1.6497	.946159	.000000
1.64996	.946179	.000000
1.65023	.946281	.000000
1.65049	.946340	.000000
1.65075	.946313	.000000
1.65101	.946209	.000000
1.65128	.946066	.000000
1.65154	.946020	.000000
1.6518	.946136	.000000
1.65207	.946125	.000000
1.65233	.946147	.000000
1.65259	.946266	.000000
1.65286	.946268	.000000
1.65312	.946222	.000000
1.65338	.946245	.000000
1.65365	.946266	.000000
1.65391	.946265	.000000
1.65417	.946190	.000000
1.65444	.946213	.000000
1.6547	.946263	.000000
1.65497	.946238	.000000
1.65523	.946241	.000000
1.65549	.946165	.000000
1.65576	.946147	.000000
1.65602	.946152	.000000
1.65629	.946165	.000000
1.65655	.946227	.000000
1.65682	.946279	.000000
1.65708	.946257	.000000
1.65735	.946179	.000000
1.65761	.946104	.000000
1.65788	.946157	.000000
1.65814	.946247	.000000
1.65841	.946207	.000000
1.65867	.946202	.000000
1.65894	.946197	.000000
1.6592	.946215	.000000
1.65947	.946306	.000000
1.65973	.946299	.000000
1.66	.946243	.000000
1.66027	.946307	.000000
1.66053	.946275	.000000
1.6608	.946252	.000000
1.66106	.946252	.000000
1.66133	.946243	.000000
1.6616	.946190	.000000
1.66186	.946139	.000000
1.66213	.946095	.000000
1.66239	.946139	.000000
1.66266	.946136	.000000
1.66293	.946109	.000000
1.66319	.946106	.000000
1.66346	.946172	.000000
1.66373	.946173	.000000
1.664	.946077	.000000
1.66426	.946082	.000000
1.66453	.946202	.000000
1.6648	.946232	.000000
1.66506	.946179	.000000
1.66533	.946120	.000000
1.6656	.946168	.000000
1.66587	.946150	.000000
1.66613	.946163	.000000
1.6664	.946222	.000000
1.66667	.946186	.000000
1.66694	.946114	.000000
1.66721	.946172	.000000
1.66747	.946191	.000000
1.66774	.946086	.000000
1.66801	.946095	.000000
1.66828	.946156	.000000
1.66855	.946190	.000000
1.66882	.946204	.000000
1.66908	.946147	.000000
1.66935	.946163	.000000
1.66962	.946190	.000000
1.66989	.946157	.000000
1.67016	.946118	.000000
1.67043	.946139	.000000
1.6707	.946175	.000000
1.67097	.946200	.000000
1.67124	.946200	.000000
1.67151	.946166	.000000
1.67178	.946213	.000000
1.67204	.946236	.000000
1.67231	.946186	.000000
1.67258	.946138	.000000
1.67285	.946118	.000000
1.67312	.946141	.000000
1.67339	.946159	.000000
1.67366	.946202	.000000
1.67393	.946256	.000000
1.6742	.946241	.000000
1.67447	.946222	.000000
1.67474	.946209	.000000
1.67502	.946204	.000000
1.67529	.946181	.000000
1.67556	.946186	.000000
1.67583	.946175	.000000
1.6761	.946220	.000000
1.67637	.946286	.000000
1.67664	.946241	.000000
1.67691	.946175	.000000
1.67718	.946232	.000000
1.67745	.946270	.000000
1.67773	.946195	.000000
1.678	.946170	.000000
1.67827	.946161	.000000
1.67854	.946166	.000000
1.67881	.946213	.000000
1.67908	.946184	.000000
1.67936	.946145	.000000
1.67963	.946188	.000000
1.6799	.946136	.000000
1.68017	.946091	.000000
1.68044	.946184	.000000
1.68072	.946150	.000000
1.68099	.946043	.000000
1.68126	.946048	.000000
1.68153	.946111	.000000
1.68181	.946190	.000000
1.68208	.946143	.000000
1.68235	.946014	.000000
1.68263	.945989	.000000
1.6829	.946100	.000000
1.68317	.946161	.000000
1.68345	.946163	.000000
1.68372	.946198	.000000
1.68399	.946157	.000000
1.68427	.946077	.000000
1.68454	.946070	.000000
1.68481	.946082	.000000
1.68509	.946050	.000000
1.68536	.946081	.000000
1.68563	.946122	.000000
1.68591	.946184	.000000
1.68618	.946275	.000000
1.68646	.946136	.000000
1.68673	.946050	.000000
1.68701	.946098	.000000
1.68728	.946095	.000000
1.68755	.946131	.000000
1.68783	.946106	.000000
1.6881	.946011	.000000
1.68838	.945964	.000000
1.68865	.946061	.000000
1.68893	.946165	.000000
1.6892	.946223	.000000
1.68948	.946236	.000000
1.68976	.946240	.000000
1.69003	.946114	.000000
1.69031	.946022	.000000
1.69058	.946000	.000000
1.69086	.946032	.000000
1.69113	.946050	.000000
1.69141	.946043	.000000
1.69168	.945991	.000000
1.69196	.946025	.000000
1.69224	.946111	.000000
1.69251	.946129	.000000
1.69279	.946091	.000000
1.69307	.946113	.000000
1.69334	.946077	.000000
1.69362	.946029	.000000
1.6939	.946004	.000000
1.69417	.946045	.000000
1.69445	.946034	.000000
1.69473	.945946	.000000
1.695	.945946	.000000
1.69528	.946022	.000000
1.69556	.946034	.000000
1.69583	.946009	.000000
1.69611	.945975	.000000
1.69639	.945921	.000000
1.69667	.945988	.000000
1.69694	.946075	.000000
1.69722	.945920	.000000
1.6975	.945875	.000000
1.69778	.945900	.000000
1.69806	.945868	.000000
1.69833	.945837	.000000
1.69861	.945855	.000000
1.69889	.945911	.000000
1.69917	.945952	.000000
1.69945	.945957	.000000
1.69973	.945913	.000000
1.7	.945846	.000000
1.70028	.945879	.000000
1.70056	.946032	.000000
1.70084	.946054	.000000
1.70112	.945991	.000000
1.7014	.945905	.000000
1.70168	.945852	.000000
1.70196	.945886	.000000
1.70224	.945850	.000000
1.70252	.945832	.000000
1.7028	.945877	.000000
1.70308	.945834	.000000
1.70336	.945841	.000000
1.70364	.945880	.000000
1.70392	.945830	.000000
1.7042	.945787	.000000
1.70448	.945800	.000000
1.70476	.945823	.000000
1.70504	.945873	.000000
1.70532	.945909	.000000
1.7056	.945957	.000000
1.70588	.945941	.000000
1.70616	.945812	.000000
1.70644	.945786	.000000
1.70672	.945864	.000000
1.707	.945807	.000000
1.70728	.945827	.000000
1.70756	.945777	.000000
1.70784	.945730	.000000
1.70813	.945753	.000000
1.70841	.945700	.000000
1.70869	.945666	.000000
1.70897	.945741	.000000
1.70925	.945854	.000000
1.70953	.945816	.000000
1.70982	.945761	.000000
1.7101	.945805	.000000
1.71038	.945843	.000000
1.71066	.945805	.000000
1.71094	.945829	.000000
1.71123	.945786	.000000
1.71151	.945762	.000000
1.71179	.945737	.000000
1.71207	.945662	.000000
1.71236	.945657	.000000
1.71264	.945696	.000000
1.71292	.945711	.000000
1.71321	.945686	.000000
1.71349	.945661	.000000
1.71377	.945662	.000000
1.71405	.945677	.000000
1.71434	.945723	.000000
1.71462	.945745	.000000
1.71491	.945639	.000000
1.71519	.945609	.000000
1.71547	.945648	.000000
1.71576	.945664	.000000
1.71604	.945625	.000000
1.71632	.945593	.000000
1.71661	.945605	.000000
1.71689	.945668	.000000
1.71718	.945736	.000000
1.71746	.945621	.000000
1.71775	.945553	.000000
1.71803	.945612	.000000
1.71832	.945577	.000000
1.7186	.945575	.000000
1.71888	.945661	.000000
1.71917	.945680	.000000
1.71945	.945589	.000000
1.71974	.945562	.000000
1.72003	.945585	.000000
1.72031	.945603	.000000
1.7206	.945607	.000000
1.72088	.945553	.000000
1.72117	.945501	.000000
1.72145	.945489	.000000
1.72174	.945544	.000000
1.72202	.945662	.000000
1.72231	.945705	.000000
1.7226	.945677	.000000
1.72288	.945627	.000000
1.72317	.945562	.000000
1.72346	.945518	.000000
1.72374	.945537	.000000
1.72403	.945585	.000000
1.72432	.945684	.000000
1.7246	.945585	.000000
1.72489	.945566	.000000
1.72518	.945646	.000000
1.72546	.945678	.000000
1.72575	.945661	.000000
1.72604	.945648	.000000
1.72632	.945566	.000000
1.72661	.945532	.000000
1.7269	.945553	.000000
1.72719	.945537	.000000
1.72748	.945518	.000000
1.72776	.945507	.000000
1.72805	.945468	.000000
1.72834	.945494	.000000
1.72863	.945510	.000000
1.72892	.945485	.000000
1.7292	.945548	.000000
1.72949	.945552	.000000
1.72978	.945548	.000000
1.73007	.945557	.000000
1.73036	.945480	.000000
1.73065	.945446	.000000
1.73094	.945509	.000000
1.73122	.945566	.000000
1.73151	.945632	.000000
1.7318	.945634	.000000
1.73209	.945637	.000000
1.73238	.945564	.000000
1.73267	.945485	.000000
1.73296	.945464	.000000
1.73325	.945509	.000000
1.73354	.945501	.000000
1.73383	.945491	.000000
1.73412	.945500	.000000
1.73441	.945491	.000000
1.7347	.945473	.000000
1.73499	.945425	.000000
1.73528	.945423	.000000
1.73557	.945494	.000000
1.73586	.945473	.000000
1.73615	.945446	.000000
1.73644	.945414	.000000
1.73673	.945484	.000000
1.73702	.945589	.000000
1.73732	.945550	.000000
1.73761	.945450	.000000
1.7379	.945385	.000000
1.73819	.945391	.000000
1.73848	.945405	.000000
1.73877	.945407	.000000
1.73906	.945489	.000000
1.73936	.945523	.000000
1.73965	.945453	.000000
1.73994	.945475	.000000
1.74023	.945505	.000000
1.74052	.945534	.000000
1.74082	.945532	.000000
1.74111	.945446	.000000
1.7414	.945364	.000000
1.74169	.945357	.000000
1.74199	.945430	.000000
1.74228	.945466	.000000
1.74257	.945439	.000000
1.74286	.945518	.000000
1.74316	.945480	.000000
1.74345	.945407	.000000
1.74374	.945435	.000000
1.74404	.945476	.000000
1.74433	.945455	.000000
1.74462	.945444	.000000
1.74492	.945493	.000000
1.74521	.945464	.000000
1.7455	.945459	.000000
1.7458	.945437	.000000
1.74609	.945428	.000000
1.74639	.945446	.000000
1.74668	.945410	.000000
1.74697	.945396	.000000
1.74727	.945396	.000000
1.74756	.945430	.000000
1.74786	.945446	.000000
1.74815	.945414	.000000
1.74845	.945385	.000000
1.74874	.945423	.000000
1.74904	.945441	.000000
1.74933	.945417	.000000
1.74963	.945419	.000000
1.74992	.945468	.000000
1.75022	.945521	.000000
1.75051	.945444	.000000
1.75081	.945316	.000000
1.7511	.945314	.000000
1.7514	.945437	.000000
1.7517	.945525	.000000
1.75199	.945451	.000000
1.75229	.945325	.000000
1.75258	.945332	.000000
1.75288	.945330	.000000
1.75318	.945342	.000000
1.75347	.945410	.000000
1.75377	.945384	.000000
1.75407	.945308	.000000
1.75436	.945321	.000000
1.75466	.945348	.000000
1.75496	.945369	.000000
1.75525	.945387	.000000
1.75555	.945375	.000000
1.75585	.945332	.000000
1.75615	.945442	.000000
1.75644	.945437	.000000
1.75674	.945362	.000000
1.75704	.945364	.000000
1.75734	.945339	.000000
1.75763	.945351	.000000
1.75793	.945291	.000000
1.75823	.945198	.000000
1.75853	.945164	.000000
1.75883	.945169	.000000
1.75913	.945228	.000000
1.75942	.945226	.000000
1.75972	.945198	.000000
1.76002	.945223	.000000
1.76032	.945248	.000000
1.76062	.945196	.000000
1.76092	.945185	.000000
1.76122	.945198	.000000
1.76152	.945155	.000000
1.76181	.945105	.000000
1.76211	.945130	.000000
1.76241	.945198	.000000
1.76271	.945217	.000000
1.76301	.945137	.000000
1.76331	.945160	.000000
1.76361	.945196	.000000
1.76391	.945199	.000000
1.76421	.945189	.000000
1.76451	.945208	.000000
1.76481	.945244	.000000
1.76511	.945162	.000000
1.76541	.945139	.000000
1.76572	.945153	.000000
1.76602	.945107	.000000
1.76632	.945024	.000000
1.76662	.945105	.000000
1.76692	.945183	.000000
1.76722	.945133	.000000
1.76752	.945090	.000000
1.76782	.945081	.000000
1.76812	.945121	.000000
1.76843	.945105	.000000
1.76873	.945071	.000000
1.76903	.945074	.000000
1.76933	.945124	.000000
1.76963	.945094	.000000
1.76993	.945058	.000000
1.77024	.945112	.000000
1.77054	.945117	.000000
1.77084	.945046	.000000
1.77114	.945056	.000000
1.77145	.945080	.000000
1.77175	.945026	.000000
1.77205	.944976	.000000
1.77235	.944967	.000000
1.77266	.945015	.000000
1.77296	.944969	.000000
1.77326	.944942	.000000
1.77357	.944956	.000000
1.77387	.945042	.000000
1.77417	.945083	.000000
1.77448	.945067	.000000
1.77478	.945056	.000000
1.77508	.944974	.000000
1.77539	.944888	.000000
1.77569	.944913	.000000
1.776	.944978	.000000
1.7763	.945003	.000000
1.77661	.945003	.000000
1.77691	.945062	.000000
1.77721	.944980	.000000
1.77752	.944894	.000000
1.77782	.944890	.000000
1.77813	.944965	.000000
1.77843	.945030	.000000
1.77874	.945046	.000000
1.77904	.945028	.000000
1.77935	.945012	.000000
1.77965	.945012	.000000
1.77996	.944972	.000000
1.78027	.944922	.000000
1.78057	.944951	.000000
1.78088	.944912	.000000
1.78118	.944846	.000000
1.78149	.944863	.000000
1.7818	.944915	.000000
1.7821	.944933	.000000
1.78241	.945017	.000000
1.78271	.945115	.000000
1.78302	.945098	.000000
1.78333	.945021	.000000
1.78363	.944908	.000000
1.78394	.944794	.000000
1.78425	.944908	.000000
1.78455	.945040	.000000
1.78486	.944976	.000000
1.78517	.944862	.000000
1.78548	.944781	.000000
1.78578	.944810	.000000
1.78609	.944821	.000000
1.7864	.944810	.000000
1.78671	.944863	.000000
1.78702	.944921	.000000
1.78732	.944905	.000000
1.78763	.944812	.000000
1.78794	.944778	.000000
1.78825	.944794	.000000
1.78856	.944830	.000000
1.78886	.944851	.000000
1.78917	.944831	.000000
1.78948	.944819	.000000
1.78979	.944799	.000000
1.7901	.944853	.000000
1.79041	.944867	.000000
1.79072	.944858	.000000
1.79103	.944876	.000000
1.79134	.944855	.000000
1.79165	.944838	.000000
1.79196	.944858	.000000
1.79227	.944906	.000000
1.79258	.944939	.000000
1.79289	.944872	.000000
1.7932	.944763	.000000
1.79351	.944790	.000000
1.79382	.944831	.000000
1.79413	.944847	.000000
1.79444	.944813	.000000
1.79475	.944729	.000000
1.79506	.944737	.000000
1.79537	.944731	.000000
1.79568	.944683	.000000
1.79599	.944726	.000000
1.7963	.944788	.000000
1.79661	.944803	.000000
1.79692	.944796	.000000
1.79724	.944751	.000000
1.79755	.944821	.000000
1.79786	.944874	.000000
1.79817	.944790	.000000
1.79848	.944781	.000000
1.79879	.944853	.000000
1.79911	.944794	.000000
1.79942	.944738	.000000
1.79973	.944704	.000000
1.80004	.944794	.000000
1.80036	.944840	.000000
1.80067	.944737	.000000
1.80098	.944669	.000000
1.80129	.944653	.000000
1.80161	.944708	.000000
1.80192	.944846	.000000
1.80223	.944813	.000000
1.80255	.944760	.000000
1.80286	.944797	.000000
1.80317	.944813	.000000
1.80349	.944774	.000000
1.8038	.944742	.000000
1.80411	.944804	.000000
1.80443	.944831	.000000
1.80474	.944746	.000000
1.80506	.944710	.000000
1.80537	.944720	.000000
1.80569	.944712	.000000
1.806	.944688	.000000
1.80631	.944660	.000000
1.80663	.944706	.000000
1.80694	.944771	.000000
1.80726	.944774	.000000
1.80757	.944779	.000000
1.80789	.944712	.000000
1.8082	.944603	.000000
1.80852	.944565	.000000
1.80884	.944624	.000000
1.80915	.944717	.000000
1.80947	.944667	.000000
1.80978	.944590	.000000
1.8101	.944524	.000000
1.81041	.944599	.000000
1.81073	.944708	.000000
1.81105	.944670	.000000
1.81136	.944669	.000000
1.81168	.944683	.000000
1.812	.944628	.000000
1.81231	.944603	.000000
1.81263	.944563	.000000
1.81295	.944520	.000000
1.81326	.944554	.000000
1.81358	.944583	.000000
1.8139	.944585	.000000
1.81422	.944549	.000000
1.81453	.944538	.000000
1.81485	.944494	.000000
1.81517	.944492	.000000
1.81549	.944629	.000000
1.8158	.944665	.000000
1.81612	.944560	.000000
1.81644	.944499	.000000
1.81676	.944481	.000000
1.81708	.944479	.000000
1.8174	.944535	.000000
1.81771	.944576	.000000
1.81803	.944576	.000000
1.81835	.944517	.000000
1.81867	.944481	.000000
1.81899	.944561	.000000
1.81931	.944569	.000000
1.81963	.944583	.000000
1.81995	.944540	.000000
1.82027	.944438	.000000
1.82059	.944420	.000000
1.82091	.944483	.000000
1.82123	.944492	.000000
1.82155	.944513	.000000
1.82187	.944540	.000000
1.82219	.944497	.000000
1.82251	.944445	.000000
1.82283	.944449	.000000
1.82315	.944449	.000000
1.82347	.944390	.000000
1.82379	.944429	.000000
1.82411	.944499	.000000
1.82443	.944513	.000000
1.82475	.944474	.000000
1.82507	.944411	.000000
1.82539	.944356	.000000
1.82571	.944367	.000000
1.82604	.944299	.000000
1.82636	.944284	.000000
1.82668	.944367	.000000
1.827	.944293	.000000
1.82732	.944279	.000000
1.82765	.944326	.000000
1.82797	.944340	.000000
1.82829	.944397	.000000
1.82861	.944304	.000000
1.82893	.944249	.000000
1.82926	.944313	.000000
1.82958	.944272	.000000
1.8299	.944249	.000000
1.83023	.944288	.000000
1.83055	.944326	.000000
1.83087	.944313	.000000
1.8312	.944290	.000000
1.83152	.944311	.000000
1.83184	.944336	.000000
1.83217	.944275	.000000
1.83249	.944229	.000000
1.83281	.944242	.000000
1.83314	.944218	.000000
1.83346	.944256	.000000
1.83379	.944322	.000000
1.83411	.944311	.000000
1.83443	.944279	.000000
1.83476	.944272	.000000
1.83508	.944261	.000000
1.83541	.944293	.000000
1.83573	.944245	.000000
1.83606	.944122	.000000
1.83638	.944149	.000000
1.83671	.944284	.000000
1.83703	.944359	.000000
1.83736	.944345	.000000
1.83769	.944231	.000000
1.83801	.944170	.000000
1.83834	.944168	.000000
1.83866	.944150	.000000
1.83899	.944161	.000000
1.83932	.944158	.000000
1.83964	.944088	.000000
1.83997	.944100	.000000
1.8403	.944199	.000000
1.84062	.944249	.000000
1.84095	.944193	.000000
1.84128	.944097	.000000
1.8416	.944057	.000000
1.84193	.944041	.000000
1.84226	.944133	.000000
1.84258	.944252	.000000
1.84291	.944327	.000000
1.84324	.944274	.000000
1.84357	.944149	.000000
1.84389	.944107	.000000
1.84422	.944141	.000000
1.84455	.944183	.000000
1.84488	.944159	.000000
1.84521	.944088	.000000
1.84554	.944111	.000000
1.84586	.944147	.000000
1.84619	.944113	.000000
1.84652	.944041	.000000
1.84685	.943938	.000000
1.84718	.943966	.000000
1.84751	.944065	.000000
1.84784	.943966	.000000
1.84817	.943947	.000000
1.8485	.944075	.000000
1.84883	.944186	.000000
1.84916	.944107	.000000
1.84949	.944070	.000000
1.84982	.944093	.000000
1.85015	.944124	.000000
1.85048	.944086	.000000
1.85081	.943970	.000000
1.85114	.944015	.000000
1.85147	.944054	.000000
1.8518	.944025	.000000
1.85213	.944006	.000000
1.85246	.943914	.000000
1.85279	.943877	.000000
1.85312	.943932	.000000
1.85345	.943902	.000000
1.85378	.943807	.000000
1.85412	.943852	.000000
1.85445	.944032	.000000
1.85478	.944140	.000000
1.85511	.944077	.000000
1.85544	.944029	.000000
1.85577	.944063	.000000
1.85611	.943984	.000000
1.85644	.943916	.000000
1.85677	.943936	.000000
1.8571	.943897	.000000
1.85744	.943830	.000000
1.85777	.943825	.000000
1.8581	.943864	.000000
1.85843	.943950	.000000
1.85877	.943981	.000000
1.8591	.943952	.000000
1.85943	.943789	.000000
1.85977	.943743	.000000
1.8601	.943807	.000000
1.86044	.943745	.000000
1.86077	.943705	.000000
1.8611	.943777	.000000
1.86144	.943804	.000000
1.86177	.943727	.000000
1.86211	.943766	.000000
1.86244	.943829	.000000
1.86277	.943755	.000000
1.86311	.943668	.000000
1.86344	.943641	.000000
1.86378	.943696	.000000
1.86411	.943661	.000000
1.86445	.943550	.000000
1.86478	.943630	.000000
1.86512	.943748	.000000
1.86546	.943768	.000000
1.86579	.943691	.000000
1.86613	.943586	.000000
1.86646	.943528	.000000
1.8668	.943532	.000000
1.86714	.943566	.000000
1.86747	.943434	.000000
1.86781	.943341	.000000
1.86814	.943452	.000000
1.86848	.943570	.000000
1.86882	.943546	.000000
1.86915	.943471	.000000
1.86949	.943373	.000000
1.86983	.943339	.000000
1.87017	.943316	.000000
1.8705	.943201	.000000
1.87084	.943069	.000000
1.87118	.943185	.000000
1.87152	.943301	.000000
1.87185	.943305	.000000
1.87219	.943230	.000000
1.87253	.943110	.000000
1.87287	.943003	.000000
1.87321	.942974	.000000
1.87354	.943085	.000000
1.87388	.943096	.000000
1.87422	.943049	.000000
1.87456	.942949	.000000
1.8749	.942908	.000000
1.87524	.942924	.000000
1.87558	.942940	.000000
1.87592	.942896	.000000
1.87626	.942808	.000000
1.8766	.942730	.000000
1.87694	.942692	.000000
1.87728	.942692	.000000
1.87762	.942708	.000000
1.87796	.942635	.000000
1.8783	.942626	.000000
1.87864	.942649	.000000
1.87898	.942587	.000000
1.87932	.942488	.000000
1.87966	.942445	.000000
1.88	.942354	.000000
1.88034	.942238	.000000
1.88068	.942131	.000000
1.88102	.942077	.000000
1.88136	.942101	.000000
1.8817	.942158	.000000
1.88205	.942093	.000000
1.88239	.941913	.000000
1.88273	.941852	.000000
1.88307	.941882	.000000
1.88341	.941815	.000000
1.88376	.941645	.000000
1.8841	.941554	.000000
1.88444	.941534	.000000
1.88478	.941445	.000000
1.88513	.941311	.000000
1.88547	.941268	.000000
1.88581	.941194	.000000
1.88615	.941114	.000000
1.8865	.941089	.000000
1.88684	.940969	.000000
1.88718	.940860	.000000
1.88753	.940821	.000000
1.88787	.940733	.000000
1.88821	.940596	.000000
1.88856	.940401	.000000
1.8889	.940303	.000000
1.88925	.940226	.000000
1.88959	.940076	.000000
1.88994	.939902	.000000
1.89028	.939740	.000000
1.89062	.939647	.000000
1.89097	.939509	.000000
1.89131	.939357	.000000
1.89166	.939184	.000000
1.892	.939003	.000000
1.89235	.938839	.000000
1.89269	.938658	.000000
1.89304	.938512	.000000
1.89339	.938355	.000000
1.89373	.938149	.000000
1.89408	.937978	.000000
1.89442	.937752	.000000
1.89477	.937511	.000000
1.89512	.937356	.000000
1.89546	.937123	.000000
1.89581	.936886	.000000
1.89616	.936746	.000000
1.8965	.936532	.000000
1.89685	.936265	.000000
1.8972	.935954	.000000
1.89754	.935656	.000000
1.89789	.935497	.000000
1.89824	.935349	.000000
1.89859	.935134	.000000
1.89893	.934957	.000000
1.89928	.934757	.000000
1.89963	.934566	.000000
1.89998	.934519	.000000
1.90033	.934325	.000000
1.90067	.934048	.000000
1.90102	.933888	.000000
1.90137	.933735	.000000
1.90172	.933606	.000000
1.90207	.933522	.000000
1.90242	.933435	.000000
1.90277	.933318	.000000
1.90312	.933240	.000000
1.90346	.933127	.000000
1.90381	.932982	.000000
1.90416	.932859	.000000
1.90451	.932729	.000000
1.90486	.932625	.000000
1.90521	.932520	.000000
1.90556	.932541	.000000
1.90591	.932525	.000000
1.90626	.932419	.000000
1.90661	.932334	.000000
1.90697	.932262	.000000
1.90732	.932309	.000000
1.90767	.932269	.000000
1.90802	.932151	.000000
1.90837	.932162	.000000
1.90872	.932167	.000000
1.90907	.932094	.000000
1.90942	.932069	.000000
1.90977	.932021	.000000
1.91013	.931996	.000000
1.91048	.931978	.000000
1.91083	.931999	.000000
1.91118	.932060	.000000
1.91154	.932087	.000000
1.91189	.932073	.000000
1.91224	.932087	.000000
1.91259	.932069	.000000
1.91295	.932019	.000000
1.9133	.931946	.000000
1.91365	.931964	.000000
1.91401	.932024	.000000
1.91436	.932028	.000000
1.91471	.932108	.000000
1.91507	.932194	.000000
1.91542	.932264	.000000
1.91577	.932264	.000000
1.91613	.932189	.000000
1.91648	.932239	.000000
1.91684	.932366	.000000
1.91719	.932382	.000000
1.91754	.932384	.000000
1.9179	.932425	.000000
1.91825	.932448	.000000
1.91861	.932464	.000000
1.91896	.932525	.000000
1.91932	.932527	.000000
1.91967	.932443	.000000
1.92003	.932486	.000000
1.92039	.932557	.000000
1.92074	.932661	.000000
1.9211	.932782	.000000
1.92145	.932861	.000000
1.92181	.932922	.000000
1.92217	.933024	.000000
1.92252	.933086	.000000
1.92288	.933095	.000000
1.92323	.933113	.000000
1.92359	.933177	.000000
1.92395	.933290	.000000
1.92431	.933329	.000000
1.92466	.933370	.000000
1.92502	.933420	.000000
1.92538	.933436	.000000
1.92573	.933547	.000000
1.92609	.933642	.000000
1.92645	.933670	.000000
1.92681	.933647	.000000
1.92717	.933710	.000000
1.92752	.933867	.000000
1.92788	.933944	.000000
1.92824	.933980	.000000
1.9286	.934010	.000000
1.92896	.934149	.000000
1.92932	.934269	.000000
1.92968	.934266	.000000
1.93004	.934226	.000000
1.9304	.934242	.000000
1.93075	.934310	.000000
1.93111	.934369	.000000
1.93147	.934489	.000000
1.93183	.934557	.000000
1.93219	.934662	.000000
1.93255	.934703	.000000
1.93291	.934684	.000000
1.93327	.934727	.000000
1.93364	.934745	.000000
1.934	.934836	.000000
1.93436	.934988	.000000
1.93472	.935082	.000000
1.93508	.935050	.000000
1.93544	.935089	.000000
1.9358	.935193	.000000
1.93616	.935250	.000000
1.93652	.935302	.000000
1.93689	.935386	.000000
1.93725	.935352	.000000
1.93761	.935299	.000000
1.93797	.935340	.000000
1.93833	.935434	.000000
1.9387	.935484	.000000
1.93906	.935559	.000000
1.93942	.935554	.000000
1.93978	.935610	.000000
1.94015	.935715	.000000
1.94051	.935736	.000000
1.94087	.935785	.000000
1.94124	.935865	.000000
1.9416	.935922	.000000
1.94196	.935922	.000000
1.94233	.935928	.000000
1.94269	.936004	.000000
1.94306	.936147	.000000
1.94342	.936176	.000000
1.94378	.936169	.000000
1.94415	.936164	.000000
1.94451	.936149	.000000
1.94488	.936180	.000000
1.94524	.936242	.000000
1.94561	.936237	.000000
1.94597	.936357	.000000
1.94634	.936426	.000000
1.9467	.936373	.000000
1.94707	.936448	.000000
1.94743	.936551	.000000
1.9478	.936557	.000000
1.94817	.936559	.000000
1.94853	.936537	.000000
1.9489	.936535	.000000
1.94926	.936617	.000000
1.94963	.936718	.000000
1.95	.936796	.000000
1.95036	.936802	.000000
1.95073	.936764	.000000
1.9511	.936827	.000000
1.95147	.936893	.000000
1.95183	.936930	.000000
1.9522	.936907	.000000
1.95257	.936945	.000000
1.95294	.937011	.000000
1.9533	.936998	.000000
1.95367	.936927	.000000
1.95404	.936887	.000000
1.95441	.936980	.000000
1.95478	.937125	.000000
1.95515	.937127	.000000
1.95551	.937100	.000000
1.95588	.937184	.000000
1.95625	.937204	.000000
1.95662	.937207	.000000
1.95699	.937236	.000000
1.95736	.937286	.000000
1.95773	.937313	.000000
1.9581	.937359	.000000
1.95847	.937429	.000000
1.95884	.937499	.000000
1.95921	.937475	.000000
1.95958	.937479	.000000
1.95995	.937491	.000000
1.96032	.937445	.000000
1.96069	.937429	.000000
1.96106	.937427	.000000
1.96143	.937457	.000000
1.9618	.937550	.000000
1.96217	.937552	.000000
1.96255	.937488	.000000
1.96292	.937518	.000000
1.96329	.937545	.000000
1.96366	.937547	.000000
1.96403	.937615	.000000
1.9644	.937652	.000000
1.96478	.937665	.000000
1.96515	.937672	.000000
1.96552	.937670	.000000
1.96589	.937652	.000000
1.96627	.937690	.000000
1.96664	.937810	.000000
1.96701	.937808	.000000
1.96739	.937790	.000000
1.96776	.937783	.000000
1.96813	.937815	.000000
1.96851	.937845	.000000
1.96888	.937860	.000000
1.96925	.937904	.000000
1.96963	.937888	.000000
1.97	.937813	.000000
1.97038	.937824	.000000
1.97075	.937879	.000000
1.97113	.937933	.000000
1.9715	.937970	.000000
1.97188	.937951	.000000
1.97225	.937931	.000000
1.97263	.937969	.000000
1.973	.938004	.000000
1.97338	.937976	.000000
1.97375	.937933	.000000
1.97413	.937965	.000000
1.9745	.938001	.000000
1.97488	.938072	.000000
1.97526	.938126	.000000
1.97563	.938069	.000000
1.97601	.938074	.000000
1.97639	.938115	.000000
1.97676	.938083	.000000
1.97714	.938122	.000000
1.97752	.938185	.000000
1.97789	.938133	.000000
1.97827	.938067	.000000
1.97865	.938054	.000000
1.97903	.938147	.000000
1.9794	.938190	.000000
1.97978	.938224	.000000
1.98016	.938294	.000000
1.98054	.938271	.000000
1.98092	.938192	.000000
1.98129	.938244	.000000
1.98167	.938317	.000000
1.98205	.938287	.000000
1.98243	.938319	.000000
1.98281	.938342	.000000
1.98319	.938312	.000000
1.98357	.938272	.000000
1.98395	.938242	.000000
1.98433	.938255	.000000
1.98471	.938285	.000000
1.98509	.938339	.000000
1.98547	.938342	.000000
1.98585	.938340	.000000
1.98623	.938372	.000000
1.98661	.938394	.000000
1.98699	.938460	.000000
1.98737	.938482	.000000
1.98775	.938505	.000000
1.98813	.938533	.000000
1.98851	.938482	.000000
1.98889	.938437	.000000
1.98928	.938442	.000000
1.98966	.938426	.000000
1.99004	.938405	.000000
1.99042	.938423	.000000
1.9908	.938412	.000000
1.99119	.938394	.000000
1.99157	.938458	.000000
1.99195	.938553	.000000
1.99233	.938480	.000000
1.99272	.938503	.000000
1.9931	.938589	.000000
1.99348	.938591	.000000
1.99387	.938549	.000000
1.99425	.938567	.000000
1.99463	.938580	.000000
1.99502	.938596	.000000
1.9954	.938642	.000000
1.99578	.938671	.000000
1.99617	.938630	.000000
1.99655	.938544	.000000
1.99694	.938537	.000000
1.99732	.938578	.000000
1.99771	.938614	.000000
1.99809	.938633	.000000
1.99848	.938649	.000000
1.99886	.938692	.000000
1.99925	.938737	.000000
1.99963	.938762	.000000
2.00002	.938742	.000000
2.00041	.938708	.000000
2.00079	.938664	.000000
2.00118	.938653	.000000
2.00156	.938678	.000000
2.00195	.938725	.000000
2.00234	.938682	.000000
2.00272	.938642	.000000
2.00311	.938666	.000000
2.0035	.938700	.000000
2.00388	.938662	.000000
2.00427	.938671	.000000
2.00466	.938626	.000000
2.00505	.938698	.000000
2.00543	.938823	.000000
2.00582	.938805	.000000
2.00621	.938705	.000000
2.0066	.938700	.000000
2.00699	.938719	.000000
2.00738	.938712	.000000
2.00776	.938775	.000000
2.00815	.938812	.000000
2.00854	.938784	.000000
2.00893	.938762	.000000
2.00932	.938771	.000000
2.00971	.938757	.000000
2.0101	.938666	.000000
2.01049	.938682	.000000
2.01088	.938835	.000000
2.01127	.938903	.000000
2.01166	.938894	.000000
2.01205	.938848	.000000
2.01244	.938801	.000000
2.01283	.938785	.000000
2.01322	.938800	.000000
2.01361	.938817	.000000
2.014	.938800	.000000
2.01439	.938782	.000000
2.01479	.938828	.000000
2.01518	.938803	.000000
2.01557	.938841	.000000
2.01596	.938923	.000000
2.01635	.938889	.000000
2.01675	.938834	.000000
2.01714	.938871	.000000
2.01753	.938830	.000000
2.01792	.938855	.000000
2.01832	.938932	.000000
2.01871	.938962	.000000
2.0191	.938891	.000000
2.01949	.938900	.000000
2.01989	.938903	.000000
2.02028	.938821	.000000
2.02068	.938812	.000000
2.02107	.938930	.000000
2.02146	.938948	.000000
2.02186	.938957	.000000
2.02225	.938993	.000000
2.02265	.938950	.000000
2.02304	.938889	.000000
2.02344	.938839	.000000
2.02383	.938898	.000000
2.02423	.938923	.000000
2.02462	.938860	.000000
2.02502	.938851	.000000
2.02541	.938841	.000000
2.02581	.938848	.000000
2.0262	.938864	.000000
2.0266	.938807	.000000
2.02699	.938816	.000000
2.02739	.938825	.000000
2.02779	.938837	.000000
2.02818	.938875	.000000
2.02858	.938853	.000000
2.02898	.938837	.000000
2.02938	.938843	.000000
2.02977	.938825	.000000
2.03017	.938778	.000000
2.03057	.938789	.000000
2.03096	.938771	.000000
2.03136	.938753	.000000
2.03176	.938750	.000000
2.03216	.938771	.000000
2.03256	.938816	.000000
2.03296	.938843	.000000
2.03335	.938898	.000000
2.03375	.938901	.000000
2.03415	.938875	.000000
2.03455	.938921	.000000
2.03495	.938946	.000000
2.03535	.938887	.000000
2.03575	.938766	.000000
2.03615	.938735	.000000
2.03655	.938757	.000000
2.03695	.938785	.000000
2.03735	.938773	.000000
2.03775	.938828	.000000
2.03815	.938819	.000000
2.03855	.938812	.000000
2.03895	.938826	.000000
2.03935	.938780	.000000
2.03975	.938712	.000000
2.04016	.938701	.000000
2.04056	.938696	.000000
2.04096	.938732	.000000
2.04136	.938680	.000000
2.04176	.938567	.000000
2.04216	.938603	.000000
2.04257	.938691	.000000
2.04297	.938610	.000000
2.04337	.938576	.000000
2.04377	.938574	.000000
2.04418	.938553	.000000
2.04458	.938562	.000000
2.04498	.938576	.000000
2.04539	.938589	.000000
2.04579	.938596	.000000
2.04619	.938460	.000000
2.0466	.938437	.000000
2.047	.938514	.000000
2.04741	.938456	.000000
2.04781	.938440	.000000
2.04821	.938505	.000000
2.04862	.938478	.000000
2.04902	.938428	.000000
2.04943	.938414	.000000
2.04983	.938471	.000000
2.05024	.938467	.000000
2.05065	.938398	.000000
2.05105	.938365	.000000
2.05146	.938347	.000000
2.05186	.938308	.000000
2.05227	.938317	.000000
2.05268	.938424	.000000
2.05308	.938451	.000000
2.05349	.938442	.000000
2.05389	.938317	.000000
2.0543	.938206	.000000
2.05471	.938244	.000000
2.05512	.938288	.000000
2.05552	.938265	.000000
2.05593	.938210	.000000
2.05634	.938181	.000000
2.05675	.938192	.000000
2.05715	.938230	.000000
2.05756	.938212	.000000
2.05797	.938138	.000000
2.05838	.938158	.000000
2.05879	.938160	.000000
2.0592	.938063	.000000
2.05961	.938081	.000000
2.06001	.938081	.000000
2.06042	.938094	.000000
2.06083	.938206	.000000
2.06124	.938213	.000000
2.06165	.938042	.000000
2.06206	.937944	.000000
2.06247	.937940	.000000
2.06288	.937945	.000000
2.06329	.937970	.000000
2.0637	.938019	.000000
2.06412	.937990	.000000
2.06453	.937949	.000000
2.06494	.937894	.000000
2.06535	.937818	.000000
2.06576	.937835	.000000
2.06617	.937895	.000000
2.06658	.937901	.000000
2.067	.937858	.000000
2.06741	.937817	.000000
2.06782	.937808	.000000
2.06823	.937861	.000000
2.06865	.937886	.000000
2.06906	.937836	.000000
2.06947	.937736	.000000
2.06988	.937677	.000000
2.0703	.937654	.000000
2.07071	.937667	.000000
2.07112	.937659	.000000
2.07154	.937654	.000000
2.07195	.937686	.000000
2.07237	.937608	.000000
2.07278	.937490	.000000
2.07319	.937559	.000000
2.07361	.937620	.000000
2.07402	.937547	.000000
2.07444	.937491	.000000
2.07485	.937541	.000000
2.07527	.937556	.000000
2.07568	.937531	.000000
2.0761	.937606	.000000
2.07652	.937625	.000000
2.07693	.937675	.000000
2.07735	.937665	.000000
2.07776	.937561	.000000
2.07818	.937441	.000000
2.0786	.937381	.000000
2.07901	.937406	.000000
2.07943	.937477	.000000
2.07985	.937466	.000000
2.08026	.937340	.000000
2.08068	.937377	.000000
2.0811	.937486	.000000
2.08152	.937479	.000000
2.08194	.937422	.000000
2.08235	.937407	.000000
2.08277	.937452	.000000
2.08319	.937427	.000000
2.08361	.937459	.000000
2.08403	.937434	.000000
2.08445	.937411	.000000
2.08487	.937486	.000000
2.08528	.937463	.000000
2.0857	.937332	.000000
2.08612	.937277	.000000
2.08654	.937245	.000000
2.08696	.937252	.000000
2.08738	.937340	.000000
2.0878	.937313	.000000
2.08822	.937314	.000000
2.08865	.937363	.000000
2.08907	.937370	.000000
2.08949	.937318	.000000
2.08991	.937268	.000000
2.09033	.937273	.000000
2.09075	.937345	.000000
2.09117	.937365	.000000
2.09159	.937214	.000000
2.09202	.937164	.000000
2.09244	.937205	.000000
2.09286	.937218	.000000
2.09328	.937198	.000000
2.09371	.937161	.000000
2.09413	.937214	.000000
2.09455	.937248	.000000
2.09497	.937241	.000000
2.0954	.937236	.000000
2.09582	.937270	.000000
2.09624	.937266	.000000
2.09667	.937136	.000000
2.09709	.937096	.000000
2.09752	.937046	.000000
2.09794	.937048	.000000
2.09837	.937105	.000000
2.09879	.937129	.000000
2.09922	.937132	.000000
2.09964	.937141	.000000
2.10007	.937123	.000000
2.10049	.937055	.000000
2.10092	.937062	.000000
2.10134	.937021	.000000
2.10177	.937007	.000000
2.10219	.937057	.000000
2.10262	.937089	.000000
2.10305	.937123	.000000
2.10347	.937109	.000000
2.1039	.937077	.000000
2.10433	.937100	.000000
2.10475	.937125	.000000
2.10518	.937145	.000000
2.10561	.937088	.000000
2.10604	.937086	.000000
2.10646	.937127	.000000
2.10689	.937121	.000000
2.10732	.937109	.000000
2.10775	.937121	.000000
2.10818	.937039	.000000
2.10861	.936968	.000000
2.10904	.937018	.000000
2.10946	.937070	.000000
2.10989	.937030	.000000
2.11032	.936998	.000000
2.11075	.937005	.000000
2.11118	.936993	.000000
2.11161	.936986	.000000
2.11204	.937030	.000000
2.11247	.937086	.000000
2.1129	.937107	.000000
2.11333	.937057	.000000
2.11376	.937004	.000000
2.1142	.936986	.000000
2.11463	.936928	.000000
2.11506	.936900	.000000
2.11549	.936877	.000000
2.11592	.936962	.000000
2.11635	.936986	.000000
2.11678	.937011	.000000
2.11722	.937020	.000000
2.11765	.936998	.000000
2.11808	.937016	.000000
2.11851	.936946	.000000
2.11895	.936898	.000000
2.11938	.936936	.000000
2.11981	.936916	.000000
2.12025	.936975	.000000
2.12068	.937030	.000000
2.12111	.936961	.000000
2.12155	.936936	.000000
2.12198	.936957	.000000
2.12242	.936961	.000000
2.12285	.936943	.000000
2.12329	.936936	.000000
2.12372	.936873	.000000
2.12416	.936836	.000000
2.12459	.936921	.000000
2.12503	.936925	.000000
2.12546	.936869	.000000
2.1259	.936875	.000000
2.12633	.936836	.000000
2.12677	.936819	.000000
2.12721	.936862	.000000
2.12764	.936914	.000000
2.12808	.936869	.000000
2.12852	.936811	.000000
2.12895	.936827	.000000
2.12939	.936873	.000000
2.12983	.936902	.000000
2.13027	.936898	.000000
2.1307	.936862	.000000
2.13114	.936778	.000000
2.13158	.936812	.000000
2.13202	.936850	.000000
2.13246	.936893	.000000
2.13289	.936821	.000000
2.13333	.936701	.000000
2.13377	.936657	.000000
2.13421	.936721	.000000
2.13465	.936803	.000000
2.13509	.936805	.000000
2.13553	.936741	.000000
2.13597	.936739	.000000
2.13641	.936668	.000000
2.13685	.936575	.000000
2.13729	.936730	.000000
2.13773	.936859	.000000
2.13817	.936821	.000000
2.13861	.936701	.000000
2.13905	.936600	.000000
2.1395	.936625	.000000
2.13994	.936673	.000000
2.14038	.936641	.000000
2.14082	.936644	.000000
2.14126	.936655	.000000
2.1417	.936621	.000000
2.14215	.936614	.000000
2.14259	.936600	.000000
2.14303	.936566	.000000
2.14348	.936516	.000000
2.14392	.936489	.000000
2.14436	.936451	.000000
2.14481	.936475	.000000
2.14525	.936539	.000000
2.14569	.936517	.000000
2.14614	.936432	.000000
2.14658	.936387	.000000
2.14703	.936378	.000000
2.14747	.936433	.000000
2.14792	.936473	.000000
2.14836	.936446	.000000
2.14881	.936428	.000000
2.14925	.936448	.000000
2.1497	.936414	.000000
2.15014	.936387	.000000
2.15059	.936346	.000000
2.15103	.936330	.000000
2.15148	.936371	.000000
2.15193	.936351	.000000
2.15237	.936332	.000000
2.15282	.936307	.000000
2.15327	.936237	.000000
2.15371	.936126	.000000
2.15416	.936083	.000000
2.15461	.936169	.000000
2.15506	.936147	.000000
2.15551	.936053	.000000
2.15595	.936096	.000000
2.1564	.936105	.000000
2.15685	.936078	.000000
2.1573	.936076	.000000
2.15775	.936062	.000000
2.1582	.936046	.000000
2.15865	.935990	.000000
2.1591	.935967	.000000
2.15955	.935954	.000000
2.16	.935946	.000000
2.16045	.936010	.000000
2.1609	.935937	.000000
2.16135	.935856	.000000
2.1618	.935876	.000000
2.16225	.935847	.000000
2.1627	.935774	.000000
2.16315	.935790	.000000
2.1636	.935685	.000000
2.16405	.935604	.000000
2.1645	.935595	.000000
2.16496	.935606	.000000
2.16541	.935631	.000000
2.16586	.935635	.000000
2.16631	.935472	.000000
2.16677	.935384	.000000
2.16722	.935349	.000000
2.16767	.935316	.000000
2.16813	.935338	.000000
2.16858	.935245	.000000
2.16903	.935157	.000000
2.16949	.935202	.000000
2.16994	.935163	.000000
2.17039	.935093	.000000
2.17085	.935091	.000000
2.1713	.935075	.000000
2.17176	.934980	.000000
2.17221	.934911	.000000
2.17267	.934896	.000000
2.17312	.934893	.000000
2.17358	.934825	.000000
2.17403	.934748	.000000
2.17449	.934711	.000000
2.17495	.934643	.000000
2.1754	.934557	.000000
2.17586	.934514	.000000
2.17632	.934476	.000000
2.17677	.934371	.000000
2.17723	.934275	.000000
2.17769	.934307	.000000
2.17814	.934300	.000000
2.1786	.934191	.000000
2.17906	.934153	.000000
2.17952	.934108	.000000
2.17998	.933965	.000000
2.18043	.933853	.000000
2.18089	.933785	.000000
2.18135	.933771	.000000
2.18181	.933830	.000000
2.18227	.933738	.000000
2.18273	.933576	.000000
2.18319	.933563	.000000
2.18365	.933529	.000000
2.18411	.933458	.000000
2.18457	.933388	.000000
2.18503	.933381	.000000
2.18549	.933322	.000000
2.18595	.933295	.000000
2.18641	.933276	.000000
2.18687	.933204	.000000
2.18733	.933202	.000000
2.18779	.933116	.000000
2.18826	.932988	.000000
2.18872	.932956	.000000
2.18918	.932972	.000000
2.18964	.932904	.000000
2.1901	.932809	.000000
2.19057	.932793	.000000
2.19103	.932764	.000000
2.19149	.932755	.000000
2.19196	.932784	.000000
2.19242	.932738	.000000
2.19288	.932598	.000000
2.19335	.932453	.000000
2.19381	.932500	.000000
2.19428	.932604	.000000
2.19474	.932641	.000000
2.1952	.932596	.000000
2.19567	.932511	.000000
2.19613	.932450	.000000
2.1966	.932502	.000000
2.19707	.932482	.000000
2.19753	.932436	.000000
2.198	.932419	.000000
2.19846	.932394	.000000
2.19893	.932384	.000000
2.1994	.932355	.000000
2.19986	.932323	.000000
2.20033	.932294	.000000
2.2008	.932273	.000000
2.20126	.932237	.000000
2.20173	.932182	.000000
2.2022	.932180	.000000
2.20267	.932114	.000000
2.20313	.932030	.000000
2.2036	.932026	.000000
2.20407	.932041	.000000
2.20454	.932017	.000000
2.20501	.931924	.000000
2.20548	.931885	.000000
2.20595	.931880	.000000
2.20641	.931858	.000000
2.20688	.931790	.000000
2.20735	.931769	.000000
2.20782	.931755	.000000
2.20829	.931753	.000000
2.20876	.931692	.000000
2.20924	.931671	.000000
2.20971	.931642	.000000
2.21018	.931699	.000000
2.21065	.931739	.000000
2.21112	.931672	.000000
2.21159	.931631	.000000
2.21206	.931678	.000000
2.21254	.931660	.000000
2.21301	.931572	.000000
2.21348	.931488	.000000
2.21395	.931447	.000000
2.21442	.931479	.000000
2.2149	.931454	.000000
2.21537	.931378	.000000
2.21584	.931372	.000000
2.21632	.931320	.000000
2.21679	.931310	.000000
2.21727	.931347	.000000
2.21774	.931286	.000000
2.21821	.931306	.000000
2.21869	.931327	.000000
2.21916	.931310	.000000
2.21964	.931263	.000000
2.22011	.931283	.000000
2.22059	.931272	.000000
2.22107	.931177	.000000
2.22154	.931136	.000000
2.22202	.931179	.000000
2.22249	.931177	.000000
2.22297	.931101	.000000
2.22345	.931045	.000000
2.22392	.931042	.000000
2.2244	.931033	.000000
2.22488	.930992	.000000
2.22535	.930990	.000000
2.22583	.930990	.000000
2.22631	.930929	.000000
2.22679	.930908	.000000
2.22727	.930908	.000000
2.22775	.930816	.000000
2.22822	.930791	.000000
2.2287	.930834	.000000
2.22918	.930832	.000000
2.22966	.930790	.000000
2.23014	.930788	.000000
2.23062	.930782	.000000
2.2311	.930770	.000000
2.23158	.930790	.000000
2.23206	.930727	.000000
2.23254	.930700	.000000
2.23302	.930623	.000000
2.2335	.930491	.000000
2.23398	.930427	.000000
2.23447	.930430	.000000
2.23495	.930459	.000000
2.23543	.930448	.000000
2.23591	.930479	.000000
2.23639	.930491	.000000
2.23688	.930443	.000000
2.23736	.930461	.000000
2.23784	.930461	.000000
2.23832	.930443	.000000
2.23881	.930405	.000000
2.23929	.930269	.000000
2.23977	.930230	.000000
2.24026	.930298	.000000
2.24074	.930321	.000000
2.24123	.930271	.000000
2.24171	.930160	.000000
2.2422	.930134	.000000
2.24268	.930127	.000000
2.24317	.930123	.000000
2.24365	.930137	.000000
2.24414	.930186	.000000
2.24462	.930137	.000000
2.24511	.930051	.000000
2.24559	.930096	.000000
2.24608	.930091	.000000
2.24657	.929980	.000000
2.24705	.929935	.000000
2.24754	.929976	.000000
2.24803	.929982	.000000
2.24852	.929858	.000000
2.249	.929710	.000000
2.24949	.929701	.000000
2.24998	.929715	.000000
2.25047	.929635	.000000
2.25096	.929665	.000000
2.25145	.929712	.000000
2.25194	.929626	.000000
2.25242	.929508	.000000
2.25291	.929562	.000000
2.2534	.929639	.000000
2.25389	.929608	.000000
2.25438	.929544	.000000
2.25487	.929499	.000000
2.25536	.929421	.000000
2.25585	.929319	.000000
2.25635	.929301	.000000
2.25684	.929365	.000000
2.25733	.929349	.000000
2.25782	.929281	.000000
2.25831	.929260	.000000
2.2588	.929260	.000000
2.25929	.929183	.000000
2.25979	.929104	.000000
2.26028	.929128	.000000
2.26077	.929101	.000000
2.26127	.929083	.000000
2.26176	.929102	.000000
2.26225	.929154	.000000
2.26275	.929106	.000000
2.26324	.928979	.000000
2.26373	.928908	.000000
2.26423	.928859	.000000
2.26472	.928792	.000000
2.26522	.928802	.000000
2.26571	.928847	.000000
2.26621	.928745	.000000
2.2667	.928663	.000000
2.2672	.928700	.000000
2.26769	.928709	.000000
2.26819	.928684	.000000
2.26869	.928600	.000000
2.26918	.928468	.000000
2.26968	.928393	.000000
2.27018	.928495	.000000
2.27067	.928552	.000000
2.27117	.928447	.000000
2.27167	.928354	.000000
2.27217	.928355	.000000
2.27266	.928355	.000000
2.27316	.928354	.000000
2.27366	.928350	.000000
2.27416	.928261	.000000
2.27466	.928118	.000000
2.27516	.928093	.000000
2.27566	.928155	.000000
2.27616	.928227	.000000
2.27666	.928263	.000000
2.27716	.928202	.000000
2.27766	.928136	.000000
2.27816	.928130	.000000
2.27866	.928175	.000000
2.27916	.928146	.000000
2.27966	.928116	.000000
2.28016	.928127	.000000
2.28066	.928114	.000000
2.28116	.928121	.000000
2.28167	.928087	.000000
2.28217	.928032	.000000
2.28267	.928034	.000000
2.28317	.928048	.000000
2.28368	.927964	.000000
2.28418	.927910	.000000
2.28468	.927905	.000000
2.28518	.927907	.000000
2.28569	.927903	.000000
2.28619	.927937	.000000
2.2867	.927932	.000000
2.2872	.927975	.000000
2.28771	.927993	.000000
2.28821	.927923	.000000
2.28872	.927800	.000000
2.28922	.927735	.000000
2.28973	.927818	.000000
2.29023	.927826	.000000
2.29074	.927735	.000000
2.29124	.927737	.000000
2.29175	.927778	.000000
2.29226	.927819	.000000
2.29276	.927789	.000000
2.29327	.927717	.000000
2.29378	.927671	.000000
2.29429	.927646	.000000
2.29479	.927642	.000000
2.2953	.927635	.000000
2.29581	.927557	.000000
2.29632	.927465	.000000
2.29683	.927453	.000000
2.29734	.927508	.000000
2.29784	.927587	.000000
2.29835	.927596	.000000
2.29886	.927610	.000000
2.29937	.927489	.000000
2.29988	.927331	.000000
2.30039	.927381	.000000
2.3009	.927458	.000000
2.30141	.927376	.000000
2.30193	.927353	.000000
2.30244	.927305	.000000
2.30295	.927265	.000000
2.30346	.927324	.000000
2.30397	.927285	.000000
2.30448	.927224	.000000
2.305	.927167	.000000
2.30551	.927167	.000000
2.30602	.927230	.000000
2.30653	.927242	.000000
2.30705	.927210	.000000
2.30756	.927197	.000000
2.30807	.927165	.000000
2.30859	.927097	.000000
2.3091	.927176	.000000
2.30962	.927203	.000000
2.31013	.927045	.000000
2.31065	.927060	.000000
2.31116	.927162	.000000
2.31168	.927095	.000000
2.31219	.926974	.000000
2.31271	.926933	.000000
2.31322	.926913	.000000
2.31374	.926942	.000000
2.31425	.926972	.000000
2.31477	.926979	.000000
2.31529	.926886	.000000
2.3158	.926894	.000000
2.31632	.926920	.000000
2.31684	.926970	.000000
2.31736	.926951	.000000
2.31788	.926911	.000000
2.31839	.926835	.000000
2.31891	.926820	.000000
2.31943	.926858	.000000
2.31995	.926901	.000000
2.32047	.926886	.000000
2.32099	.926879	.000000
2.32151	.926872	.000000
2.32203	.926858	.000000
2.32255	.926793	.000000
2.32307	.926758	.000000
2.32359	.926724	.000000
2.32411	.926683	.000000
2.32463	.926613	.000000
2.32515	.926611	.000000
2.32567	.926642	.000000
2.3262	.926688	.000000
2.32672	.926704	.000000
2.32724	.926670	.000000
2.32776	.926693	.000000
2.32828	.926681	.000000
2.32881	.926629	.000000
2.32933	.926597	.000000
2.32985	.926534	.000000
2.33038	.926434	.000000
2.3309	.926368	.000000
2.33143	.926370	.000000
2.33195	.926402	.000000
2.33247	.926388	.000000
2.333	.926277	.000000
2.33352	.926223	.000000
2.33405	.926205	.000000
2.33457	.926245	.000000
2.3351	.926350	.000000
2.33563	.926325	.000000
2.33615	.926177	.000000
2.33668	.926147	.000000
2.33721	.926105	.000000
2.33773	.926032	.000000
2.33826	.926071	.000000
2.33879	.926059	.000000
2.33931	.925959	.000000
2.33984	.925927	.000000
2.34037	.925900	.000000
2.3409	.925809	.000000
2.34143	.925793	.000000
2.34196	.925787	.000000
2.34249	.925755	.000000
2.34301	.925694	.000000
2.34354	.925671	.000000
2.34407	.925594	.000000
2.3446	.925573	.000000
2.34513	.925582	.000000
2.34566	.925528	.000000
2.3462	.925450	.000000
2.34673	.925376	.000000
2.34726	.925348	.000000
2.34779	.925380	.000000
2.34832	.925328	.000000
2.34885	.925257	.000000
2.34938	.925278	.000000
2.34992	.925258	.000000
2.35045	.925156	.000000
2.35098	.925153	.000000
2.35152	.925180	.000000
2.35205	.925131	.000000
2.35258	.925135	.000000
2.35312	.925106	.000000
2.35365	.925046	.000000
2.35419	.925058	.000000
2.35472	.924985	.000000
2.35525	.924908	.000000
2.35579	.924854	.000000
2.35632	.924844	.000000
2.35686	.924767	.000000
2.3574	.924702	.000000
2.35793	.924629	.000000
2.35847	.924552	.000000
2.35901	.924554	.000000
2.35954	.924567	.000000
2.36008	.924506	.000000
2.36062	.924454	.000000
2.36115	.924418	.000000
2.36169	.924363	.000000
2.36223	.924363	.000000
2.36277	.924299	.000000
2.36331	.924222	.000000
2.36384	.924129	.000000
2.36438	.924043	.000000
2.36492	.923993	.000000
2.36546	.923945	.000000
2.366	.923970	.000000
2.36654	.923884	.000000
2.36708	.923807	.000000
2.36762	.923816	.000000
2.36816	.923730	.000000
2.3687	.923670	.000000
2.36925	.923657	.000000
2.36979	.923586	.000000
2.37033	.923548	.000000
2.37087	.923521	.000000
2.37141	.923502	.000000
2.37196	.923471	.000000
2.3725	.923398	.000000
2.37304	.923301	.000000
2.37358	.923241	.000000
2.37413	.923083	.000000
2.37467	.923026	.000000
2.37522	.923037	.000000
2.37576	.923067	.000000
2.3763	.923015	.000000
2.37685	.922856	.000000
2.37739	.922647	.000000
2.37794	.922631	.000000
2.37848	.922712	.000000
2.37903	.922678	.000000
2.37958	.922583	.000000
2.38012	.922540	.000000
2.38067	.922417	.000000
2.38122	.922392	.000000
2.38176	.922354	.000000
2.38231	.922302	.000000
2.38286	.922256	.000000
2.3834	.922066	.000000
2.38395	.921986	.000000
2.3845	.922002	.000000
2.38505	.921932	.000000
2.3856	.921847	.000000
2.38615	.921780	.000000
2.3867	.921730	.000000
2.38724	.921704	.000000
2.38779	.921632	.000000
2.38834	.921464	.000000
2.38889	.921389	.000000
2.38945	.921398	.000000
2.39	.921418	.000000
2.39055	.921350	.000000
2.3911	.921264	.000000
2.39165	.921253	.000000
2.3922	.921153	.000000
2.39275	.921066	.000000
2.39331	.921062	.000000
2.39386	.920969	.000000
2.39441	.920865	.000000
2.39496	.920842	.000000
2.39552	.920728	.000000
2.39607	.920662	.000000
2.39663	.920662	.000000
2.39718	.920610	.000000
2.39773	.920497	.000000
2.39829	.920408	.000000
2.39884	.920370	.000000
2.3994	.920392	.000000
2.39995	.920311	.000000
2.40051	.920160	.000000
2.40106	.920056	.000000
2.40162	.920029	.000000
2.40218	.919940	.000000
2.40273	.919861	.000000
2.40329	.919831	.000000
2.40385	.919722	.000000
2.4044	.919598	.000000
2.40496	.919547	.000000
2.40552	.919579	.000000
2.40608	.919606	.000000
2.40664	.919577	.000000
2.4072	.919439	.000000
2.40775	.919277	.000000
2.40831	.919157	.000000
2.40887	.919121	.000000
2.40943	.919060	.000000
2.40999	.918975	.000000
2.41055	.918946	.000000
2.41111	.918928	.000000
2.41167	.918887	.000000
2.41223	.918825	.000000
2.4128	.918685	.000000
2.41336	.918590	.000000
2.41392	.918496	.000000
2.41448	.918419	.000000
2.41504	.918383	.000000
2.41561	.918380	.000000
2.41617	.918283	.000000
2.41673	.918126	.000000
2.4173	.918088	.000000
2.41786	.918017	.000000
2.41842	.917922	.000000
2.41899	.917831	.000000
2.41955	.917736	.000000
2.42012	.917679	.000000
2.42068	.917615	.000000
2.42125	.917547	.000000
2.42181	.917513	.000000
2.42238	.917498	.000000
2.42294	.917377	.000000
2.42351	.917239	.000000
2.42408	.917216	.000000
2.42464	.917246	.000000
2.42521	.917148	.000000
2.42578	.917055	.000000
2.42635	.916928	.000000
2.42691	.916810	.000000
2.42748	.916780	.000000
2.42805	.916678	.000000
2.42862	.916607	.000000
2.42919	.916508	.000000
2.42976	.916435	.000000
2.43033	.916356	.000000
2.4309	.916206	.000000
2.43147	.916087	.000000
2.43204	.915988	.000000
2.43261	.915960	.000000
2.43318	.915951	.000000
2.43375	.915903	.000000
2.43432	.915785	.000000
2.43489	.915735	.000000
2.43546	.915708	.000000
2.43604	.915583	.000000
2.43661	.915479	.000000
2.43718	.915361	.000000
2.43775	.915238	.000000
2.43833	.915064	.000000
2.4389	.914975	.000000
2.43947	.915000	.000000
2.44005	.914955	.000000
2.44062	.914819	.000000
2.4412	.914700	.000000
2.44177	.914616	.000000
2.44235	.914575	.000000
2.44292	.914467	.000000
2.4435	.914391	.000000
2.44407	.914423	.000000
2.44465	.914326	.000000
2.44523	.914160	.000000
2.4458	.914064	.000000
2.44638	.913956	.000000
2.44696	.913742	.000000
2.44754	.913729	.000000
2.44811	.913772	.000000
2.44869	.913633	.000000
2.44927	.913490	.000000
2.44985	.913451	.000000
2.45043	.913413	.000000
2.45101	.913274	.000000
2.45159	.913191	.000000
2.45217	.913086	.000000
2.45275	.913052	.000000
2.45333	.913045	.000000
2.45391	.912988	.000000
2.45449	.912868	.000000
2.45507	.912675	.000000
2.45565	.912500	.000000
2.45623	.912410	.000000
2.45681	.912362	.000000
2.4574	.912323	.000000
2.45798	.912325	.000000
2.45856	.912230	.000000
2.45914	.912089	.000000
2.45973	.911980	.000000
2.46031	.911865	.000000
2.46089	.911813	.000000
2.46148	.911785	.000000
2.46206	.911619	.000000
2.46265	.911449	.000000
2.46323	.911408	.000000
2.46382	.911308	.000000
2.4644	.911193	.000000
2.46499	.911252	.000000
2.46558	.911231	.000000
2.46616	.911086	.000000
2.46675	.910957	.000000
2.46734	.910875	.000000
2.46792	.910809	.000000
2.46851	.910773	.000000
2.4691	.910707	.000000
2.46969	.910516	.000000
2.47027	.910432	.000000
2.47086	.910448	.000000
2.47145	.910414	.000000
2.47204	.910271	.000000
2.47263	.910121	.000000
2.47322	.910051	.000000
2.47381	.910001	.000000
2.4744	.909974	.000000
2.47499	.909849	.000000
2.47558	.909715	.000000
2.47617	.909608	.000000
2.47677	.909594	.000000
2.47736	.909555	.000000
2.47795	.909417	.000000
2.47854	.909313	.000000
2.47913	.909313	.000000
2.47973	.909240	.000000
2.48032	.909161	.000000
2.48091	.909147	.000000
2.48151	.909126	.000000
2.4821	.909011	.000000
2.48269	.908881	.000000
2.48329	.908904	.000000
2.48388	.908895	.000000
2.48448	.908757	.000000
2.48507	.908652	.000000
2.48567	.908672	.000000
2.48627	.908659	.000000
2.48686	.908581	.000000
2.48746	.908563	.000000
2.48806	.908525	.000000
2.48865	.908454	.000000
2.48925	.908391	.000000
2.48985	.908336	.000000
2.49045	.908348	.000000
2.49104	.908270	.000000
2.49164	.908193	.000000
2.49224	.908153	.000000
2.49284	.908084	.000000
2.49344	.908034	.000000
2.49404	.907996	.000000
2.49464	.907980	.000000
2.49524	.907944	.000000
2.49584	.907926	.000000
2.49644	.907912	.000000
2.49704	.907794	.000000
2.49764	.907687	.000000
2.49825	.907712	.000000
2.49885	.907771	.000000
2.49945	.907694	.000000
2.50005	.907590	.000000
2.50066	.907533	.000000
2.50126	.907492	.000000
2.50186	.907417	.000000
2.50247	.907346	.000000
2.50307	.907249	.000000
2.50368	.907231	.000000
2.50428	.907299	.000000
2.50488	.907337	.000000
2.50549	.907245	.000000
2.5061	.907149	.000000
2.5067	.907199	.000000
2.50731	.907242	.000000
2.50791	.907194	.000000
2.50852	.907169	.000000
2.50913	.907097	.000000
2.50973	.907006	.000000
2.51034	.906986	.000000
2.51095	.907002	.000000
2.51156	.907044	.000000
2.51217	.906960	.000000
2.51278	.906902	.000000
2.51338	.906800	.000000
2.51399	.906783	.000000
2.5146	.906772	.000000
2.51521	.906792	.000000
2.51582	.906813	.000000
2.51643	.906756	.000000
2.51704	.906656	.000000
2.51766	.906579	.000000
2.51827	.906570	.000000
2.51888	.906550	.000000
2.51949	.906465	.000000
2.5201	.906441	.000000
2.52072	.906457	.000000
2.52133	.906452	.000000
2.52194	.906456	.000000
2.52256	.906436	.000000
2.52317	.906391	.000000
2.52378	.906359	.000000
2.5244	.906372	.000000
2.52501	.906364	.000000
2.52563	.906393	.000000
2.52624	.906339	.000000
2.52686	.906195	.000000
2.52747	.906105	.000000
2.52809	.906096	.000000
2.52871	.906187	.000000
2.52932	.906225	.000000
2.52994	.906150	.000000
2.53056	.906107	.000000
2.53118	.906043	.000000
2.53179	.906005	.000000
2.53241	.906007	.000000
2.53303	.906011	.000000
2.53365	.906027	.000000
2.53427	.905968	.000000
2.53489	.905896	.000000
2.53551	.905893	.000000
2.53613	.905859	.000000
2.53675	.905825	.000000
2.53737	.905875	.000000
2.53799	.905871	.000000
2.53861	.905869	.000000
2.53923	.905859	.000000
2.53986	.905760	.000000
2.54048	.905648	.000000
2.5411	.905664	.000000
2.54172	.905750	.000000
2.54235	.905694	.000000
2.54297	.905574	.000000
2.54359	.905641	.000000
2.54422	.905600	.000000
2.54484	.905510	.000000
2.54547	.905508	.000000
2.54609	.905544	.000000
2.54672	.905496	.000000
2.54734	.905430	.000000
2.54797	.905494	.000000
2.54859	.905541	.000000
2.54922	.905498	.000000
2.54985	.905387	.000000
2.55048	.905167	.000000
2.5511	.905147	.000000
2.55173	.905301	.000000
2.55236	.905228	.000000
2.55299	.905187	.000000
2.55362	.905360	.000000
2.55424	.905362	.000000
2.55487	.905219	.000000
2.5555	.905117	.000000
2.55613	.905083	.000000
2.55676	.905144	.000000
2.55739	.905144	.000000
2.55803	.905187	.000000
2.55866	.905239	.000000
2.55929	.905063	.000000
2.55992	.904852	.000000
2.56055	.904661	.000000
2.56118	.904434	.000000
2.56182	.904627	.000000
2.56245	.904543	.000000
2.56308	.904429	.000000
2.56372	.904567	.000000
2.56435	.904236	.000000
2.56499	.904361	.000000
2.56562	.904665	.000000
2.56625	.904751	.000000
2.56689	.904651	.000000
2.56753	.904584	.000000
2.56816	.904579	.000000
2.5688	.904424	.000000
2.56943	.904032	.000000
2.57007	.904079	.000000
2.57071	.904350	.000000
2.57135	.904400	.000000
2.57198	.904370	.000000
2.57262	.904129	.000000
2.57326	.903589	.000000
2.5739	.903739	.000000
2.57454	.904077	.000000
2.57518	.904089	.000000
2.57582	.904091	.000000
2.57646	.903784	.000000
2.5771	.903571	.000000
2.57774	.903830	.000000
2.57838	.903914	.000000
2.57902	.903855	.000000
2.57966	.903864	.000000
2.5803	.903761	.000000
2.58095	.903539	.000000
2.58159	.903746	.000000
2.58223	.903934	.000000
2.58287	.903657	.000000
2.58352	.903047	.000000
2.58416	.902919	.000000
2.58481	.903344	.000000
2.58545	.903544	.000000
2.5861	.903528	.000000
2.58674	.903130	.000000
2.58739	.902942	.000000
2.58803	.903289	.000000
2.58868	.903351	.000000
2.58932	.903192	.000000
2.58997	.903294	.000000
2.59062	.903389	.000000
2.59127	.903307	.000000
2.59191	.903117	.000000
2.59256	.903013	.000000
2.59321	.903013	.000000
2.59386	.902123	.000000
2.59451	.901080	.000000
2.59516	.901788	.000000
2.59581	.901886	.000000
2.59646	.902234	.000000
2.59711	.902729	.000000
2.59776	.902760	.000000
2.59841	.902795	.000000
2.59906	.902652	.000000
2.59971	.902561	.000000
2.60036	.902526	.000000
2.60101	.902367	.000000
2.60167	.902238	.000000
2.60232	.902325	.000000
2.60297	.902123	.000000
2.60363	.901879	.000000
2.60428	.901870	.000000
2.60493	.901353	.000000
2.60559	.900771	.000000
2.60624	.901552	.000000
2.6069	.901739	.000000
2.60756	.901502	.000000
2.60821	.901695	.000000
2.60887	.901691	.000000
2.60952	.901403	.000000
2.61018	.901373	.000000
2.61084	.901455	.000000
2.6115	.901409	.000000
2.61215	.901326	.000000
2.61281	.901132	.000000
2.61347	.901082	.000000
2.61413	.901160	.000000
2.61479	.901032	.000000
2.61545	.900865	.000000
2.61611	.900424	.000000
2.61677	.900056	.000000
2.61743	.900215	.000000
2.61809	.900499	.000000
2.61875	.900460	.000000
2.61941	.900150	.000000
2.62007	.899293	.000000
2.62074	.899348	.000000
2.6214	.900100	.000000
2.62206	.900199	.000000
2.62272	.900161	.000000
2.62339	.899941	.000000
2.62405	.899773	.000000
2.62472	.899709	.000000
2.62538	.899613	.000000
2.62604	.899017	.000000
2.62671	.898481	.000000
2.62738	.898898	.000000
2.62804	.899155	.000000
2.62871	.898914	.000000
2.62937	.898576	.000000
2.63004	.897849	.000000
2.63071	.897573	.000000
2.63138	.898247	.000000
2.63204	.898358	.000000
2.63271	.898222	.000000
2.63338	.897936	.000000
2.63405	.897715	.000000
2.63472	.897772	.000000
2.63539	.897763	.000000
2.63606	.897568	.000000
2.63673	.897359	.000000
2.6374	.897259	.000000
2.63807	.897162	.000000
2.63874	.896925	.000000
2.63941	.896758	.000000
2.64009	.896605	.000000
2.64076	.896480	.000000
2.64143	.896288	.000000
2.6421	.896061	.000000
2.64278	.895868	.000000
2.64345	.895770	.000000
2.64412	.895607	.000000
2.6448	.895338	.000000
2.64547	.894916	.000000
2.64615	.894721	.000000
2.64682	.894755	.000000
2.6475	.894692	.000000
2.64818	.894494	.000000
2.64885	.894178	.000000
2.64953	.893915	.000000
2.65021	.893797	.000000
2.65088	.893547	.000000
2.65156	.893231	.000000
2.65224	.892743	.000000
2.65292	.892614	.000000
2.6536	.892576	.000000
2.65428	.892282	.000000
2.65496	.891878	.000000
2.65564	.891626	.000000
2.65632	.891474	.000000
2.657	.891184	.000000
2.65768	.890866	.000000
2.65836	.890534	.000000
2.65904	.890042	.000000
2.65972	.889631	.000000
2.6604	.889467	.000000
2.66109	.889238	.000000
2.66177	.888734	.000000
2.66245	.888364	.000000
2.66314	.888032	.000000
2.66382	.887370	.000000
2.66451	.886077	.000000
2.66519	.885183	.000000
2.66588	.885170	.000000
2.66656	.883625	.000000
2.66725	.881986	.000000
2.66793	.880912	.000000
2.66862	.878722	.000000
2.66931	.875564	.000000
2.67	.871168	.000000
2.67068	.867758	.000000
2.67137	.866268	.000000
2.67206	.864373	.000000
2.67275	.862638	.000000
2.67344	.861428	.000000
2.67413	.860579	.000000
2.67482	.859834	.000000
2.67551	.859124	.000000
2.6762	.858495	.000000
2.67689	.858320	.000000
2.67758	.858256	.000000
2.67827	.858315	.000000
2.67896	.857732	.000000
2.67965	.857541	.000000
2.68035	.857780	.000000
2.68104	.857645	.000000
2.68173	.857334	.000000
2.68243	.856928	.000000
2.68312	.856485	.000000
2.68382	.856263	.000000
2.68451	.855999	.000000
2.68521	.855613	.000000
2.6859	.855112	.000000
2.6866	.854640	.000000
2.68729	.854410	.000000
2.68799	.854088	.000000
2.68869	.853702	.000000
2.68938	.853289	.000000
2.69008	.852905	.000000
2.69078	.852540	.000000
2.69148	.852153	.000000
2.69218	.851804	.000000
2.69288	.851229	.000000
2.69358	.850271	.000000
2.69428	.849967	.000000
2.69498	.849708	.000000
2.69568	.848982	.000000
2.69638	.848559	.000000
2.69708	.847992	.000000
2.69778	.847288	.000000
2.69848	.846632	.000000
2.69918	.845756	.000000
2.69989	.844706	.000000
2.70059	.843562	.000000
2.70129	.842500	.000000
2.702	.841646	.000000
2.7027	.840627	.000000
2.70341	.839271	.000000
2.70411	.837964	.000000
2.70482	.836649	.000000
2.70552	.835121	.000000
2.70623	.833521	.000000
2.70694	.831918	.000000
2.70764	.830158	.000000
2.70835	.828242	.000000
2.70906	.826276	.000000
2.70977	.824500	.000000
2.71047	.822112	.000000
2.71118	.819719	.000000
2.71189	.818284	.000000
2.7126	.816386	.000000
2.71331	.814177	.000000
2.71402	.811786	.000000
2.71473	.809452	.000000
2.71544	.807057	.000000
2.71615	.804548	.000000
2.71686	.801919	.000000
2.71758	.799313	.000000
2.71829	.796811	.000000
2.719	.794215	.000000
2.71971	.790973	.000000
2.72043	.787733	.000000
2.72114	.785195	.000000
2.72186	.782859	.000000
2.72257	.780243	.000000
2.72329	.777051	.000000
2.724	.773539	.000000
2.72472	.770949	.000000
2.72543	.768337	.000000
2.72615	.765536	.000000
2.72687	.762905	.000000
2.72758	.760133	.000000
2.7283	.757412	.000000
2.72902	.754738	.000000
2.72974	.752093	.000000
2.73046	.749468	.000000
2.73118	.746901	.000000
2.7319	.744387	.000000
2.73262	.741860	.000000
2.73334	.739326	.000000
2.73406	.736840	.000000
2.73478	.734238	.000000
2.7355	.732021	.000000
2.73622	.730050	.000000
2.73694	.727879	.000000
2.73767	.725600	.000000
2.73839	.723121	.000000
2.73911	.720732	.000000
2.73984	.718405	.000000
2.74056	.716434	.000000
2.74128	.714648	.000000
2.74201	.712584	.000000
2.74273	.710758	.000000
2.74346	.708887	.000000
2.74419	.706901	.000000
2.74491	.704942	.000000
2.74564	.703087	.000000
2.74637	.701118	.000000
2.74709	.699238	.000000
2.74782	.697458	.000000
2.74855	.695576	.000000
2.74928	.693774	.000000
2.75001	.692055	.000000
2.75074	.690300	.000000
2.75147	.688447	.000000
2.7522	.686797	.000000
2.75293	.685267	.000000
2.75366	.683575	.000000
2.75439	.681670	.000000
2.75512	.679677	.000000
2.75585	.678256	.000000
2.75659	.677131	.000000
2.75732	.675817	.000000
2.75805	.674346	.000000
2.75879	.672884	.000000
2.75952	.671347	.000000
2.76026	.670025	.000000
2.76099	.668615	.000000
2.76173	.667056	.000000
2.76246	.665514	.000000
2.7632	.664247	.000000
2.76393	.662967	.000000
2.76467	.661586	.000000
2.76541	.660135	.000000
2.76615	.658775	.000000
2.76689	.657550	.000000
2.76762	.656155	.000000
2.76836	.654972	.000000
2.7691	.654049	.000000
2.76984	.652891	.000000
2.77058	.651815	.000000
2.77132	.651174	.000000
2.77206	.650432	.000000
2.7728	.649712	.000000
2.77355	.648904	.000000
2.77429	.648064	.000000
2.77503	.647356	.000000
2.77577	.646527	.000000
2.77652	.645680	.000000
2.77726	.644792	.000000
2.778	.643945	.000000
2.77875	.643110	.000000
2.77949	.642329	.000000
2.78024	.641548	.000000
2.78098	.640635	.000000
2.78173	.639745	.000000
2.78248	.638987	.000000
2.78322	.638299	.000000
2.78397	.637590	.000000
2.78472	.636900	.000000
2.78547	.636212	.000000
2.78621	.635288	.000000
2.78696	.634589	.000000
2.78771	.633938	.000000
2.78846	.633325	.000000
2.78921	.632861	.000000
2.78996	.632355	.000000
2.79071	.631839	.000000
2.79146	.631426	.000000
2.79222	.630890	.000000
2.79297	.630260	.000000
2.79372	.629744	.000000
2.79447	.629181	.000000
2.79523	.628638	.000000
2.79598	.628182	.000000
2.79673	.627751	.000000
2.79749	.627219	.000000
2.79824	.626754	.000000
2.799	.626339	.000000
2.79975	.625907	.000000
2.80051	.625444	.000000
2.80127	.624908	.000000
2.80202	.624359	.000000
2.80278	.623914	.000000
2.80354	.623532	.000000
2.8043	.623128	.000000
2.80506	.622803	.000000
2.80582	.622433	.000000
2.80657	.622023	.000000
2.80733	.621720	.000000
2.80809	.621457	.000000
2.80886	.621226	.000000
2.80962	.621191	.000000
2.81038	.621074	.000000
2.81114	.620833	.000000
2.8119	.620624	.000000
2.81266	.620458	.000000
2.81343	.620283	.000000
2.81419	.619972	.000000
2.81496	.619729	.000000
2.81572	.619591	.000000
2.81648	.619389	.000000
2.81725	.619078	.000000
2.81802	.618801	.000000
2.81878	.618615	.000000
2.81955	.618372	.000000
2.82031	.618176	.000000
2.82108	.618074	.000000
2.82185	.617854	.000000
2.82262	.617606	.000000
2.82339	.617454	.000000
2.82416	.617234	.000000
2.82492	.616937	.000000
2.82569	.616676	.000000
2.82646	.616533	.000000
2.82724	.616285	.000000
2.82801	.616026	.000000
2.82878	.615877	.000000
2.82955	.615740	.000000
2.83032	.615490	.000000
2.83109	.615211	.000000
2.83187	.615036	.000000
2.83264	.614880	.000000
2.83342	.614617	.000000
2.83419	.614403	.000000
2.83497	.614312	.000000
2.83574	.614142	.000000
2.83652	.613894	.000000
2.83729	.613672	.000000
2.83807	.613445	.000000
2.83885	.613240	.000000
2.83962	.613054	.000000
2.8404	.612880	.000000
2.84118	.612675	.000000
2.84196	.612568	.000000
2.84274	.612310	.000000
2.84352	.612131	.000000
2.8443	.611903	.000000
2.84508	.611645	.000000
2.84586	.611513	.000000
2.84664	.611397	.000000
2.84742	.611184	.000000
2.8482	.611066	.000000
2.84898	.610997	.000000
2.84977	.610755	.000000
2.85055	.610457	.000000
2.85133	.610334	.000000
2.85212	.610187	.000000
2.8529	.610048	.000000
2.85369	.609928	.000000
2.85447	.609796	.000000
2.85526	.609597	.000000
2.85605	.609483	.000000
2.85683	.609381	.000000
2.85762	.609195	.000000
2.85841	.609006	.000000
2.8592	.608956	.000000
2.85999	.609016	.000000
2.86077	.609002	.000000
2.86156	.608800	.000000
2.86235	.608584	.000000
2.86314	.608316	.000000
2.86393	.608171	.000000
2.86473	.608107	.000000
2.86552	.608007	.000000
2.86631	.607910	.000000
2.8671	.607805	.000000
2.86789	.607653	.000000
2.86869	.607537	.000000
2.86948	.607460	.000000
2.87028	.607335	.000000
2.87107	.607076	.000000
2.87187	.606924	.000000
2.87266	.606899	.000000
2.87346	.606724	.000000
2.87425	.606631	.000000
2.87505	.606640	.000000
2.87585	.606725	.000000
2.87665	.606629	.000000
2.87744	.606363	.000000
2.87824	.606112	.000000
2.87904	.606086	.000000
2.87984	.605968	.000000
2.88064	.605760	.000000
2.88144	.605678	.000000
2.88224	.605683	.000000
2.88304	.605537	.000000
2.88385	.605330	.000000
2.88465	.605237	.000000
2.88545	.605162	.000000
2.88625	.605144	.000000
2.88706	.605135	.000000
2.88786	.605033	.000000
2.88867	.604926	.000000
2.88947	.604854	.000000
2.89028	.604733	.000000
2.89108	.604650	.000000
2.89189	.604652	.000000
2.8927	.604608	.000000
2.8935	.604506	.000000
2.89431	.604495	.000000
2.89512	.604547	.000000
2.89593	.604473	.000000
2.89674	.604322	.000000
2.89755	.604254	.000000
2.89836	.604270	.000000
2.89917	.604286	.000000
2.89998	.604255	.000000
2.90079	.604170	.000000
2.9016	.604146	.000000
2.90241	.604087	.000000
2.90322	.604125	.000000
2.90404	.604184	.000000
2.90485	.604095	.000000
2.90567	.604086	.000000
2.90648	.604086	.000000
2.90729	.604112	.000000
2.90811	.604123	.000000
2.90893	.604112	.000000
2.90974	.604095	.000000
2.91056	.604100	.000000
2.91138	.604114	.000000
2.91219	.604079	.000000
2.91301	.603978	.000000
2.91383	.604018	.000000
2.91465	.604070	.000000
2.91547	.604070	.000000
2.91629	.604105	.000000
2.91711	.604039	.000000
2.91793	.604028	.000000
2.91875	.604020	.000000
2.91957	.604003	.000000
2.92039	.604043	.000000
2.92122	.604032	.000000
2.92204	.604032	.000000
2.92286	.604046	.000000
2.92369	.604068	.000000
2.92451	.603980	.000000
2.92534	.603927	.000000
2.92616	.603944	.000000
2.92699	.604055	.000000
2.92782	.603973	.000000
2.92864	.603944	.000000
2.92947	.604066	.000000
2.9303	.604080	.000000
2.93113	.604016	.000000
2.93195	.604027	.000000
2.93278	.604054	.000000
2.93361	.604112	.000000
2.93444	.604170	.000000
2.93527	.604193	.000000
2.93611	.604111	.000000
2.93694	.604130	.000000
2.93777	.604127	.000000
2.9386	.604186	.000000
2.93943	.604173	.000000
2.94027	.604182	.000000
2.9411	.604316	.000000
2.94194	.604457	.000000
2.94277	.604452	.000000
2.94361	.604381	.000000
2.94444	.604341	.000000
2.94528	.604402	.000000
2.94612	.604457	.000000
2.94695	.604466	.000000
2.94779	.604532	.000000
2.94863	.604633	.000000
2.94947	.604731	.000000
2.95031	.604792	.000000
2.95115	.604804	.000000
2.95199	.604833	.000000
2.95283	.604885	.000000
2.95367	.604913	.000000
2.95451	.604990	.000000
2.95535	.605131	.000000
2.95619	.605163	.000000
2.95704	.605194	.000000
2.95788	.605278	.000000
2.95872	.605187	.000000
2.95957	.605265	.000000
2.96041	.605544	.000000
2.96126	.605567	.000000
2.96211	.605633	.000000
2.96295	.605851	.000000
2.9638	.605894	.000000
2.96465	.605918	.000000
2.96549	.605978	.000000
2.96634	.606055	.000000
2.96719	.606128	.000000
2.96804	.606171	.000000
2.96889	.606402	.000000
2.96974	.606615	.000000
2.97059	.606627	.000000
2.97144	.606686	.000000
2.97229	.606738	.000000
2.97315	.606840	.000000
2.974	.607011	.000000
2.97485	.607110	.000000
2.97571	.607222	.000000
2.97656	.607447	.000000
2.97741	.607635	.000000
2.97827	.607631	.000000
2.97913	.607669	.000000
2.97998	.607912	.000000
2.98084	.608098	.000000
2.9817	.608207	.000000
2.98255	.608291	.000000
2.98341	.608455	.000000
2.98427	.608645	.000000
2.98513	.608766	.000000
2.98599	.608947	.000000
2.98685	.609083	.000000
2.98771	.609199	.000000
2.98857	.609268	.000000
2.98943	.609369	.000000
2.99029	.609544	.000000
2.99116	.609744	.000000
2.99202	.609917	.000000
2.99288	.609989	.000000
2.99375	.610087	.000000
2.99461	.610287	.000000
2.99548	.610432	.000000
2.99634	.610570	.000000
2.99721	.610827	.000000
2.99807	.611066	.000000
2.99894	.611229	.000000
2.99981	.611368	.000000
3.00068	.611429	.000000
3.00155	.611610	.000000
3.00241	.611826	.000000
3.00328	.611980	.000000
3.00415	.612160	.000000
3.00503	.612274	.000000
3.0059	.612453	.000000
3.00677	.612795	.000000
3.00764	.613052	.000000
3.00851	.613147	.000000
3.00939	.613238	.000000
3.01026	.613424	.000000
3.01113	.613547	.000000
3.01201	.613613	.000000
3.01288	.613776	.000000
3.01376	.613924	.000000
3.01463	.614065	.000000
3.01551	.614305	.000000
3.01639	.614482	.000000
3.01727	.614555	.000000
3.01814	.614653	.000000
3.01902	.614941	.000000
3.0199	.615086	.000000
3.02078	.615293	.000000
3.02166	.615506	.000000
3.02254	.615588	.000000
3.02342	.615611	.000000
3.02431	.615708	.000000
3.02519	.615867	.000000
3.02607	.616053	.000000
3.02696	.616210	.000000
3.02784	.616367	.000000
3.02872	.616465	.000000
3.02961	.616607	.000000
3.03049	.616792	.000000
3.03138	.616991	.000000
3.03227	.617043	.000000
3.03315	.617130	.000000
3.03404	.617304	.000000
3.03493	.617384	.000000
3.03582	.617470	.000000
3.03671	.617479	.000000
3.0376	.617627	.000000
3.03849	.617872	.000000
3.03938	.617970	.000000
3.04027	.618085	.000000
3.04116	.618278	.000000
3.04205	.618329	.000000
3.04294	.618360	.000000
3.04384	.618392	.000000
3.04473	.618460	.000000
3.04562	.618563	.000000
3.04652	.618790	.000000
3.04741	.619053	.000000
3.04831	.619105	.000000
3.04921	.619187	.000000
3.0501	.619225	.000000
3.051	.619280	.000000
3.0519	.619334	.000000
3.0528	.619391	.000000
3.0537	.619543	.000000
3.0546	.619604	.000000
3.0555	.619618	.000000
3.0564	.619745	.000000
3.0573	.619993	.000000
3.0582	.620008	.000000
3.0591	.619957	.000000
3.06	.620049	.000000
3.06091	.620277	.000000
3.06181	.620465	.000000
3.06272	.620401	.000000
3.06362	.620356	.000000
3.06453	.620444	.000000
3.06543	.620628	.000000
3.06634	.620812	.000000
3.06725	.620889	.000000
3.06815	.620874	.000000
3.06906	.620944	.000000
3.06997	.621057	.000000
3.07088	.621160	.000000
3.07179	.621207	.000000
3.0727	.621232	.000000
3.07361	.621389	.000000
3.07452	.621575	.000000
3.07543	.621605	.000000
3.07634	.621603	.000000
3.07726	.621727	.000000
3.07817	.621813	.000000
3.07909	.621923	.000000
3.08	.622057	.000000
3.08092	.622204	.000000
3.08183	.622302	.000000
3.08275	.622431	.000000
3.08366	.622465	.000000
3.08458	.622586	.000000
3.0855	.622792	.000000
3.08642	.622953	.000000
3.08734	.622981	.000000
3.08826	.623008	.000000
3.08918	.623126	.000000
3.0901	.623303	.000000
3.09102	.623507	.000000
3.09194	.623578	.000000
3.09286	.623548	.000000
3.09378	.623612	.000000
3.09471	.623912	.000000
3.09563	.624118	.000000
3.09655	.624172	.000000
3.09748	.624281	.000000
3.09841	.624508	.000000
3.09933	.624677	.000000
3.10026	.624697	.000000
3.10119	.624888	.000000
3.10211	.625124	.000000
3.10304	.625340	.000000
3.10397	.625473	.000000
3.1049	.625601	.000000
3.10583	.625850	.000000
3.10676	.626068	.000000
3.10769	.626186	.000000
3.10862	.626311	.000000
3.10956	.626559	.000000
3.11049	.626717	.000000
3.11142	.626876	.000000
3.11236	.627020	.000000
3.11329	.627160	.000000
3.11422	.627376	.000000
3.11516	.627651	.000000
3.1161	.627842	.000000
3.11703	.628032	.000000
3.11797	.628237	.000000
3.11891	.628348	.000000
3.11985	.628434	.000000
3.12079	.628600	.000000
3.12172	.628874	.000000
3.12266	.629042	.000000
3.12361	.629258	.000000
3.12455	.629467	.000000
3.12549	.629640	.000000
3.12643	.629835	.000000
3.12737	.629996	.000000
3.12832	.630157	.000000
3.12926	.630314	.000000
3.13021	.630484	.000000
3.13115	.630806	.000000
3.1321	.631086	.000000
3.13304	.631249	.000000
3.13399	.631394	.000000
3.13494	.631615	.000000
3.13589	.631760	.000000
3.13683	.631951	.000000
3.13778	.632116	.000000
3.13873	.632312	.000000
3.13968	.632512	.000000
3.14063	.632782	.000000
3.14159	.633011	.000000
3.14254	.633134	.000000
3.14349	.633375	.000000
3.14444	.633563	.000000
3.1454	.633647	.000000
3.14635	.633826	.000000
3.14731	.634076	.000000
3.14826	.634253	.000000
3.14922	.634401	.000000
3.15018	.634677	.000000
3.15113	.634946	.000000
3.15209	.635134	.000000
3.15305	.635336	.000000
3.15401	.635420	.000000
3.15497	.635516	.000000
3.15593	.635824	.000000
3.15689	.636119	.000000
3.15785	.636228	.000000
3.15881	.636330	.000000
3.15977	.636616	.000000
3.16074	.636823	.000000
3.1617	.637077	.000000
3.16267	.637271	.000000
3.16363	.637468	.000000
3.1646	.637663	.000000
3.16556	.637772	.000000
3.16653	.638020	.000000
3.1675	.638304	.000000
3.16846	.638435	.000000
3.16943	.638676	.000000
3.1704	.638941	.000000
3.17137	.639068	.000000
3.17234	.639252	.000000
3.17331	.639479	.000000
3.17428	.639641	.000000
3.17525	.639845	.000000
3.17623	.640093	.000000
3.1772	.640290	.000000
3.17817	.640554	.000000
3.17915	.640798	.000000
3.18012	.641019	.000000
3.1811	.641173	.000000
3.18208	.641300	.000000
3.18305	.641557	.000000
3.18403	.641829	.000000
3.18501	.642025	.000000
3.18599	.642195	.000000
3.18696	.642440	.000000
3.18794	.642674	.000000
3.18893	.642892	.000000
3.18991	.643167	.000000
3.19089	.643398	.000000
3.19187	.643603	.000000
3.19285	.643839	.000000
3.19384	.644106	.000000
3.19482	.644309	.000000
3.19581	.644424	.000000
3.19679	.644658	.000000
3.19778	.644812	.000000
3.19876	.644878	.000000
3.19975	.645142	.000000
3.20074	.645403	.000000
3.20173	.645582	.000000
3.20271	.645823	.000000
3.2037	.646052	.000000
3.20469	.646247	.000000
3.20568	.646475	.000000
3.20668	.646751	.000000
3.20767	.646992	.000000
3.20866	.647142	.000000
3.20965	.647276	.000000
3.21065	.647467	.000000
3.21164	.647671	.000000
3.21264	.647966	.000000
3.21363	.648264	.000000
3.21463	.648413	.000000
3.21563	.648552	.000000
3.21662	.648756	.000000
3.21762	.648949	.000000
3.21862	.649176	.000000
3.21962	.649499	.000000
3.22062	.649665	.000000
3.22162	.649826	.000000
3.22262	.649944	.000000
3.22362	.650173	.000000
3.22462	.650387	.000000
3.22563	.650555	.000000
3.22663	.650825	.000000
3.22764	.651181	.000000
3.22864	.651304	.000000
3.22965	.651426	.000000
3.23065	.651656	.000000
3.23166	.651844	.000000
3.23267	.651982	.000000
3.23368	.652196	.000000
3.23468	.652464	.000000
3.23569	.652596	.000000
3.2367	.652745	.000000
3.23771	.653047	.000000
3.23873	.653299	.000000
3.23974	.653309	.000000
3.24075	.653529	.000000
3.24176	.653974	.000000
3.24278	.654144	.000000
3.24379	.654205	.000000
3.24481	.654487	.000000
3.24582	.654675	.000000
3.24684	.654762	.000000
3.24785	.655034	.000000
3.24887	.655311	.000000
3.24989	.655425	.000000
3.25091	.655563	.000000
3.25193	.655817	.000000
3.25295	.655963	.000000
3.25397	.656128	.000000
3.25499	.656323	.000000
3.25601	.656491	.000000
3.25704	.656786	.000000
3.25806	.656937	.000000
3.25908	.657086	.000000
3.26011	.657370	.000000
3.26113	.657516	.000000
3.26216	.657717	.000000
3.26319	.657961	.000000
3.26421	.658135	.000000
3.26524	.658337	.000000
3.26627	.658478	.000000
3.2673	.658671	.000000
3.26833	.658878	.000000
3.26936	.659043	.000000
3.27039	.659343	.000000
3.27142	.659557	.000000
3.27245	.659725	.000000
3.27349	.659942	.000000
3.27452	.660122	.000000
3.27555	.660297	.000000
3.27659	.660489	.000000
3.27763	.660801	.000000
3.27866	.661073	.000000
3.2797	.661157	.000000
3.28074	.661253	.000000
3.28178	.661454	.000000
3.28281	.661691	.000000
3.28385	.661865	.000000
3.28489	.661958	.000000
3.28593	.662002	.000000
3.28698	.662181	.000000
3.28802	.662369	.000000
3.28906	.662481	.000000
3.2901	.662701	.000000
3.29115	.662887	.000000
3.29219	.663139	.000000
3.29324	.663384	.000000
3.29429	.663530	.000000
3.29533	.663691	.000000
3.29638	.663857	.000000
3.29743	.664041	.000000
3.29848	.664236	.000000
3.29953	.664343	.000000
3.30058	.664442	.000000
3.30163	.664581	.000000
3.30268	.664767	.000000
3.30373	.664971	.000000
3.30478	.665023	.000000
3.30584	.665155	.000000
3.30689	.665491	.000000
3.30795	.665653	.000000
3.309	.665630	.000000
3.31006	.665852	.000000
3.31112	.666150	.000000
3.31217	.666254	.000000
3.31323	.666232	.000000
3.31429	.666438	.000000
3.31535	.666660	.000000
3.31641	.666788	.000000
3.31747	.666967	.000000
3.31853	.667176	.000000
3.3196	.667362	.000000
3.32066	.667601	.000000
3.32172	.667805	.000000
3.32279	.667952	.000000
3.32385	.667896	.000000
3.32492	.667977	.000000
3.32598	.668213	.000000
3.32705	.668238	.000000
3.32812	.668298	.000000
3.32919	.668450	.000000
3.33026	.668522	.000000
3.33133	.668624	.000000
3.3324	.668747	.000000
3.33347	.668858	.000000
3.33454	.668976	.000000
3.33561	.669106	.000000
3.33669	.669192	.000000
3.33776	.669237	.000000
3.33884	.669228	.000000
3.33991	.669315	.000000
3.34099	.669480	.000000
3.34206	.669700	.000000
3.34314	.669796	.000000
3.34422	.669791	.000000
3.3453	.669773	.000000
3.34638	.669810	.000000
3.34746	.669834	.000000
3.34854	.669875	.000000
3.34962	.669921	.000000
3.3507	.669837	.000000
3.35179	.669927	.000000
3.35287	.669932	.000000
3.35395	.669730	.000000
3.35504	.669666	.000000
3.35612	.669564	.000000
3.35721	.669501	.000000
3.3583	.669344	.000000
3.35939	.669169	.000000
3.36048	.669065	.000000
3.36156	.668978	.000000
3.36265	.668799	.000000
3.36375	.668552	.000000
3.36484	.668220	.000000
3.36593	.667909	.000000
3.36702	.667753	.000000
3.36812	.667607	.000000
3.36921	.667500	.000000
3.3703	.667464	.000000
3.3714	.667449	.000000
3.3725	.667419	.000000
3.37359	.667396	.000000
3.37469	.667383	.000000
3.37579	.667530	.000000
3.37689	.667660	.000000
3.37799	.667632	.000000
3.37909	.667676	.000000
3.38019	.667903	.000000
3.3813	.668272	.000000
3.3824	.668475	.000000
3.3835	.668638	.000000
3.38461	.668718	.000000
3.38571	.668831	.000000
3.38682	.669003	.000000
3.38792	.669104	.000000
3.38903	.669169	.000000
3.39014	.669163	.000000
3.39125	.669070	.000000
3.39236	.668917	.000000
3.39347	.668776	.000000
3.39458	.668706	.000000
3.39569	.668566	.000000
3.3968	.668386	.000000
3.39791	.668159	.000000
3.39903	.667968	.000000
3.40014	.667875	.000000
3.40126	.667680	.000000
3.40237	.667521	.000000
3.40349	.667348	.000000
3.40461	.667155	.000000
3.40573	.666971	.000000
3.40685	.666756	.000000
3.40797	.666618	.000000
3.40909	.666527	.000000
3.41021	.666559	.000000
3.41133	.666475	.000000
3.41245	.666325	.000000
3.41357	.666284	.000000
3.4147	.666216	.000000
3.41582	.666284	.000000
3.41695	.666542	.000000
3.41807	.666799	.000000
3.4192	.666931	.000000
3.42033	.667206	.000000
3.42146	.667514	.000000
3.42259	.667882	.000000
3.42372	.668302	.000000
3.42485	.668681	.000000
3.42598	.669210	.000000
3.42711	.669605	.000000
3.42825	.669896	.000000
3.42938	.670196	.000000
3.43051	.670481	.000000
3.43165	.670788	.000000
3.43279	.671170	.000000
3.43392	.671485	.000000
3.43506	.671835	.000000
3.4362	.672196	.000000
3.43734	.672464	.000000
3.43848	.672725	.000000
3.43962	.672915	.000000
3.44076	.673050	.000000
3.4419	.673319	.000000
3.44304	.673655	.000000
3.44419	.673965	.000000
3.44533	.674262	.000000
3.44648	.674448	.000000
3.44762	.674709	.000000
3.44877	.675161	.000000
3.44992	.675524	.000000
3.45106	.675615	.000000
3.45221	.675703	.000000
3.45336	.675944	.000000
3.45451	.676246	.000000
3.45566	.676475	.000000
3.45682	.676720	.000000
3.45797	.676880	.000000
3.45912	.676989	.000000
3.46028	.677182	.000000
3.46143	.677356	.000000
3.46259	.677676	.000000
3.46374	.677976	.000000
3.4649	.678156	.000000
3.46606	.678126	.000000
3.46722	.678119	.000000
3.46838	.678255	.000000
3.46954	.678407	.000000
3.4707	.678576	.000000
3.47186	.678625	.000000
3.47302	.678737	.000000
3.47419	.678873	.000000
3.47535	.678882	.000000
3.47652	.678946	.000000
3.47768	.679095	.000000
3.47885	.679320	.000000
3.48002	.679382	.000000
3.48119	.679372	.000000
3.48236	.679495	.000000
3.48353	.679499	.000000
3.4847	.679497	.000000
3.48587	.679529	.000000
3.48704	.679507	.000000
3.48821	.679477	.000000
3.48939	.679468	.000000
3.49056	.679434	.000000
3.49174	.679529	.000000
3.49291	.679597	.000000
3.49409	.679441	.000000
3.49527	.679288	.000000
3.49645	.679384	.000000
3.49763	.679504	.000000
3.49881	.679629	.000000
3.49999	.679815	.000000
3.50117	.680028	.000000
3.50235	.680417	.000000
3.50353	.680819	.000000
3.50472	.681205	.000000
3.5059	.681818	.000000
3.50709	.682510	.000000
3.50828	.683034	.000000
3.50946	.683434	.000000
3.51065	.684070	.000000
3.51184	.684662	.000000
3.51303	.685244	.000000
3.51422	.685770	.000000
3.51541	.686111	.000000
3.5166	.686660	.000000
3.5178	.687330	.000000
3.51899	.687719	.000000
3.52018	.687954	.000000
3.52138	.688318	.000000
3.52258	.688715	.000000
3.52377	.688990	.000000
3.52497	.689294	.000000
3.52617	.689680	.000000
3.52737	.690096	.000000
3.52857	.690348	.000000
3.52977	.690581	.000000
3.53097	.690761	.000000
3.53218	.690868	.000000
3.53338	.691162	.000000
3.53458	.691508	.000000
3.53579	.691821	.000000
3.537	.691984	.000000
3.5382	.692195	.000000
3.53941	.692389	.000000
3.54062	.692552	.000000
3.54183	.692700	.000000
3.54304	.692922	.000000
3.54425	.693163	.000000
3.54546	.693447	.000000
3.54667	.693603	.000000
3.54789	.693730	.000000
3.5491	.693944	.000000
3.55032	.694159	.000000
3.55153	.694269	.000000
3.55275	.694437	.000000
3.55397	.694636	.000000
3.55518	.694847	.000000
3.5564	.695058	.000000
3.55762	.695229	.000000
3.55884	.695433	.000000
3.56007	.695647	.000000
3.56129	.695876	.000000
3.56251	.696082	.000000
3.56374	.696267	.000000
3.56496	.696325	.000000
3.56619	.696394	.000000
3.56742	.696457	.000000
3.56864	.696528	.000000
3.56987	.696654	.000000
3.5711	.696954	.000000
3.57233	.697183	.000000
3.57356	.697318	.000000
3.57479	.697426	.000000
3.57603	.697631	.000000
3.57726	.697747	.000000
3.57849	.697799	.000000
3.57973	.697910	.000000
3.58097	.698076	.000000
3.5822	.698239	.000000
3.58344	.698396	.000000
3.58468	.698548	.000000
3.58592	.698725	.000000
3.58716	.698941	.000000
3.5884	.699072	.000000
3.58964	.699186	.000000
3.59089	.699306	.000000
3.59213	.699547	.000000
3.59338	.699747	.000000
3.59462	.699688	.000000
3.59587	.699820	.000000
3.59712	.700008	.000000
3.59836	.700172	.000000
3.59961	.700383	.000000
3.60086	.700659	.000000
3.60211	.700934	.000000
3.60337	.700936	.000000
3.60462	.700953	.000000
3.60587	.701102	.000000
3.60713	.701252	.000000
3.60838	.701395	.000000
3.60964	.701565	.000000
3.61089	.701879	.000000
3.61215	.702144	.000000
3.61341	.702269	.000000
3.61467	.702462	.000000
3.61593	.702573	.000000
3.61719	.702553	.000000
3.61845	.702703	.000000
3.61972	.702792	.000000
3.62098	.702900	.000000
3.62225	.703091	.000000
3.62351	.703157	.000000
3.62478	.703321	.000000
3.62605	.703650	.000000
3.62731	.703875	.000000
3.62858	.703917	.000000
3.62985	.703933	.000000
3.63112	.704024	.000000
3.6324	.704136	.000000
3.63367	.704333	.000000
3.63494	.704597	.000000
3.63622	.704723	.000000
3.63749	.704805	.000000
3.63877	.704835	.000000
3.64005	.704903	.000000
3.64132	.705109	.000000
3.6426	.705246	.000000
3.64388	.705250	.000000
3.64516	.705255	.000000
3.64645	.705353	.000000
3.64773	.705611	.000000
3.64901	.705739	.000000
3.6503	.705838	.000000
3.65158	.705832	.000000
3.65287	.705856	.000000
3.65416	.705988	.000000
3.65545	.706047	.000000
3.65673	.706176	.000000
3.65802	.706402	.000000
3.65932	.706549	.000000
3.66061	.706549	.000000
3.6619	.706503	.000000
3.66319	.706597	.000000
3.66449	.706713	.000000
3.66578	.706898	.000000
3.66708	.707082	.000000
3.66838	.707151	.000000
3.66967	.707176	.000000
3.67097	.707194	.000000
3.67227	.707259	.000000
3.67357	.707450	.000000
3.67488	.707519	.000000
3.67618	.707593	.000000
3.67748	.707600	.000000
3.67879	.707673	.000000
3.68009	.707664	.000000
3.6814	.707680	.000000
3.68271	.707771	.000000
3.68402	.707861	.000000
3.68532	.707920	.000000
3.68664	.707854	.000000
3.68795	.707893	.000000
3.68926	.708052	.000000
3.69057	.708191	.000000
3.69189	.708113	.000000
3.6932	.708048	.000000
3.69452	.708057	.000000
3.69583	.708229	.000000
3.69715	.708272	.000000
3.69847	.708240	.000000
3.69979	.708265	.000000
3.70111	.708325	.000000
3.70243	.708266	.000000
3.70375	.708393	.000000
3.70508	.708538	.000000
3.7064	.708510	.000000
3.70773	.708522	.000000
3.70905	.708549	.000000
3.71038	.708703	.000000
3.71171	.708769	.000000
3.71304	.708704	.000000
3.71437	.708697	.000000
3.7157	.708692	.000000
3.71703	.708704	.000000
3.71836	.708697	.000000
3.7197	.708624	.000000
3.72103	.708706	.000000
3.72237	.708930	.000000
3.7237	.708965	.000000
3.72504	.709133	.000000
3.72638	.709273	.000000
3.72772	.709360	.000000
3.72906	.709519	.000000
3.7304	.709598	.000000
3.73174	.709455	.000000
3.73309	.709362	.000000
3.73443	.709367	.000000
3.73578	.709478	.000000
3.73712	.709736	.000000
3.73847	.709991	.000000
3.73982	.710052	.000000
3.74117	.710048	.000000
3.74252	.710207	.000000
3.74387	.710361	.000000
3.74522	.710381	.000000
3.74657	.710408	.000000
3.74793	.710652	.000000
3.74928	.710938	.000000
3.75064	.711188	.000000
3.752	.711353	.000000
3.75335	.711451	.000000
3.75471	.711666	.000000
3.75607	.711991	.000000
3.75744	.712104	.000000
3.7588	.712137	.000000
3.76016	.712257	.000000
3.76152	.712540	.000000
3.76289	.712750	.000000
3.76425	.712863	.000000
3.76562	.713019	.000000
3.76699	.713165	.000000
3.76836	.713306	.000000
3.76973	.713649	.000000
3.7711	.713989	.000000
3.77247	.714003	.000000
3.77385	.714125	.000000
3.77522	.714497	.000000
3.77659	.714657	.000000
3.77797	.714650	.000000
3.77935	.714749	.000000
3.78072	.714995	.000000
3.7821	.715222	.000000
3.78348	.715533	.000000
3.78486	.715789	.000000
3.78625	.715880	.000000
3.78763	.715903	.000000
3.78901	.716071	.000000
3.7904	.716416	.000000
3.79178	.716663	.000000
3.79317	.716738	.000000
3.79456	.716809	.000000
3.79595	.716843	.000000
3.79734	.716834	.000000
3.79873	.716936	.000000
3.80012	.717106	.000000
3.80151	.717351	.000000
3.80291	.717463	.000000
3.8043	.717704	.000000
3.8057	.717830	.000000
3.8071	.717735	.000000
3.8085	.717837	.000000
3.80989	.717965	.000000
3.8113	.718074	.000000
3.8127	.718057	.000000
3.8141	.718135	.000000
3.8155	.718300	.000000
3.81691	.718452	.000000
3.81831	.718534	.000000
3.81972	.718544	.000000
3.82113	.718670	.000000
3.82253	.718900	.000000
3.82394	.718973	.000000
3.82536	.718866	.000000
3.82677	.718909	.000000
3.82818	.718993	.000000
3.82959	.718979	.000000
3.83101	.719070	.000000
3.83243	.719199	.000000
3.83384	.719263	.000000
3.83526	.719440	.000000
3.83668	.719567	.000000
3.8381	.719560	.000000
3.83952	.719588	.000000
3.84094	.719604	.000000
3.84236	.719640	.000000
3.84379	.719720	.000000
3.84521	.719853	.000000
3.84664	.719953	.000000
3.84807	.719906	.000000
3.8495	.720071	.000000
3.85093	.720380	.000000
3.85236	.720160	.000000
3.85379	.719738	.000000
3.85522	.719779	.000000
3.85666	.719965	.000000
3.85809	.720173	.000000
3.85953	.720262	.000000
3.86096	.720115	.000000
3.8624	.720117	.000000
3.86384	.720316	.000000
3.86528	.720505	.000000
3.86672	.720532	.000000
3.86816	.720553	.000000
3.86961	.720657	.000000
3.87105	.720719	.000000
3.8725	.720791	.000000
3.87394	.720778	.000000
3.87539	.720814	.000000
3.87684	.720898	.000000
3.87829	.720827	.000000
3.87974	.720936	.000000
3.88119	.721088	.000000
3.88265	.721054	.000000
3.8841	.721168	.000000
3.88556	.721220	.000000
3.88701	.720984	.000000
3.88847	.721163	.000000
3.88993	.721425	.000000
3.89139	.721484	.000000
3.89285	.721499	.000000
3.89431	.721599	.000000
3.89578	.721609	.000000
3.89724	.721583	.000000
3.89871	.721642	.000000
3.90017	.721865	.000000
3.90164	.721908	.000000
3.90311	.721831	.000000
3.90458	.721797	.000000
3.90605	.721936	.000000
3.90752	.722003	.000000
3.90899	.721953	.000000
3.91047	.721890	.000000
3.91194	.721994	.000000
3.91342	.722174	.000000
3.9149	.722247	.000000
3.91638	.722314	.000000
3.91785	.722247	.000000
3.91934	.722056	.000000
3.92082	.722099	.000000
3.9223	.722440	.000000
3.92378	.722467	.000000
3.92527	.722349	.000000
3.92676	.722362	.000000
3.92824	.722437	.000000
3.92973	.722700	.000000
3.93122	.722941	.000000
3.93271	.722955	.000000
3.9342	.723000	.000000
3.9357	.722969	.000000
3.93719	.723048	.000000
3.93869	.723136	.000000
3.94018	.723200	.000000
3.94168	.723320	.000000
3.94318	.723320	.000000
3.94468	.723391	.000000
3.94618	.723411	.000000
3.94768	.723386	.000000
3.94919	.723507	.000000
3.95069	.723704	.000000
3.9522	.723708	.000000
3.9537	.723775	.000000
3.95521	.723827	.000000
3.95672	.723725	.000000
3.95823	.723658	.000000
3.95975	.723679	.000000
3.96126	.723861	.000000
3.96277	.724120	.000000
3.96429	.724136	.000000
3.9658	.724253	.000000
3.96732	.724342	.000000
3.96884	.724201	.000000
3.97036	.724051	.000000
3.97188	.724013	.000000
3.9734	.724049	.000000
3.97492	.724065	.000000
3.97645	.724133	.000000
3.97797	.724142	.000000
3.9795	.724070	.000000
3.98103	.724113	.000000
3.98256	.724422	.000000
3.98409	.724453	.000000
3.98562	.724310	.000000
3.98715	.724104	.000000
3.98868	.724052	.000000
3.99022	.724178	.000000
3.99175	.724228	.000000
3.99329	.724090	.000000
3.99483	.724056	.000000
3.99637	.724128	.000000
3.99791	.723936	.000000
3.99945	.723770	.000000
4.00109	.723747	.000000
4.00418	.723622	.000000
4.00728	.723498	.000000
4.01038	.723313	.000000
4.01348	.723116	.000000
4.01659	.722905	.000000
4.0197	.722669	.000000
4.02282	.722344	.000000
4.02594	.722001	.000000
4.02907	.721645	.000000
4.0322	.721279	.000000
4.03534	.720868	.000000
4.03848	.720462	.000000
4.04163	.720033	.000000
4.04478	.719565	.000000
4.04794	.719063	.000000
4.0511	.718536	.000000
4.05427	.717999	.000000
4.05744	.717458	.000000
4.06062	.716841	.000000
4.0638	.716262	.000000
4.06699	.715660	.000000
4.07018	.715049	.000000
4.07338	.714454	.000000
4.07658	.713859	.000000
4.07979	.713206	.000000
4.083	.712595	.000000
4.08622	.711955	.000000
4.08944	.711328	.000000
4.09267	.710656	.000000
4.0959	.709998	.000000
4.09914	.709348	.000000
4.10238	.708685	.000000
4.10563	.708020	.000000
4.10889	.707385	.000000
4.11214	.706699	.000000
4.11541	.706036	.000000
4.11868	.705393	.000000
4.12195	.704740	.000000
4.12523	.704076	.000000
4.12851	.703432	.000000
4.1318	.702732	.000000
4.1351	.702079	.000000
4.1384	.701420	.000000
4.1417	.700750	.000000
4.14501	.700071	.000000
4.14833	.699404	.000000
4.15165	.698773	.000000
4.15498	.698151	.000000
4.15831	.697517	.000000
4.16165	.696936	.000000
4.16499	.696314	.000000
4.16834	.695717	.000000
4.17169	.695102	.000000
4.17505	.694539	.000000
4.17842	.694023	.000000
4.18179	.693578	.000000
4.18516	.693172	.000000
4.18854	.692868	.000000
4.19193	.692640	.000000
4.19532	.692518	.000000
4.19872	.692468	.000000
4.20212	.692468	.000000
4.20553	.692488	.000000
4.20894	.692534	.000000
4.21236	.692527	.000000
4.21578	.692479	.000000
4.21921	.692377	.000000
4.22265	.692225	.000000
4.22609	.691985	.000000
4.22954	.691691	.000000
4.23299	.691312	.000000
4.23645	.690904	.000000
4.23991	.690447	.000000
4.24338	.689950	.000000
4.24686	.689365	.000000
4.25034	.688801	.000000
4.25382	.688154	.000000
4.25732	.687400	.000000
4.26081	.686585	.000000
4.26432	.685786	.000000
4.26783	.684989	.000000
4.27134	.684176	.000000
4.27487	.683264	.000000
4.27839	.682344	.000000
4.28193	.681359	.000000
4.28546	.680331	.000000
4.28901	.679263	.000000
4.29256	.678144	.000000
4.29612	.676929	.000000
4.29968	.675683	.000000
4.30325	.674330	.000000
4.30682	.672920	.000000
4.3104	.671433	.000000
4.31399	.669868	.000000
4.31758	.668230	.000000
4.32118	.666574	.000000
4.32478	.664821	.000000
4.32839	.663021	.000000
4.332	.661121	.000000
4.33563	.659212	.000000
4.33926	.657263	.000000
4.34289	.655252	.000000
4.34653	.653204	.000000
4.35018	.651131	.000000
4.35383	.649017	.000000
4.35749	.646931	.000000
4.36115	.644840	.000000
4.36482	.642785	.000000
4.3685	.640749	.000000
4.37218	.638792	.000000
4.37587	.636993	.000000
4.37957	.635345	.000000
4.38327	.633876	.000000
4.38698	.632678	.000000
4.39069	.631704	.000000
4.39442	.631015	.000000
4.39814	.630580	.000000
4.40188	.630394	.000000
4.40562	.630394	.000000
4.40936	.630591	.000000
4.41312	.630995	.000000
4.41687	.631619	.000000
4.42064	.632366	.000000
4.42441	.633238	.000000
4.42819	.634174	.000000
4.43197	.635211	.000000
4.43577	.636267	.000000
4.43956	.637309	.000000
4.44337	.638335	.000000
4.44718	.639357	.000000
4.45099	.640277	.000000
4.45482	.641153	.000000
4.45865	.641906	.000000
4.46249	.642588	.000000
4.46633	.643207	.000000
4.47018	.643739	.000000
4.47404	.644191	.000000
4.4779	.644583	.000000
4.48177	.644919	.000000
4.48565	.645210	.000000
4.48953	.645401	.000000
4.49342	.645567	.000000
4.49732	.645660	.000000
4.50122	.645668	.000000
4.50513	.645610	.000000
4.50905	.645546	.000000
4.51298	.645383	.000000
4.51691	.645176	.000000
4.52085	.644908	.000000
4.52479	.644610	.000000
4.52874	.644225	.000000
4.5327	.643784	.000000
4.53667	.643298	.000000
4.54064	.642772	.000000
4.54462	.642209	.000000
4.5486	.641675	.000000
4.5526	.641083	.000000
4.5566	.640453	.000000
4.5606	.639793	.000000
4.56462	.639082	.000000
4.56864	.638296	.000000
4.57267	.637511	.000000
4.57671	.636657	.000000
4.58075	.635777	.000000
4.5848	.634821	.000000
4.58886	.633763	.000000
4.59292	.632568	.000000
4.59699	.631292	.000000
4.60107	.629914	.000000
4.60516	.628480	.000000
4.60925	.626892	.000000
4.61335	.625217	.000000
4.61746	.623457	.000000
4.62158	.621677	.000000
4.6257	.619891	.000000
4.62983	.618176	.000000
4.63397	.616590	.000000
4.63811	.615314	.000000
4.64226	.614378	.000000
4.64642	.613819	.000000
4.65059	.613508	.000000
4.65476	.613418	.000000
4.65895	.613390	.000000
4.66314	.613370	.000000
4.66733	.613288	.000000
4.67154	.613098	.000000
4.67575	.612741	.000000
4.67997	.612310	.000000
4.6842	.611737	.000000
4.68843	.611061	.000000
4.69267	.610318	.000000
4.69693	.609483	.000000
4.70118	.608534	.000000
4.70545	.607551	.000000
4.70972	.606459	.000000
4.71401	.605355	.000000
4.71829	.604214	.000000
4.72259	.603021	.000000
4.7269	.601761	.000000
4.73121	.600454	.000000
4.73553	.599062	.000000
4.73986	.597632	.000000
4.7442	.596126	.000000
4.74854	.594555	.000000
4.75289	.592877	.000000
4.75725	.591111	.000000
4.76162	.589195	.000000
4.766	.587206	.000000
4.77038	.585094	.000000
4.77478	.582879	.000000
4.77918	.580527	.000000
4.78358	.578009	.000000
4.788	.575268	.000000
4.79243	.572364	.000000
4.79686	.569257	.000000
4.8013	.565935	.000000
4.80575	.562375	.000000
4.81021	.558604	.000000
4.81467	.554549	.000000
4.81915	.550188	.000000
4.82363	.545476	.000000
4.82812	.540531	.000000
4.83262	.535276	.000000
4.83713	.529674	.000000
4.84165	.523713	.000000
4.84617	.517403	.000000
4.85071	.510712	.000000
4.85525	.503688	.000000
4.8598	.496286	.000000
4.86436	.488553	.000000
4.86892	.480444	.000000
4.8735	.471979	.000000
4.87808	.463136	.000000
4.88268	.453964	.000000
4.88728	.444476	.000000
4.89189	.434741	.000000
4.89651	.424780	.000000
4.90114	.414616	.000000
4.90577	.404268	.000000
4.91042	.393865	.000000
4.91507	.383471	.000000
4.91974	.373188	.000000
4.92441	.363085	.000000
4.92909	.353345	.000000
4.93378	.344118	.000000
4.93848	.335611	.000000
4.94319	.327971	.000000
4.94791	.321301	.000000
4.95263	.315625	.000000
4.95737	.310893	.000000
4.96211	.306999	.000000
4.96686	.303880	.000000
4.97162	.301417	.000000
4.97639	.299498	.000000
4.98117	.297981	.000000
4.98596	.296789	.000000
4.99076	.295854	.000000
4.99557	.295178	.000000
5.00039	.294735	.000000
5.00521	.294480	.000000
5.01005	.294385	.000000
5.0149	.294503	.000000
5.01975	.294810	.000000
5.02461	.295355	.000000
5.02949	.296117	.000000
5.03437	.297112	.000000
5.03926	.298327	.000000
5.04417	.299784	.000000
5.04908	.301489	.000000
5.054	.303498	.000000
5.05893	.305762	.000000
5.06387	.308273	.000000
5.06882	.310938	.000000
5.07378	.313727	.000000
5.07875	.316569	.000000
5.08373	.319412	.000000
5.08872	.322129	.000000
5.09372	.324654	.000000
5.09872	.326986	.000000
5.10374	.329147	.000000
5.10877	.331073	.000000
5.11381	.332752	.000000
5.11886	.334153	.000000
5.12391	.335302	.000000
5.12898	.336147	.000000
5.13406	.336728	.000000
5.13915	.336982	.000000
5.14425	.336918	.000000
5.14935	.336505	.000000
5.15447	.335711	.000000
5.1596	.334532	.000000
5.16474	.332954	.000000
5.16989	.330945	.000000
5.17505	.328557	.000000
5.18022	.325649	.000000
5.1854	.322186	.000000
5.19059	.318142	.000000
5.19579	.313515	.000000
5.201	.308257	.000000
5.20623	.302348	.000000
5.21146	.295809	.000000
5.2167	.288614	.000000
5.22195	.280776	.000000
5.22722	.272440	.000000
5.23249	.263730	.000000
5.23778	.254747	.000000
5.24307	.245601	.000000
5.24838	.236554	.000000
5.2537	.227820	.000000
5.25903	.219549	.000000
5.26437	.211820	.000000
5.26972	.204734	.000000
5.27508	.198284	.000000
5.28045	.192434	.000000
5.28583	.187180	.000000
5.29122	.182480	.000000
5.29663	.178303	.000000
5.30204	.174649	.000000
5.30747	.171562	.000000
5.31291	.169112	.000000
5.31836	.167296	.000000
5.32382	.166154	.000000
5.32929	.165754	.000000
5.33477	.166143	.000000
5.34027	.167359	.000000
5.34577	.169536	.000000
5.35129	.172808	.000000
5.35682	.177170	.000000
5.36235	.182635	.000000
5.36791	.189196	.000000
5.37347	.196665	.000000
5.37904	.204748	.000000
5.38463	.213085	.000000
5.39023	.221397	.000000
5.39583	.229384	.000000
5.40146	.236788	.000000
5.40709	.243472	.000000
5.41273	.249402	.000000
5.41839	.254581	.000000
5.42406	.259090	.000000
5.42974	.262847	.000000
5.43543	.266057	.000000
5.44113	.268791	.000000
5.44685	.271095	.000000
5.45257	.273026	.000000
5.45831	.274617	.000000
5.46406	.275923	.000000
5.46983	.276937	.000000
5.4756	.277682	.000000
5.48139	.278200	.000000
5.48719	.278383	.000000
5.49301	.278356	.000000
5.49883	.278115	.000000
5.50467	.277639	.000000
5.51052	.276922	.000000
5.51638	.276049	.000000
5.52225	.274985	.000000
5.52814	.273770	.000000
5.53404	.272401	.000000
5.53995	.270936	.000000
5.54588	.269399	.000000
5.55181	.267810	.000000
5.55777	.266119	.000000
5.56373	.264411	.000000
5.5697	.262716	.000000
5.57569	.261076	.000000
5.5817	.259433	.000000
5.58771	.257748	.000000
5.59374	.256131	.000000
5.59978	.254622	.000000
5.60583	.253185	.000000
5.6119	.251809	.000000
5.61798	.250487	.000000
5.62407	.249243	.000000
5.63018	.248087	.000000
5.6363	.247063	.000000
5.64243	.246182	.000000
5.64858	.245283	.000000
5.65474	.244453	.000000
5.66091	.243719	.000000
5.6671	.243063	.000000
5.6733	.242600	.000000
5.67951	.242198	.000000
5.68574	.241848	.000000
5.69198	.241633	.000000
5.69824	.241496	.000000
5.7045	.241431	.000000
5.71079	.241526	.000000
5.71708	.241647	.000000
5.72339	.241815	.000000
5.72972	.242044	.000000
5.73605	.242341	.000000
5.74241	.242675	.000000
5.74877	.243108	.000000
5.75515	.243522	.000000
5.76155	.244067	.000000
5.76796	.244782	.000000
5.77438	.245308	.000000
5.78082	.245828	.000000
5.78727	.246543	.000000
5.79373	.247338	.000000
5.80022	.248237	.000000
5.80671	.249191	.000000
5.81322	.250221	.000000
5.81974	.251420	.000000
5.82628	.252617	.000000
5.83284	.253620	.000000
5.83941	.254674	.000000
5.84599	.255739	.000000
5.85259	.256749	.000000
5.8592	.257566	.000000
5.86583	.258130	.000000
5.87247	.258272	.000000
5.87913	.258141	.000000
5.8858	.257332	.000000
5.89249	.255886	.000000
5.8992	.253945	.000000
5.90591	.251253	.000000
5.91265	.248074	.000000
5.9194	.244486	.000000
5.92616	.240486	.000000
5.93294	.236265	.000000
5.93974	.231622	.000000
5.94655	.226592	.000000
5.95338	.221463	.000000
5.96022	.216370	.000000
5.96708	.211250	.000000
5.97395	.206070	.000000
5.98084	.200907	.000000
5.98775	.195885	.000000
5.99467	.190815	.000000
6.00161	.185876	.000000
6.00856	.181102	.000000
6.01553	.176498	.000000
6.02252	.171943	.000000
6.02952	.167598	.000000
6.03654	.163422	.000000
6.04358	.159558	.000000
6.05063	.155751	.000000
6.0577	.151934	.000000
6.06478	.148367	.000000
6.07189	.145050	.000000
6.079	.141784	.000000
6.08614	.138653	.000000
6.09329	.135667	.000000
6.10046	.132888	.000000
6.10764	.130289	.000000
6.11485	.127871	.000000
6.12206	.125489	.000000
6.1293	.123384	.000000
6.13655	.121523	.000000
6.14382	.119910	.000000
6.15111	.118507	.000000
6.15842	.117384	.000000
6.16574	.116493	.000000
6.17308	.115910	.000000
6.18044	.115620	.000000
6.18781	.115613	.000000
6.19521	.115733	.000000
6.20262	.116128	.000000
6.21005	.116766	.000000
6.21749	.117606	.000000
6.22496	.118584	.000000
6.23244	.119722	.000000
6.23994	.120982	.000000
6.24745	.122390	.000000
6.25499	.123868	.000000
6.26254	.125452	.000000
6.27012	.127108	.000000
6.27771	.128820	.000000
6.28532	.130541	.000000
6.29295	.132277	.000000
6.30059	.133984	.000000
6.30826	.135606	.000000
6.31594	.137120	.000000
6.32364	.138548	.000000
6.33136	.139781	.000000
6.3391	.140859	.000000
6.34686	.141733	.000000
6.35464	.142269	.000000
6.36243	.142583	.000000
6.37025	.142744	.000000
6.37809	.142617	.000000
6.38594	.142290	.000000
6.39381	.141783	.000000
6.40171	.141120	.000000
6.40962	.140360	.000000
6.41756	.139349	.000000
6.42551	.137926	.000000
6.43348	.136326	.000000
6.44147	.134516	.000000
6.44948	.132554	.000000
6.45752	.130407	.000000
6.46557	.128131	.000000
6.47364	.125754	.000000
6.48173	.123314	.000000
6.48984	.120857	.000000
6.49798	.118337	.000000
6.50613	.115717	.000000
6.5143	.113215	.000000
6.52249	.110777	.000000
6.53071	.108365	.000000
6.53894	.106027	.000000
6.5472	.103832	.000000
6.55548	.101704	.000000
6.56378	.099666	.000000
6.57209	.097706	.000000
6.58043	.095822	.000000
6.58879	.094021	.000000
6.59718	.092364	.000000
6.60558	.090822	.000000
6.61401	.089406	.000000
6.62245	.088021	.000000
6.63092	.086783	.000000
6.63941	.085619	.000000
6.64793	.084452	.000000
6.65646	.083269	.000000
6.66502	.082152	.000000
6.67359	.081030	.000000
6.68219	.079900	.000000
6.69082	.078662	.000000
6.69946	.077423	.000000
6.70813	.076153	.000000
6.71681	.074857	.000000
6.72553	.073477	.000000
6.73426	.072087	.000000
6.74302	.070711	.000000
6.7518	.069369	.000000
6.7606	.068012	.000000
6.76942	.066674	.000000
6.77827	.065267	.000000
6.78715	.063820	.000000
6.79604	.062279	.000000
6.80496	.060712	.000000
6.8139	.059112	.000000
6.82287	.057516	.000000
6.83185	.055904	.000000
6.84087	.054328	.000000
6.8499	.052764	.000000
6.85896	.051283	.000000
6.86805	.049837	.000000
6.87716	.048429	.000000
6.88629	.047015	.000000
6.89545	.045658	.000000
6.90463	.044314	.000000
6.91384	.042979	.000000
6.92307	.041652	.000000
6.93233	.040372	.000000
6.9416	.039123	.000000
6.95091	.037974	.000000
6.96024	.036901	.000000
6.96959	.035884	.000000
6.97897	.034900	.000000
6.98838	.034031	.000000
6.99781	.033222	.000000
7.00727	.032466	.000000
7.01675	.031701	.000000
7.02625	.030957	.000000
7.03579	.030230	.000000
7.04535	.029506	.000000
7.05493	.028711	.000000
7.06454	.027940	.000000
7.07418	.027151	.000000
7.08385	.026357	.000000
7.09354	.025562	.000000
7.10326	.024820	.000000
7.113	.024052	.000000
7.12277	.023314	.000000
7.13257	.022611	.000000
7.14239	.021936	.000000
7.15224	.021203	.000000
7.16212	.020511	.000000
7.17203	.019816	.000000
7.18196	.019117	.000000
7.19192	.018408	.000000
7.20191	.017705	.000000
7.21193	.017008	.000000
7.22197	.016376	.000000
7.23204	.015709	.000000
7.24215	.015069	.000000
7.25227	.014485	.000000
7.26243	.013965	.000000
7.27262	.013438	.000000
7.28283	.012928	.000000
7.29307	.012448	.000000
7.30334	.012038	.000000
7.31364	.011668	.000000
7.32397	.011354	.000000
7.33433	.011063	.000000
7.34472	.010805	.000000
7.35514	.010567	.000000
7.36558	.010410	.000000
7.37606	.010285	.000000
7.38657	.010187	.000000
7.39711	.010162	.000000
7.40767	.010198	.000000
7.41827	.010271	.000000
7.4289	.010405	.000000
7.43956	.010578	.000000
7.45025	.010836	.000000
7.46097	.011089	.000000
7.47172	.011436	.000000
7.4825	.011865	.000000
7.49331	.012356	.000000
7.50416	.012912	.000000
7.51503	.013577	.000000
7.52594	.014285	.000000
7.53688	.015084	.000000
7.54785	.015950	.000000
7.55885	.016899	.000000
7.56988	.017929	.000000
7.58095	.019092	.000000
7.59205	.020379	.000000
7.60318	.021814	.000000
7.61435	.023390	.000000
7.62554	.025147	.000000
7.63677	.027099	.000000
7.64804	.029236	.000000
7.65933	.031579	.000000
7.67066	.034199	.000000
7.68203	.037019	.000000
7.69342	.040038	.000000
7.70485	.043256	.000000
7.71632	.046682	.000000
7.72782	.050289	.000000
7.73936	.054006	.000000
7.75093	.057797	.000000
7.76253	.061680	.000000
7.77417	.065619	.000000
7.78584	.069585	.000000
7.79755	.073524	.000000
7.80929	.077382	.000000
7.82107	.081119	.000000
7.83288	.084708	.000000
7.84473	.088082	.000000
7.85662	.091210	.000000
7.86854	.094003	.000000
7.8805	.096400	.000000
7.89249	.098353	.000000
7.90452	.099856	.000000
7.91659	.100858	.000000
7.92869	.101400	.000000
7.94083	.101568	.000000
7.95301	.101420	.000000
7.96523	.101021	.000000
7.97748	.100503	.000000
7.98977	.099890	.000000
8.0021	.099239	.000000
8.01447	.098635	.000000
8.02688	.098121	.000000
8.03932	.097690	.000000
8.05181	.097320	.000000
8.06433	.096971	.000000
8.07689	.096623	.000000
8.08949	.096194	.000000
8.10213	.095608	.000000
8.11481	.094870	.000000
8.12753	.093928	.000000
8.14029	.092725	.000000
8.15309	.091299	.000000
8.16593	.089669	.000000
8.17881	.087894	.000000
8.19173	.086025	.000000
8.20469	.084100	.000000
8.21769	.082109	.000000
8.23073	.080154	.000000
8.24382	.078283	.000000
8.25694	.076442	.000000
8.27011	.074605	.000000
8.28332	.072786	.000000
8.29658	.070961	.000000
8.30987	.069206	.000000
8.32321	.067548	.000000
8.33659	.066098	.000000
8.35001	.065096	.000000
8.36348	.064770	.000000
8.37699	.065231	.000000
8.39055	.066327	.000000
8.40414	.067664	.000000
8.41779	.068865	.000000
8.43148	.069776	.000000
8.44521	.070439	.000000
8.45899	.070882	.000000
8.47281	.071215	.000000
8.48668	.071453	.000000
8.50059	.071619	.000000
8.51455	.071806	.000000
8.52855	.072057	.000000
8.5426	.072351	.000000
8.5567	.072709	.000000
8.57084	.073129	.000000
8.58503	.073595	.000000
8.59927	.074123	.000000
8.61355	.074739	.000000
8.62788	.075416	.000000
8.64226	.076214	.000000
8.65669	.077098	.000000
8.67116	.077994	.000000
8.68569	.078968	.000000
8.70026	.080029	.000000
8.71489	.081107	.000000
8.72956	.082247	.000000
8.74428	.083446	.000000
8.75905	.084733	.000000
8.77387	.086032	.000000
8.78874	.087399	.000000
8.80366	.088811	.000000
8.81863	.090209	.000000
8.83365	.091601	.000000
8.84873	.093013	.000000
8.86385	.094418	.000000
8.87903	.095817	.000000
8.89426	.097173	.000000
8.90954	.098471	.000000
8.92488	.099770	.000000
8.94026	.101093	.000000
8.9557	.102445	.000000
8.9712	.103832	.000000
8.98675	.105216	.000000
9.00235	.106556	.000000
9.018	.107816	.000000
9.03371	.108972	.000000
9.04948	.109902	.000000
9.0653	.110607	.000000
9.08117	.111145	.000000
9.0971	.111510	.000000
9.11309	.111673	.000000
9.12913	.111615	.000000
9.14524	.111340	.000000
9.1614	.110884	.000000
9.17761	.110148	.000000
9.19389	.108919	.000000
9.21021	.107173	.000000
9.2266	.104971	.000000
9.24305	.102381	.000000
9.25955	.099511	.000000
9.27612	.096584	.000000
9.29274	.093813	.000000
9.30942	.091353	.000000
9.32617	.089272	.000000
9.34297	.087517	.000000
9.35983	.086095	.000000
9.37676	.084929	.000000
9.39374	.083989	.000000
9.41079	.083216	.000000
9.4279	.082544	.000000
9.44507	.081918	.000000
9.46231	.081341	.000000
9.47961	.080751	.000000
9.49697	.080136	.000000
9.51439	.079564	.000000
9.53188	.078993	.000000
9.54943	.078469	.000000
9.56705	.078011	.000000
9.58474	.077693	.000000
9.60249	.077500	.000000
9.62031	.077347	.000000
9.63819	.077298	.000000
9.65614	.077413	.000000
9.67415	.077602	.000000
9.69223	.077781	.000000
9.71038	.078042	.000000
9.7286	.078301	.000000
9.74688	.078515	.000000
9.76524	.078680	.000000
9.78366	.078823	.000000
9.80216	.078932	.000000
9.82072	.079121	.000000
9.83936	.079289	.000000
9.85806	.079420	.000000
9.87684	.079614	.000000
9.89569	.079866	.000000
9.91461	.080127	.000000
9.93361	.080360	.000000
9.95267	.080631	.000000
9.97181	.080844	.000000
9.99103	.080983	.000000
10.01032	.081150	.000000
10.02968	.081332	.000000
10.04912	.081573	.000000
10.06863	.081827	.000000
10.08822	.082129	.000000
10.10789	.082467	.000000
10.12763	.082808	.000000
10.14744	.083214	.000000
10.16734	.083671	.000000
10.18731	.084131	.000000
10.20737	.084611	.000000
10.2275	.085071	.000000
10.24771	.085578	.000000
10.268	.086163	.000000
10.28838	.086829	.000000
10.30884	.087533	.000000
10.32937	.088175	.000000
10.34999	.088863	.000000
10.37069	.089705	.000000
10.39147	.090563	.000000
10.41234	.091374	.000000
10.43329	.092259	.000000
10.45433	.093318	.000000
10.47545	.094562	.000000
10.49665	.095928	.000000
10.51795	.097315	.000000
10.53932	.098800	.000000
10.56079	.100322	.000000
10.58233	.101950	.000000
10.60397	.103716	.000000
10.6257	.105516	.000000
10.64752	.107403	.000000
10.66943	.109360	.000000
10.69143	.111254	.000000
10.71352	.113190	.000000
10.73571	.115200	.000000
10.75798	.117272	.000000
10.78034	.119416	.000000
10.8028	.121559	.000000
10.82536	.123713	.000000
10.848	.125963	.000000
10.87075	.128200	.000000
10.89359	.130413	.000000
10.91652	.132672	.000000
10.93955	.134979	.000000
10.96268	.137238	.000000
10.98591	.139402	.000000
11.00923	.141527	.000000
11.03266	.143618	.000000
11.05617	.145604	.000000
11.0798	.147475	.000000
11.10352	.149246	.000000
11.12735	.150885	.000000
11.15128	.152445	.000000
11.17531	.153842	.000000
11.19945	.155061	.000000
11.2237	.156041	.000000
11.24804	.156840	.000000
11.27249	.157483	.000000
11.29705	.157817	.000000
11.32172	.157753	.000000
11.34649	.157449	.000000
11.37138	.156906	.000000
11.39637	.156089	.000000
11.42148	.154977	.000000
11.44669	.153496	.000000
11.47201	.151755	.000000
11.49745	.149660	.000000
11.523	.147183	.000000
11.54866	.144401	.000000
11.57445	.141218	.000000
11.60034	.137738	.000000
11.62635	.134057	.000000
11.65248	.130073	.000000
11.67872	.125788	.000000
11.70508	.121173	.000000
11.73157	.116285	.000000
11.75816	.111253	.000000
11.78488	.106129	.000000
11.81173	.100901	.000000
11.8387	.095665	.000000
11.86579	.090484	.000000
11.893	.085296	.000000
11.92034	.080215	.000000
11.94781	.075259	.000000
11.97541	.070411	.000000
12.00313	.065766	.000000
12.03098	.061289	.000000
12.05896	.057012	.000000
12.08707	.052929	.000000
12.11531	.049159	.000000
12.14369	.045635	.000000
12.17219	.042324	.000000
12.20083	.039226	.000000
12.22961	.036256	.000000
12.25852	.033429	.000000
12.28757	.030700	.000000
12.31676	.028105	.000000
12.34607	.025739	.000000
12.37554	.023821	.000000
12.40515	.022599	.000000
12.43489	.022207	.000000
12.46479	.022613	.000000
12.49482	.023730	.000000
12.525	.025372	.000000
12.55533	.027192	.000000
12.58581	.029041	.000000
12.61643	.030879	.000000
12.6472	.032762	.000000
12.67813	.034589	.000000
12.7092	.036304	.000000
12.74043	.038122	.000000
12.77181	.040050	.000000
12.80335	.041909	.000000
12.83504	.043912	.000000
12.86689	.046077	.000000
12.8989	.048321	.000000
12.93106	.050453	.000000
12.96339	.052230	.000000
12.99587	.053629	.000000
13.02852	.054685	.000000
13.06134	.055540	.000000
13.09433	.056108	.000000
13.12748	.056539	.000000
13.16079	.056889	.000000
13.19428	.057103	.000000
13.22795	.057422	.000000
13.26178	.057797	.000000
13.29578	.058140	.000000
13.32996	.058421	.000000
13.36432	.058678	.000000
13.39885	.058851	.000000
13.43357	.058962	.000000
13.46846	.059053	.000000
13.50354	.059121	.000000
13.5388	.059112	.000000
13.57424	.059021	.000000
13.60987	.058951	.000000
13.64568	.058923	.000000
13.68169	.058857	.000000
13.71789	.058805	.000000
13.75428	.058717	.000000
13.79086	.058572	.000000
13.82763	.058385	.000000
13.86461	.058167	.000000
13.90178	.057911	.000000
13.93915	.057657	.000000
13.97671	.057475	.000000
14.01448	.057216	.000000
14.05246	.056907	.000000
14.09065	.056773	.000000
14.12904	.056417	.000000
14.16765	.055951	.000000
14.20646	.055538	.000000
14.2455	.055166	.000000
14.28474	.054800	.000000
14.3242	.054378	.000000
14.36388	.053969	.000000
14.40378	.053540	.000000
14.44391	.053089	.000000
14.48425	.052755	.000000
14.52483	.052251	.000000
14.56563	.051647	.000000
14.60666	.051072	.000000
14.64792	.050382	.000000
14.68942	.049621	.000000
14.73115	.048999	.000000
14.77312	.048377	.000000
14.81532	.047681	.000000
14.85777	.046900	.000000
14.90046	.046103	.000000
14.9434	.045206	.000000
14.98659	.044368	.000000
15.03003	.043533	.000000
15.07373	.042597	.000000
15.11768	.041543	.000000
15.16188	.040417	.000000
15.20635	.039223	.000000
15.25107	.038061	.000000
15.29606	.036930	.000000
15.34132	.035590	.000000
15.38684	.034172	.000000
15.43264	.032773	.000000
15.47871	.031306	.000000
15.52505	.029835	.000000
15.57168	.028514	.000000
15.61858	.027011	.000000
15.66577	.025481	.000000
15.71324	.024039	.000000
15.761	.022577	.000000
15.80905	.021103	.000000
15.85739	.019628	.000000
15.90604	.018590	.000000
15.95498	.017906	.000000
16.00422	.017414	.000000
16.05377	.017262	.000000
16.10363	.017525	.000000
16.1538	.018068	.000000
16.20429	.018765	.000000
16.25508	.019493	.000000
16.3062	.020193	.000000
16.35764	.021015	.000000
16.40941	.021780	.000000
16.4615	.022168	.000000
16.51391	.022407	.000000
16.56667	.022441	.000000
16.61977	.022325	.000000
16.67321	.022039	.000000
16.72699	.021728	.000000
16.78113	.021330	.000000
16.83561	.020915	.000000
16.89047	.020384	.000000
16.94567	.019741	.000000
17.00123	.018940	.000000
17.05716	.018174	.000000
17.11346	.017461	.000000
17.17012	.016662	.000000
17.22717	.016009	.000000
17.28459	.015346	.000000
17.34239	.014489	.000000
17.40059	.013609	.000000
17.45918	.012925	.000000
17.51816	.012501	.000000
17.57755	.011835	.000000
17.63734	.011034	.000000
17.69753	.010214	.000000
17.75814	.009572	.000000
17.81916	.009245	.000000
17.88061	.008700	.000000
17.94248	.008378	.000000
18.00478	.008712	.000000
18.06752	.009347	.000000
18.13069	.010498	.000000
18.19431	.012280	.000000
18.25837	.015336	.000000
18.3229	.020536	.000000
18.38788	.028116	.000000
18.45331	.037234	.000000
18.51922	.046080	.000000
18.5856	.053508	.000000
18.65245	.059907	.000000
18.71979	.065659	.000000
18.78759	.069946	.000000
18.85591	.072325	.000000
18.92473	.073072	.000000
18.99405	.072855	.000000
19.06388	.072843	.000000
19.13423	.073093	.000000
19.2051	.073860	.000000
19.27651	.075240	.000000
19.34844	.076780	.000000
19.4209	.078519	.000000
19.49392	.080653	.000000
19.56748	.083496	.000000
19.6416	.086281	.000000
19.71628	.088709	.000000
19.79152	.091042	.000000
19.86735	.093322	.000000
19.94376	.095577	.000000
20.02076	.097534	.000000
20.09836	.099595	.000000
20.17656	.101698	.000000
20.25538	.103900	.000000
20.33483	.106404	.000000
20.41489	.108688	.000000
20.49558	.110103	.000000
20.57691	.109805	.000000
20.65889	.108477	.000000
20.74153	.106938	.000000
20.82483	.105521	.000000
20.90878	.105180	.000000
20.99343	.105602	.000000
21.07877	.105807	.000000
21.16481	.105661	.000000
21.25155	.104976	.000000
21.339	.102774	.000000
21.42718	.099663	.000000
21.51611	.096721	.000000
21.60576	.093070	.000000
21.69616	.090103	.000000
21.78732	.087457	.000000
21.87925	.084640	.000000
21.97196	.081779	.000000
22.06546	.079246	.000000
22.15973	.077188	.000000
22.25484	.075638	.000000
22.35076	.074205	.000000
22.44752	.073679	.000000
22.54512	.074989	.000000
22.64357	.075475	.000000
22.74288	.075710	.000000
22.8431	.075427	.000000
22.94417	.073431	.000000
23.04615	.071628	.000000
23.14903	.071015	.000000
23.25284	.070098	.000000
23.35758	.070055	.000000
23.46327	.070539	.000000
23.5699	.069254	.000000
23.67752	.068371	.000000
23.78613	.068087	.000000
23.89575	.068002	.000000
24.00638	.067419	.000000
24.11803	.066890	.000000
24.23073	.068343	.000000
24.34452	.069345	.000000
24.45936	.070957	.000000
24.57528	.070207	.000000
24.6923	.067526	.000000
24.81045	.068956	.000000
24.92973	.065726	.000000
25.05016	.060297	.000000
