Brown University Keck/NASA Relab Spectrum AV-A1V-007/BKR1AV007
Wavelength(micron)	Reflectance	Standard Deviation
0.32	.541426	.004162
0.325	.584459	.004116
0.33	.618505	.004273
0.335	.656826	.004978
0.34	.683133	.004942
0.345	.709227	.005213
0.35	.731981	.005252
0.355	.753995	.005418
0.36	.771134	.005494
0.365	.787099	.005386
0.37	.796836	.005486
0.375	.809023	.005654
0.38	.818037	.005686
0.385	.829700	.005909
0.39	.838719	.006092
0.395	.851489	.006123
0.4	.858456	.006171
0.405	.866856	.006759
0.41	.869545	.006247
0.415	.873395	.005953
0.42	.875098	.005914
0.425	.879528	.005981
0.43	.880834	.006044
0.435	.883667	.006158
0.44	.883372	.005961
0.445	.888695	.005094
0.45	.890456	.005215
0.455	.894705	.005369
0.46	.898019	.005347
0.465	.901619	.005423
0.47	.904466	.005468
0.475	.908198	.005593
0.48	.909328	.005588
0.485	.913195	.005816
0.49	.913622	.005862
0.495	.917202	.006116
0.5	.917774	.006037
0.505	.920416	.006154
0.51	.921790	.006283
0.515	.923927	.006661
0.52	.925415	.006869
0.525	.927119	.007008
0.53	.927590	.006874
0.535	.929713	.006790
0.54	.931019	.006626
0.545	.932380	.006403
0.55	.933463	.006220
0.555	.935521	.006168
0.56	.936293	.006079
0.565	.937949	.006035
0.57	.938959	.006028
0.575	.940547	.006042
0.58	.941219	.006035
0.585	.942561	.006050
0.59	.943258	.005995
0.595	.944374	.005934
0.6	.944851	.005826
0.605	.945820	.005756
0.61	.946051	.005670
0.615	.946714	.005661
0.62	.946802	.005660
0.625	.947537	.005696
0.63	.947604	.005717
0.635	.948275	.005815
0.64	.948542	.005862
0.645	.949165	.005920
0.65	.949322	.005954
0.655	.950398	.006041
0.66	.949955	.006129
0.665	.951574	.006135
0.67	.950912	.005961
0.675	.952445	.005971
0.68	.951382	.005821
0.685	.953340	.005809
0.69	.952622	.005764
0.695	.954128	.005713
0.7	.953379	.005643
0.705	.955992	.005636
0.71	.955518	.005508
0.715	.957102	.005532
0.72	.956648	.005492
0.725	.958261	.005578
0.73	.957229	.005607
0.735	.958810	.005650
0.74	.958327	.005526
0.745	.959291	.005606
0.75	.959001	.005521
0.755	.960372	.005373
0.76	.959301	.005231
0.765	.960445	.005174
0.77	.960105	.004967
0.775	.960599	.004897
0.78	.959745	.005098
0.785	.961011	.005238
0.79	.960161	.005386
0.795	.961019	.005536
0.8	.960705	.005554
0.805	.962043	.005499
0.81	.961210	.005460
0.815	.961781	.005532
0.82	.960994	.005672
0.825	.962101	.005851
0.83	.961231	.005964
0.835	.962669	.006209
0.84	.961865	.006280
0.845	.963181	.006306
0.85	.962213	.006276
0.855	.963432	.006295
0.86	.962381	.007065
0.865	.962866	.006893
0.87	.963206	.006848
0.875	.962896	.006751
0.88	.962154	.006653
0.885	.963629	.006731
0.89	.962961	.006372
0.895	.962694	.006197
0.9	.962440	.006020
0.905	.963166	.005833
0.91	.962291	.005648
0.915	.962394	.005679
0.92	.962375	.005586
0.925	.962840	.005574
0.93	.962193	.005739
0.935	.962723	.005687
0.94	.962569	.005653
0.945	.962314	.005646
0.95	.962396	.005584
0.955	.962497	.005327
0.96	.961854	.005267
0.965	.961797	.005181
0.97	.961820	.005050
0.975	.961938	.007435
0.98	.961304	.009078
0.985	.961903	.008661
0.99	.961527	.008701
0.995	.962402	.008203
1	.960725	.005258
1.005	.960409	.005387
1.01	.960299	.005020
1.015	.960525	.005023
1.02	.960495	.004476
1.025	.960611	.004562
1.03	.960613	.004621
1.035	.960768	.004585
1.04	.960831	.004216
1.045	.961261	.004224
1.05	.961589	.004197
1.055	.961037	.004216
1.06	.961166	.004131
1.065	.961147	.004246
1.07	.961599	.004151
1.075	.961279	.004268
1.08	.961937	.004376
1.085	.961377	.004191
1.09	.963156	.004530
1.095	.963371	.004700
1.1	.962731	.004455
1.105	.962709	.004707
1.11	.963434	.004787
1.115	.963280	.004496
1.12	.964219	.004631
1.125	.964424	.004847
1.13	.964046	.004742
1.135	.964582	.004858
1.14	.963593	.004993
1.145	.963095	.005196
1.15	.963156	.005164
1.155	.963464	.005299
1.16	.963036	.005375
1.165	.962987	.005495
1.17	.963536	.004951
1.175	.963630	.004360
1.18	.964023	.004576
1.185	.964085	.004623
1.19	.963903	.005356
1.195	.963841	.006128
1.2	.964235	.006079
1.205	.964745	.005781
1.21	.964534	.005602
1.215	.964543	.005316
1.22	.964312	.005240
1.225	.964247	.005180
1.23	.963729	.005118
1.235	.963735	.005009
1.24	.964260	.004833
1.245	.964513	.004472
1.25	.964215	.004410
1.255	.964387	.004511
1.26	.964618	.004447
1.265	.964195	.004386
1.27	.964676	.004205
1.275	.964662	.004253
1.28	.965097	.004142
1.285	.965382	.004325
1.29	.965331	.004185
1.295	.964993	.004304
1.3	.965832	.004358
1.305	.965499	.004453
1.31	.965496	.004469
1.315	.965941	.004571
1.32	.966163	.004664
1.325	.966528	.004544
1.33	.965608	.004950
1.335	.965443	.004878
1.34	.965514	.004742
1.345	.965416	.004796
1.35	.964843	.004698
1.35008	.964788	.000000
1.35025	.964833	.000000
1.35043	.964783	.000000
1.3506	.964762	.000000
1.35078	.964874	.000000
1.35096	.964839	.000000
1.35113	.964753	.000000
1.35131	.964831	.000000
1.35149	.964945	.000000
1.35166	.965054	.000000
1.35184	.965200	.000000
1.35201	.965041	.000000
1.35219	.964932	.000000
1.35237	.964898	.000000
1.35254	.964723	.000000
1.35272	.964799	.000000
1.3529	.965026	.000000
1.35307	.965132	.000000
1.35325	.965119	.000000
1.35343	.965082	.000000
1.3536	.965069	.000000
1.35378	.964966	.000000
1.35396	.964960	.000000
1.35413	.965007	.000000
1.35431	.965005	.000000
1.35449	.964932	.000000
1.35466	.964915	.000000
1.35484	.964809	.000000
1.35502	.964867	.000000
1.35519	.965024	.000000
1.35537	.965089	.000000
1.35555	.965026	.000000
1.35573	.964900	.000000
1.3559	.964953	.000000
1.35608	.965114	.000000
1.35626	.965269	.000000
1.35644	.965115	.000000
1.35661	.964942	.000000
1.35679	.964902	.000000
1.35697	.964966	.000000
1.35715	.965050	.000000
1.35732	.965016	.000000
1.3575	.964953	.000000
1.35768	.964910	.000000
1.35786	.965018	.000000
1.35803	.965086	.000000
1.35821	.965072	.000000
1.35839	.965130	.000000
1.35857	.965106	.000000
1.35875	.965089	.000000
1.35892	.965087	.000000
1.3591	.965018	.000000
1.35928	.965067	.000000
1.35946	.965101	.000000
1.35964	.965046	.000000
1.35981	.965112	.000000
1.35999	.965213	.000000
1.36017	.965211	.000000
1.36035	.965228	.000000
1.36053	.965269	.000000
1.36071	.965170	.000000
1.36089	.965044	.000000
1.36106	.965078	.000000
1.36124	.965104	.000000
1.36142	.964998	.000000
1.3616	.964958	.000000
1.36178	.964999	.000000
1.36196	.965044	.000000
1.36214	.965065	.000000
1.36232	.964977	.000000
1.36249	.964973	.000000
1.36267	.965067	.000000
1.36285	.965084	.000000
1.36303	.965071	.000000
1.36321	.965044	.000000
1.36339	.965115	.000000
1.36357	.965155	.000000
1.36375	.965121	.000000
1.36393	.965087	.000000
1.36411	.964956	.000000
1.36429	.964917	.000000
1.36447	.964962	.000000
1.36465	.964874	.000000
1.36483	.964835	.000000
1.36501	.964844	.000000
1.36519	.964805	.000000
1.36536	.964700	.000000
1.36554	.964663	.000000
1.36572	.964624	.000000
1.3659	.964655	.000000
1.36608	.964612	.000000
1.36626	.964653	.000000
1.36644	.964682	.000000
1.36662	.964519	.000000
1.3668	.964461	.000000
1.36699	.964545	.000000
1.36717	.964537	.000000
1.36735	.964504	.000000
1.36753	.964595	.000000
1.36771	.964569	.000000
1.36789	.964558	.000000
1.36807	.964610	.000000
1.36825	.964526	.000000
1.36843	.964478	.000000
1.36861	.964631	.000000
1.36879	.964657	.000000
1.36897	.964508	.000000
1.36915	.964476	.000000
1.36933	.964493	.000000
1.36951	.964543	.000000
1.36969	.964659	.000000
1.36987	.964567	.000000
1.37006	.964534	.000000
1.37024	.964661	.000000
1.37042	.964704	.000000
1.3706	.964708	.000000
1.37078	.964614	.000000
1.37096	.964582	.000000
1.37114	.964721	.000000
1.37132	.964812	.000000
1.37151	.964910	.000000
1.37169	.964850	.000000
1.37187	.964629	.000000
1.37205	.964543	.000000
1.37223	.964683	.000000
1.37241	.964814	.000000
1.37259	.964754	.000000
1.37278	.964732	.000000
1.37296	.964732	.000000
1.37314	.964719	.000000
1.37332	.964749	.000000
1.3735	.964747	.000000
1.37369	.964807	.000000
1.37387	.964865	.000000
1.37405	.964898	.000000
1.37423	.964818	.000000
1.37441	.964803	.000000
1.3746	.964799	.000000
1.37478	.964777	.000000
1.37496	.964807	.000000
1.37514	.964852	.000000
1.37533	.964928	.000000
1.37551	.964996	.000000
1.37569	.964942	.000000
1.37587	.964908	.000000
1.37606	.964913	.000000
1.37624	.964779	.000000
1.37642	.964811	.000000
1.3766	.964975	.000000
1.37679	.965048	.000000
1.37697	.964979	.000000
1.37715	.964884	.000000
1.37733	.964827	.000000
1.37752	.964833	.000000
1.3777	.964833	.000000
1.37788	.964983	.000000
1.37807	.964975	.000000
1.37825	.964949	.000000
1.37843	.964968	.000000
1.37862	.965009	.000000
1.3788	.965082	.000000
1.37898	.965097	.000000
1.37917	.965082	.000000
1.37935	.964994	.000000
1.37953	.965024	.000000
1.37972	.965157	.000000
1.3799	.965132	.000000
1.38008	.965054	.000000
1.38027	.964990	.000000
1.38045	.965020	.000000
1.38064	.965237	.000000
1.38082	.965239	.000000
1.381	.965149	.000000
1.38119	.965179	.000000
1.38137	.965153	.000000
1.38155	.965166	.000000
1.38174	.965179	.000000
1.38192	.965202	.000000
1.38211	.965187	.000000
1.38229	.965164	.000000
1.38248	.965205	.000000
1.38266	.965226	.000000
1.38284	.965263	.000000
1.38303	.965392	.000000
1.38321	.965338	.000000
1.3834	.965117	.000000
1.38358	.965024	.000000
1.38377	.965084	.000000
1.38395	.965130	.000000
1.38414	.965188	.000000
1.38432	.965265	.000000
1.38451	.965332	.000000
1.38469	.965273	.000000
1.38488	.965173	.000000
1.38506	.965269	.000000
1.38525	.965396	.000000
1.38543	.965364	.000000
1.38562	.965402	.000000
1.3858	.965325	.000000
1.38599	.965230	.000000
1.38617	.965158	.000000
1.38636	.965187	.000000
1.38654	.965284	.000000
1.38673	.965179	.000000
1.38691	.965173	.000000
1.3871	.965288	.000000
1.38728	.965312	.000000
1.38747	.965259	.000000
1.38766	.965258	.000000
1.38784	.965299	.000000
1.38803	.965256	.000000
1.38821	.965299	.000000
1.3884	.965424	.000000
1.38859	.965392	.000000
1.38877	.965334	.000000
1.38896	.965340	.000000
1.38914	.965211	.000000
1.38933	.965226	.000000
1.38952	.965407	.000000
1.3897	.965284	.000000
1.38989	.965132	.000000
1.39007	.965228	.000000
1.39026	.965267	.000000
1.39045	.965239	.000000
1.39063	.965246	.000000
1.39082	.965282	.000000
1.39101	.965293	.000000
1.39119	.965216	.000000
1.39138	.965121	.000000
1.39157	.965104	.000000
1.39175	.965205	.000000
1.39194	.965273	.000000
1.39213	.965269	.000000
1.39231	.965246	.000000
1.3925	.965158	.000000
1.39269	.965192	.000000
1.39288	.965286	.000000
1.39306	.965331	.000000
1.39325	.965316	.000000
1.39344	.965274	.000000
1.39362	.965250	.000000
1.39381	.965327	.000000
1.394	.965293	.000000
1.39419	.965245	.000000
1.39437	.965297	.000000
1.39456	.965198	.000000
1.39475	.965123	.000000
1.39494	.965037	.000000
1.39512	.964996	.000000
1.39531	.965095	.000000
1.3955	.965031	.000000
1.39569	.965063	.000000
1.39588	.965181	.000000
1.39606	.965127	.000000
1.39625	.964973	.000000
1.39644	.964947	.000000
1.39663	.965026	.000000
1.39682	.965039	.000000
1.397	.965043	.000000
1.39719	.965173	.000000
1.39738	.965115	.000000
1.39757	.965022	.000000
1.39776	.965011	.000000
1.39794	.964998	.000000
1.39813	.964923	.000000
1.39832	.964906	.000000
1.39851	.965033	.000000
1.3987	.965086	.000000
1.39889	.965080	.000000
1.39908	.965057	.000000
1.39927	.965067	.000000
1.39945	.964977	.000000
1.39964	.964958	.000000
1.39983	.965093	.000000
1.40002	.965166	.000000
1.40021	.965112	.000000
1.4004	.965071	.000000
1.40059	.965014	.000000
1.40078	.965013	.000000
1.40097	.965016	.000000
1.40116	.965005	.000000
1.40135	.964992	.000000
1.40154	.964925	.000000
1.40172	.964820	.000000
1.40191	.964663	.000000
1.4021	.964698	.000000
1.40229	.964809	.000000
1.40248	.964854	.000000
1.40267	.964803	.000000
1.40286	.964683	.000000
1.40305	.964653	.000000
1.40324	.964790	.000000
1.40343	.964835	.000000
1.40362	.964713	.000000
1.40381	.964633	.000000
1.404	.964779	.000000
1.40419	.964754	.000000
1.40438	.964605	.000000
1.40457	.964584	.000000
1.40476	.964646	.000000
1.40495	.964607	.000000
1.40514	.964612	.000000
1.40533	.964721	.000000
1.40552	.964659	.000000
1.40571	.964586	.000000
1.40591	.964622	.000000
1.4061	.964625	.000000
1.40629	.964524	.000000
1.40648	.964537	.000000
1.40667	.964599	.000000
1.40686	.964566	.000000
1.40705	.964571	.000000
1.40724	.964567	.000000
1.40743	.964603	.000000
1.40762	.964566	.000000
1.40781	.964569	.000000
1.40801	.964537	.000000
1.4082	.964498	.000000
1.40839	.964465	.000000
1.40858	.964500	.000000
1.40877	.964466	.000000
1.40896	.964455	.000000
1.40915	.964530	.000000
1.40934	.964577	.000000
1.40954	.964601	.000000
1.40973	.964655	.000000
1.40992	.964635	.000000
1.41011	.964444	.000000
1.4103	.964356	.000000
1.41049	.964446	.000000
1.41069	.964474	.000000
1.41088	.964478	.000000
1.41107	.964500	.000000
1.41126	.964487	.000000
1.41145	.964466	.000000
1.41165	.964378	.000000
1.41184	.964326	.000000
1.41203	.964356	.000000
1.41222	.964468	.000000
1.41242	.964463	.000000
1.41261	.964422	.000000
1.4128	.964459	.000000
1.41299	.964483	.000000
1.41319	.964455	.000000
1.41338	.964506	.000000
1.41357	.964577	.000000
1.41376	.964489	.000000
1.41396	.964392	.000000
1.41415	.964386	.000000
1.41434	.964341	.000000
1.41454	.964493	.000000
1.41473	.964624	.000000
1.41492	.964571	.000000
1.41511	.964504	.000000
1.41531	.964498	.000000
1.4155	.964474	.000000
1.41569	.964588	.000000
1.41589	.964547	.000000
1.41608	.964423	.000000
1.41627	.964395	.000000
1.41647	.964367	.000000
1.41666	.964356	.000000
1.41685	.964386	.000000
1.41705	.964493	.000000
1.41724	.964620	.000000
1.41744	.964601	.000000
1.41763	.964560	.000000
1.41782	.964657	.000000
1.41802	.964683	.000000
1.41821	.964650	.000000
1.41841	.964650	.000000
1.4186	.964624	.000000
1.41879	.964667	.000000
1.41899	.964743	.000000
1.41918	.964726	.000000
1.41938	.964700	.000000
1.41957	.964633	.000000
1.41976	.964547	.000000
1.41996	.964526	.000000
1.42015	.964560	.000000
1.42035	.964749	.000000
1.42054	.964794	.000000
1.42074	.964771	.000000
1.42093	.964725	.000000
1.42113	.964801	.000000
1.42132	.964842	.000000
1.42152	.964781	.000000
1.42171	.964768	.000000
1.42191	.964835	.000000
1.4221	.964867	.000000
1.4223	.964874	.000000
1.42249	.964870	.000000
1.42269	.964919	.000000
1.42288	.964932	.000000
1.42308	.964968	.000000
1.42327	.964925	.000000
1.42347	.964857	.000000
1.42366	.964927	.000000
1.42386	.964966	.000000
1.42405	.964977	.000000
1.42425	.964988	.000000
1.42445	.965016	.000000
1.42464	.965031	.000000
1.42484	.964912	.000000
1.42503	.964889	.000000
1.42523	.964902	.000000
1.42542	.964938	.000000
1.42562	.965067	.000000
1.42582	.965095	.000000
1.42601	.965057	.000000
1.42621	.965071	.000000
1.4264	.965084	.000000
1.4266	.965086	.000000
1.4268	.965134	.000000
1.42699	.965145	.000000
1.42719	.965144	.000000
1.42739	.965153	.000000
1.42758	.965243	.000000
1.42778	.965346	.000000
1.42798	.965392	.000000
1.42817	.965273	.000000
1.42837	.965269	.000000
1.42857	.965304	.000000
1.42876	.965346	.000000
1.42896	.965344	.000000
1.42916	.965372	.000000
1.42935	.965478	.000000
1.42955	.965448	.000000
1.42975	.965342	.000000
1.42995	.965248	.000000
1.43014	.965286	.000000
1.43034	.965428	.000000
1.43054	.965475	.000000
1.43073	.965482	.000000
1.43093	.965433	.000000
1.43113	.965456	.000000
1.43133	.965482	.000000
1.43152	.965448	.000000
1.43172	.965450	.000000
1.43192	.965480	.000000
1.43212	.965512	.000000
1.43232	.965536	.000000
1.43251	.965630	.000000
1.43271	.965750	.000000
1.43291	.965779	.000000
1.43311	.965763	.000000
1.43331	.965789	.000000
1.4335	.965744	.000000
1.4337	.965630	.000000
1.4339	.965583	.000000
1.4341	.965577	.000000
1.4343	.965649	.000000
1.4345	.965714	.000000
1.43469	.965703	.000000
1.43489	.965589	.000000
1.43509	.965697	.000000
1.43529	.965802	.000000
1.43549	.965686	.000000
1.43569	.965641	.000000
1.43589	.965772	.000000
1.43608	.965856	.000000
1.43628	.965937	.000000
1.43648	.965929	.000000
1.43668	.965886	.000000
1.43688	.965869	.000000
1.43708	.965886	.000000
1.43728	.965875	.000000
1.43748	.965875	.000000
1.43768	.965768	.000000
1.43788	.965766	.000000
1.43808	.965963	.000000
1.43828	.966041	.000000
1.43847	.966081	.000000
1.43867	.966193	.000000
1.43887	.966034	.000000
1.43907	.965888	.000000
1.43927	.965985	.000000
1.43947	.966083	.000000
1.43967	.966129	.000000
1.43987	.966083	.000000
1.44007	.965961	.000000
1.44027	.966045	.000000
1.44047	.966088	.000000
1.44067	.966097	.000000
1.44087	.966122	.000000
1.44107	.966170	.000000
1.44127	.966122	.000000
1.44147	.966025	.000000
1.44167	.966066	.000000
1.44188	.966219	.000000
1.44208	.966266	.000000
1.44228	.966275	.000000
1.44248	.966277	.000000
1.44268	.966253	.000000
1.44288	.966260	.000000
1.44308	.966328	.000000
1.44328	.966339	.000000
1.44348	.966275	.000000
1.44368	.966305	.000000
1.44388	.966348	.000000
1.44408	.966356	.000000
1.44429	.966331	.000000
1.44449	.966275	.000000
1.44469	.966356	.000000
1.44489	.966427	.000000
1.44509	.966386	.000000
1.44529	.966367	.000000
1.44549	.966357	.000000
1.44569	.966389	.000000
1.4459	.966487	.000000
1.4461	.966404	.000000
1.4463	.966376	.000000
1.4465	.966550	.000000
1.4467	.966569	.000000
1.4469	.966522	.000000
1.44711	.966546	.000000
1.44731	.966636	.000000
1.44751	.966649	.000000
1.44771	.966546	.000000
1.44792	.966399	.000000
1.44812	.966410	.000000
1.44832	.966567	.000000
1.44852	.966576	.000000
1.44872	.966457	.000000
1.44893	.966533	.000000
1.44913	.966672	.000000
1.44933	.966662	.000000
1.44953	.966537	.000000
1.44974	.966477	.000000
1.44994	.966636	.000000
1.45014	.966771	.000000
1.45035	.966735	.000000
1.45055	.966604	.000000
1.45075	.966468	.000000
1.45095	.966543	.000000
1.45116	.966694	.000000
1.45136	.966776	.000000
1.45156	.966726	.000000
1.45177	.966733	.000000
1.45197	.966819	.000000
1.45217	.966724	.000000
1.45238	.966775	.000000
1.45258	.966864	.000000
1.45278	.966763	.000000
1.45299	.966614	.000000
1.45319	.966612	.000000
1.45339	.966784	.000000
1.4536	.966919	.000000
1.4538	.966879	.000000
1.45401	.966771	.000000
1.45421	.966866	.000000
1.45441	.966973	.000000
1.45462	.966980	.000000
1.45482	.966892	.000000
1.45503	.966853	.000000
1.45523	.966848	.000000
1.45543	.966732	.000000
1.45564	.966713	.000000
1.45584	.966784	.000000
1.45605	.966797	.000000
1.45625	.966702	.000000
1.45646	.966728	.000000
1.45666	.966767	.000000
1.45687	.966838	.000000
1.45707	.966977	.000000
1.45728	.966975	.000000
1.45748	.966885	.000000
1.45768	.966840	.000000
1.45789	.966868	.000000
1.45809	.966821	.000000
1.4583	.966848	.000000
1.45851	.966947	.000000
1.45871	.966945	.000000
1.45892	.966883	.000000
1.45912	.966913	.000000
1.45933	.966988	.000000
1.45953	.966952	.000000
1.45974	.966894	.000000
1.45994	.966909	.000000
1.46015	.966941	.000000
1.46035	.967035	.000000
1.46056	.967057	.000000
1.46076	.966911	.000000
1.46097	.966904	.000000
1.46118	.966945	.000000
1.46138	.966917	.000000
1.46159	.966864	.000000
1.46179	.966896	.000000
1.462	.967014	.000000
1.46221	.967123	.000000
1.46241	.967085	.000000
1.46262	.966986	.000000
1.46283	.966907	.000000
1.46303	.966900	.000000
1.46324	.966934	.000000
1.46345	.966949	.000000
1.46365	.966956	.000000
1.46386	.966988	.000000
1.46406	.967023	.000000
1.46427	.966964	.000000
1.46448	.966874	.000000
1.46469	.966949	.000000
1.46489	.967012	.000000
1.4651	.966999	.000000
1.46531	.967040	.000000
1.46551	.966980	.000000
1.46572	.967055	.000000
1.46593	.967147	.000000
1.46613	.967164	.000000
1.46634	.967098	.000000
1.46655	.967137	.000000
1.46676	.967186	.000000
1.46696	.967108	.000000
1.46717	.967128	.000000
1.46738	.967053	.000000
1.46759	.967111	.000000
1.4678	.967186	.000000
1.468	.967137	.000000
1.46821	.967222	.000000
1.46842	.967300	.000000
1.46863	.967354	.000000
1.46883	.967373	.000000
1.46904	.967364	.000000
1.46925	.967377	.000000
1.46946	.967435	.000000
1.46967	.967360	.000000
1.46988	.967259	.000000
1.47008	.967207	.000000
1.47029	.967302	.000000
1.4705	.967433	.000000
1.47071	.967485	.000000
1.47092	.967396	.000000
1.47113	.967356	.000000
1.47134	.967386	.000000
1.47154	.967371	.000000
1.47175	.967420	.000000
1.47196	.967411	.000000
1.47217	.967321	.000000
1.47238	.967336	.000000
1.47259	.967373	.000000
1.4728	.967390	.000000
1.47301	.967429	.000000
1.47322	.967435	.000000
1.47343	.967364	.000000
1.47364	.967319	.000000
1.47385	.967263	.000000
1.47405	.967278	.000000
1.47426	.967426	.000000
1.47447	.967353	.000000
1.47468	.967356	.000000
1.47489	.967530	.000000
1.4751	.967568	.000000
1.47531	.967504	.000000
1.47552	.967513	.000000
1.47573	.967491	.000000
1.47594	.967508	.000000
1.47615	.967512	.000000
1.47636	.967543	.000000
1.47657	.967547	.000000
1.47678	.967513	.000000
1.47699	.967484	.000000
1.4772	.967536	.000000
1.47741	.967598	.000000
1.47763	.967657	.000000
1.47784	.967618	.000000
1.47805	.967530	.000000
1.47826	.967590	.000000
1.47847	.967609	.000000
1.47868	.967581	.000000
1.47889	.967652	.000000
1.4791	.967657	.000000
1.47931	.967710	.000000
1.47952	.967813	.000000
1.47973	.967757	.000000
1.47995	.967755	.000000
1.48016	.967820	.000000
1.48037	.967657	.000000
1.48058	.967579	.000000
1.48079	.967717	.000000
1.481	.967839	.000000
1.48121	.967873	.000000
1.48143	.967852	.000000
1.48164	.967805	.000000
1.48185	.967779	.000000
1.48206	.967785	.000000
1.48227	.967880	.000000
1.48248	.967998	.000000
1.4827	.967934	.000000
1.48291	.967873	.000000
1.48312	.967880	.000000
1.48333	.967800	.000000
1.48354	.967762	.000000
1.48376	.967783	.000000
1.48397	.967715	.000000
1.48418	.967744	.000000
1.48439	.967831	.000000
1.48461	.967762	.000000
1.48482	.967648	.000000
1.48503	.967732	.000000
1.48524	.967865	.000000
1.48546	.968069	.000000
1.48567	.968177	.000000
1.48588	.968080	.000000
1.4861	.968039	.000000
1.48631	.967977	.000000
1.48652	.967989	.000000
1.48674	.967968	.000000
1.48695	.967989	.000000
1.48716	.967964	.000000
1.48737	.967942	.000000
1.48759	.967921	.000000
1.4878	.967925	.000000
1.48802	.967916	.000000
1.48823	.967940	.000000
1.48844	.968007	.000000
1.48866	.968002	.000000
1.48887	.967916	.000000
1.48908	.967955	.000000
1.4893	.968039	.000000
1.48951	.968026	.000000
1.48973	.968007	.000000
1.48994	.968032	.000000
1.49015	.967947	.000000
1.49037	.967906	.000000
1.49058	.968041	.000000
1.4908	.968140	.000000
1.49101	.968125	.000000
1.49122	.968120	.000000
1.49144	.968067	.000000
1.49165	.968082	.000000
1.49187	.968161	.000000
1.49208	.968204	.000000
1.4923	.968247	.000000
1.49251	.968264	.000000
1.49273	.968134	.000000
1.49294	.968091	.000000
1.49316	.968239	.000000
1.49337	.968194	.000000
1.49359	.968076	.000000
1.4938	.968134	.000000
1.49402	.968273	.000000
1.49423	.968322	.000000
1.49445	.968271	.000000
1.49466	.968310	.000000
1.49488	.968400	.000000
1.49509	.968368	.000000
1.49531	.968275	.000000
1.49553	.968267	.000000
1.49574	.968183	.000000
1.49596	.968163	.000000
1.49617	.968264	.000000
1.49639	.968277	.000000
1.49661	.968217	.000000
1.49682	.968318	.000000
1.49704	.968374	.000000
1.49725	.968383	.000000
1.49747	.968372	.000000
1.49769	.968406	.000000
1.4979	.968458	.000000
1.49812	.968368	.000000
1.49834	.968312	.000000
1.49855	.968394	.000000
1.49877	.968475	.000000
1.49899	.968421	.000000
1.4992	.968325	.000000
1.49942	.968387	.000000
1.49964	.968419	.000000
1.49985	.968318	.000000
1.50007	.968335	.000000
1.50029	.968355	.000000
1.5005	.968436	.000000
1.50072	.968567	.000000
1.50094	.968544	.000000
1.50116	.968426	.000000
1.50137	.968445	.000000
1.50159	.968441	.000000
1.50181	.968400	.000000
1.50203	.968402	.000000
1.50224	.968452	.000000
1.50246	.968550	.000000
1.50268	.968628	.000000
1.5029	.968654	.000000
1.50311	.968589	.000000
1.50333	.968447	.000000
1.50355	.968451	.000000
1.50377	.968501	.000000
1.50399	.968587	.000000
1.5042	.968585	.000000
1.50442	.968548	.000000
1.50464	.968638	.000000
1.50486	.968696	.000000
1.50508	.968613	.000000
1.5053	.968495	.000000
1.50551	.968505	.000000
1.50573	.968699	.000000
1.50595	.968772	.000000
1.50617	.968690	.000000
1.50639	.968692	.000000
1.50661	.968645	.000000
1.50683	.968550	.000000
1.50705	.968490	.000000
1.50726	.968452	.000000
1.50748	.968636	.000000
1.5077	.968727	.000000
1.50792	.968656	.000000
1.50814	.968656	.000000
1.50836	.968774	.000000
1.50858	.968793	.000000
1.5088	.968640	.000000
1.50902	.968510	.000000
1.50924	.968555	.000000
1.50946	.968664	.000000
1.50968	.968802	.000000
1.5099	.968858	.000000
1.51012	.968842	.000000
1.51034	.968870	.000000
1.51056	.968836	.000000
1.51078	.968785	.000000
1.511	.968810	.000000
1.51122	.968886	.000000
1.51144	.968928	.000000
1.51166	.968812	.000000
1.51188	.968733	.000000
1.5121	.968830	.000000
1.51232	.968984	.000000
1.51254	.968967	.000000
1.51276	.968875	.000000
1.51298	.968900	.000000
1.5132	.968898	.000000
1.51342	.968853	.000000
1.51365	.968827	.000000
1.51387	.968782	.000000
1.51409	.968892	.000000
1.51431	.968929	.000000
1.51453	.968946	.000000
1.51475	.969023	.000000
1.51497	.968914	.000000
1.51519	.968851	.000000
1.51541	.968817	.000000
1.51564	.968823	.000000
1.51586	.968933	.000000
1.51608	.969040	.000000
1.5163	.969038	.000000
1.51652	.969057	.000000
1.51674	.969081	.000000
1.51697	.969015	.000000
1.51719	.968974	.000000
1.51741	.968972	.000000
1.51763	.968957	.000000
1.51785	.969072	.000000
1.51808	.969062	.000000
1.5183	.969040	.000000
1.51852	.969094	.000000
1.51874	.969019	.000000
1.51897	.968946	.000000
1.51919	.968948	.000000
1.51941	.968943	.000000
1.51963	.969010	.000000
1.51986	.969015	.000000
1.52008	.968995	.000000
1.5203	.969131	.000000
1.52053	.969169	.000000
1.52075	.969068	.000000
1.52097	.969044	.000000
1.52119	.968957	.000000
1.52142	.969001	.000000
1.52164	.969075	.000000
1.52186	.969047	.000000
1.52209	.969036	.000000
1.52231	.969176	.000000
1.52254	.969247	.000000
1.52276	.969219	.000000
1.52298	.969148	.000000
1.52321	.969055	.000000
1.52343	.969131	.000000
1.52365	.969247	.000000
1.52388	.969214	.000000
1.5241	.969223	.000000
1.52433	.969203	.000000
1.52455	.969137	.000000
1.52477	.969098	.000000
1.525	.969090	.000000
1.52522	.969188	.000000
1.52545	.969137	.000000
1.52567	.969064	.000000
1.5259	.969064	.000000
1.52612	.969047	.000000
1.52634	.969115	.000000
1.52657	.969318	.000000
1.52679	.969285	.000000
1.52702	.969173	.000000
1.52724	.969171	.000000
1.52747	.969163	.000000
1.52769	.969131	.000000
1.52792	.969264	.000000
1.52814	.969305	.000000
1.52837	.969201	.000000
1.52859	.969197	.000000
1.52882	.969210	.000000
1.52905	.969231	.000000
1.52927	.969246	.000000
1.5295	.969253	.000000
1.52972	.969231	.000000
1.52995	.969204	.000000
1.53017	.969206	.000000
1.5304	.969255	.000000
1.53063	.969350	.000000
1.53085	.969365	.000000
1.53108	.969350	.000000
1.5313	.969283	.000000
1.53153	.969285	.000000
1.53176	.969356	.000000
1.53198	.969318	.000000
1.53221	.969328	.000000
1.53244	.969393	.000000
1.53266	.969367	.000000
1.53289	.969382	.000000
1.53311	.969434	.000000
1.53334	.969384	.000000
1.53357	.969324	.000000
1.5338	.969369	.000000
1.53402	.969489	.000000
1.53425	.969433	.000000
1.53448	.969390	.000000
1.5347	.969528	.000000
1.53493	.969537	.000000
1.53516	.969391	.000000
1.53538	.969378	.000000
1.53561	.969335	.000000
1.53584	.969292	.000000
1.53607	.969386	.000000
1.53629	.969451	.000000
1.53652	.969509	.000000
1.53675	.969534	.000000
1.53698	.969431	.000000
1.53721	.969468	.000000
1.53743	.969513	.000000
1.53766	.969451	.000000
1.53789	.969386	.000000
1.53812	.969438	.000000
1.53835	.969489	.000000
1.53857	.969455	.000000
1.5388	.969412	.000000
1.53903	.969425	.000000
1.53926	.969455	.000000
1.53949	.969463	.000000
1.53972	.969524	.000000
1.53994	.969519	.000000
1.54017	.969528	.000000
1.5404	.969580	.000000
1.54063	.969554	.000000
1.54086	.969492	.000000
1.54109	.969569	.000000
1.54132	.969676	.000000
1.54155	.969580	.000000
1.54178	.969590	.000000
1.54201	.969681	.000000
1.54224	.969642	.000000
1.54246	.969552	.000000
1.54269	.969539	.000000
1.54292	.969580	.000000
1.54315	.969642	.000000
1.54338	.969681	.000000
1.54361	.969635	.000000
1.54384	.969599	.000000
1.54407	.969629	.000000
1.5443	.969644	.000000
1.54453	.969726	.000000
1.54476	.969786	.000000
1.54499	.969737	.000000
1.54522	.969670	.000000
1.54545	.969584	.000000
1.54568	.969567	.000000
1.54591	.969590	.000000
1.54614	.969515	.000000
1.54638	.969550	.000000
1.54661	.969655	.000000
1.54684	.969603	.000000
1.54707	.969595	.000000
1.5473	.969601	.000000
1.54753	.969657	.000000
1.54776	.969635	.000000
1.54799	.969556	.000000
1.54822	.969618	.000000
1.54845	.969743	.000000
1.54868	.969747	.000000
1.54892	.969717	.000000
1.54915	.969636	.000000
1.54938	.969629	.000000
1.54961	.969608	.000000
1.54984	.969562	.000000
1.55007	.969532	.000000
1.55031	.969564	.000000
1.55054	.969657	.000000
1.55077	.969764	.000000
1.551	.969771	.000000
1.55123	.969715	.000000
1.55146	.969665	.000000
1.5517	.969674	.000000
1.55193	.969698	.000000
1.55216	.969666	.000000
1.55239	.969597	.000000
1.55263	.969631	.000000
1.55286	.969737	.000000
1.55309	.969820	.000000
1.55332	.969805	.000000
1.55356	.969680	.000000
1.55379	.969640	.000000
1.55402	.969687	.000000
1.55426	.969741	.000000
1.55449	.969794	.000000
1.55472	.969788	.000000
1.55495	.969779	.000000
1.55519	.969760	.000000
1.55542	.969736	.000000
1.55565	.969715	.000000
1.55589	.969743	.000000
1.55612	.969751	.000000
1.55636	.969771	.000000
1.55659	.969809	.000000
1.55682	.969861	.000000
1.55706	.969865	.000000
1.55729	.969790	.000000
1.55752	.969745	.000000
1.55776	.969760	.000000
1.55799	.969818	.000000
1.55823	.969872	.000000
1.55846	.969838	.000000
1.55869	.969794	.000000
1.55893	.969799	.000000
1.55916	.969846	.000000
1.5594	.969771	.000000
1.55963	.969818	.000000
1.55987	.969840	.000000
1.5601	.969868	.000000
1.56034	.969902	.000000
1.56057	.969932	.000000
1.56081	.969883	.000000
1.56104	.969790	.000000
1.56128	.969855	.000000
1.56151	.969979	.000000
1.56175	.970020	.000000
1.56198	.969943	.000000
1.56222	.969857	.000000
1.56245	.969797	.000000
1.56269	.969814	.000000
1.56292	.969820	.000000
1.56316	.969833	.000000
1.56339	.969868	.000000
1.56363	.969913	.000000
1.56387	.969913	.000000
1.5641	.969940	.000000
1.56434	.970041	.000000
1.56457	.970095	.000000
1.56481	.970054	.000000
1.56505	.969969	.000000
1.56528	.969895	.000000
1.56552	.969954	.000000
1.56576	.970018	.000000
1.56599	.970027	.000000
1.56623	.970024	.000000
1.56646	.969954	.000000
1.5667	.969891	.000000
1.56694	.969975	.000000
1.56717	.969966	.000000
1.56741	.969936	.000000
1.56765	.970003	.000000
1.56789	.970041	.000000
1.56812	.969994	.000000
1.56836	.970016	.000000
1.5686	.970041	.000000
1.56883	.970026	.000000
1.56907	.970005	.000000
1.56931	.970024	.000000
1.56955	.970052	.000000
1.56978	.970089	.000000
1.57002	.970046	.000000
1.57026	.969999	.000000
1.5705	.970042	.000000
1.57074	.970048	.000000
1.57097	.969968	.000000
1.57121	.969930	.000000
1.57145	.969973	.000000
1.57169	.970024	.000000
1.57193	.970072	.000000
1.57216	.970132	.000000
1.5724	.970082	.000000
1.57264	.969936	.000000
1.57288	.969992	.000000
1.57312	.970164	.000000
1.57336	.970214	.000000
1.5736	.970222	.000000
1.57383	.970218	.000000
1.57407	.970084	.000000
1.57431	.970003	.000000
1.57455	.970048	.000000
1.57479	.970084	.000000
1.57503	.970065	.000000
1.57527	.970117	.000000
1.57551	.970138	.000000
1.57575	.970069	.000000
1.57599	.970059	.000000
1.57623	.970115	.000000
1.57647	.970222	.000000
1.57671	.970149	.000000
1.57695	.969994	.000000
1.57719	.970069	.000000
1.57743	.970177	.000000
1.57767	.970231	.000000
1.57791	.970256	.000000
1.57815	.970211	.000000
1.57839	.970216	.000000
1.57863	.970201	.000000
1.57887	.970100	.000000
1.57911	.970080	.000000
1.57935	.970162	.000000
1.57959	.970156	.000000
1.57983	.970271	.000000
1.58007	.970349	.000000
1.58031	.970330	.000000
1.58055	.970276	.000000
1.58079	.970186	.000000
1.58103	.970127	.000000
1.58127	.970138	.000000
1.58152	.970149	.000000
1.58176	.970151	.000000
1.582	.970213	.000000
1.58224	.970222	.000000
1.58248	.970138	.000000
1.58272	.970100	.000000
1.58296	.970123	.000000
1.58321	.970125	.000000
1.58345	.970130	.000000
1.58369	.970160	.000000
1.58393	.970233	.000000
1.58417	.970205	.000000
1.58442	.970192	.000000
1.58466	.970233	.000000
1.5849	.970164	.000000
1.58514	.970098	.000000
1.58538	.970228	.000000
1.58563	.970306	.000000
1.58587	.970235	.000000
1.58611	.970188	.000000
1.58635	.970295	.000000
1.5866	.970261	.000000
1.58684	.970287	.000000
1.58708	.970299	.000000
1.58733	.970271	.000000
1.58757	.970308	.000000
1.58781	.970203	.000000
1.58806	.970160	.000000
1.5883	.970237	.000000
1.58854	.970304	.000000
1.58879	.970403	.000000
1.58903	.970402	.000000
1.58927	.970347	.000000
1.58952	.970256	.000000
1.58976	.970194	.000000
1.59	.970229	.000000
1.59025	.970214	.000000
1.59049	.970194	.000000
1.59074	.970259	.000000
1.59098	.970256	.000000
1.59122	.970308	.000000
1.59147	.970308	.000000
1.59171	.970282	.000000
1.59196	.970237	.000000
1.5922	.970263	.000000
1.59244	.970301	.000000
1.59269	.970366	.000000
1.59293	.970454	.000000
1.59318	.970400	.000000
1.59342	.970347	.000000
1.59367	.970407	.000000
1.59391	.970353	.000000
1.59416	.970287	.000000
1.5944	.970306	.000000
1.59465	.970349	.000000
1.59489	.970437	.000000
1.59514	.970366	.000000
1.59539	.970323	.000000
1.59563	.970405	.000000
1.59588	.970489	.000000
1.59612	.970488	.000000
1.59637	.970387	.000000
1.59661	.970362	.000000
1.59686	.970394	.000000
1.59711	.970400	.000000
1.59735	.970357	.000000
1.5976	.970407	.000000
1.59784	.970456	.000000
1.59809	.970484	.000000
1.59834	.970416	.000000
1.59858	.970383	.000000
1.59883	.970381	.000000
1.59908	.970358	.000000
1.59932	.970375	.000000
1.59957	.970413	.000000
1.59982	.970388	.000000
1.60006	.970381	.000000
1.60031	.970407	.000000
1.60056	.970415	.000000
1.6008	.970379	.000000
1.60105	.970418	.000000
1.6013	.970480	.000000
1.60155	.970503	.000000
1.60179	.970437	.000000
1.60204	.970415	.000000
1.60229	.970400	.000000
1.60254	.970403	.000000
1.60278	.970415	.000000
1.60303	.970402	.000000
1.60328	.970426	.000000
1.60353	.970465	.000000
1.60377	.970503	.000000
1.60402	.970523	.000000
1.60427	.970503	.000000
1.60452	.970484	.000000
1.60477	.970501	.000000
1.60502	.970499	.000000
1.60526	.970585	.000000
1.60551	.970647	.000000
1.60576	.970562	.000000
1.60601	.970486	.000000
1.60626	.970491	.000000
1.60651	.970506	.000000
1.60676	.970488	.000000
1.60701	.970532	.000000
1.60725	.970549	.000000
1.6075	.970482	.000000
1.60775	.970484	.000000
1.608	.970575	.000000
1.60825	.970583	.000000
1.6085	.970504	.000000
1.60875	.970439	.000000
1.609	.970474	.000000
1.60925	.970516	.000000
1.6095	.970532	.000000
1.60975	.970534	.000000
1.61	.970536	.000000
1.61025	.970594	.000000
1.6105	.970594	.000000
1.61075	.970643	.000000
1.611	.970647	.000000
1.61125	.970590	.000000
1.6115	.970624	.000000
1.61175	.970605	.000000
1.612	.970604	.000000
1.61225	.970574	.000000
1.6125	.970504	.000000
1.61275	.970525	.000000
1.613	.970577	.000000
1.61326	.970669	.000000
1.61351	.970736	.000000
1.61376	.970779	.000000
1.61401	.970774	.000000
1.61426	.970695	.000000
1.61451	.970686	.000000
1.61476	.970684	.000000
1.61501	.970624	.000000
1.61527	.970570	.000000
1.61552	.970572	.000000
1.61577	.970600	.000000
1.61602	.970615	.000000
1.61627	.970706	.000000
1.61652	.970693	.000000
1.61678	.970697	.000000
1.61703	.970809	.000000
1.61728	.970714	.000000
1.61753	.970665	.000000
1.61779	.970837	.000000
1.61804	.970854	.000000
1.61829	.970764	.000000
1.61854	.970714	.000000
1.6188	.970671	.000000
1.61905	.970682	.000000
1.6193	.970738	.000000
1.61955	.970776	.000000
1.61981	.970746	.000000
1.62006	.970748	.000000
1.62031	.970776	.000000
1.62057	.970708	.000000
1.62082	.970647	.000000
1.62107	.970673	.000000
1.62133	.970708	.000000
1.62158	.970794	.000000
1.62183	.970764	.000000
1.62209	.970753	.000000
1.62234	.970746	.000000
1.6226	.970779	.000000
1.62285	.970772	.000000
1.6231	.970680	.000000
1.62336	.970695	.000000
1.62361	.970800	.000000
1.62387	.970798	.000000
1.62412	.970850	.000000
1.62438	.970813	.000000
1.62463	.970690	.000000
1.62488	.970682	.000000
1.62514	.970710	.000000
1.62539	.970695	.000000
1.62565	.970753	.000000
1.6259	.970821	.000000
1.62616	.970770	.000000
1.62641	.970781	.000000
1.62667	.970794	.000000
1.62692	.970792	.000000
1.62718	.970794	.000000
1.62743	.970757	.000000
1.62769	.970669	.000000
1.62795	.970731	.000000
1.6282	.970860	.000000
1.62846	.970914	.000000
1.62871	.970996	.000000
1.62897	.970905	.000000
1.62922	.970841	.000000
1.62948	.970850	.000000
1.62974	.970811	.000000
1.62999	.970811	.000000
1.63025	.970826	.000000
1.63051	.970753	.000000
1.63076	.970712	.000000
1.63102	.970830	.000000
1.63127	.970819	.000000
1.63153	.970723	.000000
1.63179	.970809	.000000
1.63204	.970940	.000000
1.6323	.970953	.000000
1.63256	.970849	.000000
1.63282	.970841	.000000
1.63307	.970936	.000000
1.63333	.971026	.000000
1.63359	.970950	.000000
1.63384	.970895	.000000
1.6341	.970955	.000000
1.63436	.970944	.000000
1.63462	.970950	.000000
1.63488	.971008	.000000
1.63513	.970985	.000000
1.63539	.970940	.000000
1.63565	.970914	.000000
1.63591	.970899	.000000
1.63616	.970951	.000000
1.63642	.970968	.000000
1.63668	.970950	.000000
1.63694	.970951	.000000
1.6372	.971006	.000000
1.63746	.971006	.000000
1.63772	.970959	.000000
1.63797	.970875	.000000
1.63823	.970854	.000000
1.63849	.970899	.000000
1.63875	.970905	.000000
1.63901	.970944	.000000
1.63927	.971000	.000000
1.63953	.970965	.000000
1.63979	.970916	.000000
1.64005	.970970	.000000
1.64031	.970961	.000000
1.64057	.970933	.000000
1.64083	.970955	.000000
1.64108	.970993	.000000
1.64134	.970996	.000000
1.6416	.971006	.000000
1.64186	.971056	.000000
1.64212	.971114	.000000
1.64238	.971051	.000000
1.64264	.970944	.000000
1.6429	.970976	.000000
1.64317	.971024	.000000
1.64343	.971043	.000000
1.64369	.970968	.000000
1.64395	.970871	.000000
1.64421	.970907	.000000
1.64447	.970927	.000000
1.64473	.970858	.000000
1.64499	.970845	.000000
1.64525	.970938	.000000
1.64551	.971023	.000000
1.64577	.971023	.000000
1.64603	.971004	.000000
1.6463	.971000	.000000
1.64656	.970953	.000000
1.64682	.970953	.000000
1.64708	.970955	.000000
1.64734	.970959	.000000
1.6476	.970901	.000000
1.64787	.970895	.000000
1.64813	.970946	.000000
1.64839	.970961	.000000
1.64865	.970897	.000000
1.64891	.970837	.000000
1.64918	.970893	.000000
1.64944	.971000	.000000
1.6497	.970978	.000000
1.64996	.970869	.000000
1.65023	.970834	.000000
1.65049	.970916	.000000
1.65075	.970963	.000000
1.65101	.970955	.000000
1.65128	.970957	.000000
1.65154	.971062	.000000
1.6518	.971109	.000000
1.65207	.971026	.000000
1.65233	.970981	.000000
1.65259	.970985	.000000
1.65286	.970931	.000000
1.65312	.970936	.000000
1.65338	.970944	.000000
1.65365	.970929	.000000
1.65391	.970929	.000000
1.65417	.970998	.000000
1.65444	.971045	.000000
1.6547	.971039	.000000
1.65497	.970994	.000000
1.65523	.971015	.000000
1.65549	.971006	.000000
1.65576	.970966	.000000
1.65602	.970965	.000000
1.65629	.970920	.000000
1.65655	.970935	.000000
1.65682	.970940	.000000
1.65708	.970978	.000000
1.65735	.970987	.000000
1.65761	.970972	.000000
1.65788	.970955	.000000
1.65814	.970920	.000000
1.65841	.970972	.000000
1.65867	.971017	.000000
1.65894	.970976	.000000
1.6592	.970923	.000000
1.65947	.970965	.000000
1.65973	.970974	.000000
1.66	.970968	.000000
1.66027	.970983	.000000
1.66053	.970884	.000000
1.6608	.970854	.000000
1.66106	.970942	.000000
1.66133	.970976	.000000
1.6616	.970989	.000000
1.66186	.970933	.000000
1.66213	.970972	.000000
1.66239	.971041	.000000
1.66266	.971037	.000000
1.66293	.971037	.000000
1.66319	.971118	.000000
1.66346	.971133	.000000
1.66373	.971129	.000000
1.664	.971075	.000000
1.66426	.970950	.000000
1.66453	.970946	.000000
1.6648	.971034	.000000
1.66506	.971052	.000000
1.66533	.971060	.000000
1.6656	.971110	.000000
1.66587	.971152	.000000
1.66613	.971114	.000000
1.6664	.971058	.000000
1.66667	.971032	.000000
1.66694	.971032	.000000
1.66721	.971073	.000000
1.66747	.971036	.000000
1.66774	.970989	.000000
1.66801	.970953	.000000
1.66828	.971000	.000000
1.66855	.971056	.000000
1.66882	.971109	.000000
1.66908	.971195	.000000
1.66935	.971125	.000000
1.66962	.971032	.000000
1.66989	.971051	.000000
1.67016	.971067	.000000
1.67043	.971122	.000000
1.6707	.971127	.000000
1.67097	.971107	.000000
1.67124	.971064	.000000
1.67151	.970983	.000000
1.67178	.971004	.000000
1.67204	.971150	.000000
1.67231	.971138	.000000
1.67258	.971062	.000000
1.67285	.971086	.000000
1.67312	.971030	.000000
1.67339	.970978	.000000
1.67366	.970996	.000000
1.67393	.971002	.000000
1.6742	.970966	.000000
1.67447	.971052	.000000
1.67474	.971051	.000000
1.67502	.970993	.000000
1.67529	.970989	.000000
1.67556	.971002	.000000
1.67583	.971023	.000000
1.6761	.970989	.000000
1.67637	.970974	.000000
1.67664	.971049	.000000
1.67691	.971187	.000000
1.67718	.971219	.000000
1.67745	.971221	.000000
1.67773	.971118	.000000
1.678	.970998	.000000
1.67827	.971058	.000000
1.67854	.970993	.000000
1.67881	.971002	.000000
1.67908	.971189	.000000
1.67936	.971180	.000000
1.67963	.971140	.000000
1.6799	.971182	.000000
1.68017	.971195	.000000
1.68044	.971174	.000000
1.68072	.971174	.000000
1.68099	.971176	.000000
1.68126	.971094	.000000
1.68153	.971006	.000000
1.68181	.971047	.000000
1.68208	.971015	.000000
1.68235	.971017	.000000
1.68263	.971081	.000000
1.6829	.971064	.000000
1.68317	.971142	.000000
1.68345	.971219	.000000
1.68372	.971204	.000000
1.68399	.971101	.000000
1.68427	.971101	.000000
1.68454	.971142	.000000
1.68481	.971159	.000000
1.68509	.971142	.000000
1.68536	.971155	.000000
1.68563	.971219	.000000
1.68591	.971260	.000000
1.68618	.971204	.000000
1.68646	.971088	.000000
1.68673	.971000	.000000
1.68701	.971056	.000000
1.68728	.971140	.000000
1.68755	.971094	.000000
1.68783	.971054	.000000
1.6881	.971067	.000000
1.68838	.971140	.000000
1.68865	.971204	.000000
1.68893	.971193	.000000
1.6892	.971176	.000000
1.68948	.971088	.000000
1.68976	.971011	.000000
1.69003	.971073	.000000
1.69031	.971021	.000000
1.69058	.970985	.000000
1.69086	.971067	.000000
1.69113	.971103	.000000
1.69141	.971138	.000000
1.69168	.971178	.000000
1.69196	.971176	.000000
1.69224	.971152	.000000
1.69251	.971118	.000000
1.69279	.971099	.000000
1.69307	.971032	.000000
1.69334	.971032	.000000
1.69362	.971092	.000000
1.6939	.971127	.000000
1.69417	.971082	.000000
1.69445	.971047	.000000
1.69473	.971030	.000000
1.695	.971067	.000000
1.69528	.971142	.000000
1.69556	.971210	.000000
1.69583	.971187	.000000
1.69611	.971071	.000000
1.69639	.971028	.000000
1.69667	.971079	.000000
1.69694	.971086	.000000
1.69722	.971049	.000000
1.6975	.971006	.000000
1.69778	.970976	.000000
1.69806	.971056	.000000
1.69833	.971193	.000000
1.69861	.971178	.000000
1.69889	.971095	.000000
1.69917	.971088	.000000
1.69945	.971110	.000000
1.69973	.971079	.000000
1.7	.971037	.000000
1.70028	.971062	.000000
1.70056	.971081	.000000
1.70084	.971043	.000000
1.70112	.971002	.000000
1.7014	.970972	.000000
1.70168	.970978	.000000
1.70196	.971019	.000000
1.70224	.971090	.000000
1.70252	.971021	.000000
1.7028	.970940	.000000
1.70308	.970922	.000000
1.70336	.970933	.000000
1.70364	.970936	.000000
1.70392	.970965	.000000
1.7042	.971039	.000000
1.70448	.971101	.000000
1.70476	.971037	.000000
1.70504	.970933	.000000
1.70532	.970914	.000000
1.7056	.970951	.000000
1.70588	.970935	.000000
1.70616	.970910	.000000
1.70644	.970931	.000000
1.70672	.970931	.000000
1.707	.970953	.000000
1.70728	.971004	.000000
1.70756	.970989	.000000
1.70784	.970981	.000000
1.70813	.970961	.000000
1.70841	.970888	.000000
1.70869	.970920	.000000
1.70897	.970981	.000000
1.70925	.970931	.000000
1.70953	.970864	.000000
1.70982	.970944	.000000
1.7101	.971024	.000000
1.71038	.971067	.000000
1.71066	.971019	.000000
1.71094	.970989	.000000
1.71123	.971008	.000000
1.71151	.971002	.000000
1.71179	.970996	.000000
1.71207	.970993	.000000
1.71236	.970927	.000000
1.71264	.970895	.000000
1.71292	.970987	.000000
1.71321	.971071	.000000
1.71349	.971024	.000000
1.71377	.970985	.000000
1.71405	.970981	.000000
1.71434	.971043	.000000
1.71462	.971079	.000000
1.71491	.971045	.000000
1.71519	.971051	.000000
1.71547	.971030	.000000
1.71576	.971008	.000000
1.71604	.971017	.000000
1.71632	.971017	.000000
1.71661	.971021	.000000
1.71689	.970951	.000000
1.71718	.970912	.000000
1.71746	.970927	.000000
1.71775	.971002	.000000
1.71803	.970970	.000000
1.71832	.970877	.000000
1.7186	.970884	.000000
1.71888	.970987	.000000
1.71917	.971028	.000000
1.71945	.970996	.000000
1.71974	.970980	.000000
1.72003	.970980	.000000
1.72031	.970994	.000000
1.7206	.970978	.000000
1.72088	.970963	.000000
1.72117	.970923	.000000
1.72145	.970903	.000000
1.72174	.970970	.000000
1.72202	.970886	.000000
1.72231	.970804	.000000
1.7226	.970908	.000000
1.72288	.970978	.000000
1.72317	.970935	.000000
1.72346	.970892	.000000
1.72374	.970897	.000000
1.72403	.970897	.000000
1.72432	.970908	.000000
1.7246	.970890	.000000
1.72489	.970927	.000000
1.72518	.970994	.000000
1.72546	.970910	.000000
1.72575	.970850	.000000
1.72604	.970938	.000000
1.72632	.970959	.000000
1.72661	.970918	.000000
1.7269	.970845	.000000
1.72719	.970850	.000000
1.72748	.970951	.000000
1.72776	.970968	.000000
1.72805	.970905	.000000
1.72834	.970843	.000000
1.72863	.970929	.000000
1.72892	.970897	.000000
1.7292	.970850	.000000
1.72949	.970916	.000000
1.72978	.970886	.000000
1.73007	.970878	.000000
1.73036	.970925	.000000
1.73065	.970991	.000000
1.73094	.970910	.000000
1.73122	.970854	.000000
1.73151	.970899	.000000
1.7318	.970897	.000000
1.73209	.970895	.000000
1.73238	.970961	.000000
1.73267	.971021	.000000
1.73296	.970942	.000000
1.73325	.970908	.000000
1.73354	.970892	.000000
1.73383	.970935	.000000
1.73412	.970955	.000000
1.73441	.970920	.000000
1.7347	.970892	.000000
1.73499	.970850	.000000
1.73528	.970890	.000000
1.73557	.970968	.000000
1.73586	.970968	.000000
1.73615	.970985	.000000
1.73644	.971021	.000000
1.73673	.970942	.000000
1.73702	.970884	.000000
1.73732	.970946	.000000
1.73761	.971017	.000000
1.7379	.970944	.000000
1.73819	.970901	.000000
1.73848	.970893	.000000
1.73877	.970905	.000000
1.73906	.970989	.000000
1.73936	.970983	.000000
1.73965	.970910	.000000
1.73994	.970867	.000000
1.74023	.970865	.000000
1.74052	.970882	.000000
1.74082	.970886	.000000
1.74111	.970910	.000000
1.7414	.970938	.000000
1.74169	.970976	.000000
1.74199	.970968	.000000
1.74228	.970925	.000000
1.74257	.970886	.000000
1.74286	.970957	.000000
1.74316	.970991	.000000
1.74345	.970959	.000000
1.74374	.970985	.000000
1.74404	.970981	.000000
1.74433	.970946	.000000
1.74462	.971002	.000000
1.74492	.971021	.000000
1.74521	.970955	.000000
1.7455	.970871	.000000
1.7458	.970862	.000000
1.74609	.970899	.000000
1.74639	.970914	.000000
1.74668	.970927	.000000
1.74697	.970864	.000000
1.74727	.970912	.000000
1.74756	.971000	.000000
1.74786	.970978	.000000
1.74815	.970968	.000000
1.74845	.970998	.000000
1.74874	.971002	.000000
1.74904	.971015	.000000
1.74933	.970978	.000000
1.74963	.970907	.000000
1.74992	.970933	.000000
1.75022	.970965	.000000
1.75051	.970914	.000000
1.75081	.970890	.000000
1.7511	.970944	.000000
1.7514	.971006	.000000
1.7517	.971039	.000000
1.75199	.970922	.000000
1.75229	.970856	.000000
1.75258	.970910	.000000
1.75288	.970968	.000000
1.75318	.970981	.000000
1.75347	.970953	.000000
1.75377	.970953	.000000
1.75407	.970993	.000000
1.75436	.970972	.000000
1.75466	.970940	.000000
1.75496	.970950	.000000
1.75525	.970970	.000000
1.75555	.970912	.000000
1.75585	.970951	.000000
1.75615	.970912	.000000
1.75644	.970856	.000000
1.75674	.970856	.000000
1.75704	.970806	.000000
1.75734	.970832	.000000
1.75763	.970935	.000000
1.75793	.970892	.000000
1.75823	.970791	.000000
1.75853	.970852	.000000
1.75883	.970927	.000000
1.75913	.970899	.000000
1.75942	.970858	.000000
1.75972	.970886	.000000
1.76002	.970925	.000000
1.76032	.970925	.000000
1.76062	.970877	.000000
1.76092	.970884	.000000
1.76122	.970918	.000000
1.76152	.970922	.000000
1.76181	.970933	.000000
1.76211	.970936	.000000
1.76241	.970918	.000000
1.76271	.970880	.000000
1.76301	.970849	.000000
1.76331	.970862	.000000
1.76361	.970791	.000000
1.76391	.970731	.000000
1.76421	.970738	.000000
1.76451	.970813	.000000
1.76481	.970912	.000000
1.76511	.970910	.000000
1.76541	.970772	.000000
1.76572	.970807	.000000
1.76602	.970856	.000000
1.76632	.970871	.000000
1.76662	.970821	.000000
1.76692	.970734	.000000
1.76722	.970749	.000000
1.76752	.970847	.000000
1.76782	.970910	.000000
1.76812	.970841	.000000
1.76843	.970777	.000000
1.76873	.970791	.000000
1.76903	.970835	.000000
1.76933	.970843	.000000
1.76963	.970890	.000000
1.76993	.970864	.000000
1.77024	.970830	.000000
1.77054	.970865	.000000
1.77084	.970880	.000000
1.77114	.970824	.000000
1.77145	.970824	.000000
1.77175	.970794	.000000
1.77205	.970787	.000000
1.77235	.970792	.000000
1.77266	.970746	.000000
1.77296	.970751	.000000
1.77326	.970776	.000000
1.77357	.970751	.000000
1.77387	.970721	.000000
1.77417	.970742	.000000
1.77448	.970869	.000000
1.77478	.970897	.000000
1.77508	.970824	.000000
1.77539	.970757	.000000
1.77569	.970688	.000000
1.776	.970676	.000000
1.7763	.970733	.000000
1.77661	.970777	.000000
1.77691	.970766	.000000
1.77721	.970710	.000000
1.77752	.970676	.000000
1.77782	.970660	.000000
1.77813	.970720	.000000
1.77843	.970759	.000000
1.77874	.970720	.000000
1.77904	.970630	.000000
1.77935	.970648	.000000
1.77965	.970706	.000000
1.77996	.970729	.000000
1.78027	.970746	.000000
1.78057	.970701	.000000
1.78088	.970742	.000000
1.78118	.970749	.000000
1.78149	.970725	.000000
1.7818	.970686	.000000
1.7821	.970690	.000000
1.78241	.970708	.000000
1.78271	.970772	.000000
1.78302	.970768	.000000
1.78333	.970678	.000000
1.78363	.970637	.000000
1.78394	.970648	.000000
1.78425	.970682	.000000
1.78455	.970680	.000000
1.78486	.970647	.000000
1.78517	.970656	.000000
1.78548	.970721	.000000
1.78578	.970721	.000000
1.78609	.970723	.000000
1.7864	.970613	.000000
1.78671	.970542	.000000
1.78702	.970596	.000000
1.78732	.970721	.000000
1.78763	.970776	.000000
1.78794	.970706	.000000
1.78825	.970635	.000000
1.78856	.970680	.000000
1.78886	.970744	.000000
1.78917	.970632	.000000
1.78948	.970592	.000000
1.78979	.970665	.000000
1.7901	.970678	.000000
1.79041	.970639	.000000
1.79072	.970624	.000000
1.79103	.970688	.000000
1.79134	.970688	.000000
1.79165	.970654	.000000
1.79196	.970667	.000000
1.79227	.970647	.000000
1.79258	.970618	.000000
1.79289	.970523	.000000
1.7932	.970529	.000000
1.79351	.970693	.000000
1.79382	.970716	.000000
1.79413	.970600	.000000
1.79444	.970547	.000000
1.79475	.970577	.000000
1.79506	.970594	.000000
1.79537	.970491	.000000
1.79568	.970458	.000000
1.79599	.970506	.000000
1.7963	.970568	.000000
1.79661	.970592	.000000
1.79692	.970508	.000000
1.79724	.970514	.000000
1.79755	.970562	.000000
1.79786	.970519	.000000
1.79817	.970555	.000000
1.79848	.970643	.000000
1.79879	.970673	.000000
1.79911	.970662	.000000
1.79942	.970639	.000000
1.79973	.970587	.000000
1.80004	.970575	.000000
1.80036	.970589	.000000
1.80067	.970540	.000000
1.80098	.970489	.000000
1.80129	.970469	.000000
1.80161	.970512	.000000
1.80192	.970523	.000000
1.80223	.970521	.000000
1.80255	.970564	.000000
1.80286	.970570	.000000
1.80317	.970480	.000000
1.80349	.970456	.000000
1.8038	.970503	.000000
1.80411	.970473	.000000
1.80443	.970544	.000000
1.80474	.970663	.000000
1.80506	.970620	.000000
1.80537	.970517	.000000
1.80569	.970461	.000000
1.806	.970441	.000000
1.80631	.970491	.000000
1.80663	.970506	.000000
1.80694	.970499	.000000
1.80726	.970546	.000000
1.80757	.970499	.000000
1.80789	.970504	.000000
1.8082	.970486	.000000
1.80852	.970458	.000000
1.80884	.970536	.000000
1.80915	.970527	.000000
1.80947	.970503	.000000
1.80978	.970536	.000000
1.8101	.970499	.000000
1.81041	.970430	.000000
1.81073	.970448	.000000
1.81105	.970484	.000000
1.81136	.970486	.000000
1.81168	.970493	.000000
1.812	.970531	.000000
1.81231	.970540	.000000
1.81263	.970538	.000000
1.81295	.970510	.000000
1.81326	.970532	.000000
1.81358	.970547	.000000
1.8139	.970491	.000000
1.81422	.970469	.000000
1.81453	.970504	.000000
1.81485	.970529	.000000
1.81517	.970503	.000000
1.81549	.970458	.000000
1.8158	.970428	.000000
1.81612	.970463	.000000
1.81644	.970446	.000000
1.81676	.970446	.000000
1.81708	.970503	.000000
1.8174	.970504	.000000
1.81771	.970506	.000000
1.81803	.970534	.000000
1.81835	.970514	.000000
1.81867	.970525	.000000
1.81899	.970523	.000000
1.81931	.970456	.000000
1.81963	.970385	.000000
1.81995	.970330	.000000
1.82027	.970310	.000000
1.82059	.970366	.000000
1.82091	.970491	.000000
1.82123	.970553	.000000
1.82155	.970510	.000000
1.82187	.970433	.000000
1.82219	.970381	.000000
1.82251	.970452	.000000
1.82283	.970450	.000000
1.82315	.970424	.000000
1.82347	.970377	.000000
1.82379	.970308	.000000
1.82411	.970396	.000000
1.82443	.970467	.000000
1.82475	.970375	.000000
1.82507	.970353	.000000
1.82539	.970422	.000000
1.82571	.970437	.000000
1.82604	.970383	.000000
1.82636	.970342	.000000
1.82668	.970351	.000000
1.827	.970358	.000000
1.82732	.970347	.000000
1.82765	.970373	.000000
1.82797	.970405	.000000
1.82829	.970426	.000000
1.82861	.970469	.000000
1.82893	.970403	.000000
1.82926	.970314	.000000
1.82958	.970314	.000000
1.8299	.970351	.000000
1.83023	.970259	.000000
1.83055	.970216	.000000
1.83087	.970224	.000000
1.8312	.970224	.000000
1.83152	.970286	.000000
1.83184	.970299	.000000
1.83217	.970252	.000000
1.83249	.970248	.000000
1.83281	.970299	.000000
1.83314	.970330	.000000
1.83346	.970299	.000000
1.83379	.970235	.000000
1.83411	.970216	.000000
1.83443	.970254	.000000
1.83476	.970297	.000000
1.83508	.970216	.000000
1.83541	.970201	.000000
1.83573	.970190	.000000
1.83606	.970149	.000000
1.83638	.970171	.000000
1.83671	.970229	.000000
1.83703	.970192	.000000
1.83736	.970123	.000000
1.83769	.970127	.000000
1.83801	.970213	.000000
1.83834	.970229	.000000
1.83866	.970291	.000000
1.83899	.970351	.000000
1.83932	.970317	.000000
1.83964	.970259	.000000
1.83997	.970179	.000000
1.8403	.970123	.000000
1.84062	.970055	.000000
1.84095	.970080	.000000
1.84128	.970143	.000000
1.8416	.970186	.000000
1.84193	.970112	.000000
1.84226	.970041	.000000
1.84258	.970063	.000000
1.84291	.970173	.000000
1.84324	.970224	.000000
1.84357	.970228	.000000
1.84389	.970153	.000000
1.84422	.970145	.000000
1.84455	.970185	.000000
1.84488	.970143	.000000
1.84521	.970104	.000000
1.84554	.970127	.000000
1.84586	.970168	.000000
1.84619	.970186	.000000
1.84652	.970155	.000000
1.84685	.970106	.000000
1.84718	.970098	.000000
1.84751	.970054	.000000
1.84784	.970018	.000000
1.84817	.970039	.000000
1.8485	.970132	.000000
1.84883	.970186	.000000
1.84916	.970076	.000000
1.84949	.970003	.000000
1.84982	.970046	.000000
1.85015	.969990	.000000
1.85048	.969949	.000000
1.85081	.970029	.000000
1.85114	.970035	.000000
1.85147	.970029	.000000
1.8518	.969977	.000000
1.85213	.969983	.000000
1.85246	.969988	.000000
1.85279	.970037	.000000
1.85312	.970037	.000000
1.85345	.969983	.000000
1.85378	.969921	.000000
1.85412	.969915	.000000
1.85445	.969964	.000000
1.85478	.970016	.000000
1.85511	.970020	.000000
1.85544	.969979	.000000
1.85577	.969977	.000000
1.85611	.969979	.000000
1.85644	.969921	.000000
1.85677	.969883	.000000
1.8571	.969940	.000000
1.85744	.969865	.000000
1.85777	.969853	.000000
1.8581	.969923	.000000
1.85843	.969983	.000000
1.85877	.969932	.000000
1.8591	.969799	.000000
1.85943	.969788	.000000
1.85977	.969887	.000000
1.8601	.969925	.000000
1.86044	.969831	.000000
1.86077	.969790	.000000
1.8611	.969883	.000000
1.86144	.969906	.000000
1.86177	.969898	.000000
1.86211	.969848	.000000
1.86244	.969799	.000000
1.86277	.969838	.000000
1.86311	.969835	.000000
1.86344	.969788	.000000
1.86378	.969812	.000000
1.86411	.969818	.000000
1.86445	.969760	.000000
1.86478	.969743	.000000
1.86512	.969751	.000000
1.86546	.969739	.000000
1.86579	.969756	.000000
1.86613	.969754	.000000
1.86646	.969737	.000000
1.8668	.969616	.000000
1.86714	.969547	.000000
1.86747	.969582	.000000
1.86781	.969616	.000000
1.86814	.969586	.000000
1.86848	.969564	.000000
1.86882	.969500	.000000
1.86915	.969474	.000000
1.86949	.969481	.000000
1.86983	.969448	.000000
1.87017	.969427	.000000
1.8705	.969403	.000000
1.87084	.969354	.000000
1.87118	.969429	.000000
1.87152	.969457	.000000
1.87185	.969418	.000000
1.87219	.969436	.000000
1.87253	.969436	.000000
1.87287	.969253	.000000
1.87321	.969133	.000000
1.87354	.969169	.000000
1.87388	.969266	.000000
1.87422	.969221	.000000
1.87456	.969152	.000000
1.8749	.969098	.000000
1.87524	.968976	.000000
1.87558	.968916	.000000
1.87592	.968937	.000000
1.87626	.969004	.000000
1.8766	.969004	.000000
1.87694	.968881	.000000
1.87728	.968791	.000000
1.87762	.968785	.000000
1.87796	.968782	.000000
1.8783	.968828	.000000
1.87864	.968795	.000000
1.87898	.968716	.000000
1.87932	.968643	.000000
1.87966	.968591	.000000
1.88	.968608	.000000
1.88034	.968623	.000000
1.88068	.968512	.000000
1.88102	.968374	.000000
1.88136	.968340	.000000
1.8817	.968353	.000000
1.88205	.968224	.000000
1.88239	.968097	.000000
1.88273	.968035	.000000
1.88307	.967904	.000000
1.88341	.967790	.000000
1.88376	.967753	.000000
1.8841	.967678	.000000
1.88444	.967622	.000000
1.88478	.967555	.000000
1.88513	.967534	.000000
1.88547	.967543	.000000
1.88581	.967472	.000000
1.88615	.967257	.000000
1.8865	.967065	.000000
1.88684	.967042	.000000
1.88718	.966977	.000000
1.88753	.966883	.000000
1.88787	.966805	.000000
1.88821	.966709	.000000
1.88856	.966531	.000000
1.8889	.966344	.000000
1.88925	.966273	.000000
1.88959	.966208	.000000
1.88994	.965938	.000000
1.89028	.965675	.000000
1.89062	.965574	.000000
1.89097	.965491	.000000
1.89131	.965346	.000000
1.89166	.965136	.000000
1.892	.965007	.000000
1.89235	.964837	.000000
1.89269	.964653	.000000
1.89304	.964502	.000000
1.89339	.964294	.000000
1.89373	.964001	.000000
1.89408	.963772	.000000
1.89442	.963593	.000000
1.89477	.963382	.000000
1.89512	.963157	.000000
1.89546	.962966	.000000
1.89581	.962794	.000000
1.89616	.962562	.000000
1.8965	.962285	.000000
1.89685	.962042	.000000
1.8972	.961769	.000000
1.89754	.961576	.000000
1.89789	.961350	.000000
1.89824	.961088	.000000
1.89859	.960922	.000000
1.89893	.960761	.000000
1.89928	.960527	.000000
1.89963	.960263	.000000
1.89998	.960095	.000000
1.90033	.959970	.000000
1.90067	.959818	.000000
1.90102	.959678	.000000
1.90137	.959453	.000000
1.90172	.959266	.000000
1.90207	.959201	.000000
1.90242	.959089	.000000
1.90277	.958877	.000000
1.90312	.958696	.000000
1.90346	.958615	.000000
1.90381	.958567	.000000
1.90416	.958443	.000000
1.90451	.958376	.000000
1.90486	.958384	.000000
1.90521	.958342	.000000
1.90556	.958217	.000000
1.90591	.958122	.000000
1.90626	.958165	.000000
1.90661	.958092	.000000
1.90697	.957935	.000000
1.90732	.957966	.000000
1.90767	.957991	.000000
1.90802	.957950	.000000
1.90837	.957892	.000000
1.90872	.957854	.000000
1.90907	.957922	.000000
1.90942	.957916	.000000
1.90977	.957845	.000000
1.91013	.957884	.000000
1.91048	.957882	.000000
1.91083	.957822	.000000
1.91118	.957796	.000000
1.91154	.957886	.000000
1.91189	.957910	.000000
1.91224	.957815	.000000
1.91259	.957830	.000000
1.91295	.957927	.000000
1.9133	.957907	.000000
1.91365	.957908	.000000
1.91401	.958028	.000000
1.91436	.958131	.000000
1.91471	.958112	.000000
1.91507	.958116	.000000
1.91542	.958217	.000000
1.91577	.958275	.000000
1.91613	.958292	.000000
1.91648	.958355	.000000
1.91684	.958443	.000000
1.91719	.958543	.000000
1.91754	.958612	.000000
1.9179	.958670	.000000
1.91825	.958688	.000000
1.91861	.958745	.000000
1.91896	.958759	.000000
1.91932	.958791	.000000
1.91967	.958816	.000000
1.92003	.958896	.000000
1.92039	.958937	.000000
1.92074	.959008	.000000
1.9211	.959063	.000000
1.92145	.959048	.000000
1.92181	.959150	.000000
1.92217	.959278	.000000
1.92252	.959377	.000000
1.92288	.959478	.000000
1.92323	.959560	.000000
1.92359	.959573	.000000
1.92395	.959639	.000000
1.92431	.959734	.000000
1.92466	.959792	.000000
1.92502	.959859	.000000
1.92538	.959960	.000000
1.92573	.960065	.000000
1.92609	.960078	.000000
1.92645	.960168	.000000
1.92681	.960233	.000000
1.92717	.960273	.000000
1.92752	.960355	.000000
1.92788	.960437	.000000
1.92824	.960486	.000000
1.9286	.960550	.000000
1.92896	.960664	.000000
1.92932	.960761	.000000
1.92968	.960832	.000000
1.93004	.960892	.000000
1.9304	.960969	.000000
1.93075	.961043	.000000
1.93111	.961055	.000000
1.93147	.961036	.000000
1.93183	.961122	.000000
1.93219	.961279	.000000
1.93255	.961444	.000000
1.93291	.961541	.000000
1.93327	.961550	.000000
1.93364	.961575	.000000
1.934	.961702	.000000
1.93436	.961745	.000000
1.93472	.961737	.000000
1.93508	.961778	.000000
1.93544	.961853	.000000
1.9358	.961928	.000000
1.93616	.961995	.000000
1.93652	.962096	.000000
1.93689	.962115	.000000
1.93725	.962179	.000000
1.93761	.962257	.000000
1.93797	.962274	.000000
1.93833	.962310	.000000
1.9387	.962353	.000000
1.93906	.962340	.000000
1.93942	.962413	.000000
1.93978	.962587	.000000
1.94015	.962689	.000000
1.94051	.962755	.000000
1.94087	.962734	.000000
1.94124	.962732	.000000
1.9416	.962818	.000000
1.94196	.962890	.000000
1.94233	.962878	.000000
1.94269	.962946	.000000
1.94306	.962968	.000000
1.94342	.963009	.000000
1.94378	.963049	.000000
1.94415	.963099	.000000
1.94451	.963151	.000000
1.94488	.963161	.000000
1.94524	.963204	.000000
1.94561	.963299	.000000
1.94597	.963333	.000000
1.94634	.963365	.000000
1.9467	.963355	.000000
1.94707	.963417	.000000
1.94743	.963484	.000000
1.9478	.963533	.000000
1.94817	.963565	.000000
1.94853	.963615	.000000
1.9489	.963696	.000000
1.94926	.963711	.000000
1.94963	.963726	.000000
1.95	.963642	.000000
1.95036	.963630	.000000
1.95073	.963720	.000000
1.9511	.963718	.000000
1.95147	.963746	.000000
1.95183	.963791	.000000
1.9522	.963836	.000000
1.95257	.963888	.000000
1.95294	.963954	.000000
1.9533	.963959	.000000
1.95367	.963928	.000000
1.95404	.963965	.000000
1.95441	.964001	.000000
1.95478	.964053	.000000
1.95515	.964124	.000000
1.95551	.964188	.000000
1.95588	.964221	.000000
1.95625	.964208	.000000
1.95662	.964180	.000000
1.95699	.964184	.000000
1.95736	.964268	.000000
1.95773	.964339	.000000
1.9581	.964330	.000000
1.95847	.964321	.000000
1.95884	.964375	.000000
1.95921	.964448	.000000
1.95958	.964450	.000000
1.95995	.964399	.000000
1.96032	.964369	.000000
1.96069	.964423	.000000
1.96106	.964420	.000000
1.96143	.964517	.000000
1.9618	.964610	.000000
1.96217	.964577	.000000
1.96255	.964601	.000000
1.96292	.964595	.000000
1.96329	.964620	.000000
1.96366	.964678	.000000
1.96403	.964605	.000000
1.9644	.964566	.000000
1.96478	.964648	.000000
1.96515	.964799	.000000
1.96552	.964859	.000000
1.96589	.964850	.000000
1.96627	.964846	.000000
1.96664	.964805	.000000
1.96701	.964829	.000000
1.96739	.964861	.000000
1.96776	.964837	.000000
1.96813	.964857	.000000
1.96851	.964839	.000000
1.96888	.964852	.000000
1.96925	.964859	.000000
1.96963	.964846	.000000
1.97	.964898	.000000
1.97038	.964936	.000000
1.97075	.964979	.000000
1.97113	.964956	.000000
1.9715	.964889	.000000
1.97188	.964811	.000000
1.97225	.964855	.000000
1.97263	.964996	.000000
1.973	.965035	.000000
1.97338	.964968	.000000
1.97375	.964999	.000000
1.97413	.965046	.000000
1.9745	.965076	.000000
1.97488	.965166	.000000
1.97526	.965209	.000000
1.97563	.965114	.000000
1.97601	.965101	.000000
1.97639	.965164	.000000
1.97676	.965158	.000000
1.97714	.965224	.000000
1.97752	.965248	.000000
1.97789	.965213	.000000
1.97827	.965198	.000000
1.97865	.965192	.000000
1.97903	.965168	.000000
1.9794	.965177	.000000
1.97978	.965271	.000000
1.98016	.965284	.000000
1.98054	.965231	.000000
1.98092	.965288	.000000
1.98129	.965357	.000000
1.98167	.965379	.000000
1.98205	.965336	.000000
1.98243	.965235	.000000
1.98281	.965284	.000000
1.98319	.965389	.000000
1.98357	.965383	.000000
1.98395	.965368	.000000
1.98433	.965303	.000000
1.98471	.965321	.000000
1.98509	.965374	.000000
1.98547	.965349	.000000
1.98585	.965409	.000000
1.98623	.965426	.000000
1.98661	.965362	.000000
1.98699	.965396	.000000
1.98737	.965476	.000000
1.98775	.965443	.000000
1.98813	.965332	.000000
1.98851	.965317	.000000
1.98889	.965404	.000000
1.98928	.965540	.000000
1.98966	.965632	.000000
1.99004	.965591	.000000
1.99042	.965499	.000000
1.9908	.965465	.000000
1.99119	.965518	.000000
1.99157	.965544	.000000
1.99195	.965564	.000000
1.99233	.965596	.000000
1.99272	.965587	.000000
1.9931	.965639	.000000
1.99348	.965589	.000000
1.99387	.965602	.000000
1.99425	.965714	.000000
1.99463	.965791	.000000
1.99502	.965742	.000000
1.9954	.965686	.000000
1.99578	.965639	.000000
1.99617	.965609	.000000
1.99655	.965639	.000000
1.99694	.965682	.000000
1.99732	.965684	.000000
1.99771	.965604	.000000
1.99809	.965686	.000000
1.99848	.965841	.000000
1.99886	.965809	.000000
1.99925	.965770	.000000
1.99963	.965819	.000000
2.00002	.965849	.000000
2.00041	.965796	.000000
2.00079	.965774	.000000
2.00118	.965815	.000000
2.00156	.965851	.000000
2.00195	.965890	.000000
2.00234	.965871	.000000
2.00272	.965802	.000000
2.00311	.965841	.000000
2.0035	.965882	.000000
2.00388	.965843	.000000
2.00427	.965819	.000000
2.00466	.965841	.000000
2.00505	.965851	.000000
2.00543	.965879	.000000
2.00582	.965972	.000000
2.00621	.965983	.000000
2.0066	.965901	.000000
2.00699	.965912	.000000
2.00738	.965942	.000000
2.00776	.965944	.000000
2.00815	.965998	.000000
2.00854	.966026	.000000
2.00893	.965967	.000000
2.00932	.965989	.000000
2.00971	.965982	.000000
2.0101	.965957	.000000
2.01049	.966025	.000000
2.01088	.966039	.000000
2.01127	.966047	.000000
2.01166	.966088	.000000
2.01205	.966097	.000000
2.01244	.966150	.000000
2.01283	.966109	.000000
2.01322	.966081	.000000
2.01361	.966056	.000000
2.014	.966017	.000000
2.01439	.966010	.000000
2.01479	.966120	.000000
2.01518	.966176	.000000
2.01557	.966150	.000000
2.01596	.966068	.000000
2.01635	.966056	.000000
2.01675	.966120	.000000
2.01714	.966142	.000000
2.01753	.966180	.000000
2.01792	.966167	.000000
2.01832	.966193	.000000
2.01871	.966228	.000000
2.0191	.966157	.000000
2.01949	.966094	.000000
2.01989	.966081	.000000
2.02028	.966101	.000000
2.02068	.966159	.000000
2.02107	.966217	.000000
2.02146	.966234	.000000
2.02186	.966157	.000000
2.02225	.966047	.000000
2.02265	.966056	.000000
2.02304	.966112	.000000
2.02344	.966097	.000000
2.02383	.966114	.000000
2.02423	.966180	.000000
2.02462	.966215	.000000
2.02502	.966200	.000000
2.02541	.966234	.000000
2.02581	.966247	.000000
2.0262	.966139	.000000
2.0266	.966079	.000000
2.02699	.966068	.000000
2.02739	.966068	.000000
2.02779	.966075	.000000
2.02818	.966176	.000000
2.02858	.966167	.000000
2.02898	.966122	.000000
2.02938	.966184	.000000
2.02977	.966184	.000000
2.03017	.966146	.000000
2.03057	.966137	.000000
2.03096	.966152	.000000
2.03136	.966178	.000000
2.03176	.966107	.000000
2.03216	.966099	.000000
2.03256	.966135	.000000
2.03296	.966124	.000000
2.03335	.966133	.000000
2.03375	.966133	.000000
2.03415	.966124	.000000
2.03455	.966133	.000000
2.03495	.966088	.000000
2.03535	.966049	.000000
2.03575	.966092	.000000
2.03615	.966154	.000000
2.03655	.966148	.000000
2.03695	.966135	.000000
2.03735	.966144	.000000
2.03775	.966133	.000000
2.03815	.966157	.000000
2.03855	.966279	.000000
2.03895	.966236	.000000
2.03935	.966184	.000000
2.03975	.966092	.000000
2.04016	.966096	.000000
2.04056	.966174	.000000
2.04096	.966157	.000000
2.04136	.966178	.000000
2.04176	.966221	.000000
2.04216	.966150	.000000
2.04257	.966058	.000000
2.04297	.966053	.000000
2.04337	.966111	.000000
2.04377	.966141	.000000
2.04418	.966114	.000000
2.04458	.966114	.000000
2.04498	.966137	.000000
2.04539	.966111	.000000
2.04579	.966159	.000000
2.04619	.966157	.000000
2.0466	.966058	.000000
2.047	.966000	.000000
2.04741	.966039	.000000
2.04781	.966137	.000000
2.04821	.966133	.000000
2.04862	.965991	.000000
2.04902	.965970	.000000
2.04943	.966062	.000000
2.04983	.966032	.000000
2.05024	.965998	.000000
2.05065	.966034	.000000
2.05105	.966068	.000000
2.05146	.966075	.000000
2.05186	.965972	.000000
2.05227	.965937	.000000
2.05268	.966002	.000000
2.05308	.966028	.000000
2.05349	.966054	.000000
2.05389	.966069	.000000
2.0543	.966013	.000000
2.05471	.966026	.000000
2.05512	.966030	.000000
2.05552	.965993	.000000
2.05593	.966000	.000000
2.05634	.965982	.000000
2.05675	.965931	.000000
2.05715	.965897	.000000
2.05756	.966006	.000000
2.05797	.966084	.000000
2.05838	.965935	.000000
2.05879	.965841	.000000
2.0592	.965875	.000000
2.05961	.965909	.000000
2.06001	.965894	.000000
2.06042	.965815	.000000
2.06083	.965815	.000000
2.06124	.965942	.000000
2.06165	.965918	.000000
2.06206	.965819	.000000
2.06247	.965751	.000000
2.06288	.965770	.000000
2.06329	.965806	.000000
2.0637	.965783	.000000
2.06412	.965806	.000000
2.06453	.965808	.000000
2.06494	.965813	.000000
2.06535	.965800	.000000
2.06576	.965710	.000000
2.06617	.965699	.000000
2.06658	.965787	.000000
2.067	.965823	.000000
2.06741	.965736	.000000
2.06782	.965656	.000000
2.06823	.965656	.000000
2.06865	.965647	.000000
2.06906	.965703	.000000
2.06947	.965624	.000000
2.06988	.965546	.000000
2.0703	.965589	.000000
2.07071	.965570	.000000
2.07112	.965551	.000000
2.07154	.965581	.000000
2.07195	.965576	.000000
2.07237	.965542	.000000
2.07278	.965518	.000000
2.07319	.965598	.000000
2.07361	.965564	.000000
2.07402	.965465	.000000
2.07444	.965486	.000000
2.07485	.965495	.000000
2.07527	.965469	.000000
2.07568	.965518	.000000
2.0761	.965574	.000000
2.07652	.965529	.000000
2.07693	.965460	.000000
2.07735	.965506	.000000
2.07776	.965471	.000000
2.07818	.965377	.000000
2.0786	.965415	.000000
2.07901	.965402	.000000
2.07943	.965387	.000000
2.07985	.965458	.000000
2.08026	.965491	.000000
2.08068	.965422	.000000
2.0811	.965308	.000000
2.08152	.965312	.000000
2.08194	.965319	.000000
2.08235	.965346	.000000
2.08277	.965381	.000000
2.08319	.965303	.000000
2.08361	.965228	.000000
2.08403	.965224	.000000
2.08445	.965258	.000000
2.08487	.965332	.000000
2.08528	.965353	.000000
2.0857	.965400	.000000
2.08612	.965362	.000000
2.08654	.965261	.000000
2.08696	.965282	.000000
2.08738	.965289	.000000
2.0878	.965280	.000000
2.08822	.965280	.000000
2.08865	.965271	.000000
2.08907	.965246	.000000
2.08949	.965248	.000000
2.08991	.965211	.000000
2.09033	.965218	.000000
2.09075	.965259	.000000
2.09117	.965276	.000000
2.09159	.965261	.000000
2.09202	.965248	.000000
2.09244	.965237	.000000
2.09286	.965177	.000000
2.09328	.965099	.000000
2.09371	.965125	.000000
2.09413	.965196	.000000
2.09455	.965205	.000000
2.09497	.965172	.000000
2.0954	.965144	.000000
2.09582	.965123	.000000
2.09624	.965117	.000000
2.09667	.965172	.000000
2.09709	.965142	.000000
2.09752	.965078	.000000
2.09794	.965057	.000000
2.09837	.965095	.000000
2.09879	.965101	.000000
2.09922	.965104	.000000
2.09964	.965082	.000000
2.10007	.965076	.000000
2.10049	.965071	.000000
2.10092	.965108	.000000
2.10134	.965029	.000000
2.10177	.964934	.000000
2.10219	.964930	.000000
2.10262	.964887	.000000
2.10305	.964934	.000000
2.10347	.965001	.000000
2.1039	.965028	.000000
2.10433	.965013	.000000
2.10475	.965013	.000000
2.10518	.965097	.000000
2.10561	.965099	.000000
2.10604	.965022	.000000
2.10646	.964945	.000000
2.10689	.964915	.000000
2.10732	.964975	.000000
2.10775	.964999	.000000
2.10818	.964908	.000000
2.10861	.964846	.000000
2.10904	.964882	.000000
2.10946	.964979	.000000
2.10989	.964973	.000000
2.11032	.964908	.000000
2.11075	.964942	.000000
2.11118	.964940	.000000
2.11161	.964927	.000000
2.11204	.964927	.000000
2.11247	.964857	.000000
2.1129	.964827	.000000
2.11333	.964852	.000000
2.11376	.964844	.000000
2.1142	.964822	.000000
2.11463	.964829	.000000
2.11506	.964797	.000000
2.11549	.964807	.000000
2.11592	.964852	.000000
2.11635	.964887	.000000
2.11678	.964915	.000000
2.11722	.964882	.000000
2.11765	.964839	.000000
2.11808	.964878	.000000
2.11851	.964872	.000000
2.11895	.964863	.000000
2.11938	.964891	.000000
2.11981	.964726	.000000
2.12025	.964638	.000000
2.12068	.964646	.000000
2.12111	.964745	.000000
2.12155	.964797	.000000
2.12198	.964753	.000000
2.12242	.964710	.000000
2.12285	.964648	.000000
2.12329	.964730	.000000
2.12372	.964792	.000000
2.12416	.964768	.000000
2.12459	.964736	.000000
2.12503	.964682	.000000
2.12546	.964725	.000000
2.1259	.964723	.000000
2.12633	.964682	.000000
2.12677	.964629	.000000
2.12721	.964599	.000000
2.12764	.964573	.000000
2.12808	.964629	.000000
2.12852	.964685	.000000
2.12895	.964620	.000000
2.12939	.964543	.000000
2.12983	.964494	.000000
2.13027	.964567	.000000
2.1307	.964625	.000000
2.13114	.964560	.000000
2.13158	.964515	.000000
2.13202	.964485	.000000
2.13246	.964487	.000000
2.13289	.964511	.000000
2.13333	.964491	.000000
2.13377	.964360	.000000
2.13421	.964360	.000000
2.13465	.964461	.000000
2.13509	.964444	.000000
2.13553	.964433	.000000
2.13597	.964423	.000000
2.13641	.964386	.000000
2.13685	.964377	.000000
2.13729	.964352	.000000
2.13773	.964334	.000000
2.13817	.964274	.000000
2.13861	.964225	.000000
2.13905	.964294	.000000
2.1395	.964380	.000000
2.13994	.964347	.000000
2.14038	.964233	.000000
2.14082	.964160	.000000
2.14126	.964118	.000000
2.1417	.964102	.000000
2.14215	.964182	.000000
2.14259	.964186	.000000
2.14303	.964081	.000000
2.14348	.964051	.000000
2.14392	.964115	.000000
2.14436	.964124	.000000
2.14481	.964104	.000000
2.14525	.964049	.000000
2.14569	.963982	.000000
2.14614	.964036	.000000
2.14658	.964081	.000000
2.14703	.964089	.000000
2.14747	.964032	.000000
2.14792	.963952	.000000
2.14836	.963916	.000000
2.14881	.963933	.000000
2.14925	.963945	.000000
2.1497	.963928	.000000
2.15014	.963873	.000000
2.15059	.963815	.000000
2.15103	.963795	.000000
2.15148	.963754	.000000
2.15193	.963724	.000000
2.15237	.963731	.000000
2.15282	.963692	.000000
2.15327	.963688	.000000
2.15371	.963696	.000000
2.15416	.963619	.000000
2.15461	.963580	.000000
2.15506	.963550	.000000
2.15551	.963499	.000000
2.15595	.963488	.000000
2.1564	.963522	.000000
2.15685	.963520	.000000
2.1573	.963466	.000000
2.15775	.963477	.000000
2.1582	.963423	.000000
2.15865	.963348	.000000
2.1591	.963383	.000000
2.15955	.963430	.000000
2.16	.963395	.000000
2.16045	.963333	.000000
2.1609	.963267	.000000
2.16135	.963275	.000000
2.1618	.963294	.000000
2.16225	.963279	.000000
2.1627	.963221	.000000
2.16315	.963166	.000000
2.1636	.963101	.000000
2.16405	.962977	.000000
2.1645	.962949	.000000
2.16496	.963039	.000000
2.16541	.963052	.000000
2.16586	.962968	.000000
2.16631	.962912	.000000
2.16677	.962863	.000000
2.16722	.962843	.000000
2.16767	.962862	.000000
2.16813	.962768	.000000
2.16858	.962661	.000000
2.16903	.962650	.000000
2.16949	.962639	.000000
2.16994	.962656	.000000
2.17039	.962618	.000000
2.17085	.962538	.000000
2.1713	.962525	.000000
2.17176	.962443	.000000
2.17221	.962334	.000000
2.17267	.962276	.000000
2.17312	.962233	.000000
2.17358	.962220	.000000
2.17403	.962183	.000000
2.17449	.962136	.000000
2.17495	.962080	.000000
2.1754	.962033	.000000
2.17586	.961971	.000000
2.17632	.961840	.000000
2.17677	.961728	.000000
2.17723	.961685	.000000
2.17769	.961661	.000000
2.17814	.961597	.000000
2.1786	.961504	.000000
2.17906	.961470	.000000
2.17952	.961397	.000000
2.17998	.961245	.000000
2.18043	.961208	.000000
2.18089	.961157	.000000
2.18135	.961083	.000000
2.18181	.961056	.000000
2.18227	.961000	.000000
2.18273	.960982	.000000
2.18319	.960967	.000000
2.18365	.960851	.000000
2.18411	.960746	.000000
2.18457	.960710	.000000
2.18503	.960667	.000000
2.18549	.960587	.000000
2.18595	.960493	.000000
2.18641	.960387	.000000
2.18687	.960381	.000000
2.18733	.960413	.000000
2.18779	.960361	.000000
2.18826	.960291	.000000
2.18872	.960189	.000000
2.18918	.960112	.000000
2.18964	.960071	.000000
2.1901	.960074	.000000
2.19057	.960022	.000000
2.19103	.959994	.000000
2.19149	.960071	.000000
2.19196	.960104	.000000
2.19242	.959994	.000000
2.19288	.959927	.000000
2.19335	.959912	.000000
2.19381	.959854	.000000
2.19428	.959833	.000000
2.19474	.959826	.000000
2.1952	.959762	.000000
2.19567	.959738	.000000
2.19613	.959687	.000000
2.1966	.959691	.000000
2.19707	.959693	.000000
2.19753	.959646	.000000
2.198	.959652	.000000
2.19846	.959637	.000000
2.19893	.959549	.000000
2.1994	.959538	.000000
2.19986	.959523	.000000
2.20033	.959427	.000000
2.2008	.959369	.000000
2.20126	.959388	.000000
2.20173	.959429	.000000
2.2022	.959375	.000000
2.20267	.959345	.000000
2.20313	.959403	.000000
2.2036	.959356	.000000
2.20407	.959261	.000000
2.20454	.959253	.000000
2.20501	.959281	.000000
2.20548	.959207	.000000
2.20595	.959158	.000000
2.20641	.959119	.000000
2.20688	.959150	.000000
2.20735	.959227	.000000
2.20782	.959188	.000000
2.20829	.959036	.000000
2.20876	.959051	.000000
2.20924	.959070	.000000
2.20971	.958986	.000000
2.21018	.959021	.000000
2.21065	.959042	.000000
2.21112	.958933	.000000
2.21159	.958849	.000000
2.21206	.958846	.000000
2.21254	.958846	.000000
2.21301	.958782	.000000
2.21348	.958745	.000000
2.21395	.958774	.000000
2.21442	.958840	.000000
2.2149	.958733	.000000
2.21537	.958612	.000000
2.21584	.958778	.000000
2.21632	.958803	.000000
2.21679	.958702	.000000
2.21727	.958692	.000000
2.21774	.958703	.000000
2.21821	.958679	.000000
2.21869	.958625	.000000
2.21916	.958584	.000000
2.21964	.958572	.000000
2.22011	.958589	.000000
2.22059	.958576	.000000
2.22107	.958586	.000000
2.22154	.958612	.000000
2.22202	.958569	.000000
2.22249	.958563	.000000
2.22297	.958513	.000000
2.22345	.958466	.000000
2.22392	.958440	.000000
2.2244	.958397	.000000
2.22488	.958393	.000000
2.22535	.958410	.000000
2.22583	.958385	.000000
2.22631	.958283	.000000
2.22679	.958311	.000000
2.22727	.958363	.000000
2.22775	.958326	.000000
2.22822	.958303	.000000
2.2287	.958277	.000000
2.22918	.958318	.000000
2.22966	.958404	.000000
2.23014	.958369	.000000
2.23062	.958333	.000000
2.2311	.958314	.000000
2.23158	.958297	.000000
2.23206	.958337	.000000
2.23254	.958398	.000000
2.23302	.958269	.000000
2.2335	.958226	.000000
2.23398	.958299	.000000
2.23447	.958326	.000000
2.23495	.958307	.000000
2.23543	.958284	.000000
2.23591	.958200	.000000
2.23639	.958202	.000000
2.23688	.958279	.000000
2.23736	.958301	.000000
2.23784	.958236	.000000
2.23832	.958245	.000000
2.23881	.958297	.000000
2.23929	.958299	.000000
2.23977	.958316	.000000
2.24026	.958290	.000000
2.24074	.958217	.000000
2.24123	.958191	.000000
2.24171	.958163	.000000
2.2422	.958213	.000000
2.24268	.958211	.000000
2.24317	.958157	.000000
2.24365	.958080	.000000
2.24414	.958090	.000000
2.24462	.958193	.000000
2.24511	.958193	.000000
2.24559	.958071	.000000
2.24608	.958095	.000000
2.24657	.958135	.000000
2.24705	.958092	.000000
2.24754	.958045	.000000
2.24803	.958099	.000000
2.24852	.958097	.000000
2.249	.958036	.000000
2.24949	.958092	.000000
2.24998	.958140	.000000
2.25047	.958032	.000000
2.25096	.957987	.000000
2.25145	.957987	.000000
2.25194	.957957	.000000
2.25242	.957966	.000000
2.25291	.957946	.000000
2.2534	.957948	.000000
2.25389	.957923	.000000
2.25438	.957873	.000000
2.25487	.957813	.000000
2.25536	.957770	.000000
2.25585	.957807	.000000
2.25635	.957813	.000000
2.25684	.957824	.000000
2.25733	.957869	.000000
2.25782	.957854	.000000
2.25831	.957875	.000000
2.2588	.957925	.000000
2.25929	.957852	.000000
2.25979	.957792	.000000
2.26028	.957734	.000000
2.26077	.957749	.000000
2.26127	.957719	.000000
2.26176	.957626	.000000
2.26225	.957673	.000000
2.26275	.957796	.000000
2.26324	.957738	.000000
2.26373	.957637	.000000
2.26423	.957630	.000000
2.26472	.957564	.000000
2.26522	.957523	.000000
2.26571	.957675	.000000
2.26621	.957727	.000000
2.2667	.957714	.000000
2.2672	.957712	.000000
2.26769	.957654	.000000
2.26819	.957592	.000000
2.26869	.957641	.000000
2.26918	.957697	.000000
2.26968	.957706	.000000
2.27018	.957710	.000000
2.27067	.957691	.000000
2.27117	.957611	.000000
2.27167	.957594	.000000
2.27217	.957630	.000000
2.27266	.957562	.000000
2.27316	.957572	.000000
2.27366	.957643	.000000
2.27416	.957609	.000000
2.27466	.957600	.000000
2.27516	.957635	.000000
2.27566	.957658	.000000
2.27616	.957562	.000000
2.27666	.957527	.000000
2.27716	.957495	.000000
2.27766	.957521	.000000
2.27816	.957495	.000000
2.27866	.957446	.000000
2.27916	.957519	.000000
2.27966	.957609	.000000
2.28016	.957589	.000000
2.28066	.957480	.000000
2.28116	.957480	.000000
2.28167	.957557	.000000
2.28217	.957605	.000000
2.28267	.957581	.000000
2.28317	.957525	.000000
2.28368	.957463	.000000
2.28418	.957493	.000000
2.28468	.957519	.000000
2.28518	.957469	.000000
2.28569	.957482	.000000
2.28619	.957508	.000000
2.2867	.957540	.000000
2.2872	.957546	.000000
2.28771	.957546	.000000
2.28821	.957579	.000000
2.28872	.957560	.000000
2.28922	.957635	.000000
2.28973	.957676	.000000
2.29023	.957639	.000000
2.29074	.957602	.000000
2.29124	.957575	.000000
2.29175	.957549	.000000
2.29226	.957517	.000000
2.29276	.957418	.000000
2.29327	.957377	.000000
2.29378	.957426	.000000
2.29429	.957446	.000000
2.29479	.957461	.000000
2.2953	.957499	.000000
2.29581	.957467	.000000
2.29632	.957458	.000000
2.29683	.957437	.000000
2.29734	.957503	.000000
2.29784	.957542	.000000
2.29835	.957546	.000000
2.29886	.957508	.000000
2.29937	.957469	.000000
2.29988	.957491	.000000
2.30039	.957493	.000000
2.3009	.957536	.000000
2.30141	.957510	.000000
2.30193	.957484	.000000
2.30244	.957572	.000000
2.30295	.957529	.000000
2.30346	.957392	.000000
2.30397	.957385	.000000
2.30448	.957471	.000000
2.305	.957430	.000000
2.30551	.957396	.000000
2.30602	.957387	.000000
2.30653	.957439	.000000
2.30705	.957529	.000000
2.30756	.957514	.000000
2.30807	.957379	.000000
2.30859	.957403	.000000
2.3091	.957517	.000000
2.30962	.957497	.000000
2.31013	.957398	.000000
2.31065	.957394	.000000
2.31116	.957403	.000000
2.31168	.957388	.000000
2.31219	.957407	.000000
2.31271	.957402	.000000
2.31322	.957388	.000000
2.31374	.957379	.000000
2.31425	.957375	.000000
2.31477	.957342	.000000
2.31529	.957332	.000000
2.3158	.957319	.000000
2.31632	.957287	.000000
2.31684	.957302	.000000
2.31736	.957299	.000000
2.31788	.957248	.000000
2.31839	.957241	.000000
2.31891	.957323	.000000
2.31943	.957422	.000000
2.31995	.957445	.000000
2.32047	.957366	.000000
2.32099	.957282	.000000
2.32151	.957291	.000000
2.32203	.957280	.000000
2.32255	.957282	.000000
2.32307	.957287	.000000
2.32359	.957274	.000000
2.32411	.957297	.000000
2.32463	.957327	.000000
2.32515	.957338	.000000
2.32567	.957297	.000000
2.3262	.957276	.000000
2.32672	.957256	.000000
2.32724	.957153	.000000
2.32776	.957166	.000000
2.32828	.957158	.000000
2.32881	.957130	.000000
2.32933	.957136	.000000
2.32985	.957170	.000000
2.33038	.957130	.000000
2.3309	.957143	.000000
2.33143	.957158	.000000
2.33195	.957104	.000000
2.33247	.957026	.000000
2.333	.956956	.000000
2.33352	.956939	.000000
2.33405	.956996	.000000
2.33457	.956988	.000000
2.3351	.956885	.000000
2.33563	.956863	.000000
2.33615	.956915	.000000
2.33668	.956945	.000000
2.33721	.956887	.000000
2.33773	.956882	.000000
2.33826	.956923	.000000
2.33879	.956917	.000000
2.33931	.956898	.000000
2.33984	.956842	.000000
2.34037	.956794	.000000
2.3409	.956771	.000000
2.34143	.956784	.000000
2.34196	.956749	.000000
2.34249	.956696	.000000
2.34301	.956642	.000000
2.34354	.956571	.000000
2.34407	.956549	.000000
2.3446	.956552	.000000
2.34513	.956562	.000000
2.34566	.956543	.000000
2.3462	.956498	.000000
2.34673	.956483	.000000
2.34726	.956564	.000000
2.34779	.956597	.000000
2.34832	.956468	.000000
2.34885	.956388	.000000
2.34938	.956362	.000000
2.34992	.956363	.000000
2.35045	.956390	.000000
2.35098	.956362	.000000
2.35152	.956352	.000000
2.35205	.956337	.000000
2.35258	.956341	.000000
2.35312	.956345	.000000
2.35365	.956332	.000000
2.35419	.956307	.000000
2.35472	.956208	.000000
2.35525	.956124	.000000
2.35579	.956152	.000000
2.35632	.956143	.000000
2.35686	.956111	.000000
2.3574	.956096	.000000
2.35793	.956047	.000000
2.35847	.956049	.000000
2.35901	.956042	.000000
2.35954	.955987	.000000
2.36008	.955907	.000000
2.36062	.955845	.000000
2.36115	.955784	.000000
2.36169	.955787	.000000
2.36223	.955815	.000000
2.36277	.955733	.000000
2.36331	.955636	.000000
2.36384	.955699	.000000
2.36438	.955727	.000000
2.36492	.955623	.000000
2.36546	.955553	.000000
2.366	.955462	.000000
2.36654	.955445	.000000
2.36708	.955449	.000000
2.36762	.955423	.000000
2.36816	.955391	.000000
2.3687	.955368	.000000
2.36925	.955273	.000000
2.36979	.955172	.000000
2.37033	.955078	.000000
2.37087	.955076	.000000
2.37141	.955095	.000000
2.37196	.955067	.000000
2.3725	.955054	.000000
2.37304	.955043	.000000
2.37358	.955041	.000000
2.37413	.955071	.000000
2.37467	.955032	.000000
2.37522	.954869	.000000
2.37576	.954755	.000000
2.3763	.954749	.000000
2.37685	.954657	.000000
2.37739	.954502	.000000
2.37794	.954407	.000000
2.37848	.954437	.000000
2.37903	.954482	.000000
2.37958	.954467	.000000
2.38012	.954379	.000000
2.38067	.954325	.000000
2.38122	.954285	.000000
2.38176	.954188	.000000
2.38231	.954136	.000000
2.38286	.954115	.000000
2.3834	.954126	.000000
2.38395	.954010	.000000
2.3845	.953818	.000000
2.38505	.953836	.000000
2.3856	.953842	.000000
2.38615	.953750	.000000
2.3867	.953690	.000000
2.38724	.953653	.000000
2.38779	.953591	.000000
2.38834	.953470	.000000
2.38889	.953408	.000000
2.38945	.953400	.000000
2.39	.953391	.000000
2.39055	.953309	.000000
2.3911	.953264	.000000
2.39165	.953204	.000000
2.3922	.953073	.000000
2.39275	.952957	.000000
2.39331	.952914	.000000
2.39386	.952931	.000000
2.39441	.952901	.000000
2.39496	.952751	.000000
2.39552	.952606	.000000
2.39607	.952587	.000000
2.39663	.952600	.000000
2.39718	.952563	.000000
2.39773	.952525	.000000
2.39829	.952370	.000000
2.39884	.952233	.000000
2.3994	.952188	.000000
2.39995	.952130	.000000
2.40051	.952061	.000000
2.40106	.951999	.000000
2.40162	.951977	.000000
2.40218	.951900	.000000
2.40273	.951751	.000000
2.40329	.951695	.000000
2.40385	.951710	.000000
2.4044	.951601	.000000
2.40496	.951521	.000000
2.40552	.951545	.000000
2.40608	.951532	.000000
2.40664	.951382	.000000
2.4072	.951218	.000000
2.40775	.951143	.000000
2.40831	.951133	.000000
2.40887	.951055	.000000
2.40943	.950930	.000000
2.40999	.950812	.000000
2.41055	.950744	.000000
2.41111	.950718	.000000
2.41167	.950671	.000000
2.41223	.950598	.000000
2.4128	.950492	.000000
2.41336	.950395	.000000
2.41392	.950393	.000000
2.41448	.950385	.000000
2.41504	.950254	.000000
2.41561	.950125	.000000
2.41617	.950047	.000000
2.41673	.950037	.000000
2.4173	.950032	.000000
2.41786	.949878	.000000
2.41842	.949762	.000000
2.41899	.949691	.000000
2.41955	.949626	.000000
2.42012	.949583	.000000
2.42068	.949486	.000000
2.42125	.949345	.000000
2.42181	.949255	.000000
2.42238	.949093	.000000
2.42294	.948992	.000000
2.42351	.948992	.000000
2.42408	.948930	.000000
2.42464	.948874	.000000
2.42521	.948827	.000000
2.42578	.948741	.000000
2.42635	.948636	.000000
2.42691	.948528	.000000
2.42748	.948449	.000000
2.42805	.948371	.000000
2.42862	.948208	.000000
2.42919	.948152	.000000
2.42976	.948088	.000000
2.43033	.947982	.000000
2.4309	.947931	.000000
2.43147	.947875	.000000
2.43204	.947823	.000000
2.43261	.947772	.000000
2.43318	.947714	.000000
2.43375	.947533	.000000
2.43432	.947374	.000000
2.43489	.947377	.000000
2.43546	.947319	.000000
2.43604	.947187	.000000
2.43661	.947114	.000000
2.43718	.947026	.000000
2.43775	.946839	.000000
2.43833	.946667	.000000
2.4389	.946684	.000000
2.43947	.946676	.000000
2.44005	.946521	.000000
2.44062	.946399	.000000
2.4412	.946356	.000000
2.44177	.946296	.000000
2.44235	.946162	.000000
2.44292	.946062	.000000
2.4435	.946038	.000000
2.44407	.945965	.000000
2.44465	.945771	.000000
2.44523	.945653	.000000
2.4458	.945600	.000000
2.44638	.945571	.000000
2.44696	.945509	.000000
2.44754	.945391	.000000
2.44811	.945249	.000000
2.44869	.945138	.000000
2.44927	.945019	.000000
2.44985	.945004	.000000
2.45043	.945054	.000000
2.45101	.944901	.000000
2.45159	.944748	.000000
2.45217	.944719	.000000
2.45275	.944637	.000000
2.45333	.944531	.000000
2.45391	.944469	.000000
2.45449	.944336	.000000
2.45507	.944239	.000000
2.45565	.944203	.000000
2.45623	.944171	.000000
2.45681	.944112	.000000
2.4574	.943981	.000000
2.45798	.943807	.000000
2.45856	.943752	.000000
2.45914	.943706	.000000
2.45973	.943610	.000000
2.46031	.943474	.000000
2.46089	.943356	.000000
2.46148	.943315	.000000
2.46206	.943294	.000000
2.46265	.943186	.000000
2.46323	.943087	.000000
2.46382	.943027	.000000
2.4644	.942939	.000000
2.46499	.942851	.000000
2.46558	.942802	.000000
2.46616	.942737	.000000
2.46675	.942623	.000000
2.46734	.942512	.000000
2.46792	.942505	.000000
2.46851	.942430	.000000
2.4691	.942359	.000000
2.46969	.942292	.000000
2.47027	.942185	.000000
2.47086	.942116	.000000
2.47145	.942073	.000000
2.47204	.942015	.000000
2.47263	.941994	.000000
2.47322	.941865	.000000
2.47381	.941745	.000000
2.4744	.941614	.000000
2.47499	.941513	.000000
2.47558	.941465	.000000
2.47617	.941381	.000000
2.47677	.941336	.000000
2.47736	.941311	.000000
2.47795	.941270	.000000
2.47854	.941214	.000000
2.47913	.941156	.000000
2.47973	.941007	.000000
2.48032	.940906	.000000
2.48091	.940922	.000000
2.48151	.940915	.000000
2.4821	.940864	.000000
2.48269	.940741	.000000
2.48329	.940660	.000000
2.48388	.940593	.000000
2.48448	.940528	.000000
2.48507	.940470	.000000
2.48567	.940483	.000000
2.48627	.940374	.000000
2.48686	.940234	.000000
2.48746	.940210	.000000
2.48806	.940157	.000000
2.48865	.940150	.000000
2.48925	.940206	.000000
2.48985	.940097	.000000
2.49045	.940004	.000000
2.49104	.939974	.000000
2.49164	.939946	.000000
2.49224	.939884	.000000
2.49284	.939811	.000000
2.49344	.939744	.000000
2.49404	.939725	.000000
2.49464	.939692	.000000
2.49524	.939619	.000000
2.49584	.939577	.000000
2.49644	.939585	.000000
2.49704	.939501	.000000
2.49764	.939491	.000000
2.49825	.939463	.000000
2.49885	.939370	.000000
2.49945	.939286	.000000
2.50005	.939239	.000000
2.50066	.939155	.000000
2.50126	.939080	.000000
2.50186	.939046	.000000
2.50247	.939001	.000000
2.50307	.938927	.000000
2.50368	.938882	.000000
2.50428	.938925	.000000
2.50488	.938893	.000000
2.50549	.938865	.000000
2.5061	.938721	.000000
2.5067	.938620	.000000
2.50731	.938640	.000000
2.50791	.938635	.000000
2.50852	.938625	.000000
2.50913	.938564	.000000
2.50973	.938588	.000000
2.51034	.938635	.000000
2.51095	.938577	.000000
2.51156	.938489	.000000
2.51217	.938319	.000000
2.51278	.938203	.000000
2.51338	.938276	.000000
2.51399	.938369	.000000
2.5146	.938343	.000000
2.51521	.938186	.000000
2.51582	.938072	.000000
2.51643	.938034	.000000
2.51704	.938060	.000000
2.51766	.938046	.000000
2.51827	.937995	.000000
2.51888	.937993	.000000
2.51949	.938014	.000000
2.5201	.938044	.000000
2.52072	.937881	.000000
2.52133	.937748	.000000
2.52194	.937739	.000000
2.52256	.937742	.000000
2.52317	.937713	.000000
2.52378	.937675	.000000
2.5244	.937643	.000000
2.52501	.937608	.000000
2.52563	.937557	.000000
2.52624	.937627	.000000
2.52686	.937589	.000000
2.52747	.937503	.000000
2.52809	.937559	.000000
2.52871	.937497	.000000
2.52932	.937408	.000000
2.52994	.937436	.000000
2.53056	.937475	.000000
2.53118	.937426	.000000
2.53179	.937309	.000000
2.53241	.937224	.000000
2.53303	.937206	.000000
2.53365	.937196	.000000
2.53427	.937185	.000000
2.53489	.937211	.000000
2.53551	.937114	.000000
2.53613	.937013	.000000
2.53675	.936996	.000000
2.53737	.937002	.000000
2.53799	.936955	.000000
2.53861	.936955	.000000
2.53923	.936925	.000000
2.53986	.936908	.000000
2.54048	.936957	.000000
2.5411	.936977	.000000
2.54172	.936899	.000000
2.54235	.936759	.000000
2.54297	.936616	.000000
2.54359	.936630	.000000
2.54422	.936648	.000000
2.54484	.936680	.000000
2.54547	.936665	.000000
2.54609	.936590	.000000
2.54672	.936598	.000000
2.54734	.936538	.000000
2.54797	.936442	.000000
2.54859	.936448	.000000
2.54922	.936478	.000000
2.54985	.936484	.000000
2.55048	.936381	.000000
2.5511	.936270	.000000
2.55173	.936212	.000000
2.55236	.936096	.000000
2.55299	.936061	.000000
2.55362	.936130	.000000
2.55424	.936151	.000000
2.55487	.936074	.000000
2.5555	.936012	.000000
2.55613	.936083	.000000
2.55676	.936057	.000000
2.55739	.936022	.000000
2.55803	.935902	.000000
2.55866	.935855	.000000
2.55929	.935879	.000000
2.55992	.935749	.000000
2.56055	.935586	.000000
2.56118	.935414	.000000
2.56182	.935447	.000000
2.56245	.935451	.000000
2.56308	.935386	.000000
2.56372	.935470	.000000
2.56435	.935384	.000000
2.56499	.935444	.000000
2.56562	.935470	.000000
2.56625	.935427	.000000
2.56689	.935429	.000000
2.56753	.935391	.000000
2.56816	.935268	.000000
2.5688	.935197	.000000
2.56943	.934969	.000000
2.57007	.934997	.000000
2.57071	.935197	.000000
2.57135	.935131	.000000
2.57198	.935028	.000000
2.57262	.934912	.000000
2.57326	.934669	.000000
2.5739	.934740	.000000
2.57454	.934819	.000000
2.57518	.934725	.000000
2.57582	.934725	.000000
2.57646	.934540	.000000
2.5771	.934452	.000000
2.57774	.934658	.000000
2.57838	.934690	.000000
2.57902	.934611	.000000
2.57966	.934564	.000000
2.5803	.934559	.000000
2.58095	.934443	.000000
2.58159	.934346	.000000
2.58223	.934284	.000000
2.58287	.934159	.000000
2.58352	.933822	.000000
2.58416	.933743	.000000
2.58481	.934112	.000000
2.58545	.934200	.000000
2.5861	.934033	.000000
2.58674	.933837	.000000
2.58739	.933786	.000000
2.58803	.933923	.000000
2.58868	.933914	.000000
2.58932	.933777	.000000
2.58997	.933768	.000000
2.59062	.933837	.000000
2.59127	.933891	.000000
2.59191	.933805	.000000
2.59256	.933693	.000000
2.59321	.933674	.000000
2.59386	.933079	.000000
2.59451	.932479	.000000
2.59516	.932915	.000000
2.59581	.932971	.000000
2.59646	.933203	.000000
2.59711	.933431	.000000
2.59776	.933380	.000000
2.59841	.933407	.000000
2.59906	.933337	.000000
2.59971	.933210	.000000
2.60036	.933139	.000000
2.60101	.932993	.000000
2.60167	.932821	.000000
2.60232	.932915	.000000
2.60297	.932943	.000000
2.60363	.932825	.000000
2.60428	.932675	.000000
2.60493	.932268	.000000
2.60559	.932000	.000000
2.60624	.932492	.000000
2.6069	.932511	.000000
2.60756	.932268	.000000
2.60821	.932290	.000000
2.60887	.932264	.000000
2.60952	.932058	.000000
2.61018	.932021	.000000
2.61084	.932125	.000000
2.6115	.932067	.000000
2.61215	.931989	.000000
2.61281	.931834	.000000
2.61347	.931777	.000000
2.61413	.931740	.000000
2.61479	.931701	.000000
2.61545	.931669	.000000
2.61611	.931319	.000000
2.61677	.930984	.000000
2.61743	.931042	.000000
2.61809	.931218	.000000
2.61875	.931196	.000000
2.61941	.931042	.000000
2.62007	.930491	.000000
2.62074	.930504	.000000
2.6214	.930883	.000000
2.62206	.930823	.000000
2.62272	.930822	.000000
2.62339	.930724	.000000
2.62405	.930582	.000000
2.62472	.930481	.000000
2.62538	.930330	.000000
2.62604	.929881	.000000
2.62671	.929654	.000000
2.62738	.929931	.000000
2.62804	.929937	.000000
2.62871	.929873	.000000
2.62937	.929694	.000000
2.63004	.929033	.000000
2.63071	.928816	.000000
2.63138	.929226	.000000
2.63204	.929219	.000000
2.63271	.928968	.000000
2.63338	.928740	.000000
2.63405	.928573	.000000
2.63472	.928556	.000000
2.63539	.928485	.000000
2.63606	.928339	.000000
2.63673	.928280	.000000
2.6374	.928136	.000000
2.63807	.928012	.000000
2.63874	.927851	.000000
2.63941	.927659	.000000
2.64009	.927488	.000000
2.64076	.927227	.000000
2.64143	.926957	.000000
2.6421	.926899	.000000
2.64278	.926787	.000000
2.64345	.926620	.000000
2.64412	.926533	.000000
2.6448	.926342	.000000
2.64547	.926020	.000000
2.64615	.925824	.000000
2.64682	.925702	.000000
2.6475	.925528	.000000
2.64818	.925279	.000000
2.64885	.925040	.000000
2.64953	.924847	.000000
2.65021	.924686	.000000
2.65088	.924494	.000000
2.65156	.924213	.000000
2.65224	.923712	.000000
2.65292	.923388	.000000
2.6536	.923240	.000000
2.65428	.923085	.000000
2.65496	.922864	.000000
2.65564	.922597	.000000
2.65632	.922324	.000000
2.657	.922043	.000000
2.65768	.921746	.000000
2.65836	.921458	.000000
2.65904	.921018	.000000
2.65972	.920496	.000000
2.6604	.920306	.000000
2.66109	.920083	.000000
2.66177	.919546	.000000
2.66245	.919058	.000000
2.66314	.918508	.000000
2.66382	.917850	.000000
2.66451	.916834	.000000
2.66519	.916003	.000000
2.66588	.915614	.000000
2.66656	.914174	.000000
2.66725	.912296	.000000
2.66793	.910254	.000000
2.66862	.907266	.000000
2.66931	.903641	.000000
2.67	.899307	.000000
2.67068	.895737	.000000
2.67137	.893572	.000000
2.67206	.891605	.000000
2.67275	.889865	.000000
2.67344	.888630	.000000
2.67413	.887875	.000000
2.67482	.887368	.000000
2.67551	.886956	.000000
2.6762	.886519	.000000
2.67689	.886408	.000000
2.67758	.886373	.000000
2.67827	.886485	.000000
2.67896	.886178	.000000
2.67965	.886044	.000000
2.68035	.886272	.000000
2.68104	.886218	.000000
2.68173	.885980	.000000
2.68243	.885737	.000000
2.68312	.885434	.000000
2.68382	.885250	.000000
2.68451	.885056	.000000
2.68521	.884753	.000000
2.6859	.884426	.000000
2.6866	.884117	.000000
2.68729	.883898	.000000
2.68799	.883636	.000000
2.68869	.883271	.000000
2.68938	.882929	.000000
2.69008	.882535	.000000
2.69078	.882117	.000000
2.69148	.881702	.000000
2.69218	.881266	.000000
2.69288	.880720	.000000
2.69358	.880007	.000000
2.69428	.879652	.000000
2.69498	.879248	.000000
2.69568	.878558	.000000
2.69638	.878036	.000000
2.69708	.877518	.000000
2.69778	.876798	.000000
2.69848	.875956	.000000
2.69918	.874940	.000000
2.69989	.873971	.000000
2.70059	.872845	.000000
2.70129	.871609	.000000
2.702	.870604	.000000
2.7027	.869482	.000000
2.70341	.868278	.000000
2.70411	.867011	.000000
2.70482	.865649	.000000
2.70552	.864321	.000000
2.70623	.862919	.000000
2.70694	.861454	.000000
2.70764	.859931	.000000
2.70835	.858235	.000000
2.70906	.856553	.000000
2.70977	.854933	.000000
2.71047	.852799	.000000
2.71118	.850579	.000000
2.71189	.849028	.000000
2.7126	.847081	.000000
2.71331	.844775	.000000
2.71402	.842347	.000000
2.71473	.839896	.000000
2.71544	.837397	.000000
2.71615	.834837	.000000
2.71686	.832242	.000000
2.71758	.829500	.000000
2.71829	.826887	.000000
2.719	.824272	.000000
2.71971	.821199	.000000
2.72043	.818008	.000000
2.72114	.815286	.000000
2.72186	.812643	.000000
2.72257	.809819	.000000
2.72329	.806667	.000000
2.724	.803403	.000000
2.72472	.800844	.000000
2.72543	.798212	.000000
2.72615	.795345	.000000
2.72687	.792649	.000000
2.72758	.789875	.000000
2.7283	.787127	.000000
2.72902	.784436	.000000
2.72974	.781787	.000000
2.73046	.779142	.000000
2.73118	.776595	.000000
2.7319	.774028	.000000
2.73262	.771524	.000000
2.73334	.769047	.000000
2.73406	.766430	.000000
2.73478	.763795	.000000
2.7355	.761623	.000000
2.73622	.759408	.000000
2.73694	.757138	.000000
2.73767	.755000	.000000
2.73839	.752731	.000000
2.73911	.750451	.000000
2.73984	.748178	.000000
2.74056	.746178	.000000
2.74128	.744291	.000000
2.74201	.742383	.000000
2.74273	.740623	.000000
2.74346	.738831	.000000
2.74419	.736906	.000000
2.74491	.734978	.000000
2.74564	.733257	.000000
2.74637	.731573	.000000
2.74709	.729804	.000000
2.74782	.728063	.000000
2.74855	.726448	.000000
2.74928	.724832	.000000
2.75001	.723225	.000000
2.75074	.721652	.000000
2.75147	.720044	.000000
2.7522	.718491	.000000
2.75293	.717090	.000000
2.75366	.715661	.000000
2.75439	.714150	.000000
2.75512	.712534	.000000
2.75585	.711277	.000000
2.75659	.710306	.000000
2.75732	.709133	.000000
2.75805	.707921	.000000
2.75879	.706787	.000000
2.75952	.705648	.000000
2.76026	.704569	.000000
2.76099	.703415	.000000
2.76173	.702207	.000000
2.76246	.701043	.000000
2.7632	.700185	.000000
2.76393	.699289	.000000
2.76467	.698366	.000000
2.76541	.697384	.000000
2.76615	.696371	.000000
2.76689	.695538	.000000
2.76762	.694805	.000000
2.76836	.694081	.000000
2.7691	.693329	.000000
2.76984	.692429	.000000
2.77058	.691692	.000000
2.77132	.691217	.000000
2.77206	.690602	.000000
2.7728	.689975	.000000
2.77355	.689399	.000000
2.77429	.688812	.000000
2.77503	.688189	.000000
2.77577	.687592	.000000
2.77652	.687012	.000000
2.77726	.686375	.000000
2.778	.685832	.000000
2.77875	.685320	.000000
2.77949	.684798	.000000
2.78024	.684310	.000000
2.78098	.683784	.000000
2.78173	.683342	.000000
2.78248	.682873	.000000
2.78322	.682370	.000000
2.78397	.681932	.000000
2.78472	.681586	.000000
2.78547	.681231	.000000
2.78621	.680655	.000000
2.78696	.680243	.000000
2.78771	.679985	.000000
2.78846	.679796	.000000
2.78921	.679570	.000000
2.78996	.679151	.000000
2.79071	.678827	.000000
2.79146	.678636	.000000
2.79222	.678462	.000000
2.79297	.678217	.000000
2.79372	.677948	.000000
2.79447	.677737	.000000
2.79523	.677626	.000000
2.79598	.677484	.000000
2.79673	.677304	.000000
2.79749	.677237	.000000
2.79824	.677084	.000000
2.799	.676923	.000000
2.79975	.676811	.000000
2.80051	.676706	.000000
2.80127	.676644	.000000
2.80202	.676394	.000000
2.80278	.676248	.000000
2.80354	.676156	.000000
2.8043	.676135	.000000
2.80506	.676152	.000000
2.80582	.676120	.000000
2.80657	.676122	.000000
2.80733	.676152	.000000
2.80809	.676068	.000000
2.80886	.676010	.000000
2.80962	.676053	.000000
2.81038	.676042	.000000
2.81114	.676008	.000000
2.8119	.676023	.000000
2.81266	.675928	.000000
2.81343	.675875	.000000
2.81419	.675933	.000000
2.81496	.675932	.000000
2.81572	.675883	.000000
2.81648	.675952	.000000
2.81725	.675961	.000000
2.81802	.675872	.000000
2.81878	.675814	.000000
2.81955	.675817	.000000
2.82031	.675795	.000000
2.82108	.675816	.000000
2.82185	.675933	.000000
2.82262	.675890	.000000
2.82339	.675804	.000000
2.82416	.675786	.000000
2.82492	.675763	.000000
2.82569	.675829	.000000
2.82646	.675874	.000000
2.82724	.675909	.000000
2.82801	.675778	.000000
2.82878	.675651	.000000
2.82955	.675666	.000000
2.83032	.675720	.000000
2.83109	.675748	.000000
2.83187	.675711	.000000
2.83264	.675735	.000000
2.83342	.675840	.000000
2.83419	.675799	.000000
2.83497	.675692	.000000
2.83574	.675698	.000000
2.83652	.675694	.000000
2.83729	.675746	.000000
2.83807	.675769	.000000
2.83885	.675728	.000000
2.83962	.675608	.000000
2.8404	.675557	.000000
2.84118	.675481	.000000
2.84196	.675567	.000000
2.84274	.675619	.000000
2.84352	.675572	.000000
2.8443	.675578	.000000
2.84508	.675593	.000000
2.84586	.675507	.000000
2.84664	.675524	.000000
2.84742	.675593	.000000
2.8482	.675606	.000000
2.84898	.675542	.000000
2.84977	.675427	.000000
2.85055	.675449	.000000
2.85133	.675460	.000000
2.85212	.675417	.000000
2.8529	.675449	.000000
2.85369	.675427	.000000
2.85447	.675449	.000000
2.85526	.675490	.000000
2.85605	.675503	.000000
2.85683	.675542	.000000
2.85762	.675503	.000000
2.85841	.675412	.000000
2.8592	.675402	.000000
2.85999	.675499	.000000
2.86077	.675561	.000000
2.86156	.675483	.000000
2.86235	.675329	.000000
2.86314	.675333	.000000
2.86393	.675468	.000000
2.86473	.675569	.000000
2.86552	.675593	.000000
2.86631	.675619	.000000
2.8671	.675640	.000000
2.86789	.675533	.000000
2.86869	.675432	.000000
2.86948	.675498	.000000
2.87028	.675559	.000000
2.87107	.675552	.000000
2.87187	.675503	.000000
2.87266	.675565	.000000
2.87346	.675625	.000000
2.87425	.675615	.000000
2.87505	.675647	.000000
2.87585	.675700	.000000
2.87665	.675726	.000000
2.87744	.675705	.000000
2.87824	.675584	.000000
2.87904	.675629	.000000
2.87984	.675683	.000000
2.88064	.675636	.000000
2.88144	.675673	.000000
2.88224	.675758	.000000
2.88304	.675713	.000000
2.88385	.675610	.000000
2.88465	.675586	.000000
2.88545	.675634	.000000
2.88625	.675629	.000000
2.88706	.675655	.000000
2.88786	.675625	.000000
2.88867	.675621	.000000
2.88947	.675705	.000000
2.89028	.675685	.000000
2.89108	.675612	.000000
2.89189	.675614	.000000
2.8927	.675739	.000000
2.8935	.675780	.000000
2.89431	.675799	.000000
2.89512	.675829	.000000
2.89593	.675774	.000000
2.89674	.675748	.000000
2.89755	.675746	.000000
2.89836	.675765	.000000
2.89917	.675817	.000000
2.89998	.675842	.000000
2.90079	.675799	.000000
2.9016	.675883	.000000
2.90241	.675984	.000000
2.90322	.675971	.000000
2.90404	.675939	.000000
2.90485	.675948	.000000
2.90567	.676003	.000000
2.90648	.676048	.000000
2.90729	.676113	.000000
2.90811	.676107	.000000
2.90893	.676079	.000000
2.90974	.676055	.000000
2.91056	.676077	.000000
2.91138	.676061	.000000
2.91219	.676051	.000000
2.91301	.676107	.000000
2.91383	.676051	.000000
2.91465	.676091	.000000
2.91547	.676233	.000000
2.91629	.676354	.000000
2.91711	.676334	.000000
2.91793	.676259	.000000
2.91875	.676272	.000000
2.91957	.676326	.000000
2.92039	.676364	.000000
2.92122	.676347	.000000
2.92204	.676304	.000000
2.92286	.676386	.000000
2.92369	.676485	.000000
2.92451	.676493	.000000
2.92534	.676592	.000000
2.92616	.676646	.000000
2.92699	.676674	.000000
2.92782	.676596	.000000
2.92864	.676523	.000000
2.92947	.676667	.000000
2.9303	.676829	.000000
2.93113	.676889	.000000
2.93195	.676910	.000000
2.93278	.676786	.000000
2.93361	.676730	.000000
2.93444	.676874	.000000
2.93527	.677003	.000000
2.93611	.677131	.000000
2.93694	.677140	.000000
2.93777	.677104	.000000
2.9386	.677174	.000000
2.93943	.677194	.000000
2.94027	.677149	.000000
2.9411	.677254	.000000
2.94194	.677404	.000000
2.94277	.677445	.000000
2.94361	.677527	.000000
2.94444	.677555	.000000
2.94528	.677626	.000000
2.94612	.677694	.000000
2.94695	.677804	.000000
2.94779	.677888	.000000
2.94863	.677795	.000000
2.94947	.677744	.000000
2.95031	.677823	.000000
2.95115	.677969	.000000
2.95199	.678131	.000000
2.95283	.678210	.000000
2.95367	.678212	.000000
2.95451	.678288	.000000
2.95535	.678404	.000000
2.95619	.678518	.000000
2.95704	.678681	.000000
2.95788	.678694	.000000
2.95872	.678679	.000000
2.95957	.678786	.000000
2.96041	.678975	.000000
2.96126	.679100	.000000
2.96211	.679274	.000000
2.96295	.679392	.000000
2.9638	.679450	.000000
2.96465	.679536	.000000
2.96549	.679628	.000000
2.96634	.679667	.000000
2.96719	.679832	.000000
2.96804	.680009	.000000
2.96889	.680065	.000000
2.96974	.680153	.000000
2.97059	.680198	.000000
2.97144	.680232	.000000
2.97229	.680221	.000000
2.97315	.680381	.000000
2.974	.680638	.000000
2.97485	.680731	.000000
2.97571	.680806	.000000
2.97656	.680967	.000000
2.97741	.681117	.000000
2.97827	.681190	.000000
2.97913	.681315	.000000
2.97998	.681448	.000000
2.98084	.681584	.000000
2.9817	.681653	.000000
2.98255	.681831	.000000
2.98341	.682100	.000000
2.98427	.682153	.000000
2.98513	.682265	.000000
2.98599	.682471	.000000
2.98685	.682572	.000000
2.98771	.682699	.000000
2.98857	.682815	.000000
2.98943	.682933	.000000
2.99029	.683112	.000000
2.99116	.683258	.000000
2.99202	.683382	.000000
2.99288	.683612	.000000
2.99375	.683677	.000000
2.99461	.683743	.000000
2.99548	.683909	.000000
2.99634	.684121	.000000
2.99721	.684287	.000000
2.99807	.684368	.000000
2.99894	.684480	.000000
2.99981	.684656	.000000
3.00068	.684835	.000000
3.00155	.685054	.000000
3.00241	.685234	.000000
3.00328	.685277	.000000
3.00415	.685314	.000000
3.00503	.685357	.000000
3.0059	.685602	.000000
3.00677	.685885	.000000
3.00764	.685967	.000000
3.00851	.685986	.000000
3.00939	.686036	.000000
3.01026	.686229	.000000
3.01113	.686502	.000000
3.01201	.686633	.000000
3.01288	.686659	.000000
3.01376	.686816	.000000
3.01463	.686982	.000000
3.01551	.687151	.000000
3.01639	.687257	.000000
3.01727	.687312	.000000
3.01814	.687398	.000000
3.01902	.687426	.000000
3.0199	.687577	.000000
3.02078	.687764	.000000
3.02166	.687925	.000000
3.02254	.688120	.000000
3.02342	.688236	.000000
3.02431	.688279	.000000
3.02519	.688309	.000000
3.02607	.688447	.000000
3.02696	.688539	.000000
3.02784	.688544	.000000
3.02872	.688584	.000000
3.02961	.688810	.000000
3.03049	.688978	.000000
3.03138	.688930	.000000
3.03227	.688933	.000000
3.03315	.688980	.000000
3.03404	.689061	.000000
3.03493	.689130	.000000
3.03582	.689197	.000000
3.03671	.689285	.000000
3.0376	.689311	.000000
3.03849	.689459	.000000
3.03938	.689584	.000000
3.04027	.689676	.000000
3.04116	.689781	.000000
3.04205	.689887	.000000
3.04294	.689973	.000000
3.04384	.689910	.000000
3.04473	.689859	.000000
3.04562	.689934	.000000
3.04652	.690001	.000000
3.04741	.690082	.000000
3.04831	.690119	.000000
3.04921	.690086	.000000
3.0501	.690116	.000000
3.051	.690189	.000000
3.0519	.690198	.000000
3.0528	.690204	.000000
3.0537	.690252	.000000
3.0546	.690245	.000000
3.0555	.690286	.000000
3.0564	.690314	.000000
3.0573	.690211	.000000
3.0582	.690183	.000000
3.0591	.690198	.000000
3.06	.690260	.000000
3.06091	.690329	.000000
3.06181	.690346	.000000
3.06272	.690387	.000000
3.06362	.690366	.000000
3.06453	.690361	.000000
3.06543	.690400	.000000
3.06634	.690443	.000000
3.06725	.690417	.000000
3.06815	.690456	.000000
3.06906	.690482	.000000
3.06997	.690475	.000000
3.07088	.690497	.000000
3.07179	.690634	.000000
3.0727	.690680	.000000
3.07361	.690587	.000000
3.07452	.690581	.000000
3.07543	.690615	.000000
3.07634	.690628	.000000
3.07726	.690613	.000000
3.07817	.690720	.000000
3.07909	.690853	.000000
3.08	.690888	.000000
3.08092	.690851	.000000
3.08183	.690810	.000000
3.08275	.690877	.000000
3.08366	.691000	.000000
3.08458	.691081	.000000
3.0855	.691105	.000000
3.08642	.691159	.000000
3.08734	.691270	.000000
3.08826	.691348	.000000
3.08918	.691352	.000000
3.0901	.691399	.000000
3.09102	.691573	.000000
3.09194	.691664	.000000
3.09286	.691674	.000000
3.09378	.691788	.000000
3.09471	.691919	.000000
3.09563	.691928	.000000
3.09655	.692012	.000000
3.09748	.692168	.000000
3.09841	.692276	.000000
3.09933	.692396	.000000
3.10026	.692469	.000000
3.10119	.692592	.000000
3.10211	.692830	.000000
3.10304	.692869	.000000
3.10397	.692878	.000000
3.1049	.693125	.000000
3.10583	.693243	.000000
3.10676	.693352	.000000
3.10769	.693539	.000000
3.10862	.693726	.000000
3.10956	.693789	.000000
3.11049	.693849	.000000
3.11142	.694051	.000000
3.11236	.694227	.000000
3.11329	.694289	.000000
3.11422	.694418	.000000
3.11516	.694665	.000000
3.1161	.694927	.000000
3.11703	.695039	.000000
3.11797	.695166	.000000
3.11891	.695331	.000000
3.11985	.695383	.000000
3.12079	.695490	.000000
3.12172	.695630	.000000
3.12266	.695783	.000000
3.12361	.696041	.000000
3.12455	.696217	.000000
3.12549	.696197	.000000
3.12643	.696243	.000000
3.12737	.696457	.000000
3.12832	.696593	.000000
3.12926	.696739	.000000
3.13021	.696934	.000000
3.13115	.697083	.000000
3.1321	.697289	.000000
3.13304	.697590	.000000
3.13399	.697802	.000000
3.13494	.697908	.000000
3.13589	.698007	.000000
3.13683	.698063	.000000
3.13778	.698226	.000000
3.13873	.698466	.000000
3.13968	.698690	.000000
3.14063	.698845	.000000
3.14159	.698892	.000000
3.14254	.699073	.000000
3.14349	.699371	.000000
3.14444	.699547	.000000
3.1454	.699676	.000000
3.14635	.699771	.000000
3.14731	.699857	.000000
3.14826	.700059	.000000
3.14922	.700299	.000000
3.15018	.700456	.000000
3.15113	.700585	.000000
3.15209	.700748	.000000
3.15305	.700925	.000000
3.15401	.701052	.000000
3.15497	.701155	.000000
3.15593	.701324	.000000
3.15689	.701595	.000000
3.15785	.701735	.000000
3.15881	.701803	.000000
3.15977	.702115	.000000
3.16074	.702306	.000000
3.1617	.702397	.000000
3.16267	.702459	.000000
3.16363	.702657	.000000
3.1646	.702805	.000000
3.16556	.702947	.000000
3.16653	.703222	.000000
3.1675	.703426	.000000
3.16846	.703553	.000000
3.16943	.703744	.000000
3.1704	.703954	.000000
3.17137	.704154	.000000
3.17234	.704294	.000000
3.17331	.704273	.000000
3.17428	.704395	.000000
3.17525	.704554	.000000
3.17623	.704663	.000000
3.1772	.704924	.000000
3.17817	.705205	.000000
3.17915	.705313	.000000
3.18012	.705429	.000000
3.1811	.705659	.000000
3.18208	.705912	.000000
3.18305	.706043	.000000
3.18403	.706097	.000000
3.18501	.706153	.000000
3.18599	.706391	.000000
3.18696	.706653	.000000
3.18794	.706840	.000000
3.18893	.706958	.000000
3.18991	.706999	.000000
3.19089	.707133	.000000
3.19187	.707416	.000000
3.19285	.707698	.000000
3.19384	.707863	.000000
3.19482	.707964	.000000
3.19581	.708071	.000000
3.19679	.708323	.000000
3.19778	.708546	.000000
3.19876	.708701	.000000
3.19975	.708858	.000000
3.20074	.708980	.000000
3.20173	.709170	.000000
3.20271	.709311	.000000
3.2037	.709408	.000000
3.20469	.709674	.000000
3.20568	.709767	.000000
3.20668	.709791	.000000
3.20767	.710033	.000000
3.20866	.710214	.000000
3.20965	.710347	.000000
3.21065	.710532	.000000
3.21164	.710816	.000000
3.21264	.710876	.000000
3.21363	.710936	.000000
3.21463	.711101	.000000
3.21563	.711316	.000000
3.21662	.711552	.000000
3.21762	.711651	.000000
3.21862	.711784	.000000
3.21962	.712001	.000000
3.22062	.712214	.000000
3.22162	.712455	.000000
3.22262	.712584	.000000
3.22362	.712507	.000000
3.22462	.712631	.000000
3.22563	.712930	.000000
3.22663	.713117	.000000
3.22764	.713306	.000000
3.22864	.713506	.000000
3.22965	.713706	.000000
3.23065	.713878	.000000
3.23166	.714004	.000000
3.23267	.714105	.000000
3.23368	.714294	.000000
3.23468	.714479	.000000
3.23569	.714614	.000000
3.2367	.714702	.000000
3.23771	.714801	.000000
3.23873	.714896	.000000
3.23974	.715147	.000000
3.24075	.715349	.000000
3.24176	.715510	.000000
3.24278	.715629	.000000
3.24379	.715635	.000000
3.24481	.715811	.000000
3.24582	.715981	.000000
3.24684	.716080	.000000
3.24785	.716226	.000000
3.24887	.716467	.000000
3.24989	.716694	.000000
3.25091	.716877	.000000
3.25193	.717002	.000000
3.25295	.717107	.000000
3.25397	.717285	.000000
3.25499	.717275	.000000
3.25601	.717294	.000000
3.25704	.717526	.000000
3.25806	.717790	.000000
3.25908	.717971	.000000
3.26011	.718242	.000000
3.26113	.718441	.000000
3.26216	.718514	.000000
3.26319	.718663	.000000
3.26421	.718802	.000000
3.26524	.719015	.000000
3.26627	.719277	.000000
3.2673	.719361	.000000
3.26833	.719344	.000000
3.26936	.719473	.000000
3.27039	.719645	.000000
3.27142	.719815	.000000
3.27245	.720046	.000000
3.27349	.720182	.000000
3.27452	.720218	.000000
3.27555	.720392	.000000
3.27659	.720500	.000000
3.27763	.720601	.000000
3.27866	.720753	.000000
3.2797	.720880	.000000
3.28074	.721018	.000000
3.28178	.721230	.000000
3.28281	.721467	.000000
3.28385	.721679	.000000
3.28489	.721757	.000000
3.28593	.721750	.000000
3.28698	.721815	.000000
3.28802	.721875	.000000
3.28906	.722174	.000000
3.2901	.722442	.000000
3.29115	.722487	.000000
3.29219	.722617	.000000
3.29324	.722704	.000000
3.29429	.722791	.000000
3.29533	.722943	.000000
3.29638	.723128	.000000
3.29743	.723250	.000000
3.29848	.723386	.000000
3.29953	.723573	.000000
3.30058	.723639	.000000
3.30163	.723773	.000000
3.30268	.723794	.000000
3.30373	.723790	.000000
3.30478	.723936	.000000
3.30584	.724134	.000000
3.30689	.724163	.000000
3.30795	.724217	.000000
3.309	.724452	.000000
3.31006	.724759	.000000
3.31112	.725027	.000000
3.31217	.725083	.000000
3.31323	.725163	.000000
3.31429	.725358	.000000
3.31535	.725451	.000000
3.31641	.725569	.000000
3.31747	.725717	.000000
3.31853	.725801	.000000
3.3196	.725812	.000000
3.32066	.725870	.000000
3.32172	.725996	.000000
3.32279	.726183	.000000
3.32385	.726284	.000000
3.32492	.726373	.000000
3.32598	.726461	.000000
3.32705	.726452	.000000
3.32812	.726474	.000000
3.32919	.726630	.000000
3.33026	.726748	.000000
3.33133	.726789	.000000
3.3324	.726907	.000000
3.33347	.727036	.000000
3.33454	.727163	.000000
3.33561	.727322	.000000
3.33669	.727355	.000000
3.33776	.727316	.000000
3.33884	.727294	.000000
3.33991	.727311	.000000
3.34099	.727292	.000000
3.34206	.727438	.000000
3.34314	.727621	.000000
3.34422	.727621	.000000
3.3453	.727771	.000000
3.34638	.727892	.000000
3.34746	.727726	.000000
3.34854	.727587	.000000
3.34962	.727593	.000000
3.3507	.727711	.000000
3.35179	.727789	.000000
3.35287	.727713	.000000
3.35395	.727630	.000000
3.35504	.727642	.000000
3.35612	.727621	.000000
3.35721	.727651	.000000
3.3583	.727612	.000000
3.35939	.727601	.000000
3.36048	.727672	.000000
3.36156	.727632	.000000
3.36265	.727447	.000000
3.36375	.727243	.000000
3.36484	.727238	.000000
3.36593	.727148	.000000
3.36702	.726998	.000000
3.36812	.727056	.000000
3.36921	.727189	.000000
3.3703	.727290	.000000
3.3714	.727312	.000000
3.3725	.727402	.000000
3.37359	.727638	.000000
3.37469	.727728	.000000
3.37579	.727859	.000000
3.37689	.728049	.000000
3.37799	.728152	.000000
3.37909	.728356	.000000
3.38019	.728592	.000000
3.3813	.728897	.000000
3.3824	.729024	.000000
3.3835	.728983	.000000
3.38461	.729082	.000000
3.38571	.729157	.000000
3.38682	.729213	.000000
3.38792	.729320	.000000
3.38903	.729284	.000000
3.39014	.729183	.000000
3.39125	.729226	.000000
3.39236	.729290	.000000
3.39347	.729233	.000000
3.39458	.729103	.000000
3.39569	.728927	.000000
3.3968	.729009	.000000
3.39791	.729179	.000000
3.39903	.729104	.000000
3.40014	.729046	.000000
3.40126	.729056	.000000
3.40237	.729009	.000000
3.40349	.729020	.000000
3.40461	.729164	.000000
3.40573	.729230	.000000
3.40685	.729131	.000000
3.40797	.729175	.000000
3.40909	.729361	.000000
3.41021	.729593	.000000
3.41133	.729825	.000000
3.41245	.730042	.000000
3.41357	.730214	.000000
3.4147	.730287	.000000
3.41582	.730631	.000000
3.41695	.731018	.000000
3.41807	.731173	.000000
3.4192	.731302	.000000
3.42033	.731512	.000000
3.42146	.731729	.000000
3.42259	.731955	.000000
3.42372	.732215	.000000
3.42485	.732451	.000000
3.42598	.732591	.000000
3.42711	.732789	.000000
3.42825	.733068	.000000
3.42938	.733221	.000000
3.43051	.733188	.000000
3.43165	.733401	.000000
3.43279	.733629	.000000
3.43392	.733655	.000000
3.43506	.733846	.000000
3.4362	.734102	.000000
3.43734	.734159	.000000
3.43848	.734256	.000000
3.43962	.734456	.000000
3.44076	.734690	.000000
3.4419	.734815	.000000
3.44304	.734899	.000000
3.44419	.735047	.000000
3.44533	.735266	.000000
3.44648	.735556	.000000
3.44762	.735762	.000000
3.44877	.735928	.000000
3.44992	.736029	.000000
3.45106	.736197	.000000
3.45221	.736469	.000000
3.45336	.736571	.000000
3.45451	.736633	.000000
3.45566	.736744	.000000
3.45682	.736787	.000000
3.45797	.736854	.000000
3.45912	.737013	.000000
3.46028	.737179	.000000
3.46143	.737293	.000000
3.46259	.737406	.000000
3.46374	.737525	.000000
3.4649	.737563	.000000
3.46606	.737565	.000000
3.46722	.737597	.000000
3.46838	.737567	.000000
3.46954	.737654	.000000
3.4707	.737748	.000000
3.47186	.737871	.000000
3.47302	.738014	.000000
3.47419	.738079	.000000
3.47535	.738171	.000000
3.47652	.738300	.000000
3.47768	.738425	.000000
3.47885	.738562	.000000
3.48002	.738822	.000000
3.48119	.738900	.000000
3.48236	.738818	.000000
3.48353	.738822	.000000
3.4847	.738954	.000000
3.48587	.739084	.000000
3.48704	.739136	.000000
3.48821	.739065	.000000
3.48939	.739072	.000000
3.49056	.739153	.000000
3.49174	.739222	.000000
3.49291	.739336	.000000
3.49409	.739340	.000000
3.49527	.739323	.000000
3.49645	.739532	.000000
3.49763	.739570	.000000
3.49881	.739665	.000000
3.49999	.739892	.000000
3.50117	.740092	.000000
3.50235	.740410	.000000
3.50353	.740675	.000000
3.50472	.740816	.000000
3.5059	.741092	.000000
3.50709	.741315	.000000
3.50828	.741452	.000000
3.50946	.741641	.000000
3.51065	.741844	.000000
3.51184	.742048	.000000
3.51303	.742323	.000000
3.51422	.742434	.000000
3.51541	.742415	.000000
3.5166	.742479	.000000
3.5178	.742623	.000000
3.51899	.742843	.000000
3.52018	.743045	.000000
3.52138	.743262	.000000
3.52258	.743365	.000000
3.52377	.743414	.000000
3.52497	.743520	.000000
3.52617	.743694	.000000
3.52737	.743863	.000000
3.52857	.743964	.000000
3.52977	.744149	.000000
3.53097	.744261	.000000
3.53218	.744242	.000000
3.53338	.744272	.000000
3.53458	.744516	.000000
3.53579	.744736	.000000
3.537	.744759	.000000
3.5382	.744837	.000000
3.53941	.744961	.000000
3.54062	.745165	.000000
3.54183	.745305	.000000
3.54304	.745252	.000000
3.54425	.745282	.000000
3.54546	.745408	.000000
3.54667	.745542	.000000
3.54789	.745634	.000000
3.5491	.745700	.000000
3.55032	.745915	.000000
3.55153	.745997	.000000
3.55275	.745954	.000000
3.55397	.746098	.000000
3.55518	.746212	.000000
3.5564	.746399	.000000
3.55762	.746442	.000000
3.55884	.746461	.000000
3.56007	.746648	.000000
3.56129	.746768	.000000
3.56251	.746777	.000000
3.56374	.746837	.000000
3.56496	.747101	.000000
3.56619	.747243	.000000
3.56742	.747235	.000000
3.56864	.747439	.000000
3.56987	.747673	.000000
3.5711	.747643	.000000
3.57233	.747538	.000000
3.57356	.747705	.000000
3.57479	.747903	.000000
3.57603	.747916	.000000
3.57726	.748040	.000000
3.57849	.748318	.000000
3.57973	.748460	.000000
3.58097	.748589	.000000
3.5822	.748689	.000000
3.58344	.748715	.000000
3.58468	.748707	.000000
3.58592	.748610	.000000
3.58716	.748747	.000000
3.5884	.748917	.000000
3.58964	.749061	.000000
3.59089	.749255	.000000
3.59213	.749433	.000000
3.59338	.749427	.000000
3.59462	.749487	.000000
3.59587	.749691	.000000
3.59712	.749734	.000000
3.59836	.749774	.000000
3.59961	.750020	.000000
3.60086	.750168	.000000
3.60211	.750101	.000000
3.60337	.750155	.000000
3.60462	.750144	.000000
3.60587	.750222	.000000
3.60713	.750482	.000000
3.60838	.750640	.000000
3.60964	.750802	.000000
3.61089	.750879	.000000
3.61215	.750785	.000000
3.61341	.750770	.000000
3.61467	.750838	.000000
3.61593	.751042	.000000
3.61719	.751322	.000000
3.61845	.751328	.000000
3.61972	.751290	.000000
3.62098	.751386	.000000
3.62225	.751524	.000000
3.62351	.751648	.000000
3.62478	.751693	.000000
3.62605	.751741	.000000
3.62731	.752020	.000000
3.62858	.752138	.000000
3.62985	.752140	.000000
3.63112	.752194	.000000
3.6324	.752344	.000000
3.63367	.752299	.000000
3.63494	.752185	.000000
3.63622	.752385	.000000
3.63749	.752478	.000000
3.63877	.752405	.000000
3.64005	.752493	.000000
3.64132	.752723	.000000
3.6426	.752830	.000000
3.64388	.752929	.000000
3.64516	.752965	.000000
3.64645	.752922	.000000
3.64773	.752873	.000000
3.64901	.753047	.000000
3.6503	.753120	.000000
3.65158	.753062	.000000
3.65287	.753097	.000000
3.65416	.753159	.000000
3.65545	.753107	.000000
3.65673	.753152	.000000
3.65802	.753178	.000000
3.65932	.753189	.000000
3.66061	.753296	.000000
3.6619	.753408	.000000
3.66319	.753494	.000000
3.66449	.753408	.000000
3.66578	.753372	.000000
3.66708	.753485	.000000
3.66838	.753597	.000000
3.66967	.753453	.000000
3.67097	.753327	.000000
3.67227	.753376	.000000
3.67357	.753408	.000000
3.67488	.753245	.000000
3.67618	.753198	.000000
3.67748	.753415	.000000
3.67879	.753535	.000000
3.68009	.753428	.000000
3.6814	.753380	.000000
3.68271	.753400	.000000
3.68402	.753425	.000000
3.68532	.753211	.000000
3.68664	.753062	.000000
3.68795	.753125	.000000
3.68926	.753114	.000000
3.69057	.753023	.000000
3.69189	.752938	.000000
3.6932	.752931	.000000
3.69452	.753000	.000000
3.69583	.752867	.000000
3.69715	.752701	.000000
3.69847	.752718	.000000
3.69979	.752658	.000000
3.70111	.752613	.000000
3.70243	.752617	.000000
3.70375	.752641	.000000
3.70508	.752671	.000000
3.7064	.752506	.000000
3.70773	.752366	.000000
3.70905	.752381	.000000
3.71038	.752445	.000000
3.71171	.752357	.000000
3.71304	.752254	.000000
3.71437	.752323	.000000
3.7157	.752344	.000000
3.71703	.752349	.000000
3.71836	.752342	.000000
3.7197	.752312	.000000
3.72103	.752215	.000000
3.72237	.752218	.000000
3.7237	.752261	.000000
3.72504	.752278	.000000
3.72638	.752186	.000000
3.72772	.752153	.000000
3.72906	.752267	.000000
3.7304	.752388	.000000
3.73174	.752280	.000000
3.73309	.752211	.000000
3.73443	.752415	.000000
3.73578	.752632	.000000
3.73712	.752710	.000000
3.73847	.752781	.000000
3.73982	.752688	.000000
3.74117	.752809	.000000
3.74252	.752841	.000000
3.74387	.752901	.000000
3.74522	.753107	.000000
3.74657	.753294	.000000
3.74793	.753228	.000000
3.74928	.753161	.000000
3.75064	.753445	.000000
3.752	.753666	.000000
3.75335	.753797	.000000
3.75471	.753769	.000000
3.75607	.753838	.000000
3.75744	.753948	.000000
3.7588	.754149	.000000
3.76016	.754367	.000000
3.76152	.754556	.000000
3.76289	.754568	.000000
3.76425	.754551	.000000
3.76562	.754790	.000000
3.76699	.755131	.000000
3.76836	.755336	.000000
3.76973	.755555	.000000
3.7711	.755538	.000000
3.77247	.755559	.000000
3.77385	.755881	.000000
3.77522	.756070	.000000
3.77659	.756094	.000000
3.77797	.756320	.000000
3.77935	.756423	.000000
3.78072	.756509	.000000
3.7821	.756580	.000000
3.78348	.756775	.000000
3.78486	.756997	.000000
3.78625	.757203	.000000
3.78763	.757218	.000000
3.78901	.757360	.000000
3.7904	.757527	.000000
3.79178	.757710	.000000
3.79317	.757734	.000000
3.79456	.757826	.000000
3.79595	.758043	.000000
3.79734	.758067	.000000
3.79873	.758178	.000000
3.80012	.758441	.000000
3.80151	.758421	.000000
3.80291	.758421	.000000
3.8043	.758621	.000000
3.8057	.758567	.000000
3.8071	.758638	.000000
3.8085	.758739	.000000
3.80989	.758709	.000000
3.8113	.758658	.000000
3.8127	.758917	.000000
3.8141	.759263	.000000
3.8155	.759321	.000000
3.81691	.759143	.000000
3.81831	.759068	.000000
3.81972	.759044	.000000
3.82113	.759195	.000000
3.82253	.759266	.000000
3.82394	.759190	.000000
3.82536	.759184	.000000
3.82677	.759300	.000000
3.82818	.759339	.000000
3.82959	.759367	.000000
3.83101	.759429	.000000
3.83243	.759536	.000000
3.83384	.759616	.000000
3.83526	.759725	.000000
3.83668	.759685	.000000
3.8381	.759610	.000000
3.83952	.759693	.000000
3.84094	.759837	.000000
3.84236	.759734	.000000
3.84379	.759773	.000000
3.84521	.759865	.000000
3.84664	.759900	.000000
3.84807	.759878	.000000
3.8495	.759826	.000000
3.85093	.759833	.000000
3.85236	.759790	.000000
3.85379	.759749	.000000
3.85522	.759861	.000000
3.85666	.760164	.000000
3.85809	.760243	.000000
3.85953	.760114	.000000
3.86096	.759988	.000000
3.8624	.760050	.000000
3.86384	.760273	.000000
3.86528	.760213	.000000
3.86672	.760127	.000000
3.86816	.760142	.000000
3.86961	.760080	.000000
3.87105	.759957	.000000
3.8725	.760112	.000000
3.87394	.760310	.000000
3.87539	.760224	.000000
3.87684	.760125	.000000
3.87829	.760160	.000000
3.87974	.760230	.000000
3.88119	.760226	.000000
3.88265	.760243	.000000
3.8841	.760220	.000000
3.88556	.760091	.000000
3.88701	.760063	.000000
3.88847	.760260	.000000
3.88993	.760323	.000000
3.89139	.760119	.000000
3.89285	.760275	.000000
3.89431	.760497	.000000
3.89578	.760581	.000000
3.89724	.760491	.000000
3.89871	.760361	.000000
3.90017	.760441	.000000
3.90164	.760473	.000000
3.90311	.760196	.000000
3.90458	.759994	.000000
3.90605	.760213	.000000
3.90752	.760390	.000000
3.90899	.760304	.000000
3.91047	.760258	.000000
3.91194	.760329	.000000
3.91342	.760325	.000000
3.9149	.760297	.000000
3.91638	.760407	.000000
3.91785	.760514	.000000
3.91934	.760333	.000000
3.92082	.760392	.000000
3.9223	.760576	.000000
3.92378	.760596	.000000
3.92527	.760559	.000000
3.92676	.760497	.000000
3.92824	.760482	.000000
3.92973	.760523	.000000
3.93122	.760448	.000000
3.93271	.760469	.000000
3.9342	.760634	.000000
3.9357	.760802	.000000
3.93719	.760804	.000000
3.93869	.760705	.000000
3.94018	.760830	.000000
3.94168	.760944	.000000
3.94318	.760824	.000000
3.94468	.760817	.000000
3.94618	.761004	.000000
3.94768	.761010	.000000
3.94919	.760952	.000000
3.95069	.760916	.000000
3.9522	.760982	.000000
3.9537	.761002	.000000
3.95521	.761047	.000000
3.95672	.761122	.000000
3.95823	.761090	.000000
3.95975	.760954	.000000
3.96126	.760961	.000000
3.96277	.761148	.000000
3.96429	.761363	.000000
3.9658	.761320	.000000
3.96732	.761068	.000000
3.96884	.760823	.000000
3.97036	.760753	.000000
3.97188	.760993	.000000
3.9734	.761197	.000000
3.97492	.761172	.000000
3.97645	.761075	.000000
3.97797	.761068	.000000
3.9795	.760983	.000000
3.98103	.760924	.000000
3.98256	.760946	.000000
3.98409	.761036	.000000
3.98562	.761150	.000000
3.98715	.761006	.000000
3.98868	.760892	.000000
3.99022	.760970	.000000
3.99175	.760944	.000000
3.99329	.760869	.000000
3.99483	.760912	.000000
3.99637	.760849	.000000
3.99791	.760566	.000000
3.99945	.760463	.000000
4.00109	.760452	.000000
4.00418	.760310	.000000
4.00728	.760190	.000000
4.01038	.760020	.000000
4.01348	.759811	.000000
4.01659	.759581	.000000
4.0197	.759364	.000000
4.02282	.759081	.000000
4.02594	.758761	.000000
4.02907	.758436	.000000
4.0322	.758116	.000000
4.03534	.757729	.000000
4.03849	.757342	.000000
4.04163	.756915	.000000
4.04479	.756461	.000000
4.04794	.756034	.000000
4.05111	.755583	.000000
4.05427	.755065	.000000
4.05745	.754530	.000000
4.06062	.753950	.000000
4.0638	.753369	.000000
4.06699	.752785	.000000
4.07018	.752194	.000000
4.07338	.751616	.000000
4.07658	.750999	.000000
4.07979	.750307	.000000
4.083	.749658	.000000
4.08622	.748979	.000000
4.08944	.748258	.000000
4.09267	.747535	.000000
4.0959	.746820	.000000
4.09914	.746094	.000000
4.10238	.745344	.000000
4.10563	.744568	.000000
4.10889	.743805	.000000
4.11214	.743015	.000000
4.11541	.742258	.000000
4.11868	.741534	.000000
4.12195	.740782	.000000
4.12523	.740000	.000000
4.12851	.739222	.000000
4.1318	.738429	.000000
4.1351	.737684	.000000
4.1384	.736955	.000000
4.1417	.736240	.000000
4.14502	.735490	.000000
4.14833	.734723	.000000
4.15165	.733962	.000000
4.15498	.733244	.000000
4.15831	.732542	.000000
4.16165	.731807	.000000
4.16499	.731040	.000000
4.16834	.730318	.000000
4.17169	.729581	.000000
4.17505	.728858	.000000
4.17841	.728164	.000000
4.18178	.727552	.000000
4.18516	.726974	.000000
4.18854	.726474	.000000
4.19193	.726106	.000000
4.19532	.725855	.000000
4.19871	.725650	.000000
4.20212	.725483	.000000
4.20552	.725360	.000000
4.20894	.725253	.000000
4.21236	.725102	.000000
4.21578	.724918	.000000
4.21921	.724634	.000000
4.22265	.724333	.000000
4.22609	.723959	.000000
4.22954	.723523	.000000
4.23299	.723040	.000000
4.23645	.722518	.000000
4.23991	.721918	.000000
4.24338	.721261	.000000
4.24686	.720545	.000000
4.25034	.719799	.000000
4.25383	.719000	.000000
4.25732	.718151	.000000
4.26082	.717238	.000000
4.26432	.716269	.000000
4.26783	.715283	.000000
4.27134	.714290	.000000
4.27486	.713276	.000000
4.27839	.712266	.000000
4.28192	.711168	.000000
4.28546	.710022	.000000
4.28901	.708858	.000000
4.29256	.707655	.000000
4.29612	.706352	.000000
4.29968	.704975	.000000
4.30325	.703484	.000000
4.30682	.701973	.000000
4.3104	.700418	.000000
4.31399	.698772	.000000
4.31758	.697046	.000000
4.32118	.695261	.000000
4.32478	.693383	.000000
4.32839	.691509	.000000
4.33201	.689539	.000000
4.33563	.687521	.000000
4.33926	.685437	.000000
4.34289	.683320	.000000
4.34653	.681175	.000000
4.35018	.678979	.000000
4.35383	.676756	.000000
4.35749	.674566	.000000
4.36115	.672348	.000000
4.36482	.670180	.000000
4.3685	.668049	.000000
4.37218	.666018	.000000
4.37587	.664134	.000000
4.37957	.662408	.000000
4.38327	.660887	.000000
4.38698	.659632	.000000
4.39069	.658641	.000000
4.39441	.657965	.000000
4.39814	.657559	.000000
4.40188	.657387	.000000
4.40562	.657425	.000000
4.40936	.657698	.000000
4.41311	.658171	.000000
4.41687	.658880	.000000
4.42064	.659740	.000000
4.42441	.660737	.000000
4.42819	.661843	.000000
4.43197	.663018	.000000
4.43577	.664213	.000000
4.43956	.665429	.000000
4.44337	.666626	.000000
4.44718	.667784	.000000
4.451	.668837	.000000
4.45482	.669851	.000000
4.45865	.670756	.000000
4.46249	.671603	.000000
4.46633	.672364	.000000
4.47018	.673000	.000000
4.47404	.673560	.000000
4.4779	.674065	.000000
4.48177	.674478	.000000
4.48565	.674849	.000000
4.48953	.675120	.000000
4.49342	.675344	.000000
4.49732	.675501	.000000
4.50122	.675586	.000000
4.50513	.675576	.000000
4.50905	.675537	.000000
4.51297	.675413	.000000
4.51691	.675243	.000000
4.52084	.674987	.000000
4.52479	.674680	.000000
4.52874	.674321	.000000
4.5327	.673904	.000000
4.53667	.673414	.000000
4.54064	.672913	.000000
4.54462	.672335	.000000
4.5486	.671760	.000000
4.5526	.671177	.000000
4.5566	.670546	.000000
4.56061	.669862	.000000
4.56462	.669145	.000000
4.56864	.668392	.000000
4.57267	.667593	.000000
4.57671	.666729	.000000
4.58075	.665812	.000000
4.5848	.664821	.000000
4.58886	.663753	.000000
4.59292	.662563	.000000
4.59699	.661252	.000000
4.60107	.659821	.000000
4.60516	.658353	.000000
4.60925	.656746	.000000
4.61335	.655027	.000000
4.61746	.653216	.000000
4.62157	.651331	.000000
4.6257	.649464	.000000
4.62983	.647719	.000000
4.63396	.646133	.000000
4.63811	.644827	.000000
4.64226	.643864	.000000
4.64642	.643308	.000000
4.65059	.643069	.000000
4.65476	.643037	.000000
4.65895	.643071	.000000
4.66314	.643100	.000000
4.66733	.643065	.000000
4.67154	.642949	.000000
4.67575	.642659	.000000
4.67997	.642229	.000000
4.6842	.641666	.000000
4.68843	.640989	.000000
4.69268	.640171	.000000
4.69693	.639275	.000000
4.70119	.638291	.000000
4.70545	.637244	.000000
4.70972	.636095	.000000
4.71401	.634913	.000000
4.7183	.633684	.000000
4.72259	.632384	.000000
4.7269	.631000	.000000
4.73121	.629575	.000000
4.73553	.628063	.000000
4.73986	.626483	.000000
4.74419	.624811	.000000
4.74854	.623092	.000000
4.75289	.621277	.000000
4.75725	.619349	.000000
4.76162	.617306	.000000
4.766	.615178	.000000
4.77038	.612942	.000000
4.77477	.610593	.000000
4.77917	.608040	.000000
4.78358	.605341	.000000
4.788	.602481	.000000
4.79243	.599456	.000000
4.79686	.596194	.000000
4.8013	.592675	.000000
4.80575	.588891	.000000
4.81021	.584864	.000000
4.81467	.580504	.000000
4.81915	.575854	.000000
4.82363	.570923	.000000
4.82812	.565699	.000000
4.83262	.560114	.000000
4.83713	.554162	.000000
4.84165	.547817	.000000
4.84617	.541134	.000000
4.85071	.534097	.000000
4.85525	.526729	.000000
4.8598	.518923	.000000
4.86436	.510706	.000000
4.86892	.502109	.000000
4.8735	.493164	.000000
4.87809	.483812	.000000
4.88268	.474130	.000000
4.88728	.464117	.000000
4.89189	.453809	.000000
4.89651	.443291	.000000
4.90114	.432594	.000000
4.90577	.421722	.000000
4.91042	.410780	.000000
4.91507	.399847	.000000
4.91974	.389041	.000000
4.92441	.378422	.000000
4.92909	.368181	.000000
4.93378	.358522	.000000
4.93848	.349655	.000000
4.94319	.341706	.000000
4.9479	.334748	.000000
4.95263	.328820	.000000
4.95736	.323899	.000000
4.96211	.319879	.000000
4.96686	.316656	.000000
4.97162	.314112	.000000
4.97639	.312129	.000000
4.98117	.310564	.000000
4.98596	.309322	.000000
4.99076	.308351	.000000
4.99557	.307635	.000000
5.00039	.307131	.000000
5.00522	.306840	.000000
5.01005	.306729	.000000
5.0149	.306830	.000000
5.01975	.307145	.000000
5.02462	.307711	.000000
5.02949	.308488	.000000
5.03437	.309499	.000000
5.03926	.310753	.000000
5.04417	.312283	.000000
5.04908	.314064	.000000
5.054	.316127	.000000
5.05893	.318482	.000000
5.06387	.321089	.000000
5.06882	.323906	.000000
5.07378	.326860	.000000
5.07875	.329832	.000000
5.08373	.332778	.000000
5.08872	.335589	.000000
5.09371	.338230	.000000
5.09872	.340692	.000000
5.10374	.342940	.000000
5.10877	.344944	.000000
5.11381	.346694	.000000
5.11886	.348129	.000000
5.12391	.349317	.000000
5.12898	.350241	.000000
5.13406	.350830	.000000
5.13915	.351090	.000000
5.14425	.351017	.000000
5.14936	.350587	.000000
5.15447	.349773	.000000
5.1596	.348552	.000000
5.16474	.346940	.000000
5.16989	.344843	.000000
5.17505	.342297	.000000
5.18022	.339229	.000000
5.1854	.335610	.000000
5.19059	.331392	.000000
5.19579	.326544	.000000
5.201	.321033	.000000
5.20622	.314860	.000000
5.21146	.307986	.000000
5.2167	.300392	.000000
5.22195	.292173	.000000
5.22722	.283464	.000000
5.23249	.274343	.000000
5.23778	.264916	.000000
5.24307	.255363	.000000
5.24838	.245936	.000000
5.2537	.236793	.000000
5.25903	.228159	.000000
5.26436	.220132	.000000
5.26971	.212764	.000000
5.27507	.206066	.000000
5.28045	.199974	.000000
5.28583	.194499	.000000
5.29122	.189634	.000000
5.29663	.185305	.000000
5.30204	.181531	.000000
5.30747	.178349	.000000
5.31291	.175785	.000000
5.31836	.173916	.000000
5.32382	.172747	.000000
5.32929	.172318	.000000
5.33477	.172737	.000000
5.34027	.174060	.000000
5.34577	.176370	.000000
5.35129	.179780	.000000
5.35682	.184342	.000000
5.36236	.190077	.000000
5.36791	.196944	.000000
5.37347	.204785	.000000
5.37904	.213294	.000000
5.38463	.222076	.000000
5.39023	.230789	.000000
5.39584	.239112	.000000
5.40146	.246851	.000000
5.40709	.253839	.000000
5.41273	.260023	.000000
5.41839	.265404	.000000
5.42406	.270056	.000000
5.42974	.273982	.000000
5.43543	.277332	.000000
5.44113	.280153	.000000
5.44684	.282525	.000000
5.45257	.284523	.000000
5.45831	.286193	.000000
5.46406	.287560	.000000
5.46983	.288610	.000000
5.4756	.289360	.000000
5.48139	.289885	.000000
5.48719	.290110	.000000
5.493	.290078	.000000
5.49883	.289816	.000000
5.50467	.289341	.000000
5.51052	.288612	.000000
5.51638	.287693	.000000
5.52225	.286586	.000000
5.52814	.285329	.000000
5.53404	.283926	.000000
5.53995	.282413	.000000
5.54588	.280834	.000000
5.55182	.279201	.000000
5.55777	.277480	.000000
5.56373	.275742	.000000
5.56971	.274014	.000000
5.57569	.272353	.000000
5.5817	.270709	.000000
5.58771	.269020	.000000
5.59374	.267379	.000000
5.59978	.265816	.000000
5.60583	.264304	.000000
5.6119	.262885	.000000
5.61798	.261568	.000000
5.62407	.260320	.000000
5.63018	.259174	.000000
5.6363	.258141	.000000
5.64243	.257215	.000000
5.64858	.256287	.000000
5.65474	.255447	.000000
5.66091	.254737	.000000
5.6671	.254088	.000000
5.6733	.253596	.000000
5.67951	.253137	.000000
5.68574	.252743	.000000
5.69198	.252496	.000000
5.69824	.252337	.000000
5.7045	.252241	.000000
5.71079	.252309	.000000
5.71708	.252389	.000000
5.72339	.252539	.000000
5.72972	.252778	.000000
5.73606	.253083	.000000
5.74241	.253450	.000000
5.74877	.253910	.000000
5.75515	.254374	.000000
5.76155	.254937	.000000
5.76796	.255603	.000000
5.77438	.256177	.000000
5.78082	.256792	.000000
5.78727	.257550	.000000
5.79374	.258384	.000000
5.80022	.259299	.000000
5.80671	.260251	.000000
5.81322	.261315	.000000
5.81974	.262546	.000000
5.82628	.263809	.000000
5.83284	.264933	.000000
5.8394	.266068	.000000
5.84599	.267189	.000000
5.85259	.268253	.000000
5.8592	.269093	.000000
5.86583	.269663	.000000
5.87247	.269783	.000000
5.87913	.269587	.000000
5.8858	.268736	.000000
5.89249	.267204	.000000
5.89919	.265114	.000000
5.90591	.262350	.000000
5.91265	.259046	.000000
5.9194	.255292	.000000
5.92616	.251093	.000000
5.93294	.246634	.000000
5.93974	.241744	.000000
5.94655	.236527	.000000
5.95338	.231195	.000000
5.96022	.225875	.000000
5.96708	.220566	.000000
5.97395	.215224	.000000
5.98084	.209880	.000000
5.98775	.204667	.000000
5.99467	.199450	.000000
6.00161	.194364	.000000
6.00856	.189419	.000000
6.01553	.184632	.000000
6.02252	.179922	.000000
6.02952	.175422	.000000
6.03654	.171090	.000000
6.04358	.167046	.000000
6.05063	.163089	.000000
6.0577	.159118	.000000
6.06478	.155385	.000000
6.07189	.151917	.000000
6.079	.148507	.000000
6.08614	.145224	.000000
6.09329	.142087	.000000
6.10046	.139167	.000000
6.10764	.136414	.000000
6.11485	.133837	.000000
6.12206	.131375	.000000
6.1293	.129186	.000000
6.13655	.127243	.000000
6.14383	.125575	.000000
6.15111	.124112	.000000
6.15842	.122956	.000000
6.16574	.122056	.000000
6.17308	.121411	.000000
6.18044	.121046	.000000
6.18781	.120997	.000000
6.19521	.121130	.000000
6.20262	.121536	.000000
6.21004	.122187	.000000
6.21749	.123049	.000000
6.22495	.124058	.000000
6.23244	.125268	.000000
6.23994	.126624	.000000
6.24745	.128118	.000000
6.25499	.129721	.000000
6.26254	.131455	.000000
6.27012	.133268	.000000
6.27771	.135170	.000000
6.28532	.137134	.000000
6.29295	.139130	.000000
6.30059	.141092	.000000
6.30826	.143004	.000000
6.31594	.144785	.000000
6.32364	.146431	.000000
6.33136	.147920	.000000
6.3391	.149272	.000000
6.34686	.150435	.000000
6.35464	.151279	.000000
6.36244	.151913	.000000
6.37025	.152426	.000000
6.37809	.152663	.000000
6.38594	.152661	.000000
6.39382	.152450	.000000
6.40171	.152038	.000000
6.40962	.151457	.000000
6.41755	.150553	.000000
6.42551	.149236	.000000
6.43348	.147693	.000000
6.44147	.145924	.000000
6.44948	.143952	.000000
6.45751	.141721	.000000
6.46556	.139308	.000000
6.47364	.136784	.000000
6.48173	.134164	.000000
6.48984	.131435	.000000
6.49798	.128603	.000000
6.50613	.125694	.000000
6.5143	.122892	.000000
6.5225	.120167	.000000
6.53071	.117471	.000000
6.53895	.114842	.000000
6.5472	.112329	.000000
6.55548	.109857	.000000
6.56378	.107476	.000000
6.57209	.105210	.000000
6.58044	.103042	.000000
6.5888	.100970	.000000
6.59718	.099038	.000000
6.60558	.097203	.000000
6.61401	.095499	.000000
6.62245	.093845	.000000
6.63092	.092326	.000000
6.63941	.090873	.000000
6.64792	.089425	.000000
6.65646	.087996	.000000
6.66501	.086616	.000000
6.6736	.085216	.000000
6.68219	.083797	.000000
6.69082	.082285	.000000
6.69946	.080782	.000000
6.70813	.079253	.000000
6.71682	.077701	.000000
6.72553	.076113	.000000
6.73426	.074543	.000000
6.74302	.073025	.000000
6.7518	.071521	.000000
6.7606	.069961	.000000
6.76943	.068417	.000000
6.77828	.066844	.000000
6.78715	.065253	.000000
6.79604	.063623	.000000
6.80496	.062005	.000000
6.8139	.060341	.000000
6.82287	.058682	.000000
6.83186	.056987	.000000
6.84087	.055326	.000000
6.84991	.053740	.000000
6.85897	.052230	.000000
6.86805	.050737	.000000
6.87716	.049321	.000000
6.88629	.047932	.000000
6.89545	.046559	.000000
6.90463	.045195	.000000
6.91384	.043867	.000000
6.92307	.042526	.000000
6.93233	.041224	.000000
6.94161	.039976	.000000
6.95091	.038813	.000000
6.96024	.037676	.000000
6.9696	.036600	.000000
6.97898	.035573	.000000
6.98838	.034681	.000000
6.99781	.033824	.000000
7.00727	.032998	.000000
7.01675	.032160	.000000
7.02626	.031329	.000000
7.03579	.030465	.000000
7.04535	.029582	.000000
7.05493	.028622	.000000
7.06455	.027710	.000000
7.07418	.026788	.000000
7.08385	.025858	.000000
7.09354	.024919	.000000
7.10325	.023999	.000000
7.113	.023084	.000000
7.12277	.022197	.000000
7.13257	.021296	.000000
7.14239	.020390	.000000
7.15224	.019476	.000000
7.16212	.018600	.000000
7.17203	.017723	.000000
7.18196	.016878	.000000
7.19192	.016021	.000000
7.20191	.015202	.000000
7.21193	.014360	.000000
7.22197	.013529	.000000
7.23204	.012727	.000000
7.24215	.011969	.000000
7.25227	.011247	.000000
7.26243	.010552	.000000
7.27262	.009867	.000000
7.28283	.009237	.000000
7.29307	.008617	.000000
7.30334	.008077	.000000
7.31364	.007564	.000000
7.32397	.007078	.000000
7.33433	.006655	.000000
7.34472	.006294	.000000
7.35514	.005935	.000000
7.36559	.005597	.000000
7.37606	.005327	.000000
7.38657	.005163	.000000
7.39711	.005028	.000000
7.40767	.004957	.000000
7.41827	.004931	.000000
7.4289	.004998	.000000
7.43956	.005135	.000000
7.45025	.005337	.000000
7.46097	.005574	.000000
7.47172	.005888	.000000
7.4825	.006279	.000000
7.49331	.006777	.000000
7.50416	.007308	.000000
7.51503	.007918	.000000
7.52594	.008632	.000000
7.53688	.009452	.000000
7.54785	.010346	.000000
7.55885	.011350	.000000
7.56989	.012441	.000000
7.58095	.013647	.000000
7.59205	.014970	.000000
7.60318	.016444	.000000
7.61435	.018052	.000000
7.62554	.019842	.000000
7.63677	.021806	.000000
7.64804	.023999	.000000
7.65933	.026428	.000000
7.67067	.029060	.000000
7.68203	.031944	.000000
7.69343	.035089	.000000
7.70486	.038422	.000000
7.71632	.041974	.000000
7.72782	.045715	.000000
7.73935	.049626	.000000
7.75092	.053635	.000000
7.76253	.057731	.000000
7.77416	.061843	.000000
7.78583	.065991	.000000
7.79754	.070099	.000000
7.80929	.074100	.000000
7.82106	.077966	.000000
7.83288	.081679	.000000
7.84473	.085138	.000000
7.85661	.088284	.000000
7.86854	.091084	.000000
7.8805	.093456	.000000
7.89249	.095338	.000000
7.90452	.096733	.000000
7.91659	.097657	.000000
7.9287	.098101	.000000
7.94084	.098177	.000000
7.95302	.097953	.000000
7.96523	.097468	.000000
7.97749	.096847	.000000
7.98978	.096187	.000000
8.00211	.095521	.000000
8.01447	.094874	.000000
8.02688	.094324	.000000
8.03932	.093858	.000000
8.05181	.093473	.000000
8.06433	.093132	.000000
8.07689	.092758	.000000
8.08949	.092319	.000000
8.10213	.091786	.000000
8.11481	.091094	.000000
8.12753	.090173	.000000
8.14028	.089019	.000000
8.15308	.087680	.000000
8.16592	.086172	.000000
8.1788	.084511	.000000
8.19172	.082746	.000000
8.20468	.080909	.000000
8.21769	.079064	.000000
8.23073	.077235	.000000
8.24382	.075421	.000000
8.25695	.073646	.000000
8.27012	.071925	.000000
8.28333	.070200	.000000
8.29658	.068466	.000000
8.30987	.066762	.000000
8.32321	.065140	.000000
8.33659	.063709	.000000
8.35002	.062696	.000000
8.36348	.062378	.000000
8.377	.062840	.000000
8.39055	.063943	.000000
8.40415	.065249	.000000
8.41779	.066452	.000000
8.43148	.067400	.000000
8.44521	.068042	.000000
8.45899	.068515	.000000
8.47281	.068878	.000000
8.48667	.069076	.000000
8.50059	.069244	.000000
8.51455	.069433	.000000
8.52855	.069661	.000000
8.5426	.069925	.000000
8.5567	.070241	.000000
8.57084	.070625	.000000
8.58503	.071055	.000000
8.59927	.071588	.000000
8.61355	.072207	.000000
8.62788	.072852	.000000
8.64226	.073586	.000000
8.65669	.074354	.000000
8.67117	.075163	.000000
8.68569	.076060	.000000
8.70026	.077041	.000000
8.71488	.078079	.000000
8.72955	.079130	.000000
8.74428	.080239	.000000
8.75905	.081457	.000000
8.77387	.082738	.000000
8.78874	.084047	.000000
8.80366	.085385	.000000
8.81863	.086741	.000000
8.83365	.088129	.000000
8.84872	.089474	.000000
8.86385	.090824	.000000
8.87903	.092156	.000000
8.89426	.093475	.000000
8.90954	.094765	.000000
8.92488	.096069	.000000
8.94027	.097429	.000000
8.95571	.098836	.000000
8.9712	.100308	.000000
8.98675	.101785	.000000
9.00235	.103233	.000000
9.018	.104621	.000000
9.03371	.105867	.000000
9.04948	.106914	.000000
9.0653	.107786	.000000
9.08118	.108480	.000000
9.09711	.108949	.000000
9.11309	.109174	.000000
9.12914	.109221	.000000
9.14524	.109084	.000000
9.16139	.108686	.000000
9.17761	.107971	.000000
9.19388	.106780	.000000
9.21021	.105003	.000000
9.2266	.102728	.000000
9.24304	.100078	.000000
9.25955	.097186	.000000
9.27611	.094204	.000000
9.29274	.091470	.000000
9.30942	.089083	.000000
9.32616	.087078	.000000
9.34297	.085463	.000000
9.35984	.084234	.000000
9.37676	.083331	.000000
9.39375	.082611	.000000
9.4108	.082003	.000000
9.42791	.081565	.000000
9.44508	.081247	.000000
9.46231	.080911	.000000
9.47961	.080480	.000000
9.49697	.080045	.000000
9.5144	.079682	.000000
9.53189	.079319	.000000
9.54944	.078915	.000000
9.56706	.078608	.000000
9.58474	.078481	.000000
9.60249	.078436	.000000
9.6203	.078445	.000000
9.63818	.078606	.000000
9.65613	.078874	.000000
9.67415	.079208	.000000
9.69223	.079633	.000000
9.71038	.080050	.000000
9.7286	.080486	.000000
9.74689	.080886	.000000
9.76524	.081195	.000000
9.78367	.081498	.000000
9.80216	.081842	.000000
9.82073	.082212	.000000
9.83936	.082562	.000000
9.85806	.082863	.000000
9.87684	.083191	.000000
9.89569	.083623	.000000
9.91461	.084055	.000000
9.9336	.084472	.000000
9.95267	.084884	.000000
9.97181	.085220	.000000
9.99103	.085563	.000000
10.01031	.085854	.000000
10.02968	.086152	.000000
10.04911	.086496	.000000
10.06863	.086919	.000000
10.08822	.087366	.000000
10.10788	.087824	.000000
10.12763	.088297	.000000
10.14745	.088840	.000000
10.16734	.089442	.000000
10.18732	.090037	.000000
10.20737	.090637	.000000
10.2275	.091245	.000000
10.24772	.091922	.000000
10.268	.092646	.000000
10.28838	.093402	.000000
10.30883	.094174	.000000
10.32937	.095061	.000000
10.34998	.096026	.000000
10.37068	.097003	.000000
10.39147	.097970	.000000
10.41234	.098937	.000000
10.43329	.100061	.000000
10.45432	.101308	.000000
10.47544	.102752	.000000
10.49665	.104359	.000000
10.51794	.106017	.000000
10.53932	.107717	.000000
10.56079	.109509	.000000
10.58234	.111463	.000000
10.60398	.113528	.000000
10.62571	.115666	.000000
10.64753	.117896	.000000
10.66944	.120148	.000000
10.69144	.122462	.000000
10.71353	.124824	.000000
10.73571	.127181	.000000
10.75799	.129572	.000000
10.78035	.132009	.000000
10.80281	.134525	.000000
10.82536	.137063	.000000
10.84801	.139654	.000000
10.87075	.142241	.000000
10.89358	.144859	.000000
10.91652	.147448	.000000
10.93955	.150000	.000000
10.96268	.152519	.000000
10.9859	.154998	.000000
11.00923	.157504	.000000
11.03266	.159947	.000000
11.05618	.162235	.000000
11.0798	.164429	.000000
11.10353	.166552	.000000
11.12736	.168559	.000000
11.15129	.170377	.000000
11.17532	.171948	.000000
11.19946	.173400	.000000
11.2237	.174586	.000000
11.24805	.175453	.000000
11.2725	.176086	.000000
11.29706	.176488	.000000
11.32173	.176499	.000000
11.3465	.176116	.000000
11.37137	.175438	.000000
11.39637	.174490	.000000
11.42147	.173237	.000000
11.44668	.171692	.000000
11.47201	.169831	.000000
11.49744	.167631	.000000
11.52299	.165044	.000000
11.54866	.162040	.000000
11.57444	.158606	.000000
11.60033	.154822	.000000
11.62634	.150613	.000000
11.65247	.146073	.000000
11.67872	.141247	.000000
11.70508	.136091	.000000
11.73157	.130586	.000000
11.75817	.124920	.000000
11.78489	.119086	.000000
11.81174	.113061	.000000
11.8387	.106987	.000000
11.86579	.100994	.000000
11.89301	.095113	.000000
11.92034	.089341	.000000
11.94781	.083651	.000000
11.9754	.078165	.000000
12.00312	.072895	.000000
12.03097	.067755	.000000
12.05895	.062830	.000000
12.08706	.058219	.000000
12.11531	.053968	.000000
12.14368	.049974	.000000
12.17219	.046207	.000000
12.20083	.042687	.000000
12.2296	.039311	.000000
12.25851	.036045	.000000
12.28756	.032869	.000000
12.31675	.029801	.000000
12.34608	.027055	.000000
12.37555	.024904	.000000
12.40515	.023434	.000000
12.4349	.022788	.000000
12.46479	.023075	.000000
12.49483	.024131	.000000
12.52502	.025673	.000000
12.55534	.027437	.000000
12.58582	.029236	.000000
12.61644	.031151	.000000
12.64721	.033190	.000000
12.67814	.035237	.000000
12.70921	.037361	.000000
12.74043	.039578	.000000
12.77181	.041723	.000000
12.80334	.044011	.000000
12.83503	.046420	.000000
12.86688	.048946	.000000
12.89889	.051647	.000000
12.93106	.054239	.000000
12.96339	.056388	.000000
12.99588	.058003	.000000
13.02853	.059390	.000000
13.06135	.060546	.000000
13.09433	.061253	.000000
13.12749	.061742	.000000
13.1608	.062230	.000000
13.1943	.062763	.000000
13.22796	.063195	.000000
13.26179	.063625	.000000
13.29579	.064155	.000000
13.32997	.064660	.000000
13.36433	.064953	.000000
13.39886	.065210	.000000
13.43356	.065453	.000000
13.46846	.065630	.000000
13.50353	.065722	.000000
13.53879	.065816	.000000
13.57423	.065930	.000000
13.60986	.066018	.000000
13.64567	.065819	.000000
13.68168	.065544	.000000
13.71788	.065582	.000000
13.75427	.065803	.000000
13.79085	.065810	.000000
13.82762	.065675	.000000
13.8646	.065466	.000000
13.90177	.065208	.000000
13.93914	.064837	.000000
13.97672	.064663	.000000
14.01449	.064400	.000000
14.05247	.064149	.000000
14.09066	.064057	.000000
14.12905	.063824	.000000
14.16766	.063459	.000000
14.20646	.063206	.000000
14.24549	.063023	.000000
14.28473	.062619	.000000
14.32419	.062151	.000000
14.36387	.061729	.000000
14.40377	.061081	.000000
14.4439	.060453	.000000
14.48425	.059970	.000000
14.52482	.059486	.000000
14.56562	.058732	.000000
14.60665	.058036	.000000
14.64791	.057228	.000000
14.68941	.056399	.000000
14.73114	.055894	.000000
14.77312	.055294	.000000
14.81533	.054456	.000000
14.85778	.053558	.000000
14.90047	.052520	.000000
14.94342	.051622	.000000
14.98661	.050603	.000000
15.03005	.049482	.000000
15.07372	.048016	.000000
15.11767	.046834	.000000
15.16187	.046606	.000000
15.20634	.045826	.000000
15.25106	.044120	.000000
15.29605	.042186	.000000
15.34131	.039855	.000000
15.38684	.037857	.000000
15.43263	.036125	.000000
15.4787	.034415	.000000
15.52504	.033115	.000000
15.57167	.031668	.000000
15.61857	.029666	.000000
15.66575	.027749	.000000
15.71322	.025938	.000000
15.76098	.024131	.000000
15.80904	.022586	.000000
15.85738	.020888	.000000
15.90603	.019470	.000000
15.95497	.018439	.000000
16.00421	.017613	.000000
16.05376	.017151	.000000
16.10364	.017601	.000000
16.1538	.018701	.000000
16.20429	.019087	.000000
16.25508	.020155	.000000
16.3062	.021591	.000000
16.35764	.022096	.000000
16.40941	.022353	.000000
16.4615	.022873	.000000
16.51391	.023520	.000000
16.56667	.023596	.000000
16.61977	.023424	.000000
16.67321	.023127	.000000
16.72699	.023211	.000000
16.78113	.023028	.000000
16.83561	.021786	.000000
16.89047	.020736	.000000
16.94567	.020273	.000000
17.00123	.019438	.000000
17.05716	.018518	.000000
17.11346	.018191	.000000
17.17012	.017927	.000000
17.22717	.017362	.000000
17.28459	.015770	.000000
17.34239	.014025	.000000
17.40059	.013131	.000000
17.45918	.012334	.000000
17.51816	.011704	.000000
17.57755	.010682	.000000
17.63734	.009715	.000000
17.69753	.009147	.000000
17.75814	.008453	.000000
17.81916	.007680	.000000
17.88061	.007179	.000000
17.94248	.007418	.000000
18.00478	.007016	.000000
18.06752	.006797	.000000
18.13069	.008084	.000000
18.19431	.009779	.000000
18.25837	.012276	.000000
18.3229	.017347	.000000
18.38788	.024578	.000000
18.45331	.032906	.000000
18.51922	.040607	.000000
18.5856	.046957	.000000
18.65245	.052769	.000000
18.71979	.058221	.000000
18.78759	.062333	.000000
18.85591	.064504	.000000
18.92473	.065232	.000000
18.99405	.065344	.000000
19.06388	.065479	.000000
19.13423	.065698	.000000
19.2051	.066442	.000000
19.27651	.067606	.000000
19.34844	.069491	.000000
19.4209	.071294	.000000
19.49392	.073161	.000000
19.56748	.075344	.000000
19.6416	.077822	.000000
19.71628	.079876	.000000
19.79152	.082358	.000000
19.86735	.084725	.000000
19.94376	.086610	.000000
20.02076	.088606	.000000
20.09836	.090364	.000000
20.17656	.092566	.000000
20.25538	.095353	.000000
20.33483	.097928	.000000
20.41489	.099986	.000000
20.49558	.100817	.000000
20.57691	.100420	.000000
20.65889	.099503	.000000
20.74153	.098248	.000000
20.82483	.098592	.000000
20.90878	.099466	.000000
20.99343	.099167	.000000
21.07877	.098368	.000000
21.16481	.098473	.000000
21.25155	.098329	.000000
21.339	.097298	.000000
21.42718	.095394	.000000
21.51611	.092932	.000000
21.60576	.090293	.000000
21.69616	.088166	.000000
21.78732	.085546	.000000
21.87925	.083318	.000000
21.97196	.080641	.000000
22.06546	.077237	.000000
22.15973	.074970	.000000
22.25484	.073490	.000000
22.35076	.073337	.000000
22.44752	.074401	.000000
22.54512	.074274	.000000
22.64357	.073010	.000000
22.74288	.072622	.000000
22.8431	.072566	.000000
22.94417	.072203	.000000
23.04615	.072907	.000000
23.14903	.073550	.000000
23.25284	.073569	.000000
23.35758	.072093	.000000
23.46327	.070114	.000000
23.5699	.069459	.000000
23.67752	.069431	.000000
23.78613	.069175	.000000
23.89575	.069444	.000000
24.00638	.068934	.000000
24.11803	.068442	.000000
24.23073	.070464	.000000
24.34452	.068058	.000000
24.45936	.064347	.000000
24.57528	.063618	.000000
24.6923	.064626	.000000
24.81045	.068492	.000000
24.92973	.068569	.000000
25.05016	.063968	.000000
