Brown University Keck/NASA Relab Spectrum AV-A1V-005/BKR1AV005
Wavelength(micron)	Reflectance	Standard Deviation
0.32	.061657	.004122
0.325	.061843	.003690
0.33	.062239	.003627
0.335	.062538	.003548
0.34	.062857	.003396
0.345	.062916	.003385
0.35	.063068	.003121
0.355	.062933	.003005
0.36	.063042	.002782
0.365	.063085	.002692
0.37	.063540	.002491
0.375	.063927	.002553
0.38	.064360	.002734
0.385	.064596	.002833
0.39	.065136	.002877
0.395	.065486	.002876
0.4	.067491	.002942
0.405	.067373	.002641
0.41	.068449	.002457
0.415	.069241	.002404
0.42	.070786	.002368
0.425	.072025	.002375
0.43	.073484	.002259
0.435	.074885	.002178
0.44	.076943	.001979
0.445	.077257	.001417
0.45	.078718	.001494
0.455	.080605	.001494
0.46	.082491	.001512
0.465	.083847	.001589
0.47	.085160	.001747
0.475	.086949	.001652
0.48	.088436	.001726
0.485	.089583	.001658
0.49	.091749	.001596
0.495	.094354	.001447
0.5	.097119	.001408
0.505	.100130	.001216
0.51	.103547	.001182
0.515	.106992	.001198
0.52	.110283	.001241
0.525	.113745	.001262
0.53	.118235	.001294
0.535	.123027	.001329
0.54	.127577	.001314
0.545	.132505	.001307
0.55	.138760	.001299
0.555	.144551	.001299
0.56	.151464	.001311
0.565	.158812	.001326
0.57	.166493	.001327
0.575	.174136	.001343
0.58	.182268	.001367
0.585	.190025	.001402
0.59	.199379	.001456
0.595	.209178	.001559
0.6	.219999	.001643
0.605	.231242	.001715
0.61	.242698	.002096
0.615	.253600	.002164
0.62	.265409	.002170
0.625	.276220	.002242
0.63	.286095	.002350
0.635	.295617	.002101
0.64	.304941	.002179
0.645	.314523	.002308
0.65	.324813	.002374
0.655	.335642	.002408
0.66	.347069	.002469
0.665	.357776	.002534
0.67	.367882	.002524
0.675	.377549	.002605
0.68	.387069	.002827
0.685	.394574	.002974
0.69	.403479	.003026
0.695	.411656	.003099
0.7	.420484	.003133
0.705	.429069	.003010
0.71	.439926	.002977
0.715	.449725	.003159
0.72	.460489	.003232
0.725	.468130	.003299
0.73	.475317	.003863
0.735	.481682	.003950
0.74	.487743	.003907
0.745	.491676	.003977
0.75	.496902	.003996
0.755	.501194	.003457
0.76	.505627	.003398
0.765	.508868	.003338
0.77	.509924	.003233
0.775	.511299	.003322
0.78	.511389	.003349
0.785	.511583	.003410
0.79	.512453	.003879
0.795	.513094	.004340
0.8	.513823	.004781
0.805	.514489	.005218
0.81	.515105	.005609
0.815	.514803	.005620
0.82	.513976	.005489
0.825	.512655	.005429
0.83	.511710	.005402
0.835	.510326	.005283
0.84	.509027	.005127
0.845	.507873	.005025
0.85	.507366	.004868
0.855	.506105	.004729
0.86	.503455	.004865
0.865	.501002	.004868
0.87	.500168	.004769
0.875	.498859	.004749
0.88	.497475	.004522
0.885	.493522	.004598
0.89	.492473	.004242
0.895	.491609	.004111
0.9	.491664	.003799
0.905	.492098	.003859
0.91	.492528	.003785
0.915	.492909	.003814
0.92	.493116	.003682
0.925	.492972	.003698
0.93	.493277	.003533
0.935	.493337	.003617
0.94	.493619	.003545
0.945	.494033	.003626
0.95	.494646	.003360
0.955	.496202	.004745
0.96	.496494	.003487
0.965	.496981	.003736
0.97	.498083	.003385
0.975	.498170	.003686
0.98	.500679	.003307
0.985	.501432	.003394
0.99	.503464	.003114
0.995	.504476	.003630
1	.507548	.003401
1.005	.509283	.003378
1.01	.511408	.003277
1.015	.513377	.003761
1.02	.516000	.003281
1.025	.517827	.003542
1.03	.520538	.003514
1.035	.523010	.003877
1.04	.525926	.003549
1.045	.528631	.003828
1.05	.532120	.003660
1.055	.534934	.003786
1.06	.538302	.003510
1.065	.541025	.003798
1.07	.545067	.003666
1.075	.547865	.003785
1.08	.551657	.003639
1.085	.554964	.003679
1.09	.559533	.003845
1.095	.563505	.003974
1.1	.568256	.003715
1.105	.571774	.003822
1.11	.576576	.003709
1.115	.580743	.003866
1.12	.585368	.003735
1.125	.588920	.003556
1.13	.594307	.003438
1.135	.597886	.003634
1.14	.602401	.003626
1.145	.606906	.003765
1.15	.611503	.003656
1.155	.616171	.003664
1.16	.621620	.003545
1.165	.625960	.003721
1.17	.630924	.003370
1.175	.635712	.003563
1.18	.641406	.003353
1.185	.645643	.003398
1.19	.650367	.003354
1.195	.654981	.003541
1.2	.659809	.003379
1.205	.665059	.003463
1.21	.670208	.003301
1.215	.675105	.003528
1.22	.680432	.003554
1.225	.685103	.003585
1.23	.689757	.003529
1.235	.694239	.003917
1.24	.699386	.003892
1.245	.704000	.004287
1.25	.708897	.004246
1.255	.713815	.004163
1.26	.718598	.004190
1.265	.723526	.004587
1.27	.728475	.004537
1.275	.733452	.004351
1.28	.737641	.004448
1.285	.741832	.004679
1.29	.746169	.004460
1.295	.750324	.004657
1.3	.754880	.004611
1.305	.758476	.004574
1.31	.763249	.004692
1.315	.767028	.004715
1.32	.771560	.004632
1.325	.774711	.004502
1.33	.778496	.004576
1.335	.781817	.004509
1.34	.784783	.004578
1.345	.787807	.004528
1.35	.791227	.004647
1.35008	.791272	.000000
1.35025	.791413	.000000
1.35043	.791557	.000000
1.3506	.791645	.000000
1.35078	.791707	.000000
1.35096	.791913	.000000
1.35113	.792085	.000000
1.35131	.792118	.000000
1.35148	.792133	.000000
1.35166	.792362	.000000
1.35184	.792647	.000000
1.35201	.792661	.000000
1.35219	.792658	.000000
1.35237	.792805	.000000
1.35254	.792900	.000000
1.35272	.792977	.000000
1.3529	.793048	.000000
1.35307	.793098	.000000
1.35325	.793300	.000000
1.35343	.793536	.000000
1.3536	.793569	.000000
1.35378	.793563	.000000
1.35396	.793639	.000000
1.35413	.793796	.000000
1.35431	.793909	.000000
1.35449	.793967	.000000
1.35466	.794017	.000000
1.35484	.794150	.000000
1.35502	.794232	.000000
1.35519	.794303	.000000
1.35537	.794423	.000000
1.35555	.794598	.000000
1.35573	.794743	.000000
1.3559	.794915	.000000
1.35608	.794985	.000000
1.35626	.795078	.000000
1.35644	.795236	.000000
1.35661	.795348	.000000
1.35679	.795305	.000000
1.35697	.795229	.000000
1.35715	.795258	.000000
1.35732	.795516	.000000
1.3575	.795851	.000000
1.35768	.795982	.000000
1.35786	.795965	.000000
1.35803	.795979	.000000
1.35821	.796070	.000000
1.35839	.796386	.000000
1.35857	.796580	.000000
1.35875	.796513	.000000
1.35892	.796463	.000000
1.3591	.796561	.000000
1.35928	.796738	.000000
1.35946	.796919	.000000
1.35964	.797117	.000000
1.35981	.797187	.000000
1.35999	.797203	.000000
1.36017	.797316	.000000
1.36035	.797424	.000000
1.36053	.797402	.000000
1.36071	.797531	.000000
1.36089	.797804	.000000
1.36106	.797955	.000000
1.36124	.798021	.000000
1.36142	.797961	.000000
1.3616	.798026	.000000
1.36178	.798102	.000000
1.36196	.798265	.000000
1.36214	.798420	.000000
1.36232	.798303	.000000
1.36249	.798555	.000000
1.36267	.798818	.000000
1.36285	.798896	.000000
1.36303	.799023	.000000
1.36321	.799117	.000000
1.36339	.799202	.000000
1.36357	.799234	.000000
1.36375	.799260	.000000
1.36393	.799322	.000000
1.36411	.799429	.000000
1.36429	.799552	.000000
1.36447	.799616	.000000
1.36465	.799674	.000000
1.36483	.799819	.000000
1.36501	.800041	.000000
1.36519	.800185	.000000
1.36537	.800178	.000000
1.36555	.800257	.000000
1.36572	.800439	.000000
1.3659	.800568	.000000
1.36608	.800699	.000000
1.36626	.800689	.000000
1.36644	.800747	.000000
1.36662	.800816	.000000
1.3668	.800768	.000000
1.36698	.800840	.000000
1.36717	.801103	.000000
1.36735	.801259	.000000
1.36753	.801237	.000000
1.36771	.801242	.000000
1.36789	.801364	.000000
1.36807	.801524	.000000
1.36825	.801684	.000000
1.36843	.801732	.000000
1.36861	.801784	.000000
1.36879	.801962	.000000
1.36897	.801964	.000000
1.36915	.802064	.000000
1.36933	.802303	.000000
1.36951	.802426	.000000
1.36969	.802507	.000000
1.36987	.802720	.000000
1.37006	.802830	.000000
1.37024	.802757	.000000
1.37042	.802769	.000000
1.3706	.802879	.000000
1.37078	.802934	.000000
1.37096	.803099	.000000
1.37114	.803260	.000000
1.37132	.803296	.000000
1.37151	.803465	.000000
1.37169	.803595	.000000
1.37187	.803647	.000000
1.37205	.803705	.000000
1.37223	.803754	.000000
1.37241	.803872	.000000
1.37259	.803979	.000000
1.37278	.804060	.000000
1.37296	.804164	.000000
1.37314	.804213	.000000
1.37332	.804249	.000000
1.3735	.804439	.000000
1.37369	.804491	.000000
1.37387	.804481	.000000
1.37405	.804685	.000000
1.37423	.804840	.000000
1.37441	.804907	.000000
1.3746	.804984	.000000
1.37478	.805099	.000000
1.37496	.805161	.000000
1.37514	.805249	.000000
1.37532	.805282	.000000
1.37551	.805220	.000000
1.37569	.805383	.000000
1.37587	.805665	.000000
1.37606	.805722	.000000
1.37624	.805765	.000000
1.37642	.805760	.000000
1.3766	.805794	.000000
1.37679	.805944	.000000
1.37697	.806017	.000000
1.37715	.806122	.000000
1.37733	.806260	.000000
1.37752	.806330	.000000
1.3777	.806339	.000000
1.37788	.806370	.000000
1.37807	.806471	.000000
1.37825	.806583	.000000
1.37843	.806679	.000000
1.37862	.806743	.000000
1.3788	.806741	.000000
1.37898	.806791	.000000
1.37917	.806894	.000000
1.37935	.806977	.000000
1.37953	.807068	.000000
1.37972	.807014	.000000
1.3799	.806965	.000000
1.38008	.806946	.000000
1.38027	.806884	.000000
1.38045	.806782	.000000
1.38064	.806906	.000000
1.38082	.807231	.000000
1.381	.807281	.000000
1.38119	.807272	.000000
1.38137	.807310	.000000
1.38156	.807329	.000000
1.38174	.807327	.000000
1.38192	.807233	.000000
1.38211	.807221	.000000
1.38229	.807188	.000000
1.38248	.807100	.000000
1.38266	.807026	.000000
1.38284	.806958	.000000
1.38303	.806928	.000000
1.38321	.806870	.000000
1.3834	.806676	.000000
1.38358	.806478	.000000
1.38377	.806320	.000000
1.38395	.806330	.000000
1.38414	.806387	.000000
1.38432	.806306	.000000
1.38451	.806170	.000000
1.38469	.805980	.000000
1.38488	.805796	.000000
1.38506	.805579	.000000
1.38525	.805545	.000000
1.38543	.805514	.000000
1.38562	.805333	.000000
1.3858	.805187	.000000
1.38599	.805228	.000000
1.38617	.805218	.000000
1.38636	.805074	.000000
1.38654	.804809	.000000
1.38673	.804644	.000000
1.38691	.804570	.000000
1.3871	.804596	.000000
1.38728	.804608	.000000
1.38747	.804532	.000000
1.38766	.804360	.000000
1.38784	.804190	.000000
1.38803	.804128	.000000
1.38821	.804017	.000000
1.3884	.804001	.000000
1.38859	.803907	.000000
1.38877	.803814	.000000
1.38896	.803846	.000000
1.38914	.803798	.000000
1.38933	.803662	.000000
1.38952	.803614	.000000
1.3897	.803556	.000000
1.38989	.803525	.000000
1.39007	.803508	.000000
1.39026	.803430	.000000
1.39045	.803405	.000000
1.39063	.803405	.000000
1.39082	.803296	.000000
1.39101	.803277	.000000
1.39119	.803324	.000000
1.39138	.803384	.000000
1.39157	.803310	.000000
1.39175	.803160	.000000
1.39194	.803159	.000000
1.39213	.803097	.000000
1.39231	.802983	.000000
1.3925	.802942	.000000
1.39269	.802978	.000000
1.39288	.802994	.000000
1.39306	.802844	.000000
1.39325	.802695	.000000
1.39344	.802707	.000000
1.39362	.802722	.000000
1.39381	.802703	.000000
1.394	.802604	.000000
1.39419	.802449	.000000
1.39437	.802341	.000000
1.39456	.802292	.000000
1.39475	.802246	.000000
1.39494	.802145	.000000
1.39512	.801978	.000000
1.39531	.801753	.000000
1.3955	.801629	.000000
1.39569	.801514	.000000
1.39587	.801402	.000000
1.39606	.801283	.000000
1.39625	.801125	.000000
1.39644	.800986	.000000
1.39663	.800826	.000000
1.39682	.800708	.000000
1.397	.800603	.000000
1.39719	.800513	.000000
1.39738	.800470	.000000
1.39757	.800365	.000000
1.39776	.800317	.000000
1.39795	.800310	.000000
1.39813	.800154	.000000
1.39832	.799980	.000000
1.39851	.800037	.000000
1.3987	.800130	.000000
1.39889	.800168	.000000
1.39908	.800082	.000000
1.39927	.800104	.000000
1.39945	.800068	.000000
1.39964	.800061	.000000
1.39983	.800169	.000000
1.40002	.800199	.000000
1.40021	.800127	.000000
1.4004	.800142	.000000
1.40059	.800255	.000000
1.40078	.800345	.000000
1.40097	.800431	.000000
1.40116	.800427	.000000
1.40135	.800432	.000000
1.40153	.800548	.000000
1.40172	.800597	.000000
1.40191	.800790	.000000
1.4021	.801113	.000000
1.40229	.801259	.000000
1.40248	.801192	.000000
1.40267	.801129	.000000
1.40286	.801271	.000000
1.40305	.801448	.000000
1.40324	.801584	.000000
1.40343	.801658	.000000
1.40362	.801833	.000000
1.40381	.801878	.000000
1.404	.801885	.000000
1.40419	.801926	.000000
1.40438	.802041	.000000
1.40457	.802193	.000000
1.40476	.802215	.000000
1.40495	.802296	.000000
1.40514	.802473	.000000
1.40533	.802528	.000000
1.40552	.802562	.000000
1.40571	.802719	.000000
1.40591	.802892	.000000
1.4061	.802989	.000000
1.40629	.803080	.000000
1.40648	.803214	.000000
1.40667	.803195	.000000
1.40686	.803195	.000000
1.40705	.803255	.000000
1.40724	.803312	.000000
1.40743	.803387	.000000
1.40762	.803484	.000000
1.40781	.803554	.000000
1.40801	.803542	.000000
1.4082	.803528	.000000
1.40839	.803521	.000000
1.40858	.803561	.000000
1.40877	.803535	.000000
1.40896	.803602	.000000
1.40915	.803642	.000000
1.40934	.803637	.000000
1.40954	.803748	.000000
1.40973	.803946	.000000
1.40992	.803963	.000000
1.41011	.803903	.000000
1.4103	.804001	.000000
1.41049	.804087	.000000
1.41069	.804046	.000000
1.41088	.804042	.000000
1.41107	.804090	.000000
1.41126	.804147	.000000
1.41145	.804096	.000000
1.41165	.804163	.000000
1.41184	.804302	.000000
1.41203	.804343	.000000
1.41222	.804243	.000000
1.41242	.804223	.000000
1.41261	.804276	.000000
1.4128	.804335	.000000
1.41299	.804445	.000000
1.41319	.804561	.000000
1.41338	.804606	.000000
1.41357	.804577	.000000
1.41376	.804555	.000000
1.41396	.804570	.000000
1.41415	.804517	.000000
1.41434	.804460	.000000
1.41454	.804529	.000000
1.41473	.804618	.000000
1.41492	.804804	.000000
1.41511	.804879	.000000
1.41531	.804849	.000000
1.4155	.804871	.000000
1.41569	.804826	.000000
1.41589	.804876	.000000
1.41608	.805007	.000000
1.41627	.805075	.000000
1.41647	.805055	.000000
1.41666	.805038	.000000
1.41685	.805124	.000000
1.41705	.805227	.000000
1.41724	.805216	.000000
1.41744	.805275	.000000
1.41763	.805306	.000000
1.41782	.805320	.000000
1.41802	.805395	.000000
1.41821	.805430	.000000
1.41841	.805553	.000000
1.4186	.805668	.000000
1.41879	.805663	.000000
1.41899	.805682	.000000
1.41918	.805789	.000000
1.41938	.805787	.000000
1.41957	.805773	.000000
1.41976	.805876	.000000
1.41996	.806007	.000000
1.42015	.806084	.000000
1.42035	.806205	.000000
1.42054	.806241	.000000
1.42074	.806279	.000000
1.42093	.806392	.000000
1.42113	.806428	.000000
1.42132	.806506	.000000
1.42152	.806537	.000000
1.42171	.806531	.000000
1.42191	.806676	.000000
1.4221	.806798	.000000
1.4223	.806856	.000000
1.42249	.806837	.000000
1.42269	.806882	.000000
1.42288	.807119	.000000
1.42308	.807207	.000000
1.42327	.807204	.000000
1.42347	.807291	.000000
1.42366	.807343	.000000
1.42386	.807382	.000000
1.42405	.807441	.000000
1.42425	.807530	.000000
1.42445	.807690	.000000
1.42464	.807852	.000000
1.42484	.807943	.000000
1.42503	.808022	.000000
1.42523	.808089	.000000
1.42542	.808158	.000000
1.42562	.808259	.000000
1.42582	.808271	.000000
1.42601	.808341	.000000
1.42621	.808534	.000000
1.4264	.808701	.000000
1.4266	.808885	.000000
1.4268	.809089	.000000
1.42699	.809091	.000000
1.42719	.809041	.000000
1.42739	.809179	.000000
1.42758	.809376	.000000
1.42778	.809500	.000000
1.42798	.809593	.000000
1.42817	.809749	.000000
1.42837	.809873	.000000
1.42857	.809930	.000000
1.42876	.810023	.000000
1.42896	.810133	.000000
1.42916	.810225	.000000
1.42935	.810322	.000000
1.42955	.810447	.000000
1.42975	.810638	.000000
1.42995	.810782	.000000
1.43014	.810906	.000000
1.43034	.811002	.000000
1.43054	.811027	.000000
1.43073	.811140	.000000
1.43093	.811243	.000000
1.43113	.811312	.000000
1.43133	.811405	.000000
1.43152	.811570	.000000
1.43172	.811783	.000000
1.43192	.811915	.000000
1.43212	.811941	.000000
1.43232	.811986	.000000
1.43251	.812177	.000000
1.43271	.812280	.000000
1.43291	.812402	.000000
1.43311	.812617	.000000
1.43331	.812809	.000000
1.4335	.812929	.000000
1.4337	.813077	.000000
1.4339	.813141	.000000
1.4341	.813227	.000000
1.4343	.813311	.000000
1.43449	.813455	.000000
1.43469	.813602	.000000
1.43489	.813715	.000000
1.43509	.813866	.000000
1.43529	.813968	.000000
1.43549	.814002	.000000
1.43569	.814121	.000000
1.43589	.814365	.000000
1.43608	.814538	.000000
1.43628	.814593	.000000
1.43648	.814743	.000000
1.43668	.814779	.000000
1.43688	.814880	.000000
1.43708	.815123	.000000
1.43728	.815279	.000000
1.43748	.815425	.000000
1.43768	.815530	.000000
1.43788	.815573	.000000
1.43808	.815699	.000000
1.43828	.815917	.000000
1.43847	.816115	.000000
1.43867	.816250	.000000
1.43887	.816304	.000000
1.43907	.816395	.000000
1.43927	.816493	.000000
1.43947	.816632	.000000
1.43967	.816816	.000000
1.43987	.816935	.000000
1.44007	.817045	.000000
1.44027	.817234	.000000
1.44047	.817392	.000000
1.44067	.817519	.000000
1.44087	.817566	.000000
1.44107	.817670	.000000
1.44127	.817889	.000000
1.44147	.818026	.000000
1.44167	.818112	.000000
1.44188	.818255	.000000
1.44208	.818422	.000000
1.44228	.818514	.000000
1.44248	.818616	.000000
1.44268	.818824	.000000
1.44288	.818951	.000000
1.44308	.819082	.000000
1.44328	.819204	.000000
1.44348	.819446	.000000
1.44368	.819649	.000000
1.44388	.819706	.000000
1.44408	.819793	.000000
1.44429	.819888	.000000
1.44449	.820044	.000000
1.44469	.820242	.000000
1.44489	.820347	.000000
1.44509	.820359	.000000
1.44529	.820584	.000000
1.44549	.820795	.000000
1.44569	.820849	.000000
1.4459	.820930	.000000
1.4461	.821088	.000000
1.4463	.821278	.000000
1.4465	.821402	.000000
1.4467	.821555	.000000
1.4469	.821672	.000000
1.44711	.821743	.000000
1.44731	.821810	.000000
1.44751	.821994	.000000
1.44771	.822167	.000000
1.44791	.822300	.000000
1.44812	.822427	.000000
1.44832	.822588	.000000
1.44852	.822717	.000000
1.44872	.822762	.000000
1.44893	.822844	.000000
1.44913	.823095	.000000
1.44933	.823242	.000000
1.44953	.823290	.000000
1.44974	.823389	.000000
1.44994	.823523	.000000
1.45014	.823575	.000000
1.45035	.823637	.000000
1.45055	.823835	.000000
1.45075	.824079	.000000
1.45095	.824239	.000000
1.45116	.824342	.000000
1.45136	.824436	.000000
1.45156	.824539	.000000
1.45177	.824600	.000000
1.45197	.824625	.000000
1.45217	.824751	.000000
1.45238	.824883	.000000
1.45258	.824961	.000000
1.45278	.825210	.000000
1.45299	.825505	.000000
1.45319	.825648	.000000
1.45339	.825677	.000000
1.4536	.825741	.000000
1.4538	.825801	.000000
1.45401	.826009	.000000
1.45421	.826150	.000000
1.45441	.826239	.000000
1.45462	.826325	.000000
1.45482	.826459	.000000
1.45503	.826564	.000000
1.45523	.826594	.000000
1.45543	.826834	.000000
1.45564	.827020	.000000
1.45584	.827046	.000000
1.45605	.827152	.000000
1.45625	.827269	.000000
1.45646	.827414	.000000
1.45666	.827596	.000000
1.45687	.827728	.000000
1.45707	.827706	.000000
1.45728	.827799	.000000
1.45748	.827986	.000000
1.45768	.828223	.000000
1.45789	.828361	.000000
1.45809	.828386	.000000
1.4583	.828455	.000000
1.4585	.828622	.000000
1.45871	.828727	.000000
1.45892	.828866	.000000
1.45912	.829005	.000000
1.45933	.829050	.000000
1.45953	.829206	.000000
1.45974	.829306	.000000
1.45994	.829399	.000000
1.46015	.829554	.000000
1.46035	.829648	.000000
1.46056	.829762	.000000
1.46077	.829894	.000000
1.46097	.829942	.000000
1.46118	.830030	.000000
1.46138	.830174	.000000
1.46159	.830322	.000000
1.46179	.830389	.000000
1.462	.830418	.000000
1.46221	.830590	.000000
1.46241	.830753	.000000
1.46262	.830998	.000000
1.46283	.831108	.000000
1.46303	.831059	.000000
1.46324	.831132	.000000
1.46345	.831309	.000000
1.46365	.831371	.000000
1.46386	.831410	.000000
1.46406	.831563	.000000
1.46427	.831773	.000000
1.46448	.831838	.000000
1.46469	.831905	.000000
1.46489	.832056	.000000
1.4651	.832118	.000000
1.46531	.832246	.000000
1.46551	.832405	.000000
1.46572	.832514	.000000
1.46593	.832632	.000000
1.46613	.832691	.000000
1.46634	.832705	.000000
1.46655	.832777	.000000
1.46676	.832909	.000000
1.46696	.833155	.000000
1.46717	.833304	.000000
1.46738	.833359	.000000
1.46759	.833322	.000000
1.4678	.833390	.000000
1.468	.833628	.000000
1.46821	.833767	.000000
1.46842	.833806	.000000
1.46863	.833879	.000000
1.46883	.834088	.000000
1.46904	.834174	.000000
1.46925	.834210	.000000
1.46946	.834348	.000000
1.46967	.834411	.000000
1.46988	.834528	.000000
1.47008	.834779	.000000
1.47029	.834888	.000000
1.4705	.834903	.000000
1.47071	.834920	.000000
1.47092	.834986	.000000
1.47113	.835202	.000000
1.47134	.835367	.000000
1.47154	.835493	.000000
1.47175	.835551	.000000
1.47196	.835651	.000000
1.47217	.835776	.000000
1.47238	.835720	.000000
1.47259	.835769	.000000
1.4728	.835969	.000000
1.47301	.836041	.000000
1.47322	.836185	.000000
1.47343	.836283	.000000
1.47364	.836309	.000000
1.47385	.836464	.000000
1.47405	.836615	.000000
1.47426	.836646	.000000
1.47447	.836718	.000000
1.47468	.836861	.000000
1.47489	.836945	.000000
1.4751	.837007	.000000
1.47531	.837023	.000000
1.47552	.837115	.000000
1.47573	.837329	.000000
1.47594	.837492	.000000
1.47615	.837545	.000000
1.47636	.837647	.000000
1.47657	.837741	.000000
1.47678	.837760	.000000
1.47699	.837822	.000000
1.4772	.838008	.000000
1.47741	.838240	.000000
1.47763	.838393	.000000
1.47784	.838430	.000000
1.47805	.838391	.000000
1.47826	.838418	.000000
1.47847	.838583	.000000
1.47868	.838704	.000000
1.47889	.838764	.000000
1.4791	.838805	.000000
1.47931	.838843	.000000
1.47952	.838972	.000000
1.47973	.839092	.000000
1.47995	.839087	.000000
1.48016	.839159	.000000
1.48037	.839354	.000000
1.48058	.839503	.000000
1.48079	.839507	.000000
1.481	.839453	.000000
1.48121	.839603	.000000
1.48143	.839807	.000000
1.48164	.839859	.000000
1.48185	.839972	.000000
1.48206	.840033	.000000
1.48227	.840039	.000000
1.48248	.840161	.000000
1.4827	.840263	.000000
1.48291	.840258	.000000
1.48312	.840309	.000000
1.48333	.840466	.000000
1.48354	.840638	.000000
1.48376	.840751	.000000
1.48397	.840901	.000000
1.48418	.840945	.000000
1.48439	.841009	.000000
1.48461	.841090	.000000
1.48482	.841100	.000000
1.48503	.841134	.000000
1.48524	.841248	.000000
1.48546	.841408	.000000
1.48567	.841513	.000000
1.48588	.841466	.000000
1.4861	.841478	.000000
1.48631	.841635	.000000
1.48652	.841832	.000000
1.48673	.841935	.000000
1.48695	.841972	.000000
1.48716	.842080	.000000
1.48737	.842171	.000000
1.48759	.842236	.000000
1.4878	.842357	.000000
1.48802	.842420	.000000
1.48823	.842475	.000000
1.48844	.842506	.000000
1.48866	.842663	.000000
1.48887	.842795	.000000
1.48908	.842786	.000000
1.4893	.842840	.000000
1.48951	.842889	.000000
1.48973	.842969	.000000
1.48994	.843079	.000000
1.49015	.843156	.000000
1.49037	.843226	.000000
1.49058	.843348	.000000
1.4908	.843503	.000000
1.49101	.843567	.000000
1.49122	.843565	.000000
1.49144	.843556	.000000
1.49165	.843649	.000000
1.49187	.843761	.000000
1.49208	.843842	.000000
1.4923	.843976	.000000
1.49251	.844045	.000000
1.49273	.844072	.000000
1.49294	.844062	.000000
1.49316	.844170	.000000
1.49337	.844259	.000000
1.49359	.844352	.000000
1.4938	.844521	.000000
1.49402	.844514	.000000
1.49423	.844498	.000000
1.49445	.844607	.000000
1.49466	.844705	.000000
1.49488	.844909	.000000
1.49509	.845107	.000000
1.49531	.845260	.000000
1.49553	.845253	.000000
1.49574	.845205	.000000
1.49596	.845232	.000000
1.49617	.845236	.000000
1.49639	.845330	.000000
1.49661	.845495	.000000
1.49682	.845525	.000000
1.49704	.845600	.000000
1.49725	.845729	.000000
1.49747	.845776	.000000
1.49769	.845691	.000000
1.4979	.845707	.000000
1.49812	.845886	.000000
1.49834	.846156	.000000
1.49855	.846240	.000000
1.49877	.846226	.000000
1.49899	.846358	.000000
1.4992	.846403	.000000
1.49942	.846369	.000000
1.49964	.846365	.000000
1.49985	.846420	.000000
1.50007	.846563	.000000
1.50029	.846616	.000000
1.5005	.846726	.000000
1.50072	.846859	.000000
1.50094	.846922	.000000
1.50116	.847072	.000000
1.50137	.847055	.000000
1.50159	.847034	.000000
1.50181	.847106	.000000
1.50203	.847135	.000000
1.50224	.847256	.000000
1.50246	.847385	.000000
1.50268	.847500	.000000
1.5029	.847446	.000000
1.50311	.847457	.000000
1.50333	.847692	.000000
1.50355	.847826	.000000
1.50377	.847890	.000000
1.50399	.847959	.000000
1.5042	.848036	.000000
1.50442	.848139	.000000
1.50464	.848144	.000000
1.50486	.848148	.000000
1.50508	.848266	.000000
1.5053	.848318	.000000
1.50551	.848263	.000000
1.50573	.848296	.000000
1.50595	.848395	.000000
1.50617	.848449	.000000
1.50639	.848519	.000000
1.50661	.848638	.000000
1.50683	.848682	.000000
1.50705	.848677	.000000
1.50726	.848774	.000000
1.50748	.848976	.000000
1.5077	.849038	.000000
1.50792	.849019	.000000
1.50814	.849064	.000000
1.50836	.849174	.000000
1.50858	.849248	.000000
1.5088	.849243	.000000
1.50902	.849313	.000000
1.50924	.849401	.000000
1.50946	.849442	.000000
1.50968	.849525	.000000
1.5099	.849664	.000000
1.51012	.849789	.000000
1.51034	.849803	.000000
1.51056	.849822	.000000
1.51078	.849841	.000000
1.511	.849867	.000000
1.51122	.849944	.000000
1.51144	.850099	.000000
1.51166	.850152	.000000
1.51188	.850159	.000000
1.5121	.850183	.000000
1.51232	.850293	.000000
1.51254	.850374	.000000
1.51276	.850441	.000000
1.51298	.850570	.000000
1.5132	.850596	.000000
1.51342	.850651	.000000
1.51365	.850711	.000000
1.51387	.850737	.000000
1.51409	.850809	.000000
1.51431	.850931	.000000
1.51453	.850994	.000000
1.51475	.851094	.000000
1.51497	.851171	.000000
1.51519	.851185	.000000
1.51541	.851201	.000000
1.51564	.851282	.000000
1.51586	.851405	.000000
1.51608	.851431	.000000
1.5163	.851350	.000000
1.51652	.851412	.000000
1.51674	.851496	.000000
1.51697	.851589	.000000
1.51719	.851673	.000000
1.51741	.851766	.000000
1.51763	.851821	.000000
1.51785	.851868	.000000
1.51808	.851928	.000000
1.5183	.851985	.000000
1.51852	.852046	.000000
1.51874	.852108	.000000
1.51897	.852155	.000000
1.51919	.852263	.000000
1.51941	.852308	.000000
1.51963	.852284	.000000
1.51986	.852354	.000000
1.52008	.852526	.000000
1.5203	.852662	.000000
1.52053	.852674	.000000
1.52075	.852700	.000000
1.52097	.852762	.000000
1.52119	.852787	.000000
1.52142	.852808	.000000
1.52164	.852837	.000000
1.52186	.852987	.000000
1.52209	.853090	.000000
1.52231	.853081	.000000
1.52253	.853097	.000000
1.52276	.853203	.000000
1.52298	.853303	.000000
1.52321	.853222	.000000
1.52343	.853227	.000000
1.52365	.853386	.000000
1.52388	.853473	.000000
1.5241	.853516	.000000
1.52433	.853564	.000000
1.52455	.853590	.000000
1.52477	.853650	.000000
1.525	.853762	.000000
1.52522	.853879	.000000
1.52545	.853965	.000000
1.52567	.854065	.000000
1.5259	.853973	.000000
1.52612	.853891	.000000
1.52634	.853970	.000000
1.52657	.854092	.000000
1.52679	.854219	.000000
1.52702	.854252	.000000
1.52724	.854276	.000000
1.52747	.854314	.000000
1.52769	.854401	.000000
1.52792	.854508	.000000
1.52814	.854419	.000000
1.52837	.854345	.000000
1.52859	.854463	.000000
1.52882	.854621	.000000
1.52905	.854719	.000000
1.52927	.854721	.000000
1.5295	.854752	.000000
1.52972	.854795	.000000
1.52995	.854819	.000000
1.53017	.854814	.000000
1.5304	.854824	.000000
1.53063	.854893	.000000
1.53085	.855017	.000000
1.53108	.855129	.000000
1.5313	.855173	.000000
1.53153	.855211	.000000
1.53176	.855276	.000000
1.53198	.855325	.000000
1.53221	.855393	.000000
1.53244	.855402	.000000
1.53266	.855333	.000000
1.53289	.855431	.000000
1.53311	.855620	.000000
1.53334	.855644	.000000
1.53357	.855576	.000000
1.5338	.855625	.000000
1.53402	.855646	.000000
1.53425	.855686	.000000
1.53448	.855739	.000000
1.5347	.855728	.000000
1.53493	.855789	.000000
1.53516	.855931	.000000
1.53538	.856019	.000000
1.53561	.856065	.000000
1.53584	.856119	.000000
1.53607	.856151	.000000
1.53629	.856157	.000000
1.53652	.856169	.000000
1.53675	.856251	.000000
1.53698	.856342	.000000
1.53721	.856406	.000000
1.53743	.856468	.000000
1.53766	.856437	.000000
1.53789	.856461	.000000
1.53812	.856578	.000000
1.53835	.856547	.000000
1.53857	.856548	.000000
1.5388	.856705	.000000
1.53903	.856854	.000000
1.53926	.856915	.000000
1.53949	.856882	.000000
1.53972	.856940	.000000
1.53995	.856964	.000000
1.54017	.856944	.000000
1.5404	.857052	.000000
1.54063	.857116	.000000
1.54086	.857100	.000000
1.54109	.857092	.000000
1.54132	.857167	.000000
1.54155	.857308	.000000
1.54178	.857341	.000000
1.54201	.857422	.000000
1.54224	.857516	.000000
1.54246	.857552	.000000
1.54269	.857631	.000000
1.54292	.857631	.000000
1.54315	.857650	.000000
1.54338	.857638	.000000
1.54361	.857678	.000000
1.54384	.857752	.000000
1.54407	.857778	.000000
1.5443	.857839	.000000
1.54453	.857956	.000000
1.54476	.858056	.000000
1.54499	.858090	.000000
1.54522	.858089	.000000
1.54545	.858089	.000000
1.54568	.858121	.000000
1.54591	.858132	.000000
1.54614	.858175	.000000
1.54638	.858304	.000000
1.54661	.858290	.000000
1.54684	.858283	.000000
1.54707	.858336	.000000
1.5473	.858395	.000000
1.54753	.858414	.000000
1.54776	.858448	.000000
1.54799	.858584	.000000
1.54822	.858713	.000000
1.54845	.858728	.000000
1.54868	.858781	.000000
1.54892	.858804	.000000
1.54915	.858788	.000000
1.54938	.858878	.000000
1.54961	.858888	.000000
1.54984	.858785	.000000
1.55007	.858805	.000000
1.55031	.858860	.000000
1.55054	.858972	.000000
1.55077	.859118	.000000
1.551	.859087	.000000
1.55123	.859053	.000000
1.55147	.859175	.000000
1.5517	.859161	.000000
1.55193	.859141	.000000
1.55216	.859240	.000000
1.55239	.859323	.000000
1.55263	.859395	.000000
1.55286	.859433	.000000
1.55309	.859466	.000000
1.55332	.859505	.000000
1.55356	.859529	.000000
1.55379	.859660	.000000
1.55402	.859761	.000000
1.55426	.859814	.000000
1.55449	.859864	.000000
1.55472	.859897	.000000
1.55495	.859940	.000000
1.55519	.859993	.000000
1.55542	.859978	.000000
1.55565	.859997	.000000
1.55589	.860053	.000000
1.55612	.860134	.000000
1.55635	.860110	.000000
1.55659	.860177	.000000
1.55682	.860243	.000000
1.55706	.860213	.000000
1.55729	.860241	.000000
1.55752	.860353	.000000
1.55776	.860339	.000000
1.55799	.860318	.000000
1.55823	.860390	.000000
1.55846	.860518	.000000
1.55869	.860555	.000000
1.55893	.860585	.000000
1.55916	.860629	.000000
1.5594	.860600	.000000
1.55963	.860638	.000000
1.55987	.860700	.000000
1.5601	.860798	.000000
1.56034	.860854	.000000
1.56057	.860956	.000000
1.56081	.860992	.000000
1.56104	.860939	.000000
1.56128	.860958	.000000
1.56151	.861050	.000000
1.56175	.861114	.000000
1.56198	.861117	.000000
1.56222	.861126	.000000
1.56245	.861133	.000000
1.56269	.861087	.000000
1.56292	.861114	.000000
1.56316	.861267	.000000
1.56339	.861398	.000000
1.56363	.861425	.000000
1.56387	.861449	.000000
1.5641	.861417	.000000
1.56434	.861466	.000000
1.56457	.861508	.000000
1.56481	.861573	.000000
1.56505	.861626	.000000
1.56528	.861604	.000000
1.56552	.861613	.000000
1.56576	.861599	.000000
1.56599	.861640	.000000
1.56623	.861669	.000000
1.56646	.861692	.000000
1.5667	.861771	.000000
1.56694	.861862	.000000
1.56717	.861857	.000000
1.56741	.861829	.000000
1.56765	.861833	.000000
1.56789	.861910	.000000
1.56812	.862034	.000000
1.56836	.862118	.000000
1.5686	.862108	.000000
1.56883	.862123	.000000
1.56907	.862097	.000000
1.56931	.862092	.000000
1.56955	.862135	.000000
1.56978	.862190	.000000
1.57002	.862267	.000000
1.57026	.862345	.000000
1.5705	.862336	.000000
1.57074	.862395	.000000
1.57097	.862460	.000000
1.57121	.862359	.000000
1.57145	.862316	.000000
1.57169	.862412	.000000
1.57193	.862601	.000000
1.57216	.862653	.000000
1.5724	.862534	.000000
1.57264	.862561	.000000
1.57288	.862701	.000000
1.57312	.862742	.000000
1.57336	.862754	.000000
1.5736	.862814	.000000
1.57383	.862823	.000000
1.57407	.862778	.000000
1.57431	.862843	.000000
1.57455	.862902	.000000
1.57479	.862952	.000000
1.57503	.862959	.000000
1.57527	.863012	.000000
1.57551	.863041	.000000
1.57575	.863087	.000000
1.57599	.863043	.000000
1.57623	.863015	.000000
1.57647	.863089	.000000
1.57671	.863168	.000000
1.57695	.863160	.000000
1.57719	.863043	.000000
1.57743	.863053	.000000
1.57767	.863213	.000000
1.57791	.863368	.000000
1.57815	.863381	.000000
1.57839	.863369	.000000
1.57863	.863378	.000000
1.57887	.863328	.000000
1.57911	.863313	.000000
1.57935	.863447	.000000
1.57959	.863469	.000000
1.57983	.863407	.000000
1.58007	.863476	.000000
1.58031	.863557	.000000
1.58055	.863576	.000000
1.58079	.863582	.000000
1.58103	.863533	.000000
1.58127	.863540	.000000
1.58152	.863641	.000000
1.58176	.863658	.000000
1.582	.863696	.000000
1.58224	.863778	.000000
1.58248	.863809	.000000
1.58272	.863796	.000000
1.58296	.863780	.000000
1.58321	.863816	.000000
1.58345	.863904	.000000
1.58369	.863988	.000000
1.58393	.864021	.000000
1.58417	.863998	.000000
1.58442	.863937	.000000
1.58466	.863913	.000000
1.5849	.864035	.000000
1.58514	.864146	.000000
1.58538	.864139	.000000
1.58563	.864064	.000000
1.58587	.864040	.000000
1.58611	.864121	.000000
1.58635	.864126	.000000
1.5866	.864112	.000000
1.58684	.864174	.000000
1.58708	.864280	.000000
1.58733	.864308	.000000
1.58757	.864306	.000000
1.58781	.864382	.000000
1.58806	.864329	.000000
1.5883	.864268	.000000
1.58854	.864291	.000000
1.58879	.864361	.000000
1.58903	.864320	.000000
1.58927	.864244	.000000
1.58952	.864363	.000000
1.58976	.864440	.000000
1.59	.864432	.000000
1.59025	.864425	.000000
1.59049	.864475	.000000
1.59073	.864569	.000000
1.59098	.864664	.000000
1.59122	.864609	.000000
1.59147	.864609	.000000
1.59171	.864676	.000000
1.59196	.864681	.000000
1.5922	.864665	.000000
1.59245	.864683	.000000
1.59269	.864695	.000000
1.59293	.864722	.000000
1.59318	.864770	.000000
1.59342	.864812	.000000
1.59367	.864815	.000000
1.59391	.864855	.000000
1.59416	.864882	.000000
1.5944	.864956	.000000
1.59465	.865025	.000000
1.59489	.865023	.000000
1.59514	.864992	.000000
1.59539	.865025	.000000
1.59563	.865030	.000000
1.59588	.865097	.000000
1.59612	.865173	.000000
1.59637	.865095	.000000
1.59661	.865081	.000000
1.59686	.865114	.000000
1.59711	.865088	.000000
1.59735	.865066	.000000
1.5976	.865241	.000000
1.59784	.865326	.000000
1.59809	.865314	.000000
1.59834	.865346	.000000
1.59858	.865326	.000000
1.59883	.865296	.000000
1.59908	.865283	.000000
1.59932	.865283	.000000
1.59957	.865331	.000000
1.59982	.865408	.000000
1.60006	.865413	.000000
1.60031	.865398	.000000
1.60056	.865449	.000000
1.6008	.865413	.000000
1.60105	.865432	.000000
1.6013	.865513	.000000
1.60155	.865539	.000000
1.60179	.865582	.000000
1.60204	.865587	.000000
1.60229	.865523	.000000
1.60254	.865568	.000000
1.60278	.865678	.000000
1.60303	.865642	.000000
1.60328	.865604	.000000
1.60353	.865650	.000000
1.60377	.865681	.000000
1.60402	.865721	.000000
1.60427	.865676	.000000
1.60452	.865674	.000000
1.60477	.865760	.000000
1.60502	.865772	.000000
1.60526	.865762	.000000
1.60551	.865771	.000000
1.60576	.865755	.000000
1.60601	.865764	.000000
1.60626	.865767	.000000
1.60651	.865738	.000000
1.60676	.865869	.000000
1.60701	.865974	.000000
1.60725	.865905	.000000
1.6075	.865833	.000000
1.60775	.865876	.000000
1.608	.865912	.000000
1.60825	.865881	.000000
1.6085	.865998	.000000
1.60875	.866113	.000000
1.609	.866099	.000000
1.60925	.866077	.000000
1.6095	.866065	.000000
1.60975	.866065	.000000
1.61	.866120	.000000
1.61025	.866199	.000000
1.6105	.866197	.000000
1.61075	.866154	.000000
1.611	.866200	.000000
1.61125	.866228	.000000
1.6115	.866221	.000000
1.61175	.866187	.000000
1.612	.866257	.000000
1.61225	.866314	.000000
1.6125	.866281	.000000
1.61275	.866250	.000000
1.613	.866226	.000000
1.61326	.866168	.000000
1.61351	.866194	.000000
1.61376	.866245	.000000
1.61401	.866331	.000000
1.61426	.866388	.000000
1.61451	.866355	.000000
1.61476	.866395	.000000
1.61501	.866396	.000000
1.61527	.866443	.000000
1.61552	.866515	.000000
1.61577	.866482	.000000
1.61602	.866493	.000000
1.61627	.866536	.000000
1.61653	.866598	.000000
1.61678	.866690	.000000
1.61703	.866677	.000000
1.61728	.866603	.000000
1.61753	.866634	.000000
1.61779	.866649	.000000
1.61804	.866678	.000000
1.61829	.866665	.000000
1.61854	.866618	.000000
1.6188	.866646	.000000
1.61905	.866733	.000000
1.6193	.866824	.000000
1.61955	.866945	.000000
1.61981	.866917	.000000
1.62006	.866828	.000000
1.62031	.866878	.000000
1.62057	.866897	.000000
1.62082	.866847	.000000
1.62107	.866787	.000000
1.62133	.866788	.000000
1.62158	.866847	.000000
1.62183	.866861	.000000
1.62209	.866905	.000000
1.62234	.867017	.000000
1.6226	.867031	.000000
1.62285	.867008	.000000
1.6231	.866984	.000000
1.62336	.866967	.000000
1.62361	.867015	.000000
1.62387	.867072	.000000
1.62412	.867094	.000000
1.62438	.867069	.000000
1.62463	.867063	.000000
1.62488	.867069	.000000
1.62514	.867132	.000000
1.62539	.867118	.000000
1.62565	.867063	.000000
1.6259	.867086	.000000
1.62616	.867156	.000000
1.62641	.867127	.000000
1.62667	.867074	.000000
1.62692	.867165	.000000
1.62718	.867156	.000000
1.62743	.867069	.000000
1.62769	.867125	.000000
1.62795	.867175	.000000
1.6282	.867160	.000000
1.62846	.867113	.000000
1.62871	.867158	.000000
1.62897	.867249	.000000
1.62922	.867240	.000000
1.62948	.867259	.000000
1.62974	.867282	.000000
1.62999	.867282	.000000
1.63025	.867371	.000000
1.63051	.867369	.000000
1.63076	.867344	.000000
1.63102	.867366	.000000
1.63127	.867390	.000000
1.63153	.867349	.000000
1.63179	.867309	.000000
1.63204	.867359	.000000
1.6323	.867363	.000000
1.63256	.867309	.000000
1.63282	.867330	.000000
1.63307	.867524	.000000
1.63333	.867557	.000000
1.63359	.867445	.000000
1.63384	.867381	.000000
1.6341	.867352	.000000
1.63436	.867347	.000000
1.63462	.867388	.000000
1.63488	.867485	.000000
1.63513	.867538	.000000
1.63539	.867495	.000000
1.63565	.867412	.000000
1.63591	.867395	.000000
1.63616	.867378	.000000
1.63642	.867433	.000000
1.63668	.867491	.000000
1.63694	.867495	.000000
1.6372	.867473	.000000
1.63746	.867443	.000000
1.63772	.867514	.000000
1.63797	.867620	.000000
1.63823	.867641	.000000
1.63849	.867546	.000000
1.63875	.867495	.000000
1.63901	.867555	.000000
1.63927	.867632	.000000
1.63953	.867595	.000000
1.63979	.867526	.000000
1.64005	.867624	.000000
1.64031	.867677	.000000
1.64057	.867577	.000000
1.64082	.867526	.000000
1.64108	.867531	.000000
1.64134	.867571	.000000
1.6416	.867567	.000000
1.64186	.867605	.000000
1.64212	.867655	.000000
1.64238	.867696	.000000
1.64264	.867760	.000000
1.6429	.867758	.000000
1.64317	.867722	.000000
1.64343	.867619	.000000
1.64369	.867593	.000000
1.64395	.867631	.000000
1.64421	.867656	.000000
1.64447	.867684	.000000
1.64473	.867749	.000000
1.64499	.867775	.000000
1.64525	.867823	.000000
1.64551	.867803	.000000
1.64577	.867711	.000000
1.64603	.867708	.000000
1.6463	.867780	.000000
1.64656	.867789	.000000
1.64682	.867787	.000000
1.64708	.867756	.000000
1.64734	.867732	.000000
1.6476	.867789	.000000
1.64787	.867837	.000000
1.64813	.867864	.000000
1.64839	.867901	.000000
1.64865	.867844	.000000
1.64891	.867770	.000000
1.64918	.867718	.000000
1.64944	.867741	.000000
1.6497	.867741	.000000
1.64996	.867711	.000000
1.65023	.867803	.000000
1.65049	.867932	.000000
1.65075	.867959	.000000
1.65101	.867897	.000000
1.65128	.867803	.000000
1.65154	.867804	.000000
1.6518	.867859	.000000
1.65207	.867827	.000000
1.65233	.867761	.000000
1.65259	.867815	.000000
1.65286	.867844	.000000
1.65312	.867847	.000000
1.65338	.867897	.000000
1.65365	.867949	.000000
1.65391	.867949	.000000
1.65417	.867918	.000000
1.65444	.868004	.000000
1.6547	.868005	.000000
1.65497	.867974	.000000
1.65523	.867901	.000000
1.65549	.867852	.000000
1.65576	.867894	.000000
1.65602	.867932	.000000
1.65629	.867968	.000000
1.65655	.867921	.000000
1.65682	.867839	.000000
1.65708	.867847	.000000
1.65735	.867854	.000000
1.65761	.867906	.000000
1.65788	.867901	.000000
1.65814	.867895	.000000
1.65841	.867890	.000000
1.65867	.867940	.000000
1.65894	.867973	.000000
1.6592	.867978	.000000
1.65947	.867987	.000000
1.65973	.867956	.000000
1.66	.868016	.000000
1.66027	.868000	.000000
1.66053	.867961	.000000
1.6608	.868021	.000000
1.66106	.868024	.000000
1.66133	.868017	.000000
1.6616	.868054	.000000
1.66186	.868043	.000000
1.66213	.867981	.000000
1.6624	.868002	.000000
1.66266	.868014	.000000
1.66293	.868019	.000000
1.66319	.867983	.000000
1.66346	.867973	.000000
1.66373	.868066	.000000
1.664	.868035	.000000
1.66426	.868040	.000000
1.66453	.868062	.000000
1.6648	.868004	.000000
1.66506	.868000	.000000
1.66533	.868071	.000000
1.6656	.868124	.000000
1.66587	.868081	.000000
1.66613	.868000	.000000
1.6664	.867938	.000000
1.66667	.867919	.000000
1.66694	.867894	.000000
1.66721	.867926	.000000
1.66747	.867957	.000000
1.66774	.867968	.000000
1.66801	.867988	.000000
1.66828	.868019	.000000
1.66855	.868040	.000000
1.66882	.868007	.000000
1.66908	.867988	.000000
1.66935	.868047	.000000
1.66962	.868005	.000000
1.66989	.867959	.000000
1.67016	.868055	.000000
1.67043	.868078	.000000
1.6707	.868017	.000000
1.67097	.867978	.000000
1.67124	.867964	.000000
1.67151	.867964	.000000
1.67178	.868052	.000000
1.67204	.868067	.000000
1.67231	.867974	.000000
1.67258	.867966	.000000
1.67285	.867907	.000000
1.67312	.867889	.000000
1.67339	.868021	.000000
1.67366	.868036	.000000
1.67393	.867944	.000000
1.6742	.867932	.000000
1.67447	.867980	.000000
1.67475	.868050	.000000
1.67502	.868052	.000000
1.67529	.867997	.000000
1.67556	.867926	.000000
1.67583	.867899	.000000
1.6761	.867923	.000000
1.67637	.868005	.000000
1.67664	.867995	.000000
1.67691	.867956	.000000
1.67718	.867944	.000000
1.67745	.867990	.000000
1.67773	.868083	.000000
1.678	.868131	.000000
1.67827	.868072	.000000
1.67854	.868031	.000000
1.67881	.867950	.000000
1.67908	.867895	.000000
1.67936	.867909	.000000
1.67963	.867864	.000000
1.6799	.867846	.000000
1.68017	.867868	.000000
1.68044	.867911	.000000
1.68072	.867923	.000000
1.68099	.867854	.000000
1.68126	.867844	.000000
1.68153	.867864	.000000
1.68181	.867923	.000000
1.68208	.867956	.000000
1.68235	.867840	.000000
1.68263	.867801	.000000
1.6829	.867878	.000000
1.68317	.867882	.000000
1.68345	.867918	.000000
1.68372	.867923	.000000
1.68399	.867876	.000000
1.68427	.867851	.000000
1.68454	.867875	.000000
1.68481	.867914	.000000
1.68509	.867861	.000000
1.68536	.867803	.000000
1.68563	.867852	.000000
1.68591	.867864	.000000
1.68618	.867883	.000000
1.68646	.867897	.000000
1.68673	.867880	.000000
1.68701	.867861	.000000
1.68728	.867914	.000000
1.68755	.867930	.000000
1.68783	.867821	.000000
1.6881	.867753	.000000
1.68838	.867792	.000000
1.68865	.867861	.000000
1.68893	.867825	.000000
1.6892	.867882	.000000
1.68948	.867864	.000000
1.68975	.867806	.000000
1.69003	.867808	.000000
1.69031	.867746	.000000
1.69058	.867758	.000000
1.69086	.867796	.000000
1.69113	.867739	.000000
1.69141	.867643	.000000
1.69168	.867613	.000000
1.69196	.867705	.000000
1.69224	.867734	.000000
1.69251	.867684	.000000
1.69279	.867674	.000000
1.69307	.867796	.000000
1.69334	.867875	.000000
1.69362	.867758	.000000
1.6939	.867619	.000000
1.69417	.867596	.000000
1.69445	.867631	.000000
1.69473	.867658	.000000
1.695	.867751	.000000
1.69528	.867662	.000000
1.69556	.867541	.000000
1.69583	.867562	.000000
1.69611	.867588	.000000
1.69639	.867541	.000000
1.69667	.867581	.000000
1.69694	.867648	.000000
1.69722	.867600	.000000
1.6975	.867557	.000000
1.69778	.867540	.000000
1.69806	.867476	.000000
1.69833	.867481	.000000
1.69861	.867502	.000000
1.69889	.867435	.000000
1.69917	.867426	.000000
1.69945	.867457	.000000
1.69973	.867488	.000000
1.7	.867488	.000000
1.70028	.867512	.000000
1.70056	.867569	.000000
1.70084	.867529	.000000
1.70112	.867404	.000000
1.7014	.867302	.000000
1.70168	.867357	.000000
1.70196	.867438	.000000
1.70224	.867414	.000000
1.70252	.867359	.000000
1.7028	.867326	.000000
1.70308	.867366	.000000
1.70336	.867400	.000000
1.70364	.867466	.000000
1.70392	.867454	.000000
1.7042	.867350	.000000
1.70448	.867326	.000000
1.70476	.867332	.000000
1.70504	.867369	.000000
1.70532	.867402	.000000
1.7056	.867412	.000000
1.70588	.867363	.000000
1.70616	.867273	.000000
1.70644	.867247	.000000
1.70672	.867273	.000000
1.707	.867290	.000000
1.70728	.867371	.000000
1.70756	.867345	.000000
1.70784	.867259	.000000
1.70813	.867275	.000000
1.70841	.867313	.000000
1.70869	.867242	.000000
1.70897	.867201	.000000
1.70925	.867223	.000000
1.70953	.867173	.000000
1.70982	.867179	.000000
1.7101	.867232	.000000
1.71038	.867232	.000000
1.71066	.867213	.000000
1.71094	.867254	.000000
1.71123	.867320	.000000
1.71151	.867247	.000000
1.71179	.867230	.000000
1.71207	.867283	.000000
1.71236	.867275	.000000
1.71264	.867225	.000000
1.71292	.867208	.000000
1.71321	.867129	.000000
1.71349	.867027	.000000
1.71377	.867051	.000000
1.71405	.867087	.000000
1.71434	.867094	.000000
1.71462	.867062	.000000
1.71491	.867041	.000000
1.71519	.867027	.000000
1.71547	.866998	.000000
1.71576	.867026	.000000
1.71604	.867014	.000000
1.71632	.866953	.000000
1.71661	.866881	.000000
1.71689	.866873	.000000
1.71718	.866943	.000000
1.71746	.866964	.000000
1.71775	.866926	.000000
1.71803	.866953	.000000
1.71832	.866916	.000000
1.7186	.866780	.000000
1.71888	.866797	.000000
1.71917	.866881	.000000
1.71945	.866905	.000000
1.71974	.866823	.000000
1.72003	.866840	.000000
1.72031	.866859	.000000
1.7206	.866824	.000000
1.72088	.866776	.000000
1.72117	.866795	.000000
1.72145	.866818	.000000
1.72174	.866751	.000000
1.72203	.866761	.000000
1.72231	.866797	.000000
1.7226	.866866	.000000
1.72288	.866897	.000000
1.72317	.866833	.000000
1.72346	.866804	.000000
1.72374	.866714	.000000
1.72403	.866684	.000000
1.72432	.866775	.000000
1.7246	.866819	.000000
1.72489	.866909	.000000
1.72518	.866888	.000000
1.72546	.866706	.000000
1.72575	.866579	.000000
1.72604	.866584	.000000
1.72633	.866635	.000000
1.72661	.866606	.000000
1.7269	.866567	.000000
1.72719	.866574	.000000
1.72748	.866670	.000000
1.72776	.866725	.000000
1.72805	.866615	.000000
1.72834	.866584	.000000
1.72863	.866570	.000000
1.72892	.866678	.000000
1.7292	.866718	.000000
1.72949	.866615	.000000
1.72978	.866567	.000000
1.73007	.866582	.000000
1.73036	.866500	.000000
1.73065	.866467	.000000
1.73094	.866548	.000000
1.73122	.866563	.000000
1.73151	.866558	.000000
1.7318	.866553	.000000
1.73209	.866524	.000000
1.73238	.866482	.000000
1.73267	.866494	.000000
1.73296	.866484	.000000
1.73325	.866482	.000000
1.73354	.866489	.000000
1.73383	.866625	.000000
1.73412	.866665	.000000
1.73441	.866570	.000000
1.7347	.866527	.000000
1.73499	.866500	.000000
1.73528	.866510	.000000
1.73557	.866572	.000000
1.73586	.866582	.000000
1.73615	.866493	.000000
1.73644	.866476	.000000
1.73673	.866553	.000000
1.73702	.866565	.000000
1.73732	.866486	.000000
1.73761	.866433	.000000
1.7379	.866362	.000000
1.73819	.866326	.000000
1.73848	.866348	.000000
1.73877	.866417	.000000
1.73906	.866505	.000000
1.73936	.866467	.000000
1.73965	.866407	.000000
1.73994	.866410	.000000
1.74023	.866355	.000000
1.74052	.866360	.000000
1.74082	.866491	.000000
1.74111	.866465	.000000
1.7414	.866341	.000000
1.74169	.866323	.000000
1.74199	.866341	.000000
1.74228	.866362	.000000
1.74257	.866283	.000000
1.74286	.866249	.000000
1.74316	.866314	.000000
1.74345	.866274	.000000
1.74374	.866312	.000000
1.74404	.866419	.000000
1.74433	.866381	.000000
1.74462	.866317	.000000
1.74492	.866350	.000000
1.74521	.866355	.000000
1.7455	.866259	.000000
1.7458	.866209	.000000
1.74609	.866323	.000000
1.74639	.866355	.000000
1.74668	.866278	.000000
1.74697	.866231	.000000
1.74727	.866214	.000000
1.74756	.866213	.000000
1.74786	.866221	.000000
1.74815	.866152	.000000
1.74845	.866140	.000000
1.74874	.866175	.000000
1.74904	.866108	.000000
1.74933	.866149	.000000
1.74963	.866192	.000000
1.74992	.866202	.000000
1.75022	.866274	.000000
1.75051	.866259	.000000
1.75081	.866202	.000000
1.7511	.866199	.000000
1.7514	.866194	.000000
1.7517	.866133	.000000
1.75199	.866092	.000000
1.75229	.866058	.000000
1.75258	.866025	.000000
1.75288	.865996	.000000
1.75318	.866022	.000000
1.75347	.866032	.000000
1.75377	.866049	.000000
1.75407	.866099	.000000
1.75436	.866096	.000000
1.75466	.866015	.000000
1.75496	.865998	.000000
1.75525	.866039	.000000
1.75555	.866051	.000000
1.75585	.865960	.000000
1.75615	.865891	.000000
1.75644	.865953	.000000
1.75674	.866008	.000000
1.75704	.866049	.000000
1.75734	.866046	.000000
1.75763	.865958	.000000
1.75793	.865912	.000000
1.75823	.865791	.000000
1.75853	.865742	.000000
1.75883	.865764	.000000
1.75913	.865853	.000000
1.75942	.865834	.000000
1.75972	.865729	.000000
1.76002	.865724	.000000
1.76032	.865726	.000000
1.76062	.865719	.000000
1.76092	.865735	.000000
1.76122	.865726	.000000
1.76152	.865784	.000000
1.76182	.865821	.000000
1.76211	.865716	.000000
1.76241	.865640	.000000
1.76271	.865664	.000000
1.76301	.865712	.000000
1.76331	.865786	.000000
1.76361	.865752	.000000
1.76391	.865681	.000000
1.76421	.865661	.000000
1.76451	.865716	.000000
1.76481	.865717	.000000
1.76511	.865604	.000000
1.76541	.865614	.000000
1.76571	.865671	.000000
1.76602	.865642	.000000
1.76632	.865582	.000000
1.76662	.865573	.000000
1.76692	.865563	.000000
1.76722	.865546	.000000
1.76752	.865496	.000000
1.76782	.865437	.000000
1.76812	.865422	.000000
1.76843	.865496	.000000
1.76873	.865508	.000000
1.76903	.865449	.000000
1.76933	.865439	.000000
1.76963	.865477	.000000
1.76993	.865568	.000000
1.77024	.865558	.000000
1.77054	.865434	.000000
1.77084	.865408	.000000
1.77114	.865484	.000000
1.77145	.865473	.000000
1.77175	.865470	.000000
1.77205	.865470	.000000
1.77235	.865444	.000000
1.77266	.865401	.000000
1.77296	.865319	.000000
1.77326	.865336	.000000
1.77357	.865377	.000000
1.77387	.865437	.000000
1.77417	.865424	.000000
1.77448	.865350	.000000
1.77478	.865329	.000000
1.77509	.865332	.000000
1.77539	.865283	.000000
1.77569	.865350	.000000
1.776	.865365	.000000
1.7763	.865300	.000000
1.77661	.865339	.000000
1.77691	.865350	.000000
1.77721	.865300	.000000
1.77752	.865228	.000000
1.77782	.865198	.000000
1.77813	.865281	.000000
1.77843	.865303	.000000
1.77874	.865283	.000000
1.77904	.865295	.000000
1.77935	.865195	.000000
1.77965	.865131	.000000
1.77996	.865188	.000000
1.78027	.865126	.000000
1.78057	.865068	.000000
1.78088	.865087	.000000
1.78118	.865140	.000000
1.78149	.865118	.000000
1.7818	.865087	.000000
1.7821	.865126	.000000
1.78241	.865142	.000000
1.78271	.865126	.000000
1.78302	.865073	.000000
1.78333	.865066	.000000
1.78363	.865087	.000000
1.78394	.865011	.000000
1.78425	.865008	.000000
1.78455	.865059	.000000
1.78486	.865054	.000000
1.78517	.865050	.000000
1.78548	.865090	.000000
1.78578	.865052	.000000
1.78609	.865008	.000000
1.7864	.865054	.000000
1.78671	.865013	.000000
1.78702	.864922	.000000
1.78732	.864922	.000000
1.78763	.864896	.000000
1.78794	.864887	.000000
1.78825	.864923	.000000
1.78856	.864818	.000000
1.78886	.864743	.000000
1.78917	.864901	.000000
1.78948	.864922	.000000
1.78979	.864908	.000000
1.7901	.864901	.000000
1.79041	.864853	.000000
1.79072	.864812	.000000
1.79103	.864746	.000000
1.79134	.864748	.000000
1.79165	.864774	.000000
1.79196	.864767	.000000
1.79227	.864708	.000000
1.79258	.864746	.000000
1.79289	.864743	.000000
1.7932	.864664	.000000
1.79351	.864677	.000000
1.79382	.864655	.000000
1.79413	.864576	.000000
1.79444	.864624	.000000
1.79475	.864696	.000000
1.79506	.864593	.000000
1.79537	.864475	.000000
1.79568	.864585	.000000
1.79599	.864693	.000000
1.7963	.864650	.000000
1.79661	.864585	.000000
1.79692	.864600	.000000
1.79724	.864543	.000000
1.79755	.864561	.000000
1.79786	.864622	.000000
1.79817	.864552	.000000
1.79848	.864506	.000000
1.79879	.864516	.000000
1.79911	.864605	.000000
1.79942	.864567	.000000
1.79973	.864473	.000000
1.80004	.864476	.000000
1.80036	.864488	.000000
1.80067	.864440	.000000
1.80098	.864366	.000000
1.80129	.864413	.000000
1.80161	.864377	.000000
1.80192	.864301	.000000
1.80223	.864304	.000000
1.80255	.864299	.000000
1.80286	.864249	.000000
1.80317	.864267	.000000
1.80349	.864347	.000000
1.8038	.864341	.000000
1.80412	.864335	.000000
1.80443	.864335	.000000
1.80474	.864286	.000000
1.80506	.864179	.000000
1.80537	.864124	.000000
1.80569	.864169	.000000
1.806	.864119	.000000
1.80631	.864052	.000000
1.80663	.864139	.000000
1.80694	.864129	.000000
1.80726	.864121	.000000
1.80757	.864213	.000000
1.80789	.864189	.000000
1.8082	.864043	.000000
1.80852	.863923	.000000
1.80884	.864023	.000000
1.80915	.864076	.000000
1.80947	.864019	.000000
1.80978	.864050	.000000
1.8101	.863988	.000000
1.81041	.863921	.000000
1.81073	.863988	.000000
1.81105	.863983	.000000
1.81136	.863964	.000000
1.81168	.863945	.000000
1.812	.863887	.000000
1.81231	.863830	.000000
1.81263	.863864	.000000
1.81295	.863868	.000000
1.81326	.863816	.000000
1.81358	.863785	.000000
1.8139	.863787	.000000
1.81422	.863684	.000000
1.81453	.863643	.000000
1.81485	.863737	.000000
1.81517	.863708	.000000
1.81549	.863655	.000000
1.8158	.863758	.000000
1.81612	.863723	.000000
1.81644	.863686	.000000
1.81676	.863701	.000000
1.81708	.863663	.000000
1.8174	.863639	.000000
1.81771	.863632	.000000
1.81803	.863627	.000000
1.81835	.863625	.000000
1.81867	.863503	.000000
1.81899	.863436	.000000
1.81931	.863438	.000000
1.81963	.863495	.000000
1.81995	.863522	.000000
1.82027	.863404	.000000
1.82059	.863397	.000000
1.82091	.863460	.000000
1.82123	.863462	.000000
1.82155	.863387	.000000
1.82187	.863330	.000000
1.82219	.863333	.000000
1.82251	.863289	.000000
1.82283	.863270	.000000
1.82315	.863289	.000000
1.82347	.863283	.000000
1.82379	.863318	.000000
1.82411	.863357	.000000
1.82443	.863309	.000000
1.82475	.863194	.000000
1.82507	.863192	.000000
1.82539	.863227	.000000
1.82571	.863184	.000000
1.82604	.863046	.000000
1.82636	.862971	.000000
1.82668	.863063	.000000
1.827	.863148	.000000
1.82732	.863154	.000000
1.82765	.863058	.000000
1.82797	.863015	.000000
1.82829	.863067	.000000
1.82861	.863043	.000000
1.82893	.862936	.000000
1.82926	.862955	.000000
1.82958	.862967	.000000
1.8299	.862842	.000000
1.83023	.862826	.000000
1.83055	.862946	.000000
1.83087	.862855	.000000
1.8312	.862752	.000000
1.83152	.862790	.000000
1.83184	.862780	.000000
1.83217	.862737	.000000
1.83249	.862683	.000000
1.83281	.862653	.000000
1.83314	.862639	.000000
1.83346	.862635	.000000
1.83379	.862723	.000000
1.83411	.862737	.000000
1.83443	.862640	.000000
1.83476	.862536	.000000
1.83508	.862524	.000000
1.83541	.862520	.000000
1.83573	.862439	.000000
1.83606	.862328	.000000
1.83638	.862293	.000000
1.83671	.862455	.000000
1.83703	.862530	.000000
1.83736	.862455	.000000
1.83769	.862374	.000000
1.83801	.862371	.000000
1.83834	.862455	.000000
1.83866	.862505	.000000
1.83899	.862439	.000000
1.83932	.862352	.000000
1.83964	.862231	.000000
1.83997	.862142	.000000
1.84029	.862240	.000000
1.84062	.862254	.000000
1.84095	.862221	.000000
1.84128	.862175	.000000
1.8416	.862044	.000000
1.84193	.861944	.000000
1.84226	.862044	.000000
1.84258	.862169	.000000
1.84291	.862199	.000000
1.84324	.862116	.000000
1.84357	.862092	.000000
1.84389	.862096	.000000
1.84422	.862097	.000000
1.84455	.862013	.000000
1.84488	.861920	.000000
1.84521	.861913	.000000
1.84554	.861888	.000000
1.84586	.861915	.000000
1.84619	.861910	.000000
1.84652	.861831	.000000
1.84685	.861759	.000000
1.84718	.861764	.000000
1.84751	.861807	.000000
1.84784	.861764	.000000
1.84817	.861760	.000000
1.8485	.861819	.000000
1.84883	.861879	.000000
1.84916	.861767	.000000
1.84949	.861643	.000000
1.84982	.861659	.000000
1.85015	.861659	.000000
1.85048	.861630	.000000
1.85081	.861671	.000000
1.85114	.861678	.000000
1.85147	.861661	.000000
1.8518	.861630	.000000
1.85213	.861642	.000000
1.85246	.861590	.000000
1.85279	.861511	.000000
1.85312	.861396	.000000
1.85345	.861363	.000000
1.85378	.861303	.000000
1.85411	.861246	.000000
1.85445	.861344	.000000
1.85478	.861398	.000000
1.85511	.861365	.000000
1.85544	.861329	.000000
1.85577	.861308	.000000
1.85611	.861262	.000000
1.85644	.861166	.000000
1.85677	.861155	.000000
1.8571	.861276	.000000
1.85744	.861245	.000000
1.85777	.861138	.000000
1.8581	.861136	.000000
1.85843	.861183	.000000
1.85877	.861219	.000000
1.8591	.861269	.000000
1.85943	.861133	.000000
1.85977	.860964	.000000
1.8601	.861002	.000000
1.86044	.860987	.000000
1.86077	.860899	.000000
1.8611	.860872	.000000
1.86144	.860875	.000000
1.86177	.860879	.000000
1.86211	.860925	.000000
1.86244	.860877	.000000
1.86278	.860767	.000000
1.86311	.860756	.000000
1.86344	.860777	.000000
1.86378	.860710	.000000
1.86411	.860593	.000000
1.86445	.860514	.000000
1.86478	.860492	.000000
1.86512	.860561	.000000
1.86546	.860602	.000000
1.86579	.860566	.000000
1.86613	.860444	.000000
1.86646	.860285	.000000
1.8668	.860232	.000000
1.86714	.860256	.000000
1.86747	.860244	.000000
1.86781	.860193	.000000
1.86814	.860131	.000000
1.86848	.860136	.000000
1.86882	.860098	.000000
1.86915	.859985	.000000
1.86949	.859900	.000000
1.86983	.859900	.000000
1.87017	.859912	.000000
1.8705	.859813	.000000
1.87084	.859619	.000000
1.87118	.859558	.000000
1.87152	.859591	.000000
1.87185	.859588	.000000
1.87219	.859550	.000000
1.87253	.859524	.000000
1.87287	.859409	.000000
1.87321	.859302	.000000
1.87354	.859242	.000000
1.87388	.859203	.000000
1.87422	.859199	.000000
1.87456	.859170	.000000
1.8749	.859072	.000000
1.87524	.858977	.000000
1.87558	.858919	.000000
1.87592	.858876	.000000
1.87626	.858824	.000000
1.8766	.858694	.000000
1.87694	.858554	.000000
1.87728	.858460	.000000
1.87762	.858431	.000000
1.87796	.858290	.000000
1.8783	.858200	.000000
1.87864	.858094	.000000
1.87898	.858063	.000000
1.87932	.857972	.000000
1.87966	.857786	.000000
1.88	.857654	.000000
1.88034	.857576	.000000
1.88068	.857401	.000000
1.88102	.857253	.000000
1.88136	.857171	.000000
1.8817	.857076	.000000
1.88205	.856946	.000000
1.88239	.856775	.000000
1.88273	.856628	.000000
1.88307	.856554	.000000
1.88341	.856389	.000000
1.88376	.856167	.000000
1.8841	.855973	.000000
1.88444	.855888	.000000
1.88478	.855787	.000000
1.88513	.855582	.000000
1.88547	.855393	.000000
1.88581	.855273	.000000
1.88615	.855184	.000000
1.8865	.855024	.000000
1.88684	.854838	.000000
1.88718	.854711	.000000
1.88753	.854549	.000000
1.88787	.854422	.000000
1.88821	.854297	.000000
1.88856	.854087	.000000
1.8889	.853867	.000000
1.88925	.853707	.000000
1.88959	.853592	.000000
1.88993	.853396	.000000
1.89028	.853212	.000000
1.89062	.853133	.000000
1.89097	.852964	.000000
1.89131	.852774	.000000
1.89166	.852610	.000000
1.892	.852425	.000000
1.89235	.852261	.000000
1.89269	.852177	.000000
1.89304	.852031	.000000
1.89339	.851856	.000000
1.89373	.851648	.000000
1.89408	.851481	.000000
1.89442	.851314	.000000
1.89477	.851153	.000000
1.89512	.850977	.000000
1.89546	.850749	.000000
1.89581	.850590	.000000
1.89616	.850451	.000000
1.8965	.850353	.000000
1.89685	.850231	.000000
1.8972	.850023	.000000
1.89754	.849791	.000000
1.89789	.849669	.000000
1.89824	.849516	.000000
1.89859	.849275	.000000
1.89893	.849095	.000000
1.89928	.848899	.000000
1.89963	.848684	.000000
1.89998	.848634	.000000
1.90033	.848495	.000000
1.90067	.848347	.000000
1.90102	.848242	.000000
1.90137	.848026	.000000
1.90172	.847862	.000000
1.90207	.847782	.000000
1.90242	.847599	.000000
1.90277	.847407	.000000
1.90312	.847307	.000000
1.90346	.847281	.000000
1.90381	.847163	.000000
1.90416	.846979	.000000
1.90451	.846786	.000000
1.90486	.846602	.000000
1.90521	.846362	.000000
1.90556	.846338	.000000
1.90591	.846379	.000000
1.90626	.846286	.000000
1.90661	.846102	.000000
1.90697	.845992	.000000
1.90732	.845960	.000000
1.90767	.845838	.000000
1.90802	.845707	.000000
1.90837	.845592	.000000
1.90872	.845456	.000000
1.90907	.845315	.000000
1.90942	.845251	.000000
1.90978	.845146	.000000
1.91013	.845031	.000000
1.91048	.844921	.000000
1.91083	.844837	.000000
1.91118	.844701	.000000
1.91154	.844540	.000000
1.91189	.844541	.000000
1.91224	.844541	.000000
1.91259	.844454	.000000
1.91295	.844292	.000000
1.9133	.844144	.000000
1.91365	.844093	.000000
1.91401	.844103	.000000
1.91436	.844009	.000000
1.91471	.844017	.000000
1.91507	.843993	.000000
1.91542	.843931	.000000
1.91577	.843776	.000000
1.91613	.843623	.000000
1.91648	.843580	.000000
1.91684	.843546	.000000
1.91719	.843483	.000000
1.91754	.843407	.000000
1.9179	.843314	.000000
1.91825	.843261	.000000
1.91861	.843264	.000000
1.91896	.843168	.000000
1.91932	.843065	.000000
1.91967	.842989	.000000
1.92003	.842982	.000000
1.92039	.842871	.000000
1.92074	.842752	.000000
1.9211	.842699	.000000
1.92145	.842714	.000000
1.92181	.842785	.000000
1.92217	.842755	.000000
1.92252	.842716	.000000
1.92288	.842676	.000000
1.92323	.842657	.000000
1.92359	.842559	.000000
1.92395	.842482	.000000
1.92431	.842422	.000000
1.92466	.842389	.000000
1.92502	.842444	.000000
1.92538	.842461	.000000
1.92574	.842436	.000000
1.92609	.842420	.000000
1.92645	.842296	.000000
1.92681	.842312	.000000
1.92717	.842353	.000000
1.92752	.842303	.000000
1.92788	.842271	.000000
1.92824	.842205	.000000
1.9286	.842154	.000000
1.92896	.842202	.000000
1.92932	.842200	.000000
1.92968	.842104	.000000
1.93004	.842054	.000000
1.9304	.842002	.000000
1.93075	.842044	.000000
1.93111	.842131	.000000
1.93147	.842180	.000000
1.93183	.842176	.000000
1.93219	.842111	.000000
1.93255	.842099	.000000
1.93291	.842109	.000000
1.93327	.842138	.000000
1.93364	.842078	.000000
1.934	.841961	.000000
1.93436	.841970	.000000
1.93472	.841946	.000000
1.93508	.841925	.000000
1.93544	.841982	.000000
1.9358	.842030	.000000
1.93616	.842054	.000000
1.93652	.842020	.000000
1.93689	.841966	.000000
1.93725	.841997	.000000
1.93761	.841982	.000000
1.93797	.841989	.000000
1.93833	.842004	.000000
1.9387	.841944	.000000
1.93906	.841942	.000000
1.93942	.841923	.000000
1.93978	.841968	.000000
1.94015	.841958	.000000
1.94051	.841932	.000000
1.94087	.841954	.000000
1.94124	.841929	.000000
1.9416	.841932	.000000
1.94196	.841963	.000000
1.94233	.841923	.000000
1.94269	.841887	.000000
1.94306	.841904	.000000
1.94342	.841898	.000000
1.94378	.841899	.000000
1.94415	.841894	.000000
1.94451	.841819	.000000
1.94488	.841776	.000000
1.94524	.841777	.000000
1.94561	.841777	.000000
1.94597	.841849	.000000
1.94634	.841856	.000000
1.9467	.841798	.000000
1.94707	.841788	.000000
1.94743	.841831	.000000
1.9478	.841843	.000000
1.94817	.841774	.000000
1.94853	.841796	.000000
1.9489	.841848	.000000
1.94926	.841829	.000000
1.94963	.841798	.000000
1.95	.841789	.000000
1.95036	.841765	.000000
1.95073	.841753	.000000
1.9511	.841769	.000000
1.95147	.841762	.000000
1.95183	.841727	.000000
1.9522	.841729	.000000
1.95257	.841743	.000000
1.95294	.841788	.000000
1.9533	.841788	.000000
1.95367	.841690	.000000
1.95404	.841586	.000000
1.95441	.841574	.000000
1.95478	.841612	.000000
1.95514	.841600	.000000
1.95551	.841581	.000000
1.95588	.841552	.000000
1.95625	.841490	.000000
1.95662	.841569	.000000
1.95699	.841621	.000000
1.95736	.841593	.000000
1.95773	.841562	.000000
1.9581	.841540	.000000
1.95847	.841537	.000000
1.95884	.841554	.000000
1.95921	.841499	.000000
1.95958	.841473	.000000
1.95995	.841516	.000000
1.96032	.841528	.000000
1.96069	.841497	.000000
1.96106	.841475	.000000
1.96143	.841468	.000000
1.9618	.841497	.000000
1.96217	.841427	.000000
1.96255	.841387	.000000
1.96292	.841384	.000000
1.96329	.841396	.000000
1.96366	.841351	.000000
1.96403	.841274	.000000
1.9644	.841298	.000000
1.96478	.841299	.000000
1.96515	.841253	.000000
1.96552	.841177	.000000
1.96589	.841146	.000000
1.96627	.841224	.000000
1.96664	.841320	.000000
1.96701	.841308	.000000
1.96739	.841229	.000000
1.96776	.841129	.000000
1.96813	.841055	.000000
1.96851	.841043	.000000
1.96888	.841067	.000000
1.96925	.841114	.000000
1.96963	.841098	.000000
1.97	.841047	.000000
1.97038	.841040	.000000
1.97075	.841105	.000000
1.97113	.841071	.000000
1.9715	.840988	.000000
1.97188	.840962	.000000
1.97225	.840969	.000000
1.97263	.840956	.000000
1.973	.840913	.000000
1.97338	.840844	.000000
1.97375	.840834	.000000
1.97413	.840799	.000000
1.9745	.840727	.000000
1.97488	.840720	.000000
1.97526	.840758	.000000
1.97563	.840736	.000000
1.97601	.840720	.000000
1.97639	.840760	.000000
1.97676	.840682	.000000
1.97714	.840636	.000000
1.97752	.840650	.000000
1.97789	.840559	.000000
1.97827	.840426	.000000
1.97865	.840376	.000000
1.97903	.840414	.000000
1.9794	.840440	.000000
1.97978	.840414	.000000
1.98016	.840400	.000000
1.98054	.840400	.000000
1.98092	.840344	.000000
1.98129	.840325	.000000
1.98167	.840357	.000000
1.98205	.840339	.000000
1.98243	.840383	.000000
1.98281	.840366	.000000
1.98319	.840294	.000000
1.98357	.840237	.000000
1.98395	.840173	.000000
1.98433	.840093	.000000
1.98471	.840051	.000000
1.98509	.840074	.000000
1.98547	.840024	.000000
1.98585	.839923	.000000
1.98623	.839921	.000000
1.98661	.839960	.000000
1.98699	.839964	.000000
1.98737	.839921	.000000
1.98775	.839936	.000000
1.98813	.839957	.000000
1.98851	.839893	.000000
1.98889	.839840	.000000
1.98928	.839849	.000000
1.98966	.839811	.000000
1.99004	.839795	.000000
1.99042	.839754	.000000
1.9908	.839622	.000000
1.99119	.839575	.000000
1.99157	.839582	.000000
1.99195	.839579	.000000
1.99233	.839574	.000000
1.99272	.839622	.000000
1.9931	.839601	.000000
1.99348	.839551	.000000
1.99387	.839556	.000000
1.99425	.839510	.000000
1.99463	.839519	.000000
1.99502	.839482	.000000
1.9954	.839427	.000000
1.99579	.839417	.000000
1.99617	.839407	.000000
1.99655	.839333	.000000
1.99694	.839268	.000000
1.99732	.839274	.000000
1.99771	.839244	.000000
1.99809	.839228	.000000
1.99848	.839175	.000000
1.99886	.839109	.000000
1.99925	.839163	.000000
1.99963	.839185	.000000
2.00002	.839104	.000000
2.00041	.839113	.000000
2.00079	.839156	.000000
2.00118	.839158	.000000
2.00156	.839103	.000000
2.00195	.839005	.000000
2.00234	.838944	.000000
2.00272	.838874	.000000
2.00311	.838857	.000000
2.0035	.838893	.000000
2.00388	.838834	.000000
2.00427	.838834	.000000
2.00466	.838840	.000000
2.00505	.838865	.000000
2.00543	.838924	.000000
2.00582	.838893	.000000
2.00621	.838814	.000000
2.0066	.838810	.000000
2.00699	.838755	.000000
2.00738	.838728	.000000
2.00776	.838702	.000000
2.00815	.838664	.000000
2.00854	.838565	.000000
2.00893	.838525	.000000
2.00932	.838540	.000000
2.00971	.838527	.000000
2.0101	.838527	.000000
2.01049	.838556	.000000
2.01088	.838575	.000000
2.01127	.838542	.000000
2.01166	.838501	.000000
2.01205	.838441	.000000
2.01244	.838391	.000000
2.01283	.838369	.000000
2.01322	.838448	.000000
2.01361	.838463	.000000
2.014	.838444	.000000
2.01439	.838422	.000000
2.01479	.838339	.000000
2.01518	.838307	.000000
2.01557	.838336	.000000
2.01596	.838332	.000000
2.01635	.838343	.000000
2.01675	.838343	.000000
2.01714	.838288	.000000
2.01753	.838240	.000000
2.01792	.838243	.000000
2.01832	.838274	.000000
2.01871	.838296	.000000
2.0191	.838288	.000000
2.01949	.838315	.000000
2.01989	.838281	.000000
2.02028	.838161	.000000
2.02068	.838104	.000000
2.02107	.838100	.000000
2.02146	.838124	.000000
2.02186	.838116	.000000
2.02225	.838126	.000000
2.02265	.838094	.000000
2.02304	.838021	.000000
2.02344	.837980	.000000
2.02383	.838011	.000000
2.02423	.837982	.000000
2.02462	.837980	.000000
2.02502	.837990	.000000
2.02541	.837978	.000000
2.02581	.838045	.000000
2.0262	.838119	.000000
2.0266	.838116	.000000
2.027	.838025	.000000
2.02739	.837920	.000000
2.02779	.837884	.000000
2.02818	.837941	.000000
2.02858	.837989	.000000
2.02898	.837959	.000000
2.02938	.837939	.000000
2.02977	.837953	.000000
2.03017	.837930	.000000
2.03057	.837877	.000000
2.03097	.837908	.000000
2.03136	.837970	.000000
2.03176	.837935	.000000
2.03216	.837892	.000000
2.03256	.837930	.000000
2.03296	.837954	.000000
2.03335	.837942	.000000
2.03375	.837918	.000000
2.03415	.837949	.000000
2.03455	.837949	.000000
2.03495	.837915	.000000
2.03535	.837841	.000000
2.03575	.837753	.000000
2.03615	.837772	.000000
2.03655	.837873	.000000
2.03695	.837861	.000000
2.03735	.837798	.000000
2.03775	.837861	.000000
2.03815	.837870	.000000
2.03855	.837846	.000000
2.03895	.837765	.000000
2.03935	.837727	.000000
2.03975	.837741	.000000
2.04016	.837719	.000000
2.04056	.837681	.000000
2.04096	.837729	.000000
2.04136	.837817	.000000
2.04176	.837786	.000000
2.04216	.837741	.000000
2.04257	.837760	.000000
2.04297	.837776	.000000
2.04337	.837796	.000000
2.04377	.837820	.000000
2.04418	.837788	.000000
2.04458	.837808	.000000
2.04498	.837848	.000000
2.04539	.837817	.000000
2.04579	.837763	.000000
2.04619	.837702	.000000
2.0466	.837738	.000000
2.047	.837760	.000000
2.04741	.837805	.000000
2.04781	.837898	.000000
2.04821	.837849	.000000
2.04862	.837855	.000000
2.04902	.837944	.000000
2.04943	.837925	.000000
2.04983	.837880	.000000
2.05024	.837856	.000000
2.05065	.837808	.000000
2.05105	.837808	.000000
2.05146	.837765	.000000
2.05186	.837714	.000000
2.05227	.837731	.000000
2.05267	.837853	.000000
2.05308	.837918	.000000
2.05349	.837837	.000000
2.05389	.837782	.000000
2.0543	.837800	.000000
2.05471	.837843	.000000
2.05512	.837808	.000000
2.05552	.837794	.000000
2.05593	.837805	.000000
2.05634	.837772	.000000
2.05675	.837760	.000000
2.05715	.837853	.000000
2.05756	.837934	.000000
2.05797	.837901	.000000
2.05838	.837937	.000000
2.05879	.837892	.000000
2.0592	.837831	.000000
2.05961	.837853	.000000
2.06001	.837867	.000000
2.06042	.837849	.000000
2.06083	.837856	.000000
2.06124	.837894	.000000
2.06165	.837880	.000000
2.06206	.837886	.000000
2.06247	.837910	.000000
2.06288	.837904	.000000
2.06329	.837908	.000000
2.0637	.837973	.000000
2.06412	.837982	.000000
2.06453	.837951	.000000
2.06494	.837951	.000000
2.06535	.837937	.000000
2.06576	.837944	.000000
2.06617	.837922	.000000
2.06658	.837963	.000000
2.067	.838068	.000000
2.06741	.838118	.000000
2.06782	.838130	.000000
2.06823	.838051	.000000
2.06864	.838023	.000000
2.06906	.838054	.000000
2.06947	.838051	.000000
2.06988	.838026	.000000
2.0703	.837999	.000000
2.07071	.837970	.000000
2.07112	.838069	.000000
2.07154	.838145	.000000
2.07195	.838092	.000000
2.07237	.838073	.000000
2.07278	.838112	.000000
2.07319	.838183	.000000
2.07361	.838186	.000000
2.07402	.838161	.000000
2.07444	.838166	.000000
2.07485	.838179	.000000
2.07527	.838173	.000000
2.07568	.838174	.000000
2.0761	.838116	.000000
2.07652	.838116	.000000
2.07693	.838183	.000000
2.07735	.838192	.000000
2.07776	.838236	.000000
2.07818	.838195	.000000
2.0786	.838159	.000000
2.07901	.838171	.000000
2.07943	.838171	.000000
2.07985	.838229	.000000
2.08026	.838314	.000000
2.08068	.838353	.000000
2.0811	.838289	.000000
2.08152	.838250	.000000
2.08194	.838250	.000000
2.08235	.838305	.000000
2.08277	.838394	.000000
2.08319	.838434	.000000
2.08361	.838467	.000000
2.08403	.838448	.000000
2.08445	.838455	.000000
2.08487	.838516	.000000
2.08528	.838544	.000000
2.0857	.838506	.000000
2.08612	.838484	.000000
2.08654	.838467	.000000
2.08696	.838429	.000000
2.08738	.838516	.000000
2.0878	.838630	.000000
2.08822	.838599	.000000
2.08864	.838607	.000000
2.08907	.838614	.000000
2.08949	.838559	.000000
2.08991	.838590	.000000
2.09033	.838623	.000000
2.09075	.838563	.000000
2.09117	.838606	.000000
2.09159	.838647	.000000
2.09202	.838647	.000000
2.09244	.838580	.000000
2.09286	.838597	.000000
2.09328	.838678	.000000
2.09371	.838671	.000000
2.09413	.838635	.000000
2.09455	.838697	.000000
2.09497	.838678	.000000
2.0954	.838661	.000000
2.09582	.838704	.000000
2.09624	.838736	.000000
2.09667	.838755	.000000
2.09709	.838760	.000000
2.09752	.838755	.000000
2.09794	.838778	.000000
2.09837	.838838	.000000
2.09879	.838852	.000000
2.09922	.838867	.000000
2.09964	.838932	.000000
2.10007	.838965	.000000
2.10049	.838888	.000000
2.10092	.838900	.000000
2.10134	.838941	.000000
2.10177	.838938	.000000
2.10219	.838889	.000000
2.10262	.838870	.000000
2.10305	.838938	.000000
2.10347	.838926	.000000
2.1039	.838915	.000000
2.10433	.839010	.000000
2.10475	.839049	.000000
2.10518	.839036	.000000
2.10561	.838993	.000000
2.10604	.838963	.000000
2.10646	.839017	.000000
2.10689	.839111	.000000
2.10732	.839106	.000000
2.10775	.839084	.000000
2.10818	.839118	.000000
2.10861	.839133	.000000
2.10904	.839080	.000000
2.10946	.839048	.000000
2.10989	.839111	.000000
2.11032	.839092	.000000
2.11075	.839066	.000000
2.11118	.839063	.000000
2.11161	.839132	.000000
2.11204	.839209	.000000
2.11247	.839207	.000000
2.1129	.839159	.000000
2.11333	.839206	.000000
2.11376	.839244	.000000
2.1142	.839187	.000000
2.11463	.839173	.000000
2.11506	.839171	.000000
2.11549	.839111	.000000
2.11592	.839139	.000000
2.11635	.839185	.000000
2.11678	.839154	.000000
2.11722	.839152	.000000
2.11765	.839187	.000000
2.11808	.839237	.000000
2.11851	.839204	.000000
2.11895	.839152	.000000
2.11938	.839151	.000000
2.11981	.839176	.000000
2.12025	.839178	.000000
2.12068	.839283	.000000
2.12111	.839305	.000000
2.12155	.839192	.000000
2.12198	.839175	.000000
2.12242	.839175	.000000
2.12285	.839161	.000000
2.12329	.839202	.000000
2.12372	.839221	.000000
2.12416	.839231	.000000
2.12459	.839207	.000000
2.12503	.839218	.000000
2.12546	.839221	.000000
2.1259	.839266	.000000
2.12633	.839252	.000000
2.12677	.839127	.000000
2.12721	.839106	.000000
2.12764	.839078	.000000
2.12808	.839061	.000000
2.12852	.839101	.000000
2.12895	.839108	.000000
2.12939	.839130	.000000
2.12983	.839207	.000000
2.13027	.839178	.000000
2.1307	.839070	.000000
2.13114	.839027	.000000
2.13158	.839075	.000000
2.13202	.839097	.000000
2.13246	.839092	.000000
2.13289	.839037	.000000
2.13333	.839054	.000000
2.13377	.839101	.000000
2.13421	.839075	.000000
2.13465	.838994	.000000
2.13509	.838889	.000000
2.13553	.838870	.000000
2.13597	.838960	.000000
2.13641	.839006	.000000
2.13685	.838924	.000000
2.13729	.838857	.000000
2.13773	.838848	.000000
2.13817	.838831	.000000
2.13861	.838828	.000000
2.13905	.838819	.000000
2.1395	.838797	.000000
2.13994	.838809	.000000
2.14038	.838793	.000000
2.14082	.838733	.000000
2.14126	.838702	.000000
2.1417	.838687	.000000
2.14215	.838599	.000000
2.14259	.838582	.000000
2.14303	.838614	.000000
2.14348	.838573	.000000
2.14392	.838580	.000000
2.14436	.838542	.000000
2.14481	.838485	.000000
2.14525	.838441	.000000
2.14569	.838429	.000000
2.14614	.838413	.000000
2.14658	.838379	.000000
2.14703	.838305	.000000
2.14747	.838252	.000000
2.14792	.838260	.000000
2.14836	.838243	.000000
2.14881	.838241	.000000
2.14925	.838214	.000000
2.1497	.838136	.000000
2.15014	.838100	.000000
2.15059	.838011	.000000
2.15103	.837959	.000000
2.15148	.837994	.000000
2.15193	.837949	.000000
2.15237	.837941	.000000
2.15282	.837942	.000000
2.15327	.837882	.000000
2.15371	.837789	.000000
2.15416	.837729	.000000
2.15461	.837703	.000000
2.15506	.837647	.000000
2.15551	.837540	.000000
2.15595	.837509	.000000
2.1564	.837552	.000000
2.15685	.837547	.000000
2.1573	.837447	.000000
2.15775	.837342	.000000
2.1582	.837361	.000000
2.15865	.837279	.000000
2.1591	.837181	.000000
2.15955	.837121	.000000
2.16	.837011	.000000
2.16045	.836976	.000000
2.1609	.836976	.000000
2.16135	.836986	.000000
2.1618	.836923	.000000
2.16225	.836842	.000000
2.1627	.836791	.000000
2.16315	.836756	.000000
2.1636	.836667	.000000
2.16405	.836569	.000000
2.1645	.836512	.000000
2.16496	.836469	.000000
2.16541	.836378	.000000
2.16586	.836283	.000000
2.16631	.836277	.000000
2.16677	.836244	.000000
2.16722	.836201	.000000
2.16767	.836132	.000000
2.16812	.835995	.000000
2.16858	.835936	.000000
2.16903	.835912	.000000
2.16949	.835821	.000000
2.16994	.835747	.000000
2.17039	.835706	.000000
2.17085	.835596	.000000
2.1713	.835532	.000000
2.17176	.835510	.000000
2.17221	.835438	.000000
2.17267	.835371	.000000
2.17312	.835309	.000000
2.17358	.835219	.000000
2.17403	.835090	.000000
2.17449	.834960	.000000
2.17495	.834975	.000000
2.1754	.834948	.000000
2.17586	.834805	.000000
2.17632	.834652	.000000
2.17677	.834628	.000000
2.17723	.834625	.000000
2.17769	.834544	.000000
2.17814	.834425	.000000
2.1786	.834276	.000000
2.17906	.834246	.000000
2.17952	.834264	.000000
2.17998	.834258	.000000
2.18043	.834124	.000000
2.18089	.833927	.000000
2.18135	.833803	.000000
2.18181	.833770	.000000
2.18227	.833705	.000000
2.18273	.833586	.000000
2.18319	.833494	.000000
2.18365	.833418	.000000
2.18411	.833248	.000000
2.18457	.833102	.000000
2.18503	.833036	.000000
2.18549	.833023	.000000
2.18595	.833000	.000000
2.18641	.832899	.000000
2.18687	.832790	.000000
2.18733	.832768	.000000
2.18779	.832644	.000000
2.18826	.832443	.000000
2.18872	.832381	.000000
2.18918	.832416	.000000
2.18964	.832332	.000000
2.1901	.832144	.000000
2.19057	.832105	.000000
2.19103	.831995	.000000
2.19149	.831824	.000000
2.19196	.831759	.000000
2.19242	.831726	.000000
2.19288	.831604	.000000
2.19335	.831491	.000000
2.19381	.831396	.000000
2.19428	.831338	.000000
2.19474	.831247	.000000
2.1952	.831089	.000000
2.19567	.831030	.000000
2.19613	.830984	.000000
2.1966	.830906	.000000
2.19706	.830807	.000000
2.19753	.830628	.000000
2.198	.830477	.000000
2.19846	.830389	.000000
2.19893	.830298	.000000
2.1994	.830215	.000000
2.19986	.830105	.000000
2.20033	.829959	.000000
2.2008	.829867	.000000
2.20126	.829738	.000000
2.20173	.829571	.000000
2.2022	.829463	.000000
2.20267	.829387	.000000
2.20313	.829243	.000000
2.2036	.829090	.000000
2.20407	.829009	.000000
2.20454	.828883	.000000
2.20501	.828751	.000000
2.20548	.828598	.000000
2.20595	.828419	.000000
2.20642	.828275	.000000
2.20688	.828146	.000000
2.20735	.828007	.000000
2.20782	.827842	.000000
2.20829	.827677	.000000
2.20876	.827558	.000000
2.20924	.827398	.000000
2.20971	.827192	.000000
2.21018	.827004	.000000
2.21065	.826784	.000000
2.21112	.826633	.000000
2.21159	.826478	.000000
2.21206	.826315	.000000
2.21253	.826095	.000000
2.21301	.825942	.000000
2.21348	.825813	.000000
2.21395	.825636	.000000
2.21442	.825462	.000000
2.2149	.825303	.000000
2.21537	.825103	.000000
2.21584	.824816	.000000
2.21632	.824539	.000000
2.21679	.824304	.000000
2.21727	.824065	.000000
2.21774	.823833	.000000
2.21821	.823654	.000000
2.21869	.823468	.000000
2.21916	.823178	.000000
2.21964	.822881	.000000
2.22011	.822626	.000000
2.22059	.822422	.000000
2.22107	.822183	.000000
2.22154	.821882	.000000
2.22202	.821693	.000000
2.22249	.821492	.000000
2.22297	.821187	.000000
2.22345	.820869	.000000
2.22392	.820644	.000000
2.2244	.820414	.000000
2.22488	.820173	.000000
2.22536	.819957	.000000
2.22583	.819697	.000000
2.22631	.819327	.000000
2.22679	.819003	.000000
2.22727	.818705	.000000
2.22775	.818442	.000000
2.22822	.818220	.000000
2.2287	.817940	.000000
2.22918	.817670	.000000
2.22966	.817404	.000000
2.23014	.817115	.000000
2.23062	.816866	.000000
2.2311	.816586	.000000
2.23158	.816197	.000000
2.23206	.815881	.000000
2.23254	.815673	.000000
2.23302	.815420	.000000
2.2335	.815138	.000000
2.23398	.814874	.000000
2.23447	.814592	.000000
2.23495	.814313	.000000
2.23543	.813975	.000000
2.23591	.813639	.000000
2.23639	.813382	.000000
2.23688	.813108	.000000
2.23736	.812873	.000000
2.23784	.812598	.000000
2.23832	.812283	.000000
2.23881	.812077	.000000
2.23929	.811778	.000000
2.23977	.811494	.000000
2.24026	.811259	.000000
2.24074	.810985	.000000
2.24123	.810690	.000000
2.24171	.810421	.000000
2.2422	.810256	.000000
2.24268	.809978	.000000
2.24317	.809644	.000000
2.24365	.809332	.000000
2.24414	.809079	.000000
2.24462	.808849	.000000
2.24511	.808546	.000000
2.2456	.808219	.000000
2.24608	.807982	.000000
2.24657	.807730	.000000
2.24706	.807460	.000000
2.24754	.807166	.000000
2.24803	.806901	.000000
2.24852	.806640	.000000
2.249	.806373	.000000
2.24949	.806138	.000000
2.24998	.805863	.000000
2.25047	.805510	.000000
2.25096	.805206	.000000
2.25145	.805020	.000000
2.25194	.804694	.000000
2.25242	.804378	.000000
2.25291	.804173	.000000
2.2534	.803841	.000000
2.25389	.803575	.000000
2.25438	.803381	.000000
2.25487	.803147	.000000
2.25536	.802841	.000000
2.25585	.802468	.000000
2.25634	.802146	.000000
2.25684	.801940	.000000
2.25733	.801689	.000000
2.25782	.801397	.000000
2.25831	.801111	.000000
2.2588	.800790	.000000
2.25929	.800546	.000000
2.25979	.800297	.000000
2.26028	.800078	.000000
2.26077	.799704	.000000
2.26127	.799319	.000000
2.26176	.799052	.000000
2.26225	.798836	.000000
2.26275	.798597	.000000
2.26324	.798308	.000000
2.26373	.798059	.000000
2.26423	.797747	.000000
2.26472	.797441	.000000
2.26522	.797182	.000000
2.26571	.796955	.000000
2.26621	.796637	.000000
2.2667	.796326	.000000
2.2672	.795985	.000000
2.26769	.795698	.000000
2.26819	.795441	.000000
2.26869	.795100	.000000
2.26918	.794756	.000000
2.26968	.794517	.000000
2.27018	.794270	.000000
2.27067	.793940	.000000
2.27117	.793593	.000000
2.27167	.793316	.000000
2.27217	.793063	.000000
2.27266	.792802	.000000
2.27316	.792480	.000000
2.27366	.792133	.000000
2.27416	.791872	.000000
2.27466	.791594	.000000
2.27516	.791275	.000000
2.27566	.790961	.000000
2.27616	.790689	.000000
2.27666	.790444	.000000
2.27716	.790156	.000000
2.27766	.789825	.000000
2.27816	.789529	.000000
2.27866	.789292	.000000
2.27916	.789067	.000000
2.27966	.788738	.000000
2.28016	.788302	.000000
2.28066	.787989	.000000
2.28116	.787743	.000000
2.28167	.787454	.000000
2.28217	.787155	.000000
2.28267	.786887	.000000
2.28317	.786578	.000000
2.28367	.786345	.000000
2.28418	.786112	.000000
2.28468	.785790	.000000
2.28518	.785562	.000000
2.28569	.785263	.000000
2.28619	.784919	.000000
2.2867	.784616	.000000
2.2872	.784298	.000000
2.28771	.783984	.000000
2.28821	.783688	.000000
2.28872	.783442	.000000
2.28922	.783133	.000000
2.28973	.782861	.000000
2.29023	.782627	.000000
2.29074	.782316	.000000
2.29124	.782022	.000000
2.29175	.781861	.000000
2.29226	.781601	.000000
2.29276	.781324	.000000
2.29327	.781041	.000000
2.29378	.780711	.000000
2.29429	.780434	.000000
2.29479	.780183	.000000
2.2953	.779941	.000000
2.29581	.779738	.000000
2.29632	.779556	.000000
2.29683	.779305	.000000
2.29734	.779021	.000000
2.29784	.778835	.000000
2.29835	.778648	.000000
2.29886	.778497	.000000
2.29937	.778270	.000000
2.29988	.777991	.000000
2.30039	.777850	.000000
2.3009	.777709	.000000
2.30141	.777506	.000000
2.30193	.777307	.000000
2.30244	.777183	.000000
2.30295	.777085	.000000
2.30346	.776941	.000000
2.30397	.776795	.000000
2.30448	.776647	.000000
2.30499	.776492	.000000
2.30551	.776312	.000000
2.30602	.776226	.000000
2.30653	.776097	.000000
2.30705	.775928	.000000
2.30756	.775873	.000000
2.30807	.775798	.000000
2.30859	.775696	.000000
2.3091	.775648	.000000
2.30962	.775578	.000000
2.31013	.775413	.000000
2.31065	.775315	.000000
2.31116	.775203	.000000
2.31168	.775138	.000000
2.31219	.775114	.000000
2.31271	.775047	.000000
2.31322	.774950	.000000
2.31374	.774878	.000000
2.31426	.774770	.000000
2.31477	.774668	.000000
2.31529	.774579	.000000
2.31581	.774579	.000000
2.31632	.774593	.000000
2.31684	.774562	.000000
2.31736	.774409	.000000
2.31788	.774239	.000000
2.31839	.774199	.000000
2.31891	.774206	.000000
2.31943	.774148	.000000
2.31995	.774007	.000000
2.32047	.773909	.000000
2.32099	.773893	.000000
2.32151	.773855	.000000
2.32203	.773807	.000000
2.32255	.773730	.000000
2.32307	.773603	.000000
2.32359	.773518	.000000
2.32411	.773448	.000000
2.32463	.773414	.000000
2.32515	.773400	.000000
2.32567	.773357	.000000
2.3262	.773264	.000000
2.32672	.773199	.000000
2.32724	.773180	.000000
2.32776	.773104	.000000
2.32828	.773032	.000000
2.32881	.773017	.000000
2.32933	.772953	.000000
2.32985	.772822	.000000
2.33038	.772736	.000000
2.3309	.772644	.000000
2.33143	.772589	.000000
2.33195	.772544	.000000
2.33247	.772446	.000000
2.333	.772370	.000000
2.33352	.772315	.000000
2.33405	.772138	.000000
2.33457	.771995	.000000
2.3351	.771915	.000000
2.33563	.771829	.000000
2.33615	.771724	.000000
2.33668	.771683	.000000
2.33721	.771664	.000000
2.33773	.771564	.000000
2.33826	.771409	.000000
2.33879	.771241	.000000
2.33931	.771057	.000000
2.33984	.770935	.000000
2.34037	.770863	.000000
2.3409	.770703	.000000
2.34143	.770531	.000000
2.34196	.770397	.000000
2.34249	.770239	.000000
2.34301	.770120	.000000
2.34354	.769998	.000000
2.34407	.769768	.000000
2.3446	.769561	.000000
2.34513	.769450	.000000
2.34566	.769305	.000000
2.3462	.769102	.000000
2.34673	.768953	.000000
2.34726	.768704	.000000
2.34779	.768518	.000000
2.34832	.768372	.000000
2.34885	.768116	.000000
2.34938	.767873	.000000
2.34992	.767772	.000000
2.35045	.767609	.000000
2.35098	.767377	.000000
2.35152	.767189	.000000
2.35205	.766985	.000000
2.35258	.766827	.000000
2.35312	.766600	.000000
2.35365	.766338	.000000
2.35418	.766079	.000000
2.35472	.765857	.000000
2.35525	.765661	.000000
2.35579	.765462	.000000
2.35632	.765252	.000000
2.35686	.765042	.000000
2.3574	.764824	.000000
2.35793	.764576	.000000
2.35847	.764269	.000000
2.35901	.764018	.000000
2.35954	.763835	.000000
2.36008	.763602	.000000
2.36062	.763387	.000000
2.36115	.763143	.000000
2.36169	.762866	.000000
2.36223	.762575	.000000
2.36277	.762256	.000000
2.36331	.761967	.000000
2.36384	.761694	.000000
2.36438	.761391	.000000
2.36492	.761102	.000000
2.36546	.760910	.000000
2.366	.760705	.000000
2.36654	.760415	.000000
2.36708	.760145	.000000
2.36762	.759911	.000000
2.36816	.759626	.000000
2.3687	.759339	.000000
2.36925	.759103	.000000
2.36979	.758820	.000000
2.37033	.758544	.000000
2.37087	.758410	.000000
2.37141	.758244	.000000
2.37196	.757924	.000000
2.3725	.757517	.000000
2.37304	.757264	.000000
2.37358	.757037	.000000
2.37413	.756786	.000000
2.37467	.756520	.000000
2.37522	.756181	.000000
2.37576	.755899	.000000
2.3763	.755651	.000000
2.37685	.755431	.000000
2.37739	.755175	.000000
2.37794	.754928	.000000
2.37848	.754675	.000000
2.37903	.754366	.000000
2.37958	.754115	.000000
2.38012	.753960	.000000
2.38067	.753656	.000000
2.38121	.753353	.000000
2.38176	.753198	.000000
2.38231	.752972	.000000
2.38286	.752676	.000000
2.3834	.752404	.000000
2.38395	.752167	.000000
2.3845	.751959	.000000
2.38505	.751779	.000000
2.3856	.751550	.000000
2.38615	.751296	.000000
2.3867	.751076	.000000
2.38725	.750871	.000000
2.3878	.750658	.000000
2.38835	.750402	.000000
2.3889	.750144	.000000
2.38945	.749972	.000000
2.39	.749889	.000000
2.39055	.749678	.000000
2.3911	.749441	.000000
2.39165	.749200	.000000
2.3922	.748992	.000000
2.39275	.748776	.000000
2.39331	.748528	.000000
2.39386	.748399	.000000
2.39441	.748267	.000000
2.39496	.748000	.000000
2.39552	.747797	.000000
2.39607	.747655	.000000
2.39662	.747552	.000000
2.39718	.747445	.000000
2.39773	.747265	.000000
2.39829	.747096	.000000
2.39884	.746905	.000000
2.3994	.746718	.000000
2.39995	.746488	.000000
2.40051	.746335	.000000
2.40106	.746223	.000000
2.40162	.746113	.000000
2.40218	.745936	.000000
2.40273	.745733	.000000
2.40329	.745633	.000000
2.40385	.745484	.000000
2.4044	.745314	.000000
2.40496	.745195	.000000
2.40552	.745066	.000000
2.40608	.744915	.000000
2.40664	.744870	.000000
2.4072	.744810	.000000
2.40775	.744674	.000000
2.40831	.744552	.000000
2.40887	.744523	.000000
2.40943	.744444	.000000
2.40999	.744270	.000000
2.41055	.744179	.000000
2.41111	.744119	.000000
2.41167	.744066	.000000
2.41224	.744028	.000000
2.4128	.743957	.000000
2.41336	.743844	.000000
2.41392	.743705	.000000
2.41448	.743713	.000000
2.41504	.743684	.000000
2.41561	.743651	.000000
2.41617	.743569	.000000
2.41673	.743460	.000000
2.4173	.743385	.000000
2.41786	.743405	.000000
2.41842	.743435	.000000
2.41899	.743400	.000000
2.41955	.743309	.000000
2.42012	.743261	.000000
2.42068	.743246	.000000
2.42125	.743196	.000000
2.42181	.743201	.000000
2.42238	.743252	.000000
2.42294	.743270	.000000
2.42351	.743206	.000000
2.42408	.743144	.000000
2.42464	.743060	.000000
2.42521	.743020	.000000
2.42578	.743098	.000000
2.42635	.743074	.000000
2.42691	.743024	.000000
2.42748	.743007	.000000
2.42805	.743022	.000000
2.42862	.743039	.000000
2.42919	.742989	.000000
2.42976	.743008	.000000
2.43033	.742991	.000000
2.4309	.742941	.000000
2.43147	.742996	.000000
2.43204	.742995	.000000
2.43261	.742981	.000000
2.43318	.743008	.000000
2.43375	.743050	.000000
2.43432	.743055	.000000
2.43489	.743020	.000000
2.43546	.742979	.000000
2.43604	.742960	.000000
2.43661	.742953	.000000
2.43718	.742993	.000000
2.43775	.743038	.000000
2.43833	.742974	.000000
2.4389	.742873	.000000
2.43947	.742898	.000000
2.44005	.742969	.000000
2.44062	.742960	.000000
2.4412	.742984	.000000
2.44177	.742988	.000000
2.44235	.743022	.000000
2.44292	.743017	.000000
2.4435	.742957	.000000
2.44407	.743022	.000000
2.44465	.743010	.000000
2.44523	.742883	.000000
2.4458	.742871	.000000
2.44638	.742861	.000000
2.44696	.742852	.000000
2.44754	.742916	.000000
2.44811	.742914	.000000
2.44869	.742891	.000000
2.44927	.742890	.000000
2.44985	.742957	.000000
2.45043	.742869	.000000
2.45101	.742781	.000000
2.45159	.742879	.000000
2.45217	.742843	.000000
2.45275	.742768	.000000
2.45333	.742788	.000000
2.45391	.742852	.000000
2.45449	.742775	.000000
2.45507	.742781	.000000
2.45565	.742849	.000000
2.45623	.742794	.000000
2.45681	.742764	.000000
2.4574	.742814	.000000
2.45798	.742849	.000000
2.45856	.742783	.000000
2.45914	.742708	.000000
2.45973	.742732	.000000
2.46031	.742737	.000000
2.46089	.742687	.000000
2.46148	.742678	.000000
2.46206	.742711	.000000
2.46265	.742730	.000000
2.46323	.742697	.000000
2.46382	.742711	.000000
2.4644	.742744	.000000
2.46499	.742761	.000000
2.46558	.742807	.000000
2.46616	.742814	.000000
2.46675	.742795	.000000
2.46734	.742725	.000000
2.46792	.742670	.000000
2.46851	.742647	.000000
2.4691	.742673	.000000
2.46969	.742751	.000000
2.47027	.742745	.000000
2.47086	.742713	.000000
2.47145	.742718	.000000
2.47204	.742697	.000000
2.47263	.742666	.000000
2.47322	.742706	.000000
2.47381	.742757	.000000
2.4744	.742759	.000000
2.47499	.742723	.000000
2.47558	.742704	.000000
2.47617	.742732	.000000
2.47676	.742794	.000000
2.47736	.742807	.000000
2.47795	.742768	.000000
2.47854	.742723	.000000
2.47913	.742706	.000000
2.47973	.742673	.000000
2.48032	.742663	.000000
2.48091	.742682	.000000
2.48151	.742665	.000000
2.4821	.742630	.000000
2.48269	.742677	.000000
2.48329	.742697	.000000
2.48388	.742666	.000000
2.48448	.742696	.000000
2.48507	.742677	.000000
2.48567	.742682	.000000
2.48627	.742651	.000000
2.48686	.742613	.000000
2.48746	.742646	.000000
2.48806	.742641	.000000
2.48865	.742586	.000000
2.48925	.742529	.000000
2.48985	.742458	.000000
2.49045	.742434	.000000
2.49104	.742494	.000000
2.49164	.742479	.000000
2.49224	.742493	.000000
2.49284	.742515	.000000
2.49344	.742436	.000000
2.49404	.742340	.000000
2.49464	.742365	.000000
2.49524	.742386	.000000
2.49584	.742381	.000000
2.49644	.742343	.000000
2.49704	.742340	.000000
2.49764	.742348	.000000
2.49825	.742300	.000000
2.49885	.742304	.000000
2.49945	.742324	.000000
2.50005	.742199	.000000
2.50066	.742115	.000000
2.50126	.742090	.000000
2.50186	.742084	.000000
2.50247	.742084	.000000
2.50307	.742101	.000000
2.50367	.742068	.000000
2.50428	.742030	.000000
2.50488	.742001	.000000
2.50549	.741894	.000000
2.50609	.741781	.000000
2.5067	.741807	.000000
2.50731	.741848	.000000
2.50791	.741754	.000000
2.50852	.741705	.000000
2.50913	.741729	.000000
2.50973	.741699	.000000
2.51034	.741656	.000000
2.51095	.741559	.000000
2.51156	.741511	.000000
2.51217	.741461	.000000
2.51277	.741446	.000000
2.51338	.741446	.000000
2.51399	.741338	.000000
2.5146	.741219	.000000
2.51521	.741219	.000000
2.51582	.741212	.000000
2.51643	.741138	.000000
2.51705	.741057	.000000
2.51766	.741004	.000000
2.51827	.741045	.000000
2.51888	.740989	.000000
2.51949	.740916	.000000
2.5201	.740904	.000000
2.52072	.740827	.000000
2.52133	.740746	.000000
2.52194	.740753	.000000
2.52256	.740770	.000000
2.52317	.740732	.000000
2.52378	.740634	.000000
2.5244	.740583	.000000
2.52501	.740516	.000000
2.52563	.740397	.000000
2.52624	.740323	.000000
2.52686	.740267	.000000
2.52747	.740215	.000000
2.52809	.740182	.000000
2.52871	.740231	.000000
2.52932	.740186	.000000
2.52994	.740053	.000000
2.53056	.739864	.000000
2.53118	.739770	.000000
2.53179	.739741	.000000
2.53241	.739723	.000000
2.53303	.739608	.000000
2.53365	.739581	.000000
2.53427	.739548	.000000
2.53489	.739411	.000000
2.53551	.739239	.000000
2.53613	.739144	.000000
2.53675	.739173	.000000
2.53737	.739160	.000000
2.53799	.739134	.000000
2.53861	.739053	.000000
2.53923	.738972	.000000
2.53986	.738921	.000000
2.54048	.738862	.000000
2.5411	.738738	.000000
2.54172	.738596	.000000
2.54235	.738475	.000000
2.54297	.738359	.000000
2.54359	.738338	.000000
2.54422	.738279	.000000
2.54484	.738279	.000000
2.54547	.738230	.000000
2.54609	.738178	.000000
2.54672	.738032	.000000
2.54734	.737784	.000000
2.54797	.737611	.000000
2.54859	.737616	.000000
2.54922	.737647	.000000
2.54985	.737521	.000000
2.55048	.737282	.000000
2.5511	.737099	.000000
2.55173	.737097	.000000
2.55236	.736875	.000000
2.55299	.736688	.000000
2.55362	.736796	.000000
2.55424	.736775	.000000
2.55487	.736610	.000000
2.5555	.736492	.000000
2.55613	.736322	.000000
2.55676	.736263	.000000
2.55739	.736200	.000000
2.55803	.736126	.000000
2.55866	.736089	.000000
2.55929	.735863	.000000
2.55992	.735510	.000000
2.56055	.735160	.000000
2.56118	.734857	.000000
2.56182	.734941	.000000
2.56245	.734811	.000000
2.56308	.734668	.000000
2.56372	.734685	.000000
2.56435	.734331	.000000
2.56499	.734365	.000000
2.56562	.734472	.000000
2.56625	.734391	.000000
2.56689	.734192	.000000
2.56753	.734090	.000000
2.56816	.733925	.000000
2.5688	.733705	.000000
2.56943	.733239	.000000
2.57007	.733183	.000000
2.57071	.733367	.000000
2.57135	.733301	.000000
2.57198	.733126	.000000
2.57262	.732719	.000000
2.57326	.732064	.000000
2.5739	.732127	.000000
2.57454	.732364	.000000
2.57518	.732224	.000000
2.57582	.732057	.000000
2.57646	.731581	.000000
2.5771	.731239	.000000
2.57774	.731355	.000000
2.57838	.731388	.000000
2.57902	.731264	.000000
2.57966	.731075	.000000
2.5803	.730781	.000000
2.58095	.730403	.000000
2.58159	.730326	.000000
2.58223	.730298	.000000
2.58287	.729937	.000000
2.58352	.729083	.000000
2.58416	.728703	.000000
2.58481	.729169	.000000
2.58545	.729339	.000000
2.58609	.729117	.000000
2.58674	.728550	.000000
2.58739	.728222	.000000
2.58803	.728413	.000000
2.58868	.728261	.000000
2.58932	.727845	.000000
2.58997	.727735	.000000
2.59062	.727727	.000000
2.59126	.727476	.000000
2.59191	.727116	.000000
2.59256	.726797	.000000
2.59321	.726527	.000000
2.59386	.725411	.000000
2.59451	.724189	.000000
2.59516	.724700	.000000
2.59581	.724615	.000000
2.59646	.724868	.000000
2.59711	.725267	.000000
2.59776	.725047	.000000
2.59841	.724806	.000000
2.59906	.724526	.000000
2.59971	.724256	.000000
2.60036	.723964	.000000
2.60101	.723610	.000000
2.60167	.723278	.000000
2.60232	.723173	.000000
2.60297	.722798	.000000
2.60363	.722394	.000000
2.60428	.722223	.000000
2.60494	.721468	.000000
2.60559	.720579	.000000
2.60624	.721078	.000000
2.6069	.721076	.000000
2.60756	.720629	.000000
2.60821	.720603	.000000
2.60887	.720333	.000000
2.60952	.719770	.000000
2.61018	.719568	.000000
2.61084	.719465	.000000
2.6115	.719192	.000000
2.61215	.718871	.000000
2.61281	.718432	.000000
2.61347	.718063	.000000
2.61413	.717861	.000000
2.61479	.717461	.000000
2.61545	.717086	.000000
2.61611	.716455	.000000
2.61677	.715833	.000000
2.61743	.715782	.000000
2.61809	.715950	.000000
2.61875	.715727	.000000
2.61941	.715238	.000000
2.62007	.714076	.000000
2.62074	.713679	.000000
2.6214	.714173	.000000
2.62206	.714020	.000000
2.62272	.713763	.000000
2.62339	.713406	.000000
2.62405	.712990	.000000
2.62472	.712634	.000000
2.62538	.712302	.000000
2.62604	.711465	.000000
2.62671	.710791	.000000
2.62738	.710941	.000000
2.62804	.710831	.000000
2.62871	.710449	.000000
2.62937	.710007	.000000
2.63004	.709028	.000000
2.63071	.708357	.000000
2.63138	.708761	.000000
2.63204	.708703	.000000
2.63271	.708356	.000000
2.63338	.707809	.000000
2.63405	.707338	.000000
2.63472	.707267	.000000
2.63539	.707018	.000000
2.63606	.706602	.000000
2.63673	.706238	.000000
2.6374	.705817	.000000
2.63807	.705447	.000000
2.63874	.705089	.000000
2.63941	.704754	.000000
2.64009	.704337	.000000
2.64076	.703964	.000000
2.64143	.703615	.000000
2.6421	.703166	.000000
2.64278	.702712	.000000
2.64345	.702365	.000000
2.64412	.702038	.000000
2.6448	.701712	.000000
2.64547	.701101	.000000
2.64615	.700771	.000000
2.64682	.700575	.000000
2.6475	.700259	.000000
2.64818	.699848	.000000
2.64885	.699439	.000000
2.64953	.699061	.000000
2.65021	.698657	.000000
2.65088	.698253	.000000
2.65156	.697822	.000000
2.65224	.697086	.000000
2.65292	.696718	.000000
2.6536	.696649	.000000
2.65428	.696264	.000000
2.65496	.695654	.000000
2.65564	.695264	.000000
2.65632	.695090	.000000
2.657	.694709	.000000
2.65768	.694203	.000000
2.65836	.693791	.000000
2.65904	.693301	.000000
2.65972	.692773	.000000
2.66041	.692445	.000000
2.66109	.692101	.000000
2.66177	.691639	.000000
2.66245	.691207	.000000
2.66314	.690798	.000000
2.66382	.690246	.000000
2.66451	.688981	.000000
2.66519	.688125	.000000
2.66588	.688304	.000000
2.66656	.687276	.000000
2.66725	.686502	.000000
2.66793	.686638	.000000
2.66862	.686129	.000000
2.66931	.685089	.000000
2.67	.682904	.000000
2.67068	.681631	.000000
2.67137	.682009	.000000
2.67206	.681607	.000000
2.67275	.680618	.000000
2.67344	.679786	.000000
2.67413	.679145	.000000
2.67482	.678399	.000000
2.67551	.677426	.000000
2.6762	.676520	.000000
2.67689	.676047	.000000
2.67758	.675525	.000000
2.67827	.675109	.000000
2.67896	.674150	.000000
2.67965	.673520	.000000
2.68035	.673352	.000000
2.68104	.672692	.000000
2.68173	.671901	.000000
2.68243	.671109	.000000
2.68312	.670141	.000000
2.68382	.669345	.000000
2.68451	.668633	.000000
2.68521	.667750	.000000
2.6859	.666634	.000000
2.6866	.665589	.000000
2.68729	.664793	.000000
2.68799	.663784	.000000
2.68869	.662636	.000000
2.68938	.661615	.000000
2.69008	.660491	.000000
2.69078	.659234	.000000
2.69148	.657890	.000000
2.69218	.656561	.000000
2.69288	.654985	.000000
2.69358	.652936	.000000
2.69428	.651540	.000000
2.69498	.650208	.000000
2.69568	.648210	.000000
2.69638	.646455	.000000
2.69708	.644611	.000000
2.69778	.642256	.000000
2.69848	.639727	.000000
2.69919	.636972	.000000
2.69989	.633812	.000000
2.70059	.630219	.000000
2.70129	.626190	.000000
2.702	.621996	.000000
2.7027	.617437	.000000
2.70341	.612268	.000000
2.70411	.606726	.000000
2.70482	.600691	.000000
2.70552	.594305	.000000
2.70623	.587787	.000000
2.70694	.581621	.000000
2.70764	.575867	.000000
2.70835	.570260	.000000
2.70906	.564659	.000000
2.70976	.559315	.000000
2.71047	.553522	.000000
2.71118	.547772	.000000
2.71189	.543028	.000000
2.7126	.538118	.000000
2.71331	.533120	.000000
2.71402	.528394	.000000
2.71473	.523803	.000000
2.71544	.519138	.000000
2.71615	.514758	.000000
2.71686	.510603	.000000
2.71758	.506666	.000000
2.71829	.503194	.000000
2.719	.499845	.000000
2.71971	.495983	.000000
2.72043	.492184	.000000
2.72114	.489174	.000000
2.72186	.486432	.000000
2.72257	.483421	.000000
2.72329	.479926	.000000
2.724	.475921	.000000
2.72472	.472481	.000000
2.72543	.468926	.000000
2.72615	.464916	.000000
2.72687	.460808	.000000
2.72758	.456364	.000000
2.7283	.451755	.000000
2.72902	.447119	.000000
2.72974	.442578	.000000
2.73046	.438301	.000000
2.73118	.434483	.000000
2.7319	.430923	.000000
2.73262	.427621	.000000
2.73334	.424537	.000000
2.73406	.421524	.000000
2.73478	.418651	.000000
2.7355	.416259	.000000
2.73622	.414008	.000000
2.73694	.411652	.000000
2.73767	.409414	.000000
2.73839	.407065	.000000
2.73911	.404857	.000000
2.73984	.402837	.000000
2.74056	.401095	.000000
2.74128	.399512	.000000
2.74201	.397855	.000000
2.74273	.396293	.000000
2.74346	.394673	.000000
2.74419	.393040	.000000
2.74491	.391409	.000000
2.74564	.389589	.000000
2.74637	.387605	.000000
2.74709	.385621	.000000
2.74782	.383553	.000000
2.74855	.381281	.000000
2.74928	.378946	.000000
2.75001	.376531	.000000
2.75074	.374004	.000000
2.75147	.371371	.000000
2.7522	.368667	.000000
2.75293	.365856	.000000
2.75366	.362965	.000000
2.75439	.359969	.000000
2.75512	.356782	.000000
2.75586	.353899	.000000
2.75659	.351154	.000000
2.75732	.348232	.000000
2.75805	.345215	.000000
2.75879	.342243	.000000
2.75952	.339200	.000000
2.76026	.336256	.000000
2.76099	.333208	.000000
2.76173	.330097	.000000
2.76246	.326913	.000000
2.7632	.324008	.000000
2.76394	.321148	.000000
2.76467	.318160	.000000
2.76541	.315238	.000000
2.76615	.312341	.000000
2.76689	.309347	.000000
2.76762	.306313	.000000
2.76836	.303520	.000000
2.7691	.300905	.000000
2.76984	.298053	.000000
2.77058	.295179	.000000
2.77132	.292551	.000000
2.77206	.289888	.000000
2.7728	.287208	.000000
2.77355	.284726	.000000
2.77429	.282263	.000000
2.77503	.279674	.000000
2.77577	.277212	.000000
2.77652	.274766	.000000
2.77726	.272306	.000000
2.778	.269951	.000000
2.77875	.267553	.000000
2.77949	.265333	.000000
2.78024	.263108	.000000
2.78098	.260784	.000000
2.78173	.258599	.000000
2.78248	.256507	.000000
2.78322	.254419	.000000
2.78397	.252433	.000000
2.78472	.250384	.000000
2.78547	.248402	.000000
2.78621	.246450	.000000
2.78696	.244545	.000000
2.78771	.242725	.000000
2.78846	.240916	.000000
2.78921	.239201	.000000
2.78996	.237464	.000000
2.79071	.235816	.000000
2.79146	.234271	.000000
2.79222	.232705	.000000
2.79297	.231173	.000000
2.79372	.229757	.000000
2.79447	.228252	.000000
2.79523	.226748	.000000
2.79598	.225263	.000000
2.79673	.223833	.000000
2.79749	.222613	.000000
2.79824	.221423	.000000
2.799	.220063	.000000
2.79976	.218712	.000000
2.80051	.217452	.000000
2.80127	.216275	.000000
2.80202	.215094	.000000
2.80278	.213990	.000000
2.80354	.212911	.000000
2.8043	.211853	.000000
2.80506	.210779	.000000
2.80582	.209739	.000000
2.80657	.208740	.000000
2.80733	.207759	.000000
2.80809	.206793	.000000
2.80886	.205897	.000000
2.80962	.205091	.000000
2.81038	.204187	.000000
2.81114	.203345	.000000
2.8119	.202451	.000000
2.81266	.201552	.000000
2.81343	.200809	.000000
2.81419	.200015	.000000
2.81496	.199212	.000000
2.81572	.198494	.000000
2.81648	.197754	.000000
2.81725	.197038	.000000
2.81802	.196262	.000000
2.81878	.195473	.000000
2.81955	.194755	.000000
2.82031	.194155	.000000
2.82108	.193505	.000000
2.82185	.192895	.000000
2.82262	.192266	.000000
2.82339	.191707	.000000
2.82416	.191179	.000000
2.82493	.190542	.000000
2.82569	.189907	.000000
2.82647	.189349	.000000
2.82724	.188797	.000000
2.82801	.188219	.000000
2.82878	.187693	.000000
2.82955	.187315	.000000
2.83032	.186939	.000000
2.83109	.186462	.000000
2.83187	.185875	.000000
2.83264	.185386	.000000
2.83342	.184919	.000000
2.83419	.184398	.000000
2.83496	.183862	.000000
2.83574	.183473	.000000
2.83652	.183090	.000000
2.83729	.182710	.000000
2.83807	.182270	.000000
2.83885	.181737	.000000
2.83962	.181336	.000000
2.8404	.180982	.000000
2.84118	.180563	.000000
2.84196	.180131	.000000
2.84274	.179698	.000000
2.84352	.179370	.000000
2.8443	.179102	.000000
2.84508	.178794	.000000
2.84586	.178349	.000000
2.84664	.177954	.000000
2.84742	.177682	.000000
2.8482	.177453	.000000
2.84898	.177113	.000000
2.84977	.176697	.000000
2.85055	.176362	.000000
2.85133	.176023	.000000
2.85212	.175712	.000000
2.8529	.175394	.000000
2.85369	.175048	.000000
2.85447	.174706	.000000
2.85526	.174399	.000000
2.85605	.174143	.000000
2.85683	.173849	.000000
2.85762	.173580	.000000
2.85841	.173333	.000000
2.8592	.173039	.000000
2.85999	.172747	.000000
2.86077	.172460	.000000
2.86156	.172222	.000000
2.86235	.171971	.000000
2.86314	.171796	.000000
2.86393	.171598	.000000
2.86473	.171262	.000000
2.86552	.170973	.000000
2.86631	.170804	.000000
2.8671	.170667	.000000
2.86789	.170414	.000000
2.86869	.170077	.000000
2.86948	.169826	.000000
2.87028	.169620	.000000
2.87107	.169484	.000000
2.87187	.169360	.000000
2.87266	.169137	.000000
2.87346	.168929	.000000
2.87425	.168771	.000000
2.87505	.168515	.000000
2.87585	.168319	.000000
2.87665	.168100	.000000
2.87744	.167994	.000000
2.87824	.167834	.000000
2.87904	.167631	.000000
2.87984	.167476	.000000
2.88064	.167464	.000000
2.88144	.167289	.000000
2.88224	.167069	.000000
2.88304	.166921	.000000
2.88385	.166737	.000000
2.88465	.166675	.000000
2.88545	.166546	.000000
2.88625	.166380	.000000
2.88706	.166211	.000000
2.88786	.166124	.000000
2.88867	.166017	.000000
2.88947	.165878	.000000
2.89028	.165754	.000000
2.89108	.165637	.000000
2.89189	.165618	.000000
2.8927	.165506	.000000
2.8935	.165345	.000000
2.89431	.165312	.000000
2.89512	.165322	.000000
2.89593	.165218	.000000
2.89674	.165159	.000000
2.89755	.165054	.000000
2.89836	.165056	.000000
2.89917	.164999	.000000
2.89998	.164865	.000000
2.90079	.164772	.000000
2.9016	.164790	.000000
2.90241	.164821	.000000
2.90322	.164802	.000000
2.90404	.164741	.000000
2.90485	.164723	.000000
2.90566	.164680	.000000
2.90648	.164635	.000000
2.90729	.164554	.000000
2.90811	.164432	.000000
2.90893	.164405	.000000
2.90974	.164427	.000000
2.91056	.164393	.000000
2.91138	.164367	.000000
2.91219	.164436	.000000
2.91301	.164492	.000000
2.91383	.164566	.000000
2.91465	.164511	.000000
2.91547	.164496	.000000
2.91629	.164614	.000000
2.91711	.164676	.000000
2.91793	.164662	.000000
2.91875	.164644	.000000
2.91957	.164637	.000000
2.92039	.164604	.000000
2.92122	.164654	.000000
2.92204	.164719	.000000
2.92286	.164764	.000000
2.92369	.164874	.000000
2.92451	.164901	.000000
2.92534	.164886	.000000
2.92616	.164876	.000000
2.92699	.164925	.000000
2.92782	.165041	.000000
2.92864	.165072	.000000
2.92947	.165075	.000000
2.9303	.165154	.000000
2.93113	.165218	.000000
2.93195	.165331	.000000
2.93278	.165450	.000000
2.93361	.165482	.000000
2.93444	.165565	.000000
2.93527	.165701	.000000
2.93611	.165740	.000000
2.93694	.165785	.000000
2.93777	.165867	.000000
2.9386	.165986	.000000
2.93943	.166038	.000000
2.94027	.166115	.000000
2.9411	.166179	.000000
2.94194	.166277	.000000
2.94277	.166440	.000000
2.94361	.166565	.000000
2.94444	.166693	.000000
2.94528	.166851	.000000
2.94612	.166945	.000000
2.94695	.167007	.000000
2.94779	.167143	.000000
2.94863	.167301	.000000
2.94947	.167368	.000000
2.95031	.167389	.000000
2.95115	.167559	.000000
2.95199	.167794	.000000
2.95283	.167829	.000000
2.95367	.167922	.000000
2.95451	.168207	.000000
2.95535	.168360	.000000
2.95619	.168319	.000000
2.95704	.168367	.000000
2.95788	.168630	.000000
2.95872	.168834	.000000
2.95957	.168968	.000000
2.96041	.169058	.000000
2.96126	.169092	.000000
2.96211	.169328	.000000
2.96295	.169563	.000000
2.9638	.169632	.000000
2.96465	.169799	.000000
2.96549	.169950	.000000
2.96634	.170086	.000000
2.96719	.170253	.000000
2.96804	.170400	.000000
2.96889	.170533	.000000
2.96974	.170722	.000000
2.97059	.170892	.000000
2.97144	.171064	.000000
2.97229	.171330	.000000
2.97315	.171573	.000000
2.974	.171739	.000000
2.97485	.171832	.000000
2.97571	.171970	.000000
2.97656	.172161	.000000
2.97741	.172346	.000000
2.97827	.172597	.000000
2.97913	.172705	.000000
2.97998	.172853	.000000
2.98084	.173104	.000000
2.9817	.173402	.000000
2.98255	.173639	.000000
2.98341	.173785	.000000
2.98427	.173924	.000000
2.98513	.174110	.000000
2.98599	.174273	.000000
2.98685	.174486	.000000
2.98771	.174736	.000000
2.98857	.174954	.000000
2.98943	.175146	.000000
2.99029	.175318	.000000
2.99116	.175501	.000000
2.99202	.175739	.000000
2.99288	.175996	.000000
2.99375	.176137	.000000
2.99461	.176310	.000000
2.99548	.176633	.000000
2.99634	.176907	.000000
2.99721	.177173	.000000
2.99807	.177393	.000000
2.99894	.177581	.000000
2.99981	.177768	.000000
3.00068	.178031	.000000
3.00155	.178313	.000000
3.00241	.178476	.000000
3.00328	.178758	.000000
3.00415	.179086	.000000
3.00503	.179251	.000000
3.0059	.179456	.000000
3.00677	.179667	.000000
3.00764	.179838	.000000
3.00851	.180071	.000000
3.00939	.180384	.000000
3.01026	.180513	.000000
3.01113	.180771	.000000
3.01201	.181180	.000000
3.01288	.181428	.000000
3.01376	.181589	.000000
3.01463	.181854	.000000
3.01551	.182163	.000000
3.01639	.182321	.000000
3.01727	.182499	.000000
3.01814	.182794	.000000
3.01902	.183066	.000000
3.0199	.183298	.000000
3.02078	.183425	.000000
3.02166	.183647	.000000
3.02254	.183917	.000000
3.02342	.184173	.000000
3.02431	.184393	.000000
3.02519	.184618	.000000
3.02607	.184969	.000000
3.02696	.185225	.000000
3.02784	.185507	.000000
3.02872	.185783	.000000
3.02961	.185921	.000000
3.03049	.186126	.000000
3.03138	.186378	.000000
3.03227	.186614	.000000
3.03315	.186909	.000000
3.03404	.187107	.000000
3.03493	.187293	.000000
3.03582	.187582	.000000
3.03671	.187879	.000000
3.0376	.188157	.000000
3.03849	.188405	.000000
3.03938	.188625	.000000
3.04027	.188812	.000000
3.04116	.189024	.000000
3.04205	.189251	.000000
3.04294	.189490	.000000
3.04384	.189759	.000000
3.04473	.190050	.000000
3.04562	.190172	.000000
3.04652	.190306	.000000
3.04741	.190665	.000000
3.04831	.190947	.000000
3.04921	.191093	.000000
3.0501	.191332	.000000
3.051	.191655	.000000
3.0519	.191886	.000000
3.0528	.192058	.000000
3.0537	.192278	.000000
3.0546	.192491	.000000
3.0555	.192759	.000000
3.0564	.193048	.000000
3.0573	.193297	.000000
3.0582	.193598	.000000
3.0591	.193847	.000000
3.06	.194041	.000000
3.06091	.194203	.000000
3.06181	.194347	.000000
3.06272	.194433	.000000
3.06362	.194605	.000000
3.06453	.194868	.000000
3.06543	.195238	.000000
3.06634	.195575	.000000
3.06725	.195774	.000000
3.06815	.195965	.000000
3.06906	.196187	.000000
3.06997	.196439	.000000
3.07088	.196689	.000000
3.07179	.196873	.000000
3.0727	.196977	.000000
3.07361	.197222	.000000
3.07452	.197553	.000000
3.07543	.197758	.000000
3.07634	.197940	.000000
3.07726	.198208	.000000
3.07817	.198442	.000000
3.07909	.198628	.000000
3.08	.198812	.000000
3.08092	.199025	.000000
3.08183	.199217	.000000
3.08275	.199489	.000000
3.08366	.199800	.000000
3.08458	.199967	.000000
3.0855	.200087	.000000
3.08642	.200354	.000000
3.08734	.200653	.000000
3.08826	.200845	.000000
3.08918	.201118	.000000
3.0901	.201414	.000000
3.09102	.201644	.000000
3.09194	.201839	.000000
3.09286	.201993	.000000
3.09378	.202186	.000000
3.09471	.202514	.000000
3.09563	.202786	.000000
3.09655	.202996	.000000
3.09748	.203219	.000000
3.09841	.203381	.000000
3.09933	.203554	.000000
3.10026	.203798	.000000
3.10119	.204075	.000000
3.10211	.204288	.000000
3.10304	.204386	.000000
3.10397	.204495	.000000
3.1049	.204761	.000000
3.10583	.205106	.000000
3.10676	.205442	.000000
3.10769	.205691	.000000
3.10862	.205944	.000000
3.10956	.206141	.000000
3.11049	.206303	.000000
3.11142	.206547	.000000
3.11236	.206757	.000000
3.11329	.206984	.000000
3.11422	.207216	.000000
3.11516	.207417	.000000
3.1161	.207632	.000000
3.11703	.207867	.000000
3.11797	.208122	.000000
3.11891	.208395	.000000
3.11985	.208651	.000000
3.12079	.208912	.000000
3.12172	.209170	.000000
3.12266	.209476	.000000
3.12361	.209689	.000000
3.12455	.209856	.000000
3.12549	.210040	.000000
3.12643	.210263	.000000
3.12737	.210526	.000000
3.12832	.210781	.000000
3.12926	.211030	.000000
3.13021	.211274	.000000
3.13115	.211513	.000000
3.1321	.211754	.000000
3.13304	.212106	.000000
3.13399	.212378	.000000
3.13494	.212491	.000000
3.13589	.212715	.000000
3.13683	.213057	.000000
3.13778	.213346	.000000
3.13873	.213474	.000000
3.13968	.213670	.000000
3.14063	.213932	.000000
3.14159	.214222	.000000
3.14254	.214490	.000000
3.14349	.214717	.000000
3.14444	.214925	.000000
3.1454	.215137	.000000
3.14635	.215345	.000000
3.14731	.215587	.000000
3.14826	.215831	.000000
3.14922	.216096	.000000
3.15018	.216309	.000000
3.15113	.216483	.000000
3.15209	.216758	.000000
3.15305	.217055	.000000
3.15401	.217316	.000000
3.15497	.217605	.000000
3.15593	.217908	.000000
3.15689	.218140	.000000
3.15785	.218372	.000000
3.15881	.218554	.000000
3.15977	.218855	.000000
3.16074	.219152	.000000
3.1617	.219377	.000000
3.16267	.219532	.000000
3.16363	.219793	.000000
3.1646	.220041	.000000
3.16556	.220275	.000000
3.16653	.220629	.000000
3.1675	.220974	.000000
3.16846	.221210	.000000
3.16943	.221420	.000000
3.1704	.221655	.000000
3.17137	.221873	.000000
3.17234	.222062	.000000
3.17331	.222377	.000000
3.17428	.222686	.000000
3.17525	.222963	.000000
3.17623	.223224	.000000
3.1772	.223388	.000000
3.17817	.223604	.000000
3.17915	.223919	.000000
3.18012	.224215	.000000
3.1811	.224490	.000000
3.18208	.224679	.000000
3.18305	.224868	.000000
3.18403	.225174	.000000
3.18501	.225475	.000000
3.18599	.225684	.000000
3.18696	.225958	.000000
3.18794	.226253	.000000
3.18893	.226487	.000000
3.18991	.226766	.000000
3.19089	.227072	.000000
3.19187	.227317	.000000
3.19285	.227615	.000000
3.19384	.227967	.000000
3.19482	.228213	.000000
3.19581	.228418	.000000
3.19679	.228670	.000000
3.19778	.228961	.000000
3.19876	.229196	.000000
3.19975	.229384	.000000
3.20074	.229703	.000000
3.20173	.230040	.000000
3.20271	.230253	.000000
3.2037	.230537	.000000
3.20469	.230846	.000000
3.20568	.231118	.000000
3.20668	.231286	.000000
3.20767	.231496	.000000
3.20866	.231804	.000000
3.20965	.232139	.000000
3.21065	.232371	.000000
3.21164	.232607	.000000
3.21264	.232894	.000000
3.21363	.233131	.000000
3.21463	.233341	.000000
3.21563	.233623	.000000
3.21662	.233898	.000000
3.21762	.234159	.000000
3.21862	.234499	.000000
3.21962	.234895	.000000
3.22062	.235216	.000000
3.22162	.235445	.000000
3.22262	.235697	.000000
3.22362	.235892	.000000
3.22462	.236132	.000000
3.22563	.236418	.000000
3.22663	.236665	.000000
3.22764	.236913	.000000
3.22864	.237207	.000000
3.22965	.237542	.000000
3.23065	.237776	.000000
3.23166	.237982	.000000
3.23267	.238192	.000000
3.23368	.238448	.000000
3.23468	.238895	.000000
3.23569	.239257	.000000
3.2367	.239519	.000000
3.23771	.239747	.000000
3.23873	.239868	.000000
3.23974	.240131	.000000
3.24075	.240536	.000000
3.24176	.240902	.000000
3.24278	.241128	.000000
3.24379	.241380	.000000
3.24481	.241752	.000000
3.24582	.242008	.000000
3.24684	.242240	.000000
3.24785	.242551	.000000
3.24887	.242824	.000000
3.24989	.243000	.000000
3.25091	.243149	.000000
3.25193	.243493	.000000
3.25295	.243921	.000000
3.25397	.244328	.000000
3.25499	.244566	.000000
3.25601	.244794	.000000
3.25704	.245102	.000000
3.25806	.245337	.000000
3.25908	.245612	.000000
3.26011	.245905	.000000
3.26113	.246135	.000000
3.26216	.246386	.000000
3.26319	.246683	.000000
3.26421	.246998	.000000
3.26524	.247316	.000000
3.26627	.247575	.000000
3.2673	.247792	.000000
3.26833	.248095	.000000
3.26936	.248349	.000000
3.27039	.248629	.000000
3.27142	.248985	.000000
3.27245	.249265	.000000
3.27349	.249554	.000000
3.27452	.249790	.000000
3.27555	.250051	.000000
3.27659	.250391	.000000
3.27763	.250714	.000000
3.27866	.250915	.000000
3.2797	.251101	.000000
3.28074	.251448	.000000
3.28178	.251784	.000000
3.28281	.252146	.000000
3.28385	.252461	.000000
3.28489	.252681	.000000
3.28593	.252894	.000000
3.28698	.253142	.000000
3.28802	.253497	.000000
3.28906	.253915	.000000
3.2901	.254281	.000000
3.29115	.254539	.000000
3.29219	.254706	.000000
3.29324	.254940	.000000
3.29429	.255268	.000000
3.29533	.255643	.000000
3.29638	.255809	.000000
3.29743	.256098	.000000
3.29848	.256468	.000000
3.29953	.256643	.000000
3.30058	.256884	.000000
3.30163	.257228	.000000
3.30268	.257525	.000000
3.30373	.257745	.000000
3.30478	.258017	.000000
3.30584	.258353	.000000
3.30689	.258706	.000000
3.30795	.258955	.000000
3.309	.259191	.000000
3.31006	.259515	.000000
3.31112	.259830	.000000
3.31217	.259981	.000000
3.31323	.260249	.000000
3.31429	.260650	.000000
3.31535	.260901	.000000
3.31641	.261056	.000000
3.31747	.261403	.000000
3.31853	.261726	.000000
3.3196	.261910	.000000
3.32066	.262139	.000000
3.32172	.262446	.000000
3.32279	.262783	.000000
3.32385	.263057	.000000
3.32492	.263318	.000000
3.32598	.263608	.000000
3.32705	.263832	.000000
3.32812	.264064	.000000
3.32919	.264337	.000000
3.33026	.264602	.000000
3.33133	.264932	.000000
3.3324	.265262	.000000
3.33347	.265638	.000000
3.33454	.265889	.000000
3.33561	.266054	.000000
3.33669	.266259	.000000
3.33776	.266594	.000000
3.33884	.266852	.000000
3.33991	.267058	.000000
3.34099	.267284	.000000
3.34206	.267526	.000000
3.34314	.267822	.000000
3.34422	.268045	.000000
3.3453	.268262	.000000
3.34638	.268423	.000000
3.34746	.268568	.000000
3.34854	.268825	.000000
3.34962	.269183	.000000
3.3507	.269364	.000000
3.35179	.269516	.000000
3.35287	.269656	.000000
3.35395	.269821	.000000
3.35504	.269986	.000000
3.35612	.270230	.000000
3.35721	.270465	.000000
3.3583	.270611	.000000
3.35939	.270713	.000000
3.36048	.270837	.000000
3.36156	.270979	.000000
3.36265	.271117	.000000
3.36375	.271237	.000000
3.36484	.271196	.000000
3.36593	.271256	.000000
3.36702	.271414	.000000
3.36812	.271574	.000000
3.36921	.271774	.000000
3.3703	.271901	.000000
3.3714	.271906	.000000
3.3725	.272107	.000000
3.37359	.272384	.000000
3.37469	.272552	.000000
3.37579	.272729	.000000
3.37689	.272903	.000000
3.37799	.273102	.000000
3.37909	.273339	.000000
3.38019	.273599	.000000
3.3813	.273859	.000000
3.3824	.274208	.000000
3.3835	.274624	.000000
3.38461	.275089	.000000
3.38571	.275564	.000000
3.38682	.275901	.000000
3.38792	.276251	.000000
3.38903	.276616	.000000
3.39014	.276886	.000000
3.39125	.277125	.000000
3.39236	.277396	.000000
3.39347	.277757	.000000
3.39458	.278019	.000000
3.39569	.278227	.000000
3.3968	.278385	.000000
3.39791	.278538	.000000
3.39903	.278873	.000000
3.40014	.279110	.000000
3.40126	.279229	.000000
3.40237	.279315	.000000
3.40349	.279375	.000000
3.40461	.279560	.000000
3.40573	.279729	.000000
3.40685	.279884	.000000
3.40797	.280076	.000000
3.40909	.280303	.000000
3.41021	.280564	.000000
3.41133	.280814	.000000
3.41245	.280972	.000000
3.41357	.281173	.000000
3.4147	.281460	.000000
3.41582	.281670	.000000
3.41695	.281938	.000000
3.41807	.282258	.000000
3.4192	.282594	.000000
3.42033	.282935	.000000
3.42146	.283298	.000000
3.42259	.283805	.000000
3.42372	.284296	.000000
3.42485	.284771	.000000
3.42598	.285298	.000000
3.42711	.285716	.000000
3.42825	.286173	.000000
3.42938	.286651	.000000
3.43051	.286983	.000000
3.43165	.287327	.000000
3.43279	.287751	.000000
3.43392	.288185	.000000
3.43506	.288650	.000000
3.4362	.289060	.000000
3.43734	.289374	.000000
3.43848	.289680	.000000
3.43962	.289984	.000000
3.44076	.290448	.000000
3.4419	.290883	.000000
3.44304	.291208	.000000
3.44419	.291576	.000000
3.44533	.291961	.000000
3.44648	.292393	.000000
3.44762	.292833	.000000
3.44877	.293154	.000000
3.44992	.293450	.000000
3.45106	.293783	.000000
3.45221	.294301	.000000
3.45336	.294660	.000000
3.45451	.295030	.000000
3.45566	.295435	.000000
3.45682	.295817	.000000
3.45797	.296126	.000000
3.45912	.296408	.000000
3.46028	.296747	.000000
3.46143	.297018	.000000
3.46259	.297295	.000000
3.46374	.297737	.000000
3.4649	.298014	.000000
3.46606	.298230	.000000
3.46722	.298579	.000000
3.46838	.298851	.000000
3.46954	.298980	.000000
3.4707	.299200	.000000
3.47186	.299544	.000000
3.47302	.299741	.000000
3.47419	.299846	.000000
3.47535	.299987	.000000
3.47652	.300076	.000000
3.47768	.300223	.000000
3.47885	.300321	.000000
3.48002	.300494	.000000
3.48119	.300850	.000000
3.48236	.301245	.000000
3.48353	.301634	.000000
3.4847	.301966	.000000
3.48587	.302308	.000000
3.48704	.302600	.000000
3.48821	.302798	.000000
3.48939	.303069	.000000
3.49056	.303356	.000000
3.49174	.303621	.000000
3.49291	.303838	.000000
3.49409	.304037	.000000
3.49527	.304348	.000000
3.49645	.304664	.000000
3.49763	.304821	.000000
3.49881	.305080	.000000
3.49999	.305498	.000000
3.50117	.305931	.000000
3.50235	.306330	.000000
3.50353	.306727	.000000
3.50472	.306961	.000000
3.5059	.307358	.000000
3.50709	.307865	.000000
3.50828	.308372	.000000
3.50946	.308878	.000000
3.51065	.309323	.000000
3.51184	.309801	.000000
3.51303	.310198	.000000
3.51422	.310664	.000000
3.51541	.311155	.000000
3.5166	.311640	.000000
3.5178	.312164	.000000
3.51899	.312563	.000000
3.52018	.312957	.000000
3.52138	.313483	.000000
3.52258	.313926	.000000
3.52377	.314294	.000000
3.52497	.314767	.000000
3.52617	.315188	.000000
3.52737	.315472	.000000
3.52857	.315860	.000000
3.52977	.316388	.000000
3.53097	.316752	.000000
3.53218	.317148	.000000
3.53338	.317584	.000000
3.53458	.317866	.000000
3.53579	.318095	.000000
3.537	.318590	.000000
3.5382	.318978	.000000
3.53941	.319150	.000000
3.54062	.319527	.000000
3.54183	.319956	.000000
3.54304	.320283	.000000
3.54425	.320608	.000000
3.54546	.320938	.000000
3.54667	.321216	.000000
3.54789	.321473	.000000
3.5491	.321834	.000000
3.55032	.322177	.000000
3.55153	.322318	.000000
3.55275	.322612	.000000
3.55397	.322968	.000000
3.55518	.323257	.000000
3.5564	.323527	.000000
3.55762	.323791	.000000
3.55884	.324079	.000000
3.56007	.324350	.000000
3.56129	.324682	.000000
3.56251	.324931	.000000
3.56374	.325144	.000000
3.56496	.325428	.000000
3.56619	.325746	.000000
3.56742	.325894	.000000
3.56864	.326047	.000000
3.56987	.326377	.000000
3.5711	.326660	.000000
3.57233	.326877	.000000
3.57356	.327155	.000000
3.57479	.327276	.000000
3.57603	.327547	.000000
3.57726	.327833	.000000
3.57849	.327946	.000000
3.57973	.328180	.000000
3.58097	.328472	.000000
3.5822	.328713	.000000
3.58344	.328897	.000000
3.58468	.329196	.000000
3.58592	.329423	.000000
3.58716	.329705	.000000
3.5884	.330176	.000000
3.58964	.330353	.000000
3.59089	.330406	.000000
3.59213	.330587	.000000
3.59338	.330932	.000000
3.59462	.331185	.000000
3.59587	.331451	.000000
3.59712	.331754	.000000
3.59836	.331984	.000000
3.59961	.332249	.000000
3.60086	.332436	.000000
3.60211	.332613	.000000
3.60337	.332905	.000000
3.60462	.333335	.000000
3.60587	.333653	.000000
3.60713	.333792	.000000
3.60838	.334159	.000000
3.60964	.334542	.000000
3.61089	.334846	.000000
3.61215	.335058	.000000
3.61341	.335315	.000000
3.61467	.335661	.000000
3.61593	.335919	.000000
3.61719	.336273	.000000
3.61845	.336622	.000000
3.61972	.336868	.000000
3.62098	.337251	.000000
3.62225	.337713	.000000
3.62351	.337994	.000000
3.62478	.338251	.000000
3.62605	.338726	.000000
3.62731	.338979	.000000
3.62858	.339236	.000000
3.62985	.339620	.000000
3.63112	.339969	.000000
3.6324	.340398	.000000
3.63367	.340863	.000000
3.63494	.341282	.000000
3.63622	.341715	.000000
3.63749	.342056	.000000
3.63877	.342294	.000000
3.64005	.342621	.000000
3.64132	.343078	.000000
3.6426	.343608	.000000
3.64388	.343952	.000000
3.64516	.344209	.000000
3.64645	.344670	.000000
3.64773	.345194	.000000
3.64901	.345542	.000000
3.6503	.345822	.000000
3.65158	.346296	.000000
3.65287	.346716	.000000
3.65416	.347013	.000000
3.65545	.347448	.000000
3.65673	.347866	.000000
3.65802	.348228	.000000
3.65932	.348668	.000000
3.66061	.349081	.000000
3.6619	.349454	.000000
3.66319	.349904	.000000
3.66449	.350408	.000000
3.66578	.350881	.000000
3.66708	.351402	.000000
3.66838	.351831	.000000
3.66967	.352294	.000000
3.67097	.352691	.000000
3.67227	.353014	.000000
3.67357	.353470	.000000
3.67488	.353880	.000000
3.67618	.354247	.000000
3.67748	.354583	.000000
3.67879	.355123	.000000
3.68009	.355587	.000000
3.6814	.355883	.000000
3.68271	.356287	.000000
3.68402	.356746	.000000
3.68532	.357196	.000000
3.68664	.357612	.000000
3.68795	.358078	.000000
3.68926	.358489	.000000
3.69057	.358857	.000000
3.69189	.359125	.000000
3.6932	.359536	.000000
3.69452	.359979	.000000
3.69583	.360531	.000000
3.69715	.360896	.000000
3.69847	.361172	.000000
3.69979	.361516	.000000
3.70111	.361956	.000000
3.70243	.362467	.000000
3.70375	.362876	.000000
3.70508	.363180	.000000
3.7064	.363448	.000000
3.70773	.363778	.000000
3.70905	.364033	.000000
3.71038	.364354	.000000
3.71171	.364786	.000000
3.71304	.365141	.000000
3.71437	.365685	.000000
3.7157	.366242	.000000
3.71703	.366542	.000000
3.71836	.366867	.000000
3.7197	.367111	.000000
3.72103	.367359	.000000
3.72237	.367792	.000000
3.7237	.368132	.000000
3.72504	.368552	.000000
3.72638	.368933	.000000
3.72772	.369248	.000000
3.72906	.369735	.000000
3.7304	.370102	.000000
3.73174	.370230	.000000
3.73309	.370499	.000000
3.73443	.371051	.000000
3.73578	.371560	.000000
3.73712	.371837	.000000
3.73847	.372122	.000000
3.73982	.372459	.000000
3.74117	.372794	.000000
3.74252	.373286	.000000
3.74387	.373719	.000000
3.74522	.374022	.000000
3.74657	.374367	.000000
3.74793	.374766	.000000
3.74928	.375144	.000000
3.75064	.375407	.000000
3.752	.375636	.000000
3.75335	.375918	.000000
3.75471	.376337	.000000
3.75607	.376748	.000000
3.75744	.377018	.000000
3.7588	.377382	.000000
3.76016	.377920	.000000
3.76152	.378297	.000000
3.76289	.378627	.000000
3.76425	.378941	.000000
3.76562	.379383	.000000
3.76699	.379861	.000000
3.76836	.380303	.000000
3.76973	.380573	.000000
3.7711	.380805	.000000
3.77247	.381099	.000000
3.77385	.381463	.000000
3.77522	.382001	.000000
3.77659	.382352	.000000
3.77797	.382592	.000000
3.77935	.382766	.000000
3.78072	.383082	.000000
3.7821	.383445	.000000
3.78348	.383748	.000000
3.78486	.384098	.000000
3.78625	.384585	.000000
3.78763	.384972	.000000
3.78901	.385326	.000000
3.7904	.385675	.000000
3.79178	.386032	.000000
3.79317	.386333	.000000
3.79456	.386558	.000000
3.79595	.386809	.000000
3.79734	.387163	.000000
3.79873	.387452	.000000
3.80012	.387753	.000000
3.80151	.388167	.000000
3.80291	.388504	.000000
3.8043	.388769	.000000
3.8057	.389080	.000000
3.8071	.389539	.000000
3.8085	.389809	.000000
3.80989	.389963	.000000
3.8113	.390333	.000000
3.8127	.390811	.000000
3.8141	.391174	.000000
3.8155	.391388	.000000
3.81691	.391650	.000000
3.81831	.391923	.000000
3.81972	.392315	.000000
3.82113	.392707	.000000
3.82253	.393035	.000000
3.82394	.393377	.000000
3.82536	.393781	.000000
3.82677	.394072	.000000
3.82818	.394340	.000000
3.82959	.394575	.000000
3.83101	.394859	.000000
3.83243	.395311	.000000
3.83384	.395554	.000000
3.83526	.395737	.000000
3.83668	.396124	.000000
3.8381	.396681	.000000
3.83952	.397064	.000000
3.84094	.397133	.000000
3.84236	.397348	.000000
3.84379	.397707	.000000
3.84521	.398019	.000000
3.84664	.398333	.000000
3.84807	.398624	.000000
3.8495	.398782	.000000
3.85093	.399074	.000000
3.85236	.399499	.000000
3.85379	.399741	.000000
3.85522	.400088	.000000
3.85666	.400437	.000000
3.85809	.400753	.000000
3.85953	.400960	.000000
3.86096	.401202	.000000
3.8624	.401515	.000000
3.86384	.401867	.000000
3.86528	.402153	.000000
3.86672	.402478	.000000
3.86816	.402689	.000000
3.86961	.402995	.000000
3.87105	.403397	.000000
3.8725	.403617	.000000
3.87394	.403879	.000000
3.87539	.404123	.000000
3.87684	.404327	.000000
3.87829	.404556	.000000
3.87974	.404913	.000000
3.88119	.405109	.000000
3.88265	.405439	.000000
3.8841	.405836	.000000
3.88556	.405931	.000000
3.88701	.406010	.000000
3.88847	.406424	.000000
3.88993	.406589	.000000
3.89139	.406770	.000000
3.89285	.407017	.000000
3.89431	.407273	.000000
3.89578	.407538	.000000
3.89724	.407844	.000000
3.89871	.408286	.000000
3.90017	.408528	.000000
3.90164	.408501	.000000
3.90311	.408528	.000000
3.90458	.408944	.000000
3.90605	.409419	.000000
3.90752	.409544	.000000
3.90899	.409936	.000000
3.91047	.410352	.000000
3.91194	.410431	.000000
3.91342	.410447	.000000
3.9149	.410703	.000000
3.91638	.411017	.000000
3.91785	.411372	.000000
3.91934	.411712	.000000
3.92082	.411848	.000000
3.9223	.411959	.000000
3.92378	.412257	.000000
3.92527	.412592	.000000
3.92676	.412853	.000000
3.92824	.412938	.000000
3.92973	.412998	.000000
3.93122	.413407	.000000
3.93271	.413840	.000000
3.9342	.413952	.000000
3.9357	.414015	.000000
3.93719	.414057	.000000
3.93869	.414189	.000000
3.94018	.414517	.000000
3.94168	.414758	.000000
3.94318	.414890	.000000
3.94468	.415045	.000000
3.94618	.415301	.000000
3.94768	.415556	.000000
3.94919	.415793	.000000
3.95069	.415894	.000000
3.9522	.415903	.000000
3.9537	.416111	.000000
3.95521	.416236	.000000
3.95672	.416228	.000000
3.95823	.416501	.000000
3.95975	.416778	.000000
3.96126	.416824	.000000
3.96277	.416810	.000000
3.96429	.416951	.000000
3.9658	.417168	.000000
3.96732	.417390	.000000
3.96884	.417391	.000000
3.97036	.417213	.000000
3.97188	.417305	.000000
3.9734	.417376	.000000
3.97492	.417572	.000000
3.97645	.417732	.000000
3.97797	.417770	.000000
3.9795	.417787	.000000
3.98103	.417730	.000000
3.98256	.417801	.000000
3.98409	.417967	.000000
3.98562	.417983	.000000
3.98715	.417881	.000000
3.98868	.417751	.000000
3.99022	.417854	.000000
3.99175	.418033	.000000
3.99329	.418089	.000000
3.99483	.418125	.000000
3.99637	.418031	.000000
3.99791	.417967	.000000
3.99945	.418100	.000000
4.00109	.418220	.000000
4.00418	.418359	.000000
4.00728	.418516	.000000
4.01038	.418657	.000000
4.01348	.418818	.000000
4.01659	.419009	.000000
4.0197	.419234	.000000
4.02282	.419439	.000000
4.02594	.419678	.000000
4.02907	.419910	.000000
4.0322	.420135	.000000
4.03534	.420319	.000000
4.03849	.420472	.000000
4.04163	.420611	.000000
4.04479	.420740	.000000
4.04794	.420867	.000000
4.05111	.420965	.000000
4.05427	.420996	.000000
4.05745	.421005	.000000
4.06062	.420993	.000000
4.06381	.420957	.000000
4.06699	.420867	.000000
4.07018	.420742	.000000
4.07338	.420585	.000000
4.07658	.420456	.000000
4.07979	.420295	.000000
4.083	.420104	.000000
4.08622	.419903	.000000
4.08944	.419721	.000000
4.09267	.419550	.000000
4.0959	.419392	.000000
4.09914	.419244	.000000
4.10238	.419112	.000000
4.10563	.419018	.000000
4.10889	.418966	.000000
4.11214	.418925	.000000
4.11541	.418950	.000000
4.11868	.419026	.000000
4.12195	.419128	.000000
4.12523	.419260	.000000
4.12851	.419449	.000000
4.1318	.419645	.000000
4.1351	.419831	.000000
4.1384	.420018	.000000
4.1417	.420200	.000000
4.14502	.420339	.000000
4.14833	.420425	.000000
4.15165	.420456	.000000
4.15498	.420456	.000000
4.15831	.420419	.000000
4.16165	.420353	.000000
4.16499	.420224	.000000
4.16834	.420042	.000000
4.17169	.419850	.000000
4.17505	.419662	.000000
4.17841	.419494	.000000
4.18178	.419341	.000000
4.18516	.419196	.000000
4.18854	.419109	.000000
4.19193	.419061	.000000
4.19532	.419054	.000000
4.19871	.419067	.000000
4.20212	.419133	.000000
4.20552	.419243	.000000
4.20894	.419377	.000000
4.21236	.419532	.000000
4.21578	.419719	.000000
4.21921	.419903	.000000
4.22265	.420090	.000000
4.22609	.420302	.000000
4.22954	.420510	.000000
4.23299	.420678	.000000
4.23645	.420829	.000000
4.23991	.420963	.000000
4.24338	.421091	.000000
4.24686	.421185	.000000
4.25034	.421293	.000000
4.25383	.421366	.000000
4.25732	.421403	.000000
4.26082	.421446	.000000
4.26432	.421491	.000000
4.26783	.421524	.000000
4.27135	.421563	.000000
4.27487	.421584	.000000
4.27839	.421629	.000000
4.28192	.421630	.000000
4.28546	.421646	.000000
4.28901	.421656	.000000
4.29256	.421660	.000000
4.29611	.421666	.000000
4.29968	.421718	.000000
4.30325	.421764	.000000
4.30682	.421818	.000000
4.3104	.421905	.000000
4.31399	.421983	.000000
4.31758	.422081	.000000
4.32118	.422210	.000000
4.32478	.422299	.000000
4.32839	.422407	.000000
4.33201	.422553	.000000
4.33563	.422708	.000000
4.33926	.422849	.000000
4.34289	.422968	.000000
4.34653	.423079	.000000
4.35018	.423208	.000000
4.35383	.423325	.000000
4.35749	.423434	.000000
4.36115	.423525	.000000
4.36482	.423630	.000000
4.3685	.423712	.000000
4.37219	.423803	.000000
4.37588	.423893	.000000
4.37957	.423968	.000000
4.38327	.424049	.000000
4.38698	.424157	.000000
4.39069	.424283	.000000
4.39441	.424417	.000000
4.39814	.424529	.000000
4.40188	.424654	.000000
4.40562	.424810	.000000
4.40936	.424988	.000000
4.41311	.425189	.000000
4.41687	.425386	.000000
4.42064	.425543	.000000
4.42441	.425722	.000000
4.42819	.425893	.000000
4.43197	.426058	.000000
4.43577	.426196	.000000
4.43956	.426337	.000000
4.44337	.426444	.000000
4.44718	.426526	.000000
4.451	.426609	.000000
4.45482	.426676	.000000
4.45865	.426688	.000000
4.46249	.426717	.000000
4.46633	.426725	.000000
4.47018	.426717	.000000
4.47404	.426684	.000000
4.4779	.426658	.000000
4.48177	.426641	.000000
4.48565	.426612	.000000
4.48953	.426567	.000000
4.49342	.426519	.000000
4.49732	.426426	.000000
4.50122	.426325	.000000
4.50513	.426244	.000000
4.50905	.426150	.000000
4.51297	.426028	.000000
4.51691	.425924	.000000
4.52084	.425777	.000000
4.52479	.425632	.000000
4.52874	.425486	.000000
4.5327	.425333	.000000
4.53667	.425175	.000000
4.54064	.425015	.000000
4.54462	.424833	.000000
4.5486	.424670	.000000
4.5526	.424499	.000000
4.5566	.424331	.000000
4.56061	.424159	.000000
4.56462	.423979	.000000
4.56864	.423783	.000000
4.57267	.423580	.000000
4.57671	.423361	.000000
4.58075	.423145	.000000
4.5848	.422890	.000000
4.58886	.422667	.000000
4.59292	.422418	.000000
4.59699	.422129	.000000
4.60107	.421828	.000000
4.60516	.421543	.000000
4.60925	.421211	.000000
4.61335	.420881	.000000
4.61746	.420522	.000000
4.62158	.420180	.000000
4.6257	.419850	.000000
4.62983	.419516	.000000
4.63396	.419189	.000000
4.63811	.418895	.000000
4.64226	.418638	.000000
4.64642	.418426	.000000
4.65059	.418234	.000000
4.65476	.418051	.000000
4.65895	.417897	.000000
4.66314	.417735	.000000
4.66733	.417563	.000000
4.67154	.417386	.000000
4.67575	.417156	.000000
4.67997	.416917	.000000
4.6842	.416680	.000000
4.68843	.416413	.000000
4.69268	.416106	.000000
4.69693	.415812	.000000
4.70119	.415487	.000000
4.70545	.415143	.000000
4.70972	.414784	.000000
4.71401	.414426	.000000
4.7183	.414045	.000000
4.72259	.413620	.000000
4.7269	.413194	.000000
4.73121	.412772	.000000
4.73553	.412344	.000000
4.73986	.411932	.000000
4.7442	.411457	.000000
4.74854	.410957	.000000
4.75289	.410452	.000000
4.75725	.409953	.000000
4.76162	.409391	.000000
4.766	.408800	.000000
4.77038	.408190	.000000
4.77477	.407578	.000000
4.77917	.406926	.000000
4.78358	.406242	.000000
4.788	.405512	.000000
4.79243	.404759	.000000
4.79686	.403951	.000000
4.8013	.403100	.000000
4.80575	.402199	.000000
4.81021	.401278	.000000
4.81467	.400319	.000000
4.81915	.399280	.000000
4.82363	.398163	.000000
4.82812	.397001	.000000
4.83262	.395780	.000000
4.83713	.394520	.000000
4.84165	.393178	.000000
4.84617	.391746	.000000
4.85071	.390235	.000000
4.85525	.388662	.000000
4.8598	.386959	.000000
4.86436	.385185	.000000
4.86893	.383323	.000000
4.8735	.381350	.000000
4.87809	.379254	.000000
4.88268	.377035	.000000
4.88728	.374680	.000000
4.89189	.372203	.000000
4.89651	.369569	.000000
4.90114	.366852	.000000
4.90578	.363995	.000000
4.91042	.361033	.000000
4.91507	.357992	.000000
4.91974	.354903	.000000
4.92441	.351739	.000000
4.92909	.348574	.000000
4.93378	.345473	.000000
4.93848	.342521	.000000
4.94319	.339766	.000000
4.9479	.337265	.000000
4.95263	.335051	.000000
4.95736	.333143	.000000
4.96211	.331532	.000000
4.96686	.330195	.000000
4.97162	.329081	.000000
4.9764	.328190	.000000
4.98118	.327470	.000000
4.98596	.326889	.000000
4.99076	.326428	.000000
4.99557	.326047	.000000
5.00039	.325730	.000000
5.00522	.325526	.000000
5.01005	.325378	.000000
5.0149	.325335	.000000
5.01975	.325363	.000000
5.02462	.325461	.000000
5.02949	.325655	.000000
5.03437	.325913	.000000
5.03927	.326236	.000000
5.04417	.326697	.000000
5.04908	.327231	.000000
5.054	.327833	.000000
5.05893	.328501	.000000
5.06387	.329297	.000000
5.06882	.330160	.000000
5.07378	.331033	.000000
5.07875	.331893	.000000
5.08373	.332775	.000000
5.08872	.333588	.000000
5.09371	.334318	.000000
5.09872	.334979	.000000
5.10374	.335566	.000000
5.10877	.336068	.000000
5.11381	.336490	.000000
5.11886	.336811	.000000
5.12391	.337052	.000000
5.12898	.337182	.000000
5.13406	.337251	.000000
5.13915	.337210	.000000
5.14425	.337086	.000000
5.14936	.336863	.000000
5.15447	.336486	.000000
5.1596	.336006	.000000
5.16474	.335434	.000000
5.16989	.334726	.000000
5.17505	.333906	.000000
5.18022	.332905	.000000
5.1854	.331742	.000000
5.19059	.330396	.000000
5.19579	.328866	.000000
5.201	.327107	.000000
5.20623	.325063	.000000
5.21146	.322769	.000000
5.2167	.320164	.000000
5.22195	.317220	.000000
5.22722	.314029	.000000
5.23249	.310567	.000000
5.23778	.306851	.000000
5.24307	.302904	.000000
5.24838	.298830	.000000
5.2537	.294699	.000000
5.25903	.290612	.000000
5.26436	.286612	.000000
5.26971	.282809	.000000
5.27508	.279224	.000000
5.28045	.275866	.000000
5.28583	.272710	.000000
5.29122	.269786	.000000
5.29663	.267113	.000000
5.30204	.264721	.000000
5.30747	.262625	.000000
5.31291	.260873	.000000
5.31836	.259533	.000000
5.32382	.258646	.000000
5.32929	.258216	.000000
5.33477	.258305	.000000
5.34027	.258952	.000000
5.34577	.260265	.000000
5.35129	.262259	.000000
5.35682	.264875	.000000
5.36236	.268078	.000000
5.36791	.271870	.000000
5.37347	.276071	.000000
5.37904	.280461	.000000
5.38463	.284846	.000000
5.39023	.289092	.000000
5.39583	.293010	.000000
5.40146	.296525	.000000
5.40709	.299628	.000000
5.41273	.302299	.000000
5.41839	.304601	.000000
5.42406	.306598	.000000
5.42974	.308118	.000000
5.43543	.309414	.000000
5.44113	.310530	.000000
5.44685	.311453	.000000
5.45257	.312231	.000000
5.45831	.312888	.000000
5.46406	.313448	.000000
5.46983	.313832	.000000
5.4756	.314067	.000000
5.48139	.314249	.000000
5.48719	.314289	.000000
5.49301	.314277	.000000
5.49883	.314143	.000000
5.50467	.313937	.000000
5.51052	.313644	.000000
5.51638	.313288	.000000
5.52226	.312847	.000000
5.52814	.312310	.000000
5.53404	.311676	.000000
5.53995	.311019	.000000
5.54588	.310316	.000000
5.55181	.309596	.000000
5.55777	.308783	.000000
5.56373	.307908	.000000
5.5697	.307011	.000000
5.57569	.306148	.000000
5.5817	.305201	.000000
5.58771	.304085	.000000
5.59374	.302964	.000000
5.59978	.301880	.000000
5.60583	.300711	.000000
5.6119	.299392	.000000
5.61798	.298010	.000000
5.62407	.296549	.000000
5.63018	.295000	.000000
5.6363	.293477	.000000
5.64243	.291947	.000000
5.64858	.290223	.000000
5.65474	.288549	.000000
5.66091	.287005	.000000
5.6671	.285555	.000000
5.6733	.284398	.000000
5.67951	.283454	.000000
5.68574	.282711	.000000
5.69198	.282273	.000000
5.69824	.282108	.000000
5.70451	.282288	.000000
5.71079	.282868	.000000
5.71708	.283569	.000000
5.72339	.284427	.000000
5.72972	.285371	.000000
5.73605	.286362	.000000
5.74241	.287327	.000000
5.74877	.288233	.000000
5.75515	.288912	.000000
5.76155	.289644	.000000
5.76796	.290435	.000000
5.77438	.290816	.000000
5.78082	.291139	.000000
5.78727	.291586	.000000
5.79373	.292023	.000000
5.80022	.292513	.000000
5.80671	.292944	.000000
5.81322	.293390	.000000
5.81974	.294000	.000000
5.82628	.294461	.000000
5.83284	.294583	.000000
5.83941	.294729	.000000
5.84599	.294863	.000000
5.85259	.294983	.000000
5.8592	.295021	.000000
5.86583	.294968	.000000
5.87247	.294658	.000000
5.87913	.294385	.000000
5.8858	.293649	.000000
5.89249	.292511	.000000
5.8992	.291220	.000000
5.90591	.289378	.000000
5.91265	.287361	.000000
5.9194	.285224	.000000
5.92616	.282857	.000000
5.93294	.280516	.000000
5.93974	.277843	.000000
5.94655	.274701	.000000
5.95338	.271583	.000000
5.96022	.268509	.000000
5.96708	.265443	.000000
5.97395	.262259	.000000
5.98084	.258976	.000000
5.98775	.255828	.000000
5.99467	.252574	.000000
6.00161	.249250	.000000
6.00856	.245984	.000000
6.01553	.242802	.000000
6.02252	.239560	.000000
6.02952	.236406	.000000
6.03654	.233315	.000000
6.04358	.230522	.000000
6.05063	.227780	.000000
6.0577	.224696	.000000
6.06478	.221779	.000000
6.07189	.219262	.000000
6.079	.216751	.000000
6.08614	.214272	.000000
6.09329	.211955	.000000
6.10046	.209868	.000000
6.10764	.208013	.000000
6.11485	.206387	.000000
6.12207	.204670	.000000
6.1293	.203140	.000000
6.13655	.201906	.000000
6.14382	.200883	.000000
6.15111	.199979	.000000
6.15842	.199319	.000000
6.16574	.198753	.000000
6.17308	.198330	.000000
6.18044	.198138	.000000
6.18781	.198081	.000000
6.19521	.197864	.000000
6.20262	.197754	.000000
6.21004	.197736	.000000
6.21749	.197751	.000000
6.22495	.197780	.000000
6.23244	.198026	.000000
6.23994	.198509	.000000
6.24745	.199202	.000000
6.25499	.199883	.000000
6.26254	.200496	.000000
6.27012	.200917	.000000
6.27771	.201110	.000000
6.28532	.201019	.000000
6.29295	.200575	.000000
6.30059	.199664	.000000
6.30826	.198275	.000000
6.31594	.196293	.000000
6.32364	.193734	.000000
6.33136	.190481	.000000
6.3391	.186622	.000000
6.34686	.182034	.000000
6.35464	.176931	.000000
6.36244	.171973	.000000
6.37025	.167531	.000000
6.37809	.163554	.000000
6.38594	.160166	.000000
6.39382	.157340	.000000
6.40171	.155156	.000000
6.40962	.153584	.000000
6.41756	.152288	.000000
6.42551	.150895	.000000
6.43348	.149522	.000000
6.44147	.147859	.000000
6.44948	.145886	.000000
6.45751	.143533	.000000
6.46557	.140861	.000000
6.47364	.137888	.000000
6.48173	.134653	.000000
6.48984	.131259	.000000
6.49797	.127723	.000000
6.50613	.124071	.000000
6.5143	.120701	.000000
6.52249	.117549	.000000
6.53071	.114532	.000000
6.53895	.111677	.000000
6.5472	.109000	.000000
6.55548	.106363	.000000
6.56378	.103840	.000000
6.5721	.101421	.000000
6.58044	.099008	.000000
6.5888	.096646	.000000
6.59718	.094418	.000000
6.60558	.092218	.000000
6.61401	.090081	.000000
6.62246	.087975	.000000
6.63092	.086007	.000000
6.63941	.083999	.000000
6.64792	.081933	.000000
6.65646	.079883	.000000
6.66501	.077959	.000000
6.67359	.076090	.000000
6.68219	.074313	.000000
6.69081	.072567	.000000
6.69946	.070947	.000000
6.70812	.069443	.000000
6.71681	.068090	.000000
6.72552	.066846	.000000
6.73426	.065753	.000000
6.74302	.064816	.000000
6.7518	.064077	.000000
6.7606	.063489	.000000
6.76943	.063055	.000000
6.77828	.062715	.000000
6.78715	.062486	.000000
6.79604	.062303	.000000
6.80496	.062187	.000000
6.8139	.062136	.000000
6.82287	.062191	.000000
6.83186	.062268	.000000
6.84087	.062327	.000000
6.84991	.062395	.000000
6.85897	.062492	.000000
6.86805	.062497	.000000
6.87716	.062387	.000000
6.88629	.062175	.000000
6.89545	.061900	.000000
6.90463	.061534	.000000
6.91384	.061044	.000000
6.92307	.060398	.000000
6.93232	.059664	.000000
6.9416	.058844	.000000
6.95091	.057998	.000000
6.96024	.057123	.000000
6.9696	.056235	.000000
6.97898	.055308	.000000
6.98838	.054404	.000000
6.99781	.053474	.000000
7.00727	.052570	.000000
7.01675	.051628	.000000
7.02626	.050720	.000000
7.03579	.049864	.000000
7.04535	.049087	.000000
7.05494	.048303	.000000
7.06455	.047602	.000000
7.07418	.046986	.000000
7.08385	.046474	.000000
7.09354	.046069	.000000
7.10325	.045775	.000000
7.113	.045534	.000000
7.12277	.045419	.000000
7.13257	.045381	.000000
7.14239	.045414	.000000
7.15224	.045548	.000000
7.16212	.045773	.000000
7.17203	.046065	.000000
7.18196	.046440	.000000
7.19192	.046880	.000000
7.20191	.047396	.000000
7.21192	.047925	.000000
7.22197	.048477	.000000
7.23204	.049003	.000000
7.24215	.049507	.000000
7.25227	.049947	.000000
7.26243	.050302	.000000
7.27262	.050548	.000000
7.28283	.050670	.000000
7.29307	.050608	.000000
7.30334	.050407	.000000
7.31364	.050070	.000000
7.32397	.049689	.000000
7.33433	.049297	.000000
7.34472	.048938	.000000
7.35514	.048630	.000000
7.36559	.048437	.000000
7.37606	.048320	.000000
7.38657	.048315	.000000
7.39711	.048399	.000000
7.40767	.048609	.000000
7.41827	.048901	.000000
7.4289	.049262	.000000
7.43956	.049675	.000000
7.45024	.050153	.000000
7.46096	.050667	.000000
7.47171	.051220	.000000
7.4825	.051794	.000000
7.49331	.052377	.000000
7.50415	.052943	.000000
7.51503	.053496	.000000
7.52594	.053971	.000000
7.53688	.054438	.000000
7.54785	.054859	.000000
7.55885	.055227	.000000
7.56989	.055566	.000000
7.58095	.055930	.000000
7.59205	.056278	.000000
7.60318	.056671	.000000
7.61435	.057168	.000000
7.62554	.057783	.000000
7.63677	.058550	.000000
7.64804	.059506	.000000
7.65933	.060683	.000000
7.67067	.062124	.000000
7.68203	.063819	.000000
7.69342	.065857	.000000
7.70486	.068274	.000000
7.71632	.071092	.000000
7.72782	.074341	.000000
7.73935	.078112	.000000
7.75092	.082458	.000000
7.76252	.087388	.000000
7.77416	.092737	.000000
7.78583	.098226	.000000
7.79754	.103613	.000000
7.80928	.108658	.000000
7.82106	.113097	.000000
7.83288	.116743	.000000
7.84473	.119524	.000000
7.85662	.121463	.000000
7.86854	.122558	.000000
7.8805	.122852	.000000
7.89249	.122417	.000000
7.90452	.121392	.000000
7.91659	.119911	.000000
7.92869	.118080	.000000
7.94084	.115974	.000000
7.95301	.113734	.000000
7.96523	.111477	.000000
7.97748	.109280	.000000
7.98978	.107128	.000000
8.00211	.105103	.000000
8.01447	.103231	.000000
8.02688	.101495	.000000
8.03932	.099874	.000000
8.05181	.098382	.000000
8.06433	.096885	.000000
8.07689	.095372	.000000
8.08949	.093803	.000000
8.10213	.092142	.000000
8.11481	.090420	.000000
8.12753	.088629	.000000
8.14029	.086757	.000000
8.15309	.084852	.000000
8.16593	.082899	.000000
8.17881	.080960	.000000
8.19173	.079063	.000000
8.20469	.077234	.000000
8.21769	.075449	.000000
8.23073	.073739	.000000
8.24382	.072114	.000000
8.25695	.070562	.000000
8.27012	.069074	.000000
8.28332	.067676	.000000
8.29658	.066315	.000000
8.30987	.064998	.000000
8.32321	.063829	.000000
8.33659	.062896	.000000
8.35002	.062230	.000000
8.36348	.061978	.000000
8.37699	.062077	.000000
8.39055	.062368	.000000
8.40415	.062717	.000000
8.41779	.062983	.000000
8.43148	.063061	.000000
8.44521	.062947	.000000
8.45898	.062774	.000000
8.47281	.062600	.000000
8.48668	.062364	.000000
8.50059	.062124	.000000
8.51455	.061907	.000000
8.52855	.061723	.000000
8.5426	.061569	.000000
8.5567	.061453	.000000
8.57084	.061388	.000000
8.58503	.061331	.000000
8.59927	.061336	.000000
8.61355	.061402	.000000
8.62788	.061452	.000000
8.64226	.061584	.000000
8.65669	.061747	.000000
8.67116	.061938	.000000
8.68569	.062155	.000000
8.70026	.062399	.000000
8.71488	.062669	.000000
8.72955	.063025	.000000
8.74427	.063398	.000000
8.75904	.063788	.000000
8.77386	.064204	.000000
8.78873	.064671	.000000
8.80366	.065172	.000000
8.81863	.065684	.000000
8.83365	.066227	.000000
8.84872	.066815	.000000
8.86385	.067384	.000000
8.87903	.067996	.000000
8.89426	.068615	.000000
8.90954	.069264	.000000
8.92488	.069942	.000000
8.94027	.070672	.000000
8.95571	.071468	.000000
8.9712	.072312	.000000
8.98675	.073221	.000000
9.00235	.074174	.000000
9.018	.075128	.000000
9.03371	.076104	.000000
9.04948	.077010	.000000
9.0653	.077849	.000000
9.08118	.078586	.000000
9.0971	.079219	.000000
9.11309	.079752	.000000
9.12914	.080189	.000000
9.14524	.080443	.000000
9.16139	.080537	.000000
9.17761	.080410	.000000
9.19388	.079917	.000000
9.21021	.078973	.000000
9.2266	.077663	.000000
9.24304	.076015	.000000
9.25955	.074107	.000000
9.27611	.072149	.000000
9.29273	.070335	.000000
9.30942	.068768	.000000
9.32617	.067573	.000000
9.34297	.066722	.000000
9.35983	.066165	.000000
9.37676	.065816	.000000
9.39375	.065613	.000000
9.41079	.065510	.000000
9.42791	.065431	.000000
9.44508	.065326	.000000
9.46231	.065184	.000000
9.47961	.064979	.000000
9.49697	.064707	.000000
9.5144	.064377	.000000
9.53188	.064035	.000000
9.54944	.063693	.000000
9.56705	.063461	.000000
9.58474	.063394	.000000
9.60249	.063434	.000000
9.6203	.063585	.000000
9.63818	.063865	.000000
9.65613	.064255	.000000
9.67415	.064692	.000000
9.69223	.065156	.000000
9.71038	.065698	.000000
9.7286	.066246	.000000
9.74689	.066796	.000000
9.76524	.067305	.000000
9.78367	.067808	.000000
9.80216	.068326	.000000
9.82072	.068814	.000000
9.83936	.069307	.000000
9.85806	.069808	.000000
9.87684	.070292	.000000
9.89569	.070841	.000000
9.91461	.071379	.000000
9.9336	.071891	.000000
9.95267	.072398	.000000
9.97181	.072914	.000000
9.99103	.073364	.000000
10.01031	.073730	.000000
10.02968	.074114	.000000
10.04911	.074538	.000000
10.06863	.074932	.000000
10.08822	.075355	.000000
10.10788	.075774	.000000
10.12763	.076200	.000000
10.14745	.076632	.000000
10.16734	.077098	.000000
10.18732	.077562	.000000
10.20737	.077973	.000000
10.2275	.078372	.000000
10.24771	.078813	.000000
10.268	.079295	.000000
10.28838	.079764	.000000
10.30883	.080225	.000000
10.32937	.080697	.000000
10.34998	.081203	.000000
10.37069	.081703	.000000
10.39147	.082176	.000000
10.41234	.082700	.000000
10.43329	.083295	.000000
10.45432	.083970	.000000
10.47544	.084660	.000000
10.49665	.085380	.000000
10.51794	.086169	.000000
10.53932	.086980	.000000
10.56079	.087810	.000000
10.58234	.088692	.000000
10.60398	.089593	.000000
10.62571	.090495	.000000
10.64753	.091345	.000000
10.66944	.092184	.000000
10.69144	.093000	.000000
10.71353	.093815	.000000
10.73571	.094607	.000000
10.75799	.095381	.000000
10.78035	.096182	.000000
10.80281	.096945	.000000
10.82536	.097626	.000000
10.848	.098267	.000000
10.87075	.098820	.000000
10.89358	.099377	.000000
10.91652	.099878	.000000
10.93955	.100316	.000000
10.96268	.100713	.000000
10.98591	.101009	.000000
11.00923	.101208	.000000
11.03266	.101335	.000000
11.05618	.101342	.000000
11.0798	.101294	.000000
11.10353	.101141	.000000
11.12736	.100883	.000000
11.15129	.100574	.000000
11.17532	.100197	.000000
11.19946	.099687	.000000
11.2237	.099123	.000000
11.24805	.098425	.000000
11.2725	.097600	.000000
11.29706	.096634	.000000
11.32172	.095630	.000000
11.34649	.094604	.000000
11.37138	.093416	.000000
11.39637	.092158	.000000
11.42147	.090910	.000000
11.44668	.089548	.000000
11.47201	.088068	.000000
11.49745	.086499	.000000
11.523	.084840	.000000
11.54866	.083121	.000000
11.57444	.081337	.000000
11.60033	.079463	.000000
11.62634	.077500	.000000
11.65247	.075475	.000000
11.67872	.073404	.000000
11.70508	.071219	.000000
11.73157	.068995	.000000
11.75817	.066724	.000000
11.78489	.064346	.000000
11.81174	.062012	.000000
11.8387	.059733	.000000
11.86579	.057403	.000000
11.893	.054995	.000000
11.92034	.052642	.000000
11.94781	.050302	.000000
11.9754	.047868	.000000
12.00312	.045488	.000000
12.03097	.043227	.000000
12.05896	.041104	.000000
12.08707	.039107	.000000
12.11531	.037259	.000000
12.14368	.035447	.000000
12.17219	.033646	.000000
12.20083	.031930	.000000
12.2296	.030192	.000000
12.25852	.028375	.000000
12.28757	.026582	.000000
12.31676	.024812	.000000
12.34608	.023100	.000000
12.37555	.021477	.000000
12.40515	.020152	.000000
12.4349	.019259	.000000
12.46478	.018830	.000000
12.49482	.018912	.000000
12.525	.019387	.000000
12.55533	.020126	.000000
12.5858	.021090	.000000
12.61642	.022206	.000000
12.6472	.023509	.000000
12.67813	.024872	.000000
12.7092	.026324	.000000
12.74043	.027775	.000000
12.77181	.029145	.000000
12.80334	.030496	.000000
12.83503	.031791	.000000
12.86688	.033071	.000000
12.8989	.034257	.000000
12.93106	.035175	.000000
12.96339	.035794	.000000
12.99588	.036140	.000000
13.02853	.036270	.000000
13.06135	.036229	.000000
13.09433	.036076	.000000
13.12749	.035897	.000000
13.16081	.035677	.000000
13.1943	.035375	.000000
13.22796	.035077	.000000
13.26179	.034802	.000000
13.29579	.034515	.000000
13.32997	.034251	.000000
13.36432	.033974	.000000
13.39885	.033663	.000000
13.43356	.033338	.000000
13.46846	.032977	.000000
13.50353	.032607	.000000
13.53879	.032258	.000000
13.57423	.031908	.000000
13.60986	.031557	.000000
13.64568	.031332	.000000
13.68169	.031095	.000000
13.71788	.030761	.000000
13.75427	.030476	.000000
13.79085	.030237	.000000
13.82763	.029986	.000000
13.8646	.029747	.000000
13.90177	.029468	.000000
13.93915	.029315	.000000
13.97672	.029180	.000000
14.01449	.028910	.000000
14.05247	.028640	.000000
14.09066	.028427	.000000
14.12904	.028270	.000000
14.16764	.028116	.000000
14.20646	.027870	.000000
14.24549	.027736	.000000
14.28473	.027651	.000000
14.3242	.027469	.000000
14.36388	.027232	.000000
14.40378	.027088	.000000
14.4439	.026945	.000000
14.48425	.026697	.000000
14.52482	.026491	.000000
14.56562	.026285	.000000
14.60665	.026085	.000000
14.64792	.025917	.000000
14.68942	.025771	.000000
14.73115	.025568	.000000
14.77312	.025271	.000000
14.81533	.025032	.000000
14.85778	.024937	.000000
14.90048	.024858	.000000
14.94342	.024697	.000000
14.98659	.024540	.000000
15.03003	.024315	.000000
15.07372	.024081	.000000
15.11767	.023804	.000000
15.16187	.023636	.000000
15.20634	.023442	.000000
15.25106	.023223	.000000
15.29606	.023043	.000000
15.34131	.022799	.000000
15.38684	.022536	.000000
15.43263	.022278	.000000
15.4787	.022070	.000000
15.52504	.021888	.000000
15.57167	.021628	.000000
15.61858	.021396	.000000
15.66576	.021178	.000000
15.71324	.020836	.000000
15.761	.020530	.000000
15.80905	.020284	.000000
15.8574	.019956	.000000
15.90604	.019669	.000000
15.95496	.019454	.000000
16.00421	.019263	.000000
16.05376	.019189	.000000
16.10362	.019351	.000000
16.15378	.019598	.000000
16.20426	.019787	.000000
16.25506	.020088	.000000
16.30619	.020581	.000000
16.35763	.021009	.000000
16.40939	.021449	.000000
16.46149	.021950	.000000
16.51391	.022223	.000000
16.56667	.022266	.000000
16.61977	.022293	.000000
16.67322	.022355	.000000
16.72701	.022519	.000000
16.78114	.022668	.000000
16.83563	.022558	.000000
16.89046	.022433	.000000
16.94566	.022491	.000000
17.00122	.022462	.000000
17.05716	.022452	.000000
17.11345	.022340	.000000
17.17012	.022230	.000000
17.22716	.022264	.000000
17.28459	.022180	.000000
17.3424	.021912	.000000
17.4006	.021833	.000000
17.45916	.021731	.000000
17.51815	.021590	.000000
17.57753	.021554	.000000
17.63732	.021561	.000000
17.69752	.021375	.000000
17.75813	.021281	.000000
17.81915	.021324	.000000
17.88061	.021381	.000000
17.94248	.021379	.000000
18.00478	.021317	.000000
18.06752	.021271	.000000
18.13069	.021434	.000000
18.19431	.021657	.000000
18.25837	.021879	.000000
18.3229	.022328	.000000
18.38788	.022972	.000000
18.45331	.023639	.000000
18.51922	.024463	.000000
18.5856	.025262	.000000
18.65245	.026030	.000000
18.71979	.027122	.000000
18.78759	.028337	.000000
18.85591	.029137	.000000
18.92473	.029812	.000000
18.99405	.030572	.000000
19.06388	.031034	.000000
19.13423	.031351	.000000
19.2051	.031829	.000000
19.27651	.032595	.000000
19.34844	.033451	.000000
19.4209	.034259	.000000
19.49392	.035074	.000000
19.56748	.035990	.000000
19.6416	.037037	.000000
19.71628	.038125	.000000
19.79152	.039411	.000000
19.86735	.040588	.000000
19.94376	.041561	.000000
20.02076	.042790	.000000
20.09836	.044112	.000000
20.17656	.045118	.000000
20.25538	.046361	.000000
20.33483	.048001	.000000
20.41489	.049500	.000000
20.49558	.050675	.000000
20.57691	.051310	.000000
20.65889	.051458	.000000
20.74153	.051468	.000000
20.82483	.051746	.000000
20.90878	.052116	.000000
20.99343	.052398	.000000
21.07877	.052872	.000000
21.16481	.053704	.000000
21.25155	.054273	.000000
21.339	.054268	.000000
21.42718	.054084	.000000
21.51611	.053646	.000000
21.60576	.052322	.000000
21.69616	.051098	.000000
21.78732	.050406	.000000
21.87925	.049670	.000000
21.97196	.048956	.000000
22.06546	.048068	.000000
22.15973	.047487	.000000
22.25484	.047048	.000000
22.35076	.047048	.000000
22.44752	.047394	.000000
22.54512	.048095	.000000
22.64357	.048004	.000000
22.74288	.047287	.000000
22.8431	.046538	.000000
22.94417	.045522	.000000
23.04615	.045297	.000000
23.14903	.046010	.000000
23.25284	.045905	.000000
23.35758	.045995	.000000
23.46327	.045991	.000000
23.5699	.045706	.000000
23.67752	.044563	.000000
23.78613	.043468	.000000
23.89575	.043748	.000000
24.00638	.044582	.000000
24.11803	.044877	.000000
24.23073	.045111	.000000
24.34452	.044028	.000000
24.45936	.044422	.000000
24.57528	.045620	.000000
24.6923	.044633	.000000
24.81045	.044609	.000000
24.92973	.043368	.000000
25.05016	.041582	.000000
