Brown University Keck/NASA Relab Spectrum AV-A1V-004/BKR1AV004
Wavelength(micron)	Reflectance	Standard Deviation
0.32	.177476	.004431
0.325	.180811	.004093
0.33	.184159	.004057
0.335	.187155	.003997
0.34	.190327	.003886
0.345	.192665	.003873
0.35	.195581	.003708
0.355	.197701	.003609
0.36	.200794	.003457
0.365	.203348	.003404
0.37	.207166	.003286
0.375	.210401	.003342
0.38	.213910	.003543
0.385	.216775	.003644
0.39	.220938	.003731
0.395	.224192	.003745
0.4	.228946	.004202
0.405	.235120	.003692
0.41	.239794	.003691
0.415	.245007	.003591
0.42	.250334	.003703
0.425	.255121	.003767
0.43	.261459	.003651
0.435	.267506	.003512
0.44	.274473	.003458
0.445	.277719	.002994
0.45	.284534	.002980
0.455	.289985	.003078
0.46	.296063	.003193
0.465	.300321	.003229
0.47	.305761	.003297
0.475	.309669	.003403
0.48	.314956	.003397
0.485	.318795	.003411
0.49	.325001	.003419
0.495	.330692	.003427
0.5	.337764	.003441
0.505	.343881	.003453
0.51	.352290	.003488
0.515	.359230	.003534
0.52	.367968	.003618
0.525	.375331	.003676
0.53	.384554	.003783
0.535	.392302	.003857
0.54	.402124	.003980
0.545	.410013	.004020
0.55	.420265	.004064
0.555	.428880	.004092
0.56	.440265	.004249
0.565	.449515	.004241
0.57	.459044	.004349
0.575	.468821	.004448
0.58	.480747	.004517
0.585	.489698	.004531
0.59	.501880	.004632
0.595	.511842	.004679
0.6	.524464	.004779
0.605	.535082	.004881
0.61	.547982	.004928
0.615	.558024	.004970
0.62	.570850	.005037
0.625	.580333	.005084
0.63	.591032	.005219
0.635	.597544	.005279
0.64	.607257	.005439
0.645	.615658	.005603
0.65	.624661	.005675
0.655	.631868	.005681
0.66	.642316	.005735
0.665	.649151	.005748
0.67	.658026	.005680
0.675	.665319	.005764
0.68	.672804	.005799
0.685	.676463	.005851
0.69	.683099	.005870
0.695	.688509	.005911
0.7	.694622	.005886
0.705	.699823	.005851
0.71	.709324	.005806
0.715	.714278	.005833
0.72	.722376	.005893
0.725	.726584	.005927
0.73	.732197	.006001
0.735	.735663	.006112
0.74	.741226	.006150
0.745	.742002	.006152
0.75	.745991	.006151
0.755	.747320	.006066
0.76	.750400	.005998
0.765	.751618	.005871
0.77	.754001	.005764
0.775	.754039	.005792
0.78	.754923	.005789
0.785	.755336	.005832
0.79	.756026	.005860
0.795	.756124	.005897
0.8	.756563	.005944
0.805	.756714	.005962
0.81	.758570	.007297
0.815	.757439	.007396
0.82	.756841	.007328
0.825	.755538	.007321
0.83	.755010	.007289
0.835	.753692	.007181
0.84	.753092	.007035
0.845	.752413	.006936
0.85	.752196	.006766
0.855	.751540	.006569
0.86	.751888	.006753
0.865	.750414	.006329
0.87	.749152	.006613
0.875	.749265	.006338
0.88	.748822	.006207
0.885	.747131	.006085
0.89	.747614	.005724
0.895	.747137	.005609
0.9	.745840	.005696
0.905	.746199	.005728
0.91	.745640	.005576
0.915	.744587	.005468
0.92	.744460	.005557
0.925	.744356	.005595
0.93	.744764	.005423
0.935	.744828	.005498
0.94	.744906	.005619
0.945	.745224	.005546
0.95	.745551	.005819
0.955	.746749	.005723
0.96	.746896	.005711
0.965	.747038	.005649
0.97	.747922	.005647
0.975	.748838	.005607
0.98	.749445	.005532
0.985	.750116	.005497
0.99	.750840	.005405
0.995	.752018	.005334
1	.753501	.005563
1.005	.754253	.005377
1.01	.755656	.005484
1.015	.757173	.005662
1.02	.758369	.005395
1.025	.759764	.005563
1.03	.760699	.005730
1.035	.762434	.005859
1.04	.763501	.005550
1.045	.765510	.005537
1.05	.767638	.005734
1.055	.768973	.005787
1.06	.770823	.005480
1.065	.772180	.005596
1.07	.774585	.005578
1.075	.776308	.005515
1.08	.778063	.005407
1.085	.780121	.005393
1.09	.782783	.005578
1.095	.785402	.005599
1.1	.787630	.005315
1.105	.789468	.005235
1.11	.792150	.005448
1.115	.795033	.005495
1.12	.797355	.005463
1.125	.798614	.005357
1.13	.801763	.005524
1.135	.803566	.005506
1.14	.805573	.005293
1.145	.807949	.005323
1.15	.810023	.004866
1.155	.812861	.005006
1.16	.815051	.004772
1.165	.817310	.004709
1.17	.819710	.004617
1.175	.822107	.004487
1.18	.824596	.004489
1.185	.826731	.004474
1.19	.828878	.004327
1.195	.831058	.004353
1.2	.833358	.004481
1.205	.835757	.004629
1.21	.837627	.004680
1.215	.840012	.004771
1.22	.842025	.004795
1.225	.844522	.004848
1.23	.846235	.004873
1.235	.848155	.005018
1.24	.850446	.004998
1.245	.852597	.005038
1.25	.854256	.005073
1.255	.856222	.005225
1.26	.858278	.005196
1.265	.860445	.005259
1.27	.862376	.005484
1.275	.864210	.005460
1.28	.865835	.005222
1.285	.867333	.005344
1.29	.868682	.005535
1.295	.870746	.005485
1.3	.872698	.005734
1.305	.873884	.005829
1.31	.875718	.005683
1.315	.876999	.005490
1.32	.878740	.005523
1.325	.879938	.005494
1.33	.880814	.005443
1.335	.882115	.005333
1.34	.882562	.005242
1.345	.884392	.005282
1.35	.884760	.005227
1.35008	.884731	.000000
1.35025	.884774	.000000
1.35043	.884867	.000000
1.3506	.884855	.000000
1.35078	.884924	.000000
1.35096	.884933	.000000
1.35113	.884837	.000000
1.35131	.884825	.000000
1.35149	.884855	.000000
1.35166	.884954	.000000
1.35184	.885096	.000000
1.35201	.885181	.000000
1.35219	.885244	.000000
1.35237	.885291	.000000
1.35254	.885283	.000000
1.35272	.885234	.000000
1.3529	.885232	.000000
1.35307	.885201	.000000
1.35325	.885361	.000000
1.35343	.885412	.000000
1.3536	.885305	.000000
1.35378	.885325	.000000
1.35396	.885457	.000000
1.35413	.885468	.000000
1.35431	.885470	.000000
1.35449	.885545	.000000
1.35466	.885555	.000000
1.35484	.885557	.000000
1.35502	.885676	.000000
1.35519	.885810	.000000
1.35537	.885831	.000000
1.35555	.885711	.000000
1.35573	.885667	.000000
1.3559	.885740	.000000
1.35608	.885826	.000000
1.35626	.885926	.000000
1.35644	.886013	.000000
1.35661	.886009	.000000
1.35679	.885964	.000000
1.35697	.885796	.000000
1.35715	.885814	.000000
1.35732	.886085	.000000
1.3575	.886127	.000000
1.35768	.886114	.000000
1.35786	.886216	.000000
1.35803	.886203	.000000
1.35821	.886198	.000000
1.35839	.886383	.000000
1.35857	.886376	.000000
1.35875	.886228	.000000
1.35892	.886300	.000000
1.3591	.886469	.000000
1.35928	.886418	.000000
1.35946	.886212	.000000
1.35964	.886282	.000000
1.35981	.886481	.000000
1.35999	.886511	.000000
1.36017	.886520	.000000
1.36035	.886611	.000000
1.36053	.886514	.000000
1.36071	.886486	.000000
1.36089	.886677	.000000
1.36106	.886745	.000000
1.36124	.886677	.000000
1.36142	.886672	.000000
1.3616	.886574	.000000
1.36178	.886483	.000000
1.36196	.886625	.000000
1.36214	.886633	.000000
1.36232	.886602	.000000
1.36249	.886682	.000000
1.36267	.886686	.000000
1.36285	.886815	.000000
1.36303	.886941	.000000
1.36321	.886950	.000000
1.36339	.887025	.000000
1.36357	.887152	.000000
1.36375	.887103	.000000
1.36393	.887005	.000000
1.36411	.886972	.000000
1.36429	.886997	.000000
1.36447	.887030	.000000
1.36465	.886944	.000000
1.36483	.886953	.000000
1.36501	.887077	.000000
1.36519	.887044	.000000
1.36536	.886995	.000000
1.36554	.887028	.000000
1.36572	.887051	.000000
1.3659	.887035	.000000
1.36608	.887084	.000000
1.36626	.887098	.000000
1.36644	.887025	.000000
1.36662	.887028	.000000
1.3668	.886983	.000000
1.36699	.886990	.000000
1.36717	.887189	.000000
1.36735	.887254	.000000
1.36753	.887051	.000000
1.36771	.886915	.000000
1.36789	.887026	.000000
1.36807	.887336	.000000
1.36825	.887426	.000000
1.36843	.887194	.000000
1.36861	.887105	.000000
1.36879	.887245	.000000
1.36897	.887343	.000000
1.36915	.887509	.000000
1.36933	.887475	.000000
1.36951	.887463	.000000
1.36969	.887542	.000000
1.36987	.887430	.000000
1.37006	.887467	.000000
1.37024	.887584	.000000
1.37042	.887549	.000000
1.3706	.887634	.000000
1.37078	.887554	.000000
1.37096	.887507	.000000
1.37114	.887573	.000000
1.37132	.887612	.000000
1.37151	.887786	.000000
1.37169	.887886	.000000
1.37187	.887881	.000000
1.37205	.887923	.000000
1.37223	.887963	.000000
1.37241	.887877	.000000
1.37259	.887841	.000000
1.37278	.887849	.000000
1.37296	.887902	.000000
1.37314	.887931	.000000
1.37332	.887926	.000000
1.3735	.887895	.000000
1.37369	.887982	.000000
1.37387	.887994	.000000
1.37405	.887930	.000000
1.37423	.888064	.000000
1.37441	.888246	.000000
1.3746	.888218	.000000
1.37478	.888251	.000000
1.37496	.888249	.000000
1.37514	.888213	.000000
1.37533	.888295	.000000
1.37551	.888349	.000000
1.37569	.888363	.000000
1.37587	.888328	.000000
1.37606	.888386	.000000
1.37624	.888436	.000000
1.37642	.888519	.000000
1.3766	.888513	.000000
1.37679	.888449	.000000
1.37697	.888477	.000000
1.37715	.888522	.000000
1.37733	.888646	.000000
1.37752	.888683	.000000
1.3777	.888566	.000000
1.37788	.888580	.000000
1.37807	.888721	.000000
1.37825	.888718	.000000
1.37843	.888796	.000000
1.37862	.888843	.000000
1.3788	.888906	.000000
1.37898	.888961	.000000
1.37917	.888793	.000000
1.37935	.888723	.000000
1.37953	.888802	.000000
1.37972	.888847	.000000
1.3799	.888788	.000000
1.38008	.888753	.000000
1.38027	.888665	.000000
1.38045	.888529	.000000
1.38064	.888646	.000000
1.38082	.888885	.000000
1.381	.888812	.000000
1.38119	.888786	.000000
1.38137	.888830	.000000
1.38155	.888763	.000000
1.38174	.888898	.000000
1.38192	.889018	.000000
1.38211	.888975	.000000
1.38229	.888947	.000000
1.38248	.888821	.000000
1.38266	.888732	.000000
1.38284	.888803	.000000
1.38303	.888892	.000000
1.38321	.888838	.000000
1.3834	.888765	.000000
1.38358	.888726	.000000
1.38377	.888732	.000000
1.38395	.888810	.000000
1.38414	.888798	.000000
1.38432	.888695	.000000
1.38451	.888639	.000000
1.38469	.888611	.000000
1.38488	.888590	.000000
1.38506	.888461	.000000
1.38525	.888506	.000000
1.38543	.888630	.000000
1.38562	.888567	.000000
1.3858	.888555	.000000
1.38599	.888550	.000000
1.38617	.888398	.000000
1.38636	.888298	.000000
1.38654	.888293	.000000
1.38673	.888272	.000000
1.38691	.888274	.000000
1.3871	.888321	.000000
1.38728	.888424	.000000
1.38747	.888417	.000000
1.38766	.888281	.000000
1.38784	.888118	.000000
1.38803	.888148	.000000
1.38821	.888090	.000000
1.3884	.888118	.000000
1.38859	.888225	.000000
1.38877	.888237	.000000
1.38896	.888190	.000000
1.38914	.888139	.000000
1.38933	.888131	.000000
1.38952	.888082	.000000
1.3897	.888024	.000000
1.38989	.888064	.000000
1.39007	.888111	.000000
1.39026	.888052	.000000
1.39045	.888001	.000000
1.39063	.888019	.000000
1.39082	.887994	.000000
1.39101	.888001	.000000
1.39119	.887986	.000000
1.39138	.888043	.000000
1.39157	.888242	.000000
1.39175	.888237	.000000
1.39194	.888076	.000000
1.39213	.887912	.000000
1.39231	.887827	.000000
1.3925	.887853	.000000
1.39269	.887968	.000000
1.39288	.887984	.000000
1.39306	.887835	.000000
1.39325	.887778	.000000
1.39344	.887914	.000000
1.39362	.887924	.000000
1.39381	.887862	.000000
1.394	.887863	.000000
1.39419	.887898	.000000
1.39437	.887879	.000000
1.39456	.887708	.000000
1.39475	.887645	.000000
1.39494	.887654	.000000
1.39512	.887610	.000000
1.39531	.887594	.000000
1.3955	.887615	.000000
1.39569	.887544	.000000
1.39588	.887533	.000000
1.39606	.887516	.000000
1.39625	.887399	.000000
1.39644	.887353	.000000
1.39663	.887385	.000000
1.39682	.887435	.000000
1.397	.887392	.000000
1.39719	.887440	.000000
1.39738	.887451	.000000
1.39757	.887442	.000000
1.39776	.887336	.000000
1.39794	.887274	.000000
1.39813	.887247	.000000
1.39832	.887152	.000000
1.39851	.887198	.000000
1.3987	.887231	.000000
1.39889	.887217	.000000
1.39908	.887140	.000000
1.39927	.887117	.000000
1.39945	.887208	.000000
1.39964	.887378	.000000
1.39983	.887330	.000000
1.40002	.887184	.000000
1.40021	.887147	.000000
1.4004	.887133	.000000
1.40059	.887178	.000000
1.40078	.887234	.000000
1.40097	.887364	.000000
1.40116	.887509	.000000
1.40135	.887432	.000000
1.40154	.887343	.000000
1.40172	.887411	.000000
1.40191	.887535	.000000
1.4021	.887556	.000000
1.40229	.887587	.000000
1.40248	.887577	.000000
1.40267	.887428	.000000
1.40286	.887430	.000000
1.40305	.887549	.000000
1.40324	.887556	.000000
1.40343	.887570	.000000
1.40362	.887599	.000000
1.40381	.887558	.000000
1.404	.887662	.000000
1.40419	.887699	.000000
1.40438	.887633	.000000
1.40457	.887575	.000000
1.40476	.887603	.000000
1.40495	.887624	.000000
1.40514	.887685	.000000
1.40533	.887675	.000000
1.40552	.887622	.000000
1.40571	.887606	.000000
1.40591	.887631	.000000
1.4061	.887671	.000000
1.40629	.887751	.000000
1.40648	.887744	.000000
1.40667	.887634	.000000
1.40686	.887668	.000000
1.40705	.887690	.000000
1.40724	.887643	.000000
1.40743	.887724	.000000
1.40762	.887692	.000000
1.40781	.887648	.000000
1.40801	.887640	.000000
1.4082	.887647	.000000
1.40839	.887596	.000000
1.40858	.887652	.000000
1.40877	.887736	.000000
1.40896	.887687	.000000
1.40915	.887671	.000000
1.40934	.887713	.000000
1.40954	.887725	.000000
1.40973	.887804	.000000
1.40992	.887835	.000000
1.41011	.887797	.000000
1.4103	.887757	.000000
1.41049	.887725	.000000
1.41069	.887750	.000000
1.41088	.887792	.000000
1.41107	.887890	.000000
1.41126	.887907	.000000
1.41145	.887767	.000000
1.41165	.887802	.000000
1.41184	.887779	.000000
1.41203	.887790	.000000
1.41222	.887816	.000000
1.41242	.887715	.000000
1.41261	.887706	.000000
1.4128	.887800	.000000
1.41299	.887839	.000000
1.41319	.887883	.000000
1.41338	.887935	.000000
1.41357	.887879	.000000
1.41376	.887758	.000000
1.41396	.887643	.000000
1.41415	.887643	.000000
1.41434	.887793	.000000
1.41454	.887849	.000000
1.41473	.887860	.000000
1.41492	.887905	.000000
1.41511	.887869	.000000
1.41531	.887903	.000000
1.4155	.887764	.000000
1.41569	.887676	.000000
1.41589	.887729	.000000
1.41608	.887870	.000000
1.41627	.888008	.000000
1.41647	.888047	.000000
1.41666	.888059	.000000
1.41685	.887937	.000000
1.41705	.887860	.000000
1.41724	.887790	.000000
1.41744	.887828	.000000
1.41763	.887937	.000000
1.41782	.887998	.000000
1.41802	.887991	.000000
1.41821	.887982	.000000
1.41841	.887877	.000000
1.4186	.887944	.000000
1.41879	.888021	.000000
1.41899	.887945	.000000
1.41918	.887970	.000000
1.41938	.888035	.000000
1.41957	.888012	.000000
1.41976	.888110	.000000
1.41996	.888267	.000000
1.42015	.888339	.000000
1.42035	.888269	.000000
1.42054	.888188	.000000
1.42074	.888057	.000000
1.42093	.888197	.000000
1.42113	.888318	.000000
1.42132	.888211	.000000
1.42152	.888187	.000000
1.42171	.888339	.000000
1.42191	.888344	.000000
1.4221	.888333	.000000
1.4223	.888401	.000000
1.42249	.888323	.000000
1.42269	.888300	.000000
1.42288	.888475	.000000
1.42308	.888531	.000000
1.42327	.888396	.000000
1.42347	.888373	.000000
1.42366	.888484	.000000
1.42386	.888574	.000000
1.42405	.888534	.000000
1.42425	.888408	.000000
1.42445	.888463	.000000
1.42464	.888674	.000000
1.42484	.888763	.000000
1.42503	.888721	.000000
1.42523	.888679	.000000
1.42542	.888695	.000000
1.42562	.888800	.000000
1.42582	.888850	.000000
1.42601	.888774	.000000
1.42621	.888847	.000000
1.4264	.888936	.000000
1.4266	.888774	.000000
1.4268	.888805	.000000
1.42699	.888954	.000000
1.42719	.888955	.000000
1.42739	.888997	.000000
1.42758	.889058	.000000
1.42778	.888929	.000000
1.42798	.888955	.000000
1.42817	.889090	.000000
1.42837	.889167	.000000
1.42857	.889272	.000000
1.42876	.889270	.000000
1.42896	.889200	.000000
1.42916	.889226	.000000
1.42935	.889376	.000000
1.42955	.889500	.000000
1.42975	.889375	.000000
1.42995	.889333	.000000
1.43014	.889490	.000000
1.43034	.889499	.000000
1.43054	.889504	.000000
1.43073	.889600	.000000
1.43093	.889714	.000000
1.43113	.889707	.000000
1.43133	.889635	.000000
1.43152	.889583	.000000
1.43172	.889705	.000000
1.43192	.889869	.000000
1.43212	.889848	.000000
1.43232	.889775	.000000
1.43251	.889843	.000000
1.43271	.889904	.000000
1.43291	.889946	.000000
1.43311	.890002	.000000
1.43331	.889988	.000000
1.4335	.889838	.000000
1.4337	.889850	.000000
1.4339	.889977	.000000
1.4341	.890039	.000000
1.4343	.890131	.000000
1.4345	.890212	.000000
1.43469	.890159	.000000
1.43489	.890159	.000000
1.43509	.890313	.000000
1.43529	.890423	.000000
1.43549	.890451	.000000
1.43569	.890467	.000000
1.43589	.890498	.000000
1.43608	.890521	.000000
1.43628	.890559	.000000
1.43648	.890563	.000000
1.43668	.890650	.000000
1.43688	.890786	.000000
1.43708	.890720	.000000
1.43728	.890627	.000000
1.43748	.890634	.000000
1.43768	.890732	.000000
1.43788	.890790	.000000
1.43808	.890785	.000000
1.43828	.890919	.000000
1.43847	.890979	.000000
1.43867	.891010	.000000
1.43887	.890949	.000000
1.43907	.890989	.000000
1.43927	.891050	.000000
1.43947	.891078	.000000
1.43967	.891125	.000000
1.43987	.891237	.000000
1.44007	.891339	.000000
1.44027	.891321	.000000
1.44047	.891368	.000000
1.44067	.891501	.000000
1.44087	.891428	.000000
1.44107	.891330	.000000
1.44127	.891511	.000000
1.44147	.891622	.000000
1.44167	.891625	.000000
1.44188	.891580	.000000
1.44208	.891543	.000000
1.44228	.891623	.000000
1.44248	.891730	.000000
1.44268	.891711	.000000
1.44288	.891608	.000000
1.44308	.891775	.000000
1.44328	.891816	.000000
1.44348	.891863	.000000
1.44368	.892064	.000000
1.44388	.892095	.000000
1.44408	.892060	.000000
1.44429	.892067	.000000
1.44449	.892057	.000000
1.44469	.892092	.000000
1.44489	.892153	.000000
1.44509	.892147	.000000
1.44529	.892189	.000000
1.44549	.892256	.000000
1.44569	.892340	.000000
1.4459	.892399	.000000
1.4461	.892408	.000000
1.4463	.892472	.000000
1.4465	.892569	.000000
1.4467	.892623	.000000
1.4469	.892610	.000000
1.44711	.892645	.000000
1.44731	.892672	.000000
1.44751	.892689	.000000
1.44771	.892673	.000000
1.44792	.892736	.000000
1.44812	.892780	.000000
1.44832	.892705	.000000
1.44852	.892640	.000000
1.44872	.892799	.000000
1.44893	.892920	.000000
1.44913	.892956	.000000
1.44933	.893000	.000000
1.44953	.893037	.000000
1.44974	.893026	.000000
1.44994	.893107	.000000
1.45014	.893033	.000000
1.45035	.892970	.000000
1.45055	.893096	.000000
1.45075	.893309	.000000
1.45095	.893402	.000000
1.45116	.893419	.000000
1.45136	.893398	.000000
1.45156	.893304	.000000
1.45177	.893243	.000000
1.45197	.893283	.000000
1.45217	.893379	.000000
1.45238	.893418	.000000
1.45258	.893523	.000000
1.45278	.893624	.000000
1.45299	.893659	.000000
1.45319	.893577	.000000
1.45339	.893650	.000000
1.4536	.893736	.000000
1.4538	.893706	.000000
1.45401	.893682	.000000
1.45421	.893708	.000000
1.45441	.893741	.000000
1.45462	.893729	.000000
1.45482	.893807	.000000
1.45503	.893795	.000000
1.45523	.893760	.000000
1.45543	.893816	.000000
1.45564	.894007	.000000
1.45584	.894020	.000000
1.45605	.893931	.000000
1.45625	.893965	.000000
1.45646	.894034	.000000
1.45666	.894110	.000000
1.45687	.894152	.000000
1.45707	.894066	.000000
1.45728	.894031	.000000
1.45748	.894094	.000000
1.45768	.894228	.000000
1.45789	.894345	.000000
1.45809	.894435	.000000
1.4583	.894403	.000000
1.45851	.894414	.000000
1.45871	.894463	.000000
1.45892	.894421	.000000
1.45912	.894297	.000000
1.45933	.894370	.000000
1.45953	.894587	.000000
1.45974	.894658	.000000
1.45994	.894665	.000000
1.46015	.894681	.000000
1.46035	.894712	.000000
1.46056	.894698	.000000
1.46076	.894646	.000000
1.46097	.894616	.000000
1.46118	.894730	.000000
1.46138	.894861	.000000
1.46159	.894912	.000000
1.46179	.894922	.000000
1.462	.894947	.000000
1.46221	.894985	.000000
1.46241	.895013	.000000
1.46262	.895002	.000000
1.46283	.894917	.000000
1.46303	.894954	.000000
1.46324	.895001	.000000
1.46345	.895020	.000000
1.46365	.895095	.000000
1.46386	.895146	.000000
1.46406	.895235	.000000
1.46427	.895287	.000000
1.46448	.895294	.000000
1.46469	.895221	.000000
1.46489	.895294	.000000
1.4651	.895387	.000000
1.46531	.895319	.000000
1.46551	.895334	.000000
1.46572	.895345	.000000
1.46593	.895284	.000000
1.46613	.895310	.000000
1.46634	.895424	.000000
1.46655	.895469	.000000
1.46676	.895502	.000000
1.46696	.895607	.000000
1.46717	.895687	.000000
1.46738	.895626	.000000
1.46759	.895609	.000000
1.4678	.895663	.000000
1.468	.895693	.000000
1.46821	.895766	.000000
1.46842	.895818	.000000
1.46863	.895852	.000000
1.46883	.895925	.000000
1.46904	.895916	.000000
1.46925	.895841	.000000
1.46946	.895850	.000000
1.46967	.895885	.000000
1.46988	.895887	.000000
1.47008	.895895	.000000
1.47029	.895976	.000000
1.4705	.896026	.000000
1.47071	.896000	.000000
1.47092	.896021	.000000
1.47113	.896059	.000000
1.47134	.896046	.000000
1.47154	.896182	.000000
1.47175	.896241	.000000
1.47196	.896212	.000000
1.47217	.896239	.000000
1.47238	.896292	.000000
1.47259	.896290	.000000
1.4728	.896294	.000000
1.47301	.896274	.000000
1.47322	.896271	.000000
1.47343	.896315	.000000
1.47364	.896456	.000000
1.47385	.896461	.000000
1.47405	.896400	.000000
1.47426	.896360	.000000
1.47447	.896344	.000000
1.47468	.896388	.000000
1.47489	.896521	.000000
1.4751	.896547	.000000
1.47531	.896568	.000000
1.47552	.896711	.000000
1.47573	.896708	.000000
1.47594	.896578	.000000
1.47615	.896633	.000000
1.47636	.896657	.000000
1.47657	.896655	.000000
1.47678	.896697	.000000
1.47699	.896627	.000000
1.4772	.896722	.000000
1.47741	.896963	.000000
1.47763	.896984	.000000
1.47784	.896935	.000000
1.47805	.896958	.000000
1.47826	.896980	.000000
1.47847	.897003	.000000
1.47868	.896991	.000000
1.47889	.896961	.000000
1.4791	.896972	.000000
1.47931	.897043	.000000
1.47952	.897085	.000000
1.47973	.897104	.000000
1.47995	.897179	.000000
1.48016	.897134	.000000
1.48037	.897092	.000000
1.48058	.897164	.000000
1.48079	.897160	.000000
1.481	.897193	.000000
1.48121	.897276	.000000
1.48143	.897295	.000000
1.48164	.897326	.000000
1.48185	.897384	.000000
1.48206	.897311	.000000
1.48227	.897351	.000000
1.48248	.897447	.000000
1.4827	.897393	.000000
1.48291	.897361	.000000
1.48312	.897379	.000000
1.48333	.897403	.000000
1.48354	.897517	.000000
1.48376	.897531	.000000
1.48397	.897473	.000000
1.48418	.897546	.000000
1.48439	.897608	.000000
1.48461	.897592	.000000
1.48482	.897632	.000000
1.48503	.897690	.000000
1.48524	.897705	.000000
1.48546	.897684	.000000
1.48567	.897749	.000000
1.48588	.897718	.000000
1.4861	.897787	.000000
1.48631	.897854	.000000
1.48652	.897798	.000000
1.48674	.897746	.000000
1.48695	.897735	.000000
1.48716	.897693	.000000
1.48737	.897723	.000000
1.48759	.897836	.000000
1.4878	.897877	.000000
1.48802	.897941	.000000
1.48823	.898006	.000000
1.48844	.897959	.000000
1.48866	.897905	.000000
1.48887	.897997	.000000
1.48908	.898025	.000000
1.4893	.897962	.000000
1.48951	.898072	.000000
1.48973	.898100	.000000
1.48994	.898074	.000000
1.49015	.898137	.000000
1.49037	.898179	.000000
1.49058	.898111	.000000
1.4908	.898167	.000000
1.49101	.898320	.000000
1.49122	.898329	.000000
1.49144	.898327	.000000
1.49165	.898350	.000000
1.49187	.898271	.000000
1.49208	.898200	.000000
1.4923	.898278	.000000
1.49251	.898303	.000000
1.49273	.898237	.000000
1.49294	.898158	.000000
1.49316	.898282	.000000
1.49337	.898436	.000000
1.49359	.898444	.000000
1.4938	.898437	.000000
1.49402	.898444	.000000
1.49423	.898418	.000000
1.49445	.898469	.000000
1.49466	.898598	.000000
1.49488	.898703	.000000
1.49509	.898705	.000000
1.49531	.898609	.000000
1.49553	.898500	.000000
1.49574	.898507	.000000
1.49596	.898574	.000000
1.49617	.898644	.000000
1.49639	.898687	.000000
1.49661	.898687	.000000
1.49682	.898626	.000000
1.49704	.898582	.000000
1.49725	.898633	.000000
1.49747	.898780	.000000
1.49769	.898782	.000000
1.4979	.898734	.000000
1.49812	.898693	.000000
1.49834	.898780	.000000
1.49855	.898878	.000000
1.49877	.898869	.000000
1.49899	.898893	.000000
1.4992	.898873	.000000
1.49942	.898862	.000000
1.49964	.898899	.000000
1.49985	.898810	.000000
1.50007	.898841	.000000
1.50029	.898935	.000000
1.5005	.898925	.000000
1.50072	.898911	.000000
1.50094	.898984	.000000
1.50116	.899004	.000000
1.50137	.899047	.000000
1.50159	.899084	.000000
1.50181	.899023	.000000
1.50203	.899032	.000000
1.50224	.899114	.000000
1.50246	.899121	.000000
1.50268	.899166	.000000
1.5029	.899257	.000000
1.50311	.899215	.000000
1.50333	.899191	.000000
1.50355	.899238	.000000
1.50377	.899231	.000000
1.50399	.899267	.000000
1.5042	.899301	.000000
1.50442	.899241	.000000
1.50464	.899273	.000000
1.50486	.899302	.000000
1.50508	.899287	.000000
1.5053	.899283	.000000
1.50551	.899318	.000000
1.50573	.899407	.000000
1.50595	.899397	.000000
1.50617	.899376	.000000
1.50639	.899467	.000000
1.50661	.899531	.000000
1.50683	.899458	.000000
1.50705	.899391	.000000
1.50726	.899507	.000000
1.50748	.899515	.000000
1.5077	.899468	.000000
1.50792	.899505	.000000
1.50814	.899596	.000000
1.50836	.899657	.000000
1.50858	.899603	.000000
1.5088	.899456	.000000
1.50902	.899524	.000000
1.50924	.899730	.000000
1.50946	.899725	.000000
1.50968	.899699	.000000
1.5099	.899711	.000000
1.51012	.899736	.000000
1.51034	.899690	.000000
1.51056	.899706	.000000
1.51078	.899661	.000000
1.511	.899702	.000000
1.51122	.899767	.000000
1.51144	.899806	.000000
1.51166	.899806	.000000
1.51188	.899785	.000000
1.5121	.899708	.000000
1.51232	.899790	.000000
1.51254	.899893	.000000
1.51276	.899846	.000000
1.51298	.899846	.000000
1.5132	.899889	.000000
1.51342	.899975	.000000
1.51365	.899926	.000000
1.51387	.899788	.000000
1.51409	.899889	.000000
1.51431	.900064	.000000
1.51453	.900038	.000000
1.51475	.899893	.000000
1.51497	.899886	.000000
1.51519	.899940	.000000
1.51541	.899921	.000000
1.51564	.899992	.000000
1.51586	.900144	.000000
1.51608	.900122	.000000
1.5163	.900078	.000000
1.51652	.900141	.000000
1.51674	.900227	.000000
1.51697	.900216	.000000
1.51719	.900151	.000000
1.51741	.900138	.000000
1.51763	.900134	.000000
1.51785	.900171	.000000
1.51808	.900188	.000000
1.5183	.900234	.000000
1.51852	.900317	.000000
1.51874	.900274	.000000
1.51897	.900172	.000000
1.51919	.900127	.000000
1.51941	.900127	.000000
1.51963	.900230	.000000
1.51986	.900242	.000000
1.52008	.900270	.000000
1.5203	.900366	.000000
1.52053	.900363	.000000
1.52075	.900365	.000000
1.52097	.900384	.000000
1.52119	.900368	.000000
1.52142	.900421	.000000
1.52164	.900454	.000000
1.52186	.900524	.000000
1.52209	.900506	.000000
1.52231	.900462	.000000
1.52254	.900417	.000000
1.52276	.900317	.000000
1.52298	.900284	.000000
1.52321	.900303	.000000
1.52343	.900466	.000000
1.52365	.900576	.000000
1.52388	.900581	.000000
1.5241	.900620	.000000
1.52433	.900611	.000000
1.52455	.900587	.000000
1.52477	.900585	.000000
1.525	.900513	.000000
1.52522	.900464	.000000
1.52545	.900541	.000000
1.52567	.900655	.000000
1.5259	.900681	.000000
1.52612	.900613	.000000
1.52634	.900594	.000000
1.52657	.900609	.000000
1.52679	.900602	.000000
1.52702	.900566	.000000
1.52724	.900569	.000000
1.52747	.900580	.000000
1.52769	.900581	.000000
1.52792	.900613	.000000
1.52814	.900648	.000000
1.52837	.900651	.000000
1.52859	.900595	.000000
1.52882	.900597	.000000
1.52905	.900723	.000000
1.52927	.900723	.000000
1.5295	.900653	.000000
1.52972	.900618	.000000
1.52995	.900763	.000000
1.53017	.900847	.000000
1.5304	.900896	.000000
1.53063	.900939	.000000
1.53085	.900854	.000000
1.53108	.900773	.000000
1.5313	.900807	.000000
1.53153	.900826	.000000
1.53176	.900826	.000000
1.53198	.900880	.000000
1.53221	.900926	.000000
1.53244	.900934	.000000
1.53266	.900959	.000000
1.53289	.900994	.000000
1.53311	.901065	.000000
1.53334	.901118	.000000
1.53357	.901104	.000000
1.5338	.901086	.000000
1.53402	.901046	.000000
1.53425	.901050	.000000
1.53448	.901034	.000000
1.5347	.901036	.000000
1.53493	.901037	.000000
1.53516	.900983	.000000
1.53538	.900943	.000000
1.53561	.900899	.000000
1.53584	.901001	.000000
1.53607	.901144	.000000
1.53629	.901114	.000000
1.53652	.901119	.000000
1.53675	.901202	.000000
1.53698	.901168	.000000
1.53721	.901086	.000000
1.53743	.901067	.000000
1.53766	.901121	.000000
1.53789	.901100	.000000
1.53812	.901112	.000000
1.53835	.901144	.000000
1.53857	.901167	.000000
1.5388	.901257	.000000
1.53903	.901296	.000000
1.53926	.901266	.000000
1.53949	.901294	.000000
1.53972	.901396	.000000
1.53994	.901409	.000000
1.54017	.901310	.000000
1.5404	.901284	.000000
1.54063	.901249	.000000
1.54086	.901284	.000000
1.54109	.901282	.000000
1.54132	.901254	.000000
1.54155	.901319	.000000
1.54178	.901373	.000000
1.54201	.901409	.000000
1.54224	.901457	.000000
1.54246	.901402	.000000
1.54269	.901413	.000000
1.54292	.901387	.000000
1.54315	.901284	.000000
1.54338	.901376	.000000
1.54361	.901520	.000000
1.54384	.901460	.000000
1.54407	.901371	.000000
1.5443	.901382	.000000
1.54453	.901485	.000000
1.54476	.901584	.000000
1.54499	.901514	.000000
1.54522	.901490	.000000
1.54545	.901516	.000000
1.54568	.901476	.000000
1.54591	.901397	.000000
1.54614	.901451	.000000
1.54638	.901561	.000000
1.54661	.901492	.000000
1.54684	.901441	.000000
1.54707	.901534	.000000
1.5473	.901593	.000000
1.54753	.901607	.000000
1.54776	.901610	.000000
1.54799	.901607	.000000
1.54822	.901698	.000000
1.54845	.901754	.000000
1.54868	.901654	.000000
1.54892	.901563	.000000
1.54915	.901589	.000000
1.54938	.901665	.000000
1.54961	.901598	.000000
1.54984	.901453	.000000
1.55007	.901465	.000000
1.55031	.901633	.000000
1.55054	.901705	.000000
1.55077	.901736	.000000
1.551	.901754	.000000
1.55123	.901658	.000000
1.55146	.901598	.000000
1.5517	.901714	.000000
1.55193	.901757	.000000
1.55216	.901736	.000000
1.55239	.901789	.000000
1.55263	.901906	.000000
1.55286	.901965	.000000
1.55309	.901859	.000000
1.55332	.901663	.000000
1.55356	.901616	.000000
1.55379	.901792	.000000
1.55402	.901879	.000000
1.55426	.901892	.000000
1.55449	.901841	.000000
1.55472	.901879	.000000
1.55495	.901974	.000000
1.55519	.902035	.000000
1.55542	.902014	.000000
1.55565	.901949	.000000
1.55589	.901934	.000000
1.55612	.902049	.000000
1.55636	.902087	.000000
1.55659	.902011	.000000
1.55682	.901955	.000000
1.55706	.901979	.000000
1.55729	.902059	.000000
1.55752	.902073	.000000
1.55776	.902005	.000000
1.55799	.901953	.000000
1.55823	.902025	.000000
1.55846	.902040	.000000
1.55869	.902091	.000000
1.55893	.902156	.000000
1.55916	.902056	.000000
1.5594	.902105	.000000
1.55963	.902215	.000000
1.55987	.902119	.000000
1.5601	.902115	.000000
1.56034	.902190	.000000
1.56057	.902208	.000000
1.56081	.902213	.000000
1.56104	.902259	.000000
1.56128	.902203	.000000
1.56151	.902119	.000000
1.56175	.902136	.000000
1.56198	.902124	.000000
1.56222	.902056	.000000
1.56245	.902133	.000000
1.56269	.902257	.000000
1.56292	.902234	.000000
1.56316	.902173	.000000
1.56339	.902218	.000000
1.56363	.902241	.000000
1.56387	.902257	.000000
1.5641	.902156	.000000
1.56434	.902208	.000000
1.56457	.902264	.000000
1.56481	.902220	.000000
1.56505	.902229	.000000
1.56528	.902215	.000000
1.56552	.902224	.000000
1.56576	.902271	.000000
1.56599	.902236	.000000
1.56623	.902243	.000000
1.56646	.902325	.000000
1.5667	.902337	.000000
1.56694	.902363	.000000
1.56717	.902329	.000000
1.56741	.902290	.000000
1.56765	.902363	.000000
1.56789	.902393	.000000
1.56812	.902425	.000000
1.56836	.902514	.000000
1.5686	.902536	.000000
1.56883	.902398	.000000
1.56907	.902273	.000000
1.56931	.902283	.000000
1.56955	.902384	.000000
1.56978	.902418	.000000
1.57002	.902363	.000000
1.57026	.902393	.000000
1.5705	.902342	.000000
1.57074	.902397	.000000
1.57097	.902449	.000000
1.57121	.902423	.000000
1.57145	.902467	.000000
1.57169	.902592	.000000
1.57193	.902690	.000000
1.57216	.902540	.000000
1.5724	.902451	.000000
1.57264	.902402	.000000
1.57288	.902360	.000000
1.57312	.902432	.000000
1.57336	.902517	.000000
1.5736	.902573	.000000
1.57383	.902622	.000000
1.57407	.902640	.000000
1.57431	.902512	.000000
1.57455	.902386	.000000
1.57479	.902414	.000000
1.57503	.902481	.000000
1.57527	.902507	.000000
1.57551	.902477	.000000
1.57575	.902563	.000000
1.57599	.902612	.000000
1.57623	.902582	.000000
1.57647	.902638	.000000
1.57671	.902641	.000000
1.57695	.902608	.000000
1.57719	.902596	.000000
1.57743	.902629	.000000
1.57767	.902673	.000000
1.57791	.902688	.000000
1.57815	.902680	.000000
1.57839	.902664	.000000
1.57863	.902631	.000000
1.57887	.902657	.000000
1.57911	.902704	.000000
1.57935	.902643	.000000
1.57959	.902655	.000000
1.57983	.902730	.000000
1.58007	.902695	.000000
1.58031	.902674	.000000
1.58055	.902760	.000000
1.58079	.902849	.000000
1.58103	.902806	.000000
1.58127	.902764	.000000
1.58152	.902718	.000000
1.58176	.902681	.000000
1.582	.902594	.000000
1.58224	.902587	.000000
1.58248	.902619	.000000
1.58272	.902640	.000000
1.58296	.902715	.000000
1.58321	.902688	.000000
1.58345	.902685	.000000
1.58369	.902804	.000000
1.58393	.902835	.000000
1.58417	.902739	.000000
1.58442	.902674	.000000
1.58466	.902669	.000000
1.5849	.902722	.000000
1.58514	.902708	.000000
1.58538	.902660	.000000
1.58563	.902681	.000000
1.58587	.902688	.000000
1.58611	.902732	.000000
1.58635	.902792	.000000
1.5866	.902809	.000000
1.58684	.902792	.000000
1.58708	.902861	.000000
1.58733	.902778	.000000
1.58757	.902760	.000000
1.58781	.902826	.000000
1.58806	.902858	.000000
1.5883	.902833	.000000
1.58854	.902785	.000000
1.58879	.902799	.000000
1.58903	.902790	.000000
1.58927	.902800	.000000
1.58952	.902819	.000000
1.58976	.902818	.000000
1.59	.902828	.000000
1.59025	.902800	.000000
1.59049	.902788	.000000
1.59074	.902835	.000000
1.59098	.902863	.000000
1.59122	.902813	.000000
1.59147	.902800	.000000
1.59171	.902833	.000000
1.59196	.902833	.000000
1.5922	.902760	.000000
1.59244	.902751	.000000
1.59269	.902753	.000000
1.59293	.902776	.000000
1.59318	.902830	.000000
1.59342	.902802	.000000
1.59367	.902781	.000000
1.59391	.902917	.000000
1.59416	.902910	.000000
1.5944	.902809	.000000
1.59465	.902793	.000000
1.59489	.902818	.000000
1.59514	.902800	.000000
1.59539	.902807	.000000
1.59563	.902858	.000000
1.59588	.902886	.000000
1.59612	.902891	.000000
1.59637	.902910	.000000
1.59661	.902804	.000000
1.59686	.902823	.000000
1.59711	.902900	.000000
1.59735	.902861	.000000
1.5976	.902999	.000000
1.59784	.903101	.000000
1.59809	.902985	.000000
1.59834	.902898	.000000
1.59858	.902954	.000000
1.59883	.902947	.000000
1.59908	.902868	.000000
1.59932	.902776	.000000
1.59957	.902764	.000000
1.59982	.902825	.000000
1.60006	.902924	.000000
1.60031	.902923	.000000
1.60056	.902923	.000000
1.6008	.902881	.000000
1.60105	.902889	.000000
1.6013	.902980	.000000
1.60155	.902942	.000000
1.60179	.902965	.000000
1.60204	.903008	.000000
1.60229	.903033	.000000
1.60254	.903087	.000000
1.60278	.903033	.000000
1.60303	.902863	.000000
1.60328	.902844	.000000
1.60353	.902933	.000000
1.60377	.902977	.000000
1.60402	.903013	.000000
1.60427	.902989	.000000
1.60452	.902961	.000000
1.60477	.903038	.000000
1.60502	.903115	.000000
1.60526	.903078	.000000
1.60551	.902999	.000000
1.60576	.903024	.000000
1.60601	.903019	.000000
1.60626	.903029	.000000
1.60651	.903057	.000000
1.60676	.903006	.000000
1.60701	.903013	.000000
1.60725	.902987	.000000
1.6075	.902965	.000000
1.60775	.902973	.000000
1.608	.902916	.000000
1.60825	.902886	.000000
1.6085	.903003	.000000
1.60875	.903036	.000000
1.609	.903083	.000000
1.60925	.903087	.000000
1.6095	.903120	.000000
1.60975	.903214	.000000
1.61	.903157	.000000
1.61025	.903048	.000000
1.6105	.903082	.000000
1.61075	.903059	.000000
1.611	.903005	.000000
1.61125	.903101	.000000
1.6115	.903085	.000000
1.61175	.902965	.000000
1.612	.903012	.000000
1.61225	.903087	.000000
1.6125	.903050	.000000
1.61275	.903089	.000000
1.613	.903106	.000000
1.61326	.903059	.000000
1.61351	.903104	.000000
1.61376	.903183	.000000
1.61401	.903171	.000000
1.61426	.903122	.000000
1.61451	.903136	.000000
1.61476	.903207	.000000
1.61501	.903214	.000000
1.61527	.903206	.000000
1.61552	.903160	.000000
1.61577	.903069	.000000
1.61602	.903075	.000000
1.61627	.903153	.000000
1.61652	.903249	.000000
1.61678	.903326	.000000
1.61703	.903283	.000000
1.61728	.903223	.000000
1.61753	.903144	.000000
1.61779	.903066	.000000
1.61804	.903117	.000000
1.61829	.903165	.000000
1.61854	.903204	.000000
1.6188	.903235	.000000
1.61905	.903171	.000000
1.6193	.903211	.000000
1.61955	.903298	.000000
1.61981	.903270	.000000
1.62006	.903153	.000000
1.62031	.903190	.000000
1.62057	.903296	.000000
1.62082	.903286	.000000
1.62107	.903239	.000000
1.62133	.903223	.000000
1.62158	.903244	.000000
1.62183	.903303	.000000
1.62209	.903284	.000000
1.62234	.903253	.000000
1.6226	.903235	.000000
1.62285	.903255	.000000
1.6231	.903265	.000000
1.62336	.903230	.000000
1.62361	.903232	.000000
1.62387	.903235	.000000
1.62412	.903265	.000000
1.62438	.903200	.000000
1.62463	.903277	.000000
1.62488	.903323	.000000
1.62514	.903289	.000000
1.62539	.903192	.000000
1.62565	.903167	.000000
1.6259	.903186	.000000
1.62616	.903228	.000000
1.62641	.903263	.000000
1.62667	.903248	.000000
1.62692	.903213	.000000
1.62718	.903276	.000000
1.62743	.903244	.000000
1.62769	.903258	.000000
1.62795	.903269	.000000
1.6282	.903277	.000000
1.62846	.903305	.000000
1.62871	.903349	.000000
1.62897	.903368	.000000
1.62922	.903246	.000000
1.62948	.903213	.000000
1.62974	.903227	.000000
1.62999	.903296	.000000
1.63025	.903300	.000000
1.63051	.903213	.000000
1.63076	.903228	.000000
1.63102	.903284	.000000
1.63127	.903359	.000000
1.63153	.903469	.000000
1.63179	.903476	.000000
1.63204	.903347	.000000
1.6323	.903235	.000000
1.63256	.903171	.000000
1.63282	.903186	.000000
1.63307	.903300	.000000
1.63333	.903324	.000000
1.63359	.903230	.000000
1.63384	.903225	.000000
1.6341	.903272	.000000
1.63436	.903235	.000000
1.63462	.903204	.000000
1.63488	.903195	.000000
1.63513	.903316	.000000
1.63539	.903321	.000000
1.63565	.903213	.000000
1.63591	.903192	.000000
1.63616	.903176	.000000
1.63642	.903251	.000000
1.63668	.903293	.000000
1.63694	.903279	.000000
1.6372	.903237	.000000
1.63746	.903234	.000000
1.63772	.903317	.000000
1.63797	.903333	.000000
1.63823	.903262	.000000
1.63849	.903151	.000000
1.63875	.903206	.000000
1.63901	.903214	.000000
1.63927	.903221	.000000
1.63953	.903249	.000000
1.63979	.903249	.000000
1.64005	.903251	.000000
1.64031	.903234	.000000
1.64057	.903246	.000000
1.64083	.903249	.000000
1.64108	.903300	.000000
1.64134	.903276	.000000
1.6416	.903235	.000000
1.64186	.903188	.000000
1.64212	.903158	.000000
1.64238	.903125	.000000
1.64264	.903120	.000000
1.6429	.903146	.000000
1.64317	.903136	.000000
1.64343	.903155	.000000
1.64369	.903104	.000000
1.64395	.903087	.000000
1.64421	.903162	.000000
1.64447	.903269	.000000
1.64473	.903234	.000000
1.64499	.903200	.000000
1.64525	.903269	.000000
1.64551	.903267	.000000
1.64577	.903202	.000000
1.64603	.903179	.000000
1.6463	.903241	.000000
1.64656	.903225	.000000
1.64682	.903144	.000000
1.64708	.903185	.000000
1.64734	.903200	.000000
1.6476	.903160	.000000
1.64787	.903164	.000000
1.64813	.903186	.000000
1.64839	.903167	.000000
1.64865	.903172	.000000
1.64891	.903232	.000000
1.64918	.903204	.000000
1.64944	.903195	.000000
1.6497	.903260	.000000
1.64996	.903277	.000000
1.65023	.903253	.000000
1.65049	.903228	.000000
1.65075	.903206	.000000
1.65101	.903113	.000000
1.65128	.902991	.000000
1.65154	.902982	.000000
1.6518	.903075	.000000
1.65207	.903111	.000000
1.65233	.903136	.000000
1.65259	.903186	.000000
1.65286	.903181	.000000
1.65312	.903155	.000000
1.65338	.903183	.000000
1.65365	.903211	.000000
1.65391	.903267	.000000
1.65417	.903206	.000000
1.65444	.903239	.000000
1.6547	.903344	.000000
1.65497	.903319	.000000
1.65523	.903225	.000000
1.65549	.903167	.000000
1.65576	.903090	.000000
1.65602	.903094	.000000
1.65629	.903188	.000000
1.65655	.903188	.000000
1.65682	.903130	.000000
1.65708	.903057	.000000
1.65735	.903061	.000000
1.65761	.903153	.000000
1.65788	.903185	.000000
1.65814	.903179	.000000
1.65841	.903157	.000000
1.65867	.903186	.000000
1.65894	.903162	.000000
1.6592	.903096	.000000
1.65947	.903150	.000000
1.65973	.903200	.000000
1.66	.903150	.000000
1.66027	.903115	.000000
1.66053	.903106	.000000
1.6608	.903186	.000000
1.66106	.903276	.000000
1.66133	.903291	.000000
1.6616	.903190	.000000
1.66186	.903148	.000000
1.66213	.903193	.000000
1.66239	.903260	.000000
1.66266	.903340	.000000
1.66293	.903344	.000000
1.66319	.903220	.000000
1.66346	.903125	.000000
1.66373	.903188	.000000
1.664	.903183	.000000
1.66426	.903144	.000000
1.66453	.903211	.000000
1.6648	.903239	.000000
1.66506	.903167	.000000
1.66533	.903125	.000000
1.6656	.903059	.000000
1.66587	.903043	.000000
1.66613	.903110	.000000
1.6664	.903111	.000000
1.66667	.903092	.000000
1.66694	.903162	.000000
1.66721	.903253	.000000
1.66747	.903209	.000000
1.66774	.903134	.000000
1.66801	.903183	.000000
1.66828	.903169	.000000
1.66855	.903087	.000000
1.66882	.903151	.000000
1.66908	.903228	.000000
1.66935	.903199	.000000
1.66962	.903101	.000000
1.66989	.903066	.000000
1.67016	.903024	.000000
1.67043	.903043	.000000
1.6707	.903096	.000000
1.67097	.903075	.000000
1.67124	.903052	.000000
1.67151	.903115	.000000
1.67178	.903242	.000000
1.67204	.903235	.000000
1.67231	.903157	.000000
1.67258	.903164	.000000
1.67285	.903178	.000000
1.67312	.903134	.000000
1.67339	.903108	.000000
1.67366	.903151	.000000
1.67393	.903186	.000000
1.6742	.903151	.000000
1.67447	.903150	.000000
1.67474	.903167	.000000
1.67502	.903178	.000000
1.67529	.903213	.000000
1.67556	.903164	.000000
1.67583	.903094	.000000
1.6761	.903113	.000000
1.67637	.903197	.000000
1.67664	.903199	.000000
1.67691	.903183	.000000
1.67718	.903085	.000000
1.67745	.903087	.000000
1.67773	.903232	.000000
1.678	.903155	.000000
1.67827	.903062	.000000
1.67854	.903160	.000000
1.67881	.903162	.000000
1.67908	.903092	.000000
1.67936	.903066	.000000
1.67963	.903085	.000000
1.6799	.903097	.000000
1.68017	.903117	.000000
1.68044	.903083	.000000
1.68072	.903045	.000000
1.68099	.903050	.000000
1.68126	.903120	.000000
1.68153	.903146	.000000
1.68181	.903141	.000000
1.68208	.903120	.000000
1.68235	.903041	.000000
1.68263	.903010	.000000
1.6829	.903064	.000000
1.68317	.903075	.000000
1.68345	.903111	.000000
1.68372	.903143	.000000
1.68399	.903127	.000000
1.68427	.903143	.000000
1.68454	.903078	.000000
1.68481	.903089	.000000
1.68509	.903089	.000000
1.68536	.903055	.000000
1.68563	.903078	.000000
1.68591	.903015	.000000
1.68618	.903026	.000000
1.68646	.903127	.000000
1.68673	.903143	.000000
1.68701	.903106	.000000
1.68728	.903066	.000000
1.68755	.903110	.000000
1.68783	.903111	.000000
1.6881	.903104	.000000
1.68838	.903110	.000000
1.68865	.903183	.000000
1.68893	.903158	.000000
1.6892	.903150	.000000
1.68948	.903169	.000000
1.68976	.903078	.000000
1.69003	.903038	.000000
1.69031	.903026	.000000
1.69058	.902978	.000000
1.69086	.903061	.000000
1.69113	.903085	.000000
1.69141	.903066	.000000
1.69168	.902996	.000000
1.69196	.903050	.000000
1.69224	.903097	.000000
1.69251	.902963	.000000
1.69279	.902910	.000000
1.69307	.903026	.000000
1.69334	.903117	.000000
1.69362	.903083	.000000
1.6939	.902938	.000000
1.69417	.902924	.000000
1.69445	.902954	.000000
1.69473	.902938	.000000
1.695	.902928	.000000
1.69528	.902916	.000000
1.69556	.902849	.000000
1.69583	.902778	.000000
1.69611	.902795	.000000
1.69639	.902839	.000000
1.69667	.902868	.000000
1.69694	.902886	.000000
1.69722	.902917	.000000
1.6975	.902896	.000000
1.69778	.902912	.000000
1.69806	.902896	.000000
1.69833	.902854	.000000
1.69861	.902847	.000000
1.69889	.902895	.000000
1.69917	.902924	.000000
1.69945	.902882	.000000
1.69973	.902849	.000000
1.7	.902860	.000000
1.70028	.902840	.000000
1.70056	.902840	.000000
1.70084	.902774	.000000
1.70112	.902813	.000000
1.7014	.902799	.000000
1.70168	.902806	.000000
1.70196	.902828	.000000
1.70224	.902818	.000000
1.70252	.902774	.000000
1.7028	.902732	.000000
1.70308	.902837	.000000
1.70336	.902856	.000000
1.70364	.902860	.000000
1.70392	.902846	.000000
1.7042	.902828	.000000
1.70448	.902900	.000000
1.70476	.902898	.000000
1.70504	.902842	.000000
1.70532	.902842	.000000
1.7056	.902935	.000000
1.70588	.902947	.000000
1.70616	.902879	.000000
1.70644	.902790	.000000
1.70672	.902741	.000000
1.707	.902790	.000000
1.70728	.902874	.000000
1.70756	.902765	.000000
1.70784	.902631	.000000
1.70813	.902647	.000000
1.70841	.902687	.000000
1.70869	.902659	.000000
1.70897	.902711	.000000
1.70925	.902746	.000000
1.70953	.902694	.000000
1.70982	.902655	.000000
1.7101	.902612	.000000
1.71038	.902624	.000000
1.71066	.902697	.000000
1.71094	.902709	.000000
1.71123	.902694	.000000
1.71151	.902626	.000000
1.71179	.902571	.000000
1.71207	.902631	.000000
1.71236	.902626	.000000
1.71264	.902571	.000000
1.71292	.902557	.000000
1.71321	.902587	.000000
1.71349	.902619	.000000
1.71377	.902688	.000000
1.71405	.902622	.000000
1.71434	.902592	.000000
1.71462	.902645	.000000
1.71491	.902584	.000000
1.71519	.902517	.000000
1.71547	.902479	.000000
1.71576	.902491	.000000
1.71604	.902461	.000000
1.71632	.902444	.000000
1.71661	.902451	.000000
1.71689	.902495	.000000
1.71718	.902540	.000000
1.71746	.902542	.000000
1.71775	.902517	.000000
1.71803	.902482	.000000
1.71832	.902505	.000000
1.7186	.902405	.000000
1.71888	.902355	.000000
1.71917	.902454	.000000
1.71945	.902463	.000000
1.71974	.902411	.000000
1.72003	.902386	.000000
1.72031	.902386	.000000
1.7206	.902376	.000000
1.72088	.902344	.000000
1.72117	.902386	.000000
1.72145	.902475	.000000
1.72174	.902430	.000000
1.72202	.902430	.000000
1.72231	.902470	.000000
1.7226	.902419	.000000
1.72288	.902356	.000000
1.72317	.902297	.000000
1.72346	.902297	.000000
1.72374	.902309	.000000
1.72403	.902346	.000000
1.72432	.902334	.000000
1.7246	.902292	.000000
1.72489	.902308	.000000
1.72518	.902327	.000000
1.72546	.902266	.000000
1.72575	.902239	.000000
1.72604	.902229	.000000
1.72632	.902274	.000000
1.72661	.902287	.000000
1.7269	.902281	.000000
1.72719	.902322	.000000
1.72748	.902232	.000000
1.72776	.902229	.000000
1.72805	.902260	.000000
1.72834	.902337	.000000
1.72863	.902281	.000000
1.72892	.902274	.000000
1.7292	.902327	.000000
1.72949	.902329	.000000
1.72978	.902322	.000000
1.73007	.902306	.000000
1.73036	.902173	.000000
1.73065	.902222	.000000
1.73094	.902386	.000000
1.73122	.902337	.000000
1.73151	.902287	.000000
1.7318	.902267	.000000
1.73209	.902288	.000000
1.73238	.902246	.000000
1.73267	.902152	.000000
1.73296	.902241	.000000
1.73325	.902320	.000000
1.73354	.902269	.000000
1.73383	.902260	.000000
1.73412	.902278	.000000
1.73441	.902288	.000000
1.7347	.902271	.000000
1.73499	.902257	.000000
1.73528	.902294	.000000
1.73557	.902341	.000000
1.73586	.902308	.000000
1.73615	.902250	.000000
1.73644	.902190	.000000
1.73673	.902203	.000000
1.73702	.902308	.000000
1.73732	.902292	.000000
1.73761	.902250	.000000
1.7379	.902245	.000000
1.73819	.902229	.000000
1.73848	.902213	.000000
1.73877	.902224	.000000
1.73906	.902315	.000000
1.73936	.902304	.000000
1.73965	.902264	.000000
1.73994	.902246	.000000
1.74023	.902267	.000000
1.74052	.902341	.000000
1.74082	.902356	.000000
1.74111	.902224	.000000
1.7414	.902136	.000000
1.74169	.902201	.000000
1.74199	.902283	.000000
1.74228	.902241	.000000
1.74257	.902243	.000000
1.74286	.902264	.000000
1.74316	.902190	.000000
1.74345	.902241	.000000
1.74374	.902309	.000000
1.74404	.902253	.000000
1.74433	.902194	.000000
1.74462	.902225	.000000
1.74492	.902253	.000000
1.74521	.902280	.000000
1.7455	.902222	.000000
1.7458	.902124	.000000
1.74609	.902145	.000000
1.74639	.902166	.000000
1.74668	.902105	.000000
1.74697	.902135	.000000
1.74727	.902133	.000000
1.74756	.902147	.000000
1.74786	.902147	.000000
1.74815	.902152	.000000
1.74845	.902203	.000000
1.74874	.902225	.000000
1.74904	.902150	.000000
1.74933	.902119	.000000
1.74963	.902147	.000000
1.74992	.902080	.000000
1.75022	.902089	.000000
1.75051	.902089	.000000
1.75081	.902068	.000000
1.7511	.902052	.000000
1.7514	.902033	.000000
1.7517	.902040	.000000
1.75199	.902054	.000000
1.75229	.902080	.000000
1.75258	.902110	.000000
1.75288	.902147	.000000
1.75318	.902093	.000000
1.75347	.902068	.000000
1.75377	.902058	.000000
1.75407	.902021	.000000
1.75436	.901970	.000000
1.75466	.901934	.000000
1.75496	.901923	.000000
1.75525	.901960	.000000
1.75555	.902049	.000000
1.75585	.902045	.000000
1.75615	.902028	.000000
1.75644	.902016	.000000
1.75674	.901930	.000000
1.75704	.901918	.000000
1.75734	.902016	.000000
1.75763	.902049	.000000
1.75793	.901981	.000000
1.75823	.901874	.000000
1.75853	.901806	.000000
1.75883	.901766	.000000
1.75913	.901792	.000000
1.75942	.901843	.000000
1.75972	.901811	.000000
1.76002	.901831	.000000
1.76032	.901834	.000000
1.76062	.901853	.000000
1.76092	.901848	.000000
1.76122	.901825	.000000
1.76152	.901831	.000000
1.76181	.901883	.000000
1.76211	.901872	.000000
1.76241	.901824	.000000
1.76271	.901794	.000000
1.76301	.901792	.000000
1.76331	.901799	.000000
1.76361	.901824	.000000
1.76391	.901892	.000000
1.76421	.901862	.000000
1.76451	.901839	.000000
1.76481	.901820	.000000
1.76511	.901736	.000000
1.76541	.901715	.000000
1.76572	.901768	.000000
1.76602	.901806	.000000
1.76632	.901796	.000000
1.76662	.901748	.000000
1.76692	.901748	.000000
1.76722	.901824	.000000
1.76752	.901787	.000000
1.76782	.901701	.000000
1.76812	.901736	.000000
1.76843	.901806	.000000
1.76873	.901782	.000000
1.76903	.901694	.000000
1.76933	.901682	.000000
1.76963	.901689	.000000
1.76993	.901679	.000000
1.77024	.901679	.000000
1.77054	.901684	.000000
1.77084	.901700	.000000
1.77114	.901782	.000000
1.77145	.901780	.000000
1.77175	.901712	.000000
1.77205	.901715	.000000
1.77235	.901694	.000000
1.77266	.901638	.000000
1.77296	.901558	.000000
1.77326	.901574	.000000
1.77357	.901691	.000000
1.77387	.901734	.000000
1.77417	.901686	.000000
1.77448	.901640	.000000
1.77478	.901640	.000000
1.77508	.901617	.000000
1.77539	.901584	.000000
1.77569	.901600	.000000
1.776	.901555	.000000
1.7763	.901561	.000000
1.77661	.901619	.000000
1.77691	.901542	.000000
1.77721	.901476	.000000
1.77752	.901455	.000000
1.77782	.901485	.000000
1.77813	.901581	.000000
1.77843	.901567	.000000
1.77874	.901544	.000000
1.77904	.901539	.000000
1.77935	.901572	.000000
1.77965	.901665	.000000
1.77996	.901595	.000000
1.78027	.901493	.000000
1.78057	.901586	.000000
1.78088	.901588	.000000
1.78118	.901525	.000000
1.78149	.901476	.000000
1.7818	.901492	.000000
1.7821	.901546	.000000
1.78241	.901565	.000000
1.78271	.901490	.000000
1.78302	.901418	.000000
1.78333	.901485	.000000
1.78363	.901520	.000000
1.78394	.901499	.000000
1.78425	.901534	.000000
1.78455	.901534	.000000
1.78486	.901472	.000000
1.78517	.901437	.000000
1.78548	.901455	.000000
1.78578	.901443	.000000
1.78609	.901340	.000000
1.7864	.901310	.000000
1.78671	.901420	.000000
1.78702	.901413	.000000
1.78732	.901387	.000000
1.78763	.901437	.000000
1.78794	.901401	.000000
1.78825	.901357	.000000
1.78856	.901266	.000000
1.78886	.901285	.000000
1.78917	.901368	.000000
1.78948	.901457	.000000
1.78979	.901457	.000000
1.7901	.901376	.000000
1.79041	.901277	.000000
1.79072	.901233	.000000
1.79103	.901317	.000000
1.79134	.901411	.000000
1.79165	.901389	.000000
1.79196	.901336	.000000
1.79227	.901340	.000000
1.79258	.901371	.000000
1.79289	.901357	.000000
1.7932	.901343	.000000
1.79351	.901317	.000000
1.79382	.901287	.000000
1.79413	.901317	.000000
1.79444	.901368	.000000
1.79475	.901375	.000000
1.79506	.901333	.000000
1.79537	.901280	.000000
1.79568	.901291	.000000
1.79599	.901284	.000000
1.7963	.901205	.000000
1.79661	.901195	.000000
1.79692	.901212	.000000
1.79724	.901188	.000000
1.79755	.901252	.000000
1.79786	.901249	.000000
1.79817	.901081	.000000
1.79848	.901016	.000000
1.79879	.901074	.000000
1.79911	.901116	.000000
1.79942	.901142	.000000
1.79973	.901165	.000000
1.80004	.901237	.000000
1.80036	.901289	.000000
1.80067	.901188	.000000
1.80098	.901105	.000000
1.80129	.901137	.000000
1.80161	.901189	.000000
1.80192	.901216	.000000
1.80223	.901175	.000000
1.80255	.901079	.000000
1.80286	.901022	.000000
1.80317	.901074	.000000
1.80349	.901126	.000000
1.8038	.901177	.000000
1.80411	.901245	.000000
1.80443	.901182	.000000
1.80474	.901109	.000000
1.80506	.901128	.000000
1.80537	.901051	.000000
1.80569	.900992	.000000
1.806	.901032	.000000
1.80631	.901062	.000000
1.80663	.901114	.000000
1.80694	.901078	.000000
1.80726	.901037	.000000
1.80757	.901058	.000000
1.80789	.901008	.000000
1.8082	.900936	.000000
1.80852	.900966	.000000
1.80884	.901055	.000000
1.80915	.901128	.000000
1.80947	.901062	.000000
1.80978	.900966	.000000
1.8101	.900929	.000000
1.81041	.900934	.000000
1.81073	.900946	.000000
1.81105	.900934	.000000
1.81136	.900950	.000000
1.81168	.900966	.000000
1.812	.900950	.000000
1.81231	.900884	.000000
1.81263	.900863	.000000
1.81295	.900864	.000000
1.81326	.900964	.000000
1.81358	.900957	.000000
1.8139	.900857	.000000
1.81422	.900817	.000000
1.81453	.900817	.000000
1.81485	.900822	.000000
1.81517	.900805	.000000
1.81549	.900842	.000000
1.8158	.900946	.000000
1.81612	.901015	.000000
1.81644	.900957	.000000
1.81676	.900910	.000000
1.81708	.900864	.000000
1.8174	.900882	.000000
1.81771	.900877	.000000
1.81803	.900843	.000000
1.81835	.900763	.000000
1.81867	.900676	.000000
1.81899	.900794	.000000
1.81931	.900854	.000000
1.81963	.900824	.000000
1.81995	.900828	.000000
1.82027	.900688	.000000
1.82059	.900642	.000000
1.82091	.900719	.000000
1.82123	.900815	.000000
1.82155	.900814	.000000
1.82187	.900723	.000000
1.82219	.900672	.000000
1.82251	.900646	.000000
1.82283	.900653	.000000
1.82315	.900690	.000000
1.82347	.900721	.000000
1.82379	.900726	.000000
1.82411	.900740	.000000
1.82443	.900711	.000000
1.82475	.900662	.000000
1.82507	.900742	.000000
1.82539	.900726	.000000
1.82571	.900702	.000000
1.82604	.900599	.000000
1.82636	.900524	.000000
1.82668	.900606	.000000
1.827	.900571	.000000
1.82732	.900574	.000000
1.82765	.900611	.000000
1.82797	.900618	.000000
1.82829	.900641	.000000
1.82861	.900658	.000000
1.82893	.900609	.000000
1.82926	.900588	.000000
1.82958	.900573	.000000
1.8299	.900562	.000000
1.83023	.900524	.000000
1.83055	.900511	.000000
1.83087	.900506	.000000
1.8312	.900496	.000000
1.83152	.900532	.000000
1.83184	.900539	.000000
1.83217	.900468	.000000
1.83249	.900428	.000000
1.83281	.900429	.000000
1.83314	.900414	.000000
1.83346	.900428	.000000
1.83379	.900504	.000000
1.83411	.900443	.000000
1.83443	.900351	.000000
1.83476	.900431	.000000
1.83508	.900419	.000000
1.83541	.900407	.000000
1.83573	.900398	.000000
1.83606	.900260	.000000
1.83638	.900153	.000000
1.83671	.900206	.000000
1.83703	.900235	.000000
1.83736	.900298	.000000
1.83769	.900258	.000000
1.83801	.900190	.000000
1.83834	.900274	.000000
1.83866	.900337	.000000
1.83899	.900396	.000000
1.83932	.900359	.000000
1.83964	.900207	.000000
1.83997	.900206	.000000
1.8403	.900338	.000000
1.84062	.900321	.000000
1.84095	.900237	.000000
1.84128	.900171	.000000
1.8416	.900131	.000000
1.84193	.900082	.000000
1.84226	.900092	.000000
1.84258	.900143	.000000
1.84291	.900141	.000000
1.84324	.900188	.000000
1.84357	.900228	.000000
1.84389	.900155	.000000
1.84422	.900071	.000000
1.84455	.900085	.000000
1.84488	.900122	.000000
1.84521	.900151	.000000
1.84554	.900190	.000000
1.84586	.900206	.000000
1.84619	.900129	.000000
1.84652	.900078	.000000
1.84685	.899958	.000000
1.84718	.899907	.000000
1.84751	.899963	.000000
1.84784	.899905	.000000
1.84817	.899958	.000000
1.8485	.900029	.000000
1.84883	.899998	.000000
1.84916	.899992	.000000
1.84949	.900057	.000000
1.84982	.900110	.000000
1.85015	.900089	.000000
1.85048	.900064	.000000
1.85081	.899996	.000000
1.85114	.899951	.000000
1.85147	.899949	.000000
1.8518	.899992	.000000
1.85213	.900045	.000000
1.85246	.899987	.000000
1.85279	.899886	.000000
1.85312	.899835	.000000
1.85345	.899793	.000000
1.85378	.899709	.000000
1.85412	.899762	.000000
1.85445	.899840	.000000
1.85478	.899875	.000000
1.85511	.899849	.000000
1.85544	.899877	.000000
1.85577	.899931	.000000
1.85611	.899888	.000000
1.85644	.899760	.000000
1.85677	.899737	.000000
1.8571	.899795	.000000
1.85744	.899802	.000000
1.85777	.899835	.000000
1.8581	.899835	.000000
1.85843	.899854	.000000
1.85877	.899889	.000000
1.8591	.899846	.000000
1.85943	.899676	.000000
1.85977	.899573	.000000
1.8601	.899701	.000000
1.86044	.899716	.000000
1.86077	.899697	.000000
1.8611	.899764	.000000
1.86144	.899723	.000000
1.86177	.899669	.000000
1.86211	.899694	.000000
1.86244	.899634	.000000
1.86277	.899570	.000000
1.86311	.899622	.000000
1.86344	.899620	.000000
1.86378	.899536	.000000
1.86411	.899482	.000000
1.86445	.899488	.000000
1.86478	.899495	.000000
1.86512	.899522	.000000
1.86546	.899589	.000000
1.86579	.899596	.000000
1.86613	.899451	.000000
1.86646	.899315	.000000
1.8668	.899322	.000000
1.86714	.899362	.000000
1.86747	.899329	.000000
1.86781	.899252	.000000
1.86814	.899215	.000000
1.86848	.899304	.000000
1.86882	.899344	.000000
1.86915	.899295	.000000
1.86949	.899259	.000000
1.86983	.899215	.000000
1.87017	.899154	.000000
1.8705	.899014	.000000
1.87084	.898825	.000000
1.87118	.898887	.000000
1.87152	.899042	.000000
1.87185	.899110	.000000
1.87219	.899033	.000000
1.87253	.898909	.000000
1.87287	.898776	.000000
1.87321	.898741	.000000
1.87354	.898766	.000000
1.87388	.898787	.000000
1.87422	.898836	.000000
1.87456	.898818	.000000
1.8749	.898731	.000000
1.87524	.898624	.000000
1.87558	.898640	.000000
1.87592	.898696	.000000
1.87626	.898616	.000000
1.8766	.898523	.000000
1.87694	.898406	.000000
1.87728	.898355	.000000
1.87762	.898427	.000000
1.87796	.898399	.000000
1.8783	.898329	.000000
1.87864	.898258	.000000
1.87898	.898209	.000000
1.87932	.898230	.000000
1.87966	.898233	.000000
1.88	.898151	.000000
1.88034	.898027	.000000
1.88068	.897929	.000000
1.88102	.897873	.000000
1.88136	.897875	.000000
1.8817	.897819	.000000
1.88205	.897705	.000000
1.88239	.897620	.000000
1.88273	.897571	.000000
1.88307	.897522	.000000
1.88341	.897400	.000000
1.88376	.897291	.000000
1.8841	.897286	.000000
1.88444	.897277	.000000
1.88478	.897183	.000000
1.88513	.897089	.000000
1.88547	.897012	.000000
1.88581	.896938	.000000
1.88615	.896844	.000000
1.8865	.896697	.000000
1.88684	.896610	.000000
1.88718	.896627	.000000
1.88753	.896521	.000000
1.88787	.896371	.000000
1.88821	.896231	.000000
1.88856	.896094	.000000
1.8889	.896112	.000000
1.88925	.896087	.000000
1.88959	.895970	.000000
1.88994	.895738	.000000
1.89028	.895576	.000000
1.89062	.895581	.000000
1.89097	.895488	.000000
1.89131	.895394	.000000
1.89166	.895259	.000000
1.892	.895034	.000000
1.89235	.894880	.000000
1.89269	.894842	.000000
1.89304	.894712	.000000
1.89339	.894532	.000000
1.89373	.894394	.000000
1.89408	.894221	.000000
1.89442	.894050	.000000
1.89477	.893888	.000000
1.89512	.893786	.000000
1.89546	.893610	.000000
1.89581	.893398	.000000
1.89616	.893239	.000000
1.8965	.893115	.000000
1.89685	.892976	.000000
1.8972	.892721	.000000
1.89754	.892509	.000000
1.89789	.892410	.000000
1.89824	.892298	.000000
1.89859	.892079	.000000
1.89893	.891908	.000000
1.89928	.891704	.000000
1.89963	.891532	.000000
1.89998	.891529	.000000
1.90033	.891382	.000000
1.90067	.891169	.000000
1.90102	.891076	.000000
1.90137	.890987	.000000
1.90172	.890867	.000000
1.90207	.890715	.000000
1.90242	.890585	.000000
1.90277	.890498	.000000
1.90312	.890437	.000000
1.90346	.890376	.000000
1.90381	.890301	.000000
1.90416	.890198	.000000
1.90451	.890056	.000000
1.90486	.889906	.000000
1.90521	.889733	.000000
1.90556	.889721	.000000
1.90591	.889752	.000000
1.90626	.889701	.000000
1.90661	.889624	.000000
1.90697	.889586	.000000
1.90732	.889579	.000000
1.90767	.889427	.000000
1.90802	.889343	.000000
1.90837	.889404	.000000
1.90872	.889450	.000000
1.90907	.889380	.000000
1.90942	.889350	.000000
1.90977	.889366	.000000
1.91013	.889273	.000000
1.91048	.889148	.000000
1.91083	.889088	.000000
1.91118	.889020	.000000
1.91154	.888962	.000000
1.91189	.888959	.000000
1.91224	.889018	.000000
1.91259	.889109	.000000
1.91295	.889069	.000000
1.9133	.888943	.000000
1.91365	.888833	.000000
1.91401	.888849	.000000
1.91436	.888885	.000000
1.91471	.888905	.000000
1.91507	.888961	.000000
1.91542	.888999	.000000
1.91577	.888969	.000000
1.91613	.888915	.000000
1.91648	.888926	.000000
1.91684	.888929	.000000
1.91719	.888985	.000000
1.91754	.888985	.000000
1.9179	.888924	.000000
1.91825	.888966	.000000
1.91861	.889062	.000000
1.91896	.889062	.000000
1.91932	.888987	.000000
1.91967	.888964	.000000
1.92003	.889032	.000000
1.92039	.889029	.000000
1.92074	.889046	.000000
1.9211	.889130	.000000
1.92145	.889158	.000000
1.92181	.889209	.000000
1.92217	.889256	.000000
1.92252	.889237	.000000
1.92288	.889265	.000000
1.92323	.889345	.000000
1.92359	.889357	.000000
1.92395	.889306	.000000
1.92431	.889305	.000000
1.92466	.889404	.000000
1.92502	.889509	.000000
1.92538	.889525	.000000
1.92573	.889523	.000000
1.92609	.889562	.000000
1.92645	.889618	.000000
1.92681	.889607	.000000
1.92717	.889583	.000000
1.92752	.889611	.000000
1.92788	.889656	.000000
1.92824	.889616	.000000
1.9286	.889490	.000000
1.92896	.889551	.000000
1.92932	.889689	.000000
1.92968	.889764	.000000
1.93004	.889808	.000000
1.9304	.889834	.000000
1.93075	.889825	.000000
1.93111	.889901	.000000
1.93147	.889976	.000000
1.93183	.889944	.000000
1.93219	.889983	.000000
1.93255	.890058	.000000
1.93291	.890163	.000000
1.93327	.890178	.000000
1.93364	.890145	.000000
1.934	.890140	.000000
1.93436	.890198	.000000
1.93472	.890240	.000000
1.93508	.890245	.000000
1.93544	.890238	.000000
1.9358	.890299	.000000
1.93616	.890430	.000000
1.93652	.890465	.000000
1.93689	.890484	.000000
1.93725	.890435	.000000
1.93761	.890332	.000000
1.93797	.890374	.000000
1.93833	.890442	.000000
1.9387	.890402	.000000
1.93906	.890496	.000000
1.93942	.890624	.000000
1.93978	.890620	.000000
1.94015	.890608	.000000
1.94051	.890622	.000000
1.94087	.890654	.000000
1.94124	.890750	.000000
1.9416	.890779	.000000
1.94196	.890739	.000000
1.94233	.890710	.000000
1.94269	.890723	.000000
1.94306	.890895	.000000
1.94342	.890961	.000000
1.94378	.890926	.000000
1.94415	.890849	.000000
1.94451	.890809	.000000
1.94488	.890942	.000000
1.94524	.891050	.000000
1.94561	.890989	.000000
1.94597	.891034	.000000
1.94634	.891043	.000000
1.9467	.890994	.000000
1.94707	.891054	.000000
1.94743	.891143	.000000
1.9478	.891157	.000000
1.94817	.891143	.000000
1.94853	.891152	.000000
1.9489	.891155	.000000
1.94926	.891199	.000000
1.94963	.891214	.000000
1.95	.891220	.000000
1.95036	.891258	.000000
1.95073	.891337	.000000
1.9511	.891379	.000000
1.95147	.891321	.000000
1.95183	.891279	.000000
1.9522	.891325	.000000
1.95257	.891359	.000000
1.95294	.891352	.000000
1.9533	.891311	.000000
1.95367	.891274	.000000
1.95404	.891270	.000000
1.95441	.891290	.000000
1.95478	.891307	.000000
1.95515	.891314	.000000
1.95551	.891358	.000000
1.95588	.891359	.000000
1.95625	.891389	.000000
1.95662	.891426	.000000
1.95699	.891459	.000000
1.95736	.891513	.000000
1.95773	.891442	.000000
1.9581	.891400	.000000
1.95847	.891457	.000000
1.95884	.891527	.000000
1.95921	.891536	.000000
1.95958	.891489	.000000
1.95995	.891461	.000000
1.96032	.891456	.000000
1.96069	.891473	.000000
1.96106	.891548	.000000
1.96143	.891595	.000000
1.9618	.891564	.000000
1.96217	.891531	.000000
1.96255	.891480	.000000
1.96292	.891517	.000000
1.96329	.891597	.000000
1.96366	.891616	.000000
1.96403	.891592	.000000
1.9644	.891601	.000000
1.96478	.891613	.000000
1.96515	.891648	.000000
1.96552	.891657	.000000
1.96589	.891602	.000000
1.96627	.891580	.000000
1.96664	.891594	.000000
1.96701	.891653	.000000
1.96739	.891684	.000000
1.96776	.891625	.000000
1.96813	.891657	.000000
1.96851	.891648	.000000
1.96888	.891726	.000000
1.96925	.891761	.000000
1.96963	.891691	.000000
1.97	.891636	.000000
1.97038	.891643	.000000
1.97075	.891625	.000000
1.97113	.891634	.000000
1.9715	.891683	.000000
1.97188	.891615	.000000
1.97225	.891602	.000000
1.97263	.891667	.000000
1.973	.891648	.000000
1.97338	.891615	.000000
1.97375	.891611	.000000
1.97413	.891620	.000000
1.9745	.891637	.000000
1.97488	.891627	.000000
1.97526	.891646	.000000
1.97563	.891646	.000000
1.97601	.891622	.000000
1.97639	.891646	.000000
1.97676	.891683	.000000
1.97714	.891730	.000000
1.97752	.891758	.000000
1.97789	.891601	.000000
1.97827	.891522	.000000
1.97865	.891583	.000000
1.97903	.891623	.000000
1.9794	.891683	.000000
1.97978	.891662	.000000
1.98016	.891618	.000000
1.98054	.891608	.000000
1.98092	.891576	.000000
1.98129	.891559	.000000
1.98167	.891595	.000000
1.98205	.891646	.000000
1.98243	.891733	.000000
1.98281	.891737	.000000
1.98319	.891704	.000000
1.98357	.891691	.000000
1.98395	.891684	.000000
1.98433	.891636	.000000
1.98471	.891620	.000000
1.98509	.891616	.000000
1.98547	.891541	.000000
1.98585	.891522	.000000
1.98623	.891592	.000000
1.98661	.891587	.000000
1.98699	.891636	.000000
1.98737	.891726	.000000
1.98775	.891711	.000000
1.98813	.891684	.000000
1.98851	.891641	.000000
1.98889	.891604	.000000
1.98928	.891665	.000000
1.98966	.891660	.000000
1.99004	.891606	.000000
1.99042	.891611	.000000
1.9908	.891618	.000000
1.99119	.891585	.000000
1.99157	.891548	.000000
1.99195	.891587	.000000
1.99233	.891585	.000000
1.99272	.891601	.000000
1.9931	.891590	.000000
1.99348	.891543	.000000
1.99387	.891510	.000000
1.99425	.891496	.000000
1.99463	.891525	.000000
1.99502	.891491	.000000
1.9954	.891456	.000000
1.99578	.891517	.000000
1.99617	.891464	.000000
1.99655	.891410	.000000
1.99694	.891435	.000000
1.99732	.891548	.000000
1.99771	.891567	.000000
1.99809	.891475	.000000
1.99848	.891447	.000000
1.99886	.891513	.000000
1.99925	.891567	.000000
1.99963	.891520	.000000
2.00002	.891468	.000000
2.00041	.891498	.000000
2.00079	.891560	.000000
2.00118	.891595	.000000
2.00156	.891510	.000000
2.00195	.891518	.000000
2.00234	.891510	.000000
2.00272	.891464	.000000
2.00311	.891443	.000000
2.0035	.891380	.000000
2.00388	.891412	.000000
2.00427	.891457	.000000
2.00466	.891477	.000000
2.00505	.891552	.000000
2.00543	.891532	.000000
2.00582	.891440	.000000
2.00621	.891426	.000000
2.0066	.891489	.000000
2.00699	.891520	.000000
2.00738	.891573	.000000
2.00776	.891585	.000000
2.00815	.891532	.000000
2.00854	.891501	.000000
2.00893	.891435	.000000
2.00932	.891440	.000000
2.00971	.891475	.000000
2.0101	.891389	.000000
2.01049	.891408	.000000
2.01088	.891539	.000000
2.01127	.891536	.000000
2.01166	.891504	.000000
2.01205	.891459	.000000
2.01244	.891473	.000000
2.01283	.891539	.000000
2.01322	.891498	.000000
2.01361	.891440	.000000
2.014	.891449	.000000
2.01439	.891407	.000000
2.01479	.891321	.000000
2.01518	.891309	.000000
2.01557	.891358	.000000
2.01596	.891384	.000000
2.01635	.891391	.000000
2.01675	.891359	.000000
2.01714	.891396	.000000
2.01753	.891417	.000000
2.01792	.891445	.000000
2.01832	.891473	.000000
2.01871	.891468	.000000
2.0191	.891415	.000000
2.01949	.891373	.000000
2.01989	.891335	.000000
2.02028	.891344	.000000
2.02068	.891405	.000000
2.02107	.891403	.000000
2.02146	.891344	.000000
2.02186	.891346	.000000
2.02225	.891421	.000000
2.02265	.891475	.000000
2.02304	.891380	.000000
2.02344	.891342	.000000
2.02383	.891347	.000000
2.02423	.891328	.000000
2.02462	.891300	.000000
2.02502	.891325	.000000
2.02541	.891347	.000000
2.02581	.891412	.000000
2.0262	.891405	.000000
2.0266	.891379	.000000
2.02699	.891316	.000000
2.02739	.891304	.000000
2.02779	.891377	.000000
2.02818	.891414	.000000
2.02858	.891368	.000000
2.02898	.891351	.000000
2.02938	.891312	.000000
2.02977	.891290	.000000
2.03017	.891359	.000000
2.03057	.891450	.000000
2.03096	.891471	.000000
2.03136	.891419	.000000
2.03176	.891386	.000000
2.03216	.891333	.000000
2.03256	.891300	.000000
2.03296	.891298	.000000
2.03335	.891335	.000000
2.03375	.891365	.000000
2.03415	.891316	.000000
2.03455	.891281	.000000
2.03495	.891277	.000000
2.03535	.891288	.000000
2.03575	.891293	.000000
2.03615	.891267	.000000
2.03655	.891276	.000000
2.03695	.891295	.000000
2.03735	.891297	.000000
2.03775	.891321	.000000
2.03815	.891323	.000000
2.03855	.891258	.000000
2.03895	.891190	.000000
2.03935	.891169	.000000
2.03975	.891164	.000000
2.04016	.891159	.000000
2.04056	.891239	.000000
2.04096	.891302	.000000
2.04136	.891328	.000000
2.04176	.891225	.000000
2.04216	.891193	.000000
2.04257	.891288	.000000
2.04297	.891304	.000000
2.04337	.891283	.000000
2.04377	.891157	.000000
2.04418	.891145	.000000
2.04458	.891227	.000000
2.04498	.891159	.000000
2.04539	.891139	.000000
2.04579	.891230	.000000
2.04619	.891237	.000000
2.0466	.891187	.000000
2.047	.891141	.000000
2.04741	.891155	.000000
2.04781	.891206	.000000
2.04821	.891232	.000000
2.04862	.891232	.000000
2.04902	.891223	.000000
2.04943	.891213	.000000
2.04983	.891267	.000000
2.05024	.891178	.000000
2.05065	.891076	.000000
2.05105	.891136	.000000
2.05146	.891174	.000000
2.05186	.891173	.000000
2.05227	.891131	.000000
2.05268	.891113	.000000
2.05308	.891160	.000000
2.05349	.891162	.000000
2.05389	.891089	.000000
2.0543	.891188	.000000
2.05471	.891232	.000000
2.05512	.891117	.000000
2.05552	.891068	.000000
2.05593	.891104	.000000
2.05634	.891117	.000000
2.05675	.891120	.000000
2.05715	.891159	.000000
2.05756	.891141	.000000
2.05797	.891099	.000000
2.05838	.891047	.000000
2.05879	.891048	.000000
2.0592	.891005	.000000
2.05961	.891001	.000000
2.06001	.891069	.000000
2.06042	.891111	.000000
2.06083	.891122	.000000
2.06124	.891034	.000000
2.06165	.890984	.000000
2.06206	.891019	.000000
2.06247	.891041	.000000
2.06288	.891054	.000000
2.06329	.891045	.000000
2.0637	.891120	.000000
2.06412	.891106	.000000
2.06453	.891026	.000000
2.06494	.891019	.000000
2.06535	.891087	.000000
2.06576	.891026	.000000
2.06617	.890893	.000000
2.06658	.890844	.000000
2.067	.890928	.000000
2.06741	.891071	.000000
2.06782	.891117	.000000
2.06823	.891068	.000000
2.06865	.890998	.000000
2.06906	.890966	.000000
2.06947	.890905	.000000
2.06988	.890862	.000000
2.0703	.890851	.000000
2.07071	.890942	.000000
2.07112	.890980	.000000
2.07154	.890944	.000000
2.07195	.890923	.000000
2.07237	.890898	.000000
2.07278	.890862	.000000
2.07319	.890919	.000000
2.07361	.890979	.000000
2.07402	.890973	.000000
2.07444	.890951	.000000
2.07485	.890874	.000000
2.07527	.890856	.000000
2.07568	.890947	.000000
2.0761	.890956	.000000
2.07652	.890900	.000000
2.07693	.890848	.000000
2.07735	.890823	.000000
2.07776	.890814	.000000
2.07818	.890841	.000000
2.0786	.890884	.000000
2.07901	.890849	.000000
2.07943	.890811	.000000
2.07985	.890867	.000000
2.08026	.890900	.000000
2.08068	.890884	.000000
2.0811	.890898	.000000
2.08152	.890893	.000000
2.08194	.890947	.000000
2.08235	.890951	.000000
2.08277	.890935	.000000
2.08319	.890921	.000000
2.08361	.890965	.000000
2.08403	.890993	.000000
2.08445	.890994	.000000
2.08487	.890931	.000000
2.08528	.890872	.000000
2.0857	.890758	.000000
2.08612	.890739	.000000
2.08654	.890792	.000000
2.08696	.890848	.000000
2.08738	.890893	.000000
2.0878	.890879	.000000
2.08822	.890900	.000000
2.08865	.890945	.000000
2.08907	.890893	.000000
2.08949	.890849	.000000
2.08991	.890828	.000000
2.09033	.890708	.000000
2.09075	.890655	.000000
2.09117	.890703	.000000
2.09159	.890764	.000000
2.09202	.890764	.000000
2.09244	.890711	.000000
2.09286	.890746	.000000
2.09328	.890785	.000000
2.09371	.890767	.000000
2.09413	.890793	.000000
2.09455	.890772	.000000
2.09497	.890704	.000000
2.0954	.890699	.000000
2.09582	.890795	.000000
2.09624	.890816	.000000
2.09667	.890743	.000000
2.09709	.890760	.000000
2.09752	.890760	.000000
2.09794	.890783	.000000
2.09837	.890804	.000000
2.09879	.890737	.000000
2.09922	.890694	.000000
2.09964	.890750	.000000
2.10007	.890811	.000000
2.10049	.890751	.000000
2.10092	.890689	.000000
2.10134	.890708	.000000
2.10177	.890751	.000000
2.10219	.890762	.000000
2.10262	.890774	.000000
2.10305	.890722	.000000
2.10347	.890654	.000000
2.1039	.890654	.000000
2.10433	.890732	.000000
2.10475	.890739	.000000
2.10518	.890708	.000000
2.10561	.890650	.000000
2.10604	.890624	.000000
2.10646	.890720	.000000
2.10689	.890718	.000000
2.10732	.890664	.000000
2.10775	.890750	.000000
2.10818	.890781	.000000
2.10861	.890760	.000000
2.10904	.890685	.000000
2.10946	.890678	.000000
2.10989	.890657	.000000
2.11032	.890613	.000000
2.11075	.890626	.000000
2.11118	.890720	.000000
2.11161	.890804	.000000
2.11204	.890788	.000000
2.11247	.890729	.000000
2.1129	.890620	.000000
2.11333	.890564	.000000
2.11376	.890613	.000000
2.1142	.890717	.000000
2.11463	.890725	.000000
2.11506	.890655	.000000
2.11549	.890610	.000000
2.11592	.890598	.000000
2.11635	.890568	.000000
2.11678	.890559	.000000
2.11722	.890570	.000000
2.11765	.890564	.000000
2.11808	.890596	.000000
2.11851	.890594	.000000
2.11895	.890556	.000000
2.11938	.890626	.000000
2.11981	.890657	.000000
2.12025	.890589	.000000
2.12068	.890540	.000000
2.12111	.890563	.000000
2.12155	.890570	.000000
2.12198	.890556	.000000
2.12242	.890495	.000000
2.12285	.890442	.000000
2.12329	.890449	.000000
2.12372	.890519	.000000
2.12416	.890599	.000000
2.12459	.890577	.000000
2.12503	.890474	.000000
2.12546	.890467	.000000
2.1259	.890461	.000000
2.12633	.890381	.000000
2.12677	.890383	.000000
2.12721	.890407	.000000
2.12764	.890397	.000000
2.12808	.890362	.000000
2.12852	.890315	.000000
2.12895	.890355	.000000
2.12939	.890405	.000000
2.12983	.890313	.000000
2.13027	.890250	.000000
2.1307	.890281	.000000
2.13114	.890311	.000000
2.13158	.890339	.000000
2.13202	.890323	.000000
2.13246	.890264	.000000
2.13289	.890213	.000000
2.13333	.890271	.000000
2.13377	.890287	.000000
2.13421	.890245	.000000
2.13465	.890215	.000000
2.13509	.890136	.000000
2.13553	.890070	.000000
2.13597	.890119	.000000
2.13641	.890128	.000000
2.13685	.890119	.000000
2.13729	.890166	.000000
2.13773	.890192	.000000
2.13817	.890149	.000000
2.13861	.890081	.000000
2.13905	.890018	.000000
2.1395	.889995	.000000
2.13994	.890077	.000000
2.14038	.890089	.000000
2.14082	.890021	.000000
2.14126	.890026	.000000
2.1417	.890053	.000000
2.14215	.889979	.000000
2.14259	.889904	.000000
2.14303	.889897	.000000
2.14348	.889871	.000000
2.14392	.889845	.000000
2.14436	.889750	.000000
2.14481	.889682	.000000
2.14525	.889715	.000000
2.14569	.889783	.000000
2.14614	.889790	.000000
2.14658	.889735	.000000
2.14703	.889728	.000000
2.14747	.889745	.000000
2.14792	.889694	.000000
2.14836	.889680	.000000
2.14881	.889691	.000000
2.14925	.889626	.000000
2.1497	.889560	.000000
2.15014	.889500	.000000
2.15059	.889408	.000000
2.15103	.889357	.000000
2.15148	.889362	.000000
2.15193	.889383	.000000
2.15237	.889406	.000000
2.15282	.889411	.000000
2.15327	.889319	.000000
2.15371	.889216	.000000
2.15416	.889202	.000000
2.15461	.889244	.000000
2.15506	.889195	.000000
2.15551	.889154	.000000
2.15595	.889184	.000000
2.1564	.889186	.000000
2.15685	.889104	.000000
2.1573	.889058	.000000
2.15775	.889016	.000000
2.1582	.888959	.000000
2.15865	.888910	.000000
2.1591	.888857	.000000
2.15955	.888843	.000000
2.16	.888807	.000000
2.16045	.888770	.000000
2.1609	.888763	.000000
2.16135	.888742	.000000
2.1618	.888669	.000000
2.16225	.888588	.000000
2.1627	.888559	.000000
2.16315	.888587	.000000
2.1636	.888546	.000000
2.16405	.888503	.000000
2.1645	.888487	.000000
2.16496	.888389	.000000
2.16541	.888305	.000000
2.16586	.888263	.000000
2.16631	.888195	.000000
2.16677	.888167	.000000
2.16722	.888220	.000000
2.16767	.888183	.000000
2.16813	.888082	.000000
2.16858	.888045	.000000
2.16903	.887980	.000000
2.16949	.887876	.000000
2.16994	.887846	.000000
2.17039	.887769	.000000
2.17085	.887573	.000000
2.1713	.887538	.000000
2.17176	.887596	.000000
2.17221	.887517	.000000
2.17267	.887397	.000000
2.17312	.887341	.000000
2.17358	.887297	.000000
2.17403	.887278	.000000
2.17449	.887245	.000000
2.17495	.887185	.000000
2.1754	.887093	.000000
2.17586	.887002	.000000
2.17632	.887046	.000000
2.17677	.886997	.000000
2.17723	.886848	.000000
2.17769	.886791	.000000
2.17814	.886785	.000000
2.1786	.886661	.000000
2.17906	.886555	.000000
2.17952	.886493	.000000
2.17998	.886385	.000000
2.18043	.886284	.000000
2.18089	.886223	.000000
2.18135	.886099	.000000
2.18181	.886072	.000000
2.18227	.886072	.000000
2.18273	.885971	.000000
2.18319	.885863	.000000
2.18365	.885751	.000000
2.18411	.885681	.000000
2.18457	.885669	.000000
2.18503	.885695	.000000
2.18549	.885599	.000000
2.18595	.885496	.000000
2.18641	.885482	.000000
2.18687	.885436	.000000
2.18733	.885386	.000000
2.18779	.885283	.000000
2.18826	.885138	.000000
2.18872	.885073	.000000
2.18918	.885063	.000000
2.18964	.884945	.000000
2.1901	.884802	.000000
2.19057	.884820	.000000
2.19103	.884823	.000000
2.19149	.884764	.000000
2.19196	.884746	.000000
2.19242	.884694	.000000
2.19288	.884565	.000000
2.19335	.884495	.000000
2.19381	.884479	.000000
2.19428	.884432	.000000
2.19474	.884414	.000000
2.1952	.884461	.000000
2.19567	.884400	.000000
2.19613	.884297	.000000
2.1966	.884306	.000000
2.19707	.884311	.000000
2.19753	.884257	.000000
2.198	.884203	.000000
2.19846	.884131	.000000
2.19893	.884005	.000000
2.1994	.883911	.000000
2.19986	.883920	.000000
2.20033	.883923	.000000
2.2008	.883972	.000000
2.20126	.883955	.000000
2.20173	.883857	.000000
2.2022	.883817	.000000
2.20267	.883777	.000000
2.20313	.883689	.000000
2.2036	.883646	.000000
2.20407	.883572	.000000
2.20454	.883481	.000000
2.20501	.883450	.000000
2.20548	.883446	.000000
2.20595	.883387	.000000
2.20641	.883298	.000000
2.20688	.883238	.000000
2.20735	.883174	.000000
2.20782	.883127	.000000
2.20829	.883055	.000000
2.20876	.883051	.000000
2.20924	.883025	.000000
2.20971	.882989	.000000
2.21018	.882966	.000000
2.21065	.882847	.000000
2.21112	.882788	.000000
2.21159	.882758	.000000
2.21206	.882733	.000000
2.21254	.882686	.000000
2.21301	.882615	.000000
2.21348	.882487	.000000
2.21395	.882408	.000000
2.21442	.882440	.000000
2.2149	.882326	.000000
2.21537	.882124	.000000
2.21584	.882015	.000000
2.21632	.882017	.000000
2.21679	.881996	.000000
2.21727	.881931	.000000
2.21774	.881893	.000000
2.21821	.881851	.000000
2.21869	.881776	.000000
2.21916	.881786	.000000
2.21964	.881729	.000000
2.22011	.881593	.000000
2.22059	.881500	.000000
2.22107	.881393	.000000
2.22154	.881308	.000000
2.22202	.881234	.000000
2.22249	.881156	.000000
2.22297	.881068	.000000
2.22345	.881044	.000000
2.22392	.881016	.000000
2.2244	.880890	.000000
2.22488	.880745	.000000
2.22535	.880677	.000000
2.22583	.880630	.000000
2.22631	.880521	.000000
2.22679	.880495	.000000
2.22727	.880478	.000000
2.22775	.880355	.000000
2.22822	.880256	.000000
2.2287	.880223	.000000
2.22918	.880156	.000000
2.22966	.880095	.000000
2.23014	.880048	.000000
2.23062	.879948	.000000
2.2311	.879835	.000000
2.23158	.879704	.000000
2.23206	.879595	.000000
2.23254	.879527	.000000
2.23302	.879482	.000000
2.2335	.879356	.000000
2.23398	.879279	.000000
2.23447	.879288	.000000
2.23495	.879204	.000000
2.23543	.879092	.000000
2.23591	.879036	.000000
2.23639	.878986	.000000
2.23688	.878905	.000000
2.23736	.878823	.000000
2.23784	.878704	.000000
2.23832	.878537	.000000
2.23881	.878442	.000000
2.23929	.878418	.000000
2.23977	.878371	.000000
2.24026	.878264	.000000
2.24074	.878128	.000000
2.24123	.878096	.000000
2.24171	.877997	.000000
2.2422	.877915	.000000
2.24268	.877906	.000000
2.24317	.877845	.000000
2.24365	.877674	.000000
2.24414	.877602	.000000
2.24462	.877583	.000000
2.24511	.877513	.000000
2.24559	.877427	.000000
2.24608	.877380	.000000
2.24657	.877273	.000000
2.24705	.877128	.000000
2.24754	.877010	.000000
2.24803	.877020	.000000
2.24852	.877001	.000000
2.249	.876823	.000000
2.24949	.876641	.000000
2.24998	.876547	.000000
2.25047	.876436	.000000
2.25096	.876370	.000000
2.25145	.876381	.000000
2.25194	.876316	.000000
2.25242	.876171	.000000
2.25291	.876129	.000000
2.2534	.876075	.000000
2.25389	.876064	.000000
2.25438	.876059	.000000
2.25487	.875942	.000000
2.25536	.875776	.000000
2.25585	.875680	.000000
2.25635	.875582	.000000
2.25684	.875491	.000000
2.25733	.875407	.000000
2.25782	.875351	.000000
2.25831	.875264	.000000
2.2588	.875165	.000000
2.25929	.875061	.000000
2.25979	.874962	.000000
2.26028	.874881	.000000
2.26077	.874771	.000000
2.26127	.874728	.000000
2.26176	.874672	.000000
2.26225	.874579	.000000
2.26275	.874520	.000000
2.26324	.874427	.000000
2.26373	.874364	.000000
2.26423	.874322	.000000
2.26472	.874263	.000000
2.26522	.874079	.000000
2.26571	.873940	.000000
2.26621	.873852	.000000
2.2667	.873744	.000000
2.2672	.873674	.000000
2.26769	.873569	.000000
2.26819	.873463	.000000
2.26869	.873419	.000000
2.26918	.873354	.000000
2.26968	.873244	.000000
2.27018	.873139	.000000
2.27067	.873050	.000000
2.27117	.872928	.000000
2.27167	.872787	.000000
2.27217	.872759	.000000
2.27266	.872713	.000000
2.27316	.872607	.000000
2.27366	.872516	.000000
2.27416	.872378	.000000
2.27466	.872287	.000000
2.27516	.872159	.000000
2.27566	.872063	.000000
2.27616	.872023	.000000
2.27666	.871895	.000000
2.27716	.871829	.000000
2.27766	.871841	.000000
2.27816	.871777	.000000
2.27866	.871633	.000000
2.27916	.871530	.000000
2.27966	.871453	.000000
2.28016	.871301	.000000
2.28066	.871219	.000000
2.28116	.871137	.000000
2.28167	.871067	.000000
2.28217	.870954	.000000
2.28267	.870870	.000000
2.28317	.870770	.000000
2.28368	.870648	.000000
2.28418	.870601	.000000
2.28468	.870475	.000000
2.28518	.870353	.000000
2.28569	.870271	.000000
2.28619	.870234	.000000
2.2867	.870150	.000000
2.2872	.870052	.000000
2.28771	.869960	.000000
2.28821	.869851	.000000
2.28872	.869755	.000000
2.28922	.869628	.000000
2.28973	.869542	.000000
2.29023	.869486	.000000
2.29074	.869388	.000000
2.29124	.869282	.000000
2.29175	.869266	.000000
2.29226	.869173	.000000
2.29276	.869027	.000000
2.29327	.868981	.000000
2.29378	.868836	.000000
2.29429	.868651	.000000
2.29479	.868605	.000000
2.2953	.868654	.000000
2.29581	.868590	.000000
2.29632	.868410	.000000
2.29683	.868329	.000000
2.29734	.868247	.000000
2.29784	.868198	.000000
2.29835	.868053	.000000
2.29886	.867955	.000000
2.29937	.867940	.000000
2.29988	.867828	.000000
2.30039	.867803	.000000
2.3009	.867772	.000000
2.30141	.867697	.000000
2.30193	.867639	.000000
2.30244	.867552	.000000
2.30295	.867513	.000000
2.30346	.867463	.000000
2.30397	.867423	.000000
2.30448	.867423	.000000
2.305	.867311	.000000
2.30551	.867213	.000000
2.30602	.867192	.000000
2.30653	.867056	.000000
2.30705	.866982	.000000
2.30756	.867063	.000000
2.30807	.867087	.000000
2.30859	.866986	.000000
2.3091	.867019	.000000
2.30962	.867021	.000000
2.31013	.866995	.000000
2.31065	.866933	.000000
2.31116	.866839	.000000
2.31168	.866820	.000000
2.31219	.866888	.000000
2.31271	.866900	.000000
2.31322	.866829	.000000
2.31374	.866773	.000000
2.31425	.866794	.000000
2.31477	.866787	.000000
2.31529	.866701	.000000
2.3158	.866668	.000000
2.31632	.866670	.000000
2.31684	.866647	.000000
2.31736	.866615	.000000
2.31788	.866589	.000000
2.31839	.866547	.000000
2.31891	.866586	.000000
2.31943	.866551	.000000
2.31995	.866481	.000000
2.32047	.866460	.000000
2.32099	.866435	.000000
2.32151	.866498	.000000
2.32203	.866465	.000000
2.32255	.866348	.000000
2.32307	.866259	.000000
2.32359	.866247	.000000
2.32411	.866224	.000000
2.32463	.866207	.000000
2.32515	.866184	.000000
2.32567	.866159	.000000
2.3262	.866110	.000000
2.32672	.866051	.000000
2.32724	.866098	.000000
2.32776	.866074	.000000
2.32828	.866068	.000000
2.32881	.866082	.000000
2.32933	.866041	.000000
2.32985	.865981	.000000
2.33038	.865930	.000000
2.3309	.865887	.000000
2.33143	.865847	.000000
2.33195	.865792	.000000
2.33247	.865705	.000000
2.333	.865661	.000000
2.33352	.865618	.000000
2.33405	.865571	.000000
2.33457	.865536	.000000
2.3351	.865539	.000000
2.33563	.865548	.000000
2.33615	.865518	.000000
2.33668	.865401	.000000
2.33721	.865275	.000000
2.33773	.865289	.000000
2.33826	.865263	.000000
2.33879	.865097	.000000
2.33931	.864989	.000000
2.33984	.865062	.000000
2.34037	.865003	.000000
2.3409	.864903	.000000
2.34143	.864891	.000000
2.34196	.864803	.000000
2.34249	.864716	.000000
2.34301	.864653	.000000
2.34354	.864624	.000000
2.34407	.864554	.000000
2.3446	.864477	.000000
2.34513	.864389	.000000
2.34566	.864269	.000000
2.3462	.864194	.000000
2.34673	.864147	.000000
2.34726	.864127	.000000
2.34779	.864029	.000000
2.34832	.863851	.000000
2.34885	.863738	.000000
2.34938	.863689	.000000
2.34992	.863649	.000000
2.35045	.863568	.000000
2.35098	.863573	.000000
2.35152	.863512	.000000
2.35205	.863304	.000000
2.35258	.863203	.000000
2.35312	.863180	.000000
2.35365	.863037	.000000
2.35419	.862826	.000000
2.35472	.862751	.000000
2.35525	.862730	.000000
2.35579	.862695	.000000
2.35632	.862658	.000000
2.35686	.862572	.000000
2.3574	.862384	.000000
2.35793	.862244	.000000
2.35847	.862122	.000000
2.35901	.861994	.000000
2.35954	.861921	.000000
2.36008	.861779	.000000
2.36062	.861645	.000000
2.36115	.861575	.000000
2.36169	.861484	.000000
2.36223	.861405	.000000
2.36277	.861260	.000000
2.36331	.861120	.000000
2.36384	.860993	.000000
2.36438	.860916	.000000
2.36492	.860794	.000000
2.36546	.860659	.000000
2.366	.860575	.000000
2.36654	.860435	.000000
2.36708	.860325	.000000
2.36762	.860168	.000000
2.36816	.860013	.000000
2.3687	.859908	.000000
2.36925	.859834	.000000
2.36979	.859672	.000000
2.37033	.859499	.000000
2.37087	.859431	.000000
2.37141	.859364	.000000
2.37196	.859321	.000000
2.3725	.859209	.000000
2.37304	.859041	.000000
2.37358	.858898	.000000
2.37413	.858714	.000000
2.37467	.858538	.000000
2.37522	.858461	.000000
2.37576	.858437	.000000
2.3763	.858360	.000000
2.37685	.858157	.000000
2.37739	.857982	.000000
2.37794	.857900	.000000
2.37848	.857834	.000000
2.37903	.857778	.000000
2.37958	.857636	.000000
2.38012	.857456	.000000
2.38067	.857348	.000000
2.38122	.857231	.000000
2.38176	.857161	.000000
2.38231	.857058	.000000
2.38286	.857018	.000000
2.3834	.856917	.000000
2.38395	.856696	.000000
2.3845	.856590	.000000
2.38505	.856536	.000000
2.3856	.856387	.000000
2.38615	.856188	.000000
2.3867	.856053	.000000
2.38724	.856050	.000000
2.38779	.855973	.000000
2.38834	.855751	.000000
2.38889	.855631	.000000
2.38945	.855674	.000000
2.39	.855643	.000000
2.39055	.855517	.000000
2.3911	.855363	.000000
2.39165	.855253	.000000
2.3922	.855176	.000000
2.39275	.855003	.000000
2.39331	.854912	.000000
2.39386	.854909	.000000
2.39441	.854827	.000000
2.39496	.854698	.000000
2.39552	.854540	.000000
2.39607	.854430	.000000
2.39663	.854406	.000000
2.39718	.854413	.000000
2.39773	.854249	.000000
2.39829	.854041	.000000
2.39884	.854006	.000000
2.3994	.853995	.000000
2.39995	.853890	.000000
2.40051	.853747	.000000
2.40106	.853661	.000000
2.40162	.853695	.000000
2.40218	.853635	.000000
2.40273	.853475	.000000
2.40329	.853349	.000000
2.40385	.853200	.000000
2.4044	.853109	.000000
2.40496	.853032	.000000
2.40552	.852945	.000000
2.40608	.852898	.000000
2.40664	.852853	.000000
2.4072	.852837	.000000
2.40775	.852802	.000000
2.40831	.852702	.000000
2.40887	.852620	.000000
2.40943	.852473	.000000
2.40999	.852452	.000000
2.41055	.852501	.000000
2.41111	.852370	.000000
2.41167	.852225	.000000
2.41223	.852164	.000000
2.4128	.852147	.000000
2.41336	.852091	.000000
2.41392	.851995	.000000
2.41448	.851946	.000000
2.41504	.851888	.000000
2.41561	.851928	.000000
2.41617	.851874	.000000
2.41673	.851729	.000000
2.4173	.851727	.000000
2.41786	.851720	.000000
2.41842	.851636	.000000
2.41899	.851577	.000000
2.41955	.851525	.000000
2.42012	.851530	.000000
2.42068	.851491	.000000
2.42125	.851378	.000000
2.42181	.851315	.000000
2.42238	.851315	.000000
2.42294	.851325	.000000
2.42351	.851294	.000000
2.42408	.851161	.000000
2.42464	.851056	.000000
2.42521	.850959	.000000
2.42578	.850794	.000000
2.42635	.850780	.000000
2.42691	.850882	.000000
2.42748	.850882	.000000
2.42805	.850819	.000000
2.42862	.850803	.000000
2.42919	.850770	.000000
2.42976	.850709	.000000
2.43033	.850674	.000000
2.4309	.850618	.000000
2.43147	.850586	.000000
2.43204	.850530	.000000
2.43261	.850475	.000000
2.43318	.850433	.000000
2.43375	.850419	.000000
2.43432	.850440	.000000
2.43489	.850408	.000000
2.43546	.850310	.000000
2.43604	.850228	.000000
2.43661	.850157	.000000
2.43718	.850132	.000000
2.43775	.850134	.000000
2.43833	.850067	.000000
2.4389	.850039	.000000
2.43947	.850033	.000000
2.44005	.849952	.000000
2.44062	.849915	.000000
2.4412	.849896	.000000
2.44177	.849809	.000000
2.44235	.849734	.000000
2.44292	.849648	.000000
2.4435	.849618	.000000
2.44407	.849645	.000000
2.44465	.849606	.000000
2.44523	.849466	.000000
2.4458	.849372	.000000
2.44638	.849390	.000000
2.44696	.849351	.000000
2.44754	.849339	.000000
2.44811	.849362	.000000
2.44869	.849327	.000000
2.44927	.849124	.000000
2.44985	.849017	.000000
2.45043	.849047	.000000
2.45101	.849016	.000000
2.45159	.848998	.000000
2.45217	.848972	.000000
2.45275	.848927	.000000
2.45333	.848914	.000000
2.45391	.848888	.000000
2.45449	.848837	.000000
2.45507	.848790	.000000
2.45565	.848726	.000000
2.45623	.848670	.000000
2.45681	.848643	.000000
2.4574	.848602	.000000
2.45798	.848547	.000000
2.45856	.848479	.000000
2.45914	.848404	.000000
2.45973	.848366	.000000
2.46031	.848315	.000000
2.46089	.848271	.000000
2.46148	.848373	.000000
2.46206	.848296	.000000
2.46265	.848147	.000000
2.46323	.848086	.000000
2.46382	.848023	.000000
2.4644	.847976	.000000
2.46499	.847969	.000000
2.46558	.847985	.000000
2.46616	.847960	.000000
2.46675	.847936	.000000
2.46734	.847880	.000000
2.46792	.847779	.000000
2.46851	.847731	.000000
2.4691	.847719	.000000
2.46969	.847705	.000000
2.47027	.847635	.000000
2.47086	.847585	.000000
2.47145	.847583	.000000
2.47204	.847586	.000000
2.47263	.847560	.000000
2.47322	.847530	.000000
2.47381	.847464	.000000
2.4744	.847469	.000000
2.47499	.847468	.000000
2.47558	.847349	.000000
2.47617	.847254	.000000
2.47677	.847265	.000000
2.47736	.847277	.000000
2.47795	.847270	.000000
2.47854	.847176	.000000
2.47913	.847054	.000000
2.47973	.847080	.000000
2.48032	.847125	.000000
2.48091	.847134	.000000
2.48151	.847050	.000000
2.4821	.846978	.000000
2.48269	.847017	.000000
2.48329	.846992	.000000
2.48388	.846879	.000000
2.48448	.846758	.000000
2.48507	.846770	.000000
2.48567	.846736	.000000
2.48627	.846720	.000000
2.48686	.846704	.000000
2.48746	.846613	.000000
2.48806	.846570	.000000
2.48865	.846479	.000000
2.48925	.846452	.000000
2.48985	.846493	.000000
2.49045	.846487	.000000
2.49104	.846411	.000000
2.49164	.846314	.000000
2.49224	.846248	.000000
2.49284	.846218	.000000
2.49344	.846117	.000000
2.49404	.846047	.000000
2.49464	.846147	.000000
2.49524	.846124	.000000
2.49584	.846019	.000000
2.49644	.845995	.000000
2.49704	.845899	.000000
2.49764	.845865	.000000
2.49825	.845927	.000000
2.49885	.845944	.000000
2.49945	.845942	.000000
2.50005	.845904	.000000
2.50066	.845832	.000000
2.50126	.845789	.000000
2.50186	.845719	.000000
2.50247	.845637	.000000
2.50307	.845551	.000000
2.50368	.845518	.000000
2.50428	.845542	.000000
2.50488	.845518	.000000
2.50549	.845369	.000000
2.5061	.845320	.000000
2.5067	.845380	.000000
2.50731	.845402	.000000
2.50791	.845331	.000000
2.50852	.845231	.000000
2.50913	.845226	.000000
2.50973	.845285	.000000
2.51034	.845291	.000000
2.51095	.845146	.000000
2.51156	.845121	.000000
2.51217	.845142	.000000
2.51278	.845008	.000000
2.51338	.844920	.000000
2.51399	.844945	.000000
2.5146	.844876	.000000
2.51521	.844789	.000000
2.51582	.844810	.000000
2.51643	.844768	.000000
2.51704	.844730	.000000
2.51766	.844721	.000000
2.51827	.844672	.000000
2.51888	.844534	.000000
2.51949	.844438	.000000
2.5201	.844487	.000000
2.52072	.844368	.000000
2.52133	.844296	.000000
2.52194	.844372	.000000
2.52256	.844377	.000000
2.52317	.844282	.000000
2.52378	.844150	.000000
2.5244	.844183	.000000
2.52501	.844207	.000000
2.52563	.844176	.000000
2.52624	.844108	.000000
2.52686	.844048	.000000
2.52747	.843984	.000000
2.52809	.843924	.000000
2.52871	.843936	.000000
2.52932	.843889	.000000
2.52994	.843818	.000000
2.53056	.843737	.000000
2.53118	.843515	.000000
2.53179	.843425	.000000
2.53241	.843496	.000000
2.53303	.843524	.000000
2.53365	.843599	.000000
2.53427	.843596	.000000
2.53489	.843447	.000000
2.53551	.843309	.000000
2.53613	.843182	.000000
2.53675	.843126	.000000
2.53737	.843208	.000000
2.53799	.843250	.000000
2.53861	.843183	.000000
2.53923	.843061	.000000
2.53986	.842972	.000000
2.54048	.842962	.000000
2.5411	.842930	.000000
2.54172	.842864	.000000
2.54235	.842722	.000000
2.54297	.842630	.000000
2.54359	.842685	.000000
2.54422	.842656	.000000
2.54484	.842621	.000000
2.54547	.842619	.000000
2.54609	.842490	.000000
2.54672	.842298	.000000
2.54734	.842100	.000000
2.54797	.842097	.000000
2.54859	.842203	.000000
2.54922	.842242	.000000
2.54985	.842207	.000000
2.55048	.841964	.000000
2.5511	.841850	.000000
2.55173	.841946	.000000
2.55236	.841749	.000000
2.55299	.841614	.000000
2.55362	.841735	.000000
2.55424	.841714	.000000
2.55487	.841693	.000000
2.5555	.841627	.000000
2.55613	.841499	.000000
2.55676	.841379	.000000
2.55739	.841291	.000000
2.55803	.841267	.000000
2.55866	.841305	.000000
2.55929	.841153	.000000
2.55992	.840889	.000000
2.56055	.840598	.000000
2.56118	.840302	.000000
2.56182	.840484	.000000
2.56245	.840428	.000000
2.56308	.840295	.000000
2.56372	.840334	.000000
2.56435	.840044	.000000
2.56499	.840252	.000000
2.56562	.840400	.000000
2.56625	.840365	.000000
2.56689	.840253	.000000
2.56753	.840197	.000000
2.56816	.840131	.000000
2.5688	.839983	.000000
2.56943	.839554	.000000
2.57007	.839528	.000000
2.57071	.839832	.000000
2.57135	.839778	.000000
2.57198	.839677	.000000
2.57262	.839357	.000000
2.57326	.838758	.000000
2.5739	.838959	.000000
2.57454	.839257	.000000
2.57518	.839158	.000000
2.57582	.839109	.000000
2.57646	.838932	.000000
2.5771	.838721	.000000
2.57774	.838745	.000000
2.57838	.838740	.000000
2.57902	.838725	.000000
2.57966	.838644	.000000
2.5803	.838415	.000000
2.58095	.838137	.000000
2.58159	.838265	.000000
2.58223	.838310	.000000
2.58287	.837985	.000000
2.58352	.837297	.000000
2.58416	.837115	.000000
2.58481	.837641	.000000
2.58545	.837769	.000000
2.5861	.837613	.000000
2.58674	.837138	.000000
2.58739	.836872	.000000
2.58803	.837225	.000000
2.58868	.837290	.000000
2.58932	.836969	.000000
2.58997	.836904	.000000
2.59062	.836923	.000000
2.59127	.836822	.000000
2.59191	.836553	.000000
2.59256	.836406	.000000
2.59321	.836409	.000000
2.59386	.835428	.000000
2.59451	.834250	.000000
2.59516	.834924	.000000
2.59581	.835029	.000000
2.59646	.835310	.000000
2.59711	.835707	.000000
2.59776	.835641	.000000
2.59841	.835571	.000000
2.59906	.835450	.000000
2.59971	.835326	.000000
2.60036	.835216	.000000
2.60101	.834937	.000000
2.60167	.834620	.000000
2.60232	.834690	.000000
2.60297	.834486	.000000
2.60363	.834236	.000000
2.60428	.834211	.000000
2.60493	.833614	.000000
2.60559	.832943	.000000
2.60624	.833584	.000000
2.6069	.833665	.000000
2.60756	.833326	.000000
2.60821	.833425	.000000
2.60887	.833362	.000000
2.60952	.833001	.000000
2.61018	.832905	.000000
2.61084	.832912	.000000
2.6115	.832780	.000000
2.61215	.832614	.000000
2.61281	.832373	.000000
2.61347	.832283	.000000
2.61413	.832279	.000000
2.61479	.832045	.000000
2.61545	.831788	.000000
2.61611	.831271	.000000
2.61677	.830808	.000000
2.61743	.830935	.000000
2.61809	.831234	.000000
2.61875	.831133	.000000
2.61941	.830717	.000000
2.62007	.829663	.000000
2.62074	.829559	.000000
2.6214	.830347	.000000
2.62206	.830315	.000000
2.62272	.830158	.000000
2.62339	.829939	.000000
2.62405	.829747	.000000
2.62472	.829573	.000000
2.62538	.829363	.000000
2.62604	.828709	.000000
2.62671	.828157	.000000
2.62738	.828453	.000000
2.62804	.828514	.000000
2.62871	.828253	.000000
2.62937	.827909	.000000
2.63004	.827093	.000000
2.63071	.826733	.000000
2.63138	.827305	.000000
2.63204	.827319	.000000
2.63271	.827139	.000000
2.63338	.826779	.000000
2.63405	.826517	.000000
2.63472	.826524	.000000
2.63539	.826370	.000000
2.63606	.826115	.000000
2.63673	.825898	.000000
2.6374	.825662	.000000
2.63807	.825509	.000000
2.63874	.825316	.000000
2.63941	.825121	.000000
2.64009	.824866	.000000
2.64076	.824637	.000000
2.64143	.824345	.000000
2.6421	.824055	.000000
2.64278	.823826	.000000
2.64345	.823630	.000000
2.64412	.823342	.000000
2.6448	.823113	.000000
2.64547	.822772	.000000
2.64615	.822528	.000000
2.64682	.822414	.000000
2.6475	.822252	.000000
2.64818	.822054	.000000
2.64885	.821754	.000000
2.64953	.821425	.000000
2.65021	.821196	.000000
2.65088	.820969	.000000
2.65156	.820615	.000000
2.65224	.820038	.000000
2.65292	.819785	.000000
2.6536	.819659	.000000
2.65428	.819372	.000000
2.65496	.818916	.000000
2.65564	.818476	.000000
2.65632	.818263	.000000
2.657	.818048	.000000
2.65768	.817835	.000000
2.65836	.817543	.000000
2.65904	.816984	.000000
2.65972	.816341	.000000
2.6604	.816070	.000000
2.66109	.815873	.000000
2.66177	.815348	.000000
2.66245	.814842	.000000
2.66314	.814429	.000000
2.66382	.813769	.000000
2.66451	.812485	.000000
2.66519	.811550	.000000
2.66588	.811503	.000000
2.66656	.810014	.000000
2.66725	.808381	.000000
2.66793	.807318	.000000
2.66862	.805178	.000000
2.66931	.802209	.000000
2.67	.797983	.000000
2.67068	.794764	.000000
2.67137	.793515	.000000
2.67206	.791915	.000000
2.67275	.790307	.000000
2.67344	.789156	.000000
2.67413	.788406	.000000
2.67482	.787809	.000000
2.67551	.787157	.000000
2.6762	.786622	.000000
2.67689	.786642	.000000
2.67758	.786706	.000000
2.67827	.786781	.000000
2.67896	.786287	.000000
2.67965	.786128	.000000
2.68035	.786273	.000000
2.68104	.786084	.000000
2.68173	.785738	.000000
2.68243	.785275	.000000
2.68312	.784610	.000000
2.68382	.784120	.000000
2.68451	.783774	.000000
2.68521	.783210	.000000
2.6859	.782337	.000000
2.6866	.781646	.000000
2.68729	.781238	.000000
2.68799	.780622	.000000
2.68869	.779939	.000000
2.68938	.779427	.000000
2.69008	.778853	.000000
2.69078	.778161	.000000
2.69148	.777518	.000000
2.69218	.776780	.000000
2.69288	.775860	.000000
2.69358	.774657	.000000
2.69428	.774163	.000000
2.69498	.773618	.000000
2.69568	.772570	.000000
2.69638	.771825	.000000
2.69708	.771006	.000000
2.69778	.769849	.000000
2.69848	.768565	.000000
2.69918	.767195	.000000
2.69989	.765656	.000000
2.70059	.763690	.000000
2.70129	.761550	.000000
2.702	.759810	.000000
2.7027	.757881	.000000
2.70341	.755345	.000000
2.70411	.752721	.000000
2.70482	.749957	.000000
2.70552	.746833	.000000
2.70623	.743581	.000000
2.70694	.740599	.000000
2.70764	.737786	.000000
2.70835	.734749	.000000
2.70906	.731555	.000000
2.70977	.728686	.000000
2.71047	.725272	.000000
2.71118	.721895	.000000
2.71189	.719657	.000000
2.7126	.717043	.000000
2.71331	.714116	.000000
2.71402	.711205	.000000
2.71473	.708300	.000000
2.71544	.705277	.000000
2.71615	.702440	.000000
2.71686	.699616	.000000
2.71758	.696822	.000000
2.71829	.694233	.000000
2.719	.691700	.000000
2.71971	.688593	.000000
2.72043	.685394	.000000
2.72114	.682831	.000000
2.72186	.680477	.000000
2.72257	.677863	.000000
2.72329	.674738	.000000
2.724	.671192	.000000
2.72472	.668343	.000000
2.72543	.665498	.000000
2.72615	.662428	.000000
2.72687	.659271	.000000
2.72758	.655749	.000000
2.7283	.652342	.000000
2.72902	.649106	.000000
2.72974	.646006	.000000
2.73046	.642980	.000000
2.73118	.640048	.000000
2.7319	.637324	.000000
2.73262	.634724	.000000
2.73334	.632198	.000000
2.73406	.629635	.000000
2.73478	.626958	.000000
2.7355	.624846	.000000
2.73622	.622842	.000000
2.73694	.620537	.000000
2.73767	.618297	.000000
2.73839	.615954	.000000
2.73911	.613730	.000000
2.73984	.611581	.000000
2.74056	.609627	.000000
2.74128	.607849	.000000
2.74201	.606021	.000000
2.74273	.604314	.000000
2.74346	.602389	.000000
2.74419	.600406	.000000
2.74491	.598367	.000000
2.74564	.596357	.000000
2.74637	.594163	.000000
2.74709	.592042	.000000
2.74782	.589978	.000000
2.74855	.587740	.000000
2.74928	.585399	.000000
2.75001	.583197	.000000
2.75074	.581008	.000000
2.75147	.578703	.000000
2.7522	.576341	.000000
2.75293	.573982	.000000
2.75366	.571569	.000000
2.75439	.568952	.000000
2.75512	.566260	.000000
2.75585	.563955	.000000
2.75659	.561967	.000000
2.75732	.559851	.000000
2.75805	.557593	.000000
2.75879	.555245	.000000
2.75952	.552810	.000000
2.76026	.550509	.000000
2.76099	.548153	.000000
2.76173	.545660	.000000
2.76246	.543053	.000000
2.7632	.540747	.000000
2.76393	.538563	.000000
2.76467	.536228	.000000
2.76541	.533919	.000000
2.76615	.531626	.000000
2.76689	.529351	.000000
2.76762	.526968	.000000
2.76836	.524765	.000000
2.7691	.522857	.000000
2.76984	.520696	.000000
2.77058	.518569	.000000
2.77132	.516759	.000000
2.77206	.514872	.000000
2.7728	.512863	.000000
2.77355	.510873	.000000
2.77429	.508895	.000000
2.77503	.506985	.000000
2.77577	.505002	.000000
2.77652	.502998	.000000
2.77726	.501031	.000000
2.778	.499086	.000000
2.77875	.497215	.000000
2.77949	.495413	.000000
2.78024	.493567	.000000
2.78098	.491636	.000000
2.78173	.489904	.000000
2.78248	.488238	.000000
2.78322	.486480	.000000
2.78397	.484755	.000000
2.78472	.483010	.000000
2.78547	.481235	.000000
2.78621	.479503	.000000
2.78696	.478009	.000000
2.78771	.476369	.000000
2.78846	.474836	.000000
2.78921	.473454	.000000
2.78996	.472037	.000000
2.79071	.470563	.000000
2.79146	.469132	.000000
2.79222	.467701	.000000
2.79297	.466326	.000000
2.79372	.465014	.000000
2.79447	.463698	.000000
2.79523	.462342	.000000
2.79598	.461196	.000000
2.79673	.460111	.000000
2.79749	.458932	.000000
2.79824	.457721	.000000
2.799	.456602	.000000
2.79975	.455533	.000000
2.80051	.454480	.000000
2.80127	.453475	.000000
2.80202	.452254	.000000
2.80278	.451081	.000000
2.80354	.450209	.000000
2.8043	.449442	.000000
2.80506	.448460	.000000
2.80582	.447349	.000000
2.80657	.446502	.000000
2.80733	.445635	.000000
2.80809	.444776	.000000
2.80886	.443909	.000000
2.80962	.443074	.000000
2.81038	.442230	.000000
2.81114	.441508	.000000
2.8119	.440762	.000000
2.81266	.439812	.000000
2.81343	.438917	.000000
2.81419	.438239	.000000
2.81496	.437600	.000000
2.81572	.436876	.000000
2.81648	.436127	.000000
2.81725	.435381	.000000
2.81802	.434760	.000000
2.81878	.434014	.000000
2.81955	.433263	.000000
2.82031	.432730	.000000
2.82108	.432159	.000000
2.82185	.431519	.000000
2.82262	.430829	.000000
2.82339	.430263	.000000
2.82416	.429620	.000000
2.82492	.429084	.000000
2.82569	.428563	.000000
2.82646	.428042	.000000
2.82724	.427436	.000000
2.82801	.426863	.000000
2.82878	.426332	.000000
2.82955	.425778	.000000
2.83032	.425284	.000000
2.83109	.424761	.000000
2.83187	.424235	.000000
2.83264	.423736	.000000
2.83342	.423192	.000000
2.83419	.422705	.000000
2.83497	.422222	.000000
2.83574	.421665	.000000
2.83652	.421172	.000000
2.83729	.420765	.000000
2.83807	.420363	.000000
2.83885	.419969	.000000
2.83962	.419526	.000000
2.8404	.419036	.000000
2.84118	.418578	.000000
2.84196	.418174	.000000
2.84274	.417821	.000000
2.84352	.417379	.000000
2.8443	.416918	.000000
2.84508	.416539	.000000
2.84586	.416172	.000000
2.84664	.415766	.000000
2.84742	.415403	.000000
2.8482	.414994	.000000
2.84898	.414619	.000000
2.84977	.414327	.000000
2.85055	.414000	.000000
2.85133	.413701	.000000
2.85212	.413312	.000000
2.8529	.412857	.000000
2.85369	.412546	.000000
2.85447	.412186	.000000
2.85526	.411820	.000000
2.85605	.411467	.000000
2.85683	.411107	.000000
2.85762	.410831	.000000
2.85841	.410598	.000000
2.8592	.410226	.000000
2.85999	.409849	.000000
2.86077	.409641	.000000
2.86156	.409431	.000000
2.86235	.409054	.000000
2.86314	.408715	.000000
2.86393	.408512	.000000
2.86473	.408194	.000000
2.86552	.407906	.000000
2.86631	.407583	.000000
2.8671	.407271	.000000
2.86789	.407009	.000000
2.86869	.406779	.000000
2.86948	.406594	.000000
2.87028	.406331	.000000
2.87107	.406031	.000000
2.87187	.405680	.000000
2.87266	.405346	.000000
2.87346	.405236	.000000
2.87425	.404988	.000000
2.87505	.404761	.000000
2.87585	.404558	.000000
2.87665	.404308	.000000
2.87744	.404142	.000000
2.87824	.403870	.000000
2.87904	.403585	.000000
2.87984	.403398	.000000
2.88064	.403183	.000000
2.88144	.403008	.000000
2.88224	.402760	.000000
2.88304	.402495	.000000
2.88385	.402295	.000000
2.88465	.402173	.000000
2.88545	.401979	.000000
2.88625	.401745	.000000
2.88706	.401586	.000000
2.88786	.401427	.000000
2.88867	.401289	.000000
2.88947	.401179	.000000
2.89028	.401022	.000000
2.89108	.400849	.000000
2.89189	.400691	.000000
2.8927	.400531	.000000
2.8935	.400422	.000000
2.89431	.400283	.000000
2.89512	.400141	.000000
2.89593	.399972	.000000
2.89674	.399816	.000000
2.89755	.399778	.000000
2.89836	.399725	.000000
2.89917	.399615	.000000
2.89998	.399406	.000000
2.90079	.399219	.000000
2.9016	.399152	.000000
2.90241	.399180	.000000
2.90322	.399117	.000000
2.90404	.399016	.000000
2.90485	.398956	.000000
2.90567	.398873	.000000
2.90648	.398804	.000000
2.90729	.398827	.000000
2.90811	.398818	.000000
2.90893	.398623	.000000
2.90974	.398493	.000000
2.91056	.398513	.000000
2.91138	.398546	.000000
2.91219	.398452	.000000
2.91301	.398418	.000000
2.91383	.398366	.000000
2.91465	.398272	.000000
2.91547	.398282	.000000
2.91629	.398389	.000000
2.91711	.398378	.000000
2.91793	.398324	.000000
2.91875	.398252	.000000
2.91957	.398259	.000000
2.92039	.398273	.000000
2.92122	.398293	.000000
2.92204	.398277	.000000
2.92286	.398212	.000000
2.92369	.398228	.000000
2.92451	.398244	.000000
2.92534	.398249	.000000
2.92616	.398174	.000000
2.92699	.398174	.000000
2.92782	.398294	.000000
2.92864	.398289	.000000
2.92947	.398235	.000000
2.9303	.398347	.000000
2.93113	.398439	.000000
2.93195	.398457	.000000
2.93278	.398481	.000000
2.93361	.398509	.000000
2.93444	.398518	.000000
2.93527	.398600	.000000
2.93611	.398708	.000000
2.93694	.398712	.000000
2.93777	.398747	.000000
2.9386	.398885	.000000
2.93943	.398920	.000000
2.94027	.398923	.000000
2.9411	.399051	.000000
2.94194	.399068	.000000
2.94277	.399100	.000000
2.94361	.399287	.000000
2.94444	.399371	.000000
2.94528	.399467	.000000
2.94612	.399608	.000000
2.94695	.399655	.000000
2.94779	.399685	.000000
2.94863	.399863	.000000
2.94947	.400015	.000000
2.95031	.400047	.000000
2.95115	.400129	.000000
2.95199	.400248	.000000
2.95283	.400297	.000000
2.95367	.400354	.000000
2.95451	.400555	.000000
2.95535	.400770	.000000
2.95619	.400898	.000000
2.95704	.400954	.000000
2.95788	.400976	.000000
2.95872	.401022	.000000
2.95957	.401219	.000000
2.96041	.401397	.000000
2.96126	.401542	.000000
2.96211	.401710	.000000
2.96295	.401839	.000000
2.9638	.401963	.000000
2.96465	.402145	.000000
2.96549	.402210	.000000
2.96634	.402383	.000000
2.96719	.402669	.000000
2.96804	.402821	.000000
2.96889	.402923	.000000
2.96974	.403043	.000000
2.97059	.403160	.000000
2.97144	.403318	.000000
2.97229	.403489	.000000
2.97315	.403721	.000000
2.974	.403929	.000000
2.97485	.404175	.000000
2.97571	.404422	.000000
2.97656	.404507	.000000
2.97741	.404518	.000000
2.97827	.404766	.000000
2.97913	.405072	.000000
2.97998	.405299	.000000
2.98084	.405489	.000000
2.9817	.405666	.000000
2.98255	.405867	.000000
2.98341	.405965	.000000
2.98427	.406082	.000000
2.98513	.406344	.000000
2.98599	.406602	.000000
2.98685	.406857	.000000
2.98771	.407142	.000000
2.98857	.407350	.000000
2.98943	.407500	.000000
2.99029	.407640	.000000
2.99116	.407790	.000000
2.99202	.408035	.000000
2.99288	.408287	.000000
2.99375	.408519	.000000
2.99461	.408816	.000000
2.99548	.409057	.000000
2.99634	.409305	.000000
2.99721	.409541	.000000
2.99807	.409739	.000000
2.99894	.409985	.000000
2.99981	.410140	.000000
3.00068	.410354	.000000
3.00155	.410581	.000000
3.00241	.410846	.000000
3.00328	.411115	.000000
3.00415	.411390	.000000
3.00503	.411668	.000000
3.0059	.411930	.000000
3.00677	.412082	.000000
3.00764	.412256	.000000
3.00851	.412552	.000000
3.00939	.412824	.000000
3.01026	.413071	.000000
3.01113	.413259	.000000
3.01201	.413429	.000000
3.01288	.413733	.000000
3.01376	.413984	.000000
3.01463	.414147	.000000
3.01551	.414400	.000000
3.01639	.414725	.000000
3.01727	.415003	.000000
3.01814	.415200	.000000
3.01902	.415543	.000000
3.0199	.415887	.000000
3.02078	.416196	.000000
3.02166	.416359	.000000
3.02254	.416513	.000000
3.02342	.416691	.000000
3.02431	.416997	.000000
3.02519	.417194	.000000
3.02607	.417405	.000000
3.02696	.417673	.000000
3.02784	.417861	.000000
3.02872	.418064	.000000
3.02961	.418302	.000000
3.03049	.418604	.000000
3.03138	.418913	.000000
3.03227	.419114	.000000
3.03315	.419268	.000000
3.03404	.419406	.000000
3.03493	.419623	.000000
3.03582	.419909	.000000
3.03671	.420215	.000000
3.0376	.420435	.000000
3.03849	.420556	.000000
3.03938	.420793	.000000
3.04027	.421052	.000000
3.04116	.421254	.000000
3.04205	.421457	.000000
3.04294	.421716	.000000
3.04384	.421973	.000000
3.04473	.422194	.000000
3.04562	.422406	.000000
3.04652	.422591	.000000
3.04741	.422734	.000000
3.04831	.422984	.000000
3.04921	.423218	.000000
3.0501	.423341	.000000
3.051	.423475	.000000
3.0519	.423807	.000000
3.0528	.424027	.000000
3.0537	.424165	.000000
3.0546	.424408	.000000
3.0555	.424581	.000000
3.0564	.424810	.000000
3.0573	.425060	.000000
3.0582	.425172	.000000
3.0591	.425292	.000000
3.06	.425528	.000000
3.06091	.425734	.000000
3.06181	.425984	.000000
3.06272	.426169	.000000
3.06362	.426299	.000000
3.06453	.426570	.000000
3.06543	.426905	.000000
3.06634	.427052	.000000
3.06725	.427155	.000000
3.06815	.427368	.000000
3.06906	.427546	.000000
3.06997	.427670	.000000
3.07088	.427852	.000000
3.07179	.428053	.000000
3.0727	.428343	.000000
3.07361	.428558	.000000
3.07452	.428642	.000000
3.07543	.428806	.000000
3.07634	.428982	.000000
3.07726	.429210	.000000
3.07817	.429484	.000000
3.07909	.429702	.000000
3.08	.429812	.000000
3.08092	.429982	.000000
3.08183	.430233	.000000
3.08275	.430405	.000000
3.08366	.430522	.000000
3.08458	.430749	.000000
3.0855	.430983	.000000
3.08642	.431191	.000000
3.08734	.431334	.000000
3.08826	.431514	.000000
3.08918	.431699	.000000
3.0901	.431827	.000000
3.09102	.432056	.000000
3.09194	.432402	.000000
3.09286	.432673	.000000
3.09378	.432823	.000000
3.09471	.432956	.000000
3.09563	.433158	.000000
3.09655	.433384	.000000
3.09748	.433550	.000000
3.09841	.433889	.000000
3.09933	.434163	.000000
3.10026	.434304	.000000
3.10119	.434488	.000000
3.10211	.434703	.000000
3.10304	.434881	.000000
3.10397	.435143	.000000
3.1049	.435409	.000000
3.10583	.435519	.000000
3.10676	.435690	.000000
3.10769	.435931	.000000
3.10862	.436188	.000000
3.10956	.436499	.000000
3.11049	.436782	.000000
3.11142	.436962	.000000
3.11236	.437083	.000000
3.11329	.437350	.000000
3.11422	.437612	.000000
3.11516	.437757	.000000
3.1161	.438019	.000000
3.11703	.438258	.000000
3.11797	.438482	.000000
3.11891	.438718	.000000
3.11985	.438950	.000000
3.12079	.439207	.000000
3.12172	.439392	.000000
3.12266	.439660	.000000
3.12361	.439897	.000000
3.12455	.440095	.000000
3.12549	.440352	.000000
3.12643	.440642	.000000
3.12737	.440874	.000000
3.12832	.441040	.000000
3.12926	.441241	.000000
3.13021	.441430	.000000
3.13115	.441685	.000000
3.1321	.441914	.000000
3.13304	.442156	.000000
3.13399	.442331	.000000
3.13494	.442506	.000000
3.13589	.442878	.000000
3.13683	.443320	.000000
3.13778	.443519	.000000
3.13873	.443547	.000000
3.13968	.443767	.000000
3.14063	.444084	.000000
3.14159	.444328	.000000
3.14254	.444522	.000000
3.14349	.444807	.000000
3.14444	.445134	.000000
3.1454	.445260	.000000
3.14635	.445481	.000000
3.14731	.445911	.000000
3.14826	.446062	.000000
3.14922	.446089	.000000
3.15018	.446392	.000000
3.15113	.446701	.000000
3.15209	.447015	.000000
3.15305	.447409	.000000
3.15401	.447562	.000000
3.15497	.447748	.000000
3.15593	.448083	.000000
3.15689	.448289	.000000
3.15785	.448553	.000000
3.15881	.448717	.000000
3.15977	.448971	.000000
3.16074	.449379	.000000
3.1617	.449636	.000000
3.16267	.449801	.000000
3.16363	.450022	.000000
3.1646	.450225	.000000
3.16556	.450398	.000000
3.16653	.450713	.000000
3.1675	.451081	.000000
3.16846	.451230	.000000
3.16943	.451448	.000000
3.1704	.451855	.000000
3.17137	.452152	.000000
3.17234	.452467	.000000
3.17331	.452711	.000000
3.17428	.452902	.000000
3.17525	.453077	.000000
3.17623	.453257	.000000
3.1772	.453499	.000000
3.17817	.453831	.000000
3.17915	.454111	.000000
3.18012	.454371	.000000
3.1811	.454597	.000000
3.18208	.454812	.000000
3.18305	.455060	.000000
3.18403	.455276	.000000
3.18501	.455591	.000000
3.18599	.455904	.000000
3.18696	.456185	.000000
3.18794	.456450	.000000
3.18893	.456641	.000000
3.18991	.456861	.000000
3.19089	.457088	.000000
3.19187	.457291	.000000
3.19285	.457679	.000000
3.19384	.458053	.000000
3.19482	.458296	.000000
3.19581	.458542	.000000
3.19679	.458792	.000000
3.19778	.459141	.000000
3.19876	.459433	.000000
3.19975	.459602	.000000
3.20074	.459760	.000000
3.20173	.459976	.000000
3.20271	.460249	.000000
3.2037	.460532	.000000
3.20469	.460743	.000000
3.20568	.460991	.000000
3.20668	.461236	.000000
3.20767	.461507	.000000
3.20866	.461804	.000000
3.20965	.462099	.000000
3.21065	.462311	.000000
3.21164	.462520	.000000
3.21264	.462852	.000000
3.21363	.463104	.000000
3.21463	.463441	.000000
3.21563	.463763	.000000
3.21662	.464005	.000000
3.21762	.464240	.000000
3.21862	.464488	.000000
3.21962	.464755	.000000
3.22062	.465017	.000000
3.22162	.465394	.000000
3.22262	.465609	.000000
3.22362	.465894	.000000
3.22462	.466216	.000000
3.22563	.466279	.000000
3.22663	.466301	.000000
3.22764	.466633	.000000
3.22864	.467112	.000000
3.22965	.467327	.000000
3.23065	.467503	.000000
3.23166	.467779	.000000
3.23267	.468131	.000000
3.23368	.468512	.000000
3.23468	.468768	.000000
3.23569	.468899	.000000
3.2367	.469111	.000000
3.23771	.469359	.000000
3.23873	.469635	.000000
3.23974	.469906	.000000
3.24075	.470163	.000000
3.24176	.470558	.000000
3.24278	.470846	.000000
3.24379	.471087	.000000
3.24481	.471307	.000000
3.24582	.471632	.000000
3.24684	.472001	.000000
3.24785	.472240	.000000
3.24887	.472387	.000000
3.24989	.472534	.000000
3.25091	.472787	.000000
3.25193	.473053	.000000
3.25295	.473332	.000000
3.25397	.473654	.000000
3.25499	.473926	.000000
3.25601	.474223	.000000
3.25704	.474482	.000000
3.25806	.474637	.000000
3.25908	.474954	.000000
3.26011	.475343	.000000
3.26113	.475694	.000000
3.26216	.475927	.000000
3.26319	.476150	.000000
3.26421	.476423	.000000
3.26524	.476636	.000000
3.26627	.476813	.000000
3.2673	.477178	.000000
3.26833	.477518	.000000
3.26936	.477754	.000000
3.27039	.477978	.000000
3.27142	.478291	.000000
3.27245	.478569	.000000
3.27349	.478759	.000000
3.27452	.478970	.000000
3.27555	.479225	.000000
3.27659	.479570	.000000
3.27763	.479991	.000000
3.27866	.480314	.000000
3.2797	.480449	.000000
3.28074	.480608	.000000
3.28178	.480885	.000000
3.28281	.481195	.000000
3.28385	.481472	.000000
3.28489	.481701	.000000
3.28593	.481974	.000000
3.28698	.482306	.000000
3.28802	.482559	.000000
3.28906	.482744	.000000
3.2901	.483034	.000000
3.29115	.483340	.000000
3.29219	.483489	.000000
3.29324	.483719	.000000
3.29429	.483946	.000000
3.29533	.484181	.000000
3.29638	.484488	.000000
3.29743	.484797	.000000
3.29848	.485075	.000000
3.29953	.485295	.000000
3.30058	.485556	.000000
3.30163	.485732	.000000
3.30268	.485984	.000000
3.30373	.486398	.000000
3.30478	.486656	.000000
3.30584	.486747	.000000
3.30689	.486981	.000000
3.30795	.487294	.000000
3.309	.487383	.000000
3.31006	.487589	.000000
3.31112	.487906	.000000
3.31217	.488063	.000000
3.31323	.488309	.000000
3.31429	.488622	.000000
3.31535	.488916	.000000
3.31641	.489148	.000000
3.31747	.489445	.000000
3.31853	.489690	.000000
3.3196	.489884	.000000
3.32066	.490072	.000000
3.32172	.490291	.000000
3.32279	.490478	.000000
3.32385	.490698	.000000
3.32492	.491070	.000000
3.32598	.491320	.000000
3.32705	.491496	.000000
3.32812	.491760	.000000
3.32919	.492038	.000000
3.33026	.492225	.000000
3.33133	.492445	.000000
3.3324	.492630	.000000
3.33347	.492854	.000000
3.33454	.493160	.000000
3.33561	.493345	.000000
3.33669	.493519	.000000
3.33776	.493720	.000000
3.33884	.493982	.000000
3.33991	.494217	.000000
3.34099	.494377	.000000
3.34206	.494650	.000000
3.34314	.494826	.000000
3.34422	.494938	.000000
3.3453	.495134	.000000
3.34638	.495275	.000000
3.34746	.495459	.000000
3.34854	.495567	.000000
3.34962	.495731	.000000
3.3507	.495883	.000000
3.35179	.496156	.000000
3.35287	.496320	.000000
3.35395	.496278	.000000
3.35504	.496257	.000000
3.35612	.496294	.000000
3.35721	.496352	.000000
3.3583	.496392	.000000
3.35939	.496346	.000000
3.36048	.496301	.000000
3.36156	.496415	.000000
3.36265	.496443	.000000
3.36375	.496444	.000000
3.36484	.496478	.000000
3.36593	.496444	.000000
3.36702	.496406	.000000
3.36812	.496450	.000000
3.36921	.496612	.000000
3.3703	.496677	.000000
3.3714	.496708	.000000
3.3725	.496951	.000000
3.37359	.497094	.000000
3.37469	.497141	.000000
3.37579	.497297	.000000
3.37689	.497500	.000000
3.37799	.497687	.000000
3.37909	.497812	.000000
3.38019	.497963	.000000
3.3813	.498181	.000000
3.3824	.498391	.000000
3.3835	.498929	.000000
3.38461	.499453	.000000
3.38571	.499769	.000000
3.38682	.499881	.000000
3.38792	.500134	.000000
3.38903	.500529	.000000
3.39014	.500903	.000000
3.39125	.501094	.000000
3.39236	.501277	.000000
3.39347	.501455	.000000
3.39458	.501600	.000000
3.39569	.501703	.000000
3.3968	.501833	.000000
3.39791	.501924	.000000
3.39903	.501948	.000000
3.40014	.501985	.000000
3.40126	.501986	.000000
3.40237	.501929	.000000
3.40349	.501745	.000000
3.40461	.501689	.000000
3.40573	.501731	.000000
3.40685	.501730	.000000
3.40797	.501744	.000000
3.40909	.501786	.000000
3.41021	.501876	.000000
3.41133	.501962	.000000
3.41245	.502007	.000000
3.41357	.502042	.000000
3.4147	.502201	.000000
3.41582	.502366	.000000
3.41695	.502525	.000000
3.41807	.502897	.000000
3.4192	.503267	.000000
3.42033	.503475	.000000
3.42146	.503828	.000000
3.42259	.504401	.000000
3.42372	.504824	.000000
3.42485	.505310	.000000
3.42598	.506035	.000000
3.42711	.506524	.000000
3.42825	.506926	.000000
3.42938	.507389	.000000
3.43051	.507840	.000000
3.43165	.508381	.000000
3.43279	.508862	.000000
3.43392	.509244	.000000
3.43506	.509610	.000000
3.4362	.509996	.000000
3.43734	.510447	.000000
3.43848	.510918	.000000
3.43962	.511273	.000000
3.44076	.511691	.000000
3.4419	.512159	.000000
3.44304	.512606	.000000
3.44419	.513003	.000000
3.44533	.513298	.000000
3.44648	.513553	.000000
3.44762	.513868	.000000
3.44877	.514133	.000000
3.44992	.514448	.000000
3.45106	.514762	.000000
3.45221	.515169	.000000
3.45336	.515699	.000000
3.45451	.515985	.000000
3.45566	.516184	.000000
3.45682	.516543	.000000
3.45797	.516850	.000000
3.45912	.517079	.000000
3.46028	.517341	.000000
3.46143	.517659	.000000
3.46259	.517890	.000000
3.46374	.518029	.000000
3.4649	.518215	.000000
3.46606	.518472	.000000
3.46722	.518683	.000000
3.46838	.518908	.000000
3.46954	.519043	.000000
3.4707	.519184	.000000
3.47186	.519275	.000000
3.47302	.519342	.000000
3.47419	.519328	.000000
3.47535	.519401	.000000
3.47652	.519546	.000000
3.47768	.519588	.000000
3.47885	.519644	.000000
3.48002	.519880	.000000
3.48119	.520137	.000000
3.48236	.520219	.000000
3.48353	.520400	.000000
3.4847	.520656	.000000
3.48587	.520863	.000000
3.48704	.521169	.000000
3.48821	.521395	.000000
3.48939	.521515	.000000
3.49056	.521634	.000000
3.49174	.521727	.000000
3.49291	.521931	.000000
3.49409	.522179	.000000
3.49527	.522284	.000000
3.49645	.522342	.000000
3.49763	.522474	.000000
3.49881	.522738	.000000
3.49999	.522962	.000000
3.50117	.523206	.000000
3.50235	.523544	.000000
3.50353	.523912	.000000
3.50472	.524321	.000000
3.5059	.524819	.000000
3.50709	.525328	.000000
3.50828	.525862	.000000
3.50946	.526439	.000000
3.51065	.526972	.000000
3.51184	.527491	.000000
3.51303	.528004	.000000
3.51422	.528511	.000000
3.51541	.529007	.000000
3.5166	.529479	.000000
3.5178	.529881	.000000
3.51899	.530262	.000000
3.52018	.530817	.000000
3.52138	.531245	.000000
3.52258	.531591	.000000
3.52377	.531995	.000000
3.52497	.532437	.000000
3.52617	.532947	.000000
3.52737	.533398	.000000
3.52857	.533795	.000000
3.52977	.534212	.000000
3.53097	.534530	.000000
3.53218	.534700	.000000
3.53338	.534990	.000000
3.53458	.535332	.000000
3.53579	.535722	.000000
3.537	.536078	.000000
3.5382	.536321	.000000
3.53941	.536653	.000000
3.54062	.537009	.000000
3.54183	.537310	.000000
3.54304	.537462	.000000
3.54425	.537686	.000000
3.54546	.538054	.000000
3.54667	.538357	.000000
3.54789	.538683	.000000
3.5491	.538928	.000000
3.55032	.539035	.000000
3.55153	.539129	.000000
3.55275	.539321	.000000
3.55397	.539597	.000000
3.55518	.539835	.000000
3.5564	.540069	.000000
3.55762	.540268	.000000
3.55884	.540558	.000000
3.56007	.540839	.000000
3.56129	.540927	.000000
3.56251	.541103	.000000
3.56374	.541460	.000000
3.56496	.541748	.000000
3.56619	.541942	.000000
3.56742	.542041	.000000
3.56864	.542181	.000000
3.56987	.542470	.000000
3.5711	.542770	.000000
3.57233	.542947	.000000
3.57356	.542954	.000000
3.57479	.543090	.000000
3.57603	.543462	.000000
3.57726	.543698	.000000
3.57849	.543749	.000000
3.57973	.543965	.000000
3.58097	.544177	.000000
3.5822	.544304	.000000
3.58344	.544557	.000000
3.58468	.544790	.000000
3.58592	.545026	.000000
3.58716	.545304	.000000
3.5884	.545517	.000000
3.58964	.545688	.000000
3.59089	.545807	.000000
3.59213	.545901	.000000
3.59338	.546121	.000000
3.59462	.546284	.000000
3.59587	.546521	.000000
3.59712	.546780	.000000
3.59836	.547053	.000000
3.59961	.547264	.000000
3.60086	.547571	.000000
3.60211	.547821	.000000
3.60337	.547979	.000000
3.60462	.548293	.000000
3.60587	.548445	.000000
3.60713	.548587	.000000
3.60838	.548768	.000000
3.60964	.549016	.000000
3.61089	.549340	.000000
3.61215	.549525	.000000
3.61341	.549757	.000000
3.61467	.550063	.000000
3.61593	.550290	.000000
3.61719	.550542	.000000
3.61845	.550867	.000000
3.61972	.551138	.000000
3.62098	.551415	.000000
3.62225	.551697	.000000
3.62351	.551906	.000000
3.62478	.552231	.000000
3.62605	.552520	.000000
3.62731	.552670	.000000
3.62858	.552881	.000000
3.62985	.553086	.000000
3.63112	.553447	.000000
3.6324	.553799	.000000
3.63367	.554134	.000000
3.63494	.554553	.000000
3.63622	.554588	.000000
3.63749	.554618	.000000
3.63877	.554974	.000000
3.64005	.555416	.000000
3.64132	.555724	.000000
3.6426	.556114	.000000
3.64388	.556390	.000000
3.64516	.556498	.000000
3.64645	.556709	.000000
3.64773	.557071	.000000
3.64901	.557331	.000000
3.6503	.557564	.000000
3.65158	.557936	.000000
3.65287	.558250	.000000
3.65416	.558506	.000000
3.65545	.558687	.000000
3.65673	.558897	.000000
3.65802	.559367	.000000
3.65932	.559669	.000000
3.66061	.559849	.000000
3.6619	.560179	.000000
3.66319	.560476	.000000
3.66449	.560742	.000000
3.66578	.560936	.000000
3.66708	.561104	.000000
3.66838	.561338	.000000
3.66967	.561703	.000000
3.67097	.562141	.000000
3.67227	.562487	.000000
3.67357	.562718	.000000
3.67488	.562765	.000000
3.67618	.562963	.000000
3.67748	.563235	.000000
3.67879	.563497	.000000
3.68009	.563751	.000000
3.6814	.563899	.000000
3.68271	.564205	.000000
3.68402	.564635	.000000
3.68532	.564846	.000000
3.68664	.564948	.000000
3.68795	.565196	.000000
3.68926	.565421	.000000
3.69057	.565465	.000000
3.69189	.565632	.000000
3.6932	.565977	.000000
3.69452	.566317	.000000
3.69583	.566583	.000000
3.69715	.566716	.000000
3.69847	.567035	.000000
3.69979	.567345	.000000
3.70111	.567619	.000000
3.70243	.567932	.000000
3.70375	.568070	.000000
3.70508	.568061	.000000
3.7064	.568227	.000000
3.70773	.568577	.000000
3.70905	.568669	.000000
3.71038	.568678	.000000
3.71171	.568882	.000000
3.71304	.569164	.000000
3.71437	.569457	.000000
3.7157	.569803	.000000
3.71703	.569932	.000000
3.71836	.570165	.000000
3.7197	.570383	.000000
3.72103	.570626	.000000
3.72237	.570869	.000000
3.7237	.571019	.000000
3.72504	.571267	.000000
3.72638	.571381	.000000
3.72772	.571519	.000000
3.72906	.571919	.000000
3.7304	.572347	.000000
3.73174	.572454	.000000
3.73309	.572766	.000000
3.73443	.572971	.000000
3.73578	.573109	.000000
3.73712	.573395	.000000
3.73847	.573670	.000000
3.73982	.573923	.000000
3.74117	.574023	.000000
3.74252	.574258	.000000
3.74387	.574496	.000000
3.74522	.574732	.000000
3.74657	.575081	.000000
3.74793	.575398	.000000
3.74928	.575536	.000000
3.75064	.575723	.000000
3.752	.576044	.000000
3.75335	.576332	.000000
3.75471	.576631	.000000
3.75607	.576790	.000000
3.75744	.576932	.000000
3.7588	.577342	.000000
3.76016	.577706	.000000
3.76152	.577929	.000000
3.76289	.578137	.000000
3.76425	.578426	.000000
3.76562	.578642	.000000
3.76699	.578841	.000000
3.76836	.579116	.000000
3.76973	.579430	.000000
3.7711	.579713	.000000
3.77247	.580017	.000000
3.77385	.580265	.000000
3.77522	.580461	.000000
3.77659	.580732	.000000
3.77797	.581020	.000000
3.77935	.581336	.000000
3.78072	.581551	.000000
3.7821	.581702	.000000
3.78348	.581896	.000000
3.78486	.582103	.000000
3.78625	.582528	.000000
3.78763	.582811	.000000
3.78901	.582809	.000000
3.7904	.582942	.000000
3.79178	.583417	.000000
3.79317	.583812	.000000
3.79456	.584078	.000000
3.79595	.584322	.000000
3.79734	.584466	.000000
3.79873	.584522	.000000
3.80012	.584667	.000000
3.80151	.584937	.000000
3.80291	.585180	.000000
3.8043	.585390	.000000
3.8057	.585561	.000000
3.8071	.585766	.000000
3.8085	.585953	.000000
3.80989	.586127	.000000
3.8113	.586424	.000000
3.8127	.586746	.000000
3.8141	.587052	.000000
3.8155	.587162	.000000
3.81691	.587225	.000000
3.81831	.587439	.000000
3.81972	.587696	.000000
3.82113	.587789	.000000
3.82253	.588037	.000000
3.82394	.588324	.000000
3.82536	.588495	.000000
3.82677	.588622	.000000
3.82818	.588664	.000000
3.82959	.588890	.000000
3.83101	.589201	.000000
3.83243	.589513	.000000
3.83384	.589723	.000000
3.83526	.589732	.000000
3.83668	.589672	.000000
3.8381	.589817	.000000
3.83952	.589976	.000000
3.84094	.590135	.000000
3.84236	.590357	.000000
3.84379	.590635	.000000
3.84521	.590833	.000000
3.84664	.590937	.000000
3.84807	.591056	.000000
3.8495	.591135	.000000
3.85093	.591364	.000000
3.85236	.591523	.000000
3.85379	.591645	.000000
3.85522	.591932	.000000
3.85666	.592050	.000000
3.85809	.592213	.000000
3.85953	.592475	.000000
3.86096	.592622	.000000
3.8624	.592655	.000000
3.86384	.592854	.000000
3.86528	.593085	.000000
3.86672	.593259	.000000
3.86816	.593392	.000000
3.86961	.593453	.000000
3.87105	.593703	.000000
3.8725	.593805	.000000
3.87394	.593913	.000000
3.87539	.594215	.000000
3.87684	.594423	.000000
3.87829	.594404	.000000
3.87974	.594496	.000000
3.88119	.594690	.000000
3.88265	.594984	.000000
3.8841	.595284	.000000
3.88556	.595452	.000000
3.88701	.595503	.000000
3.88847	.595541	.000000
3.88993	.595580	.000000
3.89139	.595728	.000000
3.89285	.596132	.000000
3.89431	.596266	.000000
3.89578	.596137	.000000
3.89724	.596259	.000000
3.89871	.596494	.000000
3.90017	.596703	.000000
3.90164	.596850	.000000
3.90311	.596993	.000000
3.90458	.597142	.000000
3.90605	.597301	.000000
3.90752	.597351	.000000
3.90899	.597579	.000000
3.91047	.597856	.000000
3.91194	.597921	.000000
3.91342	.597939	.000000
3.9149	.598103	.000000
3.91638	.598216	.000000
3.91785	.598365	.000000
3.91934	.598561	.000000
3.92082	.598727	.000000
3.9223	.598924	.000000
3.92378	.599097	.000000
3.92527	.599134	.000000
3.92676	.599231	.000000
3.92824	.599237	.000000
3.92973	.599212	.000000
3.93122	.599581	.000000
3.93271	.599833	.000000
3.9342	.599850	.000000
3.9357	.600018	.000000
3.93719	.600315	.000000
3.93869	.600484	.000000
3.94018	.600488	.000000
3.94168	.600580	.000000
3.94318	.600622	.000000
3.94468	.600570	.000000
3.94618	.600612	.000000
3.94768	.600844	.000000
3.94919	.600874	.000000
3.95069	.600814	.000000
3.9522	.600858	.000000
3.9537	.600968	.000000
3.95521	.600951	.000000
3.95672	.601136	.000000
3.95823	.601393	.000000
3.95975	.601368	.000000
3.96126	.601375	.000000
3.96277	.601309	.000000
3.96429	.601396	.000000
3.9658	.601533	.000000
3.96732	.601686	.000000
3.96884	.601772	.000000
3.97036	.601863	.000000
3.97188	.601872	.000000
3.9734	.602050	.000000
3.97492	.602127	.000000
3.97645	.601917	.000000
3.97797	.601934	.000000
3.9795	.601980	.000000
3.98103	.601852	.000000
3.98256	.601742	.000000
3.98409	.601716	.000000
3.98562	.601683	.000000
3.98715	.601615	.000000
3.98868	.601669	.000000
3.99022	.601831	.000000
3.99175	.601898	.000000
3.99329	.601884	.000000
3.99483	.601760	.000000
3.99637	.601555	.000000
3.99791	.601477	.000000
3.99945	.601263	.000000
4.00109	.601181	.000000
4.00418	.601070	.000000
4.00728	.600956	.000000
4.01038	.600820	.000000
4.01348	.600692	.000000
4.01659	.600566	.000000
4.0197	.600435	.000000
4.02282	.600254	.000000
4.02594	.600039	.000000
4.02907	.599820	.000000
4.03221	.599605	.000000
4.03534	.599319	.000000
4.03848	.599051	.000000
4.04163	.598760	.000000
4.04478	.598449	.000000
4.04794	.598129	.000000
4.0511	.597766	.000000
4.05427	.597378	.000000
4.05744	.596999	.000000
4.06062	.596597	.000000
4.0638	.596172	.000000
4.06699	.595678	.000000
4.07018	.595192	.000000
4.07338	.594725	.000000
4.07658	.594238	.000000
4.07979	.593721	.000000
4.083	.593235	.000000
4.08622	.592732	.000000
4.08944	.592269	.000000
4.09267	.591797	.000000
4.0959	.591327	.000000
4.09914	.590875	.000000
4.10238	.590459	.000000
4.10563	.590043	.000000
4.10889	.589704	.000000
4.11214	.589328	.000000
4.11541	.588979	.000000
4.11868	.588682	.000000
4.12195	.588379	.000000
4.12523	.588082	.000000
4.12852	.587798	.000000
4.1318	.587481	.000000
4.1351	.587174	.000000
4.1384	.586852	.000000
4.1417	.586510	.000000
4.14501	.586134	.000000
4.14833	.585759	.000000
4.15165	.585341	.000000
4.15498	.584916	.000000
4.15831	.584513	.000000
4.16165	.584116	.000000
4.16499	.583658	.000000
4.16834	.583213	.000000
4.17169	.582778	.000000
4.17505	.582404	.000000
4.17842	.582069	.000000
4.18178	.581782	.000000
4.18516	.581537	.000000
4.18854	.581392	.000000
4.19193	.581317	.000000
4.19532	.581328	.000000
4.19872	.581364	.000000
4.20212	.581459	.000000
4.20553	.581579	.000000
4.20894	.581721	.000000
4.21236	.581871	.000000
4.21578	.582041	.000000
4.21921	.582152	.000000
4.22265	.582242	.000000
4.22609	.582283	.000000
4.22954	.582310	.000000
4.23299	.582322	.000000
4.23645	.582278	.000000
4.23991	.582166	.000000
4.24338	.582084	.000000
4.24686	.581925	.000000
4.25034	.581766	.000000
4.25382	.581541	.000000
4.25732	.581258	.000000
4.26081	.580952	.000000
4.26432	.580631	.000000
4.26783	.580286	.000000
4.27134	.579954	.000000
4.27487	.579565	.000000
4.27839	.579124	.000000
4.28193	.578675	.000000
4.28546	.578237	.000000
4.28901	.577751	.000000
4.29256	.577192	.000000
4.29612	.576596	.000000
4.29968	.575993	.000000
4.30325	.575331	.000000
4.30682	.574627	.000000
4.3104	.573844	.000000
4.31399	.573034	.000000
4.31758	.572176	.000000
4.32118	.571286	.000000
4.32478	.570360	.000000
4.32839	.569391	.000000
4.33201	.568365	.000000
4.33563	.567339	.000000
4.33926	.566268	.000000
4.34289	.565148	.000000
4.34653	.563976	.000000
4.35018	.562779	.000000
4.35383	.561570	.000000
4.35749	.560380	.000000
4.36115	.559140	.000000
4.36482	.557922	.000000
4.3685	.556722	.000000
4.37218	.555542	.000000
4.37587	.554412	.000000
4.37957	.553374	.000000
4.38327	.552448	.000000
4.38698	.551709	.000000
4.39069	.551097	.000000
4.39442	.550641	.000000
4.39814	.550339	.000000
4.40188	.550191	.000000
4.40562	.550152	.000000
4.40936	.550259	.000000
4.41312	.550491	.000000
4.41687	.550840	.000000
4.42064	.551228	.000000
4.42441	.551716	.000000
4.42819	.552266	.000000
4.43198	.552838	.000000
4.43577	.553425	.000000
4.43956	.554026	.000000
4.44337	.554571	.000000
4.44718	.555079	.000000
4.451	.555539	.000000
4.45482	.555988	.000000
4.45865	.556360	.000000
4.46249	.556694	.000000
4.46633	.556973	.000000
4.47018	.557200	.000000
4.47404	.557359	.000000
4.4779	.557494	.000000
4.48177	.557583	.000000
4.48565	.557663	.000000
4.48953	.557670	.000000
4.49342	.557632	.000000
4.49732	.557538	.000000
4.50122	.557426	.000000
4.50513	.557272	.000000
4.50905	.557097	.000000
4.51298	.556877	.000000
4.51691	.556636	.000000
4.52084	.556365	.000000
4.52479	.556061	.000000
4.52874	.555701	.000000
4.5327	.555322	.000000
4.53667	.554913	.000000
4.54064	.554494	.000000
4.54462	.554043	.000000
4.5486	.553603	.000000
4.5526	.553101	.000000
4.5566	.552582	.000000
4.56061	.552060	.000000
4.56462	.551536	.000000
4.56864	.550977	.000000
4.57267	.550412	.000000
4.57671	.549790	.000000
4.58075	.549125	.000000
4.5848	.548389	.000000
4.58886	.547664	.000000
4.59292	.546862	.000000
4.59699	.545966	.000000
4.60107	.545015	.000000
4.60516	.544042	.000000
4.60925	.542927	.000000
4.61335	.541772	.000000
4.61746	.540600	.000000
4.62158	.539408	.000000
4.6257	.538182	.000000
4.62983	.537008	.000000
4.63397	.535898	.000000
4.63811	.534970	.000000
4.64226	.534254	.000000
4.64642	.533807	.000000
4.65059	.533489	.000000
4.65476	.533297	.000000
4.65895	.533146	.000000
4.66314	.532998	.000000
4.66733	.532832	.000000
4.67154	.532607	.000000
4.67575	.532257	.000000
4.67997	.531855	.000000
4.6842	.531352	.000000
4.68843	.530789	.000000
4.69268	.530194	.000000
4.69693	.529516	.000000
4.70118	.528770	.000000
4.70545	.528008	.000000
4.70972	.527185	.000000
4.71401	.526324	.000000
4.71829	.525418	.000000
4.72259	.524491	.000000
4.7269	.523507	.000000
4.73121	.522495	.000000
4.73553	.521421	.000000
4.73986	.520348	.000000
4.7442	.519219	.000000
4.74854	.518033	.000000
4.75289	.516778	.000000
4.75725	.515475	.000000
4.76162	.514046	.000000
4.766	.512575	.000000
4.77038	.511058	.000000
4.77478	.509431	.000000
4.77918	.507667	.000000
4.78358	.505827	.000000
4.788	.503835	.000000
4.79243	.501749	.000000
4.79686	.499516	.000000
4.8013	.497113	.000000
4.80575	.494545	.000000
4.81021	.491811	.000000
4.81468	.488884	.000000
4.81915	.485785	.000000
4.82363	.482467	.000000
4.82812	.478928	.000000
4.83262	.475137	.000000
4.83713	.471131	.000000
4.84165	.466862	.000000
4.84617	.462305	.000000
4.85071	.457474	.000000
4.85525	.452388	.000000
4.8598	.446981	.000000
4.86436	.441286	.000000
4.86892	.435246	.000000
4.8735	.428918	.000000
4.87808	.422312	.000000
4.88268	.415412	.000000
4.88728	.408194	.000000
4.89189	.400730	.000000
4.89651	.393035	.000000
4.90114	.385136	.000000
4.90577	.377027	.000000
4.91042	.368813	.000000
4.91508	.360551	.000000
4.91974	.352300	.000000
4.92441	.344120	.000000
4.92909	.336196	.000000
4.93378	.328671	.000000
4.93848	.321663	.000000
4.94319	.315277	.000000
4.94791	.309668	.000000
4.95263	.304858	.000000
4.95737	.300826	.000000
4.96211	.297483	.000000
4.96686	.294786	.000000
4.97162	.292626	.000000
4.97639	.290935	.000000
4.98117	.289609	.000000
4.98596	.288539	.000000
4.99076	.287720	.000000
4.99557	.287115	.000000
5.00039	.286670	.000000
5.00521	.286415	.000000
5.01005	.286299	.000000
5.0149	.286346	.000000
5.01975	.286572	.000000
5.02461	.286982	.000000
5.02949	.287592	.000000
5.03437	.288398	.000000
5.03926	.289385	.000000
5.04417	.290576	.000000
5.04908	.291976	.000000
5.054	.293590	.000000
5.05893	.295409	.000000
5.06387	.297441	.000000
5.06882	.299639	.000000
5.07378	.301949	.000000
5.07875	.304250	.000000
5.08373	.306541	.000000
5.08872	.308735	.000000
5.09372	.310788	.000000
5.09872	.312689	.000000
5.10374	.314409	.000000
5.10877	.315948	.000000
5.11381	.317286	.000000
5.11885	.318404	.000000
5.12391	.319318	.000000
5.12898	.319998	.000000
5.13406	.320438	.000000
5.13915	.320588	.000000
5.14425	.320485	.000000
5.14935	.320125	.000000
5.15447	.319441	.000000
5.1596	.318459	.000000
5.16474	.317199	.000000
5.16989	.315586	.000000
5.17505	.313582	.000000
5.18022	.311166	.000000
5.1854	.308351	.000000
5.19059	.305057	.000000
5.19579	.301289	.000000
5.201	.296999	.000000
5.20623	.292123	.000000
5.21146	.286691	.000000
5.2167	.280720	.000000
5.22195	.274198	.000000
5.22722	.267207	.000000
5.23249	.259796	.000000
5.23778	.252099	.000000
5.24307	.244233	.000000
5.24838	.236390	.000000
5.2537	.228748	.000000
5.25903	.221432	.000000
5.26437	.214557	.000000
5.26971	.208218	.000000
5.27507	.202419	.000000
5.28045	.197123	.000000
5.28583	.192295	.000000
5.29122	.187950	.000000
5.29663	.184083	.000000
5.30204	.180710	.000000
5.30747	.177839	.000000
5.31291	.175510	.000000
5.31836	.173770	.000000
5.32382	.172660	.000000
5.32929	.172209	.000000
5.33477	.172485	.000000
5.34027	.173569	.000000
5.34577	.175536	.000000
5.35129	.178461	.000000
5.35682	.182378	.000000
5.36236	.187307	.000000
5.36791	.193164	.000000
5.37347	.199810	.000000
5.37904	.207033	.000000
5.38463	.214475	.000000
5.39023	.221839	.000000
5.39584	.228882	.000000
5.40146	.235396	.000000
5.40709	.241247	.000000
5.41273	.246417	.000000
5.41839	.250946	.000000
5.42406	.254898	.000000
5.42974	.258167	.000000
5.43543	.260926	.000000
5.44113	.263288	.000000
5.44684	.265299	.000000
5.45257	.266993	.000000
5.45831	.268383	.000000
5.46406	.269540	.000000
5.46983	.270438	.000000
5.4756	.271104	.000000
5.48139	.271577	.000000
5.48719	.271768	.000000
5.493	.271796	.000000
5.49883	.271602	.000000
5.50467	.271228	.000000
5.51052	.270649	.000000
5.51638	.269931	.000000
5.52225	.269070	.000000
5.52814	.268071	.000000
5.53404	.266928	.000000
5.53995	.265703	.000000
5.54588	.264408	.000000
5.55182	.263056	.000000
5.55777	.261639	.000000
5.56373	.260192	.000000
5.56971	.258709	.000000
5.57569	.257294	.000000
5.5817	.255844	.000000
5.58771	.254309	.000000
5.59374	.252816	.000000
5.59978	.251388	.000000
5.60583	.249976	.000000
5.6119	.248575	.000000
5.61798	.247230	.000000
5.62407	.245944	.000000
5.63018	.244752	.000000
5.6363	.243671	.000000
5.64243	.242680	.000000
5.64858	.241672	.000000
5.65474	.240744	.000000
5.66091	.239932	.000000
5.6671	.239208	.000000
5.6733	.238686	.000000
5.67951	.238265	.000000
5.68574	.237952	.000000
5.69198	.237810	.000000
5.69824	.237797	.000000
5.7045	.237931	.000000
5.71079	.238267	.000000
5.71708	.238630	.000000
5.72339	.239014	.000000
5.72972	.239439	.000000
5.73606	.239933	.000000
5.74241	.240447	.000000
5.74877	.240992	.000000
5.75515	.241446	.000000
5.76155	.241997	.000000
5.76796	.242650	.000000
5.77438	.243066	.000000
5.78082	.243529	.000000
5.78727	.244160	.000000
5.79374	.244841	.000000
5.80022	.245624	.000000
5.80671	.246443	.000000
5.81322	.247370	.000000
5.81974	.248493	.000000
5.82628	.249620	.000000
5.83284	.250562	.000000
5.8394	.251524	.000000
5.84599	.252454	.000000
5.85259	.253348	.000000
5.8592	.254061	.000000
5.86583	.254523	.000000
5.87247	.254598	.000000
5.87913	.254502	.000000
5.8858	.253782	.000000
5.89249	.252482	.000000
5.89919	.250738	.000000
5.90591	.248292	.000000
5.91265	.245493	.000000
5.9194	.242353	.000000
5.92616	.238857	.000000
5.93294	.235223	.000000
5.93974	.231134	.000000
5.94655	.226641	.000000
5.95338	.222117	.000000
5.96022	.217621	.000000
5.96708	.213096	.000000
5.97395	.208511	.000000
5.98084	.203934	.000000
5.98775	.199482	.000000
5.99467	.194953	.000000
6.00161	.190506	.000000
6.00856	.186184	.000000
6.01553	.182017	.000000
6.02252	.177883	.000000
6.02952	.173887	.000000
6.03654	.170050	.000000
6.04358	.166543	.000000
6.05063	.163073	.000000
6.0577	.159490	.000000
6.06478	.156126	.000000
6.07188	.153060	.000000
6.079	.150044	.000000
6.08614	.147167	.000000
6.09329	.144430	.000000
6.10046	.141892	.000000
6.10764	.139550	.000000
6.11484	.137384	.000000
6.12206	.135243	.000000
6.1293	.133360	.000000
6.13655	.131693	.000000
6.14382	.130269	.000000
6.15111	.129039	.000000
6.15842	.128083	.000000
6.16574	.127309	.000000
6.17308	.126796	.000000
6.18044	.126583	.000000
6.18781	.126624	.000000
6.19521	.126750	.000000
6.20262	.127124	.000000
6.21005	.127687	.000000
6.21749	.128403	.000000
6.22495	.129259	.000000
6.23244	.130301	.000000
6.23994	.131436	.000000
6.24745	.132658	.000000
6.25499	.133945	.000000
6.26254	.135310	.000000
6.27012	.136666	.000000
6.27771	.138030	.000000
6.28532	.139344	.000000
6.29294	.140611	.000000
6.30059	.141811	.000000
6.30825	.142874	.000000
6.31594	.143756	.000000
6.32364	.144476	.000000
6.33136	.144925	.000000
6.3391	.145129	.000000
6.34686	.144977	.000000
6.35464	.144392	.000000
6.36243	.143525	.000000
6.37025	.142446	.000000
6.37809	.141091	.000000
6.38594	.139659	.000000
6.39382	.138186	.000000
6.40171	.136776	.000000
6.40962	.135523	.000000
6.41756	.134225	.000000
6.42551	.132680	.000000
6.43348	.131080	.000000
6.44147	.129275	.000000
6.44948	.127304	.000000
6.45751	.125122	.000000
6.46557	.122802	.000000
6.47364	.120446	.000000
6.48173	.118042	.000000
6.48984	.115584	.000000
6.49797	.113080	.000000
6.50613	.110505	.000000
6.5143	.108092	.000000
6.52249	.105792	.000000
6.53071	.103535	.000000
6.53894	.101354	.000000
6.5472	.099286	.000000
6.55548	.097273	.000000
6.56378	.095386	.000000
6.5721	.093571	.000000
6.58044	.091795	.000000
6.5888	.090087	.000000
6.59718	.088493	.000000
6.60558	.086928	.000000
6.61401	.085451	.000000
6.62246	.084026	.000000
6.63092	.082696	.000000
6.63941	.081324	.000000
6.64793	.079909	.000000
6.65646	.078522	.000000
6.66501	.077211	.000000
6.67359	.075894	.000000
6.68219	.074578	.000000
6.69081	.073161	.000000
6.69946	.071762	.000000
6.70813	.070402	.000000
6.71681	.069050	.000000
6.72552	.067693	.000000
6.73426	.066391	.000000
6.74302	.065122	.000000
6.7518	.063943	.000000
6.7606	.062823	.000000
6.76942	.061743	.000000
6.77827	.060641	.000000
6.78715	.059568	.000000
6.79604	.058476	.000000
6.80496	.057380	.000000
6.8139	.056292	.000000
6.82287	.055230	.000000
6.83186	.054113	.000000
6.84087	.053007	.000000
6.84991	.051931	.000000
6.85897	.050917	.000000
6.86805	.049846	.000000
6.87716	.048721	.000000
6.88629	.047603	.000000
6.89545	.046509	.000000
6.90463	.045354	.000000
6.91384	.044189	.000000
6.92307	.043025	.000000
6.93232	.041890	.000000
6.9416	.040756	.000000
6.95091	.039711	.000000
6.96024	.038757	.000000
6.96959	.037878	.000000
6.97897	.037034	.000000
6.98838	.036283	.000000
6.99781	.035561	.000000
7.00726	.034922	.000000
7.01675	.034335	.000000
7.02625	.033751	.000000
7.03579	.033173	.000000
7.04535	.032642	.000000
7.05494	.032126	.000000
7.06455	.031635	.000000
7.07418	.031130	.000000
7.08385	.030678	.000000
7.09354	.030297	.000000
7.10326	.029970	.000000
7.113	.029671	.000000
7.12277	.029428	.000000
7.13257	.029191	.000000
7.14239	.028988	.000000
7.15224	.028826	.000000
7.16212	.028714	.000000
7.17203	.028590	.000000
7.18196	.028508	.000000
7.19192	.028422	.000000
7.20191	.028331	.000000
7.21192	.028218	.000000
7.22197	.028116	.000000
7.23204	.027975	.000000
7.24214	.027805	.000000
7.25227	.027562	.000000
7.26243	.027370	.000000
7.27262	.027188	.000000
7.28283	.026965	.000000
7.29307	.026684	.000000
7.30335	.026448	.000000
7.31365	.026224	.000000
7.32398	.026048	.000000
7.33433	.025913	.000000
7.34472	.025810	.000000
7.35514	.025773	.000000
7.36559	.025833	.000000
7.37606	.025915	.000000
7.38657	.026051	.000000
7.39711	.026264	.000000
7.40767	.026540	.000000
7.41827	.026858	.000000
7.4289	.027267	.000000
7.43956	.027723	.000000
7.45025	.028204	.000000
7.46097	.028714	.000000
7.47171	.029285	.000000
7.4825	.029907	.000000
7.49331	.030589	.000000
7.50415	.031275	.000000
7.51503	.032006	.000000
7.52594	.032757	.000000
7.53687	.033536	.000000
7.54785	.034335	.000000
7.55885	.035168	.000000
7.56989	.036036	.000000
7.58095	.036992	.000000
7.59205	.038025	.000000
7.60318	.039146	.000000
7.61435	.040354	.000000
7.62554	.041710	.000000
7.63677	.043202	.000000
7.64804	.044842	.000000
7.65933	.046630	.000000
7.67067	.048604	.000000
7.68203	.050753	.000000
7.69343	.053058	.000000
7.70486	.055516	.000000
7.71632	.058151	.000000
7.72782	.060960	.000000
7.73935	.063912	.000000
7.75092	.066911	.000000
7.76253	.069960	.000000
7.77416	.072983	.000000
7.78583	.075918	.000000
7.79754	.078656	.000000
7.80929	.081200	.000000
7.82106	.083515	.000000
7.83288	.085542	.000000
7.84473	.087288	.000000
7.85661	.088750	.000000
7.86854	.089898	.000000
7.8805	.090682	.000000
7.89249	.091130	.000000
7.90452	.091240	.000000
7.91659	.091034	.000000
7.9287	.090509	.000000
7.94084	.089732	.000000
7.95302	.088794	.000000
7.96523	.087773	.000000
7.97749	.086704	.000000
7.98978	.085624	.000000
8.00211	.084583	.000000
8.01447	.083632	.000000
8.02688	.082794	.000000
8.03932	.082049	.000000
8.05181	.081382	.000000
8.06433	.080784	.000000
8.07689	.080194	.000000
8.08949	.079553	.000000
8.10213	.078850	.000000
8.11481	.078026	.000000
8.12753	.077026	.000000
8.14028	.075854	.000000
8.15308	.074524	.000000
8.16592	.073037	.000000
8.1788	.071470	.000000
8.19172	.069824	.000000
8.20468	.068164	.000000
8.21769	.066490	.000000
8.23073	.064862	.000000
8.24382	.063262	.000000
8.25695	.061689	.000000
8.27012	.060174	.000000
8.28333	.058745	.000000
8.29658	.057267	.000000
8.30987	.055831	.000000
8.32321	.054534	.000000
8.33659	.053385	.000000
8.35002	.052539	.000000
8.36348	.052275	.000000
8.377	.052637	.000000
8.39055	.053453	.000000
8.40415	.054438	.000000
8.41779	.055366	.000000
8.43148	.056082	.000000
8.44521	.056559	.000000
8.45899	.056868	.000000
8.47281	.057106	.000000
8.48667	.057295	.000000
8.50059	.057433	.000000
8.51455	.057564	.000000
8.52855	.057774	.000000
8.5426	.057969	.000000
8.5567	.058217	.000000
8.57084	.058563	.000000
8.58503	.058932	.000000
8.59927	.059353	.000000
8.61355	.059802	.000000
8.62788	.060276	.000000
8.64226	.060861	.000000
8.65669	.061507	.000000
8.67117	.062163	.000000
8.68569	.062867	.000000
8.70026	.063608	.000000
8.71488	.064387	.000000
8.72955	.065213	.000000
8.74428	.066097	.000000
8.75905	.067013	.000000
8.77387	.067942	.000000
8.78874	.068951	.000000
8.80366	.069980	.000000
8.81863	.071000	.000000
8.83365	.072029	.000000
8.84872	.073062	.000000
8.86385	.074037	.000000
8.87903	.075048	.000000
8.89426	.076074	.000000
8.90954	.077087	.000000
8.92488	.078069	.000000
8.94027	.079086	.000000
8.95571	.080159	.000000
8.9712	.081260	.000000
8.98675	.082401	.000000
9.00235	.083554	.000000
9.018	.084656	.000000
9.03371	.085661	.000000
9.04948	.086571	.000000
9.0653	.087370	.000000
9.08118	.087990	.000000
9.09711	.088474	.000000
9.11309	.088890	.000000
9.12914	.089145	.000000
9.14524	.089210	.000000
9.16139	.089110	.000000
9.17761	.088813	.000000
9.19388	.088137	.000000
9.21021	.086947	.000000
9.2266	.085329	.000000
9.24304	.083327	.000000
9.25955	.081059	.000000
9.27611	.078731	.000000
9.29274	.076553	.000000
9.30942	.074667	.000000
9.32616	.073130	.000000
9.34297	.071923	.000000
9.35984	.071016	.000000
9.37676	.070308	.000000
9.39375	.069791	.000000
9.4108	.069361	.000000
9.42791	.068964	.000000
9.44508	.068559	.000000
9.46231	.068224	.000000
9.47961	.067853	.000000
9.49697	.067432	.000000
9.5144	.067057	.000000
9.53189	.066737	.000000
9.54944	.066408	.000000
9.56706	.066157	.000000
9.58474	.066006	.000000
9.60249	.065958	.000000
9.6203	.065977	.000000
9.63818	.066054	.000000
9.65613	.066246	.000000
9.67415	.066525	.000000
9.69223	.066845	.000000
9.71038	.067203	.000000
9.7286	.067544	.000000
9.74689	.067858	.000000
9.76524	.068105	.000000
9.78367	.068363	.000000
9.80216	.068619	.000000
9.82073	.068854	.000000
9.83936	.069104	.000000
9.85806	.069363	.000000
9.87684	.069604	.000000
9.89569	.069915	.000000
9.91461	.070266	.000000
9.9336	.070593	.000000
9.95267	.070879	.000000
9.97181	.071126	.000000
9.99103	.071372	.000000
10.01031	.071619	.000000
10.02968	.071825	.000000
10.04911	.072043	.000000
10.06863	.072286	.000000
10.08822	.072574	.000000
10.10788	.072962	.000000
10.12763	.073385	.000000
10.14745	.073789	.000000
10.16734	.074217	.000000
10.18732	.074624	.000000
10.20737	.075066	.000000
10.2275	.075585	.000000
10.24772	.076088	.000000
10.268	.076605	.000000
10.28838	.077161	.000000
10.30883	.077749	.000000
10.32937	.078351	.000000
10.34998	.079001	.000000
10.37068	.079706	.000000
10.39147	.080438	.000000
10.41234	.081148	.000000
10.43329	.081932	.000000
10.45432	.082839	.000000
10.47544	.083840	.000000
10.49665	.084974	.000000
10.51794	.086164	.000000
10.53932	.087419	.000000
10.56079	.088692	.000000
10.58234	.090069	.000000
10.60398	.091458	.000000
10.62571	.092896	.000000
10.64753	.094395	.000000
10.66944	.095942	.000000
10.69144	.097455	.000000
10.71353	.098966	.000000
10.73571	.100568	.000000
10.75799	.102212	.000000
10.78035	.103867	.000000
10.80281	.105532	.000000
10.82536	.107202	.000000
10.84801	.108874	.000000
10.87075	.110543	.000000
10.89358	.112140	.000000
10.91652	.113744	.000000
10.93955	.115344	.000000
10.96268	.116891	.000000
10.9859	.118364	.000000
11.00923	.119803	.000000
11.03266	.121201	.000000
11.05618	.122449	.000000
11.0798	.123595	.000000
11.10353	.124673	.000000
11.12736	.125627	.000000
11.15129	.126439	.000000
11.17532	.127154	.000000
11.19946	.127757	.000000
11.2237	.128178	.000000
11.24805	.128414	.000000
11.2725	.128442	.000000
11.29706	.128311	.000000
11.32173	.127989	.000000
11.3465	.127446	.000000
11.37137	.126680	.000000
11.39637	.125705	.000000
11.42147	.124498	.000000
11.44668	.123086	.000000
11.47201	.121496	.000000
11.49744	.119691	.000000
11.52299	.117661	.000000
11.54866	.115313	.000000
11.57444	.112738	.000000
11.60033	.109973	.000000
11.62634	.106963	.000000
11.65247	.103725	.000000
11.67872	.100313	.000000
11.70508	.096763	.000000
11.73157	.093038	.000000
11.75817	.089136	.000000
11.78489	.085133	.000000
11.81174	.081073	.000000
11.8387	.077028	.000000
11.86579	.073070	.000000
11.89301	.069137	.000000
11.92034	.065220	.000000
11.94781	.061368	.000000
11.9754	.057646	.000000
12.00312	.054043	.000000
12.03097	.050503	.000000
12.05895	.047173	.000000
12.08706	.044060	.000000
12.11531	.041173	.000000
12.14368	.038428	.000000
12.17219	.035853	.000000
12.20083	.033388	.000000
12.2296	.030959	.000000
12.25851	.028595	.000000
12.28756	.026285	.000000
12.31675	.024101	.000000
12.34608	.022074	.000000
12.37555	.020289	.000000
12.40515	.019057	.000000
12.4349	.018419	.000000
12.46479	.018389	.000000
12.49483	.019045	.000000
12.52502	.020184	.000000
12.55534	.021484	.000000
12.58582	.022885	.000000
12.61644	.024389	.000000
12.64721	.026028	.000000
12.67814	.027714	.000000
12.70921	.029414	.000000
12.74043	.031120	.000000
12.77181	.032774	.000000
12.80334	.034474	.000000
12.83503	.036267	.000000
12.86688	.038088	.000000
12.89889	.039934	.000000
12.93106	.041607	.000000
12.96339	.042992	.000000
12.99588	.044093	.000000
13.02853	.044881	.000000
13.06135	.045421	.000000
13.09433	.045844	.000000
13.12749	.046076	.000000
13.1608	.046195	.000000
13.1943	.046390	.000000
13.22796	.046499	.000000
13.26179	.046556	.000000
13.29579	.046647	.000000
13.32997	.046801	.000000
13.36433	.046902	.000000
13.39886	.046787	.000000
13.43356	.046698	.000000
13.46846	.046658	.000000
13.50353	.046567	.000000
13.53879	.046329	.000000
13.57423	.046102	.000000
13.60986	.045931	.000000
13.64567	.045747	.000000
13.68168	.045508	.000000
13.71788	.045270	.000000
13.75427	.045054	.000000
13.79085	.044779	.000000
13.82762	.044486	.000000
13.8646	.044247	.000000
13.90177	.043941	.000000
13.93914	.043698	.000000
13.97672	.043429	.000000
14.01449	.043051	.000000
14.05247	.042664	.000000
14.09066	.042312	.000000
14.12905	.041982	.000000
14.16766	.041645	.000000
14.20646	.041323	.000000
14.24549	.040993	.000000
14.28473	.040604	.000000
14.32419	.040265	.000000
14.36387	.039894	.000000
14.40377	.039443	.000000
14.4439	.039007	.000000
14.48425	.038622	.000000
14.52482	.038262	.000000
14.56562	.037826	.000000
14.60665	.037347	.000000
14.64791	.036873	.000000
14.68941	.036290	.000000
14.73114	.035752	.000000
14.77312	.035310	.000000
14.81533	.034866	.000000
14.85778	.034370	.000000
14.90047	.033915	.000000
14.94342	.033323	.000000
14.98661	.032685	.000000
15.03005	.032131	.000000
15.07372	.031520	.000000
15.11767	.030718	.000000
15.16187	.029975	.000000
15.20634	.029327	.000000
15.25106	.028633	.000000
15.29605	.027791	.000000
15.34131	.026965	.000000
15.38684	.026226	.000000
15.43263	.025436	.000000
15.4787	.024506	.000000
15.52504	.023507	.000000
15.57167	.022705	.000000
15.61857	.021737	.000000
15.66575	.020685	.000000
15.71322	.019841	.000000
15.76098	.018998	.000000
15.80904	.018026	.000000
15.85738	.017037	.000000
15.90603	.016357	.000000
15.95497	.015830	.000000
16.00421	.015390	.000000
16.05376	.015178	.000000
16.10364	.015398	.000000
16.1538	.015758	.000000
16.20429	.016078	.000000
16.25508	.016656	.000000
16.3062	.017360	.000000
16.35764	.017933	.000000
16.40941	.018465	.000000
16.4615	.018830	.000000
16.51391	.019059	.000000
16.56667	.019195	.000000
16.61977	.019146	.000000
16.67321	.018996	.000000
16.72699	.018739	.000000
16.78113	.018445	.000000
16.83561	.018239	.000000
16.89047	.017916	.000000
16.94567	.017516	.000000
17.00123	.017048	.000000
17.05716	.016569	.000000
17.11346	.016130	.000000
17.17012	.015763	.000000
17.22717	.015398	.000000
17.28459	.014893	.000000
17.34239	.014561	.000000
17.40059	.014154	.000000
17.45918	.013586	.000000
17.51816	.013125	.000000
17.57755	.012800	.000000
17.63734	.012452	.000000
17.69753	.011974	.000000
17.75814	.011458	.000000
17.81916	.011023	.000000
17.88061	.010840	.000000
17.94248	.010780	.000000
18.00478	.010855	.000000
18.06752	.011035	.000000
18.13069	.011617	.000000
18.19431	.012728	.000000
18.25837	.014304	.000000
18.3229	.017200	.000000
18.38788	.021735	.000000
18.45331	.027430	.000000
18.51922	.033323	.000000
18.5856	.038766	.000000
18.65245	.043700	.000000
18.71979	.048103	.000000
18.78759	.051789	.000000
18.85591	.054293	.000000
18.92473	.055479	.000000
18.99405	.055577	.000000
19.06388	.055408	.000000
19.13423	.055864	.000000
19.2051	.056813	.000000
19.27651	.057960	.000000
19.34844	.059322	.000000
19.4209	.060774	.000000
19.49392	.062582	.000000
19.56748	.064495	.000000
19.6416	.065762	.000000
19.71628	.067048	.000000
19.79152	.068863	.000000
19.86735	.070586	.000000
19.94376	.071849	.000000
20.02076	.073229	.000000
20.09836	.074692	.000000
20.17656	.076062	.000000
20.25538	.077515	.000000
20.33483	.079247	.000000
20.41489	.081205	.000000
20.49558	.081929	.000000
20.57691	.081171	.000000
20.65889	.080012	.000000
20.74153	.078882	.000000
20.82483	.077895	.000000
20.90878	.077706	.000000
20.99343	.078155	.000000
21.07877	.078094	.000000
21.16481	.077466	.000000
21.25155	.076937	.000000
21.339	.076282	.000000
21.42718	.074814	.000000
21.51611	.072192	.000000
21.60576	.069609	.000000
21.69616	.067932	.000000
21.78732	.066532	.000000
21.87925	.064656	.000000
21.97196	.062687	.000000
22.06546	.061156	.000000
22.15973	.059900	.000000
22.25484	.058867	.000000
22.35076	.057791	.000000
22.44752	.057917	.000000
22.54512	.059142	.000000
22.64357	.059203	.000000
22.74288	.058932	.000000
22.8431	.058008	.000000
22.94417	.056061	.000000
23.04615	.054947	.000000
23.14903	.055558	.000000
23.25284	.056170	.000000
23.35758	.055969	.000000
23.46327	.056004	.000000
23.5699	.054999	.000000
23.67752	.054419	.000000
23.78613	.054344	.000000
23.89575	.054468	.000000
24.00638	.053360	.000000
24.11803	.052067	.000000
24.23073	.052804	.000000
24.34452	.052768	.000000
24.45936	.052743	.000000
24.57528	.053032	.000000
24.6923	.052057	.000000
24.81045	.051691	.000000
24.92973	.051017	.000000
25.05016	.050453	.000000
